id,case_id,rater_id,fold,rating,error-rating,q_ir,ai_probability_class_1,ai_predicted_class,rater_ai_disagreement,ai_probability_rater_wrong,ai_margin,rating-confidence,case-difficulty,rater-expertise,rater-accuracy,rater-confidence,probability_source,ai_decision_threshold
1-0,1,0,3,0,0,0.0631916150450706,0.0631916150450706,0,0,0.0631916150450706,0.4368083849549294,5,2,4,0.810304449648712,4.3629976580796255,nested_oof,0.5
1-1,1,1,3,0,0,0.0631916150450706,0.0631916150450706,0,0,0.0631916150450706,0.4368083849549294,5,2,4,0.8126463700234192,4.02576112412178,nested_oof,0.5
1-2,1,2,3,0,0,0.0631916150450706,0.0631916150450706,0,0,0.0631916150450706,0.4368083849549294,4,2,4,0.7939110070257611,3.8454332552693207,nested_oof,0.5
1-3,1,3,3,0,0,0.0631916150450706,0.0631916150450706,0,0,0.0631916150450706,0.4368083849549294,5,1,4,0.8149882903981265,3.9555035128805622,nested_oof,0.5
1-4,1,4,3,0,0,0.0631916150450706,0.0631916150450706,0,0,0.0631916150450706,0.4368083849549294,4,4,3,0.8618266978922717,4.583138173302108,nested_oof,0.5
1-5,1,5,3,0,0,0.0631916150450706,0.0631916150450706,0,0,0.0631916150450706,0.4368083849549294,4,3,3,0.7868852459016393,3.962529274004684,nested_oof,0.5
1-6,1,6,3,0,0,0.0631916150450706,0.0631916150450706,0,0,0.0631916150450706,0.4368083849549294,4,3,2,0.7915690866510539,3.7353629976580796,nested_oof,0.5
1-7,1,7,3,0,0,0.0631916150450706,0.0631916150450706,0,0,0.0631916150450706,0.4368083849549294,5,1,2,0.8407494145199064,3.540983606557377,nested_oof,0.5
1-8,1,8,3,0,0,0.0631916150450706,0.0631916150450706,0,0,0.0631916150450706,0.4368083849549294,3,3,2,0.7985948477751756,2.791569086651054,nested_oof,0.5
1-9,1,9,3,0,0,0.0631916150450706,0.0631916150450706,0,0,0.0631916150450706,0.4368083849549294,5,3,4,0.819672131147541,4.285714285714286,nested_oof,0.5
1-10,1,10,3,0,0,0.0631916150450706,0.0631916150450706,0,0,0.0631916150450706,0.4368083849549294,3,2,4,0.775175644028103,3.4988290398126463,nested_oof,0.5
1-11,1,11,3,1,1,0.9368083849549294,0.0631916150450706,0,1,0.9368083849549294,0.4368083849549294,3,3,4,0.7892271662763466,3.782201405152225,nested_oof,0.5
1-12,1,12,3,0,0,0.0631916150450706,0.0631916150450706,0,0,0.0631916150450706,0.4368083849549294,4,2,4,0.8290398126463701,3.6721311475409837,nested_oof,0.5
2-0,2,0,5,0,1,0.8505421280860901,0.8505421280860901,1,1,0.8505421280860901,0.3505421280860901,5,2,4,0.810304449648712,4.3629976580796255,nested_oof,0.5
2-1,2,1,5,0,1,0.8505421280860901,0.8505421280860901,1,1,0.8505421280860901,0.3505421280860901,4,2,4,0.8126463700234192,4.02576112412178,nested_oof,0.5
2-2,2,2,5,0,1,0.8505421280860901,0.8505421280860901,1,1,0.8505421280860901,0.3505421280860901,5,2,4,0.7939110070257611,3.8454332552693207,nested_oof,0.5
2-3,2,3,5,1,0,0.1494578719139099,0.8505421280860901,1,0,0.1494578719139099,0.3505421280860901,4,3,4,0.8149882903981265,3.9555035128805622,nested_oof,0.5
2-4,2,4,5,1,0,0.1494578719139099,0.8505421280860901,1,0,0.1494578719139099,0.3505421280860901,3,4,3,0.8618266978922717,4.583138173302108,nested_oof,0.5
2-5,2,5,5,0,1,0.8505421280860901,0.8505421280860901,1,1,0.8505421280860901,0.3505421280860901,4,4,3,0.7868852459016393,3.962529274004684,nested_oof,0.5
2-6,2,6,5,1,0,0.1494578719139099,0.8505421280860901,1,0,0.1494578719139099,0.3505421280860901,4,3,2,0.7915690866510539,3.7353629976580796,nested_oof,0.5
2-7,2,7,5,0,1,0.8505421280860901,0.8505421280860901,1,1,0.8505421280860901,0.3505421280860901,4,3,2,0.8407494145199064,3.540983606557377,nested_oof,0.5
2-8,2,8,5,0,1,0.8505421280860901,0.8505421280860901,1,1,0.8505421280860901,0.3505421280860901,3,2,2,0.7985948477751756,2.791569086651054,nested_oof,0.5
2-9,2,9,5,1,0,0.1494578719139099,0.8505421280860901,1,0,0.1494578719139099,0.3505421280860901,5,3,4,0.819672131147541,4.285714285714286,nested_oof,0.5
2-10,2,10,5,1,0,0.1494578719139099,0.8505421280860901,1,0,0.1494578719139099,0.3505421280860901,3,3,4,0.775175644028103,3.4988290398126463,nested_oof,0.5
2-11,2,11,5,0,1,0.8505421280860901,0.8505421280860901,1,1,0.8505421280860901,0.3505421280860901,4,2,4,0.7892271662763466,3.782201405152225,nested_oof,0.5
2-12,2,12,5,0,1,0.8505421280860901,0.8505421280860901,1,1,0.8505421280860901,0.3505421280860901,5,2,4,0.8290398126463701,3.6721311475409837,nested_oof,0.5
3-0,3,0,3,0,0,0.1497360616922378,0.1497360616922378,0,0,0.1497360616922378,0.3502639383077622,5,2,4,0.810304449648712,4.3629976580796255,nested_oof,0.5
3-1,3,1,3,0,0,0.1497360616922378,0.1497360616922378,0,0,0.1497360616922378,0.3502639383077622,4,2,4,0.8126463700234192,4.02576112412178,nested_oof,0.5
3-2,3,2,3,0,0,0.1497360616922378,0.1497360616922378,0,0,0.1497360616922378,0.3502639383077622,4,2,4,0.7939110070257611,3.8454332552693207,nested_oof,0.5
3-3,3,3,3,0,0,0.1497360616922378,0.1497360616922378,0,0,0.1497360616922378,0.3502639383077622,4,2,4,0.8149882903981265,3.9555035128805622,nested_oof,0.5
3-4,3,4,3,0,0,0.1497360616922378,0.1497360616922378,0,0,0.1497360616922378,0.3502639383077622,4,2,3,0.8618266978922717,4.583138173302108,nested_oof,0.5
3-5,3,5,3,0,0,0.1497360616922378,0.1497360616922378,0,0,0.1497360616922378,0.3502639383077622,4,3,3,0.7868852459016393,3.962529274004684,nested_oof,0.5
3-6,3,6,3,1,1,0.8502639383077621,0.1497360616922378,0,1,0.8502639383077621,0.3502639383077622,4,3,2,0.7915690866510539,3.7353629976580796,nested_oof,0.5
3-7,3,7,3,0,0,0.1497360616922378,0.1497360616922378,0,0,0.1497360616922378,0.3502639383077622,5,1,2,0.8407494145199064,3.540983606557377,nested_oof,0.5
3-8,3,8,3,0,0,0.1497360616922378,0.1497360616922378,0,0,0.1497360616922378,0.3502639383077622,3,2,2,0.7985948477751756,2.791569086651054,nested_oof,0.5
3-9,3,9,3,0,0,0.1497360616922378,0.1497360616922378,0,0,0.1497360616922378,0.3502639383077622,4,3,4,0.819672131147541,4.285714285714286,nested_oof,0.5
3-10,3,10,3,0,0,0.1497360616922378,0.1497360616922378,0,0,0.1497360616922378,0.3502639383077622,4,2,4,0.775175644028103,3.4988290398126463,nested_oof,0.5
3-11,3,11,3,0,0,0.1497360616922378,0.1497360616922378,0,0,0.1497360616922378,0.3502639383077622,4,2,4,0.7892271662763466,3.782201405152225,nested_oof,0.5
3-12,3,12,3,0,0,0.1497360616922378,0.1497360616922378,0,0,0.1497360616922378,0.3502639383077622,4,2,4,0.8290398126463701,3.6721311475409837,nested_oof,0.5
4-0,4,0,4,0,0,0.0238545909523963,0.0238545909523963,0,0,0.0238545909523963,0.4761454090476037,5,2,4,0.810304449648712,4.3629976580796255,nested_oof,0.5
4-1,4,1,4,0,0,0.0238545909523963,0.0238545909523963,0,0,0.0238545909523963,0.4761454090476037,3,3,4,0.8126463700234192,4.02576112412178,nested_oof,0.5
4-2,4,2,4,0,0,0.0238545909523963,0.0238545909523963,0,0,0.0238545909523963,0.4761454090476037,5,2,4,0.7939110070257611,3.8454332552693207,nested_oof,0.5
4-3,4,3,4,1,1,0.9761454090476037,0.0238545909523963,0,1,0.9761454090476037,0.4761454090476037,4,2,4,0.8149882903981265,3.9555035128805622,nested_oof,0.5
4-4,4,4,4,0,0,0.0238545909523963,0.0238545909523963,0,0,0.0238545909523963,0.4761454090476037,4,3,3,0.8618266978922717,4.583138173302108,nested_oof,0.5
4-5,4,5,4,1,1,0.9761454090476037,0.0238545909523963,0,1,0.9761454090476037,0.4761454090476037,4,4,3,0.7868852459016393,3.962529274004684,nested_oof,0.5
4-6,4,6,4,1,1,0.9761454090476037,0.0238545909523963,0,1,0.9761454090476037,0.4761454090476037,4,3,2,0.7915690866510539,3.7353629976580796,nested_oof,0.5
4-7,4,7,4,0,0,0.0238545909523963,0.0238545909523963,0,0,0.0238545909523963,0.4761454090476037,4,3,2,0.8407494145199064,3.540983606557377,nested_oof,0.5
4-8,4,8,4,1,1,0.9761454090476037,0.0238545909523963,0,1,0.9761454090476037,0.4761454090476037,3,3,2,0.7985948477751756,2.791569086651054,nested_oof,0.5
4-9,4,9,4,0,0,0.0238545909523963,0.0238545909523963,0,0,0.0238545909523963,0.4761454090476037,4,3,4,0.819672131147541,4.285714285714286,nested_oof,0.5
4-10,4,10,4,0,0,0.0238545909523963,0.0238545909523963,0,0,0.0238545909523963,0.4761454090476037,3,3,4,0.775175644028103,3.4988290398126463,nested_oof,0.5
4-11,4,11,4,1,1,0.9761454090476037,0.0238545909523963,0,1,0.9761454090476037,0.4761454090476037,3,3,4,0.7892271662763466,3.782201405152225,nested_oof,0.5
4-12,4,12,4,1,1,0.9761454090476037,0.0238545909523963,0,1,0.9761454090476037,0.4761454090476037,4,3,4,0.8290398126463701,3.6721311475409837,nested_oof,0.5
5-0,5,0,4,0,0,0.3714230954647064,0.3714230954647064,0,0,0.3714230954647064,0.12857690453529358,5,2,4,0.810304449648712,4.3629976580796255,nested_oof,0.5
5-1,5,1,4,0,0,0.3714230954647064,0.3714230954647064,0,0,0.3714230954647064,0.12857690453529358,4,2,4,0.8126463700234192,4.02576112412178,nested_oof,0.5
5-2,5,2,4,0,0,0.3714230954647064,0.3714230954647064,0,0,0.3714230954647064,0.12857690453529358,4,2,4,0.7939110070257611,3.8454332552693207,nested_oof,0.5
5-3,5,3,4,0,0,0.3714230954647064,0.3714230954647064,0,0,0.3714230954647064,0.12857690453529358,4,3,4,0.8149882903981265,3.9555035128805622,nested_oof,0.5
5-4,5,4,4,0,0,0.3714230954647064,0.3714230954647064,0,0,0.3714230954647064,0.12857690453529358,4,4,3,0.8618266978922717,4.583138173302108,nested_oof,0.5
5-5,5,5,4,0,0,0.3714230954647064,0.3714230954647064,0,0,0.3714230954647064,0.12857690453529358,4,4,3,0.7868852459016393,3.962529274004684,nested_oof,0.5
5-6,5,6,4,1,1,0.6285769045352936,0.3714230954647064,0,1,0.6285769045352936,0.12857690453529358,4,3,2,0.7915690866510539,3.7353629976580796,nested_oof,0.5
5-7,5,7,4,0,0,0.3714230954647064,0.3714230954647064,0,0,0.3714230954647064,0.12857690453529358,5,2,2,0.8407494145199064,3.540983606557377,nested_oof,0.5
5-8,5,8,4,0,0,0.3714230954647064,0.3714230954647064,0,0,0.3714230954647064,0.12857690453529358,3,2,2,0.7985948477751756,2.791569086651054,nested_oof,0.5
5-9,5,9,4,0,0,0.3714230954647064,0.3714230954647064,0,0,0.3714230954647064,0.12857690453529358,4,3,4,0.819672131147541,4.285714285714286,nested_oof,0.5
5-10,5,10,4,0,0,0.3714230954647064,0.3714230954647064,0,0,0.3714230954647064,0.12857690453529358,3,2,4,0.775175644028103,3.4988290398126463,nested_oof,0.5
5-11,5,11,4,0,0,0.3714230954647064,0.3714230954647064,0,0,0.3714230954647064,0.12857690453529358,3,2,4,0.7892271662763466,3.782201405152225,nested_oof,0.5
5-12,5,12,4,0,0,0.3714230954647064,0.3714230954647064,0,0,0.3714230954647064,0.12857690453529358,4,2,4,0.8290398126463701,3.6721311475409837,nested_oof,0.5
6-0,6,0,1,0,0,0.8920695185661316,0.8920695185661316,1,1,0.8920695185661316,0.3920695185661316,5,2,4,0.810304449648712,4.3629976580796255,nested_oof,0.5
6-1,6,1,1,0,0,0.8920695185661316,0.8920695185661316,1,1,0.8920695185661316,0.3920695185661316,4,2,4,0.8126463700234192,4.02576112412178,nested_oof,0.5
6-2,6,2,1,0,0,0.8920695185661316,0.8920695185661316,1,1,0.8920695185661316,0.3920695185661316,4,2,4,0.7939110070257611,3.8454332552693207,nested_oof,0.5
6-3,6,3,1,0,0,0.8920695185661316,0.8920695185661316,1,1,0.8920695185661316,0.3920695185661316,5,1,4,0.8149882903981265,3.9555035128805622,nested_oof,0.5
6-4,6,4,1,0,0,0.8920695185661316,0.8920695185661316,1,1,0.8920695185661316,0.3920695185661316,4,2,3,0.8618266978922717,4.583138173302108,nested_oof,0.5
6-5,6,5,1,0,0,0.8920695185661316,0.8920695185661316,1,1,0.8920695185661316,0.3920695185661316,4,3,3,0.7868852459016393,3.962529274004684,nested_oof,0.5
6-6,6,6,1,1,1,0.10793048143386841,0.8920695185661316,1,0,0.10793048143386841,0.3920695185661316,4,3,2,0.7915690866510539,3.7353629976580796,nested_oof,0.5
6-7,6,7,1,0,0,0.8920695185661316,0.8920695185661316,1,1,0.8920695185661316,0.3920695185661316,4,3,2,0.8407494145199064,3.540983606557377,nested_oof,0.5
6-8,6,8,1,0,0,0.8920695185661316,0.8920695185661316,1,1,0.8920695185661316,0.3920695185661316,3,2,2,0.7985948477751756,2.791569086651054,nested_oof,0.5
6-9,6,9,1,0,0,0.8920695185661316,0.8920695185661316,1,1,0.8920695185661316,0.3920695185661316,4,3,4,0.819672131147541,4.285714285714286,nested_oof,0.5
6-10,6,10,1,1,1,0.10793048143386841,0.8920695185661316,1,0,0.10793048143386841,0.3920695185661316,3,3,4,0.775175644028103,3.4988290398126463,nested_oof,0.5
6-11,6,11,1,1,1,0.10793048143386841,0.8920695185661316,1,0,0.10793048143386841,0.3920695185661316,2,3,4,0.7892271662763466,3.782201405152225,nested_oof,0.5
6-12,6,12,1,0,0,0.8920695185661316,0.8920695185661316,1,1,0.8920695185661316,0.3920695185661316,5,2,4,0.8290398126463701,3.6721311475409837,nested_oof,0.5
7-0,7,0,4,0,0,0.0423028357326984,0.0423028357326984,0,0,0.0423028357326984,0.4576971642673016,5,2,4,0.810304449648712,4.3629976580796255,nested_oof,0.5
7-1,7,1,4,0,0,0.0423028357326984,0.0423028357326984,0,0,0.0423028357326984,0.4576971642673016,4,2,4,0.8126463700234192,4.02576112412178,nested_oof,0.5
7-2,7,2,4,0,0,0.0423028357326984,0.0423028357326984,0,0,0.0423028357326984,0.4576971642673016,4,2,4,0.7939110070257611,3.8454332552693207,nested_oof,0.5
7-3,7,3,4,0,0,0.0423028357326984,0.0423028357326984,0,0,0.0423028357326984,0.4576971642673016,4,3,4,0.8149882903981265,3.9555035128805622,nested_oof,0.5
7-4,7,4,4,0,0,0.0423028357326984,0.0423028357326984,0,0,0.0423028357326984,0.4576971642673016,4,3,3,0.8618266978922717,4.583138173302108,nested_oof,0.5
7-5,7,5,4,0,0,0.0423028357326984,0.0423028357326984,0,0,0.0423028357326984,0.4576971642673016,4,3,3,0.7868852459016393,3.962529274004684,nested_oof,0.5
7-6,7,6,4,1,1,0.9576971642673016,0.0423028357326984,0,1,0.9576971642673016,0.4576971642673016,3,3,2,0.7915690866510539,3.7353629976580796,nested_oof,0.5
7-7,7,7,4,0,0,0.0423028357326984,0.0423028357326984,0,0,0.0423028357326984,0.4576971642673016,5,2,2,0.8407494145199064,3.540983606557377,nested_oof,0.5
7-8,7,8,4,0,0,0.0423028357326984,0.0423028357326984,0,0,0.0423028357326984,0.4576971642673016,2,2,2,0.7985948477751756,2.791569086651054,nested_oof,0.5
7-9,7,9,4,0,0,0.0423028357326984,0.0423028357326984,0,0,0.0423028357326984,0.4576971642673016,4,3,4,0.819672131147541,4.285714285714286,nested_oof,0.5
7-10,7,10,4,1,1,0.9576971642673016,0.0423028357326984,0,1,0.9576971642673016,0.4576971642673016,2,3,4,0.775175644028103,3.4988290398126463,nested_oof,0.5
7-11,7,11,4,0,0,0.0423028357326984,0.0423028357326984,0,0,0.0423028357326984,0.4576971642673016,4,2,4,0.7892271662763466,3.782201405152225,nested_oof,0.5
7-12,7,12,4,0,0,0.0423028357326984,0.0423028357326984,0,0,0.0423028357326984,0.4576971642673016,4,2,4,0.8290398126463701,3.6721311475409837,nested_oof,0.5
8-0,8,0,3,1,0,0.17870908975601196,0.821290910243988,1,0,0.17870908975601196,0.32129091024398804,4,3,4,0.810304449648712,4.3629976580796255,nested_oof,0.5
8-1,8,1,3,1,0,0.17870908975601196,0.821290910243988,1,0,0.17870908975601196,0.32129091024398804,3,4,4,0.8126463700234192,4.02576112412178,nested_oof,0.5
8-2,8,2,3,1,0,0.17870908975601196,0.821290910243988,1,0,0.17870908975601196,0.32129091024398804,5,3,4,0.7939110070257611,3.8454332552693207,nested_oof,0.5
8-3,8,3,3,1,0,0.17870908975601196,0.821290910243988,1,0,0.17870908975601196,0.32129091024398804,5,1,4,0.8149882903981265,3.9555035128805622,nested_oof,0.5
8-4,8,4,3,1,0,0.17870908975601196,0.821290910243988,1,0,0.17870908975601196,0.32129091024398804,4,3,3,0.8618266978922717,4.583138173302108,nested_oof,0.5
8-5,8,5,3,1,0,0.17870908975601196,0.821290910243988,1,0,0.17870908975601196,0.32129091024398804,4,4,3,0.7868852459016393,3.962529274004684,nested_oof,0.5
8-6,8,6,3,1,0,0.17870908975601196,0.821290910243988,1,0,0.17870908975601196,0.32129091024398804,4,2,2,0.7915690866510539,3.7353629976580796,nested_oof,0.5
8-7,8,7,3,1,0,0.17870908975601196,0.821290910243988,1,0,0.17870908975601196,0.32129091024398804,5,2,2,0.8407494145199064,3.540983606557377,nested_oof,0.5
8-8,8,8,3,1,0,0.17870908975601196,0.821290910243988,1,0,0.17870908975601196,0.32129091024398804,3,2,2,0.7985948477751756,2.791569086651054,nested_oof,0.5
8-9,8,9,3,1,0,0.17870908975601196,0.821290910243988,1,0,0.17870908975601196,0.32129091024398804,4,3,4,0.819672131147541,4.285714285714286,nested_oof,0.5
8-10,8,10,3,1,0,0.17870908975601196,0.821290910243988,1,0,0.17870908975601196,0.32129091024398804,3,2,4,0.775175644028103,3.4988290398126463,nested_oof,0.5
8-11,8,11,3,1,0,0.17870908975601196,0.821290910243988,1,0,0.17870908975601196,0.32129091024398804,4,2,4,0.7892271662763466,3.782201405152225,nested_oof,0.5
8-12,8,12,3,1,0,0.17870908975601196,0.821290910243988,1,0,0.17870908975601196,0.32129091024398804,4,3,4,0.8290398126463701,3.6721311475409837,nested_oof,0.5
9-0,9,0,3,0,0,0.4394634366035461,0.4394634366035461,0,0,0.4394634366035461,0.06053656339645391,5,2,4,0.810304449648712,4.3629976580796255,nested_oof,0.5
9-1,9,1,3,0,0,0.4394634366035461,0.4394634366035461,0,0,0.4394634366035461,0.06053656339645391,4,3,4,0.8126463700234192,4.02576112412178,nested_oof,0.5
9-2,9,2,3,0,0,0.4394634366035461,0.4394634366035461,0,0,0.4394634366035461,0.06053656339645391,4,2,4,0.7939110070257611,3.8454332552693207,nested_oof,0.5
9-3,9,3,3,0,0,0.4394634366035461,0.4394634366035461,0,0,0.4394634366035461,0.06053656339645391,5,1,4,0.8149882903981265,3.9555035128805622,nested_oof,0.5
9-4,9,4,3,1,1,0.5605365633964539,0.4394634366035461,0,1,0.5605365633964539,0.06053656339645391,3,4,3,0.8618266978922717,4.583138173302108,nested_oof,0.5
9-5,9,5,3,1,1,0.5605365633964539,0.4394634366035461,0,1,0.5605365633964539,0.06053656339645391,4,3,3,0.7868852459016393,3.962529274004684,nested_oof,0.5
9-6,9,6,3,0,0,0.4394634366035461,0.4394634366035461,0,0,0.4394634366035461,0.06053656339645391,3,3,2,0.7915690866510539,3.7353629976580796,nested_oof,0.5
9-7,9,7,3,0,0,0.4394634366035461,0.4394634366035461,0,0,0.4394634366035461,0.06053656339645391,5,1,2,0.8407494145199064,3.540983606557377,nested_oof,0.5
9-8,9,8,3,1,1,0.5605365633964539,0.4394634366035461,0,1,0.5605365633964539,0.06053656339645391,3,2,2,0.7985948477751756,2.791569086651054,nested_oof,0.5
9-9,9,9,3,1,1,0.5605365633964539,0.4394634366035461,0,1,0.5605365633964539,0.06053656339645391,4,4,4,0.819672131147541,4.285714285714286,nested_oof,0.5
9-10,9,10,3,1,1,0.5605365633964539,0.4394634366035461,0,1,0.5605365633964539,0.06053656339645391,4,3,4,0.775175644028103,3.4988290398126463,nested_oof,0.5
9-11,9,11,3,0,0,0.4394634366035461,0.4394634366035461,0,0,0.4394634366035461,0.06053656339645391,3,3,4,0.7892271662763466,3.782201405152225,nested_oof,0.5
9-12,9,12,3,0,0,0.4394634366035461,0.4394634366035461,0,0,0.4394634366035461,0.06053656339645391,4,2,4,0.8290398126463701,3.6721311475409837,nested_oof,0.5
10-0,10,0,3,0,0,0.0812143459916114,0.0812143459916114,0,0,0.0812143459916114,0.41878565400838863,4,2,4,0.810304449648712,4.3629976580796255,nested_oof,0.5
10-1,10,1,3,1,1,0.9187856540083886,0.0812143459916114,0,1,0.9187856540083886,0.41878565400838863,2,4,4,0.8126463700234192,4.02576112412178,nested_oof,0.5
10-2,10,2,3,0,0,0.0812143459916114,0.0812143459916114,0,0,0.0812143459916114,0.41878565400838863,4,2,4,0.7939110070257611,3.8454332552693207,nested_oof,0.5
10-3,10,3,3,0,0,0.0812143459916114,0.0812143459916114,0,0,0.0812143459916114,0.41878565400838863,4,3,4,0.8149882903981265,3.9555035128805622,nested_oof,0.5
10-4,10,4,3,0,0,0.0812143459916114,0.0812143459916114,0,0,0.0812143459916114,0.41878565400838863,4,3,3,0.8618266978922717,4.583138173302108,nested_oof,0.5
10-5,10,5,3,1,1,0.9187856540083886,0.0812143459916114,0,1,0.9187856540083886,0.41878565400838863,3,4,3,0.7868852459016393,3.962529274004684,nested_oof,0.5
10-6,10,6,3,0,0,0.0812143459916114,0.0812143459916114,0,0,0.0812143459916114,0.41878565400838863,3,3,2,0.7915690866510539,3.7353629976580796,nested_oof,0.5
10-7,10,7,3,0,0,0.0812143459916114,0.0812143459916114,0,0,0.0812143459916114,0.41878565400838863,4,2,2,0.8407494145199064,3.540983606557377,nested_oof,0.5
10-8,10,8,3,1,1,0.9187856540083886,0.0812143459916114,0,1,0.9187856540083886,0.41878565400838863,2,3,2,0.7985948477751756,2.791569086651054,nested_oof,0.5
10-9,10,9,3,0,0,0.0812143459916114,0.0812143459916114,0,0,0.0812143459916114,0.41878565400838863,4,4,4,0.819672131147541,4.285714285714286,nested_oof,0.5
10-10,10,10,3,1,1,0.9187856540083886,0.0812143459916114,0,1,0.9187856540083886,0.41878565400838863,1,4,4,0.775175644028103,3.4988290398126463,nested_oof,0.5
10-11,10,11,3,0,0,0.0812143459916114,0.0812143459916114,0,0,0.0812143459916114,0.41878565400838863,2,3,4,0.7892271662763466,3.782201405152225,nested_oof,0.5
10-12,10,12,3,1,1,0.9187856540083886,0.0812143459916114,0,1,0.9187856540083886,0.41878565400838863,3,3,4,0.8290398126463701,3.6721311475409837,nested_oof,0.5
11-0,11,0,5,1,0,0.15169692039489746,0.8483030796051025,1,0,0.15169692039489746,0.34830307960510254,5,3,4,0.810304449648712,4.3629976580796255,nested_oof,0.5
11-1,11,1,5,1,0,0.15169692039489746,0.8483030796051025,1,0,0.15169692039489746,0.34830307960510254,5,2,4,0.8126463700234192,4.02576112412178,nested_oof,0.5
11-2,11,2,5,1,0,0.15169692039489746,0.8483030796051025,1,0,0.15169692039489746,0.34830307960510254,5,3,4,0.7939110070257611,3.8454332552693207,nested_oof,0.5
11-3,11,3,5,1,0,0.15169692039489746,0.8483030796051025,1,0,0.15169692039489746,0.34830307960510254,5,1,4,0.8149882903981265,3.9555035128805622,nested_oof,0.5
11-4,11,4,5,1,0,0.15169692039489746,0.8483030796051025,1,0,0.15169692039489746,0.34830307960510254,4,4,3,0.8618266978922717,4.583138173302108,nested_oof,0.5
11-5,11,5,5,1,0,0.15169692039489746,0.8483030796051025,1,0,0.15169692039489746,0.34830307960510254,3,4,3,0.7868852459016393,3.962529274004684,nested_oof,0.5
11-6,11,6,5,1,0,0.15169692039489746,0.8483030796051025,1,0,0.15169692039489746,0.34830307960510254,4,3,2,0.7915690866510539,3.7353629976580796,nested_oof,0.5
11-7,11,7,5,1,0,0.15169692039489746,0.8483030796051025,1,0,0.15169692039489746,0.34830307960510254,4,3,2,0.8407494145199064,3.540983606557377,nested_oof,0.5
11-8,11,8,5,1,0,0.15169692039489746,0.8483030796051025,1,0,0.15169692039489746,0.34830307960510254,3,3,2,0.7985948477751756,2.791569086651054,nested_oof,0.5
11-9,11,9,5,0,1,0.8483030796051025,0.8483030796051025,1,1,0.8483030796051025,0.34830307960510254,4,3,4,0.819672131147541,4.285714285714286,nested_oof,0.5
11-10,11,10,5,1,0,0.15169692039489746,0.8483030796051025,1,0,0.15169692039489746,0.34830307960510254,4,1,4,0.775175644028103,3.4988290398126463,nested_oof,0.5
11-11,11,11,5,1,0,0.15169692039489746,0.8483030796051025,1,0,0.15169692039489746,0.34830307960510254,4,2,4,0.7892271662763466,3.782201405152225,nested_oof,0.5
11-12,11,12,5,1,0,0.15169692039489746,0.8483030796051025,1,0,0.15169692039489746,0.34830307960510254,3,3,4,0.8290398126463701,3.6721311475409837,nested_oof,0.5
12-0,12,0,3,1,0,0.3398662805557251,0.6601337194442749,1,0,0.3398662805557251,0.1601337194442749,5,2,4,0.810304449648712,4.3629976580796255,nested_oof,0.5
12-1,12,1,3,1,0,0.3398662805557251,0.6601337194442749,1,0,0.3398662805557251,0.1601337194442749,3,3,4,0.8126463700234192,4.02576112412178,nested_oof,0.5
12-2,12,2,3,1,0,0.3398662805557251,0.6601337194442749,1,0,0.3398662805557251,0.1601337194442749,4,3,4,0.7939110070257611,3.8454332552693207,nested_oof,0.5
12-3,12,3,3,1,0,0.3398662805557251,0.6601337194442749,1,0,0.3398662805557251,0.1601337194442749,5,1,4,0.8149882903981265,3.9555035128805622,nested_oof,0.5
12-4,12,4,3,1,0,0.3398662805557251,0.6601337194442749,1,0,0.3398662805557251,0.1601337194442749,4,2,3,0.8618266978922717,4.583138173302108,nested_oof,0.5
12-5,12,5,3,1,0,0.3398662805557251,0.6601337194442749,1,0,0.3398662805557251,0.1601337194442749,4,3,3,0.7868852459016393,3.962529274004684,nested_oof,0.5
12-6,12,6,3,1,0,0.3398662805557251,0.6601337194442749,1,0,0.3398662805557251,0.1601337194442749,4,4,2,0.7915690866510539,3.7353629976580796,nested_oof,0.5
12-7,12,7,3,1,0,0.3398662805557251,0.6601337194442749,1,0,0.3398662805557251,0.1601337194442749,3,3,2,0.8407494145199064,3.540983606557377,nested_oof,0.5
12-8,12,8,3,1,0,0.3398662805557251,0.6601337194442749,1,0,0.3398662805557251,0.1601337194442749,2,3,2,0.7985948477751756,2.791569086651054,nested_oof,0.5
12-9,12,9,3,1,0,0.3398662805557251,0.6601337194442749,1,0,0.3398662805557251,0.1601337194442749,3,3,4,0.819672131147541,4.285714285714286,nested_oof,0.5
12-10,12,10,3,1,0,0.3398662805557251,0.6601337194442749,1,0,0.3398662805557251,0.1601337194442749,4,2,4,0.775175644028103,3.4988290398126463,nested_oof,0.5
12-11,12,11,3,1,0,0.3398662805557251,0.6601337194442749,1,0,0.3398662805557251,0.1601337194442749,4,2,4,0.7892271662763466,3.782201405152225,nested_oof,0.5
12-12,12,12,3,1,0,0.3398662805557251,0.6601337194442749,1,0,0.3398662805557251,0.1601337194442749,3,3,4,0.8290398126463701,3.6721311475409837,nested_oof,0.5
13-0,13,0,2,1,0,0.9791674092411995,0.0208325907588005,0,1,0.9791674092411995,0.4791674092411995,5,3,4,0.810304449648712,4.3629976580796255,nested_oof,0.5
13-1,13,1,2,1,0,0.9791674092411995,0.0208325907588005,0,1,0.9791674092411995,0.4791674092411995,4,3,4,0.8126463700234192,4.02576112412178,nested_oof,0.5
13-2,13,2,2,1,0,0.9791674092411995,0.0208325907588005,0,1,0.9791674092411995,0.4791674092411995,5,4,4,0.7939110070257611,3.8454332552693207,nested_oof,0.5
13-3,13,3,2,1,0,0.9791674092411995,0.0208325907588005,0,1,0.9791674092411995,0.4791674092411995,4,4,4,0.8149882903981265,3.9555035128805622,nested_oof,0.5
13-4,13,4,2,1,0,0.9791674092411995,0.0208325907588005,0,1,0.9791674092411995,0.4791674092411995,4,4,3,0.8618266978922717,4.583138173302108,nested_oof,0.5
13-5,13,5,2,1,0,0.9791674092411995,0.0208325907588005,0,1,0.9791674092411995,0.4791674092411995,3,4,3,0.7868852459016393,3.962529274004684,nested_oof,0.5
13-6,13,6,2,1,0,0.9791674092411995,0.0208325907588005,0,1,0.9791674092411995,0.4791674092411995,4,3,2,0.7915690866510539,3.7353629976580796,nested_oof,0.5
13-7,13,7,2,1,0,0.9791674092411995,0.0208325907588005,0,1,0.9791674092411995,0.4791674092411995,4,3,2,0.8407494145199064,3.540983606557377,nested_oof,0.5
13-8,13,8,2,1,0,0.9791674092411995,0.0208325907588005,0,1,0.9791674092411995,0.4791674092411995,3,3,2,0.7985948477751756,2.791569086651054,nested_oof,0.5
13-9,13,9,2,1,0,0.9791674092411995,0.0208325907588005,0,1,0.9791674092411995,0.4791674092411995,4,3,4,0.819672131147541,4.285714285714286,nested_oof,0.5
13-10,13,10,2,1,0,0.9791674092411995,0.0208325907588005,0,1,0.9791674092411995,0.4791674092411995,4,2,4,0.775175644028103,3.4988290398126463,nested_oof,0.5
13-11,13,11,2,1,0,0.9791674092411995,0.0208325907588005,0,1,0.9791674092411995,0.4791674092411995,3,3,4,0.7892271662763466,3.782201405152225,nested_oof,0.5
13-12,13,12,2,1,0,0.9791674092411995,0.0208325907588005,0,1,0.9791674092411995,0.4791674092411995,3,3,4,0.8290398126463701,3.6721311475409837,nested_oof,0.5
14-0,14,0,4,1,0,0.05159878730773915,0.9484012126922609,1,0,0.05159878730773915,0.44840121269226085,5,3,4,0.810304449648712,4.3629976580796255,nested_oof,0.5
14-1,14,1,4,1,0,0.05159878730773915,0.9484012126922609,1,0,0.05159878730773915,0.44840121269226085,4,3,4,0.8126463700234192,4.02576112412178,nested_oof,0.5
14-2,14,2,4,1,0,0.05159878730773915,0.9484012126922609,1,0,0.05159878730773915,0.44840121269226085,5,4,4,0.7939110070257611,3.8454332552693207,nested_oof,0.5
14-3,14,3,4,1,0,0.05159878730773915,0.9484012126922609,1,0,0.05159878730773915,0.44840121269226085,5,1,4,0.8149882903981265,3.9555035128805622,nested_oof,0.5
14-4,14,4,4,1,0,0.05159878730773915,0.9484012126922609,1,0,0.05159878730773915,0.44840121269226085,4,3,3,0.8618266978922717,4.583138173302108,nested_oof,0.5
14-5,14,5,4,1,0,0.05159878730773915,0.9484012126922609,1,0,0.05159878730773915,0.44840121269226085,5,3,3,0.7868852459016393,3.962529274004684,nested_oof,0.5
14-6,14,6,4,1,0,0.05159878730773915,0.9484012126922609,1,0,0.05159878730773915,0.44840121269226085,4,4,2,0.7915690866510539,3.7353629976580796,nested_oof,0.5
14-7,14,7,4,1,0,0.05159878730773915,0.9484012126922609,1,0,0.05159878730773915,0.44840121269226085,4,4,2,0.8407494145199064,3.540983606557377,nested_oof,0.5
14-8,14,8,4,1,0,0.05159878730773915,0.9484012126922609,1,0,0.05159878730773915,0.44840121269226085,3,3,2,0.7985948477751756,2.791569086651054,nested_oof,0.5
14-9,14,9,4,1,0,0.05159878730773915,0.9484012126922609,1,0,0.05159878730773915,0.44840121269226085,4,3,4,0.819672131147541,4.285714285714286,nested_oof,0.5
14-10,14,10,4,1,0,0.05159878730773915,0.9484012126922609,1,0,0.05159878730773915,0.44840121269226085,4,3,4,0.775175644028103,3.4988290398126463,nested_oof,0.5
14-11,14,11,4,1,0,0.05159878730773915,0.9484012126922609,1,0,0.05159878730773915,0.44840121269226085,3,3,4,0.7892271662763466,3.782201405152225,nested_oof,0.5
14-12,14,12,4,1,0,0.05159878730773915,0.9484012126922609,1,0,0.05159878730773915,0.44840121269226085,3,3,4,0.8290398126463701,3.6721311475409837,nested_oof,0.5
15-0,15,0,3,0,1,0.1232565492391586,0.1232565492391586,0,0,0.1232565492391586,0.37674345076084137,5,2,4,0.810304449648712,4.3629976580796255,nested_oof,0.5
15-1,15,1,3,0,1,0.1232565492391586,0.1232565492391586,0,0,0.1232565492391586,0.37674345076084137,4,3,4,0.8126463700234192,4.02576112412178,nested_oof,0.5
15-2,15,2,3,0,1,0.1232565492391586,0.1232565492391586,0,0,0.1232565492391586,0.37674345076084137,4,3,4,0.7939110070257611,3.8454332552693207,nested_oof,0.5
15-3,15,3,3,0,1,0.1232565492391586,0.1232565492391586,0,0,0.1232565492391586,0.37674345076084137,3,4,4,0.8149882903981265,3.9555035128805622,nested_oof,0.5
15-4,15,4,3,0,1,0.1232565492391586,0.1232565492391586,0,0,0.1232565492391586,0.37674345076084137,3,4,3,0.8618266978922717,4.583138173302108,nested_oof,0.5
15-5,15,5,3,0,1,0.1232565492391586,0.1232565492391586,0,0,0.1232565492391586,0.37674345076084137,4,4,3,0.7868852459016393,3.962529274004684,nested_oof,0.5
15-6,15,6,3,0,1,0.1232565492391586,0.1232565492391586,0,0,0.1232565492391586,0.37674345076084137,4,4,2,0.7915690866510539,3.7353629976580796,nested_oof,0.5
15-7,15,7,3,0,1,0.1232565492391586,0.1232565492391586,0,0,0.1232565492391586,0.37674345076084137,4,2,2,0.8407494145199064,3.540983606557377,nested_oof,0.5
15-8,15,8,3,0,1,0.1232565492391586,0.1232565492391586,0,0,0.1232565492391586,0.37674345076084137,3,3,2,0.7985948477751756,2.791569086651054,nested_oof,0.5
15-9,15,9,3,1,0,0.8767434507608414,0.1232565492391586,0,1,0.8767434507608414,0.37674345076084137,3,3,4,0.819672131147541,4.285714285714286,nested_oof,0.5
15-10,15,10,3,0,1,0.1232565492391586,0.1232565492391586,0,0,0.1232565492391586,0.37674345076084137,4,3,4,0.775175644028103,3.4988290398126463,nested_oof,0.5
15-11,15,11,3,0,1,0.1232565492391586,0.1232565492391586,0,0,0.1232565492391586,0.37674345076084137,3,3,4,0.7892271662763466,3.782201405152225,nested_oof,0.5
15-12,15,12,3,0,1,0.1232565492391586,0.1232565492391586,0,0,0.1232565492391586,0.37674345076084137,4,4,4,0.8290398126463701,3.6721311475409837,nested_oof,0.5
16-0,16,0,5,0,0,0.8493857979774475,0.8493857979774475,1,1,0.8493857979774475,0.3493857979774475,5,2,4,0.810304449648712,4.3629976580796255,nested_oof,0.5
16-1,16,1,5,0,0,0.8493857979774475,0.8493857979774475,1,1,0.8493857979774475,0.3493857979774475,4,3,4,0.8126463700234192,4.02576112412178,nested_oof,0.5
16-2,16,2,5,0,0,0.8493857979774475,0.8493857979774475,1,1,0.8493857979774475,0.3493857979774475,4,2,4,0.7939110070257611,3.8454332552693207,nested_oof,0.5
16-3,16,3,5,0,0,0.8493857979774475,0.8493857979774475,1,1,0.8493857979774475,0.3493857979774475,5,1,4,0.8149882903981265,3.9555035128805622,nested_oof,0.5
16-4,16,4,5,0,0,0.8493857979774475,0.8493857979774475,1,1,0.8493857979774475,0.3493857979774475,4,3,3,0.8618266978922717,4.583138173302108,nested_oof,0.5
16-5,16,5,5,0,0,0.8493857979774475,0.8493857979774475,1,1,0.8493857979774475,0.3493857979774475,3,3,3,0.7868852459016393,3.962529274004684,nested_oof,0.5
16-6,16,6,5,0,0,0.8493857979774475,0.8493857979774475,1,1,0.8493857979774475,0.3493857979774475,4,3,2,0.7915690866510539,3.7353629976580796,nested_oof,0.5
16-7,16,7,5,0,0,0.8493857979774475,0.8493857979774475,1,1,0.8493857979774475,0.3493857979774475,4,2,2,0.8407494145199064,3.540983606557377,nested_oof,0.5
16-8,16,8,5,0,0,0.8493857979774475,0.8493857979774475,1,1,0.8493857979774475,0.3493857979774475,3,3,2,0.7985948477751756,2.791569086651054,nested_oof,0.5
16-9,16,9,5,0,0,0.8493857979774475,0.8493857979774475,1,1,0.8493857979774475,0.3493857979774475,4,3,4,0.819672131147541,4.285714285714286,nested_oof,0.5
16-10,16,10,5,0,0,0.8493857979774475,0.8493857979774475,1,1,0.8493857979774475,0.3493857979774475,5,1,4,0.775175644028103,3.4988290398126463,nested_oof,0.5
16-11,16,11,5,0,0,0.8493857979774475,0.8493857979774475,1,1,0.8493857979774475,0.3493857979774475,4,2,4,0.7892271662763466,3.782201405152225,nested_oof,0.5
16-12,16,12,5,0,0,0.8493857979774475,0.8493857979774475,1,1,0.8493857979774475,0.3493857979774475,4,2,4,0.8290398126463701,3.6721311475409837,nested_oof,0.5
17-0,17,0,1,0,0,0.931252419948578,0.931252419948578,1,1,0.931252419948578,0.431252419948578,5,3,4,0.810304449648712,4.3629976580796255,nested_oof,0.5
17-1,17,1,1,0,0,0.931252419948578,0.931252419948578,1,1,0.931252419948578,0.431252419948578,4,3,4,0.8126463700234192,4.02576112412178,nested_oof,0.5
17-2,17,2,1,0,0,0.931252419948578,0.931252419948578,1,1,0.931252419948578,0.431252419948578,3,3,4,0.7939110070257611,3.8454332552693207,nested_oof,0.5
17-3,17,3,1,1,1,0.06874758005142201,0.931252419948578,1,0,0.06874758005142201,0.431252419948578,4,3,4,0.8149882903981265,3.9555035128805622,nested_oof,0.5
17-4,17,4,1,0,0,0.931252419948578,0.931252419948578,1,1,0.931252419948578,0.431252419948578,4,3,3,0.8618266978922717,4.583138173302108,nested_oof,0.5
17-5,17,5,1,1,1,0.06874758005142201,0.931252419948578,1,0,0.06874758005142201,0.431252419948578,3,3,3,0.7868852459016393,3.962529274004684,nested_oof,0.5
17-6,17,6,1,1,1,0.06874758005142201,0.931252419948578,1,0,0.06874758005142201,0.431252419948578,4,3,2,0.7915690866510539,3.7353629976580796,nested_oof,0.5
17-7,17,7,1,0,0,0.931252419948578,0.931252419948578,1,1,0.931252419948578,0.431252419948578,4,2,2,0.8407494145199064,3.540983606557377,nested_oof,0.5
17-8,17,8,1,1,1,0.06874758005142201,0.931252419948578,1,0,0.06874758005142201,0.431252419948578,3,3,2,0.7985948477751756,2.791569086651054,nested_oof,0.5
17-9,17,9,1,0,0,0.931252419948578,0.931252419948578,1,1,0.931252419948578,0.431252419948578,3,4,4,0.819672131147541,4.285714285714286,nested_oof,0.5
17-10,17,10,1,1,1,0.06874758005142201,0.931252419948578,1,0,0.06874758005142201,0.431252419948578,3,3,4,0.775175644028103,3.4988290398126463,nested_oof,0.5
17-11,17,11,1,1,1,0.06874758005142201,0.931252419948578,1,0,0.06874758005142201,0.431252419948578,3,3,4,0.7892271662763466,3.782201405152225,nested_oof,0.5
17-12,17,12,1,1,1,0.06874758005142201,0.931252419948578,1,0,0.06874758005142201,0.431252419948578,3,3,4,0.8290398126463701,3.6721311475409837,nested_oof,0.5
18-0,18,0,5,1,0,0.9855190915986896,0.0144809084013104,0,1,0.9855190915986896,0.4855190915986896,5,3,4,0.810304449648712,4.3629976580796255,nested_oof,0.5
18-1,18,1,5,1,0,0.9855190915986896,0.0144809084013104,0,1,0.9855190915986896,0.4855190915986896,4,3,4,0.8126463700234192,4.02576112412178,nested_oof,0.5
18-2,18,2,5,1,0,0.9855190915986896,0.0144809084013104,0,1,0.9855190915986896,0.4855190915986896,4,2,4,0.7939110070257611,3.8454332552693207,nested_oof,0.5
18-3,18,3,5,1,0,0.9855190915986896,0.0144809084013104,0,1,0.9855190915986896,0.4855190915986896,5,2,4,0.8149882903981265,3.9555035128805622,nested_oof,0.5
18-4,18,4,5,1,0,0.9855190915986896,0.0144809084013104,0,1,0.9855190915986896,0.4855190915986896,4,3,3,0.8618266978922717,4.583138173302108,nested_oof,0.5
18-5,18,5,5,1,0,0.9855190915986896,0.0144809084013104,0,1,0.9855190915986896,0.4855190915986896,3,3,3,0.7868852459016393,3.962529274004684,nested_oof,0.5
18-6,18,6,5,1,0,0.9855190915986896,0.0144809084013104,0,1,0.9855190915986896,0.4855190915986896,3,3,2,0.7915690866510539,3.7353629976580796,nested_oof,0.5
18-7,18,7,5,1,0,0.9855190915986896,0.0144809084013104,0,1,0.9855190915986896,0.4855190915986896,5,2,2,0.8407494145199064,3.540983606557377,nested_oof,0.5
18-8,18,8,5,1,0,0.9855190915986896,0.0144809084013104,0,1,0.9855190915986896,0.4855190915986896,3,3,2,0.7985948477751756,2.791569086651054,nested_oof,0.5
18-9,18,9,5,1,0,0.9855190915986896,0.0144809084013104,0,1,0.9855190915986896,0.4855190915986896,4,4,4,0.819672131147541,4.285714285714286,nested_oof,0.5
18-10,18,10,5,1,0,0.9855190915986896,0.0144809084013104,0,1,0.9855190915986896,0.4855190915986896,4,2,4,0.775175644028103,3.4988290398126463,nested_oof,0.5
18-11,18,11,5,1,0,0.9855190915986896,0.0144809084013104,0,1,0.9855190915986896,0.4855190915986896,3,3,4,0.7892271662763466,3.782201405152225,nested_oof,0.5
18-12,18,12,5,1,0,0.9855190915986896,0.0144809084013104,0,1,0.9855190915986896,0.4855190915986896,3,3,4,0.8290398126463701,3.6721311475409837,nested_oof,0.5
19-0,19,0,2,0,0,0.1416841447353363,0.1416841447353363,0,0,0.1416841447353363,0.3583158552646637,5,2,4,0.810304449648712,4.3629976580796255,nested_oof,0.5
19-1,19,1,2,0,0,0.1416841447353363,0.1416841447353363,0,0,0.1416841447353363,0.3583158552646637,4,3,4,0.8126463700234192,4.02576112412178,nested_oof,0.5
19-2,19,2,2,0,0,0.1416841447353363,0.1416841447353363,0,0,0.1416841447353363,0.3583158552646637,4,2,4,0.7939110070257611,3.8454332552693207,nested_oof,0.5
19-3,19,3,2,0,0,0.1416841447353363,0.1416841447353363,0,0,0.1416841447353363,0.3583158552646637,4,2,4,0.8149882903981265,3.9555035128805622,nested_oof,0.5
19-4,19,4,2,0,0,0.1416841447353363,0.1416841447353363,0,0,0.1416841447353363,0.3583158552646637,4,3,3,0.8618266978922717,4.583138173302108,nested_oof,0.5
19-5,19,5,2,0,0,0.1416841447353363,0.1416841447353363,0,0,0.1416841447353363,0.3583158552646637,4,3,3,0.7868852459016393,3.962529274004684,nested_oof,0.5
19-6,19,6,2,0,0,0.1416841447353363,0.1416841447353363,0,0,0.1416841447353363,0.3583158552646637,4,3,2,0.7915690866510539,3.7353629976580796,nested_oof,0.5
19-7,19,7,2,0,0,0.1416841447353363,0.1416841447353363,0,0,0.1416841447353363,0.3583158552646637,5,2,2,0.8407494145199064,3.540983606557377,nested_oof,0.5
19-8,19,8,2,0,0,0.1416841447353363,0.1416841447353363,0,0,0.1416841447353363,0.3583158552646637,3,2,2,0.7985948477751756,2.791569086651054,nested_oof,0.5
19-9,19,9,2,0,0,0.1416841447353363,0.1416841447353363,0,0,0.1416841447353363,0.3583158552646637,4,3,4,0.819672131147541,4.285714285714286,nested_oof,0.5
19-10,19,10,2,0,0,0.1416841447353363,0.1416841447353363,0,0,0.1416841447353363,0.3583158552646637,2,2,4,0.775175644028103,3.4988290398126463,nested_oof,0.5
19-11,19,11,2,0,0,0.1416841447353363,0.1416841447353363,0,0,0.1416841447353363,0.3583158552646637,3,3,4,0.7892271662763466,3.782201405152225,nested_oof,0.5
19-12,19,12,2,0,0,0.1416841447353363,0.1416841447353363,0,0,0.1416841447353363,0.3583158552646637,4,2,4,0.8290398126463701,3.6721311475409837,nested_oof,0.5
20-0,20,0,5,1,0,0.0007973313331604004,0.9992026686668396,1,0,0.0007973313331604004,0.4992026686668396,5,3,4,0.810304449648712,4.3629976580796255,nested_oof,0.5
20-1,20,1,5,1,0,0.0007973313331604004,0.9992026686668396,1,0,0.0007973313331604004,0.4992026686668396,4,3,4,0.8126463700234192,4.02576112412178,nested_oof,0.5
20-2,20,2,5,1,0,0.0007973313331604004,0.9992026686668396,1,0,0.0007973313331604004,0.4992026686668396,5,3,4,0.7939110070257611,3.8454332552693207,nested_oof,0.5
20-3,20,3,5,1,0,0.0007973313331604004,0.9992026686668396,1,0,0.0007973313331604004,0.4992026686668396,5,1,4,0.8149882903981265,3.9555035128805622,nested_oof,0.5
20-4,20,4,5,1,0,0.0007973313331604004,0.9992026686668396,1,0,0.0007973313331604004,0.4992026686668396,5,2,3,0.8618266978922717,4.583138173302108,nested_oof,0.5
20-5,20,5,5,1,0,0.0007973313331604004,0.9992026686668396,1,0,0.0007973313331604004,0.4992026686668396,4,3,3,0.7868852459016393,3.962529274004684,nested_oof,0.5
20-6,20,6,5,1,0,0.0007973313331604004,0.9992026686668396,1,0,0.0007973313331604004,0.4992026686668396,3,3,2,0.7915690866510539,3.7353629976580796,nested_oof,0.5
20-7,20,7,5,1,0,0.0007973313331604004,0.9992026686668396,1,0,0.0007973313331604004,0.4992026686668396,4,3,2,0.8407494145199064,3.540983606557377,nested_oof,0.5
20-8,20,8,5,1,0,0.0007973313331604004,0.9992026686668396,1,0,0.0007973313331604004,0.4992026686668396,4,2,2,0.7985948477751756,2.791569086651054,nested_oof,0.5
20-9,20,9,5,1,0,0.0007973313331604004,0.9992026686668396,1,0,0.0007973313331604004,0.4992026686668396,4,4,4,0.819672131147541,4.285714285714286,nested_oof,0.5
20-10,20,10,5,1,0,0.0007973313331604004,0.9992026686668396,1,0,0.0007973313331604004,0.4992026686668396,5,1,4,0.775175644028103,3.4988290398126463,nested_oof,0.5
20-11,20,11,5,1,0,0.0007973313331604004,0.9992026686668396,1,0,0.0007973313331604004,0.4992026686668396,3,3,4,0.7892271662763466,3.782201405152225,nested_oof,0.5
20-12,20,12,5,1,0,0.0007973313331604004,0.9992026686668396,1,0,0.0007973313331604004,0.4992026686668396,3,3,4,0.8290398126463701,3.6721311475409837,nested_oof,0.5
21-0,21,0,5,0,0,0.0921481400728225,0.0921481400728225,0,0,0.0921481400728225,0.4078518599271775,5,2,4,0.810304449648712,4.3629976580796255,nested_oof,0.5
21-1,21,1,5,0,0,0.0921481400728225,0.0921481400728225,0,0,0.0921481400728225,0.4078518599271775,4,3,4,0.8126463700234192,4.02576112412178,nested_oof,0.5
21-2,21,2,5,0,0,0.0921481400728225,0.0921481400728225,0,0,0.0921481400728225,0.4078518599271775,4,2,4,0.7939110070257611,3.8454332552693207,nested_oof,0.5
21-3,21,3,5,0,0,0.0921481400728225,0.0921481400728225,0,0,0.0921481400728225,0.4078518599271775,5,1,4,0.8149882903981265,3.9555035128805622,nested_oof,0.5
21-4,21,4,5,0,0,0.0921481400728225,0.0921481400728225,0,0,0.0921481400728225,0.4078518599271775,4,2,3,0.8618266978922717,4.583138173302108,nested_oof,0.5
21-5,21,5,5,0,0,0.0921481400728225,0.0921481400728225,0,0,0.0921481400728225,0.4078518599271775,4,3,3,0.7868852459016393,3.962529274004684,nested_oof,0.5
21-6,21,6,5,0,0,0.0921481400728225,0.0921481400728225,0,0,0.0921481400728225,0.4078518599271775,5,3,2,0.7915690866510539,3.7353629976580796,nested_oof,0.5
21-7,21,7,5,0,0,0.0921481400728225,0.0921481400728225,0,0,0.0921481400728225,0.4078518599271775,5,2,2,0.8407494145199064,3.540983606557377,nested_oof,0.5
21-8,21,8,5,0,0,0.0921481400728225,0.0921481400728225,0,0,0.0921481400728225,0.4078518599271775,3,3,2,0.7985948477751756,2.791569086651054,nested_oof,0.5
21-9,21,9,5,0,0,0.0921481400728225,0.0921481400728225,0,0,0.0921481400728225,0.4078518599271775,4,3,4,0.819672131147541,4.285714285714286,nested_oof,0.5
21-10,21,10,5,0,0,0.0921481400728225,0.0921481400728225,0,0,0.0921481400728225,0.4078518599271775,4,2,4,0.775175644028103,3.4988290398126463,nested_oof,0.5
21-11,21,11,5,0,0,0.0921481400728225,0.0921481400728225,0,0,0.0921481400728225,0.4078518599271775,3,3,4,0.7892271662763466,3.782201405152225,nested_oof,0.5
21-12,21,12,5,0,0,0.0921481400728225,0.0921481400728225,0,0,0.0921481400728225,0.4078518599271775,4,2,4,0.8290398126463701,3.6721311475409837,nested_oof,0.5
22-0,22,0,1,0,0,0.7936586737632751,0.7936586737632751,1,1,0.7936586737632751,0.29365867376327515,5,2,4,0.810304449648712,4.3629976580796255,nested_oof,0.5
22-1,22,1,1,0,0,0.7936586737632751,0.7936586737632751,1,1,0.7936586737632751,0.29365867376327515,4,3,4,0.8126463700234192,4.02576112412178,nested_oof,0.5
22-2,22,2,1,1,1,0.20634132623672485,0.7936586737632751,1,0,0.20634132623672485,0.29365867376327515,4,4,4,0.7939110070257611,3.8454332552693207,nested_oof,0.5
22-3,22,3,1,0,0,0.7936586737632751,0.7936586737632751,1,1,0.7936586737632751,0.29365867376327515,5,1,4,0.8149882903981265,3.9555035128805622,nested_oof,0.5
22-4,22,4,1,0,0,0.7936586737632751,0.7936586737632751,1,1,0.7936586737632751,0.29365867376327515,4,2,3,0.8618266978922717,4.583138173302108,nested_oof,0.5
22-5,22,5,1,0,0,0.7936586737632751,0.7936586737632751,1,1,0.7936586737632751,0.29365867376327515,5,3,3,0.7868852459016393,3.962529274004684,nested_oof,0.5
22-6,22,6,1,0,0,0.7936586737632751,0.7936586737632751,1,1,0.7936586737632751,0.29365867376327515,4,3,2,0.7915690866510539,3.7353629976580796,nested_oof,0.5
22-7,22,7,1,0,0,0.7936586737632751,0.7936586737632751,1,1,0.7936586737632751,0.29365867376327515,5,2,2,0.8407494145199064,3.540983606557377,nested_oof,0.5
22-8,22,8,1,0,0,0.7936586737632751,0.7936586737632751,1,1,0.7936586737632751,0.29365867376327515,3,3,2,0.7985948477751756,2.791569086651054,nested_oof,0.5
22-9,22,9,1,0,0,0.7936586737632751,0.7936586737632751,1,1,0.7936586737632751,0.29365867376327515,5,3,4,0.819672131147541,4.285714285714286,nested_oof,0.5
22-10,22,10,1,0,0,0.7936586737632751,0.7936586737632751,1,1,0.7936586737632751,0.29365867376327515,4,3,4,0.775175644028103,3.4988290398126463,nested_oof,0.5
22-11,22,11,1,0,0,0.7936586737632751,0.7936586737632751,1,1,0.7936586737632751,0.29365867376327515,3,3,4,0.7892271662763466,3.782201405152225,nested_oof,0.5
22-12,22,12,1,0,0,0.7936586737632751,0.7936586737632751,1,1,0.7936586737632751,0.29365867376327515,4,2,4,0.8290398126463701,3.6721311475409837,nested_oof,0.5
23-0,23,0,1,0,0,0.877592921257019,0.877592921257019,1,1,0.877592921257019,0.37759292125701904,5,2,4,0.810304449648712,4.3629976580796255,nested_oof,0.5
23-1,23,1,1,0,0,0.877592921257019,0.877592921257019,1,1,0.877592921257019,0.37759292125701904,4,3,4,0.8126463700234192,4.02576112412178,nested_oof,0.5
23-2,23,2,1,0,0,0.877592921257019,0.877592921257019,1,1,0.877592921257019,0.37759292125701904,4,3,4,0.7939110070257611,3.8454332552693207,nested_oof,0.5
23-3,23,3,1,1,1,0.12240707874298096,0.877592921257019,1,0,0.12240707874298096,0.37759292125701904,4,3,4,0.8149882903981265,3.9555035128805622,nested_oof,0.5
23-4,23,4,1,0,0,0.877592921257019,0.877592921257019,1,1,0.877592921257019,0.37759292125701904,3,3,3,0.8618266978922717,4.583138173302108,nested_oof,0.5
23-5,23,5,1,0,0,0.877592921257019,0.877592921257019,1,1,0.877592921257019,0.37759292125701904,4,3,3,0.7868852459016393,3.962529274004684,nested_oof,0.5
23-6,23,6,1,0,0,0.877592921257019,0.877592921257019,1,1,0.877592921257019,0.37759292125701904,4,3,2,0.7915690866510539,3.7353629976580796,nested_oof,0.5
23-7,23,7,1,0,0,0.877592921257019,0.877592921257019,1,1,0.877592921257019,0.37759292125701904,4,2,2,0.8407494145199064,3.540983606557377,nested_oof,0.5
23-8,23,8,1,0,0,0.877592921257019,0.877592921257019,1,1,0.877592921257019,0.37759292125701904,3,3,2,0.7985948477751756,2.791569086651054,nested_oof,0.5
23-9,23,9,1,0,0,0.877592921257019,0.877592921257019,1,1,0.877592921257019,0.37759292125701904,4,4,4,0.819672131147541,4.285714285714286,nested_oof,0.5
23-10,23,10,1,0,0,0.877592921257019,0.877592921257019,1,1,0.877592921257019,0.37759292125701904,3,2,4,0.775175644028103,3.4988290398126463,nested_oof,0.5
23-11,23,11,1,0,0,0.877592921257019,0.877592921257019,1,1,0.877592921257019,0.37759292125701904,3,3,4,0.7892271662763466,3.782201405152225,nested_oof,0.5
23-12,23,12,1,0,0,0.877592921257019,0.877592921257019,1,1,0.877592921257019,0.37759292125701904,4,2,4,0.8290398126463701,3.6721311475409837,nested_oof,0.5
24-0,24,0,1,0,0,0.6475051641464233,0.6475051641464233,1,1,0.6475051641464233,0.14750516414642334,5,3,4,0.810304449648712,4.3629976580796255,nested_oof,0.5
24-1,24,1,1,0,0,0.6475051641464233,0.6475051641464233,1,1,0.6475051641464233,0.14750516414642334,4,3,4,0.8126463700234192,4.02576112412178,nested_oof,0.5
24-2,24,2,1,0,0,0.6475051641464233,0.6475051641464233,1,1,0.6475051641464233,0.14750516414642334,4,2,4,0.7939110070257611,3.8454332552693207,nested_oof,0.5
24-3,24,3,1,0,0,0.6475051641464233,0.6475051641464233,1,1,0.6475051641464233,0.14750516414642334,5,1,4,0.8149882903981265,3.9555035128805622,nested_oof,0.5
24-4,24,4,1,0,0,0.6475051641464233,0.6475051641464233,1,1,0.6475051641464233,0.14750516414642334,4,3,3,0.8618266978922717,4.583138173302108,nested_oof,0.5
24-5,24,5,1,0,0,0.6475051641464233,0.6475051641464233,1,1,0.6475051641464233,0.14750516414642334,4,3,3,0.7868852459016393,3.962529274004684,nested_oof,0.5
24-6,24,6,1,1,1,0.35249483585357666,0.6475051641464233,1,0,0.35249483585357666,0.14750516414642334,4,3,2,0.7915690866510539,3.7353629976580796,nested_oof,0.5
24-7,24,7,1,0,0,0.6475051641464233,0.6475051641464233,1,1,0.6475051641464233,0.14750516414642334,5,3,2,0.8407494145199064,3.540983606557377,nested_oof,0.5
24-8,24,8,1,0,0,0.6475051641464233,0.6475051641464233,1,1,0.6475051641464233,0.14750516414642334,3,3,2,0.7985948477751756,2.791569086651054,nested_oof,0.5
24-9,24,9,1,0,0,0.6475051641464233,0.6475051641464233,1,1,0.6475051641464233,0.14750516414642334,4,3,4,0.819672131147541,4.285714285714286,nested_oof,0.5
24-10,24,10,1,0,0,0.6475051641464233,0.6475051641464233,1,1,0.6475051641464233,0.14750516414642334,4,2,4,0.775175644028103,3.4988290398126463,nested_oof,0.5
24-11,24,11,1,0,0,0.6475051641464233,0.6475051641464233,1,1,0.6475051641464233,0.14750516414642334,3,3,4,0.7892271662763466,3.782201405152225,nested_oof,0.5
24-12,24,12,1,0,0,0.6475051641464233,0.6475051641464233,1,1,0.6475051641464233,0.14750516414642334,4,2,4,0.8290398126463701,3.6721311475409837,nested_oof,0.5
25-0,25,0,2,1,0,0.16999787092208862,0.8300021290779114,1,0,0.16999787092208862,0.3300021290779114,5,3,4,0.810304449648712,4.3629976580796255,nested_oof,0.5
25-1,25,1,2,1,0,0.16999787092208862,0.8300021290779114,1,0,0.16999787092208862,0.3300021290779114,4,3,4,0.8126463700234192,4.02576112412178,nested_oof,0.5
25-2,25,2,2,1,0,0.16999787092208862,0.8300021290779114,1,0,0.16999787092208862,0.3300021290779114,5,3,4,0.7939110070257611,3.8454332552693207,nested_oof,0.5
25-3,25,3,2,1,0,0.16999787092208862,0.8300021290779114,1,0,0.16999787092208862,0.3300021290779114,3,4,4,0.8149882903981265,3.9555035128805622,nested_oof,0.5
25-4,25,4,2,1,0,0.16999787092208862,0.8300021290779114,1,0,0.16999787092208862,0.3300021290779114,5,3,3,0.8618266978922717,4.583138173302108,nested_oof,0.5
25-5,25,5,2,1,0,0.16999787092208862,0.8300021290779114,1,0,0.16999787092208862,0.3300021290779114,4,4,3,0.7868852459016393,3.962529274004684,nested_oof,0.5
25-6,25,6,2,1,0,0.16999787092208862,0.8300021290779114,1,0,0.16999787092208862,0.3300021290779114,4,3,2,0.7915690866510539,3.7353629976580796,nested_oof,0.5
25-7,25,7,2,1,0,0.16999787092208862,0.8300021290779114,1,0,0.16999787092208862,0.3300021290779114,5,3,2,0.8407494145199064,3.540983606557377,nested_oof,0.5
25-8,25,8,2,1,0,0.16999787092208862,0.8300021290779114,1,0,0.16999787092208862,0.3300021290779114,3,3,2,0.7985948477751756,2.791569086651054,nested_oof,0.5
25-9,25,9,2,1,0,0.16999787092208862,0.8300021290779114,1,0,0.16999787092208862,0.3300021290779114,5,3,4,0.819672131147541,4.285714285714286,nested_oof,0.5
25-10,25,10,2,1,0,0.16999787092208862,0.8300021290779114,1,0,0.16999787092208862,0.3300021290779114,5,2,4,0.775175644028103,3.4988290398126463,nested_oof,0.5
25-11,25,11,2,1,0,0.16999787092208862,0.8300021290779114,1,0,0.16999787092208862,0.3300021290779114,3,3,4,0.7892271662763466,3.782201405152225,nested_oof,0.5
25-12,25,12,2,1,0,0.16999787092208862,0.8300021290779114,1,0,0.16999787092208862,0.3300021290779114,4,3,4,0.8290398126463701,3.6721311475409837,nested_oof,0.5
26-0,26,0,1,1,0,0.32505089044570923,0.6749491095542908,1,0,0.32505089044570923,0.17494910955429077,5,2,4,0.810304449648712,4.3629976580796255,nested_oof,0.5
26-1,26,1,1,1,0,0.32505089044570923,0.6749491095542908,1,0,0.32505089044570923,0.17494910955429077,4,3,4,0.8126463700234192,4.02576112412178,nested_oof,0.5
26-2,26,2,1,1,0,0.32505089044570923,0.6749491095542908,1,0,0.32505089044570923,0.17494910955429077,2,3,4,0.7939110070257611,3.8454332552693207,nested_oof,0.5
26-3,26,3,1,1,0,0.32505089044570923,0.6749491095542908,1,0,0.32505089044570923,0.17494910955429077,4,3,4,0.8149882903981265,3.9555035128805622,nested_oof,0.5
26-4,26,4,1,1,0,0.32505089044570923,0.6749491095542908,1,0,0.32505089044570923,0.17494910955429077,4,3,3,0.8618266978922717,4.583138173302108,nested_oof,0.5
26-5,26,5,1,1,0,0.32505089044570923,0.6749491095542908,1,0,0.32505089044570923,0.17494910955429077,4,3,3,0.7868852459016393,3.962529274004684,nested_oof,0.5
26-6,26,6,1,1,0,0.32505089044570923,0.6749491095542908,1,0,0.32505089044570923,0.17494910955429077,3,3,2,0.7915690866510539,3.7353629976580796,nested_oof,0.5
26-7,26,7,1,1,0,0.32505089044570923,0.6749491095542908,1,0,0.32505089044570923,0.17494910955429077,4,4,2,0.8407494145199064,3.540983606557377,nested_oof,0.5
26-8,26,8,1,1,0,0.32505089044570923,0.6749491095542908,1,0,0.32505089044570923,0.17494910955429077,3,3,2,0.7985948477751756,2.791569086651054,nested_oof,0.5
26-9,26,9,1,1,0,0.32505089044570923,0.6749491095542908,1,0,0.32505089044570923,0.17494910955429077,5,3,4,0.819672131147541,4.285714285714286,nested_oof,0.5
26-10,26,10,1,1,0,0.32505089044570923,0.6749491095542908,1,0,0.32505089044570923,0.17494910955429077,4,2,4,0.775175644028103,3.4988290398126463,nested_oof,0.5
26-11,26,11,1,1,0,0.32505089044570923,0.6749491095542908,1,0,0.32505089044570923,0.17494910955429077,3,3,4,0.7892271662763466,3.782201405152225,nested_oof,0.5
26-12,26,12,1,1,0,0.32505089044570923,0.6749491095542908,1,0,0.32505089044570923,0.17494910955429077,4,3,4,0.8290398126463701,3.6721311475409837,nested_oof,0.5
27-0,27,0,1,0,0,0.1267925351858139,0.1267925351858139,0,0,0.1267925351858139,0.3732074648141861,5,2,4,0.810304449648712,4.3629976580796255,nested_oof,0.5
27-1,27,1,1,0,0,0.1267925351858139,0.1267925351858139,0,0,0.1267925351858139,0.3732074648141861,4,3,4,0.8126463700234192,4.02576112412178,nested_oof,0.5
27-2,27,2,1,0,0,0.1267925351858139,0.1267925351858139,0,0,0.1267925351858139,0.3732074648141861,4,3,4,0.7939110070257611,3.8454332552693207,nested_oof,0.5
27-3,27,3,1,0,0,0.1267925351858139,0.1267925351858139,0,0,0.1267925351858139,0.3732074648141861,5,3,4,0.8149882903981265,3.9555035128805622,nested_oof,0.5
27-4,27,4,1,0,0,0.1267925351858139,0.1267925351858139,0,0,0.1267925351858139,0.3732074648141861,4,3,3,0.8618266978922717,4.583138173302108,nested_oof,0.5
27-5,27,5,1,0,0,0.1267925351858139,0.1267925351858139,0,0,0.1267925351858139,0.3732074648141861,4,3,3,0.7868852459016393,3.962529274004684,nested_oof,0.5
27-6,27,6,1,0,0,0.1267925351858139,0.1267925351858139,0,0,0.1267925351858139,0.3732074648141861,4,3,2,0.7915690866510539,3.7353629976580796,nested_oof,0.5
27-7,27,7,1,0,0,0.1267925351858139,0.1267925351858139,0,0,0.1267925351858139,0.3732074648141861,5,2,2,0.8407494145199064,3.540983606557377,nested_oof,0.5
27-8,27,8,1,0,0,0.1267925351858139,0.1267925351858139,0,0,0.1267925351858139,0.3732074648141861,3,3,2,0.7985948477751756,2.791569086651054,nested_oof,0.5
27-9,27,9,1,0,0,0.1267925351858139,0.1267925351858139,0,0,0.1267925351858139,0.3732074648141861,4,3,4,0.819672131147541,4.285714285714286,nested_oof,0.5
27-10,27,10,1,1,1,0.8732074648141861,0.1267925351858139,0,1,0.8732074648141861,0.3732074648141861,4,3,4,0.775175644028103,3.4988290398126463,nested_oof,0.5
27-11,27,11,1,0,0,0.1267925351858139,0.1267925351858139,0,0,0.1267925351858139,0.3732074648141861,3,3,4,0.7892271662763466,3.782201405152225,nested_oof,0.5
27-12,27,12,1,0,0,0.1267925351858139,0.1267925351858139,0,0,0.1267925351858139,0.3732074648141861,4,2,4,0.8290398126463701,3.6721311475409837,nested_oof,0.5
28-0,28,0,2,0,0,0.9222527146339417,0.9222527146339417,1,1,0.9222527146339417,0.42225271463394165,5,2,4,0.810304449648712,4.3629976580796255,nested_oof,0.5
28-1,28,1,2,0,0,0.9222527146339417,0.9222527146339417,1,1,0.9222527146339417,0.42225271463394165,4,3,4,0.8126463700234192,4.02576112412178,nested_oof,0.5
28-2,28,2,2,1,1,0.07774728536605835,0.9222527146339417,1,0,0.07774728536605835,0.42225271463394165,4,4,4,0.7939110070257611,3.8454332552693207,nested_oof,0.5
28-3,28,3,2,0,0,0.9222527146339417,0.9222527146339417,1,1,0.9222527146339417,0.42225271463394165,3,4,4,0.8149882903981265,3.9555035128805622,nested_oof,0.5
28-4,28,4,2,1,1,0.07774728536605835,0.9222527146339417,1,0,0.07774728536605835,0.42225271463394165,4,4,3,0.8618266978922717,4.583138173302108,nested_oof,0.5
28-5,28,5,2,1,1,0.07774728536605835,0.9222527146339417,1,0,0.07774728536605835,0.42225271463394165,3,4,3,0.7868852459016393,3.962529274004684,nested_oof,0.5
28-6,28,6,2,0,0,0.9222527146339417,0.9222527146339417,1,1,0.9222527146339417,0.42225271463394165,3,3,2,0.7915690866510539,3.7353629976580796,nested_oof,0.5
28-7,28,7,2,0,0,0.9222527146339417,0.9222527146339417,1,1,0.9222527146339417,0.42225271463394165,4,3,2,0.8407494145199064,3.540983606557377,nested_oof,0.5
28-8,28,8,2,0,0,0.9222527146339417,0.9222527146339417,1,1,0.9222527146339417,0.42225271463394165,3,3,2,0.7985948477751756,2.791569086651054,nested_oof,0.5
28-9,28,9,2,0,0,0.9222527146339417,0.9222527146339417,1,1,0.9222527146339417,0.42225271463394165,4,3,4,0.819672131147541,4.285714285714286,nested_oof,0.5
28-10,28,10,2,0,0,0.9222527146339417,0.9222527146339417,1,1,0.9222527146339417,0.42225271463394165,3,3,4,0.775175644028103,3.4988290398126463,nested_oof,0.5
28-11,28,11,2,0,0,0.9222527146339417,0.9222527146339417,1,1,0.9222527146339417,0.42225271463394165,2,3,4,0.7892271662763466,3.782201405152225,nested_oof,0.5
28-12,28,12,2,0,0,0.9222527146339417,0.9222527146339417,1,1,0.9222527146339417,0.42225271463394165,3,3,4,0.8290398126463701,3.6721311475409837,nested_oof,0.5
29-0,29,0,3,0,1,0.3616842031478882,0.3616842031478882,0,0,0.3616842031478882,0.13831579685211182,5,2,4,0.810304449648712,4.3629976580796255,nested_oof,0.5
29-1,29,1,3,0,1,0.3616842031478882,0.3616842031478882,0,0,0.3616842031478882,0.13831579685211182,4,3,4,0.8126463700234192,4.02576112412178,nested_oof,0.5
29-2,29,2,3,1,0,0.6383157968521118,0.3616842031478882,0,1,0.6383157968521118,0.13831579685211182,3,4,4,0.7939110070257611,3.8454332552693207,nested_oof,0.5
29-3,29,3,3,0,1,0.3616842031478882,0.3616842031478882,0,0,0.3616842031478882,0.13831579685211182,5,1,4,0.8149882903981265,3.9555035128805622,nested_oof,0.5
29-4,29,4,3,1,0,0.6383157968521118,0.3616842031478882,0,1,0.6383157968521118,0.13831579685211182,4,4,3,0.8618266978922717,4.583138173302108,nested_oof,0.5
29-5,29,5,3,0,1,0.3616842031478882,0.3616842031478882,0,0,0.3616842031478882,0.13831579685211182,5,3,3,0.7868852459016393,3.962529274004684,nested_oof,0.5
29-6,29,6,3,0,1,0.3616842031478882,0.3616842031478882,0,0,0.3616842031478882,0.13831579685211182,4,3,2,0.7915690866510539,3.7353629976580796,nested_oof,0.5
29-7,29,7,3,0,1,0.3616842031478882,0.3616842031478882,0,0,0.3616842031478882,0.13831579685211182,4,2,2,0.8407494145199064,3.540983606557377,nested_oof,0.5
29-8,29,8,3,0,1,0.3616842031478882,0.3616842031478882,0,0,0.3616842031478882,0.13831579685211182,4,2,2,0.7985948477751756,2.791569086651054,nested_oof,0.5
29-9,29,9,3,0,1,0.3616842031478882,0.3616842031478882,0,0,0.3616842031478882,0.13831579685211182,5,3,4,0.819672131147541,4.285714285714286,nested_oof,0.5
29-10,29,10,3,1,0,0.6383157968521118,0.3616842031478882,0,1,0.6383157968521118,0.13831579685211182,4,2,4,0.775175644028103,3.4988290398126463,nested_oof,0.5
29-11,29,11,3,0,1,0.3616842031478882,0.3616842031478882,0,0,0.3616842031478882,0.13831579685211182,3,3,4,0.7892271662763466,3.782201405152225,nested_oof,0.5
29-12,29,12,3,0,1,0.3616842031478882,0.3616842031478882,0,0,0.3616842031478882,0.13831579685211182,4,2,4,0.8290398126463701,3.6721311475409837,nested_oof,0.5
30-0,30,0,2,0,0,0.015836602076888,0.015836602076888,0,0,0.015836602076888,0.484163397923112,5,2,4,0.810304449648712,4.3629976580796255,nested_oof,0.5
30-1,30,1,2,0,0,0.015836602076888,0.015836602076888,0,0,0.015836602076888,0.484163397923112,4,3,4,0.8126463700234192,4.02576112412178,nested_oof,0.5
30-2,30,2,2,0,0,0.015836602076888,0.015836602076888,0,0,0.015836602076888,0.484163397923112,4,2,4,0.7939110070257611,3.8454332552693207,nested_oof,0.5
30-3,30,3,2,0,0,0.015836602076888,0.015836602076888,0,0,0.015836602076888,0.484163397923112,5,1,4,0.8149882903981265,3.9555035128805622,nested_oof,0.5
30-4,30,4,2,0,0,0.015836602076888,0.015836602076888,0,0,0.015836602076888,0.484163397923112,4,3,3,0.8618266978922717,4.583138173302108,nested_oof,0.5
30-5,30,5,2,0,0,0.015836602076888,0.015836602076888,0,0,0.015836602076888,0.484163397923112,4,3,3,0.7868852459016393,3.962529274004684,nested_oof,0.5
30-6,30,6,2,0,0,0.015836602076888,0.015836602076888,0,0,0.015836602076888,0.484163397923112,4,3,2,0.7915690866510539,3.7353629976580796,nested_oof,0.5
30-7,30,7,2,0,0,0.015836602076888,0.015836602076888,0,0,0.015836602076888,0.484163397923112,4,2,2,0.8407494145199064,3.540983606557377,nested_oof,0.5
30-8,30,8,2,0,0,0.015836602076888,0.015836602076888,0,0,0.015836602076888,0.484163397923112,3,3,2,0.7985948477751756,2.791569086651054,nested_oof,0.5
30-9,30,9,2,0,0,0.015836602076888,0.015836602076888,0,0,0.015836602076888,0.484163397923112,4,3,4,0.819672131147541,4.285714285714286,nested_oof,0.5
30-10,30,10,2,0,0,0.015836602076888,0.015836602076888,0,0,0.015836602076888,0.484163397923112,3,1,4,0.775175644028103,3.4988290398126463,nested_oof,0.5
30-11,30,11,2,0,0,0.015836602076888,0.015836602076888,0,0,0.015836602076888,0.484163397923112,3,3,4,0.7892271662763466,3.782201405152225,nested_oof,0.5
30-12,30,12,2,0,0,0.015836602076888,0.015836602076888,0,0,0.015836602076888,0.484163397923112,4,2,4,0.8290398126463701,3.6721311475409837,nested_oof,0.5
31-0,31,0,4,1,0,0.03158414363861084,0.9684158563613892,1,0,0.03158414363861084,0.46841585636138916,5,4,4,0.810304449648712,4.3629976580796255,nested_oof,0.5
31-1,31,1,4,1,0,0.03158414363861084,0.9684158563613892,1,0,0.03158414363861084,0.46841585636138916,4,4,4,0.8126463700234192,4.02576112412178,nested_oof,0.5
31-2,31,2,4,1,0,0.03158414363861084,0.9684158563613892,1,0,0.03158414363861084,0.46841585636138916,4,4,4,0.7939110070257611,3.8454332552693207,nested_oof,0.5
31-3,31,3,4,1,0,0.03158414363861084,0.9684158563613892,1,0,0.03158414363861084,0.46841585636138916,5,3,4,0.8149882903981265,3.9555035128805622,nested_oof,0.5
31-4,31,4,4,1,0,0.03158414363861084,0.9684158563613892,1,0,0.03158414363861084,0.46841585636138916,5,3,3,0.8618266978922717,4.583138173302108,nested_oof,0.5
31-5,31,5,4,1,0,0.03158414363861084,0.9684158563613892,1,0,0.03158414363861084,0.46841585636138916,4,4,3,0.7868852459016393,3.962529274004684,nested_oof,0.5
31-6,31,6,4,1,0,0.03158414363861084,0.9684158563613892,1,0,0.03158414363861084,0.46841585636138916,3,3,2,0.7915690866510539,3.7353629976580796,nested_oof,0.5
31-7,31,7,4,1,0,0.03158414363861084,0.9684158563613892,1,0,0.03158414363861084,0.46841585636138916,4,4,2,0.8407494145199064,3.540983606557377,nested_oof,0.5
31-8,31,8,4,1,0,0.03158414363861084,0.9684158563613892,1,0,0.03158414363861084,0.46841585636138916,2,3,2,0.7985948477751756,2.791569086651054,nested_oof,0.5
31-9,31,9,4,1,0,0.03158414363861084,0.9684158563613892,1,0,0.03158414363861084,0.46841585636138916,4,4,4,0.819672131147541,4.285714285714286,nested_oof,0.5
31-10,31,10,4,1,0,0.03158414363861084,0.9684158563613892,1,0,0.03158414363861084,0.46841585636138916,4,4,4,0.775175644028103,3.4988290398126463,nested_oof,0.5
31-11,31,11,4,1,0,0.03158414363861084,0.9684158563613892,1,0,0.03158414363861084,0.46841585636138916,3,3,4,0.7892271662763466,3.782201405152225,nested_oof,0.5
31-12,31,12,4,1,0,0.03158414363861084,0.9684158563613892,1,0,0.03158414363861084,0.46841585636138916,3,4,4,0.8290398126463701,3.6721311475409837,nested_oof,0.5
32-0,32,0,2,1,1,0.8411314934492112,0.1588685065507888,0,1,0.8411314934492112,0.34113149344921123,5,2,4,0.810304449648712,4.3629976580796255,nested_oof,0.5
32-1,32,1,2,0,0,0.1588685065507888,0.1588685065507888,0,0,0.1588685065507888,0.34113149344921123,4,3,4,0.8126463700234192,4.02576112412178,nested_oof,0.5
32-2,32,2,2,0,0,0.1588685065507888,0.1588685065507888,0,0,0.1588685065507888,0.34113149344921123,2,3,4,0.7939110070257611,3.8454332552693207,nested_oof,0.5
32-3,32,3,2,1,1,0.8411314934492112,0.1588685065507888,0,1,0.8411314934492112,0.34113149344921123,4,2,4,0.8149882903981265,3.9555035128805622,nested_oof,0.5
32-4,32,4,2,1,1,0.8411314934492112,0.1588685065507888,0,1,0.8411314934492112,0.34113149344921123,4,4,3,0.8618266978922717,4.583138173302108,nested_oof,0.5
32-5,32,5,2,1,1,0.8411314934492112,0.1588685065507888,0,1,0.8411314934492112,0.34113149344921123,4,3,3,0.7868852459016393,3.962529274004684,nested_oof,0.5
32-6,32,6,2,0,0,0.1588685065507888,0.1588685065507888,0,0,0.1588685065507888,0.34113149344921123,4,3,2,0.7915690866510539,3.7353629976580796,nested_oof,0.5
32-7,32,7,2,0,0,0.1588685065507888,0.1588685065507888,0,0,0.1588685065507888,0.34113149344921123,3,4,2,0.8407494145199064,3.540983606557377,nested_oof,0.5
32-8,32,8,2,1,1,0.8411314934492112,0.1588685065507888,0,1,0.8411314934492112,0.34113149344921123,2,3,2,0.7985948477751756,2.791569086651054,nested_oof,0.5
32-9,32,9,2,1,1,0.8411314934492112,0.1588685065507888,0,1,0.8411314934492112,0.34113149344921123,3,4,4,0.819672131147541,4.285714285714286,nested_oof,0.5
32-10,32,10,2,1,1,0.8411314934492112,0.1588685065507888,0,1,0.8411314934492112,0.34113149344921123,4,2,4,0.775175644028103,3.4988290398126463,nested_oof,0.5
32-11,32,11,2,1,1,0.8411314934492112,0.1588685065507888,0,1,0.8411314934492112,0.34113149344921123,3,3,4,0.7892271662763466,3.782201405152225,nested_oof,0.5
32-12,32,12,2,1,1,0.8411314934492112,0.1588685065507888,0,1,0.8411314934492112,0.34113149344921123,3,3,4,0.8290398126463701,3.6721311475409837,nested_oof,0.5
33-0,33,0,3,0,0,0.3186074495315552,0.3186074495315552,0,0,0.3186074495315552,0.18139255046844482,5,2,4,0.810304449648712,4.3629976580796255,nested_oof,0.5
33-1,33,1,3,0,0,0.3186074495315552,0.3186074495315552,0,0,0.3186074495315552,0.18139255046844482,4,3,4,0.8126463700234192,4.02576112412178,nested_oof,0.5
33-2,33,2,3,0,0,0.3186074495315552,0.3186074495315552,0,0,0.3186074495315552,0.18139255046844482,4,3,4,0.7939110070257611,3.8454332552693207,nested_oof,0.5
33-3,33,3,3,0,0,0.3186074495315552,0.3186074495315552,0,0,0.3186074495315552,0.18139255046844482,4,4,4,0.8149882903981265,3.9555035128805622,nested_oof,0.5
33-4,33,4,3,0,0,0.3186074495315552,0.3186074495315552,0,0,0.3186074495315552,0.18139255046844482,4,4,3,0.8618266978922717,4.583138173302108,nested_oof,0.5
33-5,33,5,3,0,0,0.3186074495315552,0.3186074495315552,0,0,0.3186074495315552,0.18139255046844482,2,4,3,0.7868852459016393,3.962529274004684,nested_oof,0.5
33-6,33,6,3,0,0,0.3186074495315552,0.3186074495315552,0,0,0.3186074495315552,0.18139255046844482,4,4,2,0.7915690866510539,3.7353629976580796,nested_oof,0.5
33-7,33,7,3,0,0,0.3186074495315552,0.3186074495315552,0,0,0.3186074495315552,0.18139255046844482,4,3,2,0.8407494145199064,3.540983606557377,nested_oof,0.5
33-8,33,8,3,0,0,0.3186074495315552,0.3186074495315552,0,0,0.3186074495315552,0.18139255046844482,2,3,2,0.7985948477751756,2.791569086651054,nested_oof,0.5
33-9,33,9,3,0,0,0.3186074495315552,0.3186074495315552,0,0,0.3186074495315552,0.18139255046844482,3,4,4,0.819672131147541,4.285714285714286,nested_oof,0.5
33-10,33,10,3,1,1,0.6813925504684448,0.3186074495315552,0,1,0.6813925504684448,0.18139255046844482,3,3,4,0.775175644028103,3.4988290398126463,nested_oof,0.5
33-11,33,11,3,1,1,0.6813925504684448,0.3186074495315552,0,1,0.6813925504684448,0.18139255046844482,2,3,4,0.7892271662763466,3.782201405152225,nested_oof,0.5
33-12,33,12,3,1,1,0.6813925504684448,0.3186074495315552,0,1,0.6813925504684448,0.18139255046844482,2,4,4,0.8290398126463701,3.6721311475409837,nested_oof,0.5
34-0,34,0,4,0,1,0.8961247801780701,0.8961247801780701,1,1,0.8961247801780701,0.39612478017807007,5,2,4,0.810304449648712,4.3629976580796255,nested_oof,0.5
34-1,34,1,4,0,1,0.8961247801780701,0.8961247801780701,1,1,0.8961247801780701,0.39612478017807007,4,3,4,0.8126463700234192,4.02576112412178,nested_oof,0.5
34-2,34,2,4,1,0,0.10387521982192993,0.8961247801780701,1,0,0.10387521982192993,0.39612478017807007,4,4,4,0.7939110070257611,3.8454332552693207,nested_oof,0.5
34-3,34,3,4,0,1,0.8961247801780701,0.8961247801780701,1,1,0.8961247801780701,0.39612478017807007,4,2,4,0.8149882903981265,3.9555035128805622,nested_oof,0.5
34-4,34,4,4,1,0,0.10387521982192993,0.8961247801780701,1,0,0.10387521982192993,0.39612478017807007,5,3,3,0.8618266978922717,4.583138173302108,nested_oof,0.5
34-5,34,5,4,0,1,0.8961247801780701,0.8961247801780701,1,1,0.8961247801780701,0.39612478017807007,5,3,3,0.7868852459016393,3.962529274004684,nested_oof,0.5
34-6,34,6,4,1,0,0.10387521982192993,0.8961247801780701,1,0,0.10387521982192993,0.39612478017807007,4,3,2,0.7915690866510539,3.7353629976580796,nested_oof,0.5
34-7,34,7,4,1,0,0.10387521982192993,0.8961247801780701,1,0,0.10387521982192993,0.39612478017807007,4,4,2,0.8407494145199064,3.540983606557377,nested_oof,0.5
34-8,34,8,4,0,1,0.8961247801780701,0.8961247801780701,1,1,0.8961247801780701,0.39612478017807007,3,2,2,0.7985948477751756,2.791569086651054,nested_oof,0.5
34-9,34,9,4,0,1,0.8961247801780701,0.8961247801780701,1,1,0.8961247801780701,0.39612478017807007,3,4,4,0.819672131147541,4.285714285714286,nested_oof,0.5
34-10,34,10,4,1,0,0.10387521982192993,0.8961247801780701,1,0,0.10387521982192993,0.39612478017807007,3,3,4,0.775175644028103,3.4988290398126463,nested_oof,0.5
34-11,34,11,4,0,1,0.8961247801780701,0.8961247801780701,1,1,0.8961247801780701,0.39612478017807007,3,3,4,0.7892271662763466,3.782201405152225,nested_oof,0.5
34-12,34,12,4,1,0,0.10387521982192993,0.8961247801780701,1,0,0.10387521982192993,0.39612478017807007,4,3,4,0.8290398126463701,3.6721311475409837,nested_oof,0.5
35-0,35,0,4,0,0,0.0478569343686103,0.0478569343686103,0,0,0.0478569343686103,0.45214306563138973,5,2,4,0.810304449648712,4.3629976580796255,nested_oof,0.5
35-1,35,1,4,0,0,0.0478569343686103,0.0478569343686103,0,0,0.0478569343686103,0.45214306563138973,4,3,4,0.8126463700234192,4.02576112412178,nested_oof,0.5
35-2,35,2,4,0,0,0.0478569343686103,0.0478569343686103,0,0,0.0478569343686103,0.45214306563138973,4,2,4,0.7939110070257611,3.8454332552693207,nested_oof,0.5
35-3,35,3,4,0,0,0.0478569343686103,0.0478569343686103,0,0,0.0478569343686103,0.45214306563138973,5,1,4,0.8149882903981265,3.9555035128805622,nested_oof,0.5
35-4,35,4,4,0,0,0.0478569343686103,0.0478569343686103,0,0,0.0478569343686103,0.45214306563138973,5,3,3,0.8618266978922717,4.583138173302108,nested_oof,0.5
35-5,35,5,4,1,1,0.9521430656313897,0.0478569343686103,0,1,0.9521430656313897,0.45214306563138973,3,4,3,0.7868852459016393,3.962529274004684,nested_oof,0.5
35-6,35,6,4,1,1,0.9521430656313897,0.0478569343686103,0,1,0.9521430656313897,0.45214306563138973,4,3,2,0.7915690866510539,3.7353629976580796,nested_oof,0.5
35-7,35,7,4,0,0,0.0478569343686103,0.0478569343686103,0,0,0.0478569343686103,0.45214306563138973,4,3,2,0.8407494145199064,3.540983606557377,nested_oof,0.5
35-8,35,8,4,1,1,0.9521430656313897,0.0478569343686103,0,1,0.9521430656313897,0.45214306563138973,2,3,2,0.7985948477751756,2.791569086651054,nested_oof,0.5
35-9,35,9,4,0,0,0.0478569343686103,0.0478569343686103,0,0,0.0478569343686103,0.45214306563138973,5,2,4,0.819672131147541,4.285714285714286,nested_oof,0.5
35-10,35,10,4,1,1,0.9521430656313897,0.0478569343686103,0,1,0.9521430656313897,0.45214306563138973,3,3,4,0.775175644028103,3.4988290398126463,nested_oof,0.5
35-11,35,11,4,0,0,0.0478569343686103,0.0478569343686103,0,0,0.0478569343686103,0.45214306563138973,3,3,4,0.7892271662763466,3.782201405152225,nested_oof,0.5
35-12,35,12,4,0,0,0.0478569343686103,0.0478569343686103,0,0,0.0478569343686103,0.45214306563138973,4,2,4,0.8290398126463701,3.6721311475409837,nested_oof,0.5
36-0,36,0,5,0,0,0.0199178867042064,0.0199178867042064,0,0,0.0199178867042064,0.4800821132957936,4,3,4,0.810304449648712,4.3629976580796255,nested_oof,0.5
36-1,36,1,5,1,1,0.9800821132957936,0.0199178867042064,0,1,0.9800821132957936,0.4800821132957936,3,3,4,0.8126463700234192,4.02576112412178,nested_oof,0.5
36-2,36,2,5,0,0,0.0199178867042064,0.0199178867042064,0,0,0.0199178867042064,0.4800821132957936,4,3,4,0.7939110070257611,3.8454332552693207,nested_oof,0.5
36-3,36,3,5,1,1,0.9800821132957936,0.0199178867042064,0,1,0.9800821132957936,0.4800821132957936,4,4,4,0.8149882903981265,3.9555035128805622,nested_oof,0.5
36-4,36,4,5,0,0,0.0199178867042064,0.0199178867042064,0,0,0.0199178867042064,0.4800821132957936,5,4,3,0.8618266978922717,4.583138173302108,nested_oof,0.5
36-5,36,5,5,1,1,0.9800821132957936,0.0199178867042064,0,1,0.9800821132957936,0.4800821132957936,3,4,3,0.7868852459016393,3.962529274004684,nested_oof,0.5
36-6,36,6,5,0,0,0.0199178867042064,0.0199178867042064,0,0,0.0199178867042064,0.4800821132957936,4,3,2,0.7915690866510539,3.7353629976580796,nested_oof,0.5
36-7,36,7,5,0,0,0.0199178867042064,0.0199178867042064,0,0,0.0199178867042064,0.4800821132957936,4,3,2,0.8407494145199064,3.540983606557377,nested_oof,0.5
36-8,36,8,5,1,1,0.9800821132957936,0.0199178867042064,0,1,0.9800821132957936,0.4800821132957936,2,3,2,0.7985948477751756,2.791569086651054,nested_oof,0.5
36-9,36,9,5,1,1,0.9800821132957936,0.0199178867042064,0,1,0.9800821132957936,0.4800821132957936,3,4,4,0.819672131147541,4.285714285714286,nested_oof,0.5
36-10,36,10,5,1,1,0.9800821132957936,0.0199178867042064,0,1,0.9800821132957936,0.4800821132957936,4,3,4,0.775175644028103,3.4988290398126463,nested_oof,0.5
36-11,36,11,5,1,1,0.9800821132957936,0.0199178867042064,0,1,0.9800821132957936,0.4800821132957936,2,3,4,0.7892271662763466,3.782201405152225,nested_oof,0.5
36-12,36,12,5,1,1,0.9800821132957936,0.0199178867042064,0,1,0.9800821132957936,0.4800821132957936,3,3,4,0.8290398126463701,3.6721311475409837,nested_oof,0.5
37-0,37,0,5,1,0,0.3150845170021057,0.6849154829978943,1,0,0.3150845170021057,0.1849154829978943,5,2,4,0.810304449648712,4.3629976580796255,nested_oof,0.5
37-1,37,1,5,0,1,0.6849154829978943,0.6849154829978943,1,1,0.6849154829978943,0.1849154829978943,4,3,4,0.8126463700234192,4.02576112412178,nested_oof,0.5
37-2,37,2,5,1,0,0.3150845170021057,0.6849154829978943,1,0,0.3150845170021057,0.1849154829978943,4,2,4,0.7939110070257611,3.8454332552693207,nested_oof,0.5
37-3,37,3,5,1,0,0.3150845170021057,0.6849154829978943,1,0,0.3150845170021057,0.1849154829978943,5,1,4,0.8149882903981265,3.9555035128805622,nested_oof,0.5
37-4,37,4,5,1,0,0.3150845170021057,0.6849154829978943,1,0,0.3150845170021057,0.1849154829978943,4,4,3,0.8618266978922717,4.583138173302108,nested_oof,0.5
37-5,37,5,5,0,1,0.6849154829978943,0.6849154829978943,1,1,0.6849154829978943,0.1849154829978943,4,3,3,0.7868852459016393,3.962529274004684,nested_oof,0.5
37-6,37,6,5,0,1,0.6849154829978943,0.6849154829978943,1,1,0.6849154829978943,0.1849154829978943,4,3,2,0.7915690866510539,3.7353629976580796,nested_oof,0.5
37-7,37,7,5,1,0,0.3150845170021057,0.6849154829978943,1,0,0.3150845170021057,0.1849154829978943,3,4,2,0.8407494145199064,3.540983606557377,nested_oof,0.5
37-8,37,8,5,1,0,0.3150845170021057,0.6849154829978943,1,0,0.3150845170021057,0.1849154829978943,3,3,2,0.7985948477751756,2.791569086651054,nested_oof,0.5
37-9,37,9,5,1,0,0.3150845170021057,0.6849154829978943,1,0,0.3150845170021057,0.1849154829978943,4,4,4,0.819672131147541,4.285714285714286,nested_oof,0.5
37-10,37,10,5,1,0,0.3150845170021057,0.6849154829978943,1,0,0.3150845170021057,0.1849154829978943,4,2,4,0.775175644028103,3.4988290398126463,nested_oof,0.5
37-11,37,11,5,1,0,0.3150845170021057,0.6849154829978943,1,0,0.3150845170021057,0.1849154829978943,3,3,4,0.7892271662763466,3.782201405152225,nested_oof,0.5
37-12,37,12,5,0,1,0.6849154829978943,0.6849154829978943,1,1,0.6849154829978943,0.1849154829978943,3,3,4,0.8290398126463701,3.6721311475409837,nested_oof,0.5
38-0,38,0,3,0,0,0.1174375340342521,0.1174375340342521,0,0,0.1174375340342521,0.3825624659657479,5,2,4,0.810304449648712,4.3629976580796255,nested_oof,0.5
38-1,38,1,3,0,0,0.1174375340342521,0.1174375340342521,0,0,0.1174375340342521,0.3825624659657479,4,3,4,0.8126463700234192,4.02576112412178,nested_oof,0.5
38-2,38,2,3,1,1,0.8825624659657479,0.1174375340342521,0,1,0.8825624659657479,0.3825624659657479,1,3,4,0.7939110070257611,3.8454332552693207,nested_oof,0.5
38-3,38,3,3,0,0,0.1174375340342521,0.1174375340342521,0,0,0.1174375340342521,0.3825624659657479,5,1,4,0.8149882903981265,3.9555035128805622,nested_oof,0.5
38-4,38,4,3,0,0,0.1174375340342521,0.1174375340342521,0,0,0.1174375340342521,0.3825624659657479,5,3,3,0.8618266978922717,4.583138173302108,nested_oof,0.5
38-5,38,5,3,1,1,0.8825624659657479,0.1174375340342521,0,1,0.8825624659657479,0.3825624659657479,4,4,3,0.7868852459016393,3.962529274004684,nested_oof,0.5
38-6,38,6,3,0,0,0.1174375340342521,0.1174375340342521,0,0,0.1174375340342521,0.3825624659657479,4,3,2,0.7915690866510539,3.7353629976580796,nested_oof,0.5
38-7,38,7,3,0,0,0.1174375340342521,0.1174375340342521,0,0,0.1174375340342521,0.3825624659657479,4,2,2,0.8407494145199064,3.540983606557377,nested_oof,0.5
38-8,38,8,3,0,0,0.1174375340342521,0.1174375340342521,0,0,0.1174375340342521,0.3825624659657479,2,3,2,0.7985948477751756,2.791569086651054,nested_oof,0.5
38-9,38,9,3,0,0,0.1174375340342521,0.1174375340342521,0,0,0.1174375340342521,0.3825624659657479,3,4,4,0.819672131147541,4.285714285714286,nested_oof,0.5
38-10,38,10,3,0,0,0.1174375340342521,0.1174375340342521,0,0,0.1174375340342521,0.3825624659657479,3,2,4,0.775175644028103,3.4988290398126463,nested_oof,0.5
38-11,38,11,3,0,0,0.1174375340342521,0.1174375340342521,0,0,0.1174375340342521,0.3825624659657479,3,3,4,0.7892271662763466,3.782201405152225,nested_oof,0.5
38-12,38,12,3,0,0,0.1174375340342521,0.1174375340342521,0,0,0.1174375340342521,0.3825624659657479,4,2,4,0.8290398126463701,3.6721311475409837,nested_oof,0.5
39-0,39,0,4,0,0,0.1746675670146942,0.1746675670146942,0,0,0.1746675670146942,0.3253324329853058,5,2,4,0.810304449648712,4.3629976580796255,nested_oof,0.5
39-1,39,1,4,0,0,0.1746675670146942,0.1746675670146942,0,0,0.1746675670146942,0.3253324329853058,4,3,4,0.8126463700234192,4.02576112412178,nested_oof,0.5
39-2,39,2,4,0,0,0.1746675670146942,0.1746675670146942,0,0,0.1746675670146942,0.3253324329853058,3,3,4,0.7939110070257611,3.8454332552693207,nested_oof,0.5
39-3,39,3,4,0,0,0.1746675670146942,0.1746675670146942,0,0,0.1746675670146942,0.3253324329853058,5,2,4,0.8149882903981265,3.9555035128805622,nested_oof,0.5
39-4,39,4,4,0,0,0.1746675670146942,0.1746675670146942,0,0,0.1746675670146942,0.3253324329853058,4,3,3,0.8618266978922717,4.583138173302108,nested_oof,0.5
39-5,39,5,4,0,0,0.1746675670146942,0.1746675670146942,0,0,0.1746675670146942,0.3253324329853058,4,3,3,0.7868852459016393,3.962529274004684,nested_oof,0.5
39-6,39,6,4,0,0,0.1746675670146942,0.1746675670146942,0,0,0.1746675670146942,0.3253324329853058,4,3,2,0.7915690866510539,3.7353629976580796,nested_oof,0.5
39-7,39,7,4,0,0,0.1746675670146942,0.1746675670146942,0,0,0.1746675670146942,0.3253324329853058,4,2,2,0.8407494145199064,3.540983606557377,nested_oof,0.5
39-8,39,8,4,0,0,0.1746675670146942,0.1746675670146942,0,0,0.1746675670146942,0.3253324329853058,3,3,2,0.7985948477751756,2.791569086651054,nested_oof,0.5
39-9,39,9,4,0,0,0.1746675670146942,0.1746675670146942,0,0,0.1746675670146942,0.3253324329853058,4,3,4,0.819672131147541,4.285714285714286,nested_oof,0.5
39-10,39,10,4,0,0,0.1746675670146942,0.1746675670146942,0,0,0.1746675670146942,0.3253324329853058,3,2,4,0.775175644028103,3.4988290398126463,nested_oof,0.5
39-11,39,11,4,1,1,0.8253324329853058,0.1746675670146942,0,1,0.8253324329853058,0.3253324329853058,3,3,4,0.7892271662763466,3.782201405152225,nested_oof,0.5
39-12,39,12,4,0,0,0.1746675670146942,0.1746675670146942,0,0,0.1746675670146942,0.3253324329853058,4,3,4,0.8290398126463701,3.6721311475409837,nested_oof,0.5
40-0,40,0,2,1,0,0.7721437513828278,0.2278562486171722,0,1,0.7721437513828278,0.27214375138282776,5,2,4,0.810304449648712,4.3629976580796255,nested_oof,0.5
40-1,40,1,2,1,0,0.7721437513828278,0.2278562486171722,0,1,0.7721437513828278,0.27214375138282776,4,3,4,0.8126463700234192,4.02576112412178,nested_oof,0.5
40-2,40,2,2,1,0,0.7721437513828278,0.2278562486171722,0,1,0.7721437513828278,0.27214375138282776,3,4,4,0.7939110070257611,3.8454332552693207,nested_oof,0.5
40-3,40,3,2,1,0,0.7721437513828278,0.2278562486171722,0,1,0.7721437513828278,0.27214375138282776,5,2,4,0.8149882903981265,3.9555035128805622,nested_oof,0.5
40-4,40,4,2,1,0,0.7721437513828278,0.2278562486171722,0,1,0.7721437513828278,0.27214375138282776,5,3,3,0.8618266978922717,4.583138173302108,nested_oof,0.5
40-5,40,5,2,1,0,0.7721437513828278,0.2278562486171722,0,1,0.7721437513828278,0.27214375138282776,4,3,3,0.7868852459016393,3.962529274004684,nested_oof,0.5
40-6,40,6,2,1,0,0.7721437513828278,0.2278562486171722,0,1,0.7721437513828278,0.27214375138282776,4,3,2,0.7915690866510539,3.7353629976580796,nested_oof,0.5
40-7,40,7,2,1,0,0.7721437513828278,0.2278562486171722,0,1,0.7721437513828278,0.27214375138282776,5,2,2,0.8407494145199064,3.540983606557377,nested_oof,0.5
40-8,40,8,2,1,0,0.7721437513828278,0.2278562486171722,0,1,0.7721437513828278,0.27214375138282776,3,3,2,0.7985948477751756,2.791569086651054,nested_oof,0.5
40-9,40,9,2,1,0,0.7721437513828278,0.2278562486171722,0,1,0.7721437513828278,0.27214375138282776,5,1,4,0.819672131147541,4.285714285714286,nested_oof,0.5
40-10,40,10,2,1,0,0.7721437513828278,0.2278562486171722,0,1,0.7721437513828278,0.27214375138282776,4,2,4,0.775175644028103,3.4988290398126463,nested_oof,0.5
40-11,40,11,2,1,0,0.7721437513828278,0.2278562486171722,0,1,0.7721437513828278,0.27214375138282776,3,3,4,0.7892271662763466,3.782201405152225,nested_oof,0.5
40-12,40,12,2,1,0,0.7721437513828278,0.2278562486171722,0,1,0.7721437513828278,0.27214375138282776,4,3,4,0.8290398126463701,3.6721311475409837,nested_oof,0.5
41-0,41,0,3,0,0,0.7264028787612915,0.7264028787612915,1,1,0.7264028787612915,0.2264028787612915,5,2,4,0.810304449648712,4.3629976580796255,nested_oof,0.5
41-1,41,1,3,1,1,0.2735971212387085,0.7264028787612915,1,0,0.2735971212387085,0.2264028787612915,4,3,4,0.8126463700234192,4.02576112412178,nested_oof,0.5
41-2,41,2,3,0,0,0.7264028787612915,0.7264028787612915,1,1,0.7264028787612915,0.2264028787612915,3,3,4,0.7939110070257611,3.8454332552693207,nested_oof,0.5
41-3,41,3,3,1,1,0.2735971212387085,0.7264028787612915,1,0,0.2735971212387085,0.2264028787612915,5,2,4,0.8149882903981265,3.9555035128805622,nested_oof,0.5
41-4,41,4,3,0,0,0.7264028787612915,0.7264028787612915,1,1,0.7264028787612915,0.2264028787612915,4,3,3,0.8618266978922717,4.583138173302108,nested_oof,0.5
41-5,41,5,3,1,1,0.2735971212387085,0.7264028787612915,1,0,0.2735971212387085,0.2264028787612915,3,4,3,0.7868852459016393,3.962529274004684,nested_oof,0.5
41-6,41,6,3,1,1,0.2735971212387085,0.7264028787612915,1,0,0.2735971212387085,0.2264028787612915,4,3,2,0.7915690866510539,3.7353629976580796,nested_oof,0.5
41-7,41,7,3,1,1,0.2735971212387085,0.7264028787612915,1,0,0.2735971212387085,0.2264028787612915,4,4,2,0.8407494145199064,3.540983606557377,nested_oof,0.5
41-8,41,8,3,0,0,0.7264028787612915,0.7264028787612915,1,1,0.7264028787612915,0.2264028787612915,3,3,2,0.7985948477751756,2.791569086651054,nested_oof,0.5
41-9,41,9,3,1,1,0.2735971212387085,0.7264028787612915,1,0,0.2735971212387085,0.2264028787612915,5,2,4,0.819672131147541,4.285714285714286,nested_oof,0.5
41-10,41,10,3,1,1,0.2735971212387085,0.7264028787612915,1,0,0.2735971212387085,0.2264028787612915,3,3,4,0.775175644028103,3.4988290398126463,nested_oof,0.5
41-11,41,11,3,1,1,0.2735971212387085,0.7264028787612915,1,0,0.2735971212387085,0.2264028787612915,3,3,4,0.7892271662763466,3.782201405152225,nested_oof,0.5
41-12,41,12,3,1,1,0.2735971212387085,0.7264028787612915,1,0,0.2735971212387085,0.2264028787612915,3,3,4,0.8290398126463701,3.6721311475409837,nested_oof,0.5
42-0,42,0,1,0,0,0.7853376865386963,0.7853376865386963,1,1,0.7853376865386963,0.2853376865386963,5,2,4,0.810304449648712,4.3629976580796255,nested_oof,0.5
42-1,42,1,1,0,0,0.7853376865386963,0.7853376865386963,1,1,0.7853376865386963,0.2853376865386963,4,3,4,0.8126463700234192,4.02576112412178,nested_oof,0.5
42-2,42,2,1,0,0,0.7853376865386963,0.7853376865386963,1,1,0.7853376865386963,0.2853376865386963,4,2,4,0.7939110070257611,3.8454332552693207,nested_oof,0.5
42-3,42,3,1,0,0,0.7853376865386963,0.7853376865386963,1,1,0.7853376865386963,0.2853376865386963,5,1,4,0.8149882903981265,3.9555035128805622,nested_oof,0.5
42-4,42,4,1,0,0,0.7853376865386963,0.7853376865386963,1,1,0.7853376865386963,0.2853376865386963,5,3,3,0.8618266978922717,4.583138173302108,nested_oof,0.5
42-5,42,5,1,0,0,0.7853376865386963,0.7853376865386963,1,1,0.7853376865386963,0.2853376865386963,4,3,3,0.7868852459016393,3.962529274004684,nested_oof,0.5
42-6,42,6,1,0,0,0.7853376865386963,0.7853376865386963,1,1,0.7853376865386963,0.2853376865386963,5,3,2,0.7915690866510539,3.7353629976580796,nested_oof,0.5
42-7,42,7,1,0,0,0.7853376865386963,0.7853376865386963,1,1,0.7853376865386963,0.2853376865386963,5,1,2,0.8407494145199064,3.540983606557377,nested_oof,0.5
42-8,42,8,1,0,0,0.7853376865386963,0.7853376865386963,1,1,0.7853376865386963,0.2853376865386963,3,3,2,0.7985948477751756,2.791569086651054,nested_oof,0.5
42-9,42,9,1,0,0,0.7853376865386963,0.7853376865386963,1,1,0.7853376865386963,0.2853376865386963,5,2,4,0.819672131147541,4.285714285714286,nested_oof,0.5
42-10,42,10,1,0,0,0.7853376865386963,0.7853376865386963,1,1,0.7853376865386963,0.2853376865386963,4,2,4,0.775175644028103,3.4988290398126463,nested_oof,0.5
42-11,42,11,1,0,0,0.7853376865386963,0.7853376865386963,1,1,0.7853376865386963,0.2853376865386963,3,3,4,0.7892271662763466,3.782201405152225,nested_oof,0.5
42-12,42,12,1,0,0,0.7853376865386963,0.7853376865386963,1,1,0.7853376865386963,0.2853376865386963,4,2,4,0.8290398126463701,3.6721311475409837,nested_oof,0.5
43-0,43,0,5,0,0,0.015103742480278,0.015103742480278,0,0,0.015103742480278,0.484896257519722,5,2,4,0.810304449648712,4.3629976580796255,nested_oof,0.5
43-1,43,1,5,0,0,0.015103742480278,0.015103742480278,0,0,0.015103742480278,0.484896257519722,4,3,4,0.8126463700234192,4.02576112412178,nested_oof,0.5
43-2,43,2,5,0,0,0.015103742480278,0.015103742480278,0,0,0.015103742480278,0.484896257519722,4,2,4,0.7939110070257611,3.8454332552693207,nested_oof,0.5
43-3,43,3,5,0,0,0.015103742480278,0.015103742480278,0,0,0.015103742480278,0.484896257519722,4,2,4,0.8149882903981265,3.9555035128805622,nested_oof,0.5
43-4,43,4,5,0,0,0.015103742480278,0.015103742480278,0,0,0.015103742480278,0.484896257519722,5,3,3,0.8618266978922717,4.583138173302108,nested_oof,0.5
43-5,43,5,5,0,0,0.015103742480278,0.015103742480278,0,0,0.015103742480278,0.484896257519722,4,3,3,0.7868852459016393,3.962529274004684,nested_oof,0.5
43-6,43,6,5,0,0,0.015103742480278,0.015103742480278,0,0,0.015103742480278,0.484896257519722,4,3,2,0.7915690866510539,3.7353629976580796,nested_oof,0.5
43-7,43,7,5,0,0,0.015103742480278,0.015103742480278,0,0,0.015103742480278,0.484896257519722,4,2,2,0.8407494145199064,3.540983606557377,nested_oof,0.5
43-8,43,8,5,1,1,0.984896257519722,0.015103742480278,0,1,0.984896257519722,0.484896257519722,3,3,2,0.7985948477751756,2.791569086651054,nested_oof,0.5
43-9,43,9,5,0,0,0.015103742480278,0.015103742480278,0,0,0.015103742480278,0.484896257519722,4,3,4,0.819672131147541,4.285714285714286,nested_oof,0.5
43-10,43,10,5,0,0,0.015103742480278,0.015103742480278,0,0,0.015103742480278,0.484896257519722,4,2,4,0.775175644028103,3.4988290398126463,nested_oof,0.5
43-11,43,11,5,0,0,0.015103742480278,0.015103742480278,0,0,0.015103742480278,0.484896257519722,3,3,4,0.7892271662763466,3.782201405152225,nested_oof,0.5
43-12,43,12,5,0,0,0.015103742480278,0.015103742480278,0,0,0.015103742480278,0.484896257519722,4,2,4,0.8290398126463701,3.6721311475409837,nested_oof,0.5
44-0,44,0,1,1,0,0.05664956569671642,0.9433504343032836,1,0,0.05664956569671642,0.4433504343032836,5,2,4,0.810304449648712,4.3629976580796255,nested_oof,0.5
44-1,44,1,1,0,1,0.9433504343032836,0.9433504343032836,1,1,0.9433504343032836,0.4433504343032836,4,3,4,0.8126463700234192,4.02576112412178,nested_oof,0.5
44-2,44,2,1,1,0,0.05664956569671642,0.9433504343032836,1,0,0.05664956569671642,0.4433504343032836,4,4,4,0.7939110070257611,3.8454332552693207,nested_oof,0.5
44-3,44,3,1,1,0,0.05664956569671642,0.9433504343032836,1,0,0.05664956569671642,0.4433504343032836,4,3,4,0.8149882903981265,3.9555035128805622,nested_oof,0.5
44-4,44,4,1,1,0,0.05664956569671642,0.9433504343032836,1,0,0.05664956569671642,0.4433504343032836,5,2,3,0.8618266978922717,4.583138173302108,nested_oof,0.5
44-5,44,5,1,1,0,0.05664956569671642,0.9433504343032836,1,0,0.05664956569671642,0.4433504343032836,4,3,3,0.7868852459016393,3.962529274004684,nested_oof,0.5
44-6,44,6,1,1,0,0.05664956569671642,0.9433504343032836,1,0,0.05664956569671642,0.4433504343032836,4,3,2,0.7915690866510539,3.7353629976580796,nested_oof,0.5
44-7,44,7,1,1,0,0.05664956569671642,0.9433504343032836,1,0,0.05664956569671642,0.4433504343032836,4,4,2,0.8407494145199064,3.540983606557377,nested_oof,0.5
44-8,44,8,1,1,0,0.05664956569671642,0.9433504343032836,1,0,0.05664956569671642,0.4433504343032836,3,3,2,0.7985948477751756,2.791569086651054,nested_oof,0.5
44-9,44,9,1,1,0,0.05664956569671642,0.9433504343032836,1,0,0.05664956569671642,0.4433504343032836,4,2,4,0.819672131147541,4.285714285714286,nested_oof,0.5
44-10,44,10,1,1,0,0.05664956569671642,0.9433504343032836,1,0,0.05664956569671642,0.4433504343032836,4,4,4,0.775175644028103,3.4988290398126463,nested_oof,0.5
44-11,44,11,1,1,0,0.05664956569671642,0.9433504343032836,1,0,0.05664956569671642,0.4433504343032836,3,3,4,0.7892271662763466,3.782201405152225,nested_oof,0.5
44-12,44,12,1,1,0,0.05664956569671642,0.9433504343032836,1,0,0.05664956569671642,0.4433504343032836,4,3,4,0.8290398126463701,3.6721311475409837,nested_oof,0.5
45-0,45,0,2,1,0,0.06668275594711304,0.933317244052887,1,0,0.06668275594711304,0.43331724405288696,5,3,4,0.810304449648712,4.3629976580796255,nested_oof,0.5
45-1,45,1,2,1,0,0.06668275594711304,0.933317244052887,1,0,0.06668275594711304,0.43331724405288696,4,3,4,0.8126463700234192,4.02576112412178,nested_oof,0.5
45-2,45,2,2,1,0,0.06668275594711304,0.933317244052887,1,0,0.06668275594711304,0.43331724405288696,5,2,4,0.7939110070257611,3.8454332552693207,nested_oof,0.5
45-3,45,3,2,1,0,0.06668275594711304,0.933317244052887,1,0,0.06668275594711304,0.43331724405288696,5,3,4,0.8149882903981265,3.9555035128805622,nested_oof,0.5
45-4,45,4,2,1,0,0.06668275594711304,0.933317244052887,1,0,0.06668275594711304,0.43331724405288696,5,4,3,0.8618266978922717,4.583138173302108,nested_oof,0.5
45-5,45,5,2,1,0,0.06668275594711304,0.933317244052887,1,0,0.06668275594711304,0.43331724405288696,3,4,3,0.7868852459016393,3.962529274004684,nested_oof,0.5
45-6,45,6,2,1,0,0.06668275594711304,0.933317244052887,1,0,0.06668275594711304,0.43331724405288696,4,3,2,0.7915690866510539,3.7353629976580796,nested_oof,0.5
45-7,45,7,2,1,0,0.06668275594711304,0.933317244052887,1,0,0.06668275594711304,0.43331724405288696,5,3,2,0.8407494145199064,3.540983606557377,nested_oof,0.5
45-8,45,8,2,1,0,0.06668275594711304,0.933317244052887,1,0,0.06668275594711304,0.43331724405288696,3,3,2,0.7985948477751756,2.791569086651054,nested_oof,0.5
45-9,45,9,2,1,0,0.06668275594711304,0.933317244052887,1,0,0.06668275594711304,0.43331724405288696,4,3,4,0.819672131147541,4.285714285714286,nested_oof,0.5
45-10,45,10,2,1,0,0.06668275594711304,0.933317244052887,1,0,0.06668275594711304,0.43331724405288696,4,4,4,0.775175644028103,3.4988290398126463,nested_oof,0.5
45-11,45,11,2,1,0,0.06668275594711304,0.933317244052887,1,0,0.06668275594711304,0.43331724405288696,3,3,4,0.7892271662763466,3.782201405152225,nested_oof,0.5
45-12,45,12,2,1,0,0.06668275594711304,0.933317244052887,1,0,0.06668275594711304,0.43331724405288696,4,3,4,0.8290398126463701,3.6721311475409837,nested_oof,0.5
46-0,46,0,5,0,0,0.1997502446174621,0.1997502446174621,0,0,0.1997502446174621,0.3002497553825379,5,2,4,0.810304449648712,4.3629976580796255,nested_oof,0.5
46-1,46,1,5,0,0,0.1997502446174621,0.1997502446174621,0,0,0.1997502446174621,0.3002497553825379,4,3,4,0.8126463700234192,4.02576112412178,nested_oof,0.5
46-2,46,2,5,0,0,0.1997502446174621,0.1997502446174621,0,0,0.1997502446174621,0.3002497553825379,4,2,4,0.7939110070257611,3.8454332552693207,nested_oof,0.5
46-3,46,3,5,0,0,0.1997502446174621,0.1997502446174621,0,0,0.1997502446174621,0.3002497553825379,5,2,4,0.8149882903981265,3.9555035128805622,nested_oof,0.5
46-4,46,4,5,0,0,0.1997502446174621,0.1997502446174621,0,0,0.1997502446174621,0.3002497553825379,5,2,3,0.8618266978922717,4.583138173302108,nested_oof,0.5
46-5,46,5,5,0,0,0.1997502446174621,0.1997502446174621,0,0,0.1997502446174621,0.3002497553825379,4,3,3,0.7868852459016393,3.962529274004684,nested_oof,0.5
46-6,46,6,5,0,0,0.1997502446174621,0.1997502446174621,0,0,0.1997502446174621,0.3002497553825379,4,3,2,0.7915690866510539,3.7353629976580796,nested_oof,0.5
46-7,46,7,5,0,0,0.1997502446174621,0.1997502446174621,0,0,0.1997502446174621,0.3002497553825379,5,2,2,0.8407494145199064,3.540983606557377,nested_oof,0.5
46-8,46,8,5,0,0,0.1997502446174621,0.1997502446174621,0,0,0.1997502446174621,0.3002497553825379,3,3,2,0.7985948477751756,2.791569086651054,nested_oof,0.5
46-9,46,9,5,0,0,0.1997502446174621,0.1997502446174621,0,0,0.1997502446174621,0.3002497553825379,5,3,4,0.819672131147541,4.285714285714286,nested_oof,0.5
46-10,46,10,5,0,0,0.1997502446174621,0.1997502446174621,0,0,0.1997502446174621,0.3002497553825379,4,1,4,0.775175644028103,3.4988290398126463,nested_oof,0.5
46-11,46,11,5,0,0,0.1997502446174621,0.1997502446174621,0,0,0.1997502446174621,0.3002497553825379,3,3,4,0.7892271662763466,3.782201405152225,nested_oof,0.5
46-12,46,12,5,0,0,0.1997502446174621,0.1997502446174621,0,0,0.1997502446174621,0.3002497553825379,4,3,4,0.8290398126463701,3.6721311475409837,nested_oof,0.5
47-0,47,0,1,1,0,0.10064703226089478,0.8993529677391052,1,0,0.10064703226089478,0.3993529677391052,4,3,4,0.810304449648712,4.3629976580796255,nested_oof,0.5
47-1,47,1,1,1,0,0.10064703226089478,0.8993529677391052,1,0,0.10064703226089478,0.3993529677391052,4,3,4,0.8126463700234192,4.02576112412178,nested_oof,0.5
47-2,47,2,1,1,0,0.10064703226089478,0.8993529677391052,1,0,0.10064703226089478,0.3993529677391052,4,2,4,0.7939110070257611,3.8454332552693207,nested_oof,0.5
47-3,47,3,1,1,0,0.10064703226089478,0.8993529677391052,1,0,0.10064703226089478,0.3993529677391052,4,4,4,0.8149882903981265,3.9555035128805622,nested_oof,0.5
47-4,47,4,1,1,0,0.10064703226089478,0.8993529677391052,1,0,0.10064703226089478,0.3993529677391052,4,3,3,0.8618266978922717,4.583138173302108,nested_oof,0.5
47-5,47,5,1,1,0,0.10064703226089478,0.8993529677391052,1,0,0.10064703226089478,0.3993529677391052,4,4,3,0.7868852459016393,3.962529274004684,nested_oof,0.5
47-6,47,6,1,1,0,0.10064703226089478,0.8993529677391052,1,0,0.10064703226089478,0.3993529677391052,4,3,2,0.7915690866510539,3.7353629976580796,nested_oof,0.5
47-7,47,7,1,1,0,0.10064703226089478,0.8993529677391052,1,0,0.10064703226089478,0.3993529677391052,4,3,2,0.8407494145199064,3.540983606557377,nested_oof,0.5
47-8,47,8,1,1,0,0.10064703226089478,0.8993529677391052,1,0,0.10064703226089478,0.3993529677391052,3,3,2,0.7985948477751756,2.791569086651054,nested_oof,0.5
47-9,47,9,1,1,0,0.10064703226089478,0.8993529677391052,1,0,0.10064703226089478,0.3993529677391052,4,4,4,0.819672131147541,4.285714285714286,nested_oof,0.5
47-10,47,10,1,1,0,0.10064703226089478,0.8993529677391052,1,0,0.10064703226089478,0.3993529677391052,3,3,4,0.775175644028103,3.4988290398126463,nested_oof,0.5
47-11,47,11,1,1,0,0.10064703226089478,0.8993529677391052,1,0,0.10064703226089478,0.3993529677391052,3,3,4,0.7892271662763466,3.782201405152225,nested_oof,0.5
47-12,47,12,1,1,0,0.10064703226089478,0.8993529677391052,1,0,0.10064703226089478,0.3993529677391052,3,3,4,0.8290398126463701,3.6721311475409837,nested_oof,0.5
48-0,48,0,5,0,0,0.966932773590088,0.966932773590088,1,1,0.966932773590088,0.466932773590088,5,2,4,0.810304449648712,4.3629976580796255,nested_oof,0.5
48-1,48,1,5,0,0,0.966932773590088,0.966932773590088,1,1,0.966932773590088,0.466932773590088,4,3,4,0.8126463700234192,4.02576112412178,nested_oof,0.5
48-2,48,2,5,0,0,0.966932773590088,0.966932773590088,1,1,0.966932773590088,0.466932773590088,5,2,4,0.7939110070257611,3.8454332552693207,nested_oof,0.5
48-3,48,3,5,0,0,0.966932773590088,0.966932773590088,1,1,0.966932773590088,0.466932773590088,5,2,4,0.8149882903981265,3.9555035128805622,nested_oof,0.5
48-4,48,4,5,0,0,0.966932773590088,0.966932773590088,1,1,0.966932773590088,0.466932773590088,4,3,3,0.8618266978922717,4.583138173302108,nested_oof,0.5
48-5,48,5,5,0,0,0.966932773590088,0.966932773590088,1,1,0.966932773590088,0.466932773590088,4,3,3,0.7868852459016393,3.962529274004684,nested_oof,0.5
48-6,48,6,5,0,0,0.966932773590088,0.966932773590088,1,1,0.966932773590088,0.466932773590088,4,3,2,0.7915690866510539,3.7353629976580796,nested_oof,0.5
48-7,48,7,5,0,0,0.966932773590088,0.966932773590088,1,1,0.966932773590088,0.466932773590088,5,2,2,0.8407494145199064,3.540983606557377,nested_oof,0.5
48-8,48,8,5,0,0,0.966932773590088,0.966932773590088,1,1,0.966932773590088,0.466932773590088,3,3,2,0.7985948477751756,2.791569086651054,nested_oof,0.5
48-9,48,9,5,0,0,0.966932773590088,0.966932773590088,1,1,0.966932773590088,0.466932773590088,3,3,4,0.819672131147541,4.285714285714286,nested_oof,0.5
48-10,48,10,5,0,0,0.966932773590088,0.966932773590088,1,1,0.966932773590088,0.466932773590088,3,3,4,0.775175644028103,3.4988290398126463,nested_oof,0.5
48-11,48,11,5,0,0,0.966932773590088,0.966932773590088,1,1,0.966932773590088,0.466932773590088,3,3,4,0.7892271662763466,3.782201405152225,nested_oof,0.5
48-12,48,12,5,0,0,0.966932773590088,0.966932773590088,1,1,0.966932773590088,0.466932773590088,4,3,4,0.8290398126463701,3.6721311475409837,nested_oof,0.5
49-0,49,0,3,0,0,0.0837973728775978,0.0837973728775978,0,0,0.0837973728775978,0.4162026271224022,5,2,4,0.810304449648712,4.3629976580796255,nested_oof,0.5
49-1,49,1,3,0,0,0.0837973728775978,0.0837973728775978,0,0,0.0837973728775978,0.4162026271224022,4,3,4,0.8126463700234192,4.02576112412178,nested_oof,0.5
49-2,49,2,3,0,0,0.0837973728775978,0.0837973728775978,0,0,0.0837973728775978,0.4162026271224022,3,3,4,0.7939110070257611,3.8454332552693207,nested_oof,0.5
49-3,49,3,3,0,0,0.0837973728775978,0.0837973728775978,0,0,0.0837973728775978,0.4162026271224022,4,3,4,0.8149882903981265,3.9555035128805622,nested_oof,0.5
49-4,49,4,3,0,0,0.0837973728775978,0.0837973728775978,0,0,0.0837973728775978,0.4162026271224022,5,3,3,0.8618266978922717,4.583138173302108,nested_oof,0.5
49-5,49,5,3,0,0,0.0837973728775978,0.0837973728775978,0,0,0.0837973728775978,0.4162026271224022,4,3,3,0.7868852459016393,3.962529274004684,nested_oof,0.5
49-6,49,6,3,0,0,0.0837973728775978,0.0837973728775978,0,0,0.0837973728775978,0.4162026271224022,4,3,2,0.7915690866510539,3.7353629976580796,nested_oof,0.5
49-7,49,7,3,0,0,0.0837973728775978,0.0837973728775978,0,0,0.0837973728775978,0.4162026271224022,5,2,2,0.8407494145199064,3.540983606557377,nested_oof,0.5
49-8,49,8,3,0,0,0.0837973728775978,0.0837973728775978,0,0,0.0837973728775978,0.4162026271224022,3,3,2,0.7985948477751756,2.791569086651054,nested_oof,0.5
49-9,49,9,3,0,0,0.0837973728775978,0.0837973728775978,0,0,0.0837973728775978,0.4162026271224022,4,3,4,0.819672131147541,4.285714285714286,nested_oof,0.5
49-10,49,10,3,0,0,0.0837973728775978,0.0837973728775978,0,0,0.0837973728775978,0.4162026271224022,4,1,4,0.775175644028103,3.4988290398126463,nested_oof,0.5
49-11,49,11,3,0,0,0.0837973728775978,0.0837973728775978,0,0,0.0837973728775978,0.4162026271224022,3,3,4,0.7892271662763466,3.782201405152225,nested_oof,0.5
49-12,49,12,3,0,0,0.0837973728775978,0.0837973728775978,0,0,0.0837973728775978,0.4162026271224022,4,3,4,0.8290398126463701,3.6721311475409837,nested_oof,0.5
50-0,50,0,2,0,0,0.8817863464355469,0.8817863464355469,1,1,0.8817863464355469,0.3817863464355469,5,2,4,0.810304449648712,4.3629976580796255,nested_oof,0.5
50-1,50,1,2,0,0,0.8817863464355469,0.8817863464355469,1,1,0.8817863464355469,0.3817863464355469,4,3,4,0.8126463700234192,4.02576112412178,nested_oof,0.5
50-2,50,2,2,0,0,0.8817863464355469,0.8817863464355469,1,1,0.8817863464355469,0.3817863464355469,4,2,4,0.7939110070257611,3.8454332552693207,nested_oof,0.5
50-3,50,3,2,0,0,0.8817863464355469,0.8817863464355469,1,1,0.8817863464355469,0.3817863464355469,3,4,4,0.8149882903981265,3.9555035128805622,nested_oof,0.5
50-4,50,4,2,0,0,0.8817863464355469,0.8817863464355469,1,1,0.8817863464355469,0.3817863464355469,4,3,3,0.8618266978922717,4.583138173302108,nested_oof,0.5
50-5,50,5,2,0,0,0.8817863464355469,0.8817863464355469,1,1,0.8817863464355469,0.3817863464355469,3,3,3,0.7868852459016393,3.962529274004684,nested_oof,0.5
50-6,50,6,2,0,0,0.8817863464355469,0.8817863464355469,1,1,0.8817863464355469,0.3817863464355469,4,3,2,0.7915690866510539,3.7353629976580796,nested_oof,0.5
50-7,50,7,2,1,1,0.11821365356445312,0.8817863464355469,1,0,0.11821365356445312,0.3817863464355469,4,4,2,0.8407494145199064,3.540983606557377,nested_oof,0.5
50-8,50,8,2,1,1,0.11821365356445312,0.8817863464355469,1,0,0.11821365356445312,0.3817863464355469,3,3,2,0.7985948477751756,2.791569086651054,nested_oof,0.5
50-9,50,9,2,1,1,0.11821365356445312,0.8817863464355469,1,0,0.11821365356445312,0.3817863464355469,3,4,4,0.819672131147541,4.285714285714286,nested_oof,0.5
50-10,50,10,2,0,0,0.8817863464355469,0.8817863464355469,1,1,0.8817863464355469,0.3817863464355469,3,3,4,0.775175644028103,3.4988290398126463,nested_oof,0.5
50-11,50,11,2,0,0,0.8817863464355469,0.8817863464355469,1,1,0.8817863464355469,0.3817863464355469,3,3,4,0.7892271662763466,3.782201405152225,nested_oof,0.5
50-12,50,12,2,0,0,0.8817863464355469,0.8817863464355469,1,1,0.8817863464355469,0.3817863464355469,3,3,4,0.8290398126463701,3.6721311475409837,nested_oof,0.5
51-0,51,0,2,1,0,0.043891847133636364,0.9561081528663636,1,0,0.043891847133636364,0.45610815286636364,5,3,4,0.810304449648712,4.3629976580796255,nested_oof,0.5
51-1,51,1,2,1,0,0.043891847133636364,0.9561081528663636,1,0,0.043891847133636364,0.45610815286636364,4,3,4,0.8126463700234192,4.02576112412178,nested_oof,0.5
51-2,51,2,2,1,0,0.043891847133636364,0.9561081528663636,1,0,0.043891847133636364,0.45610815286636364,5,3,4,0.7939110070257611,3.8454332552693207,nested_oof,0.5
51-3,51,3,2,1,0,0.043891847133636364,0.9561081528663636,1,0,0.043891847133636364,0.45610815286636364,5,1,4,0.8149882903981265,3.9555035128805622,nested_oof,0.5
51-4,51,4,2,1,0,0.043891847133636364,0.9561081528663636,1,0,0.043891847133636364,0.45610815286636364,4,3,3,0.8618266978922717,4.583138173302108,nested_oof,0.5
51-5,51,5,2,1,0,0.043891847133636364,0.9561081528663636,1,0,0.043891847133636364,0.45610815286636364,4,4,3,0.7868852459016393,3.962529274004684,nested_oof,0.5
51-6,51,6,2,1,0,0.043891847133636364,0.9561081528663636,1,0,0.043891847133636364,0.45610815286636364,4,2,2,0.7915690866510539,3.7353629976580796,nested_oof,0.5
51-7,51,7,2,1,0,0.043891847133636364,0.9561081528663636,1,0,0.043891847133636364,0.45610815286636364,5,3,2,0.8407494145199064,3.540983606557377,nested_oof,0.5
51-8,51,8,2,1,0,0.043891847133636364,0.9561081528663636,1,0,0.043891847133636364,0.45610815286636364,4,2,2,0.7985948477751756,2.791569086651054,nested_oof,0.5
51-9,51,9,2,1,0,0.043891847133636364,0.9561081528663636,1,0,0.043891847133636364,0.45610815286636364,4,2,4,0.819672131147541,4.285714285714286,nested_oof,0.5
51-10,51,10,2,1,0,0.043891847133636364,0.9561081528663636,1,0,0.043891847133636364,0.45610815286636364,5,2,4,0.775175644028103,3.4988290398126463,nested_oof,0.5
51-11,51,11,2,1,0,0.043891847133636364,0.9561081528663636,1,0,0.043891847133636364,0.45610815286636364,2,3,4,0.7892271662763466,3.782201405152225,nested_oof,0.5
51-12,51,12,2,1,0,0.043891847133636364,0.9561081528663636,1,0,0.043891847133636364,0.45610815286636364,4,2,4,0.8290398126463701,3.6721311475409837,nested_oof,0.5
52-0,52,0,5,0,1,0.0228263717144727,0.0228263717144727,0,0,0.0228263717144727,0.4771736282855273,5,2,4,0.810304449648712,4.3629976580796255,nested_oof,0.5
52-1,52,1,5,0,1,0.0228263717144727,0.0228263717144727,0,0,0.0228263717144727,0.4771736282855273,4,3,4,0.8126463700234192,4.02576112412178,nested_oof,0.5
52-2,52,2,5,1,0,0.9771736282855273,0.0228263717144727,0,1,0.9771736282855273,0.4771736282855273,4,3,4,0.7939110070257611,3.8454332552693207,nested_oof,0.5
52-3,52,3,5,0,1,0.0228263717144727,0.0228263717144727,0,0,0.0228263717144727,0.4771736282855273,4,3,4,0.8149882903981265,3.9555035128805622,nested_oof,0.5
52-4,52,4,5,0,1,0.0228263717144727,0.0228263717144727,0,0,0.0228263717144727,0.4771736282855273,4,3,3,0.8618266978922717,4.583138173302108,nested_oof,0.5
52-5,52,5,5,0,1,0.0228263717144727,0.0228263717144727,0,0,0.0228263717144727,0.4771736282855273,4,3,3,0.7868852459016393,3.962529274004684,nested_oof,0.5
52-6,52,6,5,1,0,0.9771736282855273,0.0228263717144727,0,1,0.9771736282855273,0.4771736282855273,3,3,2,0.7915690866510539,3.7353629976580796,nested_oof,0.5
52-7,52,7,5,0,1,0.0228263717144727,0.0228263717144727,0,0,0.0228263717144727,0.4771736282855273,4,3,2,0.8407494145199064,3.540983606557377,nested_oof,0.5
52-8,52,8,5,1,0,0.9771736282855273,0.0228263717144727,0,1,0.9771736282855273,0.4771736282855273,3,3,2,0.7985948477751756,2.791569086651054,nested_oof,0.5
52-9,52,9,5,0,1,0.0228263717144727,0.0228263717144727,0,0,0.0228263717144727,0.4771736282855273,4,3,4,0.819672131147541,4.285714285714286,nested_oof,0.5
52-10,52,10,5,1,0,0.9771736282855273,0.0228263717144727,0,1,0.9771736282855273,0.4771736282855273,2,3,4,0.775175644028103,3.4988290398126463,nested_oof,0.5
52-11,52,11,5,0,1,0.0228263717144727,0.0228263717144727,0,0,0.0228263717144727,0.4771736282855273,3,3,4,0.7892271662763466,3.782201405152225,nested_oof,0.5
52-12,52,12,5,1,0,0.9771736282855273,0.0228263717144727,0,1,0.9771736282855273,0.4771736282855273,3,3,4,0.8290398126463701,3.6721311475409837,nested_oof,0.5
53-0,53,0,3,1,1,0.9082698971033097,0.0917301028966903,0,1,0.9082698971033097,0.4082698971033097,5,3,4,0.810304449648712,4.3629976580796255,nested_oof,0.5
53-1,53,1,3,0,0,0.0917301028966903,0.0917301028966903,0,0,0.0917301028966903,0.4082698971033097,4,3,4,0.8126463700234192,4.02576112412178,nested_oof,0.5
53-2,53,2,3,0,0,0.0917301028966903,0.0917301028966903,0,0,0.0917301028966903,0.4082698971033097,3,3,4,0.7939110070257611,3.8454332552693207,nested_oof,0.5
53-3,53,3,3,1,1,0.9082698971033097,0.0917301028966903,0,1,0.9082698971033097,0.4082698971033097,4,3,4,0.8149882903981265,3.9555035128805622,nested_oof,0.5
53-4,53,4,3,0,0,0.0917301028966903,0.0917301028966903,0,0,0.0917301028966903,0.4082698971033097,4,3,3,0.8618266978922717,4.583138173302108,nested_oof,0.5
53-5,53,5,3,1,1,0.9082698971033097,0.0917301028966903,0,1,0.9082698971033097,0.4082698971033097,3,4,3,0.7868852459016393,3.962529274004684,nested_oof,0.5
53-6,53,6,3,1,1,0.9082698971033097,0.0917301028966903,0,1,0.9082698971033097,0.4082698971033097,3,3,2,0.7915690866510539,3.7353629976580796,nested_oof,0.5
53-7,53,7,3,1,1,0.9082698971033097,0.0917301028966903,0,1,0.9082698971033097,0.4082698971033097,4,4,2,0.8407494145199064,3.540983606557377,nested_oof,0.5
53-8,53,8,3,1,1,0.9082698971033097,0.0917301028966903,0,1,0.9082698971033097,0.4082698971033097,2,3,2,0.7985948477751756,2.791569086651054,nested_oof,0.5
53-9,53,9,3,0,0,0.0917301028966903,0.0917301028966903,0,0,0.0917301028966903,0.4082698971033097,3,3,4,0.819672131147541,4.285714285714286,nested_oof,0.5
53-10,53,10,3,1,1,0.9082698971033097,0.0917301028966903,0,1,0.9082698971033097,0.4082698971033097,2,3,4,0.775175644028103,3.4988290398126463,nested_oof,0.5
53-11,53,11,3,1,1,0.9082698971033097,0.0917301028966903,0,1,0.9082698971033097,0.4082698971033097,2,3,4,0.7892271662763466,3.782201405152225,nested_oof,0.5
53-12,53,12,3,1,1,0.9082698971033097,0.0917301028966903,0,1,0.9082698971033097,0.4082698971033097,3,3,4,0.8290398126463701,3.6721311475409837,nested_oof,0.5
54-0,54,0,3,1,0,0.5396169126033783,0.4603830873966217,0,1,0.5396169126033783,0.039616912603378296,5,3,4,0.810304449648712,4.3629976580796255,nested_oof,0.5
54-1,54,1,3,1,0,0.5396169126033783,0.4603830873966217,0,1,0.5396169126033783,0.039616912603378296,4,3,4,0.8126463700234192,4.02576112412178,nested_oof,0.5
54-2,54,2,3,1,0,0.5396169126033783,0.4603830873966217,0,1,0.5396169126033783,0.039616912603378296,4,3,4,0.7939110070257611,3.8454332552693207,nested_oof,0.5
54-3,54,3,3,1,0,0.5396169126033783,0.4603830873966217,0,1,0.5396169126033783,0.039616912603378296,4,3,4,0.8149882903981265,3.9555035128805622,nested_oof,0.5
54-4,54,4,3,1,0,0.5396169126033783,0.4603830873966217,0,1,0.5396169126033783,0.039616912603378296,5,3,3,0.8618266978922717,4.583138173302108,nested_oof,0.5
54-5,54,5,3,1,0,0.5396169126033783,0.4603830873966217,0,1,0.5396169126033783,0.039616912603378296,3,4,3,0.7868852459016393,3.962529274004684,nested_oof,0.5
54-6,54,6,3,1,0,0.5396169126033783,0.4603830873966217,0,1,0.5396169126033783,0.039616912603378296,4,3,2,0.7915690866510539,3.7353629976580796,nested_oof,0.5
54-7,54,7,3,1,0,0.5396169126033783,0.4603830873966217,0,1,0.5396169126033783,0.039616912603378296,4,3,2,0.8407494145199064,3.540983606557377,nested_oof,0.5
54-8,54,8,3,1,0,0.5396169126033783,0.4603830873966217,0,1,0.5396169126033783,0.039616912603378296,3,3,2,0.7985948477751756,2.791569086651054,nested_oof,0.5
54-9,54,9,3,1,0,0.5396169126033783,0.4603830873966217,0,1,0.5396169126033783,0.039616912603378296,4,4,4,0.819672131147541,4.285714285714286,nested_oof,0.5
54-10,54,10,3,1,0,0.5396169126033783,0.4603830873966217,0,1,0.5396169126033783,0.039616912603378296,4,2,4,0.775175644028103,3.4988290398126463,nested_oof,0.5
54-11,54,11,3,1,0,0.5396169126033783,0.4603830873966217,0,1,0.5396169126033783,0.039616912603378296,3,3,4,0.7892271662763466,3.782201405152225,nested_oof,0.5
54-12,54,12,3,1,0,0.5396169126033783,0.4603830873966217,0,1,0.5396169126033783,0.039616912603378296,3,3,4,0.8290398126463701,3.6721311475409837,nested_oof,0.5
55-0,55,0,5,1,0,0.30140209197998047,0.6985979080200195,1,0,0.30140209197998047,0.19859790802001953,5,2,4,0.810304449648712,4.3629976580796255,nested_oof,0.5
55-1,55,1,5,1,0,0.30140209197998047,0.6985979080200195,1,0,0.30140209197998047,0.19859790802001953,4,3,4,0.8126463700234192,4.02576112412178,nested_oof,0.5
55-2,55,2,5,1,0,0.30140209197998047,0.6985979080200195,1,0,0.30140209197998047,0.19859790802001953,5,2,4,0.7939110070257611,3.8454332552693207,nested_oof,0.5
55-3,55,3,5,1,0,0.30140209197998047,0.6985979080200195,1,0,0.30140209197998047,0.19859790802001953,5,1,4,0.8149882903981265,3.9555035128805622,nested_oof,0.5
55-4,55,4,5,1,0,0.30140209197998047,0.6985979080200195,1,0,0.30140209197998047,0.19859790802001953,5,4,3,0.8618266978922717,4.583138173302108,nested_oof,0.5
55-5,55,5,5,1,0,0.30140209197998047,0.6985979080200195,1,0,0.30140209197998047,0.19859790802001953,4,4,3,0.7868852459016393,3.962529274004684,nested_oof,0.5
55-6,55,6,5,1,0,0.30140209197998047,0.6985979080200195,1,0,0.30140209197998047,0.19859790802001953,5,2,2,0.7915690866510539,3.7353629976580796,nested_oof,0.5
55-7,55,7,5,1,0,0.30140209197998047,0.6985979080200195,1,0,0.30140209197998047,0.19859790802001953,4,3,2,0.8407494145199064,3.540983606557377,nested_oof,0.5
55-8,55,8,5,1,0,0.30140209197998047,0.6985979080200195,1,0,0.30140209197998047,0.19859790802001953,3,3,2,0.7985948477751756,2.791569086651054,nested_oof,0.5
55-9,55,9,5,1,0,0.30140209197998047,0.6985979080200195,1,0,0.30140209197998047,0.19859790802001953,4,3,4,0.819672131147541,4.285714285714286,nested_oof,0.5
55-10,55,10,5,1,0,0.30140209197998047,0.6985979080200195,1,0,0.30140209197998047,0.19859790802001953,4,3,4,0.775175644028103,3.4988290398126463,nested_oof,0.5
55-11,55,11,5,1,0,0.30140209197998047,0.6985979080200195,1,0,0.30140209197998047,0.19859790802001953,4,3,4,0.7892271662763466,3.782201405152225,nested_oof,0.5
55-12,55,12,5,1,0,0.30140209197998047,0.6985979080200195,1,0,0.30140209197998047,0.19859790802001953,5,2,4,0.8290398126463701,3.6721311475409837,nested_oof,0.5
56-0,56,0,1,0,1,0.7324099540710449,0.7324099540710449,1,1,0.7324099540710449,0.23240995407104492,5,2,4,0.810304449648712,4.3629976580796255,nested_oof,0.5
56-1,56,1,1,0,1,0.7324099540710449,0.7324099540710449,1,1,0.7324099540710449,0.23240995407104492,4,3,4,0.8126463700234192,4.02576112412178,nested_oof,0.5
56-2,56,2,1,0,1,0.7324099540710449,0.7324099540710449,1,1,0.7324099540710449,0.23240995407104492,4,2,4,0.7939110070257611,3.8454332552693207,nested_oof,0.5
56-3,56,3,1,0,1,0.7324099540710449,0.7324099540710449,1,1,0.7324099540710449,0.23240995407104492,5,1,4,0.8149882903981265,3.9555035128805622,nested_oof,0.5
56-4,56,4,1,0,1,0.7324099540710449,0.7324099540710449,1,1,0.7324099540710449,0.23240995407104492,5,3,3,0.8618266978922717,4.583138173302108,nested_oof,0.5
56-5,56,5,1,0,1,0.7324099540710449,0.7324099540710449,1,1,0.7324099540710449,0.23240995407104492,4,3,3,0.7868852459016393,3.962529274004684,nested_oof,0.5
56-6,56,6,1,0,1,0.7324099540710449,0.7324099540710449,1,1,0.7324099540710449,0.23240995407104492,4,2,2,0.7915690866510539,3.7353629976580796,nested_oof,0.5
56-7,56,7,1,0,1,0.7324099540710449,0.7324099540710449,1,1,0.7324099540710449,0.23240995407104492,4,2,2,0.8407494145199064,3.540983606557377,nested_oof,0.5
56-8,56,8,1,1,0,0.2675900459289551,0.7324099540710449,1,0,0.2675900459289551,0.23240995407104492,2,3,2,0.7985948477751756,2.791569086651054,nested_oof,0.5
56-9,56,9,1,1,0,0.2675900459289551,0.7324099540710449,1,0,0.2675900459289551,0.23240995407104492,3,3,4,0.819672131147541,4.285714285714286,nested_oof,0.5
56-10,56,10,1,0,1,0.7324099540710449,0.7324099540710449,1,1,0.7324099540710449,0.23240995407104492,3,2,4,0.775175644028103,3.4988290398126463,nested_oof,0.5
56-11,56,11,1,0,1,0.7324099540710449,0.7324099540710449,1,1,0.7324099540710449,0.23240995407104492,3,3,4,0.7892271662763466,3.782201405152225,nested_oof,0.5
56-12,56,12,1,0,1,0.7324099540710449,0.7324099540710449,1,1,0.7324099540710449,0.23240995407104492,4,2,4,0.8290398126463701,3.6721311475409837,nested_oof,0.5
57-0,57,0,3,1,0,0.5656188130378723,0.4343811869621277,0,1,0.5656188130378723,0.06561881303787231,5,3,4,0.810304449648712,4.3629976580796255,nested_oof,0.5
57-1,57,1,3,1,0,0.5656188130378723,0.4343811869621277,0,1,0.5656188130378723,0.06561881303787231,4,3,4,0.8126463700234192,4.02576112412178,nested_oof,0.5
57-2,57,2,3,1,0,0.5656188130378723,0.4343811869621277,0,1,0.5656188130378723,0.06561881303787231,4,3,4,0.7939110070257611,3.8454332552693207,nested_oof,0.5
57-3,57,3,3,1,0,0.5656188130378723,0.4343811869621277,0,1,0.5656188130378723,0.06561881303787231,4,3,4,0.8149882903981265,3.9555035128805622,nested_oof,0.5
57-4,57,4,3,1,0,0.5656188130378723,0.4343811869621277,0,1,0.5656188130378723,0.06561881303787231,5,4,3,0.8618266978922717,4.583138173302108,nested_oof,0.5
57-5,57,5,3,0,1,0.4343811869621277,0.4343811869621277,0,0,0.4343811869621277,0.06561881303787231,3,3,3,0.7868852459016393,3.962529274004684,nested_oof,0.5
57-6,57,6,3,1,0,0.5656188130378723,0.4343811869621277,0,1,0.5656188130378723,0.06561881303787231,3,3,2,0.7915690866510539,3.7353629976580796,nested_oof,0.5
57-7,57,7,3,1,0,0.5656188130378723,0.4343811869621277,0,1,0.5656188130378723,0.06561881303787231,4,4,2,0.8407494145199064,3.540983606557377,nested_oof,0.5
57-8,57,8,3,1,0,0.5656188130378723,0.4343811869621277,0,1,0.5656188130378723,0.06561881303787231,3,2,2,0.7985948477751756,2.791569086651054,nested_oof,0.5
57-9,57,9,3,1,0,0.5656188130378723,0.4343811869621277,0,1,0.5656188130378723,0.06561881303787231,4,4,4,0.819672131147541,4.285714285714286,nested_oof,0.5
57-10,57,10,3,1,0,0.5656188130378723,0.4343811869621277,0,1,0.5656188130378723,0.06561881303787231,4,3,4,0.775175644028103,3.4988290398126463,nested_oof,0.5
57-11,57,11,3,1,0,0.5656188130378723,0.4343811869621277,0,1,0.5656188130378723,0.06561881303787231,3,3,4,0.7892271662763466,3.782201405152225,nested_oof,0.5
57-12,57,12,3,1,0,0.5656188130378723,0.4343811869621277,0,1,0.5656188130378723,0.06561881303787231,3,3,4,0.8290398126463701,3.6721311475409837,nested_oof,0.5
58-0,58,0,2,1,1,0.9771772846579552,0.0228227153420448,0,1,0.9771772846579552,0.4771772846579552,5,2,4,0.810304449648712,4.3629976580796255,nested_oof,0.5
58-1,58,1,2,1,1,0.9771772846579552,0.0228227153420448,0,1,0.9771772846579552,0.4771772846579552,4,3,4,0.8126463700234192,4.02576112412178,nested_oof,0.5
58-2,58,2,2,1,1,0.9771772846579552,0.0228227153420448,0,1,0.9771772846579552,0.4771772846579552,3,3,4,0.7939110070257611,3.8454332552693207,nested_oof,0.5
58-3,58,3,2,1,1,0.9771772846579552,0.0228227153420448,0,1,0.9771772846579552,0.4771772846579552,5,1,4,0.8149882903981265,3.9555035128805622,nested_oof,0.5
58-4,58,4,2,1,1,0.9771772846579552,0.0228227153420448,0,1,0.9771772846579552,0.4771772846579552,5,4,3,0.8618266978922717,4.583138173302108,nested_oof,0.5
58-5,58,5,2,1,1,0.9771772846579552,0.0228227153420448,0,1,0.9771772846579552,0.4771772846579552,4,3,3,0.7868852459016393,3.962529274004684,nested_oof,0.5
58-6,58,6,2,1,1,0.9771772846579552,0.0228227153420448,0,1,0.9771772846579552,0.4771772846579552,4,3,2,0.7915690866510539,3.7353629976580796,nested_oof,0.5
58-7,58,7,2,1,1,0.9771772846579552,0.0228227153420448,0,1,0.9771772846579552,0.4771772846579552,4,2,2,0.8407494145199064,3.540983606557377,nested_oof,0.5
58-8,58,8,2,1,1,0.9771772846579552,0.0228227153420448,0,1,0.9771772846579552,0.4771772846579552,3,3,2,0.7985948477751756,2.791569086651054,nested_oof,0.5
58-9,58,9,2,1,1,0.9771772846579552,0.0228227153420448,0,1,0.9771772846579552,0.4771772846579552,4,2,4,0.819672131147541,4.285714285714286,nested_oof,0.5
58-10,58,10,2,1,1,0.9771772846579552,0.0228227153420448,0,1,0.9771772846579552,0.4771772846579552,3,4,4,0.775175644028103,3.4988290398126463,nested_oof,0.5
58-11,58,11,2,1,1,0.9771772846579552,0.0228227153420448,0,1,0.9771772846579552,0.4771772846579552,3,3,4,0.7892271662763466,3.782201405152225,nested_oof,0.5
58-12,58,12,2,1,1,0.9771772846579552,0.0228227153420448,0,1,0.9771772846579552,0.4771772846579552,3,3,4,0.8290398126463701,3.6721311475409837,nested_oof,0.5
59-0,59,0,2,0,1,0.8247265815734863,0.8247265815734863,1,1,0.8247265815734863,0.32472658157348633,5,2,4,0.810304449648712,4.3629976580796255,nested_oof,0.5
59-1,59,1,2,0,1,0.8247265815734863,0.8247265815734863,1,1,0.8247265815734863,0.32472658157348633,4,3,4,0.8126463700234192,4.02576112412178,nested_oof,0.5
59-2,59,2,2,0,1,0.8247265815734863,0.8247265815734863,1,1,0.8247265815734863,0.32472658157348633,4,2,4,0.7939110070257611,3.8454332552693207,nested_oof,0.5
59-3,59,3,2,0,1,0.8247265815734863,0.8247265815734863,1,1,0.8247265815734863,0.32472658157348633,5,1,4,0.8149882903981265,3.9555035128805622,nested_oof,0.5
59-4,59,4,2,0,1,0.8247265815734863,0.8247265815734863,1,1,0.8247265815734863,0.32472658157348633,5,3,3,0.8618266978922717,4.583138173302108,nested_oof,0.5
59-5,59,5,2,0,1,0.8247265815734863,0.8247265815734863,1,1,0.8247265815734863,0.32472658157348633,5,3,3,0.7868852459016393,3.962529274004684,nested_oof,0.5
59-6,59,6,2,0,1,0.8247265815734863,0.8247265815734863,1,1,0.8247265815734863,0.32472658157348633,4,2,2,0.7915690866510539,3.7353629976580796,nested_oof,0.5
59-7,59,7,2,0,1,0.8247265815734863,0.8247265815734863,1,1,0.8247265815734863,0.32472658157348633,4,2,2,0.8407494145199064,3.540983606557377,nested_oof,0.5
59-8,59,8,2,0,1,0.8247265815734863,0.8247265815734863,1,1,0.8247265815734863,0.32472658157348633,3,2,2,0.7985948477751756,2.791569086651054,nested_oof,0.5
59-9,59,9,2,1,0,0.17527341842651367,0.8247265815734863,1,0,0.17527341842651367,0.32472658157348633,3,4,4,0.819672131147541,4.285714285714286,nested_oof,0.5
59-10,59,10,2,0,1,0.8247265815734863,0.8247265815734863,1,1,0.8247265815734863,0.32472658157348633,4,2,4,0.775175644028103,3.4988290398126463,nested_oof,0.5
59-11,59,11,2,0,1,0.8247265815734863,0.8247265815734863,1,1,0.8247265815734863,0.32472658157348633,3,3,4,0.7892271662763466,3.782201405152225,nested_oof,0.5
59-12,59,12,2,0,1,0.8247265815734863,0.8247265815734863,1,1,0.8247265815734863,0.32472658157348633,4,2,4,0.8290398126463701,3.6721311475409837,nested_oof,0.5
60-0,60,0,1,0,0,0.2082572728395462,0.2082572728395462,0,0,0.2082572728395462,0.2917427271604538,5,2,4,0.810304449648712,4.3629976580796255,nested_oof,0.5
60-1,60,1,1,0,0,0.2082572728395462,0.2082572728395462,0,0,0.2082572728395462,0.2917427271604538,4,3,4,0.8126463700234192,4.02576112412178,nested_oof,0.5
60-2,60,2,1,0,0,0.2082572728395462,0.2082572728395462,0,0,0.2082572728395462,0.2917427271604538,1,2,4,0.7939110070257611,3.8454332552693207,nested_oof,0.5
60-3,60,3,1,0,0,0.2082572728395462,0.2082572728395462,0,0,0.2082572728395462,0.2917427271604538,4,3,4,0.8149882903981265,3.9555035128805622,nested_oof,0.5
60-4,60,4,1,0,0,0.2082572728395462,0.2082572728395462,0,0,0.2082572728395462,0.2917427271604538,5,3,3,0.8618266978922717,4.583138173302108,nested_oof,0.5
60-5,60,5,1,0,0,0.2082572728395462,0.2082572728395462,0,0,0.2082572728395462,0.2917427271604538,3,3,3,0.7868852459016393,3.962529274004684,nested_oof,0.5
60-6,60,6,1,0,0,0.2082572728395462,0.2082572728395462,0,0,0.2082572728395462,0.2917427271604538,4,3,2,0.7915690866510539,3.7353629976580796,nested_oof,0.5
60-7,60,7,1,1,1,0.7917427271604538,0.2082572728395462,0,1,0.7917427271604538,0.2917427271604538,4,2,2,0.8407494145199064,3.540983606557377,nested_oof,0.5
60-8,60,8,1,1,1,0.7917427271604538,0.2082572728395462,0,1,0.7917427271604538,0.2917427271604538,2,3,2,0.7985948477751756,2.791569086651054,nested_oof,0.5
60-9,60,9,1,0,0,0.2082572728395462,0.2082572728395462,0,0,0.2082572728395462,0.2917427271604538,5,2,4,0.819672131147541,4.285714285714286,nested_oof,0.5
60-10,60,10,1,0,0,0.2082572728395462,0.2082572728395462,0,0,0.2082572728395462,0.2917427271604538,4,3,4,0.775175644028103,3.4988290398126463,nested_oof,0.5
60-11,60,11,1,1,1,0.7917427271604538,0.2082572728395462,0,1,0.7917427271604538,0.2917427271604538,3,3,4,0.7892271662763466,3.782201405152225,nested_oof,0.5
60-12,60,12,1,0,0,0.2082572728395462,0.2082572728395462,0,0,0.2082572728395462,0.2917427271604538,4,2,4,0.8290398126463701,3.6721311475409837,nested_oof,0.5
61-0,61,0,1,0,0,0.4316469728946686,0.4316469728946686,0,0,0.4316469728946686,0.06835302710533142,5,2,4,0.810304449648712,4.3629976580796255,nested_oof,0.5
61-1,61,1,1,0,0,0.4316469728946686,0.4316469728946686,0,0,0.4316469728946686,0.06835302710533142,4,3,4,0.8126463700234192,4.02576112412178,nested_oof,0.5
61-2,61,2,1,1,1,0.5683530271053314,0.4316469728946686,0,1,0.5683530271053314,0.06835302710533142,2,3,4,0.7939110070257611,3.8454332552693207,nested_oof,0.5
61-3,61,3,1,0,0,0.4316469728946686,0.4316469728946686,0,0,0.4316469728946686,0.06835302710533142,4,2,4,0.8149882903981265,3.9555035128805622,nested_oof,0.5
61-4,61,4,1,0,0,0.4316469728946686,0.4316469728946686,0,0,0.4316469728946686,0.06835302710533142,5,3,3,0.8618266978922717,4.583138173302108,nested_oof,0.5
61-5,61,5,1,0,0,0.4316469728946686,0.4316469728946686,0,0,0.4316469728946686,0.06835302710533142,4,3,3,0.7868852459016393,3.962529274004684,nested_oof,0.5
61-6,61,6,1,0,0,0.4316469728946686,0.4316469728946686,0,0,0.4316469728946686,0.06835302710533142,4,3,2,0.7915690866510539,3.7353629976580796,nested_oof,0.5
61-7,61,7,1,1,1,0.5683530271053314,0.4316469728946686,0,1,0.5683530271053314,0.06835302710533142,3,4,2,0.8407494145199064,3.540983606557377,nested_oof,0.5
61-8,61,8,1,0,0,0.4316469728946686,0.4316469728946686,0,0,0.4316469728946686,0.06835302710533142,3,2,2,0.7985948477751756,2.791569086651054,nested_oof,0.5
61-9,61,9,1,0,0,0.4316469728946686,0.4316469728946686,0,0,0.4316469728946686,0.06835302710533142,3,3,4,0.819672131147541,4.285714285714286,nested_oof,0.5
61-10,61,10,1,1,1,0.5683530271053314,0.4316469728946686,0,1,0.5683530271053314,0.06835302710533142,4,2,4,0.775175644028103,3.4988290398126463,nested_oof,0.5
61-11,61,11,1,1,1,0.5683530271053314,0.4316469728946686,0,1,0.5683530271053314,0.06835302710533142,3,3,4,0.7892271662763466,3.782201405152225,nested_oof,0.5
61-12,61,12,1,0,0,0.4316469728946686,0.4316469728946686,0,0,0.4316469728946686,0.06835302710533142,4,2,4,0.8290398126463701,3.6721311475409837,nested_oof,0.5
62-0,62,0,5,0,0,0.0012322501279413,0.0012322501279413,0,0,0.0012322501279413,0.4987677498720587,5,2,4,0.810304449648712,4.3629976580796255,nested_oof,0.5
62-1,62,1,5,0,0,0.0012322501279413,0.0012322501279413,0,0,0.0012322501279413,0.4987677498720587,4,3,4,0.8126463700234192,4.02576112412178,nested_oof,0.5
62-2,62,2,5,0,0,0.0012322501279413,0.0012322501279413,0,0,0.0012322501279413,0.4987677498720587,4,2,4,0.7939110070257611,3.8454332552693207,nested_oof,0.5
62-3,62,3,5,0,0,0.0012322501279413,0.0012322501279413,0,0,0.0012322501279413,0.4987677498720587,5,1,4,0.8149882903981265,3.9555035128805622,nested_oof,0.5
62-4,62,4,5,0,0,0.0012322501279413,0.0012322501279413,0,0,0.0012322501279413,0.4987677498720587,5,3,3,0.8618266978922717,4.583138173302108,nested_oof,0.5
62-5,62,5,5,0,0,0.0012322501279413,0.0012322501279413,0,0,0.0012322501279413,0.4987677498720587,4,3,3,0.7868852459016393,3.962529274004684,nested_oof,0.5
62-6,62,6,5,0,0,0.0012322501279413,0.0012322501279413,0,0,0.0012322501279413,0.4987677498720587,4,2,2,0.7915690866510539,3.7353629976580796,nested_oof,0.5
62-7,62,7,5,0,0,0.0012322501279413,0.0012322501279413,0,0,0.0012322501279413,0.4987677498720587,4,2,2,0.8407494145199064,3.540983606557377,nested_oof,0.5
62-8,62,8,5,0,0,0.0012322501279413,0.0012322501279413,0,0,0.0012322501279413,0.4987677498720587,2,3,2,0.7985948477751756,2.791569086651054,nested_oof,0.5
62-9,62,9,5,0,0,0.0012322501279413,0.0012322501279413,0,0,0.0012322501279413,0.4987677498720587,4,3,4,0.819672131147541,4.285714285714286,nested_oof,0.5
62-10,62,10,5,0,0,0.0012322501279413,0.0012322501279413,0,0,0.0012322501279413,0.4987677498720587,4,1,4,0.775175644028103,3.4988290398126463,nested_oof,0.5
62-11,62,11,5,1,1,0.9987677498720587,0.0012322501279413,0,1,0.9987677498720587,0.4987677498720587,3,3,4,0.7892271662763466,3.782201405152225,nested_oof,0.5
62-12,62,12,5,0,0,0.0012322501279413,0.0012322501279413,0,0,0.0012322501279413,0.4987677498720587,4,3,4,0.8290398126463701,3.6721311475409837,nested_oof,0.5
63-0,63,0,1,1,0,0.15649771690368652,0.8435022830963135,1,0,0.15649771690368652,0.3435022830963135,5,3,4,0.810304449648712,4.3629976580796255,nested_oof,0.5
63-1,63,1,1,1,0,0.15649771690368652,0.8435022830963135,1,0,0.15649771690368652,0.3435022830963135,4,3,4,0.8126463700234192,4.02576112412178,nested_oof,0.5
63-2,63,2,1,1,0,0.15649771690368652,0.8435022830963135,1,0,0.15649771690368652,0.3435022830963135,4,3,4,0.7939110070257611,3.8454332552693207,nested_oof,0.5
63-3,63,3,1,1,0,0.15649771690368652,0.8435022830963135,1,0,0.15649771690368652,0.3435022830963135,5,2,4,0.8149882903981265,3.9555035128805622,nested_oof,0.5
63-4,63,4,1,1,0,0.15649771690368652,0.8435022830963135,1,0,0.15649771690368652,0.3435022830963135,5,4,3,0.8618266978922717,4.583138173302108,nested_oof,0.5
63-5,63,5,1,1,0,0.15649771690368652,0.8435022830963135,1,0,0.15649771690368652,0.3435022830963135,3,4,3,0.7868852459016393,3.962529274004684,nested_oof,0.5
63-6,63,6,1,1,0,0.15649771690368652,0.8435022830963135,1,0,0.15649771690368652,0.3435022830963135,4,3,2,0.7915690866510539,3.7353629976580796,nested_oof,0.5
63-7,63,7,1,1,0,0.15649771690368652,0.8435022830963135,1,0,0.15649771690368652,0.3435022830963135,4,3,2,0.8407494145199064,3.540983606557377,nested_oof,0.5
63-8,63,8,1,1,0,0.15649771690368652,0.8435022830963135,1,0,0.15649771690368652,0.3435022830963135,3,2,2,0.7985948477751756,2.791569086651054,nested_oof,0.5
63-9,63,9,1,1,0,0.15649771690368652,0.8435022830963135,1,0,0.15649771690368652,0.3435022830963135,4,4,4,0.819672131147541,4.285714285714286,nested_oof,0.5
63-10,63,10,1,1,0,0.15649771690368652,0.8435022830963135,1,0,0.15649771690368652,0.3435022830963135,4,3,4,0.775175644028103,3.4988290398126463,nested_oof,0.5
63-11,63,11,1,1,0,0.15649771690368652,0.8435022830963135,1,0,0.15649771690368652,0.3435022830963135,4,3,4,0.7892271662763466,3.782201405152225,nested_oof,0.5
63-12,63,12,1,1,0,0.15649771690368652,0.8435022830963135,1,0,0.15649771690368652,0.3435022830963135,3,3,4,0.8290398126463701,3.6721311475409837,nested_oof,0.5
64-0,64,0,5,0,0,0.0436715595424175,0.0436715595424175,0,0,0.0436715595424175,0.4563284404575825,5,2,4,0.810304449648712,4.3629976580796255,nested_oof,0.5
64-1,64,1,5,0,0,0.0436715595424175,0.0436715595424175,0,0,0.0436715595424175,0.4563284404575825,4,3,4,0.8126463700234192,4.02576112412178,nested_oof,0.5
64-2,64,2,5,0,0,0.0436715595424175,0.0436715595424175,0,0,0.0436715595424175,0.4563284404575825,3,3,4,0.7939110070257611,3.8454332552693207,nested_oof,0.5
64-3,64,3,5,0,0,0.0436715595424175,0.0436715595424175,0,0,0.0436715595424175,0.4563284404575825,4,3,4,0.8149882903981265,3.9555035128805622,nested_oof,0.5
64-4,64,4,5,0,0,0.0436715595424175,0.0436715595424175,0,0,0.0436715595424175,0.4563284404575825,5,4,3,0.8618266978922717,4.583138173302108,nested_oof,0.5
64-5,64,5,5,1,1,0.9563284404575825,0.0436715595424175,0,1,0.9563284404575825,0.4563284404575825,4,3,3,0.7868852459016393,3.962529274004684,nested_oof,0.5
64-6,64,6,5,1,1,0.9563284404575825,0.0436715595424175,0,1,0.9563284404575825,0.4563284404575825,4,3,2,0.7915690866510539,3.7353629976580796,nested_oof,0.5
64-7,64,7,5,0,0,0.0436715595424175,0.0436715595424175,0,0,0.0436715595424175,0.4563284404575825,4,2,2,0.8407494145199064,3.540983606557377,nested_oof,0.5
64-8,64,8,5,0,0,0.0436715595424175,0.0436715595424175,0,0,0.0436715595424175,0.4563284404575825,1,3,2,0.7985948477751756,2.791569086651054,nested_oof,0.5
64-9,64,9,5,0,0,0.0436715595424175,0.0436715595424175,0,0,0.0436715595424175,0.4563284404575825,3,3,4,0.819672131147541,4.285714285714286,nested_oof,0.5
64-10,64,10,5,1,1,0.9563284404575825,0.0436715595424175,0,1,0.9563284404575825,0.4563284404575825,4,3,4,0.775175644028103,3.4988290398126463,nested_oof,0.5
64-11,64,11,5,1,1,0.9563284404575825,0.0436715595424175,0,1,0.9563284404575825,0.4563284404575825,3,3,4,0.7892271662763466,3.782201405152225,nested_oof,0.5
64-12,64,12,5,0,0,0.0436715595424175,0.0436715595424175,0,0,0.0436715595424175,0.4563284404575825,4,3,4,0.8290398126463701,3.6721311475409837,nested_oof,0.5
65-0,65,0,2,0,0,0.0832936987280845,0.0832936987280845,0,0,0.0832936987280845,0.4167063012719155,5,2,4,0.810304449648712,4.3629976580796255,nested_oof,0.5
65-1,65,1,2,0,0,0.0832936987280845,0.0832936987280845,0,0,0.0832936987280845,0.4167063012719155,4,3,4,0.8126463700234192,4.02576112412178,nested_oof,0.5
65-2,65,2,2,0,0,0.0832936987280845,0.0832936987280845,0,0,0.0832936987280845,0.4167063012719155,1,2,4,0.7939110070257611,3.8454332552693207,nested_oof,0.5
65-3,65,3,2,0,0,0.0832936987280845,0.0832936987280845,0,0,0.0832936987280845,0.4167063012719155,5,2,4,0.8149882903981265,3.9555035128805622,nested_oof,0.5
65-4,65,4,2,0,0,0.0832936987280845,0.0832936987280845,0,0,0.0832936987280845,0.4167063012719155,5,3,3,0.8618266978922717,4.583138173302108,nested_oof,0.5
65-5,65,5,2,0,0,0.0832936987280845,0.0832936987280845,0,0,0.0832936987280845,0.4167063012719155,2,3,3,0.7868852459016393,3.962529274004684,nested_oof,0.5
65-6,65,6,2,0,0,0.0832936987280845,0.0832936987280845,0,0,0.0832936987280845,0.4167063012719155,3,3,2,0.7915690866510539,3.7353629976580796,nested_oof,0.5
65-7,65,7,2,0,0,0.0832936987280845,0.0832936987280845,0,0,0.0832936987280845,0.4167063012719155,5,1,2,0.8407494145199064,3.540983606557377,nested_oof,0.5
65-8,65,8,2,0,0,0.0832936987280845,0.0832936987280845,0,0,0.0832936987280845,0.4167063012719155,2,3,2,0.7985948477751756,2.791569086651054,nested_oof,0.5
65-9,65,9,2,1,1,0.9167063012719155,0.0832936987280845,0,1,0.9167063012719155,0.4167063012719155,3,4,4,0.819672131147541,4.285714285714286,nested_oof,0.5
65-10,65,10,2,0,0,0.0832936987280845,0.0832936987280845,0,0,0.0832936987280845,0.4167063012719155,3,2,4,0.775175644028103,3.4988290398126463,nested_oof,0.5
65-11,65,11,2,0,0,0.0832936987280845,0.0832936987280845,0,0,0.0832936987280845,0.4167063012719155,2,3,4,0.7892271662763466,3.782201405152225,nested_oof,0.5
65-12,65,12,2,0,0,0.0832936987280845,0.0832936987280845,0,0,0.0832936987280845,0.4167063012719155,3,3,4,0.8290398126463701,3.6721311475409837,nested_oof,0.5
66-0,66,0,4,0,0,0.7872631549835205,0.7872631549835205,1,1,0.7872631549835205,0.2872631549835205,5,2,4,0.810304449648712,4.3629976580796255,nested_oof,0.5
66-1,66,1,4,0,0,0.7872631549835205,0.7872631549835205,1,1,0.7872631549835205,0.2872631549835205,4,3,4,0.8126463700234192,4.02576112412178,nested_oof,0.5
66-2,66,2,4,0,0,0.7872631549835205,0.7872631549835205,1,1,0.7872631549835205,0.2872631549835205,2,2,4,0.7939110070257611,3.8454332552693207,nested_oof,0.5
66-3,66,3,4,0,0,0.7872631549835205,0.7872631549835205,1,1,0.7872631549835205,0.2872631549835205,4,2,4,0.8149882903981265,3.9555035128805622,nested_oof,0.5
66-4,66,4,4,0,0,0.7872631549835205,0.7872631549835205,1,1,0.7872631549835205,0.2872631549835205,5,3,3,0.8618266978922717,4.583138173302108,nested_oof,0.5
66-5,66,5,4,0,0,0.7872631549835205,0.7872631549835205,1,1,0.7872631549835205,0.2872631549835205,4,3,3,0.7868852459016393,3.962529274004684,nested_oof,0.5
66-6,66,6,4,1,1,0.2127368450164795,0.7872631549835205,1,0,0.2127368450164795,0.2872631549835205,4,3,2,0.7915690866510539,3.7353629976580796,nested_oof,0.5
66-7,66,7,4,0,0,0.7872631549835205,0.7872631549835205,1,1,0.7872631549835205,0.2872631549835205,5,1,2,0.8407494145199064,3.540983606557377,nested_oof,0.5
66-8,66,8,4,0,0,0.7872631549835205,0.7872631549835205,1,1,0.7872631549835205,0.2872631549835205,2,3,2,0.7985948477751756,2.791569086651054,nested_oof,0.5
66-9,66,9,4,0,0,0.7872631549835205,0.7872631549835205,1,1,0.7872631549835205,0.2872631549835205,3,3,4,0.819672131147541,4.285714285714286,nested_oof,0.5
66-10,66,10,4,0,0,0.7872631549835205,0.7872631549835205,1,1,0.7872631549835205,0.2872631549835205,4,3,4,0.775175644028103,3.4988290398126463,nested_oof,0.5
66-11,66,11,4,0,0,0.7872631549835205,0.7872631549835205,1,1,0.7872631549835205,0.2872631549835205,2,3,4,0.7892271662763466,3.782201405152225,nested_oof,0.5
66-12,66,12,4,0,0,0.7872631549835205,0.7872631549835205,1,1,0.7872631549835205,0.2872631549835205,4,3,4,0.8290398126463701,3.6721311475409837,nested_oof,0.5
67-0,67,0,4,0,0,0.0212912131100893,0.0212912131100893,0,0,0.0212912131100893,0.4787087868899107,5,2,4,0.810304449648712,4.3629976580796255,nested_oof,0.5
67-1,67,1,4,0,0,0.0212912131100893,0.0212912131100893,0,0,0.0212912131100893,0.4787087868899107,4,3,4,0.8126463700234192,4.02576112412178,nested_oof,0.5
67-2,67,2,4,0,0,0.0212912131100893,0.0212912131100893,0,0,0.0212912131100893,0.4787087868899107,4,2,4,0.7939110070257611,3.8454332552693207,nested_oof,0.5
67-3,67,3,4,0,0,0.0212912131100893,0.0212912131100893,0,0,0.0212912131100893,0.4787087868899107,4,2,4,0.8149882903981265,3.9555035128805622,nested_oof,0.5
67-4,67,4,4,0,0,0.0212912131100893,0.0212912131100893,0,0,0.0212912131100893,0.4787087868899107,5,3,3,0.8618266978922717,4.583138173302108,nested_oof,0.5
67-5,67,5,4,0,0,0.0212912131100893,0.0212912131100893,0,0,0.0212912131100893,0.4787087868899107,3,3,3,0.7868852459016393,3.962529274004684,nested_oof,0.5
67-6,67,6,4,1,1,0.9787087868899107,0.0212912131100893,0,1,0.9787087868899107,0.4787087868899107,3,4,2,0.7915690866510539,3.7353629976580796,nested_oof,0.5
67-7,67,7,4,0,0,0.0212912131100893,0.0212912131100893,0,0,0.0212912131100893,0.4787087868899107,4,2,2,0.8407494145199064,3.540983606557377,nested_oof,0.5
67-8,67,8,4,1,1,0.9787087868899107,0.0212912131100893,0,1,0.9787087868899107,0.4787087868899107,3,3,2,0.7985948477751756,2.791569086651054,nested_oof,0.5
67-9,67,9,4,0,0,0.0212912131100893,0.0212912131100893,0,0,0.0212912131100893,0.4787087868899107,3,3,4,0.819672131147541,4.285714285714286,nested_oof,0.5
67-10,67,10,4,1,1,0.9787087868899107,0.0212912131100893,0,1,0.9787087868899107,0.4787087868899107,3,3,4,0.775175644028103,3.4988290398126463,nested_oof,0.5
67-11,67,11,4,1,1,0.9787087868899107,0.0212912131100893,0,1,0.9787087868899107,0.4787087868899107,3,3,4,0.7892271662763466,3.782201405152225,nested_oof,0.5
67-12,67,12,4,0,0,0.0212912131100893,0.0212912131100893,0,0,0.0212912131100893,0.4787087868899107,4,2,4,0.8290398126463701,3.6721311475409837,nested_oof,0.5
68-0,68,0,3,1,0,0.14228737354278564,0.8577126264572144,1,0,0.14228737354278564,0.35771262645721436,5,2,4,0.810304449648712,4.3629976580796255,nested_oof,0.5
68-1,68,1,3,1,0,0.14228737354278564,0.8577126264572144,1,0,0.14228737354278564,0.35771262645721436,4,3,4,0.8126463700234192,4.02576112412178,nested_oof,0.5
68-2,68,2,3,1,0,0.14228737354278564,0.8577126264572144,1,0,0.14228737354278564,0.35771262645721436,2,3,4,0.7939110070257611,3.8454332552693207,nested_oof,0.5
68-3,68,3,3,1,0,0.14228737354278564,0.8577126264572144,1,0,0.14228737354278564,0.35771262645721436,5,1,4,0.8149882903981265,3.9555035128805622,nested_oof,0.5
68-4,68,4,3,1,0,0.14228737354278564,0.8577126264572144,1,0,0.14228737354278564,0.35771262645721436,5,4,3,0.8618266978922717,4.583138173302108,nested_oof,0.5
68-5,68,5,3,1,0,0.14228737354278564,0.8577126264572144,1,0,0.14228737354278564,0.35771262645721436,4,4,3,0.7868852459016393,3.962529274004684,nested_oof,0.5
68-6,68,6,3,1,0,0.14228737354278564,0.8577126264572144,1,0,0.14228737354278564,0.35771262645721436,4,3,2,0.7915690866510539,3.7353629976580796,nested_oof,0.5
68-7,68,7,3,1,0,0.14228737354278564,0.8577126264572144,1,0,0.14228737354278564,0.35771262645721436,5,3,2,0.8407494145199064,3.540983606557377,nested_oof,0.5
68-8,68,8,3,1,0,0.14228737354278564,0.8577126264572144,1,0,0.14228737354278564,0.35771262645721436,4,2,2,0.7985948477751756,2.791569086651054,nested_oof,0.5
68-9,68,9,3,1,0,0.14228737354278564,0.8577126264572144,1,0,0.14228737354278564,0.35771262645721436,4,4,4,0.819672131147541,4.285714285714286,nested_oof,0.5
68-10,68,10,3,1,0,0.14228737354278564,0.8577126264572144,1,0,0.14228737354278564,0.35771262645721436,4,3,4,0.775175644028103,3.4988290398126463,nested_oof,0.5
68-11,68,11,3,1,0,0.14228737354278564,0.8577126264572144,1,0,0.14228737354278564,0.35771262645721436,3,3,4,0.7892271662763466,3.782201405152225,nested_oof,0.5
68-12,68,12,3,1,0,0.14228737354278564,0.8577126264572144,1,0,0.14228737354278564,0.35771262645721436,4,3,4,0.8290398126463701,3.6721311475409837,nested_oof,0.5
69-0,69,0,3,0,0,0.205206036567688,0.205206036567688,0,0,0.205206036567688,0.294793963432312,5,2,4,0.810304449648712,4.3629976580796255,nested_oof,0.5
69-1,69,1,3,0,0,0.205206036567688,0.205206036567688,0,0,0.205206036567688,0.294793963432312,4,3,4,0.8126463700234192,4.02576112412178,nested_oof,0.5
69-2,69,2,3,0,0,0.205206036567688,0.205206036567688,0,0,0.205206036567688,0.294793963432312,4,2,4,0.7939110070257611,3.8454332552693207,nested_oof,0.5
69-3,69,3,3,0,0,0.205206036567688,0.205206036567688,0,0,0.205206036567688,0.294793963432312,4,3,4,0.8149882903981265,3.9555035128805622,nested_oof,0.5
69-4,69,4,3,0,0,0.205206036567688,0.205206036567688,0,0,0.205206036567688,0.294793963432312,5,3,3,0.8618266978922717,4.583138173302108,nested_oof,0.5
69-5,69,5,3,1,1,0.794793963432312,0.205206036567688,0,1,0.794793963432312,0.294793963432312,3,4,3,0.7868852459016393,3.962529274004684,nested_oof,0.5
69-6,69,6,3,0,0,0.205206036567688,0.205206036567688,0,0,0.205206036567688,0.294793963432312,4,2,2,0.7915690866510539,3.7353629976580796,nested_oof,0.5
69-7,69,7,3,0,0,0.205206036567688,0.205206036567688,0,0,0.205206036567688,0.294793963432312,4,2,2,0.8407494145199064,3.540983606557377,nested_oof,0.5
69-8,69,8,3,0,0,0.205206036567688,0.205206036567688,0,0,0.205206036567688,0.294793963432312,3,3,2,0.7985948477751756,2.791569086651054,nested_oof,0.5
69-9,69,9,3,0,0,0.205206036567688,0.205206036567688,0,0,0.205206036567688,0.294793963432312,3,4,4,0.819672131147541,4.285714285714286,nested_oof,0.5
69-10,69,10,3,0,0,0.205206036567688,0.205206036567688,0,0,0.205206036567688,0.294793963432312,3,2,4,0.775175644028103,3.4988290398126463,nested_oof,0.5
69-11,69,11,3,0,0,0.205206036567688,0.205206036567688,0,0,0.205206036567688,0.294793963432312,3,3,4,0.7892271662763466,3.782201405152225,nested_oof,0.5
69-12,69,12,3,1,1,0.794793963432312,0.205206036567688,0,1,0.794793963432312,0.294793963432312,4,3,4,0.8290398126463701,3.6721311475409837,nested_oof,0.5
70-0,70,0,1,1,1,0.08289140462875355,0.9171085953712464,1,0,0.08289140462875355,0.41710859537124645,4,3,4,0.810304449648712,4.3629976580796255,nested_oof,0.5
70-1,70,1,1,1,1,0.08289140462875355,0.9171085953712464,1,0,0.08289140462875355,0.41710859537124645,4,3,4,0.8126463700234192,4.02576112412178,nested_oof,0.5
70-2,70,2,1,1,1,0.08289140462875355,0.9171085953712464,1,0,0.08289140462875355,0.41710859537124645,3,4,4,0.7939110070257611,3.8454332552693207,nested_oof,0.5
70-3,70,3,1,0,0,0.9171085953712464,0.9171085953712464,1,1,0.9171085953712464,0.41710859537124645,4,2,4,0.8149882903981265,3.9555035128805622,nested_oof,0.5
70-4,70,4,1,0,0,0.9171085953712464,0.9171085953712464,1,1,0.9171085953712464,0.41710859537124645,5,3,3,0.8618266978922717,4.583138173302108,nested_oof,0.5
70-5,70,5,1,0,0,0.9171085953712464,0.9171085953712464,1,1,0.9171085953712464,0.41710859537124645,5,3,3,0.7868852459016393,3.962529274004684,nested_oof,0.5
70-6,70,6,1,0,0,0.9171085953712464,0.9171085953712464,1,1,0.9171085953712464,0.41710859537124645,4,3,2,0.7915690866510539,3.7353629976580796,nested_oof,0.5
70-7,70,7,1,0,0,0.9171085953712464,0.9171085953712464,1,1,0.9171085953712464,0.41710859537124645,4,3,2,0.8407494145199064,3.540983606557377,nested_oof,0.5
70-8,70,8,1,0,0,0.9171085953712464,0.9171085953712464,1,1,0.9171085953712464,0.41710859537124645,3,3,2,0.7985948477751756,2.791569086651054,nested_oof,0.5
70-9,70,9,1,1,1,0.08289140462875355,0.9171085953712464,1,0,0.08289140462875355,0.41710859537124645,3,4,4,0.819672131147541,4.285714285714286,nested_oof,0.5
70-10,70,10,1,0,0,0.9171085953712464,0.9171085953712464,1,1,0.9171085953712464,0.41710859537124645,4,2,4,0.775175644028103,3.4988290398126463,nested_oof,0.5
70-11,70,11,1,0,0,0.9171085953712464,0.9171085953712464,1,1,0.9171085953712464,0.41710859537124645,3,3,4,0.7892271662763466,3.782201405152225,nested_oof,0.5
70-12,70,12,1,0,0,0.9171085953712464,0.9171085953712464,1,1,0.9171085953712464,0.41710859537124645,4,3,4,0.8290398126463701,3.6721311475409837,nested_oof,0.5
71-0,71,0,2,0,0,0.03489351272583,0.03489351272583,0,0,0.03489351272583,0.46510648727417,5,2,4,0.810304449648712,4.3629976580796255,nested_oof,0.5
71-1,71,1,2,0,0,0.03489351272583,0.03489351272583,0,0,0.03489351272583,0.46510648727417,4,3,4,0.8126463700234192,4.02576112412178,nested_oof,0.5
71-2,71,2,2,0,0,0.03489351272583,0.03489351272583,0,0,0.03489351272583,0.46510648727417,4,3,4,0.7939110070257611,3.8454332552693207,nested_oof,0.5
71-3,71,3,2,0,0,0.03489351272583,0.03489351272583,0,0,0.03489351272583,0.46510648727417,4,2,4,0.8149882903981265,3.9555035128805622,nested_oof,0.5
71-4,71,4,2,0,0,0.03489351272583,0.03489351272583,0,0,0.03489351272583,0.46510648727417,5,3,3,0.8618266978922717,4.583138173302108,nested_oof,0.5
71-5,71,5,2,0,0,0.03489351272583,0.03489351272583,0,0,0.03489351272583,0.46510648727417,3,4,3,0.7868852459016393,3.962529274004684,nested_oof,0.5
71-6,71,6,2,0,0,0.03489351272583,0.03489351272583,0,0,0.03489351272583,0.46510648727417,4,4,2,0.7915690866510539,3.7353629976580796,nested_oof,0.5
71-7,71,7,2,0,0,0.03489351272583,0.03489351272583,0,0,0.03489351272583,0.46510648727417,5,3,2,0.8407494145199064,3.540983606557377,nested_oof,0.5
71-8,71,8,2,0,0,0.03489351272583,0.03489351272583,0,0,0.03489351272583,0.46510648727417,2,3,2,0.7985948477751756,2.791569086651054,nested_oof,0.5
71-9,71,9,2,1,1,0.96510648727417,0.03489351272583,0,1,0.96510648727417,0.46510648727417,4,4,4,0.819672131147541,4.285714285714286,nested_oof,0.5
71-10,71,10,2,0,0,0.03489351272583,0.03489351272583,0,0,0.03489351272583,0.46510648727417,3,4,4,0.775175644028103,3.4988290398126463,nested_oof,0.5
71-11,71,11,2,0,0,0.03489351272583,0.03489351272583,0,0,0.03489351272583,0.46510648727417,3,3,4,0.7892271662763466,3.782201405152225,nested_oof,0.5
71-12,71,12,2,0,0,0.03489351272583,0.03489351272583,0,0,0.03489351272583,0.46510648727417,3,3,4,0.8290398126463701,3.6721311475409837,nested_oof,0.5
72-0,72,0,5,1,0,0.9981167183723301,0.0018832816276699,0,1,0.9981167183723301,0.4981167183723301,4,3,4,0.810304449648712,4.3629976580796255,nested_oof,0.5
72-1,72,1,5,0,1,0.0018832816276699,0.0018832816276699,0,0,0.0018832816276699,0.4981167183723301,4,3,4,0.8126463700234192,4.02576112412178,nested_oof,0.5
72-2,72,2,5,1,0,0.9981167183723301,0.0018832816276699,0,1,0.9981167183723301,0.4981167183723301,3,3,4,0.7939110070257611,3.8454332552693207,nested_oof,0.5
72-3,72,3,5,1,0,0.9981167183723301,0.0018832816276699,0,1,0.9981167183723301,0.4981167183723301,4,3,4,0.8149882903981265,3.9555035128805622,nested_oof,0.5
72-4,72,4,5,1,0,0.9981167183723301,0.0018832816276699,0,1,0.9981167183723301,0.4981167183723301,4,4,3,0.8618266978922717,4.583138173302108,nested_oof,0.5
72-5,72,5,5,1,0,0.9981167183723301,0.0018832816276699,0,1,0.9981167183723301,0.4981167183723301,3,4,3,0.7868852459016393,3.962529274004684,nested_oof,0.5
72-6,72,6,5,1,0,0.9981167183723301,0.0018832816276699,0,1,0.9981167183723301,0.4981167183723301,4,4,2,0.7915690866510539,3.7353629976580796,nested_oof,0.5
72-7,72,7,5,1,0,0.9981167183723301,0.0018832816276699,0,1,0.9981167183723301,0.4981167183723301,4,4,2,0.8407494145199064,3.540983606557377,nested_oof,0.5
72-8,72,8,5,1,0,0.9981167183723301,0.0018832816276699,0,1,0.9981167183723301,0.4981167183723301,2,3,2,0.7985948477751756,2.791569086651054,nested_oof,0.5
72-9,72,9,5,0,1,0.0018832816276699,0.0018832816276699,0,0,0.0018832816276699,0.4981167183723301,4,3,4,0.819672131147541,4.285714285714286,nested_oof,0.5
72-10,72,10,5,1,0,0.9981167183723301,0.0018832816276699,0,1,0.9981167183723301,0.4981167183723301,3,3,4,0.775175644028103,3.4988290398126463,nested_oof,0.5
72-11,72,11,5,1,0,0.9981167183723301,0.0018832816276699,0,1,0.9981167183723301,0.4981167183723301,3,3,4,0.7892271662763466,3.782201405152225,nested_oof,0.5
72-12,72,12,5,1,0,0.9981167183723301,0.0018832816276699,0,1,0.9981167183723301,0.4981167183723301,3,4,4,0.8290398126463701,3.6721311475409837,nested_oof,0.5
73-0,73,0,1,0,0,0.3086638748645782,0.3086638748645782,0,0,0.3086638748645782,0.1913361251354218,5,2,4,0.810304449648712,4.3629976580796255,nested_oof,0.5
73-1,73,1,1,0,0,0.3086638748645782,0.3086638748645782,0,0,0.3086638748645782,0.1913361251354218,4,3,4,0.8126463700234192,4.02576112412178,nested_oof,0.5
73-2,73,2,1,0,0,0.3086638748645782,0.3086638748645782,0,0,0.3086638748645782,0.1913361251354218,4,2,4,0.7939110070257611,3.8454332552693207,nested_oof,0.5
73-3,73,3,1,0,0,0.3086638748645782,0.3086638748645782,0,0,0.3086638748645782,0.1913361251354218,5,2,4,0.8149882903981265,3.9555035128805622,nested_oof,0.5
73-4,73,4,1,0,0,0.3086638748645782,0.3086638748645782,0,0,0.3086638748645782,0.1913361251354218,5,3,3,0.8618266978922717,4.583138173302108,nested_oof,0.5
73-5,73,5,1,0,0,0.3086638748645782,0.3086638748645782,0,0,0.3086638748645782,0.1913361251354218,4,3,3,0.7868852459016393,3.962529274004684,nested_oof,0.5
73-6,73,6,1,0,0,0.3086638748645782,0.3086638748645782,0,0,0.3086638748645782,0.1913361251354218,4,2,2,0.7915690866510539,3.7353629976580796,nested_oof,0.5
73-7,73,7,1,0,0,0.3086638748645782,0.3086638748645782,0,0,0.3086638748645782,0.1913361251354218,5,2,2,0.8407494145199064,3.540983606557377,nested_oof,0.5
73-8,73,8,1,0,0,0.3086638748645782,0.3086638748645782,0,0,0.3086638748645782,0.1913361251354218,3,3,2,0.7985948477751756,2.791569086651054,nested_oof,0.5
73-9,73,9,1,0,0,0.3086638748645782,0.3086638748645782,0,0,0.3086638748645782,0.1913361251354218,5,2,4,0.819672131147541,4.285714285714286,nested_oof,0.5
73-10,73,10,1,0,0,0.3086638748645782,0.3086638748645782,0,0,0.3086638748645782,0.1913361251354218,4,1,4,0.775175644028103,3.4988290398126463,nested_oof,0.5
73-11,73,11,1,0,0,0.3086638748645782,0.3086638748645782,0,0,0.3086638748645782,0.1913361251354218,3,3,4,0.7892271662763466,3.782201405152225,nested_oof,0.5
73-12,73,12,1,0,0,0.3086638748645782,0.3086638748645782,0,0,0.3086638748645782,0.1913361251354218,4,3,4,0.8290398126463701,3.6721311475409837,nested_oof,0.5
74-0,74,0,4,0,0,0.2084484994411468,0.2084484994411468,0,0,0.2084484994411468,0.2915515005588532,5,2,4,0.810304449648712,4.3629976580796255,nested_oof,0.5
74-1,74,1,4,0,0,0.2084484994411468,0.2084484994411468,0,0,0.2084484994411468,0.2915515005588532,4,3,4,0.8126463700234192,4.02576112412178,nested_oof,0.5
74-2,74,2,4,0,0,0.2084484994411468,0.2084484994411468,0,0,0.2084484994411468,0.2915515005588532,4,2,4,0.7939110070257611,3.8454332552693207,nested_oof,0.5
74-3,74,3,4,0,0,0.2084484994411468,0.2084484994411468,0,0,0.2084484994411468,0.2915515005588532,5,2,4,0.8149882903981265,3.9555035128805622,nested_oof,0.5
74-4,74,4,4,0,0,0.2084484994411468,0.2084484994411468,0,0,0.2084484994411468,0.2915515005588532,5,2,3,0.8618266978922717,4.583138173302108,nested_oof,0.5
74-5,74,5,4,0,0,0.2084484994411468,0.2084484994411468,0,0,0.2084484994411468,0.2915515005588532,4,3,3,0.7868852459016393,3.962529274004684,nested_oof,0.5
74-6,74,6,4,0,0,0.2084484994411468,0.2084484994411468,0,0,0.2084484994411468,0.2915515005588532,4,3,2,0.7915690866510539,3.7353629976580796,nested_oof,0.5
74-7,74,7,4,0,0,0.2084484994411468,0.2084484994411468,0,0,0.2084484994411468,0.2915515005588532,5,2,2,0.8407494145199064,3.540983606557377,nested_oof,0.5
74-8,74,8,4,0,0,0.2084484994411468,0.2084484994411468,0,0,0.2084484994411468,0.2915515005588532,3,3,2,0.7985948477751756,2.791569086651054,nested_oof,0.5
74-9,74,9,4,0,0,0.2084484994411468,0.2084484994411468,0,0,0.2084484994411468,0.2915515005588532,4,3,4,0.819672131147541,4.285714285714286,nested_oof,0.5
74-10,74,10,4,0,0,0.2084484994411468,0.2084484994411468,0,0,0.2084484994411468,0.2915515005588532,4,1,4,0.775175644028103,3.4988290398126463,nested_oof,0.5
74-11,74,11,4,0,0,0.2084484994411468,0.2084484994411468,0,0,0.2084484994411468,0.2915515005588532,3,3,4,0.7892271662763466,3.782201405152225,nested_oof,0.5
74-12,74,12,4,0,0,0.2084484994411468,0.2084484994411468,0,0,0.2084484994411468,0.2915515005588532,4,2,4,0.8290398126463701,3.6721311475409837,nested_oof,0.5
75-0,75,0,3,0,0,0.078507088124752,0.078507088124752,0,0,0.078507088124752,0.421492911875248,5,2,4,0.810304449648712,4.3629976580796255,nested_oof,0.5
75-1,75,1,3,0,0,0.078507088124752,0.078507088124752,0,0,0.078507088124752,0.421492911875248,4,3,4,0.8126463700234192,4.02576112412178,nested_oof,0.5
75-2,75,2,3,0,0,0.078507088124752,0.078507088124752,0,0,0.078507088124752,0.421492911875248,4,2,4,0.7939110070257611,3.8454332552693207,nested_oof,0.5
75-3,75,3,3,0,0,0.078507088124752,0.078507088124752,0,0,0.078507088124752,0.421492911875248,5,3,4,0.8149882903981265,3.9555035128805622,nested_oof,0.5
75-4,75,4,3,0,0,0.078507088124752,0.078507088124752,0,0,0.078507088124752,0.421492911875248,5,3,3,0.8618266978922717,4.583138173302108,nested_oof,0.5
75-5,75,5,3,0,0,0.078507088124752,0.078507088124752,0,0,0.078507088124752,0.421492911875248,3,3,3,0.7868852459016393,3.962529274004684,nested_oof,0.5
75-6,75,6,3,0,0,0.078507088124752,0.078507088124752,0,0,0.078507088124752,0.421492911875248,4,3,2,0.7915690866510539,3.7353629976580796,nested_oof,0.5
75-7,75,7,3,0,0,0.078507088124752,0.078507088124752,0,0,0.078507088124752,0.421492911875248,4,2,2,0.8407494145199064,3.540983606557377,nested_oof,0.5
75-8,75,8,3,1,1,0.921492911875248,0.078507088124752,0,1,0.921492911875248,0.421492911875248,3,4,2,0.7985948477751756,2.791569086651054,nested_oof,0.5
75-9,75,9,3,1,1,0.921492911875248,0.078507088124752,0,1,0.921492911875248,0.421492911875248,3,4,4,0.819672131147541,4.285714285714286,nested_oof,0.5
75-10,75,10,3,0,0,0.078507088124752,0.078507088124752,0,0,0.078507088124752,0.421492911875248,3,2,4,0.775175644028103,3.4988290398126463,nested_oof,0.5
75-11,75,11,3,0,0,0.078507088124752,0.078507088124752,0,0,0.078507088124752,0.421492911875248,3,3,4,0.7892271662763466,3.782201405152225,nested_oof,0.5
75-12,75,12,3,0,0,0.078507088124752,0.078507088124752,0,0,0.078507088124752,0.421492911875248,4,2,4,0.8290398126463701,3.6721311475409837,nested_oof,0.5
76-0,76,0,5,1,0,0.002389073371887207,0.9976109266281128,1,0,0.002389073371887207,0.4976109266281128,5,3,4,0.810304449648712,4.3629976580796255,nested_oof,0.5
76-1,76,1,5,1,0,0.002389073371887207,0.9976109266281128,1,0,0.002389073371887207,0.4976109266281128,4,3,4,0.8126463700234192,4.02576112412178,nested_oof,0.5
76-2,76,2,5,1,0,0.002389073371887207,0.9976109266281128,1,0,0.002389073371887207,0.4976109266281128,5,2,4,0.7939110070257611,3.8454332552693207,nested_oof,0.5
76-3,76,3,5,1,0,0.002389073371887207,0.9976109266281128,1,0,0.002389073371887207,0.4976109266281128,5,1,4,0.8149882903981265,3.9555035128805622,nested_oof,0.5
76-4,76,4,5,1,0,0.002389073371887207,0.9976109266281128,1,0,0.002389073371887207,0.4976109266281128,5,3,3,0.8618266978922717,4.583138173302108,nested_oof,0.5
76-5,76,5,5,1,0,0.002389073371887207,0.9976109266281128,1,0,0.002389073371887207,0.4976109266281128,4,3,3,0.7868852459016393,3.962529274004684,nested_oof,0.5
76-6,76,6,5,1,0,0.002389073371887207,0.9976109266281128,1,0,0.002389073371887207,0.4976109266281128,4,3,2,0.7915690866510539,3.7353629976580796,nested_oof,0.5
76-7,76,7,5,1,0,0.002389073371887207,0.9976109266281128,1,0,0.002389073371887207,0.4976109266281128,4,4,2,0.8407494145199064,3.540983606557377,nested_oof,0.5
76-8,76,8,5,1,0,0.002389073371887207,0.9976109266281128,1,0,0.002389073371887207,0.4976109266281128,3,3,2,0.7985948477751756,2.791569086651054,nested_oof,0.5
76-9,76,9,5,1,0,0.002389073371887207,0.9976109266281128,1,0,0.002389073371887207,0.4976109266281128,5,3,4,0.819672131147541,4.285714285714286,nested_oof,0.5
76-10,76,10,5,1,0,0.002389073371887207,0.9976109266281128,1,0,0.002389073371887207,0.4976109266281128,3,3,4,0.775175644028103,3.4988290398126463,nested_oof,0.5
76-11,76,11,5,1,0,0.002389073371887207,0.9976109266281128,1,0,0.002389073371887207,0.4976109266281128,3,3,4,0.7892271662763466,3.782201405152225,nested_oof,0.5
76-12,76,12,5,1,0,0.002389073371887207,0.9976109266281128,1,0,0.002389073371887207,0.4976109266281128,3,4,4,0.8290398126463701,3.6721311475409837,nested_oof,0.5
77-0,77,0,3,0,1,0.1525456011295318,0.1525456011295318,0,0,0.1525456011295318,0.3474543988704682,5,2,4,0.810304449648712,4.3629976580796255,nested_oof,0.5
77-1,77,1,3,0,1,0.1525456011295318,0.1525456011295318,0,0,0.1525456011295318,0.3474543988704682,4,3,4,0.8126463700234192,4.02576112412178,nested_oof,0.5
77-2,77,2,3,1,0,0.8474543988704681,0.1525456011295318,0,1,0.8474543988704681,0.3474543988704682,4,3,4,0.7939110070257611,3.8454332552693207,nested_oof,0.5
77-3,77,3,3,1,0,0.8474543988704681,0.1525456011295318,0,1,0.8474543988704681,0.3474543988704682,4,4,4,0.8149882903981265,3.9555035128805622,nested_oof,0.5
77-4,77,4,3,0,1,0.1525456011295318,0.1525456011295318,0,0,0.1525456011295318,0.3474543988704682,5,3,3,0.8618266978922717,4.583138173302108,nested_oof,0.5
77-5,77,5,3,0,1,0.1525456011295318,0.1525456011295318,0,0,0.1525456011295318,0.3474543988704682,4,3,3,0.7868852459016393,3.962529274004684,nested_oof,0.5
77-6,77,6,3,1,0,0.8474543988704681,0.1525456011295318,0,1,0.8474543988704681,0.3474543988704682,4,2,2,0.7915690866510539,3.7353629976580796,nested_oof,0.5
77-7,77,7,3,1,0,0.8474543988704681,0.1525456011295318,0,1,0.8474543988704681,0.3474543988704682,4,4,2,0.8407494145199064,3.540983606557377,nested_oof,0.5
77-8,77,8,3,1,0,0.8474543988704681,0.1525456011295318,0,1,0.8474543988704681,0.3474543988704682,2,3,2,0.7985948477751756,2.791569086651054,nested_oof,0.5
77-9,77,9,3,0,1,0.1525456011295318,0.1525456011295318,0,0,0.1525456011295318,0.3474543988704682,4,3,4,0.819672131147541,4.285714285714286,nested_oof,0.5
77-10,77,10,3,0,1,0.1525456011295318,0.1525456011295318,0,0,0.1525456011295318,0.3474543988704682,4,3,4,0.775175644028103,3.4988290398126463,nested_oof,0.5
77-11,77,11,3,0,1,0.1525456011295318,0.1525456011295318,0,0,0.1525456011295318,0.3474543988704682,4,3,4,0.7892271662763466,3.782201405152225,nested_oof,0.5
77-12,77,12,3,0,1,0.1525456011295318,0.1525456011295318,0,0,0.1525456011295318,0.3474543988704682,4,3,4,0.8290398126463701,3.6721311475409837,nested_oof,0.5
78-0,78,0,1,0,0,0.7009845972061157,0.7009845972061157,1,1,0.7009845972061157,0.20098459720611572,3,4,4,0.810304449648712,4.3629976580796255,nested_oof,0.5
78-1,78,1,1,1,1,0.2990154027938843,0.7009845972061157,1,0,0.2990154027938843,0.20098459720611572,2,4,4,0.8126463700234192,4.02576112412178,nested_oof,0.5
78-2,78,2,1,0,0,0.7009845972061157,0.7009845972061157,1,1,0.7009845972061157,0.20098459720611572,1,3,4,0.7939110070257611,3.8454332552693207,nested_oof,0.5
78-3,78,3,1,0,0,0.7009845972061157,0.7009845972061157,1,1,0.7009845972061157,0.20098459720611572,3,4,4,0.8149882903981265,3.9555035128805622,nested_oof,0.5
78-4,78,4,1,0,0,0.7009845972061157,0.7009845972061157,1,1,0.7009845972061157,0.20098459720611572,3,4,3,0.8618266978922717,4.583138173302108,nested_oof,0.5
78-5,78,5,1,0,0,0.7009845972061157,0.7009845972061157,1,1,0.7009845972061157,0.20098459720611572,1,4,3,0.7868852459016393,3.962529274004684,nested_oof,0.5
78-6,78,6,1,1,1,0.2990154027938843,0.7009845972061157,1,0,0.2990154027938843,0.20098459720611572,2,4,2,0.7915690866510539,3.7353629976580796,nested_oof,0.5
78-7,78,7,1,0,0,0.7009845972061157,0.7009845972061157,1,1,0.7009845972061157,0.20098459720611572,3,4,2,0.8407494145199064,3.540983606557377,nested_oof,0.5
78-8,78,8,1,0,0,0.7009845972061157,0.7009845972061157,1,1,0.7009845972061157,0.20098459720611572,1,4,2,0.7985948477751756,2.791569086651054,nested_oof,0.5
78-9,78,9,1,1,1,0.2990154027938843,0.7009845972061157,1,0,0.2990154027938843,0.20098459720611572,2,4,4,0.819672131147541,4.285714285714286,nested_oof,0.5
78-10,78,10,1,0,0,0.7009845972061157,0.7009845972061157,1,1,0.7009845972061157,0.20098459720611572,2,3,4,0.775175644028103,3.4988290398126463,nested_oof,0.5
78-11,78,11,1,1,1,0.2990154027938843,0.7009845972061157,1,0,0.2990154027938843,0.20098459720611572,2,3,4,0.7892271662763466,3.782201405152225,nested_oof,0.5
78-12,78,12,1,0,0,0.7009845972061157,0.7009845972061157,1,1,0.7009845972061157,0.20098459720611572,1,4,4,0.8290398126463701,3.6721311475409837,nested_oof,0.5
79-0,79,0,3,0,0,0.1326285749673843,0.1326285749673843,0,0,0.1326285749673843,0.36737142503261566,5,2,4,0.810304449648712,4.3629976580796255,nested_oof,0.5
79-1,79,1,3,0,0,0.1326285749673843,0.1326285749673843,0,0,0.1326285749673843,0.36737142503261566,4,3,4,0.8126463700234192,4.02576112412178,nested_oof,0.5
79-2,79,2,3,0,0,0.1326285749673843,0.1326285749673843,0,0,0.1326285749673843,0.36737142503261566,2,3,4,0.7939110070257611,3.8454332552693207,nested_oof,0.5
79-3,79,3,3,0,0,0.1326285749673843,0.1326285749673843,0,0,0.1326285749673843,0.36737142503261566,4,4,4,0.8149882903981265,3.9555035128805622,nested_oof,0.5
79-4,79,4,3,0,0,0.1326285749673843,0.1326285749673843,0,0,0.1326285749673843,0.36737142503261566,4,3,3,0.8618266978922717,4.583138173302108,nested_oof,0.5
79-5,79,5,3,0,0,0.1326285749673843,0.1326285749673843,0,0,0.1326285749673843,0.36737142503261566,4,4,3,0.7868852459016393,3.962529274004684,nested_oof,0.5
79-6,79,6,3,0,0,0.1326285749673843,0.1326285749673843,0,0,0.1326285749673843,0.36737142503261566,4,3,2,0.7915690866510539,3.7353629976580796,nested_oof,0.5
79-7,79,7,3,0,0,0.1326285749673843,0.1326285749673843,0,0,0.1326285749673843,0.36737142503261566,4,2,2,0.8407494145199064,3.540983606557377,nested_oof,0.5
79-8,79,8,3,0,0,0.1326285749673843,0.1326285749673843,0,0,0.1326285749673843,0.36737142503261566,2,3,2,0.7985948477751756,2.791569086651054,nested_oof,0.5
79-9,79,9,3,0,0,0.1326285749673843,0.1326285749673843,0,0,0.1326285749673843,0.36737142503261566,4,3,4,0.819672131147541,4.285714285714286,nested_oof,0.5
79-10,79,10,3,0,0,0.1326285749673843,0.1326285749673843,0,0,0.1326285749673843,0.36737142503261566,4,1,4,0.775175644028103,3.4988290398126463,nested_oof,0.5
79-11,79,11,3,0,0,0.1326285749673843,0.1326285749673843,0,0,0.1326285749673843,0.36737142503261566,3,3,4,0.7892271662763466,3.782201405152225,nested_oof,0.5
79-12,79,12,3,0,0,0.1326285749673843,0.1326285749673843,0,0,0.1326285749673843,0.36737142503261566,4,3,4,0.8290398126463701,3.6721311475409837,nested_oof,0.5
80-0,80,0,1,0,1,0.9518948793411256,0.9518948793411256,1,1,0.9518948793411256,0.4518948793411256,5,2,4,0.810304449648712,4.3629976580796255,nested_oof,0.5
80-1,80,1,1,0,1,0.9518948793411256,0.9518948793411256,1,1,0.9518948793411256,0.4518948793411256,4,3,4,0.8126463700234192,4.02576112412178,nested_oof,0.5
80-2,80,2,1,1,0,0.0481051206588744,0.9518948793411256,1,0,0.0481051206588744,0.4518948793411256,4,4,4,0.7939110070257611,3.8454332552693207,nested_oof,0.5
80-3,80,3,1,1,0,0.0481051206588744,0.9518948793411256,1,0,0.0481051206588744,0.4518948793411256,5,4,4,0.8149882903981265,3.9555035128805622,nested_oof,0.5
80-4,80,4,1,1,0,0.0481051206588744,0.9518948793411256,1,0,0.0481051206588744,0.4518948793411256,4,4,3,0.8618266978922717,4.583138173302108,nested_oof,0.5
80-5,80,5,1,0,1,0.9518948793411256,0.9518948793411256,1,1,0.9518948793411256,0.4518948793411256,4,3,3,0.7868852459016393,3.962529274004684,nested_oof,0.5
80-6,80,6,1,1,0,0.0481051206588744,0.9518948793411256,1,0,0.0481051206588744,0.4518948793411256,4,3,2,0.7915690866510539,3.7353629976580796,nested_oof,0.5
80-7,80,7,1,1,0,0.0481051206588744,0.9518948793411256,1,0,0.0481051206588744,0.4518948793411256,4,3,2,0.8407494145199064,3.540983606557377,nested_oof,0.5
80-8,80,8,1,1,0,0.0481051206588744,0.9518948793411256,1,0,0.0481051206588744,0.4518948793411256,3,3,2,0.7985948477751756,2.791569086651054,nested_oof,0.5
80-9,80,9,1,1,0,0.0481051206588744,0.9518948793411256,1,0,0.0481051206588744,0.4518948793411256,5,2,4,0.819672131147541,4.285714285714286,nested_oof,0.5
80-10,80,10,1,0,1,0.9518948793411256,0.9518948793411256,1,1,0.9518948793411256,0.4518948793411256,4,3,4,0.775175644028103,3.4988290398126463,nested_oof,0.5
80-11,80,11,1,1,0,0.0481051206588744,0.9518948793411256,1,0,0.0481051206588744,0.4518948793411256,3,3,4,0.7892271662763466,3.782201405152225,nested_oof,0.5
80-12,80,12,1,0,1,0.9518948793411256,0.9518948793411256,1,1,0.9518948793411256,0.4518948793411256,4,3,4,0.8290398126463701,3.6721311475409837,nested_oof,0.5
81-0,81,0,1,1,0,0.3299075961112976,0.6700924038887024,1,0,0.3299075961112976,0.1700924038887024,4,3,4,0.810304449648712,4.3629976580796255,nested_oof,0.5
81-1,81,1,1,1,0,0.3299075961112976,0.6700924038887024,1,0,0.3299075961112976,0.1700924038887024,4,3,4,0.8126463700234192,4.02576112412178,nested_oof,0.5
81-2,81,2,1,1,0,0.3299075961112976,0.6700924038887024,1,0,0.3299075961112976,0.1700924038887024,5,2,4,0.7939110070257611,3.8454332552693207,nested_oof,0.5
81-3,81,3,1,1,0,0.3299075961112976,0.6700924038887024,1,0,0.3299075961112976,0.1700924038887024,5,3,4,0.8149882903981265,3.9555035128805622,nested_oof,0.5
81-4,81,4,1,1,0,0.3299075961112976,0.6700924038887024,1,0,0.3299075961112976,0.1700924038887024,5,3,3,0.8618266978922717,4.583138173302108,nested_oof,0.5
81-5,81,5,1,1,0,0.3299075961112976,0.6700924038887024,1,0,0.3299075961112976,0.1700924038887024,4,3,3,0.7868852459016393,3.962529274004684,nested_oof,0.5
81-6,81,6,1,1,0,0.3299075961112976,0.6700924038887024,1,0,0.3299075961112976,0.1700924038887024,4,2,2,0.7915690866510539,3.7353629976580796,nested_oof,0.5
81-7,81,7,1,1,0,0.3299075961112976,0.6700924038887024,1,0,0.3299075961112976,0.1700924038887024,4,4,2,0.8407494145199064,3.540983606557377,nested_oof,0.5
81-8,81,8,1,1,0,0.3299075961112976,0.6700924038887024,1,0,0.3299075961112976,0.1700924038887024,4,2,2,0.7985948477751756,2.791569086651054,nested_oof,0.5
81-9,81,9,1,1,0,0.3299075961112976,0.6700924038887024,1,0,0.3299075961112976,0.1700924038887024,5,1,4,0.819672131147541,4.285714285714286,nested_oof,0.5
81-10,81,10,1,1,0,0.3299075961112976,0.6700924038887024,1,0,0.3299075961112976,0.1700924038887024,4,3,4,0.775175644028103,3.4988290398126463,nested_oof,0.5
81-11,81,11,1,1,0,0.3299075961112976,0.6700924038887024,1,0,0.3299075961112976,0.1700924038887024,3,3,4,0.7892271662763466,3.782201405152225,nested_oof,0.5
81-12,81,12,1,1,0,0.3299075961112976,0.6700924038887024,1,0,0.3299075961112976,0.1700924038887024,4,2,4,0.8290398126463701,3.6721311475409837,nested_oof,0.5
82-0,82,0,5,0,0,0.0016875569708645,0.0016875569708645,0,0,0.0016875569708645,0.4983124430291355,5,2,4,0.810304449648712,4.3629976580796255,nested_oof,0.5
82-1,82,1,5,0,0,0.0016875569708645,0.0016875569708645,0,0,0.0016875569708645,0.4983124430291355,4,3,4,0.8126463700234192,4.02576112412178,nested_oof,0.5
82-2,82,2,5,0,0,0.0016875569708645,0.0016875569708645,0,0,0.0016875569708645,0.4983124430291355,4,2,4,0.7939110070257611,3.8454332552693207,nested_oof,0.5
82-3,82,3,5,0,0,0.0016875569708645,0.0016875569708645,0,0,0.0016875569708645,0.4983124430291355,4,3,4,0.8149882903981265,3.9555035128805622,nested_oof,0.5
82-4,82,4,5,0,0,0.0016875569708645,0.0016875569708645,0,0,0.0016875569708645,0.4983124430291355,5,2,3,0.8618266978922717,4.583138173302108,nested_oof,0.5
82-5,82,5,5,0,0,0.0016875569708645,0.0016875569708645,0,0,0.0016875569708645,0.4983124430291355,4,3,3,0.7868852459016393,3.962529274004684,nested_oof,0.5
82-6,82,6,5,1,1,0.9983124430291355,0.0016875569708645,0,1,0.9983124430291355,0.4983124430291355,4,3,2,0.7915690866510539,3.7353629976580796,nested_oof,0.5
82-7,82,7,5,0,0,0.0016875569708645,0.0016875569708645,0,0,0.0016875569708645,0.4983124430291355,4,3,2,0.8407494145199064,3.540983606557377,nested_oof,0.5
82-8,82,8,5,1,1,0.9983124430291355,0.0016875569708645,0,1,0.9983124430291355,0.4983124430291355,2,3,2,0.7985948477751756,2.791569086651054,nested_oof,0.5
82-9,82,9,5,0,0,0.0016875569708645,0.0016875569708645,0,0,0.0016875569708645,0.4983124430291355,4,3,4,0.819672131147541,4.285714285714286,nested_oof,0.5
82-10,82,10,5,0,0,0.0016875569708645,0.0016875569708645,0,0,0.0016875569708645,0.4983124430291355,4,1,4,0.775175644028103,3.4988290398126463,nested_oof,0.5
82-11,82,11,5,0,0,0.0016875569708645,0.0016875569708645,0,0,0.0016875569708645,0.4983124430291355,3,3,4,0.7892271662763466,3.782201405152225,nested_oof,0.5
82-12,82,12,5,0,0,0.0016875569708645,0.0016875569708645,0,0,0.0016875569708645,0.4983124430291355,3,3,4,0.8290398126463701,3.6721311475409837,nested_oof,0.5
83-0,83,0,3,1,0,0.07161927223205555,0.9283807277679444,1,0,0.07161927223205555,0.42838072776794445,5,2,4,0.810304449648712,4.3629976580796255,nested_oof,0.5
83-1,83,1,3,1,0,0.07161927223205555,0.9283807277679444,1,0,0.07161927223205555,0.42838072776794445,4,3,4,0.8126463700234192,4.02576112412178,nested_oof,0.5
83-2,83,2,3,1,0,0.07161927223205555,0.9283807277679444,1,0,0.07161927223205555,0.42838072776794445,4,3,4,0.7939110070257611,3.8454332552693207,nested_oof,0.5
83-3,83,3,3,1,0,0.07161927223205555,0.9283807277679444,1,0,0.07161927223205555,0.42838072776794445,4,4,4,0.8149882903981265,3.9555035128805622,nested_oof,0.5
83-4,83,4,3,1,0,0.07161927223205555,0.9283807277679444,1,0,0.07161927223205555,0.42838072776794445,4,3,3,0.8618266978922717,4.583138173302108,nested_oof,0.5
83-5,83,5,3,1,0,0.07161927223205555,0.9283807277679444,1,0,0.07161927223205555,0.42838072776794445,4,4,3,0.7868852459016393,3.962529274004684,nested_oof,0.5
83-6,83,6,3,1,0,0.07161927223205555,0.9283807277679444,1,0,0.07161927223205555,0.42838072776794445,4,3,2,0.7915690866510539,3.7353629976580796,nested_oof,0.5
83-7,83,7,3,1,0,0.07161927223205555,0.9283807277679444,1,0,0.07161927223205555,0.42838072776794445,4,4,2,0.8407494145199064,3.540983606557377,nested_oof,0.5
83-8,83,8,3,1,0,0.07161927223205555,0.9283807277679444,1,0,0.07161927223205555,0.42838072776794445,3,3,2,0.7985948477751756,2.791569086651054,nested_oof,0.5
83-9,83,9,3,1,0,0.07161927223205555,0.9283807277679444,1,0,0.07161927223205555,0.42838072776794445,4,3,4,0.819672131147541,4.285714285714286,nested_oof,0.5
83-10,83,10,3,1,0,0.07161927223205555,0.9283807277679444,1,0,0.07161927223205555,0.42838072776794445,5,3,4,0.775175644028103,3.4988290398126463,nested_oof,0.5
83-11,83,11,3,1,0,0.07161927223205555,0.9283807277679444,1,0,0.07161927223205555,0.42838072776794445,3,3,4,0.7892271662763466,3.782201405152225,nested_oof,0.5
83-12,83,12,3,1,0,0.07161927223205555,0.9283807277679444,1,0,0.07161927223205555,0.42838072776794445,3,3,4,0.8290398126463701,3.6721311475409837,nested_oof,0.5
84-0,84,0,5,0,0,0.0006745806895196,0.0006745806895196,0,0,0.0006745806895196,0.4993254193104804,5,2,4,0.810304449648712,4.3629976580796255,nested_oof,0.5
84-1,84,1,5,0,0,0.0006745806895196,0.0006745806895196,0,0,0.0006745806895196,0.4993254193104804,4,3,4,0.8126463700234192,4.02576112412178,nested_oof,0.5
84-2,84,2,5,1,1,0.9993254193104804,0.0006745806895196,0,1,0.9993254193104804,0.4993254193104804,2,4,4,0.7939110070257611,3.8454332552693207,nested_oof,0.5
84-3,84,3,5,1,1,0.9993254193104804,0.0006745806895196,0,1,0.9993254193104804,0.4993254193104804,4,3,4,0.8149882903981265,3.9555035128805622,nested_oof,0.5
84-4,84,4,5,0,0,0.0006745806895196,0.0006745806895196,0,0,0.0006745806895196,0.4993254193104804,4,3,3,0.8618266978922717,4.583138173302108,nested_oof,0.5
84-5,84,5,5,0,0,0.0006745806895196,0.0006745806895196,0,0,0.0006745806895196,0.4993254193104804,4,4,3,0.7868852459016393,3.962529274004684,nested_oof,0.5
84-6,84,6,5,1,1,0.9993254193104804,0.0006745806895196,0,1,0.9993254193104804,0.4993254193104804,4,3,2,0.7915690866510539,3.7353629976580796,nested_oof,0.5
84-7,84,7,5,0,0,0.0006745806895196,0.0006745806895196,0,0,0.0006745806895196,0.4993254193104804,4,3,2,0.8407494145199064,3.540983606557377,nested_oof,0.5
84-8,84,8,5,1,1,0.9993254193104804,0.0006745806895196,0,1,0.9993254193104804,0.4993254193104804,3,3,2,0.7985948477751756,2.791569086651054,nested_oof,0.5
84-9,84,9,5,0,0,0.0006745806895196,0.0006745806895196,0,0,0.0006745806895196,0.4993254193104804,5,2,4,0.819672131147541,4.285714285714286,nested_oof,0.5
84-10,84,10,5,1,1,0.9993254193104804,0.0006745806895196,0,1,0.9993254193104804,0.4993254193104804,4,2,4,0.775175644028103,3.4988290398126463,nested_oof,0.5
84-11,84,11,5,0,0,0.0006745806895196,0.0006745806895196,0,0,0.0006745806895196,0.4993254193104804,3,3,4,0.7892271662763466,3.782201405152225,nested_oof,0.5
84-12,84,12,5,1,1,0.9993254193104804,0.0006745806895196,0,1,0.9993254193104804,0.4993254193104804,3,4,4,0.8290398126463701,3.6721311475409837,nested_oof,0.5
85-0,85,0,1,1,0,0.0614340305328368,0.9385659694671632,1,0,0.0614340305328368,0.4385659694671632,5,2,4,0.810304449648712,4.3629976580796255,nested_oof,0.5
85-1,85,1,1,1,0,0.0614340305328368,0.9385659694671632,1,0,0.0614340305328368,0.4385659694671632,4,3,4,0.8126463700234192,4.02576112412178,nested_oof,0.5
85-2,85,2,1,1,0,0.0614340305328368,0.9385659694671632,1,0,0.0614340305328368,0.4385659694671632,4,4,4,0.7939110070257611,3.8454332552693207,nested_oof,0.5
85-3,85,3,1,1,0,0.0614340305328368,0.9385659694671632,1,0,0.0614340305328368,0.4385659694671632,4,4,4,0.8149882903981265,3.9555035128805622,nested_oof,0.5
85-4,85,4,1,1,0,0.0614340305328368,0.9385659694671632,1,0,0.0614340305328368,0.4385659694671632,4,4,3,0.8618266978922717,4.583138173302108,nested_oof,0.5
85-5,85,5,1,1,0,0.0614340305328368,0.9385659694671632,1,0,0.0614340305328368,0.4385659694671632,4,3,3,0.7868852459016393,3.962529274004684,nested_oof,0.5
85-6,85,6,1,1,0,0.0614340305328368,0.9385659694671632,1,0,0.0614340305328368,0.4385659694671632,4,3,2,0.7915690866510539,3.7353629976580796,nested_oof,0.5
85-7,85,7,1,1,0,0.0614340305328368,0.9385659694671632,1,0,0.0614340305328368,0.4385659694671632,4,3,2,0.8407494145199064,3.540983606557377,nested_oof,0.5
85-8,85,8,1,1,0,0.0614340305328368,0.9385659694671632,1,0,0.0614340305328368,0.4385659694671632,3,3,2,0.7985948477751756,2.791569086651054,nested_oof,0.5
85-9,85,9,1,1,0,0.0614340305328368,0.9385659694671632,1,0,0.0614340305328368,0.4385659694671632,5,2,4,0.819672131147541,4.285714285714286,nested_oof,0.5
85-10,85,10,1,1,0,0.0614340305328368,0.9385659694671632,1,0,0.0614340305328368,0.4385659694671632,3,2,4,0.775175644028103,3.4988290398126463,nested_oof,0.5
85-11,85,11,1,1,0,0.0614340305328368,0.9385659694671632,1,0,0.0614340305328368,0.4385659694671632,3,3,4,0.7892271662763466,3.782201405152225,nested_oof,0.5
85-12,85,12,1,1,0,0.0614340305328368,0.9385659694671632,1,0,0.0614340305328368,0.4385659694671632,3,4,4,0.8290398126463701,3.6721311475409837,nested_oof,0.5
86-0,86,0,1,1,0,0.2655685544013977,0.7344314455986023,1,0,0.2655685544013977,0.2344314455986023,5,2,4,0.810304449648712,4.3629976580796255,nested_oof,0.5
86-1,86,1,1,1,0,0.2655685544013977,0.7344314455986023,1,0,0.2655685544013977,0.2344314455986023,4,3,4,0.8126463700234192,4.02576112412178,nested_oof,0.5
86-2,86,2,1,0,1,0.7344314455986023,0.7344314455986023,1,1,0.7344314455986023,0.2344314455986023,1,3,4,0.7939110070257611,3.8454332552693207,nested_oof,0.5
86-3,86,3,1,1,0,0.2655685544013977,0.7344314455986023,1,0,0.2655685544013977,0.2344314455986023,4,3,4,0.8149882903981265,3.9555035128805622,nested_oof,0.5
86-4,86,4,1,1,0,0.2655685544013977,0.7344314455986023,1,0,0.2655685544013977,0.2344314455986023,4,3,3,0.8618266978922717,4.583138173302108,nested_oof,0.5
86-5,86,5,1,1,0,0.2655685544013977,0.7344314455986023,1,0,0.2655685544013977,0.2344314455986023,4,4,3,0.7868852459016393,3.962529274004684,nested_oof,0.5
86-6,86,6,1,1,0,0.2655685544013977,0.7344314455986023,1,0,0.2655685544013977,0.2344314455986023,4,2,2,0.7915690866510539,3.7353629976580796,nested_oof,0.5
86-7,86,7,1,0,1,0.7344314455986023,0.7344314455986023,1,1,0.7344314455986023,0.2344314455986023,4,4,2,0.8407494145199064,3.540983606557377,nested_oof,0.5
86-8,86,8,1,1,0,0.2655685544013977,0.7344314455986023,1,0,0.2655685544013977,0.2344314455986023,3,3,2,0.7985948477751756,2.791569086651054,nested_oof,0.5
86-9,86,9,1,1,0,0.2655685544013977,0.7344314455986023,1,0,0.2655685544013977,0.2344314455986023,3,4,4,0.819672131147541,4.285714285714286,nested_oof,0.5
86-10,86,10,1,1,0,0.2655685544013977,0.7344314455986023,1,0,0.2655685544013977,0.2344314455986023,4,3,4,0.775175644028103,3.4988290398126463,nested_oof,0.5
86-11,86,11,1,1,0,0.2655685544013977,0.7344314455986023,1,0,0.2655685544013977,0.2344314455986023,3,3,4,0.7892271662763466,3.782201405152225,nested_oof,0.5
86-12,86,12,1,1,0,0.2655685544013977,0.7344314455986023,1,0,0.2655685544013977,0.2344314455986023,3,3,4,0.8290398126463701,3.6721311475409837,nested_oof,0.5
87-0,87,0,4,0,0,0.2180359065532684,0.2180359065532684,0,0,0.2180359065532684,0.28196409344673157,5,2,4,0.810304449648712,4.3629976580796255,nested_oof,0.5
87-1,87,1,4,0,0,0.2180359065532684,0.2180359065532684,0,0,0.2180359065532684,0.28196409344673157,4,3,4,0.8126463700234192,4.02576112412178,nested_oof,0.5
87-2,87,2,4,0,0,0.2180359065532684,0.2180359065532684,0,0,0.2180359065532684,0.28196409344673157,4,2,4,0.7939110070257611,3.8454332552693207,nested_oof,0.5
87-3,87,3,4,0,0,0.2180359065532684,0.2180359065532684,0,0,0.2180359065532684,0.28196409344673157,5,1,4,0.8149882903981265,3.9555035128805622,nested_oof,0.5
87-4,87,4,4,0,0,0.2180359065532684,0.2180359065532684,0,0,0.2180359065532684,0.28196409344673157,5,2,3,0.8618266978922717,4.583138173302108,nested_oof,0.5
87-5,87,5,4,0,0,0.2180359065532684,0.2180359065532684,0,0,0.2180359065532684,0.28196409344673157,5,3,3,0.7868852459016393,3.962529274004684,nested_oof,0.5
87-6,87,6,4,0,0,0.2180359065532684,0.2180359065532684,0,0,0.2180359065532684,0.28196409344673157,4,2,2,0.7915690866510539,3.7353629976580796,nested_oof,0.5
87-7,87,7,4,0,0,0.2180359065532684,0.2180359065532684,0,0,0.2180359065532684,0.28196409344673157,4,2,2,0.8407494145199064,3.540983606557377,nested_oof,0.5
87-8,87,8,4,0,0,0.2180359065532684,0.2180359065532684,0,0,0.2180359065532684,0.28196409344673157,3,3,2,0.7985948477751756,2.791569086651054,nested_oof,0.5
87-9,87,9,4,0,0,0.2180359065532684,0.2180359065532684,0,0,0.2180359065532684,0.28196409344673157,4,3,4,0.819672131147541,4.285714285714286,nested_oof,0.5
87-10,87,10,4,0,0,0.2180359065532684,0.2180359065532684,0,0,0.2180359065532684,0.28196409344673157,4,1,4,0.775175644028103,3.4988290398126463,nested_oof,0.5
87-11,87,11,4,0,0,0.2180359065532684,0.2180359065532684,0,0,0.2180359065532684,0.28196409344673157,4,3,4,0.7892271662763466,3.782201405152225,nested_oof,0.5
87-12,87,12,4,0,0,0.2180359065532684,0.2180359065532684,0,0,0.2180359065532684,0.28196409344673157,4,2,4,0.8290398126463701,3.6721311475409837,nested_oof,0.5
88-0,88,0,5,0,0,0.7531566619873047,0.7531566619873047,1,1,0.7531566619873047,0.2531566619873047,5,2,4,0.810304449648712,4.3629976580796255,nested_oof,0.5
88-1,88,1,5,0,0,0.7531566619873047,0.7531566619873047,1,1,0.7531566619873047,0.2531566619873047,4,3,4,0.8126463700234192,4.02576112412178,nested_oof,0.5
88-2,88,2,5,0,0,0.7531566619873047,0.7531566619873047,1,1,0.7531566619873047,0.2531566619873047,4,2,4,0.7939110070257611,3.8454332552693207,nested_oof,0.5
88-3,88,3,5,0,0,0.7531566619873047,0.7531566619873047,1,1,0.7531566619873047,0.2531566619873047,5,3,4,0.8149882903981265,3.9555035128805622,nested_oof,0.5
88-4,88,4,5,0,0,0.7531566619873047,0.7531566619873047,1,1,0.7531566619873047,0.2531566619873047,4,3,3,0.8618266978922717,4.583138173302108,nested_oof,0.5
88-5,88,5,5,0,0,0.7531566619873047,0.7531566619873047,1,1,0.7531566619873047,0.2531566619873047,3,4,3,0.7868852459016393,3.962529274004684,nested_oof,0.5
88-6,88,6,5,1,1,0.2468433380126953,0.7531566619873047,1,0,0.2468433380126953,0.2531566619873047,3,3,2,0.7915690866510539,3.7353629976580796,nested_oof,0.5
88-7,88,7,5,1,1,0.2468433380126953,0.7531566619873047,1,0,0.2468433380126953,0.2531566619873047,4,4,2,0.8407494145199064,3.540983606557377,nested_oof,0.5
88-8,88,8,5,0,0,0.7531566619873047,0.7531566619873047,1,1,0.7531566619873047,0.2531566619873047,2,3,2,0.7985948477751756,2.791569086651054,nested_oof,0.5
88-9,88,9,5,1,1,0.2468433380126953,0.7531566619873047,1,0,0.2468433380126953,0.2531566619873047,3,4,4,0.819672131147541,4.285714285714286,nested_oof,0.5
88-10,88,10,5,0,0,0.7531566619873047,0.7531566619873047,1,1,0.7531566619873047,0.2531566619873047,4,3,4,0.775175644028103,3.4988290398126463,nested_oof,0.5
88-11,88,11,5,0,0,0.7531566619873047,0.7531566619873047,1,1,0.7531566619873047,0.2531566619873047,2,3,4,0.7892271662763466,3.782201405152225,nested_oof,0.5
88-12,88,12,5,0,0,0.7531566619873047,0.7531566619873047,1,1,0.7531566619873047,0.2531566619873047,4,3,4,0.8290398126463701,3.6721311475409837,nested_oof,0.5
89-0,89,0,1,0,0,0.2390389144420623,0.2390389144420623,0,0,0.2390389144420623,0.26096108555793773,5,2,4,0.810304449648712,4.3629976580796255,nested_oof,0.5
89-1,89,1,1,0,0,0.2390389144420623,0.2390389144420623,0,0,0.2390389144420623,0.26096108555793773,4,3,4,0.8126463700234192,4.02576112412178,nested_oof,0.5
89-2,89,2,1,0,0,0.2390389144420623,0.2390389144420623,0,0,0.2390389144420623,0.26096108555793773,4,2,4,0.7939110070257611,3.8454332552693207,nested_oof,0.5
89-3,89,3,1,0,0,0.2390389144420623,0.2390389144420623,0,0,0.2390389144420623,0.26096108555793773,4,2,4,0.8149882903981265,3.9555035128805622,nested_oof,0.5
89-4,89,4,1,0,0,0.2390389144420623,0.2390389144420623,0,0,0.2390389144420623,0.26096108555793773,5,3,3,0.8618266978922717,4.583138173302108,nested_oof,0.5
89-5,89,5,1,0,0,0.2390389144420623,0.2390389144420623,0,0,0.2390389144420623,0.26096108555793773,4,3,3,0.7868852459016393,3.962529274004684,nested_oof,0.5
89-6,89,6,1,1,1,0.7609610855579377,0.2390389144420623,0,1,0.7609610855579377,0.26096108555793773,3,3,2,0.7915690866510539,3.7353629976580796,nested_oof,0.5
89-7,89,7,1,0,0,0.2390389144420623,0.2390389144420623,0,0,0.2390389144420623,0.26096108555793773,4,2,2,0.8407494145199064,3.540983606557377,nested_oof,0.5
89-8,89,8,1,1,1,0.7609610855579377,0.2390389144420623,0,1,0.7609610855579377,0.26096108555793773,2,3,2,0.7985948477751756,2.791569086651054,nested_oof,0.5
89-9,89,9,1,0,0,0.2390389144420623,0.2390389144420623,0,0,0.2390389144420623,0.26096108555793773,4,3,4,0.819672131147541,4.285714285714286,nested_oof,0.5
89-10,89,10,1,1,1,0.7609610855579377,0.2390389144420623,0,1,0.7609610855579377,0.26096108555793773,3,2,4,0.775175644028103,3.4988290398126463,nested_oof,0.5
89-11,89,11,1,0,0,0.2390389144420623,0.2390389144420623,0,0,0.2390389144420623,0.26096108555793773,3,3,4,0.7892271662763466,3.782201405152225,nested_oof,0.5
89-12,89,12,1,0,0,0.2390389144420623,0.2390389144420623,0,0,0.2390389144420623,0.26096108555793773,4,3,4,0.8290398126463701,3.6721311475409837,nested_oof,0.5
90-0,90,0,3,0,0,0.4395850300788879,0.4395850300788879,0,0,0.4395850300788879,0.060414969921112116,5,2,4,0.810304449648712,4.3629976580796255,nested_oof,0.5
90-1,90,1,3,0,0,0.4395850300788879,0.4395850300788879,0,0,0.4395850300788879,0.060414969921112116,3,3,4,0.8126463700234192,4.02576112412178,nested_oof,0.5
90-2,90,2,3,0,0,0.4395850300788879,0.4395850300788879,0,0,0.4395850300788879,0.060414969921112116,1,3,4,0.7939110070257611,3.8454332552693207,nested_oof,0.5
90-3,90,3,3,0,0,0.4395850300788879,0.4395850300788879,0,0,0.4395850300788879,0.060414969921112116,5,2,4,0.8149882903981265,3.9555035128805622,nested_oof,0.5
90-4,90,4,3,0,0,0.4395850300788879,0.4395850300788879,0,0,0.4395850300788879,0.060414969921112116,4,2,3,0.8618266978922717,4.583138173302108,nested_oof,0.5
90-5,90,5,3,0,0,0.4395850300788879,0.4395850300788879,0,0,0.4395850300788879,0.060414969921112116,4,3,3,0.7868852459016393,3.962529274004684,nested_oof,0.5
90-6,90,6,3,1,1,0.5604149699211121,0.4395850300788879,0,1,0.5604149699211121,0.060414969921112116,3,3,2,0.7915690866510539,3.7353629976580796,nested_oof,0.5
90-7,90,7,3,0,0,0.4395850300788879,0.4395850300788879,0,0,0.4395850300788879,0.060414969921112116,4,2,2,0.8407494145199064,3.540983606557377,nested_oof,0.5
90-8,90,8,3,0,0,0.4395850300788879,0.4395850300788879,0,0,0.4395850300788879,0.060414969921112116,3,3,2,0.7985948477751756,2.791569086651054,nested_oof,0.5
90-9,90,9,3,0,0,0.4395850300788879,0.4395850300788879,0,0,0.4395850300788879,0.060414969921112116,4,3,4,0.819672131147541,4.285714285714286,nested_oof,0.5
90-10,90,10,3,0,0,0.4395850300788879,0.4395850300788879,0,0,0.4395850300788879,0.060414969921112116,4,2,4,0.775175644028103,3.4988290398126463,nested_oof,0.5
90-11,90,11,3,1,1,0.5604149699211121,0.4395850300788879,0,1,0.5604149699211121,0.060414969921112116,3,3,4,0.7892271662763466,3.782201405152225,nested_oof,0.5
90-12,90,12,3,0,0,0.4395850300788879,0.4395850300788879,0,0,0.4395850300788879,0.060414969921112116,3,3,4,0.8290398126463701,3.6721311475409837,nested_oof,0.5
91-0,91,0,3,0,1,0.2274390161037445,0.2274390161037445,0,0,0.2274390161037445,0.2725609838962555,5,2,4,0.810304449648712,4.3629976580796255,nested_oof,0.5
91-1,91,1,3,1,0,0.7725609838962555,0.2274390161037445,0,1,0.7725609838962555,0.2725609838962555,4,3,4,0.8126463700234192,4.02576112412178,nested_oof,0.5
91-2,91,2,3,1,0,0.7725609838962555,0.2274390161037445,0,1,0.7725609838962555,0.2725609838962555,4,3,4,0.7939110070257611,3.8454332552693207,nested_oof,0.5
91-3,91,3,3,1,0,0.7725609838962555,0.2274390161037445,0,1,0.7725609838962555,0.2725609838962555,5,2,4,0.8149882903981265,3.9555035128805622,nested_oof,0.5
91-4,91,4,3,1,0,0.7725609838962555,0.2274390161037445,0,1,0.7725609838962555,0.2725609838962555,5,4,3,0.8618266978922717,4.583138173302108,nested_oof,0.5
91-5,91,5,3,1,0,0.7725609838962555,0.2274390161037445,0,1,0.7725609838962555,0.2725609838962555,5,3,3,0.7868852459016393,3.962529274004684,nested_oof,0.5
91-6,91,6,3,1,0,0.7725609838962555,0.2274390161037445,0,1,0.7725609838962555,0.2725609838962555,3,3,2,0.7915690866510539,3.7353629976580796,nested_oof,0.5
91-7,91,7,3,1,0,0.7725609838962555,0.2274390161037445,0,1,0.7725609838962555,0.2725609838962555,5,3,2,0.8407494145199064,3.540983606557377,nested_oof,0.5
91-8,91,8,3,1,0,0.7725609838962555,0.2274390161037445,0,1,0.7725609838962555,0.2725609838962555,4,2,2,0.7985948477751756,2.791569086651054,nested_oof,0.5
91-9,91,9,3,1,0,0.7725609838962555,0.2274390161037445,0,1,0.7725609838962555,0.2725609838962555,5,4,4,0.819672131147541,4.285714285714286,nested_oof,0.5
91-10,91,10,3,0,1,0.2274390161037445,0.2274390161037445,0,0,0.2274390161037445,0.2725609838962555,4,1,4,0.775175644028103,3.4988290398126463,nested_oof,0.5
91-11,91,11,3,1,0,0.7725609838962555,0.2274390161037445,0,1,0.7725609838962555,0.2725609838962555,3,3,4,0.7892271662763466,3.782201405152225,nested_oof,0.5
91-12,91,12,3,0,1,0.2274390161037445,0.2274390161037445,0,0,0.2274390161037445,0.2725609838962555,3,3,4,0.8290398126463701,3.6721311475409837,nested_oof,0.5
92-0,92,0,5,0,0,0.3974736630916595,0.3974736630916595,0,0,0.3974736630916595,0.10252633690834051,5,2,4,0.810304449648712,4.3629976580796255,nested_oof,0.5
92-1,92,1,5,0,0,0.3974736630916595,0.3974736630916595,0,0,0.3974736630916595,0.10252633690834051,4,3,4,0.8126463700234192,4.02576112412178,nested_oof,0.5
92-2,92,2,5,0,0,0.3974736630916595,0.3974736630916595,0,0,0.3974736630916595,0.10252633690834051,4,2,4,0.7939110070257611,3.8454332552693207,nested_oof,0.5
92-3,92,3,5,0,0,0.3974736630916595,0.3974736630916595,0,0,0.3974736630916595,0.10252633690834051,4,4,4,0.8149882903981265,3.9555035128805622,nested_oof,0.5
92-4,92,4,5,0,0,0.3974736630916595,0.3974736630916595,0,0,0.3974736630916595,0.10252633690834051,4,3,3,0.8618266978922717,4.583138173302108,nested_oof,0.5
92-5,92,5,5,1,1,0.6025263369083405,0.3974736630916595,0,1,0.6025263369083405,0.10252633690834051,4,3,3,0.7868852459016393,3.962529274004684,nested_oof,0.5
92-6,92,6,5,0,0,0.3974736630916595,0.3974736630916595,0,0,0.3974736630916595,0.10252633690834051,4,3,2,0.7915690866510539,3.7353629976580796,nested_oof,0.5
92-7,92,7,5,0,0,0.3974736630916595,0.3974736630916595,0,0,0.3974736630916595,0.10252633690834051,4,3,2,0.8407494145199064,3.540983606557377,nested_oof,0.5
92-8,92,8,5,1,1,0.6025263369083405,0.3974736630916595,0,1,0.6025263369083405,0.10252633690834051,3,3,2,0.7985948477751756,2.791569086651054,nested_oof,0.5
92-9,92,9,5,0,0,0.3974736630916595,0.3974736630916595,0,0,0.3974736630916595,0.10252633690834051,5,3,4,0.819672131147541,4.285714285714286,nested_oof,0.5
92-10,92,10,5,0,0,0.3974736630916595,0.3974736630916595,0,0,0.3974736630916595,0.10252633690834051,4,2,4,0.775175644028103,3.4988290398126463,nested_oof,0.5
92-11,92,11,5,0,0,0.3974736630916595,0.3974736630916595,0,0,0.3974736630916595,0.10252633690834051,3,3,4,0.7892271662763466,3.782201405152225,nested_oof,0.5
92-12,92,12,5,0,0,0.3974736630916595,0.3974736630916595,0,0,0.3974736630916595,0.10252633690834051,3,3,4,0.8290398126463701,3.6721311475409837,nested_oof,0.5
93-0,93,0,5,0,0,0.0940270945429802,0.0940270945429802,0,0,0.0940270945429802,0.4059729054570198,5,2,4,0.810304449648712,4.3629976580796255,nested_oof,0.5
93-1,93,1,5,0,0,0.0940270945429802,0.0940270945429802,0,0,0.0940270945429802,0.4059729054570198,4,3,4,0.8126463700234192,4.02576112412178,nested_oof,0.5
93-2,93,2,5,0,0,0.0940270945429802,0.0940270945429802,0,0,0.0940270945429802,0.4059729054570198,5,2,4,0.7939110070257611,3.8454332552693207,nested_oof,0.5
93-3,93,3,5,0,0,0.0940270945429802,0.0940270945429802,0,0,0.0940270945429802,0.4059729054570198,5,2,4,0.8149882903981265,3.9555035128805622,nested_oof,0.5
93-4,93,4,5,0,0,0.0940270945429802,0.0940270945429802,0,0,0.0940270945429802,0.4059729054570198,5,2,3,0.8618266978922717,4.583138173302108,nested_oof,0.5
93-5,93,5,5,0,0,0.0940270945429802,0.0940270945429802,0,0,0.0940270945429802,0.4059729054570198,4,3,3,0.7868852459016393,3.962529274004684,nested_oof,0.5
93-6,93,6,5,0,0,0.0940270945429802,0.0940270945429802,0,0,0.0940270945429802,0.4059729054570198,4,3,2,0.7915690866510539,3.7353629976580796,nested_oof,0.5
93-7,93,7,5,0,0,0.0940270945429802,0.0940270945429802,0,0,0.0940270945429802,0.4059729054570198,4,2,2,0.8407494145199064,3.540983606557377,nested_oof,0.5
93-8,93,8,5,0,0,0.0940270945429802,0.0940270945429802,0,0,0.0940270945429802,0.4059729054570198,3,3,2,0.7985948477751756,2.791569086651054,nested_oof,0.5
93-9,93,9,5,0,0,0.0940270945429802,0.0940270945429802,0,0,0.0940270945429802,0.4059729054570198,4,3,4,0.819672131147541,4.285714285714286,nested_oof,0.5
93-10,93,10,5,1,1,0.9059729054570198,0.0940270945429802,0,1,0.9059729054570198,0.4059729054570198,3,3,4,0.775175644028103,3.4988290398126463,nested_oof,0.5
93-11,93,11,5,0,0,0.0940270945429802,0.0940270945429802,0,0,0.0940270945429802,0.4059729054570198,3,3,4,0.7892271662763466,3.782201405152225,nested_oof,0.5
93-12,93,12,5,0,0,0.0940270945429802,0.0940270945429802,0,0,0.0940270945429802,0.4059729054570198,4,2,4,0.8290398126463701,3.6721311475409837,nested_oof,0.5
94-0,94,0,1,0,0,0.0744238868355751,0.0744238868355751,0,0,0.0744238868355751,0.4255761131644249,5,2,4,0.810304449648712,4.3629976580796255,nested_oof,0.5
94-1,94,1,1,0,0,0.0744238868355751,0.0744238868355751,0,0,0.0744238868355751,0.4255761131644249,4,3,4,0.8126463700234192,4.02576112412178,nested_oof,0.5
94-2,94,2,1,1,1,0.9255761131644249,0.0744238868355751,0,1,0.9255761131644249,0.4255761131644249,2,4,4,0.7939110070257611,3.8454332552693207,nested_oof,0.5
94-3,94,3,1,0,0,0.0744238868355751,0.0744238868355751,0,0,0.0744238868355751,0.4255761131644249,4,4,4,0.8149882903981265,3.9555035128805622,nested_oof,0.5
94-4,94,4,1,0,0,0.0744238868355751,0.0744238868355751,0,0,0.0744238868355751,0.4255761131644249,5,2,3,0.8618266978922717,4.583138173302108,nested_oof,0.5
94-5,94,5,1,0,0,0.0744238868355751,0.0744238868355751,0,0,0.0744238868355751,0.4255761131644249,4,3,3,0.7868852459016393,3.962529274004684,nested_oof,0.5
94-6,94,6,1,0,0,0.0744238868355751,0.0744238868355751,0,0,0.0744238868355751,0.4255761131644249,4,3,2,0.7915690866510539,3.7353629976580796,nested_oof,0.5
94-7,94,7,1,0,0,0.0744238868355751,0.0744238868355751,0,0,0.0744238868355751,0.4255761131644249,4,2,2,0.8407494145199064,3.540983606557377,nested_oof,0.5
94-8,94,8,1,1,1,0.9255761131644249,0.0744238868355751,0,1,0.9255761131644249,0.4255761131644249,2,3,2,0.7985948477751756,2.791569086651054,nested_oof,0.5
94-9,94,9,1,0,0,0.0744238868355751,0.0744238868355751,0,0,0.0744238868355751,0.4255761131644249,5,1,4,0.819672131147541,4.285714285714286,nested_oof,0.5
94-10,94,10,1,0,0,0.0744238868355751,0.0744238868355751,0,0,0.0744238868355751,0.4255761131644249,4,2,4,0.775175644028103,3.4988290398126463,nested_oof,0.5
94-11,94,11,1,0,0,0.0744238868355751,0.0744238868355751,0,0,0.0744238868355751,0.4255761131644249,3,3,4,0.7892271662763466,3.782201405152225,nested_oof,0.5
94-12,94,12,1,0,0,0.0744238868355751,0.0744238868355751,0,0,0.0744238868355751,0.4255761131644249,4,2,4,0.8290398126463701,3.6721311475409837,nested_oof,0.5
95-0,95,0,2,1,1,0.7847141772508622,0.2152858227491378,0,1,0.7847141772508622,0.28471417725086223,5,3,4,0.810304449648712,4.3629976580796255,nested_oof,0.5
95-1,95,1,2,0,0,0.2152858227491378,0.2152858227491378,0,0,0.2152858227491378,0.28471417725086223,4,3,4,0.8126463700234192,4.02576112412178,nested_oof,0.5
95-2,95,2,2,0,0,0.2152858227491378,0.2152858227491378,0,0,0.2152858227491378,0.28471417725086223,4,4,4,0.7939110070257611,3.8454332552693207,nested_oof,0.5
95-3,95,3,2,1,1,0.7847141772508622,0.2152858227491378,0,1,0.7847141772508622,0.28471417725086223,5,4,4,0.8149882903981265,3.9555035128805622,nested_oof,0.5
95-4,95,4,2,0,0,0.2152858227491378,0.2152858227491378,0,0,0.2152858227491378,0.28471417725086223,5,4,3,0.8618266978922717,4.583138173302108,nested_oof,0.5
95-5,95,5,2,1,1,0.7847141772508622,0.2152858227491378,0,1,0.7847141772508622,0.28471417725086223,3,4,3,0.7868852459016393,3.962529274004684,nested_oof,0.5
95-6,95,6,2,1,1,0.7847141772508622,0.2152858227491378,0,1,0.7847141772508622,0.28471417725086223,4,3,2,0.7915690866510539,3.7353629976580796,nested_oof,0.5
95-7,95,7,2,0,0,0.2152858227491378,0.2152858227491378,0,0,0.2152858227491378,0.28471417725086223,3,4,2,0.8407494145199064,3.540983606557377,nested_oof,0.5
95-8,95,8,2,1,1,0.7847141772508622,0.2152858227491378,0,1,0.7847141772508622,0.28471417725086223,3,3,2,0.7985948477751756,2.791569086651054,nested_oof,0.5
95-9,95,9,2,1,1,0.7847141772508622,0.2152858227491378,0,1,0.7847141772508622,0.28471417725086223,5,4,4,0.819672131147541,4.285714285714286,nested_oof,0.5
95-10,95,10,2,1,1,0.7847141772508622,0.2152858227491378,0,1,0.7847141772508622,0.28471417725086223,3,3,4,0.775175644028103,3.4988290398126463,nested_oof,0.5
95-11,95,11,2,1,1,0.7847141772508622,0.2152858227491378,0,1,0.7847141772508622,0.28471417725086223,3,3,4,0.7892271662763466,3.782201405152225,nested_oof,0.5
95-12,95,12,2,0,0,0.2152858227491378,0.2152858227491378,0,0,0.2152858227491378,0.28471417725086223,3,4,4,0.8290398126463701,3.6721311475409837,nested_oof,0.5
96-0,96,0,4,0,1,0.1493546366691589,0.1493546366691589,0,0,0.1493546366691589,0.35064536333084106,5,2,4,0.810304449648712,4.3629976580796255,nested_oof,0.5
96-1,96,1,4,0,1,0.1493546366691589,0.1493546366691589,0,0,0.1493546366691589,0.35064536333084106,4,3,4,0.8126463700234192,4.02576112412178,nested_oof,0.5
96-2,96,2,4,0,1,0.1493546366691589,0.1493546366691589,0,0,0.1493546366691589,0.35064536333084106,4,3,4,0.7939110070257611,3.8454332552693207,nested_oof,0.5
96-3,96,3,4,0,1,0.1493546366691589,0.1493546366691589,0,0,0.1493546366691589,0.35064536333084106,4,3,4,0.8149882903981265,3.9555035128805622,nested_oof,0.5
96-4,96,4,4,0,1,0.1493546366691589,0.1493546366691589,0,0,0.1493546366691589,0.35064536333084106,5,3,3,0.8618266978922717,4.583138173302108,nested_oof,0.5
96-5,96,5,4,0,1,0.1493546366691589,0.1493546366691589,0,0,0.1493546366691589,0.35064536333084106,4,3,3,0.7868852459016393,3.962529274004684,nested_oof,0.5
96-6,96,6,4,0,1,0.1493546366691589,0.1493546366691589,0,0,0.1493546366691589,0.35064536333084106,4,3,2,0.7915690866510539,3.7353629976580796,nested_oof,0.5
96-7,96,7,4,0,1,0.1493546366691589,0.1493546366691589,0,0,0.1493546366691589,0.35064536333084106,5,2,2,0.8407494145199064,3.540983606557377,nested_oof,0.5
96-8,96,8,4,0,1,0.1493546366691589,0.1493546366691589,0,0,0.1493546366691589,0.35064536333084106,3,3,2,0.7985948477751756,2.791569086651054,nested_oof,0.5
96-9,96,9,4,0,1,0.1493546366691589,0.1493546366691589,0,0,0.1493546366691589,0.35064536333084106,4,3,4,0.819672131147541,4.285714285714286,nested_oof,0.5
96-10,96,10,4,0,1,0.1493546366691589,0.1493546366691589,0,0,0.1493546366691589,0.35064536333084106,3,3,4,0.775175644028103,3.4988290398126463,nested_oof,0.5
96-11,96,11,4,0,1,0.1493546366691589,0.1493546366691589,0,0,0.1493546366691589,0.35064536333084106,3,3,4,0.7892271662763466,3.782201405152225,nested_oof,0.5
96-12,96,12,4,1,0,0.8506453633308411,0.1493546366691589,0,1,0.8506453633308411,0.35064536333084106,3,4,4,0.8290398126463701,3.6721311475409837,nested_oof,0.5
97-0,97,0,4,0,0,0.2255708873271942,0.2255708873271942,0,0,0.2255708873271942,0.2744291126728058,5,2,4,0.810304449648712,4.3629976580796255,nested_oof,0.5
97-1,97,1,4,0,0,0.2255708873271942,0.2255708873271942,0,0,0.2255708873271942,0.2744291126728058,4,3,4,0.8126463700234192,4.02576112412178,nested_oof,0.5
97-2,97,2,4,0,0,0.2255708873271942,0.2255708873271942,0,0,0.2255708873271942,0.2744291126728058,4,2,4,0.7939110070257611,3.8454332552693207,nested_oof,0.5
97-3,97,3,4,0,0,0.2255708873271942,0.2255708873271942,0,0,0.2255708873271942,0.2744291126728058,4,4,4,0.8149882903981265,3.9555035128805622,nested_oof,0.5
97-4,97,4,4,0,0,0.2255708873271942,0.2255708873271942,0,0,0.2255708873271942,0.2744291126728058,4,4,3,0.8618266978922717,4.583138173302108,nested_oof,0.5
97-5,97,5,4,0,0,0.2255708873271942,0.2255708873271942,0,0,0.2255708873271942,0.2744291126728058,4,3,3,0.7868852459016393,3.962529274004684,nested_oof,0.5
97-6,97,6,4,0,0,0.2255708873271942,0.2255708873271942,0,0,0.2255708873271942,0.2744291126728058,4,3,2,0.7915690866510539,3.7353629976580796,nested_oof,0.5
97-7,97,7,4,0,0,0.2255708873271942,0.2255708873271942,0,0,0.2255708873271942,0.2744291126728058,5,2,2,0.8407494145199064,3.540983606557377,nested_oof,0.5
97-8,97,8,4,0,0,0.2255708873271942,0.2255708873271942,0,0,0.2255708873271942,0.2744291126728058,3,3,2,0.7985948477751756,2.791569086651054,nested_oof,0.5
97-9,97,9,4,1,1,0.7744291126728058,0.2255708873271942,0,1,0.7744291126728058,0.2744291126728058,3,4,4,0.819672131147541,4.285714285714286,nested_oof,0.5
97-10,97,10,4,1,1,0.7744291126728058,0.2255708873271942,0,1,0.7744291126728058,0.2744291126728058,3,3,4,0.775175644028103,3.4988290398126463,nested_oof,0.5
97-11,97,11,4,0,0,0.2255708873271942,0.2255708873271942,0,0,0.2255708873271942,0.2744291126728058,3,3,4,0.7892271662763466,3.782201405152225,nested_oof,0.5
97-12,97,12,4,0,0,0.2255708873271942,0.2255708873271942,0,0,0.2255708873271942,0.2744291126728058,4,3,4,0.8290398126463701,3.6721311475409837,nested_oof,0.5
98-0,98,0,1,1,0,0.19499146938323975,0.8050085306167603,1,0,0.19499146938323975,0.30500853061676025,2,4,4,0.810304449648712,4.3629976580796255,nested_oof,0.5
98-1,98,1,1,0,1,0.8050085306167603,0.8050085306167603,1,1,0.8050085306167603,0.30500853061676025,2,3,4,0.8126463700234192,4.02576112412178,nested_oof,0.5
98-2,98,2,1,1,0,0.19499146938323975,0.8050085306167603,1,0,0.19499146938323975,0.30500853061676025,1,3,4,0.7939110070257611,3.8454332552693207,nested_oof,0.5
98-3,98,3,1,1,0,0.19499146938323975,0.8050085306167603,1,0,0.19499146938323975,0.30500853061676025,5,4,4,0.8149882903981265,3.9555035128805622,nested_oof,0.5
98-4,98,4,1,1,0,0.19499146938323975,0.8050085306167603,1,0,0.19499146938323975,0.30500853061676025,5,4,3,0.8618266978922717,4.583138173302108,nested_oof,0.5
98-5,98,5,1,1,0,0.19499146938323975,0.8050085306167603,1,0,0.19499146938323975,0.30500853061676025,1,4,3,0.7868852459016393,3.962529274004684,nested_oof,0.5
98-6,98,6,1,1,0,0.19499146938323975,0.8050085306167603,1,0,0.19499146938323975,0.30500853061676025,4,3,2,0.7915690866510539,3.7353629976580796,nested_oof,0.5
98-7,98,7,1,1,0,0.19499146938323975,0.8050085306167603,1,0,0.19499146938323975,0.30500853061676025,4,4,2,0.8407494145199064,3.540983606557377,nested_oof,0.5
98-8,98,8,1,1,0,0.19499146938323975,0.8050085306167603,1,0,0.19499146938323975,0.30500853061676025,1,4,2,0.7985948477751756,2.791569086651054,nested_oof,0.5
98-9,98,9,1,1,0,0.19499146938323975,0.8050085306167603,1,0,0.19499146938323975,0.30500853061676025,1,4,4,0.819672131147541,4.285714285714286,nested_oof,0.5
98-10,98,10,1,1,0,0.19499146938323975,0.8050085306167603,1,0,0.19499146938323975,0.30500853061676025,4,4,4,0.775175644028103,3.4988290398126463,nested_oof,0.5
98-11,98,11,1,1,0,0.19499146938323975,0.8050085306167603,1,0,0.19499146938323975,0.30500853061676025,1,4,4,0.7892271662763466,3.782201405152225,nested_oof,0.5
98-12,98,12,1,0,1,0.8050085306167603,0.8050085306167603,1,1,0.8050085306167603,0.30500853061676025,1,4,4,0.8290398126463701,3.6721311475409837,nested_oof,0.5
99-0,99,0,1,1,0,0.4518699049949646,0.5481300950050354,1,0,0.4518699049949646,0.0481300950050354,5,2,4,0.810304449648712,4.3629976580796255,nested_oof,0.5
99-1,99,1,1,1,0,0.4518699049949646,0.5481300950050354,1,0,0.4518699049949646,0.0481300950050354,3,3,4,0.8126463700234192,4.02576112412178,nested_oof,0.5
99-2,99,2,1,1,0,0.4518699049949646,0.5481300950050354,1,0,0.4518699049949646,0.0481300950050354,4,3,4,0.7939110070257611,3.8454332552693207,nested_oof,0.5
99-3,99,3,1,1,0,0.4518699049949646,0.5481300950050354,1,0,0.4518699049949646,0.0481300950050354,4,3,4,0.8149882903981265,3.9555035128805622,nested_oof,0.5
99-4,99,4,1,1,0,0.4518699049949646,0.5481300950050354,1,0,0.4518699049949646,0.0481300950050354,4,4,3,0.8618266978922717,4.583138173302108,nested_oof,0.5
99-5,99,5,1,0,1,0.5481300950050354,0.5481300950050354,1,1,0.5481300950050354,0.0481300950050354,4,3,3,0.7868852459016393,3.962529274004684,nested_oof,0.5
99-6,99,6,1,1,0,0.4518699049949646,0.5481300950050354,1,0,0.4518699049949646,0.0481300950050354,3,3,2,0.7915690866510539,3.7353629976580796,nested_oof,0.5
99-7,99,7,1,1,0,0.4518699049949646,0.5481300950050354,1,0,0.4518699049949646,0.0481300950050354,4,3,2,0.8407494145199064,3.540983606557377,nested_oof,0.5
99-8,99,8,1,1,0,0.4518699049949646,0.5481300950050354,1,0,0.4518699049949646,0.0481300950050354,3,3,2,0.7985948477751756,2.791569086651054,nested_oof,0.5
99-9,99,9,1,1,0,0.4518699049949646,0.5481300950050354,1,0,0.4518699049949646,0.0481300950050354,4,3,4,0.819672131147541,4.285714285714286,nested_oof,0.5
99-10,99,10,1,1,0,0.4518699049949646,0.5481300950050354,1,0,0.4518699049949646,0.0481300950050354,4,3,4,0.775175644028103,3.4988290398126463,nested_oof,0.5
99-11,99,11,1,1,0,0.4518699049949646,0.5481300950050354,1,0,0.4518699049949646,0.0481300950050354,3,3,4,0.7892271662763466,3.782201405152225,nested_oof,0.5
99-12,99,12,1,1,0,0.4518699049949646,0.5481300950050354,1,0,0.4518699049949646,0.0481300950050354,3,3,4,0.8290398126463701,3.6721311475409837,nested_oof,0.5
100-0,100,0,3,0,0,0.0489338971674442,0.0489338971674442,0,0,0.0489338971674442,0.45106610283255577,5,2,4,0.810304449648712,4.3629976580796255,nested_oof,0.5
100-1,100,1,3,0,0,0.0489338971674442,0.0489338971674442,0,0,0.0489338971674442,0.45106610283255577,3,3,4,0.8126463700234192,4.02576112412178,nested_oof,0.5
100-2,100,2,3,0,0,0.0489338971674442,0.0489338971674442,0,0,0.0489338971674442,0.45106610283255577,3,4,4,0.7939110070257611,3.8454332552693207,nested_oof,0.5
100-3,100,3,3,1,1,0.9510661028325558,0.0489338971674442,0,1,0.9510661028325558,0.45106610283255577,4,4,4,0.8149882903981265,3.9555035128805622,nested_oof,0.5
100-4,100,4,3,1,1,0.9510661028325558,0.0489338971674442,0,1,0.9510661028325558,0.45106610283255577,3,4,3,0.8618266978922717,4.583138173302108,nested_oof,0.5
100-5,100,5,3,0,0,0.0489338971674442,0.0489338971674442,0,0,0.0489338971674442,0.45106610283255577,3,3,3,0.7868852459016393,3.962529274004684,nested_oof,0.5
100-6,100,6,3,1,1,0.9510661028325558,0.0489338971674442,0,1,0.9510661028325558,0.45106610283255577,3,3,2,0.7915690866510539,3.7353629976580796,nested_oof,0.5
100-7,100,7,3,0,0,0.0489338971674442,0.0489338971674442,0,0,0.0489338971674442,0.45106610283255577,4,3,2,0.8407494145199064,3.540983606557377,nested_oof,0.5
100-8,100,8,3,1,1,0.9510661028325558,0.0489338971674442,0,1,0.9510661028325558,0.45106610283255577,3,3,2,0.7985948477751756,2.791569086651054,nested_oof,0.5
100-9,100,9,3,0,0,0.0489338971674442,0.0489338971674442,0,0,0.0489338971674442,0.45106610283255577,4,4,4,0.819672131147541,4.285714285714286,nested_oof,0.5
100-10,100,10,3,0,0,0.0489338971674442,0.0489338971674442,0,0,0.0489338971674442,0.45106610283255577,3,2,4,0.775175644028103,3.4988290398126463,nested_oof,0.5
100-11,100,11,3,1,1,0.9510661028325558,0.0489338971674442,0,1,0.9510661028325558,0.45106610283255577,2,3,4,0.7892271662763466,3.782201405152225,nested_oof,0.5
100-12,100,12,3,1,1,0.9510661028325558,0.0489338971674442,0,1,0.9510661028325558,0.45106610283255577,3,3,4,0.8290398126463701,3.6721311475409837,nested_oof,0.5
101-0,101,0,4,1,0,0.040827393531799205,0.9591726064682008,1,0,0.040827393531799205,0.4591726064682008,4,3,4,0.810304449648712,4.3629976580796255,nested_oof,0.5
101-1,101,1,4,1,0,0.040827393531799205,0.9591726064682008,1,0,0.040827393531799205,0.4591726064682008,4,3,4,0.8126463700234192,4.02576112412178,nested_oof,0.5
101-2,101,2,4,1,0,0.040827393531799205,0.9591726064682008,1,0,0.040827393531799205,0.4591726064682008,4,3,4,0.7939110070257611,3.8454332552693207,nested_oof,0.5
101-3,101,3,4,1,0,0.040827393531799205,0.9591726064682008,1,0,0.040827393531799205,0.4591726064682008,5,3,4,0.8149882903981265,3.9555035128805622,nested_oof,0.5
101-4,101,4,4,1,0,0.040827393531799205,0.9591726064682008,1,0,0.040827393531799205,0.4591726064682008,5,4,3,0.8618266978922717,4.583138173302108,nested_oof,0.5
101-5,101,5,4,1,0,0.040827393531799205,0.9591726064682008,1,0,0.040827393531799205,0.4591726064682008,3,4,3,0.7868852459016393,3.962529274004684,nested_oof,0.5
101-6,101,6,4,1,0,0.040827393531799205,0.9591726064682008,1,0,0.040827393531799205,0.4591726064682008,4,4,2,0.7915690866510539,3.7353629976580796,nested_oof,0.5
101-7,101,7,4,1,0,0.040827393531799205,0.9591726064682008,1,0,0.040827393531799205,0.4591726064682008,4,4,2,0.8407494145199064,3.540983606557377,nested_oof,0.5
101-8,101,8,4,1,0,0.040827393531799205,0.9591726064682008,1,0,0.040827393531799205,0.4591726064682008,3,3,2,0.7985948477751756,2.791569086651054,nested_oof,0.5
101-9,101,9,4,1,0,0.040827393531799205,0.9591726064682008,1,0,0.040827393531799205,0.4591726064682008,4,4,4,0.819672131147541,4.285714285714286,nested_oof,0.5
101-10,101,10,4,1,0,0.040827393531799205,0.9591726064682008,1,0,0.040827393531799205,0.4591726064682008,2,4,4,0.775175644028103,3.4988290398126463,nested_oof,0.5
101-11,101,11,4,1,0,0.040827393531799205,0.9591726064682008,1,0,0.040827393531799205,0.4591726064682008,3,4,4,0.7892271662763466,3.782201405152225,nested_oof,0.5
101-12,101,12,4,1,0,0.040827393531799205,0.9591726064682008,1,0,0.040827393531799205,0.4591726064682008,3,4,4,0.8290398126463701,3.6721311475409837,nested_oof,0.5
102-0,102,0,4,0,0,0.0636966601014137,0.0636966601014137,0,0,0.0636966601014137,0.4363033398985863,5,2,4,0.810304449648712,4.3629976580796255,nested_oof,0.5
102-1,102,1,4,0,0,0.0636966601014137,0.0636966601014137,0,0,0.0636966601014137,0.4363033398985863,4,3,4,0.8126463700234192,4.02576112412178,nested_oof,0.5
102-2,102,2,4,1,1,0.9363033398985863,0.0636966601014137,0,1,0.9363033398985863,0.4363033398985863,4,3,4,0.7939110070257611,3.8454332552693207,nested_oof,0.5
102-3,102,3,4,1,1,0.9363033398985863,0.0636966601014137,0,1,0.9363033398985863,0.4363033398985863,4,4,4,0.8149882903981265,3.9555035128805622,nested_oof,0.5
102-4,102,4,4,1,1,0.9363033398985863,0.0636966601014137,0,1,0.9363033398985863,0.4363033398985863,4,4,3,0.8618266978922717,4.583138173302108,nested_oof,0.5
102-5,102,5,4,0,0,0.0636966601014137,0.0636966601014137,0,0,0.0636966601014137,0.4363033398985863,2,3,3,0.7868852459016393,3.962529274004684,nested_oof,0.5
102-6,102,6,4,0,0,0.0636966601014137,0.0636966601014137,0,0,0.0636966601014137,0.4363033398985863,4,3,2,0.7915690866510539,3.7353629976580796,nested_oof,0.5
102-7,102,7,4,0,0,0.0636966601014137,0.0636966601014137,0,0,0.0636966601014137,0.4363033398985863,4,3,2,0.8407494145199064,3.540983606557377,nested_oof,0.5
102-8,102,8,4,1,1,0.9363033398985863,0.0636966601014137,0,1,0.9363033398985863,0.4363033398985863,2,3,2,0.7985948477751756,2.791569086651054,nested_oof,0.5
102-9,102,9,4,0,0,0.0636966601014137,0.0636966601014137,0,0,0.0636966601014137,0.4363033398985863,3,3,4,0.819672131147541,4.285714285714286,nested_oof,0.5
102-10,102,10,4,1,1,0.9363033398985863,0.0636966601014137,0,1,0.9363033398985863,0.4363033398985863,4,3,4,0.775175644028103,3.4988290398126463,nested_oof,0.5
102-11,102,11,4,1,1,0.9363033398985863,0.0636966601014137,0,1,0.9363033398985863,0.4363033398985863,2,3,4,0.7892271662763466,3.782201405152225,nested_oof,0.5
102-12,102,12,4,0,0,0.0636966601014137,0.0636966601014137,0,0,0.0636966601014137,0.4363033398985863,3,3,4,0.8290398126463701,3.6721311475409837,nested_oof,0.5
103-0,103,0,1,0,0,0.3481478989124298,0.3481478989124298,0,0,0.3481478989124298,0.1518521010875702,5,3,4,0.810304449648712,4.3629976580796255,nested_oof,0.5
103-1,103,1,1,0,0,0.3481478989124298,0.3481478989124298,0,0,0.3481478989124298,0.1518521010875702,4,3,4,0.8126463700234192,4.02576112412178,nested_oof,0.5
103-2,103,2,1,1,1,0.6518521010875702,0.3481478989124298,0,1,0.6518521010875702,0.1518521010875702,1,3,4,0.7939110070257611,3.8454332552693207,nested_oof,0.5
103-3,103,3,1,0,0,0.3481478989124298,0.3481478989124298,0,0,0.3481478989124298,0.1518521010875702,3,4,4,0.8149882903981265,3.9555035128805622,nested_oof,0.5
103-4,103,4,1,0,0,0.3481478989124298,0.3481478989124298,0,0,0.3481478989124298,0.1518521010875702,4,4,3,0.8618266978922717,4.583138173302108,nested_oof,0.5
103-5,103,5,1,1,1,0.6518521010875702,0.3481478989124298,0,1,0.6518521010875702,0.1518521010875702,3,3,3,0.7868852459016393,3.962529274004684,nested_oof,0.5
103-6,103,6,1,0,0,0.3481478989124298,0.3481478989124298,0,0,0.3481478989124298,0.1518521010875702,2,4,2,0.7915690866510539,3.7353629976580796,nested_oof,0.5
103-7,103,7,1,0,0,0.3481478989124298,0.3481478989124298,0,0,0.3481478989124298,0.1518521010875702,4,3,2,0.8407494145199064,3.540983606557377,nested_oof,0.5
103-8,103,8,1,0,0,0.3481478989124298,0.3481478989124298,0,0,0.3481478989124298,0.1518521010875702,1,3,2,0.7985948477751756,2.791569086651054,nested_oof,0.5
103-9,103,9,1,0,0,0.3481478989124298,0.3481478989124298,0,0,0.3481478989124298,0.1518521010875702,4,3,4,0.819672131147541,4.285714285714286,nested_oof,0.5
103-10,103,10,1,1,1,0.6518521010875702,0.3481478989124298,0,1,0.6518521010875702,0.1518521010875702,2,3,4,0.775175644028103,3.4988290398126463,nested_oof,0.5
103-11,103,11,1,1,1,0.6518521010875702,0.3481478989124298,0,1,0.6518521010875702,0.1518521010875702,1,3,4,0.7892271662763466,3.782201405152225,nested_oof,0.5
103-12,103,12,1,0,0,0.3481478989124298,0.3481478989124298,0,0,0.3481478989124298,0.1518521010875702,1,4,4,0.8290398126463701,3.6721311475409837,nested_oof,0.5
104-0,104,0,4,0,0,0.5465973615646362,0.5465973615646362,1,1,0.5465973615646362,0.04659736156463623,5,2,4,0.810304449648712,4.3629976580796255,nested_oof,0.5
104-1,104,1,4,0,0,0.5465973615646362,0.5465973615646362,1,1,0.5465973615646362,0.04659736156463623,4,3,4,0.8126463700234192,4.02576112412178,nested_oof,0.5
104-2,104,2,4,0,0,0.5465973615646362,0.5465973615646362,1,1,0.5465973615646362,0.04659736156463623,4,2,4,0.7939110070257611,3.8454332552693207,nested_oof,0.5
104-3,104,3,4,0,0,0.5465973615646362,0.5465973615646362,1,1,0.5465973615646362,0.04659736156463623,5,2,4,0.8149882903981265,3.9555035128805622,nested_oof,0.5
104-4,104,4,4,1,1,0.45340263843536377,0.5465973615646362,1,0,0.45340263843536377,0.04659736156463623,4,4,3,0.8618266978922717,4.583138173302108,nested_oof,0.5
104-5,104,5,4,0,0,0.5465973615646362,0.5465973615646362,1,1,0.5465973615646362,0.04659736156463623,5,2,3,0.7868852459016393,3.962529274004684,nested_oof,0.5
104-6,104,6,4,0,0,0.5465973615646362,0.5465973615646362,1,1,0.5465973615646362,0.04659736156463623,4,3,2,0.7915690866510539,3.7353629976580796,nested_oof,0.5
104-7,104,7,4,0,0,0.5465973615646362,0.5465973615646362,1,1,0.5465973615646362,0.04659736156463623,4,3,2,0.8407494145199064,3.540983606557377,nested_oof,0.5
104-8,104,8,4,0,0,0.5465973615646362,0.5465973615646362,1,1,0.5465973615646362,0.04659736156463623,3,3,2,0.7985948477751756,2.791569086651054,nested_oof,0.5
104-9,104,9,4,0,0,0.5465973615646362,0.5465973615646362,1,1,0.5465973615646362,0.04659736156463623,5,3,4,0.819672131147541,4.285714285714286,nested_oof,0.5
104-10,104,10,4,0,0,0.5465973615646362,0.5465973615646362,1,1,0.5465973615646362,0.04659736156463623,4,2,4,0.775175644028103,3.4988290398126463,nested_oof,0.5
104-11,104,11,4,1,1,0.45340263843536377,0.5465973615646362,1,0,0.45340263843536377,0.04659736156463623,3,3,4,0.7892271662763466,3.782201405152225,nested_oof,0.5
104-12,104,12,4,0,0,0.5465973615646362,0.5465973615646362,1,1,0.5465973615646362,0.04659736156463623,4,2,4,0.8290398126463701,3.6721311475409837,nested_oof,0.5
105-0,105,0,5,0,0,0.0101714543998241,0.0101714543998241,0,0,0.0101714543998241,0.4898285456001759,5,2,4,0.810304449648712,4.3629976580796255,nested_oof,0.5
105-1,105,1,5,0,0,0.0101714543998241,0.0101714543998241,0,0,0.0101714543998241,0.4898285456001759,4,3,4,0.8126463700234192,4.02576112412178,nested_oof,0.5
105-2,105,2,5,0,0,0.0101714543998241,0.0101714543998241,0,0,0.0101714543998241,0.4898285456001759,4,2,4,0.7939110070257611,3.8454332552693207,nested_oof,0.5
105-3,105,3,5,0,0,0.0101714543998241,0.0101714543998241,0,0,0.0101714543998241,0.4898285456001759,5,1,4,0.8149882903981265,3.9555035128805622,nested_oof,0.5
105-4,105,4,5,0,0,0.0101714543998241,0.0101714543998241,0,0,0.0101714543998241,0.4898285456001759,5,2,3,0.8618266978922717,4.583138173302108,nested_oof,0.5
105-5,105,5,5,0,0,0.0101714543998241,0.0101714543998241,0,0,0.0101714543998241,0.4898285456001759,5,2,3,0.7868852459016393,3.962529274004684,nested_oof,0.5
105-6,105,6,5,0,0,0.0101714543998241,0.0101714543998241,0,0,0.0101714543998241,0.4898285456001759,4,3,2,0.7915690866510539,3.7353629976580796,nested_oof,0.5
105-7,105,7,5,0,0,0.0101714543998241,0.0101714543998241,0,0,0.0101714543998241,0.4898285456001759,4,2,2,0.8407494145199064,3.540983606557377,nested_oof,0.5
105-8,105,8,5,0,0,0.0101714543998241,0.0101714543998241,0,0,0.0101714543998241,0.4898285456001759,4,2,2,0.7985948477751756,2.791569086651054,nested_oof,0.5
105-9,105,9,5,0,0,0.0101714543998241,0.0101714543998241,0,0,0.0101714543998241,0.4898285456001759,4,1,4,0.819672131147541,4.285714285714286,nested_oof,0.5
105-10,105,10,5,0,0,0.0101714543998241,0.0101714543998241,0,0,0.0101714543998241,0.4898285456001759,3,2,4,0.775175644028103,3.4988290398126463,nested_oof,0.5
105-11,105,11,5,0,0,0.0101714543998241,0.0101714543998241,0,0,0.0101714543998241,0.4898285456001759,3,3,4,0.7892271662763466,3.782201405152225,nested_oof,0.5
105-12,105,12,5,0,0,0.0101714543998241,0.0101714543998241,0,0,0.0101714543998241,0.4898285456001759,4,3,4,0.8290398126463701,3.6721311475409837,nested_oof,0.5
106-0,106,0,3,1,0,0.798877164721489,0.201122835278511,0,1,0.798877164721489,0.298877164721489,5,2,4,0.810304449648712,4.3629976580796255,nested_oof,0.5
106-1,106,1,3,1,0,0.798877164721489,0.201122835278511,0,1,0.798877164721489,0.298877164721489,4,3,4,0.8126463700234192,4.02576112412178,nested_oof,0.5
106-2,106,2,3,1,0,0.798877164721489,0.201122835278511,0,1,0.798877164721489,0.298877164721489,3,4,4,0.7939110070257611,3.8454332552693207,nested_oof,0.5
106-3,106,3,3,1,0,0.798877164721489,0.201122835278511,0,1,0.798877164721489,0.298877164721489,4,4,4,0.8149882903981265,3.9555035128805622,nested_oof,0.5
106-4,106,4,3,1,0,0.798877164721489,0.201122835278511,0,1,0.798877164721489,0.298877164721489,5,4,3,0.8618266978922717,4.583138173302108,nested_oof,0.5
106-5,106,5,3,1,0,0.798877164721489,0.201122835278511,0,1,0.798877164721489,0.298877164721489,4,3,3,0.7868852459016393,3.962529274004684,nested_oof,0.5
106-6,106,6,3,1,0,0.798877164721489,0.201122835278511,0,1,0.798877164721489,0.298877164721489,4,2,2,0.7915690866510539,3.7353629976580796,nested_oof,0.5
106-7,106,7,3,1,0,0.798877164721489,0.201122835278511,0,1,0.798877164721489,0.298877164721489,4,3,2,0.8407494145199064,3.540983606557377,nested_oof,0.5
106-8,106,8,3,1,0,0.798877164721489,0.201122835278511,0,1,0.798877164721489,0.298877164721489,3,3,2,0.7985948477751756,2.791569086651054,nested_oof,0.5
106-9,106,9,3,1,0,0.798877164721489,0.201122835278511,0,1,0.798877164721489,0.298877164721489,4,4,4,0.819672131147541,4.285714285714286,nested_oof,0.5
106-10,106,10,3,1,0,0.798877164721489,0.201122835278511,0,1,0.798877164721489,0.298877164721489,3,3,4,0.775175644028103,3.4988290398126463,nested_oof,0.5
106-11,106,11,3,1,0,0.798877164721489,0.201122835278511,0,1,0.798877164721489,0.298877164721489,3,3,4,0.7892271662763466,3.782201405152225,nested_oof,0.5
106-12,106,12,3,1,0,0.798877164721489,0.201122835278511,0,1,0.798877164721489,0.298877164721489,3,3,4,0.8290398126463701,3.6721311475409837,nested_oof,0.5
107-0,107,0,3,0,0,0.2331594079732895,0.2331594079732895,0,0,0.2331594079732895,0.2668405920267105,5,2,4,0.810304449648712,4.3629976580796255,nested_oof,0.5
107-1,107,1,3,0,0,0.2331594079732895,0.2331594079732895,0,0,0.2331594079732895,0.2668405920267105,4,3,4,0.8126463700234192,4.02576112412178,nested_oof,0.5
107-2,107,2,3,0,0,0.2331594079732895,0.2331594079732895,0,0,0.2331594079732895,0.2668405920267105,5,2,4,0.7939110070257611,3.8454332552693207,nested_oof,0.5
107-3,107,3,3,0,0,0.2331594079732895,0.2331594079732895,0,0,0.2331594079732895,0.2668405920267105,5,1,4,0.8149882903981265,3.9555035128805622,nested_oof,0.5
107-4,107,4,3,0,0,0.2331594079732895,0.2331594079732895,0,0,0.2331594079732895,0.2668405920267105,5,2,3,0.8618266978922717,4.583138173302108,nested_oof,0.5
107-5,107,5,3,0,0,0.2331594079732895,0.2331594079732895,0,0,0.2331594079732895,0.2668405920267105,5,3,3,0.7868852459016393,3.962529274004684,nested_oof,0.5
107-6,107,6,3,0,0,0.2331594079732895,0.2331594079732895,0,0,0.2331594079732895,0.2668405920267105,4,2,2,0.7915690866510539,3.7353629976580796,nested_oof,0.5
107-7,107,7,3,0,0,0.2331594079732895,0.2331594079732895,0,0,0.2331594079732895,0.2668405920267105,5,4,2,0.8407494145199064,3.540983606557377,nested_oof,0.5
107-8,107,8,3,0,0,0.2331594079732895,0.2331594079732895,0,0,0.2331594079732895,0.2668405920267105,4,2,2,0.7985948477751756,2.791569086651054,nested_oof,0.5
107-9,107,9,3,0,0,0.2331594079732895,0.2331594079732895,0,0,0.2331594079732895,0.2668405920267105,5,1,4,0.819672131147541,4.285714285714286,nested_oof,0.5
107-10,107,10,3,0,0,0.2331594079732895,0.2331594079732895,0,0,0.2331594079732895,0.2668405920267105,4,3,4,0.775175644028103,3.4988290398126463,nested_oof,0.5
107-11,107,11,3,0,0,0.2331594079732895,0.2331594079732895,0,0,0.2331594079732895,0.2668405920267105,3,2,4,0.7892271662763466,3.782201405152225,nested_oof,0.5
107-12,107,12,3,0,0,0.2331594079732895,0.2331594079732895,0,0,0.2331594079732895,0.2668405920267105,4,2,4,0.8290398126463701,3.6721311475409837,nested_oof,0.5
108-0,108,0,4,1,0,0.7772388905286789,0.2227611094713211,0,1,0.7772388905286789,0.2772388905286789,5,2,4,0.810304449648712,4.3629976580796255,nested_oof,0.5
108-1,108,1,4,1,0,0.7772388905286789,0.2227611094713211,0,1,0.7772388905286789,0.2772388905286789,4,3,4,0.8126463700234192,4.02576112412178,nested_oof,0.5
108-2,108,2,4,1,0,0.7772388905286789,0.2227611094713211,0,1,0.7772388905286789,0.2772388905286789,4,2,4,0.7939110070257611,3.8454332552693207,nested_oof,0.5
108-3,108,3,4,1,0,0.7772388905286789,0.2227611094713211,0,1,0.7772388905286789,0.2772388905286789,5,1,4,0.8149882903981265,3.9555035128805622,nested_oof,0.5
108-4,108,4,4,1,0,0.7772388905286789,0.2227611094713211,0,1,0.7772388905286789,0.2772388905286789,5,3,3,0.8618266978922717,4.583138173302108,nested_oof,0.5
108-5,108,5,4,1,0,0.7772388905286789,0.2227611094713211,0,1,0.7772388905286789,0.2772388905286789,5,3,3,0.7868852459016393,3.962529274004684,nested_oof,0.5
108-6,108,6,4,1,0,0.7772388905286789,0.2227611094713211,0,1,0.7772388905286789,0.2772388905286789,4,2,2,0.7915690866510539,3.7353629976580796,nested_oof,0.5
108-7,108,7,4,1,0,0.7772388905286789,0.2227611094713211,0,1,0.7772388905286789,0.2772388905286789,5,3,2,0.8407494145199064,3.540983606557377,nested_oof,0.5
108-8,108,8,4,1,0,0.7772388905286789,0.2227611094713211,0,1,0.7772388905286789,0.2772388905286789,3,3,2,0.7985948477751756,2.791569086651054,nested_oof,0.5
108-9,108,9,4,1,0,0.7772388905286789,0.2227611094713211,0,1,0.7772388905286789,0.2772388905286789,5,1,4,0.819672131147541,4.285714285714286,nested_oof,0.5
108-10,108,10,4,1,0,0.7772388905286789,0.2227611094713211,0,1,0.7772388905286789,0.2772388905286789,5,1,4,0.775175644028103,3.4988290398126463,nested_oof,0.5
108-11,108,11,4,0,1,0.2227611094713211,0.2227611094713211,0,0,0.2227611094713211,0.2772388905286789,3,3,4,0.7892271662763466,3.782201405152225,nested_oof,0.5
108-12,108,12,4,1,0,0.7772388905286789,0.2227611094713211,0,1,0.7772388905286789,0.2772388905286789,4,2,4,0.8290398126463701,3.6721311475409837,nested_oof,0.5
109-0,109,0,3,1,0,0.7202366292476654,0.2797633707523346,0,1,0.7202366292476654,0.2202366292476654,5,2,4,0.810304449648712,4.3629976580796255,nested_oof,0.5
109-1,109,1,3,0,1,0.2797633707523346,0.2797633707523346,0,0,0.2797633707523346,0.2202366292476654,4,3,4,0.8126463700234192,4.02576112412178,nested_oof,0.5
109-2,109,2,3,1,0,0.7202366292476654,0.2797633707523346,0,1,0.7202366292476654,0.2202366292476654,4,3,4,0.7939110070257611,3.8454332552693207,nested_oof,0.5
109-3,109,3,3,1,0,0.7202366292476654,0.2797633707523346,0,1,0.7202366292476654,0.2202366292476654,4,2,4,0.8149882903981265,3.9555035128805622,nested_oof,0.5
109-4,109,4,3,1,0,0.7202366292476654,0.2797633707523346,0,1,0.7202366292476654,0.2202366292476654,5,4,3,0.8618266978922717,4.583138173302108,nested_oof,0.5
109-5,109,5,3,1,0,0.7202366292476654,0.2797633707523346,0,1,0.7202366292476654,0.2202366292476654,4,4,3,0.7868852459016393,3.962529274004684,nested_oof,0.5
109-6,109,6,3,1,0,0.7202366292476654,0.2797633707523346,0,1,0.7202366292476654,0.2202366292476654,4,2,2,0.7915690866510539,3.7353629976580796,nested_oof,0.5
109-7,109,7,3,1,0,0.7202366292476654,0.2797633707523346,0,1,0.7202366292476654,0.2202366292476654,4,3,2,0.8407494145199064,3.540983606557377,nested_oof,0.5
109-8,109,8,3,1,0,0.7202366292476654,0.2797633707523346,0,1,0.7202366292476654,0.2202366292476654,3,3,2,0.7985948477751756,2.791569086651054,nested_oof,0.5
109-9,109,9,3,1,0,0.7202366292476654,0.2797633707523346,0,1,0.7202366292476654,0.2202366292476654,4,4,4,0.819672131147541,4.285714285714286,nested_oof,0.5
109-10,109,10,3,1,0,0.7202366292476654,0.2797633707523346,0,1,0.7202366292476654,0.2202366292476654,4,2,4,0.775175644028103,3.4988290398126463,nested_oof,0.5
109-11,109,11,3,1,0,0.7202366292476654,0.2797633707523346,0,1,0.7202366292476654,0.2202366292476654,3,3,4,0.7892271662763466,3.782201405152225,nested_oof,0.5
109-12,109,12,3,1,0,0.7202366292476654,0.2797633707523346,0,1,0.7202366292476654,0.2202366292476654,4,3,4,0.8290398126463701,3.6721311475409837,nested_oof,0.5
110-0,110,0,3,0,0,0.3392729461193084,0.3392729461193084,0,0,0.3392729461193084,0.16072705388069158,5,2,4,0.810304449648712,4.3629976580796255,nested_oof,0.5
110-1,110,1,3,0,0,0.3392729461193084,0.3392729461193084,0,0,0.3392729461193084,0.16072705388069158,4,3,4,0.8126463700234192,4.02576112412178,nested_oof,0.5
110-2,110,2,3,0,0,0.3392729461193084,0.3392729461193084,0,0,0.3392729461193084,0.16072705388069158,4,2,4,0.7939110070257611,3.8454332552693207,nested_oof,0.5
110-3,110,3,3,0,0,0.3392729461193084,0.3392729461193084,0,0,0.3392729461193084,0.16072705388069158,5,3,4,0.8149882903981265,3.9555035128805622,nested_oof,0.5
110-4,110,4,3,0,0,0.3392729461193084,0.3392729461193084,0,0,0.3392729461193084,0.16072705388069158,4,3,3,0.8618266978922717,4.583138173302108,nested_oof,0.5
110-5,110,5,3,0,0,0.3392729461193084,0.3392729461193084,0,0,0.3392729461193084,0.16072705388069158,3,3,3,0.7868852459016393,3.962529274004684,nested_oof,0.5
110-6,110,6,3,0,0,0.3392729461193084,0.3392729461193084,0,0,0.3392729461193084,0.16072705388069158,4,3,2,0.7915690866510539,3.7353629976580796,nested_oof,0.5
110-7,110,7,3,0,0,0.3392729461193084,0.3392729461193084,0,0,0.3392729461193084,0.16072705388069158,4,3,2,0.8407494145199064,3.540983606557377,nested_oof,0.5
110-8,110,8,3,0,0,0.3392729461193084,0.3392729461193084,0,0,0.3392729461193084,0.16072705388069158,3,3,2,0.7985948477751756,2.791569086651054,nested_oof,0.5
110-9,110,9,3,0,0,0.3392729461193084,0.3392729461193084,0,0,0.3392729461193084,0.16072705388069158,5,3,4,0.819672131147541,4.285714285714286,nested_oof,0.5
110-10,110,10,3,0,0,0.3392729461193084,0.3392729461193084,0,0,0.3392729461193084,0.16072705388069158,4,3,4,0.775175644028103,3.4988290398126463,nested_oof,0.5
110-11,110,11,3,0,0,0.3392729461193084,0.3392729461193084,0,0,0.3392729461193084,0.16072705388069158,3,3,4,0.7892271662763466,3.782201405152225,nested_oof,0.5
110-12,110,12,3,0,0,0.3392729461193084,0.3392729461193084,0,0,0.3392729461193084,0.16072705388069158,3,3,4,0.8290398126463701,3.6721311475409837,nested_oof,0.5
111-0,111,0,1,0,0,0.7756208777427673,0.7756208777427673,1,1,0.7756208777427673,0.27562087774276733,5,2,4,0.810304449648712,4.3629976580796255,nested_oof,0.5
111-1,111,1,1,0,0,0.7756208777427673,0.7756208777427673,1,1,0.7756208777427673,0.27562087774276733,4,3,4,0.8126463700234192,4.02576112412178,nested_oof,0.5
111-2,111,2,1,0,0,0.7756208777427673,0.7756208777427673,1,1,0.7756208777427673,0.27562087774276733,4,3,4,0.7939110070257611,3.8454332552693207,nested_oof,0.5
111-3,111,3,1,0,0,0.7756208777427673,0.7756208777427673,1,1,0.7756208777427673,0.27562087774276733,4,4,4,0.8149882903981265,3.9555035128805622,nested_oof,0.5
111-4,111,4,1,0,0,0.7756208777427673,0.7756208777427673,1,1,0.7756208777427673,0.27562087774276733,4,4,3,0.8618266978922717,4.583138173302108,nested_oof,0.5
111-5,111,5,1,0,0,0.7756208777427673,0.7756208777427673,1,1,0.7756208777427673,0.27562087774276733,4,3,3,0.7868852459016393,3.962529274004684,nested_oof,0.5
111-6,111,6,1,0,0,0.7756208777427673,0.7756208777427673,1,1,0.7756208777427673,0.27562087774276733,4,3,2,0.7915690866510539,3.7353629976580796,nested_oof,0.5
111-7,111,7,1,0,0,0.7756208777427673,0.7756208777427673,1,1,0.7756208777427673,0.27562087774276733,5,2,2,0.8407494145199064,3.540983606557377,nested_oof,0.5
111-8,111,8,1,0,0,0.7756208777427673,0.7756208777427673,1,1,0.7756208777427673,0.27562087774276733,2,3,2,0.7985948477751756,2.791569086651054,nested_oof,0.5
111-9,111,9,1,0,0,0.7756208777427673,0.7756208777427673,1,1,0.7756208777427673,0.27562087774276733,4,3,4,0.819672131147541,4.285714285714286,nested_oof,0.5
111-10,111,10,1,0,0,0.7756208777427673,0.7756208777427673,1,1,0.7756208777427673,0.27562087774276733,2,2,4,0.775175644028103,3.4988290398126463,nested_oof,0.5
111-11,111,11,1,0,0,0.7756208777427673,0.7756208777427673,1,1,0.7756208777427673,0.27562087774276733,2,3,4,0.7892271662763466,3.782201405152225,nested_oof,0.5
111-12,111,12,1,1,1,0.22437912225723267,0.7756208777427673,1,0,0.22437912225723267,0.27562087774276733,3,3,4,0.8290398126463701,3.6721311475409837,nested_oof,0.5
112-0,112,0,2,0,0,0.1130213364958763,0.1130213364958763,0,0,0.1130213364958763,0.3869786635041237,5,2,4,0.810304449648712,4.3629976580796255,nested_oof,0.5
112-1,112,1,2,0,0,0.1130213364958763,0.1130213364958763,0,0,0.1130213364958763,0.3869786635041237,4,3,4,0.8126463700234192,4.02576112412178,nested_oof,0.5
112-2,112,2,2,0,0,0.1130213364958763,0.1130213364958763,0,0,0.1130213364958763,0.3869786635041237,4,3,4,0.7939110070257611,3.8454332552693207,nested_oof,0.5
112-3,112,3,2,0,0,0.1130213364958763,0.1130213364958763,0,0,0.1130213364958763,0.3869786635041237,4,4,4,0.8149882903981265,3.9555035128805622,nested_oof,0.5
112-4,112,4,2,0,0,0.1130213364958763,0.1130213364958763,0,0,0.1130213364958763,0.3869786635041237,5,3,3,0.8618266978922717,4.583138173302108,nested_oof,0.5
112-5,112,5,2,0,0,0.1130213364958763,0.1130213364958763,0,0,0.1130213364958763,0.3869786635041237,3,4,3,0.7868852459016393,3.962529274004684,nested_oof,0.5
112-6,112,6,2,0,0,0.1130213364958763,0.1130213364958763,0,0,0.1130213364958763,0.3869786635041237,3,3,2,0.7915690866510539,3.7353629976580796,nested_oof,0.5
112-7,112,7,2,0,0,0.1130213364958763,0.1130213364958763,0,0,0.1130213364958763,0.3869786635041237,5,3,2,0.8407494145199064,3.540983606557377,nested_oof,0.5
112-8,112,8,2,1,1,0.8869786635041237,0.1130213364958763,0,1,0.8869786635041237,0.3869786635041237,2,3,2,0.7985948477751756,2.791569086651054,nested_oof,0.5
112-9,112,9,2,0,0,0.1130213364958763,0.1130213364958763,0,0,0.1130213364958763,0.3869786635041237,4,3,4,0.819672131147541,4.285714285714286,nested_oof,0.5
112-10,112,10,2,1,1,0.8869786635041237,0.1130213364958763,0,1,0.8869786635041237,0.3869786635041237,3,3,4,0.775175644028103,3.4988290398126463,nested_oof,0.5
112-11,112,11,2,0,0,0.1130213364958763,0.1130213364958763,0,0,0.1130213364958763,0.3869786635041237,2,3,4,0.7892271662763466,3.782201405152225,nested_oof,0.5
112-12,112,12,2,0,0,0.1130213364958763,0.1130213364958763,0,0,0.1130213364958763,0.3869786635041237,3,3,4,0.8290398126463701,3.6721311475409837,nested_oof,0.5
113-0,113,0,5,0,0,0.0040920008905231,0.0040920008905231,0,0,0.0040920008905231,0.4959079991094769,5,2,4,0.810304449648712,4.3629976580796255,nested_oof,0.5
113-1,113,1,5,0,0,0.0040920008905231,0.0040920008905231,0,0,0.0040920008905231,0.4959079991094769,4,3,4,0.8126463700234192,4.02576112412178,nested_oof,0.5
113-2,113,2,5,0,0,0.0040920008905231,0.0040920008905231,0,0,0.0040920008905231,0.4959079991094769,5,2,4,0.7939110070257611,3.8454332552693207,nested_oof,0.5
113-3,113,3,5,0,0,0.0040920008905231,0.0040920008905231,0,0,0.0040920008905231,0.4959079991094769,5,2,4,0.8149882903981265,3.9555035128805622,nested_oof,0.5
113-4,113,4,5,0,0,0.0040920008905231,0.0040920008905231,0,0,0.0040920008905231,0.4959079991094769,5,2,3,0.8618266978922717,4.583138173302108,nested_oof,0.5
113-5,113,5,5,0,0,0.0040920008905231,0.0040920008905231,0,0,0.0040920008905231,0.4959079991094769,5,2,3,0.7868852459016393,3.962529274004684,nested_oof,0.5
113-6,113,6,5,0,0,0.0040920008905231,0.0040920008905231,0,0,0.0040920008905231,0.4959079991094769,2,3,2,0.7915690866510539,3.7353629976580796,nested_oof,0.5
113-7,113,7,5,0,0,0.0040920008905231,0.0040920008905231,0,0,0.0040920008905231,0.4959079991094769,5,2,2,0.8407494145199064,3.540983606557377,nested_oof,0.5
113-8,113,8,5,0,0,0.0040920008905231,0.0040920008905231,0,0,0.0040920008905231,0.4959079991094769,4,3,2,0.7985948477751756,2.791569086651054,nested_oof,0.5
113-9,113,9,5,0,0,0.0040920008905231,0.0040920008905231,0,0,0.0040920008905231,0.4959079991094769,5,1,4,0.819672131147541,4.285714285714286,nested_oof,0.5
113-10,113,10,5,1,1,0.9959079991094769,0.0040920008905231,0,1,0.9959079991094769,0.4959079991094769,3,3,4,0.775175644028103,3.4988290398126463,nested_oof,0.5
113-11,113,11,5,0,0,0.0040920008905231,0.0040920008905231,0,0,0.0040920008905231,0.4959079991094769,3,3,4,0.7892271662763466,3.782201405152225,nested_oof,0.5
113-12,113,12,5,0,0,0.0040920008905231,0.0040920008905231,0,0,0.0040920008905231,0.4959079991094769,4,2,4,0.8290398126463701,3.6721311475409837,nested_oof,0.5
114-0,114,0,2,1,0,0.8550845682621003,0.1449154317378997,0,1,0.8550845682621003,0.35508456826210033,5,2,4,0.810304449648712,4.3629976580796255,nested_oof,0.5
114-1,114,1,2,1,0,0.8550845682621003,0.1449154317378997,0,1,0.8550845682621003,0.35508456826210033,4,3,4,0.8126463700234192,4.02576112412178,nested_oof,0.5
114-2,114,2,2,1,0,0.8550845682621003,0.1449154317378997,0,1,0.8550845682621003,0.35508456826210033,4,3,4,0.7939110070257611,3.8454332552693207,nested_oof,0.5
114-3,114,3,2,1,0,0.8550845682621003,0.1449154317378997,0,1,0.8550845682621003,0.35508456826210033,5,2,4,0.8149882903981265,3.9555035128805622,nested_oof,0.5
114-4,114,4,2,1,0,0.8550845682621003,0.1449154317378997,0,1,0.8550845682621003,0.35508456826210033,5,3,3,0.8618266978922717,4.583138173302108,nested_oof,0.5
114-5,114,5,2,1,0,0.8550845682621003,0.1449154317378997,0,1,0.8550845682621003,0.35508456826210033,4,4,3,0.7868852459016393,3.962529274004684,nested_oof,0.5
114-6,114,6,2,1,0,0.8550845682621003,0.1449154317378997,0,1,0.8550845682621003,0.35508456826210033,4,2,2,0.7915690866510539,3.7353629976580796,nested_oof,0.5
114-7,114,7,2,1,0,0.8550845682621003,0.1449154317378997,0,1,0.8550845682621003,0.35508456826210033,5,3,2,0.8407494145199064,3.540983606557377,nested_oof,0.5
114-8,114,8,2,0,1,0.1449154317378997,0.1449154317378997,0,0,0.1449154317378997,0.35508456826210033,3,3,2,0.7985948477751756,2.791569086651054,nested_oof,0.5
114-9,114,9,2,1,0,0.8550845682621003,0.1449154317378997,0,1,0.8550845682621003,0.35508456826210033,4,4,4,0.819672131147541,4.285714285714286,nested_oof,0.5
114-10,114,10,2,1,0,0.8550845682621003,0.1449154317378997,0,1,0.8550845682621003,0.35508456826210033,3,3,4,0.775175644028103,3.4988290398126463,nested_oof,0.5
114-11,114,11,2,1,0,0.8550845682621003,0.1449154317378997,0,1,0.8550845682621003,0.35508456826210033,3,3,4,0.7892271662763466,3.782201405152225,nested_oof,0.5
114-12,114,12,2,1,0,0.8550845682621003,0.1449154317378997,0,1,0.8550845682621003,0.35508456826210033,4,3,4,0.8290398126463701,3.6721311475409837,nested_oof,0.5
115-0,115,0,3,0,0,0.5742547512054443,0.5742547512054443,1,1,0.5742547512054443,0.07425475120544434,5,2,4,0.810304449648712,4.3629976580796255,nested_oof,0.5
115-1,115,1,3,0,0,0.5742547512054443,0.5742547512054443,1,1,0.5742547512054443,0.07425475120544434,4,3,4,0.8126463700234192,4.02576112412178,nested_oof,0.5
115-2,115,2,3,0,0,0.5742547512054443,0.5742547512054443,1,1,0.5742547512054443,0.07425475120544434,4,2,4,0.7939110070257611,3.8454332552693207,nested_oof,0.5
115-3,115,3,3,0,0,0.5742547512054443,0.5742547512054443,1,1,0.5742547512054443,0.07425475120544434,5,4,4,0.8149882903981265,3.9555035128805622,nested_oof,0.5
115-4,115,4,3,0,0,0.5742547512054443,0.5742547512054443,1,1,0.5742547512054443,0.07425475120544434,5,3,3,0.8618266978922717,4.583138173302108,nested_oof,0.5
115-5,115,5,3,0,0,0.5742547512054443,0.5742547512054443,1,1,0.5742547512054443,0.07425475120544434,5,2,3,0.7868852459016393,3.962529274004684,nested_oof,0.5
115-6,115,6,3,0,0,0.5742547512054443,0.5742547512054443,1,1,0.5742547512054443,0.07425475120544434,4,3,2,0.7915690866510539,3.7353629976580796,nested_oof,0.5
115-7,115,7,3,0,0,0.5742547512054443,0.5742547512054443,1,1,0.5742547512054443,0.07425475120544434,5,2,2,0.8407494145199064,3.540983606557377,nested_oof,0.5
115-8,115,8,3,0,0,0.5742547512054443,0.5742547512054443,1,1,0.5742547512054443,0.07425475120544434,3,3,2,0.7985948477751756,2.791569086651054,nested_oof,0.5
115-9,115,9,3,0,0,0.5742547512054443,0.5742547512054443,1,1,0.5742547512054443,0.07425475120544434,5,1,4,0.819672131147541,4.285714285714286,nested_oof,0.5
115-10,115,10,3,0,0,0.5742547512054443,0.5742547512054443,1,1,0.5742547512054443,0.07425475120544434,3,2,4,0.775175644028103,3.4988290398126463,nested_oof,0.5
115-11,115,11,3,0,0,0.5742547512054443,0.5742547512054443,1,1,0.5742547512054443,0.07425475120544434,3,3,4,0.7892271662763466,3.782201405152225,nested_oof,0.5
115-12,115,12,3,0,0,0.5742547512054443,0.5742547512054443,1,1,0.5742547512054443,0.07425475120544434,4,3,4,0.8290398126463701,3.6721311475409837,nested_oof,0.5
116-0,116,0,1,0,1,0.574005663394928,0.574005663394928,1,1,0.574005663394928,0.07400566339492798,4,4,4,0.810304449648712,4.3629976580796255,nested_oof,0.5
116-1,116,1,1,0,1,0.574005663394928,0.574005663394928,1,1,0.574005663394928,0.07400566339492798,2,4,4,0.8126463700234192,4.02576112412178,nested_oof,0.5
116-2,116,2,1,0,1,0.574005663394928,0.574005663394928,1,1,0.574005663394928,0.07400566339492798,1,3,4,0.7939110070257611,3.8454332552693207,nested_oof,0.5
116-3,116,3,1,1,0,0.425994336605072,0.574005663394928,1,0,0.425994336605072,0.07400566339492798,3,4,4,0.8149882903981265,3.9555035128805622,nested_oof,0.5
116-4,116,4,1,1,0,0.425994336605072,0.574005663394928,1,0,0.425994336605072,0.07400566339492798,3,4,3,0.8618266978922717,4.583138173302108,nested_oof,0.5
116-5,116,5,1,1,0,0.425994336605072,0.574005663394928,1,0,0.425994336605072,0.07400566339492798,1,4,3,0.7868852459016393,3.962529274004684,nested_oof,0.5
116-6,116,6,1,0,1,0.574005663394928,0.574005663394928,1,1,0.574005663394928,0.07400566339492798,1,4,2,0.7915690866510539,3.7353629976580796,nested_oof,0.5
116-7,116,7,1,1,0,0.425994336605072,0.574005663394928,1,0,0.425994336605072,0.07400566339492798,4,4,2,0.8407494145199064,3.540983606557377,nested_oof,0.5
116-8,116,8,1,0,1,0.574005663394928,0.574005663394928,1,1,0.574005663394928,0.07400566339492798,1,3,2,0.7985948477751756,2.791569086651054,nested_oof,0.5
116-9,116,9,1,1,0,0.425994336605072,0.574005663394928,1,0,0.425994336605072,0.07400566339492798,1,4,4,0.819672131147541,4.285714285714286,nested_oof,0.5
116-10,116,10,1,0,1,0.574005663394928,0.574005663394928,1,1,0.574005663394928,0.07400566339492798,1,3,4,0.775175644028103,3.4988290398126463,nested_oof,0.5
116-11,116,11,1,1,0,0.425994336605072,0.574005663394928,1,0,0.425994336605072,0.07400566339492798,1,3,4,0.7892271662763466,3.782201405152225,nested_oof,0.5
116-12,116,12,1,0,1,0.574005663394928,0.574005663394928,1,1,0.574005663394928,0.07400566339492798,1,4,4,0.8290398126463701,3.6721311475409837,nested_oof,0.5
117-0,117,0,2,1,0,0.04878348112106323,0.9512165188789368,1,0,0.04878348112106323,0.45121651887893677,5,2,4,0.810304449648712,4.3629976580796255,nested_oof,0.5
117-1,117,1,2,1,0,0.04878348112106323,0.9512165188789368,1,0,0.04878348112106323,0.45121651887893677,3,3,4,0.8126463700234192,4.02576112412178,nested_oof,0.5
117-2,117,2,2,1,0,0.04878348112106323,0.9512165188789368,1,0,0.04878348112106323,0.45121651887893677,3,4,4,0.7939110070257611,3.8454332552693207,nested_oof,0.5
117-3,117,3,2,1,0,0.04878348112106323,0.9512165188789368,1,0,0.04878348112106323,0.45121651887893677,5,1,4,0.8149882903981265,3.9555035128805622,nested_oof,0.5
117-4,117,4,2,1,0,0.04878348112106323,0.9512165188789368,1,0,0.04878348112106323,0.45121651887893677,4,4,3,0.8618266978922717,4.583138173302108,nested_oof,0.5
117-5,117,5,2,1,0,0.04878348112106323,0.9512165188789368,1,0,0.04878348112106323,0.45121651887893677,4,4,3,0.7868852459016393,3.962529274004684,nested_oof,0.5
117-6,117,6,2,1,0,0.04878348112106323,0.9512165188789368,1,0,0.04878348112106323,0.45121651887893677,4,3,2,0.7915690866510539,3.7353629976580796,nested_oof,0.5
117-7,117,7,2,1,0,0.04878348112106323,0.9512165188789368,1,0,0.04878348112106323,0.45121651887893677,4,3,2,0.8407494145199064,3.540983606557377,nested_oof,0.5
117-8,117,8,2,1,0,0.04878348112106323,0.9512165188789368,1,0,0.04878348112106323,0.45121651887893677,3,3,2,0.7985948477751756,2.791569086651054,nested_oof,0.5
117-9,117,9,2,1,0,0.04878348112106323,0.9512165188789368,1,0,0.04878348112106323,0.45121651887893677,5,3,4,0.819672131147541,4.285714285714286,nested_oof,0.5
117-10,117,10,2,1,0,0.04878348112106323,0.9512165188789368,1,0,0.04878348112106323,0.45121651887893677,4,2,4,0.775175644028103,3.4988290398126463,nested_oof,0.5
117-11,117,11,2,1,0,0.04878348112106323,0.9512165188789368,1,0,0.04878348112106323,0.45121651887893677,3,3,4,0.7892271662763466,3.782201405152225,nested_oof,0.5
117-12,117,12,2,1,0,0.04878348112106323,0.9512165188789368,1,0,0.04878348112106323,0.45121651887893677,4,3,4,0.8290398126463701,3.6721311475409837,nested_oof,0.5
118-0,118,0,4,0,0,0.0240485668182373,0.0240485668182373,0,0,0.0240485668182373,0.4759514331817627,5,2,4,0.810304449648712,4.3629976580796255,nested_oof,0.5
118-1,118,1,4,0,0,0.0240485668182373,0.0240485668182373,0,0,0.0240485668182373,0.4759514331817627,4,3,4,0.8126463700234192,4.02576112412178,nested_oof,0.5
118-2,118,2,4,0,0,0.0240485668182373,0.0240485668182373,0,0,0.0240485668182373,0.4759514331817627,4,3,4,0.7939110070257611,3.8454332552693207,nested_oof,0.5
118-3,118,3,4,1,1,0.9759514331817627,0.0240485668182373,0,1,0.9759514331817627,0.4759514331817627,4,4,4,0.8149882903981265,3.9555035128805622,nested_oof,0.5
118-4,118,4,4,0,0,0.0240485668182373,0.0240485668182373,0,0,0.0240485668182373,0.4759514331817627,5,3,3,0.8618266978922717,4.583138173302108,nested_oof,0.5
118-5,118,5,4,0,0,0.0240485668182373,0.0240485668182373,0,0,0.0240485668182373,0.4759514331817627,4,3,3,0.7868852459016393,3.962529274004684,nested_oof,0.5
118-6,118,6,4,0,0,0.0240485668182373,0.0240485668182373,0,0,0.0240485668182373,0.4759514331817627,4,3,2,0.7915690866510539,3.7353629976580796,nested_oof,0.5
118-7,118,7,4,0,0,0.0240485668182373,0.0240485668182373,0,0,0.0240485668182373,0.4759514331817627,4,3,2,0.8407494145199064,3.540983606557377,nested_oof,0.5
118-8,118,8,4,1,1,0.9759514331817627,0.0240485668182373,0,1,0.9759514331817627,0.4759514331817627,2,3,2,0.7985948477751756,2.791569086651054,nested_oof,0.5
118-9,118,9,4,0,0,0.0240485668182373,0.0240485668182373,0,0,0.0240485668182373,0.4759514331817627,5,1,4,0.819672131147541,4.285714285714286,nested_oof,0.5
118-10,118,10,4,0,0,0.0240485668182373,0.0240485668182373,0,0,0.0240485668182373,0.4759514331817627,3,1,4,0.775175644028103,3.4988290398126463,nested_oof,0.5
118-11,118,11,4,0,0,0.0240485668182373,0.0240485668182373,0,0,0.0240485668182373,0.4759514331817627,3,3,4,0.7892271662763466,3.782201405152225,nested_oof,0.5
118-12,118,12,4,0,0,0.0240485668182373,0.0240485668182373,0,0,0.0240485668182373,0.4759514331817627,4,2,4,0.8290398126463701,3.6721311475409837,nested_oof,0.5
119-0,119,0,1,0,0,0.6259115934371948,0.6259115934371948,1,1,0.6259115934371948,0.12591159343719482,5,2,4,0.810304449648712,4.3629976580796255,nested_oof,0.5
119-1,119,1,1,0,0,0.6259115934371948,0.6259115934371948,1,1,0.6259115934371948,0.12591159343719482,4,3,4,0.8126463700234192,4.02576112412178,nested_oof,0.5
119-2,119,2,1,0,0,0.6259115934371948,0.6259115934371948,1,1,0.6259115934371948,0.12591159343719482,5,2,4,0.7939110070257611,3.8454332552693207,nested_oof,0.5
119-3,119,3,1,0,0,0.6259115934371948,0.6259115934371948,1,1,0.6259115934371948,0.12591159343719482,4,4,4,0.8149882903981265,3.9555035128805622,nested_oof,0.5
119-4,119,4,1,0,0,0.6259115934371948,0.6259115934371948,1,1,0.6259115934371948,0.12591159343719482,4,4,3,0.8618266978922717,4.583138173302108,nested_oof,0.5
119-5,119,5,1,0,0,0.6259115934371948,0.6259115934371948,1,1,0.6259115934371948,0.12591159343719482,4,3,3,0.7868852459016393,3.962529274004684,nested_oof,0.5
119-6,119,6,1,0,0,0.6259115934371948,0.6259115934371948,1,1,0.6259115934371948,0.12591159343719482,4,3,2,0.7915690866510539,3.7353629976580796,nested_oof,0.5
119-7,119,7,1,0,0,0.6259115934371948,0.6259115934371948,1,1,0.6259115934371948,0.12591159343719482,5,2,2,0.8407494145199064,3.540983606557377,nested_oof,0.5
119-8,119,8,1,0,0,0.6259115934371948,0.6259115934371948,1,1,0.6259115934371948,0.12591159343719482,3,3,2,0.7985948477751756,2.791569086651054,nested_oof,0.5
119-9,119,9,1,0,0,0.6259115934371948,0.6259115934371948,1,1,0.6259115934371948,0.12591159343719482,3,3,4,0.819672131147541,4.285714285714286,nested_oof,0.5
119-10,119,10,1,0,0,0.6259115934371948,0.6259115934371948,1,1,0.6259115934371948,0.12591159343719482,4,1,4,0.775175644028103,3.4988290398126463,nested_oof,0.5
119-11,119,11,1,0,0,0.6259115934371948,0.6259115934371948,1,1,0.6259115934371948,0.12591159343719482,3,3,4,0.7892271662763466,3.782201405152225,nested_oof,0.5
119-12,119,12,1,0,0,0.6259115934371948,0.6259115934371948,1,1,0.6259115934371948,0.12591159343719482,3,3,4,0.8290398126463701,3.6721311475409837,nested_oof,0.5
120-0,120,0,3,1,0,0.03616321086883545,0.9638367891311646,1,0,0.03616321086883545,0.46383678913116455,5,2,4,0.810304449648712,4.3629976580796255,nested_oof,0.5
120-1,120,1,3,0,1,0.9638367891311646,0.9638367891311646,1,1,0.9638367891311646,0.46383678913116455,3,3,4,0.8126463700234192,4.02576112412178,nested_oof,0.5
120-2,120,2,3,0,1,0.9638367891311646,0.9638367891311646,1,1,0.9638367891311646,0.46383678913116455,4,3,4,0.7939110070257611,3.8454332552693207,nested_oof,0.5
120-3,120,3,3,1,0,0.03616321086883545,0.9638367891311646,1,0,0.03616321086883545,0.46383678913116455,4,3,4,0.8149882903981265,3.9555035128805622,nested_oof,0.5
120-4,120,4,3,0,1,0.9638367891311646,0.9638367891311646,1,1,0.9638367891311646,0.46383678913116455,4,4,3,0.8618266978922717,4.583138173302108,nested_oof,0.5
120-5,120,5,3,1,0,0.03616321086883545,0.9638367891311646,1,0,0.03616321086883545,0.46383678913116455,4,4,3,0.7868852459016393,3.962529274004684,nested_oof,0.5
120-6,120,6,3,1,0,0.03616321086883545,0.9638367891311646,1,0,0.03616321086883545,0.46383678913116455,4,3,2,0.7915690866510539,3.7353629976580796,nested_oof,0.5
120-7,120,7,3,1,0,0.03616321086883545,0.9638367891311646,1,0,0.03616321086883545,0.46383678913116455,4,3,2,0.8407494145199064,3.540983606557377,nested_oof,0.5
120-8,120,8,3,1,0,0.03616321086883545,0.9638367891311646,1,0,0.03616321086883545,0.46383678913116455,3,3,2,0.7985948477751756,2.791569086651054,nested_oof,0.5
120-9,120,9,3,1,0,0.03616321086883545,0.9638367891311646,1,0,0.03616321086883545,0.46383678913116455,5,3,4,0.819672131147541,4.285714285714286,nested_oof,0.5
120-10,120,10,3,1,0,0.03616321086883545,0.9638367891311646,1,0,0.03616321086883545,0.46383678913116455,3,4,4,0.775175644028103,3.4988290398126463,nested_oof,0.5
120-11,120,11,3,1,0,0.03616321086883545,0.9638367891311646,1,0,0.03616321086883545,0.46383678913116455,3,3,4,0.7892271662763466,3.782201405152225,nested_oof,0.5
120-12,120,12,3,1,0,0.03616321086883545,0.9638367891311646,1,0,0.03616321086883545,0.46383678913116455,3,3,4,0.8290398126463701,3.6721311475409837,nested_oof,0.5
121-0,121,0,2,1,0,0.07574546337127686,0.9242545366287231,1,0,0.07574546337127686,0.42425453662872314,5,2,4,0.810304449648712,4.3629976580796255,nested_oof,0.5
121-1,121,1,2,1,0,0.07574546337127686,0.9242545366287231,1,0,0.07574546337127686,0.42425453662872314,4,3,4,0.8126463700234192,4.02576112412178,nested_oof,0.5
121-2,121,2,2,1,0,0.07574546337127686,0.9242545366287231,1,0,0.07574546337127686,0.42425453662872314,4,3,4,0.7939110070257611,3.8454332552693207,nested_oof,0.5
121-3,121,3,2,1,0,0.07574546337127686,0.9242545366287231,1,0,0.07574546337127686,0.42425453662872314,4,3,4,0.8149882903981265,3.9555035128805622,nested_oof,0.5
121-4,121,4,2,1,0,0.07574546337127686,0.9242545366287231,1,0,0.07574546337127686,0.42425453662872314,4,4,3,0.8618266978922717,4.583138173302108,nested_oof,0.5
121-5,121,5,2,1,0,0.07574546337127686,0.9242545366287231,1,0,0.07574546337127686,0.42425453662872314,4,4,3,0.7868852459016393,3.962529274004684,nested_oof,0.5
121-6,121,6,2,1,0,0.07574546337127686,0.9242545366287231,1,0,0.07574546337127686,0.42425453662872314,4,2,2,0.7915690866510539,3.7353629976580796,nested_oof,0.5
121-7,121,7,2,1,0,0.07574546337127686,0.9242545366287231,1,0,0.07574546337127686,0.42425453662872314,4,4,2,0.8407494145199064,3.540983606557377,nested_oof,0.5
121-8,121,8,2,1,0,0.07574546337127686,0.9242545366287231,1,0,0.07574546337127686,0.42425453662872314,4,3,2,0.7985948477751756,2.791569086651054,nested_oof,0.5
121-9,121,9,2,1,0,0.07574546337127686,0.9242545366287231,1,0,0.07574546337127686,0.42425453662872314,4,3,4,0.819672131147541,4.285714285714286,nested_oof,0.5
121-10,121,10,2,1,0,0.07574546337127686,0.9242545366287231,1,0,0.07574546337127686,0.42425453662872314,4,2,4,0.775175644028103,3.4988290398126463,nested_oof,0.5
121-11,121,11,2,1,0,0.07574546337127686,0.9242545366287231,1,0,0.07574546337127686,0.42425453662872314,3,3,4,0.7892271662763466,3.782201405152225,nested_oof,0.5
121-12,121,12,2,1,0,0.07574546337127686,0.9242545366287231,1,0,0.07574546337127686,0.42425453662872314,4,3,4,0.8290398126463701,3.6721311475409837,nested_oof,0.5
122-0,122,0,5,1,0,0.23298609256744385,0.7670139074325562,1,0,0.23298609256744385,0.26701390743255615,5,2,4,0.810304449648712,4.3629976580796255,nested_oof,0.5
122-1,122,1,5,1,0,0.23298609256744385,0.7670139074325562,1,0,0.23298609256744385,0.26701390743255615,4,3,4,0.8126463700234192,4.02576112412178,nested_oof,0.5
122-2,122,2,5,1,0,0.23298609256744385,0.7670139074325562,1,0,0.23298609256744385,0.26701390743255615,4,3,4,0.7939110070257611,3.8454332552693207,nested_oof,0.5
122-3,122,3,5,1,0,0.23298609256744385,0.7670139074325562,1,0,0.23298609256744385,0.26701390743255615,5,1,4,0.8149882903981265,3.9555035128805622,nested_oof,0.5
122-4,122,4,5,1,0,0.23298609256744385,0.7670139074325562,1,0,0.23298609256744385,0.26701390743255615,4,4,3,0.8618266978922717,4.583138173302108,nested_oof,0.5
122-5,122,5,5,1,0,0.23298609256744385,0.7670139074325562,1,0,0.23298609256744385,0.26701390743255615,4,4,3,0.7868852459016393,3.962529274004684,nested_oof,0.5
122-6,122,6,5,1,0,0.23298609256744385,0.7670139074325562,1,0,0.23298609256744385,0.26701390743255615,4,3,2,0.7915690866510539,3.7353629976580796,nested_oof,0.5
122-7,122,7,5,1,0,0.23298609256744385,0.7670139074325562,1,0,0.23298609256744385,0.26701390743255615,4,3,2,0.8407494145199064,3.540983606557377,nested_oof,0.5
122-8,122,8,5,1,0,0.23298609256744385,0.7670139074325562,1,0,0.23298609256744385,0.26701390743255615,3,3,2,0.7985948477751756,2.791569086651054,nested_oof,0.5
122-9,122,9,5,1,0,0.23298609256744385,0.7670139074325562,1,0,0.23298609256744385,0.26701390743255615,4,2,4,0.819672131147541,4.285714285714286,nested_oof,0.5
122-10,122,10,5,1,0,0.23298609256744385,0.7670139074325562,1,0,0.23298609256744385,0.26701390743255615,4,2,4,0.775175644028103,3.4988290398126463,nested_oof,0.5
122-11,122,11,5,1,0,0.23298609256744385,0.7670139074325562,1,0,0.23298609256744385,0.26701390743255615,3,3,4,0.7892271662763466,3.782201405152225,nested_oof,0.5
122-12,122,12,5,1,0,0.23298609256744385,0.7670139074325562,1,0,0.23298609256744385,0.26701390743255615,3,3,4,0.8290398126463701,3.6721311475409837,nested_oof,0.5
123-0,123,0,5,1,0,0.9644419588148594,0.0355580411851406,0,1,0.9644419588148594,0.4644419588148594,5,2,4,0.810304449648712,4.3629976580796255,nested_oof,0.5
123-1,123,1,5,1,0,0.9644419588148594,0.0355580411851406,0,1,0.9644419588148594,0.4644419588148594,4,3,4,0.8126463700234192,4.02576112412178,nested_oof,0.5
123-2,123,2,5,1,0,0.9644419588148594,0.0355580411851406,0,1,0.9644419588148594,0.4644419588148594,4,2,4,0.7939110070257611,3.8454332552693207,nested_oof,0.5
123-3,123,3,5,1,0,0.9644419588148594,0.0355580411851406,0,1,0.9644419588148594,0.4644419588148594,5,1,4,0.8149882903981265,3.9555035128805622,nested_oof,0.5
123-4,123,4,5,1,0,0.9644419588148594,0.0355580411851406,0,1,0.9644419588148594,0.4644419588148594,5,4,3,0.8618266978922717,4.583138173302108,nested_oof,0.5
123-5,123,5,5,1,0,0.9644419588148594,0.0355580411851406,0,1,0.9644419588148594,0.4644419588148594,4,3,3,0.7868852459016393,3.962529274004684,nested_oof,0.5
123-6,123,6,5,1,0,0.9644419588148594,0.0355580411851406,0,1,0.9644419588148594,0.4644419588148594,4,2,2,0.7915690866510539,3.7353629976580796,nested_oof,0.5
123-7,123,7,5,1,0,0.9644419588148594,0.0355580411851406,0,1,0.9644419588148594,0.4644419588148594,4,3,2,0.8407494145199064,3.540983606557377,nested_oof,0.5
123-8,123,8,5,1,0,0.9644419588148594,0.0355580411851406,0,1,0.9644419588148594,0.4644419588148594,3,3,2,0.7985948477751756,2.791569086651054,nested_oof,0.5
123-9,123,9,5,1,0,0.9644419588148594,0.0355580411851406,0,1,0.9644419588148594,0.4644419588148594,4,3,4,0.819672131147541,4.285714285714286,nested_oof,0.5
123-10,123,10,5,1,0,0.9644419588148594,0.0355580411851406,0,1,0.9644419588148594,0.4644419588148594,5,1,4,0.775175644028103,3.4988290398126463,nested_oof,0.5
123-11,123,11,5,1,0,0.9644419588148594,0.0355580411851406,0,1,0.9644419588148594,0.4644419588148594,3,3,4,0.7892271662763466,3.782201405152225,nested_oof,0.5
123-12,123,12,5,1,0,0.9644419588148594,0.0355580411851406,0,1,0.9644419588148594,0.4644419588148594,4,2,4,0.8290398126463701,3.6721311475409837,nested_oof,0.5
124-0,124,0,3,1,0,0.5201303064823151,0.4798696935176849,0,1,0.5201303064823151,0.02013030648231512,4,4,4,0.810304449648712,4.3629976580796255,nested_oof,0.5
124-1,124,1,3,1,0,0.5201303064823151,0.4798696935176849,0,1,0.5201303064823151,0.02013030648231512,4,3,4,0.8126463700234192,4.02576112412178,nested_oof,0.5
124-2,124,2,3,1,0,0.5201303064823151,0.4798696935176849,0,1,0.5201303064823151,0.02013030648231512,1,3,4,0.7939110070257611,3.8454332552693207,nested_oof,0.5
124-3,124,3,3,1,0,0.5201303064823151,0.4798696935176849,0,1,0.5201303064823151,0.02013030648231512,5,2,4,0.8149882903981265,3.9555035128805622,nested_oof,0.5
124-4,124,4,3,1,0,0.5201303064823151,0.4798696935176849,0,1,0.5201303064823151,0.02013030648231512,5,4,3,0.8618266978922717,4.583138173302108,nested_oof,0.5
124-5,124,5,3,1,0,0.5201303064823151,0.4798696935176849,0,1,0.5201303064823151,0.02013030648231512,3,4,3,0.7868852459016393,3.962529274004684,nested_oof,0.5
124-6,124,6,3,1,0,0.5201303064823151,0.4798696935176849,0,1,0.5201303064823151,0.02013030648231512,2,4,2,0.7915690866510539,3.7353629976580796,nested_oof,0.5
124-7,124,7,3,1,0,0.5201303064823151,0.4798696935176849,0,1,0.5201303064823151,0.02013030648231512,4,4,2,0.8407494145199064,3.540983606557377,nested_oof,0.5
124-8,124,8,3,1,0,0.5201303064823151,0.4798696935176849,0,1,0.5201303064823151,0.02013030648231512,3,3,2,0.7985948477751756,2.791569086651054,nested_oof,0.5
124-9,124,9,3,1,0,0.5201303064823151,0.4798696935176849,0,1,0.5201303064823151,0.02013030648231512,3,4,4,0.819672131147541,4.285714285714286,nested_oof,0.5
124-10,124,10,3,1,0,0.5201303064823151,0.4798696935176849,0,1,0.5201303064823151,0.02013030648231512,2,4,4,0.775175644028103,3.4988290398126463,nested_oof,0.5
124-11,124,11,3,1,0,0.5201303064823151,0.4798696935176849,0,1,0.5201303064823151,0.02013030648231512,2,4,4,0.7892271662763466,3.782201405152225,nested_oof,0.5
124-12,124,12,3,1,0,0.5201303064823151,0.4798696935176849,0,1,0.5201303064823151,0.02013030648231512,2,4,4,0.8290398126463701,3.6721311475409837,nested_oof,0.5
125-0,125,0,5,0,1,0.858193039894104,0.858193039894104,1,1,0.858193039894104,0.358193039894104,5,2,4,0.810304449648712,4.3629976580796255,nested_oof,0.5
125-1,125,1,5,0,1,0.858193039894104,0.858193039894104,1,1,0.858193039894104,0.358193039894104,4,3,4,0.8126463700234192,4.02576112412178,nested_oof,0.5
125-2,125,2,5,0,1,0.858193039894104,0.858193039894104,1,1,0.858193039894104,0.358193039894104,4,3,4,0.7939110070257611,3.8454332552693207,nested_oof,0.5
125-3,125,3,5,0,1,0.858193039894104,0.858193039894104,1,1,0.858193039894104,0.358193039894104,5,2,4,0.8149882903981265,3.9555035128805622,nested_oof,0.5
125-4,125,4,5,0,1,0.858193039894104,0.858193039894104,1,1,0.858193039894104,0.358193039894104,4,3,3,0.8618266978922717,4.583138173302108,nested_oof,0.5
125-5,125,5,5,0,1,0.858193039894104,0.858193039894104,1,1,0.858193039894104,0.358193039894104,4,3,3,0.7868852459016393,3.962529274004684,nested_oof,0.5
125-6,125,6,5,1,0,0.141806960105896,0.858193039894104,1,0,0.141806960105896,0.358193039894104,3,3,2,0.7915690866510539,3.7353629976580796,nested_oof,0.5
125-7,125,7,5,0,1,0.858193039894104,0.858193039894104,1,1,0.858193039894104,0.358193039894104,4,3,2,0.8407494145199064,3.540983606557377,nested_oof,0.5
125-8,125,8,5,0,1,0.858193039894104,0.858193039894104,1,1,0.858193039894104,0.358193039894104,3,3,2,0.7985948477751756,2.791569086651054,nested_oof,0.5
125-9,125,9,5,0,1,0.858193039894104,0.858193039894104,1,1,0.858193039894104,0.358193039894104,5,3,4,0.819672131147541,4.285714285714286,nested_oof,0.5
125-10,125,10,5,1,0,0.141806960105896,0.858193039894104,1,0,0.141806960105896,0.358193039894104,3,3,4,0.775175644028103,3.4988290398126463,nested_oof,0.5
125-11,125,11,5,0,1,0.858193039894104,0.858193039894104,1,1,0.858193039894104,0.358193039894104,3,3,4,0.7892271662763466,3.782201405152225,nested_oof,0.5
125-12,125,12,5,0,1,0.858193039894104,0.858193039894104,1,1,0.858193039894104,0.358193039894104,3,3,4,0.8290398126463701,3.6721311475409837,nested_oof,0.5
126-0,126,0,1,0,0,0.5830299258232117,0.5830299258232117,1,1,0.5830299258232117,0.08302992582321167,5,2,4,0.810304449648712,4.3629976580796255,nested_oof,0.5
126-1,126,1,1,0,0,0.5830299258232117,0.5830299258232117,1,1,0.5830299258232117,0.08302992582321167,4,3,4,0.8126463700234192,4.02576112412178,nested_oof,0.5
126-2,126,2,1,0,0,0.5830299258232117,0.5830299258232117,1,1,0.5830299258232117,0.08302992582321167,4,2,4,0.7939110070257611,3.8454332552693207,nested_oof,0.5
126-3,126,3,1,0,0,0.5830299258232117,0.5830299258232117,1,1,0.5830299258232117,0.08302992582321167,5,1,4,0.8149882903981265,3.9555035128805622,nested_oof,0.5
126-4,126,4,1,0,0,0.5830299258232117,0.5830299258232117,1,1,0.5830299258232117,0.08302992582321167,5,2,3,0.8618266978922717,4.583138173302108,nested_oof,0.5
126-5,126,5,1,0,0,0.5830299258232117,0.5830299258232117,1,1,0.5830299258232117,0.08302992582321167,4,3,3,0.7868852459016393,3.962529274004684,nested_oof,0.5
126-6,126,6,1,0,0,0.5830299258232117,0.5830299258232117,1,1,0.5830299258232117,0.08302992582321167,4,3,2,0.7915690866510539,3.7353629976580796,nested_oof,0.5
126-7,126,7,1,0,0,0.5830299258232117,0.5830299258232117,1,1,0.5830299258232117,0.08302992582321167,4,2,2,0.8407494145199064,3.540983606557377,nested_oof,0.5
126-8,126,8,1,0,0,0.5830299258232117,0.5830299258232117,1,1,0.5830299258232117,0.08302992582321167,3,3,2,0.7985948477751756,2.791569086651054,nested_oof,0.5
126-9,126,9,1,0,0,0.5830299258232117,0.5830299258232117,1,1,0.5830299258232117,0.08302992582321167,5,1,4,0.819672131147541,4.285714285714286,nested_oof,0.5
126-10,126,10,1,0,0,0.5830299258232117,0.5830299258232117,1,1,0.5830299258232117,0.08302992582321167,4,2,4,0.775175644028103,3.4988290398126463,nested_oof,0.5
126-11,126,11,1,0,0,0.5830299258232117,0.5830299258232117,1,1,0.5830299258232117,0.08302992582321167,3,3,4,0.7892271662763466,3.782201405152225,nested_oof,0.5
126-12,126,12,1,0,0,0.5830299258232117,0.5830299258232117,1,1,0.5830299258232117,0.08302992582321167,4,2,4,0.8290398126463701,3.6721311475409837,nested_oof,0.5
127-0,127,0,2,0,0,0.6737674474716187,0.6737674474716187,1,1,0.6737674474716187,0.17376744747161865,4,3,4,0.810304449648712,4.3629976580796255,nested_oof,0.5
127-1,127,1,2,0,0,0.6737674474716187,0.6737674474716187,1,1,0.6737674474716187,0.17376744747161865,4,3,4,0.8126463700234192,4.02576112412178,nested_oof,0.5
127-2,127,2,2,0,0,0.6737674474716187,0.6737674474716187,1,1,0.6737674474716187,0.17376744747161865,4,4,4,0.7939110070257611,3.8454332552693207,nested_oof,0.5
127-3,127,3,2,0,0,0.6737674474716187,0.6737674474716187,1,1,0.6737674474716187,0.17376744747161865,5,3,4,0.8149882903981265,3.9555035128805622,nested_oof,0.5
127-4,127,4,2,0,0,0.6737674474716187,0.6737674474716187,1,1,0.6737674474716187,0.17376744747161865,4,3,3,0.8618266978922717,4.583138173302108,nested_oof,0.5
127-5,127,5,2,0,0,0.6737674474716187,0.6737674474716187,1,1,0.6737674474716187,0.17376744747161865,4,3,3,0.7868852459016393,3.962529274004684,nested_oof,0.5
127-6,127,6,2,0,0,0.6737674474716187,0.6737674474716187,1,1,0.6737674474716187,0.17376744747161865,4,3,2,0.7915690866510539,3.7353629976580796,nested_oof,0.5
127-7,127,7,2,0,0,0.6737674474716187,0.6737674474716187,1,1,0.6737674474716187,0.17376744747161865,4,3,2,0.8407494145199064,3.540983606557377,nested_oof,0.5
127-8,127,8,2,1,1,0.32623255252838135,0.6737674474716187,1,0,0.32623255252838135,0.17376744747161865,2,3,2,0.7985948477751756,2.791569086651054,nested_oof,0.5
127-9,127,9,2,0,0,0.6737674474716187,0.6737674474716187,1,1,0.6737674474716187,0.17376744747161865,4,4,4,0.819672131147541,4.285714285714286,nested_oof,0.5
127-10,127,10,2,0,0,0.6737674474716187,0.6737674474716187,1,1,0.6737674474716187,0.17376744747161865,4,1,4,0.775175644028103,3.4988290398126463,nested_oof,0.5
127-11,127,11,2,1,1,0.32623255252838135,0.6737674474716187,1,0,0.32623255252838135,0.17376744747161865,3,3,4,0.7892271662763466,3.782201405152225,nested_oof,0.5
127-12,127,12,2,0,0,0.6737674474716187,0.6737674474716187,1,1,0.6737674474716187,0.17376744747161865,3,3,4,0.8290398126463701,3.6721311475409837,nested_oof,0.5
128-0,128,0,5,0,0,0.935375452041626,0.935375452041626,1,1,0.935375452041626,0.435375452041626,5,2,4,0.810304449648712,4.3629976580796255,nested_oof,0.5
128-1,128,1,5,0,0,0.935375452041626,0.935375452041626,1,1,0.935375452041626,0.435375452041626,4,3,4,0.8126463700234192,4.02576112412178,nested_oof,0.5
128-2,128,2,5,0,0,0.935375452041626,0.935375452041626,1,1,0.935375452041626,0.435375452041626,5,2,4,0.7939110070257611,3.8454332552693207,nested_oof,0.5
128-3,128,3,5,0,0,0.935375452041626,0.935375452041626,1,1,0.935375452041626,0.435375452041626,4,3,4,0.8149882903981265,3.9555035128805622,nested_oof,0.5
128-4,128,4,5,0,0,0.935375452041626,0.935375452041626,1,1,0.935375452041626,0.435375452041626,5,2,3,0.8618266978922717,4.583138173302108,nested_oof,0.5
128-5,128,5,5,0,0,0.935375452041626,0.935375452041626,1,1,0.935375452041626,0.435375452041626,4,3,3,0.7868852459016393,3.962529274004684,nested_oof,0.5
128-6,128,6,5,0,0,0.935375452041626,0.935375452041626,1,1,0.935375452041626,0.435375452041626,4,2,2,0.7915690866510539,3.7353629976580796,nested_oof,0.5
128-7,128,7,5,0,0,0.935375452041626,0.935375452041626,1,1,0.935375452041626,0.435375452041626,5,2,2,0.8407494145199064,3.540983606557377,nested_oof,0.5
128-8,128,8,5,0,0,0.935375452041626,0.935375452041626,1,1,0.935375452041626,0.435375452041626,3,3,2,0.7985948477751756,2.791569086651054,nested_oof,0.5
128-9,128,9,5,0,0,0.935375452041626,0.935375452041626,1,1,0.935375452041626,0.435375452041626,5,2,4,0.819672131147541,4.285714285714286,nested_oof,0.5
128-10,128,10,5,0,0,0.935375452041626,0.935375452041626,1,1,0.935375452041626,0.435375452041626,4,2,4,0.775175644028103,3.4988290398126463,nested_oof,0.5
128-11,128,11,5,0,0,0.935375452041626,0.935375452041626,1,1,0.935375452041626,0.435375452041626,3,3,4,0.7892271662763466,3.782201405152225,nested_oof,0.5
128-12,128,12,5,0,0,0.935375452041626,0.935375452041626,1,1,0.935375452041626,0.435375452041626,4,2,4,0.8290398126463701,3.6721311475409837,nested_oof,0.5
129-0,129,0,2,1,0,0.007887363433838002,0.992112636566162,1,0,0.007887363433838002,0.492112636566162,5,2,4,0.810304449648712,4.3629976580796255,nested_oof,0.5
129-1,129,1,2,0,1,0.992112636566162,0.992112636566162,1,1,0.992112636566162,0.492112636566162,4,3,4,0.8126463700234192,4.02576112412178,nested_oof,0.5
129-2,129,2,2,1,0,0.007887363433838002,0.992112636566162,1,0,0.007887363433838002,0.492112636566162,4,3,4,0.7939110070257611,3.8454332552693207,nested_oof,0.5
129-3,129,3,2,1,0,0.007887363433838002,0.992112636566162,1,0,0.007887363433838002,0.492112636566162,4,4,4,0.8149882903981265,3.9555035128805622,nested_oof,0.5
129-4,129,4,2,1,0,0.007887363433838002,0.992112636566162,1,0,0.007887363433838002,0.492112636566162,5,4,3,0.8618266978922717,4.583138173302108,nested_oof,0.5
129-5,129,5,2,1,0,0.007887363433838002,0.992112636566162,1,0,0.007887363433838002,0.492112636566162,5,3,3,0.7868852459016393,3.962529274004684,nested_oof,0.5
129-6,129,6,2,1,0,0.007887363433838002,0.992112636566162,1,0,0.007887363433838002,0.492112636566162,4,3,2,0.7915690866510539,3.7353629976580796,nested_oof,0.5
129-7,129,7,2,1,0,0.007887363433838002,0.992112636566162,1,0,0.007887363433838002,0.492112636566162,5,3,2,0.8407494145199064,3.540983606557377,nested_oof,0.5
129-8,129,8,2,1,0,0.007887363433838002,0.992112636566162,1,0,0.007887363433838002,0.492112636566162,3,3,2,0.7985948477751756,2.791569086651054,nested_oof,0.5
129-9,129,9,2,1,0,0.007887363433838002,0.992112636566162,1,0,0.007887363433838002,0.492112636566162,4,2,4,0.819672131147541,4.285714285714286,nested_oof,0.5
129-10,129,10,2,1,0,0.007887363433838002,0.992112636566162,1,0,0.007887363433838002,0.492112636566162,3,3,4,0.775175644028103,3.4988290398126463,nested_oof,0.5
129-11,129,11,2,1,0,0.007887363433838002,0.992112636566162,1,0,0.007887363433838002,0.492112636566162,3,3,4,0.7892271662763466,3.782201405152225,nested_oof,0.5
129-12,129,12,2,1,0,0.007887363433838002,0.992112636566162,1,0,0.007887363433838002,0.492112636566162,4,2,4,0.8290398126463701,3.6721311475409837,nested_oof,0.5
130-0,130,0,5,1,0,0.001387476921081654,0.9986125230789183,1,0,0.001387476921081654,0.49861252307891835,5,2,4,0.810304449648712,4.3629976580796255,nested_oof,0.5
130-1,130,1,5,1,0,0.001387476921081654,0.9986125230789183,1,0,0.001387476921081654,0.49861252307891835,4,3,4,0.8126463700234192,4.02576112412178,nested_oof,0.5
130-2,130,2,5,1,0,0.001387476921081654,0.9986125230789183,1,0,0.001387476921081654,0.49861252307891835,5,2,4,0.7939110070257611,3.8454332552693207,nested_oof,0.5
130-3,130,3,5,1,0,0.001387476921081654,0.9986125230789183,1,0,0.001387476921081654,0.49861252307891835,5,3,4,0.8149882903981265,3.9555035128805622,nested_oof,0.5
130-4,130,4,5,1,0,0.001387476921081654,0.9986125230789183,1,0,0.001387476921081654,0.49861252307891835,4,4,3,0.8618266978922717,4.583138173302108,nested_oof,0.5
130-5,130,5,5,1,0,0.001387476921081654,0.9986125230789183,1,0,0.001387476921081654,0.49861252307891835,4,4,3,0.7868852459016393,3.962529274004684,nested_oof,0.5
130-6,130,6,5,1,0,0.001387476921081654,0.9986125230789183,1,0,0.001387476921081654,0.49861252307891835,4,3,2,0.7915690866510539,3.7353629976580796,nested_oof,0.5
130-7,130,7,5,1,0,0.001387476921081654,0.9986125230789183,1,0,0.001387476921081654,0.49861252307891835,4,4,2,0.8407494145199064,3.540983606557377,nested_oof,0.5
130-8,130,8,5,1,0,0.001387476921081654,0.9986125230789183,1,0,0.001387476921081654,0.49861252307891835,3,3,2,0.7985948477751756,2.791569086651054,nested_oof,0.5
130-9,130,9,5,1,0,0.001387476921081654,0.9986125230789183,1,0,0.001387476921081654,0.49861252307891835,4,3,4,0.819672131147541,4.285714285714286,nested_oof,0.5
130-10,130,10,5,1,0,0.001387476921081654,0.9986125230789183,1,0,0.001387476921081654,0.49861252307891835,2,3,4,0.775175644028103,3.4988290398126463,nested_oof,0.5
130-11,130,11,5,1,0,0.001387476921081654,0.9986125230789183,1,0,0.001387476921081654,0.49861252307891835,3,3,4,0.7892271662763466,3.782201405152225,nested_oof,0.5
130-12,130,12,5,1,0,0.001387476921081654,0.9986125230789183,1,0,0.001387476921081654,0.49861252307891835,3,3,4,0.8290398126463701,3.6721311475409837,nested_oof,0.5
131-0,131,0,4,0,1,0.4187659025192261,0.4187659025192261,0,0,0.4187659025192261,0.08123409748077393,5,2,4,0.810304449648712,4.3629976580796255,nested_oof,0.5
131-1,131,1,4,0,1,0.4187659025192261,0.4187659025192261,0,0,0.4187659025192261,0.08123409748077393,4,3,4,0.8126463700234192,4.02576112412178,nested_oof,0.5
131-2,131,2,4,0,1,0.4187659025192261,0.4187659025192261,0,0,0.4187659025192261,0.08123409748077393,5,2,4,0.7939110070257611,3.8454332552693207,nested_oof,0.5
131-3,131,3,4,0,1,0.4187659025192261,0.4187659025192261,0,0,0.4187659025192261,0.08123409748077393,5,1,4,0.8149882903981265,3.9555035128805622,nested_oof,0.5
131-4,131,4,4,0,1,0.4187659025192261,0.4187659025192261,0,0,0.4187659025192261,0.08123409748077393,4,3,3,0.8618266978922717,4.583138173302108,nested_oof,0.5
131-5,131,5,4,0,1,0.4187659025192261,0.4187659025192261,0,0,0.4187659025192261,0.08123409748077393,4,3,3,0.7868852459016393,3.962529274004684,nested_oof,0.5
131-6,131,6,4,1,0,0.5812340974807739,0.4187659025192261,0,1,0.5812340974807739,0.08123409748077393,4,4,2,0.7915690866510539,3.7353629976580796,nested_oof,0.5
131-7,131,7,4,0,1,0.4187659025192261,0.4187659025192261,0,0,0.4187659025192261,0.08123409748077393,4,2,2,0.8407494145199064,3.540983606557377,nested_oof,0.5
131-8,131,8,4,0,1,0.4187659025192261,0.4187659025192261,0,0,0.4187659025192261,0.08123409748077393,3,3,2,0.7985948477751756,2.791569086651054,nested_oof,0.5
131-9,131,9,4,0,1,0.4187659025192261,0.4187659025192261,0,0,0.4187659025192261,0.08123409748077393,5,2,4,0.819672131147541,4.285714285714286,nested_oof,0.5
131-10,131,10,4,0,1,0.4187659025192261,0.4187659025192261,0,0,0.4187659025192261,0.08123409748077393,3,3,4,0.775175644028103,3.4988290398126463,nested_oof,0.5
131-11,131,11,4,0,1,0.4187659025192261,0.4187659025192261,0,0,0.4187659025192261,0.08123409748077393,3,3,4,0.7892271662763466,3.782201405152225,nested_oof,0.5
131-12,131,12,4,0,1,0.4187659025192261,0.4187659025192261,0,0,0.4187659025192261,0.08123409748077393,4,2,4,0.8290398126463701,3.6721311475409837,nested_oof,0.5
132-0,132,0,3,0,0,0.1615854352712631,0.1615854352712631,0,0,0.1615854352712631,0.3384145647287369,5,2,4,0.810304449648712,4.3629976580796255,nested_oof,0.5
132-1,132,1,3,0,0,0.1615854352712631,0.1615854352712631,0,0,0.1615854352712631,0.3384145647287369,4,3,4,0.8126463700234192,4.02576112412178,nested_oof,0.5
132-2,132,2,3,0,0,0.1615854352712631,0.1615854352712631,0,0,0.1615854352712631,0.3384145647287369,3,3,4,0.7939110070257611,3.8454332552693207,nested_oof,0.5
132-3,132,3,3,0,0,0.1615854352712631,0.1615854352712631,0,0,0.1615854352712631,0.3384145647287369,4,4,4,0.8149882903981265,3.9555035128805622,nested_oof,0.5
132-4,132,4,3,1,1,0.8384145647287369,0.1615854352712631,0,1,0.8384145647287369,0.3384145647287369,4,4,3,0.8618266978922717,4.583138173302108,nested_oof,0.5
132-5,132,5,3,0,0,0.1615854352712631,0.1615854352712631,0,0,0.1615854352712631,0.3384145647287369,5,2,3,0.7868852459016393,3.962529274004684,nested_oof,0.5
132-6,132,6,3,1,1,0.8384145647287369,0.1615854352712631,0,1,0.8384145647287369,0.3384145647287369,4,3,2,0.7915690866510539,3.7353629976580796,nested_oof,0.5
132-7,132,7,3,1,1,0.8384145647287369,0.1615854352712631,0,1,0.8384145647287369,0.3384145647287369,4,4,2,0.8407494145199064,3.540983606557377,nested_oof,0.5
132-8,132,8,3,0,0,0.1615854352712631,0.1615854352712631,0,0,0.1615854352712631,0.3384145647287369,3,3,2,0.7985948477751756,2.791569086651054,nested_oof,0.5
132-9,132,9,3,0,0,0.1615854352712631,0.1615854352712631,0,0,0.1615854352712631,0.3384145647287369,4,3,4,0.819672131147541,4.285714285714286,nested_oof,0.5
132-10,132,10,3,0,0,0.1615854352712631,0.1615854352712631,0,0,0.1615854352712631,0.3384145647287369,3,3,4,0.775175644028103,3.4988290398126463,nested_oof,0.5
132-11,132,11,3,0,0,0.1615854352712631,0.1615854352712631,0,0,0.1615854352712631,0.3384145647287369,3,3,4,0.7892271662763466,3.782201405152225,nested_oof,0.5
132-12,132,12,3,1,1,0.8384145647287369,0.1615854352712631,0,1,0.8384145647287369,0.3384145647287369,3,3,4,0.8290398126463701,3.6721311475409837,nested_oof,0.5
133-0,133,0,2,1,0,0.5388004183769226,0.4611995816230774,0,1,0.5388004183769226,0.03880041837692261,5,3,4,0.810304449648712,4.3629976580796255,nested_oof,0.5
133-1,133,1,2,1,0,0.5388004183769226,0.4611995816230774,0,1,0.5388004183769226,0.03880041837692261,4,3,4,0.8126463700234192,4.02576112412178,nested_oof,0.5
133-2,133,2,2,1,0,0.5388004183769226,0.4611995816230774,0,1,0.5388004183769226,0.03880041837692261,5,2,4,0.7939110070257611,3.8454332552693207,nested_oof,0.5
133-3,133,3,2,1,0,0.5388004183769226,0.4611995816230774,0,1,0.5388004183769226,0.03880041837692261,5,2,4,0.8149882903981265,3.9555035128805622,nested_oof,0.5
133-4,133,4,2,1,0,0.5388004183769226,0.4611995816230774,0,1,0.5388004183769226,0.03880041837692261,5,4,3,0.8618266978922717,4.583138173302108,nested_oof,0.5
133-5,133,5,2,1,0,0.5388004183769226,0.4611995816230774,0,1,0.5388004183769226,0.03880041837692261,4,3,3,0.7868852459016393,3.962529274004684,nested_oof,0.5
133-6,133,6,2,1,0,0.5388004183769226,0.4611995816230774,0,1,0.5388004183769226,0.03880041837692261,4,3,2,0.7915690866510539,3.7353629976580796,nested_oof,0.5
133-7,133,7,2,1,0,0.5388004183769226,0.4611995816230774,0,1,0.5388004183769226,0.03880041837692261,5,3,2,0.8407494145199064,3.540983606557377,nested_oof,0.5
133-8,133,8,2,1,0,0.5388004183769226,0.4611995816230774,0,1,0.5388004183769226,0.03880041837692261,3,3,2,0.7985948477751756,2.791569086651054,nested_oof,0.5
133-9,133,9,2,1,0,0.5388004183769226,0.4611995816230774,0,1,0.5388004183769226,0.03880041837692261,5,2,4,0.819672131147541,4.285714285714286,nested_oof,0.5
133-10,133,10,2,1,0,0.5388004183769226,0.4611995816230774,0,1,0.5388004183769226,0.03880041837692261,4,2,4,0.775175644028103,3.4988290398126463,nested_oof,0.5
133-11,133,11,2,1,0,0.5388004183769226,0.4611995816230774,0,1,0.5388004183769226,0.03880041837692261,3,3,4,0.7892271662763466,3.782201405152225,nested_oof,0.5
133-12,133,12,2,1,0,0.5388004183769226,0.4611995816230774,0,1,0.5388004183769226,0.03880041837692261,4,3,4,0.8290398126463701,3.6721311475409837,nested_oof,0.5
134-0,134,0,5,1,0,0.4660664200782776,0.5339335799217224,1,0,0.4660664200782776,0.03393357992172241,5,2,4,0.810304449648712,4.3629976580796255,nested_oof,0.5
134-1,134,1,5,1,0,0.4660664200782776,0.5339335799217224,1,0,0.4660664200782776,0.03393357992172241,3,3,4,0.8126463700234192,4.02576112412178,nested_oof,0.5
134-2,134,2,5,1,0,0.4660664200782776,0.5339335799217224,1,0,0.4660664200782776,0.03393357992172241,5,3,4,0.7939110070257611,3.8454332552693207,nested_oof,0.5
134-3,134,3,5,1,0,0.4660664200782776,0.5339335799217224,1,0,0.4660664200782776,0.03393357992172241,5,2,4,0.8149882903981265,3.9555035128805622,nested_oof,0.5
134-4,134,4,5,1,0,0.4660664200782776,0.5339335799217224,1,0,0.4660664200782776,0.03393357992172241,5,4,3,0.8618266978922717,4.583138173302108,nested_oof,0.5
134-5,134,5,5,1,0,0.4660664200782776,0.5339335799217224,1,0,0.4660664200782776,0.03393357992172241,4,3,3,0.7868852459016393,3.962529274004684,nested_oof,0.5
134-6,134,6,5,1,0,0.4660664200782776,0.5339335799217224,1,0,0.4660664200782776,0.03393357992172241,4,4,2,0.7915690866510539,3.7353629976580796,nested_oof,0.5
134-7,134,7,5,1,0,0.4660664200782776,0.5339335799217224,1,0,0.4660664200782776,0.03393357992172241,5,3,2,0.8407494145199064,3.540983606557377,nested_oof,0.5
134-8,134,8,5,1,0,0.4660664200782776,0.5339335799217224,1,0,0.4660664200782776,0.03393357992172241,3,3,2,0.7985948477751756,2.791569086651054,nested_oof,0.5
134-9,134,9,5,1,0,0.4660664200782776,0.5339335799217224,1,0,0.4660664200782776,0.03393357992172241,4,3,4,0.819672131147541,4.285714285714286,nested_oof,0.5
134-10,134,10,5,1,0,0.4660664200782776,0.5339335799217224,1,0,0.4660664200782776,0.03393357992172241,3,2,4,0.775175644028103,3.4988290398126463,nested_oof,0.5
134-11,134,11,5,1,0,0.4660664200782776,0.5339335799217224,1,0,0.4660664200782776,0.03393357992172241,3,3,4,0.7892271662763466,3.782201405152225,nested_oof,0.5
134-12,134,12,5,1,0,0.4660664200782776,0.5339335799217224,1,0,0.4660664200782776,0.03393357992172241,4,3,4,0.8290398126463701,3.6721311475409837,nested_oof,0.5
135-0,135,0,1,1,0,0.05616033077240001,0.9438396692276,1,0,0.05616033077240001,0.4438396692276,5,3,4,0.810304449648712,4.3629976580796255,nested_oof,0.5
135-1,135,1,1,1,0,0.05616033077240001,0.9438396692276,1,0,0.05616033077240001,0.4438396692276,4,3,4,0.8126463700234192,4.02576112412178,nested_oof,0.5
135-2,135,2,1,1,0,0.05616033077240001,0.9438396692276,1,0,0.05616033077240001,0.4438396692276,5,4,4,0.7939110070257611,3.8454332552693207,nested_oof,0.5
135-3,135,3,1,1,0,0.05616033077240001,0.9438396692276,1,0,0.05616033077240001,0.4438396692276,5,3,4,0.8149882903981265,3.9555035128805622,nested_oof,0.5
135-4,135,4,1,1,0,0.05616033077240001,0.9438396692276,1,0,0.05616033077240001,0.4438396692276,5,3,3,0.8618266978922717,4.583138173302108,nested_oof,0.5
135-5,135,5,1,1,0,0.05616033077240001,0.9438396692276,1,0,0.05616033077240001,0.4438396692276,4,3,3,0.7868852459016393,3.962529274004684,nested_oof,0.5
135-6,135,6,1,1,0,0.05616033077240001,0.9438396692276,1,0,0.05616033077240001,0.4438396692276,4,4,2,0.7915690866510539,3.7353629976580796,nested_oof,0.5
135-7,135,7,1,1,0,0.05616033077240001,0.9438396692276,1,0,0.05616033077240001,0.4438396692276,4,4,2,0.8407494145199064,3.540983606557377,nested_oof,0.5
135-8,135,8,1,1,0,0.05616033077240001,0.9438396692276,1,0,0.05616033077240001,0.4438396692276,3,3,2,0.7985948477751756,2.791569086651054,nested_oof,0.5
135-9,135,9,1,1,0,0.05616033077240001,0.9438396692276,1,0,0.05616033077240001,0.4438396692276,4,3,4,0.819672131147541,4.285714285714286,nested_oof,0.5
135-10,135,10,1,1,0,0.05616033077240001,0.9438396692276,1,0,0.05616033077240001,0.4438396692276,3,3,4,0.775175644028103,3.4988290398126463,nested_oof,0.5
135-11,135,11,1,1,0,0.05616033077240001,0.9438396692276,1,0,0.05616033077240001,0.4438396692276,3,3,4,0.7892271662763466,3.782201405152225,nested_oof,0.5
135-12,135,12,1,1,0,0.05616033077240001,0.9438396692276,1,0,0.05616033077240001,0.4438396692276,4,2,4,0.8290398126463701,3.6721311475409837,nested_oof,0.5
136-0,136,0,4,0,0,0.0244992952793836,0.0244992952793836,0,0,0.0244992952793836,0.4755007047206164,5,2,4,0.810304449648712,4.3629976580796255,nested_oof,0.5
136-1,136,1,4,0,0,0.0244992952793836,0.0244992952793836,0,0,0.0244992952793836,0.4755007047206164,4,3,4,0.8126463700234192,4.02576112412178,nested_oof,0.5
136-2,136,2,4,0,0,0.0244992952793836,0.0244992952793836,0,0,0.0244992952793836,0.4755007047206164,4,2,4,0.7939110070257611,3.8454332552693207,nested_oof,0.5
136-3,136,3,4,0,0,0.0244992952793836,0.0244992952793836,0,0,0.0244992952793836,0.4755007047206164,5,3,4,0.8149882903981265,3.9555035128805622,nested_oof,0.5
136-4,136,4,4,0,0,0.0244992952793836,0.0244992952793836,0,0,0.0244992952793836,0.4755007047206164,5,3,3,0.8618266978922717,4.583138173302108,nested_oof,0.5
136-5,136,5,4,0,0,0.0244992952793836,0.0244992952793836,0,0,0.0244992952793836,0.4755007047206164,4,2,3,0.7868852459016393,3.962529274004684,nested_oof,0.5
136-6,136,6,4,1,1,0.9755007047206165,0.0244992952793836,0,1,0.9755007047206165,0.4755007047206164,3,4,2,0.7915690866510539,3.7353629976580796,nested_oof,0.5
136-7,136,7,4,0,0,0.0244992952793836,0.0244992952793836,0,0,0.0244992952793836,0.4755007047206164,4,2,2,0.8407494145199064,3.540983606557377,nested_oof,0.5
136-8,136,8,4,0,0,0.0244992952793836,0.0244992952793836,0,0,0.0244992952793836,0.4755007047206164,3,3,2,0.7985948477751756,2.791569086651054,nested_oof,0.5
136-9,136,9,4,0,0,0.0244992952793836,0.0244992952793836,0,0,0.0244992952793836,0.4755007047206164,5,2,4,0.819672131147541,4.285714285714286,nested_oof,0.5
136-10,136,10,4,0,0,0.0244992952793836,0.0244992952793836,0,0,0.0244992952793836,0.4755007047206164,3,3,4,0.775175644028103,3.4988290398126463,nested_oof,0.5
136-11,136,11,4,0,0,0.0244992952793836,0.0244992952793836,0,0,0.0244992952793836,0.4755007047206164,3,3,4,0.7892271662763466,3.782201405152225,nested_oof,0.5
136-12,136,12,4,0,0,0.0244992952793836,0.0244992952793836,0,0,0.0244992952793836,0.4755007047206164,3,3,4,0.8290398126463701,3.6721311475409837,nested_oof,0.5
137-0,137,0,4,0,1,0.3529274761676788,0.3529274761676788,0,0,0.3529274761676788,0.14707252383232122,5,2,4,0.810304449648712,4.3629976580796255,nested_oof,0.5
137-1,137,1,4,1,0,0.6470725238323212,0.3529274761676788,0,1,0.6470725238323212,0.14707252383232122,4,3,4,0.8126463700234192,4.02576112412178,nested_oof,0.5
137-2,137,2,4,1,0,0.6470725238323212,0.3529274761676788,0,1,0.6470725238323212,0.14707252383232122,4,4,4,0.7939110070257611,3.8454332552693207,nested_oof,0.5
137-3,137,3,4,1,0,0.6470725238323212,0.3529274761676788,0,1,0.6470725238323212,0.14707252383232122,5,3,4,0.8149882903981265,3.9555035128805622,nested_oof,0.5
137-4,137,4,4,1,0,0.6470725238323212,0.3529274761676788,0,1,0.6470725238323212,0.14707252383232122,5,3,3,0.8618266978922717,4.583138173302108,nested_oof,0.5
137-5,137,5,4,0,1,0.3529274761676788,0.3529274761676788,0,0,0.3529274761676788,0.14707252383232122,4,2,3,0.7868852459016393,3.962529274004684,nested_oof,0.5
137-6,137,6,4,1,0,0.6470725238323212,0.3529274761676788,0,1,0.6470725238323212,0.14707252383232122,3,3,2,0.7915690866510539,3.7353629976580796,nested_oof,0.5
137-7,137,7,4,1,0,0.6470725238323212,0.3529274761676788,0,1,0.6470725238323212,0.14707252383232122,4,4,2,0.8407494145199064,3.540983606557377,nested_oof,0.5
137-8,137,8,4,1,0,0.6470725238323212,0.3529274761676788,0,1,0.6470725238323212,0.14707252383232122,3,3,2,0.7985948477751756,2.791569086651054,nested_oof,0.5
137-9,137,9,4,0,1,0.3529274761676788,0.3529274761676788,0,0,0.3529274761676788,0.14707252383232122,3,4,4,0.819672131147541,4.285714285714286,nested_oof,0.5
137-10,137,10,4,1,0,0.6470725238323212,0.3529274761676788,0,1,0.6470725238323212,0.14707252383232122,4,3,4,0.775175644028103,3.4988290398126463,nested_oof,0.5
137-11,137,11,4,1,0,0.6470725238323212,0.3529274761676788,0,1,0.6470725238323212,0.14707252383232122,3,3,4,0.7892271662763466,3.782201405152225,nested_oof,0.5
137-12,137,12,4,0,1,0.3529274761676788,0.3529274761676788,0,0,0.3529274761676788,0.14707252383232122,4,2,4,0.8290398126463701,3.6721311475409837,nested_oof,0.5
138-0,138,0,5,0,1,0.9982748031616212,0.9982748031616212,1,1,0.9982748031616212,0.4982748031616212,5,2,4,0.810304449648712,4.3629976580796255,nested_oof,0.5
138-1,138,1,5,1,0,0.0017251968383787952,0.9982748031616212,1,0,0.0017251968383787952,0.4982748031616212,4,3,4,0.8126463700234192,4.02576112412178,nested_oof,0.5
138-2,138,2,5,1,0,0.0017251968383787952,0.9982748031616212,1,0,0.0017251968383787952,0.4982748031616212,4,4,4,0.7939110070257611,3.8454332552693207,nested_oof,0.5
138-3,138,3,5,1,0,0.0017251968383787952,0.9982748031616212,1,0,0.0017251968383787952,0.4982748031616212,5,4,4,0.8149882903981265,3.9555035128805622,nested_oof,0.5
138-4,138,4,5,1,0,0.0017251968383787952,0.9982748031616212,1,0,0.0017251968383787952,0.4982748031616212,5,4,3,0.8618266978922717,4.583138173302108,nested_oof,0.5
138-5,138,5,5,1,0,0.0017251968383787952,0.9982748031616212,1,0,0.0017251968383787952,0.4982748031616212,4,4,3,0.7868852459016393,3.962529274004684,nested_oof,0.5
138-6,138,6,5,1,0,0.0017251968383787952,0.9982748031616212,1,0,0.0017251968383787952,0.4982748031616212,4,3,2,0.7915690866510539,3.7353629976580796,nested_oof,0.5
138-7,138,7,5,1,0,0.0017251968383787952,0.9982748031616212,1,0,0.0017251968383787952,0.4982748031616212,4,4,2,0.8407494145199064,3.540983606557377,nested_oof,0.5
138-8,138,8,5,1,0,0.0017251968383787952,0.9982748031616212,1,0,0.0017251968383787952,0.4982748031616212,3,3,2,0.7985948477751756,2.791569086651054,nested_oof,0.5
138-9,138,9,5,1,0,0.0017251968383787952,0.9982748031616212,1,0,0.0017251968383787952,0.4982748031616212,3,4,4,0.819672131147541,4.285714285714286,nested_oof,0.5
138-10,138,10,5,1,0,0.0017251968383787952,0.9982748031616212,1,0,0.0017251968383787952,0.4982748031616212,3,3,4,0.775175644028103,3.4988290398126463,nested_oof,0.5
138-11,138,11,5,1,0,0.0017251968383787952,0.9982748031616212,1,0,0.0017251968383787952,0.4982748031616212,3,3,4,0.7892271662763466,3.782201405152225,nested_oof,0.5
138-12,138,12,5,0,1,0.9982748031616212,0.9982748031616212,1,1,0.9982748031616212,0.4982748031616212,3,3,4,0.8290398126463701,3.6721311475409837,nested_oof,0.5
139-0,139,0,5,0,0,0.0008155171526595,0.0008155171526595,0,0,0.0008155171526595,0.4991844828473405,5,2,4,0.810304449648712,4.3629976580796255,nested_oof,0.5
139-1,139,1,5,0,0,0.0008155171526595,0.0008155171526595,0,0,0.0008155171526595,0.4991844828473405,4,3,4,0.8126463700234192,4.02576112412178,nested_oof,0.5
139-2,139,2,5,0,0,0.0008155171526595,0.0008155171526595,0,0,0.0008155171526595,0.4991844828473405,2,3,4,0.7939110070257611,3.8454332552693207,nested_oof,0.5
139-3,139,3,5,0,0,0.0008155171526595,0.0008155171526595,0,0,0.0008155171526595,0.4991844828473405,5,2,4,0.8149882903981265,3.9555035128805622,nested_oof,0.5
139-4,139,4,5,0,0,0.0008155171526595,0.0008155171526595,0,0,0.0008155171526595,0.4991844828473405,5,3,3,0.8618266978922717,4.583138173302108,nested_oof,0.5
139-5,139,5,5,0,0,0.0008155171526595,0.0008155171526595,0,0,0.0008155171526595,0.4991844828473405,4,3,3,0.7868852459016393,3.962529274004684,nested_oof,0.5
139-6,139,6,5,0,0,0.0008155171526595,0.0008155171526595,0,0,0.0008155171526595,0.4991844828473405,4,2,2,0.7915690866510539,3.7353629976580796,nested_oof,0.5
139-7,139,7,5,0,0,0.0008155171526595,0.0008155171526595,0,0,0.0008155171526595,0.4991844828473405,4,3,2,0.8407494145199064,3.540983606557377,nested_oof,0.5
139-8,139,8,5,0,0,0.0008155171526595,0.0008155171526595,0,0,0.0008155171526595,0.4991844828473405,3,3,2,0.7985948477751756,2.791569086651054,nested_oof,0.5
139-9,139,9,5,0,0,0.0008155171526595,0.0008155171526595,0,0,0.0008155171526595,0.4991844828473405,5,2,4,0.819672131147541,4.285714285714286,nested_oof,0.5
139-10,139,10,5,0,0,0.0008155171526595,0.0008155171526595,0,0,0.0008155171526595,0.4991844828473405,3,3,4,0.775175644028103,3.4988290398126463,nested_oof,0.5
139-11,139,11,5,0,0,0.0008155171526595,0.0008155171526595,0,0,0.0008155171526595,0.4991844828473405,3,3,4,0.7892271662763466,3.782201405152225,nested_oof,0.5
139-12,139,12,5,0,0,0.0008155171526595,0.0008155171526595,0,0,0.0008155171526595,0.4991844828473405,4,1,4,0.8290398126463701,3.6721311475409837,nested_oof,0.5
140-0,140,0,4,0,0,0.0263178572058677,0.0263178572058677,0,0,0.0263178572058677,0.4736821427941323,5,2,4,0.810304449648712,4.3629976580796255,nested_oof,0.5
140-1,140,1,4,0,0,0.0263178572058677,0.0263178572058677,0,0,0.0263178572058677,0.4736821427941323,4,3,4,0.8126463700234192,4.02576112412178,nested_oof,0.5
140-2,140,2,4,0,0,0.0263178572058677,0.0263178572058677,0,0,0.0263178572058677,0.4736821427941323,3,3,4,0.7939110070257611,3.8454332552693207,nested_oof,0.5
140-3,140,3,4,0,0,0.0263178572058677,0.0263178572058677,0,0,0.0263178572058677,0.4736821427941323,4,3,4,0.8149882903981265,3.9555035128805622,nested_oof,0.5
140-4,140,4,4,0,0,0.0263178572058677,0.0263178572058677,0,0,0.0263178572058677,0.4736821427941323,5,2,3,0.8618266978922717,4.583138173302108,nested_oof,0.5
140-5,140,5,4,0,0,0.0263178572058677,0.0263178572058677,0,0,0.0263178572058677,0.4736821427941323,4,3,3,0.7868852459016393,3.962529274004684,nested_oof,0.5
140-6,140,6,4,1,1,0.9736821427941323,0.0263178572058677,0,1,0.9736821427941323,0.4736821427941323,3,3,2,0.7915690866510539,3.7353629976580796,nested_oof,0.5
140-7,140,7,4,0,0,0.0263178572058677,0.0263178572058677,0,0,0.0263178572058677,0.4736821427941323,4,3,2,0.8407494145199064,3.540983606557377,nested_oof,0.5
140-8,140,8,4,0,0,0.0263178572058677,0.0263178572058677,0,0,0.0263178572058677,0.4736821427941323,3,3,2,0.7985948477751756,2.791569086651054,nested_oof,0.5
140-9,140,9,4,0,0,0.0263178572058677,0.0263178572058677,0,0,0.0263178572058677,0.4736821427941323,4,3,4,0.819672131147541,4.285714285714286,nested_oof,0.5
140-10,140,10,4,0,0,0.0263178572058677,0.0263178572058677,0,0,0.0263178572058677,0.4736821427941323,3,3,4,0.775175644028103,3.4988290398126463,nested_oof,0.5
140-11,140,11,4,0,0,0.0263178572058677,0.0263178572058677,0,0,0.0263178572058677,0.4736821427941323,3,3,4,0.7892271662763466,3.782201405152225,nested_oof,0.5
140-12,140,12,4,1,1,0.9736821427941323,0.0263178572058677,0,1,0.9736821427941323,0.4736821427941323,3,3,4,0.8290398126463701,3.6721311475409837,nested_oof,0.5
141-0,141,0,1,0,0,0.377491682767868,0.377491682767868,0,0,0.377491682767868,0.12250831723213201,5,2,4,0.810304449648712,4.3629976580796255,nested_oof,0.5
141-1,141,1,1,0,0,0.377491682767868,0.377491682767868,0,0,0.377491682767868,0.12250831723213201,4,3,4,0.8126463700234192,4.02576112412178,nested_oof,0.5
141-2,141,2,1,0,0,0.377491682767868,0.377491682767868,0,0,0.377491682767868,0.12250831723213201,4,3,4,0.7939110070257611,3.8454332552693207,nested_oof,0.5
141-3,141,3,1,0,0,0.377491682767868,0.377491682767868,0,0,0.377491682767868,0.12250831723213201,5,2,4,0.8149882903981265,3.9555035128805622,nested_oof,0.5
141-4,141,4,1,0,0,0.377491682767868,0.377491682767868,0,0,0.377491682767868,0.12250831723213201,5,2,3,0.8618266978922717,4.583138173302108,nested_oof,0.5
141-5,141,5,1,1,1,0.622508317232132,0.377491682767868,0,1,0.622508317232132,0.12250831723213201,3,4,3,0.7868852459016393,3.962529274004684,nested_oof,0.5
141-6,141,6,1,0,0,0.377491682767868,0.377491682767868,0,0,0.377491682767868,0.12250831723213201,4,2,2,0.7915690866510539,3.7353629976580796,nested_oof,0.5
141-7,141,7,1,0,0,0.377491682767868,0.377491682767868,0,0,0.377491682767868,0.12250831723213201,4,3,2,0.8407494145199064,3.540983606557377,nested_oof,0.5
141-8,141,8,1,0,0,0.377491682767868,0.377491682767868,0,0,0.377491682767868,0.12250831723213201,2,3,2,0.7985948477751756,2.791569086651054,nested_oof,0.5
141-9,141,9,1,0,0,0.377491682767868,0.377491682767868,0,0,0.377491682767868,0.12250831723213201,4,3,4,0.819672131147541,4.285714285714286,nested_oof,0.5
141-10,141,10,1,0,0,0.377491682767868,0.377491682767868,0,0,0.377491682767868,0.12250831723213201,4,2,4,0.775175644028103,3.4988290398126463,nested_oof,0.5
141-11,141,11,1,0,0,0.377491682767868,0.377491682767868,0,0,0.377491682767868,0.12250831723213201,3,3,4,0.7892271662763466,3.782201405152225,nested_oof,0.5
141-12,141,12,1,0,0,0.377491682767868,0.377491682767868,0,0,0.377491682767868,0.12250831723213201,4,2,4,0.8290398126463701,3.6721311475409837,nested_oof,0.5
142-0,142,0,1,0,0,0.4838636219501495,0.4838636219501495,0,0,0.4838636219501495,0.01613637804985052,5,2,4,0.810304449648712,4.3629976580796255,nested_oof,0.5
142-1,142,1,1,0,0,0.4838636219501495,0.4838636219501495,0,0,0.4838636219501495,0.01613637804985052,4,3,4,0.8126463700234192,4.02576112412178,nested_oof,0.5
142-2,142,2,1,0,0,0.4838636219501495,0.4838636219501495,0,0,0.4838636219501495,0.01613637804985052,4,2,4,0.7939110070257611,3.8454332552693207,nested_oof,0.5
142-3,142,3,1,0,0,0.4838636219501495,0.4838636219501495,0,0,0.4838636219501495,0.01613637804985052,5,1,4,0.8149882903981265,3.9555035128805622,nested_oof,0.5
142-4,142,4,1,0,0,0.4838636219501495,0.4838636219501495,0,0,0.4838636219501495,0.01613637804985052,5,2,3,0.8618266978922717,4.583138173302108,nested_oof,0.5
142-5,142,5,1,0,0,0.4838636219501495,0.4838636219501495,0,0,0.4838636219501495,0.01613637804985052,5,2,3,0.7868852459016393,3.962529274004684,nested_oof,0.5
142-6,142,6,1,0,0,0.4838636219501495,0.4838636219501495,0,0,0.4838636219501495,0.01613637804985052,4,2,2,0.7915690866510539,3.7353629976580796,nested_oof,0.5
142-7,142,7,1,0,0,0.4838636219501495,0.4838636219501495,0,0,0.4838636219501495,0.01613637804985052,5,2,2,0.8407494145199064,3.540983606557377,nested_oof,0.5
142-8,142,8,1,0,0,0.4838636219501495,0.4838636219501495,0,0,0.4838636219501495,0.01613637804985052,3,3,2,0.7985948477751756,2.791569086651054,nested_oof,0.5
142-9,142,9,1,0,0,0.4838636219501495,0.4838636219501495,0,0,0.4838636219501495,0.01613637804985052,5,2,4,0.819672131147541,4.285714285714286,nested_oof,0.5
142-10,142,10,1,0,0,0.4838636219501495,0.4838636219501495,0,0,0.4838636219501495,0.01613637804985052,4,1,4,0.775175644028103,3.4988290398126463,nested_oof,0.5
142-11,142,11,1,0,0,0.4838636219501495,0.4838636219501495,0,0,0.4838636219501495,0.01613637804985052,3,3,4,0.7892271662763466,3.782201405152225,nested_oof,0.5
142-12,142,12,1,0,0,0.4838636219501495,0.4838636219501495,0,0,0.4838636219501495,0.01613637804985052,4,1,4,0.8290398126463701,3.6721311475409837,nested_oof,0.5
143-0,143,0,1,0,0,0.9399648308753968,0.9399648308753968,1,1,0.9399648308753968,0.43996483087539684,5,2,4,0.810304449648712,4.3629976580796255,nested_oof,0.5
143-1,143,1,1,0,0,0.9399648308753968,0.9399648308753968,1,1,0.9399648308753968,0.43996483087539684,4,3,4,0.8126463700234192,4.02576112412178,nested_oof,0.5
143-2,143,2,1,0,0,0.9399648308753968,0.9399648308753968,1,1,0.9399648308753968,0.43996483087539684,4,3,4,0.7939110070257611,3.8454332552693207,nested_oof,0.5
143-3,143,3,1,0,0,0.9399648308753968,0.9399648308753968,1,1,0.9399648308753968,0.43996483087539684,4,3,4,0.8149882903981265,3.9555035128805622,nested_oof,0.5
143-4,143,4,1,0,0,0.9399648308753968,0.9399648308753968,1,1,0.9399648308753968,0.43996483087539684,5,3,3,0.8618266978922717,4.583138173302108,nested_oof,0.5
143-5,143,5,1,1,1,0.06003516912460316,0.9399648308753968,1,0,0.06003516912460316,0.43996483087539684,4,3,3,0.7868852459016393,3.962529274004684,nested_oof,0.5
143-6,143,6,1,0,0,0.9399648308753968,0.9399648308753968,1,1,0.9399648308753968,0.43996483087539684,4,3,2,0.7915690866510539,3.7353629976580796,nested_oof,0.5
143-7,143,7,1,0,0,0.9399648308753968,0.9399648308753968,1,1,0.9399648308753968,0.43996483087539684,4,2,2,0.8407494145199064,3.540983606557377,nested_oof,0.5
143-8,143,8,1,0,0,0.9399648308753968,0.9399648308753968,1,1,0.9399648308753968,0.43996483087539684,3,3,2,0.7985948477751756,2.791569086651054,nested_oof,0.5
143-9,143,9,1,0,0,0.9399648308753968,0.9399648308753968,1,1,0.9399648308753968,0.43996483087539684,4,3,4,0.819672131147541,4.285714285714286,nested_oof,0.5
143-10,143,10,1,0,0,0.9399648308753968,0.9399648308753968,1,1,0.9399648308753968,0.43996483087539684,3,2,4,0.775175644028103,3.4988290398126463,nested_oof,0.5
143-11,143,11,1,0,0,0.9399648308753968,0.9399648308753968,1,1,0.9399648308753968,0.43996483087539684,3,3,4,0.7892271662763466,3.782201405152225,nested_oof,0.5
143-12,143,12,1,0,0,0.9399648308753968,0.9399648308753968,1,1,0.9399648308753968,0.43996483087539684,3,3,4,0.8290398126463701,3.6721311475409837,nested_oof,0.5
144-0,144,0,4,1,0,0.09065020084381104,0.909349799156189,1,0,0.09065020084381104,0.40934979915618896,4,3,4,0.810304449648712,4.3629976580796255,nested_oof,0.5
144-1,144,1,4,1,0,0.09065020084381104,0.909349799156189,1,0,0.09065020084381104,0.40934979915618896,3,3,4,0.8126463700234192,4.02576112412178,nested_oof,0.5
144-2,144,2,4,1,0,0.09065020084381104,0.909349799156189,1,0,0.09065020084381104,0.40934979915618896,3,4,4,0.7939110070257611,3.8454332552693207,nested_oof,0.5
144-3,144,3,4,1,0,0.09065020084381104,0.909349799156189,1,0,0.09065020084381104,0.40934979915618896,5,2,4,0.8149882903981265,3.9555035128805622,nested_oof,0.5
144-4,144,4,4,1,0,0.09065020084381104,0.909349799156189,1,0,0.09065020084381104,0.40934979915618896,5,4,3,0.8618266978922717,4.583138173302108,nested_oof,0.5
144-5,144,5,4,1,0,0.09065020084381104,0.909349799156189,1,0,0.09065020084381104,0.40934979915618896,4,2,3,0.7868852459016393,3.962529274004684,nested_oof,0.5
144-6,144,6,4,1,0,0.09065020084381104,0.909349799156189,1,0,0.09065020084381104,0.40934979915618896,4,3,2,0.7915690866510539,3.7353629976580796,nested_oof,0.5
144-7,144,7,4,1,0,0.09065020084381104,0.909349799156189,1,0,0.09065020084381104,0.40934979915618896,4,3,2,0.8407494145199064,3.540983606557377,nested_oof,0.5
144-8,144,8,4,1,0,0.09065020084381104,0.909349799156189,1,0,0.09065020084381104,0.40934979915618896,3,3,2,0.7985948477751756,2.791569086651054,nested_oof,0.5
144-9,144,9,4,1,0,0.09065020084381104,0.909349799156189,1,0,0.09065020084381104,0.40934979915618896,5,3,4,0.819672131147541,4.285714285714286,nested_oof,0.5
144-10,144,10,4,1,0,0.09065020084381104,0.909349799156189,1,0,0.09065020084381104,0.40934979915618896,4,3,4,0.775175644028103,3.4988290398126463,nested_oof,0.5
144-11,144,11,4,1,0,0.09065020084381104,0.909349799156189,1,0,0.09065020084381104,0.40934979915618896,3,3,4,0.7892271662763466,3.782201405152225,nested_oof,0.5
144-12,144,12,4,1,0,0.09065020084381104,0.909349799156189,1,0,0.09065020084381104,0.40934979915618896,4,3,4,0.8290398126463701,3.6721311475409837,nested_oof,0.5
145-0,145,0,2,0,0,0.6395044922828674,0.6395044922828674,1,1,0.6395044922828674,0.13950449228286743,5,2,4,0.810304449648712,4.3629976580796255,nested_oof,0.5
145-1,145,1,2,0,0,0.6395044922828674,0.6395044922828674,1,1,0.6395044922828674,0.13950449228286743,4,3,4,0.8126463700234192,4.02576112412178,nested_oof,0.5
145-2,145,2,2,0,0,0.6395044922828674,0.6395044922828674,1,1,0.6395044922828674,0.13950449228286743,4,2,4,0.7939110070257611,3.8454332552693207,nested_oof,0.5
145-3,145,3,2,0,0,0.6395044922828674,0.6395044922828674,1,1,0.6395044922828674,0.13950449228286743,5,2,4,0.8149882903981265,3.9555035128805622,nested_oof,0.5
145-4,145,4,2,0,0,0.6395044922828674,0.6395044922828674,1,1,0.6395044922828674,0.13950449228286743,5,3,3,0.8618266978922717,4.583138173302108,nested_oof,0.5
145-5,145,5,2,0,0,0.6395044922828674,0.6395044922828674,1,1,0.6395044922828674,0.13950449228286743,4,3,3,0.7868852459016393,3.962529274004684,nested_oof,0.5
145-6,145,6,2,0,0,0.6395044922828674,0.6395044922828674,1,1,0.6395044922828674,0.13950449228286743,4,2,2,0.7915690866510539,3.7353629976580796,nested_oof,0.5
145-7,145,7,2,0,0,0.6395044922828674,0.6395044922828674,1,1,0.6395044922828674,0.13950449228286743,4,2,2,0.8407494145199064,3.540983606557377,nested_oof,0.5
145-8,145,8,2,0,0,0.6395044922828674,0.6395044922828674,1,1,0.6395044922828674,0.13950449228286743,3,3,2,0.7985948477751756,2.791569086651054,nested_oof,0.5
145-9,145,9,2,0,0,0.6395044922828674,0.6395044922828674,1,1,0.6395044922828674,0.13950449228286743,4,2,4,0.819672131147541,4.285714285714286,nested_oof,0.5
145-10,145,10,2,1,1,0.36049550771713257,0.6395044922828674,1,0,0.36049550771713257,0.13950449228286743,4,3,4,0.775175644028103,3.4988290398126463,nested_oof,0.5
145-11,145,11,2,0,0,0.6395044922828674,0.6395044922828674,1,1,0.6395044922828674,0.13950449228286743,3,3,4,0.7892271662763466,3.782201405152225,nested_oof,0.5
145-12,145,12,2,0,0,0.6395044922828674,0.6395044922828674,1,1,0.6395044922828674,0.13950449228286743,4,1,4,0.8290398126463701,3.6721311475409837,nested_oof,0.5
146-0,146,0,5,0,0,0.7506529092788696,0.7506529092788696,1,1,0.7506529092788696,0.25065290927886963,5,2,4,0.810304449648712,4.3629976580796255,nested_oof,0.5
146-1,146,1,5,0,0,0.7506529092788696,0.7506529092788696,1,1,0.7506529092788696,0.25065290927886963,4,3,4,0.8126463700234192,4.02576112412178,nested_oof,0.5
146-2,146,2,5,0,0,0.7506529092788696,0.7506529092788696,1,1,0.7506529092788696,0.25065290927886963,4,3,4,0.7939110070257611,3.8454332552693207,nested_oof,0.5
146-3,146,3,5,0,0,0.7506529092788696,0.7506529092788696,1,1,0.7506529092788696,0.25065290927886963,5,2,4,0.8149882903981265,3.9555035128805622,nested_oof,0.5
146-4,146,4,5,0,0,0.7506529092788696,0.7506529092788696,1,1,0.7506529092788696,0.25065290927886963,5,2,3,0.8618266978922717,4.583138173302108,nested_oof,0.5
146-5,146,5,5,0,0,0.7506529092788696,0.7506529092788696,1,1,0.7506529092788696,0.25065290927886963,4,2,3,0.7868852459016393,3.962529274004684,nested_oof,0.5
146-6,146,6,5,1,1,0.24934709072113037,0.7506529092788696,1,0,0.24934709072113037,0.25065290927886963,4,3,2,0.7915690866510539,3.7353629976580796,nested_oof,0.5
146-7,146,7,5,0,0,0.7506529092788696,0.7506529092788696,1,1,0.7506529092788696,0.25065290927886963,4,2,2,0.8407494145199064,3.540983606557377,nested_oof,0.5
146-8,146,8,5,0,0,0.7506529092788696,0.7506529092788696,1,1,0.7506529092788696,0.25065290927886963,3,3,2,0.7985948477751756,2.791569086651054,nested_oof,0.5
146-9,146,9,5,0,0,0.7506529092788696,0.7506529092788696,1,1,0.7506529092788696,0.25065290927886963,4,3,4,0.819672131147541,4.285714285714286,nested_oof,0.5
146-10,146,10,5,0,0,0.7506529092788696,0.7506529092788696,1,1,0.7506529092788696,0.25065290927886963,3,3,4,0.775175644028103,3.4988290398126463,nested_oof,0.5
146-11,146,11,5,0,0,0.7506529092788696,0.7506529092788696,1,1,0.7506529092788696,0.25065290927886963,3,3,4,0.7892271662763466,3.782201405152225,nested_oof,0.5
146-12,146,12,5,0,0,0.7506529092788696,0.7506529092788696,1,1,0.7506529092788696,0.25065290927886963,4,2,4,0.8290398126463701,3.6721311475409837,nested_oof,0.5
147-0,147,0,1,0,1,0.9398340582847596,0.9398340582847596,1,1,0.9398340582847596,0.43983405828475963,5,2,4,0.810304449648712,4.3629976580796255,nested_oof,0.5
147-1,147,1,1,1,0,0.06016594171524037,0.9398340582847596,1,0,0.06016594171524037,0.43983405828475963,4,3,4,0.8126463700234192,4.02576112412178,nested_oof,0.5
147-2,147,2,1,1,0,0.06016594171524037,0.9398340582847596,1,0,0.06016594171524037,0.43983405828475963,2,3,4,0.7939110070257611,3.8454332552693207,nested_oof,0.5
147-3,147,3,1,1,0,0.06016594171524037,0.9398340582847596,1,0,0.06016594171524037,0.43983405828475963,4,4,4,0.8149882903981265,3.9555035128805622,nested_oof,0.5
147-4,147,4,1,1,0,0.06016594171524037,0.9398340582847596,1,0,0.06016594171524037,0.43983405828475963,5,4,3,0.8618266978922717,4.583138173302108,nested_oof,0.5
147-5,147,5,1,1,0,0.06016594171524037,0.9398340582847596,1,0,0.06016594171524037,0.43983405828475963,4,4,3,0.7868852459016393,3.962529274004684,nested_oof,0.5
147-6,147,6,1,0,1,0.9398340582847596,0.9398340582847596,1,1,0.9398340582847596,0.43983405828475963,3,4,2,0.7915690866510539,3.7353629976580796,nested_oof,0.5
147-7,147,7,1,1,0,0.06016594171524037,0.9398340582847596,1,0,0.06016594171524037,0.43983405828475963,4,4,2,0.8407494145199064,3.540983606557377,nested_oof,0.5
147-8,147,8,1,1,0,0.06016594171524037,0.9398340582847596,1,0,0.06016594171524037,0.43983405828475963,3,3,2,0.7985948477751756,2.791569086651054,nested_oof,0.5
147-9,147,9,1,1,0,0.06016594171524037,0.9398340582847596,1,0,0.06016594171524037,0.43983405828475963,4,4,4,0.819672131147541,4.285714285714286,nested_oof,0.5
147-10,147,10,1,1,0,0.06016594171524037,0.9398340582847596,1,0,0.06016594171524037,0.43983405828475963,2,4,4,0.775175644028103,3.4988290398126463,nested_oof,0.5
147-11,147,11,1,1,0,0.06016594171524037,0.9398340582847596,1,0,0.06016594171524037,0.43983405828475963,3,4,4,0.7892271662763466,3.782201405152225,nested_oof,0.5
147-12,147,12,1,0,1,0.9398340582847596,0.9398340582847596,1,1,0.9398340582847596,0.43983405828475963,3,3,4,0.8290398126463701,3.6721311475409837,nested_oof,0.5
148-0,148,0,2,1,0,0.9443276338279248,0.0556723661720752,0,1,0.9443276338279248,0.4443276338279248,5,2,4,0.810304449648712,4.3629976580796255,nested_oof,0.5
148-1,148,1,2,1,0,0.9443276338279248,0.0556723661720752,0,1,0.9443276338279248,0.4443276338279248,4,3,4,0.8126463700234192,4.02576112412178,nested_oof,0.5
148-2,148,2,2,1,0,0.9443276338279248,0.0556723661720752,0,1,0.9443276338279248,0.4443276338279248,5,2,4,0.7939110070257611,3.8454332552693207,nested_oof,0.5
148-3,148,3,2,1,0,0.9443276338279248,0.0556723661720752,0,1,0.9443276338279248,0.4443276338279248,5,2,4,0.8149882903981265,3.9555035128805622,nested_oof,0.5
148-4,148,4,2,0,1,0.0556723661720752,0.0556723661720752,0,0,0.0556723661720752,0.4443276338279248,4,4,3,0.8618266978922717,4.583138173302108,nested_oof,0.5
148-5,148,5,2,1,0,0.9443276338279248,0.0556723661720752,0,1,0.9443276338279248,0.4443276338279248,5,2,3,0.7868852459016393,3.962529274004684,nested_oof,0.5
148-6,148,6,2,1,0,0.9443276338279248,0.0556723661720752,0,1,0.9443276338279248,0.4443276338279248,4,2,2,0.7915690866510539,3.7353629976580796,nested_oof,0.5
148-7,148,7,2,1,0,0.9443276338279248,0.0556723661720752,0,1,0.9443276338279248,0.4443276338279248,5,2,2,0.8407494145199064,3.540983606557377,nested_oof,0.5
148-8,148,8,2,1,0,0.9443276338279248,0.0556723661720752,0,1,0.9443276338279248,0.4443276338279248,3,3,2,0.7985948477751756,2.791569086651054,nested_oof,0.5
148-9,148,9,2,1,0,0.9443276338279248,0.0556723661720752,0,1,0.9443276338279248,0.4443276338279248,5,2,4,0.819672131147541,4.285714285714286,nested_oof,0.5
148-10,148,10,2,1,0,0.9443276338279248,0.0556723661720752,0,1,0.9443276338279248,0.4443276338279248,4,2,4,0.775175644028103,3.4988290398126463,nested_oof,0.5
148-11,148,11,2,1,0,0.9443276338279248,0.0556723661720752,0,1,0.9443276338279248,0.4443276338279248,3,3,4,0.7892271662763466,3.782201405152225,nested_oof,0.5
148-12,148,12,2,1,0,0.9443276338279248,0.0556723661720752,0,1,0.9443276338279248,0.4443276338279248,4,2,4,0.8290398126463701,3.6721311475409837,nested_oof,0.5
149-0,149,0,1,0,0,0.8819863200187683,0.8819863200187683,1,1,0.8819863200187683,0.3819863200187683,5,2,4,0.810304449648712,4.3629976580796255,nested_oof,0.5
149-1,149,1,1,1,1,0.11801367998123169,0.8819863200187683,1,0,0.11801367998123169,0.3819863200187683,4,3,4,0.8126463700234192,4.02576112412178,nested_oof,0.5
149-2,149,2,1,1,1,0.11801367998123169,0.8819863200187683,1,0,0.11801367998123169,0.3819863200187683,3,4,4,0.7939110070257611,3.8454332552693207,nested_oof,0.5
149-3,149,3,1,1,1,0.11801367998123169,0.8819863200187683,1,0,0.11801367998123169,0.3819863200187683,4,4,4,0.8149882903981265,3.9555035128805622,nested_oof,0.5
149-4,149,4,1,1,1,0.11801367998123169,0.8819863200187683,1,0,0.11801367998123169,0.3819863200187683,4,3,3,0.8618266978922717,4.583138173302108,nested_oof,0.5
149-5,149,5,1,1,1,0.11801367998123169,0.8819863200187683,1,0,0.11801367998123169,0.3819863200187683,4,3,3,0.7868852459016393,3.962529274004684,nested_oof,0.5
149-6,149,6,1,1,1,0.11801367998123169,0.8819863200187683,1,0,0.11801367998123169,0.3819863200187683,3,3,2,0.7915690866510539,3.7353629976580796,nested_oof,0.5
149-7,149,7,1,1,1,0.11801367998123169,0.8819863200187683,1,0,0.11801367998123169,0.3819863200187683,4,4,2,0.8407494145199064,3.540983606557377,nested_oof,0.5
149-8,149,8,1,1,1,0.11801367998123169,0.8819863200187683,1,0,0.11801367998123169,0.3819863200187683,2,3,2,0.7985948477751756,2.791569086651054,nested_oof,0.5
149-9,149,9,1,1,1,0.11801367998123169,0.8819863200187683,1,0,0.11801367998123169,0.3819863200187683,4,3,4,0.819672131147541,4.285714285714286,nested_oof,0.5
149-10,149,10,1,0,0,0.8819863200187683,0.8819863200187683,1,1,0.8819863200187683,0.3819863200187683,3,3,4,0.775175644028103,3.4988290398126463,nested_oof,0.5
149-11,149,11,1,0,0,0.8819863200187683,0.8819863200187683,1,1,0.8819863200187683,0.3819863200187683,3,3,4,0.7892271662763466,3.782201405152225,nested_oof,0.5
149-12,149,12,1,1,1,0.11801367998123169,0.8819863200187683,1,0,0.11801367998123169,0.3819863200187683,3,3,4,0.8290398126463701,3.6721311475409837,nested_oof,0.5
150-0,150,0,4,0,0,0.0131512703374028,0.0131512703374028,0,0,0.0131512703374028,0.4868487296625972,5,2,4,0.810304449648712,4.3629976580796255,nested_oof,0.5
150-1,150,1,4,0,0,0.0131512703374028,0.0131512703374028,0,0,0.0131512703374028,0.4868487296625972,4,3,4,0.8126463700234192,4.02576112412178,nested_oof,0.5
150-2,150,2,4,0,0,0.0131512703374028,0.0131512703374028,0,0,0.0131512703374028,0.4868487296625972,4,2,4,0.7939110070257611,3.8454332552693207,nested_oof,0.5
150-3,150,3,4,0,0,0.0131512703374028,0.0131512703374028,0,0,0.0131512703374028,0.4868487296625972,5,3,4,0.8149882903981265,3.9555035128805622,nested_oof,0.5
150-4,150,4,4,0,0,0.0131512703374028,0.0131512703374028,0,0,0.0131512703374028,0.4868487296625972,5,1,3,0.8618266978922717,4.583138173302108,nested_oof,0.5
150-5,150,5,4,0,0,0.0131512703374028,0.0131512703374028,0,0,0.0131512703374028,0.4868487296625972,4,2,3,0.7868852459016393,3.962529274004684,nested_oof,0.5
150-6,150,6,4,0,0,0.0131512703374028,0.0131512703374028,0,0,0.0131512703374028,0.4868487296625972,4,2,2,0.7915690866510539,3.7353629976580796,nested_oof,0.5
150-7,150,7,4,0,0,0.0131512703374028,0.0131512703374028,0,0,0.0131512703374028,0.4868487296625972,4,2,2,0.8407494145199064,3.540983606557377,nested_oof,0.5
150-8,150,8,4,0,0,0.0131512703374028,0.0131512703374028,0,0,0.0131512703374028,0.4868487296625972,3,3,2,0.7985948477751756,2.791569086651054,nested_oof,0.5
150-9,150,9,4,0,0,0.0131512703374028,0.0131512703374028,0,0,0.0131512703374028,0.4868487296625972,5,2,4,0.819672131147541,4.285714285714286,nested_oof,0.5
150-10,150,10,4,0,0,0.0131512703374028,0.0131512703374028,0,0,0.0131512703374028,0.4868487296625972,3,3,4,0.775175644028103,3.4988290398126463,nested_oof,0.5
150-11,150,11,4,0,0,0.0131512703374028,0.0131512703374028,0,0,0.0131512703374028,0.4868487296625972,3,3,4,0.7892271662763466,3.782201405152225,nested_oof,0.5
150-12,150,12,4,0,0,0.0131512703374028,0.0131512703374028,0,0,0.0131512703374028,0.4868487296625972,4,3,4,0.8290398126463701,3.6721311475409837,nested_oof,0.5
151-0,151,0,2,0,1,0.8556091785430908,0.8556091785430908,1,1,0.8556091785430908,0.3556091785430908,4,2,4,0.810304449648712,4.3629976580796255,nested_oof,0.5
151-1,151,1,2,0,1,0.8556091785430908,0.8556091785430908,1,1,0.8556091785430908,0.3556091785430908,4,3,4,0.8126463700234192,4.02576112412178,nested_oof,0.5
151-2,151,2,2,0,1,0.8556091785430908,0.8556091785430908,1,1,0.8556091785430908,0.3556091785430908,3,3,4,0.7939110070257611,3.8454332552693207,nested_oof,0.5
151-3,151,3,2,1,0,0.14439082145690918,0.8556091785430908,1,0,0.14439082145690918,0.3556091785430908,3,4,4,0.8149882903981265,3.9555035128805622,nested_oof,0.5
151-4,151,4,2,1,0,0.14439082145690918,0.8556091785430908,1,0,0.14439082145690918,0.3556091785430908,4,4,3,0.8618266978922717,4.583138173302108,nested_oof,0.5
151-5,151,5,2,1,0,0.14439082145690918,0.8556091785430908,1,0,0.14439082145690918,0.3556091785430908,3,4,3,0.7868852459016393,3.962529274004684,nested_oof,0.5
151-6,151,6,2,1,0,0.14439082145690918,0.8556091785430908,1,0,0.14439082145690918,0.3556091785430908,3,4,2,0.7915690866510539,3.7353629976580796,nested_oof,0.5
151-7,151,7,2,1,0,0.14439082145690918,0.8556091785430908,1,0,0.14439082145690918,0.3556091785430908,3,4,2,0.8407494145199064,3.540983606557377,nested_oof,0.5
151-8,151,8,2,1,0,0.14439082145690918,0.8556091785430908,1,0,0.14439082145690918,0.3556091785430908,3,3,2,0.7985948477751756,2.791569086651054,nested_oof,0.5
151-9,151,9,2,0,1,0.8556091785430908,0.8556091785430908,1,1,0.8556091785430908,0.3556091785430908,3,4,4,0.819672131147541,4.285714285714286,nested_oof,0.5
151-10,151,10,2,0,1,0.8556091785430908,0.8556091785430908,1,1,0.8556091785430908,0.3556091785430908,3,4,4,0.775175644028103,3.4988290398126463,nested_oof,0.5
151-11,151,11,2,1,0,0.14439082145690918,0.8556091785430908,1,0,0.14439082145690918,0.3556091785430908,2,4,4,0.7892271662763466,3.782201405152225,nested_oof,0.5
151-12,151,12,2,1,0,0.14439082145690918,0.8556091785430908,1,0,0.14439082145690918,0.3556091785430908,2,4,4,0.8290398126463701,3.6721311475409837,nested_oof,0.5
152-0,152,0,4,0,0,0.7951793670654297,0.7951793670654297,1,1,0.7951793670654297,0.2951793670654297,5,2,4,0.810304449648712,4.3629976580796255,nested_oof,0.5
152-1,152,1,4,0,0,0.7951793670654297,0.7951793670654297,1,1,0.7951793670654297,0.2951793670654297,4,3,4,0.8126463700234192,4.02576112412178,nested_oof,0.5
152-2,152,2,4,0,0,0.7951793670654297,0.7951793670654297,1,1,0.7951793670654297,0.2951793670654297,4,3,4,0.7939110070257611,3.8454332552693207,nested_oof,0.5
152-3,152,3,4,0,0,0.7951793670654297,0.7951793670654297,1,1,0.7951793670654297,0.2951793670654297,5,1,4,0.8149882903981265,3.9555035128805622,nested_oof,0.5
152-4,152,4,4,0,0,0.7951793670654297,0.7951793670654297,1,1,0.7951793670654297,0.2951793670654297,5,2,3,0.8618266978922717,4.583138173302108,nested_oof,0.5
152-5,152,5,4,0,0,0.7951793670654297,0.7951793670654297,1,1,0.7951793670654297,0.2951793670654297,4,2,3,0.7868852459016393,3.962529274004684,nested_oof,0.5
152-6,152,6,4,0,0,0.7951793670654297,0.7951793670654297,1,1,0.7951793670654297,0.2951793670654297,4,2,2,0.7915690866510539,3.7353629976580796,nested_oof,0.5
152-7,152,7,4,0,0,0.7951793670654297,0.7951793670654297,1,1,0.7951793670654297,0.2951793670654297,5,2,2,0.8407494145199064,3.540983606557377,nested_oof,0.5
152-8,152,8,4,0,0,0.7951793670654297,0.7951793670654297,1,1,0.7951793670654297,0.2951793670654297,3,3,2,0.7985948477751756,2.791569086651054,nested_oof,0.5
152-9,152,9,4,0,0,0.7951793670654297,0.7951793670654297,1,1,0.7951793670654297,0.2951793670654297,4,3,4,0.819672131147541,4.285714285714286,nested_oof,0.5
152-10,152,10,4,0,0,0.7951793670654297,0.7951793670654297,1,1,0.7951793670654297,0.2951793670654297,4,1,4,0.775175644028103,3.4988290398126463,nested_oof,0.5
152-11,152,11,4,0,0,0.7951793670654297,0.7951793670654297,1,1,0.7951793670654297,0.2951793670654297,3,3,4,0.7892271662763466,3.782201405152225,nested_oof,0.5
152-12,152,12,4,0,0,0.7951793670654297,0.7951793670654297,1,1,0.7951793670654297,0.2951793670654297,4,2,4,0.8290398126463701,3.6721311475409837,nested_oof,0.5
153-0,153,0,4,0,0,0.0888560563325882,0.0888560563325882,0,0,0.0888560563325882,0.4111439436674118,5,2,4,0.810304449648712,4.3629976580796255,nested_oof,0.5
153-1,153,1,4,0,0,0.0888560563325882,0.0888560563325882,0,0,0.0888560563325882,0.4111439436674118,4,3,4,0.8126463700234192,4.02576112412178,nested_oof,0.5
153-2,153,2,4,0,0,0.0888560563325882,0.0888560563325882,0,0,0.0888560563325882,0.4111439436674118,4,2,4,0.7939110070257611,3.8454332552693207,nested_oof,0.5
153-3,153,3,4,0,0,0.0888560563325882,0.0888560563325882,0,0,0.0888560563325882,0.4111439436674118,5,2,4,0.8149882903981265,3.9555035128805622,nested_oof,0.5
153-4,153,4,4,0,0,0.0888560563325882,0.0888560563325882,0,0,0.0888560563325882,0.4111439436674118,5,2,3,0.8618266978922717,4.583138173302108,nested_oof,0.5
153-5,153,5,4,0,0,0.0888560563325882,0.0888560563325882,0,0,0.0888560563325882,0.4111439436674118,4,3,3,0.7868852459016393,3.962529274004684,nested_oof,0.5
153-6,153,6,4,0,0,0.0888560563325882,0.0888560563325882,0,0,0.0888560563325882,0.4111439436674118,4,3,2,0.7915690866510539,3.7353629976580796,nested_oof,0.5
153-7,153,7,4,0,0,0.0888560563325882,0.0888560563325882,0,0,0.0888560563325882,0.4111439436674118,5,1,2,0.8407494145199064,3.540983606557377,nested_oof,0.5
153-8,153,8,4,0,0,0.0888560563325882,0.0888560563325882,0,0,0.0888560563325882,0.4111439436674118,3,3,2,0.7985948477751756,2.791569086651054,nested_oof,0.5
153-9,153,9,4,0,0,0.0888560563325882,0.0888560563325882,0,0,0.0888560563325882,0.4111439436674118,4,2,4,0.819672131147541,4.285714285714286,nested_oof,0.5
153-10,153,10,4,0,0,0.0888560563325882,0.0888560563325882,0,0,0.0888560563325882,0.4111439436674118,4,2,4,0.775175644028103,3.4988290398126463,nested_oof,0.5
153-11,153,11,4,0,0,0.0888560563325882,0.0888560563325882,0,0,0.0888560563325882,0.4111439436674118,3,3,4,0.7892271662763466,3.782201405152225,nested_oof,0.5
153-12,153,12,4,0,0,0.0888560563325882,0.0888560563325882,0,0,0.0888560563325882,0.4111439436674118,4,2,4,0.8290398126463701,3.6721311475409837,nested_oof,0.5
154-0,154,0,1,1,0,0.07943964004516602,0.920560359954834,1,0,0.07943964004516602,0.420560359954834,4,4,4,0.810304449648712,4.3629976580796255,nested_oof,0.5
154-1,154,1,1,0,1,0.920560359954834,0.920560359954834,1,1,0.920560359954834,0.420560359954834,4,3,4,0.8126463700234192,4.02576112412178,nested_oof,0.5
154-2,154,2,1,0,1,0.920560359954834,0.920560359954834,1,1,0.920560359954834,0.420560359954834,4,2,4,0.7939110070257611,3.8454332552693207,nested_oof,0.5
154-3,154,3,1,1,0,0.07943964004516602,0.920560359954834,1,0,0.07943964004516602,0.420560359954834,5,4,4,0.8149882903981265,3.9555035128805622,nested_oof,0.5
154-4,154,4,1,0,1,0.920560359954834,0.920560359954834,1,1,0.920560359954834,0.420560359954834,4,4,3,0.8618266978922717,4.583138173302108,nested_oof,0.5
154-5,154,5,1,0,1,0.920560359954834,0.920560359954834,1,1,0.920560359954834,0.420560359954834,4,3,3,0.7868852459016393,3.962529274004684,nested_oof,0.5
154-6,154,6,1,0,1,0.920560359954834,0.920560359954834,1,1,0.920560359954834,0.420560359954834,4,2,2,0.7915690866510539,3.7353629976580796,nested_oof,0.5
154-7,154,7,1,1,0,0.07943964004516602,0.920560359954834,1,0,0.07943964004516602,0.420560359954834,5,4,2,0.8407494145199064,3.540983606557377,nested_oof,0.5
154-8,154,8,1,0,1,0.920560359954834,0.920560359954834,1,1,0.920560359954834,0.420560359954834,2,3,2,0.7985948477751756,2.791569086651054,nested_oof,0.5
154-9,154,9,1,0,1,0.920560359954834,0.920560359954834,1,1,0.920560359954834,0.420560359954834,5,3,4,0.819672131147541,4.285714285714286,nested_oof,0.5
154-10,154,10,1,0,1,0.920560359954834,0.920560359954834,1,1,0.920560359954834,0.420560359954834,4,3,4,0.775175644028103,3.4988290398126463,nested_oof,0.5
154-11,154,11,1,0,1,0.920560359954834,0.920560359954834,1,1,0.920560359954834,0.420560359954834,3,3,4,0.7892271662763466,3.782201405152225,nested_oof,0.5
154-12,154,12,1,0,1,0.920560359954834,0.920560359954834,1,1,0.920560359954834,0.420560359954834,3,3,4,0.8290398126463701,3.6721311475409837,nested_oof,0.5
155-0,155,0,5,1,0,0.9795354083180428,0.0204645916819572,0,1,0.9795354083180428,0.4795354083180428,5,2,4,0.810304449648712,4.3629976580796255,nested_oof,0.5
155-1,155,1,5,0,1,0.0204645916819572,0.0204645916819572,0,0,0.0204645916819572,0.4795354083180428,4,3,4,0.8126463700234192,4.02576112412178,nested_oof,0.5
155-2,155,2,5,1,0,0.9795354083180428,0.0204645916819572,0,1,0.9795354083180428,0.4795354083180428,4,3,4,0.7939110070257611,3.8454332552693207,nested_oof,0.5
155-3,155,3,5,1,0,0.9795354083180428,0.0204645916819572,0,1,0.9795354083180428,0.4795354083180428,5,2,4,0.8149882903981265,3.9555035128805622,nested_oof,0.5
155-4,155,4,5,1,0,0.9795354083180428,0.0204645916819572,0,1,0.9795354083180428,0.4795354083180428,4,3,3,0.8618266978922717,4.583138173302108,nested_oof,0.5
155-5,155,5,5,1,0,0.9795354083180428,0.0204645916819572,0,1,0.9795354083180428,0.4795354083180428,4,3,3,0.7868852459016393,3.962529274004684,nested_oof,0.5
155-6,155,6,5,1,0,0.9795354083180428,0.0204645916819572,0,1,0.9795354083180428,0.4795354083180428,4,3,2,0.7915690866510539,3.7353629976580796,nested_oof,0.5
155-7,155,7,5,1,0,0.9795354083180428,0.0204645916819572,0,1,0.9795354083180428,0.4795354083180428,4,4,2,0.8407494145199064,3.540983606557377,nested_oof,0.5
155-8,155,8,5,1,0,0.9795354083180428,0.0204645916819572,0,1,0.9795354083180428,0.4795354083180428,3,3,2,0.7985948477751756,2.791569086651054,nested_oof,0.5
155-9,155,9,5,1,0,0.9795354083180428,0.0204645916819572,0,1,0.9795354083180428,0.4795354083180428,4,4,4,0.819672131147541,4.285714285714286,nested_oof,0.5
155-10,155,10,5,1,0,0.9795354083180428,0.0204645916819572,0,1,0.9795354083180428,0.4795354083180428,3,3,4,0.775175644028103,3.4988290398126463,nested_oof,0.5
155-11,155,11,5,1,0,0.9795354083180428,0.0204645916819572,0,1,0.9795354083180428,0.4795354083180428,3,3,4,0.7892271662763466,3.782201405152225,nested_oof,0.5
155-12,155,12,5,1,0,0.9795354083180428,0.0204645916819572,0,1,0.9795354083180428,0.4795354083180428,4,3,4,0.8290398126463701,3.6721311475409837,nested_oof,0.5
156-0,156,0,2,0,1,0.0522894524037838,0.0522894524037838,0,0,0.0522894524037838,0.4477105475962162,5,2,4,0.810304449648712,4.3629976580796255,nested_oof,0.5
156-1,156,1,2,0,1,0.0522894524037838,0.0522894524037838,0,0,0.0522894524037838,0.4477105475962162,4,3,4,0.8126463700234192,4.02576112412178,nested_oof,0.5
156-2,156,2,2,0,1,0.0522894524037838,0.0522894524037838,0,0,0.0522894524037838,0.4477105475962162,4,2,4,0.7939110070257611,3.8454332552693207,nested_oof,0.5
156-3,156,3,2,0,1,0.0522894524037838,0.0522894524037838,0,0,0.0522894524037838,0.4477105475962162,4,3,4,0.8149882903981265,3.9555035128805622,nested_oof,0.5
156-4,156,4,2,0,1,0.0522894524037838,0.0522894524037838,0,0,0.0522894524037838,0.4477105475962162,5,2,3,0.8618266978922717,4.583138173302108,nested_oof,0.5
156-5,156,5,2,0,1,0.0522894524037838,0.0522894524037838,0,0,0.0522894524037838,0.4477105475962162,4,2,3,0.7868852459016393,3.962529274004684,nested_oof,0.5
156-6,156,6,2,0,1,0.0522894524037838,0.0522894524037838,0,0,0.0522894524037838,0.4477105475962162,4,3,2,0.7915690866510539,3.7353629976580796,nested_oof,0.5
156-7,156,7,2,0,1,0.0522894524037838,0.0522894524037838,0,0,0.0522894524037838,0.4477105475962162,4,2,2,0.8407494145199064,3.540983606557377,nested_oof,0.5
156-8,156,8,2,0,1,0.0522894524037838,0.0522894524037838,0,0,0.0522894524037838,0.4477105475962162,2,3,2,0.7985948477751756,2.791569086651054,nested_oof,0.5
156-9,156,9,2,0,1,0.0522894524037838,0.0522894524037838,0,0,0.0522894524037838,0.4477105475962162,4,3,4,0.819672131147541,4.285714285714286,nested_oof,0.5
156-10,156,10,2,0,1,0.0522894524037838,0.0522894524037838,0,0,0.0522894524037838,0.4477105475962162,3,3,4,0.775175644028103,3.4988290398126463,nested_oof,0.5
156-11,156,11,2,0,1,0.0522894524037838,0.0522894524037838,0,0,0.0522894524037838,0.4477105475962162,3,3,4,0.7892271662763466,3.782201405152225,nested_oof,0.5
156-12,156,12,2,1,0,0.9477105475962162,0.0522894524037838,0,1,0.9477105475962162,0.4477105475962162,3,3,4,0.8290398126463701,3.6721311475409837,nested_oof,0.5
157-0,157,0,1,1,0,0.05900353193283081,0.9409964680671692,1,0,0.05900353193283081,0.4409964680671692,5,2,4,0.810304449648712,4.3629976580796255,nested_oof,0.5
157-1,157,1,1,1,0,0.05900353193283081,0.9409964680671692,1,0,0.05900353193283081,0.4409964680671692,4,3,4,0.8126463700234192,4.02576112412178,nested_oof,0.5
157-2,157,2,1,1,0,0.05900353193283081,0.9409964680671692,1,0,0.05900353193283081,0.4409964680671692,3,3,4,0.7939110070257611,3.8454332552693207,nested_oof,0.5
157-3,157,3,1,1,0,0.05900353193283081,0.9409964680671692,1,0,0.05900353193283081,0.4409964680671692,5,3,4,0.8149882903981265,3.9555035128805622,nested_oof,0.5
157-4,157,4,1,1,0,0.05900353193283081,0.9409964680671692,1,0,0.05900353193283081,0.4409964680671692,4,4,3,0.8618266978922717,4.583138173302108,nested_oof,0.5
157-5,157,5,1,1,0,0.05900353193283081,0.9409964680671692,1,0,0.05900353193283081,0.4409964680671692,5,2,3,0.7868852459016393,3.962529274004684,nested_oof,0.5
157-6,157,6,1,0,1,0.9409964680671692,0.9409964680671692,1,1,0.9409964680671692,0.4409964680671692,4,2,2,0.7915690866510539,3.7353629976580796,nested_oof,0.5
157-7,157,7,1,1,0,0.05900353193283081,0.9409964680671692,1,0,0.05900353193283081,0.4409964680671692,4,4,2,0.8407494145199064,3.540983606557377,nested_oof,0.5
157-8,157,8,1,1,0,0.05900353193283081,0.9409964680671692,1,0,0.05900353193283081,0.4409964680671692,3,3,2,0.7985948477751756,2.791569086651054,nested_oof,0.5
157-9,157,9,1,1,0,0.05900353193283081,0.9409964680671692,1,0,0.05900353193283081,0.4409964680671692,4,3,4,0.819672131147541,4.285714285714286,nested_oof,0.5
157-10,157,10,1,1,0,0.05900353193283081,0.9409964680671692,1,0,0.05900353193283081,0.4409964680671692,4,3,4,0.775175644028103,3.4988290398126463,nested_oof,0.5
157-11,157,11,1,1,0,0.05900353193283081,0.9409964680671692,1,0,0.05900353193283081,0.4409964680671692,3,3,4,0.7892271662763466,3.782201405152225,nested_oof,0.5
157-12,157,12,1,1,0,0.05900353193283081,0.9409964680671692,1,0,0.05900353193283081,0.4409964680671692,4,3,4,0.8290398126463701,3.6721311475409837,nested_oof,0.5
158-0,158,0,5,0,1,0.025050925090909,0.025050925090909,0,0,0.025050925090909,0.474949074909091,5,2,4,0.810304449648712,4.3629976580796255,nested_oof,0.5
158-1,158,1,5,0,1,0.025050925090909,0.025050925090909,0,0,0.025050925090909,0.474949074909091,4,3,4,0.8126463700234192,4.02576112412178,nested_oof,0.5
158-2,158,2,5,0,1,0.025050925090909,0.025050925090909,0,0,0.025050925090909,0.474949074909091,4,2,4,0.7939110070257611,3.8454332552693207,nested_oof,0.5
158-3,158,3,5,0,1,0.025050925090909,0.025050925090909,0,0,0.025050925090909,0.474949074909091,4,3,4,0.8149882903981265,3.9555035128805622,nested_oof,0.5
158-4,158,4,5,0,1,0.025050925090909,0.025050925090909,0,0,0.025050925090909,0.474949074909091,5,2,3,0.8618266978922717,4.583138173302108,nested_oof,0.5
158-5,158,5,5,1,0,0.974949074909091,0.025050925090909,0,1,0.974949074909091,0.474949074909091,4,3,3,0.7868852459016393,3.962529274004684,nested_oof,0.5
158-6,158,6,5,1,0,0.974949074909091,0.025050925090909,0,1,0.974949074909091,0.474949074909091,4,2,2,0.7915690866510539,3.7353629976580796,nested_oof,0.5
158-7,158,7,5,0,1,0.025050925090909,0.025050925090909,0,0,0.025050925090909,0.474949074909091,4,3,2,0.8407494145199064,3.540983606557377,nested_oof,0.5
158-8,158,8,5,0,1,0.025050925090909,0.025050925090909,0,0,0.025050925090909,0.474949074909091,3,3,2,0.7985948477751756,2.791569086651054,nested_oof,0.5
158-9,158,9,5,0,1,0.025050925090909,0.025050925090909,0,0,0.025050925090909,0.474949074909091,4,3,4,0.819672131147541,4.285714285714286,nested_oof,0.5
158-10,158,10,5,0,1,0.025050925090909,0.025050925090909,0,0,0.025050925090909,0.474949074909091,4,2,4,0.775175644028103,3.4988290398126463,nested_oof,0.5
158-11,158,11,5,0,1,0.025050925090909,0.025050925090909,0,0,0.025050925090909,0.474949074909091,3,3,4,0.7892271662763466,3.782201405152225,nested_oof,0.5
158-12,158,12,5,0,1,0.025050925090909,0.025050925090909,0,0,0.025050925090909,0.474949074909091,4,2,4,0.8290398126463701,3.6721311475409837,nested_oof,0.5
159-0,159,0,4,1,0,0.04791736602783203,0.952082633972168,1,0,0.04791736602783203,0.45208263397216797,5,2,4,0.810304449648712,4.3629976580796255,nested_oof,0.5
159-1,159,1,4,1,0,0.04791736602783203,0.952082633972168,1,0,0.04791736602783203,0.45208263397216797,4,3,4,0.8126463700234192,4.02576112412178,nested_oof,0.5
159-2,159,2,4,1,0,0.04791736602783203,0.952082633972168,1,0,0.04791736602783203,0.45208263397216797,4,3,4,0.7939110070257611,3.8454332552693207,nested_oof,0.5
159-3,159,3,4,1,0,0.04791736602783203,0.952082633972168,1,0,0.04791736602783203,0.45208263397216797,4,3,4,0.8149882903981265,3.9555035128805622,nested_oof,0.5
159-4,159,4,4,1,0,0.04791736602783203,0.952082633972168,1,0,0.04791736602783203,0.45208263397216797,4,4,3,0.8618266978922717,4.583138173302108,nested_oof,0.5
159-5,159,5,4,1,0,0.04791736602783203,0.952082633972168,1,0,0.04791736602783203,0.45208263397216797,4,3,3,0.7868852459016393,3.962529274004684,nested_oof,0.5
159-6,159,6,4,1,0,0.04791736602783203,0.952082633972168,1,0,0.04791736602783203,0.45208263397216797,4,1,2,0.7915690866510539,3.7353629976580796,nested_oof,0.5
159-7,159,7,4,1,0,0.04791736602783203,0.952082633972168,1,0,0.04791736602783203,0.45208263397216797,5,4,2,0.8407494145199064,3.540983606557377,nested_oof,0.5
159-8,159,8,4,1,0,0.04791736602783203,0.952082633972168,1,0,0.04791736602783203,0.45208263397216797,4,3,2,0.7985948477751756,2.791569086651054,nested_oof,0.5
159-9,159,9,4,1,0,0.04791736602783203,0.952082633972168,1,0,0.04791736602783203,0.45208263397216797,5,2,4,0.819672131147541,4.285714285714286,nested_oof,0.5
159-10,159,10,4,1,0,0.04791736602783203,0.952082633972168,1,0,0.04791736602783203,0.45208263397216797,4,3,4,0.775175644028103,3.4988290398126463,nested_oof,0.5
159-11,159,11,4,1,0,0.04791736602783203,0.952082633972168,1,0,0.04791736602783203,0.45208263397216797,3,3,4,0.7892271662763466,3.782201405152225,nested_oof,0.5
159-12,159,12,4,1,0,0.04791736602783203,0.952082633972168,1,0,0.04791736602783203,0.45208263397216797,4,2,4,0.8290398126463701,3.6721311475409837,nested_oof,0.5
160-0,160,0,4,0,0,0.0313317105174064,0.0313317105174064,0,0,0.0313317105174064,0.4686682894825936,5,2,4,0.810304449648712,4.3629976580796255,nested_oof,0.5
160-1,160,1,4,0,0,0.0313317105174064,0.0313317105174064,0,0,0.0313317105174064,0.4686682894825936,4,3,4,0.8126463700234192,4.02576112412178,nested_oof,0.5
160-2,160,2,4,0,0,0.0313317105174064,0.0313317105174064,0,0,0.0313317105174064,0.4686682894825936,4,2,4,0.7939110070257611,3.8454332552693207,nested_oof,0.5
160-3,160,3,4,0,0,0.0313317105174064,0.0313317105174064,0,0,0.0313317105174064,0.4686682894825936,5,2,4,0.8149882903981265,3.9555035128805622,nested_oof,0.5
160-4,160,4,4,0,0,0.0313317105174064,0.0313317105174064,0,0,0.0313317105174064,0.4686682894825936,5,2,3,0.8618266978922717,4.583138173302108,nested_oof,0.5
160-5,160,5,4,0,0,0.0313317105174064,0.0313317105174064,0,0,0.0313317105174064,0.4686682894825936,4,2,3,0.7868852459016393,3.962529274004684,nested_oof,0.5
160-6,160,6,4,0,0,0.0313317105174064,0.0313317105174064,0,0,0.0313317105174064,0.4686682894825936,4,2,2,0.7915690866510539,3.7353629976580796,nested_oof,0.5
160-7,160,7,4,0,0,0.0313317105174064,0.0313317105174064,0,0,0.0313317105174064,0.4686682894825936,4,3,2,0.8407494145199064,3.540983606557377,nested_oof,0.5
160-8,160,8,4,0,0,0.0313317105174064,0.0313317105174064,0,0,0.0313317105174064,0.4686682894825936,3,3,2,0.7985948477751756,2.791569086651054,nested_oof,0.5
160-9,160,9,4,0,0,0.0313317105174064,0.0313317105174064,0,0,0.0313317105174064,0.4686682894825936,4,2,4,0.819672131147541,4.285714285714286,nested_oof,0.5
160-10,160,10,4,0,0,0.0313317105174064,0.0313317105174064,0,0,0.0313317105174064,0.4686682894825936,4,3,4,0.775175644028103,3.4988290398126463,nested_oof,0.5
160-11,160,11,4,0,0,0.0313317105174064,0.0313317105174064,0,0,0.0313317105174064,0.4686682894825936,3,3,4,0.7892271662763466,3.782201405152225,nested_oof,0.5
160-12,160,12,4,0,0,0.0313317105174064,0.0313317105174064,0,0,0.0313317105174064,0.4686682894825936,4,2,4,0.8290398126463701,3.6721311475409837,nested_oof,0.5
161-0,161,0,2,0,0,0.0652729719877243,0.0652729719877243,0,0,0.0652729719877243,0.4347270280122757,4,3,4,0.810304449648712,4.3629976580796255,nested_oof,0.5
161-1,161,1,2,0,0,0.0652729719877243,0.0652729719877243,0,0,0.0652729719877243,0.4347270280122757,4,3,4,0.8126463700234192,4.02576112412178,nested_oof,0.5
161-2,161,2,2,0,0,0.0652729719877243,0.0652729719877243,0,0,0.0652729719877243,0.4347270280122757,4,2,4,0.7939110070257611,3.8454332552693207,nested_oof,0.5
161-3,161,3,2,0,0,0.0652729719877243,0.0652729719877243,0,0,0.0652729719877243,0.4347270280122757,4,3,4,0.8149882903981265,3.9555035128805622,nested_oof,0.5
161-4,161,4,2,0,0,0.0652729719877243,0.0652729719877243,0,0,0.0652729719877243,0.4347270280122757,5,2,3,0.8618266978922717,4.583138173302108,nested_oof,0.5
161-5,161,5,2,0,0,0.0652729719877243,0.0652729719877243,0,0,0.0652729719877243,0.4347270280122757,3,3,3,0.7868852459016393,3.962529274004684,nested_oof,0.5
161-6,161,6,2,0,0,0.0652729719877243,0.0652729719877243,0,0,0.0652729719877243,0.4347270280122757,4,3,2,0.7915690866510539,3.7353629976580796,nested_oof,0.5
161-7,161,7,2,0,0,0.0652729719877243,0.0652729719877243,0,0,0.0652729719877243,0.4347270280122757,5,2,2,0.8407494145199064,3.540983606557377,nested_oof,0.5
161-8,161,8,2,1,1,0.9347270280122757,0.0652729719877243,0,1,0.9347270280122757,0.4347270280122757,2,3,2,0.7985948477751756,2.791569086651054,nested_oof,0.5
161-9,161,9,2,0,0,0.0652729719877243,0.0652729719877243,0,0,0.0652729719877243,0.4347270280122757,5,2,4,0.819672131147541,4.285714285714286,nested_oof,0.5
161-10,161,10,2,0,0,0.0652729719877243,0.0652729719877243,0,0,0.0652729719877243,0.4347270280122757,3,2,4,0.775175644028103,3.4988290398126463,nested_oof,0.5
161-11,161,11,2,0,0,0.0652729719877243,0.0652729719877243,0,0,0.0652729719877243,0.4347270280122757,3,3,4,0.7892271662763466,3.782201405152225,nested_oof,0.5
161-12,161,12,2,0,0,0.0652729719877243,0.0652729719877243,0,0,0.0652729719877243,0.4347270280122757,4,3,4,0.8290398126463701,3.6721311475409837,nested_oof,0.5
162-0,162,0,2,1,0,0.09925359487533558,0.9007464051246644,1,0,0.09925359487533558,0.4007464051246644,5,2,4,0.810304449648712,4.3629976580796255,nested_oof,0.5
162-1,162,1,2,1,0,0.09925359487533558,0.9007464051246644,1,0,0.09925359487533558,0.4007464051246644,4,3,4,0.8126463700234192,4.02576112412178,nested_oof,0.5
162-2,162,2,2,1,0,0.09925359487533558,0.9007464051246644,1,0,0.09925359487533558,0.4007464051246644,4,3,4,0.7939110070257611,3.8454332552693207,nested_oof,0.5
162-3,162,3,2,1,0,0.09925359487533558,0.9007464051246644,1,0,0.09925359487533558,0.4007464051246644,5,3,4,0.8149882903981265,3.9555035128805622,nested_oof,0.5
162-4,162,4,2,1,0,0.09925359487533558,0.9007464051246644,1,0,0.09925359487533558,0.4007464051246644,5,4,3,0.8618266978922717,4.583138173302108,nested_oof,0.5
162-5,162,5,2,1,0,0.09925359487533558,0.9007464051246644,1,0,0.09925359487533558,0.4007464051246644,5,3,3,0.7868852459016393,3.962529274004684,nested_oof,0.5
162-6,162,6,2,1,0,0.09925359487533558,0.9007464051246644,1,0,0.09925359487533558,0.4007464051246644,4,3,2,0.7915690866510539,3.7353629976580796,nested_oof,0.5
162-7,162,7,2,1,0,0.09925359487533558,0.9007464051246644,1,0,0.09925359487533558,0.4007464051246644,4,3,2,0.8407494145199064,3.540983606557377,nested_oof,0.5
162-8,162,8,2,1,0,0.09925359487533558,0.9007464051246644,1,0,0.09925359487533558,0.4007464051246644,3,3,2,0.7985948477751756,2.791569086651054,nested_oof,0.5
162-9,162,9,2,1,0,0.09925359487533558,0.9007464051246644,1,0,0.09925359487533558,0.4007464051246644,4,4,4,0.819672131147541,4.285714285714286,nested_oof,0.5
162-10,162,10,2,1,0,0.09925359487533558,0.9007464051246644,1,0,0.09925359487533558,0.4007464051246644,4,3,4,0.775175644028103,3.4988290398126463,nested_oof,0.5
162-11,162,11,2,1,0,0.09925359487533558,0.9007464051246644,1,0,0.09925359487533558,0.4007464051246644,3,3,4,0.7892271662763466,3.782201405152225,nested_oof,0.5
162-12,162,12,2,1,0,0.09925359487533558,0.9007464051246644,1,0,0.09925359487533558,0.4007464051246644,4,3,4,0.8290398126463701,3.6721311475409837,nested_oof,0.5
163-0,163,0,2,0,1,0.1137269362807273,0.1137269362807273,0,0,0.1137269362807273,0.3862730637192727,5,2,4,0.810304449648712,4.3629976580796255,nested_oof,0.5
163-1,163,1,2,0,1,0.1137269362807273,0.1137269362807273,0,0,0.1137269362807273,0.3862730637192727,4,3,4,0.8126463700234192,4.02576112412178,nested_oof,0.5
163-2,163,2,2,0,1,0.1137269362807273,0.1137269362807273,0,0,0.1137269362807273,0.3862730637192727,2,3,4,0.7939110070257611,3.8454332552693207,nested_oof,0.5
163-3,163,3,2,0,1,0.1137269362807273,0.1137269362807273,0,0,0.1137269362807273,0.3862730637192727,4,3,4,0.8149882903981265,3.9555035128805622,nested_oof,0.5
163-4,163,4,2,0,1,0.1137269362807273,0.1137269362807273,0,0,0.1137269362807273,0.3862730637192727,4,3,3,0.8618266978922717,4.583138173302108,nested_oof,0.5
163-5,163,5,2,0,1,0.1137269362807273,0.1137269362807273,0,0,0.1137269362807273,0.3862730637192727,4,2,3,0.7868852459016393,3.962529274004684,nested_oof,0.5
163-6,163,6,2,0,1,0.1137269362807273,0.1137269362807273,0,0,0.1137269362807273,0.3862730637192727,3,3,2,0.7915690866510539,3.7353629976580796,nested_oof,0.5
163-7,163,7,2,1,0,0.8862730637192727,0.1137269362807273,0,1,0.8862730637192727,0.3862730637192727,4,4,2,0.8407494145199064,3.540983606557377,nested_oof,0.5
163-8,163,8,2,0,1,0.1137269362807273,0.1137269362807273,0,0,0.1137269362807273,0.3862730637192727,3,3,2,0.7985948477751756,2.791569086651054,nested_oof,0.5
163-9,163,9,2,0,1,0.1137269362807273,0.1137269362807273,0,0,0.1137269362807273,0.3862730637192727,4,3,4,0.819672131147541,4.285714285714286,nested_oof,0.5
163-10,163,10,2,0,1,0.1137269362807273,0.1137269362807273,0,0,0.1137269362807273,0.3862730637192727,3,2,4,0.775175644028103,3.4988290398126463,nested_oof,0.5
163-11,163,11,2,0,1,0.1137269362807273,0.1137269362807273,0,0,0.1137269362807273,0.3862730637192727,3,3,4,0.7892271662763466,3.782201405152225,nested_oof,0.5
163-12,163,12,2,0,1,0.1137269362807273,0.1137269362807273,0,0,0.1137269362807273,0.3862730637192727,4,3,4,0.8290398126463701,3.6721311475409837,nested_oof,0.5
164-0,164,0,4,0,0,0.0924758166074752,0.0924758166074752,0,0,0.0924758166074752,0.40752418339252483,5,2,4,0.810304449648712,4.3629976580796255,nested_oof,0.5
164-1,164,1,4,0,0,0.0924758166074752,0.0924758166074752,0,0,0.0924758166074752,0.40752418339252483,4,3,4,0.8126463700234192,4.02576112412178,nested_oof,0.5
164-2,164,2,4,0,0,0.0924758166074752,0.0924758166074752,0,0,0.0924758166074752,0.40752418339252483,4,3,4,0.7939110070257611,3.8454332552693207,nested_oof,0.5
164-3,164,3,4,0,0,0.0924758166074752,0.0924758166074752,0,0,0.0924758166074752,0.40752418339252483,5,2,4,0.8149882903981265,3.9555035128805622,nested_oof,0.5
164-4,164,4,4,0,0,0.0924758166074752,0.0924758166074752,0,0,0.0924758166074752,0.40752418339252483,5,2,3,0.8618266978922717,4.583138173302108,nested_oof,0.5
164-5,164,5,4,0,0,0.0924758166074752,0.0924758166074752,0,0,0.0924758166074752,0.40752418339252483,4,3,3,0.7868852459016393,3.962529274004684,nested_oof,0.5
164-6,164,6,4,1,1,0.9075241833925248,0.0924758166074752,0,1,0.9075241833925248,0.40752418339252483,3,3,2,0.7915690866510539,3.7353629976580796,nested_oof,0.5
164-7,164,7,4,0,0,0.0924758166074752,0.0924758166074752,0,0,0.0924758166074752,0.40752418339252483,4,2,2,0.8407494145199064,3.540983606557377,nested_oof,0.5
164-8,164,8,4,0,0,0.0924758166074752,0.0924758166074752,0,0,0.0924758166074752,0.40752418339252483,3,3,2,0.7985948477751756,2.791569086651054,nested_oof,0.5
164-9,164,9,4,0,0,0.0924758166074752,0.0924758166074752,0,0,0.0924758166074752,0.40752418339252483,4,3,4,0.819672131147541,4.285714285714286,nested_oof,0.5
164-10,164,10,4,0,0,0.0924758166074752,0.0924758166074752,0,0,0.0924758166074752,0.40752418339252483,4,2,4,0.775175644028103,3.4988290398126463,nested_oof,0.5
164-11,164,11,4,0,0,0.0924758166074752,0.0924758166074752,0,0,0.0924758166074752,0.40752418339252483,3,3,4,0.7892271662763466,3.782201405152225,nested_oof,0.5
164-12,164,12,4,0,0,0.0924758166074752,0.0924758166074752,0,0,0.0924758166074752,0.40752418339252483,4,2,4,0.8290398126463701,3.6721311475409837,nested_oof,0.5
165-0,165,0,1,1,0,0.04646193981170643,0.9535380601882936,1,0,0.04646193981170643,0.45353806018829357,5,3,4,0.810304449648712,4.3629976580796255,nested_oof,0.5
165-1,165,1,1,1,0,0.04646193981170643,0.9535380601882936,1,0,0.04646193981170643,0.45353806018829357,4,3,4,0.8126463700234192,4.02576112412178,nested_oof,0.5
165-2,165,2,1,1,0,0.04646193981170643,0.9535380601882936,1,0,0.04646193981170643,0.45353806018829357,4,3,4,0.7939110070257611,3.8454332552693207,nested_oof,0.5
165-3,165,3,1,1,0,0.04646193981170643,0.9535380601882936,1,0,0.04646193981170643,0.45353806018829357,4,3,4,0.8149882903981265,3.9555035128805622,nested_oof,0.5
165-4,165,4,1,1,0,0.04646193981170643,0.9535380601882936,1,0,0.04646193981170643,0.45353806018829357,4,3,3,0.8618266978922717,4.583138173302108,nested_oof,0.5
165-5,165,5,1,1,0,0.04646193981170643,0.9535380601882936,1,0,0.04646193981170643,0.45353806018829357,4,3,3,0.7868852459016393,3.962529274004684,nested_oof,0.5
165-6,165,6,1,1,0,0.04646193981170643,0.9535380601882936,1,0,0.04646193981170643,0.45353806018829357,4,3,2,0.7915690866510539,3.7353629976580796,nested_oof,0.5
165-7,165,7,1,1,0,0.04646193981170643,0.9535380601882936,1,0,0.04646193981170643,0.45353806018829357,3,4,2,0.8407494145199064,3.540983606557377,nested_oof,0.5
165-8,165,8,1,1,0,0.04646193981170643,0.9535380601882936,1,0,0.04646193981170643,0.45353806018829357,3,3,2,0.7985948477751756,2.791569086651054,nested_oof,0.5
165-9,165,9,1,1,0,0.04646193981170643,0.9535380601882936,1,0,0.04646193981170643,0.45353806018829357,4,3,4,0.819672131147541,4.285714285714286,nested_oof,0.5
165-10,165,10,1,1,0,0.04646193981170643,0.9535380601882936,1,0,0.04646193981170643,0.45353806018829357,3,3,4,0.775175644028103,3.4988290398126463,nested_oof,0.5
165-11,165,11,1,1,0,0.04646193981170643,0.9535380601882936,1,0,0.04646193981170643,0.45353806018829357,3,3,4,0.7892271662763466,3.782201405152225,nested_oof,0.5
165-12,165,12,1,1,0,0.04646193981170643,0.9535380601882936,1,0,0.04646193981170643,0.45353806018829357,3,3,4,0.8290398126463701,3.6721311475409837,nested_oof,0.5
166-0,166,0,3,1,0,0.7098604440689087,0.2901395559310913,0,1,0.7098604440689087,0.2098604440689087,5,2,4,0.810304449648712,4.3629976580796255,nested_oof,0.5
166-1,166,1,3,1,0,0.7098604440689087,0.2901395559310913,0,1,0.7098604440689087,0.2098604440689087,4,3,4,0.8126463700234192,4.02576112412178,nested_oof,0.5
166-2,166,2,3,1,0,0.7098604440689087,0.2901395559310913,0,1,0.7098604440689087,0.2098604440689087,4,2,4,0.7939110070257611,3.8454332552693207,nested_oof,0.5
166-3,166,3,3,1,0,0.7098604440689087,0.2901395559310913,0,1,0.7098604440689087,0.2098604440689087,5,2,4,0.8149882903981265,3.9555035128805622,nested_oof,0.5
166-4,166,4,3,1,0,0.7098604440689087,0.2901395559310913,0,1,0.7098604440689087,0.2098604440689087,5,1,3,0.8618266978922717,4.583138173302108,nested_oof,0.5
166-5,166,5,3,1,0,0.7098604440689087,0.2901395559310913,0,1,0.7098604440689087,0.2098604440689087,5,2,3,0.7868852459016393,3.962529274004684,nested_oof,0.5
166-6,166,6,3,1,0,0.7098604440689087,0.2901395559310913,0,1,0.7098604440689087,0.2098604440689087,4,2,2,0.7915690866510539,3.7353629976580796,nested_oof,0.5
166-7,166,7,3,1,0,0.7098604440689087,0.2901395559310913,0,1,0.7098604440689087,0.2098604440689087,5,3,2,0.8407494145199064,3.540983606557377,nested_oof,0.5
166-8,166,8,3,1,0,0.7098604440689087,0.2901395559310913,0,1,0.7098604440689087,0.2098604440689087,3,3,2,0.7985948477751756,2.791569086651054,nested_oof,0.5
166-9,166,9,3,1,0,0.7098604440689087,0.2901395559310913,0,1,0.7098604440689087,0.2098604440689087,5,2,4,0.819672131147541,4.285714285714286,nested_oof,0.5
166-10,166,10,3,1,0,0.7098604440689087,0.2901395559310913,0,1,0.7098604440689087,0.2098604440689087,4,2,4,0.775175644028103,3.4988290398126463,nested_oof,0.5
166-11,166,11,3,1,0,0.7098604440689087,0.2901395559310913,0,1,0.7098604440689087,0.2098604440689087,3,3,4,0.7892271662763466,3.782201405152225,nested_oof,0.5
166-12,166,12,3,1,0,0.7098604440689087,0.2901395559310913,0,1,0.7098604440689087,0.2098604440689087,4,2,4,0.8290398126463701,3.6721311475409837,nested_oof,0.5
167-0,167,0,1,0,0,0.8818249106407166,0.8818249106407166,1,1,0.8818249106407166,0.38182491064071655,5,2,4,0.810304449648712,4.3629976580796255,nested_oof,0.5
167-1,167,1,1,0,0,0.8818249106407166,0.8818249106407166,1,1,0.8818249106407166,0.38182491064071655,4,3,4,0.8126463700234192,4.02576112412178,nested_oof,0.5
167-2,167,2,1,0,0,0.8818249106407166,0.8818249106407166,1,1,0.8818249106407166,0.38182491064071655,2,4,4,0.7939110070257611,3.8454332552693207,nested_oof,0.5
167-3,167,3,1,0,0,0.8818249106407166,0.8818249106407166,1,1,0.8818249106407166,0.38182491064071655,4,3,4,0.8149882903981265,3.9555035128805622,nested_oof,0.5
167-4,167,4,1,0,0,0.8818249106407166,0.8818249106407166,1,1,0.8818249106407166,0.38182491064071655,4,3,3,0.8618266978922717,4.583138173302108,nested_oof,0.5
167-5,167,5,1,0,0,0.8818249106407166,0.8818249106407166,1,1,0.8818249106407166,0.38182491064071655,4,3,3,0.7868852459016393,3.962529274004684,nested_oof,0.5
167-6,167,6,1,0,0,0.8818249106407166,0.8818249106407166,1,1,0.8818249106407166,0.38182491064071655,4,4,2,0.7915690866510539,3.7353629976580796,nested_oof,0.5
167-7,167,7,1,0,0,0.8818249106407166,0.8818249106407166,1,1,0.8818249106407166,0.38182491064071655,5,2,2,0.8407494145199064,3.540983606557377,nested_oof,0.5
167-8,167,8,1,1,1,0.11817508935928345,0.8818249106407166,1,0,0.11817508935928345,0.38182491064071655,3,3,2,0.7985948477751756,2.791569086651054,nested_oof,0.5
167-9,167,9,1,0,0,0.8818249106407166,0.8818249106407166,1,1,0.8818249106407166,0.38182491064071655,4,4,4,0.819672131147541,4.285714285714286,nested_oof,0.5
167-10,167,10,1,0,0,0.8818249106407166,0.8818249106407166,1,1,0.8818249106407166,0.38182491064071655,3,3,4,0.775175644028103,3.4988290398126463,nested_oof,0.5
167-11,167,11,1,0,0,0.8818249106407166,0.8818249106407166,1,1,0.8818249106407166,0.38182491064071655,3,3,4,0.7892271662763466,3.782201405152225,nested_oof,0.5
167-12,167,12,1,0,0,0.8818249106407166,0.8818249106407166,1,1,0.8818249106407166,0.38182491064071655,4,3,4,0.8290398126463701,3.6721311475409837,nested_oof,0.5
168-0,168,0,1,1,1,0.6133941411972046,0.3866058588027954,0,1,0.6133941411972046,0.11339414119720459,4,3,4,0.810304449648712,4.3629976580796255,nested_oof,0.5
168-1,168,1,1,0,0,0.3866058588027954,0.3866058588027954,0,0,0.3866058588027954,0.11339414119720459,4,3,4,0.8126463700234192,4.02576112412178,nested_oof,0.5
168-2,168,2,1,0,0,0.3866058588027954,0.3866058588027954,0,0,0.3866058588027954,0.11339414119720459,4,2,4,0.7939110070257611,3.8454332552693207,nested_oof,0.5
168-3,168,3,1,0,0,0.3866058588027954,0.3866058588027954,0,0,0.3866058588027954,0.11339414119720459,4,3,4,0.8149882903981265,3.9555035128805622,nested_oof,0.5
168-4,168,4,1,0,0,0.3866058588027954,0.3866058588027954,0,0,0.3866058588027954,0.11339414119720459,5,2,3,0.8618266978922717,4.583138173302108,nested_oof,0.5
168-5,168,5,1,0,0,0.3866058588027954,0.3866058588027954,0,0,0.3866058588027954,0.11339414119720459,3,3,3,0.7868852459016393,3.962529274004684,nested_oof,0.5
168-6,168,6,1,1,1,0.6133941411972046,0.3866058588027954,0,1,0.6133941411972046,0.11339414119720459,3,2,2,0.7915690866510539,3.7353629976580796,nested_oof,0.5
168-7,168,7,1,0,0,0.3866058588027954,0.3866058588027954,0,0,0.3866058588027954,0.11339414119720459,4,2,2,0.8407494145199064,3.540983606557377,nested_oof,0.5
168-8,168,8,1,1,1,0.6133941411972046,0.3866058588027954,0,1,0.6133941411972046,0.11339414119720459,3,3,2,0.7985948477751756,2.791569086651054,nested_oof,0.5
168-9,168,9,1,0,0,0.3866058588027954,0.3866058588027954,0,0,0.3866058588027954,0.11339414119720459,4,3,4,0.819672131147541,4.285714285714286,nested_oof,0.5
168-10,168,10,1,0,0,0.3866058588027954,0.3866058588027954,0,0,0.3866058588027954,0.11339414119720459,3,3,4,0.775175644028103,3.4988290398126463,nested_oof,0.5
168-11,168,11,1,0,0,0.3866058588027954,0.3866058588027954,0,0,0.3866058588027954,0.11339414119720459,3,3,4,0.7892271662763466,3.782201405152225,nested_oof,0.5
168-12,168,12,1,0,0,0.3866058588027954,0.3866058588027954,0,0,0.3866058588027954,0.11339414119720459,4,3,4,0.8290398126463701,3.6721311475409837,nested_oof,0.5
169-0,169,0,5,0,0,0.9743682146072388,0.9743682146072388,1,1,0.9743682146072388,0.47436821460723877,5,2,4,0.810304449648712,4.3629976580796255,nested_oof,0.5
169-1,169,1,5,0,0,0.9743682146072388,0.9743682146072388,1,1,0.9743682146072388,0.47436821460723877,4,3,4,0.8126463700234192,4.02576112412178,nested_oof,0.5
169-2,169,2,5,0,0,0.9743682146072388,0.9743682146072388,1,1,0.9743682146072388,0.47436821460723877,4,2,4,0.7939110070257611,3.8454332552693207,nested_oof,0.5
169-3,169,3,5,0,0,0.9743682146072388,0.9743682146072388,1,1,0.9743682146072388,0.47436821460723877,5,2,4,0.8149882903981265,3.9555035128805622,nested_oof,0.5
169-4,169,4,5,0,0,0.9743682146072388,0.9743682146072388,1,1,0.9743682146072388,0.47436821460723877,5,2,3,0.8618266978922717,4.583138173302108,nested_oof,0.5
169-5,169,5,5,0,0,0.9743682146072388,0.9743682146072388,1,1,0.9743682146072388,0.47436821460723877,4,2,3,0.7868852459016393,3.962529274004684,nested_oof,0.5
169-6,169,6,5,0,0,0.9743682146072388,0.9743682146072388,1,1,0.9743682146072388,0.47436821460723877,4,2,2,0.7915690866510539,3.7353629976580796,nested_oof,0.5
169-7,169,7,5,0,0,0.9743682146072388,0.9743682146072388,1,1,0.9743682146072388,0.47436821460723877,5,2,2,0.8407494145199064,3.540983606557377,nested_oof,0.5
169-8,169,8,5,0,0,0.9743682146072388,0.9743682146072388,1,1,0.9743682146072388,0.47436821460723877,3,2,2,0.7985948477751756,2.791569086651054,nested_oof,0.5
169-9,169,9,5,0,0,0.9743682146072388,0.9743682146072388,1,1,0.9743682146072388,0.47436821460723877,4,1,4,0.819672131147541,4.285714285714286,nested_oof,0.5
169-10,169,10,5,1,1,0.02563178539276123,0.9743682146072388,1,0,0.02563178539276123,0.47436821460723877,4,3,4,0.775175644028103,3.4988290398126463,nested_oof,0.5
169-11,169,11,5,0,0,0.9743682146072388,0.9743682146072388,1,1,0.9743682146072388,0.47436821460723877,3,3,4,0.7892271662763466,3.782201405152225,nested_oof,0.5
169-12,169,12,5,0,0,0.9743682146072388,0.9743682146072388,1,1,0.9743682146072388,0.47436821460723877,4,2,4,0.8290398126463701,3.6721311475409837,nested_oof,0.5
170-0,170,0,3,0,0,0.1512473821640014,0.1512473821640014,0,0,0.1512473821640014,0.3487526178359986,5,2,4,0.810304449648712,4.3629976580796255,nested_oof,0.5
170-1,170,1,3,0,0,0.1512473821640014,0.1512473821640014,0,0,0.1512473821640014,0.3487526178359986,4,3,4,0.8126463700234192,4.02576112412178,nested_oof,0.5
170-2,170,2,3,0,0,0.1512473821640014,0.1512473821640014,0,0,0.1512473821640014,0.3487526178359986,4,2,4,0.7939110070257611,3.8454332552693207,nested_oof,0.5
170-3,170,3,3,0,0,0.1512473821640014,0.1512473821640014,0,0,0.1512473821640014,0.3487526178359986,5,2,4,0.8149882903981265,3.9555035128805622,nested_oof,0.5
170-4,170,4,3,0,0,0.1512473821640014,0.1512473821640014,0,0,0.1512473821640014,0.3487526178359986,4,2,3,0.8618266978922717,4.583138173302108,nested_oof,0.5
170-5,170,5,3,0,0,0.1512473821640014,0.1512473821640014,0,0,0.1512473821640014,0.3487526178359986,5,2,3,0.7868852459016393,3.962529274004684,nested_oof,0.5
170-6,170,6,3,0,0,0.1512473821640014,0.1512473821640014,0,0,0.1512473821640014,0.3487526178359986,4,1,2,0.7915690866510539,3.7353629976580796,nested_oof,0.5
170-7,170,7,3,0,0,0.1512473821640014,0.1512473821640014,0,0,0.1512473821640014,0.3487526178359986,5,1,2,0.8407494145199064,3.540983606557377,nested_oof,0.5
170-8,170,8,3,0,0,0.1512473821640014,0.1512473821640014,0,0,0.1512473821640014,0.3487526178359986,3,3,2,0.7985948477751756,2.791569086651054,nested_oof,0.5
170-9,170,9,3,0,0,0.1512473821640014,0.1512473821640014,0,0,0.1512473821640014,0.3487526178359986,5,1,4,0.819672131147541,4.285714285714286,nested_oof,0.5
170-10,170,10,3,0,0,0.1512473821640014,0.1512473821640014,0,0,0.1512473821640014,0.3487526178359986,3,3,4,0.775175644028103,3.4988290398126463,nested_oof,0.5
170-11,170,11,3,0,0,0.1512473821640014,0.1512473821640014,0,0,0.1512473821640014,0.3487526178359986,3,3,4,0.7892271662763466,3.782201405152225,nested_oof,0.5
170-12,170,12,3,0,0,0.1512473821640014,0.1512473821640014,0,0,0.1512473821640014,0.3487526178359986,4,2,4,0.8290398126463701,3.6721311475409837,nested_oof,0.5
171-0,171,0,3,1,0,0.5221280455589294,0.4778719544410705,0,1,0.5221280455589294,0.0221280455589295,5,2,4,0.810304449648712,4.3629976580796255,nested_oof,0.5
171-1,171,1,3,0,1,0.4778719544410705,0.4778719544410705,0,0,0.4778719544410705,0.0221280455589295,4,3,4,0.8126463700234192,4.02576112412178,nested_oof,0.5
171-2,171,2,3,1,0,0.5221280455589294,0.4778719544410705,0,1,0.5221280455589294,0.0221280455589295,4,3,4,0.7939110070257611,3.8454332552693207,nested_oof,0.5
171-3,171,3,3,1,0,0.5221280455589294,0.4778719544410705,0,1,0.5221280455589294,0.0221280455589295,4,3,4,0.8149882903981265,3.9555035128805622,nested_oof,0.5
171-4,171,4,3,1,0,0.5221280455589294,0.4778719544410705,0,1,0.5221280455589294,0.0221280455589295,5,4,3,0.8618266978922717,4.583138173302108,nested_oof,0.5
171-5,171,5,3,1,0,0.5221280455589294,0.4778719544410705,0,1,0.5221280455589294,0.0221280455589295,4,2,3,0.7868852459016393,3.962529274004684,nested_oof,0.5
171-6,171,6,3,1,0,0.5221280455589294,0.4778719544410705,0,1,0.5221280455589294,0.0221280455589295,4,2,2,0.7915690866510539,3.7353629976580796,nested_oof,0.5
171-7,171,7,3,1,0,0.5221280455589294,0.4778719544410705,0,1,0.5221280455589294,0.0221280455589295,4,3,2,0.8407494145199064,3.540983606557377,nested_oof,0.5
171-8,171,8,3,1,0,0.5221280455589294,0.4778719544410705,0,1,0.5221280455589294,0.0221280455589295,3,3,2,0.7985948477751756,2.791569086651054,nested_oof,0.5
171-9,171,9,3,1,0,0.5221280455589294,0.4778719544410705,0,1,0.5221280455589294,0.0221280455589295,3,4,4,0.819672131147541,4.285714285714286,nested_oof,0.5
171-10,171,10,3,1,0,0.5221280455589294,0.4778719544410705,0,1,0.5221280455589294,0.0221280455589295,4,2,4,0.775175644028103,3.4988290398126463,nested_oof,0.5
171-11,171,11,3,1,0,0.5221280455589294,0.4778719544410705,0,1,0.5221280455589294,0.0221280455589295,3,3,4,0.7892271662763466,3.782201405152225,nested_oof,0.5
171-12,171,12,3,1,0,0.5221280455589294,0.4778719544410705,0,1,0.5221280455589294,0.0221280455589295,4,2,4,0.8290398126463701,3.6721311475409837,nested_oof,0.5
172-0,172,0,1,1,0,0.18092572689056396,0.819074273109436,1,0,0.18092572689056396,0.31907427310943604,5,2,4,0.810304449648712,4.3629976580796255,nested_oof,0.5
172-1,172,1,1,0,1,0.819074273109436,0.819074273109436,1,1,0.819074273109436,0.31907427310943604,4,3,4,0.8126463700234192,4.02576112412178,nested_oof,0.5
172-2,172,2,1,1,0,0.18092572689056396,0.819074273109436,1,0,0.18092572689056396,0.31907427310943604,3,3,4,0.7939110070257611,3.8454332552693207,nested_oof,0.5
172-3,172,3,1,1,0,0.18092572689056396,0.819074273109436,1,0,0.18092572689056396,0.31907427310943604,4,4,4,0.8149882903981265,3.9555035128805622,nested_oof,0.5
172-4,172,4,1,1,0,0.18092572689056396,0.819074273109436,1,0,0.18092572689056396,0.31907427310943604,4,4,3,0.8618266978922717,4.583138173302108,nested_oof,0.5
172-5,172,5,1,1,0,0.18092572689056396,0.819074273109436,1,0,0.18092572689056396,0.31907427310943604,5,2,3,0.7868852459016393,3.962529274004684,nested_oof,0.5
172-6,172,6,1,1,0,0.18092572689056396,0.819074273109436,1,0,0.18092572689056396,0.31907427310943604,4,3,2,0.7915690866510539,3.7353629976580796,nested_oof,0.5
172-7,172,7,1,1,0,0.18092572689056396,0.819074273109436,1,0,0.18092572689056396,0.31907427310943604,4,4,2,0.8407494145199064,3.540983606557377,nested_oof,0.5
172-8,172,8,1,1,0,0.18092572689056396,0.819074273109436,1,0,0.18092572689056396,0.31907427310943604,3,2,2,0.7985948477751756,2.791569086651054,nested_oof,0.5
172-9,172,9,1,1,0,0.18092572689056396,0.819074273109436,1,0,0.18092572689056396,0.31907427310943604,5,2,4,0.819672131147541,4.285714285714286,nested_oof,0.5
172-10,172,10,1,1,0,0.18092572689056396,0.819074273109436,1,0,0.18092572689056396,0.31907427310943604,3,4,4,0.775175644028103,3.4988290398126463,nested_oof,0.5
172-11,172,11,1,1,0,0.18092572689056396,0.819074273109436,1,0,0.18092572689056396,0.31907427310943604,3,3,4,0.7892271662763466,3.782201405152225,nested_oof,0.5
172-12,172,12,1,1,0,0.18092572689056396,0.819074273109436,1,0,0.18092572689056396,0.31907427310943604,3,3,4,0.8290398126463701,3.6721311475409837,nested_oof,0.5
173-0,173,0,2,0,0,0.1434898823499679,0.1434898823499679,0,0,0.1434898823499679,0.3565101176500321,5,2,4,0.810304449648712,4.3629976580796255,nested_oof,0.5
173-1,173,1,2,0,0,0.1434898823499679,0.1434898823499679,0,0,0.1434898823499679,0.3565101176500321,4,3,4,0.8126463700234192,4.02576112412178,nested_oof,0.5
173-2,173,2,2,0,0,0.1434898823499679,0.1434898823499679,0,0,0.1434898823499679,0.3565101176500321,4,3,4,0.7939110070257611,3.8454332552693207,nested_oof,0.5
173-3,173,3,2,0,0,0.1434898823499679,0.1434898823499679,0,0,0.1434898823499679,0.3565101176500321,4,3,4,0.8149882903981265,3.9555035128805622,nested_oof,0.5
173-4,173,4,2,0,0,0.1434898823499679,0.1434898823499679,0,0,0.1434898823499679,0.3565101176500321,4,3,3,0.8618266978922717,4.583138173302108,nested_oof,0.5
173-5,173,5,2,0,0,0.1434898823499679,0.1434898823499679,0,0,0.1434898823499679,0.3565101176500321,4,3,3,0.7868852459016393,3.962529274004684,nested_oof,0.5
173-6,173,6,2,1,1,0.856510117650032,0.1434898823499679,0,1,0.856510117650032,0.3565101176500321,4,4,2,0.7915690866510539,3.7353629976580796,nested_oof,0.5
173-7,173,7,2,0,0,0.1434898823499679,0.1434898823499679,0,0,0.1434898823499679,0.3565101176500321,4,3,2,0.8407494145199064,3.540983606557377,nested_oof,0.5
173-8,173,8,2,1,1,0.856510117650032,0.1434898823499679,0,1,0.856510117650032,0.3565101176500321,2,3,2,0.7985948477751756,2.791569086651054,nested_oof,0.5
173-9,173,9,2,0,0,0.1434898823499679,0.1434898823499679,0,0,0.1434898823499679,0.3565101176500321,4,3,4,0.819672131147541,4.285714285714286,nested_oof,0.5
173-10,173,10,2,0,0,0.1434898823499679,0.1434898823499679,0,0,0.1434898823499679,0.3565101176500321,3,2,4,0.775175644028103,3.4988290398126463,nested_oof,0.5
173-11,173,11,2,0,0,0.1434898823499679,0.1434898823499679,0,0,0.1434898823499679,0.3565101176500321,3,3,4,0.7892271662763466,3.782201405152225,nested_oof,0.5
173-12,173,12,2,1,1,0.856510117650032,0.1434898823499679,0,1,0.856510117650032,0.3565101176500321,3,3,4,0.8290398126463701,3.6721311475409837,nested_oof,0.5
174-0,174,0,5,0,0,0.070854514837265,0.070854514837265,0,0,0.070854514837265,0.429145485162735,5,2,4,0.810304449648712,4.3629976580796255,nested_oof,0.5
174-1,174,1,5,0,0,0.070854514837265,0.070854514837265,0,0,0.070854514837265,0.429145485162735,4,3,4,0.8126463700234192,4.02576112412178,nested_oof,0.5
174-2,174,2,5,0,0,0.070854514837265,0.070854514837265,0,0,0.070854514837265,0.429145485162735,4,3,4,0.7939110070257611,3.8454332552693207,nested_oof,0.5
174-3,174,3,5,0,0,0.070854514837265,0.070854514837265,0,0,0.070854514837265,0.429145485162735,4,3,4,0.8149882903981265,3.9555035128805622,nested_oof,0.5
174-4,174,4,5,0,0,0.070854514837265,0.070854514837265,0,0,0.070854514837265,0.429145485162735,4,3,3,0.8618266978922717,4.583138173302108,nested_oof,0.5
174-5,174,5,5,0,0,0.070854514837265,0.070854514837265,0,0,0.070854514837265,0.429145485162735,5,3,3,0.7868852459016393,3.962529274004684,nested_oof,0.5
174-6,174,6,5,1,1,0.929145485162735,0.070854514837265,0,1,0.929145485162735,0.429145485162735,2,4,2,0.7915690866510539,3.7353629976580796,nested_oof,0.5
174-7,174,7,5,0,0,0.070854514837265,0.070854514837265,0,0,0.070854514837265,0.429145485162735,5,2,2,0.8407494145199064,3.540983606557377,nested_oof,0.5
174-8,174,8,5,0,0,0.070854514837265,0.070854514837265,0,0,0.070854514837265,0.429145485162735,3,3,2,0.7985948477751756,2.791569086651054,nested_oof,0.5
174-9,174,9,5,0,0,0.070854514837265,0.070854514837265,0,0,0.070854514837265,0.429145485162735,4,2,4,0.819672131147541,4.285714285714286,nested_oof,0.5
174-10,174,10,5,1,1,0.929145485162735,0.070854514837265,0,1,0.929145485162735,0.429145485162735,2,4,4,0.775175644028103,3.4988290398126463,nested_oof,0.5
174-11,174,11,5,0,0,0.070854514837265,0.070854514837265,0,0,0.070854514837265,0.429145485162735,3,3,4,0.7892271662763466,3.782201405152225,nested_oof,0.5
174-12,174,12,5,0,0,0.070854514837265,0.070854514837265,0,0,0.070854514837265,0.429145485162735,4,3,4,0.8290398126463701,3.6721311475409837,nested_oof,0.5
175-0,175,0,1,1,0,0.028550207614898793,0.9714497923851012,1,0,0.028550207614898793,0.4714497923851012,5,2,4,0.810304449648712,4.3629976580796255,nested_oof,0.5
175-1,175,1,1,0,1,0.9714497923851012,0.9714497923851012,1,1,0.9714497923851012,0.4714497923851012,4,3,4,0.8126463700234192,4.02576112412178,nested_oof,0.5
175-2,175,2,1,1,0,0.028550207614898793,0.9714497923851012,1,0,0.028550207614898793,0.4714497923851012,5,3,4,0.7939110070257611,3.8454332552693207,nested_oof,0.5
175-3,175,3,1,1,0,0.028550207614898793,0.9714497923851012,1,0,0.028550207614898793,0.4714497923851012,5,1,4,0.8149882903981265,3.9555035128805622,nested_oof,0.5
175-4,175,4,1,1,0,0.028550207614898793,0.9714497923851012,1,0,0.028550207614898793,0.4714497923851012,5,3,3,0.8618266978922717,4.583138173302108,nested_oof,0.5
175-5,175,5,1,1,0,0.028550207614898793,0.9714497923851012,1,0,0.028550207614898793,0.4714497923851012,5,2,3,0.7868852459016393,3.962529274004684,nested_oof,0.5
175-6,175,6,1,1,0,0.028550207614898793,0.9714497923851012,1,0,0.028550207614898793,0.4714497923851012,4,1,2,0.7915690866510539,3.7353629976580796,nested_oof,0.5
175-7,175,7,1,1,0,0.028550207614898793,0.9714497923851012,1,0,0.028550207614898793,0.4714497923851012,5,3,2,0.8407494145199064,3.540983606557377,nested_oof,0.5
175-8,175,8,1,1,0,0.028550207614898793,0.9714497923851012,1,0,0.028550207614898793,0.4714497923851012,3,2,2,0.7985948477751756,2.791569086651054,nested_oof,0.5
175-9,175,9,1,1,0,0.028550207614898793,0.9714497923851012,1,0,0.028550207614898793,0.4714497923851012,5,2,4,0.819672131147541,4.285714285714286,nested_oof,0.5
175-10,175,10,1,1,0,0.028550207614898793,0.9714497923851012,1,0,0.028550207614898793,0.4714497923851012,5,3,4,0.775175644028103,3.4988290398126463,nested_oof,0.5
175-11,175,11,1,1,0,0.028550207614898793,0.9714497923851012,1,0,0.028550207614898793,0.4714497923851012,3,3,4,0.7892271662763466,3.782201405152225,nested_oof,0.5
175-12,175,12,1,1,0,0.028550207614898793,0.9714497923851012,1,0,0.028550207614898793,0.4714497923851012,4,3,4,0.8290398126463701,3.6721311475409837,nested_oof,0.5
176-0,176,0,2,0,0,0.2347500771284103,0.2347500771284103,0,0,0.2347500771284103,0.26524992287158966,5,2,4,0.810304449648712,4.3629976580796255,nested_oof,0.5
176-1,176,1,2,0,0,0.2347500771284103,0.2347500771284103,0,0,0.2347500771284103,0.26524992287158966,4,3,4,0.8126463700234192,4.02576112412178,nested_oof,0.5
176-2,176,2,2,0,0,0.2347500771284103,0.2347500771284103,0,0,0.2347500771284103,0.26524992287158966,4,2,4,0.7939110070257611,3.8454332552693207,nested_oof,0.5
176-3,176,3,2,0,0,0.2347500771284103,0.2347500771284103,0,0,0.2347500771284103,0.26524992287158966,5,2,4,0.8149882903981265,3.9555035128805622,nested_oof,0.5
176-4,176,4,2,0,0,0.2347500771284103,0.2347500771284103,0,0,0.2347500771284103,0.26524992287158966,4,4,3,0.8618266978922717,4.583138173302108,nested_oof,0.5
176-5,176,5,2,0,0,0.2347500771284103,0.2347500771284103,0,0,0.2347500771284103,0.26524992287158966,5,2,3,0.7868852459016393,3.962529274004684,nested_oof,0.5
176-6,176,6,2,0,0,0.2347500771284103,0.2347500771284103,0,0,0.2347500771284103,0.26524992287158966,4,1,2,0.7915690866510539,3.7353629976580796,nested_oof,0.5
176-7,176,7,2,0,0,0.2347500771284103,0.2347500771284103,0,0,0.2347500771284103,0.26524992287158966,4,3,2,0.8407494145199064,3.540983606557377,nested_oof,0.5
176-8,176,8,2,0,0,0.2347500771284103,0.2347500771284103,0,0,0.2347500771284103,0.26524992287158966,3,2,2,0.7985948477751756,2.791569086651054,nested_oof,0.5
176-9,176,9,2,0,0,0.2347500771284103,0.2347500771284103,0,0,0.2347500771284103,0.26524992287158966,5,2,4,0.819672131147541,4.285714285714286,nested_oof,0.5
176-10,176,10,2,0,0,0.2347500771284103,0.2347500771284103,0,0,0.2347500771284103,0.26524992287158966,4,3,4,0.775175644028103,3.4988290398126463,nested_oof,0.5
176-11,176,11,2,0,0,0.2347500771284103,0.2347500771284103,0,0,0.2347500771284103,0.26524992287158966,3,3,4,0.7892271662763466,3.782201405152225,nested_oof,0.5
176-12,176,12,2,0,0,0.2347500771284103,0.2347500771284103,0,0,0.2347500771284103,0.26524992287158966,3,3,4,0.8290398126463701,3.6721311475409837,nested_oof,0.5
177-0,177,0,3,1,0,0.8128740191459656,0.1871259808540344,0,1,0.8128740191459656,0.3128740191459656,5,3,4,0.810304449648712,4.3629976580796255,nested_oof,0.5
177-1,177,1,3,0,1,0.1871259808540344,0.1871259808540344,0,0,0.1871259808540344,0.3128740191459656,4,3,4,0.8126463700234192,4.02576112412178,nested_oof,0.5
177-2,177,2,3,0,1,0.1871259808540344,0.1871259808540344,0,0,0.1871259808540344,0.3128740191459656,4,2,4,0.7939110070257611,3.8454332552693207,nested_oof,0.5
177-3,177,3,3,1,0,0.8128740191459656,0.1871259808540344,0,1,0.8128740191459656,0.3128740191459656,5,3,4,0.8149882903981265,3.9555035128805622,nested_oof,0.5
177-4,177,4,3,1,0,0.8128740191459656,0.1871259808540344,0,1,0.8128740191459656,0.3128740191459656,5,3,3,0.8618266978922717,4.583138173302108,nested_oof,0.5
177-5,177,5,3,0,1,0.1871259808540344,0.1871259808540344,0,0,0.1871259808540344,0.3128740191459656,4,3,3,0.7868852459016393,3.962529274004684,nested_oof,0.5
177-6,177,6,3,1,0,0.8128740191459656,0.1871259808540344,0,1,0.8128740191459656,0.3128740191459656,4,2,2,0.7915690866510539,3.7353629976580796,nested_oof,0.5
177-7,177,7,3,1,0,0.8128740191459656,0.1871259808540344,0,1,0.8128740191459656,0.3128740191459656,5,3,2,0.8407494145199064,3.540983606557377,nested_oof,0.5
177-8,177,8,3,1,0,0.8128740191459656,0.1871259808540344,0,1,0.8128740191459656,0.3128740191459656,3,3,2,0.7985948477751756,2.791569086651054,nested_oof,0.5
177-9,177,9,3,0,1,0.1871259808540344,0.1871259808540344,0,0,0.1871259808540344,0.3128740191459656,5,3,4,0.819672131147541,4.285714285714286,nested_oof,0.5
177-10,177,10,3,0,1,0.1871259808540344,0.1871259808540344,0,0,0.1871259808540344,0.3128740191459656,4,1,4,0.775175644028103,3.4988290398126463,nested_oof,0.5
177-11,177,11,3,1,0,0.8128740191459656,0.1871259808540344,0,1,0.8128740191459656,0.3128740191459656,3,3,4,0.7892271662763466,3.782201405152225,nested_oof,0.5
177-12,177,12,3,1,0,0.8128740191459656,0.1871259808540344,0,1,0.8128740191459656,0.3128740191459656,3,3,4,0.8290398126463701,3.6721311475409837,nested_oof,0.5
178-0,178,0,5,0,0,0.3132409751415252,0.3132409751415252,0,0,0.3132409751415252,0.1867590248584748,5,2,4,0.810304449648712,4.3629976580796255,nested_oof,0.5
178-1,178,1,5,0,0,0.3132409751415252,0.3132409751415252,0,0,0.3132409751415252,0.1867590248584748,4,3,4,0.8126463700234192,4.02576112412178,nested_oof,0.5
178-2,178,2,5,0,0,0.3132409751415252,0.3132409751415252,0,0,0.3132409751415252,0.1867590248584748,4,2,4,0.7939110070257611,3.8454332552693207,nested_oof,0.5
178-3,178,3,5,0,0,0.3132409751415252,0.3132409751415252,0,0,0.3132409751415252,0.1867590248584748,5,1,4,0.8149882903981265,3.9555035128805622,nested_oof,0.5
178-4,178,4,5,0,0,0.3132409751415252,0.3132409751415252,0,0,0.3132409751415252,0.1867590248584748,5,3,3,0.8618266978922717,4.583138173302108,nested_oof,0.5
178-5,178,5,5,0,0,0.3132409751415252,0.3132409751415252,0,0,0.3132409751415252,0.1867590248584748,4,2,3,0.7868852459016393,3.962529274004684,nested_oof,0.5
178-6,178,6,5,0,0,0.3132409751415252,0.3132409751415252,0,0,0.3132409751415252,0.1867590248584748,4,2,2,0.7915690866510539,3.7353629976580796,nested_oof,0.5
178-7,178,7,5,0,0,0.3132409751415252,0.3132409751415252,0,0,0.3132409751415252,0.1867590248584748,4,2,2,0.8407494145199064,3.540983606557377,nested_oof,0.5
178-8,178,8,5,0,0,0.3132409751415252,0.3132409751415252,0,0,0.3132409751415252,0.1867590248584748,3,2,2,0.7985948477751756,2.791569086651054,nested_oof,0.5
178-9,178,9,5,0,0,0.3132409751415252,0.3132409751415252,0,0,0.3132409751415252,0.1867590248584748,5,2,4,0.819672131147541,4.285714285714286,nested_oof,0.5
178-10,178,10,5,0,0,0.3132409751415252,0.3132409751415252,0,0,0.3132409751415252,0.1867590248584748,4,3,4,0.775175644028103,3.4988290398126463,nested_oof,0.5
178-11,178,11,5,0,0,0.3132409751415252,0.3132409751415252,0,0,0.3132409751415252,0.1867590248584748,3,3,4,0.7892271662763466,3.782201405152225,nested_oof,0.5
178-12,178,12,5,0,0,0.3132409751415252,0.3132409751415252,0,0,0.3132409751415252,0.1867590248584748,4,2,4,0.8290398126463701,3.6721311475409837,nested_oof,0.5
179-0,179,0,1,1,0,0.025378525257110596,0.9746214747428894,1,0,0.025378525257110596,0.4746214747428894,5,4,4,0.810304449648712,4.3629976580796255,nested_oof,0.5
179-1,179,1,1,1,0,0.025378525257110596,0.9746214747428894,1,0,0.025378525257110596,0.4746214747428894,4,3,4,0.8126463700234192,4.02576112412178,nested_oof,0.5
179-2,179,2,1,1,0,0.025378525257110596,0.9746214747428894,1,0,0.025378525257110596,0.4746214747428894,5,4,4,0.7939110070257611,3.8454332552693207,nested_oof,0.5
179-3,179,3,1,1,0,0.025378525257110596,0.9746214747428894,1,0,0.025378525257110596,0.4746214747428894,5,3,4,0.8149882903981265,3.9555035128805622,nested_oof,0.5
179-4,179,4,1,1,0,0.025378525257110596,0.9746214747428894,1,0,0.025378525257110596,0.4746214747428894,5,3,3,0.8618266978922717,4.583138173302108,nested_oof,0.5
179-5,179,5,1,1,0,0.025378525257110596,0.9746214747428894,1,0,0.025378525257110596,0.4746214747428894,4,4,3,0.7868852459016393,3.962529274004684,nested_oof,0.5
179-6,179,6,1,1,0,0.025378525257110596,0.9746214747428894,1,0,0.025378525257110596,0.4746214747428894,4,2,2,0.7915690866510539,3.7353629976580796,nested_oof,0.5
179-7,179,7,1,1,0,0.025378525257110596,0.9746214747428894,1,0,0.025378525257110596,0.4746214747428894,5,4,2,0.8407494145199064,3.540983606557377,nested_oof,0.5
179-8,179,8,1,1,0,0.025378525257110596,0.9746214747428894,1,0,0.025378525257110596,0.4746214747428894,3,3,2,0.7985948477751756,2.791569086651054,nested_oof,0.5
179-9,179,9,1,1,0,0.025378525257110596,0.9746214747428894,1,0,0.025378525257110596,0.4746214747428894,5,4,4,0.819672131147541,4.285714285714286,nested_oof,0.5
179-10,179,10,1,1,0,0.025378525257110596,0.9746214747428894,1,0,0.025378525257110596,0.4746214747428894,4,2,4,0.775175644028103,3.4988290398126463,nested_oof,0.5
179-11,179,11,1,1,0,0.025378525257110596,0.9746214747428894,1,0,0.025378525257110596,0.4746214747428894,3,4,4,0.7892271662763466,3.782201405152225,nested_oof,0.5
179-12,179,12,1,1,0,0.025378525257110596,0.9746214747428894,1,0,0.025378525257110596,0.4746214747428894,4,3,4,0.8290398126463701,3.6721311475409837,nested_oof,0.5
180-0,180,0,5,1,0,0.851752907037735,0.148247092962265,0,1,0.851752907037735,0.351752907037735,4,4,4,0.810304449648712,4.3629976580796255,nested_oof,0.5
180-1,180,1,5,0,1,0.148247092962265,0.148247092962265,0,0,0.148247092962265,0.351752907037735,4,3,4,0.8126463700234192,4.02576112412178,nested_oof,0.5
180-2,180,2,5,0,1,0.148247092962265,0.148247092962265,0,0,0.148247092962265,0.351752907037735,4,2,4,0.7939110070257611,3.8454332552693207,nested_oof,0.5
180-3,180,3,5,0,1,0.148247092962265,0.148247092962265,0,0,0.148247092962265,0.351752907037735,5,2,4,0.8149882903981265,3.9555035128805622,nested_oof,0.5
180-4,180,4,5,1,0,0.851752907037735,0.148247092962265,0,1,0.851752907037735,0.351752907037735,4,4,3,0.8618266978922717,4.583138173302108,nested_oof,0.5
180-5,180,5,5,0,1,0.148247092962265,0.148247092962265,0,0,0.148247092962265,0.351752907037735,5,2,3,0.7868852459016393,3.962529274004684,nested_oof,0.5
180-6,180,6,5,1,0,0.851752907037735,0.148247092962265,0,1,0.851752907037735,0.351752907037735,3,4,2,0.7915690866510539,3.7353629976580796,nested_oof,0.5
180-7,180,7,5,1,0,0.851752907037735,0.148247092962265,0,1,0.851752907037735,0.351752907037735,4,4,2,0.8407494145199064,3.540983606557377,nested_oof,0.5
180-8,180,8,5,0,1,0.148247092962265,0.148247092962265,0,0,0.148247092962265,0.351752907037735,3,3,2,0.7985948477751756,2.791569086651054,nested_oof,0.5
180-9,180,9,5,0,1,0.148247092962265,0.148247092962265,0,0,0.148247092962265,0.351752907037735,4,3,4,0.819672131147541,4.285714285714286,nested_oof,0.5
180-10,180,10,5,1,0,0.851752907037735,0.148247092962265,0,1,0.851752907037735,0.351752907037735,4,2,4,0.775175644028103,3.4988290398126463,nested_oof,0.5
180-11,180,11,5,1,0,0.851752907037735,0.148247092962265,0,1,0.851752907037735,0.351752907037735,3,3,4,0.7892271662763466,3.782201405152225,nested_oof,0.5
180-12,180,12,5,0,1,0.148247092962265,0.148247092962265,0,0,0.148247092962265,0.351752907037735,4,2,4,0.8290398126463701,3.6721311475409837,nested_oof,0.5
181-0,181,0,4,1,0,0.045542120933532826,0.9544578790664672,1,0,0.045542120933532826,0.4544578790664672,5,2,4,0.810304449648712,4.3629976580796255,nested_oof,0.5
181-1,181,1,4,0,1,0.9544578790664672,0.9544578790664672,1,1,0.9544578790664672,0.4544578790664672,4,3,4,0.8126463700234192,4.02576112412178,nested_oof,0.5
181-2,181,2,4,1,0,0.045542120933532826,0.9544578790664672,1,0,0.045542120933532826,0.4544578790664672,4,2,4,0.7939110070257611,3.8454332552693207,nested_oof,0.5
181-3,181,3,4,1,0,0.045542120933532826,0.9544578790664672,1,0,0.045542120933532826,0.4544578790664672,4,4,4,0.8149882903981265,3.9555035128805622,nested_oof,0.5
181-4,181,4,4,1,0,0.045542120933532826,0.9544578790664672,1,0,0.045542120933532826,0.4544578790664672,4,3,3,0.8618266978922717,4.583138173302108,nested_oof,0.5
181-5,181,5,4,1,0,0.045542120933532826,0.9544578790664672,1,0,0.045542120933532826,0.4544578790664672,4,3,3,0.7868852459016393,3.962529274004684,nested_oof,0.5
181-6,181,6,4,1,0,0.045542120933532826,0.9544578790664672,1,0,0.045542120933532826,0.4544578790664672,3,3,2,0.7915690866510539,3.7353629976580796,nested_oof,0.5
181-7,181,7,4,1,0,0.045542120933532826,0.9544578790664672,1,0,0.045542120933532826,0.4544578790664672,4,4,2,0.8407494145199064,3.540983606557377,nested_oof,0.5
181-8,181,8,4,1,0,0.045542120933532826,0.9544578790664672,1,0,0.045542120933532826,0.4544578790664672,3,3,2,0.7985948477751756,2.791569086651054,nested_oof,0.5
181-9,181,9,4,1,0,0.045542120933532826,0.9544578790664672,1,0,0.045542120933532826,0.4544578790664672,4,3,4,0.819672131147541,4.285714285714286,nested_oof,0.5
181-10,181,10,4,1,0,0.045542120933532826,0.9544578790664672,1,0,0.045542120933532826,0.4544578790664672,3,3,4,0.775175644028103,3.4988290398126463,nested_oof,0.5
181-11,181,11,4,1,0,0.045542120933532826,0.9544578790664672,1,0,0.045542120933532826,0.4544578790664672,3,3,4,0.7892271662763466,3.782201405152225,nested_oof,0.5
181-12,181,12,4,1,0,0.045542120933532826,0.9544578790664672,1,0,0.045542120933532826,0.4544578790664672,4,3,4,0.8290398126463701,3.6721311475409837,nested_oof,0.5
182-0,182,0,4,0,0,0.0094306441023945,0.0094306441023945,0,0,0.0094306441023945,0.4905693558976055,5,2,4,0.810304449648712,4.3629976580796255,nested_oof,0.5
182-1,182,1,4,1,1,0.9905693558976055,0.0094306441023945,0,1,0.9905693558976055,0.4905693558976055,4,3,4,0.8126463700234192,4.02576112412178,nested_oof,0.5
182-2,182,2,4,0,0,0.0094306441023945,0.0094306441023945,0,0,0.0094306441023945,0.4905693558976055,4,3,4,0.7939110070257611,3.8454332552693207,nested_oof,0.5
182-3,182,3,4,0,0,0.0094306441023945,0.0094306441023945,0,0,0.0094306441023945,0.4905693558976055,4,2,4,0.8149882903981265,3.9555035128805622,nested_oof,0.5
182-4,182,4,4,0,0,0.0094306441023945,0.0094306441023945,0,0,0.0094306441023945,0.4905693558976055,5,2,3,0.8618266978922717,4.583138173302108,nested_oof,0.5
182-5,182,5,4,1,1,0.9905693558976055,0.0094306441023945,0,1,0.9905693558976055,0.4905693558976055,4,3,3,0.7868852459016393,3.962529274004684,nested_oof,0.5
182-6,182,6,4,0,0,0.0094306441023945,0.0094306441023945,0,0,0.0094306441023945,0.4905693558976055,3,3,2,0.7915690866510539,3.7353629976580796,nested_oof,0.5
182-7,182,7,4,0,0,0.0094306441023945,0.0094306441023945,0,0,0.0094306441023945,0.4905693558976055,4,3,2,0.8407494145199064,3.540983606557377,nested_oof,0.5
182-8,182,8,4,0,0,0.0094306441023945,0.0094306441023945,0,0,0.0094306441023945,0.4905693558976055,2,3,2,0.7985948477751756,2.791569086651054,nested_oof,0.5
182-9,182,9,4,0,0,0.0094306441023945,0.0094306441023945,0,0,0.0094306441023945,0.4905693558976055,4,2,4,0.819672131147541,4.285714285714286,nested_oof,0.5
182-10,182,10,4,0,0,0.0094306441023945,0.0094306441023945,0,0,0.0094306441023945,0.4905693558976055,3,3,4,0.775175644028103,3.4988290398126463,nested_oof,0.5
182-11,182,11,4,0,0,0.0094306441023945,0.0094306441023945,0,0,0.0094306441023945,0.4905693558976055,3,3,4,0.7892271662763466,3.782201405152225,nested_oof,0.5
182-12,182,12,4,1,1,0.9905693558976055,0.0094306441023945,0,1,0.9905693558976055,0.4905693558976055,3,4,4,0.8290398126463701,3.6721311475409837,nested_oof,0.5
183-0,183,0,2,0,0,0.077736459672451,0.077736459672451,0,0,0.077736459672451,0.422263540327549,5,2,4,0.810304449648712,4.3629976580796255,nested_oof,0.5
183-1,183,1,2,0,0,0.077736459672451,0.077736459672451,0,0,0.077736459672451,0.422263540327549,4,3,4,0.8126463700234192,4.02576112412178,nested_oof,0.5
183-2,183,2,2,0,0,0.077736459672451,0.077736459672451,0,0,0.077736459672451,0.422263540327549,4,2,4,0.7939110070257611,3.8454332552693207,nested_oof,0.5
183-3,183,3,2,0,0,0.077736459672451,0.077736459672451,0,0,0.077736459672451,0.422263540327549,5,1,4,0.8149882903981265,3.9555035128805622,nested_oof,0.5
183-4,183,4,2,0,0,0.077736459672451,0.077736459672451,0,0,0.077736459672451,0.422263540327549,5,3,3,0.8618266978922717,4.583138173302108,nested_oof,0.5
183-5,183,5,2,0,0,0.077736459672451,0.077736459672451,0,0,0.077736459672451,0.422263540327549,4,2,3,0.7868852459016393,3.962529274004684,nested_oof,0.5
183-6,183,6,2,0,0,0.077736459672451,0.077736459672451,0,0,0.077736459672451,0.422263540327549,4,1,2,0.7915690866510539,3.7353629976580796,nested_oof,0.5
183-7,183,7,2,0,0,0.077736459672451,0.077736459672451,0,0,0.077736459672451,0.422263540327549,5,1,2,0.8407494145199064,3.540983606557377,nested_oof,0.5
183-8,183,8,2,0,0,0.077736459672451,0.077736459672451,0,0,0.077736459672451,0.422263540327549,3,2,2,0.7985948477751756,2.791569086651054,nested_oof,0.5
183-9,183,9,2,0,0,0.077736459672451,0.077736459672451,0,0,0.077736459672451,0.422263540327549,4,2,4,0.819672131147541,4.285714285714286,nested_oof,0.5
183-10,183,10,2,0,0,0.077736459672451,0.077736459672451,0,0,0.077736459672451,0.422263540327549,4,3,4,0.775175644028103,3.4988290398126463,nested_oof,0.5
183-11,183,11,2,0,0,0.077736459672451,0.077736459672451,0,0,0.077736459672451,0.422263540327549,3,3,4,0.7892271662763466,3.782201405152225,nested_oof,0.5
183-12,183,12,2,0,0,0.077736459672451,0.077736459672451,0,0,0.077736459672451,0.422263540327549,4,3,4,0.8290398126463701,3.6721311475409837,nested_oof,0.5
184-0,184,0,4,1,0,0.4273337125778198,0.5726662874221802,1,0,0.4273337125778198,0.07266628742218018,5,2,4,0.810304449648712,4.3629976580796255,nested_oof,0.5
184-1,184,1,4,1,0,0.4273337125778198,0.5726662874221802,1,0,0.4273337125778198,0.07266628742218018,4,3,4,0.8126463700234192,4.02576112412178,nested_oof,0.5
184-2,184,2,4,1,0,0.4273337125778198,0.5726662874221802,1,0,0.4273337125778198,0.07266628742218018,4,2,4,0.7939110070257611,3.8454332552693207,nested_oof,0.5
184-3,184,3,4,1,0,0.4273337125778198,0.5726662874221802,1,0,0.4273337125778198,0.07266628742218018,4,3,4,0.8149882903981265,3.9555035128805622,nested_oof,0.5
184-4,184,4,4,1,0,0.4273337125778198,0.5726662874221802,1,0,0.4273337125778198,0.07266628742218018,4,4,3,0.8618266978922717,4.583138173302108,nested_oof,0.5
184-5,184,5,4,1,0,0.4273337125778198,0.5726662874221802,1,0,0.4273337125778198,0.07266628742218018,4,3,3,0.7868852459016393,3.962529274004684,nested_oof,0.5
184-6,184,6,4,1,0,0.4273337125778198,0.5726662874221802,1,0,0.4273337125778198,0.07266628742218018,4,2,2,0.7915690866510539,3.7353629976580796,nested_oof,0.5
184-7,184,7,4,1,0,0.4273337125778198,0.5726662874221802,1,0,0.4273337125778198,0.07266628742218018,5,4,2,0.8407494145199064,3.540983606557377,nested_oof,0.5
184-8,184,8,4,1,0,0.4273337125778198,0.5726662874221802,1,0,0.4273337125778198,0.07266628742218018,3,3,2,0.7985948477751756,2.791569086651054,nested_oof,0.5
184-9,184,9,4,1,0,0.4273337125778198,0.5726662874221802,1,0,0.4273337125778198,0.07266628742218018,5,3,4,0.819672131147541,4.285714285714286,nested_oof,0.5
184-10,184,10,4,1,0,0.4273337125778198,0.5726662874221802,1,0,0.4273337125778198,0.07266628742218018,4,3,4,0.775175644028103,3.4988290398126463,nested_oof,0.5
184-11,184,11,4,1,0,0.4273337125778198,0.5726662874221802,1,0,0.4273337125778198,0.07266628742218018,3,3,4,0.7892271662763466,3.782201405152225,nested_oof,0.5
184-12,184,12,4,1,0,0.4273337125778198,0.5726662874221802,1,0,0.4273337125778198,0.07266628742218018,3,3,4,0.8290398126463701,3.6721311475409837,nested_oof,0.5
185-0,185,0,2,1,0,0.014914512634277233,0.9850854873657228,1,0,0.014914512634277233,0.48508548736572277,5,2,4,0.810304449648712,4.3629976580796255,nested_oof,0.5
185-1,185,1,2,0,1,0.9850854873657228,0.9850854873657228,1,1,0.9850854873657228,0.48508548736572277,4,3,4,0.8126463700234192,4.02576112412178,nested_oof,0.5
185-2,185,2,2,1,0,0.014914512634277233,0.9850854873657228,1,0,0.014914512634277233,0.48508548736572277,4,2,4,0.7939110070257611,3.8454332552693207,nested_oof,0.5
185-3,185,3,2,1,0,0.014914512634277233,0.9850854873657228,1,0,0.014914512634277233,0.48508548736572277,5,2,4,0.8149882903981265,3.9555035128805622,nested_oof,0.5
185-4,185,4,2,1,0,0.014914512634277233,0.9850854873657228,1,0,0.014914512634277233,0.48508548736572277,4,3,3,0.8618266978922717,4.583138173302108,nested_oof,0.5
185-5,185,5,2,1,0,0.014914512634277233,0.9850854873657228,1,0,0.014914512634277233,0.48508548736572277,4,3,3,0.7868852459016393,3.962529274004684,nested_oof,0.5
185-6,185,6,2,1,0,0.014914512634277233,0.9850854873657228,1,0,0.014914512634277233,0.48508548736572277,4,2,2,0.7915690866510539,3.7353629976580796,nested_oof,0.5
185-7,185,7,2,1,0,0.014914512634277233,0.9850854873657228,1,0,0.014914512634277233,0.48508548736572277,4,3,2,0.8407494145199064,3.540983606557377,nested_oof,0.5
185-8,185,8,2,1,0,0.014914512634277233,0.9850854873657228,1,0,0.014914512634277233,0.48508548736572277,3,3,2,0.7985948477751756,2.791569086651054,nested_oof,0.5
185-9,185,9,2,1,0,0.014914512634277233,0.9850854873657228,1,0,0.014914512634277233,0.48508548736572277,5,2,4,0.819672131147541,4.285714285714286,nested_oof,0.5
185-10,185,10,2,1,0,0.014914512634277233,0.9850854873657228,1,0,0.014914512634277233,0.48508548736572277,2,3,4,0.775175644028103,3.4988290398126463,nested_oof,0.5
185-11,185,11,2,1,0,0.014914512634277233,0.9850854873657228,1,0,0.014914512634277233,0.48508548736572277,3,3,4,0.7892271662763466,3.782201405152225,nested_oof,0.5
185-12,185,12,2,1,0,0.014914512634277233,0.9850854873657228,1,0,0.014914512634277233,0.48508548736572277,3,4,4,0.8290398126463701,3.6721311475409837,nested_oof,0.5
186-0,186,0,2,0,0,0.3940968215465545,0.3940968215465545,0,0,0.3940968215465545,0.10590317845344549,5,2,4,0.810304449648712,4.3629976580796255,nested_oof,0.5
186-1,186,1,2,0,0,0.3940968215465545,0.3940968215465545,0,0,0.3940968215465545,0.10590317845344549,4,3,4,0.8126463700234192,4.02576112412178,nested_oof,0.5
186-2,186,2,2,0,0,0.3940968215465545,0.3940968215465545,0,0,0.3940968215465545,0.10590317845344549,4,3,4,0.7939110070257611,3.8454332552693207,nested_oof,0.5
186-3,186,3,2,0,0,0.3940968215465545,0.3940968215465545,0,0,0.3940968215465545,0.10590317845344549,4,2,4,0.8149882903981265,3.9555035128805622,nested_oof,0.5
186-4,186,4,2,0,0,0.3940968215465545,0.3940968215465545,0,0,0.3940968215465545,0.10590317845344549,4,4,3,0.8618266978922717,4.583138173302108,nested_oof,0.5
186-5,186,5,2,0,0,0.3940968215465545,0.3940968215465545,0,0,0.3940968215465545,0.10590317845344549,4,2,3,0.7868852459016393,3.962529274004684,nested_oof,0.5
186-6,186,6,2,1,1,0.6059031784534454,0.3940968215465545,0,1,0.6059031784534454,0.10590317845344549,3,3,2,0.7915690866510539,3.7353629976580796,nested_oof,0.5
186-7,186,7,2,0,0,0.3940968215465545,0.3940968215465545,0,0,0.3940968215465545,0.10590317845344549,4,2,2,0.8407494145199064,3.540983606557377,nested_oof,0.5
186-8,186,8,2,0,0,0.3940968215465545,0.3940968215465545,0,0,0.3940968215465545,0.10590317845344549,3,3,2,0.7985948477751756,2.791569086651054,nested_oof,0.5
186-9,186,9,2,1,1,0.6059031784534454,0.3940968215465545,0,1,0.6059031784534454,0.10590317845344549,3,4,4,0.819672131147541,4.285714285714286,nested_oof,0.5
186-10,186,10,2,1,1,0.6059031784534454,0.3940968215465545,0,1,0.6059031784534454,0.10590317845344549,2,3,4,0.775175644028103,3.4988290398126463,nested_oof,0.5
186-11,186,11,2,0,0,0.3940968215465545,0.3940968215465545,0,0,0.3940968215465545,0.10590317845344549,3,3,4,0.7892271662763466,3.782201405152225,nested_oof,0.5
186-12,186,12,2,0,0,0.3940968215465545,0.3940968215465545,0,0,0.3940968215465545,0.10590317845344549,4,3,4,0.8290398126463701,3.6721311475409837,nested_oof,0.5
187-0,187,0,5,0,0,0.0015914881369099,0.0015914881369099,0,0,0.0015914881369099,0.4984085118630901,5,2,4,0.810304449648712,4.3629976580796255,nested_oof,0.5
187-1,187,1,5,0,0,0.0015914881369099,0.0015914881369099,0,0,0.0015914881369099,0.4984085118630901,4,3,4,0.8126463700234192,4.02576112412178,nested_oof,0.5
187-2,187,2,5,0,0,0.0015914881369099,0.0015914881369099,0,0,0.0015914881369099,0.4984085118630901,3,3,4,0.7939110070257611,3.8454332552693207,nested_oof,0.5
187-3,187,3,5,0,0,0.0015914881369099,0.0015914881369099,0,0,0.0015914881369099,0.4984085118630901,4,3,4,0.8149882903981265,3.9555035128805622,nested_oof,0.5
187-4,187,4,5,0,0,0.0015914881369099,0.0015914881369099,0,0,0.0015914881369099,0.4984085118630901,4,3,3,0.8618266978922717,4.583138173302108,nested_oof,0.5
187-5,187,5,5,0,0,0.0015914881369099,0.0015914881369099,0,0,0.0015914881369099,0.4984085118630901,4,3,3,0.7868852459016393,3.962529274004684,nested_oof,0.5
187-6,187,6,5,0,0,0.0015914881369099,0.0015914881369099,0,0,0.0015914881369099,0.4984085118630901,3,3,2,0.7915690866510539,3.7353629976580796,nested_oof,0.5
187-7,187,7,5,0,0,0.0015914881369099,0.0015914881369099,0,0,0.0015914881369099,0.4984085118630901,3,4,2,0.8407494145199064,3.540983606557377,nested_oof,0.5
187-8,187,8,5,1,1,0.9984085118630901,0.0015914881369099,0,1,0.9984085118630901,0.4984085118630901,3,3,2,0.7985948477751756,2.791569086651054,nested_oof,0.5
187-9,187,9,5,0,0,0.0015914881369099,0.0015914881369099,0,0,0.0015914881369099,0.4984085118630901,5,3,4,0.819672131147541,4.285714285714286,nested_oof,0.5
187-10,187,10,5,1,1,0.9984085118630901,0.0015914881369099,0,1,0.9984085118630901,0.4984085118630901,3,4,4,0.775175644028103,3.4988290398126463,nested_oof,0.5
187-11,187,11,5,0,0,0.0015914881369099,0.0015914881369099,0,0,0.0015914881369099,0.4984085118630901,3,3,4,0.7892271662763466,3.782201405152225,nested_oof,0.5
187-12,187,12,5,0,0,0.0015914881369099,0.0015914881369099,0,0,0.0015914881369099,0.4984085118630901,3,3,4,0.8290398126463701,3.6721311475409837,nested_oof,0.5
188-0,188,0,2,0,0,0.7166167497634888,0.7166167497634888,1,1,0.7166167497634888,0.21661674976348877,5,2,4,0.810304449648712,4.3629976580796255,nested_oof,0.5
188-1,188,1,2,0,0,0.7166167497634888,0.7166167497634888,1,1,0.7166167497634888,0.21661674976348877,4,3,4,0.8126463700234192,4.02576112412178,nested_oof,0.5
188-2,188,2,2,0,0,0.7166167497634888,0.7166167497634888,1,1,0.7166167497634888,0.21661674976348877,4,2,4,0.7939110070257611,3.8454332552693207,nested_oof,0.5
188-3,188,3,2,0,0,0.7166167497634888,0.7166167497634888,1,1,0.7166167497634888,0.21661674976348877,5,1,4,0.8149882903981265,3.9555035128805622,nested_oof,0.5
188-4,188,4,2,0,0,0.7166167497634888,0.7166167497634888,1,1,0.7166167497634888,0.21661674976348877,4,3,3,0.8618266978922717,4.583138173302108,nested_oof,0.5
188-5,188,5,2,0,0,0.7166167497634888,0.7166167497634888,1,1,0.7166167497634888,0.21661674976348877,5,2,3,0.7868852459016393,3.962529274004684,nested_oof,0.5
188-6,188,6,2,0,0,0.7166167497634888,0.7166167497634888,1,1,0.7166167497634888,0.21661674976348877,3,3,2,0.7915690866510539,3.7353629976580796,nested_oof,0.5
188-7,188,7,2,0,0,0.7166167497634888,0.7166167497634888,1,1,0.7166167497634888,0.21661674976348877,5,1,2,0.8407494145199064,3.540983606557377,nested_oof,0.5
188-8,188,8,2,0,0,0.7166167497634888,0.7166167497634888,1,1,0.7166167497634888,0.21661674976348877,3,3,2,0.7985948477751756,2.791569086651054,nested_oof,0.5
188-9,188,9,2,0,0,0.7166167497634888,0.7166167497634888,1,1,0.7166167497634888,0.21661674976348877,4,3,4,0.819672131147541,4.285714285714286,nested_oof,0.5
188-10,188,10,2,0,0,0.7166167497634888,0.7166167497634888,1,1,0.7166167497634888,0.21661674976348877,5,1,4,0.775175644028103,3.4988290398126463,nested_oof,0.5
188-11,188,11,2,0,0,0.7166167497634888,0.7166167497634888,1,1,0.7166167497634888,0.21661674976348877,3,3,4,0.7892271662763466,3.782201405152225,nested_oof,0.5
188-12,188,12,2,0,0,0.7166167497634888,0.7166167497634888,1,1,0.7166167497634888,0.21661674976348877,4,3,4,0.8290398126463701,3.6721311475409837,nested_oof,0.5
189-0,189,0,5,0,0,0.0012192049762234,0.0012192049762234,0,0,0.0012192049762234,0.4987807950237766,5,2,4,0.810304449648712,4.3629976580796255,nested_oof,0.5
189-1,189,1,5,0,0,0.0012192049762234,0.0012192049762234,0,0,0.0012192049762234,0.4987807950237766,4,3,4,0.8126463700234192,4.02576112412178,nested_oof,0.5
189-2,189,2,5,0,0,0.0012192049762234,0.0012192049762234,0,0,0.0012192049762234,0.4987807950237766,5,2,4,0.7939110070257611,3.8454332552693207,nested_oof,0.5
189-3,189,3,5,0,0,0.0012192049762234,0.0012192049762234,0,0,0.0012192049762234,0.4987807950237766,5,1,4,0.8149882903981265,3.9555035128805622,nested_oof,0.5
189-4,189,4,5,0,0,0.0012192049762234,0.0012192049762234,0,0,0.0012192049762234,0.4987807950237766,5,1,3,0.8618266978922717,4.583138173302108,nested_oof,0.5
189-5,189,5,5,0,0,0.0012192049762234,0.0012192049762234,0,0,0.0012192049762234,0.4987807950237766,4,2,3,0.7868852459016393,3.962529274004684,nested_oof,0.5
189-6,189,6,5,0,0,0.0012192049762234,0.0012192049762234,0,0,0.0012192049762234,0.4987807950237766,5,1,2,0.7915690866510539,3.7353629976580796,nested_oof,0.5
189-7,189,7,5,0,0,0.0012192049762234,0.0012192049762234,0,0,0.0012192049762234,0.4987807950237766,5,1,2,0.8407494145199064,3.540983606557377,nested_oof,0.5
189-8,189,8,5,0,0,0.0012192049762234,0.0012192049762234,0,0,0.0012192049762234,0.4987807950237766,3,3,2,0.7985948477751756,2.791569086651054,nested_oof,0.5
189-9,189,9,5,0,0,0.0012192049762234,0.0012192049762234,0,0,0.0012192049762234,0.4987807950237766,4,3,4,0.819672131147541,4.285714285714286,nested_oof,0.5
189-10,189,10,5,0,0,0.0012192049762234,0.0012192049762234,0,0,0.0012192049762234,0.4987807950237766,4,1,4,0.775175644028103,3.4988290398126463,nested_oof,0.5
189-11,189,11,5,0,0,0.0012192049762234,0.0012192049762234,0,0,0.0012192049762234,0.4987807950237766,3,3,4,0.7892271662763466,3.782201405152225,nested_oof,0.5
189-12,189,12,5,0,0,0.0012192049762234,0.0012192049762234,0,0,0.0012192049762234,0.4987807950237766,4,2,4,0.8290398126463701,3.6721311475409837,nested_oof,0.5
190-0,190,0,4,0,0,0.8142991662025452,0.8142991662025452,1,1,0.8142991662025452,0.31429916620254517,5,2,4,0.810304449648712,4.3629976580796255,nested_oof,0.5
190-1,190,1,4,0,0,0.8142991662025452,0.8142991662025452,1,1,0.8142991662025452,0.31429916620254517,4,3,4,0.8126463700234192,4.02576112412178,nested_oof,0.5
190-2,190,2,4,0,0,0.8142991662025452,0.8142991662025452,1,1,0.8142991662025452,0.31429916620254517,4,2,4,0.7939110070257611,3.8454332552693207,nested_oof,0.5
190-3,190,3,4,0,0,0.8142991662025452,0.8142991662025452,1,1,0.8142991662025452,0.31429916620254517,4,4,4,0.8149882903981265,3.9555035128805622,nested_oof,0.5
190-4,190,4,4,0,0,0.8142991662025452,0.8142991662025452,1,1,0.8142991662025452,0.31429916620254517,5,3,3,0.8618266978922717,4.583138173302108,nested_oof,0.5
190-5,190,5,4,0,0,0.8142991662025452,0.8142991662025452,1,1,0.8142991662025452,0.31429916620254517,4,3,3,0.7868852459016393,3.962529274004684,nested_oof,0.5
190-6,190,6,4,0,0,0.8142991662025452,0.8142991662025452,1,1,0.8142991662025452,0.31429916620254517,4,3,2,0.7915690866510539,3.7353629976580796,nested_oof,0.5
190-7,190,7,4,0,0,0.8142991662025452,0.8142991662025452,1,1,0.8142991662025452,0.31429916620254517,5,2,2,0.8407494145199064,3.540983606557377,nested_oof,0.5
190-8,190,8,4,0,0,0.8142991662025452,0.8142991662025452,1,1,0.8142991662025452,0.31429916620254517,3,3,2,0.7985948477751756,2.791569086651054,nested_oof,0.5
190-9,190,9,4,1,1,0.18570083379745483,0.8142991662025452,1,0,0.18570083379745483,0.31429916620254517,4,4,4,0.819672131147541,4.285714285714286,nested_oof,0.5
190-10,190,10,4,0,0,0.8142991662025452,0.8142991662025452,1,1,0.8142991662025452,0.31429916620254517,3,2,4,0.775175644028103,3.4988290398126463,nested_oof,0.5
190-11,190,11,4,0,0,0.8142991662025452,0.8142991662025452,1,1,0.8142991662025452,0.31429916620254517,3,3,4,0.7892271662763466,3.782201405152225,nested_oof,0.5
190-12,190,12,4,0,0,0.8142991662025452,0.8142991662025452,1,1,0.8142991662025452,0.31429916620254517,4,2,4,0.8290398126463701,3.6721311475409837,nested_oof,0.5
191-0,191,0,3,0,0,0.1391119658946991,0.1391119658946991,0,0,0.1391119658946991,0.3608880341053009,5,2,4,0.810304449648712,4.3629976580796255,nested_oof,0.5
191-1,191,1,3,0,0,0.1391119658946991,0.1391119658946991,0,0,0.1391119658946991,0.3608880341053009,3,3,4,0.8126463700234192,4.02576112412178,nested_oof,0.5
191-2,191,2,3,1,1,0.8608880341053009,0.1391119658946991,0,1,0.8608880341053009,0.3608880341053009,2,3,4,0.7939110070257611,3.8454332552693207,nested_oof,0.5
191-3,191,3,3,0,0,0.1391119658946991,0.1391119658946991,0,0,0.1391119658946991,0.3608880341053009,3,4,4,0.8149882903981265,3.9555035128805622,nested_oof,0.5
191-4,191,4,3,0,0,0.1391119658946991,0.1391119658946991,0,0,0.1391119658946991,0.3608880341053009,4,4,3,0.8618266978922717,4.583138173302108,nested_oof,0.5
191-5,191,5,3,1,1,0.8608880341053009,0.1391119658946991,0,1,0.8608880341053009,0.3608880341053009,3,4,3,0.7868852459016393,3.962529274004684,nested_oof,0.5
191-6,191,6,3,0,0,0.1391119658946991,0.1391119658946991,0,0,0.1391119658946991,0.3608880341053009,4,3,2,0.7915690866510539,3.7353629976580796,nested_oof,0.5
191-7,191,7,3,0,0,0.1391119658946991,0.1391119658946991,0,0,0.1391119658946991,0.3608880341053009,4,2,2,0.8407494145199064,3.540983606557377,nested_oof,0.5
191-8,191,8,3,1,1,0.8608880341053009,0.1391119658946991,0,1,0.8608880341053009,0.3608880341053009,2,3,2,0.7985948477751756,2.791569086651054,nested_oof,0.5
191-9,191,9,3,1,1,0.8608880341053009,0.1391119658946991,0,1,0.8608880341053009,0.3608880341053009,4,3,4,0.819672131147541,4.285714285714286,nested_oof,0.5
191-10,191,10,3,1,1,0.8608880341053009,0.1391119658946991,0,1,0.8608880341053009,0.3608880341053009,3,3,4,0.775175644028103,3.4988290398126463,nested_oof,0.5
191-11,191,11,3,1,1,0.8608880341053009,0.1391119658946991,0,1,0.8608880341053009,0.3608880341053009,3,3,4,0.7892271662763466,3.782201405152225,nested_oof,0.5
191-12,191,12,3,0,0,0.1391119658946991,0.1391119658946991,0,0,0.1391119658946991,0.3608880341053009,4,2,4,0.8290398126463701,3.6721311475409837,nested_oof,0.5
192-0,192,0,4,1,0,0.7302049100399017,0.2697950899600982,0,1,0.7302049100399017,0.2302049100399018,5,2,4,0.810304449648712,4.3629976580796255,nested_oof,0.5
192-1,192,1,4,1,0,0.7302049100399017,0.2697950899600982,0,1,0.7302049100399017,0.2302049100399018,4,3,4,0.8126463700234192,4.02576112412178,nested_oof,0.5
192-2,192,2,4,1,0,0.7302049100399017,0.2697950899600982,0,1,0.7302049100399017,0.2302049100399018,5,2,4,0.7939110070257611,3.8454332552693207,nested_oof,0.5
192-3,192,3,4,1,0,0.7302049100399017,0.2697950899600982,0,1,0.7302049100399017,0.2302049100399018,5,2,4,0.8149882903981265,3.9555035128805622,nested_oof,0.5
192-4,192,4,4,1,0,0.7302049100399017,0.2697950899600982,0,1,0.7302049100399017,0.2302049100399018,4,4,3,0.8618266978922717,4.583138173302108,nested_oof,0.5
192-5,192,5,4,1,0,0.7302049100399017,0.2697950899600982,0,1,0.7302049100399017,0.2302049100399018,5,3,3,0.7868852459016393,3.962529274004684,nested_oof,0.5
192-6,192,6,4,1,0,0.7302049100399017,0.2697950899600982,0,1,0.7302049100399017,0.2302049100399018,4,2,2,0.7915690866510539,3.7353629976580796,nested_oof,0.5
192-7,192,7,4,1,0,0.7302049100399017,0.2697950899600982,0,1,0.7302049100399017,0.2302049100399018,5,4,2,0.8407494145199064,3.540983606557377,nested_oof,0.5
192-8,192,8,4,1,0,0.7302049100399017,0.2697950899600982,0,1,0.7302049100399017,0.2302049100399018,3,3,2,0.7985948477751756,2.791569086651054,nested_oof,0.5
192-9,192,9,4,1,0,0.7302049100399017,0.2697950899600982,0,1,0.7302049100399017,0.2302049100399018,4,3,4,0.819672131147541,4.285714285714286,nested_oof,0.5
192-10,192,10,4,1,0,0.7302049100399017,0.2697950899600982,0,1,0.7302049100399017,0.2302049100399018,4,3,4,0.775175644028103,3.4988290398126463,nested_oof,0.5
192-11,192,11,4,1,0,0.7302049100399017,0.2697950899600982,0,1,0.7302049100399017,0.2302049100399018,3,3,4,0.7892271662763466,3.782201405152225,nested_oof,0.5
192-12,192,12,4,1,0,0.7302049100399017,0.2697950899600982,0,1,0.7302049100399017,0.2302049100399018,3,3,4,0.8290398126463701,3.6721311475409837,nested_oof,0.5
193-0,193,0,2,0,0,0.3692027330398559,0.3692027330398559,0,0,0.3692027330398559,0.1307972669601441,5,2,4,0.810304449648712,4.3629976580796255,nested_oof,0.5
193-1,193,1,2,0,0,0.3692027330398559,0.3692027330398559,0,0,0.3692027330398559,0.1307972669601441,4,3,4,0.8126463700234192,4.02576112412178,nested_oof,0.5
193-2,193,2,2,0,0,0.3692027330398559,0.3692027330398559,0,0,0.3692027330398559,0.1307972669601441,4,2,4,0.7939110070257611,3.8454332552693207,nested_oof,0.5
193-3,193,3,2,0,0,0.3692027330398559,0.3692027330398559,0,0,0.3692027330398559,0.1307972669601441,5,1,4,0.8149882903981265,3.9555035128805622,nested_oof,0.5
193-4,193,4,2,0,0,0.3692027330398559,0.3692027330398559,0,0,0.3692027330398559,0.1307972669601441,5,3,3,0.8618266978922717,4.583138173302108,nested_oof,0.5
193-5,193,5,2,0,0,0.3692027330398559,0.3692027330398559,0,0,0.3692027330398559,0.1307972669601441,4,3,3,0.7868852459016393,3.962529274004684,nested_oof,0.5
193-6,193,6,2,0,0,0.3692027330398559,0.3692027330398559,0,0,0.3692027330398559,0.1307972669601441,4,3,2,0.7915690866510539,3.7353629976580796,nested_oof,0.5
193-7,193,7,2,0,0,0.3692027330398559,0.3692027330398559,0,0,0.3692027330398559,0.1307972669601441,5,2,2,0.8407494145199064,3.540983606557377,nested_oof,0.5
193-8,193,8,2,0,0,0.3692027330398559,0.3692027330398559,0,0,0.3692027330398559,0.1307972669601441,3,3,2,0.7985948477751756,2.791569086651054,nested_oof,0.5
193-9,193,9,2,0,0,0.3692027330398559,0.3692027330398559,0,0,0.3692027330398559,0.1307972669601441,4,3,4,0.819672131147541,4.285714285714286,nested_oof,0.5
193-10,193,10,2,0,0,0.3692027330398559,0.3692027330398559,0,0,0.3692027330398559,0.1307972669601441,4,2,4,0.775175644028103,3.4988290398126463,nested_oof,0.5
193-11,193,11,2,0,0,0.3692027330398559,0.3692027330398559,0,0,0.3692027330398559,0.1307972669601441,3,3,4,0.7892271662763466,3.782201405152225,nested_oof,0.5
193-12,193,12,2,0,0,0.3692027330398559,0.3692027330398559,0,0,0.3692027330398559,0.1307972669601441,4,2,4,0.8290398126463701,3.6721311475409837,nested_oof,0.5
194-0,194,0,5,1,0,0.021836280822754017,0.978163719177246,1,0,0.021836280822754017,0.478163719177246,5,2,4,0.810304449648712,4.3629976580796255,nested_oof,0.5
194-1,194,1,5,1,0,0.021836280822754017,0.978163719177246,1,0,0.021836280822754017,0.478163719177246,3,3,4,0.8126463700234192,4.02576112412178,nested_oof,0.5
194-2,194,2,5,1,0,0.021836280822754017,0.978163719177246,1,0,0.021836280822754017,0.478163719177246,4,3,4,0.7939110070257611,3.8454332552693207,nested_oof,0.5
194-3,194,3,5,1,0,0.021836280822754017,0.978163719177246,1,0,0.021836280822754017,0.478163719177246,4,4,4,0.8149882903981265,3.9555035128805622,nested_oof,0.5
194-4,194,4,5,1,0,0.021836280822754017,0.978163719177246,1,0,0.021836280822754017,0.478163719177246,5,4,3,0.8618266978922717,4.583138173302108,nested_oof,0.5
194-5,194,5,5,1,0,0.021836280822754017,0.978163719177246,1,0,0.021836280822754017,0.478163719177246,4,4,3,0.7868852459016393,3.962529274004684,nested_oof,0.5
194-6,194,6,5,1,0,0.021836280822754017,0.978163719177246,1,0,0.021836280822754017,0.478163719177246,4,3,2,0.7915690866510539,3.7353629976580796,nested_oof,0.5
194-7,194,7,5,1,0,0.021836280822754017,0.978163719177246,1,0,0.021836280822754017,0.478163719177246,4,4,2,0.8407494145199064,3.540983606557377,nested_oof,0.5
194-8,194,8,5,1,0,0.021836280822754017,0.978163719177246,1,0,0.021836280822754017,0.478163719177246,3,3,2,0.7985948477751756,2.791569086651054,nested_oof,0.5
194-9,194,9,5,1,0,0.021836280822754017,0.978163719177246,1,0,0.021836280822754017,0.478163719177246,4,3,4,0.819672131147541,4.285714285714286,nested_oof,0.5
194-10,194,10,5,1,0,0.021836280822754017,0.978163719177246,1,0,0.021836280822754017,0.478163719177246,3,4,4,0.775175644028103,3.4988290398126463,nested_oof,0.5
194-11,194,11,5,1,0,0.021836280822754017,0.978163719177246,1,0,0.021836280822754017,0.478163719177246,3,3,4,0.7892271662763466,3.782201405152225,nested_oof,0.5
194-12,194,12,5,1,0,0.021836280822754017,0.978163719177246,1,0,0.021836280822754017,0.478163719177246,3,4,4,0.8290398126463701,3.6721311475409837,nested_oof,0.5
195-0,195,0,4,1,0,0.2612408995628357,0.7387591004371643,1,0,0.2612408995628357,0.2387591004371643,5,2,4,0.810304449648712,4.3629976580796255,nested_oof,0.5
195-1,195,1,4,0,1,0.7387591004371643,0.7387591004371643,1,1,0.7387591004371643,0.2387591004371643,4,3,4,0.8126463700234192,4.02576112412178,nested_oof,0.5
195-2,195,2,4,0,1,0.7387591004371643,0.7387591004371643,1,1,0.7387591004371643,0.2387591004371643,4,2,4,0.7939110070257611,3.8454332552693207,nested_oof,0.5
195-3,195,3,4,0,1,0.7387591004371643,0.7387591004371643,1,1,0.7387591004371643,0.2387591004371643,5,2,4,0.8149882903981265,3.9555035128805622,nested_oof,0.5
195-4,195,4,4,1,0,0.2612408995628357,0.7387591004371643,1,0,0.2612408995628357,0.2387591004371643,4,4,3,0.8618266978922717,4.583138173302108,nested_oof,0.5
195-5,195,5,4,0,1,0.7387591004371643,0.7387591004371643,1,1,0.7387591004371643,0.2387591004371643,5,2,3,0.7868852459016393,3.962529274004684,nested_oof,0.5
195-6,195,6,4,0,1,0.7387591004371643,0.7387591004371643,1,1,0.7387591004371643,0.2387591004371643,4,2,2,0.7915690866510539,3.7353629976580796,nested_oof,0.5
195-7,195,7,4,1,0,0.2612408995628357,0.7387591004371643,1,0,0.2612408995628357,0.2387591004371643,4,3,2,0.8407494145199064,3.540983606557377,nested_oof,0.5
195-8,195,8,4,1,0,0.2612408995628357,0.7387591004371643,1,0,0.2612408995628357,0.2387591004371643,3,3,2,0.7985948477751756,2.791569086651054,nested_oof,0.5
195-9,195,9,4,0,1,0.7387591004371643,0.7387591004371643,1,1,0.7387591004371643,0.2387591004371643,4,3,4,0.819672131147541,4.285714285714286,nested_oof,0.5
195-10,195,10,4,0,1,0.7387591004371643,0.7387591004371643,1,1,0.7387591004371643,0.2387591004371643,4,2,4,0.775175644028103,3.4988290398126463,nested_oof,0.5
195-11,195,11,4,1,0,0.2612408995628357,0.7387591004371643,1,0,0.2612408995628357,0.2387591004371643,3,3,4,0.7892271662763466,3.782201405152225,nested_oof,0.5
195-12,195,12,4,0,1,0.7387591004371643,0.7387591004371643,1,1,0.7387591004371643,0.2387591004371643,4,2,4,0.8290398126463701,3.6721311475409837,nested_oof,0.5
196-0,196,0,2,0,0,0.0098552946001291,0.0098552946001291,0,0,0.0098552946001291,0.4901447053998709,5,2,4,0.810304449648712,4.3629976580796255,nested_oof,0.5
196-1,196,1,2,0,0,0.0098552946001291,0.0098552946001291,0,0,0.0098552946001291,0.4901447053998709,4,3,4,0.8126463700234192,4.02576112412178,nested_oof,0.5
196-2,196,2,2,0,0,0.0098552946001291,0.0098552946001291,0,0,0.0098552946001291,0.4901447053998709,4,3,4,0.7939110070257611,3.8454332552693207,nested_oof,0.5
196-3,196,3,2,0,0,0.0098552946001291,0.0098552946001291,0,0,0.0098552946001291,0.4901447053998709,4,3,4,0.8149882903981265,3.9555035128805622,nested_oof,0.5
196-4,196,4,2,0,0,0.0098552946001291,0.0098552946001291,0,0,0.0098552946001291,0.4901447053998709,4,3,3,0.8618266978922717,4.583138173302108,nested_oof,0.5
196-5,196,5,2,1,1,0.9901447053998709,0.0098552946001291,0,1,0.9901447053998709,0.4901447053998709,4,3,3,0.7868852459016393,3.962529274004684,nested_oof,0.5
196-6,196,6,2,0,0,0.0098552946001291,0.0098552946001291,0,0,0.0098552946001291,0.4901447053998709,4,2,2,0.7915690866510539,3.7353629976580796,nested_oof,0.5
196-7,196,7,2,0,0,0.0098552946001291,0.0098552946001291,0,0,0.0098552946001291,0.4901447053998709,4,3,2,0.8407494145199064,3.540983606557377,nested_oof,0.5
196-8,196,8,2,0,0,0.0098552946001291,0.0098552946001291,0,0,0.0098552946001291,0.4901447053998709,2,3,2,0.7985948477751756,2.791569086651054,nested_oof,0.5
196-9,196,9,2,0,0,0.0098552946001291,0.0098552946001291,0,0,0.0098552946001291,0.4901447053998709,5,2,4,0.819672131147541,4.285714285714286,nested_oof,0.5
196-10,196,10,2,0,0,0.0098552946001291,0.0098552946001291,0,0,0.0098552946001291,0.4901447053998709,3,3,4,0.775175644028103,3.4988290398126463,nested_oof,0.5
196-11,196,11,2,1,1,0.9901447053998709,0.0098552946001291,0,1,0.9901447053998709,0.4901447053998709,3,3,4,0.7892271662763466,3.782201405152225,nested_oof,0.5
196-12,196,12,2,0,0,0.0098552946001291,0.0098552946001291,0,0,0.0098552946001291,0.4901447053998709,4,2,4,0.8290398126463701,3.6721311475409837,nested_oof,0.5
197-0,197,0,1,0,0,0.6306290626525879,0.6306290626525879,1,1,0.6306290626525879,0.1306290626525879,5,2,4,0.810304449648712,4.3629976580796255,nested_oof,0.5
197-1,197,1,1,0,0,0.6306290626525879,0.6306290626525879,1,1,0.6306290626525879,0.1306290626525879,4,3,4,0.8126463700234192,4.02576112412178,nested_oof,0.5
197-2,197,2,1,0,0,0.6306290626525879,0.6306290626525879,1,1,0.6306290626525879,0.1306290626525879,4,3,4,0.7939110070257611,3.8454332552693207,nested_oof,0.5
197-3,197,3,1,0,0,0.6306290626525879,0.6306290626525879,1,1,0.6306290626525879,0.1306290626525879,5,2,4,0.8149882903981265,3.9555035128805622,nested_oof,0.5
197-4,197,4,1,0,0,0.6306290626525879,0.6306290626525879,1,1,0.6306290626525879,0.1306290626525879,4,3,3,0.8618266978922717,4.583138173302108,nested_oof,0.5
197-5,197,5,1,0,0,0.6306290626525879,0.6306290626525879,1,1,0.6306290626525879,0.1306290626525879,4,3,3,0.7868852459016393,3.962529274004684,nested_oof,0.5
197-6,197,6,1,0,0,0.6306290626525879,0.6306290626525879,1,1,0.6306290626525879,0.1306290626525879,3,3,2,0.7915690866510539,3.7353629976580796,nested_oof,0.5
197-7,197,7,1,0,0,0.6306290626525879,0.6306290626525879,1,1,0.6306290626525879,0.1306290626525879,4,2,2,0.8407494145199064,3.540983606557377,nested_oof,0.5
197-8,197,8,1,0,0,0.6306290626525879,0.6306290626525879,1,1,0.6306290626525879,0.1306290626525879,3,3,2,0.7985948477751756,2.791569086651054,nested_oof,0.5
197-9,197,9,1,0,0,0.6306290626525879,0.6306290626525879,1,1,0.6306290626525879,0.1306290626525879,4,3,4,0.819672131147541,4.285714285714286,nested_oof,0.5
197-10,197,10,1,0,0,0.6306290626525879,0.6306290626525879,1,1,0.6306290626525879,0.1306290626525879,2,3,4,0.775175644028103,3.4988290398126463,nested_oof,0.5
197-11,197,11,1,0,0,0.6306290626525879,0.6306290626525879,1,1,0.6306290626525879,0.1306290626525879,3,3,4,0.7892271662763466,3.782201405152225,nested_oof,0.5
197-12,197,12,1,0,0,0.6306290626525879,0.6306290626525879,1,1,0.6306290626525879,0.1306290626525879,4,2,4,0.8290398126463701,3.6721311475409837,nested_oof,0.5
198-0,198,0,4,0,0,0.1254495084285736,0.1254495084285736,0,0,0.1254495084285736,0.3745504915714264,5,2,4,0.810304449648712,4.3629976580796255,nested_oof,0.5
198-1,198,1,4,0,0,0.1254495084285736,0.1254495084285736,0,0,0.1254495084285736,0.3745504915714264,4,3,4,0.8126463700234192,4.02576112412178,nested_oof,0.5
198-2,198,2,4,0,0,0.1254495084285736,0.1254495084285736,0,0,0.1254495084285736,0.3745504915714264,5,2,4,0.7939110070257611,3.8454332552693207,nested_oof,0.5
198-3,198,3,4,0,0,0.1254495084285736,0.1254495084285736,0,0,0.1254495084285736,0.3745504915714264,5,1,4,0.8149882903981265,3.9555035128805622,nested_oof,0.5
198-4,198,4,4,0,0,0.1254495084285736,0.1254495084285736,0,0,0.1254495084285736,0.3745504915714264,4,3,3,0.8618266978922717,4.583138173302108,nested_oof,0.5
198-5,198,5,4,0,0,0.1254495084285736,0.1254495084285736,0,0,0.1254495084285736,0.3745504915714264,5,2,3,0.7868852459016393,3.962529274004684,nested_oof,0.5
198-6,198,6,4,0,0,0.1254495084285736,0.1254495084285736,0,0,0.1254495084285736,0.3745504915714264,4,2,2,0.7915690866510539,3.7353629976580796,nested_oof,0.5
198-7,198,7,4,0,0,0.1254495084285736,0.1254495084285736,0,0,0.1254495084285736,0.3745504915714264,5,2,2,0.8407494145199064,3.540983606557377,nested_oof,0.5
198-8,198,8,4,0,0,0.1254495084285736,0.1254495084285736,0,0,0.1254495084285736,0.3745504915714264,3,3,2,0.7985948477751756,2.791569086651054,nested_oof,0.5
198-9,198,9,4,0,0,0.1254495084285736,0.1254495084285736,0,0,0.1254495084285736,0.3745504915714264,5,1,4,0.819672131147541,4.285714285714286,nested_oof,0.5
198-10,198,10,4,0,0,0.1254495084285736,0.1254495084285736,0,0,0.1254495084285736,0.3745504915714264,4,1,4,0.775175644028103,3.4988290398126463,nested_oof,0.5
198-11,198,11,4,0,0,0.1254495084285736,0.1254495084285736,0,0,0.1254495084285736,0.3745504915714264,3,3,4,0.7892271662763466,3.782201405152225,nested_oof,0.5
198-12,198,12,4,0,0,0.1254495084285736,0.1254495084285736,0,0,0.1254495084285736,0.3745504915714264,4,1,4,0.8290398126463701,3.6721311475409837,nested_oof,0.5
199-0,199,0,4,1,1,0.8570541441440583,0.1429458558559417,0,1,0.8570541441440583,0.35705414414405834,4,3,4,0.810304449648712,4.3629976580796255,nested_oof,0.5
199-1,199,1,4,0,0,0.1429458558559417,0.1429458558559417,0,0,0.1429458558559417,0.35705414414405834,4,3,4,0.8126463700234192,4.02576112412178,nested_oof,0.5
199-2,199,2,4,1,1,0.8570541441440583,0.1429458558559417,0,1,0.8570541441440583,0.35705414414405834,3,3,4,0.7939110070257611,3.8454332552693207,nested_oof,0.5
199-3,199,3,4,1,1,0.8570541441440583,0.1429458558559417,0,1,0.8570541441440583,0.35705414414405834,5,3,4,0.8149882903981265,3.9555035128805622,nested_oof,0.5
199-4,199,4,4,0,0,0.1429458558559417,0.1429458558559417,0,0,0.1429458558559417,0.35705414414405834,4,3,3,0.8618266978922717,4.583138173302108,nested_oof,0.5
199-5,199,5,4,1,1,0.8570541441440583,0.1429458558559417,0,1,0.8570541441440583,0.35705414414405834,4,3,3,0.7868852459016393,3.962529274004684,nested_oof,0.5
199-6,199,6,4,1,1,0.8570541441440583,0.1429458558559417,0,1,0.8570541441440583,0.35705414414405834,3,3,2,0.7915690866510539,3.7353629976580796,nested_oof,0.5
199-7,199,7,4,0,0,0.1429458558559417,0.1429458558559417,0,0,0.1429458558559417,0.35705414414405834,4,2,2,0.8407494145199064,3.540983606557377,nested_oof,0.5
199-8,199,8,4,1,1,0.8570541441440583,0.1429458558559417,0,1,0.8570541441440583,0.35705414414405834,3,3,2,0.7985948477751756,2.791569086651054,nested_oof,0.5
199-9,199,9,4,0,0,0.1429458558559417,0.1429458558559417,0,0,0.1429458558559417,0.35705414414405834,3,4,4,0.819672131147541,4.285714285714286,nested_oof,0.5
199-10,199,10,4,1,1,0.8570541441440583,0.1429458558559417,0,1,0.8570541441440583,0.35705414414405834,2,3,4,0.775175644028103,3.4988290398126463,nested_oof,0.5
199-11,199,11,4,1,1,0.8570541441440583,0.1429458558559417,0,1,0.8570541441440583,0.35705414414405834,3,3,4,0.7892271662763466,3.782201405152225,nested_oof,0.5
199-12,199,12,4,1,1,0.8570541441440583,0.1429458558559417,0,1,0.8570541441440583,0.35705414414405834,3,3,4,0.8290398126463701,3.6721311475409837,nested_oof,0.5
200-0,200,0,5,0,0,0.0073784394189715,0.0073784394189715,0,0,0.0073784394189715,0.4926215605810285,5,2,4,0.810304449648712,4.3629976580796255,nested_oof,0.5
200-1,200,1,5,0,0,0.0073784394189715,0.0073784394189715,0,0,0.0073784394189715,0.4926215605810285,4,3,4,0.8126463700234192,4.02576112412178,nested_oof,0.5
200-2,200,2,5,0,0,0.0073784394189715,0.0073784394189715,0,0,0.0073784394189715,0.4926215605810285,3,3,4,0.7939110070257611,3.8454332552693207,nested_oof,0.5
200-3,200,3,5,0,0,0.0073784394189715,0.0073784394189715,0,0,0.0073784394189715,0.4926215605810285,5,2,4,0.8149882903981265,3.9555035128805622,nested_oof,0.5
200-4,200,4,5,0,0,0.0073784394189715,0.0073784394189715,0,0,0.0073784394189715,0.4926215605810285,5,1,3,0.8618266978922717,4.583138173302108,nested_oof,0.5
200-5,200,5,5,0,0,0.0073784394189715,0.0073784394189715,0,0,0.0073784394189715,0.4926215605810285,5,2,3,0.7868852459016393,3.962529274004684,nested_oof,0.5
200-6,200,6,5,0,0,0.0073784394189715,0.0073784394189715,0,0,0.0073784394189715,0.4926215605810285,4,1,2,0.7915690866510539,3.7353629976580796,nested_oof,0.5
200-7,200,7,5,1,1,0.9926215605810285,0.0073784394189715,0,1,0.9926215605810285,0.4926215605810285,4,4,2,0.8407494145199064,3.540983606557377,nested_oof,0.5
200-8,200,8,5,0,0,0.0073784394189715,0.0073784394189715,0,0,0.0073784394189715,0.4926215605810285,3,3,2,0.7985948477751756,2.791569086651054,nested_oof,0.5
200-9,200,9,5,0,0,0.0073784394189715,0.0073784394189715,0,0,0.0073784394189715,0.4926215605810285,5,1,4,0.819672131147541,4.285714285714286,nested_oof,0.5
200-10,200,10,5,0,0,0.0073784394189715,0.0073784394189715,0,0,0.0073784394189715,0.4926215605810285,4,1,4,0.775175644028103,3.4988290398126463,nested_oof,0.5
200-11,200,11,5,0,0,0.0073784394189715,0.0073784394189715,0,0,0.0073784394189715,0.4926215605810285,3,2,4,0.7892271662763466,3.782201405152225,nested_oof,0.5
200-12,200,12,5,0,0,0.0073784394189715,0.0073784394189715,0,0,0.0073784394189715,0.4926215605810285,4,3,4,0.8290398126463701,3.6721311475409837,nested_oof,0.5
201-0,201,0,3,0,0,0.0511462204158306,0.0511462204158306,0,0,0.0511462204158306,0.4488537795841694,5,2,4,0.810304449648712,4.3629976580796255,nested_oof,0.5
201-1,201,1,3,0,0,0.0511462204158306,0.0511462204158306,0,0,0.0511462204158306,0.4488537795841694,4,3,4,0.8126463700234192,4.02576112412178,nested_oof,0.5
201-2,201,2,3,0,0,0.0511462204158306,0.0511462204158306,0,0,0.0511462204158306,0.4488537795841694,4,2,4,0.7939110070257611,3.8454332552693207,nested_oof,0.5
201-3,201,3,3,0,0,0.0511462204158306,0.0511462204158306,0,0,0.0511462204158306,0.4488537795841694,5,3,4,0.8149882903981265,3.9555035128805622,nested_oof,0.5
201-4,201,4,3,0,0,0.0511462204158306,0.0511462204158306,0,0,0.0511462204158306,0.4488537795841694,4,3,3,0.8618266978922717,4.583138173302108,nested_oof,0.5
201-5,201,5,3,0,0,0.0511462204158306,0.0511462204158306,0,0,0.0511462204158306,0.4488537795841694,4,3,3,0.7868852459016393,3.962529274004684,nested_oof,0.5
201-6,201,6,3,0,0,0.0511462204158306,0.0511462204158306,0,0,0.0511462204158306,0.4488537795841694,4,1,2,0.7915690866510539,3.7353629976580796,nested_oof,0.5
201-7,201,7,3,0,0,0.0511462204158306,0.0511462204158306,0,0,0.0511462204158306,0.4488537795841694,4,3,2,0.8407494145199064,3.540983606557377,nested_oof,0.5
201-8,201,8,3,0,0,0.0511462204158306,0.0511462204158306,0,0,0.0511462204158306,0.4488537795841694,3,3,2,0.7985948477751756,2.791569086651054,nested_oof,0.5
201-9,201,9,3,1,1,0.9488537795841694,0.0511462204158306,0,1,0.9488537795841694,0.4488537795841694,3,4,4,0.819672131147541,4.285714285714286,nested_oof,0.5
201-10,201,10,3,0,0,0.0511462204158306,0.0511462204158306,0,0,0.0511462204158306,0.4488537795841694,3,2,4,0.775175644028103,3.4988290398126463,nested_oof,0.5
201-11,201,11,3,0,0,0.0511462204158306,0.0511462204158306,0,0,0.0511462204158306,0.4488537795841694,3,3,4,0.7892271662763466,3.782201405152225,nested_oof,0.5
201-12,201,12,3,0,0,0.0511462204158306,0.0511462204158306,0,0,0.0511462204158306,0.4488537795841694,4,2,4,0.8290398126463701,3.6721311475409837,nested_oof,0.5
202-0,202,0,4,1,0,0.8749866932630539,0.1250133067369461,0,1,0.8749866932630539,0.3749866932630539,5,2,4,0.810304449648712,4.3629976580796255,nested_oof,0.5
202-1,202,1,4,1,0,0.8749866932630539,0.1250133067369461,0,1,0.8749866932630539,0.3749866932630539,4,3,4,0.8126463700234192,4.02576112412178,nested_oof,0.5
202-2,202,2,4,1,0,0.8749866932630539,0.1250133067369461,0,1,0.8749866932630539,0.3749866932630539,4,2,4,0.7939110070257611,3.8454332552693207,nested_oof,0.5
202-3,202,3,4,1,0,0.8749866932630539,0.1250133067369461,0,1,0.8749866932630539,0.3749866932630539,5,2,4,0.8149882903981265,3.9555035128805622,nested_oof,0.5
202-4,202,4,4,1,0,0.8749866932630539,0.1250133067369461,0,1,0.8749866932630539,0.3749866932630539,5,3,3,0.8618266978922717,4.583138173302108,nested_oof,0.5
202-5,202,5,4,1,0,0.8749866932630539,0.1250133067369461,0,1,0.8749866932630539,0.3749866932630539,4,3,3,0.7868852459016393,3.962529274004684,nested_oof,0.5
202-6,202,6,4,1,0,0.8749866932630539,0.1250133067369461,0,1,0.8749866932630539,0.3749866932630539,4,3,2,0.7915690866510539,3.7353629976580796,nested_oof,0.5
202-7,202,7,4,1,0,0.8749866932630539,0.1250133067369461,0,1,0.8749866932630539,0.3749866932630539,4,3,2,0.8407494145199064,3.540983606557377,nested_oof,0.5
202-8,202,8,4,1,0,0.8749866932630539,0.1250133067369461,0,1,0.8749866932630539,0.3749866932630539,3,3,2,0.7985948477751756,2.791569086651054,nested_oof,0.5
202-9,202,9,4,1,0,0.8749866932630539,0.1250133067369461,0,1,0.8749866932630539,0.3749866932630539,5,3,4,0.819672131147541,4.285714285714286,nested_oof,0.5
202-10,202,10,4,1,0,0.8749866932630539,0.1250133067369461,0,1,0.8749866932630539,0.3749866932630539,4,3,4,0.775175644028103,3.4988290398126463,nested_oof,0.5
202-11,202,11,4,1,0,0.8749866932630539,0.1250133067369461,0,1,0.8749866932630539,0.3749866932630539,3,3,4,0.7892271662763466,3.782201405152225,nested_oof,0.5
202-12,202,12,4,1,0,0.8749866932630539,0.1250133067369461,0,1,0.8749866932630539,0.3749866932630539,3,4,4,0.8290398126463701,3.6721311475409837,nested_oof,0.5
203-0,203,0,3,1,1,0.13730883598327637,0.8626911640167236,1,0,0.13730883598327637,0.36269116401672363,5,2,4,0.810304449648712,4.3629976580796255,nested_oof,0.5
203-1,203,1,3,0,0,0.8626911640167236,0.8626911640167236,1,1,0.8626911640167236,0.36269116401672363,4,3,4,0.8126463700234192,4.02576112412178,nested_oof,0.5
203-2,203,2,3,0,0,0.8626911640167236,0.8626911640167236,1,1,0.8626911640167236,0.36269116401672363,4,3,4,0.7939110070257611,3.8454332552693207,nested_oof,0.5
203-3,203,3,3,1,1,0.13730883598327637,0.8626911640167236,1,0,0.13730883598327637,0.36269116401672363,4,4,4,0.8149882903981265,3.9555035128805622,nested_oof,0.5
203-4,203,4,3,0,0,0.8626911640167236,0.8626911640167236,1,1,0.8626911640167236,0.36269116401672363,4,4,3,0.8618266978922717,4.583138173302108,nested_oof,0.5
203-5,203,5,3,0,0,0.8626911640167236,0.8626911640167236,1,1,0.8626911640167236,0.36269116401672363,4,4,3,0.7868852459016393,3.962529274004684,nested_oof,0.5
203-6,203,6,3,1,1,0.13730883598327637,0.8626911640167236,1,0,0.13730883598327637,0.36269116401672363,4,2,2,0.7915690866510539,3.7353629976580796,nested_oof,0.5
203-7,203,7,3,0,0,0.8626911640167236,0.8626911640167236,1,1,0.8626911640167236,0.36269116401672363,4,3,2,0.8407494145199064,3.540983606557377,nested_oof,0.5
203-8,203,8,3,0,0,0.8626911640167236,0.8626911640167236,1,1,0.8626911640167236,0.36269116401672363,3,3,2,0.7985948477751756,2.791569086651054,nested_oof,0.5
203-9,203,9,3,1,1,0.13730883598327637,0.8626911640167236,1,0,0.13730883598327637,0.36269116401672363,3,4,4,0.819672131147541,4.285714285714286,nested_oof,0.5
203-10,203,10,3,1,1,0.13730883598327637,0.8626911640167236,1,0,0.13730883598327637,0.36269116401672363,4,3,4,0.775175644028103,3.4988290398126463,nested_oof,0.5
203-11,203,11,3,0,0,0.8626911640167236,0.8626911640167236,1,1,0.8626911640167236,0.36269116401672363,3,3,4,0.7892271662763466,3.782201405152225,nested_oof,0.5
203-12,203,12,3,0,0,0.8626911640167236,0.8626911640167236,1,1,0.8626911640167236,0.36269116401672363,4,3,4,0.8290398126463701,3.6721311475409837,nested_oof,0.5
204-0,204,0,5,1,0,0.00021880865097034796,0.9997811913490297,1,0,0.00021880865097034796,0.49978119134902965,5,2,4,0.810304449648712,4.3629976580796255,nested_oof,0.5
204-1,204,1,5,1,0,0.00021880865097034796,0.9997811913490297,1,0,0.00021880865097034796,0.49978119134902965,4,3,4,0.8126463700234192,4.02576112412178,nested_oof,0.5
204-2,204,2,5,1,0,0.00021880865097034796,0.9997811913490297,1,0,0.00021880865097034796,0.49978119134902965,4,4,4,0.7939110070257611,3.8454332552693207,nested_oof,0.5
204-3,204,3,5,1,0,0.00021880865097034796,0.9997811913490297,1,0,0.00021880865097034796,0.49978119134902965,5,2,4,0.8149882903981265,3.9555035128805622,nested_oof,0.5
204-4,204,4,5,1,0,0.00021880865097034796,0.9997811913490297,1,0,0.00021880865097034796,0.49978119134902965,5,3,3,0.8618266978922717,4.583138173302108,nested_oof,0.5
204-5,204,5,5,1,0,0.00021880865097034796,0.9997811913490297,1,0,0.00021880865097034796,0.49978119134902965,4,4,3,0.7868852459016393,3.962529274004684,nested_oof,0.5
204-6,204,6,5,1,0,0.00021880865097034796,0.9997811913490297,1,0,0.00021880865097034796,0.49978119134902965,3,4,2,0.7915690866510539,3.7353629976580796,nested_oof,0.5
204-7,204,7,5,1,0,0.00021880865097034796,0.9997811913490297,1,0,0.00021880865097034796,0.49978119134902965,4,3,2,0.8407494145199064,3.540983606557377,nested_oof,0.5
204-8,204,8,5,1,0,0.00021880865097034796,0.9997811913490297,1,0,0.00021880865097034796,0.49978119134902965,4,2,2,0.7985948477751756,2.791569086651054,nested_oof,0.5
204-9,204,9,5,1,0,0.00021880865097034796,0.9997811913490297,1,0,0.00021880865097034796,0.49978119134902965,4,3,4,0.819672131147541,4.285714285714286,nested_oof,0.5
204-10,204,10,5,1,0,0.00021880865097034796,0.9997811913490297,1,0,0.00021880865097034796,0.49978119134902965,3,3,4,0.775175644028103,3.4988290398126463,nested_oof,0.5
204-11,204,11,5,1,0,0.00021880865097034796,0.9997811913490297,1,0,0.00021880865097034796,0.49978119134902965,3,3,4,0.7892271662763466,3.782201405152225,nested_oof,0.5
204-12,204,12,5,1,0,0.00021880865097034796,0.9997811913490297,1,0,0.00021880865097034796,0.49978119134902965,4,2,4,0.8290398126463701,3.6721311475409837,nested_oof,0.5
205-0,205,0,3,0,0,0.1223861053586006,0.1223861053586006,0,0,0.1223861053586006,0.3776138946413994,5,2,4,0.810304449648712,4.3629976580796255,nested_oof,0.5
205-1,205,1,3,0,0,0.1223861053586006,0.1223861053586006,0,0,0.1223861053586006,0.3776138946413994,4,3,4,0.8126463700234192,4.02576112412178,nested_oof,0.5
205-2,205,2,3,0,0,0.1223861053586006,0.1223861053586006,0,0,0.1223861053586006,0.3776138946413994,4,2,4,0.7939110070257611,3.8454332552693207,nested_oof,0.5
205-3,205,3,3,0,0,0.1223861053586006,0.1223861053586006,0,0,0.1223861053586006,0.3776138946413994,5,2,4,0.8149882903981265,3.9555035128805622,nested_oof,0.5
205-4,205,4,3,0,0,0.1223861053586006,0.1223861053586006,0,0,0.1223861053586006,0.3776138946413994,5,3,3,0.8618266978922717,4.583138173302108,nested_oof,0.5
205-5,205,5,3,0,0,0.1223861053586006,0.1223861053586006,0,0,0.1223861053586006,0.3776138946413994,4,3,3,0.7868852459016393,3.962529274004684,nested_oof,0.5
205-6,205,6,3,0,0,0.1223861053586006,0.1223861053586006,0,0,0.1223861053586006,0.3776138946413994,4,2,2,0.7915690866510539,3.7353629976580796,nested_oof,0.5
205-7,205,7,3,0,0,0.1223861053586006,0.1223861053586006,0,0,0.1223861053586006,0.3776138946413994,4,2,2,0.8407494145199064,3.540983606557377,nested_oof,0.5
205-8,205,8,3,0,0,0.1223861053586006,0.1223861053586006,0,0,0.1223861053586006,0.3776138946413994,3,3,2,0.7985948477751756,2.791569086651054,nested_oof,0.5
205-9,205,9,3,0,0,0.1223861053586006,0.1223861053586006,0,0,0.1223861053586006,0.3776138946413994,5,2,4,0.819672131147541,4.285714285714286,nested_oof,0.5
205-10,205,10,3,0,0,0.1223861053586006,0.1223861053586006,0,0,0.1223861053586006,0.3776138946413994,2,2,4,0.775175644028103,3.4988290398126463,nested_oof,0.5
205-11,205,11,3,1,1,0.8776138946413994,0.1223861053586006,0,1,0.8776138946413994,0.3776138946413994,2,3,4,0.7892271662763466,3.782201405152225,nested_oof,0.5
205-12,205,12,3,0,0,0.1223861053586006,0.1223861053586006,0,0,0.1223861053586006,0.3776138946413994,4,2,4,0.8290398126463701,3.6721311475409837,nested_oof,0.5
206-0,206,0,1,0,0,0.1165494695305824,0.1165494695305824,0,0,0.1165494695305824,0.38345053046941757,5,2,4,0.810304449648712,4.3629976580796255,nested_oof,0.5
206-1,206,1,1,0,0,0.1165494695305824,0.1165494695305824,0,0,0.1165494695305824,0.38345053046941757,4,3,4,0.8126463700234192,4.02576112412178,nested_oof,0.5
206-2,206,2,1,0,0,0.1165494695305824,0.1165494695305824,0,0,0.1165494695305824,0.38345053046941757,4,3,4,0.7939110070257611,3.8454332552693207,nested_oof,0.5
206-3,206,3,1,0,0,0.1165494695305824,0.1165494695305824,0,0,0.1165494695305824,0.38345053046941757,5,2,4,0.8149882903981265,3.9555035128805622,nested_oof,0.5
206-4,206,4,1,0,0,0.1165494695305824,0.1165494695305824,0,0,0.1165494695305824,0.38345053046941757,5,1,3,0.8618266978922717,4.583138173302108,nested_oof,0.5
206-5,206,5,1,0,0,0.1165494695305824,0.1165494695305824,0,0,0.1165494695305824,0.38345053046941757,3,4,3,0.7868852459016393,3.962529274004684,nested_oof,0.5
206-6,206,6,1,0,0,0.1165494695305824,0.1165494695305824,0,0,0.1165494695305824,0.38345053046941757,4,1,2,0.7915690866510539,3.7353629976580796,nested_oof,0.5
206-7,206,7,1,0,0,0.1165494695305824,0.1165494695305824,0,0,0.1165494695305824,0.38345053046941757,4,2,2,0.8407494145199064,3.540983606557377,nested_oof,0.5
206-8,206,8,1,0,0,0.1165494695305824,0.1165494695305824,0,0,0.1165494695305824,0.38345053046941757,3,3,2,0.7985948477751756,2.791569086651054,nested_oof,0.5
206-9,206,9,1,0,0,0.1165494695305824,0.1165494695305824,0,0,0.1165494695305824,0.38345053046941757,4,3,4,0.819672131147541,4.285714285714286,nested_oof,0.5
206-10,206,10,1,0,0,0.1165494695305824,0.1165494695305824,0,0,0.1165494695305824,0.38345053046941757,3,2,4,0.775175644028103,3.4988290398126463,nested_oof,0.5
206-11,206,11,1,0,0,0.1165494695305824,0.1165494695305824,0,0,0.1165494695305824,0.38345053046941757,3,3,4,0.7892271662763466,3.782201405152225,nested_oof,0.5
206-12,206,12,1,0,0,0.1165494695305824,0.1165494695305824,0,0,0.1165494695305824,0.38345053046941757,3,3,4,0.8290398126463701,3.6721311475409837,nested_oof,0.5
207-0,207,0,2,0,0,0.0083263795822858,0.0083263795822858,0,0,0.0083263795822858,0.4916736204177142,4,3,4,0.810304449648712,4.3629976580796255,nested_oof,0.5
207-1,207,1,2,0,0,0.0083263795822858,0.0083263795822858,0,0,0.0083263795822858,0.4916736204177142,3,3,4,0.8126463700234192,4.02576112412178,nested_oof,0.5
207-2,207,2,2,0,0,0.0083263795822858,0.0083263795822858,0,0,0.0083263795822858,0.4916736204177142,3,3,4,0.7939110070257611,3.8454332552693207,nested_oof,0.5
207-3,207,3,2,0,0,0.0083263795822858,0.0083263795822858,0,0,0.0083263795822858,0.4916736204177142,4,3,4,0.8149882903981265,3.9555035128805622,nested_oof,0.5
207-4,207,4,2,0,0,0.0083263795822858,0.0083263795822858,0,0,0.0083263795822858,0.4916736204177142,4,4,3,0.8618266978922717,4.583138173302108,nested_oof,0.5
207-5,207,5,2,1,1,0.9916736204177142,0.0083263795822858,0,1,0.9916736204177142,0.4916736204177142,3,4,3,0.7868852459016393,3.962529274004684,nested_oof,0.5
207-6,207,6,2,0,0,0.0083263795822858,0.0083263795822858,0,0,0.0083263795822858,0.4916736204177142,2,4,2,0.7915690866510539,3.7353629976580796,nested_oof,0.5
207-7,207,7,2,1,1,0.9916736204177142,0.0083263795822858,0,1,0.9916736204177142,0.4916736204177142,3,4,2,0.8407494145199064,3.540983606557377,nested_oof,0.5
207-8,207,8,2,0,0,0.0083263795822858,0.0083263795822858,0,0,0.0083263795822858,0.4916736204177142,2,3,2,0.7985948477751756,2.791569086651054,nested_oof,0.5
207-9,207,9,2,0,0,0.0083263795822858,0.0083263795822858,0,0,0.0083263795822858,0.4916736204177142,5,2,4,0.819672131147541,4.285714285714286,nested_oof,0.5
207-10,207,10,2,0,0,0.0083263795822858,0.0083263795822858,0,0,0.0083263795822858,0.4916736204177142,2,2,4,0.775175644028103,3.4988290398126463,nested_oof,0.5
207-11,207,11,2,0,0,0.0083263795822858,0.0083263795822858,0,0,0.0083263795822858,0.4916736204177142,3,3,4,0.7892271662763466,3.782201405152225,nested_oof,0.5
207-12,207,12,2,0,0,0.0083263795822858,0.0083263795822858,0,0,0.0083263795822858,0.4916736204177142,2,3,4,0.8290398126463701,3.6721311475409837,nested_oof,0.5
208-0,208,0,3,1,0,0.21874409914016724,0.7812559008598328,1,0,0.21874409914016724,0.28125590085983276,5,2,4,0.810304449648712,4.3629976580796255,nested_oof,0.5
208-1,208,1,3,1,0,0.21874409914016724,0.7812559008598328,1,0,0.21874409914016724,0.28125590085983276,3,4,4,0.8126463700234192,4.02576112412178,nested_oof,0.5
208-2,208,2,3,1,0,0.21874409914016724,0.7812559008598328,1,0,0.21874409914016724,0.28125590085983276,3,3,4,0.7939110070257611,3.8454332552693207,nested_oof,0.5
208-3,208,3,3,1,0,0.21874409914016724,0.7812559008598328,1,0,0.21874409914016724,0.28125590085983276,4,4,4,0.8149882903981265,3.9555035128805622,nested_oof,0.5
208-4,208,4,3,1,0,0.21874409914016724,0.7812559008598328,1,0,0.21874409914016724,0.28125590085983276,4,4,3,0.8618266978922717,4.583138173302108,nested_oof,0.5
208-5,208,5,3,1,0,0.21874409914016724,0.7812559008598328,1,0,0.21874409914016724,0.28125590085983276,4,4,3,0.7868852459016393,3.962529274004684,nested_oof,0.5
208-6,208,6,3,1,0,0.21874409914016724,0.7812559008598328,1,0,0.21874409914016724,0.28125590085983276,4,3,2,0.7915690866510539,3.7353629976580796,nested_oof,0.5
208-7,208,7,3,1,0,0.21874409914016724,0.7812559008598328,1,0,0.21874409914016724,0.28125590085983276,3,4,2,0.8407494145199064,3.540983606557377,nested_oof,0.5
208-8,208,8,3,1,0,0.21874409914016724,0.7812559008598328,1,0,0.21874409914016724,0.28125590085983276,2,3,2,0.7985948477751756,2.791569086651054,nested_oof,0.5
208-9,208,9,3,0,1,0.7812559008598328,0.7812559008598328,1,1,0.7812559008598328,0.28125590085983276,4,4,4,0.819672131147541,4.285714285714286,nested_oof,0.5
208-10,208,10,3,1,0,0.21874409914016724,0.7812559008598328,1,0,0.21874409914016724,0.28125590085983276,3,3,4,0.775175644028103,3.4988290398126463,nested_oof,0.5
208-11,208,11,3,1,0,0.21874409914016724,0.7812559008598328,1,0,0.21874409914016724,0.28125590085983276,2,3,4,0.7892271662763466,3.782201405152225,nested_oof,0.5
208-12,208,12,3,1,0,0.21874409914016724,0.7812559008598328,1,0,0.21874409914016724,0.28125590085983276,3,3,4,0.8290398126463701,3.6721311475409837,nested_oof,0.5
209-0,209,0,1,0,0,0.4491960108280182,0.4491960108280182,0,0,0.4491960108280182,0.05080398917198181,5,2,4,0.810304449648712,4.3629976580796255,nested_oof,0.5
209-1,209,1,1,0,0,0.4491960108280182,0.4491960108280182,0,0,0.4491960108280182,0.05080398917198181,4,3,4,0.8126463700234192,4.02576112412178,nested_oof,0.5
209-2,209,2,1,0,0,0.4491960108280182,0.4491960108280182,0,0,0.4491960108280182,0.05080398917198181,4,2,4,0.7939110070257611,3.8454332552693207,nested_oof,0.5
209-3,209,3,1,0,0,0.4491960108280182,0.4491960108280182,0,0,0.4491960108280182,0.05080398917198181,5,1,4,0.8149882903981265,3.9555035128805622,nested_oof,0.5
209-4,209,4,1,0,0,0.4491960108280182,0.4491960108280182,0,0,0.4491960108280182,0.05080398917198181,5,3,3,0.8618266978922717,4.583138173302108,nested_oof,0.5
209-5,209,5,1,0,0,0.4491960108280182,0.4491960108280182,0,0,0.4491960108280182,0.05080398917198181,5,2,3,0.7868852459016393,3.962529274004684,nested_oof,0.5
209-6,209,6,1,0,0,0.4491960108280182,0.4491960108280182,0,0,0.4491960108280182,0.05080398917198181,4,1,2,0.7915690866510539,3.7353629976580796,nested_oof,0.5
209-7,209,7,1,0,0,0.4491960108280182,0.4491960108280182,0,0,0.4491960108280182,0.05080398917198181,4,3,2,0.8407494145199064,3.540983606557377,nested_oof,0.5
209-8,209,8,1,0,0,0.4491960108280182,0.4491960108280182,0,0,0.4491960108280182,0.05080398917198181,3,2,2,0.7985948477751756,2.791569086651054,nested_oof,0.5
209-9,209,9,1,0,0,0.4491960108280182,0.4491960108280182,0,0,0.4491960108280182,0.05080398917198181,5,1,4,0.819672131147541,4.285714285714286,nested_oof,0.5
209-10,209,10,1,0,0,0.4491960108280182,0.4491960108280182,0,0,0.4491960108280182,0.05080398917198181,4,2,4,0.775175644028103,3.4988290398126463,nested_oof,0.5
209-11,209,11,1,0,0,0.4491960108280182,0.4491960108280182,0,0,0.4491960108280182,0.05080398917198181,3,3,4,0.7892271662763466,3.782201405152225,nested_oof,0.5
209-12,209,12,1,0,0,0.4491960108280182,0.4491960108280182,0,0,0.4491960108280182,0.05080398917198181,4,2,4,0.8290398126463701,3.6721311475409837,nested_oof,0.5
210-0,210,0,1,1,0,0.31673508882522583,0.6832649111747742,1,0,0.31673508882522583,0.18326491117477417,5,2,4,0.810304449648712,4.3629976580796255,nested_oof,0.5
210-1,210,1,1,0,1,0.6832649111747742,0.6832649111747742,1,1,0.6832649111747742,0.18326491117477417,4,3,4,0.8126463700234192,4.02576112412178,nested_oof,0.5
210-2,210,2,1,0,1,0.6832649111747742,0.6832649111747742,1,1,0.6832649111747742,0.18326491117477417,4,3,4,0.7939110070257611,3.8454332552693207,nested_oof,0.5
210-3,210,3,1,1,0,0.31673508882522583,0.6832649111747742,1,0,0.31673508882522583,0.18326491117477417,4,4,4,0.8149882903981265,3.9555035128805622,nested_oof,0.5
210-4,210,4,1,1,0,0.31673508882522583,0.6832649111747742,1,0,0.31673508882522583,0.18326491117477417,4,4,3,0.8618266978922717,4.583138173302108,nested_oof,0.5
210-5,210,5,1,1,0,0.31673508882522583,0.6832649111747742,1,0,0.31673508882522583,0.18326491117477417,4,3,3,0.7868852459016393,3.962529274004684,nested_oof,0.5
210-6,210,6,1,1,0,0.31673508882522583,0.6832649111747742,1,0,0.31673508882522583,0.18326491117477417,4,2,2,0.7915690866510539,3.7353629976580796,nested_oof,0.5
210-7,210,7,1,1,0,0.31673508882522583,0.6832649111747742,1,0,0.31673508882522583,0.18326491117477417,4,4,2,0.8407494145199064,3.540983606557377,nested_oof,0.5
210-8,210,8,1,0,1,0.6832649111747742,0.6832649111747742,1,1,0.6832649111747742,0.18326491117477417,2,3,2,0.7985948477751756,2.791569086651054,nested_oof,0.5
210-9,210,9,1,1,0,0.31673508882522583,0.6832649111747742,1,0,0.31673508882522583,0.18326491117477417,5,3,4,0.819672131147541,4.285714285714286,nested_oof,0.5
210-10,210,10,1,0,1,0.6832649111747742,0.6832649111747742,1,1,0.6832649111747742,0.18326491117477417,3,3,4,0.775175644028103,3.4988290398126463,nested_oof,0.5
210-11,210,11,1,0,1,0.6832649111747742,0.6832649111747742,1,1,0.6832649111747742,0.18326491117477417,3,3,4,0.7892271662763466,3.782201405152225,nested_oof,0.5
210-12,210,12,1,0,1,0.6832649111747742,0.6832649111747742,1,1,0.6832649111747742,0.18326491117477417,4,2,4,0.8290398126463701,3.6721311475409837,nested_oof,0.5
211-0,211,0,4,0,1,0.899701714515686,0.899701714515686,1,1,0.899701714515686,0.39970171451568604,5,2,4,0.810304449648712,4.3629976580796255,nested_oof,0.5
211-1,211,1,4,0,1,0.899701714515686,0.899701714515686,1,1,0.899701714515686,0.39970171451568604,4,3,4,0.8126463700234192,4.02576112412178,nested_oof,0.5
211-2,211,2,4,0,1,0.899701714515686,0.899701714515686,1,1,0.899701714515686,0.39970171451568604,4,2,4,0.7939110070257611,3.8454332552693207,nested_oof,0.5
211-3,211,3,4,0,1,0.899701714515686,0.899701714515686,1,1,0.899701714515686,0.39970171451568604,5,3,4,0.8149882903981265,3.9555035128805622,nested_oof,0.5
211-4,211,4,4,0,1,0.899701714515686,0.899701714515686,1,1,0.899701714515686,0.39970171451568604,4,3,3,0.8618266978922717,4.583138173302108,nested_oof,0.5
211-5,211,5,4,1,0,0.10029828548431396,0.899701714515686,1,0,0.10029828548431396,0.39970171451568604,4,4,3,0.7868852459016393,3.962529274004684,nested_oof,0.5
211-6,211,6,4,0,1,0.899701714515686,0.899701714515686,1,1,0.899701714515686,0.39970171451568604,4,2,2,0.7915690866510539,3.7353629976580796,nested_oof,0.5
211-7,211,7,4,0,1,0.899701714515686,0.899701714515686,1,1,0.899701714515686,0.39970171451568604,4,2,2,0.8407494145199064,3.540983606557377,nested_oof,0.5
211-8,211,8,4,0,1,0.899701714515686,0.899701714515686,1,1,0.899701714515686,0.39970171451568604,2,3,2,0.7985948477751756,2.791569086651054,nested_oof,0.5
211-9,211,9,4,0,1,0.899701714515686,0.899701714515686,1,1,0.899701714515686,0.39970171451568604,4,3,4,0.819672131147541,4.285714285714286,nested_oof,0.5
211-10,211,10,4,0,1,0.899701714515686,0.899701714515686,1,1,0.899701714515686,0.39970171451568604,3,3,4,0.775175644028103,3.4988290398126463,nested_oof,0.5
211-11,211,11,4,1,0,0.10029828548431396,0.899701714515686,1,0,0.10029828548431396,0.39970171451568604,3,3,4,0.7892271662763466,3.782201405152225,nested_oof,0.5
211-12,211,12,4,0,1,0.899701714515686,0.899701714515686,1,1,0.899701714515686,0.39970171451568604,3,3,4,0.8290398126463701,3.6721311475409837,nested_oof,0.5
212-0,212,0,1,0,0,0.6297236680984497,0.6297236680984497,1,1,0.6297236680984497,0.1297236680984497,5,2,4,0.810304449648712,4.3629976580796255,nested_oof,0.5
212-1,212,1,1,0,0,0.6297236680984497,0.6297236680984497,1,1,0.6297236680984497,0.1297236680984497,4,3,4,0.8126463700234192,4.02576112412178,nested_oof,0.5
212-2,212,2,1,0,0,0.6297236680984497,0.6297236680984497,1,1,0.6297236680984497,0.1297236680984497,4,2,4,0.7939110070257611,3.8454332552693207,nested_oof,0.5
212-3,212,3,1,0,0,0.6297236680984497,0.6297236680984497,1,1,0.6297236680984497,0.1297236680984497,5,2,4,0.8149882903981265,3.9555035128805622,nested_oof,0.5
212-4,212,4,1,0,0,0.6297236680984497,0.6297236680984497,1,1,0.6297236680984497,0.1297236680984497,5,3,3,0.8618266978922717,4.583138173302108,nested_oof,0.5
212-5,212,5,1,1,1,0.3702763319015503,0.6297236680984497,1,0,0.3702763319015503,0.1297236680984497,4,3,3,0.7868852459016393,3.962529274004684,nested_oof,0.5
212-6,212,6,1,0,0,0.6297236680984497,0.6297236680984497,1,1,0.6297236680984497,0.1297236680984497,4,3,2,0.7915690866510539,3.7353629976580796,nested_oof,0.5
212-7,212,7,1,0,0,0.6297236680984497,0.6297236680984497,1,1,0.6297236680984497,0.1297236680984497,4,2,2,0.8407494145199064,3.540983606557377,nested_oof,0.5
212-8,212,8,1,1,1,0.3702763319015503,0.6297236680984497,1,0,0.3702763319015503,0.1297236680984497,3,3,2,0.7985948477751756,2.791569086651054,nested_oof,0.5
212-9,212,9,1,0,0,0.6297236680984497,0.6297236680984497,1,1,0.6297236680984497,0.1297236680984497,4,2,4,0.819672131147541,4.285714285714286,nested_oof,0.5
212-10,212,10,1,1,1,0.3702763319015503,0.6297236680984497,1,0,0.3702763319015503,0.1297236680984497,3,3,4,0.775175644028103,3.4988290398126463,nested_oof,0.5
212-11,212,11,1,0,0,0.6297236680984497,0.6297236680984497,1,1,0.6297236680984497,0.1297236680984497,3,3,4,0.7892271662763466,3.782201405152225,nested_oof,0.5
212-12,212,12,1,0,0,0.6297236680984497,0.6297236680984497,1,1,0.6297236680984497,0.1297236680984497,4,2,4,0.8290398126463701,3.6721311475409837,nested_oof,0.5
213-0,213,0,4,1,1,0.10610073804855347,0.8938992619514465,1,0,0.10610073804855347,0.39389926195144653,5,2,4,0.810304449648712,4.3629976580796255,nested_oof,0.5
213-1,213,1,4,1,1,0.10610073804855347,0.8938992619514465,1,0,0.10610073804855347,0.39389926195144653,3,3,4,0.8126463700234192,4.02576112412178,nested_oof,0.5
213-2,213,2,4,1,1,0.10610073804855347,0.8938992619514465,1,0,0.10610073804855347,0.39389926195144653,3,4,4,0.7939110070257611,3.8454332552693207,nested_oof,0.5
213-3,213,3,4,1,1,0.10610073804855347,0.8938992619514465,1,0,0.10610073804855347,0.39389926195144653,5,1,4,0.8149882903981265,3.9555035128805622,nested_oof,0.5
213-4,213,4,4,1,1,0.10610073804855347,0.8938992619514465,1,0,0.10610073804855347,0.39389926195144653,5,4,3,0.8618266978922717,4.583138173302108,nested_oof,0.5
213-5,213,5,4,1,1,0.10610073804855347,0.8938992619514465,1,0,0.10610073804855347,0.39389926195144653,4,3,3,0.7868852459016393,3.962529274004684,nested_oof,0.5
213-6,213,6,4,1,1,0.10610073804855347,0.8938992619514465,1,0,0.10610073804855347,0.39389926195144653,4,3,2,0.7915690866510539,3.7353629976580796,nested_oof,0.5
213-7,213,7,4,1,1,0.10610073804855347,0.8938992619514465,1,0,0.10610073804855347,0.39389926195144653,4,4,2,0.8407494145199064,3.540983606557377,nested_oof,0.5
213-8,213,8,4,1,1,0.10610073804855347,0.8938992619514465,1,0,0.10610073804855347,0.39389926195144653,3,3,2,0.7985948477751756,2.791569086651054,nested_oof,0.5
213-9,213,9,4,1,1,0.10610073804855347,0.8938992619514465,1,0,0.10610073804855347,0.39389926195144653,3,4,4,0.819672131147541,4.285714285714286,nested_oof,0.5
213-10,213,10,4,1,1,0.10610073804855347,0.8938992619514465,1,0,0.10610073804855347,0.39389926195144653,3,3,4,0.775175644028103,3.4988290398126463,nested_oof,0.5
213-11,213,11,4,1,1,0.10610073804855347,0.8938992619514465,1,0,0.10610073804855347,0.39389926195144653,3,3,4,0.7892271662763466,3.782201405152225,nested_oof,0.5
213-12,213,12,4,1,1,0.10610073804855347,0.8938992619514465,1,0,0.10610073804855347,0.39389926195144653,3,3,4,0.8290398126463701,3.6721311475409837,nested_oof,0.5
214-0,214,0,3,1,0,0.2573389410972595,0.7426610589027405,1,0,0.2573389410972595,0.24266105890274048,4,3,4,0.810304449648712,4.3629976580796255,nested_oof,0.5
214-1,214,1,3,1,0,0.2573389410972595,0.7426610589027405,1,0,0.2573389410972595,0.24266105890274048,4,4,4,0.8126463700234192,4.02576112412178,nested_oof,0.5
214-2,214,2,3,1,0,0.2573389410972595,0.7426610589027405,1,0,0.2573389410972595,0.24266105890274048,4,3,4,0.7939110070257611,3.8454332552693207,nested_oof,0.5
214-3,214,3,3,1,0,0.2573389410972595,0.7426610589027405,1,0,0.2573389410972595,0.24266105890274048,3,4,4,0.8149882903981265,3.9555035128805622,nested_oof,0.5
214-4,214,4,3,1,0,0.2573389410972595,0.7426610589027405,1,0,0.2573389410972595,0.24266105890274048,4,2,3,0.8618266978922717,4.583138173302108,nested_oof,0.5
214-5,214,5,3,1,0,0.2573389410972595,0.7426610589027405,1,0,0.2573389410972595,0.24266105890274048,4,3,3,0.7868852459016393,3.962529274004684,nested_oof,0.5
214-6,214,6,3,1,0,0.2573389410972595,0.7426610589027405,1,0,0.2573389410972595,0.24266105890274048,5,3,2,0.7915690866510539,3.7353629976580796,nested_oof,0.5
214-7,214,7,3,1,0,0.2573389410972595,0.7426610589027405,1,0,0.2573389410972595,0.24266105890274048,3,3,2,0.8407494145199064,3.540983606557377,nested_oof,0.5
214-8,214,8,3,1,0,0.2573389410972595,0.7426610589027405,1,0,0.2573389410972595,0.24266105890274048,3,3,2,0.7985948477751756,2.791569086651054,nested_oof,0.5
214-9,214,9,3,1,0,0.2573389410972595,0.7426610589027405,1,0,0.2573389410972595,0.24266105890274048,5,4,4,0.819672131147541,4.285714285714286,nested_oof,0.5
214-10,214,10,3,1,0,0.2573389410972595,0.7426610589027405,1,0,0.2573389410972595,0.24266105890274048,3,4,4,0.775175644028103,3.4988290398126463,nested_oof,0.5
214-11,214,11,3,1,0,0.2573389410972595,0.7426610589027405,1,0,0.2573389410972595,0.24266105890274048,5,2,4,0.7892271662763466,3.782201405152225,nested_oof,0.5
214-12,214,12,3,1,0,0.2573389410972595,0.7426610589027405,1,0,0.2573389410972595,0.24266105890274048,4,4,4,0.8290398126463701,3.6721311475409837,nested_oof,0.5
215-0,215,0,1,0,0,0.2262121737003326,0.2262121737003326,0,0,0.2262121737003326,0.27378782629966736,4,2,4,0.810304449648712,4.3629976580796255,nested_oof,0.5
215-1,215,1,1,0,0,0.2262121737003326,0.2262121737003326,0,0,0.2262121737003326,0.27378782629966736,5,1,4,0.8126463700234192,4.02576112412178,nested_oof,0.5
215-2,215,2,1,0,0,0.2262121737003326,0.2262121737003326,0,0,0.2262121737003326,0.27378782629966736,5,2,4,0.7939110070257611,3.8454332552693207,nested_oof,0.5
215-3,215,3,1,0,0,0.2262121737003326,0.2262121737003326,0,0,0.2262121737003326,0.27378782629966736,4,2,4,0.8149882903981265,3.9555035128805622,nested_oof,0.5
215-4,215,4,1,0,0,0.2262121737003326,0.2262121737003326,0,0,0.2262121737003326,0.27378782629966736,5,2,3,0.8618266978922717,4.583138173302108,nested_oof,0.5
215-5,215,5,1,0,0,0.2262121737003326,0.2262121737003326,0,0,0.2262121737003326,0.27378782629966736,5,3,3,0.7868852459016393,3.962529274004684,nested_oof,0.5
215-6,215,6,1,0,0,0.2262121737003326,0.2262121737003326,0,0,0.2262121737003326,0.27378782629966736,5,1,2,0.7915690866510539,3.7353629976580796,nested_oof,0.5
215-7,215,7,1,0,0,0.2262121737003326,0.2262121737003326,0,0,0.2262121737003326,0.27378782629966736,4,2,2,0.8407494145199064,3.540983606557377,nested_oof,0.5
215-8,215,8,1,0,0,0.2262121737003326,0.2262121737003326,0,0,0.2262121737003326,0.27378782629966736,2,3,2,0.7985948477751756,2.791569086651054,nested_oof,0.5
215-9,215,9,1,0,0,0.2262121737003326,0.2262121737003326,0,0,0.2262121737003326,0.27378782629966736,5,3,4,0.819672131147541,4.285714285714286,nested_oof,0.5
215-10,215,10,1,0,0,0.2262121737003326,0.2262121737003326,0,0,0.2262121737003326,0.27378782629966736,5,1,4,0.775175644028103,3.4988290398126463,nested_oof,0.5
215-11,215,11,1,0,0,0.2262121737003326,0.2262121737003326,0,0,0.2262121737003326,0.27378782629966736,5,2,4,0.7892271662763466,3.782201405152225,nested_oof,0.5
215-12,215,12,1,0,0,0.2262121737003326,0.2262121737003326,0,0,0.2262121737003326,0.27378782629966736,4,2,4,0.8290398126463701,3.6721311475409837,nested_oof,0.5
216-0,216,0,1,0,0,0.1250892579555511,0.1250892579555511,0,0,0.1250892579555511,0.3749107420444489,4,3,4,0.810304449648712,4.3629976580796255,nested_oof,0.5
216-1,216,1,1,0,0,0.1250892579555511,0.1250892579555511,0,0,0.1250892579555511,0.3749107420444489,4,3,4,0.8126463700234192,4.02576112412178,nested_oof,0.5
216-2,216,2,1,0,0,0.1250892579555511,0.1250892579555511,0,0,0.1250892579555511,0.3749107420444489,4,3,4,0.7939110070257611,3.8454332552693207,nested_oof,0.5
216-3,216,3,1,0,0,0.1250892579555511,0.1250892579555511,0,0,0.1250892579555511,0.3749107420444489,4,2,4,0.8149882903981265,3.9555035128805622,nested_oof,0.5
216-4,216,4,1,0,0,0.1250892579555511,0.1250892579555511,0,0,0.1250892579555511,0.3749107420444489,5,2,3,0.8618266978922717,4.583138173302108,nested_oof,0.5
216-5,216,5,1,0,0,0.1250892579555511,0.1250892579555511,0,0,0.1250892579555511,0.3749107420444489,4,3,3,0.7868852459016393,3.962529274004684,nested_oof,0.5
216-6,216,6,1,0,0,0.1250892579555511,0.1250892579555511,0,0,0.1250892579555511,0.3749107420444489,5,2,2,0.7915690866510539,3.7353629976580796,nested_oof,0.5
216-7,216,7,1,0,0,0.1250892579555511,0.1250892579555511,0,0,0.1250892579555511,0.3749107420444489,4,2,2,0.8407494145199064,3.540983606557377,nested_oof,0.5
216-8,216,8,1,0,0,0.1250892579555511,0.1250892579555511,0,0,0.1250892579555511,0.3749107420444489,3,3,2,0.7985948477751756,2.791569086651054,nested_oof,0.5
216-9,216,9,1,0,0,0.1250892579555511,0.1250892579555511,0,0,0.1250892579555511,0.3749107420444489,5,2,4,0.819672131147541,4.285714285714286,nested_oof,0.5
216-10,216,10,1,0,0,0.1250892579555511,0.1250892579555511,0,0,0.1250892579555511,0.3749107420444489,4,2,4,0.775175644028103,3.4988290398126463,nested_oof,0.5
216-11,216,11,1,0,0,0.1250892579555511,0.1250892579555511,0,0,0.1250892579555511,0.3749107420444489,5,2,4,0.7892271662763466,3.782201405152225,nested_oof,0.5
216-12,216,12,1,0,0,0.1250892579555511,0.1250892579555511,0,0,0.1250892579555511,0.3749107420444489,4,2,4,0.8290398126463701,3.6721311475409837,nested_oof,0.5
217-0,217,0,2,1,0,0.646073967218399,0.3539260327816009,0,1,0.646073967218399,0.1460739672183991,4,2,4,0.810304449648712,4.3629976580796255,nested_oof,0.5
217-1,217,1,2,1,0,0.646073967218399,0.3539260327816009,0,1,0.646073967218399,0.1460739672183991,5,3,4,0.8126463700234192,4.02576112412178,nested_oof,0.5
217-2,217,2,2,1,0,0.646073967218399,0.3539260327816009,0,1,0.646073967218399,0.1460739672183991,4,3,4,0.7939110070257611,3.8454332552693207,nested_oof,0.5
217-3,217,3,2,1,0,0.646073967218399,0.3539260327816009,0,1,0.646073967218399,0.1460739672183991,4,3,4,0.8149882903981265,3.9555035128805622,nested_oof,0.5
217-4,217,4,2,1,0,0.646073967218399,0.3539260327816009,0,1,0.646073967218399,0.1460739672183991,5,2,3,0.8618266978922717,4.583138173302108,nested_oof,0.5
217-5,217,5,2,1,0,0.646073967218399,0.3539260327816009,0,1,0.646073967218399,0.1460739672183991,4,3,3,0.7868852459016393,3.962529274004684,nested_oof,0.5
217-6,217,6,2,1,0,0.646073967218399,0.3539260327816009,0,1,0.646073967218399,0.1460739672183991,4,3,2,0.7915690866510539,3.7353629976580796,nested_oof,0.5
217-7,217,7,2,1,0,0.646073967218399,0.3539260327816009,0,1,0.646073967218399,0.1460739672183991,3,3,2,0.8407494145199064,3.540983606557377,nested_oof,0.5
217-8,217,8,2,1,0,0.646073967218399,0.3539260327816009,0,1,0.646073967218399,0.1460739672183991,3,3,2,0.7985948477751756,2.791569086651054,nested_oof,0.5
217-9,217,9,2,1,0,0.646073967218399,0.3539260327816009,0,1,0.646073967218399,0.1460739672183991,5,3,4,0.819672131147541,4.285714285714286,nested_oof,0.5
217-10,217,10,2,1,0,0.646073967218399,0.3539260327816009,0,1,0.646073967218399,0.1460739672183991,4,3,4,0.775175644028103,3.4988290398126463,nested_oof,0.5
217-11,217,11,2,1,0,0.646073967218399,0.3539260327816009,0,1,0.646073967218399,0.1460739672183991,5,2,4,0.7892271662763466,3.782201405152225,nested_oof,0.5
217-12,217,12,2,1,0,0.646073967218399,0.3539260327816009,0,1,0.646073967218399,0.1460739672183991,4,3,4,0.8290398126463701,3.6721311475409837,nested_oof,0.5
218-0,218,0,1,0,0,0.1505060195922851,0.1505060195922851,0,0,0.1505060195922851,0.3494939804077149,3,3,4,0.810304449648712,4.3629976580796255,nested_oof,0.5
218-1,218,1,1,0,0,0.1505060195922851,0.1505060195922851,0,0,0.1505060195922851,0.3494939804077149,5,2,4,0.8126463700234192,4.02576112412178,nested_oof,0.5
218-2,218,2,1,0,0,0.1505060195922851,0.1505060195922851,0,0,0.1505060195922851,0.3494939804077149,4,2,4,0.7939110070257611,3.8454332552693207,nested_oof,0.5
218-3,218,3,1,0,0,0.1505060195922851,0.1505060195922851,0,0,0.1505060195922851,0.3494939804077149,3,3,4,0.8149882903981265,3.9555035128805622,nested_oof,0.5
218-4,218,4,1,0,0,0.1505060195922851,0.1505060195922851,0,0,0.1505060195922851,0.3494939804077149,5,2,3,0.8618266978922717,4.583138173302108,nested_oof,0.5
218-5,218,5,1,0,0,0.1505060195922851,0.1505060195922851,0,0,0.1505060195922851,0.3494939804077149,5,2,3,0.7868852459016393,3.962529274004684,nested_oof,0.5
218-6,218,6,1,0,0,0.1505060195922851,0.1505060195922851,0,0,0.1505060195922851,0.3494939804077149,4,3,2,0.7915690866510539,3.7353629976580796,nested_oof,0.5
218-7,218,7,1,0,0,0.1505060195922851,0.1505060195922851,0,0,0.1505060195922851,0.3494939804077149,4,2,2,0.8407494145199064,3.540983606557377,nested_oof,0.5
218-8,218,8,1,0,0,0.1505060195922851,0.1505060195922851,0,0,0.1505060195922851,0.3494939804077149,3,3,2,0.7985948477751756,2.791569086651054,nested_oof,0.5
218-9,218,9,1,0,0,0.1505060195922851,0.1505060195922851,0,0,0.1505060195922851,0.3494939804077149,5,1,4,0.819672131147541,4.285714285714286,nested_oof,0.5
218-10,218,10,1,0,0,0.1505060195922851,0.1505060195922851,0,0,0.1505060195922851,0.3494939804077149,4,2,4,0.775175644028103,3.4988290398126463,nested_oof,0.5
218-11,218,11,1,0,0,0.1505060195922851,0.1505060195922851,0,0,0.1505060195922851,0.3494939804077149,5,2,4,0.7892271662763466,3.782201405152225,nested_oof,0.5
218-12,218,12,1,0,0,0.1505060195922851,0.1505060195922851,0,0,0.1505060195922851,0.3494939804077149,4,2,4,0.8290398126463701,3.6721311475409837,nested_oof,0.5
219-0,219,0,2,1,0,0.11850100755691528,0.8814989924430847,1,0,0.11850100755691528,0.3814989924430847,3,4,4,0.810304449648712,4.3629976580796255,nested_oof,0.5
219-1,219,1,2,1,0,0.11850100755691528,0.8814989924430847,1,0,0.11850100755691528,0.3814989924430847,5,3,4,0.8126463700234192,4.02576112412178,nested_oof,0.5
219-2,219,2,2,1,0,0.11850100755691528,0.8814989924430847,1,0,0.11850100755691528,0.3814989924430847,5,3,4,0.7939110070257611,3.8454332552693207,nested_oof,0.5
219-3,219,3,2,1,0,0.11850100755691528,0.8814989924430847,1,0,0.11850100755691528,0.3814989924430847,4,3,4,0.8149882903981265,3.9555035128805622,nested_oof,0.5
219-4,219,4,2,1,0,0.11850100755691528,0.8814989924430847,1,0,0.11850100755691528,0.3814989924430847,5,2,3,0.8618266978922717,4.583138173302108,nested_oof,0.5
219-5,219,5,2,1,0,0.11850100755691528,0.8814989924430847,1,0,0.11850100755691528,0.3814989924430847,5,3,3,0.7868852459016393,3.962529274004684,nested_oof,0.5
219-6,219,6,2,1,0,0.11850100755691528,0.8814989924430847,1,0,0.11850100755691528,0.3814989924430847,5,3,2,0.7915690866510539,3.7353629976580796,nested_oof,0.5
219-7,219,7,2,1,0,0.11850100755691528,0.8814989924430847,1,0,0.11850100755691528,0.3814989924430847,3,3,2,0.8407494145199064,3.540983606557377,nested_oof,0.5
219-8,219,8,2,1,0,0.11850100755691528,0.8814989924430847,1,0,0.11850100755691528,0.3814989924430847,3,3,2,0.7985948477751756,2.791569086651054,nested_oof,0.5
219-9,219,9,2,1,0,0.11850100755691528,0.8814989924430847,1,0,0.11850100755691528,0.3814989924430847,5,4,4,0.819672131147541,4.285714285714286,nested_oof,0.5
219-10,219,10,2,1,0,0.11850100755691528,0.8814989924430847,1,0,0.11850100755691528,0.3814989924430847,4,2,4,0.775175644028103,3.4988290398126463,nested_oof,0.5
219-11,219,11,2,1,0,0.11850100755691528,0.8814989924430847,1,0,0.11850100755691528,0.3814989924430847,5,2,4,0.7892271662763466,3.782201405152225,nested_oof,0.5
219-12,219,12,2,1,0,0.11850100755691528,0.8814989924430847,1,0,0.11850100755691528,0.3814989924430847,5,3,4,0.8290398126463701,3.6721311475409837,nested_oof,0.5
220-0,220,0,2,0,1,0.1087959706783294,0.1087959706783294,0,0,0.1087959706783294,0.3912040293216706,4,3,4,0.810304449648712,4.3629976580796255,nested_oof,0.5
220-1,220,1,2,1,0,0.8912040293216706,0.1087959706783294,0,1,0.8912040293216706,0.3912040293216706,5,3,4,0.8126463700234192,4.02576112412178,nested_oof,0.5
220-2,220,2,2,0,1,0.1087959706783294,0.1087959706783294,0,0,0.1087959706783294,0.3912040293216706,4,3,4,0.7939110070257611,3.8454332552693207,nested_oof,0.5
220-3,220,3,2,0,1,0.1087959706783294,0.1087959706783294,0,0,0.1087959706783294,0.3912040293216706,3,3,4,0.8149882903981265,3.9555035128805622,nested_oof,0.5
220-4,220,4,2,1,0,0.8912040293216706,0.1087959706783294,0,1,0.8912040293216706,0.3912040293216706,4,4,3,0.8618266978922717,4.583138173302108,nested_oof,0.5
220-5,220,5,2,1,0,0.8912040293216706,0.1087959706783294,0,1,0.8912040293216706,0.3912040293216706,3,4,3,0.7868852459016393,3.962529274004684,nested_oof,0.5
220-6,220,6,2,1,0,0.8912040293216706,0.1087959706783294,0,1,0.8912040293216706,0.3912040293216706,3,4,2,0.7915690866510539,3.7353629976580796,nested_oof,0.5
220-7,220,7,2,1,0,0.8912040293216706,0.1087959706783294,0,1,0.8912040293216706,0.3912040293216706,3,3,2,0.8407494145199064,3.540983606557377,nested_oof,0.5
220-8,220,8,2,1,0,0.8912040293216706,0.1087959706783294,0,1,0.8912040293216706,0.3912040293216706,2,4,2,0.7985948477751756,2.791569086651054,nested_oof,0.5
220-9,220,9,2,1,0,0.8912040293216706,0.1087959706783294,0,1,0.8912040293216706,0.3912040293216706,2,4,4,0.819672131147541,4.285714285714286,nested_oof,0.5
220-10,220,10,2,0,1,0.1087959706783294,0.1087959706783294,0,0,0.1087959706783294,0.3912040293216706,3,3,4,0.775175644028103,3.4988290398126463,nested_oof,0.5
220-11,220,11,2,0,1,0.1087959706783294,0.1087959706783294,0,0,0.1087959706783294,0.3912040293216706,5,2,4,0.7892271662763466,3.782201405152225,nested_oof,0.5
220-12,220,12,2,0,1,0.1087959706783294,0.1087959706783294,0,0,0.1087959706783294,0.3912040293216706,4,3,4,0.8290398126463701,3.6721311475409837,nested_oof,0.5
221-0,221,0,4,0,0,0.750176727771759,0.750176727771759,1,1,0.750176727771759,0.25017672777175903,4,2,4,0.810304449648712,4.3629976580796255,nested_oof,0.5
221-1,221,1,4,0,0,0.750176727771759,0.750176727771759,1,1,0.750176727771759,0.25017672777175903,5,2,4,0.8126463700234192,4.02576112412178,nested_oof,0.5
221-2,221,2,4,1,1,0.24982327222824097,0.750176727771759,1,0,0.24982327222824097,0.25017672777175903,3,4,4,0.7939110070257611,3.8454332552693207,nested_oof,0.5
221-3,221,3,4,0,0,0.750176727771759,0.750176727771759,1,1,0.750176727771759,0.25017672777175903,4,1,4,0.8149882903981265,3.9555035128805622,nested_oof,0.5
221-4,221,4,4,0,0,0.750176727771759,0.750176727771759,1,1,0.750176727771759,0.25017672777175903,5,2,3,0.8618266978922717,4.583138173302108,nested_oof,0.5
221-5,221,5,4,1,1,0.24982327222824097,0.750176727771759,1,0,0.24982327222824097,0.25017672777175903,4,4,3,0.7868852459016393,3.962529274004684,nested_oof,0.5
221-6,221,6,4,0,0,0.750176727771759,0.750176727771759,1,1,0.750176727771759,0.25017672777175903,5,2,2,0.7915690866510539,3.7353629976580796,nested_oof,0.5
221-7,221,7,4,0,0,0.750176727771759,0.750176727771759,1,1,0.750176727771759,0.25017672777175903,3,3,2,0.8407494145199064,3.540983606557377,nested_oof,0.5
221-8,221,8,4,0,0,0.750176727771759,0.750176727771759,1,1,0.750176727771759,0.25017672777175903,3,3,2,0.7985948477751756,2.791569086651054,nested_oof,0.5
221-9,221,9,4,1,1,0.24982327222824097,0.750176727771759,1,0,0.24982327222824097,0.25017672777175903,4,4,4,0.819672131147541,4.285714285714286,nested_oof,0.5
221-10,221,10,4,0,0,0.750176727771759,0.750176727771759,1,1,0.750176727771759,0.25017672777175903,4,2,4,0.775175644028103,3.4988290398126463,nested_oof,0.5
221-11,221,11,4,0,0,0.750176727771759,0.750176727771759,1,1,0.750176727771759,0.25017672777175903,5,2,4,0.7892271662763466,3.782201405152225,nested_oof,0.5
221-12,221,12,4,0,0,0.750176727771759,0.750176727771759,1,1,0.750176727771759,0.25017672777175903,4,2,4,0.8290398126463701,3.6721311475409837,nested_oof,0.5
222-0,222,0,4,0,1,0.7736619114875793,0.7736619114875793,1,1,0.7736619114875793,0.27366191148757935,4,2,4,0.810304449648712,4.3629976580796255,nested_oof,0.5
222-1,222,1,4,0,1,0.7736619114875793,0.7736619114875793,1,1,0.7736619114875793,0.27366191148757935,5,2,4,0.8126463700234192,4.02576112412178,nested_oof,0.5
222-2,222,2,4,0,1,0.7736619114875793,0.7736619114875793,1,1,0.7736619114875793,0.27366191148757935,5,2,4,0.7939110070257611,3.8454332552693207,nested_oof,0.5
222-3,222,3,4,0,1,0.7736619114875793,0.7736619114875793,1,1,0.7736619114875793,0.27366191148757935,3,3,4,0.8149882903981265,3.9555035128805622,nested_oof,0.5
222-4,222,4,4,0,1,0.7736619114875793,0.7736619114875793,1,1,0.7736619114875793,0.27366191148757935,5,1,3,0.8618266978922717,4.583138173302108,nested_oof,0.5
222-5,222,5,4,1,0,0.22633808851242065,0.7736619114875793,1,0,0.22633808851242065,0.27366191148757935,4,4,3,0.7868852459016393,3.962529274004684,nested_oof,0.5
222-6,222,6,4,0,1,0.7736619114875793,0.7736619114875793,1,1,0.7736619114875793,0.27366191148757935,3,3,2,0.7915690866510539,3.7353629976580796,nested_oof,0.5
222-7,222,7,4,0,1,0.7736619114875793,0.7736619114875793,1,1,0.7736619114875793,0.27366191148757935,3,3,2,0.8407494145199064,3.540983606557377,nested_oof,0.5
222-8,222,8,4,0,1,0.7736619114875793,0.7736619114875793,1,1,0.7736619114875793,0.27366191148757935,3,3,2,0.7985948477751756,2.791569086651054,nested_oof,0.5
222-9,222,9,4,0,1,0.7736619114875793,0.7736619114875793,1,1,0.7736619114875793,0.27366191148757935,5,1,4,0.819672131147541,4.285714285714286,nested_oof,0.5
222-10,222,10,4,0,1,0.7736619114875793,0.7736619114875793,1,1,0.7736619114875793,0.27366191148757935,3,3,4,0.775175644028103,3.4988290398126463,nested_oof,0.5
222-11,222,11,4,0,1,0.7736619114875793,0.7736619114875793,1,1,0.7736619114875793,0.27366191148757935,5,2,4,0.7892271662763466,3.782201405152225,nested_oof,0.5
222-12,222,12,4,0,1,0.7736619114875793,0.7736619114875793,1,1,0.7736619114875793,0.27366191148757935,4,2,4,0.8290398126463701,3.6721311475409837,nested_oof,0.5
223-0,223,0,3,1,0,0.925922580063343,0.0740774199366569,0,1,0.925922580063343,0.4259225800633431,3,3,4,0.810304449648712,4.3629976580796255,nested_oof,0.5
223-1,223,1,3,1,0,0.925922580063343,0.0740774199366569,0,1,0.925922580063343,0.4259225800633431,4,4,4,0.8126463700234192,4.02576112412178,nested_oof,0.5
223-2,223,2,3,1,0,0.925922580063343,0.0740774199366569,0,1,0.925922580063343,0.4259225800633431,4,3,4,0.7939110070257611,3.8454332552693207,nested_oof,0.5
223-3,223,3,3,1,0,0.925922580063343,0.0740774199366569,0,1,0.925922580063343,0.4259225800633431,2,3,4,0.8149882903981265,3.9555035128805622,nested_oof,0.5
223-4,223,4,3,1,0,0.925922580063343,0.0740774199366569,0,1,0.925922580063343,0.4259225800633431,4,3,3,0.8618266978922717,4.583138173302108,nested_oof,0.5
223-5,223,5,3,1,0,0.925922580063343,0.0740774199366569,0,1,0.925922580063343,0.4259225800633431,4,4,3,0.7868852459016393,3.962529274004684,nested_oof,0.5
223-6,223,6,3,0,1,0.0740774199366569,0.0740774199366569,0,0,0.0740774199366569,0.4259225800633431,3,4,2,0.7915690866510539,3.7353629976580796,nested_oof,0.5
223-7,223,7,3,1,0,0.925922580063343,0.0740774199366569,0,1,0.925922580063343,0.4259225800633431,2,3,2,0.8407494145199064,3.540983606557377,nested_oof,0.5
223-8,223,8,3,0,1,0.0740774199366569,0.0740774199366569,0,0,0.0740774199366569,0.4259225800633431,2,3,2,0.7985948477751756,2.791569086651054,nested_oof,0.5
223-9,223,9,3,0,1,0.0740774199366569,0.0740774199366569,0,0,0.0740774199366569,0.4259225800633431,5,2,4,0.819672131147541,4.285714285714286,nested_oof,0.5
223-10,223,10,3,1,0,0.925922580063343,0.0740774199366569,0,1,0.925922580063343,0.4259225800633431,3,3,4,0.775175644028103,3.4988290398126463,nested_oof,0.5
223-11,223,11,3,0,1,0.0740774199366569,0.0740774199366569,0,0,0.0740774199366569,0.4259225800633431,4,2,4,0.7892271662763466,3.782201405152225,nested_oof,0.5
223-12,223,12,3,1,0,0.925922580063343,0.0740774199366569,0,1,0.925922580063343,0.4259225800633431,2,3,4,0.8290398126463701,3.6721311475409837,nested_oof,0.5
224-0,224,0,4,1,0,0.3952086567878723,0.6047913432121277,1,0,0.3952086567878723,0.10479134321212769,4,3,4,0.810304449648712,4.3629976580796255,nested_oof,0.5
224-1,224,1,4,1,0,0.3952086567878723,0.6047913432121277,1,0,0.3952086567878723,0.10479134321212769,5,4,4,0.8126463700234192,4.02576112412178,nested_oof,0.5
224-2,224,2,4,1,0,0.3952086567878723,0.6047913432121277,1,0,0.3952086567878723,0.10479134321212769,4,3,4,0.7939110070257611,3.8454332552693207,nested_oof,0.5
224-3,224,3,4,1,0,0.3952086567878723,0.6047913432121277,1,0,0.3952086567878723,0.10479134321212769,3,3,4,0.8149882903981265,3.9555035128805622,nested_oof,0.5
224-4,224,4,4,1,0,0.3952086567878723,0.6047913432121277,1,0,0.3952086567878723,0.10479134321212769,4,3,3,0.8618266978922717,4.583138173302108,nested_oof,0.5
224-5,224,5,4,1,0,0.3952086567878723,0.6047913432121277,1,0,0.3952086567878723,0.10479134321212769,5,3,3,0.7868852459016393,3.962529274004684,nested_oof,0.5
224-6,224,6,4,1,0,0.3952086567878723,0.6047913432121277,1,0,0.3952086567878723,0.10479134321212769,3,4,2,0.7915690866510539,3.7353629976580796,nested_oof,0.5
224-7,224,7,4,1,0,0.3952086567878723,0.6047913432121277,1,0,0.3952086567878723,0.10479134321212769,3,3,2,0.8407494145199064,3.540983606557377,nested_oof,0.5
224-8,224,8,4,1,0,0.3952086567878723,0.6047913432121277,1,0,0.3952086567878723,0.10479134321212769,3,3,2,0.7985948477751756,2.791569086651054,nested_oof,0.5
224-9,224,9,4,1,0,0.3952086567878723,0.6047913432121277,1,0,0.3952086567878723,0.10479134321212769,4,4,4,0.819672131147541,4.285714285714286,nested_oof,0.5
224-10,224,10,4,1,0,0.3952086567878723,0.6047913432121277,1,0,0.3952086567878723,0.10479134321212769,4,3,4,0.775175644028103,3.4988290398126463,nested_oof,0.5
224-11,224,11,4,1,0,0.3952086567878723,0.6047913432121277,1,0,0.3952086567878723,0.10479134321212769,5,2,4,0.7892271662763466,3.782201405152225,nested_oof,0.5
224-12,224,12,4,1,0,0.3952086567878723,0.6047913432121277,1,0,0.3952086567878723,0.10479134321212769,3,3,4,0.8290398126463701,3.6721311475409837,nested_oof,0.5
225-0,225,0,2,0,0,0.0512029454112052,0.0512029454112052,0,0,0.0512029454112052,0.4487970545887948,4,2,4,0.810304449648712,4.3629976580796255,nested_oof,0.5
225-1,225,1,2,0,0,0.0512029454112052,0.0512029454112052,0,0,0.0512029454112052,0.4487970545887948,5,2,4,0.8126463700234192,4.02576112412178,nested_oof,0.5
225-2,225,2,2,0,0,0.0512029454112052,0.0512029454112052,0,0,0.0512029454112052,0.4487970545887948,3,3,4,0.7939110070257611,3.8454332552693207,nested_oof,0.5
225-3,225,3,2,0,0,0.0512029454112052,0.0512029454112052,0,0,0.0512029454112052,0.4487970545887948,3,3,4,0.8149882903981265,3.9555035128805622,nested_oof,0.5
225-4,225,4,2,0,0,0.0512029454112052,0.0512029454112052,0,0,0.0512029454112052,0.4487970545887948,4,3,3,0.8618266978922717,4.583138173302108,nested_oof,0.5
225-5,225,5,2,0,0,0.0512029454112052,0.0512029454112052,0,0,0.0512029454112052,0.4487970545887948,5,2,3,0.7868852459016393,3.962529274004684,nested_oof,0.5
225-6,225,6,2,0,0,0.0512029454112052,0.0512029454112052,0,0,0.0512029454112052,0.4487970545887948,5,3,2,0.7915690866510539,3.7353629976580796,nested_oof,0.5
225-7,225,7,2,0,0,0.0512029454112052,0.0512029454112052,0,0,0.0512029454112052,0.4487970545887948,2,3,2,0.8407494145199064,3.540983606557377,nested_oof,0.5
225-8,225,8,2,0,0,0.0512029454112052,0.0512029454112052,0,0,0.0512029454112052,0.4487970545887948,3,3,2,0.7985948477751756,2.791569086651054,nested_oof,0.5
225-9,225,9,2,0,0,0.0512029454112052,0.0512029454112052,0,0,0.0512029454112052,0.4487970545887948,5,2,4,0.819672131147541,4.285714285714286,nested_oof,0.5
225-10,225,10,2,0,0,0.0512029454112052,0.0512029454112052,0,0,0.0512029454112052,0.4487970545887948,4,2,4,0.775175644028103,3.4988290398126463,nested_oof,0.5
225-11,225,11,2,0,0,0.0512029454112052,0.0512029454112052,0,0,0.0512029454112052,0.4487970545887948,5,2,4,0.7892271662763466,3.782201405152225,nested_oof,0.5
225-12,225,12,2,0,0,0.0512029454112052,0.0512029454112052,0,0,0.0512029454112052,0.4487970545887948,4,2,4,0.8290398126463701,3.6721311475409837,nested_oof,0.5
226-0,226,0,3,0,0,0.1613178551197052,0.1613178551197052,0,0,0.1613178551197052,0.3386821448802948,4,2,4,0.810304449648712,4.3629976580796255,nested_oof,0.5
226-1,226,1,3,0,0,0.1613178551197052,0.1613178551197052,0,0,0.1613178551197052,0.3386821448802948,4,3,4,0.8126463700234192,4.02576112412178,nested_oof,0.5
226-2,226,2,3,0,0,0.1613178551197052,0.1613178551197052,0,0,0.1613178551197052,0.3386821448802948,4,2,4,0.7939110070257611,3.8454332552693207,nested_oof,0.5
226-3,226,3,3,0,0,0.1613178551197052,0.1613178551197052,0,0,0.1613178551197052,0.3386821448802948,2,3,4,0.8149882903981265,3.9555035128805622,nested_oof,0.5
226-4,226,4,3,0,0,0.1613178551197052,0.1613178551197052,0,0,0.1613178551197052,0.3386821448802948,4,2,3,0.8618266978922717,4.583138173302108,nested_oof,0.5
226-5,226,5,3,0,0,0.1613178551197052,0.1613178551197052,0,0,0.1613178551197052,0.3386821448802948,4,2,3,0.7868852459016393,3.962529274004684,nested_oof,0.5
226-6,226,6,3,0,0,0.1613178551197052,0.1613178551197052,0,0,0.1613178551197052,0.3386821448802948,5,2,2,0.7915690866510539,3.7353629976580796,nested_oof,0.5
226-7,226,7,3,0,0,0.1613178551197052,0.1613178551197052,0,0,0.1613178551197052,0.3386821448802948,3,3,2,0.8407494145199064,3.540983606557377,nested_oof,0.5
226-8,226,8,3,0,0,0.1613178551197052,0.1613178551197052,0,0,0.1613178551197052,0.3386821448802948,3,3,2,0.7985948477751756,2.791569086651054,nested_oof,0.5
226-9,226,9,3,0,0,0.1613178551197052,0.1613178551197052,0,0,0.1613178551197052,0.3386821448802948,5,3,4,0.819672131147541,4.285714285714286,nested_oof,0.5
226-10,226,10,3,0,0,0.1613178551197052,0.1613178551197052,0,0,0.1613178551197052,0.3386821448802948,3,3,4,0.775175644028103,3.4988290398126463,nested_oof,0.5
226-11,226,11,3,0,0,0.1613178551197052,0.1613178551197052,0,0,0.1613178551197052,0.3386821448802948,5,2,4,0.7892271662763466,3.782201405152225,nested_oof,0.5
226-12,226,12,3,0,0,0.1613178551197052,0.1613178551197052,0,0,0.1613178551197052,0.3386821448802948,5,2,4,0.8290398126463701,3.6721311475409837,nested_oof,0.5
227-0,227,0,2,0,0,0.1743381023406982,0.1743381023406982,0,0,0.1743381023406982,0.3256618976593018,4,3,4,0.810304449648712,4.3629976580796255,nested_oof,0.5
227-1,227,1,2,0,0,0.1743381023406982,0.1743381023406982,0,0,0.1743381023406982,0.3256618976593018,4,2,4,0.8126463700234192,4.02576112412178,nested_oof,0.5
227-2,227,2,2,0,0,0.1743381023406982,0.1743381023406982,0,0,0.1743381023406982,0.3256618976593018,4,3,4,0.7939110070257611,3.8454332552693207,nested_oof,0.5
227-3,227,3,2,0,0,0.1743381023406982,0.1743381023406982,0,0,0.1743381023406982,0.3256618976593018,3,2,4,0.8149882903981265,3.9555035128805622,nested_oof,0.5
227-4,227,4,2,0,0,0.1743381023406982,0.1743381023406982,0,0,0.1743381023406982,0.3256618976593018,4,3,3,0.8618266978922717,4.583138173302108,nested_oof,0.5
227-5,227,5,2,1,1,0.8256618976593018,0.1743381023406982,0,1,0.8256618976593018,0.3256618976593018,3,3,3,0.7868852459016393,3.962529274004684,nested_oof,0.5
227-6,227,6,2,0,0,0.1743381023406982,0.1743381023406982,0,0,0.1743381023406982,0.3256618976593018,4,2,2,0.7915690866510539,3.7353629976580796,nested_oof,0.5
227-7,227,7,2,0,0,0.1743381023406982,0.1743381023406982,0,0,0.1743381023406982,0.3256618976593018,2,3,2,0.8407494145199064,3.540983606557377,nested_oof,0.5
227-8,227,8,2,1,1,0.8256618976593018,0.1743381023406982,0,1,0.8256618976593018,0.3256618976593018,3,3,2,0.7985948477751756,2.791569086651054,nested_oof,0.5
227-9,227,9,2,0,0,0.1743381023406982,0.1743381023406982,0,0,0.1743381023406982,0.3256618976593018,5,3,4,0.819672131147541,4.285714285714286,nested_oof,0.5
227-10,227,10,2,0,0,0.1743381023406982,0.1743381023406982,0,0,0.1743381023406982,0.3256618976593018,3,3,4,0.775175644028103,3.4988290398126463,nested_oof,0.5
227-11,227,11,2,0,0,0.1743381023406982,0.1743381023406982,0,0,0.1743381023406982,0.3256618976593018,5,2,4,0.7892271662763466,3.782201405152225,nested_oof,0.5
227-12,227,12,2,0,0,0.1743381023406982,0.1743381023406982,0,0,0.1743381023406982,0.3256618976593018,2,3,4,0.8290398126463701,3.6721311475409837,nested_oof,0.5
228-0,228,0,2,1,1,0.8108063489198685,0.1891936510801315,0,1,0.8108063489198685,0.31080634891986847,4,3,4,0.810304449648712,4.3629976580796255,nested_oof,0.5
228-1,228,1,2,0,0,0.1891936510801315,0.1891936510801315,0,0,0.1891936510801315,0.31080634891986847,5,2,4,0.8126463700234192,4.02576112412178,nested_oof,0.5
228-2,228,2,2,1,1,0.8108063489198685,0.1891936510801315,0,1,0.8108063489198685,0.31080634891986847,4,3,4,0.7939110070257611,3.8454332552693207,nested_oof,0.5
228-3,228,3,2,1,1,0.8108063489198685,0.1891936510801315,0,1,0.8108063489198685,0.31080634891986847,4,3,4,0.8149882903981265,3.9555035128805622,nested_oof,0.5
228-4,228,4,2,1,1,0.8108063489198685,0.1891936510801315,0,1,0.8108063489198685,0.31080634891986847,4,4,3,0.8618266978922717,4.583138173302108,nested_oof,0.5
228-5,228,5,2,0,0,0.1891936510801315,0.1891936510801315,0,0,0.1891936510801315,0.31080634891986847,4,3,3,0.7868852459016393,3.962529274004684,nested_oof,0.5
228-6,228,6,2,1,1,0.8108063489198685,0.1891936510801315,0,1,0.8108063489198685,0.31080634891986847,4,3,2,0.7915690866510539,3.7353629976580796,nested_oof,0.5
228-7,228,7,2,0,0,0.1891936510801315,0.1891936510801315,0,0,0.1891936510801315,0.31080634891986847,2,3,2,0.8407494145199064,3.540983606557377,nested_oof,0.5
228-8,228,8,2,0,0,0.1891936510801315,0.1891936510801315,0,0,0.1891936510801315,0.31080634891986847,2,3,2,0.7985948477751756,2.791569086651054,nested_oof,0.5
228-9,228,9,2,0,0,0.1891936510801315,0.1891936510801315,0,0,0.1891936510801315,0.31080634891986847,5,3,4,0.819672131147541,4.285714285714286,nested_oof,0.5
228-10,228,10,2,1,1,0.8108063489198685,0.1891936510801315,0,1,0.8108063489198685,0.31080634891986847,3,3,4,0.775175644028103,3.4988290398126463,nested_oof,0.5
228-11,228,11,2,0,0,0.1891936510801315,0.1891936510801315,0,0,0.1891936510801315,0.31080634891986847,4,3,4,0.7892271662763466,3.782201405152225,nested_oof,0.5
228-12,228,12,2,0,0,0.1891936510801315,0.1891936510801315,0,0,0.1891936510801315,0.31080634891986847,4,2,4,0.8290398126463701,3.6721311475409837,nested_oof,0.5
229-0,229,0,3,1,1,0.91262885928154,0.08737114071846,0,1,0.91262885928154,0.41262885928154003,3,3,4,0.810304449648712,4.3629976580796255,nested_oof,0.5
229-1,229,1,3,0,0,0.08737114071846,0.08737114071846,0,0,0.08737114071846,0.41262885928154003,5,2,4,0.8126463700234192,4.02576112412178,nested_oof,0.5
229-2,229,2,3,0,0,0.08737114071846,0.08737114071846,0,0,0.08737114071846,0.41262885928154003,4,3,4,0.7939110070257611,3.8454332552693207,nested_oof,0.5
229-3,229,3,3,0,0,0.08737114071846,0.08737114071846,0,0,0.08737114071846,0.41262885928154003,4,3,4,0.8149882903981265,3.9555035128805622,nested_oof,0.5
229-4,229,4,3,1,1,0.91262885928154,0.08737114071846,0,1,0.91262885928154,0.41262885928154003,4,4,3,0.8618266978922717,4.583138173302108,nested_oof,0.5
229-5,229,5,3,1,1,0.91262885928154,0.08737114071846,0,1,0.91262885928154,0.41262885928154003,4,3,3,0.7868852459016393,3.962529274004684,nested_oof,0.5
229-6,229,6,3,0,0,0.08737114071846,0.08737114071846,0,0,0.08737114071846,0.41262885928154003,4,3,2,0.7915690866510539,3.7353629976580796,nested_oof,0.5
229-7,229,7,3,0,0,0.08737114071846,0.08737114071846,0,0,0.08737114071846,0.41262885928154003,2,3,2,0.8407494145199064,3.540983606557377,nested_oof,0.5
229-8,229,8,3,0,0,0.08737114071846,0.08737114071846,0,0,0.08737114071846,0.41262885928154003,3,3,2,0.7985948477751756,2.791569086651054,nested_oof,0.5
229-9,229,9,3,0,0,0.08737114071846,0.08737114071846,0,0,0.08737114071846,0.41262885928154003,4,3,4,0.819672131147541,4.285714285714286,nested_oof,0.5
229-10,229,10,3,0,0,0.08737114071846,0.08737114071846,0,0,0.08737114071846,0.41262885928154003,4,3,4,0.775175644028103,3.4988290398126463,nested_oof,0.5
229-11,229,11,3,0,0,0.08737114071846,0.08737114071846,0,0,0.08737114071846,0.41262885928154003,5,3,4,0.7892271662763466,3.782201405152225,nested_oof,0.5
229-12,229,12,3,0,0,0.08737114071846,0.08737114071846,0,0,0.08737114071846,0.41262885928154003,3,3,4,0.8290398126463701,3.6721311475409837,nested_oof,0.5
230-0,230,0,4,1,0,0.11364734172821045,0.8863526582717896,1,0,0.11364734172821045,0.38635265827178955,4,3,4,0.810304449648712,4.3629976580796255,nested_oof,0.5
230-1,230,1,4,1,0,0.11364734172821045,0.8863526582717896,1,0,0.11364734172821045,0.38635265827178955,4,3,4,0.8126463700234192,4.02576112412178,nested_oof,0.5
230-2,230,2,4,1,0,0.11364734172821045,0.8863526582717896,1,0,0.11364734172821045,0.38635265827178955,4,3,4,0.7939110070257611,3.8454332552693207,nested_oof,0.5
230-3,230,3,4,1,0,0.11364734172821045,0.8863526582717896,1,0,0.11364734172821045,0.38635265827178955,3,3,4,0.8149882903981265,3.9555035128805622,nested_oof,0.5
230-4,230,4,4,1,0,0.11364734172821045,0.8863526582717896,1,0,0.11364734172821045,0.38635265827178955,4,4,3,0.8618266978922717,4.583138173302108,nested_oof,0.5
230-5,230,5,4,1,0,0.11364734172821045,0.8863526582717896,1,0,0.11364734172821045,0.38635265827178955,5,3,3,0.7868852459016393,3.962529274004684,nested_oof,0.5
230-6,230,6,4,1,0,0.11364734172821045,0.8863526582717896,1,0,0.11364734172821045,0.38635265827178955,3,4,2,0.7915690866510539,3.7353629976580796,nested_oof,0.5
230-7,230,7,4,1,0,0.11364734172821045,0.8863526582717896,1,0,0.11364734172821045,0.38635265827178955,3,3,2,0.8407494145199064,3.540983606557377,nested_oof,0.5
230-8,230,8,4,1,0,0.11364734172821045,0.8863526582717896,1,0,0.11364734172821045,0.38635265827178955,3,3,2,0.7985948477751756,2.791569086651054,nested_oof,0.5
230-9,230,9,4,1,0,0.11364734172821045,0.8863526582717896,1,0,0.11364734172821045,0.38635265827178955,5,4,4,0.819672131147541,4.285714285714286,nested_oof,0.5
230-10,230,10,4,1,0,0.11364734172821045,0.8863526582717896,1,0,0.11364734172821045,0.38635265827178955,3,3,4,0.775175644028103,3.4988290398126463,nested_oof,0.5
230-11,230,11,4,1,0,0.11364734172821045,0.8863526582717896,1,0,0.11364734172821045,0.38635265827178955,5,3,4,0.7892271662763466,3.782201405152225,nested_oof,0.5
230-12,230,12,4,1,0,0.11364734172821045,0.8863526582717896,1,0,0.11364734172821045,0.38635265827178955,3,4,4,0.8290398126463701,3.6721311475409837,nested_oof,0.5
231-0,231,0,1,1,0,0.09083676338195801,0.909163236618042,1,0,0.09083676338195801,0.409163236618042,5,3,4,0.810304449648712,4.3629976580796255,nested_oof,0.5
231-1,231,1,1,1,0,0.09083676338195801,0.909163236618042,1,0,0.09083676338195801,0.409163236618042,4,4,4,0.8126463700234192,4.02576112412178,nested_oof,0.5
231-2,231,2,1,1,0,0.09083676338195801,0.909163236618042,1,0,0.09083676338195801,0.409163236618042,4,3,4,0.7939110070257611,3.8454332552693207,nested_oof,0.5
231-3,231,3,1,1,0,0.09083676338195801,0.909163236618042,1,0,0.09083676338195801,0.409163236618042,2,3,4,0.8149882903981265,3.9555035128805622,nested_oof,0.5
231-4,231,4,1,1,0,0.09083676338195801,0.909163236618042,1,0,0.09083676338195801,0.409163236618042,5,3,3,0.8618266978922717,4.583138173302108,nested_oof,0.5
231-5,231,5,1,1,0,0.09083676338195801,0.909163236618042,1,0,0.09083676338195801,0.409163236618042,4,4,3,0.7868852459016393,3.962529274004684,nested_oof,0.5
231-6,231,6,1,1,0,0.09083676338195801,0.909163236618042,1,0,0.09083676338195801,0.409163236618042,3,4,2,0.7915690866510539,3.7353629976580796,nested_oof,0.5
231-7,231,7,1,1,0,0.09083676338195801,0.909163236618042,1,0,0.09083676338195801,0.409163236618042,3,3,2,0.8407494145199064,3.540983606557377,nested_oof,0.5
231-8,231,8,1,1,0,0.09083676338195801,0.909163236618042,1,0,0.09083676338195801,0.409163236618042,2,3,2,0.7985948477751756,2.791569086651054,nested_oof,0.5
231-9,231,9,1,1,0,0.09083676338195801,0.909163236618042,1,0,0.09083676338195801,0.409163236618042,4,4,4,0.819672131147541,4.285714285714286,nested_oof,0.5
231-10,231,10,1,1,0,0.09083676338195801,0.909163236618042,1,0,0.09083676338195801,0.409163236618042,2,3,4,0.775175644028103,3.4988290398126463,nested_oof,0.5
231-11,231,11,1,0,1,0.909163236618042,0.909163236618042,1,1,0.909163236618042,0.409163236618042,3,4,4,0.7892271662763466,3.782201405152225,nested_oof,0.5
231-12,231,12,1,1,0,0.09083676338195801,0.909163236618042,1,0,0.09083676338195801,0.409163236618042,4,4,4,0.8290398126463701,3.6721311475409837,nested_oof,0.5
232-0,232,0,2,1,0,0.2222864031791687,0.7777135968208313,1,0,0.2222864031791687,0.2777135968208313,3,4,4,0.810304449648712,4.3629976580796255,nested_oof,0.5
232-1,232,1,2,1,0,0.2222864031791687,0.7777135968208313,1,0,0.2222864031791687,0.2777135968208313,3,4,4,0.8126463700234192,4.02576112412178,nested_oof,0.5
232-2,232,2,2,1,0,0.2222864031791687,0.7777135968208313,1,0,0.2222864031791687,0.2777135968208313,3,3,4,0.7939110070257611,3.8454332552693207,nested_oof,0.5
232-3,232,3,2,1,0,0.2222864031791687,0.7777135968208313,1,0,0.2222864031791687,0.2777135968208313,2,3,4,0.8149882903981265,3.9555035128805622,nested_oof,0.5
232-4,232,4,2,1,0,0.2222864031791687,0.7777135968208313,1,0,0.2222864031791687,0.2777135968208313,4,4,3,0.8618266978922717,4.583138173302108,nested_oof,0.5
232-5,232,5,2,1,0,0.2222864031791687,0.7777135968208313,1,0,0.2222864031791687,0.2777135968208313,4,4,3,0.7868852459016393,3.962529274004684,nested_oof,0.5
232-6,232,6,2,1,0,0.2222864031791687,0.7777135968208313,1,0,0.2222864031791687,0.2777135968208313,3,4,2,0.7915690866510539,3.7353629976580796,nested_oof,0.5
232-7,232,7,2,1,0,0.2222864031791687,0.7777135968208313,1,0,0.2222864031791687,0.2777135968208313,3,3,2,0.8407494145199064,3.540983606557377,nested_oof,0.5
232-8,232,8,2,1,0,0.2222864031791687,0.7777135968208313,1,0,0.2222864031791687,0.2777135968208313,3,3,2,0.7985948477751756,2.791569086651054,nested_oof,0.5
232-9,232,9,2,1,0,0.2222864031791687,0.7777135968208313,1,0,0.2222864031791687,0.2777135968208313,4,4,4,0.819672131147541,4.285714285714286,nested_oof,0.5
232-10,232,10,2,1,0,0.2222864031791687,0.7777135968208313,1,0,0.2222864031791687,0.2777135968208313,3,3,4,0.775175644028103,3.4988290398126463,nested_oof,0.5
232-11,232,11,2,1,0,0.2222864031791687,0.7777135968208313,1,0,0.2222864031791687,0.2777135968208313,4,3,4,0.7892271662763466,3.782201405152225,nested_oof,0.5
232-12,232,12,2,1,0,0.2222864031791687,0.7777135968208313,1,0,0.2222864031791687,0.2777135968208313,4,4,4,0.8290398126463701,3.6721311475409837,nested_oof,0.5
233-0,233,0,5,1,0,0.9064502716064454,0.0935497283935546,0,1,0.9064502716064454,0.4064502716064454,5,3,4,0.810304449648712,4.3629976580796255,nested_oof,0.5
233-1,233,1,5,1,0,0.9064502716064454,0.0935497283935546,0,1,0.9064502716064454,0.4064502716064454,4,3,4,0.8126463700234192,4.02576112412178,nested_oof,0.5
233-2,233,2,5,1,0,0.9064502716064454,0.0935497283935546,0,1,0.9064502716064454,0.4064502716064454,4,3,4,0.7939110070257611,3.8454332552693207,nested_oof,0.5
233-3,233,3,5,1,0,0.9064502716064454,0.0935497283935546,0,1,0.9064502716064454,0.4064502716064454,3,3,4,0.8149882903981265,3.9555035128805622,nested_oof,0.5
233-4,233,4,5,1,0,0.9064502716064454,0.0935497283935546,0,1,0.9064502716064454,0.4064502716064454,5,4,3,0.8618266978922717,4.583138173302108,nested_oof,0.5
233-5,233,5,5,1,0,0.9064502716064454,0.0935497283935546,0,1,0.9064502716064454,0.4064502716064454,4,3,3,0.7868852459016393,3.962529274004684,nested_oof,0.5
233-6,233,6,5,1,0,0.9064502716064454,0.0935497283935546,0,1,0.9064502716064454,0.4064502716064454,5,2,2,0.7915690866510539,3.7353629976580796,nested_oof,0.5
233-7,233,7,5,1,0,0.9064502716064454,0.0935497283935546,0,1,0.9064502716064454,0.4064502716064454,3,3,2,0.8407494145199064,3.540983606557377,nested_oof,0.5
233-8,233,8,5,1,0,0.9064502716064454,0.0935497283935546,0,1,0.9064502716064454,0.4064502716064454,3,3,2,0.7985948477751756,2.791569086651054,nested_oof,0.5
233-9,233,9,5,1,0,0.9064502716064454,0.0935497283935546,0,1,0.9064502716064454,0.4064502716064454,4,4,4,0.819672131147541,4.285714285714286,nested_oof,0.5
233-10,233,10,5,1,0,0.9064502716064454,0.0935497283935546,0,1,0.9064502716064454,0.4064502716064454,4,2,4,0.775175644028103,3.4988290398126463,nested_oof,0.5
233-11,233,11,5,1,0,0.9064502716064454,0.0935497283935546,0,1,0.9064502716064454,0.4064502716064454,4,3,4,0.7892271662763466,3.782201405152225,nested_oof,0.5
233-12,233,12,5,1,0,0.9064502716064454,0.0935497283935546,0,1,0.9064502716064454,0.4064502716064454,5,3,4,0.8290398126463701,3.6721311475409837,nested_oof,0.5
234-0,234,0,3,0,0,0.0404616147279739,0.0404616147279739,0,0,0.0404616147279739,0.4595383852720261,4,3,4,0.810304449648712,4.3629976580796255,nested_oof,0.5
234-1,234,1,3,0,0,0.0404616147279739,0.0404616147279739,0,0,0.0404616147279739,0.4595383852720261,4,2,4,0.8126463700234192,4.02576112412178,nested_oof,0.5
234-2,234,2,3,0,0,0.0404616147279739,0.0404616147279739,0,0,0.0404616147279739,0.4595383852720261,4,3,4,0.7939110070257611,3.8454332552693207,nested_oof,0.5
234-3,234,3,3,0,0,0.0404616147279739,0.0404616147279739,0,0,0.0404616147279739,0.4595383852720261,3,2,4,0.8149882903981265,3.9555035128805622,nested_oof,0.5
234-4,234,4,3,0,0,0.0404616147279739,0.0404616147279739,0,0,0.0404616147279739,0.4595383852720261,5,2,3,0.8618266978922717,4.583138173302108,nested_oof,0.5
234-5,234,5,3,0,0,0.0404616147279739,0.0404616147279739,0,0,0.0404616147279739,0.4595383852720261,5,2,3,0.7868852459016393,3.962529274004684,nested_oof,0.5
234-6,234,6,3,0,0,0.0404616147279739,0.0404616147279739,0,0,0.0404616147279739,0.4595383852720261,5,3,2,0.7915690866510539,3.7353629976580796,nested_oof,0.5
234-7,234,7,3,0,0,0.0404616147279739,0.0404616147279739,0,0,0.0404616147279739,0.4595383852720261,2,3,2,0.8407494145199064,3.540983606557377,nested_oof,0.5
234-8,234,8,3,0,0,0.0404616147279739,0.0404616147279739,0,0,0.0404616147279739,0.4595383852720261,3,3,2,0.7985948477751756,2.791569086651054,nested_oof,0.5
234-9,234,9,3,0,0,0.0404616147279739,0.0404616147279739,0,0,0.0404616147279739,0.4595383852720261,5,2,4,0.819672131147541,4.285714285714286,nested_oof,0.5
234-10,234,10,3,0,0,0.0404616147279739,0.0404616147279739,0,0,0.0404616147279739,0.4595383852720261,4,2,4,0.775175644028103,3.4988290398126463,nested_oof,0.5
234-11,234,11,3,1,1,0.9595383852720261,0.0404616147279739,0,1,0.9595383852720261,0.4595383852720261,4,3,4,0.7892271662763466,3.782201405152225,nested_oof,0.5
234-12,234,12,3,0,0,0.0404616147279739,0.0404616147279739,0,0,0.0404616147279739,0.4595383852720261,4,3,4,0.8290398126463701,3.6721311475409837,nested_oof,0.5
235-0,235,0,3,1,0,0.5093517005443573,0.4906482994556427,0,1,0.5093517005443573,0.0093517005443573,4,2,4,0.810304449648712,4.3629976580796255,nested_oof,0.5
235-1,235,1,3,1,0,0.5093517005443573,0.4906482994556427,0,1,0.5093517005443573,0.0093517005443573,5,3,4,0.8126463700234192,4.02576112412178,nested_oof,0.5
235-2,235,2,3,1,0,0.5093517005443573,0.4906482994556427,0,1,0.5093517005443573,0.0093517005443573,5,2,4,0.7939110070257611,3.8454332552693207,nested_oof,0.5
235-3,235,3,3,1,0,0.5093517005443573,0.4906482994556427,0,1,0.5093517005443573,0.0093517005443573,4,4,4,0.8149882903981265,3.9555035128805622,nested_oof,0.5
235-4,235,4,3,1,0,0.5093517005443573,0.4906482994556427,0,1,0.5093517005443573,0.0093517005443573,5,3,3,0.8618266978922717,4.583138173302108,nested_oof,0.5
235-5,235,5,3,1,0,0.5093517005443573,0.4906482994556427,0,1,0.5093517005443573,0.0093517005443573,5,2,3,0.7868852459016393,3.962529274004684,nested_oof,0.5
235-6,235,6,3,1,0,0.5093517005443573,0.4906482994556427,0,1,0.5093517005443573,0.0093517005443573,4,3,2,0.7915690866510539,3.7353629976580796,nested_oof,0.5
235-7,235,7,3,1,0,0.5093517005443573,0.4906482994556427,0,1,0.5093517005443573,0.0093517005443573,3,3,2,0.8407494145199064,3.540983606557377,nested_oof,0.5
235-8,235,8,3,1,0,0.5093517005443573,0.4906482994556427,0,1,0.5093517005443573,0.0093517005443573,3,3,2,0.7985948477751756,2.791569086651054,nested_oof,0.5
235-9,235,9,3,1,0,0.5093517005443573,0.4906482994556427,0,1,0.5093517005443573,0.0093517005443573,5,4,4,0.819672131147541,4.285714285714286,nested_oof,0.5
235-10,235,10,3,1,0,0.5093517005443573,0.4906482994556427,0,1,0.5093517005443573,0.0093517005443573,4,3,4,0.775175644028103,3.4988290398126463,nested_oof,0.5
235-11,235,11,3,1,0,0.5093517005443573,0.4906482994556427,0,1,0.5093517005443573,0.0093517005443573,5,2,4,0.7892271662763466,3.782201405152225,nested_oof,0.5
235-12,235,12,3,1,0,0.5093517005443573,0.4906482994556427,0,1,0.5093517005443573,0.0093517005443573,5,4,4,0.8290398126463701,3.6721311475409837,nested_oof,0.5
236-0,236,0,3,0,1,0.2143891900777816,0.2143891900777816,0,0,0.2143891900777816,0.28561080992221843,4,3,4,0.810304449648712,4.3629976580796255,nested_oof,0.5
236-1,236,1,3,0,1,0.2143891900777816,0.2143891900777816,0,0,0.2143891900777816,0.28561080992221843,4,2,4,0.8126463700234192,4.02576112412178,nested_oof,0.5
236-2,236,2,3,0,1,0.2143891900777816,0.2143891900777816,0,0,0.2143891900777816,0.28561080992221843,4,3,4,0.7939110070257611,3.8454332552693207,nested_oof,0.5
236-3,236,3,3,0,1,0.2143891900777816,0.2143891900777816,0,0,0.2143891900777816,0.28561080992221843,4,2,4,0.8149882903981265,3.9555035128805622,nested_oof,0.5
236-4,236,4,3,0,1,0.2143891900777816,0.2143891900777816,0,0,0.2143891900777816,0.28561080992221843,5,2,3,0.8618266978922717,4.583138173302108,nested_oof,0.5
236-5,236,5,3,0,1,0.2143891900777816,0.2143891900777816,0,0,0.2143891900777816,0.28561080992221843,5,2,3,0.7868852459016393,3.962529274004684,nested_oof,0.5
236-6,236,6,3,0,1,0.2143891900777816,0.2143891900777816,0,0,0.2143891900777816,0.28561080992221843,4,3,2,0.7915690866510539,3.7353629976580796,nested_oof,0.5
236-7,236,7,3,0,1,0.2143891900777816,0.2143891900777816,0,0,0.2143891900777816,0.28561080992221843,3,3,2,0.8407494145199064,3.540983606557377,nested_oof,0.5
236-8,236,8,3,0,1,0.2143891900777816,0.2143891900777816,0,0,0.2143891900777816,0.28561080992221843,3,3,2,0.7985948477751756,2.791569086651054,nested_oof,0.5
236-9,236,9,3,0,1,0.2143891900777816,0.2143891900777816,0,0,0.2143891900777816,0.28561080992221843,5,3,4,0.819672131147541,4.285714285714286,nested_oof,0.5
236-10,236,10,3,0,1,0.2143891900777816,0.2143891900777816,0,0,0.2143891900777816,0.28561080992221843,3,3,4,0.775175644028103,3.4988290398126463,nested_oof,0.5
236-11,236,11,3,0,1,0.2143891900777816,0.2143891900777816,0,0,0.2143891900777816,0.28561080992221843,5,2,4,0.7892271662763466,3.782201405152225,nested_oof,0.5
236-12,236,12,3,0,1,0.2143891900777816,0.2143891900777816,0,0,0.2143891900777816,0.28561080992221843,4,2,4,0.8290398126463701,3.6721311475409837,nested_oof,0.5
237-0,237,0,1,0,0,0.5846384763717651,0.5846384763717651,1,1,0.5846384763717651,0.08463847637176514,4,3,4,0.810304449648712,4.3629976580796255,nested_oof,0.5
237-1,237,1,1,0,0,0.5846384763717651,0.5846384763717651,1,1,0.5846384763717651,0.08463847637176514,5,1,4,0.8126463700234192,4.02576112412178,nested_oof,0.5
237-2,237,2,1,0,0,0.5846384763717651,0.5846384763717651,1,1,0.5846384763717651,0.08463847637176514,5,2,4,0.7939110070257611,3.8454332552693207,nested_oof,0.5
237-3,237,3,1,0,0,0.5846384763717651,0.5846384763717651,1,1,0.5846384763717651,0.08463847637176514,3,3,4,0.8149882903981265,3.9555035128805622,nested_oof,0.5
237-4,237,4,1,0,0,0.5846384763717651,0.5846384763717651,1,1,0.5846384763717651,0.08463847637176514,5,1,3,0.8618266978922717,4.583138173302108,nested_oof,0.5
237-5,237,5,1,0,0,0.5846384763717651,0.5846384763717651,1,1,0.5846384763717651,0.08463847637176514,5,2,3,0.7868852459016393,3.962529274004684,nested_oof,0.5
237-6,237,6,1,0,0,0.5846384763717651,0.5846384763717651,1,1,0.5846384763717651,0.08463847637176514,5,1,2,0.7915690866510539,3.7353629976580796,nested_oof,0.5
237-7,237,7,1,0,0,0.5846384763717651,0.5846384763717651,1,1,0.5846384763717651,0.08463847637176514,4,2,2,0.8407494145199064,3.540983606557377,nested_oof,0.5
237-8,237,8,1,0,0,0.5846384763717651,0.5846384763717651,1,1,0.5846384763717651,0.08463847637176514,3,2,2,0.7985948477751756,2.791569086651054,nested_oof,0.5
237-9,237,9,1,0,0,0.5846384763717651,0.5846384763717651,1,1,0.5846384763717651,0.08463847637176514,5,1,4,0.819672131147541,4.285714285714286,nested_oof,0.5
237-10,237,10,1,0,0,0.5846384763717651,0.5846384763717651,1,1,0.5846384763717651,0.08463847637176514,4,2,4,0.775175644028103,3.4988290398126463,nested_oof,0.5
237-11,237,11,1,0,0,0.5846384763717651,0.5846384763717651,1,1,0.5846384763717651,0.08463847637176514,5,2,4,0.7892271662763466,3.782201405152225,nested_oof,0.5
237-12,237,12,1,0,0,0.5846384763717651,0.5846384763717651,1,1,0.5846384763717651,0.08463847637176514,5,2,4,0.8290398126463701,3.6721311475409837,nested_oof,0.5
238-0,238,0,2,1,1,0.9910532729700208,0.0089467270299792,0,1,0.9910532729700208,0.4910532729700208,3,4,4,0.810304449648712,4.3629976580796255,nested_oof,0.5
238-1,238,1,2,0,0,0.0089467270299792,0.0089467270299792,0,0,0.0089467270299792,0.4910532729700208,4,2,4,0.8126463700234192,4.02576112412178,nested_oof,0.5
238-2,238,2,2,1,1,0.9910532729700208,0.0089467270299792,0,1,0.9910532729700208,0.4910532729700208,3,3,4,0.7939110070257611,3.8454332552693207,nested_oof,0.5
238-3,238,3,2,0,0,0.0089467270299792,0.0089467270299792,0,0,0.0089467270299792,0.4910532729700208,3,3,4,0.8149882903981265,3.9555035128805622,nested_oof,0.5
238-4,238,4,2,0,0,0.0089467270299792,0.0089467270299792,0,0,0.0089467270299792,0.4910532729700208,4,4,3,0.8618266978922717,4.583138173302108,nested_oof,0.5
238-5,238,5,2,1,1,0.9910532729700208,0.0089467270299792,0,1,0.9910532729700208,0.4910532729700208,4,3,3,0.7868852459016393,3.962529274004684,nested_oof,0.5
238-6,238,6,2,0,0,0.0089467270299792,0.0089467270299792,0,0,0.0089467270299792,0.4910532729700208,4,3,2,0.7915690866510539,3.7353629976580796,nested_oof,0.5
238-7,238,7,2,0,0,0.0089467270299792,0.0089467270299792,0,0,0.0089467270299792,0.4910532729700208,2,3,2,0.8407494145199064,3.540983606557377,nested_oof,0.5
238-8,238,8,2,0,0,0.0089467270299792,0.0089467270299792,0,0,0.0089467270299792,0.4910532729700208,3,3,2,0.7985948477751756,2.791569086651054,nested_oof,0.5
238-9,238,9,2,0,0,0.0089467270299792,0.0089467270299792,0,0,0.0089467270299792,0.4910532729700208,4,3,4,0.819672131147541,4.285714285714286,nested_oof,0.5
238-10,238,10,2,0,0,0.0089467270299792,0.0089467270299792,0,0,0.0089467270299792,0.4910532729700208,4,1,4,0.775175644028103,3.4988290398126463,nested_oof,0.5
238-11,238,11,2,0,0,0.0089467270299792,0.0089467270299792,0,0,0.0089467270299792,0.4910532729700208,5,2,4,0.7892271662763466,3.782201405152225,nested_oof,0.5
238-12,238,12,2,0,0,0.0089467270299792,0.0089467270299792,0,0,0.0089467270299792,0.4910532729700208,4,3,4,0.8290398126463701,3.6721311475409837,nested_oof,0.5
239-0,239,0,4,1,1,0.48561328649520874,0.5143867135047913,1,0,0.48561328649520874,0.01438671350479126,3,3,4,0.810304449648712,4.3629976580796255,nested_oof,0.5
239-1,239,1,4,1,1,0.48561328649520874,0.5143867135047913,1,0,0.48561328649520874,0.01438671350479126,4,3,4,0.8126463700234192,4.02576112412178,nested_oof,0.5
239-2,239,2,4,1,1,0.48561328649520874,0.5143867135047913,1,0,0.48561328649520874,0.01438671350479126,5,3,4,0.7939110070257611,3.8454332552693207,nested_oof,0.5
239-3,239,3,4,1,1,0.48561328649520874,0.5143867135047913,1,0,0.48561328649520874,0.01438671350479126,3,3,4,0.8149882903981265,3.9555035128805622,nested_oof,0.5
239-4,239,4,4,0,0,0.5143867135047913,0.5143867135047913,1,1,0.5143867135047913,0.01438671350479126,5,2,3,0.8618266978922717,4.583138173302108,nested_oof,0.5
239-5,239,5,4,0,0,0.5143867135047913,0.5143867135047913,1,1,0.5143867135047913,0.01438671350479126,3,4,3,0.7868852459016393,3.962529274004684,nested_oof,0.5
239-6,239,6,4,1,1,0.48561328649520874,0.5143867135047913,1,0,0.48561328649520874,0.01438671350479126,5,3,2,0.7915690866510539,3.7353629976580796,nested_oof,0.5
239-7,239,7,4,0,0,0.5143867135047913,0.5143867135047913,1,1,0.5143867135047913,0.01438671350479126,3,3,2,0.8407494145199064,3.540983606557377,nested_oof,0.5
239-8,239,8,4,0,0,0.5143867135047913,0.5143867135047913,1,1,0.5143867135047913,0.01438671350479126,3,3,2,0.7985948477751756,2.791569086651054,nested_oof,0.5
239-9,239,9,4,0,0,0.5143867135047913,0.5143867135047913,1,1,0.5143867135047913,0.01438671350479126,4,3,4,0.819672131147541,4.285714285714286,nested_oof,0.5
239-10,239,10,4,0,0,0.5143867135047913,0.5143867135047913,1,1,0.5143867135047913,0.01438671350479126,4,2,4,0.775175644028103,3.4988290398126463,nested_oof,0.5
239-11,239,11,4,1,1,0.48561328649520874,0.5143867135047913,1,0,0.48561328649520874,0.01438671350479126,5,3,4,0.7892271662763466,3.782201405152225,nested_oof,0.5
239-12,239,12,4,1,1,0.48561328649520874,0.5143867135047913,1,0,0.48561328649520874,0.01438671350479126,2,3,4,0.8290398126463701,3.6721311475409837,nested_oof,0.5
240-0,240,0,1,0,0,0.8015216588973999,0.8015216588973999,1,1,0.8015216588973999,0.3015216588973999,4,2,4,0.810304449648712,4.3629976580796255,nested_oof,0.5
240-1,240,1,1,0,0,0.8015216588973999,0.8015216588973999,1,1,0.8015216588973999,0.3015216588973999,5,2,4,0.8126463700234192,4.02576112412178,nested_oof,0.5
240-2,240,2,1,0,0,0.8015216588973999,0.8015216588973999,1,1,0.8015216588973999,0.3015216588973999,4,3,4,0.7939110070257611,3.8454332552693207,nested_oof,0.5
240-3,240,3,1,0,0,0.8015216588973999,0.8015216588973999,1,1,0.8015216588973999,0.3015216588973999,3,3,4,0.8149882903981265,3.9555035128805622,nested_oof,0.5
240-4,240,4,1,0,0,0.8015216588973999,0.8015216588973999,1,1,0.8015216588973999,0.3015216588973999,5,1,3,0.8618266978922717,4.583138173302108,nested_oof,0.5
240-5,240,5,1,0,0,0.8015216588973999,0.8015216588973999,1,1,0.8015216588973999,0.3015216588973999,5,2,3,0.7868852459016393,3.962529274004684,nested_oof,0.5
240-6,240,6,1,0,0,0.8015216588973999,0.8015216588973999,1,1,0.8015216588973999,0.3015216588973999,4,2,2,0.7915690866510539,3.7353629976580796,nested_oof,0.5
240-7,240,7,1,0,0,0.8015216588973999,0.8015216588973999,1,1,0.8015216588973999,0.3015216588973999,3,3,2,0.8407494145199064,3.540983606557377,nested_oof,0.5
240-8,240,8,1,0,0,0.8015216588973999,0.8015216588973999,1,1,0.8015216588973999,0.3015216588973999,3,3,2,0.7985948477751756,2.791569086651054,nested_oof,0.5
240-9,240,9,1,0,0,0.8015216588973999,0.8015216588973999,1,1,0.8015216588973999,0.3015216588973999,5,1,4,0.819672131147541,4.285714285714286,nested_oof,0.5
240-10,240,10,1,0,0,0.8015216588973999,0.8015216588973999,1,1,0.8015216588973999,0.3015216588973999,4,2,4,0.775175644028103,3.4988290398126463,nested_oof,0.5
240-11,240,11,1,0,0,0.8015216588973999,0.8015216588973999,1,1,0.8015216588973999,0.3015216588973999,5,2,4,0.7892271662763466,3.782201405152225,nested_oof,0.5
240-12,240,12,1,0,0,0.8015216588973999,0.8015216588973999,1,1,0.8015216588973999,0.3015216588973999,4,2,4,0.8290398126463701,3.6721311475409837,nested_oof,0.5
241-0,241,0,5,1,0,0.004054725170135609,0.9959452748298644,1,0,0.004054725170135609,0.4959452748298644,3,3,4,0.810304449648712,4.3629976580796255,nested_oof,0.5
241-1,241,1,5,1,0,0.004054725170135609,0.9959452748298644,1,0,0.004054725170135609,0.4959452748298644,4,4,4,0.8126463700234192,4.02576112412178,nested_oof,0.5
241-2,241,2,5,1,0,0.004054725170135609,0.9959452748298644,1,0,0.004054725170135609,0.4959452748298644,4,3,4,0.7939110070257611,3.8454332552693207,nested_oof,0.5
241-3,241,3,5,1,0,0.004054725170135609,0.9959452748298644,1,0,0.004054725170135609,0.4959452748298644,4,3,4,0.8149882903981265,3.9555035128805622,nested_oof,0.5
241-4,241,4,5,1,0,0.004054725170135609,0.9959452748298644,1,0,0.004054725170135609,0.4959452748298644,4,3,3,0.8618266978922717,4.583138173302108,nested_oof,0.5
241-5,241,5,5,1,0,0.004054725170135609,0.9959452748298644,1,0,0.004054725170135609,0.4959452748298644,4,3,3,0.7868852459016393,3.962529274004684,nested_oof,0.5
241-6,241,6,5,1,0,0.004054725170135609,0.9959452748298644,1,0,0.004054725170135609,0.4959452748298644,4,3,2,0.7915690866510539,3.7353629976580796,nested_oof,0.5
241-7,241,7,5,1,0,0.004054725170135609,0.9959452748298644,1,0,0.004054725170135609,0.4959452748298644,2,3,2,0.8407494145199064,3.540983606557377,nested_oof,0.5
241-8,241,8,5,1,0,0.004054725170135609,0.9959452748298644,1,0,0.004054725170135609,0.4959452748298644,3,3,2,0.7985948477751756,2.791569086651054,nested_oof,0.5
241-9,241,9,5,1,0,0.004054725170135609,0.9959452748298644,1,0,0.004054725170135609,0.4959452748298644,5,3,4,0.819672131147541,4.285714285714286,nested_oof,0.5
241-10,241,10,5,1,0,0.004054725170135609,0.9959452748298644,1,0,0.004054725170135609,0.4959452748298644,3,3,4,0.775175644028103,3.4988290398126463,nested_oof,0.5
241-11,241,11,5,1,0,0.004054725170135609,0.9959452748298644,1,0,0.004054725170135609,0.4959452748298644,5,2,4,0.7892271662763466,3.782201405152225,nested_oof,0.5
241-12,241,12,5,1,0,0.004054725170135609,0.9959452748298644,1,0,0.004054725170135609,0.4959452748298644,5,4,4,0.8290398126463701,3.6721311475409837,nested_oof,0.5
242-0,242,0,5,1,0,0.9907667525112629,0.0092332474887371,0,1,0.9907667525112629,0.4907667525112629,5,1,4,0.810304449648712,4.3629976580796255,nested_oof,0.5
242-1,242,1,5,1,0,0.9907667525112629,0.0092332474887371,0,1,0.9907667525112629,0.4907667525112629,4,4,4,0.8126463700234192,4.02576112412178,nested_oof,0.5
242-2,242,2,5,1,0,0.9907667525112629,0.0092332474887371,0,1,0.9907667525112629,0.4907667525112629,4,3,4,0.7939110070257611,3.8454332552693207,nested_oof,0.5
242-3,242,3,5,1,0,0.9907667525112629,0.0092332474887371,0,1,0.9907667525112629,0.4907667525112629,3,3,4,0.8149882903981265,3.9555035128805622,nested_oof,0.5
242-4,242,4,5,1,0,0.9907667525112629,0.0092332474887371,0,1,0.9907667525112629,0.4907667525112629,4,3,3,0.8618266978922717,4.583138173302108,nested_oof,0.5
242-5,242,5,5,0,1,0.0092332474887371,0.0092332474887371,0,0,0.0092332474887371,0.4907667525112629,3,3,3,0.7868852459016393,3.962529274004684,nested_oof,0.5
242-6,242,6,5,1,0,0.9907667525112629,0.0092332474887371,0,1,0.9907667525112629,0.4907667525112629,3,4,2,0.7915690866510539,3.7353629976580796,nested_oof,0.5
242-7,242,7,5,1,0,0.9907667525112629,0.0092332474887371,0,1,0.9907667525112629,0.4907667525112629,2,3,2,0.8407494145199064,3.540983606557377,nested_oof,0.5
242-8,242,8,5,1,0,0.9907667525112629,0.0092332474887371,0,1,0.9907667525112629,0.4907667525112629,3,3,2,0.7985948477751756,2.791569086651054,nested_oof,0.5
242-9,242,9,5,1,0,0.9907667525112629,0.0092332474887371,0,1,0.9907667525112629,0.4907667525112629,4,4,4,0.819672131147541,4.285714285714286,nested_oof,0.5
242-10,242,10,5,1,0,0.9907667525112629,0.0092332474887371,0,1,0.9907667525112629,0.4907667525112629,4,3,4,0.775175644028103,3.4988290398126463,nested_oof,0.5
242-11,242,11,5,1,0,0.9907667525112629,0.0092332474887371,0,1,0.9907667525112629,0.4907667525112629,5,2,4,0.7892271662763466,3.782201405152225,nested_oof,0.5
242-12,242,12,5,1,0,0.9907667525112629,0.0092332474887371,0,1,0.9907667525112629,0.4907667525112629,4,3,4,0.8290398126463701,3.6721311475409837,nested_oof,0.5
243-0,243,0,5,1,0,0.9581394717097284,0.0418605282902717,0,1,0.9581394717097284,0.4581394717097283,4,2,4,0.810304449648712,4.3629976580796255,nested_oof,0.5
243-1,243,1,5,1,0,0.9581394717097284,0.0418605282902717,0,1,0.9581394717097284,0.4581394717097283,4,4,4,0.8126463700234192,4.02576112412178,nested_oof,0.5
243-2,243,2,5,1,0,0.9581394717097284,0.0418605282902717,0,1,0.9581394717097284,0.4581394717097283,3,4,4,0.7939110070257611,3.8454332552693207,nested_oof,0.5
243-3,243,3,5,1,0,0.9581394717097284,0.0418605282902717,0,1,0.9581394717097284,0.4581394717097283,3,3,4,0.8149882903981265,3.9555035128805622,nested_oof,0.5
243-4,243,4,5,1,0,0.9581394717097284,0.0418605282902717,0,1,0.9581394717097284,0.4581394717097283,4,4,3,0.8618266978922717,4.583138173302108,nested_oof,0.5
243-5,243,5,5,1,0,0.9581394717097284,0.0418605282902717,0,1,0.9581394717097284,0.4581394717097283,3,4,3,0.7868852459016393,3.962529274004684,nested_oof,0.5
243-6,243,6,5,0,1,0.0418605282902717,0.0418605282902717,0,0,0.0418605282902717,0.4581394717097283,4,3,2,0.7915690866510539,3.7353629976580796,nested_oof,0.5
243-7,243,7,5,1,0,0.9581394717097284,0.0418605282902717,0,1,0.9581394717097284,0.4581394717097283,3,3,2,0.8407494145199064,3.540983606557377,nested_oof,0.5
243-8,243,8,5,1,0,0.9581394717097284,0.0418605282902717,0,1,0.9581394717097284,0.4581394717097283,3,3,2,0.7985948477751756,2.791569086651054,nested_oof,0.5
243-9,243,9,5,1,0,0.9581394717097284,0.0418605282902717,0,1,0.9581394717097284,0.4581394717097283,4,4,4,0.819672131147541,4.285714285714286,nested_oof,0.5
243-10,243,10,5,1,0,0.9581394717097284,0.0418605282902717,0,1,0.9581394717097284,0.4581394717097283,4,3,4,0.775175644028103,3.4988290398126463,nested_oof,0.5
243-11,243,11,5,1,0,0.9581394717097284,0.0418605282902717,0,1,0.9581394717097284,0.4581394717097283,5,2,4,0.7892271662763466,3.782201405152225,nested_oof,0.5
243-12,243,12,5,1,0,0.9581394717097284,0.0418605282902717,0,1,0.9581394717097284,0.4581394717097283,4,3,4,0.8290398126463701,3.6721311475409837,nested_oof,0.5
244-0,244,0,1,0,0,0.2693410813808441,0.2693410813808441,0,0,0.2693410813808441,0.23065891861915588,4,1,4,0.810304449648712,4.3629976580796255,nested_oof,0.5
244-1,244,1,1,1,1,0.7306589186191559,0.2693410813808441,0,1,0.7306589186191559,0.23065891861915588,3,4,4,0.8126463700234192,4.02576112412178,nested_oof,0.5
244-2,244,2,1,0,0,0.2693410813808441,0.2693410813808441,0,0,0.2693410813808441,0.23065891861915588,4,3,4,0.7939110070257611,3.8454332552693207,nested_oof,0.5
244-3,244,3,1,0,0,0.2693410813808441,0.2693410813808441,0,0,0.2693410813808441,0.23065891861915588,4,2,4,0.8149882903981265,3.9555035128805622,nested_oof,0.5
244-4,244,4,1,0,0,0.2693410813808441,0.2693410813808441,0,0,0.2693410813808441,0.23065891861915588,4,4,3,0.8618266978922717,4.583138173302108,nested_oof,0.5
244-5,244,5,1,0,0,0.2693410813808441,0.2693410813808441,0,0,0.2693410813808441,0.23065891861915588,5,2,3,0.7868852459016393,3.962529274004684,nested_oof,0.5
244-6,244,6,1,0,0,0.2693410813808441,0.2693410813808441,0,0,0.2693410813808441,0.23065891861915588,4,3,2,0.7915690866510539,3.7353629976580796,nested_oof,0.5
244-7,244,7,1,0,0,0.2693410813808441,0.2693410813808441,0,0,0.2693410813808441,0.23065891861915588,3,2,2,0.8407494145199064,3.540983606557377,nested_oof,0.5
244-8,244,8,1,0,0,0.2693410813808441,0.2693410813808441,0,0,0.2693410813808441,0.23065891861915588,3,3,2,0.7985948477751756,2.791569086651054,nested_oof,0.5
244-9,244,9,1,0,0,0.2693410813808441,0.2693410813808441,0,0,0.2693410813808441,0.23065891861915588,4,2,4,0.819672131147541,4.285714285714286,nested_oof,0.5
244-10,244,10,1,0,0,0.2693410813808441,0.2693410813808441,0,0,0.2693410813808441,0.23065891861915588,4,1,4,0.775175644028103,3.4988290398126463,nested_oof,0.5
244-11,244,11,1,0,0,0.2693410813808441,0.2693410813808441,0,0,0.2693410813808441,0.23065891861915588,5,2,4,0.7892271662763466,3.782201405152225,nested_oof,0.5
244-12,244,12,1,0,0,0.2693410813808441,0.2693410813808441,0,0,0.2693410813808441,0.23065891861915588,4,2,4,0.8290398126463701,3.6721311475409837,nested_oof,0.5
245-0,245,0,5,0,1,0.5019106268882751,0.5019106268882751,1,1,0.5019106268882751,0.0019106268882751465,4,3,4,0.810304449648712,4.3629976580796255,nested_oof,0.5
245-1,245,1,5,0,1,0.5019106268882751,0.5019106268882751,1,1,0.5019106268882751,0.0019106268882751465,3,4,4,0.8126463700234192,4.02576112412178,nested_oof,0.5
245-2,245,2,5,0,1,0.5019106268882751,0.5019106268882751,1,1,0.5019106268882751,0.0019106268882751465,4,3,4,0.7939110070257611,3.8454332552693207,nested_oof,0.5
245-3,245,3,5,0,1,0.5019106268882751,0.5019106268882751,1,1,0.5019106268882751,0.0019106268882751465,4,3,4,0.8149882903981265,3.9555035128805622,nested_oof,0.5
245-4,245,4,5,1,0,0.49808937311172485,0.5019106268882751,1,0,0.49808937311172485,0.0019106268882751465,5,4,3,0.8618266978922717,4.583138173302108,nested_oof,0.5
245-5,245,5,5,0,1,0.5019106268882751,0.5019106268882751,1,1,0.5019106268882751,0.0019106268882751465,4,2,3,0.7868852459016393,3.962529274004684,nested_oof,0.5
245-6,245,6,5,1,0,0.49808937311172485,0.5019106268882751,1,0,0.49808937311172485,0.0019106268882751465,5,4,2,0.7915690866510539,3.7353629976580796,nested_oof,0.5
245-7,245,7,5,1,0,0.49808937311172485,0.5019106268882751,1,0,0.49808937311172485,0.0019106268882751465,3,3,2,0.8407494145199064,3.540983606557377,nested_oof,0.5
245-8,245,8,5,0,1,0.5019106268882751,0.5019106268882751,1,1,0.5019106268882751,0.0019106268882751465,3,3,2,0.7985948477751756,2.791569086651054,nested_oof,0.5
245-9,245,9,5,1,0,0.49808937311172485,0.5019106268882751,1,0,0.49808937311172485,0.0019106268882751465,4,4,4,0.819672131147541,4.285714285714286,nested_oof,0.5
245-10,245,10,5,0,1,0.5019106268882751,0.5019106268882751,1,1,0.5019106268882751,0.0019106268882751465,4,3,4,0.775175644028103,3.4988290398126463,nested_oof,0.5
245-11,245,11,5,1,0,0.49808937311172485,0.5019106268882751,1,0,0.49808937311172485,0.0019106268882751465,5,2,4,0.7892271662763466,3.782201405152225,nested_oof,0.5
245-12,245,12,5,0,1,0.5019106268882751,0.5019106268882751,1,1,0.5019106268882751,0.0019106268882751465,4,3,4,0.8290398126463701,3.6721311475409837,nested_oof,0.5
246-0,246,0,5,1,0,0.8524395227432251,0.1475604772567749,0,1,0.8524395227432251,0.3524395227432251,3,4,4,0.810304449648712,4.3629976580796255,nested_oof,0.5
246-1,246,1,5,0,1,0.1475604772567749,0.1475604772567749,0,0,0.1475604772567749,0.3524395227432251,4,3,4,0.8126463700234192,4.02576112412178,nested_oof,0.5
246-2,246,2,5,0,1,0.1475604772567749,0.1475604772567749,0,0,0.1475604772567749,0.3524395227432251,4,3,4,0.7939110070257611,3.8454332552693207,nested_oof,0.5
246-3,246,3,5,0,1,0.1475604772567749,0.1475604772567749,0,0,0.1475604772567749,0.3524395227432251,4,2,4,0.8149882903981265,3.9555035128805622,nested_oof,0.5
246-4,246,4,5,1,0,0.8524395227432251,0.1475604772567749,0,1,0.8524395227432251,0.3524395227432251,4,4,3,0.8618266978922717,4.583138173302108,nested_oof,0.5
246-5,246,5,5,1,0,0.8524395227432251,0.1475604772567749,0,1,0.8524395227432251,0.3524395227432251,3,4,3,0.7868852459016393,3.962529274004684,nested_oof,0.5
246-6,246,6,5,0,1,0.1475604772567749,0.1475604772567749,0,0,0.1475604772567749,0.3524395227432251,4,3,2,0.7915690866510539,3.7353629976580796,nested_oof,0.5
246-7,246,7,5,1,0,0.8524395227432251,0.1475604772567749,0,1,0.8524395227432251,0.3524395227432251,3,3,2,0.8407494145199064,3.540983606557377,nested_oof,0.5
246-8,246,8,5,0,1,0.1475604772567749,0.1475604772567749,0,0,0.1475604772567749,0.3524395227432251,3,3,2,0.7985948477751756,2.791569086651054,nested_oof,0.5
246-9,246,9,5,1,0,0.8524395227432251,0.1475604772567749,0,1,0.8524395227432251,0.3524395227432251,4,4,4,0.819672131147541,4.285714285714286,nested_oof,0.5
246-10,246,10,5,0,1,0.1475604772567749,0.1475604772567749,0,0,0.1475604772567749,0.3524395227432251,3,3,4,0.775175644028103,3.4988290398126463,nested_oof,0.5
246-11,246,11,5,0,1,0.1475604772567749,0.1475604772567749,0,0,0.1475604772567749,0.3524395227432251,4,2,4,0.7892271662763466,3.782201405152225,nested_oof,0.5
246-12,246,12,5,0,1,0.1475604772567749,0.1475604772567749,0,0,0.1475604772567749,0.3524395227432251,4,2,4,0.8290398126463701,3.6721311475409837,nested_oof,0.5
247-0,247,0,4,0,0,0.2077724039554596,0.2077724039554596,0,0,0.2077724039554596,0.2922275960445404,4,2,4,0.810304449648712,4.3629976580796255,nested_oof,0.5
247-1,247,1,4,0,0,0.2077724039554596,0.2077724039554596,0,0,0.2077724039554596,0.2922275960445404,4,2,4,0.8126463700234192,4.02576112412178,nested_oof,0.5
247-2,247,2,4,0,0,0.2077724039554596,0.2077724039554596,0,0,0.2077724039554596,0.2922275960445404,4,2,4,0.7939110070257611,3.8454332552693207,nested_oof,0.5
247-3,247,3,4,0,0,0.2077724039554596,0.2077724039554596,0,0,0.2077724039554596,0.2922275960445404,4,3,4,0.8149882903981265,3.9555035128805622,nested_oof,0.5
247-4,247,4,4,0,0,0.2077724039554596,0.2077724039554596,0,0,0.2077724039554596,0.2922275960445404,4,4,3,0.8618266978922717,4.583138173302108,nested_oof,0.5
247-5,247,5,4,0,0,0.2077724039554596,0.2077724039554596,0,0,0.2077724039554596,0.2922275960445404,4,3,3,0.7868852459016393,3.962529274004684,nested_oof,0.5
247-6,247,6,4,0,0,0.2077724039554596,0.2077724039554596,0,0,0.2077724039554596,0.2922275960445404,4,3,2,0.7915690866510539,3.7353629976580796,nested_oof,0.5
247-7,247,7,4,0,0,0.2077724039554596,0.2077724039554596,0,0,0.2077724039554596,0.2922275960445404,3,3,2,0.8407494145199064,3.540983606557377,nested_oof,0.5
247-8,247,8,4,0,0,0.2077724039554596,0.2077724039554596,0,0,0.2077724039554596,0.2922275960445404,3,3,2,0.7985948477751756,2.791569086651054,nested_oof,0.5
247-9,247,9,4,0,0,0.2077724039554596,0.2077724039554596,0,0,0.2077724039554596,0.2922275960445404,4,3,4,0.819672131147541,4.285714285714286,nested_oof,0.5
247-10,247,10,4,0,0,0.2077724039554596,0.2077724039554596,0,0,0.2077724039554596,0.2922275960445404,4,2,4,0.775175644028103,3.4988290398126463,nested_oof,0.5
247-11,247,11,4,0,0,0.2077724039554596,0.2077724039554596,0,0,0.2077724039554596,0.2922275960445404,5,2,4,0.7892271662763466,3.782201405152225,nested_oof,0.5
247-12,247,12,4,0,0,0.2077724039554596,0.2077724039554596,0,0,0.2077724039554596,0.2922275960445404,4,3,4,0.8290398126463701,3.6721311475409837,nested_oof,0.5
248-0,248,0,2,1,1,0.8536773771047593,0.1463226228952407,0,1,0.8536773771047593,0.3536773771047593,3,3,4,0.810304449648712,4.3629976580796255,nested_oof,0.5
248-1,248,1,2,1,1,0.8536773771047593,0.1463226228952407,0,1,0.8536773771047593,0.3536773771047593,4,4,4,0.8126463700234192,4.02576112412178,nested_oof,0.5
248-2,248,2,2,0,0,0.1463226228952407,0.1463226228952407,0,0,0.1463226228952407,0.3536773771047593,4,3,4,0.7939110070257611,3.8454332552693207,nested_oof,0.5
248-3,248,3,2,0,0,0.1463226228952407,0.1463226228952407,0,0,0.1463226228952407,0.3536773771047593,2,2,4,0.8149882903981265,3.9555035128805622,nested_oof,0.5
248-4,248,4,2,0,0,0.1463226228952407,0.1463226228952407,0,0,0.1463226228952407,0.3536773771047593,4,3,3,0.8618266978922717,4.583138173302108,nested_oof,0.5
248-5,248,5,2,0,0,0.1463226228952407,0.1463226228952407,0,0,0.1463226228952407,0.3536773771047593,4,2,3,0.7868852459016393,3.962529274004684,nested_oof,0.5
248-6,248,6,2,0,0,0.1463226228952407,0.1463226228952407,0,0,0.1463226228952407,0.3536773771047593,4,3,2,0.7915690866510539,3.7353629976580796,nested_oof,0.5
248-7,248,7,2,0,0,0.1463226228952407,0.1463226228952407,0,0,0.1463226228952407,0.3536773771047593,2,3,2,0.8407494145199064,3.540983606557377,nested_oof,0.5
248-8,248,8,2,0,0,0.1463226228952407,0.1463226228952407,0,0,0.1463226228952407,0.3536773771047593,3,3,2,0.7985948477751756,2.791569086651054,nested_oof,0.5
248-9,248,9,2,0,0,0.1463226228952407,0.1463226228952407,0,0,0.1463226228952407,0.3536773771047593,4,3,4,0.819672131147541,4.285714285714286,nested_oof,0.5
248-10,248,10,2,0,0,0.1463226228952407,0.1463226228952407,0,0,0.1463226228952407,0.3536773771047593,4,3,4,0.775175644028103,3.4988290398126463,nested_oof,0.5
248-11,248,11,2,0,0,0.1463226228952407,0.1463226228952407,0,0,0.1463226228952407,0.3536773771047593,5,2,4,0.7892271662763466,3.782201405152225,nested_oof,0.5
248-12,248,12,2,0,0,0.1463226228952407,0.1463226228952407,0,0,0.1463226228952407,0.3536773771047593,3,3,4,0.8290398126463701,3.6721311475409837,nested_oof,0.5
249-0,249,0,3,1,0,0.7393282651901245,0.2606717348098755,0,1,0.7393282651901245,0.2393282651901245,4,3,4,0.810304449648712,4.3629976580796255,nested_oof,0.5
249-1,249,1,3,1,0,0.7393282651901245,0.2606717348098755,0,1,0.7393282651901245,0.2393282651901245,5,3,4,0.8126463700234192,4.02576112412178,nested_oof,0.5
249-2,249,2,3,1,0,0.7393282651901245,0.2606717348098755,0,1,0.7393282651901245,0.2393282651901245,5,2,4,0.7939110070257611,3.8454332552693207,nested_oof,0.5
249-3,249,3,3,1,0,0.7393282651901245,0.2606717348098755,0,1,0.7393282651901245,0.2393282651901245,4,2,4,0.8149882903981265,3.9555035128805622,nested_oof,0.5
249-4,249,4,3,1,0,0.7393282651901245,0.2606717348098755,0,1,0.7393282651901245,0.2393282651901245,5,2,3,0.8618266978922717,4.583138173302108,nested_oof,0.5
249-5,249,5,3,1,0,0.7393282651901245,0.2606717348098755,0,1,0.7393282651901245,0.2393282651901245,5,3,3,0.7868852459016393,3.962529274004684,nested_oof,0.5
249-6,249,6,3,1,0,0.7393282651901245,0.2606717348098755,0,1,0.7393282651901245,0.2393282651901245,5,3,2,0.7915690866510539,3.7353629976580796,nested_oof,0.5
249-7,249,7,3,1,0,0.7393282651901245,0.2606717348098755,0,1,0.7393282651901245,0.2393282651901245,3,3,2,0.8407494145199064,3.540983606557377,nested_oof,0.5
249-8,249,8,3,1,0,0.7393282651901245,0.2606717348098755,0,1,0.7393282651901245,0.2393282651901245,3,3,2,0.7985948477751756,2.791569086651054,nested_oof,0.5
249-9,249,9,3,1,0,0.7393282651901245,0.2606717348098755,0,1,0.7393282651901245,0.2393282651901245,5,3,4,0.819672131147541,4.285714285714286,nested_oof,0.5
249-10,249,10,3,1,0,0.7393282651901245,0.2606717348098755,0,1,0.7393282651901245,0.2393282651901245,3,3,4,0.775175644028103,3.4988290398126463,nested_oof,0.5
249-11,249,11,3,1,0,0.7393282651901245,0.2606717348098755,0,1,0.7393282651901245,0.2393282651901245,5,2,4,0.7892271662763466,3.782201405152225,nested_oof,0.5
249-12,249,12,3,1,0,0.7393282651901245,0.2606717348098755,0,1,0.7393282651901245,0.2393282651901245,4,4,4,0.8290398126463701,3.6721311475409837,nested_oof,0.5
250-0,250,0,3,1,1,0.9395624361932278,0.0604375638067722,0,1,0.9395624361932278,0.4395624361932278,4,3,4,0.810304449648712,4.3629976580796255,nested_oof,0.5
250-1,250,1,3,1,1,0.9395624361932278,0.0604375638067722,0,1,0.9395624361932278,0.4395624361932278,4,4,4,0.8126463700234192,4.02576112412178,nested_oof,0.5
250-2,250,2,3,0,0,0.0604375638067722,0.0604375638067722,0,0,0.0604375638067722,0.4395624361932278,4,3,4,0.7939110070257611,3.8454332552693207,nested_oof,0.5
250-3,250,3,3,1,1,0.9395624361932278,0.0604375638067722,0,1,0.9395624361932278,0.4395624361932278,4,3,4,0.8149882903981265,3.9555035128805622,nested_oof,0.5
250-4,250,4,3,1,1,0.9395624361932278,0.0604375638067722,0,1,0.9395624361932278,0.4395624361932278,4,4,3,0.8618266978922717,4.583138173302108,nested_oof,0.5
250-5,250,5,3,0,0,0.0604375638067722,0.0604375638067722,0,0,0.0604375638067722,0.4395624361932278,4,2,3,0.7868852459016393,3.962529274004684,nested_oof,0.5
250-6,250,6,3,0,0,0.0604375638067722,0.0604375638067722,0,0,0.0604375638067722,0.4395624361932278,3,3,2,0.7915690866510539,3.7353629976580796,nested_oof,0.5
250-7,250,7,3,1,1,0.9395624361932278,0.0604375638067722,0,1,0.9395624361932278,0.4395624361932278,3,3,2,0.8407494145199064,3.540983606557377,nested_oof,0.5
250-8,250,8,3,1,1,0.9395624361932278,0.0604375638067722,0,1,0.9395624361932278,0.4395624361932278,3,3,2,0.7985948477751756,2.791569086651054,nested_oof,0.5
250-9,250,9,3,1,1,0.9395624361932278,0.0604375638067722,0,1,0.9395624361932278,0.4395624361932278,4,4,4,0.819672131147541,4.285714285714286,nested_oof,0.5
250-10,250,10,3,1,1,0.9395624361932278,0.0604375638067722,0,1,0.9395624361932278,0.4395624361932278,3,3,4,0.775175644028103,3.4988290398126463,nested_oof,0.5
250-11,250,11,3,1,1,0.9395624361932278,0.0604375638067722,0,1,0.9395624361932278,0.4395624361932278,4,2,4,0.7892271662763466,3.782201405152225,nested_oof,0.5
250-12,250,12,3,1,1,0.9395624361932278,0.0604375638067722,0,1,0.9395624361932278,0.4395624361932278,3,3,4,0.8290398126463701,3.6721311475409837,nested_oof,0.5
251-0,251,0,4,1,0,0.21969372034072876,0.7803062796592712,1,0,0.21969372034072876,0.28030627965927124,3,3,4,0.810304449648712,4.3629976580796255,nested_oof,0.5
251-1,251,1,4,1,0,0.21969372034072876,0.7803062796592712,1,0,0.21969372034072876,0.28030627965927124,5,3,4,0.8126463700234192,4.02576112412178,nested_oof,0.5
251-2,251,2,4,1,0,0.21969372034072876,0.7803062796592712,1,0,0.21969372034072876,0.28030627965927124,4,4,4,0.7939110070257611,3.8454332552693207,nested_oof,0.5
251-3,251,3,4,0,1,0.7803062796592712,0.7803062796592712,1,1,0.7803062796592712,0.28030627965927124,3,4,4,0.8149882903981265,3.9555035128805622,nested_oof,0.5
251-4,251,4,4,1,0,0.21969372034072876,0.7803062796592712,1,0,0.21969372034072876,0.28030627965927124,5,3,3,0.8618266978922717,4.583138173302108,nested_oof,0.5
251-5,251,5,4,1,0,0.21969372034072876,0.7803062796592712,1,0,0.21969372034072876,0.28030627965927124,5,2,3,0.7868852459016393,3.962529274004684,nested_oof,0.5
251-6,251,6,4,1,0,0.21969372034072876,0.7803062796592712,1,0,0.21969372034072876,0.28030627965927124,4,3,2,0.7915690866510539,3.7353629976580796,nested_oof,0.5
251-7,251,7,4,1,0,0.21969372034072876,0.7803062796592712,1,0,0.21969372034072876,0.28030627965927124,3,3,2,0.8407494145199064,3.540983606557377,nested_oof,0.5
251-8,251,8,4,1,0,0.21969372034072876,0.7803062796592712,1,0,0.21969372034072876,0.28030627965927124,3,3,2,0.7985948477751756,2.791569086651054,nested_oof,0.5
251-9,251,9,4,1,0,0.21969372034072876,0.7803062796592712,1,0,0.21969372034072876,0.28030627965927124,4,4,4,0.819672131147541,4.285714285714286,nested_oof,0.5
251-10,251,10,4,1,0,0.21969372034072876,0.7803062796592712,1,0,0.21969372034072876,0.28030627965927124,3,4,4,0.775175644028103,3.4988290398126463,nested_oof,0.5
251-11,251,11,4,1,0,0.21969372034072876,0.7803062796592712,1,0,0.21969372034072876,0.28030627965927124,5,2,4,0.7892271662763466,3.782201405152225,nested_oof,0.5
251-12,251,12,4,1,0,0.21969372034072876,0.7803062796592712,1,0,0.21969372034072876,0.28030627965927124,2,4,4,0.8290398126463701,3.6721311475409837,nested_oof,0.5
252-0,252,0,5,0,0,0.1485012769699096,0.1485012769699096,0,0,0.1485012769699096,0.3514987230300904,4,3,4,0.810304449648712,4.3629976580796255,nested_oof,0.5
252-1,252,1,5,0,0,0.1485012769699096,0.1485012769699096,0,0,0.1485012769699096,0.3514987230300904,4,3,4,0.8126463700234192,4.02576112412178,nested_oof,0.5
252-2,252,2,5,0,0,0.1485012769699096,0.1485012769699096,0,0,0.1485012769699096,0.3514987230300904,3,3,4,0.7939110070257611,3.8454332552693207,nested_oof,0.5
252-3,252,3,5,0,0,0.1485012769699096,0.1485012769699096,0,0,0.1485012769699096,0.3514987230300904,2,4,4,0.8149882903981265,3.9555035128805622,nested_oof,0.5
252-4,252,4,5,0,0,0.1485012769699096,0.1485012769699096,0,0,0.1485012769699096,0.3514987230300904,5,3,3,0.8618266978922717,4.583138173302108,nested_oof,0.5
252-5,252,5,5,1,1,0.8514987230300903,0.1485012769699096,0,1,0.8514987230300903,0.3514987230300904,4,3,3,0.7868852459016393,3.962529274004684,nested_oof,0.5
252-6,252,6,5,0,0,0.1485012769699096,0.1485012769699096,0,0,0.1485012769699096,0.3514987230300904,3,4,2,0.7915690866510539,3.7353629976580796,nested_oof,0.5
252-7,252,7,5,1,1,0.8514987230300903,0.1485012769699096,0,1,0.8514987230300903,0.3514987230300904,2,3,2,0.8407494145199064,3.540983606557377,nested_oof,0.5
252-8,252,8,5,0,0,0.1485012769699096,0.1485012769699096,0,0,0.1485012769699096,0.3514987230300904,2,3,2,0.7985948477751756,2.791569086651054,nested_oof,0.5
252-9,252,9,5,0,0,0.1485012769699096,0.1485012769699096,0,0,0.1485012769699096,0.3514987230300904,4,4,4,0.819672131147541,4.285714285714286,nested_oof,0.5
252-10,252,10,5,0,0,0.1485012769699096,0.1485012769699096,0,0,0.1485012769699096,0.3514987230300904,3,3,4,0.775175644028103,3.4988290398126463,nested_oof,0.5
252-11,252,11,5,0,0,0.1485012769699096,0.1485012769699096,0,0,0.1485012769699096,0.3514987230300904,5,2,4,0.7892271662763466,3.782201405152225,nested_oof,0.5
252-12,252,12,5,0,0,0.1485012769699096,0.1485012769699096,0,0,0.1485012769699096,0.3514987230300904,2,3,4,0.8290398126463701,3.6721311475409837,nested_oof,0.5
253-0,253,0,3,1,0,0.12617039680480957,0.8738296031951904,1,0,0.12617039680480957,0.37382960319519043,4,3,4,0.810304449648712,4.3629976580796255,nested_oof,0.5
253-1,253,1,3,1,0,0.12617039680480957,0.8738296031951904,1,0,0.12617039680480957,0.37382960319519043,4,3,4,0.8126463700234192,4.02576112412178,nested_oof,0.5
253-2,253,2,3,1,0,0.12617039680480957,0.8738296031951904,1,0,0.12617039680480957,0.37382960319519043,4,2,4,0.7939110070257611,3.8454332552693207,nested_oof,0.5
253-3,253,3,3,1,0,0.12617039680480957,0.8738296031951904,1,0,0.12617039680480957,0.37382960319519043,4,3,4,0.8149882903981265,3.9555035128805622,nested_oof,0.5
253-4,253,4,3,1,0,0.12617039680480957,0.8738296031951904,1,0,0.12617039680480957,0.37382960319519043,5,4,3,0.8618266978922717,4.583138173302108,nested_oof,0.5
253-5,253,5,3,1,0,0.12617039680480957,0.8738296031951904,1,0,0.12617039680480957,0.37382960319519043,4,3,3,0.7868852459016393,3.962529274004684,nested_oof,0.5
253-6,253,6,3,1,0,0.12617039680480957,0.8738296031951904,1,0,0.12617039680480957,0.37382960319519043,3,4,2,0.7915690866510539,3.7353629976580796,nested_oof,0.5
253-7,253,7,3,1,0,0.12617039680480957,0.8738296031951904,1,0,0.12617039680480957,0.37382960319519043,3,3,2,0.8407494145199064,3.540983606557377,nested_oof,0.5
253-8,253,8,3,1,0,0.12617039680480957,0.8738296031951904,1,0,0.12617039680480957,0.37382960319519043,3,3,2,0.7985948477751756,2.791569086651054,nested_oof,0.5
253-9,253,9,3,1,0,0.12617039680480957,0.8738296031951904,1,0,0.12617039680480957,0.37382960319519043,4,4,4,0.819672131147541,4.285714285714286,nested_oof,0.5
253-10,253,10,3,1,0,0.12617039680480957,0.8738296031951904,1,0,0.12617039680480957,0.37382960319519043,3,3,4,0.775175644028103,3.4988290398126463,nested_oof,0.5
253-11,253,11,3,1,0,0.12617039680480957,0.8738296031951904,1,0,0.12617039680480957,0.37382960319519043,5,2,4,0.7892271662763466,3.782201405152225,nested_oof,0.5
253-12,253,12,3,1,0,0.12617039680480957,0.8738296031951904,1,0,0.12617039680480957,0.37382960319519043,4,3,4,0.8290398126463701,3.6721311475409837,nested_oof,0.5
254-0,254,0,5,0,0,0.0019806779455393,0.0019806779455393,0,0,0.0019806779455393,0.4980193220544607,3,4,4,0.810304449648712,4.3629976580796255,nested_oof,0.5
254-1,254,1,5,0,0,0.0019806779455393,0.0019806779455393,0,0,0.0019806779455393,0.4980193220544607,4,3,4,0.8126463700234192,4.02576112412178,nested_oof,0.5
254-2,254,2,5,0,0,0.0019806779455393,0.0019806779455393,0,0,0.0019806779455393,0.4980193220544607,4,3,4,0.7939110070257611,3.8454332552693207,nested_oof,0.5
254-3,254,3,5,0,0,0.0019806779455393,0.0019806779455393,0,0,0.0019806779455393,0.4980193220544607,3,3,4,0.8149882903981265,3.9555035128805622,nested_oof,0.5
254-4,254,4,5,0,0,0.0019806779455393,0.0019806779455393,0,0,0.0019806779455393,0.4980193220544607,5,3,3,0.8618266978922717,4.583138173302108,nested_oof,0.5
254-5,254,5,5,0,0,0.0019806779455393,0.0019806779455393,0,0,0.0019806779455393,0.4980193220544607,4,2,3,0.7868852459016393,3.962529274004684,nested_oof,0.5
254-6,254,6,5,0,0,0.0019806779455393,0.0019806779455393,0,0,0.0019806779455393,0.4980193220544607,4,3,2,0.7915690866510539,3.7353629976580796,nested_oof,0.5
254-7,254,7,5,0,0,0.0019806779455393,0.0019806779455393,0,0,0.0019806779455393,0.4980193220544607,3,3,2,0.8407494145199064,3.540983606557377,nested_oof,0.5
254-8,254,8,5,0,0,0.0019806779455393,0.0019806779455393,0,0,0.0019806779455393,0.4980193220544607,3,3,2,0.7985948477751756,2.791569086651054,nested_oof,0.5
254-9,254,9,5,0,0,0.0019806779455393,0.0019806779455393,0,0,0.0019806779455393,0.4980193220544607,5,2,4,0.819672131147541,4.285714285714286,nested_oof,0.5
254-10,254,10,5,0,0,0.0019806779455393,0.0019806779455393,0,0,0.0019806779455393,0.4980193220544607,3,3,4,0.775175644028103,3.4988290398126463,nested_oof,0.5
254-11,254,11,5,0,0,0.0019806779455393,0.0019806779455393,0,0,0.0019806779455393,0.4980193220544607,5,2,4,0.7892271662763466,3.782201405152225,nested_oof,0.5
254-12,254,12,5,0,0,0.0019806779455393,0.0019806779455393,0,0,0.0019806779455393,0.4980193220544607,4,3,4,0.8290398126463701,3.6721311475409837,nested_oof,0.5
255-0,255,0,1,1,0,0.16946524381637573,0.8305347561836243,1,0,0.16946524381637573,0.33053475618362427,3,4,4,0.810304449648712,4.3629976580796255,nested_oof,0.5
255-1,255,1,1,1,0,0.16946524381637573,0.8305347561836243,1,0,0.16946524381637573,0.33053475618362427,5,3,4,0.8126463700234192,4.02576112412178,nested_oof,0.5
255-2,255,2,1,1,0,0.16946524381637573,0.8305347561836243,1,0,0.16946524381637573,0.33053475618362427,3,3,4,0.7939110070257611,3.8454332552693207,nested_oof,0.5
255-3,255,3,1,1,0,0.16946524381637573,0.8305347561836243,1,0,0.16946524381637573,0.33053475618362427,4,3,4,0.8149882903981265,3.9555035128805622,nested_oof,0.5
255-4,255,4,1,1,0,0.16946524381637573,0.8305347561836243,1,0,0.16946524381637573,0.33053475618362427,5,4,3,0.8618266978922717,4.583138173302108,nested_oof,0.5
255-5,255,5,1,1,0,0.16946524381637573,0.8305347561836243,1,0,0.16946524381637573,0.33053475618362427,5,2,3,0.7868852459016393,3.962529274004684,nested_oof,0.5
255-6,255,6,1,1,0,0.16946524381637573,0.8305347561836243,1,0,0.16946524381637573,0.33053475618362427,4,3,2,0.7915690866510539,3.7353629976580796,nested_oof,0.5
255-7,255,7,1,1,0,0.16946524381637573,0.8305347561836243,1,0,0.16946524381637573,0.33053475618362427,3,3,2,0.8407494145199064,3.540983606557377,nested_oof,0.5
255-8,255,8,1,1,0,0.16946524381637573,0.8305347561836243,1,0,0.16946524381637573,0.33053475618362427,3,4,2,0.7985948477751756,2.791569086651054,nested_oof,0.5
255-9,255,9,1,1,0,0.16946524381637573,0.8305347561836243,1,0,0.16946524381637573,0.33053475618362427,5,4,4,0.819672131147541,4.285714285714286,nested_oof,0.5
255-10,255,10,1,1,0,0.16946524381637573,0.8305347561836243,1,0,0.16946524381637573,0.33053475618362427,3,3,4,0.775175644028103,3.4988290398126463,nested_oof,0.5
255-11,255,11,1,1,0,0.16946524381637573,0.8305347561836243,1,0,0.16946524381637573,0.33053475618362427,5,2,4,0.7892271662763466,3.782201405152225,nested_oof,0.5
255-12,255,12,1,0,1,0.8305347561836243,0.8305347561836243,1,1,0.8305347561836243,0.33053475618362427,4,4,4,0.8290398126463701,3.6721311475409837,nested_oof,0.5
256-0,256,0,3,1,0,0.8085181713104248,0.1914818286895752,0,1,0.8085181713104248,0.3085181713104248,4,3,4,0.810304449648712,4.3629976580796255,nested_oof,0.5
256-1,256,1,3,1,0,0.8085181713104248,0.1914818286895752,0,1,0.8085181713104248,0.3085181713104248,4,4,4,0.8126463700234192,4.02576112412178,nested_oof,0.5
256-2,256,2,3,0,1,0.1914818286895752,0.1914818286895752,0,0,0.1914818286895752,0.3085181713104248,4,3,4,0.7939110070257611,3.8454332552693207,nested_oof,0.5
256-3,256,3,3,0,1,0.1914818286895752,0.1914818286895752,0,0,0.1914818286895752,0.3085181713104248,4,3,4,0.8149882903981265,3.9555035128805622,nested_oof,0.5
256-4,256,4,3,1,0,0.8085181713104248,0.1914818286895752,0,1,0.8085181713104248,0.3085181713104248,4,4,3,0.8618266978922717,4.583138173302108,nested_oof,0.5
256-5,256,5,3,0,1,0.1914818286895752,0.1914818286895752,0,0,0.1914818286895752,0.3085181713104248,5,2,3,0.7868852459016393,3.962529274004684,nested_oof,0.5
256-6,256,6,3,0,1,0.1914818286895752,0.1914818286895752,0,0,0.1914818286895752,0.3085181713104248,3,3,2,0.7915690866510539,3.7353629976580796,nested_oof,0.5
256-7,256,7,3,0,1,0.1914818286895752,0.1914818286895752,0,0,0.1914818286895752,0.3085181713104248,3,3,2,0.8407494145199064,3.540983606557377,nested_oof,0.5
256-8,256,8,3,0,1,0.1914818286895752,0.1914818286895752,0,0,0.1914818286895752,0.3085181713104248,3,3,2,0.7985948477751756,2.791569086651054,nested_oof,0.5
256-9,256,9,3,0,1,0.1914818286895752,0.1914818286895752,0,0,0.1914818286895752,0.3085181713104248,5,2,4,0.819672131147541,4.285714285714286,nested_oof,0.5
256-10,256,10,3,1,0,0.8085181713104248,0.1914818286895752,0,1,0.8085181713104248,0.3085181713104248,3,4,4,0.775175644028103,3.4988290398126463,nested_oof,0.5
256-11,256,11,3,0,1,0.1914818286895752,0.1914818286895752,0,0,0.1914818286895752,0.3085181713104248,5,2,4,0.7892271662763466,3.782201405152225,nested_oof,0.5
256-12,256,12,3,1,0,0.8085181713104248,0.1914818286895752,0,1,0.8085181713104248,0.3085181713104248,4,3,4,0.8290398126463701,3.6721311475409837,nested_oof,0.5
257-0,257,0,3,1,0,0.9017021656036377,0.0982978343963623,0,1,0.9017021656036377,0.4017021656036377,4,3,4,0.810304449648712,4.3629976580796255,nested_oof,0.5
257-1,257,1,3,1,0,0.9017021656036377,0.0982978343963623,0,1,0.9017021656036377,0.4017021656036377,4,3,4,0.8126463700234192,4.02576112412178,nested_oof,0.5
257-2,257,2,3,1,0,0.9017021656036377,0.0982978343963623,0,1,0.9017021656036377,0.4017021656036377,4,3,4,0.7939110070257611,3.8454332552693207,nested_oof,0.5
257-3,257,3,3,1,0,0.9017021656036377,0.0982978343963623,0,1,0.9017021656036377,0.4017021656036377,2,3,4,0.8149882903981265,3.9555035128805622,nested_oof,0.5
257-4,257,4,3,1,0,0.9017021656036377,0.0982978343963623,0,1,0.9017021656036377,0.4017021656036377,4,4,3,0.8618266978922717,4.583138173302108,nested_oof,0.5
257-5,257,5,3,1,0,0.9017021656036377,0.0982978343963623,0,1,0.9017021656036377,0.4017021656036377,5,3,3,0.7868852459016393,3.962529274004684,nested_oof,0.5
257-6,257,6,3,1,0,0.9017021656036377,0.0982978343963623,0,1,0.9017021656036377,0.4017021656036377,3,3,2,0.7915690866510539,3.7353629976580796,nested_oof,0.5
257-7,257,7,3,1,0,0.9017021656036377,0.0982978343963623,0,1,0.9017021656036377,0.4017021656036377,3,3,2,0.8407494145199064,3.540983606557377,nested_oof,0.5
257-8,257,8,3,1,0,0.9017021656036377,0.0982978343963623,0,1,0.9017021656036377,0.4017021656036377,2,3,2,0.7985948477751756,2.791569086651054,nested_oof,0.5
257-9,257,9,3,1,0,0.9017021656036377,0.0982978343963623,0,1,0.9017021656036377,0.4017021656036377,5,4,4,0.819672131147541,4.285714285714286,nested_oof,0.5
257-10,257,10,3,1,0,0.9017021656036377,0.0982978343963623,0,1,0.9017021656036377,0.4017021656036377,3,4,4,0.775175644028103,3.4988290398126463,nested_oof,0.5
257-11,257,11,3,1,0,0.9017021656036377,0.0982978343963623,0,1,0.9017021656036377,0.4017021656036377,3,3,4,0.7892271662763466,3.782201405152225,nested_oof,0.5
257-12,257,12,3,1,0,0.9017021656036377,0.0982978343963623,0,1,0.9017021656036377,0.4017021656036377,5,3,4,0.8290398126463701,3.6721311475409837,nested_oof,0.5
258-0,258,0,5,1,1,0.9885269850492479,0.0114730149507522,0,1,0.9885269850492479,0.4885269850492478,3,4,4,0.810304449648712,4.3629976580796255,nested_oof,0.5
258-1,258,1,5,0,0,0.0114730149507522,0.0114730149507522,0,0,0.0114730149507522,0.4885269850492478,4,3,4,0.8126463700234192,4.02576112412178,nested_oof,0.5
258-2,258,2,5,0,0,0.0114730149507522,0.0114730149507522,0,0,0.0114730149507522,0.4885269850492478,4,3,4,0.7939110070257611,3.8454332552693207,nested_oof,0.5
258-3,258,3,5,0,0,0.0114730149507522,0.0114730149507522,0,0,0.0114730149507522,0.4885269850492478,3,2,4,0.8149882903981265,3.9555035128805622,nested_oof,0.5
258-4,258,4,5,0,0,0.0114730149507522,0.0114730149507522,0,0,0.0114730149507522,0.4885269850492478,4,4,3,0.8618266978922717,4.583138173302108,nested_oof,0.5
258-5,258,5,5,0,0,0.0114730149507522,0.0114730149507522,0,0,0.0114730149507522,0.4885269850492478,4,3,3,0.7868852459016393,3.962529274004684,nested_oof,0.5
258-6,258,6,5,1,1,0.9885269850492479,0.0114730149507522,0,1,0.9885269850492479,0.4885269850492478,3,4,2,0.7915690866510539,3.7353629976580796,nested_oof,0.5
258-7,258,7,5,0,0,0.0114730149507522,0.0114730149507522,0,0,0.0114730149507522,0.4885269850492478,3,3,2,0.8407494145199064,3.540983606557377,nested_oof,0.5
258-8,258,8,5,0,0,0.0114730149507522,0.0114730149507522,0,0,0.0114730149507522,0.4885269850492478,3,3,2,0.7985948477751756,2.791569086651054,nested_oof,0.5
258-9,258,9,5,1,1,0.9885269850492479,0.0114730149507522,0,1,0.9885269850492479,0.4885269850492478,4,4,4,0.819672131147541,4.285714285714286,nested_oof,0.5
258-10,258,10,5,0,0,0.0114730149507522,0.0114730149507522,0,0,0.0114730149507522,0.4885269850492478,3,3,4,0.775175644028103,3.4988290398126463,nested_oof,0.5
258-11,258,11,5,0,0,0.0114730149507522,0.0114730149507522,0,0,0.0114730149507522,0.4885269850492478,4,2,4,0.7892271662763466,3.782201405152225,nested_oof,0.5
258-12,258,12,5,0,0,0.0114730149507522,0.0114730149507522,0,0,0.0114730149507522,0.4885269850492478,4,3,4,0.8290398126463701,3.6721311475409837,nested_oof,0.5
259-0,259,0,1,1,0,0.33985477685928345,0.6601452231407166,1,0,0.33985477685928345,0.16014522314071655,3,4,4,0.810304449648712,4.3629976580796255,nested_oof,0.5
259-1,259,1,1,1,0,0.33985477685928345,0.6601452231407166,1,0,0.33985477685928345,0.16014522314071655,3,4,4,0.8126463700234192,4.02576112412178,nested_oof,0.5
259-2,259,2,1,1,0,0.33985477685928345,0.6601452231407166,1,0,0.33985477685928345,0.16014522314071655,4,3,4,0.7939110070257611,3.8454332552693207,nested_oof,0.5
259-3,259,3,1,1,0,0.33985477685928345,0.6601452231407166,1,0,0.33985477685928345,0.16014522314071655,2,3,4,0.8149882903981265,3.9555035128805622,nested_oof,0.5
259-4,259,4,1,1,0,0.33985477685928345,0.6601452231407166,1,0,0.33985477685928345,0.16014522314071655,4,4,3,0.8618266978922717,4.583138173302108,nested_oof,0.5
259-5,259,5,1,1,0,0.33985477685928345,0.6601452231407166,1,0,0.33985477685928345,0.16014522314071655,5,2,3,0.7868852459016393,3.962529274004684,nested_oof,0.5
259-6,259,6,1,1,0,0.33985477685928345,0.6601452231407166,1,0,0.33985477685928345,0.16014522314071655,4,4,2,0.7915690866510539,3.7353629976580796,nested_oof,0.5
259-7,259,7,1,1,0,0.33985477685928345,0.6601452231407166,1,0,0.33985477685928345,0.16014522314071655,2,3,2,0.8407494145199064,3.540983606557377,nested_oof,0.5
259-8,259,8,1,1,0,0.33985477685928345,0.6601452231407166,1,0,0.33985477685928345,0.16014522314071655,2,3,2,0.7985948477751756,2.791569086651054,nested_oof,0.5
259-9,259,9,1,1,0,0.33985477685928345,0.6601452231407166,1,0,0.33985477685928345,0.16014522314071655,4,4,4,0.819672131147541,4.285714285714286,nested_oof,0.5
259-10,259,10,1,1,0,0.33985477685928345,0.6601452231407166,1,0,0.33985477685928345,0.16014522314071655,3,3,4,0.775175644028103,3.4988290398126463,nested_oof,0.5
259-11,259,11,1,1,0,0.33985477685928345,0.6601452231407166,1,0,0.33985477685928345,0.16014522314071655,1,4,4,0.7892271662763466,3.782201405152225,nested_oof,0.5
259-12,259,12,1,1,0,0.33985477685928345,0.6601452231407166,1,0,0.33985477685928345,0.16014522314071655,1,3,4,0.8290398126463701,3.6721311475409837,nested_oof,0.5
260-0,260,0,3,1,0,0.04548490047454845,0.9545150995254515,1,0,0.04548490047454845,0.45451509952545155,3,4,4,0.810304449648712,4.3629976580796255,nested_oof,0.5
260-1,260,1,3,1,0,0.04548490047454845,0.9545150995254515,1,0,0.04548490047454845,0.45451509952545155,3,4,4,0.8126463700234192,4.02576112412178,nested_oof,0.5
260-2,260,2,3,1,0,0.04548490047454845,0.9545150995254515,1,0,0.04548490047454845,0.45451509952545155,4,4,4,0.7939110070257611,3.8454332552693207,nested_oof,0.5
260-3,260,3,3,1,0,0.04548490047454845,0.9545150995254515,1,0,0.04548490047454845,0.45451509952545155,3,4,4,0.8149882903981265,3.9555035128805622,nested_oof,0.5
260-4,260,4,3,1,0,0.04548490047454845,0.9545150995254515,1,0,0.04548490047454845,0.45451509952545155,4,4,3,0.8618266978922717,4.583138173302108,nested_oof,0.5
260-5,260,5,3,1,0,0.04548490047454845,0.9545150995254515,1,0,0.04548490047454845,0.45451509952545155,4,4,3,0.7868852459016393,3.962529274004684,nested_oof,0.5
260-6,260,6,3,1,0,0.04548490047454845,0.9545150995254515,1,0,0.04548490047454845,0.45451509952545155,4,4,2,0.7915690866510539,3.7353629976580796,nested_oof,0.5
260-7,260,7,3,1,0,0.04548490047454845,0.9545150995254515,1,0,0.04548490047454845,0.45451509952545155,2,3,2,0.8407494145199064,3.540983606557377,nested_oof,0.5
260-8,260,8,3,1,0,0.04548490047454845,0.9545150995254515,1,0,0.04548490047454845,0.45451509952545155,3,4,2,0.7985948477751756,2.791569086651054,nested_oof,0.5
260-9,260,9,3,1,0,0.04548490047454845,0.9545150995254515,1,0,0.04548490047454845,0.45451509952545155,4,3,4,0.819672131147541,4.285714285714286,nested_oof,0.5
260-10,260,10,3,0,1,0.9545150995254515,0.9545150995254515,1,1,0.9545150995254515,0.45451509952545155,3,4,4,0.775175644028103,3.4988290398126463,nested_oof,0.5
260-11,260,11,3,1,0,0.04548490047454845,0.9545150995254515,1,0,0.04548490047454845,0.45451509952545155,3,3,4,0.7892271662763466,3.782201405152225,nested_oof,0.5
260-12,260,12,3,1,0,0.04548490047454845,0.9545150995254515,1,0,0.04548490047454845,0.45451509952545155,3,3,4,0.8290398126463701,3.6721311475409837,nested_oof,0.5
261-0,261,0,3,1,1,0.8877734690904618,0.1122265309095382,0,1,0.8877734690904618,0.3877734690904618,4,2,4,0.810304449648712,4.3629976580796255,nested_oof,0.5
261-1,261,1,3,0,0,0.1122265309095382,0.1122265309095382,0,0,0.1122265309095382,0.3877734690904618,4,3,4,0.8126463700234192,4.02576112412178,nested_oof,0.5
261-2,261,2,3,0,0,0.1122265309095382,0.1122265309095382,0,0,0.1122265309095382,0.3877734690904618,3,3,4,0.7939110070257611,3.8454332552693207,nested_oof,0.5
261-3,261,3,3,0,0,0.1122265309095382,0.1122265309095382,0,0,0.1122265309095382,0.3877734690904618,3,2,4,0.8149882903981265,3.9555035128805622,nested_oof,0.5
261-4,261,4,3,0,0,0.1122265309095382,0.1122265309095382,0,0,0.1122265309095382,0.3877734690904618,4,3,3,0.8618266978922717,4.583138173302108,nested_oof,0.5
261-5,261,5,3,0,0,0.1122265309095382,0.1122265309095382,0,0,0.1122265309095382,0.3877734690904618,4,3,3,0.7868852459016393,3.962529274004684,nested_oof,0.5
261-6,261,6,3,0,0,0.1122265309095382,0.1122265309095382,0,0,0.1122265309095382,0.3877734690904618,4,3,2,0.7915690866510539,3.7353629976580796,nested_oof,0.5
261-7,261,7,3,0,0,0.1122265309095382,0.1122265309095382,0,0,0.1122265309095382,0.3877734690904618,3,3,2,0.8407494145199064,3.540983606557377,nested_oof,0.5
261-8,261,8,3,0,0,0.1122265309095382,0.1122265309095382,0,0,0.1122265309095382,0.3877734690904618,3,3,2,0.7985948477751756,2.791569086651054,nested_oof,0.5
261-9,261,9,3,0,0,0.1122265309095382,0.1122265309095382,0,0,0.1122265309095382,0.3877734690904618,5,3,4,0.819672131147541,4.285714285714286,nested_oof,0.5
261-10,261,10,3,0,0,0.1122265309095382,0.1122265309095382,0,0,0.1122265309095382,0.3877734690904618,3,3,4,0.775175644028103,3.4988290398126463,nested_oof,0.5
261-11,261,11,3,0,0,0.1122265309095382,0.1122265309095382,0,0,0.1122265309095382,0.3877734690904618,5,2,4,0.7892271662763466,3.782201405152225,nested_oof,0.5
261-12,261,12,3,0,0,0.1122265309095382,0.1122265309095382,0,0,0.1122265309095382,0.3877734690904618,4,2,4,0.8290398126463701,3.6721311475409837,nested_oof,0.5
262-0,262,0,5,1,1,0.9998271094082157,0.0001728905917843,0,1,0.9998271094082157,0.4998271094082157,4,3,4,0.810304449648712,4.3629976580796255,nested_oof,0.5
262-1,262,1,5,1,1,0.9998271094082157,0.0001728905917843,0,1,0.9998271094082157,0.4998271094082157,3,4,4,0.8126463700234192,4.02576112412178,nested_oof,0.5
262-2,262,2,5,1,1,0.9998271094082157,0.0001728905917843,0,1,0.9998271094082157,0.4998271094082157,3,4,4,0.7939110070257611,3.8454332552693207,nested_oof,0.5
262-3,262,3,5,1,1,0.9998271094082157,0.0001728905917843,0,1,0.9998271094082157,0.4998271094082157,2,4,4,0.8149882903981265,3.9555035128805622,nested_oof,0.5
262-4,262,4,5,1,1,0.9998271094082157,0.0001728905917843,0,1,0.9998271094082157,0.4998271094082157,5,3,3,0.8618266978922717,4.583138173302108,nested_oof,0.5
262-5,262,5,5,0,0,0.0001728905917843,0.0001728905917843,0,0,0.0001728905917843,0.4998271094082157,3,3,3,0.7868852459016393,3.962529274004684,nested_oof,0.5
262-6,262,6,5,0,0,0.0001728905917843,0.0001728905917843,0,0,0.0001728905917843,0.4998271094082157,3,3,2,0.7915690866510539,3.7353629976580796,nested_oof,0.5
262-7,262,7,5,1,1,0.9998271094082157,0.0001728905917843,0,1,0.9998271094082157,0.4998271094082157,2,3,2,0.8407494145199064,3.540983606557377,nested_oof,0.5
262-8,262,8,5,0,0,0.0001728905917843,0.0001728905917843,0,0,0.0001728905917843,0.4998271094082157,3,3,2,0.7985948477751756,2.791569086651054,nested_oof,0.5
262-9,262,9,5,0,0,0.0001728905917843,0.0001728905917843,0,0,0.0001728905917843,0.4998271094082157,4,3,4,0.819672131147541,4.285714285714286,nested_oof,0.5
262-10,262,10,5,1,1,0.9998271094082157,0.0001728905917843,0,1,0.9998271094082157,0.4998271094082157,3,3,4,0.775175644028103,3.4988290398126463,nested_oof,0.5
262-11,262,11,5,1,1,0.9998271094082157,0.0001728905917843,0,1,0.9998271094082157,0.4998271094082157,4,2,4,0.7892271662763466,3.782201405152225,nested_oof,0.5
262-12,262,12,5,0,0,0.0001728905917843,0.0001728905917843,0,0,0.0001728905917843,0.4998271094082157,2,3,4,0.8290398126463701,3.6721311475409837,nested_oof,0.5
263-0,263,0,4,1,0,0.2115582823753357,0.7884417176246643,1,0,0.2115582823753357,0.2884417176246643,3,4,4,0.810304449648712,4.3629976580796255,nested_oof,0.5
263-1,263,1,4,1,0,0.2115582823753357,0.7884417176246643,1,0,0.2115582823753357,0.2884417176246643,5,3,4,0.8126463700234192,4.02576112412178,nested_oof,0.5
263-2,263,2,4,1,0,0.2115582823753357,0.7884417176246643,1,0,0.2115582823753357,0.2884417176246643,4,4,4,0.7939110070257611,3.8454332552693207,nested_oof,0.5
263-3,263,3,4,1,0,0.2115582823753357,0.7884417176246643,1,0,0.2115582823753357,0.2884417176246643,4,3,4,0.8149882903981265,3.9555035128805622,nested_oof,0.5
263-4,263,4,4,1,0,0.2115582823753357,0.7884417176246643,1,0,0.2115582823753357,0.2884417176246643,4,4,3,0.8618266978922717,4.583138173302108,nested_oof,0.5
263-5,263,5,4,1,0,0.2115582823753357,0.7884417176246643,1,0,0.2115582823753357,0.2884417176246643,4,3,3,0.7868852459016393,3.962529274004684,nested_oof,0.5
263-6,263,6,4,1,0,0.2115582823753357,0.7884417176246643,1,0,0.2115582823753357,0.2884417176246643,4,3,2,0.7915690866510539,3.7353629976580796,nested_oof,0.5
263-7,263,7,4,1,0,0.2115582823753357,0.7884417176246643,1,0,0.2115582823753357,0.2884417176246643,3,3,2,0.8407494145199064,3.540983606557377,nested_oof,0.5
263-8,263,8,4,1,0,0.2115582823753357,0.7884417176246643,1,0,0.2115582823753357,0.2884417176246643,2,3,2,0.7985948477751756,2.791569086651054,nested_oof,0.5
263-9,263,9,4,1,0,0.2115582823753357,0.7884417176246643,1,0,0.2115582823753357,0.2884417176246643,4,4,4,0.819672131147541,4.285714285714286,nested_oof,0.5
263-10,263,10,4,1,0,0.2115582823753357,0.7884417176246643,1,0,0.2115582823753357,0.2884417176246643,3,3,4,0.775175644028103,3.4988290398126463,nested_oof,0.5
263-11,263,11,4,1,0,0.2115582823753357,0.7884417176246643,1,0,0.2115582823753357,0.2884417176246643,5,2,4,0.7892271662763466,3.782201405152225,nested_oof,0.5
263-12,263,12,4,1,0,0.2115582823753357,0.7884417176246643,1,0,0.2115582823753357,0.2884417176246643,4,3,4,0.8290398126463701,3.6721311475409837,nested_oof,0.5
264-0,264,0,4,0,1,0.7635767459869385,0.7635767459869385,1,1,0.7635767459869385,0.2635767459869385,2,4,4,0.810304449648712,4.3629976580796255,nested_oof,0.5
264-1,264,1,4,1,0,0.23642325401306152,0.7635767459869385,1,0,0.23642325401306152,0.2635767459869385,4,4,4,0.8126463700234192,4.02576112412178,nested_oof,0.5
264-2,264,2,4,0,1,0.7635767459869385,0.7635767459869385,1,1,0.7635767459869385,0.2635767459869385,1,3,4,0.7939110070257611,3.8454332552693207,nested_oof,0.5
264-3,264,3,4,0,1,0.7635767459869385,0.7635767459869385,1,1,0.7635767459869385,0.2635767459869385,4,3,4,0.8149882903981265,3.9555035128805622,nested_oof,0.5
264-4,264,4,4,0,1,0.7635767459869385,0.7635767459869385,1,1,0.7635767459869385,0.2635767459869385,4,4,3,0.8618266978922717,4.583138173302108,nested_oof,0.5
264-5,264,5,4,0,1,0.7635767459869385,0.7635767459869385,1,1,0.7635767459869385,0.2635767459869385,4,3,3,0.7868852459016393,3.962529274004684,nested_oof,0.5
264-6,264,6,4,0,1,0.7635767459869385,0.7635767459869385,1,1,0.7635767459869385,0.2635767459869385,3,3,2,0.7915690866510539,3.7353629976580796,nested_oof,0.5
264-7,264,7,4,0,1,0.7635767459869385,0.7635767459869385,1,1,0.7635767459869385,0.2635767459869385,3,3,2,0.8407494145199064,3.540983606557377,nested_oof,0.5
264-8,264,8,4,0,1,0.7635767459869385,0.7635767459869385,1,1,0.7635767459869385,0.2635767459869385,2,3,2,0.7985948477751756,2.791569086651054,nested_oof,0.5
264-9,264,9,4,0,1,0.7635767459869385,0.7635767459869385,1,1,0.7635767459869385,0.2635767459869385,4,4,4,0.819672131147541,4.285714285714286,nested_oof,0.5
264-10,264,10,4,0,1,0.7635767459869385,0.7635767459869385,1,1,0.7635767459869385,0.2635767459869385,2,3,4,0.775175644028103,3.4988290398126463,nested_oof,0.5
264-11,264,11,4,0,1,0.7635767459869385,0.7635767459869385,1,1,0.7635767459869385,0.2635767459869385,2,3,4,0.7892271662763466,3.782201405152225,nested_oof,0.5
264-12,264,12,4,0,1,0.7635767459869385,0.7635767459869385,1,1,0.7635767459869385,0.2635767459869385,1,3,4,0.8290398126463701,3.6721311475409837,nested_oof,0.5
265-0,265,0,3,1,0,0.12185537815093994,0.8781446218490601,1,0,0.12185537815093994,0.37814462184906006,4,4,4,0.810304449648712,4.3629976580796255,nested_oof,0.5
265-1,265,1,3,1,0,0.12185537815093994,0.8781446218490601,1,0,0.12185537815093994,0.37814462184906006,5,3,4,0.8126463700234192,4.02576112412178,nested_oof,0.5
265-2,265,2,3,0,1,0.8781446218490601,0.8781446218490601,1,1,0.8781446218490601,0.37814462184906006,4,3,4,0.7939110070257611,3.8454332552693207,nested_oof,0.5
265-3,265,3,3,1,0,0.12185537815093994,0.8781446218490601,1,0,0.12185537815093994,0.37814462184906006,3,3,4,0.8149882903981265,3.9555035128805622,nested_oof,0.5
265-4,265,4,3,1,0,0.12185537815093994,0.8781446218490601,1,0,0.12185537815093994,0.37814462184906006,4,4,3,0.8618266978922717,4.583138173302108,nested_oof,0.5
265-5,265,5,3,1,0,0.12185537815093994,0.8781446218490601,1,0,0.12185537815093994,0.37814462184906006,4,3,3,0.7868852459016393,3.962529274004684,nested_oof,0.5
265-6,265,6,3,1,0,0.12185537815093994,0.8781446218490601,1,0,0.12185537815093994,0.37814462184906006,5,3,2,0.7915690866510539,3.7353629976580796,nested_oof,0.5
265-7,265,7,3,1,0,0.12185537815093994,0.8781446218490601,1,0,0.12185537815093994,0.37814462184906006,3,3,2,0.8407494145199064,3.540983606557377,nested_oof,0.5
265-8,265,8,3,1,0,0.12185537815093994,0.8781446218490601,1,0,0.12185537815093994,0.37814462184906006,3,3,2,0.7985948477751756,2.791569086651054,nested_oof,0.5
265-9,265,9,3,1,0,0.12185537815093994,0.8781446218490601,1,0,0.12185537815093994,0.37814462184906006,5,3,4,0.819672131147541,4.285714285714286,nested_oof,0.5
265-10,265,10,3,1,0,0.12185537815093994,0.8781446218490601,1,0,0.12185537815093994,0.37814462184906006,4,3,4,0.775175644028103,3.4988290398126463,nested_oof,0.5
265-11,265,11,3,1,0,0.12185537815093994,0.8781446218490601,1,0,0.12185537815093994,0.37814462184906006,5,2,4,0.7892271662763466,3.782201405152225,nested_oof,0.5
265-12,265,12,3,1,0,0.12185537815093994,0.8781446218490601,1,0,0.12185537815093994,0.37814462184906006,4,3,4,0.8290398126463701,3.6721311475409837,nested_oof,0.5
266-0,266,0,5,1,0,0.0016827583312988281,0.9983172416687012,1,0,0.0016827583312988281,0.49831724166870117,3,3,4,0.810304449648712,4.3629976580796255,nested_oof,0.5
266-1,266,1,5,1,0,0.0016827583312988281,0.9983172416687012,1,0,0.0016827583312988281,0.49831724166870117,4,4,4,0.8126463700234192,4.02576112412178,nested_oof,0.5
266-2,266,2,5,1,0,0.0016827583312988281,0.9983172416687012,1,0,0.0016827583312988281,0.49831724166870117,4,3,4,0.7939110070257611,3.8454332552693207,nested_oof,0.5
266-3,266,3,5,0,1,0.9983172416687012,0.9983172416687012,1,1,0.9983172416687012,0.49831724166870117,3,4,4,0.8149882903981265,3.9555035128805622,nested_oof,0.5
266-4,266,4,5,0,1,0.9983172416687012,0.9983172416687012,1,1,0.9983172416687012,0.49831724166870117,5,3,3,0.8618266978922717,4.583138173302108,nested_oof,0.5
266-5,266,5,5,1,0,0.0016827583312988281,0.9983172416687012,1,0,0.0016827583312988281,0.49831724166870117,4,3,3,0.7868852459016393,3.962529274004684,nested_oof,0.5
266-6,266,6,5,0,1,0.9983172416687012,0.9983172416687012,1,1,0.9983172416687012,0.49831724166870117,4,3,2,0.7915690866510539,3.7353629976580796,nested_oof,0.5
266-7,266,7,5,1,0,0.0016827583312988281,0.9983172416687012,1,0,0.0016827583312988281,0.49831724166870117,2,3,2,0.8407494145199064,3.540983606557377,nested_oof,0.5
266-8,266,8,5,0,1,0.9983172416687012,0.9983172416687012,1,1,0.9983172416687012,0.49831724166870117,3,4,2,0.7985948477751756,2.791569086651054,nested_oof,0.5
266-9,266,9,5,1,0,0.0016827583312988281,0.9983172416687012,1,0,0.0016827583312988281,0.49831724166870117,4,4,4,0.819672131147541,4.285714285714286,nested_oof,0.5
266-10,266,10,5,0,1,0.9983172416687012,0.9983172416687012,1,1,0.9983172416687012,0.49831724166870117,3,4,4,0.775175644028103,3.4988290398126463,nested_oof,0.5
266-11,266,11,5,0,1,0.9983172416687012,0.9983172416687012,1,1,0.9983172416687012,0.49831724166870117,4,2,4,0.7892271662763466,3.782201405152225,nested_oof,0.5
266-12,266,12,5,1,0,0.0016827583312988281,0.9983172416687012,1,0,0.0016827583312988281,0.49831724166870117,3,4,4,0.8290398126463701,3.6721311475409837,nested_oof,0.5
267-0,267,0,5,0,0,0.5348856449127197,0.5348856449127197,1,1,0.5348856449127197,0.03488564491271973,4,3,4,0.810304449648712,4.3629976580796255,nested_oof,0.5
267-1,267,1,5,0,0,0.5348856449127197,0.5348856449127197,1,1,0.5348856449127197,0.03488564491271973,4,2,4,0.8126463700234192,4.02576112412178,nested_oof,0.5
267-2,267,2,5,0,0,0.5348856449127197,0.5348856449127197,1,1,0.5348856449127197,0.03488564491271973,4,3,4,0.7939110070257611,3.8454332552693207,nested_oof,0.5
267-3,267,3,5,0,0,0.5348856449127197,0.5348856449127197,1,1,0.5348856449127197,0.03488564491271973,4,1,4,0.8149882903981265,3.9555035128805622,nested_oof,0.5
267-4,267,4,5,0,0,0.5348856449127197,0.5348856449127197,1,1,0.5348856449127197,0.03488564491271973,5,1,3,0.8618266978922717,4.583138173302108,nested_oof,0.5
267-5,267,5,5,0,0,0.5348856449127197,0.5348856449127197,1,1,0.5348856449127197,0.03488564491271973,5,1,3,0.7868852459016393,3.962529274004684,nested_oof,0.5
267-6,267,6,5,1,1,0.4651143550872803,0.5348856449127197,1,0,0.4651143550872803,0.03488564491271973,2,4,2,0.7915690866510539,3.7353629976580796,nested_oof,0.5
267-7,267,7,5,0,0,0.5348856449127197,0.5348856449127197,1,1,0.5348856449127197,0.03488564491271973,3,3,2,0.8407494145199064,3.540983606557377,nested_oof,0.5
267-8,267,8,5,0,0,0.5348856449127197,0.5348856449127197,1,1,0.5348856449127197,0.03488564491271973,3,3,2,0.7985948477751756,2.791569086651054,nested_oof,0.5
267-9,267,9,5,0,0,0.5348856449127197,0.5348856449127197,1,1,0.5348856449127197,0.03488564491271973,5,2,4,0.819672131147541,4.285714285714286,nested_oof,0.5
267-10,267,10,5,0,0,0.5348856449127197,0.5348856449127197,1,1,0.5348856449127197,0.03488564491271973,4,2,4,0.775175644028103,3.4988290398126463,nested_oof,0.5
267-11,267,11,5,0,0,0.5348856449127197,0.5348856449127197,1,1,0.5348856449127197,0.03488564491271973,5,2,4,0.7892271662763466,3.782201405152225,nested_oof,0.5
267-12,267,12,5,0,0,0.5348856449127197,0.5348856449127197,1,1,0.5348856449127197,0.03488564491271973,4,2,4,0.8290398126463701,3.6721311475409837,nested_oof,0.5
268-0,268,0,3,0,0,0.0908440053462982,0.0908440053462982,0,0,0.0908440053462982,0.4091559946537018,4,3,4,0.810304449648712,4.3629976580796255,nested_oof,0.5
268-1,268,1,3,0,0,0.0908440053462982,0.0908440053462982,0,0,0.0908440053462982,0.4091559946537018,5,2,4,0.8126463700234192,4.02576112412178,nested_oof,0.5
268-2,268,2,3,0,0,0.0908440053462982,0.0908440053462982,0,0,0.0908440053462982,0.4091559946537018,5,2,4,0.7939110070257611,3.8454332552693207,nested_oof,0.5
268-3,268,3,3,0,0,0.0908440053462982,0.0908440053462982,0,0,0.0908440053462982,0.4091559946537018,4,2,4,0.8149882903981265,3.9555035128805622,nested_oof,0.5
268-4,268,4,3,0,0,0.0908440053462982,0.0908440053462982,0,0,0.0908440053462982,0.4091559946537018,5,1,3,0.8618266978922717,4.583138173302108,nested_oof,0.5
268-5,268,5,3,0,0,0.0908440053462982,0.0908440053462982,0,0,0.0908440053462982,0.4091559946537018,5,1,3,0.7868852459016393,3.962529274004684,nested_oof,0.5
268-6,268,6,3,0,0,0.0908440053462982,0.0908440053462982,0,0,0.0908440053462982,0.4091559946537018,3,3,2,0.7915690866510539,3.7353629976580796,nested_oof,0.5
268-7,268,7,3,0,0,0.0908440053462982,0.0908440053462982,0,0,0.0908440053462982,0.4091559946537018,3,3,2,0.8407494145199064,3.540983606557377,nested_oof,0.5
268-8,268,8,3,0,0,0.0908440053462982,0.0908440053462982,0,0,0.0908440053462982,0.4091559946537018,3,3,2,0.7985948477751756,2.791569086651054,nested_oof,0.5
268-9,268,9,3,0,0,0.0908440053462982,0.0908440053462982,0,0,0.0908440053462982,0.4091559946537018,5,1,4,0.819672131147541,4.285714285714286,nested_oof,0.5
268-10,268,10,3,0,0,0.0908440053462982,0.0908440053462982,0,0,0.0908440053462982,0.4091559946537018,4,2,4,0.775175644028103,3.4988290398126463,nested_oof,0.5
268-11,268,11,3,0,0,0.0908440053462982,0.0908440053462982,0,0,0.0908440053462982,0.4091559946537018,5,2,4,0.7892271662763466,3.782201405152225,nested_oof,0.5
268-12,268,12,3,0,0,0.0908440053462982,0.0908440053462982,0,0,0.0908440053462982,0.4091559946537018,4,2,4,0.8290398126463701,3.6721311475409837,nested_oof,0.5
269-0,269,0,3,0,0,0.1703820973634719,0.1703820973634719,0,0,0.1703820973634719,0.3296179026365281,5,1,4,0.810304449648712,4.3629976580796255,nested_oof,0.5
269-1,269,1,3,0,0,0.1703820973634719,0.1703820973634719,0,0,0.1703820973634719,0.3296179026365281,4,3,4,0.8126463700234192,4.02576112412178,nested_oof,0.5
269-2,269,2,3,0,0,0.1703820973634719,0.1703820973634719,0,0,0.1703820973634719,0.3296179026365281,4,2,4,0.7939110070257611,3.8454332552693207,nested_oof,0.5
269-3,269,3,3,0,0,0.1703820973634719,0.1703820973634719,0,0,0.1703820973634719,0.3296179026365281,3,3,4,0.8149882903981265,3.9555035128805622,nested_oof,0.5
269-4,269,4,3,1,1,0.8296179026365281,0.1703820973634719,0,1,0.8296179026365281,0.3296179026365281,4,4,3,0.8618266978922717,4.583138173302108,nested_oof,0.5
269-5,269,5,3,0,0,0.1703820973634719,0.1703820973634719,0,0,0.1703820973634719,0.3296179026365281,4,2,3,0.7868852459016393,3.962529274004684,nested_oof,0.5
269-6,269,6,3,0,0,0.1703820973634719,0.1703820973634719,0,0,0.1703820973634719,0.3296179026365281,4,3,2,0.7915690866510539,3.7353629976580796,nested_oof,0.5
269-7,269,7,3,0,0,0.1703820973634719,0.1703820973634719,0,0,0.1703820973634719,0.3296179026365281,3,3,2,0.8407494145199064,3.540983606557377,nested_oof,0.5
269-8,269,8,3,0,0,0.1703820973634719,0.1703820973634719,0,0,0.1703820973634719,0.3296179026365281,3,3,2,0.7985948477751756,2.791569086651054,nested_oof,0.5
269-9,269,9,3,0,0,0.1703820973634719,0.1703820973634719,0,0,0.1703820973634719,0.3296179026365281,5,2,4,0.819672131147541,4.285714285714286,nested_oof,0.5
269-10,269,10,3,0,0,0.1703820973634719,0.1703820973634719,0,0,0.1703820973634719,0.3296179026365281,4,1,4,0.775175644028103,3.4988290398126463,nested_oof,0.5
269-11,269,11,3,0,0,0.1703820973634719,0.1703820973634719,0,0,0.1703820973634719,0.3296179026365281,5,2,4,0.7892271662763466,3.782201405152225,nested_oof,0.5
269-12,269,12,3,0,0,0.1703820973634719,0.1703820973634719,0,0,0.1703820973634719,0.3296179026365281,4,3,4,0.8290398126463701,3.6721311475409837,nested_oof,0.5
270-0,270,0,1,1,0,0.03395211696624756,0.9660478830337524,1,0,0.03395211696624756,0.46604788303375244,4,3,4,0.810304449648712,4.3629976580796255,nested_oof,0.5
270-1,270,1,1,1,0,0.03395211696624756,0.9660478830337524,1,0,0.03395211696624756,0.46604788303375244,4,3,4,0.8126463700234192,4.02576112412178,nested_oof,0.5
270-2,270,2,1,1,0,0.03395211696624756,0.9660478830337524,1,0,0.03395211696624756,0.46604788303375244,3,4,4,0.7939110070257611,3.8454332552693207,nested_oof,0.5
270-3,270,3,1,1,0,0.03395211696624756,0.9660478830337524,1,0,0.03395211696624756,0.46604788303375244,3,3,4,0.8149882903981265,3.9555035128805622,nested_oof,0.5
270-4,270,4,1,1,0,0.03395211696624756,0.9660478830337524,1,0,0.03395211696624756,0.46604788303375244,3,4,3,0.8618266978922717,4.583138173302108,nested_oof,0.5
270-5,270,5,1,1,0,0.03395211696624756,0.9660478830337524,1,0,0.03395211696624756,0.46604788303375244,3,3,3,0.7868852459016393,3.962529274004684,nested_oof,0.5
270-6,270,6,1,1,0,0.03395211696624756,0.9660478830337524,1,0,0.03395211696624756,0.46604788303375244,2,4,2,0.7915690866510539,3.7353629976580796,nested_oof,0.5
270-7,270,7,1,1,0,0.03395211696624756,0.9660478830337524,1,0,0.03395211696624756,0.46604788303375244,2,3,2,0.8407494145199064,3.540983606557377,nested_oof,0.5
270-8,270,8,1,1,0,0.03395211696624756,0.9660478830337524,1,0,0.03395211696624756,0.46604788303375244,3,3,2,0.7985948477751756,2.791569086651054,nested_oof,0.5
270-9,270,9,1,1,0,0.03395211696624756,0.9660478830337524,1,0,0.03395211696624756,0.46604788303375244,4,4,4,0.819672131147541,4.285714285714286,nested_oof,0.5
270-10,270,10,1,1,0,0.03395211696624756,0.9660478830337524,1,0,0.03395211696624756,0.46604788303375244,2,4,4,0.775175644028103,3.4988290398126463,nested_oof,0.5
270-11,270,11,1,0,1,0.9660478830337524,0.9660478830337524,1,1,0.9660478830337524,0.46604788303375244,4,2,4,0.7892271662763466,3.782201405152225,nested_oof,0.5
270-12,270,12,1,1,0,0.03395211696624756,0.9660478830337524,1,0,0.03395211696624756,0.46604788303375244,3,4,4,0.8290398126463701,3.6721311475409837,nested_oof,0.5
271-0,271,0,4,0,0,0.6466919183731079,0.6466919183731079,1,1,0.6466919183731079,0.1466919183731079,4,2,4,0.810304449648712,4.3629976580796255,nested_oof,0.5
271-1,271,1,4,0,0,0.6466919183731079,0.6466919183731079,1,1,0.6466919183731079,0.1466919183731079,4,2,4,0.8126463700234192,4.02576112412178,nested_oof,0.5
271-2,271,2,4,0,0,0.6466919183731079,0.6466919183731079,1,1,0.6466919183731079,0.1466919183731079,4,3,4,0.7939110070257611,3.8454332552693207,nested_oof,0.5
271-3,271,3,4,0,0,0.6466919183731079,0.6466919183731079,1,1,0.6466919183731079,0.1466919183731079,3,3,4,0.8149882903981265,3.9555035128805622,nested_oof,0.5
271-4,271,4,4,0,0,0.6466919183731079,0.6466919183731079,1,1,0.6466919183731079,0.1466919183731079,5,2,3,0.8618266978922717,4.583138173302108,nested_oof,0.5
271-5,271,5,4,0,0,0.6466919183731079,0.6466919183731079,1,1,0.6466919183731079,0.1466919183731079,4,3,3,0.7868852459016393,3.962529274004684,nested_oof,0.5
271-6,271,6,4,0,0,0.6466919183731079,0.6466919183731079,1,1,0.6466919183731079,0.1466919183731079,4,3,2,0.7915690866510539,3.7353629976580796,nested_oof,0.5
271-7,271,7,4,0,0,0.6466919183731079,0.6466919183731079,1,1,0.6466919183731079,0.1466919183731079,3,3,2,0.8407494145199064,3.540983606557377,nested_oof,0.5
271-8,271,8,4,0,0,0.6466919183731079,0.6466919183731079,1,1,0.6466919183731079,0.1466919183731079,3,3,2,0.7985948477751756,2.791569086651054,nested_oof,0.5
271-9,271,9,4,0,0,0.6466919183731079,0.6466919183731079,1,1,0.6466919183731079,0.1466919183731079,4,3,4,0.819672131147541,4.285714285714286,nested_oof,0.5
271-10,271,10,4,0,0,0.6466919183731079,0.6466919183731079,1,1,0.6466919183731079,0.1466919183731079,4,2,4,0.775175644028103,3.4988290398126463,nested_oof,0.5
271-11,271,11,4,0,0,0.6466919183731079,0.6466919183731079,1,1,0.6466919183731079,0.1466919183731079,5,2,4,0.7892271662763466,3.782201405152225,nested_oof,0.5
271-12,271,12,4,0,0,0.6466919183731079,0.6466919183731079,1,1,0.6466919183731079,0.1466919183731079,4,2,4,0.8290398126463701,3.6721311475409837,nested_oof,0.5
272-0,272,0,2,1,0,0.3493475914001465,0.6506524085998535,1,0,0.3493475914001465,0.15065240859985352,4,3,4,0.810304449648712,4.3629976580796255,nested_oof,0.5
272-1,272,1,2,1,0,0.3493475914001465,0.6506524085998535,1,0,0.3493475914001465,0.15065240859985352,4,3,4,0.8126463700234192,4.02576112412178,nested_oof,0.5
272-2,272,2,2,0,1,0.6506524085998535,0.6506524085998535,1,1,0.6506524085998535,0.15065240859985352,3,3,4,0.7939110070257611,3.8454332552693207,nested_oof,0.5
272-3,272,3,2,1,0,0.3493475914001465,0.6506524085998535,1,0,0.3493475914001465,0.15065240859985352,3,3,4,0.8149882903981265,3.9555035128805622,nested_oof,0.5
272-4,272,4,2,1,0,0.3493475914001465,0.6506524085998535,1,0,0.3493475914001465,0.15065240859985352,4,3,3,0.8618266978922717,4.583138173302108,nested_oof,0.5
272-5,272,5,2,0,1,0.6506524085998535,0.6506524085998535,1,1,0.6506524085998535,0.15065240859985352,4,3,3,0.7868852459016393,3.962529274004684,nested_oof,0.5
272-6,272,6,2,1,0,0.3493475914001465,0.6506524085998535,1,0,0.3493475914001465,0.15065240859985352,2,4,2,0.7915690866510539,3.7353629976580796,nested_oof,0.5
272-7,272,7,2,0,1,0.6506524085998535,0.6506524085998535,1,1,0.6506524085998535,0.15065240859985352,3,3,2,0.8407494145199064,3.540983606557377,nested_oof,0.5
272-8,272,8,2,0,1,0.6506524085998535,0.6506524085998535,1,1,0.6506524085998535,0.15065240859985352,3,3,2,0.7985948477751756,2.791569086651054,nested_oof,0.5
272-9,272,9,2,1,0,0.3493475914001465,0.6506524085998535,1,0,0.3493475914001465,0.15065240859985352,5,3,4,0.819672131147541,4.285714285714286,nested_oof,0.5
272-10,272,10,2,0,1,0.6506524085998535,0.6506524085998535,1,1,0.6506524085998535,0.15065240859985352,4,3,4,0.775175644028103,3.4988290398126463,nested_oof,0.5
272-11,272,11,2,0,1,0.6506524085998535,0.6506524085998535,1,1,0.6506524085998535,0.15065240859985352,4,2,4,0.7892271662763466,3.782201405152225,nested_oof,0.5
272-12,272,12,2,1,0,0.3493475914001465,0.6506524085998535,1,0,0.3493475914001465,0.15065240859985352,3,3,4,0.8290398126463701,3.6721311475409837,nested_oof,0.5
273-0,273,0,1,0,0,0.8294312357902527,0.8294312357902527,1,1,0.8294312357902527,0.3294312357902527,4,3,4,0.810304449648712,4.3629976580796255,nested_oof,0.5
273-1,273,1,1,0,0,0.8294312357902527,0.8294312357902527,1,1,0.8294312357902527,0.3294312357902527,4,2,4,0.8126463700234192,4.02576112412178,nested_oof,0.5
273-2,273,2,1,0,0,0.8294312357902527,0.8294312357902527,1,1,0.8294312357902527,0.3294312357902527,4,3,4,0.7939110070257611,3.8454332552693207,nested_oof,0.5
273-3,273,3,1,1,1,0.17056876420974731,0.8294312357902527,1,0,0.17056876420974731,0.3294312357902527,4,2,4,0.8149882903981265,3.9555035128805622,nested_oof,0.5
273-4,273,4,1,0,0,0.8294312357902527,0.8294312357902527,1,1,0.8294312357902527,0.3294312357902527,5,1,3,0.8618266978922717,4.583138173302108,nested_oof,0.5
273-5,273,5,1,0,0,0.8294312357902527,0.8294312357902527,1,1,0.8294312357902527,0.3294312357902527,4,3,3,0.7868852459016393,3.962529274004684,nested_oof,0.5
273-6,273,6,1,0,0,0.8294312357902527,0.8294312357902527,1,1,0.8294312357902527,0.3294312357902527,5,2,2,0.7915690866510539,3.7353629976580796,nested_oof,0.5
273-7,273,7,1,0,0,0.8294312357902527,0.8294312357902527,1,1,0.8294312357902527,0.3294312357902527,3,3,2,0.8407494145199064,3.540983606557377,nested_oof,0.5
273-8,273,8,1,0,0,0.8294312357902527,0.8294312357902527,1,1,0.8294312357902527,0.3294312357902527,3,3,2,0.7985948477751756,2.791569086651054,nested_oof,0.5
273-9,273,9,1,0,0,0.8294312357902527,0.8294312357902527,1,1,0.8294312357902527,0.3294312357902527,5,1,4,0.819672131147541,4.285714285714286,nested_oof,0.5
273-10,273,10,1,0,0,0.8294312357902527,0.8294312357902527,1,1,0.8294312357902527,0.3294312357902527,4,2,4,0.775175644028103,3.4988290398126463,nested_oof,0.5
273-11,273,11,1,0,0,0.8294312357902527,0.8294312357902527,1,1,0.8294312357902527,0.3294312357902527,5,2,4,0.7892271662763466,3.782201405152225,nested_oof,0.5
273-12,273,12,1,0,0,0.8294312357902527,0.8294312357902527,1,1,0.8294312357902527,0.3294312357902527,4,2,4,0.8290398126463701,3.6721311475409837,nested_oof,0.5
274-0,274,0,1,0,0,0.7006824016571045,0.7006824016571045,1,1,0.7006824016571045,0.2006824016571045,4,2,4,0.810304449648712,4.3629976580796255,nested_oof,0.5
274-1,274,1,1,0,0,0.7006824016571045,0.7006824016571045,1,1,0.7006824016571045,0.2006824016571045,4,2,4,0.8126463700234192,4.02576112412178,nested_oof,0.5
274-2,274,2,1,0,0,0.7006824016571045,0.7006824016571045,1,1,0.7006824016571045,0.2006824016571045,4,3,4,0.7939110070257611,3.8454332552693207,nested_oof,0.5
274-3,274,3,1,0,0,0.7006824016571045,0.7006824016571045,1,1,0.7006824016571045,0.2006824016571045,5,1,4,0.8149882903981265,3.9555035128805622,nested_oof,0.5
274-4,274,4,1,0,0,0.7006824016571045,0.7006824016571045,1,1,0.7006824016571045,0.2006824016571045,5,2,3,0.8618266978922717,4.583138173302108,nested_oof,0.5
274-5,274,5,1,0,0,0.7006824016571045,0.7006824016571045,1,1,0.7006824016571045,0.2006824016571045,4,3,3,0.7868852459016393,3.962529274004684,nested_oof,0.5
274-6,274,6,1,0,0,0.7006824016571045,0.7006824016571045,1,1,0.7006824016571045,0.2006824016571045,4,3,2,0.7915690866510539,3.7353629976580796,nested_oof,0.5
274-7,274,7,1,0,0,0.7006824016571045,0.7006824016571045,1,1,0.7006824016571045,0.2006824016571045,3,3,2,0.8407494145199064,3.540983606557377,nested_oof,0.5
274-8,274,8,1,0,0,0.7006824016571045,0.7006824016571045,1,1,0.7006824016571045,0.2006824016571045,3,3,2,0.7985948477751756,2.791569086651054,nested_oof,0.5
274-9,274,9,1,0,0,0.7006824016571045,0.7006824016571045,1,1,0.7006824016571045,0.2006824016571045,5,3,4,0.819672131147541,4.285714285714286,nested_oof,0.5
274-10,274,10,1,0,0,0.7006824016571045,0.7006824016571045,1,1,0.7006824016571045,0.2006824016571045,3,3,4,0.775175644028103,3.4988290398126463,nested_oof,0.5
274-11,274,11,1,0,0,0.7006824016571045,0.7006824016571045,1,1,0.7006824016571045,0.2006824016571045,5,2,4,0.7892271662763466,3.782201405152225,nested_oof,0.5
274-12,274,12,1,1,1,0.2993175983428955,0.7006824016571045,1,0,0.2993175983428955,0.2006824016571045,2,3,4,0.8290398126463701,3.6721311475409837,nested_oof,0.5
275-0,275,0,5,1,1,0.9601325243711472,0.0398674756288528,0,1,0.9601325243711472,0.4601325243711472,4,3,4,0.810304449648712,4.3629976580796255,nested_oof,0.5
275-1,275,1,5,0,0,0.0398674756288528,0.0398674756288528,0,0,0.0398674756288528,0.4601325243711472,4,3,4,0.8126463700234192,4.02576112412178,nested_oof,0.5
275-2,275,2,5,0,0,0.0398674756288528,0.0398674756288528,0,0,0.0398674756288528,0.4601325243711472,4,3,4,0.7939110070257611,3.8454332552693207,nested_oof,0.5
275-3,275,3,5,1,1,0.9601325243711472,0.0398674756288528,0,1,0.9601325243711472,0.4601325243711472,3,3,4,0.8149882903981265,3.9555035128805622,nested_oof,0.5
275-4,275,4,5,1,1,0.9601325243711472,0.0398674756288528,0,1,0.9601325243711472,0.4601325243711472,4,3,3,0.8618266978922717,4.583138173302108,nested_oof,0.5
275-5,275,5,5,0,0,0.0398674756288528,0.0398674756288528,0,0,0.0398674756288528,0.4601325243711472,4,3,3,0.7868852459016393,3.962529274004684,nested_oof,0.5
275-6,275,6,5,1,1,0.9601325243711472,0.0398674756288528,0,1,0.9601325243711472,0.4601325243711472,4,4,2,0.7915690866510539,3.7353629976580796,nested_oof,0.5
275-7,275,7,5,0,0,0.0398674756288528,0.0398674756288528,0,0,0.0398674756288528,0.4601325243711472,2,3,2,0.8407494145199064,3.540983606557377,nested_oof,0.5
275-8,275,8,5,0,0,0.0398674756288528,0.0398674756288528,0,0,0.0398674756288528,0.4601325243711472,3,3,2,0.7985948477751756,2.791569086651054,nested_oof,0.5
275-9,275,9,5,0,0,0.0398674756288528,0.0398674756288528,0,0,0.0398674756288528,0.4601325243711472,5,2,4,0.819672131147541,4.285714285714286,nested_oof,0.5
275-10,275,10,5,0,0,0.0398674756288528,0.0398674756288528,0,0,0.0398674756288528,0.4601325243711472,4,3,4,0.775175644028103,3.4988290398126463,nested_oof,0.5
275-11,275,11,5,0,0,0.0398674756288528,0.0398674756288528,0,0,0.0398674756288528,0.4601325243711472,4,2,4,0.7892271662763466,3.782201405152225,nested_oof,0.5
275-12,275,12,5,0,0,0.0398674756288528,0.0398674756288528,0,0,0.0398674756288528,0.4601325243711472,3,3,4,0.8290398126463701,3.6721311475409837,nested_oof,0.5
276-0,276,0,1,0,1,0.8497652411460876,0.8497652411460876,1,1,0.8497652411460876,0.34976524114608765,4,3,4,0.810304449648712,4.3629976580796255,nested_oof,0.5
276-1,276,1,1,0,1,0.8497652411460876,0.8497652411460876,1,1,0.8497652411460876,0.34976524114608765,4,2,4,0.8126463700234192,4.02576112412178,nested_oof,0.5
276-2,276,2,1,0,1,0.8497652411460876,0.8497652411460876,1,1,0.8497652411460876,0.34976524114608765,4,3,4,0.7939110070257611,3.8454332552693207,nested_oof,0.5
276-3,276,3,1,0,1,0.8497652411460876,0.8497652411460876,1,1,0.8497652411460876,0.34976524114608765,3,3,4,0.8149882903981265,3.9555035128805622,nested_oof,0.5
276-4,276,4,1,0,1,0.8497652411460876,0.8497652411460876,1,1,0.8497652411460876,0.34976524114608765,5,2,3,0.8618266978922717,4.583138173302108,nested_oof,0.5
276-5,276,5,1,0,1,0.8497652411460876,0.8497652411460876,1,1,0.8497652411460876,0.34976524114608765,4,3,3,0.7868852459016393,3.962529274004684,nested_oof,0.5
276-6,276,6,1,0,1,0.8497652411460876,0.8497652411460876,1,1,0.8497652411460876,0.34976524114608765,3,4,2,0.7915690866510539,3.7353629976580796,nested_oof,0.5
276-7,276,7,1,0,1,0.8497652411460876,0.8497652411460876,1,1,0.8497652411460876,0.34976524114608765,3,3,2,0.8407494145199064,3.540983606557377,nested_oof,0.5
276-8,276,8,1,0,1,0.8497652411460876,0.8497652411460876,1,1,0.8497652411460876,0.34976524114608765,3,3,2,0.7985948477751756,2.791569086651054,nested_oof,0.5
276-9,276,9,1,0,1,0.8497652411460876,0.8497652411460876,1,1,0.8497652411460876,0.34976524114608765,4,4,4,0.819672131147541,4.285714285714286,nested_oof,0.5
276-10,276,10,1,0,1,0.8497652411460876,0.8497652411460876,1,1,0.8497652411460876,0.34976524114608765,2,3,4,0.775175644028103,3.4988290398126463,nested_oof,0.5
276-11,276,11,1,0,1,0.8497652411460876,0.8497652411460876,1,1,0.8497652411460876,0.34976524114608765,5,2,4,0.7892271662763466,3.782201405152225,nested_oof,0.5
276-12,276,12,1,0,1,0.8497652411460876,0.8497652411460876,1,1,0.8497652411460876,0.34976524114608765,4,3,4,0.8290398126463701,3.6721311475409837,nested_oof,0.5
277-0,277,0,4,1,0,0.4940878748893738,0.5059121251106262,1,0,0.4940878748893738,0.005912125110626221,4,3,4,0.810304449648712,4.3629976580796255,nested_oof,0.5
277-1,277,1,4,1,0,0.4940878748893738,0.5059121251106262,1,0,0.4940878748893738,0.005912125110626221,3,4,4,0.8126463700234192,4.02576112412178,nested_oof,0.5
277-2,277,2,4,1,0,0.4940878748893738,0.5059121251106262,1,0,0.4940878748893738,0.005912125110626221,3,3,4,0.7939110070257611,3.8454332552693207,nested_oof,0.5
277-3,277,3,4,1,0,0.4940878748893738,0.5059121251106262,1,0,0.4940878748893738,0.005912125110626221,3,3,4,0.8149882903981265,3.9555035128805622,nested_oof,0.5
277-4,277,4,4,1,0,0.4940878748893738,0.5059121251106262,1,0,0.4940878748893738,0.005912125110626221,5,3,3,0.8618266978922717,4.583138173302108,nested_oof,0.5
277-5,277,5,4,0,1,0.5059121251106262,0.5059121251106262,1,1,0.5059121251106262,0.005912125110626221,4,2,3,0.7868852459016393,3.962529274004684,nested_oof,0.5
277-6,277,6,4,1,0,0.4940878748893738,0.5059121251106262,1,0,0.4940878748893738,0.005912125110626221,2,4,2,0.7915690866510539,3.7353629976580796,nested_oof,0.5
277-7,277,7,4,1,0,0.4940878748893738,0.5059121251106262,1,0,0.4940878748893738,0.005912125110626221,3,3,2,0.8407494145199064,3.540983606557377,nested_oof,0.5
277-8,277,8,4,0,1,0.5059121251106262,0.5059121251106262,1,1,0.5059121251106262,0.005912125110626221,2,3,2,0.7985948477751756,2.791569086651054,nested_oof,0.5
277-9,277,9,4,1,0,0.4940878748893738,0.5059121251106262,1,0,0.4940878748893738,0.005912125110626221,4,4,4,0.819672131147541,4.285714285714286,nested_oof,0.5
277-10,277,10,4,1,0,0.4940878748893738,0.5059121251106262,1,0,0.4940878748893738,0.005912125110626221,3,3,4,0.775175644028103,3.4988290398126463,nested_oof,0.5
277-11,277,11,4,1,0,0.4940878748893738,0.5059121251106262,1,0,0.4940878748893738,0.005912125110626221,4,2,4,0.7892271662763466,3.782201405152225,nested_oof,0.5
277-12,277,12,4,1,0,0.4940878748893738,0.5059121251106262,1,0,0.4940878748893738,0.005912125110626221,4,3,4,0.8290398126463701,3.6721311475409837,nested_oof,0.5
278-0,278,0,5,1,1,0.5558997988700867,0.4441002011299133,0,1,0.5558997988700867,0.055899798870086725,3,4,4,0.810304449648712,4.3629976580796255,nested_oof,0.5
278-1,278,1,5,0,0,0.4441002011299133,0.4441002011299133,0,0,0.4441002011299133,0.055899798870086725,4,2,4,0.8126463700234192,4.02576112412178,nested_oof,0.5
278-2,278,2,5,0,0,0.4441002011299133,0.4441002011299133,0,0,0.4441002011299133,0.055899798870086725,4,3,4,0.7939110070257611,3.8454332552693207,nested_oof,0.5
278-3,278,3,5,0,0,0.4441002011299133,0.4441002011299133,0,0,0.4441002011299133,0.055899798870086725,3,3,4,0.8149882903981265,3.9555035128805622,nested_oof,0.5
278-4,278,4,5,0,0,0.4441002011299133,0.4441002011299133,0,0,0.4441002011299133,0.055899798870086725,4,4,3,0.8618266978922717,4.583138173302108,nested_oof,0.5
278-5,278,5,5,1,1,0.5558997988700867,0.4441002011299133,0,1,0.5558997988700867,0.055899798870086725,3,4,3,0.7868852459016393,3.962529274004684,nested_oof,0.5
278-6,278,6,5,0,0,0.4441002011299133,0.4441002011299133,0,0,0.4441002011299133,0.055899798870086725,3,3,2,0.7915690866510539,3.7353629976580796,nested_oof,0.5
278-7,278,7,5,0,0,0.4441002011299133,0.4441002011299133,0,0,0.4441002011299133,0.055899798870086725,3,3,2,0.8407494145199064,3.540983606557377,nested_oof,0.5
278-8,278,8,5,0,0,0.4441002011299133,0.4441002011299133,0,0,0.4441002011299133,0.055899798870086725,3,3,2,0.7985948477751756,2.791569086651054,nested_oof,0.5
278-9,278,9,5,0,0,0.4441002011299133,0.4441002011299133,0,0,0.4441002011299133,0.055899798870086725,4,3,4,0.819672131147541,4.285714285714286,nested_oof,0.5
278-10,278,10,5,1,1,0.5558997988700867,0.4441002011299133,0,1,0.5558997988700867,0.055899798870086725,3,3,4,0.775175644028103,3.4988290398126463,nested_oof,0.5
278-11,278,11,5,0,0,0.4441002011299133,0.4441002011299133,0,0,0.4441002011299133,0.055899798870086725,3,2,4,0.7892271662763466,3.782201405152225,nested_oof,0.5
278-12,278,12,5,0,0,0.4441002011299133,0.4441002011299133,0,0,0.4441002011299133,0.055899798870086725,3,3,4,0.8290398126463701,3.6721311475409837,nested_oof,0.5
279-0,279,0,1,1,0,0.08504736423492443,0.9149526357650756,1,0,0.08504736423492443,0.4149526357650756,4,2,4,0.810304449648712,4.3629976580796255,nested_oof,0.5
279-1,279,1,1,1,0,0.08504736423492443,0.9149526357650756,1,0,0.08504736423492443,0.4149526357650756,4,3,4,0.8126463700234192,4.02576112412178,nested_oof,0.5
279-2,279,2,1,1,0,0.08504736423492443,0.9149526357650756,1,0,0.08504736423492443,0.4149526357650756,5,2,4,0.7939110070257611,3.8454332552693207,nested_oof,0.5
279-3,279,3,1,1,0,0.08504736423492443,0.9149526357650756,1,0,0.08504736423492443,0.4149526357650756,5,2,4,0.8149882903981265,3.9555035128805622,nested_oof,0.5
279-4,279,4,1,1,0,0.08504736423492443,0.9149526357650756,1,0,0.08504736423492443,0.4149526357650756,5,2,3,0.8618266978922717,4.583138173302108,nested_oof,0.5
279-5,279,5,1,1,0,0.08504736423492443,0.9149526357650756,1,0,0.08504736423492443,0.4149526357650756,4,3,3,0.7868852459016393,3.962529274004684,nested_oof,0.5
279-6,279,6,1,1,0,0.08504736423492443,0.9149526357650756,1,0,0.08504736423492443,0.4149526357650756,5,3,2,0.7915690866510539,3.7353629976580796,nested_oof,0.5
279-7,279,7,1,1,0,0.08504736423492443,0.9149526357650756,1,0,0.08504736423492443,0.4149526357650756,3,3,2,0.8407494145199064,3.540983606557377,nested_oof,0.5
279-8,279,8,1,1,0,0.08504736423492443,0.9149526357650756,1,0,0.08504736423492443,0.4149526357650756,3,3,2,0.7985948477751756,2.791569086651054,nested_oof,0.5
279-9,279,9,1,1,0,0.08504736423492443,0.9149526357650756,1,0,0.08504736423492443,0.4149526357650756,5,4,4,0.819672131147541,4.285714285714286,nested_oof,0.5
279-10,279,10,1,1,0,0.08504736423492443,0.9149526357650756,1,0,0.08504736423492443,0.4149526357650756,4,2,4,0.775175644028103,3.4988290398126463,nested_oof,0.5
279-11,279,11,1,1,0,0.08504736423492443,0.9149526357650756,1,0,0.08504736423492443,0.4149526357650756,5,2,4,0.7892271662763466,3.782201405152225,nested_oof,0.5
279-12,279,12,1,1,0,0.08504736423492443,0.9149526357650756,1,0,0.08504736423492443,0.4149526357650756,4,3,4,0.8290398126463701,3.6721311475409837,nested_oof,0.5
280-0,280,0,3,1,0,0.09806656837463379,0.9019334316253662,1,0,0.09806656837463379,0.4019334316253662,3,3,4,0.810304449648712,4.3629976580796255,nested_oof,0.5
280-1,280,1,3,1,0,0.09806656837463379,0.9019334316253662,1,0,0.09806656837463379,0.4019334316253662,4,4,4,0.8126463700234192,4.02576112412178,nested_oof,0.5
280-2,280,2,3,1,0,0.09806656837463379,0.9019334316253662,1,0,0.09806656837463379,0.4019334316253662,4,4,4,0.7939110070257611,3.8454332552693207,nested_oof,0.5
280-3,280,3,3,1,0,0.09806656837463379,0.9019334316253662,1,0,0.09806656837463379,0.4019334316253662,2,4,4,0.8149882903981265,3.9555035128805622,nested_oof,0.5
280-4,280,4,3,1,0,0.09806656837463379,0.9019334316253662,1,0,0.09806656837463379,0.4019334316253662,5,3,3,0.8618266978922717,4.583138173302108,nested_oof,0.5
280-5,280,5,3,1,0,0.09806656837463379,0.9019334316253662,1,0,0.09806656837463379,0.4019334316253662,4,3,3,0.7868852459016393,3.962529274004684,nested_oof,0.5
280-6,280,6,3,1,0,0.09806656837463379,0.9019334316253662,1,0,0.09806656837463379,0.4019334316253662,4,4,2,0.7915690866510539,3.7353629976580796,nested_oof,0.5
280-7,280,7,3,1,0,0.09806656837463379,0.9019334316253662,1,0,0.09806656837463379,0.4019334316253662,2,3,2,0.8407494145199064,3.540983606557377,nested_oof,0.5
280-8,280,8,3,1,0,0.09806656837463379,0.9019334316253662,1,0,0.09806656837463379,0.4019334316253662,3,4,2,0.7985948477751756,2.791569086651054,nested_oof,0.5
280-9,280,9,3,1,0,0.09806656837463379,0.9019334316253662,1,0,0.09806656837463379,0.4019334316253662,5,4,4,0.819672131147541,4.285714285714286,nested_oof,0.5
280-10,280,10,3,1,0,0.09806656837463379,0.9019334316253662,1,0,0.09806656837463379,0.4019334316253662,3,4,4,0.775175644028103,3.4988290398126463,nested_oof,0.5
280-11,280,11,3,1,0,0.09806656837463379,0.9019334316253662,1,0,0.09806656837463379,0.4019334316253662,4,3,4,0.7892271662763466,3.782201405152225,nested_oof,0.5
280-12,280,12,3,0,1,0.9019334316253662,0.9019334316253662,1,1,0.9019334316253662,0.4019334316253662,4,4,4,0.8290398126463701,3.6721311475409837,nested_oof,0.5
281-0,281,0,4,1,0,0.16030007600784302,0.839699923992157,1,0,0.16030007600784302,0.339699923992157,3,4,4,0.810304449648712,4.3629976580796255,nested_oof,0.5
281-1,281,1,4,1,0,0.16030007600784302,0.839699923992157,1,0,0.16030007600784302,0.339699923992157,4,4,4,0.8126463700234192,4.02576112412178,nested_oof,0.5
281-2,281,2,4,1,0,0.16030007600784302,0.839699923992157,1,0,0.16030007600784302,0.339699923992157,2,4,4,0.7939110070257611,3.8454332552693207,nested_oof,0.5
281-3,281,3,4,1,0,0.16030007600784302,0.839699923992157,1,0,0.16030007600784302,0.339699923992157,2,4,4,0.8149882903981265,3.9555035128805622,nested_oof,0.5
281-4,281,4,4,1,0,0.16030007600784302,0.839699923992157,1,0,0.16030007600784302,0.339699923992157,5,4,3,0.8618266978922717,4.583138173302108,nested_oof,0.5
281-5,281,5,4,1,0,0.16030007600784302,0.839699923992157,1,0,0.16030007600784302,0.339699923992157,3,4,3,0.7868852459016393,3.962529274004684,nested_oof,0.5
281-6,281,6,4,1,0,0.16030007600784302,0.839699923992157,1,0,0.16030007600784302,0.339699923992157,2,4,2,0.7915690866510539,3.7353629976580796,nested_oof,0.5
281-7,281,7,4,1,0,0.16030007600784302,0.839699923992157,1,0,0.16030007600784302,0.339699923992157,2,3,2,0.8407494145199064,3.540983606557377,nested_oof,0.5
281-8,281,8,4,1,0,0.16030007600784302,0.839699923992157,1,0,0.16030007600784302,0.339699923992157,1,4,2,0.7985948477751756,2.791569086651054,nested_oof,0.5
281-9,281,9,4,1,0,0.16030007600784302,0.839699923992157,1,0,0.16030007600784302,0.339699923992157,4,4,4,0.819672131147541,4.285714285714286,nested_oof,0.5
281-10,281,10,4,1,0,0.16030007600784302,0.839699923992157,1,0,0.16030007600784302,0.339699923992157,2,4,4,0.775175644028103,3.4988290398126463,nested_oof,0.5
281-11,281,11,4,1,0,0.16030007600784302,0.839699923992157,1,0,0.16030007600784302,0.339699923992157,3,4,4,0.7892271662763466,3.782201405152225,nested_oof,0.5
281-12,281,12,4,1,0,0.16030007600784302,0.839699923992157,1,0,0.16030007600784302,0.339699923992157,2,4,4,0.8290398126463701,3.6721311475409837,nested_oof,0.5
282-0,282,0,1,1,1,0.6169753968715668,0.3830246031284332,0,1,0.6169753968715668,0.11697539687156677,3,3,4,0.810304449648712,4.3629976580796255,nested_oof,0.5
282-1,282,1,1,0,0,0.3830246031284332,0.3830246031284332,0,0,0.3830246031284332,0.11697539687156677,4,3,4,0.8126463700234192,4.02576112412178,nested_oof,0.5
282-2,282,2,1,0,0,0.3830246031284332,0.3830246031284332,0,0,0.3830246031284332,0.11697539687156677,4,2,4,0.7939110070257611,3.8454332552693207,nested_oof,0.5
282-3,282,3,1,1,1,0.6169753968715668,0.3830246031284332,0,1,0.6169753968715668,0.11697539687156677,3,3,4,0.8149882903981265,3.9555035128805622,nested_oof,0.5
282-4,282,4,1,0,0,0.3830246031284332,0.3830246031284332,0,0,0.3830246031284332,0.11697539687156677,5,2,3,0.8618266978922717,4.583138173302108,nested_oof,0.5
282-5,282,5,1,0,0,0.3830246031284332,0.3830246031284332,0,0,0.3830246031284332,0.11697539687156677,4,2,3,0.7868852459016393,3.962529274004684,nested_oof,0.5
282-6,282,6,1,0,0,0.3830246031284332,0.3830246031284332,0,0,0.3830246031284332,0.11697539687156677,4,3,2,0.7915690866510539,3.7353629976580796,nested_oof,0.5
282-7,282,7,1,0,0,0.3830246031284332,0.3830246031284332,0,0,0.3830246031284332,0.11697539687156677,3,3,2,0.8407494145199064,3.540983606557377,nested_oof,0.5
282-8,282,8,1,0,0,0.3830246031284332,0.3830246031284332,0,0,0.3830246031284332,0.11697539687156677,3,3,2,0.7985948477751756,2.791569086651054,nested_oof,0.5
282-9,282,9,1,0,0,0.3830246031284332,0.3830246031284332,0,0,0.3830246031284332,0.11697539687156677,4,3,4,0.819672131147541,4.285714285714286,nested_oof,0.5
282-10,282,10,1,1,1,0.6169753968715668,0.3830246031284332,0,1,0.6169753968715668,0.11697539687156677,3,3,4,0.775175644028103,3.4988290398126463,nested_oof,0.5
282-11,282,11,1,0,0,0.3830246031284332,0.3830246031284332,0,0,0.3830246031284332,0.11697539687156677,5,2,4,0.7892271662763466,3.782201405152225,nested_oof,0.5
282-12,282,12,1,0,0,0.3830246031284332,0.3830246031284332,0,0,0.3830246031284332,0.11697539687156677,4,2,4,0.8290398126463701,3.6721311475409837,nested_oof,0.5
283-0,283,0,1,1,1,0.6102217435836792,0.3897782564163208,0,1,0.6102217435836792,0.1102217435836792,3,4,4,0.810304449648712,4.3629976580796255,nested_oof,0.5
283-1,283,1,1,0,0,0.3897782564163208,0.3897782564163208,0,0,0.3897782564163208,0.1102217435836792,4,2,4,0.8126463700234192,4.02576112412178,nested_oof,0.5
283-2,283,2,1,1,1,0.6102217435836792,0.3897782564163208,0,1,0.6102217435836792,0.1102217435836792,3,3,4,0.7939110070257611,3.8454332552693207,nested_oof,0.5
283-3,283,3,1,1,1,0.6102217435836792,0.3897782564163208,0,1,0.6102217435836792,0.1102217435836792,2,3,4,0.8149882903981265,3.9555035128805622,nested_oof,0.5
283-4,283,4,1,0,0,0.3897782564163208,0.3897782564163208,0,0,0.3897782564163208,0.1102217435836792,5,3,3,0.8618266978922717,4.583138173302108,nested_oof,0.5
283-5,283,5,1,0,0,0.3897782564163208,0.3897782564163208,0,0,0.3897782564163208,0.1102217435836792,4,3,3,0.7868852459016393,3.962529274004684,nested_oof,0.5
283-6,283,6,1,1,1,0.6102217435836792,0.3897782564163208,0,1,0.6102217435836792,0.1102217435836792,4,3,2,0.7915690866510539,3.7353629976580796,nested_oof,0.5
283-7,283,7,1,0,0,0.3897782564163208,0.3897782564163208,0,0,0.3897782564163208,0.1102217435836792,3,3,2,0.8407494145199064,3.540983606557377,nested_oof,0.5
283-8,283,8,1,0,0,0.3897782564163208,0.3897782564163208,0,0,0.3897782564163208,0.1102217435836792,2,3,2,0.7985948477751756,2.791569086651054,nested_oof,0.5
283-9,283,9,1,1,1,0.6102217435836792,0.3897782564163208,0,1,0.6102217435836792,0.1102217435836792,4,4,4,0.819672131147541,4.285714285714286,nested_oof,0.5
283-10,283,10,1,0,0,0.3897782564163208,0.3897782564163208,0,0,0.3897782564163208,0.1102217435836792,4,3,4,0.775175644028103,3.4988290398126463,nested_oof,0.5
283-11,283,11,1,1,1,0.6102217435836792,0.3897782564163208,0,1,0.6102217435836792,0.1102217435836792,4,3,4,0.7892271662763466,3.782201405152225,nested_oof,0.5
283-12,283,12,1,0,0,0.3897782564163208,0.3897782564163208,0,0,0.3897782564163208,0.1102217435836792,3,3,4,0.8290398126463701,3.6721311475409837,nested_oof,0.5
284-0,284,0,4,0,0,0.5899457931518555,0.5899457931518555,1,1,0.5899457931518555,0.08994579315185547,4,2,4,0.810304449648712,4.3629976580796255,nested_oof,0.5
284-1,284,1,4,0,0,0.5899457931518555,0.5899457931518555,1,1,0.5899457931518555,0.08994579315185547,4,2,4,0.8126463700234192,4.02576112412178,nested_oof,0.5
284-2,284,2,4,0,0,0.5899457931518555,0.5899457931518555,1,1,0.5899457931518555,0.08994579315185547,5,2,4,0.7939110070257611,3.8454332552693207,nested_oof,0.5
284-3,284,3,4,0,0,0.5899457931518555,0.5899457931518555,1,1,0.5899457931518555,0.08994579315185547,3,3,4,0.8149882903981265,3.9555035128805622,nested_oof,0.5
284-4,284,4,4,0,0,0.5899457931518555,0.5899457931518555,1,1,0.5899457931518555,0.08994579315185547,5,3,3,0.8618266978922717,4.583138173302108,nested_oof,0.5
284-5,284,5,4,0,0,0.5899457931518555,0.5899457931518555,1,1,0.5899457931518555,0.08994579315185547,4,2,3,0.7868852459016393,3.962529274004684,nested_oof,0.5
284-6,284,6,4,0,0,0.5899457931518555,0.5899457931518555,1,1,0.5899457931518555,0.08994579315185547,4,3,2,0.7915690866510539,3.7353629976580796,nested_oof,0.5
284-7,284,7,4,0,0,0.5899457931518555,0.5899457931518555,1,1,0.5899457931518555,0.08994579315185547,3,3,2,0.8407494145199064,3.540983606557377,nested_oof,0.5
284-8,284,8,4,0,0,0.5899457931518555,0.5899457931518555,1,1,0.5899457931518555,0.08994579315185547,3,3,2,0.7985948477751756,2.791569086651054,nested_oof,0.5
284-9,284,9,4,0,0,0.5899457931518555,0.5899457931518555,1,1,0.5899457931518555,0.08994579315185547,5,2,4,0.819672131147541,4.285714285714286,nested_oof,0.5
284-10,284,10,4,0,0,0.5899457931518555,0.5899457931518555,1,1,0.5899457931518555,0.08994579315185547,4,2,4,0.775175644028103,3.4988290398126463,nested_oof,0.5
284-11,284,11,4,0,0,0.5899457931518555,0.5899457931518555,1,1,0.5899457931518555,0.08994579315185547,5,2,4,0.7892271662763466,3.782201405152225,nested_oof,0.5
284-12,284,12,4,0,0,0.5899457931518555,0.5899457931518555,1,1,0.5899457931518555,0.08994579315185547,4,2,4,0.8290398126463701,3.6721311475409837,nested_oof,0.5
285-0,285,0,2,0,0,0.1340500116348266,0.1340500116348266,0,0,0.1340500116348266,0.3659499883651734,4,3,4,0.810304449648712,4.3629976580796255,nested_oof,0.5
285-1,285,1,2,0,0,0.1340500116348266,0.1340500116348266,0,0,0.1340500116348266,0.3659499883651734,4,2,4,0.8126463700234192,4.02576112412178,nested_oof,0.5
285-2,285,2,2,0,0,0.1340500116348266,0.1340500116348266,0,0,0.1340500116348266,0.3659499883651734,4,3,4,0.7939110070257611,3.8454332552693207,nested_oof,0.5
285-3,285,3,2,0,0,0.1340500116348266,0.1340500116348266,0,0,0.1340500116348266,0.3659499883651734,3,3,4,0.8149882903981265,3.9555035128805622,nested_oof,0.5
285-4,285,4,2,0,0,0.1340500116348266,0.1340500116348266,0,0,0.1340500116348266,0.3659499883651734,5,3,3,0.8618266978922717,4.583138173302108,nested_oof,0.5
285-5,285,5,2,0,0,0.1340500116348266,0.1340500116348266,0,0,0.1340500116348266,0.3659499883651734,4,3,3,0.7868852459016393,3.962529274004684,nested_oof,0.5
285-6,285,6,2,0,0,0.1340500116348266,0.1340500116348266,0,0,0.1340500116348266,0.3659499883651734,4,3,2,0.7915690866510539,3.7353629976580796,nested_oof,0.5
285-7,285,7,2,0,0,0.1340500116348266,0.1340500116348266,0,0,0.1340500116348266,0.3659499883651734,2,3,2,0.8407494145199064,3.540983606557377,nested_oof,0.5
285-8,285,8,2,0,0,0.1340500116348266,0.1340500116348266,0,0,0.1340500116348266,0.3659499883651734,3,3,2,0.7985948477751756,2.791569086651054,nested_oof,0.5
285-9,285,9,2,0,0,0.1340500116348266,0.1340500116348266,0,0,0.1340500116348266,0.3659499883651734,4,3,4,0.819672131147541,4.285714285714286,nested_oof,0.5
285-10,285,10,2,1,1,0.8659499883651733,0.1340500116348266,0,1,0.8659499883651733,0.3659499883651734,3,3,4,0.775175644028103,3.4988290398126463,nested_oof,0.5
285-11,285,11,2,0,0,0.1340500116348266,0.1340500116348266,0,0,0.1340500116348266,0.3659499883651734,5,2,4,0.7892271662763466,3.782201405152225,nested_oof,0.5
285-12,285,12,2,0,0,0.1340500116348266,0.1340500116348266,0,0,0.1340500116348266,0.3659499883651734,4,3,4,0.8290398126463701,3.6721311475409837,nested_oof,0.5
286-0,286,0,3,0,0,0.078517660498619,0.078517660498619,0,0,0.078517660498619,0.42148233950138103,3,4,4,0.810304449648712,4.3629976580796255,nested_oof,0.5
286-1,286,1,3,0,0,0.078517660498619,0.078517660498619,0,0,0.078517660498619,0.42148233950138103,4,2,4,0.8126463700234192,4.02576112412178,nested_oof,0.5
286-2,286,2,3,1,1,0.921482339501381,0.078517660498619,0,1,0.921482339501381,0.42148233950138103,4,3,4,0.7939110070257611,3.8454332552693207,nested_oof,0.5
286-3,286,3,3,1,1,0.921482339501381,0.078517660498619,0,1,0.921482339501381,0.42148233950138103,2,3,4,0.8149882903981265,3.9555035128805622,nested_oof,0.5
286-4,286,4,3,0,0,0.078517660498619,0.078517660498619,0,0,0.078517660498619,0.42148233950138103,5,3,3,0.8618266978922717,4.583138173302108,nested_oof,0.5
286-5,286,5,3,0,0,0.078517660498619,0.078517660498619,0,0,0.078517660498619,0.42148233950138103,4,2,3,0.7868852459016393,3.962529274004684,nested_oof,0.5
286-6,286,6,3,0,0,0.078517660498619,0.078517660498619,0,0,0.078517660498619,0.42148233950138103,3,3,2,0.7915690866510539,3.7353629976580796,nested_oof,0.5
286-7,286,7,3,0,0,0.078517660498619,0.078517660498619,0,0,0.078517660498619,0.42148233950138103,2,3,2,0.8407494145199064,3.540983606557377,nested_oof,0.5
286-8,286,8,3,0,0,0.078517660498619,0.078517660498619,0,0,0.078517660498619,0.42148233950138103,3,3,2,0.7985948477751756,2.791569086651054,nested_oof,0.5
286-9,286,9,3,0,0,0.078517660498619,0.078517660498619,0,0,0.078517660498619,0.42148233950138103,4,3,4,0.819672131147541,4.285714285714286,nested_oof,0.5
286-10,286,10,3,0,0,0.078517660498619,0.078517660498619,0,0,0.078517660498619,0.42148233950138103,4,2,4,0.775175644028103,3.4988290398126463,nested_oof,0.5
286-11,286,11,3,0,0,0.078517660498619,0.078517660498619,0,0,0.078517660498619,0.42148233950138103,4,3,4,0.7892271662763466,3.782201405152225,nested_oof,0.5
286-12,286,12,3,0,0,0.078517660498619,0.078517660498619,0,0,0.078517660498619,0.42148233950138103,4,3,4,0.8290398126463701,3.6721311475409837,nested_oof,0.5
287-0,287,0,4,1,0,0.10649681091308594,0.8935031890869141,1,0,0.10649681091308594,0.39350318908691406,4,3,4,0.810304449648712,4.3629976580796255,nested_oof,0.5
287-1,287,1,4,0,1,0.8935031890869141,0.8935031890869141,1,1,0.8935031890869141,0.39350318908691406,4,4,4,0.8126463700234192,4.02576112412178,nested_oof,0.5
287-2,287,2,4,1,0,0.10649681091308594,0.8935031890869141,1,0,0.10649681091308594,0.39350318908691406,4,3,4,0.7939110070257611,3.8454332552693207,nested_oof,0.5
287-3,287,3,4,0,1,0.8935031890869141,0.8935031890869141,1,1,0.8935031890869141,0.39350318908691406,4,3,4,0.8149882903981265,3.9555035128805622,nested_oof,0.5
287-4,287,4,4,1,0,0.10649681091308594,0.8935031890869141,1,0,0.10649681091308594,0.39350318908691406,5,2,3,0.8618266978922717,4.583138173302108,nested_oof,0.5
287-5,287,5,4,1,0,0.10649681091308594,0.8935031890869141,1,0,0.10649681091308594,0.39350318908691406,4,3,3,0.7868852459016393,3.962529274004684,nested_oof,0.5
287-6,287,6,4,0,1,0.8935031890869141,0.8935031890869141,1,1,0.8935031890869141,0.39350318908691406,4,3,2,0.7915690866510539,3.7353629976580796,nested_oof,0.5
287-7,287,7,4,0,1,0.8935031890869141,0.8935031890869141,1,1,0.8935031890869141,0.39350318908691406,2,3,2,0.8407494145199064,3.540983606557377,nested_oof,0.5
287-8,287,8,4,1,0,0.10649681091308594,0.8935031890869141,1,0,0.10649681091308594,0.39350318908691406,3,4,2,0.7985948477751756,2.791569086651054,nested_oof,0.5
287-9,287,9,4,1,0,0.10649681091308594,0.8935031890869141,1,0,0.10649681091308594,0.39350318908691406,4,4,4,0.819672131147541,4.285714285714286,nested_oof,0.5
287-10,287,10,4,0,1,0.8935031890869141,0.8935031890869141,1,1,0.8935031890869141,0.39350318908691406,3,4,4,0.775175644028103,3.4988290398126463,nested_oof,0.5
287-11,287,11,4,0,1,0.8935031890869141,0.8935031890869141,1,1,0.8935031890869141,0.39350318908691406,4,3,4,0.7892271662763466,3.782201405152225,nested_oof,0.5
287-12,287,12,4,0,1,0.8935031890869141,0.8935031890869141,1,1,0.8935031890869141,0.39350318908691406,4,3,4,0.8290398126463701,3.6721311475409837,nested_oof,0.5
288-0,288,0,5,1,0,0.002114593982696422,0.9978854060173036,1,0,0.002114593982696422,0.4978854060173036,4,2,4,0.810304449648712,4.3629976580796255,nested_oof,0.5
288-1,288,1,5,1,0,0.002114593982696422,0.9978854060173036,1,0,0.002114593982696422,0.4978854060173036,4,3,4,0.8126463700234192,4.02576112412178,nested_oof,0.5
288-2,288,2,5,1,0,0.002114593982696422,0.9978854060173036,1,0,0.002114593982696422,0.4978854060173036,5,3,4,0.7939110070257611,3.8454332552693207,nested_oof,0.5
288-3,288,3,5,1,0,0.002114593982696422,0.9978854060173036,1,0,0.002114593982696422,0.4978854060173036,4,3,4,0.8149882903981265,3.9555035128805622,nested_oof,0.5
288-4,288,4,5,1,0,0.002114593982696422,0.9978854060173036,1,0,0.002114593982696422,0.4978854060173036,5,3,3,0.8618266978922717,4.583138173302108,nested_oof,0.5
288-5,288,5,5,1,0,0.002114593982696422,0.9978854060173036,1,0,0.002114593982696422,0.4978854060173036,4,3,3,0.7868852459016393,3.962529274004684,nested_oof,0.5
288-6,288,6,5,1,0,0.002114593982696422,0.9978854060173036,1,0,0.002114593982696422,0.4978854060173036,3,4,2,0.7915690866510539,3.7353629976580796,nested_oof,0.5
288-7,288,7,5,1,0,0.002114593982696422,0.9978854060173036,1,0,0.002114593982696422,0.4978854060173036,3,3,2,0.8407494145199064,3.540983606557377,nested_oof,0.5
288-8,288,8,5,1,0,0.002114593982696422,0.9978854060173036,1,0,0.002114593982696422,0.4978854060173036,3,3,2,0.7985948477751756,2.791569086651054,nested_oof,0.5
288-9,288,9,5,1,0,0.002114593982696422,0.9978854060173036,1,0,0.002114593982696422,0.4978854060173036,5,3,4,0.819672131147541,4.285714285714286,nested_oof,0.5
288-10,288,10,5,1,0,0.002114593982696422,0.9978854060173036,1,0,0.002114593982696422,0.4978854060173036,3,3,4,0.775175644028103,3.4988290398126463,nested_oof,0.5
288-11,288,11,5,1,0,0.002114593982696422,0.9978854060173036,1,0,0.002114593982696422,0.4978854060173036,4,3,4,0.7892271662763466,3.782201405152225,nested_oof,0.5
288-12,288,12,5,1,0,0.002114593982696422,0.9978854060173036,1,0,0.002114593982696422,0.4978854060173036,4,3,4,0.8290398126463701,3.6721311475409837,nested_oof,0.5
289-0,289,0,2,0,0,0.0224069654941558,0.0224069654941558,0,0,0.0224069654941558,0.4775930345058442,4,2,4,0.810304449648712,4.3629976580796255,nested_oof,0.5
289-1,289,1,2,0,0,0.0224069654941558,0.0224069654941558,0,0,0.0224069654941558,0.4775930345058442,4,3,4,0.8126463700234192,4.02576112412178,nested_oof,0.5
289-2,289,2,2,0,0,0.0224069654941558,0.0224069654941558,0,0,0.0224069654941558,0.4775930345058442,4,3,4,0.7939110070257611,3.8454332552693207,nested_oof,0.5
289-3,289,3,2,0,0,0.0224069654941558,0.0224069654941558,0,0,0.0224069654941558,0.4775930345058442,4,2,4,0.8149882903981265,3.9555035128805622,nested_oof,0.5
289-4,289,4,2,0,0,0.0224069654941558,0.0224069654941558,0,0,0.0224069654941558,0.4775930345058442,5,2,3,0.8618266978922717,4.583138173302108,nested_oof,0.5
289-5,289,5,2,0,0,0.0224069654941558,0.0224069654941558,0,0,0.0224069654941558,0.4775930345058442,4,2,3,0.7868852459016393,3.962529274004684,nested_oof,0.5
289-6,289,6,2,0,0,0.0224069654941558,0.0224069654941558,0,0,0.0224069654941558,0.4775930345058442,4,3,2,0.7915690866510539,3.7353629976580796,nested_oof,0.5
289-7,289,7,2,0,0,0.0224069654941558,0.0224069654941558,0,0,0.0224069654941558,0.4775930345058442,3,3,2,0.8407494145199064,3.540983606557377,nested_oof,0.5
289-8,289,8,2,0,0,0.0224069654941558,0.0224069654941558,0,0,0.0224069654941558,0.4775930345058442,3,3,2,0.7985948477751756,2.791569086651054,nested_oof,0.5
289-9,289,9,2,0,0,0.0224069654941558,0.0224069654941558,0,0,0.0224069654941558,0.4775930345058442,4,3,4,0.819672131147541,4.285714285714286,nested_oof,0.5
289-10,289,10,2,0,0,0.0224069654941558,0.0224069654941558,0,0,0.0224069654941558,0.4775930345058442,4,2,4,0.775175644028103,3.4988290398126463,nested_oof,0.5
289-11,289,11,2,0,0,0.0224069654941558,0.0224069654941558,0,0,0.0224069654941558,0.4775930345058442,5,2,4,0.7892271662763466,3.782201405152225,nested_oof,0.5
289-12,289,12,2,0,0,0.0224069654941558,0.0224069654941558,0,0,0.0224069654941558,0.4775930345058442,4,2,4,0.8290398126463701,3.6721311475409837,nested_oof,0.5
290-0,290,0,3,0,0,0.2969202101230621,0.2969202101230621,0,0,0.2969202101230621,0.20307978987693792,3,3,4,0.810304449648712,4.3629976580796255,nested_oof,0.5
290-1,290,1,3,0,0,0.2969202101230621,0.2969202101230621,0,0,0.2969202101230621,0.20307978987693792,4,3,4,0.8126463700234192,4.02576112412178,nested_oof,0.5
290-2,290,2,3,0,0,0.2969202101230621,0.2969202101230621,0,0,0.2969202101230621,0.20307978987693792,3,3,4,0.7939110070257611,3.8454332552693207,nested_oof,0.5
290-3,290,3,3,0,0,0.2969202101230621,0.2969202101230621,0,0,0.2969202101230621,0.20307978987693792,3,2,4,0.8149882903981265,3.9555035128805622,nested_oof,0.5
290-4,290,4,3,0,0,0.2969202101230621,0.2969202101230621,0,0,0.2969202101230621,0.20307978987693792,4,4,3,0.8618266978922717,4.583138173302108,nested_oof,0.5
290-5,290,5,3,0,0,0.2969202101230621,0.2969202101230621,0,0,0.2969202101230621,0.20307978987693792,4,3,3,0.7868852459016393,3.962529274004684,nested_oof,0.5
290-6,290,6,3,0,0,0.2969202101230621,0.2969202101230621,0,0,0.2969202101230621,0.20307978987693792,4,4,2,0.7915690866510539,3.7353629976580796,nested_oof,0.5
290-7,290,7,3,0,0,0.2969202101230621,0.2969202101230621,0,0,0.2969202101230621,0.20307978987693792,2,3,2,0.8407494145199064,3.540983606557377,nested_oof,0.5
290-8,290,8,3,0,0,0.2969202101230621,0.2969202101230621,0,0,0.2969202101230621,0.20307978987693792,2,3,2,0.7985948477751756,2.791569086651054,nested_oof,0.5
290-9,290,9,3,0,0,0.2969202101230621,0.2969202101230621,0,0,0.2969202101230621,0.20307978987693792,4,3,4,0.819672131147541,4.285714285714286,nested_oof,0.5
290-10,290,10,3,0,0,0.2969202101230621,0.2969202101230621,0,0,0.2969202101230621,0.20307978987693792,3,3,4,0.775175644028103,3.4988290398126463,nested_oof,0.5
290-11,290,11,3,0,0,0.2969202101230621,0.2969202101230621,0,0,0.2969202101230621,0.20307978987693792,4,2,4,0.7892271662763466,3.782201405152225,nested_oof,0.5
290-12,290,12,3,0,0,0.2969202101230621,0.2969202101230621,0,0,0.2969202101230621,0.20307978987693792,4,3,4,0.8290398126463701,3.6721311475409837,nested_oof,0.5
291-0,291,0,3,1,0,0.6624216139316559,0.3375783860683441,0,1,0.6624216139316559,0.16242161393165588,4,2,4,0.810304449648712,4.3629976580796255,nested_oof,0.5
291-1,291,1,3,1,0,0.6624216139316559,0.3375783860683441,0,1,0.6624216139316559,0.16242161393165588,5,2,4,0.8126463700234192,4.02576112412178,nested_oof,0.5
291-2,291,2,3,1,0,0.6624216139316559,0.3375783860683441,0,1,0.6624216139316559,0.16242161393165588,5,2,4,0.7939110070257611,3.8454332552693207,nested_oof,0.5
291-3,291,3,3,1,0,0.6624216139316559,0.3375783860683441,0,1,0.6624216139316559,0.16242161393165588,4,3,4,0.8149882903981265,3.9555035128805622,nested_oof,0.5
291-4,291,4,3,1,0,0.6624216139316559,0.3375783860683441,0,1,0.6624216139316559,0.16242161393165588,5,2,3,0.8618266978922717,4.583138173302108,nested_oof,0.5
291-5,291,5,3,1,0,0.6624216139316559,0.3375783860683441,0,1,0.6624216139316559,0.16242161393165588,4,3,3,0.7868852459016393,3.962529274004684,nested_oof,0.5
291-6,291,6,3,1,0,0.6624216139316559,0.3375783860683441,0,1,0.6624216139316559,0.16242161393165588,5,2,2,0.7915690866510539,3.7353629976580796,nested_oof,0.5
291-7,291,7,3,1,0,0.6624216139316559,0.3375783860683441,0,1,0.6624216139316559,0.16242161393165588,3,3,2,0.8407494145199064,3.540983606557377,nested_oof,0.5
291-8,291,8,3,1,0,0.6624216139316559,0.3375783860683441,0,1,0.6624216139316559,0.16242161393165588,3,3,2,0.7985948477751756,2.791569086651054,nested_oof,0.5
291-9,291,9,3,1,0,0.6624216139316559,0.3375783860683441,0,1,0.6624216139316559,0.16242161393165588,4,4,4,0.819672131147541,4.285714285714286,nested_oof,0.5
291-10,291,10,3,1,0,0.6624216139316559,0.3375783860683441,0,1,0.6624216139316559,0.16242161393165588,4,2,4,0.775175644028103,3.4988290398126463,nested_oof,0.5
291-11,291,11,3,1,0,0.6624216139316559,0.3375783860683441,0,1,0.6624216139316559,0.16242161393165588,4,2,4,0.7892271662763466,3.782201405152225,nested_oof,0.5
291-12,291,12,3,1,0,0.6624216139316559,0.3375783860683441,0,1,0.6624216139316559,0.16242161393165588,4,2,4,0.8290398126463701,3.6721311475409837,nested_oof,0.5
292-0,292,0,5,1,1,0.8400911539793015,0.1599088460206985,0,1,0.8400911539793015,0.3400911539793015,4,3,4,0.810304449648712,4.3629976580796255,nested_oof,0.5
292-1,292,1,5,0,0,0.1599088460206985,0.1599088460206985,0,0,0.1599088460206985,0.3400911539793015,5,2,4,0.8126463700234192,4.02576112412178,nested_oof,0.5
292-2,292,2,5,0,0,0.1599088460206985,0.1599088460206985,0,0,0.1599088460206985,0.3400911539793015,4,3,4,0.7939110070257611,3.8454332552693207,nested_oof,0.5
292-3,292,3,5,0,0,0.1599088460206985,0.1599088460206985,0,0,0.1599088460206985,0.3400911539793015,3,1,4,0.8149882903981265,3.9555035128805622,nested_oof,0.5
292-4,292,4,5,0,0,0.1599088460206985,0.1599088460206985,0,0,0.1599088460206985,0.3400911539793015,5,2,3,0.8618266978922717,4.583138173302108,nested_oof,0.5
292-5,292,5,5,0,0,0.1599088460206985,0.1599088460206985,0,0,0.1599088460206985,0.3400911539793015,4,3,3,0.7868852459016393,3.962529274004684,nested_oof,0.5
292-6,292,6,5,0,0,0.1599088460206985,0.1599088460206985,0,0,0.1599088460206985,0.3400911539793015,5,2,2,0.7915690866510539,3.7353629976580796,nested_oof,0.5
292-7,292,7,5,0,0,0.1599088460206985,0.1599088460206985,0,0,0.1599088460206985,0.3400911539793015,3,3,2,0.8407494145199064,3.540983606557377,nested_oof,0.5
292-8,292,8,5,0,0,0.1599088460206985,0.1599088460206985,0,0,0.1599088460206985,0.3400911539793015,3,3,2,0.7985948477751756,2.791569086651054,nested_oof,0.5
292-9,292,9,5,0,0,0.1599088460206985,0.1599088460206985,0,0,0.1599088460206985,0.3400911539793015,5,2,4,0.819672131147541,4.285714285714286,nested_oof,0.5
292-10,292,10,5,0,0,0.1599088460206985,0.1599088460206985,0,0,0.1599088460206985,0.3400911539793015,4,1,4,0.775175644028103,3.4988290398126463,nested_oof,0.5
292-11,292,11,5,0,0,0.1599088460206985,0.1599088460206985,0,0,0.1599088460206985,0.3400911539793015,5,2,4,0.7892271662763466,3.782201405152225,nested_oof,0.5
292-12,292,12,5,0,0,0.1599088460206985,0.1599088460206985,0,0,0.1599088460206985,0.3400911539793015,4,2,4,0.8290398126463701,3.6721311475409837,nested_oof,0.5
293-0,293,0,4,1,0,0.11586529016494751,0.8841347098350525,1,0,0.11586529016494751,0.3841347098350525,4,4,4,0.810304449648712,4.3629976580796255,nested_oof,0.5
293-1,293,1,4,1,0,0.11586529016494751,0.8841347098350525,1,0,0.11586529016494751,0.3841347098350525,5,3,4,0.8126463700234192,4.02576112412178,nested_oof,0.5
293-2,293,2,4,1,0,0.11586529016494751,0.8841347098350525,1,0,0.11586529016494751,0.3841347098350525,4,3,4,0.7939110070257611,3.8454332552693207,nested_oof,0.5
293-3,293,3,4,1,0,0.11586529016494751,0.8841347098350525,1,0,0.11586529016494751,0.3841347098350525,4,3,4,0.8149882903981265,3.9555035128805622,nested_oof,0.5
293-4,293,4,4,1,0,0.11586529016494751,0.8841347098350525,1,0,0.11586529016494751,0.3841347098350525,5,2,3,0.8618266978922717,4.583138173302108,nested_oof,0.5
293-5,293,5,4,1,0,0.11586529016494751,0.8841347098350525,1,0,0.11586529016494751,0.3841347098350525,4,2,3,0.7868852459016393,3.962529274004684,nested_oof,0.5
293-6,293,6,4,1,0,0.11586529016494751,0.8841347098350525,1,0,0.11586529016494751,0.3841347098350525,5,3,2,0.7915690866510539,3.7353629976580796,nested_oof,0.5
293-7,293,7,4,1,0,0.11586529016494751,0.8841347098350525,1,0,0.11586529016494751,0.3841347098350525,3,2,2,0.8407494145199064,3.540983606557377,nested_oof,0.5
293-8,293,8,4,1,0,0.11586529016494751,0.8841347098350525,1,0,0.11586529016494751,0.3841347098350525,3,3,2,0.7985948477751756,2.791569086651054,nested_oof,0.5
293-9,293,9,4,1,0,0.11586529016494751,0.8841347098350525,1,0,0.11586529016494751,0.3841347098350525,5,3,4,0.819672131147541,4.285714285714286,nested_oof,0.5
293-10,293,10,4,1,0,0.11586529016494751,0.8841347098350525,1,0,0.11586529016494751,0.3841347098350525,4,3,4,0.775175644028103,3.4988290398126463,nested_oof,0.5
293-11,293,11,4,1,0,0.11586529016494751,0.8841347098350525,1,0,0.11586529016494751,0.3841347098350525,5,2,4,0.7892271662763466,3.782201405152225,nested_oof,0.5
293-12,293,12,4,1,0,0.11586529016494751,0.8841347098350525,1,0,0.11586529016494751,0.3841347098350525,4,3,4,0.8290398126463701,3.6721311475409837,nested_oof,0.5
294-0,294,0,3,0,0,0.7467196583747864,0.7467196583747864,1,1,0.7467196583747864,0.24671965837478638,3,4,4,0.810304449648712,4.3629976580796255,nested_oof,0.5
294-1,294,1,3,0,0,0.7467196583747864,0.7467196583747864,1,1,0.7467196583747864,0.24671965837478638,4,2,4,0.8126463700234192,4.02576112412178,nested_oof,0.5
294-2,294,2,3,0,0,0.7467196583747864,0.7467196583747864,1,1,0.7467196583747864,0.24671965837478638,3,4,4,0.7939110070257611,3.8454332552693207,nested_oof,0.5
294-3,294,3,3,0,0,0.7467196583747864,0.7467196583747864,1,1,0.7467196583747864,0.24671965837478638,4,3,4,0.8149882903981265,3.9555035128805622,nested_oof,0.5
294-4,294,4,3,0,0,0.7467196583747864,0.7467196583747864,1,1,0.7467196583747864,0.24671965837478638,5,2,3,0.8618266978922717,4.583138173302108,nested_oof,0.5
294-5,294,5,3,0,0,0.7467196583747864,0.7467196583747864,1,1,0.7467196583747864,0.24671965837478638,4,3,3,0.7868852459016393,3.962529274004684,nested_oof,0.5
294-6,294,6,3,0,0,0.7467196583747864,0.7467196583747864,1,1,0.7467196583747864,0.24671965837478638,4,3,2,0.7915690866510539,3.7353629976580796,nested_oof,0.5
294-7,294,7,3,0,0,0.7467196583747864,0.7467196583747864,1,1,0.7467196583747864,0.24671965837478638,3,2,2,0.8407494145199064,3.540983606557377,nested_oof,0.5
294-8,294,8,3,0,0,0.7467196583747864,0.7467196583747864,1,1,0.7467196583747864,0.24671965837478638,3,3,2,0.7985948477751756,2.791569086651054,nested_oof,0.5
294-9,294,9,3,0,0,0.7467196583747864,0.7467196583747864,1,1,0.7467196583747864,0.24671965837478638,5,3,4,0.819672131147541,4.285714285714286,nested_oof,0.5
294-10,294,10,3,0,0,0.7467196583747864,0.7467196583747864,1,1,0.7467196583747864,0.24671965837478638,4,3,4,0.775175644028103,3.4988290398126463,nested_oof,0.5
294-11,294,11,3,0,0,0.7467196583747864,0.7467196583747864,1,1,0.7467196583747864,0.24671965837478638,5,2,4,0.7892271662763466,3.782201405152225,nested_oof,0.5
294-12,294,12,3,0,0,0.7467196583747864,0.7467196583747864,1,1,0.7467196583747864,0.24671965837478638,4,2,4,0.8290398126463701,3.6721311475409837,nested_oof,0.5
295-0,295,0,1,1,1,0.3901551365852356,0.6098448634147644,1,0,0.3901551365852356,0.1098448634147644,4,3,4,0.810304449648712,4.3629976580796255,nested_oof,0.5
295-1,295,1,1,0,0,0.6098448634147644,0.6098448634147644,1,1,0.6098448634147644,0.1098448634147644,5,2,4,0.8126463700234192,4.02576112412178,nested_oof,0.5
295-2,295,2,1,0,0,0.6098448634147644,0.6098448634147644,1,1,0.6098448634147644,0.1098448634147644,4,3,4,0.7939110070257611,3.8454332552693207,nested_oof,0.5
295-3,295,3,1,0,0,0.6098448634147644,0.6098448634147644,1,1,0.6098448634147644,0.1098448634147644,3,3,4,0.8149882903981265,3.9555035128805622,nested_oof,0.5
295-4,295,4,1,0,0,0.6098448634147644,0.6098448634147644,1,1,0.6098448634147644,0.1098448634147644,5,2,3,0.8618266978922717,4.583138173302108,nested_oof,0.5
295-5,295,5,1,0,0,0.6098448634147644,0.6098448634147644,1,1,0.6098448634147644,0.1098448634147644,4,3,3,0.7868852459016393,3.962529274004684,nested_oof,0.5
295-6,295,6,1,1,1,0.3901551365852356,0.6098448634147644,1,0,0.3901551365852356,0.1098448634147644,4,3,2,0.7915690866510539,3.7353629976580796,nested_oof,0.5
295-7,295,7,1,0,0,0.6098448634147644,0.6098448634147644,1,1,0.6098448634147644,0.1098448634147644,3,2,2,0.8407494145199064,3.540983606557377,nested_oof,0.5
295-8,295,8,1,0,0,0.6098448634147644,0.6098448634147644,1,1,0.6098448634147644,0.1098448634147644,3,3,2,0.7985948477751756,2.791569086651054,nested_oof,0.5
295-9,295,9,1,0,0,0.6098448634147644,0.6098448634147644,1,1,0.6098448634147644,0.1098448634147644,4,3,4,0.819672131147541,4.285714285714286,nested_oof,0.5
295-10,295,10,1,0,0,0.6098448634147644,0.6098448634147644,1,1,0.6098448634147644,0.1098448634147644,3,3,4,0.775175644028103,3.4988290398126463,nested_oof,0.5
295-11,295,11,1,0,0,0.6098448634147644,0.6098448634147644,1,1,0.6098448634147644,0.1098448634147644,5,2,4,0.7892271662763466,3.782201405152225,nested_oof,0.5
295-12,295,12,1,0,0,0.6098448634147644,0.6098448634147644,1,1,0.6098448634147644,0.1098448634147644,4,2,4,0.8290398126463701,3.6721311475409837,nested_oof,0.5
296-0,296,0,3,1,0,0.7475960552692413,0.2524039447307586,0,1,0.7475960552692413,0.2475960552692414,3,3,4,0.810304449648712,4.3629976580796255,nested_oof,0.5
296-1,296,1,3,1,0,0.7475960552692413,0.2524039447307586,0,1,0.7475960552692413,0.2475960552692414,5,3,4,0.8126463700234192,4.02576112412178,nested_oof,0.5
296-2,296,2,3,1,0,0.7475960552692413,0.2524039447307586,0,1,0.7475960552692413,0.2475960552692414,4,3,4,0.7939110070257611,3.8454332552693207,nested_oof,0.5
296-3,296,3,3,1,0,0.7475960552692413,0.2524039447307586,0,1,0.7475960552692413,0.2475960552692414,3,3,4,0.8149882903981265,3.9555035128805622,nested_oof,0.5
296-4,296,4,3,1,0,0.7475960552692413,0.2524039447307586,0,1,0.7475960552692413,0.2475960552692414,5,3,3,0.8618266978922717,4.583138173302108,nested_oof,0.5
296-5,296,5,3,0,1,0.2524039447307586,0.2524039447307586,0,0,0.2524039447307586,0.2475960552692414,4,3,3,0.7868852459016393,3.962529274004684,nested_oof,0.5
296-6,296,6,3,1,0,0.7475960552692413,0.2524039447307586,0,1,0.7475960552692413,0.2475960552692414,3,4,2,0.7915690866510539,3.7353629976580796,nested_oof,0.5
296-7,296,7,3,1,0,0.7475960552692413,0.2524039447307586,0,1,0.7475960552692413,0.2475960552692414,3,3,2,0.8407494145199064,3.540983606557377,nested_oof,0.5
296-8,296,8,3,1,0,0.7475960552692413,0.2524039447307586,0,1,0.7475960552692413,0.2475960552692414,3,3,2,0.7985948477751756,2.791569086651054,nested_oof,0.5
296-9,296,9,3,1,0,0.7475960552692413,0.2524039447307586,0,1,0.7475960552692413,0.2475960552692414,5,3,4,0.819672131147541,4.285714285714286,nested_oof,0.5
296-10,296,10,3,1,0,0.7475960552692413,0.2524039447307586,0,1,0.7475960552692413,0.2475960552692414,4,2,4,0.775175644028103,3.4988290398126463,nested_oof,0.5
296-11,296,11,3,1,0,0.7475960552692413,0.2524039447307586,0,1,0.7475960552692413,0.2475960552692414,5,2,4,0.7892271662763466,3.782201405152225,nested_oof,0.5
296-12,296,12,3,1,0,0.7475960552692413,0.2524039447307586,0,1,0.7475960552692413,0.2475960552692414,4,2,4,0.8290398126463701,3.6721311475409837,nested_oof,0.5
297-0,297,0,3,0,0,0.0795833244919776,0.0795833244919776,0,0,0.0795833244919776,0.4204166755080224,4,2,4,0.810304449648712,4.3629976580796255,nested_oof,0.5
297-1,297,1,3,0,0,0.0795833244919776,0.0795833244919776,0,0,0.0795833244919776,0.4204166755080224,5,2,4,0.8126463700234192,4.02576112412178,nested_oof,0.5
297-2,297,2,3,0,0,0.0795833244919776,0.0795833244919776,0,0,0.0795833244919776,0.4204166755080224,5,2,4,0.7939110070257611,3.8454332552693207,nested_oof,0.5
297-3,297,3,3,0,0,0.0795833244919776,0.0795833244919776,0,0,0.0795833244919776,0.4204166755080224,3,3,4,0.8149882903981265,3.9555035128805622,nested_oof,0.5
297-4,297,4,3,0,0,0.0795833244919776,0.0795833244919776,0,0,0.0795833244919776,0.4204166755080224,5,2,3,0.8618266978922717,4.583138173302108,nested_oof,0.5
297-5,297,5,3,0,0,0.0795833244919776,0.0795833244919776,0,0,0.0795833244919776,0.4204166755080224,4,3,3,0.7868852459016393,3.962529274004684,nested_oof,0.5
297-6,297,6,3,0,0,0.0795833244919776,0.0795833244919776,0,0,0.0795833244919776,0.4204166755080224,4,3,2,0.7915690866510539,3.7353629976580796,nested_oof,0.5
297-7,297,7,3,0,0,0.0795833244919776,0.0795833244919776,0,0,0.0795833244919776,0.4204166755080224,3,3,2,0.8407494145199064,3.540983606557377,nested_oof,0.5
297-8,297,8,3,0,0,0.0795833244919776,0.0795833244919776,0,0,0.0795833244919776,0.4204166755080224,3,3,2,0.7985948477751756,2.791569086651054,nested_oof,0.5
297-9,297,9,3,0,0,0.0795833244919776,0.0795833244919776,0,0,0.0795833244919776,0.4204166755080224,5,2,4,0.819672131147541,4.285714285714286,nested_oof,0.5
297-10,297,10,3,0,0,0.0795833244919776,0.0795833244919776,0,0,0.0795833244919776,0.4204166755080224,4,1,4,0.775175644028103,3.4988290398126463,nested_oof,0.5
297-11,297,11,3,0,0,0.0795833244919776,0.0795833244919776,0,0,0.0795833244919776,0.4204166755080224,5,2,4,0.7892271662763466,3.782201405152225,nested_oof,0.5
297-12,297,12,3,0,0,0.0795833244919776,0.0795833244919776,0,0,0.0795833244919776,0.4204166755080224,4,2,4,0.8290398126463701,3.6721311475409837,nested_oof,0.5
298-0,298,0,5,0,1,0.0018632609862834,0.0018632609862834,0,0,0.0018632609862834,0.4981367390137166,4,2,4,0.810304449648712,4.3629976580796255,nested_oof,0.5
298-1,298,1,5,0,1,0.0018632609862834,0.0018632609862834,0,0,0.0018632609862834,0.4981367390137166,4,2,4,0.8126463700234192,4.02576112412178,nested_oof,0.5
298-2,298,2,5,0,1,0.0018632609862834,0.0018632609862834,0,0,0.0018632609862834,0.4981367390137166,4,3,4,0.7939110070257611,3.8454332552693207,nested_oof,0.5
298-3,298,3,5,0,1,0.0018632609862834,0.0018632609862834,0,0,0.0018632609862834,0.4981367390137166,3,3,4,0.8149882903981265,3.9555035128805622,nested_oof,0.5
298-4,298,4,5,0,1,0.0018632609862834,0.0018632609862834,0,0,0.0018632609862834,0.4981367390137166,5,2,3,0.8618266978922717,4.583138173302108,nested_oof,0.5
298-5,298,5,5,0,1,0.0018632609862834,0.0018632609862834,0,0,0.0018632609862834,0.4981367390137166,4,2,3,0.7868852459016393,3.962529274004684,nested_oof,0.5
298-6,298,6,5,0,1,0.0018632609862834,0.0018632609862834,0,0,0.0018632609862834,0.4981367390137166,4,3,2,0.7915690866510539,3.7353629976580796,nested_oof,0.5
298-7,298,7,5,0,1,0.0018632609862834,0.0018632609862834,0,0,0.0018632609862834,0.4981367390137166,4,2,2,0.8407494145199064,3.540983606557377,nested_oof,0.5
298-8,298,8,5,0,1,0.0018632609862834,0.0018632609862834,0,0,0.0018632609862834,0.4981367390137166,3,3,2,0.7985948477751756,2.791569086651054,nested_oof,0.5
298-9,298,9,5,0,1,0.0018632609862834,0.0018632609862834,0,0,0.0018632609862834,0.4981367390137166,5,2,4,0.819672131147541,4.285714285714286,nested_oof,0.5
298-10,298,10,5,0,1,0.0018632609862834,0.0018632609862834,0,0,0.0018632609862834,0.4981367390137166,4,2,4,0.775175644028103,3.4988290398126463,nested_oof,0.5
298-11,298,11,5,0,1,0.0018632609862834,0.0018632609862834,0,0,0.0018632609862834,0.4981367390137166,5,2,4,0.7892271662763466,3.782201405152225,nested_oof,0.5
298-12,298,12,5,0,1,0.0018632609862834,0.0018632609862834,0,0,0.0018632609862834,0.4981367390137166,4,2,4,0.8290398126463701,3.6721311475409837,nested_oof,0.5
299-0,299,0,4,0,0,0.320675253868103,0.320675253868103,0,0,0.320675253868103,0.17932474613189697,3,4,4,0.810304449648712,4.3629976580796255,nested_oof,0.5
299-1,299,1,4,1,1,0.679324746131897,0.320675253868103,0,1,0.679324746131897,0.17932474613189697,4,4,4,0.8126463700234192,4.02576112412178,nested_oof,0.5
299-2,299,2,4,0,0,0.320675253868103,0.320675253868103,0,0,0.320675253868103,0.17932474613189697,4,4,4,0.7939110070257611,3.8454332552693207,nested_oof,0.5
299-3,299,3,4,1,1,0.679324746131897,0.320675253868103,0,1,0.679324746131897,0.17932474613189697,4,4,4,0.8149882903981265,3.9555035128805622,nested_oof,0.5
299-4,299,4,4,1,1,0.679324746131897,0.320675253868103,0,1,0.679324746131897,0.17932474613189697,5,4,3,0.8618266978922717,4.583138173302108,nested_oof,0.5
299-5,299,5,4,0,0,0.320675253868103,0.320675253868103,0,0,0.320675253868103,0.17932474613189697,4,2,3,0.7868852459016393,3.962529274004684,nested_oof,0.5
299-6,299,6,4,0,0,0.320675253868103,0.320675253868103,0,0,0.320675253868103,0.17932474613189697,3,3,2,0.7915690866510539,3.7353629976580796,nested_oof,0.5
299-7,299,7,4,0,0,0.320675253868103,0.320675253868103,0,0,0.320675253868103,0.17932474613189697,3,3,2,0.8407494145199064,3.540983606557377,nested_oof,0.5
299-8,299,8,4,0,0,0.320675253868103,0.320675253868103,0,0,0.320675253868103,0.17932474613189697,3,4,2,0.7985948477751756,2.791569086651054,nested_oof,0.5
299-9,299,9,4,1,1,0.679324746131897,0.320675253868103,0,1,0.679324746131897,0.17932474613189697,4,4,4,0.819672131147541,4.285714285714286,nested_oof,0.5
299-10,299,10,4,0,0,0.320675253868103,0.320675253868103,0,0,0.320675253868103,0.17932474613189697,4,2,4,0.775175644028103,3.4988290398126463,nested_oof,0.5
299-11,299,11,4,0,0,0.320675253868103,0.320675253868103,0,0,0.320675253868103,0.17932474613189697,5,3,4,0.7892271662763466,3.782201405152225,nested_oof,0.5
299-12,299,12,4,0,0,0.320675253868103,0.320675253868103,0,0,0.320675253868103,0.17932474613189697,4,3,4,0.8290398126463701,3.6721311475409837,nested_oof,0.5
300-0,300,0,5,1,0,0.17477726936340332,0.8252227306365967,1,0,0.17477726936340332,0.3252227306365967,3,4,4,0.810304449648712,4.3629976580796255,nested_oof,0.5
300-1,300,1,5,0,1,0.8252227306365967,0.8252227306365967,1,1,0.8252227306365967,0.3252227306365967,4,2,4,0.8126463700234192,4.02576112412178,nested_oof,0.5
300-2,300,2,5,0,1,0.8252227306365967,0.8252227306365967,1,1,0.8252227306365967,0.3252227306365967,4,4,4,0.7939110070257611,3.8454332552693207,nested_oof,0.5
300-3,300,3,5,0,1,0.8252227306365967,0.8252227306365967,1,1,0.8252227306365967,0.3252227306365967,4,3,4,0.8149882903981265,3.9555035128805622,nested_oof,0.5
300-4,300,4,5,0,1,0.8252227306365967,0.8252227306365967,1,1,0.8252227306365967,0.3252227306365967,5,3,3,0.8618266978922717,4.583138173302108,nested_oof,0.5
300-5,300,5,5,0,1,0.8252227306365967,0.8252227306365967,1,1,0.8252227306365967,0.3252227306365967,4,3,3,0.7868852459016393,3.962529274004684,nested_oof,0.5
300-6,300,6,5,0,1,0.8252227306365967,0.8252227306365967,1,1,0.8252227306365967,0.3252227306365967,4,3,2,0.7915690866510539,3.7353629976580796,nested_oof,0.5
300-7,300,7,5,0,1,0.8252227306365967,0.8252227306365967,1,1,0.8252227306365967,0.3252227306365967,4,2,2,0.8407494145199064,3.540983606557377,nested_oof,0.5
300-8,300,8,5,0,1,0.8252227306365967,0.8252227306365967,1,1,0.8252227306365967,0.3252227306365967,3,4,2,0.7985948477751756,2.791569086651054,nested_oof,0.5
300-9,300,9,5,0,1,0.8252227306365967,0.8252227306365967,1,1,0.8252227306365967,0.3252227306365967,4,4,4,0.819672131147541,4.285714285714286,nested_oof,0.5
300-10,300,10,5,0,1,0.8252227306365967,0.8252227306365967,1,1,0.8252227306365967,0.3252227306365967,3,3,4,0.775175644028103,3.4988290398126463,nested_oof,0.5
300-11,300,11,5,0,1,0.8252227306365967,0.8252227306365967,1,1,0.8252227306365967,0.3252227306365967,5,2,4,0.7892271662763466,3.782201405152225,nested_oof,0.5
300-12,300,12,5,0,1,0.8252227306365967,0.8252227306365967,1,1,0.8252227306365967,0.3252227306365967,4,2,4,0.8290398126463701,3.6721311475409837,nested_oof,0.5
301-0,301,0,2,1,0,0.2677386403083801,0.7322613596916199,1,0,0.2677386403083801,0.23226135969161987,4,3,4,0.810304449648712,4.3629976580796255,nested_oof,0.5
301-1,301,1,2,1,0,0.2677386403083801,0.7322613596916199,1,0,0.2677386403083801,0.23226135969161987,4,4,4,0.8126463700234192,4.02576112412178,nested_oof,0.5
301-2,301,2,2,1,0,0.2677386403083801,0.7322613596916199,1,0,0.2677386403083801,0.23226135969161987,4,3,4,0.7939110070257611,3.8454332552693207,nested_oof,0.5
301-3,301,3,2,1,0,0.2677386403083801,0.7322613596916199,1,0,0.2677386403083801,0.23226135969161987,3,3,4,0.8149882903981265,3.9555035128805622,nested_oof,0.5
301-4,301,4,2,1,0,0.2677386403083801,0.7322613596916199,1,0,0.2677386403083801,0.23226135969161987,4,4,3,0.8618266978922717,4.583138173302108,nested_oof,0.5
301-5,301,5,2,0,1,0.7322613596916199,0.7322613596916199,1,1,0.7322613596916199,0.23226135969161987,3,3,3,0.7868852459016393,3.962529274004684,nested_oof,0.5
301-6,301,6,2,1,0,0.2677386403083801,0.7322613596916199,1,0,0.2677386403083801,0.23226135969161987,3,4,2,0.7915690866510539,3.7353629976580796,nested_oof,0.5
301-7,301,7,2,1,0,0.2677386403083801,0.7322613596916199,1,0,0.2677386403083801,0.23226135969161987,3,3,2,0.8407494145199064,3.540983606557377,nested_oof,0.5
301-8,301,8,2,1,0,0.2677386403083801,0.7322613596916199,1,0,0.2677386403083801,0.23226135969161987,2,3,2,0.7985948477751756,2.791569086651054,nested_oof,0.5
301-9,301,9,2,1,0,0.2677386403083801,0.7322613596916199,1,0,0.2677386403083801,0.23226135969161987,4,4,4,0.819672131147541,4.285714285714286,nested_oof,0.5
301-10,301,10,2,1,0,0.2677386403083801,0.7322613596916199,1,0,0.2677386403083801,0.23226135969161987,4,2,4,0.775175644028103,3.4988290398126463,nested_oof,0.5
301-11,301,11,2,1,0,0.2677386403083801,0.7322613596916199,1,0,0.2677386403083801,0.23226135969161987,4,2,4,0.7892271662763466,3.782201405152225,nested_oof,0.5
301-12,301,12,2,1,0,0.2677386403083801,0.7322613596916199,1,0,0.2677386403083801,0.23226135969161987,3,3,4,0.8290398126463701,3.6721311475409837,nested_oof,0.5
302-0,302,0,4,1,1,0.7917325049638749,0.2082674950361251,0,1,0.7917325049638749,0.29173250496387493,3,3,4,0.810304449648712,4.3629976580796255,nested_oof,0.5
302-1,302,1,4,1,1,0.7917325049638749,0.2082674950361251,0,1,0.7917325049638749,0.29173250496387493,4,3,4,0.8126463700234192,4.02576112412178,nested_oof,0.5
302-2,302,2,4,1,1,0.7917325049638749,0.2082674950361251,0,1,0.7917325049638749,0.29173250496387493,4,3,4,0.7939110070257611,3.8454332552693207,nested_oof,0.5
302-3,302,3,4,0,0,0.2082674950361251,0.2082674950361251,0,0,0.2082674950361251,0.29173250496387493,4,2,4,0.8149882903981265,3.9555035128805622,nested_oof,0.5
302-4,302,4,4,1,1,0.7917325049638749,0.2082674950361251,0,1,0.7917325049638749,0.29173250496387493,4,4,3,0.8618266978922717,4.583138173302108,nested_oof,0.5
302-5,302,5,4,0,0,0.2082674950361251,0.2082674950361251,0,0,0.2082674950361251,0.29173250496387493,3,3,3,0.7868852459016393,3.962529274004684,nested_oof,0.5
302-6,302,6,4,1,1,0.7917325049638749,0.2082674950361251,0,1,0.7917325049638749,0.29173250496387493,2,4,2,0.7915690866510539,3.7353629976580796,nested_oof,0.5
302-7,302,7,4,1,1,0.7917325049638749,0.2082674950361251,0,1,0.7917325049638749,0.29173250496387493,3,3,2,0.8407494145199064,3.540983606557377,nested_oof,0.5
302-8,302,8,4,0,0,0.2082674950361251,0.2082674950361251,0,0,0.2082674950361251,0.29173250496387493,2,3,2,0.7985948477751756,2.791569086651054,nested_oof,0.5
302-9,302,9,4,1,1,0.7917325049638749,0.2082674950361251,0,1,0.7917325049638749,0.29173250496387493,3,4,4,0.819672131147541,4.285714285714286,nested_oof,0.5
302-10,302,10,4,0,0,0.2082674950361251,0.2082674950361251,0,0,0.2082674950361251,0.29173250496387493,4,2,4,0.775175644028103,3.4988290398126463,nested_oof,0.5
302-11,302,11,4,1,1,0.7917325049638749,0.2082674950361251,0,1,0.7917325049638749,0.29173250496387493,4,3,4,0.7892271662763466,3.782201405152225,nested_oof,0.5
302-12,302,12,4,1,1,0.7917325049638749,0.2082674950361251,0,1,0.7917325049638749,0.29173250496387493,3,3,4,0.8290398126463701,3.6721311475409837,nested_oof,0.5
303-0,303,0,5,1,0,0.0839722752571106,0.9160277247428894,1,0,0.0839722752571106,0.4160277247428894,3,3,4,0.810304449648712,4.3629976580796255,nested_oof,0.5
303-1,303,1,5,1,0,0.0839722752571106,0.9160277247428894,1,0,0.0839722752571106,0.4160277247428894,4,3,4,0.8126463700234192,4.02576112412178,nested_oof,0.5
303-2,303,2,5,1,0,0.0839722752571106,0.9160277247428894,1,0,0.0839722752571106,0.4160277247428894,5,2,4,0.7939110070257611,3.8454332552693207,nested_oof,0.5
303-3,303,3,5,1,0,0.0839722752571106,0.9160277247428894,1,0,0.0839722752571106,0.4160277247428894,3,3,4,0.8149882903981265,3.9555035128805622,nested_oof,0.5
303-4,303,4,5,1,0,0.0839722752571106,0.9160277247428894,1,0,0.0839722752571106,0.4160277247428894,5,3,3,0.8618266978922717,4.583138173302108,nested_oof,0.5
303-5,303,5,5,1,0,0.0839722752571106,0.9160277247428894,1,0,0.0839722752571106,0.4160277247428894,4,3,3,0.7868852459016393,3.962529274004684,nested_oof,0.5
303-6,303,6,5,1,0,0.0839722752571106,0.9160277247428894,1,0,0.0839722752571106,0.4160277247428894,3,4,2,0.7915690866510539,3.7353629976580796,nested_oof,0.5
303-7,303,7,5,1,0,0.0839722752571106,0.9160277247428894,1,0,0.0839722752571106,0.4160277247428894,3,3,2,0.8407494145199064,3.540983606557377,nested_oof,0.5
303-8,303,8,5,1,0,0.0839722752571106,0.9160277247428894,1,0,0.0839722752571106,0.4160277247428894,3,3,2,0.7985948477751756,2.791569086651054,nested_oof,0.5
303-9,303,9,5,1,0,0.0839722752571106,0.9160277247428894,1,0,0.0839722752571106,0.4160277247428894,4,4,4,0.819672131147541,4.285714285714286,nested_oof,0.5
303-10,303,10,5,1,0,0.0839722752571106,0.9160277247428894,1,0,0.0839722752571106,0.4160277247428894,4,3,4,0.775175644028103,3.4988290398126463,nested_oof,0.5
303-11,303,11,5,1,0,0.0839722752571106,0.9160277247428894,1,0,0.0839722752571106,0.4160277247428894,4,2,4,0.7892271662763466,3.782201405152225,nested_oof,0.5
303-12,303,12,5,0,1,0.9160277247428894,0.9160277247428894,1,1,0.9160277247428894,0.4160277247428894,4,3,4,0.8290398126463701,3.6721311475409837,nested_oof,0.5
304-0,304,0,1,1,1,0.19211649894714355,0.8078835010528564,1,0,0.19211649894714355,0.30788350105285645,3,4,4,0.810304449648712,4.3629976580796255,nested_oof,0.5
304-1,304,1,1,0,0,0.8078835010528564,0.8078835010528564,1,1,0.8078835010528564,0.30788350105285645,4,3,4,0.8126463700234192,4.02576112412178,nested_oof,0.5
304-2,304,2,1,0,0,0.8078835010528564,0.8078835010528564,1,1,0.8078835010528564,0.30788350105285645,3,3,4,0.7939110070257611,3.8454332552693207,nested_oof,0.5
304-3,304,3,1,0,0,0.8078835010528564,0.8078835010528564,1,1,0.8078835010528564,0.30788350105285645,2,3,4,0.8149882903981265,3.9555035128805622,nested_oof,0.5
304-4,304,4,1,1,1,0.19211649894714355,0.8078835010528564,1,0,0.19211649894714355,0.30788350105285645,5,2,3,0.8618266978922717,4.583138173302108,nested_oof,0.5
304-5,304,5,1,1,1,0.19211649894714355,0.8078835010528564,1,0,0.19211649894714355,0.30788350105285645,4,3,3,0.7868852459016393,3.962529274004684,nested_oof,0.5
304-6,304,6,1,0,0,0.8078835010528564,0.8078835010528564,1,1,0.8078835010528564,0.30788350105285645,4,4,2,0.7915690866510539,3.7353629976580796,nested_oof,0.5
304-7,304,7,1,1,1,0.19211649894714355,0.8078835010528564,1,0,0.19211649894714355,0.30788350105285645,3,3,2,0.8407494145199064,3.540983606557377,nested_oof,0.5
304-8,304,8,1,0,0,0.8078835010528564,0.8078835010528564,1,1,0.8078835010528564,0.30788350105285645,2,3,2,0.7985948477751756,2.791569086651054,nested_oof,0.5
304-9,304,9,1,1,1,0.19211649894714355,0.8078835010528564,1,0,0.19211649894714355,0.30788350105285645,4,4,4,0.819672131147541,4.285714285714286,nested_oof,0.5
304-10,304,10,1,1,1,0.19211649894714355,0.8078835010528564,1,0,0.19211649894714355,0.30788350105285645,3,3,4,0.775175644028103,3.4988290398126463,nested_oof,0.5
304-11,304,11,1,1,1,0.19211649894714355,0.8078835010528564,1,0,0.19211649894714355,0.30788350105285645,4,3,4,0.7892271662763466,3.782201405152225,nested_oof,0.5
304-12,304,12,1,0,0,0.8078835010528564,0.8078835010528564,1,1,0.8078835010528564,0.30788350105285645,2,2,4,0.8290398126463701,3.6721311475409837,nested_oof,0.5
305-0,305,0,1,0,0,0.7111951112747192,0.7111951112747192,1,1,0.7111951112747192,0.21119511127471924,4,2,4,0.810304449648712,4.3629976580796255,nested_oof,0.5
305-1,305,1,1,0,0,0.7111951112747192,0.7111951112747192,1,1,0.7111951112747192,0.21119511127471924,4,2,4,0.8126463700234192,4.02576112412178,nested_oof,0.5
305-2,305,2,1,0,0,0.7111951112747192,0.7111951112747192,1,1,0.7111951112747192,0.21119511127471924,4,3,4,0.7939110070257611,3.8454332552693207,nested_oof,0.5
305-3,305,3,1,0,0,0.7111951112747192,0.7111951112747192,1,1,0.7111951112747192,0.21119511127471924,4,2,4,0.8149882903981265,3.9555035128805622,nested_oof,0.5
305-4,305,4,1,0,0,0.7111951112747192,0.7111951112747192,1,1,0.7111951112747192,0.21119511127471924,5,2,3,0.8618266978922717,4.583138173302108,nested_oof,0.5
305-5,305,5,1,0,0,0.7111951112747192,0.7111951112747192,1,1,0.7111951112747192,0.21119511127471924,4,3,3,0.7868852459016393,3.962529274004684,nested_oof,0.5
305-6,305,6,1,0,0,0.7111951112747192,0.7111951112747192,1,1,0.7111951112747192,0.21119511127471924,4,3,2,0.7915690866510539,3.7353629976580796,nested_oof,0.5
305-7,305,7,1,0,0,0.7111951112747192,0.7111951112747192,1,1,0.7111951112747192,0.21119511127471924,4,3,2,0.8407494145199064,3.540983606557377,nested_oof,0.5
305-8,305,8,1,0,0,0.7111951112747192,0.7111951112747192,1,1,0.7111951112747192,0.21119511127471924,3,3,2,0.7985948477751756,2.791569086651054,nested_oof,0.5
305-9,305,9,1,0,0,0.7111951112747192,0.7111951112747192,1,1,0.7111951112747192,0.21119511127471924,4,3,4,0.819672131147541,4.285714285714286,nested_oof,0.5
305-10,305,10,1,0,0,0.7111951112747192,0.7111951112747192,1,1,0.7111951112747192,0.21119511127471924,3,3,4,0.775175644028103,3.4988290398126463,nested_oof,0.5
305-11,305,11,1,0,0,0.7111951112747192,0.7111951112747192,1,1,0.7111951112747192,0.21119511127471924,5,2,4,0.7892271662763466,3.782201405152225,nested_oof,0.5
305-12,305,12,1,0,0,0.7111951112747192,0.7111951112747192,1,1,0.7111951112747192,0.21119511127471924,4,2,4,0.8290398126463701,3.6721311475409837,nested_oof,0.5
306-0,306,0,5,0,0,0.0390685498714447,0.0390685498714447,0,0,0.0390685498714447,0.4609314501285553,4,2,4,0.810304449648712,4.3629976580796255,nested_oof,0.5
306-1,306,1,5,0,0,0.0390685498714447,0.0390685498714447,0,0,0.0390685498714447,0.4609314501285553,4,2,4,0.8126463700234192,4.02576112412178,nested_oof,0.5
306-2,306,2,5,0,0,0.0390685498714447,0.0390685498714447,0,0,0.0390685498714447,0.4609314501285553,4,3,4,0.7939110070257611,3.8454332552693207,nested_oof,0.5
306-3,306,3,5,0,0,0.0390685498714447,0.0390685498714447,0,0,0.0390685498714447,0.4609314501285553,4,3,4,0.8149882903981265,3.9555035128805622,nested_oof,0.5
306-4,306,4,5,0,0,0.0390685498714447,0.0390685498714447,0,0,0.0390685498714447,0.4609314501285553,5,2,3,0.8618266978922717,4.583138173302108,nested_oof,0.5
306-5,306,5,5,0,0,0.0390685498714447,0.0390685498714447,0,0,0.0390685498714447,0.4609314501285553,4,2,3,0.7868852459016393,3.962529274004684,nested_oof,0.5
306-6,306,6,5,0,0,0.0390685498714447,0.0390685498714447,0,0,0.0390685498714447,0.4609314501285553,4,3,2,0.7915690866510539,3.7353629976580796,nested_oof,0.5
306-7,306,7,5,0,0,0.0390685498714447,0.0390685498714447,0,0,0.0390685498714447,0.4609314501285553,4,2,2,0.8407494145199064,3.540983606557377,nested_oof,0.5
306-8,306,8,5,0,0,0.0390685498714447,0.0390685498714447,0,0,0.0390685498714447,0.4609314501285553,3,3,2,0.7985948477751756,2.791569086651054,nested_oof,0.5
306-9,306,9,5,0,0,0.0390685498714447,0.0390685498714447,0,0,0.0390685498714447,0.4609314501285553,4,3,4,0.819672131147541,4.285714285714286,nested_oof,0.5
306-10,306,10,5,0,0,0.0390685498714447,0.0390685498714447,0,0,0.0390685498714447,0.4609314501285553,4,2,4,0.775175644028103,3.4988290398126463,nested_oof,0.5
306-11,306,11,5,0,0,0.0390685498714447,0.0390685498714447,0,0,0.0390685498714447,0.4609314501285553,5,3,4,0.7892271662763466,3.782201405152225,nested_oof,0.5
306-12,306,12,5,0,0,0.0390685498714447,0.0390685498714447,0,0,0.0390685498714447,0.4609314501285553,4,2,4,0.8290398126463701,3.6721311475409837,nested_oof,0.5
307-0,307,0,3,0,1,0.5427058339118958,0.5427058339118958,1,1,0.5427058339118958,0.04270583391189575,4,2,4,0.810304449648712,4.3629976580796255,nested_oof,0.5
307-1,307,1,3,0,1,0.5427058339118958,0.5427058339118958,1,1,0.5427058339118958,0.04270583391189575,3,3,4,0.8126463700234192,4.02576112412178,nested_oof,0.5
307-2,307,2,3,1,0,0.45729416608810425,0.5427058339118958,1,0,0.45729416608810425,0.04270583391189575,3,3,4,0.7939110070257611,3.8454332552693207,nested_oof,0.5
307-3,307,3,3,1,0,0.45729416608810425,0.5427058339118958,1,0,0.45729416608810425,0.04270583391189575,3,3,4,0.8149882903981265,3.9555035128805622,nested_oof,0.5
307-4,307,4,3,1,0,0.45729416608810425,0.5427058339118958,1,0,0.45729416608810425,0.04270583391189575,5,3,3,0.8618266978922717,4.583138173302108,nested_oof,0.5
307-5,307,5,3,0,1,0.5427058339118958,0.5427058339118958,1,1,0.5427058339118958,0.04270583391189575,3,3,3,0.7868852459016393,3.962529274004684,nested_oof,0.5
307-6,307,6,3,1,0,0.45729416608810425,0.5427058339118958,1,0,0.45729416608810425,0.04270583391189575,4,3,2,0.7915690866510539,3.7353629976580796,nested_oof,0.5
307-7,307,7,3,1,0,0.45729416608810425,0.5427058339118958,1,0,0.45729416608810425,0.04270583391189575,2,3,2,0.8407494145199064,3.540983606557377,nested_oof,0.5
307-8,307,8,3,1,0,0.45729416608810425,0.5427058339118958,1,0,0.45729416608810425,0.04270583391189575,2,3,2,0.7985948477751756,2.791569086651054,nested_oof,0.5
307-9,307,9,3,1,0,0.45729416608810425,0.5427058339118958,1,0,0.45729416608810425,0.04270583391189575,5,4,4,0.819672131147541,4.285714285714286,nested_oof,0.5
307-10,307,10,3,0,1,0.5427058339118958,0.5427058339118958,1,1,0.5427058339118958,0.04270583391189575,3,3,4,0.775175644028103,3.4988290398126463,nested_oof,0.5
307-11,307,11,3,1,0,0.45729416608810425,0.5427058339118958,1,0,0.45729416608810425,0.04270583391189575,3,3,4,0.7892271662763466,3.782201405152225,nested_oof,0.5
307-12,307,12,3,1,0,0.45729416608810425,0.5427058339118958,1,0,0.45729416608810425,0.04270583391189575,4,3,4,0.8290398126463701,3.6721311475409837,nested_oof,0.5
308-0,308,0,3,0,0,0.0484879277646541,0.0484879277646541,0,0,0.0484879277646541,0.4515120722353459,4,2,4,0.810304449648712,4.3629976580796255,nested_oof,0.5
308-1,308,1,3,0,0,0.0484879277646541,0.0484879277646541,0,0,0.0484879277646541,0.4515120722353459,4,2,4,0.8126463700234192,4.02576112412178,nested_oof,0.5
308-2,308,2,3,0,0,0.0484879277646541,0.0484879277646541,0,0,0.0484879277646541,0.4515120722353459,3,3,4,0.7939110070257611,3.8454332552693207,nested_oof,0.5
308-3,308,3,3,0,0,0.0484879277646541,0.0484879277646541,0,0,0.0484879277646541,0.4515120722353459,4,2,4,0.8149882903981265,3.9555035128805622,nested_oof,0.5
308-4,308,4,3,0,0,0.0484879277646541,0.0484879277646541,0,0,0.0484879277646541,0.4515120722353459,5,2,3,0.8618266978922717,4.583138173302108,nested_oof,0.5
308-5,308,5,3,0,0,0.0484879277646541,0.0484879277646541,0,0,0.0484879277646541,0.4515120722353459,4,2,3,0.7868852459016393,3.962529274004684,nested_oof,0.5
308-6,308,6,3,0,0,0.0484879277646541,0.0484879277646541,0,0,0.0484879277646541,0.4515120722353459,4,3,2,0.7915690866510539,3.7353629976580796,nested_oof,0.5
308-7,308,7,3,0,0,0.0484879277646541,0.0484879277646541,0,0,0.0484879277646541,0.4515120722353459,4,2,2,0.8407494145199064,3.540983606557377,nested_oof,0.5
308-8,308,8,3,0,0,0.0484879277646541,0.0484879277646541,0,0,0.0484879277646541,0.4515120722353459,3,3,2,0.7985948477751756,2.791569086651054,nested_oof,0.5
308-9,308,9,3,1,1,0.951512072235346,0.0484879277646541,0,1,0.951512072235346,0.4515120722353459,4,4,4,0.819672131147541,4.285714285714286,nested_oof,0.5
308-10,308,10,3,0,0,0.0484879277646541,0.0484879277646541,0,0,0.0484879277646541,0.4515120722353459,4,1,4,0.775175644028103,3.4988290398126463,nested_oof,0.5
308-11,308,11,3,0,0,0.0484879277646541,0.0484879277646541,0,0,0.0484879277646541,0.4515120722353459,5,2,4,0.7892271662763466,3.782201405152225,nested_oof,0.5
308-12,308,12,3,0,0,0.0484879277646541,0.0484879277646541,0,0,0.0484879277646541,0.4515120722353459,4,2,4,0.8290398126463701,3.6721311475409837,nested_oof,0.5
309-0,309,0,2,0,1,0.9225709438323976,0.9225709438323976,1,1,0.9225709438323976,0.42257094383239757,4,2,4,0.810304449648712,4.3629976580796255,nested_oof,0.5
309-1,309,1,2,1,0,0.07742905616760243,0.9225709438323976,1,0,0.07742905616760243,0.42257094383239757,5,4,4,0.8126463700234192,4.02576112412178,nested_oof,0.5
309-2,309,2,2,1,0,0.07742905616760243,0.9225709438323976,1,0,0.07742905616760243,0.42257094383239757,4,4,4,0.7939110070257611,3.8454332552693207,nested_oof,0.5
309-3,309,3,2,1,0,0.07742905616760243,0.9225709438323976,1,0,0.07742905616760243,0.42257094383239757,3,3,4,0.8149882903981265,3.9555035128805622,nested_oof,0.5
309-4,309,4,2,1,0,0.07742905616760243,0.9225709438323976,1,0,0.07742905616760243,0.42257094383239757,4,4,3,0.8618266978922717,4.583138173302108,nested_oof,0.5
309-5,309,5,2,1,0,0.07742905616760243,0.9225709438323976,1,0,0.07742905616760243,0.42257094383239757,4,3,3,0.7868852459016393,3.962529274004684,nested_oof,0.5
309-6,309,6,2,1,0,0.07742905616760243,0.9225709438323976,1,0,0.07742905616760243,0.42257094383239757,4,3,2,0.7915690866510539,3.7353629976580796,nested_oof,0.5
309-7,309,7,2,1,0,0.07742905616760243,0.9225709438323976,1,0,0.07742905616760243,0.42257094383239757,3,3,2,0.8407494145199064,3.540983606557377,nested_oof,0.5
309-8,309,8,2,1,0,0.07742905616760243,0.9225709438323976,1,0,0.07742905616760243,0.42257094383239757,2,3,2,0.7985948477751756,2.791569086651054,nested_oof,0.5
309-9,309,9,2,1,0,0.07742905616760243,0.9225709438323976,1,0,0.07742905616760243,0.42257094383239757,5,3,4,0.819672131147541,4.285714285714286,nested_oof,0.5
309-10,309,10,2,1,0,0.07742905616760243,0.9225709438323976,1,0,0.07742905616760243,0.42257094383239757,4,3,4,0.775175644028103,3.4988290398126463,nested_oof,0.5
309-11,309,11,2,1,0,0.07742905616760243,0.9225709438323976,1,0,0.07742905616760243,0.42257094383239757,4,3,4,0.7892271662763466,3.782201405152225,nested_oof,0.5
309-12,309,12,2,1,0,0.07742905616760243,0.9225709438323976,1,0,0.07742905616760243,0.42257094383239757,4,3,4,0.8290398126463701,3.6721311475409837,nested_oof,0.5
310-0,310,0,5,1,0,0.9962804247625173,0.0037195752374827,0,1,0.9962804247625173,0.4962804247625173,3,4,4,0.810304449648712,4.3629976580796255,nested_oof,0.5
310-1,310,1,5,0,1,0.0037195752374827,0.0037195752374827,0,0,0.0037195752374827,0.4962804247625173,3,4,4,0.8126463700234192,4.02576112412178,nested_oof,0.5
310-2,310,2,5,1,0,0.9962804247625173,0.0037195752374827,0,1,0.9962804247625173,0.4962804247625173,3,3,4,0.7939110070257611,3.8454332552693207,nested_oof,0.5
310-3,310,3,5,0,1,0.0037195752374827,0.0037195752374827,0,0,0.0037195752374827,0.4962804247625173,2,4,4,0.8149882903981265,3.9555035128805622,nested_oof,0.5
310-4,310,4,5,1,0,0.9962804247625173,0.0037195752374827,0,1,0.9962804247625173,0.4962804247625173,5,3,3,0.8618266978922717,4.583138173302108,nested_oof,0.5
310-5,310,5,5,1,0,0.9962804247625173,0.0037195752374827,0,1,0.9962804247625173,0.4962804247625173,3,4,3,0.7868852459016393,3.962529274004684,nested_oof,0.5
310-6,310,6,5,1,0,0.9962804247625173,0.0037195752374827,0,1,0.9962804247625173,0.4962804247625173,3,4,2,0.7915690866510539,3.7353629976580796,nested_oof,0.5
310-7,310,7,5,0,1,0.0037195752374827,0.0037195752374827,0,0,0.0037195752374827,0.4962804247625173,2,3,2,0.8407494145199064,3.540983606557377,nested_oof,0.5
310-8,310,8,5,1,0,0.9962804247625173,0.0037195752374827,0,1,0.9962804247625173,0.4962804247625173,2,4,2,0.7985948477751756,2.791569086651054,nested_oof,0.5
310-9,310,9,5,1,0,0.9962804247625173,0.0037195752374827,0,1,0.9962804247625173,0.4962804247625173,4,4,4,0.819672131147541,4.285714285714286,nested_oof,0.5
310-10,310,10,5,0,1,0.0037195752374827,0.0037195752374827,0,0,0.0037195752374827,0.4962804247625173,3,4,4,0.775175644028103,3.4988290398126463,nested_oof,0.5
310-11,310,11,5,0,1,0.0037195752374827,0.0037195752374827,0,0,0.0037195752374827,0.4962804247625173,4,3,4,0.7892271662763466,3.782201405152225,nested_oof,0.5
310-12,310,12,5,1,0,0.9962804247625173,0.0037195752374827,0,1,0.9962804247625173,0.4962804247625173,2,3,4,0.8290398126463701,3.6721311475409837,nested_oof,0.5
311-0,311,0,2,0,0,0.0069602513685822,0.0069602513685822,0,0,0.0069602513685822,0.4930397486314178,3,3,4,0.810304449648712,4.3629976580796255,nested_oof,0.5
311-1,311,1,2,0,0,0.0069602513685822,0.0069602513685822,0,0,0.0069602513685822,0.4930397486314178,4,3,4,0.8126463700234192,4.02576112412178,nested_oof,0.5
311-2,311,2,2,1,1,0.9930397486314178,0.0069602513685822,0,1,0.9930397486314178,0.4930397486314178,4,3,4,0.7939110070257611,3.8454332552693207,nested_oof,0.5
311-3,311,3,2,0,0,0.0069602513685822,0.0069602513685822,0,0,0.0069602513685822,0.4930397486314178,4,3,4,0.8149882903981265,3.9555035128805622,nested_oof,0.5
311-4,311,4,2,0,0,0.0069602513685822,0.0069602513685822,0,0,0.0069602513685822,0.4930397486314178,5,2,3,0.8618266978922717,4.583138173302108,nested_oof,0.5
311-5,311,5,2,0,0,0.0069602513685822,0.0069602513685822,0,0,0.0069602513685822,0.4930397486314178,4,2,3,0.7868852459016393,3.962529274004684,nested_oof,0.5
311-6,311,6,2,0,0,0.0069602513685822,0.0069602513685822,0,0,0.0069602513685822,0.4930397486314178,4,3,2,0.7915690866510539,3.7353629976580796,nested_oof,0.5
311-7,311,7,2,0,0,0.0069602513685822,0.0069602513685822,0,0,0.0069602513685822,0.4930397486314178,3,3,2,0.8407494145199064,3.540983606557377,nested_oof,0.5
311-8,311,8,2,0,0,0.0069602513685822,0.0069602513685822,0,0,0.0069602513685822,0.4930397486314178,3,3,2,0.7985948477751756,2.791569086651054,nested_oof,0.5
311-9,311,9,2,0,0,0.0069602513685822,0.0069602513685822,0,0,0.0069602513685822,0.4930397486314178,5,3,4,0.819672131147541,4.285714285714286,nested_oof,0.5
311-10,311,10,2,0,0,0.0069602513685822,0.0069602513685822,0,0,0.0069602513685822,0.4930397486314178,4,2,4,0.775175644028103,3.4988290398126463,nested_oof,0.5
311-11,311,11,2,0,0,0.0069602513685822,0.0069602513685822,0,0,0.0069602513685822,0.4930397486314178,5,2,4,0.7892271662763466,3.782201405152225,nested_oof,0.5
311-12,311,12,2,0,0,0.0069602513685822,0.0069602513685822,0,0,0.0069602513685822,0.4930397486314178,4,3,4,0.8290398126463701,3.6721311475409837,nested_oof,0.5
312-0,312,0,3,0,0,0.294883668422699,0.294883668422699,0,0,0.294883668422699,0.20511633157730103,3,3,4,0.810304449648712,4.3629976580796255,nested_oof,0.5
312-1,312,1,3,0,0,0.294883668422699,0.294883668422699,0,0,0.294883668422699,0.20511633157730103,4,2,4,0.8126463700234192,4.02576112412178,nested_oof,0.5
312-2,312,2,3,0,0,0.294883668422699,0.294883668422699,0,0,0.294883668422699,0.20511633157730103,4,3,4,0.7939110070257611,3.8454332552693207,nested_oof,0.5
312-3,312,3,3,0,0,0.294883668422699,0.294883668422699,0,0,0.294883668422699,0.20511633157730103,4,3,4,0.8149882903981265,3.9555035128805622,nested_oof,0.5
312-4,312,4,3,0,0,0.294883668422699,0.294883668422699,0,0,0.294883668422699,0.20511633157730103,5,3,3,0.8618266978922717,4.583138173302108,nested_oof,0.5
312-5,312,5,3,0,0,0.294883668422699,0.294883668422699,0,0,0.294883668422699,0.20511633157730103,4,2,3,0.7868852459016393,3.962529274004684,nested_oof,0.5
312-6,312,6,3,0,0,0.294883668422699,0.294883668422699,0,0,0.294883668422699,0.20511633157730103,4,3,2,0.7915690866510539,3.7353629976580796,nested_oof,0.5
312-7,312,7,3,0,0,0.294883668422699,0.294883668422699,0,0,0.294883668422699,0.20511633157730103,3,3,2,0.8407494145199064,3.540983606557377,nested_oof,0.5
312-8,312,8,3,0,0,0.294883668422699,0.294883668422699,0,0,0.294883668422699,0.20511633157730103,2,3,2,0.7985948477751756,2.791569086651054,nested_oof,0.5
312-9,312,9,3,0,0,0.294883668422699,0.294883668422699,0,0,0.294883668422699,0.20511633157730103,5,3,4,0.819672131147541,4.285714285714286,nested_oof,0.5
312-10,312,10,3,0,0,0.294883668422699,0.294883668422699,0,0,0.294883668422699,0.20511633157730103,4,2,4,0.775175644028103,3.4988290398126463,nested_oof,0.5
312-11,312,11,3,0,0,0.294883668422699,0.294883668422699,0,0,0.294883668422699,0.20511633157730103,5,2,4,0.7892271662763466,3.782201405152225,nested_oof,0.5
312-12,312,12,3,0,0,0.294883668422699,0.294883668422699,0,0,0.294883668422699,0.20511633157730103,4,3,4,0.8290398126463701,3.6721311475409837,nested_oof,0.5
313-0,313,0,4,1,0,0.050288617610931396,0.9497113823890686,1,0,0.050288617610931396,0.4497113823890686,4,3,4,0.810304449648712,4.3629976580796255,nested_oof,0.5
313-1,313,1,4,1,0,0.050288617610931396,0.9497113823890686,1,0,0.050288617610931396,0.4497113823890686,5,2,4,0.8126463700234192,4.02576112412178,nested_oof,0.5
313-2,313,2,4,1,0,0.050288617610931396,0.9497113823890686,1,0,0.050288617610931396,0.4497113823890686,4,3,4,0.7939110070257611,3.8454332552693207,nested_oof,0.5
313-3,313,3,4,1,0,0.050288617610931396,0.9497113823890686,1,0,0.050288617610931396,0.4497113823890686,3,3,4,0.8149882903981265,3.9555035128805622,nested_oof,0.5
313-4,313,4,4,1,0,0.050288617610931396,0.9497113823890686,1,0,0.050288617610931396,0.4497113823890686,5,2,3,0.8618266978922717,4.583138173302108,nested_oof,0.5
313-5,313,5,4,1,0,0.050288617610931396,0.9497113823890686,1,0,0.050288617610931396,0.4497113823890686,4,3,3,0.7868852459016393,3.962529274004684,nested_oof,0.5
313-6,313,6,4,1,0,0.050288617610931396,0.9497113823890686,1,0,0.050288617610931396,0.4497113823890686,4,4,2,0.7915690866510539,3.7353629976580796,nested_oof,0.5
313-7,313,7,4,1,0,0.050288617610931396,0.9497113823890686,1,0,0.050288617610931396,0.4497113823890686,3,2,2,0.8407494145199064,3.540983606557377,nested_oof,0.5
313-8,313,8,4,1,0,0.050288617610931396,0.9497113823890686,1,0,0.050288617610931396,0.4497113823890686,3,3,2,0.7985948477751756,2.791569086651054,nested_oof,0.5
313-9,313,9,4,1,0,0.050288617610931396,0.9497113823890686,1,0,0.050288617610931396,0.4497113823890686,5,3,4,0.819672131147541,4.285714285714286,nested_oof,0.5
313-10,313,10,4,1,0,0.050288617610931396,0.9497113823890686,1,0,0.050288617610931396,0.4497113823890686,3,3,4,0.775175644028103,3.4988290398126463,nested_oof,0.5
313-11,313,11,4,1,0,0.050288617610931396,0.9497113823890686,1,0,0.050288617610931396,0.4497113823890686,5,2,4,0.7892271662763466,3.782201405152225,nested_oof,0.5
313-12,313,12,4,1,0,0.050288617610931396,0.9497113823890686,1,0,0.050288617610931396,0.4497113823890686,5,3,4,0.8290398126463701,3.6721311475409837,nested_oof,0.5
314-0,314,0,1,0,1,0.8750064373016357,0.8750064373016357,1,1,0.8750064373016357,0.37500643730163574,4,3,4,0.810304449648712,4.3629976580796255,nested_oof,0.5
314-1,314,1,1,0,1,0.8750064373016357,0.8750064373016357,1,1,0.8750064373016357,0.37500643730163574,3,3,4,0.8126463700234192,4.02576112412178,nested_oof,0.5
314-2,314,2,1,0,1,0.8750064373016357,0.8750064373016357,1,1,0.8750064373016357,0.37500643730163574,4,2,4,0.7939110070257611,3.8454332552693207,nested_oof,0.5
314-3,314,3,1,0,1,0.8750064373016357,0.8750064373016357,1,1,0.8750064373016357,0.37500643730163574,3,3,4,0.8149882903981265,3.9555035128805622,nested_oof,0.5
314-4,314,4,1,0,1,0.8750064373016357,0.8750064373016357,1,1,0.8750064373016357,0.37500643730163574,5,4,3,0.8618266978922717,4.583138173302108,nested_oof,0.5
314-5,314,5,1,0,1,0.8750064373016357,0.8750064373016357,1,1,0.8750064373016357,0.37500643730163574,4,2,3,0.7868852459016393,3.962529274004684,nested_oof,0.5
314-6,314,6,1,1,0,0.12499356269836426,0.8750064373016357,1,0,0.12499356269836426,0.37500643730163574,4,2,2,0.7915690866510539,3.7353629976580796,nested_oof,0.5
314-7,314,7,1,0,1,0.8750064373016357,0.8750064373016357,1,1,0.8750064373016357,0.37500643730163574,3,3,2,0.8407494145199064,3.540983606557377,nested_oof,0.5
314-8,314,8,1,0,1,0.8750064373016357,0.8750064373016357,1,1,0.8750064373016357,0.37500643730163574,3,3,2,0.7985948477751756,2.791569086651054,nested_oof,0.5
314-9,314,9,1,0,1,0.8750064373016357,0.8750064373016357,1,1,0.8750064373016357,0.37500643730163574,4,3,4,0.819672131147541,4.285714285714286,nested_oof,0.5
314-10,314,10,1,1,0,0.12499356269836426,0.8750064373016357,1,0,0.12499356269836426,0.37500643730163574,4,2,4,0.775175644028103,3.4988290398126463,nested_oof,0.5
314-11,314,11,1,0,1,0.8750064373016357,0.8750064373016357,1,1,0.8750064373016357,0.37500643730163574,5,3,4,0.7892271662763466,3.782201405152225,nested_oof,0.5
314-12,314,12,1,1,0,0.12499356269836426,0.8750064373016357,1,0,0.12499356269836426,0.37500643730163574,4,3,4,0.8290398126463701,3.6721311475409837,nested_oof,0.5
315-0,315,0,2,1,0,0.00745868682861317,0.9925413131713868,1,0,0.00745868682861317,0.49254131317138683,4,4,4,0.810304449648712,4.3629976580796255,nested_oof,0.5
315-1,315,1,2,1,0,0.00745868682861317,0.9925413131713868,1,0,0.00745868682861317,0.49254131317138683,4,4,4,0.8126463700234192,4.02576112412178,nested_oof,0.5
315-2,315,2,2,1,0,0.00745868682861317,0.9925413131713868,1,0,0.00745868682861317,0.49254131317138683,3,4,4,0.7939110070257611,3.8454332552693207,nested_oof,0.5
315-3,315,3,2,1,0,0.00745868682861317,0.9925413131713868,1,0,0.00745868682861317,0.49254131317138683,1,4,4,0.8149882903981265,3.9555035128805622,nested_oof,0.5
315-4,315,4,2,1,0,0.00745868682861317,0.9925413131713868,1,0,0.00745868682861317,0.49254131317138683,5,4,3,0.8618266978922717,4.583138173302108,nested_oof,0.5
315-5,315,5,2,1,0,0.00745868682861317,0.9925413131713868,1,0,0.00745868682861317,0.49254131317138683,4,3,3,0.7868852459016393,3.962529274004684,nested_oof,0.5
315-6,315,6,2,1,0,0.00745868682861317,0.9925413131713868,1,0,0.00745868682861317,0.49254131317138683,3,4,2,0.7915690866510539,3.7353629976580796,nested_oof,0.5
315-7,315,7,2,1,0,0.00745868682861317,0.9925413131713868,1,0,0.00745868682861317,0.49254131317138683,3,3,2,0.8407494145199064,3.540983606557377,nested_oof,0.5
315-8,315,8,2,1,0,0.00745868682861317,0.9925413131713868,1,0,0.00745868682861317,0.49254131317138683,3,4,2,0.7985948477751756,2.791569086651054,nested_oof,0.5
315-9,315,9,2,1,0,0.00745868682861317,0.9925413131713868,1,0,0.00745868682861317,0.49254131317138683,5,3,4,0.819672131147541,4.285714285714286,nested_oof,0.5
315-10,315,10,2,1,0,0.00745868682861317,0.9925413131713868,1,0,0.00745868682861317,0.49254131317138683,4,3,4,0.775175644028103,3.4988290398126463,nested_oof,0.5
315-11,315,11,2,1,0,0.00745868682861317,0.9925413131713868,1,0,0.00745868682861317,0.49254131317138683,2,4,4,0.7892271662763466,3.782201405152225,nested_oof,0.5
315-12,315,12,2,1,0,0.00745868682861317,0.9925413131713868,1,0,0.00745868682861317,0.49254131317138683,4,4,4,0.8290398126463701,3.6721311475409837,nested_oof,0.5
316-0,316,0,2,1,0,0.054322242736816406,0.9456777572631836,1,0,0.054322242736816406,0.4456777572631836,4,3,4,0.810304449648712,4.3629976580796255,nested_oof,0.5
316-1,316,1,2,1,0,0.054322242736816406,0.9456777572631836,1,0,0.054322242736816406,0.4456777572631836,4,4,4,0.8126463700234192,4.02576112412178,nested_oof,0.5
316-2,316,2,2,1,0,0.054322242736816406,0.9456777572631836,1,0,0.054322242736816406,0.4456777572631836,4,3,4,0.7939110070257611,3.8454332552693207,nested_oof,0.5
316-3,316,3,2,1,0,0.054322242736816406,0.9456777572631836,1,0,0.054322242736816406,0.4456777572631836,4,2,4,0.8149882903981265,3.9555035128805622,nested_oof,0.5
316-4,316,4,2,1,0,0.054322242736816406,0.9456777572631836,1,0,0.054322242736816406,0.4456777572631836,5,3,3,0.8618266978922717,4.583138173302108,nested_oof,0.5
316-5,316,5,2,1,0,0.054322242736816406,0.9456777572631836,1,0,0.054322242736816406,0.4456777572631836,4,3,3,0.7868852459016393,3.962529274004684,nested_oof,0.5
316-6,316,6,2,1,0,0.054322242736816406,0.9456777572631836,1,0,0.054322242736816406,0.4456777572631836,4,3,2,0.7915690866510539,3.7353629976580796,nested_oof,0.5
316-7,316,7,2,1,0,0.054322242736816406,0.9456777572631836,1,0,0.054322242736816406,0.4456777572631836,3,3,2,0.8407494145199064,3.540983606557377,nested_oof,0.5
316-8,316,8,2,1,0,0.054322242736816406,0.9456777572631836,1,0,0.054322242736816406,0.4456777572631836,3,3,2,0.7985948477751756,2.791569086651054,nested_oof,0.5
316-9,316,9,2,1,0,0.054322242736816406,0.9456777572631836,1,0,0.054322242736816406,0.4456777572631836,5,3,4,0.819672131147541,4.285714285714286,nested_oof,0.5
316-10,316,10,2,1,0,0.054322242736816406,0.9456777572631836,1,0,0.054322242736816406,0.4456777572631836,4,2,4,0.775175644028103,3.4988290398126463,nested_oof,0.5
316-11,316,11,2,1,0,0.054322242736816406,0.9456777572631836,1,0,0.054322242736816406,0.4456777572631836,5,2,4,0.7892271662763466,3.782201405152225,nested_oof,0.5
316-12,316,12,2,1,0,0.054322242736816406,0.9456777572631836,1,0,0.054322242736816406,0.4456777572631836,5,3,4,0.8290398126463701,3.6721311475409837,nested_oof,0.5
317-0,317,0,1,1,0,0.1359865665435791,0.8640134334564209,1,0,0.1359865665435791,0.3640134334564209,4,3,4,0.810304449648712,4.3629976580796255,nested_oof,0.5
317-1,317,1,1,1,0,0.1359865665435791,0.8640134334564209,1,0,0.1359865665435791,0.3640134334564209,4,4,4,0.8126463700234192,4.02576112412178,nested_oof,0.5
317-2,317,2,1,1,0,0.1359865665435791,0.8640134334564209,1,0,0.1359865665435791,0.3640134334564209,4,3,4,0.7939110070257611,3.8454332552693207,nested_oof,0.5
317-3,317,3,1,1,0,0.1359865665435791,0.8640134334564209,1,0,0.1359865665435791,0.3640134334564209,4,3,4,0.8149882903981265,3.9555035128805622,nested_oof,0.5
317-4,317,4,1,1,0,0.1359865665435791,0.8640134334564209,1,0,0.1359865665435791,0.3640134334564209,5,4,3,0.8618266978922717,4.583138173302108,nested_oof,0.5
317-5,317,5,1,1,0,0.1359865665435791,0.8640134334564209,1,0,0.1359865665435791,0.3640134334564209,4,3,3,0.7868852459016393,3.962529274004684,nested_oof,0.5
317-6,317,6,1,1,0,0.1359865665435791,0.8640134334564209,1,0,0.1359865665435791,0.3640134334564209,4,3,2,0.7915690866510539,3.7353629976580796,nested_oof,0.5
317-7,317,7,1,1,0,0.1359865665435791,0.8640134334564209,1,0,0.1359865665435791,0.3640134334564209,3,3,2,0.8407494145199064,3.540983606557377,nested_oof,0.5
317-8,317,8,1,1,0,0.1359865665435791,0.8640134334564209,1,0,0.1359865665435791,0.3640134334564209,3,3,2,0.7985948477751756,2.791569086651054,nested_oof,0.5
317-9,317,9,1,1,0,0.1359865665435791,0.8640134334564209,1,0,0.1359865665435791,0.3640134334564209,4,3,4,0.819672131147541,4.285714285714286,nested_oof,0.5
317-10,317,10,1,1,0,0.1359865665435791,0.8640134334564209,1,0,0.1359865665435791,0.3640134334564209,3,3,4,0.775175644028103,3.4988290398126463,nested_oof,0.5
317-11,317,11,1,1,0,0.1359865665435791,0.8640134334564209,1,0,0.1359865665435791,0.3640134334564209,5,2,4,0.7892271662763466,3.782201405152225,nested_oof,0.5
317-12,317,12,1,1,0,0.1359865665435791,0.8640134334564209,1,0,0.1359865665435791,0.3640134334564209,4,3,4,0.8290398126463701,3.6721311475409837,nested_oof,0.5
318-0,318,0,1,0,0,0.6327856779098511,0.6327856779098511,1,1,0.6327856779098511,0.13278567790985107,4,2,4,0.810304449648712,4.3629976580796255,nested_oof,0.5
318-1,318,1,1,0,0,0.6327856779098511,0.6327856779098511,1,1,0.6327856779098511,0.13278567790985107,5,2,4,0.8126463700234192,4.02576112412178,nested_oof,0.5
318-2,318,2,1,0,0,0.6327856779098511,0.6327856779098511,1,1,0.6327856779098511,0.13278567790985107,3,3,4,0.7939110070257611,3.8454332552693207,nested_oof,0.5
318-3,318,3,1,0,0,0.6327856779098511,0.6327856779098511,1,1,0.6327856779098511,0.13278567790985107,5,1,4,0.8149882903981265,3.9555035128805622,nested_oof,0.5
318-4,318,4,1,0,0,0.6327856779098511,0.6327856779098511,1,1,0.6327856779098511,0.13278567790985107,5,2,3,0.8618266978922717,4.583138173302108,nested_oof,0.5
318-5,318,5,1,0,0,0.6327856779098511,0.6327856779098511,1,1,0.6327856779098511,0.13278567790985107,4,2,3,0.7868852459016393,3.962529274004684,nested_oof,0.5
318-6,318,6,1,0,0,0.6327856779098511,0.6327856779098511,1,1,0.6327856779098511,0.13278567790985107,5,3,2,0.7915690866510539,3.7353629976580796,nested_oof,0.5
318-7,318,7,1,0,0,0.6327856779098511,0.6327856779098511,1,1,0.6327856779098511,0.13278567790985107,3,3,2,0.8407494145199064,3.540983606557377,nested_oof,0.5
318-8,318,8,1,0,0,0.6327856779098511,0.6327856779098511,1,1,0.6327856779098511,0.13278567790985107,3,3,2,0.7985948477751756,2.791569086651054,nested_oof,0.5
318-9,318,9,1,0,0,0.6327856779098511,0.6327856779098511,1,1,0.6327856779098511,0.13278567790985107,4,3,4,0.819672131147541,4.285714285714286,nested_oof,0.5
318-10,318,10,1,0,0,0.6327856779098511,0.6327856779098511,1,1,0.6327856779098511,0.13278567790985107,4,2,4,0.775175644028103,3.4988290398126463,nested_oof,0.5
318-11,318,11,1,0,0,0.6327856779098511,0.6327856779098511,1,1,0.6327856779098511,0.13278567790985107,5,2,4,0.7892271662763466,3.782201405152225,nested_oof,0.5
318-12,318,12,1,0,0,0.6327856779098511,0.6327856779098511,1,1,0.6327856779098511,0.13278567790985107,4,3,4,0.8290398126463701,3.6721311475409837,nested_oof,0.5
319-0,319,0,2,0,0,0.0320249125361442,0.0320249125361442,0,0,0.0320249125361442,0.4679750874638558,4,3,4,0.810304449648712,4.3629976580796255,nested_oof,0.5
319-1,319,1,2,0,0,0.0320249125361442,0.0320249125361442,0,0,0.0320249125361442,0.4679750874638558,4,2,4,0.8126463700234192,4.02576112412178,nested_oof,0.5
319-2,319,2,2,0,0,0.0320249125361442,0.0320249125361442,0,0,0.0320249125361442,0.4679750874638558,4,3,4,0.7939110070257611,3.8454332552693207,nested_oof,0.5
319-3,319,3,2,0,0,0.0320249125361442,0.0320249125361442,0,0,0.0320249125361442,0.4679750874638558,4,3,4,0.8149882903981265,3.9555035128805622,nested_oof,0.5
319-4,319,4,2,0,0,0.0320249125361442,0.0320249125361442,0,0,0.0320249125361442,0.4679750874638558,5,2,3,0.8618266978922717,4.583138173302108,nested_oof,0.5
319-5,319,5,2,0,0,0.0320249125361442,0.0320249125361442,0,0,0.0320249125361442,0.4679750874638558,4,2,3,0.7868852459016393,3.962529274004684,nested_oof,0.5
319-6,319,6,2,0,0,0.0320249125361442,0.0320249125361442,0,0,0.0320249125361442,0.4679750874638558,4,3,2,0.7915690866510539,3.7353629976580796,nested_oof,0.5
319-7,319,7,2,0,0,0.0320249125361442,0.0320249125361442,0,0,0.0320249125361442,0.4679750874638558,3,3,2,0.8407494145199064,3.540983606557377,nested_oof,0.5
319-8,319,8,2,0,0,0.0320249125361442,0.0320249125361442,0,0,0.0320249125361442,0.4679750874638558,3,3,2,0.7985948477751756,2.791569086651054,nested_oof,0.5
319-9,319,9,2,0,0,0.0320249125361442,0.0320249125361442,0,0,0.0320249125361442,0.4679750874638558,4,3,4,0.819672131147541,4.285714285714286,nested_oof,0.5
319-10,319,10,2,0,0,0.0320249125361442,0.0320249125361442,0,0,0.0320249125361442,0.4679750874638558,4,2,4,0.775175644028103,3.4988290398126463,nested_oof,0.5
319-11,319,11,2,0,0,0.0320249125361442,0.0320249125361442,0,0,0.0320249125361442,0.4679750874638558,5,2,4,0.7892271662763466,3.782201405152225,nested_oof,0.5
319-12,319,12,2,0,0,0.0320249125361442,0.0320249125361442,0,0,0.0320249125361442,0.4679750874638558,4,3,4,0.8290398126463701,3.6721311475409837,nested_oof,0.5
320-0,320,0,4,0,0,0.8697506785392761,0.8697506785392761,1,1,0.8697506785392761,0.3697506785392761,4,3,4,0.810304449648712,4.3629976580796255,nested_oof,0.5
320-1,320,1,4,1,1,0.13024932146072388,0.8697506785392761,1,0,0.13024932146072388,0.3697506785392761,3,4,4,0.8126463700234192,4.02576112412178,nested_oof,0.5
320-2,320,2,4,0,0,0.8697506785392761,0.8697506785392761,1,1,0.8697506785392761,0.3697506785392761,4,2,4,0.7939110070257611,3.8454332552693207,nested_oof,0.5
320-3,320,3,4,0,0,0.8697506785392761,0.8697506785392761,1,1,0.8697506785392761,0.3697506785392761,3,3,4,0.8149882903981265,3.9555035128805622,nested_oof,0.5
320-4,320,4,4,1,1,0.13024932146072388,0.8697506785392761,1,0,0.13024932146072388,0.3697506785392761,5,4,3,0.8618266978922717,4.583138173302108,nested_oof,0.5
320-5,320,5,4,0,0,0.8697506785392761,0.8697506785392761,1,1,0.8697506785392761,0.3697506785392761,4,3,3,0.7868852459016393,3.962529274004684,nested_oof,0.5
320-6,320,6,4,1,1,0.13024932146072388,0.8697506785392761,1,0,0.13024932146072388,0.3697506785392761,2,4,2,0.7915690866510539,3.7353629976580796,nested_oof,0.5
320-7,320,7,4,1,1,0.13024932146072388,0.8697506785392761,1,0,0.13024932146072388,0.3697506785392761,2,3,2,0.8407494145199064,3.540983606557377,nested_oof,0.5
320-8,320,8,4,0,0,0.8697506785392761,0.8697506785392761,1,1,0.8697506785392761,0.3697506785392761,3,3,2,0.7985948477751756,2.791569086651054,nested_oof,0.5
320-9,320,9,4,1,1,0.13024932146072388,0.8697506785392761,1,0,0.13024932146072388,0.3697506785392761,5,2,4,0.819672131147541,4.285714285714286,nested_oof,0.5
320-10,320,10,4,0,0,0.8697506785392761,0.8697506785392761,1,1,0.8697506785392761,0.3697506785392761,4,2,4,0.775175644028103,3.4988290398126463,nested_oof,0.5
320-11,320,11,4,0,0,0.8697506785392761,0.8697506785392761,1,1,0.8697506785392761,0.3697506785392761,4,3,4,0.7892271662763466,3.782201405152225,nested_oof,0.5
320-12,320,12,4,0,0,0.8697506785392761,0.8697506785392761,1,1,0.8697506785392761,0.3697506785392761,3,3,4,0.8290398126463701,3.6721311475409837,nested_oof,0.5
321-0,321,0,4,0,1,0.0203916635364294,0.0203916635364294,0,0,0.0203916635364294,0.4796083364635706,4,3,4,0.810304449648712,4.3629976580796255,nested_oof,0.5
321-1,321,1,4,1,0,0.9796083364635706,0.0203916635364294,0,1,0.9796083364635706,0.4796083364635706,4,4,4,0.8126463700234192,4.02576112412178,nested_oof,0.5
321-2,321,2,4,1,0,0.9796083364635706,0.0203916635364294,0,1,0.9796083364635706,0.4796083364635706,4,3,4,0.7939110070257611,3.8454332552693207,nested_oof,0.5
321-3,321,3,4,1,0,0.9796083364635706,0.0203916635364294,0,1,0.9796083364635706,0.4796083364635706,4,4,4,0.8149882903981265,3.9555035128805622,nested_oof,0.5
321-4,321,4,4,1,0,0.9796083364635706,0.0203916635364294,0,1,0.9796083364635706,0.4796083364635706,4,4,3,0.8618266978922717,4.583138173302108,nested_oof,0.5
321-5,321,5,4,1,0,0.9796083364635706,0.0203916635364294,0,1,0.9796083364635706,0.4796083364635706,4,3,3,0.7868852459016393,3.962529274004684,nested_oof,0.5
321-6,321,6,4,1,0,0.9796083364635706,0.0203916635364294,0,1,0.9796083364635706,0.4796083364635706,4,3,2,0.7915690866510539,3.7353629976580796,nested_oof,0.5
321-7,321,7,4,1,0,0.9796083364635706,0.0203916635364294,0,1,0.9796083364635706,0.4796083364635706,3,3,2,0.8407494145199064,3.540983606557377,nested_oof,0.5
321-8,321,8,4,1,0,0.9796083364635706,0.0203916635364294,0,1,0.9796083364635706,0.4796083364635706,3,3,2,0.7985948477751756,2.791569086651054,nested_oof,0.5
321-9,321,9,4,1,0,0.9796083364635706,0.0203916635364294,0,1,0.9796083364635706,0.4796083364635706,4,4,4,0.819672131147541,4.285714285714286,nested_oof,0.5
321-10,321,10,4,1,0,0.9796083364635706,0.0203916635364294,0,1,0.9796083364635706,0.4796083364635706,4,3,4,0.775175644028103,3.4988290398126463,nested_oof,0.5
321-11,321,11,4,1,0,0.9796083364635706,0.0203916635364294,0,1,0.9796083364635706,0.4796083364635706,5,2,4,0.7892271662763466,3.782201405152225,nested_oof,0.5
321-12,321,12,4,1,0,0.9796083364635706,0.0203916635364294,0,1,0.9796083364635706,0.4796083364635706,4,3,4,0.8290398126463701,3.6721311475409837,nested_oof,0.5
322-0,322,0,2,0,0,0.7780933976173401,0.7780933976173401,1,1,0.7780933976173401,0.2780933976173401,4,3,4,0.810304449648712,4.3629976580796255,nested_oof,0.5
322-1,322,1,2,0,0,0.7780933976173401,0.7780933976173401,1,1,0.7780933976173401,0.2780933976173401,4,3,4,0.8126463700234192,4.02576112412178,nested_oof,0.5
322-2,322,2,2,1,1,0.2219066023826599,0.7780933976173401,1,0,0.2219066023826599,0.2780933976173401,3,3,4,0.7939110070257611,3.8454332552693207,nested_oof,0.5
322-3,322,3,2,0,0,0.7780933976173401,0.7780933976173401,1,1,0.7780933976173401,0.2780933976173401,4,3,4,0.8149882903981265,3.9555035128805622,nested_oof,0.5
322-4,322,4,2,0,0,0.7780933976173401,0.7780933976173401,1,1,0.7780933976173401,0.2780933976173401,5,3,3,0.8618266978922717,4.583138173302108,nested_oof,0.5
322-5,322,5,2,0,0,0.7780933976173401,0.7780933976173401,1,1,0.7780933976173401,0.2780933976173401,4,3,3,0.7868852459016393,3.962529274004684,nested_oof,0.5
322-6,322,6,2,1,1,0.2219066023826599,0.7780933976173401,1,0,0.2219066023826599,0.2780933976173401,3,4,2,0.7915690866510539,3.7353629976580796,nested_oof,0.5
322-7,322,7,2,0,0,0.7780933976173401,0.7780933976173401,1,1,0.7780933976173401,0.2780933976173401,3,3,2,0.8407494145199064,3.540983606557377,nested_oof,0.5
322-8,322,8,2,0,0,0.7780933976173401,0.7780933976173401,1,1,0.7780933976173401,0.2780933976173401,3,3,2,0.7985948477751756,2.791569086651054,nested_oof,0.5
322-9,322,9,2,1,1,0.2219066023826599,0.7780933976173401,1,0,0.2219066023826599,0.2780933976173401,5,4,4,0.819672131147541,4.285714285714286,nested_oof,0.5
322-10,322,10,2,0,0,0.7780933976173401,0.7780933976173401,1,1,0.7780933976173401,0.2780933976173401,4,3,4,0.775175644028103,3.4988290398126463,nested_oof,0.5
322-11,322,11,2,0,0,0.7780933976173401,0.7780933976173401,1,1,0.7780933976173401,0.2780933976173401,5,2,4,0.7892271662763466,3.782201405152225,nested_oof,0.5
322-12,322,12,2,0,0,0.7780933976173401,0.7780933976173401,1,1,0.7780933976173401,0.2780933976173401,4,3,4,0.8290398126463701,3.6721311475409837,nested_oof,0.5
323-0,323,0,5,1,0,0.0019115805625915527,0.9980884194374084,1,0,0.0019115805625915527,0.49808841943740845,4,3,4,0.810304449648712,4.3629976580796255,nested_oof,0.5
323-1,323,1,5,1,0,0.0019115805625915527,0.9980884194374084,1,0,0.0019115805625915527,0.49808841943740845,4,3,4,0.8126463700234192,4.02576112412178,nested_oof,0.5
323-2,323,2,5,1,0,0.0019115805625915527,0.9980884194374084,1,0,0.0019115805625915527,0.49808841943740845,4,3,4,0.7939110070257611,3.8454332552693207,nested_oof,0.5
323-3,323,3,5,1,0,0.0019115805625915527,0.9980884194374084,1,0,0.0019115805625915527,0.49808841943740845,3,3,4,0.8149882903981265,3.9555035128805622,nested_oof,0.5
323-4,323,4,5,1,0,0.0019115805625915527,0.9980884194374084,1,0,0.0019115805625915527,0.49808841943740845,5,3,3,0.8618266978922717,4.583138173302108,nested_oof,0.5
323-5,323,5,5,1,0,0.0019115805625915527,0.9980884194374084,1,0,0.0019115805625915527,0.49808841943740845,4,3,3,0.7868852459016393,3.962529274004684,nested_oof,0.5
323-6,323,6,5,1,0,0.0019115805625915527,0.9980884194374084,1,0,0.0019115805625915527,0.49808841943740845,3,4,2,0.7915690866510539,3.7353629976580796,nested_oof,0.5
323-7,323,7,5,1,0,0.0019115805625915527,0.9980884194374084,1,0,0.0019115805625915527,0.49808841943740845,3,3,2,0.8407494145199064,3.540983606557377,nested_oof,0.5
323-8,323,8,5,1,0,0.0019115805625915527,0.9980884194374084,1,0,0.0019115805625915527,0.49808841943740845,2,3,2,0.7985948477751756,2.791569086651054,nested_oof,0.5
323-9,323,9,5,1,0,0.0019115805625915527,0.9980884194374084,1,0,0.0019115805625915527,0.49808841943740845,5,3,4,0.819672131147541,4.285714285714286,nested_oof,0.5
323-10,323,10,5,1,0,0.0019115805625915527,0.9980884194374084,1,0,0.0019115805625915527,0.49808841943740845,3,3,4,0.775175644028103,3.4988290398126463,nested_oof,0.5
323-11,323,11,5,1,0,0.0019115805625915527,0.9980884194374084,1,0,0.0019115805625915527,0.49808841943740845,5,2,4,0.7892271662763466,3.782201405152225,nested_oof,0.5
323-12,323,12,5,1,0,0.0019115805625915527,0.9980884194374084,1,0,0.0019115805625915527,0.49808841943740845,2,3,4,0.8290398126463701,3.6721311475409837,nested_oof,0.5
324-0,324,0,4,0,1,0.3994639813899994,0.3994639813899994,0,0,0.3994639813899994,0.10053601861000061,4,3,4,0.810304449648712,4.3629976580796255,nested_oof,0.5
324-1,324,1,4,0,1,0.3994639813899994,0.3994639813899994,0,0,0.3994639813899994,0.10053601861000061,4,2,4,0.8126463700234192,4.02576112412178,nested_oof,0.5
324-2,324,2,4,0,1,0.3994639813899994,0.3994639813899994,0,0,0.3994639813899994,0.10053601861000061,4,3,4,0.7939110070257611,3.8454332552693207,nested_oof,0.5
324-3,324,3,4,0,1,0.3994639813899994,0.3994639813899994,0,0,0.3994639813899994,0.10053601861000061,4,2,4,0.8149882903981265,3.9555035128805622,nested_oof,0.5
324-4,324,4,4,0,1,0.3994639813899994,0.3994639813899994,0,0,0.3994639813899994,0.10053601861000061,4,3,3,0.8618266978922717,4.583138173302108,nested_oof,0.5
324-5,324,5,4,0,1,0.3994639813899994,0.3994639813899994,0,0,0.3994639813899994,0.10053601861000061,4,2,3,0.7868852459016393,3.962529274004684,nested_oof,0.5
324-6,324,6,4,0,1,0.3994639813899994,0.3994639813899994,0,0,0.3994639813899994,0.10053601861000061,4,3,2,0.7915690866510539,3.7353629976580796,nested_oof,0.5
324-7,324,7,4,0,1,0.3994639813899994,0.3994639813899994,0,0,0.3994639813899994,0.10053601861000061,3,3,2,0.8407494145199064,3.540983606557377,nested_oof,0.5
324-8,324,8,4,0,1,0.3994639813899994,0.3994639813899994,0,0,0.3994639813899994,0.10053601861000061,2,3,2,0.7985948477751756,2.791569086651054,nested_oof,0.5
324-9,324,9,4,0,1,0.3994639813899994,0.3994639813899994,0,0,0.3994639813899994,0.10053601861000061,4,3,4,0.819672131147541,4.285714285714286,nested_oof,0.5
324-10,324,10,4,0,1,0.3994639813899994,0.3994639813899994,0,0,0.3994639813899994,0.10053601861000061,4,2,4,0.775175644028103,3.4988290398126463,nested_oof,0.5
324-11,324,11,4,0,1,0.3994639813899994,0.3994639813899994,0,0,0.3994639813899994,0.10053601861000061,5,2,4,0.7892271662763466,3.782201405152225,nested_oof,0.5
324-12,324,12,4,0,1,0.3994639813899994,0.3994639813899994,0,0,0.3994639813899994,0.10053601861000061,4,3,4,0.8290398126463701,3.6721311475409837,nested_oof,0.5
325-0,325,0,2,1,0,0.20699352025985718,0.7930064797401428,1,0,0.20699352025985718,0.2930064797401428,4,3,4,0.810304449648712,4.3629976580796255,nested_oof,0.5
325-1,325,1,2,1,0,0.20699352025985718,0.7930064797401428,1,0,0.20699352025985718,0.2930064797401428,3,4,4,0.8126463700234192,4.02576112412178,nested_oof,0.5
325-2,325,2,2,1,0,0.20699352025985718,0.7930064797401428,1,0,0.20699352025985718,0.2930064797401428,4,3,4,0.7939110070257611,3.8454332552693207,nested_oof,0.5
325-3,325,3,2,1,0,0.20699352025985718,0.7930064797401428,1,0,0.20699352025985718,0.2930064797401428,3,3,4,0.8149882903981265,3.9555035128805622,nested_oof,0.5
325-4,325,4,2,1,0,0.20699352025985718,0.7930064797401428,1,0,0.20699352025985718,0.2930064797401428,5,3,3,0.8618266978922717,4.583138173302108,nested_oof,0.5
325-5,325,5,2,1,0,0.20699352025985718,0.7930064797401428,1,0,0.20699352025985718,0.2930064797401428,4,3,3,0.7868852459016393,3.962529274004684,nested_oof,0.5
325-6,325,6,2,1,0,0.20699352025985718,0.7930064797401428,1,0,0.20699352025985718,0.2930064797401428,4,4,2,0.7915690866510539,3.7353629976580796,nested_oof,0.5
325-7,325,7,2,1,0,0.20699352025985718,0.7930064797401428,1,0,0.20699352025985718,0.2930064797401428,3,3,2,0.8407494145199064,3.540983606557377,nested_oof,0.5
325-8,325,8,2,1,0,0.20699352025985718,0.7930064797401428,1,0,0.20699352025985718,0.2930064797401428,3,3,2,0.7985948477751756,2.791569086651054,nested_oof,0.5
325-9,325,9,2,1,0,0.20699352025985718,0.7930064797401428,1,0,0.20699352025985718,0.2930064797401428,5,3,4,0.819672131147541,4.285714285714286,nested_oof,0.5
325-10,325,10,2,1,0,0.20699352025985718,0.7930064797401428,1,0,0.20699352025985718,0.2930064797401428,4,1,4,0.775175644028103,3.4988290398126463,nested_oof,0.5
325-11,325,11,2,1,0,0.20699352025985718,0.7930064797401428,1,0,0.20699352025985718,0.2930064797401428,5,2,4,0.7892271662763466,3.782201405152225,nested_oof,0.5
325-12,325,12,2,1,0,0.20699352025985718,0.7930064797401428,1,0,0.20699352025985718,0.2930064797401428,5,3,4,0.8290398126463701,3.6721311475409837,nested_oof,0.5
326-0,326,0,4,1,0,0.8267186284065247,0.1732813715934753,0,1,0.8267186284065247,0.3267186284065247,4,3,4,0.810304449648712,4.3629976580796255,nested_oof,0.5
326-1,326,1,4,1,0,0.8267186284065247,0.1732813715934753,0,1,0.8267186284065247,0.3267186284065247,4,4,4,0.8126463700234192,4.02576112412178,nested_oof,0.5
326-2,326,2,4,1,0,0.8267186284065247,0.1732813715934753,0,1,0.8267186284065247,0.3267186284065247,4,4,4,0.7939110070257611,3.8454332552693207,nested_oof,0.5
326-3,326,3,4,1,0,0.8267186284065247,0.1732813715934753,0,1,0.8267186284065247,0.3267186284065247,1,4,4,0.8149882903981265,3.9555035128805622,nested_oof,0.5
326-4,326,4,4,1,0,0.8267186284065247,0.1732813715934753,0,1,0.8267186284065247,0.3267186284065247,5,4,3,0.8618266978922717,4.583138173302108,nested_oof,0.5
326-5,326,5,4,1,0,0.8267186284065247,0.1732813715934753,0,1,0.8267186284065247,0.3267186284065247,4,3,3,0.7868852459016393,3.962529274004684,nested_oof,0.5
326-6,326,6,4,1,0,0.8267186284065247,0.1732813715934753,0,1,0.8267186284065247,0.3267186284065247,3,3,2,0.7915690866510539,3.7353629976580796,nested_oof,0.5
326-7,326,7,4,0,1,0.1732813715934753,0.1732813715934753,0,0,0.1732813715934753,0.3267186284065247,2,3,2,0.8407494145199064,3.540983606557377,nested_oof,0.5
326-8,326,8,4,1,0,0.8267186284065247,0.1732813715934753,0,1,0.8267186284065247,0.3267186284065247,2,4,2,0.7985948477751756,2.791569086651054,nested_oof,0.5
326-9,326,9,4,1,0,0.8267186284065247,0.1732813715934753,0,1,0.8267186284065247,0.3267186284065247,4,4,4,0.819672131147541,4.285714285714286,nested_oof,0.5
326-10,326,10,4,1,0,0.8267186284065247,0.1732813715934753,0,1,0.8267186284065247,0.3267186284065247,3,4,4,0.775175644028103,3.4988290398126463,nested_oof,0.5
326-11,326,11,4,1,0,0.8267186284065247,0.1732813715934753,0,1,0.8267186284065247,0.3267186284065247,5,2,4,0.7892271662763466,3.782201405152225,nested_oof,0.5
326-12,326,12,4,1,0,0.8267186284065247,0.1732813715934753,0,1,0.8267186284065247,0.3267186284065247,4,3,4,0.8290398126463701,3.6721311475409837,nested_oof,0.5
327-0,327,0,4,0,0,0.3642159402370453,0.3642159402370453,0,0,0.3642159402370453,0.1357840597629547,4,3,4,0.810304449648712,4.3629976580796255,nested_oof,0.5
327-1,327,1,4,0,0,0.3642159402370453,0.3642159402370453,0,0,0.3642159402370453,0.1357840597629547,4,2,4,0.8126463700234192,4.02576112412178,nested_oof,0.5
327-2,327,2,4,0,0,0.3642159402370453,0.3642159402370453,0,0,0.3642159402370453,0.1357840597629547,4,3,4,0.7939110070257611,3.8454332552693207,nested_oof,0.5
327-3,327,3,4,0,0,0.3642159402370453,0.3642159402370453,0,0,0.3642159402370453,0.1357840597629547,3,3,4,0.8149882903981265,3.9555035128805622,nested_oof,0.5
327-4,327,4,4,0,0,0.3642159402370453,0.3642159402370453,0,0,0.3642159402370453,0.1357840597629547,5,2,3,0.8618266978922717,4.583138173302108,nested_oof,0.5
327-5,327,5,4,0,0,0.3642159402370453,0.3642159402370453,0,0,0.3642159402370453,0.1357840597629547,4,2,3,0.7868852459016393,3.962529274004684,nested_oof,0.5
327-6,327,6,4,0,0,0.3642159402370453,0.3642159402370453,0,0,0.3642159402370453,0.1357840597629547,4,3,2,0.7915690866510539,3.7353629976580796,nested_oof,0.5
327-7,327,7,4,0,0,0.3642159402370453,0.3642159402370453,0,0,0.3642159402370453,0.1357840597629547,3,3,2,0.8407494145199064,3.540983606557377,nested_oof,0.5
327-8,327,8,4,0,0,0.3642159402370453,0.3642159402370453,0,0,0.3642159402370453,0.1357840597629547,2,3,2,0.7985948477751756,2.791569086651054,nested_oof,0.5
327-9,327,9,4,0,0,0.3642159402370453,0.3642159402370453,0,0,0.3642159402370453,0.1357840597629547,4,3,4,0.819672131147541,4.285714285714286,nested_oof,0.5
327-10,327,10,4,0,0,0.3642159402370453,0.3642159402370453,0,0,0.3642159402370453,0.1357840597629547,4,2,4,0.775175644028103,3.4988290398126463,nested_oof,0.5
327-11,327,11,4,1,1,0.6357840597629547,0.3642159402370453,0,1,0.6357840597629547,0.1357840597629547,3,3,4,0.7892271662763466,3.782201405152225,nested_oof,0.5
327-12,327,12,4,0,0,0.3642159402370453,0.3642159402370453,0,0,0.3642159402370453,0.1357840597629547,4,3,4,0.8290398126463701,3.6721311475409837,nested_oof,0.5
328-0,328,0,4,0,0,0.1405708491802215,0.1405708491802215,0,0,0.1405708491802215,0.3594291508197785,4,2,4,0.810304449648712,4.3629976580796255,nested_oof,0.5
328-1,328,1,4,0,0,0.1405708491802215,0.1405708491802215,0,0,0.1405708491802215,0.3594291508197785,4,2,4,0.8126463700234192,4.02576112412178,nested_oof,0.5
328-2,328,2,4,0,0,0.1405708491802215,0.1405708491802215,0,0,0.1405708491802215,0.3594291508197785,4,2,4,0.7939110070257611,3.8454332552693207,nested_oof,0.5
328-3,328,3,4,0,0,0.1405708491802215,0.1405708491802215,0,0,0.1405708491802215,0.3594291508197785,4,2,4,0.8149882903981265,3.9555035128805622,nested_oof,0.5
328-4,328,4,4,0,0,0.1405708491802215,0.1405708491802215,0,0,0.1405708491802215,0.3594291508197785,5,2,3,0.8618266978922717,4.583138173302108,nested_oof,0.5
328-5,328,5,4,0,0,0.1405708491802215,0.1405708491802215,0,0,0.1405708491802215,0.3594291508197785,4,3,3,0.7868852459016393,3.962529274004684,nested_oof,0.5
328-6,328,6,4,0,0,0.1405708491802215,0.1405708491802215,0,0,0.1405708491802215,0.3594291508197785,4,3,2,0.7915690866510539,3.7353629976580796,nested_oof,0.5
328-7,328,7,4,0,0,0.1405708491802215,0.1405708491802215,0,0,0.1405708491802215,0.3594291508197785,3,3,2,0.8407494145199064,3.540983606557377,nested_oof,0.5
328-8,328,8,4,0,0,0.1405708491802215,0.1405708491802215,0,0,0.1405708491802215,0.3594291508197785,3,3,2,0.7985948477751756,2.791569086651054,nested_oof,0.5
328-9,328,9,4,0,0,0.1405708491802215,0.1405708491802215,0,0,0.1405708491802215,0.3594291508197785,4,3,4,0.819672131147541,4.285714285714286,nested_oof,0.5
328-10,328,10,4,0,0,0.1405708491802215,0.1405708491802215,0,0,0.1405708491802215,0.3594291508197785,4,2,4,0.775175644028103,3.4988290398126463,nested_oof,0.5
328-11,328,11,4,0,0,0.1405708491802215,0.1405708491802215,0,0,0.1405708491802215,0.3594291508197785,5,2,4,0.7892271662763466,3.782201405152225,nested_oof,0.5
328-12,328,12,4,0,0,0.1405708491802215,0.1405708491802215,0,0,0.1405708491802215,0.3594291508197785,4,2,4,0.8290398126463701,3.6721311475409837,nested_oof,0.5
329-0,329,0,1,1,0,0.17511868476867676,0.8248813152313232,1,0,0.17511868476867676,0.32488131523132324,4,2,4,0.810304449648712,4.3629976580796255,nested_oof,0.5
329-1,329,1,1,1,0,0.17511868476867676,0.8248813152313232,1,0,0.17511868476867676,0.32488131523132324,5,3,4,0.8126463700234192,4.02576112412178,nested_oof,0.5
329-2,329,2,1,1,0,0.17511868476867676,0.8248813152313232,1,0,0.17511868476867676,0.32488131523132324,4,3,4,0.7939110070257611,3.8454332552693207,nested_oof,0.5
329-3,329,3,1,0,1,0.8248813152313232,0.8248813152313232,1,1,0.8248813152313232,0.32488131523132324,4,3,4,0.8149882903981265,3.9555035128805622,nested_oof,0.5
329-4,329,4,1,1,0,0.17511868476867676,0.8248813152313232,1,0,0.17511868476867676,0.32488131523132324,4,3,3,0.8618266978922717,4.583138173302108,nested_oof,0.5
329-5,329,5,1,1,0,0.17511868476867676,0.8248813152313232,1,0,0.17511868476867676,0.32488131523132324,4,2,3,0.7868852459016393,3.962529274004684,nested_oof,0.5
329-6,329,6,1,1,0,0.17511868476867676,0.8248813152313232,1,0,0.17511868476867676,0.32488131523132324,4,3,2,0.7915690866510539,3.7353629976580796,nested_oof,0.5
329-7,329,7,1,1,0,0.17511868476867676,0.8248813152313232,1,0,0.17511868476867676,0.32488131523132324,3,3,2,0.8407494145199064,3.540983606557377,nested_oof,0.5
329-8,329,8,1,1,0,0.17511868476867676,0.8248813152313232,1,0,0.17511868476867676,0.32488131523132324,3,3,2,0.7985948477751756,2.791569086651054,nested_oof,0.5
329-9,329,9,1,1,0,0.17511868476867676,0.8248813152313232,1,0,0.17511868476867676,0.32488131523132324,5,3,4,0.819672131147541,4.285714285714286,nested_oof,0.5
329-10,329,10,1,1,0,0.17511868476867676,0.8248813152313232,1,0,0.17511868476867676,0.32488131523132324,3,3,4,0.775175644028103,3.4988290398126463,nested_oof,0.5
329-11,329,11,1,1,0,0.17511868476867676,0.8248813152313232,1,0,0.17511868476867676,0.32488131523132324,4,3,4,0.7892271662763466,3.782201405152225,nested_oof,0.5
329-12,329,12,1,1,0,0.17511868476867676,0.8248813152313232,1,0,0.17511868476867676,0.32488131523132324,3,3,4,0.8290398126463701,3.6721311475409837,nested_oof,0.5
330-0,330,0,4,0,1,0.5572343468666077,0.5572343468666077,1,1,0.5572343468666077,0.057234346866607666,4,2,4,0.810304449648712,4.3629976580796255,nested_oof,0.5
330-1,330,1,4,1,0,0.44276565313339233,0.5572343468666077,1,0,0.44276565313339233,0.057234346866607666,3,4,4,0.8126463700234192,4.02576112412178,nested_oof,0.5
330-2,330,2,4,0,1,0.5572343468666077,0.5572343468666077,1,1,0.5572343468666077,0.057234346866607666,4,3,4,0.7939110070257611,3.8454332552693207,nested_oof,0.5
330-3,330,3,4,1,0,0.44276565313339233,0.5572343468666077,1,0,0.44276565313339233,0.057234346866607666,3,3,4,0.8149882903981265,3.9555035128805622,nested_oof,0.5
330-4,330,4,4,0,1,0.5572343468666077,0.5572343468666077,1,1,0.5572343468666077,0.057234346866607666,4,3,3,0.8618266978922717,4.583138173302108,nested_oof,0.5
330-5,330,5,4,1,0,0.44276565313339233,0.5572343468666077,1,0,0.44276565313339233,0.057234346866607666,4,3,3,0.7868852459016393,3.962529274004684,nested_oof,0.5
330-6,330,6,4,0,1,0.5572343468666077,0.5572343468666077,1,1,0.5572343468666077,0.057234346866607666,2,4,2,0.7915690866510539,3.7353629976580796,nested_oof,0.5
330-7,330,7,4,0,1,0.5572343468666077,0.5572343468666077,1,1,0.5572343468666077,0.057234346866607666,2,3,2,0.8407494145199064,3.540983606557377,nested_oof,0.5
330-8,330,8,4,0,1,0.5572343468666077,0.5572343468666077,1,1,0.5572343468666077,0.057234346866607666,2,3,2,0.7985948477751756,2.791569086651054,nested_oof,0.5
330-9,330,9,4,1,0,0.44276565313339233,0.5572343468666077,1,0,0.44276565313339233,0.057234346866607666,4,4,4,0.819672131147541,4.285714285714286,nested_oof,0.5
330-10,330,10,4,1,0,0.44276565313339233,0.5572343468666077,1,0,0.44276565313339233,0.057234346866607666,3,3,4,0.775175644028103,3.4988290398126463,nested_oof,0.5
330-11,330,11,4,1,0,0.44276565313339233,0.5572343468666077,1,0,0.44276565313339233,0.057234346866607666,4,3,4,0.7892271662763466,3.782201405152225,nested_oof,0.5
330-12,330,12,4,0,1,0.5572343468666077,0.5572343468666077,1,1,0.5572343468666077,0.057234346866607666,3,3,4,0.8290398126463701,3.6721311475409837,nested_oof,0.5
331-0,331,0,4,0,1,0.957542359828949,0.957542359828949,1,1,0.957542359828949,0.457542359828949,4,4,4,0.810304449648712,4.3629976580796255,nested_oof,0.5
331-1,331,1,4,0,1,0.957542359828949,0.957542359828949,1,1,0.957542359828949,0.457542359828949,3,4,4,0.8126463700234192,4.02576112412178,nested_oof,0.5
331-2,331,2,4,0,1,0.957542359828949,0.957542359828949,1,1,0.957542359828949,0.457542359828949,4,3,4,0.7939110070257611,3.8454332552693207,nested_oof,0.5
331-3,331,3,4,0,1,0.957542359828949,0.957542359828949,1,1,0.957542359828949,0.457542359828949,4,3,4,0.8149882903981265,3.9555035128805622,nested_oof,0.5
331-4,331,4,4,0,1,0.957542359828949,0.957542359828949,1,1,0.957542359828949,0.457542359828949,5,2,3,0.8618266978922717,4.583138173302108,nested_oof,0.5
331-5,331,5,4,0,1,0.957542359828949,0.957542359828949,1,1,0.957542359828949,0.457542359828949,4,2,3,0.7868852459016393,3.962529274004684,nested_oof,0.5
331-6,331,6,4,1,0,0.042457640171051025,0.957542359828949,1,0,0.042457640171051025,0.457542359828949,3,3,2,0.7915690866510539,3.7353629976580796,nested_oof,0.5
331-7,331,7,4,1,0,0.042457640171051025,0.957542359828949,1,0,0.042457640171051025,0.457542359828949,3,3,2,0.8407494145199064,3.540983606557377,nested_oof,0.5
331-8,331,8,4,0,1,0.957542359828949,0.957542359828949,1,1,0.957542359828949,0.457542359828949,3,3,2,0.7985948477751756,2.791569086651054,nested_oof,0.5
331-9,331,9,4,0,1,0.957542359828949,0.957542359828949,1,1,0.957542359828949,0.457542359828949,4,3,4,0.819672131147541,4.285714285714286,nested_oof,0.5
331-10,331,10,4,0,1,0.957542359828949,0.957542359828949,1,1,0.957542359828949,0.457542359828949,3,3,4,0.775175644028103,3.4988290398126463,nested_oof,0.5
331-11,331,11,4,0,1,0.957542359828949,0.957542359828949,1,1,0.957542359828949,0.457542359828949,5,2,4,0.7892271662763466,3.782201405152225,nested_oof,0.5
331-12,331,12,4,1,0,0.042457640171051025,0.957542359828949,1,0,0.042457640171051025,0.457542359828949,4,3,4,0.8290398126463701,3.6721311475409837,nested_oof,0.5
332-0,332,0,3,0,0,0.129432275891304,0.129432275891304,0,0,0.129432275891304,0.370567724108696,3,4,4,0.810304449648712,4.3629976580796255,nested_oof,0.5
332-1,332,1,3,0,0,0.129432275891304,0.129432275891304,0,0,0.129432275891304,0.370567724108696,4,2,4,0.8126463700234192,4.02576112412178,nested_oof,0.5
332-2,332,2,3,0,0,0.129432275891304,0.129432275891304,0,0,0.129432275891304,0.370567724108696,4,2,4,0.7939110070257611,3.8454332552693207,nested_oof,0.5
332-3,332,3,3,0,0,0.129432275891304,0.129432275891304,0,0,0.129432275891304,0.370567724108696,4,2,4,0.8149882903981265,3.9555035128805622,nested_oof,0.5
332-4,332,4,3,0,0,0.129432275891304,0.129432275891304,0,0,0.129432275891304,0.370567724108696,5,2,3,0.8618266978922717,4.583138173302108,nested_oof,0.5
332-5,332,5,3,0,0,0.129432275891304,0.129432275891304,0,0,0.129432275891304,0.370567724108696,4,2,3,0.7868852459016393,3.962529274004684,nested_oof,0.5
332-6,332,6,3,0,0,0.129432275891304,0.129432275891304,0,0,0.129432275891304,0.370567724108696,2,4,2,0.7915690866510539,3.7353629976580796,nested_oof,0.5
332-7,332,7,3,0,0,0.129432275891304,0.129432275891304,0,0,0.129432275891304,0.370567724108696,3,3,2,0.8407494145199064,3.540983606557377,nested_oof,0.5
332-8,332,8,3,0,0,0.129432275891304,0.129432275891304,0,0,0.129432275891304,0.370567724108696,2,3,2,0.7985948477751756,2.791569086651054,nested_oof,0.5
332-9,332,9,3,0,0,0.129432275891304,0.129432275891304,0,0,0.129432275891304,0.370567724108696,4,3,4,0.819672131147541,4.285714285714286,nested_oof,0.5
332-10,332,10,3,0,0,0.129432275891304,0.129432275891304,0,0,0.129432275891304,0.370567724108696,3,3,4,0.775175644028103,3.4988290398126463,nested_oof,0.5
332-11,332,11,3,0,0,0.129432275891304,0.129432275891304,0,0,0.129432275891304,0.370567724108696,5,2,4,0.7892271662763466,3.782201405152225,nested_oof,0.5
332-12,332,12,3,0,0,0.129432275891304,0.129432275891304,0,0,0.129432275891304,0.370567724108696,4,2,4,0.8290398126463701,3.6721311475409837,nested_oof,0.5
333-0,333,0,2,0,1,0.6632492542266846,0.6632492542266846,1,1,0.6632492542266846,0.16324925422668457,4,3,4,0.810304449648712,4.3629976580796255,nested_oof,0.5
333-1,333,1,2,1,0,0.33675074577331543,0.6632492542266846,1,0,0.33675074577331543,0.16324925422668457,4,4,4,0.8126463700234192,4.02576112412178,nested_oof,0.5
333-2,333,2,2,1,0,0.33675074577331543,0.6632492542266846,1,0,0.33675074577331543,0.16324925422668457,3,3,4,0.7939110070257611,3.8454332552693207,nested_oof,0.5
333-3,333,3,2,1,0,0.33675074577331543,0.6632492542266846,1,0,0.33675074577331543,0.16324925422668457,4,3,4,0.8149882903981265,3.9555035128805622,nested_oof,0.5
333-4,333,4,2,1,0,0.33675074577331543,0.6632492542266846,1,0,0.33675074577331543,0.16324925422668457,4,3,3,0.8618266978922717,4.583138173302108,nested_oof,0.5
333-5,333,5,2,0,1,0.6632492542266846,0.6632492542266846,1,1,0.6632492542266846,0.16324925422668457,3,3,3,0.7868852459016393,3.962529274004684,nested_oof,0.5
333-6,333,6,2,0,1,0.6632492542266846,0.6632492542266846,1,1,0.6632492542266846,0.16324925422668457,4,3,2,0.7915690866510539,3.7353629976580796,nested_oof,0.5
333-7,333,7,2,1,0,0.33675074577331543,0.6632492542266846,1,0,0.33675074577331543,0.16324925422668457,3,3,2,0.8407494145199064,3.540983606557377,nested_oof,0.5
333-8,333,8,2,1,0,0.33675074577331543,0.6632492542266846,1,0,0.33675074577331543,0.16324925422668457,2,3,2,0.7985948477751756,2.791569086651054,nested_oof,0.5
333-9,333,9,2,1,0,0.33675074577331543,0.6632492542266846,1,0,0.33675074577331543,0.16324925422668457,5,4,4,0.819672131147541,4.285714285714286,nested_oof,0.5
333-10,333,10,2,0,1,0.6632492542266846,0.6632492542266846,1,1,0.6632492542266846,0.16324925422668457,3,3,4,0.775175644028103,3.4988290398126463,nested_oof,0.5
333-11,333,11,2,1,0,0.33675074577331543,0.6632492542266846,1,0,0.33675074577331543,0.16324925422668457,5,2,4,0.7892271662763466,3.782201405152225,nested_oof,0.5
333-12,333,12,2,1,0,0.33675074577331543,0.6632492542266846,1,0,0.33675074577331543,0.16324925422668457,4,3,4,0.8290398126463701,3.6721311475409837,nested_oof,0.5
334-0,334,0,1,1,0,0.1754050850868225,0.8245949149131775,1,0,0.1754050850868225,0.3245949149131775,4,3,4,0.810304449648712,4.3629976580796255,nested_oof,0.5
334-1,334,1,1,1,0,0.1754050850868225,0.8245949149131775,1,0,0.1754050850868225,0.3245949149131775,4,4,4,0.8126463700234192,4.02576112412178,nested_oof,0.5
334-2,334,2,1,0,1,0.8245949149131775,0.8245949149131775,1,1,0.8245949149131775,0.3245949149131775,4,3,4,0.7939110070257611,3.8454332552693207,nested_oof,0.5
334-3,334,3,1,0,1,0.8245949149131775,0.8245949149131775,1,1,0.8245949149131775,0.3245949149131775,4,3,4,0.8149882903981265,3.9555035128805622,nested_oof,0.5
334-4,334,4,1,1,0,0.1754050850868225,0.8245949149131775,1,0,0.1754050850868225,0.3245949149131775,5,4,3,0.8618266978922717,4.583138173302108,nested_oof,0.5
334-5,334,5,1,1,0,0.1754050850868225,0.8245949149131775,1,0,0.1754050850868225,0.3245949149131775,4,3,3,0.7868852459016393,3.962529274004684,nested_oof,0.5
334-6,334,6,1,1,0,0.1754050850868225,0.8245949149131775,1,0,0.1754050850868225,0.3245949149131775,3,3,2,0.7915690866510539,3.7353629976580796,nested_oof,0.5
334-7,334,7,1,1,0,0.1754050850868225,0.8245949149131775,1,0,0.1754050850868225,0.3245949149131775,3,3,2,0.8407494145199064,3.540983606557377,nested_oof,0.5
334-8,334,8,1,1,0,0.1754050850868225,0.8245949149131775,1,0,0.1754050850868225,0.3245949149131775,3,3,2,0.7985948477751756,2.791569086651054,nested_oof,0.5
334-9,334,9,1,1,0,0.1754050850868225,0.8245949149131775,1,0,0.1754050850868225,0.3245949149131775,5,4,4,0.819672131147541,4.285714285714286,nested_oof,0.5
334-10,334,10,1,1,0,0.1754050850868225,0.8245949149131775,1,0,0.1754050850868225,0.3245949149131775,4,3,4,0.775175644028103,3.4988290398126463,nested_oof,0.5
334-11,334,11,1,1,0,0.1754050850868225,0.8245949149131775,1,0,0.1754050850868225,0.3245949149131775,3,3,4,0.7892271662763466,3.782201405152225,nested_oof,0.5
334-12,334,12,1,1,0,0.1754050850868225,0.8245949149131775,1,0,0.1754050850868225,0.3245949149131775,4,3,4,0.8290398126463701,3.6721311475409837,nested_oof,0.5
335-0,335,0,2,0,0,0.0456619150936603,0.0456619150936603,0,0,0.0456619150936603,0.4543380849063397,4,2,4,0.810304449648712,4.3629976580796255,nested_oof,0.5
335-1,335,1,2,0,0,0.0456619150936603,0.0456619150936603,0,0,0.0456619150936603,0.4543380849063397,4,2,4,0.8126463700234192,4.02576112412178,nested_oof,0.5
335-2,335,2,2,0,0,0.0456619150936603,0.0456619150936603,0,0,0.0456619150936603,0.4543380849063397,4,2,4,0.7939110070257611,3.8454332552693207,nested_oof,0.5
335-3,335,3,2,0,0,0.0456619150936603,0.0456619150936603,0,0,0.0456619150936603,0.4543380849063397,4,1,4,0.8149882903981265,3.9555035128805622,nested_oof,0.5
335-4,335,4,2,0,0,0.0456619150936603,0.0456619150936603,0,0,0.0456619150936603,0.4543380849063397,5,1,3,0.8618266978922717,4.583138173302108,nested_oof,0.5
335-5,335,5,2,1,1,0.9543380849063396,0.0456619150936603,0,1,0.9543380849063396,0.4543380849063397,4,4,3,0.7868852459016393,3.962529274004684,nested_oof,0.5
335-6,335,6,2,0,0,0.0456619150936603,0.0456619150936603,0,0,0.0456619150936603,0.4543380849063397,4,3,2,0.7915690866510539,3.7353629976580796,nested_oof,0.5
335-7,335,7,2,1,1,0.9543380849063396,0.0456619150936603,0,1,0.9543380849063396,0.4543380849063397,3,3,2,0.8407494145199064,3.540983606557377,nested_oof,0.5
335-8,335,8,2,0,0,0.0456619150936603,0.0456619150936603,0,0,0.0456619150936603,0.4543380849063397,3,3,2,0.7985948477751756,2.791569086651054,nested_oof,0.5
335-9,335,9,2,0,0,0.0456619150936603,0.0456619150936603,0,0,0.0456619150936603,0.4543380849063397,4,3,4,0.819672131147541,4.285714285714286,nested_oof,0.5
335-10,335,10,2,0,0,0.0456619150936603,0.0456619150936603,0,0,0.0456619150936603,0.4543380849063397,4,2,4,0.775175644028103,3.4988290398126463,nested_oof,0.5
335-11,335,11,2,0,0,0.0456619150936603,0.0456619150936603,0,0,0.0456619150936603,0.4543380849063397,5,2,4,0.7892271662763466,3.782201405152225,nested_oof,0.5
335-12,335,12,2,0,0,0.0456619150936603,0.0456619150936603,0,0,0.0456619150936603,0.4543380849063397,4,2,4,0.8290398126463701,3.6721311475409837,nested_oof,0.5
336-0,336,0,2,0,0,0.0740895047783851,0.0740895047783851,0,0,0.0740895047783851,0.4259104952216149,4,2,4,0.810304449648712,4.3629976580796255,nested_oof,0.5
336-1,336,1,2,0,0,0.0740895047783851,0.0740895047783851,0,0,0.0740895047783851,0.4259104952216149,4,2,4,0.8126463700234192,4.02576112412178,nested_oof,0.5
336-2,336,2,2,0,0,0.0740895047783851,0.0740895047783851,0,0,0.0740895047783851,0.4259104952216149,4,3,4,0.7939110070257611,3.8454332552693207,nested_oof,0.5
336-3,336,3,2,0,0,0.0740895047783851,0.0740895047783851,0,0,0.0740895047783851,0.4259104952216149,3,3,4,0.8149882903981265,3.9555035128805622,nested_oof,0.5
336-4,336,4,2,0,0,0.0740895047783851,0.0740895047783851,0,0,0.0740895047783851,0.4259104952216149,4,3,3,0.8618266978922717,4.583138173302108,nested_oof,0.5
336-5,336,5,2,0,0,0.0740895047783851,0.0740895047783851,0,0,0.0740895047783851,0.4259104952216149,4,2,3,0.7868852459016393,3.962529274004684,nested_oof,0.5
336-6,336,6,2,0,0,0.0740895047783851,0.0740895047783851,0,0,0.0740895047783851,0.4259104952216149,4,3,2,0.7915690866510539,3.7353629976580796,nested_oof,0.5
336-7,336,7,2,0,0,0.0740895047783851,0.0740895047783851,0,0,0.0740895047783851,0.4259104952216149,3,3,2,0.8407494145199064,3.540983606557377,nested_oof,0.5
336-8,336,8,2,0,0,0.0740895047783851,0.0740895047783851,0,0,0.0740895047783851,0.4259104952216149,3,3,2,0.7985948477751756,2.791569086651054,nested_oof,0.5
336-9,336,9,2,0,0,0.0740895047783851,0.0740895047783851,0,0,0.0740895047783851,0.4259104952216149,5,3,4,0.819672131147541,4.285714285714286,nested_oof,0.5
336-10,336,10,2,0,0,0.0740895047783851,0.0740895047783851,0,0,0.0740895047783851,0.4259104952216149,4,3,4,0.775175644028103,3.4988290398126463,nested_oof,0.5
336-11,336,11,2,0,0,0.0740895047783851,0.0740895047783851,0,0,0.0740895047783851,0.4259104952216149,4,2,4,0.7892271662763466,3.782201405152225,nested_oof,0.5
336-12,336,12,2,0,0,0.0740895047783851,0.0740895047783851,0,0,0.0740895047783851,0.4259104952216149,3,3,4,0.8290398126463701,3.6721311475409837,nested_oof,0.5
337-0,337,0,1,0,0,0.5106421709060669,0.5106421709060669,1,1,0.5106421709060669,0.010642170906066895,4,3,4,0.810304449648712,4.3629976580796255,nested_oof,0.5
337-1,337,1,1,0,0,0.5106421709060669,0.5106421709060669,1,1,0.5106421709060669,0.010642170906066895,4,2,4,0.8126463700234192,4.02576112412178,nested_oof,0.5
337-2,337,2,1,0,0,0.5106421709060669,0.5106421709060669,1,1,0.5106421709060669,0.010642170906066895,5,2,4,0.7939110070257611,3.8454332552693207,nested_oof,0.5
337-3,337,3,1,0,0,0.5106421709060669,0.5106421709060669,1,1,0.5106421709060669,0.010642170906066895,4,3,4,0.8149882903981265,3.9555035128805622,nested_oof,0.5
337-4,337,4,1,0,0,0.5106421709060669,0.5106421709060669,1,1,0.5106421709060669,0.010642170906066895,5,2,3,0.8618266978922717,4.583138173302108,nested_oof,0.5
337-5,337,5,1,0,0,0.5106421709060669,0.5106421709060669,1,1,0.5106421709060669,0.010642170906066895,5,1,3,0.7868852459016393,3.962529274004684,nested_oof,0.5
337-6,337,6,1,0,0,0.5106421709060669,0.5106421709060669,1,1,0.5106421709060669,0.010642170906066895,4,3,2,0.7915690866510539,3.7353629976580796,nested_oof,0.5
337-7,337,7,1,0,0,0.5106421709060669,0.5106421709060669,1,1,0.5106421709060669,0.010642170906066895,3,3,2,0.8407494145199064,3.540983606557377,nested_oof,0.5
337-8,337,8,1,0,0,0.5106421709060669,0.5106421709060669,1,1,0.5106421709060669,0.010642170906066895,3,3,2,0.7985948477751756,2.791569086651054,nested_oof,0.5
337-9,337,9,1,0,0,0.5106421709060669,0.5106421709060669,1,1,0.5106421709060669,0.010642170906066895,5,2,4,0.819672131147541,4.285714285714286,nested_oof,0.5
337-10,337,10,1,0,0,0.5106421709060669,0.5106421709060669,1,1,0.5106421709060669,0.010642170906066895,4,2,4,0.775175644028103,3.4988290398126463,nested_oof,0.5
337-11,337,11,1,0,0,0.5106421709060669,0.5106421709060669,1,1,0.5106421709060669,0.010642170906066895,5,2,4,0.7892271662763466,3.782201405152225,nested_oof,0.5
337-12,337,12,1,0,0,0.5106421709060669,0.5106421709060669,1,1,0.5106421709060669,0.010642170906066895,4,2,4,0.8290398126463701,3.6721311475409837,nested_oof,0.5
338-0,338,0,5,1,0,0.0017653703689576306,0.9982346296310424,1,0,0.0017653703689576306,0.49823462963104237,4,2,4,0.810304449648712,4.3629976580796255,nested_oof,0.5
338-1,338,1,5,1,0,0.0017653703689576306,0.9982346296310424,1,0,0.0017653703689576306,0.49823462963104237,4,3,4,0.8126463700234192,4.02576112412178,nested_oof,0.5
338-2,338,2,5,1,0,0.0017653703689576306,0.9982346296310424,1,0,0.0017653703689576306,0.49823462963104237,4,3,4,0.7939110070257611,3.8454332552693207,nested_oof,0.5
338-3,338,3,5,1,0,0.0017653703689576306,0.9982346296310424,1,0,0.0017653703689576306,0.49823462963104237,4,3,4,0.8149882903981265,3.9555035128805622,nested_oof,0.5
338-4,338,4,5,1,0,0.0017653703689576306,0.9982346296310424,1,0,0.0017653703689576306,0.49823462963104237,5,3,3,0.8618266978922717,4.583138173302108,nested_oof,0.5
338-5,338,5,5,1,0,0.0017653703689576306,0.9982346296310424,1,0,0.0017653703689576306,0.49823462963104237,4,3,3,0.7868852459016393,3.962529274004684,nested_oof,0.5
338-6,338,6,5,1,0,0.0017653703689576306,0.9982346296310424,1,0,0.0017653703689576306,0.49823462963104237,4,3,2,0.7915690866510539,3.7353629976580796,nested_oof,0.5
338-7,338,7,5,1,0,0.0017653703689576306,0.9982346296310424,1,0,0.0017653703689576306,0.49823462963104237,3,3,2,0.8407494145199064,3.540983606557377,nested_oof,0.5
338-8,338,8,5,1,0,0.0017653703689576306,0.9982346296310424,1,0,0.0017653703689576306,0.49823462963104237,3,3,2,0.7985948477751756,2.791569086651054,nested_oof,0.5
338-9,338,9,5,1,0,0.0017653703689576306,0.9982346296310424,1,0,0.0017653703689576306,0.49823462963104237,5,2,4,0.819672131147541,4.285714285714286,nested_oof,0.5
338-10,338,10,5,0,1,0.9982346296310424,0.9982346296310424,1,1,0.9982346296310424,0.49823462963104237,4,2,4,0.775175644028103,3.4988290398126463,nested_oof,0.5
338-11,338,11,5,1,0,0.0017653703689576306,0.9982346296310424,1,0,0.0017653703689576306,0.49823462963104237,5,2,4,0.7892271662763466,3.782201405152225,nested_oof,0.5
338-12,338,12,5,1,0,0.0017653703689576306,0.9982346296310424,1,0,0.0017653703689576306,0.49823462963104237,4,3,4,0.8290398126463701,3.6721311475409837,nested_oof,0.5
339-0,339,0,4,0,1,0.0124599291011691,0.0124599291011691,0,0,0.0124599291011691,0.4875400708988309,4,3,4,0.810304449648712,4.3629976580796255,nested_oof,0.5
339-1,339,1,4,0,1,0.0124599291011691,0.0124599291011691,0,0,0.0124599291011691,0.4875400708988309,4,3,4,0.8126463700234192,4.02576112412178,nested_oof,0.5
339-2,339,2,4,0,1,0.0124599291011691,0.0124599291011691,0,0,0.0124599291011691,0.4875400708988309,4,3,4,0.7939110070257611,3.8454332552693207,nested_oof,0.5
339-3,339,3,4,0,1,0.0124599291011691,0.0124599291011691,0,0,0.0124599291011691,0.4875400708988309,4,2,4,0.8149882903981265,3.9555035128805622,nested_oof,0.5
339-4,339,4,4,0,1,0.0124599291011691,0.0124599291011691,0,0,0.0124599291011691,0.4875400708988309,4,3,3,0.8618266978922717,4.583138173302108,nested_oof,0.5
339-5,339,5,4,0,1,0.0124599291011691,0.0124599291011691,0,0,0.0124599291011691,0.4875400708988309,4,3,3,0.7868852459016393,3.962529274004684,nested_oof,0.5
339-6,339,6,4,0,1,0.0124599291011691,0.0124599291011691,0,0,0.0124599291011691,0.4875400708988309,3,4,2,0.7915690866510539,3.7353629976580796,nested_oof,0.5
339-7,339,7,4,0,1,0.0124599291011691,0.0124599291011691,0,0,0.0124599291011691,0.4875400708988309,3,3,2,0.8407494145199064,3.540983606557377,nested_oof,0.5
339-8,339,8,4,0,1,0.0124599291011691,0.0124599291011691,0,0,0.0124599291011691,0.4875400708988309,2,3,2,0.7985948477751756,2.791569086651054,nested_oof,0.5
339-9,339,9,4,0,1,0.0124599291011691,0.0124599291011691,0,0,0.0124599291011691,0.4875400708988309,5,2,4,0.819672131147541,4.285714285714286,nested_oof,0.5
339-10,339,10,4,0,1,0.0124599291011691,0.0124599291011691,0,0,0.0124599291011691,0.4875400708988309,4,2,4,0.775175644028103,3.4988290398126463,nested_oof,0.5
339-11,339,11,4,0,1,0.0124599291011691,0.0124599291011691,0,0,0.0124599291011691,0.4875400708988309,5,2,4,0.7892271662763466,3.782201405152225,nested_oof,0.5
339-12,339,12,4,0,1,0.0124599291011691,0.0124599291011691,0,0,0.0124599291011691,0.4875400708988309,4,3,4,0.8290398126463701,3.6721311475409837,nested_oof,0.5
340-0,340,0,4,1,0,0.20472949743270874,0.7952705025672913,1,0,0.20472949743270874,0.29527050256729126,4,3,4,0.810304449648712,4.3629976580796255,nested_oof,0.5
340-1,340,1,4,1,0,0.20472949743270874,0.7952705025672913,1,0,0.20472949743270874,0.29527050256729126,3,4,4,0.8126463700234192,4.02576112412178,nested_oof,0.5
340-2,340,2,4,1,0,0.20472949743270874,0.7952705025672913,1,0,0.20472949743270874,0.29527050256729126,4,4,4,0.7939110070257611,3.8454332552693207,nested_oof,0.5
340-3,340,3,4,1,0,0.20472949743270874,0.7952705025672913,1,0,0.20472949743270874,0.29527050256729126,3,3,4,0.8149882903981265,3.9555035128805622,nested_oof,0.5
340-4,340,4,4,1,0,0.20472949743270874,0.7952705025672913,1,0,0.20472949743270874,0.29527050256729126,4,4,3,0.8618266978922717,4.583138173302108,nested_oof,0.5
340-5,340,5,4,1,0,0.20472949743270874,0.7952705025672913,1,0,0.20472949743270874,0.29527050256729126,3,3,3,0.7868852459016393,3.962529274004684,nested_oof,0.5
340-6,340,6,4,1,0,0.20472949743270874,0.7952705025672913,1,0,0.20472949743270874,0.29527050256729126,2,4,2,0.7915690866510539,3.7353629976580796,nested_oof,0.5
340-7,340,7,4,1,0,0.20472949743270874,0.7952705025672913,1,0,0.20472949743270874,0.29527050256729126,3,3,2,0.8407494145199064,3.540983606557377,nested_oof,0.5
340-8,340,8,4,1,0,0.20472949743270874,0.7952705025672913,1,0,0.20472949743270874,0.29527050256729126,2,3,2,0.7985948477751756,2.791569086651054,nested_oof,0.5
340-9,340,9,4,1,0,0.20472949743270874,0.7952705025672913,1,0,0.20472949743270874,0.29527050256729126,4,4,4,0.819672131147541,4.285714285714286,nested_oof,0.5
340-10,340,10,4,1,0,0.20472949743270874,0.7952705025672913,1,0,0.20472949743270874,0.29527050256729126,4,3,4,0.775175644028103,3.4988290398126463,nested_oof,0.5
340-11,340,11,4,1,0,0.20472949743270874,0.7952705025672913,1,0,0.20472949743270874,0.29527050256729126,3,3,4,0.7892271662763466,3.782201405152225,nested_oof,0.5
340-12,340,12,4,0,1,0.7952705025672913,0.7952705025672913,1,1,0.7952705025672913,0.29527050256729126,3,3,4,0.8290398126463701,3.6721311475409837,nested_oof,0.5
341-0,341,0,5,0,1,0.9972660541534424,0.9972660541534424,1,1,0.9972660541534424,0.4972660541534424,4,2,4,0.810304449648712,4.3629976580796255,nested_oof,0.5
341-1,341,1,5,0,1,0.9972660541534424,0.9972660541534424,1,1,0.9972660541534424,0.4972660541534424,4,2,4,0.8126463700234192,4.02576112412178,nested_oof,0.5
341-2,341,2,5,0,1,0.9972660541534424,0.9972660541534424,1,1,0.9972660541534424,0.4972660541534424,4,3,4,0.7939110070257611,3.8454332552693207,nested_oof,0.5
341-3,341,3,5,1,0,0.002733945846557617,0.9972660541534424,1,0,0.002733945846557617,0.4972660541534424,3,3,4,0.8149882903981265,3.9555035128805622,nested_oof,0.5
341-4,341,4,5,0,1,0.9972660541534424,0.9972660541534424,1,1,0.9972660541534424,0.4972660541534424,5,2,3,0.8618266978922717,4.583138173302108,nested_oof,0.5
341-5,341,5,5,0,1,0.9972660541534424,0.9972660541534424,1,1,0.9972660541534424,0.4972660541534424,4,2,3,0.7868852459016393,3.962529274004684,nested_oof,0.5
341-6,341,6,5,0,1,0.9972660541534424,0.9972660541534424,1,1,0.9972660541534424,0.4972660541534424,4,3,2,0.7915690866510539,3.7353629976580796,nested_oof,0.5
341-7,341,7,5,0,1,0.9972660541534424,0.9972660541534424,1,1,0.9972660541534424,0.4972660541534424,3,3,2,0.8407494145199064,3.540983606557377,nested_oof,0.5
341-8,341,8,5,0,1,0.9972660541534424,0.9972660541534424,1,1,0.9972660541534424,0.4972660541534424,3,3,2,0.7985948477751756,2.791569086651054,nested_oof,0.5
341-9,341,9,5,0,1,0.9972660541534424,0.9972660541534424,1,1,0.9972660541534424,0.4972660541534424,5,2,4,0.819672131147541,4.285714285714286,nested_oof,0.5
341-10,341,10,5,1,0,0.002733945846557617,0.9972660541534424,1,0,0.002733945846557617,0.4972660541534424,3,4,4,0.775175644028103,3.4988290398126463,nested_oof,0.5
341-11,341,11,5,0,1,0.9972660541534424,0.9972660541534424,1,1,0.9972660541534424,0.4972660541534424,5,2,4,0.7892271662763466,3.782201405152225,nested_oof,0.5
341-12,341,12,5,0,1,0.9972660541534424,0.9972660541534424,1,1,0.9972660541534424,0.4972660541534424,4,2,4,0.8290398126463701,3.6721311475409837,nested_oof,0.5
342-0,342,0,5,0,0,0.0067279236391186,0.0067279236391186,0,0,0.0067279236391186,0.4932720763608814,4,2,4,0.810304449648712,4.3629976580796255,nested_oof,0.5
342-1,342,1,5,0,0,0.0067279236391186,0.0067279236391186,0,0,0.0067279236391186,0.4932720763608814,4,2,4,0.8126463700234192,4.02576112412178,nested_oof,0.5
342-2,342,2,5,0,0,0.0067279236391186,0.0067279236391186,0,0,0.0067279236391186,0.4932720763608814,4,3,4,0.7939110070257611,3.8454332552693207,nested_oof,0.5
342-3,342,3,5,0,0,0.0067279236391186,0.0067279236391186,0,0,0.0067279236391186,0.4932720763608814,4,3,4,0.8149882903981265,3.9555035128805622,nested_oof,0.5
342-4,342,4,5,0,0,0.0067279236391186,0.0067279236391186,0,0,0.0067279236391186,0.4932720763608814,4,3,3,0.8618266978922717,4.583138173302108,nested_oof,0.5
342-5,342,5,5,0,0,0.0067279236391186,0.0067279236391186,0,0,0.0067279236391186,0.4932720763608814,4,3,3,0.7868852459016393,3.962529274004684,nested_oof,0.5
342-6,342,6,5,0,0,0.0067279236391186,0.0067279236391186,0,0,0.0067279236391186,0.4932720763608814,4,3,2,0.7915690866510539,3.7353629976580796,nested_oof,0.5
342-7,342,7,5,0,0,0.0067279236391186,0.0067279236391186,0,0,0.0067279236391186,0.4932720763608814,3,3,2,0.8407494145199064,3.540983606557377,nested_oof,0.5
342-8,342,8,5,0,0,0.0067279236391186,0.0067279236391186,0,0,0.0067279236391186,0.4932720763608814,3,3,2,0.7985948477751756,2.791569086651054,nested_oof,0.5
342-9,342,9,5,0,0,0.0067279236391186,0.0067279236391186,0,0,0.0067279236391186,0.4932720763608814,4,3,4,0.819672131147541,4.285714285714286,nested_oof,0.5
342-10,342,10,5,0,0,0.0067279236391186,0.0067279236391186,0,0,0.0067279236391186,0.4932720763608814,4,2,4,0.775175644028103,3.4988290398126463,nested_oof,0.5
342-11,342,11,5,1,1,0.9932720763608814,0.0067279236391186,0,1,0.9932720763608814,0.4932720763608814,4,2,4,0.7892271662763466,3.782201405152225,nested_oof,0.5
342-12,342,12,5,1,1,0.9932720763608814,0.0067279236391186,0,1,0.9932720763608814,0.4932720763608814,4,4,4,0.8290398126463701,3.6721311475409837,nested_oof,0.5
343-0,343,0,2,0,0,0.1192842423915863,0.1192842423915863,0,0,0.1192842423915863,0.3807157576084137,4,2,4,0.810304449648712,4.3629976580796255,nested_oof,0.5
343-1,343,1,2,0,0,0.1192842423915863,0.1192842423915863,0,0,0.1192842423915863,0.3807157576084137,4,2,4,0.8126463700234192,4.02576112412178,nested_oof,0.5
343-2,343,2,2,0,0,0.1192842423915863,0.1192842423915863,0,0,0.1192842423915863,0.3807157576084137,4,3,4,0.7939110070257611,3.8454332552693207,nested_oof,0.5
343-3,343,3,2,0,0,0.1192842423915863,0.1192842423915863,0,0,0.1192842423915863,0.3807157576084137,3,3,4,0.8149882903981265,3.9555035128805622,nested_oof,0.5
343-4,343,4,2,0,0,0.1192842423915863,0.1192842423915863,0,0,0.1192842423915863,0.3807157576084137,5,3,3,0.8618266978922717,4.583138173302108,nested_oof,0.5
343-5,343,5,2,0,0,0.1192842423915863,0.1192842423915863,0,0,0.1192842423915863,0.3807157576084137,4,3,3,0.7868852459016393,3.962529274004684,nested_oof,0.5
343-6,343,6,2,0,0,0.1192842423915863,0.1192842423915863,0,0,0.1192842423915863,0.3807157576084137,4,3,2,0.7915690866510539,3.7353629976580796,nested_oof,0.5
343-7,343,7,2,0,0,0.1192842423915863,0.1192842423915863,0,0,0.1192842423915863,0.3807157576084137,3,3,2,0.8407494145199064,3.540983606557377,nested_oof,0.5
343-8,343,8,2,0,0,0.1192842423915863,0.1192842423915863,0,0,0.1192842423915863,0.3807157576084137,2,3,2,0.7985948477751756,2.791569086651054,nested_oof,0.5
343-9,343,9,2,0,0,0.1192842423915863,0.1192842423915863,0,0,0.1192842423915863,0.3807157576084137,5,2,4,0.819672131147541,4.285714285714286,nested_oof,0.5
343-10,343,10,2,0,0,0.1192842423915863,0.1192842423915863,0,0,0.1192842423915863,0.3807157576084137,4,3,4,0.775175644028103,3.4988290398126463,nested_oof,0.5
343-11,343,11,2,1,1,0.8807157576084137,0.1192842423915863,0,1,0.8807157576084137,0.3807157576084137,3,3,4,0.7892271662763466,3.782201405152225,nested_oof,0.5
343-12,343,12,2,0,0,0.1192842423915863,0.1192842423915863,0,0,0.1192842423915863,0.3807157576084137,4,3,4,0.8290398126463701,3.6721311475409837,nested_oof,0.5
344-0,344,0,2,0,0,0.1524071246385574,0.1524071246385574,0,0,0.1524071246385574,0.34759287536144257,4,2,4,0.810304449648712,4.3629976580796255,nested_oof,0.5
344-1,344,1,2,0,0,0.1524071246385574,0.1524071246385574,0,0,0.1524071246385574,0.34759287536144257,4,2,4,0.8126463700234192,4.02576112412178,nested_oof,0.5
344-2,344,2,2,0,0,0.1524071246385574,0.1524071246385574,0,0,0.1524071246385574,0.34759287536144257,4,3,4,0.7939110070257611,3.8454332552693207,nested_oof,0.5
344-3,344,3,2,0,0,0.1524071246385574,0.1524071246385574,0,0,0.1524071246385574,0.34759287536144257,4,2,4,0.8149882903981265,3.9555035128805622,nested_oof,0.5
344-4,344,4,2,0,0,0.1524071246385574,0.1524071246385574,0,0,0.1524071246385574,0.34759287536144257,5,3,3,0.8618266978922717,4.583138173302108,nested_oof,0.5
344-5,344,5,2,0,0,0.1524071246385574,0.1524071246385574,0,0,0.1524071246385574,0.34759287536144257,4,3,3,0.7868852459016393,3.962529274004684,nested_oof,0.5
344-6,344,6,2,0,0,0.1524071246385574,0.1524071246385574,0,0,0.1524071246385574,0.34759287536144257,4,3,2,0.7915690866510539,3.7353629976580796,nested_oof,0.5
344-7,344,7,2,0,0,0.1524071246385574,0.1524071246385574,0,0,0.1524071246385574,0.34759287536144257,3,3,2,0.8407494145199064,3.540983606557377,nested_oof,0.5
344-8,344,8,2,0,0,0.1524071246385574,0.1524071246385574,0,0,0.1524071246385574,0.34759287536144257,3,3,2,0.7985948477751756,2.791569086651054,nested_oof,0.5
344-9,344,9,2,0,0,0.1524071246385574,0.1524071246385574,0,0,0.1524071246385574,0.34759287536144257,5,2,4,0.819672131147541,4.285714285714286,nested_oof,0.5
344-10,344,10,2,0,0,0.1524071246385574,0.1524071246385574,0,0,0.1524071246385574,0.34759287536144257,4,3,4,0.775175644028103,3.4988290398126463,nested_oof,0.5
344-11,344,11,2,0,0,0.1524071246385574,0.1524071246385574,0,0,0.1524071246385574,0.34759287536144257,5,2,4,0.7892271662763466,3.782201405152225,nested_oof,0.5
344-12,344,12,2,0,0,0.1524071246385574,0.1524071246385574,0,0,0.1524071246385574,0.34759287536144257,4,3,4,0.8290398126463701,3.6721311475409837,nested_oof,0.5
345-0,345,0,2,0,0,0.2129760831594467,0.2129760831594467,0,0,0.2129760831594467,0.2870239168405533,4,2,4,0.810304449648712,4.3629976580796255,nested_oof,0.5
345-1,345,1,2,0,0,0.2129760831594467,0.2129760831594467,0,0,0.2129760831594467,0.2870239168405533,4,2,4,0.8126463700234192,4.02576112412178,nested_oof,0.5
345-2,345,2,2,0,0,0.2129760831594467,0.2129760831594467,0,0,0.2129760831594467,0.2870239168405533,4,2,4,0.7939110070257611,3.8454332552693207,nested_oof,0.5
345-3,345,3,2,0,0,0.2129760831594467,0.2129760831594467,0,0,0.2129760831594467,0.2870239168405533,4,3,4,0.8149882903981265,3.9555035128805622,nested_oof,0.5
345-4,345,4,2,0,0,0.2129760831594467,0.2129760831594467,0,0,0.2129760831594467,0.2870239168405533,5,4,3,0.8618266978922717,4.583138173302108,nested_oof,0.5
345-5,345,5,2,0,0,0.2129760831594467,0.2129760831594467,0,0,0.2129760831594467,0.2870239168405533,4,2,3,0.7868852459016393,3.962529274004684,nested_oof,0.5
345-6,345,6,2,0,0,0.2129760831594467,0.2129760831594467,0,0,0.2129760831594467,0.2870239168405533,3,3,2,0.7915690866510539,3.7353629976580796,nested_oof,0.5
345-7,345,7,2,0,0,0.2129760831594467,0.2129760831594467,0,0,0.2129760831594467,0.2870239168405533,3,3,2,0.8407494145199064,3.540983606557377,nested_oof,0.5
345-8,345,8,2,0,0,0.2129760831594467,0.2129760831594467,0,0,0.2129760831594467,0.2870239168405533,3,3,2,0.7985948477751756,2.791569086651054,nested_oof,0.5
345-9,345,9,2,0,0,0.2129760831594467,0.2129760831594467,0,0,0.2129760831594467,0.2870239168405533,5,2,4,0.819672131147541,4.285714285714286,nested_oof,0.5
345-10,345,10,2,0,0,0.2129760831594467,0.2129760831594467,0,0,0.2129760831594467,0.2870239168405533,4,2,4,0.775175644028103,3.4988290398126463,nested_oof,0.5
345-11,345,11,2,0,0,0.2129760831594467,0.2129760831594467,0,0,0.2129760831594467,0.2870239168405533,5,2,4,0.7892271662763466,3.782201405152225,nested_oof,0.5
345-12,345,12,2,0,0,0.2129760831594467,0.2129760831594467,0,0,0.2129760831594467,0.2870239168405533,4,3,4,0.8290398126463701,3.6721311475409837,nested_oof,0.5
346-0,346,0,5,0,0,0.0003740283718798,0.0003740283718798,0,0,0.0003740283718798,0.4996259716281202,5,1,4,0.810304449648712,4.3629976580796255,nested_oof,0.5
346-1,346,1,5,0,0,0.0003740283718798,0.0003740283718798,0,0,0.0003740283718798,0.4996259716281202,4,2,4,0.8126463700234192,4.02576112412178,nested_oof,0.5
346-2,346,2,5,0,0,0.0003740283718798,0.0003740283718798,0,0,0.0003740283718798,0.4996259716281202,4,3,4,0.7939110070257611,3.8454332552693207,nested_oof,0.5
346-3,346,3,5,0,0,0.0003740283718798,0.0003740283718798,0,0,0.0003740283718798,0.4996259716281202,3,3,4,0.8149882903981265,3.9555035128805622,nested_oof,0.5
346-4,346,4,5,0,0,0.0003740283718798,0.0003740283718798,0,0,0.0003740283718798,0.4996259716281202,5,2,3,0.8618266978922717,4.583138173302108,nested_oof,0.5
346-5,346,5,5,0,0,0.0003740283718798,0.0003740283718798,0,0,0.0003740283718798,0.4996259716281202,4,2,3,0.7868852459016393,3.962529274004684,nested_oof,0.5
346-6,346,6,5,0,0,0.0003740283718798,0.0003740283718798,0,0,0.0003740283718798,0.4996259716281202,4,3,2,0.7915690866510539,3.7353629976580796,nested_oof,0.5
346-7,346,7,5,0,0,0.0003740283718798,0.0003740283718798,0,0,0.0003740283718798,0.4996259716281202,3,3,2,0.8407494145199064,3.540983606557377,nested_oof,0.5
346-8,346,8,5,0,0,0.0003740283718798,0.0003740283718798,0,0,0.0003740283718798,0.4996259716281202,3,3,2,0.7985948477751756,2.791569086651054,nested_oof,0.5
346-9,346,9,5,0,0,0.0003740283718798,0.0003740283718798,0,0,0.0003740283718798,0.4996259716281202,5,1,4,0.819672131147541,4.285714285714286,nested_oof,0.5
346-10,346,10,5,1,1,0.9996259716281202,0.0003740283718798,0,1,0.9996259716281202,0.4996259716281202,3,3,4,0.775175644028103,3.4988290398126463,nested_oof,0.5
346-11,346,11,5,0,0,0.0003740283718798,0.0003740283718798,0,0,0.0003740283718798,0.4996259716281202,5,2,4,0.7892271662763466,3.782201405152225,nested_oof,0.5
346-12,346,12,5,0,0,0.0003740283718798,0.0003740283718798,0,0,0.0003740283718798,0.4996259716281202,4,3,4,0.8290398126463701,3.6721311475409837,nested_oof,0.5
347-0,347,0,3,1,1,0.952958818525076,0.047041181474924,0,1,0.952958818525076,0.452958818525076,3,4,4,0.810304449648712,4.3629976580796255,nested_oof,0.5
347-1,347,1,3,0,0,0.047041181474924,0.047041181474924,0,0,0.047041181474924,0.452958818525076,4,3,4,0.8126463700234192,4.02576112412178,nested_oof,0.5
347-2,347,2,3,0,0,0.047041181474924,0.047041181474924,0,0,0.047041181474924,0.452958818525076,4,3,4,0.7939110070257611,3.8454332552693207,nested_oof,0.5
347-3,347,3,3,0,0,0.047041181474924,0.047041181474924,0,0,0.047041181474924,0.452958818525076,3,3,4,0.8149882903981265,3.9555035128805622,nested_oof,0.5
347-4,347,4,3,0,0,0.047041181474924,0.047041181474924,0,0,0.047041181474924,0.452958818525076,5,3,3,0.8618266978922717,4.583138173302108,nested_oof,0.5
347-5,347,5,3,0,0,0.047041181474924,0.047041181474924,0,0,0.047041181474924,0.452958818525076,4,3,3,0.7868852459016393,3.962529274004684,nested_oof,0.5
347-6,347,6,3,0,0,0.047041181474924,0.047041181474924,0,0,0.047041181474924,0.452958818525076,3,4,2,0.7915690866510539,3.7353629976580796,nested_oof,0.5
347-7,347,7,3,0,0,0.047041181474924,0.047041181474924,0,0,0.047041181474924,0.452958818525076,3,3,2,0.8407494145199064,3.540983606557377,nested_oof,0.5
347-8,347,8,3,0,0,0.047041181474924,0.047041181474924,0,0,0.047041181474924,0.452958818525076,2,3,2,0.7985948477751756,2.791569086651054,nested_oof,0.5
347-9,347,9,3,0,0,0.047041181474924,0.047041181474924,0,0,0.047041181474924,0.452958818525076,4,3,4,0.819672131147541,4.285714285714286,nested_oof,0.5
347-10,347,10,3,1,1,0.952958818525076,0.047041181474924,0,1,0.952958818525076,0.452958818525076,3,3,4,0.775175644028103,3.4988290398126463,nested_oof,0.5
347-11,347,11,3,1,1,0.952958818525076,0.047041181474924,0,1,0.952958818525076,0.452958818525076,5,2,4,0.7892271662763466,3.782201405152225,nested_oof,0.5
347-12,347,12,3,0,0,0.047041181474924,0.047041181474924,0,0,0.047041181474924,0.452958818525076,4,3,4,0.8290398126463701,3.6721311475409837,nested_oof,0.5
348-0,348,0,1,1,0,0.453917920589447,0.546082079410553,1,0,0.453917920589447,0.04608207941055298,4,3,4,0.810304449648712,4.3629976580796255,nested_oof,0.5
348-1,348,1,1,1,0,0.453917920589447,0.546082079410553,1,0,0.453917920589447,0.04608207941055298,5,3,4,0.8126463700234192,4.02576112412178,nested_oof,0.5
348-2,348,2,1,1,0,0.453917920589447,0.546082079410553,1,0,0.453917920589447,0.04608207941055298,5,2,4,0.7939110070257611,3.8454332552693207,nested_oof,0.5
348-3,348,3,1,1,0,0.453917920589447,0.546082079410553,1,0,0.453917920589447,0.04608207941055298,3,3,4,0.8149882903981265,3.9555035128805622,nested_oof,0.5
348-4,348,4,1,1,0,0.453917920589447,0.546082079410553,1,0,0.453917920589447,0.04608207941055298,5,2,3,0.8618266978922717,4.583138173302108,nested_oof,0.5
348-5,348,5,1,1,0,0.453917920589447,0.546082079410553,1,0,0.453917920589447,0.04608207941055298,4,2,3,0.7868852459016393,3.962529274004684,nested_oof,0.5
348-6,348,6,1,1,0,0.453917920589447,0.546082079410553,1,0,0.453917920589447,0.04608207941055298,5,3,2,0.7915690866510539,3.7353629976580796,nested_oof,0.5
348-7,348,7,1,1,0,0.453917920589447,0.546082079410553,1,0,0.453917920589447,0.04608207941055298,3,3,2,0.8407494145199064,3.540983606557377,nested_oof,0.5
348-8,348,8,1,1,0,0.453917920589447,0.546082079410553,1,0,0.453917920589447,0.04608207941055298,3,3,2,0.7985948477751756,2.791569086651054,nested_oof,0.5
348-9,348,9,1,1,0,0.453917920589447,0.546082079410553,1,0,0.453917920589447,0.04608207941055298,5,3,4,0.819672131147541,4.285714285714286,nested_oof,0.5
348-10,348,10,1,1,0,0.453917920589447,0.546082079410553,1,0,0.453917920589447,0.04608207941055298,4,2,4,0.775175644028103,3.4988290398126463,nested_oof,0.5
348-11,348,11,1,1,0,0.453917920589447,0.546082079410553,1,0,0.453917920589447,0.04608207941055298,5,2,4,0.7892271662763466,3.782201405152225,nested_oof,0.5
348-12,348,12,1,1,0,0.453917920589447,0.546082079410553,1,0,0.453917920589447,0.04608207941055298,4,2,4,0.8290398126463701,3.6721311475409837,nested_oof,0.5
349-0,349,0,2,1,0,0.03476262092590321,0.9652373790740968,1,0,0.03476262092590321,0.4652373790740968,4,3,4,0.810304449648712,4.3629976580796255,nested_oof,0.5
349-1,349,1,2,1,0,0.03476262092590321,0.9652373790740968,1,0,0.03476262092590321,0.4652373790740968,4,3,4,0.8126463700234192,4.02576112412178,nested_oof,0.5
349-2,349,2,2,0,1,0.9652373790740968,0.9652373790740968,1,1,0.9652373790740968,0.4652373790740968,4,3,4,0.7939110070257611,3.8454332552693207,nested_oof,0.5
349-3,349,3,2,1,0,0.03476262092590321,0.9652373790740968,1,0,0.03476262092590321,0.4652373790740968,4,3,4,0.8149882903981265,3.9555035128805622,nested_oof,0.5
349-4,349,4,2,1,0,0.03476262092590321,0.9652373790740968,1,0,0.03476262092590321,0.4652373790740968,5,3,3,0.8618266978922717,4.583138173302108,nested_oof,0.5
349-5,349,5,2,1,0,0.03476262092590321,0.9652373790740968,1,0,0.03476262092590321,0.4652373790740968,4,3,3,0.7868852459016393,3.962529274004684,nested_oof,0.5
349-6,349,6,2,1,0,0.03476262092590321,0.9652373790740968,1,0,0.03476262092590321,0.4652373790740968,5,3,2,0.7915690866510539,3.7353629976580796,nested_oof,0.5
349-7,349,7,2,1,0,0.03476262092590321,0.9652373790740968,1,0,0.03476262092590321,0.4652373790740968,3,3,2,0.8407494145199064,3.540983606557377,nested_oof,0.5
349-8,349,8,2,1,0,0.03476262092590321,0.9652373790740968,1,0,0.03476262092590321,0.4652373790740968,3,3,2,0.7985948477751756,2.791569086651054,nested_oof,0.5
349-9,349,9,2,1,0,0.03476262092590321,0.9652373790740968,1,0,0.03476262092590321,0.4652373790740968,5,3,4,0.819672131147541,4.285714285714286,nested_oof,0.5
349-10,349,10,2,1,0,0.03476262092590321,0.9652373790740968,1,0,0.03476262092590321,0.4652373790740968,4,2,4,0.775175644028103,3.4988290398126463,nested_oof,0.5
349-11,349,11,2,1,0,0.03476262092590321,0.9652373790740968,1,0,0.03476262092590321,0.4652373790740968,5,2,4,0.7892271662763466,3.782201405152225,nested_oof,0.5
349-12,349,12,2,1,0,0.03476262092590321,0.9652373790740968,1,0,0.03476262092590321,0.4652373790740968,5,3,4,0.8290398126463701,3.6721311475409837,nested_oof,0.5
350-0,350,0,3,1,0,0.3775253891944885,0.6224746108055115,1,0,0.3775253891944885,0.12247461080551147,4,3,4,0.810304449648712,4.3629976580796255,nested_oof,0.5
350-1,350,1,3,1,0,0.3775253891944885,0.6224746108055115,1,0,0.3775253891944885,0.12247461080551147,3,4,4,0.8126463700234192,4.02576112412178,nested_oof,0.5
350-2,350,2,3,1,0,0.3775253891944885,0.6224746108055115,1,0,0.3775253891944885,0.12247461080551147,4,2,4,0.7939110070257611,3.8454332552693207,nested_oof,0.5
350-3,350,3,3,1,0,0.3775253891944885,0.6224746108055115,1,0,0.3775253891944885,0.12247461080551147,2,4,4,0.8149882903981265,3.9555035128805622,nested_oof,0.5
350-4,350,4,3,1,0,0.3775253891944885,0.6224746108055115,1,0,0.3775253891944885,0.12247461080551147,4,4,3,0.8618266978922717,4.583138173302108,nested_oof,0.5
350-5,350,5,3,1,0,0.3775253891944885,0.6224746108055115,1,0,0.3775253891944885,0.12247461080551147,4,3,3,0.7868852459016393,3.962529274004684,nested_oof,0.5
350-6,350,6,3,1,0,0.3775253891944885,0.6224746108055115,1,0,0.3775253891944885,0.12247461080551147,3,4,2,0.7915690866510539,3.7353629976580796,nested_oof,0.5
350-7,350,7,3,1,0,0.3775253891944885,0.6224746108055115,1,0,0.3775253891944885,0.12247461080551147,3,3,2,0.8407494145199064,3.540983606557377,nested_oof,0.5
350-8,350,8,3,1,0,0.3775253891944885,0.6224746108055115,1,0,0.3775253891944885,0.12247461080551147,3,3,2,0.7985948477751756,2.791569086651054,nested_oof,0.5
350-9,350,9,3,1,0,0.3775253891944885,0.6224746108055115,1,0,0.3775253891944885,0.12247461080551147,5,3,4,0.819672131147541,4.285714285714286,nested_oof,0.5
350-10,350,10,3,1,0,0.3775253891944885,0.6224746108055115,1,0,0.3775253891944885,0.12247461080551147,4,3,4,0.775175644028103,3.4988290398126463,nested_oof,0.5
350-11,350,11,3,1,0,0.3775253891944885,0.6224746108055115,1,0,0.3775253891944885,0.12247461080551147,4,3,4,0.7892271662763466,3.782201405152225,nested_oof,0.5
350-12,350,12,3,1,0,0.3775253891944885,0.6224746108055115,1,0,0.3775253891944885,0.12247461080551147,4,4,4,0.8290398126463701,3.6721311475409837,nested_oof,0.5
351-0,351,0,4,0,1,0.4212730824947357,0.4212730824947357,0,0,0.4212730824947357,0.07872691750526428,4,3,4,0.810304449648712,4.3629976580796255,nested_oof,0.5
351-1,351,1,4,1,0,0.5787269175052643,0.4212730824947357,0,1,0.5787269175052643,0.07872691750526428,4,4,4,0.8126463700234192,4.02576112412178,nested_oof,0.5
351-2,351,2,4,0,1,0.4212730824947357,0.4212730824947357,0,0,0.4212730824947357,0.07872691750526428,3,3,4,0.7939110070257611,3.8454332552693207,nested_oof,0.5
351-3,351,3,4,1,0,0.5787269175052643,0.4212730824947357,0,1,0.5787269175052643,0.07872691750526428,2,3,4,0.8149882903981265,3.9555035128805622,nested_oof,0.5
351-4,351,4,4,0,1,0.4212730824947357,0.4212730824947357,0,0,0.4212730824947357,0.07872691750526428,4,2,3,0.8618266978922717,4.583138173302108,nested_oof,0.5
351-5,351,5,4,0,1,0.4212730824947357,0.4212730824947357,0,0,0.4212730824947357,0.07872691750526428,3,3,3,0.7868852459016393,3.962529274004684,nested_oof,0.5
351-6,351,6,4,0,1,0.4212730824947357,0.4212730824947357,0,0,0.4212730824947357,0.07872691750526428,3,4,2,0.7915690866510539,3.7353629976580796,nested_oof,0.5
351-7,351,7,4,0,1,0.4212730824947357,0.4212730824947357,0,0,0.4212730824947357,0.07872691750526428,3,3,2,0.8407494145199064,3.540983606557377,nested_oof,0.5
351-8,351,8,4,0,1,0.4212730824947357,0.4212730824947357,0,0,0.4212730824947357,0.07872691750526428,2,3,2,0.7985948477751756,2.791569086651054,nested_oof,0.5
351-9,351,9,4,0,1,0.4212730824947357,0.4212730824947357,0,0,0.4212730824947357,0.07872691750526428,4,3,4,0.819672131147541,4.285714285714286,nested_oof,0.5
351-10,351,10,4,1,0,0.5787269175052643,0.4212730824947357,0,1,0.5787269175052643,0.07872691750526428,3,3,4,0.775175644028103,3.4988290398126463,nested_oof,0.5
351-11,351,11,4,1,0,0.5787269175052643,0.4212730824947357,0,1,0.5787269175052643,0.07872691750526428,5,2,4,0.7892271662763466,3.782201405152225,nested_oof,0.5
351-12,351,12,4,0,1,0.4212730824947357,0.4212730824947357,0,0,0.4212730824947357,0.07872691750526428,3,3,4,0.8290398126463701,3.6721311475409837,nested_oof,0.5
352-0,352,0,3,0,0,0.1402801871299743,0.1402801871299743,0,0,0.1402801871299743,0.3597198128700257,4,3,4,0.810304449648712,4.3629976580796255,nested_oof,0.5
352-1,352,1,3,0,0,0.1402801871299743,0.1402801871299743,0,0,0.1402801871299743,0.3597198128700257,4,2,4,0.8126463700234192,4.02576112412178,nested_oof,0.5
352-2,352,2,3,0,0,0.1402801871299743,0.1402801871299743,0,0,0.1402801871299743,0.3597198128700257,5,2,4,0.7939110070257611,3.8454332552693207,nested_oof,0.5
352-3,352,3,3,0,0,0.1402801871299743,0.1402801871299743,0,0,0.1402801871299743,0.3597198128700257,3,3,4,0.8149882903981265,3.9555035128805622,nested_oof,0.5
352-4,352,4,3,0,0,0.1402801871299743,0.1402801871299743,0,0,0.1402801871299743,0.3597198128700257,5,1,3,0.8618266978922717,4.583138173302108,nested_oof,0.5
352-5,352,5,3,0,0,0.1402801871299743,0.1402801871299743,0,0,0.1402801871299743,0.3597198128700257,4,2,3,0.7868852459016393,3.962529274004684,nested_oof,0.5
352-6,352,6,3,0,0,0.1402801871299743,0.1402801871299743,0,0,0.1402801871299743,0.3597198128700257,5,3,2,0.7915690866510539,3.7353629976580796,nested_oof,0.5
352-7,352,7,3,0,0,0.1402801871299743,0.1402801871299743,0,0,0.1402801871299743,0.3597198128700257,3,3,2,0.8407494145199064,3.540983606557377,nested_oof,0.5
352-8,352,8,3,0,0,0.1402801871299743,0.1402801871299743,0,0,0.1402801871299743,0.3597198128700257,3,3,2,0.7985948477751756,2.791569086651054,nested_oof,0.5
352-9,352,9,3,0,0,0.1402801871299743,0.1402801871299743,0,0,0.1402801871299743,0.3597198128700257,4,3,4,0.819672131147541,4.285714285714286,nested_oof,0.5
352-10,352,10,3,0,0,0.1402801871299743,0.1402801871299743,0,0,0.1402801871299743,0.3597198128700257,4,2,4,0.775175644028103,3.4988290398126463,nested_oof,0.5
352-11,352,11,3,0,0,0.1402801871299743,0.1402801871299743,0,0,0.1402801871299743,0.3597198128700257,4,3,4,0.7892271662763466,3.782201405152225,nested_oof,0.5
352-12,352,12,3,0,0,0.1402801871299743,0.1402801871299743,0,0,0.1402801871299743,0.3597198128700257,4,3,4,0.8290398126463701,3.6721311475409837,nested_oof,0.5
353-0,353,0,2,1,0,0.2607824206352234,0.7392175793647766,1,0,0.2607824206352234,0.2392175793647766,4,3,4,0.810304449648712,4.3629976580796255,nested_oof,0.5
353-1,353,1,2,1,0,0.2607824206352234,0.7392175793647766,1,0,0.2607824206352234,0.2392175793647766,4,3,4,0.8126463700234192,4.02576112412178,nested_oof,0.5
353-2,353,2,2,1,0,0.2607824206352234,0.7392175793647766,1,0,0.2607824206352234,0.2392175793647766,4,4,4,0.7939110070257611,3.8454332552693207,nested_oof,0.5
353-3,353,3,2,1,0,0.2607824206352234,0.7392175793647766,1,0,0.2607824206352234,0.2392175793647766,2,3,4,0.8149882903981265,3.9555035128805622,nested_oof,0.5
353-4,353,4,2,1,0,0.2607824206352234,0.7392175793647766,1,0,0.2607824206352234,0.2392175793647766,5,3,3,0.8618266978922717,4.583138173302108,nested_oof,0.5
353-5,353,5,2,1,0,0.2607824206352234,0.7392175793647766,1,0,0.2607824206352234,0.2392175793647766,4,3,3,0.7868852459016393,3.962529274004684,nested_oof,0.5
353-6,353,6,2,1,0,0.2607824206352234,0.7392175793647766,1,0,0.2607824206352234,0.2392175793647766,4,4,2,0.7915690866510539,3.7353629976580796,nested_oof,0.5
353-7,353,7,2,1,0,0.2607824206352234,0.7392175793647766,1,0,0.2607824206352234,0.2392175793647766,3,3,2,0.8407494145199064,3.540983606557377,nested_oof,0.5
353-8,353,8,2,0,1,0.7392175793647766,0.7392175793647766,1,1,0.7392175793647766,0.2392175793647766,2,3,2,0.7985948477751756,2.791569086651054,nested_oof,0.5
353-9,353,9,2,1,0,0.2607824206352234,0.7392175793647766,1,0,0.2607824206352234,0.2392175793647766,4,4,4,0.819672131147541,4.285714285714286,nested_oof,0.5
353-10,353,10,2,1,0,0.2607824206352234,0.7392175793647766,1,0,0.2607824206352234,0.2392175793647766,3,3,4,0.775175644028103,3.4988290398126463,nested_oof,0.5
353-11,353,11,2,1,0,0.2607824206352234,0.7392175793647766,1,0,0.2607824206352234,0.2392175793647766,3,3,4,0.7892271662763466,3.782201405152225,nested_oof,0.5
353-12,353,12,2,1,0,0.2607824206352234,0.7392175793647766,1,0,0.2607824206352234,0.2392175793647766,5,3,4,0.8290398126463701,3.6721311475409837,nested_oof,0.5
354-0,354,0,3,1,0,0.2160206437110901,0.7839793562889099,1,0,0.2160206437110901,0.2839793562889099,3,3,4,0.810304449648712,4.3629976580796255,nested_oof,0.5
354-1,354,1,3,1,0,0.2160206437110901,0.7839793562889099,1,0,0.2160206437110901,0.2839793562889099,4,3,4,0.8126463700234192,4.02576112412178,nested_oof,0.5
354-2,354,2,3,1,0,0.2160206437110901,0.7839793562889099,1,0,0.2160206437110901,0.2839793562889099,4,3,4,0.7939110070257611,3.8454332552693207,nested_oof,0.5
354-3,354,3,3,1,0,0.2160206437110901,0.7839793562889099,1,0,0.2160206437110901,0.2839793562889099,3,3,4,0.8149882903981265,3.9555035128805622,nested_oof,0.5
354-4,354,4,3,1,0,0.2160206437110901,0.7839793562889099,1,0,0.2160206437110901,0.2839793562889099,5,2,3,0.8618266978922717,4.583138173302108,nested_oof,0.5
354-5,354,5,3,1,0,0.2160206437110901,0.7839793562889099,1,0,0.2160206437110901,0.2839793562889099,4,3,3,0.7868852459016393,3.962529274004684,nested_oof,0.5
354-6,354,6,3,1,0,0.2160206437110901,0.7839793562889099,1,0,0.2160206437110901,0.2839793562889099,5,3,2,0.7915690866510539,3.7353629976580796,nested_oof,0.5
354-7,354,7,3,1,0,0.2160206437110901,0.7839793562889099,1,0,0.2160206437110901,0.2839793562889099,3,3,2,0.8407494145199064,3.540983606557377,nested_oof,0.5
354-8,354,8,3,1,0,0.2160206437110901,0.7839793562889099,1,0,0.2160206437110901,0.2839793562889099,3,3,2,0.7985948477751756,2.791569086651054,nested_oof,0.5
354-9,354,9,3,1,0,0.2160206437110901,0.7839793562889099,1,0,0.2160206437110901,0.2839793562889099,5,3,4,0.819672131147541,4.285714285714286,nested_oof,0.5
354-10,354,10,3,1,0,0.2160206437110901,0.7839793562889099,1,0,0.2160206437110901,0.2839793562889099,3,3,4,0.775175644028103,3.4988290398126463,nested_oof,0.5
354-11,354,11,3,1,0,0.2160206437110901,0.7839793562889099,1,0,0.2160206437110901,0.2839793562889099,5,2,4,0.7892271662763466,3.782201405152225,nested_oof,0.5
354-12,354,12,3,1,0,0.2160206437110901,0.7839793562889099,1,0,0.2160206437110901,0.2839793562889099,4,2,4,0.8290398126463701,3.6721311475409837,nested_oof,0.5
355-0,355,0,2,0,0,0.1285349875688552,0.1285349875688552,0,0,0.1285349875688552,0.3714650124311448,4,3,4,0.810304449648712,4.3629976580796255,nested_oof,0.5
355-1,355,1,2,0,0,0.1285349875688552,0.1285349875688552,0,0,0.1285349875688552,0.3714650124311448,4,2,4,0.8126463700234192,4.02576112412178,nested_oof,0.5
355-2,355,2,2,0,0,0.1285349875688552,0.1285349875688552,0,0,0.1285349875688552,0.3714650124311448,5,2,4,0.7939110070257611,3.8454332552693207,nested_oof,0.5
355-3,355,3,2,0,0,0.1285349875688552,0.1285349875688552,0,0,0.1285349875688552,0.3714650124311448,3,3,4,0.8149882903981265,3.9555035128805622,nested_oof,0.5
355-4,355,4,2,0,0,0.1285349875688552,0.1285349875688552,0,0,0.1285349875688552,0.3714650124311448,5,3,3,0.8618266978922717,4.583138173302108,nested_oof,0.5
355-5,355,5,2,0,0,0.1285349875688552,0.1285349875688552,0,0,0.1285349875688552,0.3714650124311448,4,2,3,0.7868852459016393,3.962529274004684,nested_oof,0.5
355-6,355,6,2,0,0,0.1285349875688552,0.1285349875688552,0,0,0.1285349875688552,0.3714650124311448,4,3,2,0.7915690866510539,3.7353629976580796,nested_oof,0.5
355-7,355,7,2,1,1,0.8714650124311448,0.1285349875688552,0,1,0.8714650124311448,0.3714650124311448,3,3,2,0.8407494145199064,3.540983606557377,nested_oof,0.5
355-8,355,8,2,0,0,0.1285349875688552,0.1285349875688552,0,0,0.1285349875688552,0.3714650124311448,3,3,2,0.7985948477751756,2.791569086651054,nested_oof,0.5
355-9,355,9,2,0,0,0.1285349875688552,0.1285349875688552,0,0,0.1285349875688552,0.3714650124311448,5,1,4,0.819672131147541,4.285714285714286,nested_oof,0.5
355-10,355,10,2,0,0,0.1285349875688552,0.1285349875688552,0,0,0.1285349875688552,0.3714650124311448,4,3,4,0.775175644028103,3.4988290398126463,nested_oof,0.5
355-11,355,11,2,0,0,0.1285349875688552,0.1285349875688552,0,0,0.1285349875688552,0.3714650124311448,5,2,4,0.7892271662763466,3.782201405152225,nested_oof,0.5
355-12,355,12,2,0,0,0.1285349875688552,0.1285349875688552,0,0,0.1285349875688552,0.3714650124311448,4,2,4,0.8290398126463701,3.6721311475409837,nested_oof,0.5
356-0,356,0,5,1,0,0.2144109606742859,0.7855890393257141,1,0,0.2144109606742859,0.2855890393257141,4,3,4,0.810304449648712,4.3629976580796255,nested_oof,0.5
356-1,356,1,5,1,0,0.2144109606742859,0.7855890393257141,1,0,0.2144109606742859,0.2855890393257141,4,3,4,0.8126463700234192,4.02576112412178,nested_oof,0.5
356-2,356,2,5,0,1,0.7855890393257141,0.7855890393257141,1,1,0.7855890393257141,0.2855890393257141,5,2,4,0.7939110070257611,3.8454332552693207,nested_oof,0.5
356-3,356,3,5,1,0,0.2144109606742859,0.7855890393257141,1,0,0.2144109606742859,0.2855890393257141,3,3,4,0.8149882903981265,3.9555035128805622,nested_oof,0.5
356-4,356,4,5,1,0,0.2144109606742859,0.7855890393257141,1,0,0.2144109606742859,0.2855890393257141,5,3,3,0.8618266978922717,4.583138173302108,nested_oof,0.5
356-5,356,5,5,0,1,0.7855890393257141,0.7855890393257141,1,1,0.7855890393257141,0.2855890393257141,4,2,3,0.7868852459016393,3.962529274004684,nested_oof,0.5
356-6,356,6,5,1,0,0.2144109606742859,0.7855890393257141,1,0,0.2144109606742859,0.2855890393257141,5,3,2,0.7915690866510539,3.7353629976580796,nested_oof,0.5
356-7,356,7,5,1,0,0.2144109606742859,0.7855890393257141,1,0,0.2144109606742859,0.2855890393257141,3,3,2,0.8407494145199064,3.540983606557377,nested_oof,0.5
356-8,356,8,5,1,0,0.2144109606742859,0.7855890393257141,1,0,0.2144109606742859,0.2855890393257141,3,3,2,0.7985948477751756,2.791569086651054,nested_oof,0.5
356-9,356,9,5,1,0,0.2144109606742859,0.7855890393257141,1,0,0.2144109606742859,0.2855890393257141,5,2,4,0.819672131147541,4.285714285714286,nested_oof,0.5
356-10,356,10,5,1,0,0.2144109606742859,0.7855890393257141,1,0,0.2144109606742859,0.2855890393257141,4,3,4,0.775175644028103,3.4988290398126463,nested_oof,0.5
356-11,356,11,5,1,0,0.2144109606742859,0.7855890393257141,1,0,0.2144109606742859,0.2855890393257141,5,2,4,0.7892271662763466,3.782201405152225,nested_oof,0.5
356-12,356,12,5,1,0,0.2144109606742859,0.7855890393257141,1,0,0.2144109606742859,0.2855890393257141,4,2,4,0.8290398126463701,3.6721311475409837,nested_oof,0.5
357-0,357,0,5,0,0,0.4857731163501739,0.4857731163501739,0,0,0.4857731163501739,0.014226883649826105,4,2,4,0.810304449648712,4.3629976580796255,nested_oof,0.5
357-1,357,1,5,0,0,0.4857731163501739,0.4857731163501739,0,0,0.4857731163501739,0.014226883649826105,5,1,4,0.8126463700234192,4.02576112412178,nested_oof,0.5
357-2,357,2,5,0,0,0.4857731163501739,0.4857731163501739,0,0,0.4857731163501739,0.014226883649826105,4,3,4,0.7939110070257611,3.8454332552693207,nested_oof,0.5
357-3,357,3,5,0,0,0.4857731163501739,0.4857731163501739,0,0,0.4857731163501739,0.014226883649826105,3,3,4,0.8149882903981265,3.9555035128805622,nested_oof,0.5
357-4,357,4,5,0,0,0.4857731163501739,0.4857731163501739,0,0,0.4857731163501739,0.014226883649826105,5,2,3,0.8618266978922717,4.583138173302108,nested_oof,0.5
357-5,357,5,5,0,0,0.4857731163501739,0.4857731163501739,0,0,0.4857731163501739,0.014226883649826105,4,2,3,0.7868852459016393,3.962529274004684,nested_oof,0.5
357-6,357,6,5,0,0,0.4857731163501739,0.4857731163501739,0,0,0.4857731163501739,0.014226883649826105,3,3,2,0.7915690866510539,3.7353629976580796,nested_oof,0.5
357-7,357,7,5,0,0,0.4857731163501739,0.4857731163501739,0,0,0.4857731163501739,0.014226883649826105,3,3,2,0.8407494145199064,3.540983606557377,nested_oof,0.5
357-8,357,8,5,0,0,0.4857731163501739,0.4857731163501739,0,0,0.4857731163501739,0.014226883649826105,3,3,2,0.7985948477751756,2.791569086651054,nested_oof,0.5
357-9,357,9,5,0,0,0.4857731163501739,0.4857731163501739,0,0,0.4857731163501739,0.014226883649826105,5,1,4,0.819672131147541,4.285714285714286,nested_oof,0.5
357-10,357,10,5,0,0,0.4857731163501739,0.4857731163501739,0,0,0.4857731163501739,0.014226883649826105,3,3,4,0.775175644028103,3.4988290398126463,nested_oof,0.5
357-11,357,11,5,0,0,0.4857731163501739,0.4857731163501739,0,0,0.4857731163501739,0.014226883649826105,5,2,4,0.7892271662763466,3.782201405152225,nested_oof,0.5
357-12,357,12,5,0,0,0.4857731163501739,0.4857731163501739,0,0,0.4857731163501739,0.014226883649826105,4,2,4,0.8290398126463701,3.6721311475409837,nested_oof,0.5
358-0,358,0,3,1,1,0.9146642833948135,0.0853357166051864,0,1,0.9146642833948135,0.4146642833948136,3,4,4,0.810304449648712,4.3629976580796255,nested_oof,0.5
358-1,358,1,3,0,0,0.0853357166051864,0.0853357166051864,0,0,0.0853357166051864,0.4146642833948136,4,2,4,0.8126463700234192,4.02576112412178,nested_oof,0.5
358-2,358,2,3,0,0,0.0853357166051864,0.0853357166051864,0,0,0.0853357166051864,0.4146642833948136,4,3,4,0.7939110070257611,3.8454332552693207,nested_oof,0.5
358-3,358,3,3,0,0,0.0853357166051864,0.0853357166051864,0,0,0.0853357166051864,0.4146642833948136,4,3,4,0.8149882903981265,3.9555035128805622,nested_oof,0.5
358-4,358,4,3,0,0,0.0853357166051864,0.0853357166051864,0,0,0.0853357166051864,0.4146642833948136,5,3,3,0.8618266978922717,4.583138173302108,nested_oof,0.5
358-5,358,5,3,0,0,0.0853357166051864,0.0853357166051864,0,0,0.0853357166051864,0.4146642833948136,4,2,3,0.7868852459016393,3.962529274004684,nested_oof,0.5
358-6,358,6,3,0,0,0.0853357166051864,0.0853357166051864,0,0,0.0853357166051864,0.4146642833948136,3,4,2,0.7915690866510539,3.7353629976580796,nested_oof,0.5
358-7,358,7,3,0,0,0.0853357166051864,0.0853357166051864,0,0,0.0853357166051864,0.4146642833948136,3,3,2,0.8407494145199064,3.540983606557377,nested_oof,0.5
358-8,358,8,3,0,0,0.0853357166051864,0.0853357166051864,0,0,0.0853357166051864,0.4146642833948136,3,3,2,0.7985948477751756,2.791569086651054,nested_oof,0.5
358-9,358,9,3,0,0,0.0853357166051864,0.0853357166051864,0,0,0.0853357166051864,0.4146642833948136,5,1,4,0.819672131147541,4.285714285714286,nested_oof,0.5
358-10,358,10,3,0,0,0.0853357166051864,0.0853357166051864,0,0,0.0853357166051864,0.4146642833948136,4,2,4,0.775175644028103,3.4988290398126463,nested_oof,0.5
358-11,358,11,3,0,0,0.0853357166051864,0.0853357166051864,0,0,0.0853357166051864,0.4146642833948136,4,3,4,0.7892271662763466,3.782201405152225,nested_oof,0.5
358-12,358,12,3,0,0,0.0853357166051864,0.0853357166051864,0,0,0.0853357166051864,0.4146642833948136,4,3,4,0.8290398126463701,3.6721311475409837,nested_oof,0.5
359-0,359,0,5,1,0,0.009159862995147594,0.9908401370048524,1,0,0.009159862995147594,0.4908401370048524,4,2,4,0.810304449648712,4.3629976580796255,nested_oof,0.5
359-1,359,1,5,1,0,0.009159862995147594,0.9908401370048524,1,0,0.009159862995147594,0.4908401370048524,4,3,4,0.8126463700234192,4.02576112412178,nested_oof,0.5
359-2,359,2,5,1,0,0.009159862995147594,0.9908401370048524,1,0,0.009159862995147594,0.4908401370048524,4,3,4,0.7939110070257611,3.8454332552693207,nested_oof,0.5
359-3,359,3,5,0,1,0.9908401370048524,0.9908401370048524,1,1,0.9908401370048524,0.4908401370048524,3,3,4,0.8149882903981265,3.9555035128805622,nested_oof,0.5
359-4,359,4,5,1,0,0.009159862995147594,0.9908401370048524,1,0,0.009159862995147594,0.4908401370048524,5,2,3,0.8618266978922717,4.583138173302108,nested_oof,0.5
359-5,359,5,5,1,0,0.009159862995147594,0.9908401370048524,1,0,0.009159862995147594,0.4908401370048524,4,3,3,0.7868852459016393,3.962529274004684,nested_oof,0.5
359-6,359,6,5,1,0,0.009159862995147594,0.9908401370048524,1,0,0.009159862995147594,0.4908401370048524,3,4,2,0.7915690866510539,3.7353629976580796,nested_oof,0.5
359-7,359,7,5,1,0,0.009159862995147594,0.9908401370048524,1,0,0.009159862995147594,0.4908401370048524,3,3,2,0.8407494145199064,3.540983606557377,nested_oof,0.5
359-8,359,8,5,1,0,0.009159862995147594,0.9908401370048524,1,0,0.009159862995147594,0.4908401370048524,2,3,2,0.7985948477751756,2.791569086651054,nested_oof,0.5
359-9,359,9,5,1,0,0.009159862995147594,0.9908401370048524,1,0,0.009159862995147594,0.4908401370048524,5,3,4,0.819672131147541,4.285714285714286,nested_oof,0.5
359-10,359,10,5,1,0,0.009159862995147594,0.9908401370048524,1,0,0.009159862995147594,0.4908401370048524,3,3,4,0.775175644028103,3.4988290398126463,nested_oof,0.5
359-11,359,11,5,1,0,0.009159862995147594,0.9908401370048524,1,0,0.009159862995147594,0.4908401370048524,5,2,4,0.7892271662763466,3.782201405152225,nested_oof,0.5
359-12,359,12,5,1,0,0.009159862995147594,0.9908401370048524,1,0,0.009159862995147594,0.4908401370048524,3,3,4,0.8290398126463701,3.6721311475409837,nested_oof,0.5
360-0,360,0,5,0,0,0.522675096988678,0.522675096988678,1,1,0.522675096988678,0.02267509698867798,5,1,4,0.810304449648712,4.3629976580796255,nested_oof,0.5
360-1,360,1,5,0,0,0.522675096988678,0.522675096988678,1,1,0.522675096988678,0.02267509698867798,4,3,4,0.8126463700234192,4.02576112412178,nested_oof,0.5
360-2,360,2,5,0,0,0.522675096988678,0.522675096988678,1,1,0.522675096988678,0.02267509698867798,4,3,4,0.7939110070257611,3.8454332552693207,nested_oof,0.5
360-3,360,3,5,0,0,0.522675096988678,0.522675096988678,1,1,0.522675096988678,0.02267509698867798,4,3,4,0.8149882903981265,3.9555035128805622,nested_oof,0.5
360-4,360,4,5,0,0,0.522675096988678,0.522675096988678,1,1,0.522675096988678,0.02267509698867798,5,2,3,0.8618266978922717,4.583138173302108,nested_oof,0.5
360-5,360,5,5,0,0,0.522675096988678,0.522675096988678,1,1,0.522675096988678,0.02267509698867798,4,2,3,0.7868852459016393,3.962529274004684,nested_oof,0.5
360-6,360,6,5,0,0,0.522675096988678,0.522675096988678,1,1,0.522675096988678,0.02267509698867798,4,4,2,0.7915690866510539,3.7353629976580796,nested_oof,0.5
360-7,360,7,5,0,0,0.522675096988678,0.522675096988678,1,1,0.522675096988678,0.02267509698867798,3,3,2,0.8407494145199064,3.540983606557377,nested_oof,0.5
360-8,360,8,5,0,0,0.522675096988678,0.522675096988678,1,1,0.522675096988678,0.02267509698867798,3,3,2,0.7985948477751756,2.791569086651054,nested_oof,0.5
360-9,360,9,5,0,0,0.522675096988678,0.522675096988678,1,1,0.522675096988678,0.02267509698867798,5,2,4,0.819672131147541,4.285714285714286,nested_oof,0.5
360-10,360,10,5,0,0,0.522675096988678,0.522675096988678,1,1,0.522675096988678,0.02267509698867798,4,2,4,0.775175644028103,3.4988290398126463,nested_oof,0.5
360-11,360,11,5,0,0,0.522675096988678,0.522675096988678,1,1,0.522675096988678,0.02267509698867798,5,2,4,0.7892271662763466,3.782201405152225,nested_oof,0.5
360-12,360,12,5,0,0,0.522675096988678,0.522675096988678,1,1,0.522675096988678,0.02267509698867798,4,2,4,0.8290398126463701,3.6721311475409837,nested_oof,0.5
361-0,361,0,5,0,0,0.0093290051445364,0.0093290051445364,0,0,0.0093290051445364,0.4906709948554636,4,2,4,0.810304449648712,4.3629976580796255,nested_oof,0.5
361-1,361,1,5,0,0,0.0093290051445364,0.0093290051445364,0,0,0.0093290051445364,0.4906709948554636,4,2,4,0.8126463700234192,4.02576112412178,nested_oof,0.5
361-2,361,2,5,0,0,0.0093290051445364,0.0093290051445364,0,0,0.0093290051445364,0.4906709948554636,3,4,4,0.7939110070257611,3.8454332552693207,nested_oof,0.5
361-3,361,3,5,0,0,0.0093290051445364,0.0093290051445364,0,0,0.0093290051445364,0.4906709948554636,4,3,4,0.8149882903981265,3.9555035128805622,nested_oof,0.5
361-4,361,4,5,0,0,0.0093290051445364,0.0093290051445364,0,0,0.0093290051445364,0.4906709948554636,5,2,3,0.8618266978922717,4.583138173302108,nested_oof,0.5
361-5,361,5,5,0,0,0.0093290051445364,0.0093290051445364,0,0,0.0093290051445364,0.4906709948554636,4,2,3,0.7868852459016393,3.962529274004684,nested_oof,0.5
361-6,361,6,5,0,0,0.0093290051445364,0.0093290051445364,0,0,0.0093290051445364,0.4906709948554636,4,3,2,0.7915690866510539,3.7353629976580796,nested_oof,0.5
361-7,361,7,5,0,0,0.0093290051445364,0.0093290051445364,0,0,0.0093290051445364,0.4906709948554636,3,3,2,0.8407494145199064,3.540983606557377,nested_oof,0.5
361-8,361,8,5,0,0,0.0093290051445364,0.0093290051445364,0,0,0.0093290051445364,0.4906709948554636,3,3,2,0.7985948477751756,2.791569086651054,nested_oof,0.5
361-9,361,9,5,0,0,0.0093290051445364,0.0093290051445364,0,0,0.0093290051445364,0.4906709948554636,5,2,4,0.819672131147541,4.285714285714286,nested_oof,0.5
361-10,361,10,5,0,0,0.0093290051445364,0.0093290051445364,0,0,0.0093290051445364,0.4906709948554636,4,3,4,0.775175644028103,3.4988290398126463,nested_oof,0.5
361-11,361,11,5,0,0,0.0093290051445364,0.0093290051445364,0,0,0.0093290051445364,0.4906709948554636,5,2,4,0.7892271662763466,3.782201405152225,nested_oof,0.5
361-12,361,12,5,0,0,0.0093290051445364,0.0093290051445364,0,0,0.0093290051445364,0.4906709948554636,4,2,4,0.8290398126463701,3.6721311475409837,nested_oof,0.5
362-0,362,0,2,1,1,0.9671336151659489,0.0328663848340511,0,1,0.9671336151659489,0.4671336151659489,4,2,4,0.810304449648712,4.3629976580796255,nested_oof,0.5
362-1,362,1,2,1,1,0.9671336151659489,0.0328663848340511,0,1,0.9671336151659489,0.4671336151659489,3,4,4,0.8126463700234192,4.02576112412178,nested_oof,0.5
362-2,362,2,2,1,1,0.9671336151659489,0.0328663848340511,0,1,0.9671336151659489,0.4671336151659489,4,3,4,0.7939110070257611,3.8454332552693207,nested_oof,0.5
362-3,362,3,2,1,1,0.9671336151659489,0.0328663848340511,0,1,0.9671336151659489,0.4671336151659489,3,3,4,0.8149882903981265,3.9555035128805622,nested_oof,0.5
362-4,362,4,2,0,0,0.0328663848340511,0.0328663848340511,0,0,0.0328663848340511,0.4671336151659489,5,3,3,0.8618266978922717,4.583138173302108,nested_oof,0.5
362-5,362,5,2,0,0,0.0328663848340511,0.0328663848340511,0,0,0.0328663848340511,0.4671336151659489,4,2,3,0.7868852459016393,3.962529274004684,nested_oof,0.5
362-6,362,6,2,0,0,0.0328663848340511,0.0328663848340511,0,0,0.0328663848340511,0.4671336151659489,3,4,2,0.7915690866510539,3.7353629976580796,nested_oof,0.5
362-7,362,7,2,1,1,0.9671336151659489,0.0328663848340511,0,1,0.9671336151659489,0.4671336151659489,2,3,2,0.8407494145199064,3.540983606557377,nested_oof,0.5
362-8,362,8,2,1,1,0.9671336151659489,0.0328663848340511,0,1,0.9671336151659489,0.4671336151659489,2,3,2,0.7985948477751756,2.791569086651054,nested_oof,0.5
362-9,362,9,2,1,1,0.9671336151659489,0.0328663848340511,0,1,0.9671336151659489,0.4671336151659489,4,4,4,0.819672131147541,4.285714285714286,nested_oof,0.5
362-10,362,10,2,1,1,0.9671336151659489,0.0328663848340511,0,1,0.9671336151659489,0.4671336151659489,3,3,4,0.775175644028103,3.4988290398126463,nested_oof,0.5
362-11,362,11,2,1,1,0.9671336151659489,0.0328663848340511,0,1,0.9671336151659489,0.4671336151659489,5,3,4,0.7892271662763466,3.782201405152225,nested_oof,0.5
362-12,362,12,2,1,1,0.9671336151659489,0.0328663848340511,0,1,0.9671336151659489,0.4671336151659489,1,3,4,0.8290398126463701,3.6721311475409837,nested_oof,0.5
363-0,363,0,1,0,1,0.9140676259994508,0.9140676259994508,1,1,0.9140676259994508,0.4140676259994508,4,3,4,0.810304449648712,4.3629976580796255,nested_oof,0.5
363-1,363,1,1,0,1,0.9140676259994508,0.9140676259994508,1,1,0.9140676259994508,0.4140676259994508,4,2,4,0.8126463700234192,4.02576112412178,nested_oof,0.5
363-2,363,2,1,0,1,0.9140676259994508,0.9140676259994508,1,1,0.9140676259994508,0.4140676259994508,4,2,4,0.7939110070257611,3.8454332552693207,nested_oof,0.5
363-3,363,3,1,0,1,0.9140676259994508,0.9140676259994508,1,1,0.9140676259994508,0.4140676259994508,4,1,4,0.8149882903981265,3.9555035128805622,nested_oof,0.5
363-4,363,4,1,0,1,0.9140676259994508,0.9140676259994508,1,1,0.9140676259994508,0.4140676259994508,5,2,3,0.8618266978922717,4.583138173302108,nested_oof,0.5
363-5,363,5,1,0,1,0.9140676259994508,0.9140676259994508,1,1,0.9140676259994508,0.4140676259994508,4,3,3,0.7868852459016393,3.962529274004684,nested_oof,0.5
363-6,363,6,1,1,0,0.0859323740005492,0.9140676259994508,1,0,0.0859323740005492,0.4140676259994508,3,4,2,0.7915690866510539,3.7353629976580796,nested_oof,0.5
363-7,363,7,1,0,1,0.9140676259994508,0.9140676259994508,1,1,0.9140676259994508,0.4140676259994508,3,3,2,0.8407494145199064,3.540983606557377,nested_oof,0.5
363-8,363,8,1,0,1,0.9140676259994508,0.9140676259994508,1,1,0.9140676259994508,0.4140676259994508,3,3,2,0.7985948477751756,2.791569086651054,nested_oof,0.5
363-9,363,9,1,0,1,0.9140676259994508,0.9140676259994508,1,1,0.9140676259994508,0.4140676259994508,4,3,4,0.819672131147541,4.285714285714286,nested_oof,0.5
363-10,363,10,1,0,1,0.9140676259994508,0.9140676259994508,1,1,0.9140676259994508,0.4140676259994508,4,2,4,0.775175644028103,3.4988290398126463,nested_oof,0.5
363-11,363,11,1,0,1,0.9140676259994508,0.9140676259994508,1,1,0.9140676259994508,0.4140676259994508,5,2,4,0.7892271662763466,3.782201405152225,nested_oof,0.5
363-12,363,12,1,0,1,0.9140676259994508,0.9140676259994508,1,1,0.9140676259994508,0.4140676259994508,4,3,4,0.8290398126463701,3.6721311475409837,nested_oof,0.5
364-0,364,0,5,0,0,0.9271562099456788,0.9271562099456788,1,1,0.9271562099456788,0.4271562099456788,4,2,4,0.810304449648712,4.3629976580796255,nested_oof,0.5
364-1,364,1,5,0,0,0.9271562099456788,0.9271562099456788,1,1,0.9271562099456788,0.4271562099456788,4,2,4,0.8126463700234192,4.02576112412178,nested_oof,0.5
364-2,364,2,5,0,0,0.9271562099456788,0.9271562099456788,1,1,0.9271562099456788,0.4271562099456788,4,3,4,0.7939110070257611,3.8454332552693207,nested_oof,0.5
364-3,364,3,5,0,0,0.9271562099456788,0.9271562099456788,1,1,0.9271562099456788,0.4271562099456788,4,3,4,0.8149882903981265,3.9555035128805622,nested_oof,0.5
364-4,364,4,5,0,0,0.9271562099456788,0.9271562099456788,1,1,0.9271562099456788,0.4271562099456788,5,1,3,0.8618266978922717,4.583138173302108,nested_oof,0.5
364-5,364,5,5,0,0,0.9271562099456788,0.9271562099456788,1,1,0.9271562099456788,0.4271562099456788,4,2,3,0.7868852459016393,3.962529274004684,nested_oof,0.5
364-6,364,6,5,0,0,0.9271562099456788,0.9271562099456788,1,1,0.9271562099456788,0.4271562099456788,4,3,2,0.7915690866510539,3.7353629976580796,nested_oof,0.5
364-7,364,7,5,1,1,0.07284379005432118,0.9271562099456788,1,0,0.07284379005432118,0.4271562099456788,2,3,2,0.8407494145199064,3.540983606557377,nested_oof,0.5
364-8,364,8,5,0,0,0.9271562099456788,0.9271562099456788,1,1,0.9271562099456788,0.4271562099456788,3,3,2,0.7985948477751756,2.791569086651054,nested_oof,0.5
364-9,364,9,5,0,0,0.9271562099456788,0.9271562099456788,1,1,0.9271562099456788,0.4271562099456788,4,3,4,0.819672131147541,4.285714285714286,nested_oof,0.5
364-10,364,10,5,1,1,0.07284379005432118,0.9271562099456788,1,0,0.07284379005432118,0.4271562099456788,3,4,4,0.775175644028103,3.4988290398126463,nested_oof,0.5
364-11,364,11,5,1,1,0.07284379005432118,0.9271562099456788,1,0,0.07284379005432118,0.4271562099456788,4,3,4,0.7892271662763466,3.782201405152225,nested_oof,0.5
364-12,364,12,5,0,0,0.9271562099456788,0.9271562099456788,1,1,0.9271562099456788,0.4271562099456788,4,2,4,0.8290398126463701,3.6721311475409837,nested_oof,0.5
365-0,365,0,2,0,0,0.7168349623680115,0.7168349623680115,1,1,0.7168349623680115,0.21683496236801147,4,3,4,0.810304449648712,4.3629976580796255,nested_oof,0.5
365-1,365,1,2,0,0,0.7168349623680115,0.7168349623680115,1,1,0.7168349623680115,0.21683496236801147,4,2,4,0.8126463700234192,4.02576112412178,nested_oof,0.5
365-2,365,2,2,1,1,0.2831650376319885,0.7168349623680115,1,0,0.2831650376319885,0.21683496236801147,3,3,4,0.7939110070257611,3.8454332552693207,nested_oof,0.5
365-3,365,3,2,0,0,0.7168349623680115,0.7168349623680115,1,1,0.7168349623680115,0.21683496236801147,4,2,4,0.8149882903981265,3.9555035128805622,nested_oof,0.5
365-4,365,4,2,0,0,0.7168349623680115,0.7168349623680115,1,1,0.7168349623680115,0.21683496236801147,5,2,3,0.8618266978922717,4.583138173302108,nested_oof,0.5
365-5,365,5,2,0,0,0.7168349623680115,0.7168349623680115,1,1,0.7168349623680115,0.21683496236801147,3,3,3,0.7868852459016393,3.962529274004684,nested_oof,0.5
365-6,365,6,2,0,0,0.7168349623680115,0.7168349623680115,1,1,0.7168349623680115,0.21683496236801147,3,4,2,0.7915690866510539,3.7353629976580796,nested_oof,0.5
365-7,365,7,2,1,1,0.2831650376319885,0.7168349623680115,1,0,0.2831650376319885,0.21683496236801147,2,3,2,0.8407494145199064,3.540983606557377,nested_oof,0.5
365-8,365,8,2,0,0,0.7168349623680115,0.7168349623680115,1,1,0.7168349623680115,0.21683496236801147,2,3,2,0.7985948477751756,2.791569086651054,nested_oof,0.5
365-9,365,9,2,0,0,0.7168349623680115,0.7168349623680115,1,1,0.7168349623680115,0.21683496236801147,4,4,4,0.819672131147541,4.285714285714286,nested_oof,0.5
365-10,365,10,2,0,0,0.7168349623680115,0.7168349623680115,1,1,0.7168349623680115,0.21683496236801147,4,3,4,0.775175644028103,3.4988290398126463,nested_oof,0.5
365-11,365,11,2,0,0,0.7168349623680115,0.7168349623680115,1,1,0.7168349623680115,0.21683496236801147,4,2,4,0.7892271662763466,3.782201405152225,nested_oof,0.5
365-12,365,12,2,0,0,0.7168349623680115,0.7168349623680115,1,1,0.7168349623680115,0.21683496236801147,3,3,4,0.8290398126463701,3.6721311475409837,nested_oof,0.5
366-0,366,0,3,0,1,0.3815105557441711,0.3815105557441711,0,0,0.3815105557441711,0.11848944425582891,4,3,4,0.810304449648712,4.3629976580796255,nested_oof,0.5
366-1,366,1,3,1,0,0.6184894442558289,0.3815105557441711,0,1,0.6184894442558289,0.11848944425582891,4,3,4,0.8126463700234192,4.02576112412178,nested_oof,0.5
366-2,366,2,3,1,0,0.6184894442558289,0.3815105557441711,0,1,0.6184894442558289,0.11848944425582891,5,3,4,0.7939110070257611,3.8454332552693207,nested_oof,0.5
366-3,366,3,3,0,1,0.3815105557441711,0.3815105557441711,0,0,0.3815105557441711,0.11848944425582891,4,2,4,0.8149882903981265,3.9555035128805622,nested_oof,0.5
366-4,366,4,3,1,0,0.6184894442558289,0.3815105557441711,0,1,0.6184894442558289,0.11848944425582891,5,2,3,0.8618266978922717,4.583138173302108,nested_oof,0.5
366-5,366,5,3,1,0,0.6184894442558289,0.3815105557441711,0,1,0.6184894442558289,0.11848944425582891,4,3,3,0.7868852459016393,3.962529274004684,nested_oof,0.5
366-6,366,6,3,1,0,0.6184894442558289,0.3815105557441711,0,1,0.6184894442558289,0.11848944425582891,3,4,2,0.7915690866510539,3.7353629976580796,nested_oof,0.5
366-7,366,7,3,1,0,0.6184894442558289,0.3815105557441711,0,1,0.6184894442558289,0.11848944425582891,3,3,2,0.8407494145199064,3.540983606557377,nested_oof,0.5
366-8,366,8,3,1,0,0.6184894442558289,0.3815105557441711,0,1,0.6184894442558289,0.11848944425582891,3,3,2,0.7985948477751756,2.791569086651054,nested_oof,0.5
366-9,366,9,3,1,0,0.6184894442558289,0.3815105557441711,0,1,0.6184894442558289,0.11848944425582891,4,3,4,0.819672131147541,4.285714285714286,nested_oof,0.5
366-10,366,10,3,1,0,0.6184894442558289,0.3815105557441711,0,1,0.6184894442558289,0.11848944425582891,4,2,4,0.775175644028103,3.4988290398126463,nested_oof,0.5
366-11,366,11,3,1,0,0.6184894442558289,0.3815105557441711,0,1,0.6184894442558289,0.11848944425582891,5,2,4,0.7892271662763466,3.782201405152225,nested_oof,0.5
366-12,366,12,3,1,0,0.6184894442558289,0.3815105557441711,0,1,0.6184894442558289,0.11848944425582891,5,2,4,0.8290398126463701,3.6721311475409837,nested_oof,0.5
367-0,367,0,3,0,1,0.4644578099250793,0.4644578099250793,0,0,0.4644578099250793,0.03554219007492071,4,2,4,0.810304449648712,4.3629976580796255,nested_oof,0.5
367-1,367,1,3,1,0,0.5355421900749207,0.4644578099250793,0,1,0.5355421900749207,0.03554219007492071,3,4,4,0.8126463700234192,4.02576112412178,nested_oof,0.5
367-2,367,2,3,1,0,0.5355421900749207,0.4644578099250793,0,1,0.5355421900749207,0.03554219007492071,4,3,4,0.7939110070257611,3.8454332552693207,nested_oof,0.5
367-3,367,3,3,1,0,0.5355421900749207,0.4644578099250793,0,1,0.5355421900749207,0.03554219007492071,4,3,4,0.8149882903981265,3.9555035128805622,nested_oof,0.5
367-4,367,4,3,1,0,0.5355421900749207,0.4644578099250793,0,1,0.5355421900749207,0.03554219007492071,4,4,3,0.8618266978922717,4.583138173302108,nested_oof,0.5
367-5,367,5,3,0,1,0.4644578099250793,0.4644578099250793,0,0,0.4644578099250793,0.03554219007492071,4,3,3,0.7868852459016393,3.962529274004684,nested_oof,0.5
367-6,367,6,3,0,1,0.4644578099250793,0.4644578099250793,0,0,0.4644578099250793,0.03554219007492071,4,3,2,0.7915690866510539,3.7353629976580796,nested_oof,0.5
367-7,367,7,3,1,0,0.5355421900749207,0.4644578099250793,0,1,0.5355421900749207,0.03554219007492071,2,3,2,0.8407494145199064,3.540983606557377,nested_oof,0.5
367-8,367,8,3,0,1,0.4644578099250793,0.4644578099250793,0,0,0.4644578099250793,0.03554219007492071,2,3,2,0.7985948477751756,2.791569086651054,nested_oof,0.5
367-9,367,9,3,0,1,0.4644578099250793,0.4644578099250793,0,0,0.4644578099250793,0.03554219007492071,4,4,4,0.819672131147541,4.285714285714286,nested_oof,0.5
367-10,367,10,3,1,0,0.5355421900749207,0.4644578099250793,0,1,0.5355421900749207,0.03554219007492071,3,3,4,0.775175644028103,3.4988290398126463,nested_oof,0.5
367-11,367,11,3,1,0,0.5355421900749207,0.4644578099250793,0,1,0.5355421900749207,0.03554219007492071,5,2,4,0.7892271662763466,3.782201405152225,nested_oof,0.5
367-12,367,12,3,1,0,0.5355421900749207,0.4644578099250793,0,1,0.5355421900749207,0.03554219007492071,2,3,4,0.8290398126463701,3.6721311475409837,nested_oof,0.5
368-0,368,0,2,1,1,0.07285499572753917,0.9271450042724608,1,0,0.07285499572753917,0.4271450042724608,4,2,4,0.810304449648712,4.3629976580796255,nested_oof,0.5
368-1,368,1,2,1,1,0.07285499572753917,0.9271450042724608,1,0,0.07285499572753917,0.4271450042724608,4,3,4,0.8126463700234192,4.02576112412178,nested_oof,0.5
368-2,368,2,2,1,1,0.07285499572753917,0.9271450042724608,1,0,0.07285499572753917,0.4271450042724608,4,3,4,0.7939110070257611,3.8454332552693207,nested_oof,0.5
368-3,368,3,2,1,1,0.07285499572753917,0.9271450042724608,1,0,0.07285499572753917,0.4271450042724608,4,3,4,0.8149882903981265,3.9555035128805622,nested_oof,0.5
368-4,368,4,2,1,1,0.07285499572753917,0.9271450042724608,1,0,0.07285499572753917,0.4271450042724608,5,3,3,0.8618266978922717,4.583138173302108,nested_oof,0.5
368-5,368,5,2,1,1,0.07285499572753917,0.9271450042724608,1,0,0.07285499572753917,0.4271450042724608,4,3,3,0.7868852459016393,3.962529274004684,nested_oof,0.5
368-6,368,6,2,1,1,0.07285499572753917,0.9271450042724608,1,0,0.07285499572753917,0.4271450042724608,5,3,2,0.7915690866510539,3.7353629976580796,nested_oof,0.5
368-7,368,7,2,1,1,0.07285499572753917,0.9271450042724608,1,0,0.07285499572753917,0.4271450042724608,3,3,2,0.8407494145199064,3.540983606557377,nested_oof,0.5
368-8,368,8,2,1,1,0.07285499572753917,0.9271450042724608,1,0,0.07285499572753917,0.4271450042724608,3,3,2,0.7985948477751756,2.791569086651054,nested_oof,0.5
368-9,368,9,2,1,1,0.07285499572753917,0.9271450042724608,1,0,0.07285499572753917,0.4271450042724608,5,3,4,0.819672131147541,4.285714285714286,nested_oof,0.5
368-10,368,10,2,1,1,0.07285499572753917,0.9271450042724608,1,0,0.07285499572753917,0.4271450042724608,4,2,4,0.775175644028103,3.4988290398126463,nested_oof,0.5
368-11,368,11,2,1,1,0.07285499572753917,0.9271450042724608,1,0,0.07285499572753917,0.4271450042724608,5,2,4,0.7892271662763466,3.782201405152225,nested_oof,0.5
368-12,368,12,2,1,1,0.07285499572753917,0.9271450042724608,1,0,0.07285499572753917,0.4271450042724608,5,3,4,0.8290398126463701,3.6721311475409837,nested_oof,0.5
369-0,369,0,5,1,0,0.814827561378479,0.185172438621521,0,1,0.814827561378479,0.314827561378479,4,2,4,0.810304449648712,4.3629976580796255,nested_oof,0.5
369-1,369,1,5,1,0,0.814827561378479,0.185172438621521,0,1,0.814827561378479,0.314827561378479,4,4,4,0.8126463700234192,4.02576112412178,nested_oof,0.5
369-2,369,2,5,1,0,0.814827561378479,0.185172438621521,0,1,0.814827561378479,0.314827561378479,4,3,4,0.7939110070257611,3.8454332552693207,nested_oof,0.5
369-3,369,3,5,1,0,0.814827561378479,0.185172438621521,0,1,0.814827561378479,0.314827561378479,4,3,4,0.8149882903981265,3.9555035128805622,nested_oof,0.5
369-4,369,4,5,1,0,0.814827561378479,0.185172438621521,0,1,0.814827561378479,0.314827561378479,4,4,3,0.8618266978922717,4.583138173302108,nested_oof,0.5
369-5,369,5,5,1,0,0.814827561378479,0.185172438621521,0,1,0.814827561378479,0.314827561378479,4,3,3,0.7868852459016393,3.962529274004684,nested_oof,0.5
369-6,369,6,5,1,0,0.814827561378479,0.185172438621521,0,1,0.814827561378479,0.314827561378479,4,4,2,0.7915690866510539,3.7353629976580796,nested_oof,0.5
369-7,369,7,5,1,0,0.814827561378479,0.185172438621521,0,1,0.814827561378479,0.314827561378479,3,3,2,0.8407494145199064,3.540983606557377,nested_oof,0.5
369-8,369,8,5,1,0,0.814827561378479,0.185172438621521,0,1,0.814827561378479,0.314827561378479,3,3,2,0.7985948477751756,2.791569086651054,nested_oof,0.5
369-9,369,9,5,1,0,0.814827561378479,0.185172438621521,0,1,0.814827561378479,0.314827561378479,4,3,4,0.819672131147541,4.285714285714286,nested_oof,0.5
369-10,369,10,5,1,0,0.814827561378479,0.185172438621521,0,1,0.814827561378479,0.314827561378479,3,3,4,0.775175644028103,3.4988290398126463,nested_oof,0.5
369-11,369,11,5,1,0,0.814827561378479,0.185172438621521,0,1,0.814827561378479,0.314827561378479,5,2,4,0.7892271662763466,3.782201405152225,nested_oof,0.5
369-12,369,12,5,1,0,0.814827561378479,0.185172438621521,0,1,0.814827561378479,0.314827561378479,4,3,4,0.8290398126463701,3.6721311475409837,nested_oof,0.5
370-0,370,0,2,1,0,0.2314985990524292,0.7685014009475708,1,0,0.2314985990524292,0.2685014009475708,4,2,4,0.810304449648712,4.3629976580796255,nested_oof,0.5
370-1,370,1,2,1,0,0.2314985990524292,0.7685014009475708,1,0,0.2314985990524292,0.2685014009475708,4,3,4,0.8126463700234192,4.02576112412178,nested_oof,0.5
370-2,370,2,2,1,0,0.2314985990524292,0.7685014009475708,1,0,0.2314985990524292,0.2685014009475708,4,4,4,0.7939110070257611,3.8454332552693207,nested_oof,0.5
370-3,370,3,2,0,1,0.7685014009475708,0.7685014009475708,1,1,0.7685014009475708,0.2685014009475708,3,3,4,0.8149882903981265,3.9555035128805622,nested_oof,0.5
370-4,370,4,2,1,0,0.2314985990524292,0.7685014009475708,1,0,0.2314985990524292,0.2685014009475708,5,2,3,0.8618266978922717,4.583138173302108,nested_oof,0.5
370-5,370,5,2,1,0,0.2314985990524292,0.7685014009475708,1,0,0.2314985990524292,0.2685014009475708,3,2,3,0.7868852459016393,3.962529274004684,nested_oof,0.5
370-6,370,6,2,1,0,0.2314985990524292,0.7685014009475708,1,0,0.2314985990524292,0.2685014009475708,3,4,2,0.7915690866510539,3.7353629976580796,nested_oof,0.5
370-7,370,7,2,1,0,0.2314985990524292,0.7685014009475708,1,0,0.2314985990524292,0.2685014009475708,3,3,2,0.8407494145199064,3.540983606557377,nested_oof,0.5
370-8,370,8,2,1,0,0.2314985990524292,0.7685014009475708,1,0,0.2314985990524292,0.2685014009475708,3,3,2,0.7985948477751756,2.791569086651054,nested_oof,0.5
370-9,370,9,2,1,0,0.2314985990524292,0.7685014009475708,1,0,0.2314985990524292,0.2685014009475708,5,3,4,0.819672131147541,4.285714285714286,nested_oof,0.5
370-10,370,10,2,1,0,0.2314985990524292,0.7685014009475708,1,0,0.2314985990524292,0.2685014009475708,3,3,4,0.775175644028103,3.4988290398126463,nested_oof,0.5
370-11,370,11,2,1,0,0.2314985990524292,0.7685014009475708,1,0,0.2314985990524292,0.2685014009475708,5,2,4,0.7892271662763466,3.782201405152225,nested_oof,0.5
370-12,370,12,2,1,0,0.2314985990524292,0.7685014009475708,1,0,0.2314985990524292,0.2685014009475708,4,3,4,0.8290398126463701,3.6721311475409837,nested_oof,0.5
371-0,371,0,2,1,0,0.4141083359718323,0.5858916640281677,1,0,0.4141083359718323,0.08589166402816772,5,1,4,0.810304449648712,4.3629976580796255,nested_oof,0.5
371-1,371,1,2,1,0,0.4141083359718323,0.5858916640281677,1,0,0.4141083359718323,0.08589166402816772,5,3,4,0.8126463700234192,4.02576112412178,nested_oof,0.5
371-2,371,2,2,1,0,0.4141083359718323,0.5858916640281677,1,0,0.4141083359718323,0.08589166402816772,3,3,4,0.7939110070257611,3.8454332552693207,nested_oof,0.5
371-3,371,3,2,1,0,0.4141083359718323,0.5858916640281677,1,0,0.4141083359718323,0.08589166402816772,4,3,4,0.8149882903981265,3.9555035128805622,nested_oof,0.5
371-4,371,4,2,1,0,0.4141083359718323,0.5858916640281677,1,0,0.4141083359718323,0.08589166402816772,4,3,3,0.8618266978922717,4.583138173302108,nested_oof,0.5
371-5,371,5,2,0,1,0.5858916640281677,0.5858916640281677,1,1,0.5858916640281677,0.08589166402816772,3,2,3,0.7868852459016393,3.962529274004684,nested_oof,0.5
371-6,371,6,2,1,0,0.4141083359718323,0.5858916640281677,1,0,0.4141083359718323,0.08589166402816772,4,4,2,0.7915690866510539,3.7353629976580796,nested_oof,0.5
371-7,371,7,2,1,0,0.4141083359718323,0.5858916640281677,1,0,0.4141083359718323,0.08589166402816772,2,3,2,0.8407494145199064,3.540983606557377,nested_oof,0.5
371-8,371,8,2,1,0,0.4141083359718323,0.5858916640281677,1,0,0.4141083359718323,0.08589166402816772,2,3,2,0.7985948477751756,2.791569086651054,nested_oof,0.5
371-9,371,9,2,1,0,0.4141083359718323,0.5858916640281677,1,0,0.4141083359718323,0.08589166402816772,4,3,4,0.819672131147541,4.285714285714286,nested_oof,0.5
371-10,371,10,2,1,0,0.4141083359718323,0.5858916640281677,1,0,0.4141083359718323,0.08589166402816772,3,3,4,0.775175644028103,3.4988290398126463,nested_oof,0.5
371-11,371,11,2,1,0,0.4141083359718323,0.5858916640281677,1,0,0.4141083359718323,0.08589166402816772,5,2,4,0.7892271662763466,3.782201405152225,nested_oof,0.5
371-12,371,12,2,1,0,0.4141083359718323,0.5858916640281677,1,0,0.4141083359718323,0.08589166402816772,5,3,4,0.8290398126463701,3.6721311475409837,nested_oof,0.5
372-0,372,0,5,0,0,0.082093745470047,0.082093745470047,0,0,0.082093745470047,0.417906254529953,5,1,4,0.810304449648712,4.3629976580796255,nested_oof,0.5
372-1,372,1,5,0,0,0.082093745470047,0.082093745470047,0,0,0.082093745470047,0.417906254529953,4,2,4,0.8126463700234192,4.02576112412178,nested_oof,0.5
372-2,372,2,5,0,0,0.082093745470047,0.082093745470047,0,0,0.082093745470047,0.417906254529953,5,2,4,0.7939110070257611,3.8454332552693207,nested_oof,0.5
372-3,372,3,5,0,0,0.082093745470047,0.082093745470047,0,0,0.082093745470047,0.417906254529953,5,1,4,0.8149882903981265,3.9555035128805622,nested_oof,0.5
372-4,372,4,5,0,0,0.082093745470047,0.082093745470047,0,0,0.082093745470047,0.417906254529953,5,2,3,0.8618266978922717,4.583138173302108,nested_oof,0.5
372-5,372,5,5,0,0,0.082093745470047,0.082093745470047,0,0,0.082093745470047,0.417906254529953,5,2,3,0.7868852459016393,3.962529274004684,nested_oof,0.5
372-6,372,6,5,0,0,0.082093745470047,0.082093745470047,0,0,0.082093745470047,0.417906254529953,4,3,2,0.7915690866510539,3.7353629976580796,nested_oof,0.5
372-7,372,7,5,0,0,0.082093745470047,0.082093745470047,0,0,0.082093745470047,0.417906254529953,3,3,2,0.8407494145199064,3.540983606557377,nested_oof,0.5
372-8,372,8,5,0,0,0.082093745470047,0.082093745470047,0,0,0.082093745470047,0.417906254529953,3,3,2,0.7985948477751756,2.791569086651054,nested_oof,0.5
372-9,372,9,5,0,0,0.082093745470047,0.082093745470047,0,0,0.082093745470047,0.417906254529953,4,3,4,0.819672131147541,4.285714285714286,nested_oof,0.5
372-10,372,10,5,0,0,0.082093745470047,0.082093745470047,0,0,0.082093745470047,0.417906254529953,4,2,4,0.775175644028103,3.4988290398126463,nested_oof,0.5
372-11,372,11,5,0,0,0.082093745470047,0.082093745470047,0,0,0.082093745470047,0.417906254529953,5,2,4,0.7892271662763466,3.782201405152225,nested_oof,0.5
372-12,372,12,5,0,0,0.082093745470047,0.082093745470047,0,0,0.082093745470047,0.417906254529953,4,2,4,0.8290398126463701,3.6721311475409837,nested_oof,0.5
373-0,373,0,3,0,0,0.0896324142813682,0.0896324142813682,0,0,0.0896324142813682,0.4103675857186318,4,2,4,0.810304449648712,4.3629976580796255,nested_oof,0.5
373-1,373,1,3,0,0,0.0896324142813682,0.0896324142813682,0,0,0.0896324142813682,0.4103675857186318,5,2,4,0.8126463700234192,4.02576112412178,nested_oof,0.5
373-2,373,2,3,1,1,0.9103675857186317,0.0896324142813682,0,1,0.9103675857186317,0.4103675857186318,4,3,4,0.7939110070257611,3.8454332552693207,nested_oof,0.5
373-3,373,3,3,0,0,0.0896324142813682,0.0896324142813682,0,0,0.0896324142813682,0.4103675857186318,3,3,4,0.8149882903981265,3.9555035128805622,nested_oof,0.5
373-4,373,4,3,0,0,0.0896324142813682,0.0896324142813682,0,0,0.0896324142813682,0.4103675857186318,5,2,3,0.8618266978922717,4.583138173302108,nested_oof,0.5
373-5,373,5,3,0,0,0.0896324142813682,0.0896324142813682,0,0,0.0896324142813682,0.4103675857186318,5,2,3,0.7868852459016393,3.962529274004684,nested_oof,0.5
373-6,373,6,3,0,0,0.0896324142813682,0.0896324142813682,0,0,0.0896324142813682,0.4103675857186318,4,3,2,0.7915690866510539,3.7353629976580796,nested_oof,0.5
373-7,373,7,3,0,0,0.0896324142813682,0.0896324142813682,0,0,0.0896324142813682,0.4103675857186318,3,3,2,0.8407494145199064,3.540983606557377,nested_oof,0.5
373-8,373,8,3,0,0,0.0896324142813682,0.0896324142813682,0,0,0.0896324142813682,0.4103675857186318,3,3,2,0.7985948477751756,2.791569086651054,nested_oof,0.5
373-9,373,9,3,0,0,0.0896324142813682,0.0896324142813682,0,0,0.0896324142813682,0.4103675857186318,4,3,4,0.819672131147541,4.285714285714286,nested_oof,0.5
373-10,373,10,3,1,1,0.9103675857186317,0.0896324142813682,0,1,0.9103675857186317,0.4103675857186318,3,3,4,0.775175644028103,3.4988290398126463,nested_oof,0.5
373-11,373,11,3,0,0,0.0896324142813682,0.0896324142813682,0,0,0.0896324142813682,0.4103675857186318,5,2,4,0.7892271662763466,3.782201405152225,nested_oof,0.5
373-12,373,12,3,0,0,0.0896324142813682,0.0896324142813682,0,0,0.0896324142813682,0.4103675857186318,4,3,4,0.8290398126463701,3.6721311475409837,nested_oof,0.5
374-0,374,0,1,0,0,0.1665621548891067,0.1665621548891067,0,0,0.1665621548891067,0.3334378451108933,4,1,4,0.810304449648712,4.3629976580796255,nested_oof,0.5
374-1,374,1,1,0,0,0.1665621548891067,0.1665621548891067,0,0,0.1665621548891067,0.3334378451108933,4,3,4,0.8126463700234192,4.02576112412178,nested_oof,0.5
374-2,374,2,1,1,1,0.8334378451108932,0.1665621548891067,0,1,0.8334378451108932,0.3334378451108933,3,3,4,0.7939110070257611,3.8454332552693207,nested_oof,0.5
374-3,374,3,1,0,0,0.1665621548891067,0.1665621548891067,0,0,0.1665621548891067,0.3334378451108933,2,3,4,0.8149882903981265,3.9555035128805622,nested_oof,0.5
374-4,374,4,1,1,1,0.8334378451108932,0.1665621548891067,0,1,0.8334378451108932,0.3334378451108933,5,2,3,0.8618266978922717,4.583138173302108,nested_oof,0.5
374-5,374,5,1,0,0,0.1665621548891067,0.1665621548891067,0,0,0.1665621548891067,0.3334378451108933,4,3,3,0.7868852459016393,3.962529274004684,nested_oof,0.5
374-6,374,6,1,0,0,0.1665621548891067,0.1665621548891067,0,0,0.1665621548891067,0.3334378451108933,4,3,2,0.7915690866510539,3.7353629976580796,nested_oof,0.5
374-7,374,7,1,1,1,0.8334378451108932,0.1665621548891067,0,1,0.8334378451108932,0.3334378451108933,2,3,2,0.8407494145199064,3.540983606557377,nested_oof,0.5
374-8,374,8,1,0,0,0.1665621548891067,0.1665621548891067,0,0,0.1665621548891067,0.3334378451108933,2,3,2,0.7985948477751756,2.791569086651054,nested_oof,0.5
374-9,374,9,1,1,1,0.8334378451108932,0.1665621548891067,0,1,0.8334378451108932,0.3334378451108933,4,4,4,0.819672131147541,4.285714285714286,nested_oof,0.5
374-10,374,10,1,1,1,0.8334378451108932,0.1665621548891067,0,1,0.8334378451108932,0.3334378451108933,3,4,4,0.775175644028103,3.4988290398126463,nested_oof,0.5
374-11,374,11,1,0,0,0.1665621548891067,0.1665621548891067,0,0,0.1665621548891067,0.3334378451108933,4,3,4,0.7892271662763466,3.782201405152225,nested_oof,0.5
374-12,374,12,1,0,0,0.1665621548891067,0.1665621548891067,0,0,0.1665621548891067,0.3334378451108933,3,3,4,0.8290398126463701,3.6721311475409837,nested_oof,0.5
375-0,375,0,4,0,0,0.2829542458057403,0.2829542458057403,0,0,0.2829542458057403,0.2170457541942597,4,1,4,0.810304449648712,4.3629976580796255,nested_oof,0.5
375-1,375,1,4,0,0,0.2829542458057403,0.2829542458057403,0,0,0.2829542458057403,0.2170457541942597,5,2,4,0.8126463700234192,4.02576112412178,nested_oof,0.5
375-2,375,2,4,0,0,0.2829542458057403,0.2829542458057403,0,0,0.2829542458057403,0.2170457541942597,5,2,4,0.7939110070257611,3.8454332552693207,nested_oof,0.5
375-3,375,3,4,0,0,0.2829542458057403,0.2829542458057403,0,0,0.2829542458057403,0.2170457541942597,3,3,4,0.8149882903981265,3.9555035128805622,nested_oof,0.5
375-4,375,4,4,0,0,0.2829542458057403,0.2829542458057403,0,0,0.2829542458057403,0.2170457541942597,5,2,3,0.8618266978922717,4.583138173302108,nested_oof,0.5
375-5,375,5,4,0,0,0.2829542458057403,0.2829542458057403,0,0,0.2829542458057403,0.2170457541942597,5,2,3,0.7868852459016393,3.962529274004684,nested_oof,0.5
375-6,375,6,4,0,0,0.2829542458057403,0.2829542458057403,0,0,0.2829542458057403,0.2170457541942597,4,3,2,0.7915690866510539,3.7353629976580796,nested_oof,0.5
375-7,375,7,4,0,0,0.2829542458057403,0.2829542458057403,0,0,0.2829542458057403,0.2170457541942597,3,3,2,0.8407494145199064,3.540983606557377,nested_oof,0.5
375-8,375,8,4,0,0,0.2829542458057403,0.2829542458057403,0,0,0.2829542458057403,0.2170457541942597,3,3,2,0.7985948477751756,2.791569086651054,nested_oof,0.5
375-9,375,9,4,0,0,0.2829542458057403,0.2829542458057403,0,0,0.2829542458057403,0.2170457541942597,5,2,4,0.819672131147541,4.285714285714286,nested_oof,0.5
375-10,375,10,4,0,0,0.2829542458057403,0.2829542458057403,0,0,0.2829542458057403,0.2170457541942597,4,2,4,0.775175644028103,3.4988290398126463,nested_oof,0.5
375-11,375,11,4,0,0,0.2829542458057403,0.2829542458057403,0,0,0.2829542458057403,0.2170457541942597,5,2,4,0.7892271662763466,3.782201405152225,nested_oof,0.5
375-12,375,12,4,0,0,0.2829542458057403,0.2829542458057403,0,0,0.2829542458057403,0.2170457541942597,4,3,4,0.8290398126463701,3.6721311475409837,nested_oof,0.5
376-0,376,0,2,1,1,0.9868119135499,0.0131880864500999,0,1,0.9868119135499,0.4868119135499001,3,4,4,0.810304449648712,4.3629976580796255,nested_oof,0.5
376-1,376,1,2,0,0,0.0131880864500999,0.0131880864500999,0,0,0.0131880864500999,0.4868119135499001,4,2,4,0.8126463700234192,4.02576112412178,nested_oof,0.5
376-2,376,2,2,0,0,0.0131880864500999,0.0131880864500999,0,0,0.0131880864500999,0.4868119135499001,4,3,4,0.7939110070257611,3.8454332552693207,nested_oof,0.5
376-3,376,3,2,0,0,0.0131880864500999,0.0131880864500999,0,0,0.0131880864500999,0.4868119135499001,3,3,4,0.8149882903981265,3.9555035128805622,nested_oof,0.5
376-4,376,4,2,0,0,0.0131880864500999,0.0131880864500999,0,0,0.0131880864500999,0.4868119135499001,5,2,3,0.8618266978922717,4.583138173302108,nested_oof,0.5
376-5,376,5,2,0,0,0.0131880864500999,0.0131880864500999,0,0,0.0131880864500999,0.4868119135499001,5,2,3,0.7868852459016393,3.962529274004684,nested_oof,0.5
376-6,376,6,2,0,0,0.0131880864500999,0.0131880864500999,0,0,0.0131880864500999,0.4868119135499001,4,3,2,0.7915690866510539,3.7353629976580796,nested_oof,0.5
376-7,376,7,2,0,0,0.0131880864500999,0.0131880864500999,0,0,0.0131880864500999,0.4868119135499001,3,3,2,0.8407494145199064,3.540983606557377,nested_oof,0.5
376-8,376,8,2,0,0,0.0131880864500999,0.0131880864500999,0,0,0.0131880864500999,0.4868119135499001,3,3,2,0.7985948477751756,2.791569086651054,nested_oof,0.5
376-9,376,9,2,0,0,0.0131880864500999,0.0131880864500999,0,0,0.0131880864500999,0.4868119135499001,4,2,4,0.819672131147541,4.285714285714286,nested_oof,0.5
376-10,376,10,2,0,0,0.0131880864500999,0.0131880864500999,0,0,0.0131880864500999,0.4868119135499001,4,2,4,0.775175644028103,3.4988290398126463,nested_oof,0.5
376-11,376,11,2,0,0,0.0131880864500999,0.0131880864500999,0,0,0.0131880864500999,0.4868119135499001,5,2,4,0.7892271662763466,3.782201405152225,nested_oof,0.5
376-12,376,12,2,0,0,0.0131880864500999,0.0131880864500999,0,0,0.0131880864500999,0.4868119135499001,3,3,4,0.8290398126463701,3.6721311475409837,nested_oof,0.5
377-0,377,0,4,0,0,0.0240614842623472,0.0240614842623472,0,0,0.0240614842623472,0.4759385157376528,5,1,4,0.810304449648712,4.3629976580796255,nested_oof,0.5
377-1,377,1,4,0,0,0.0240614842623472,0.0240614842623472,0,0,0.0240614842623472,0.4759385157376528,4,2,4,0.8126463700234192,4.02576112412178,nested_oof,0.5
377-2,377,2,4,0,0,0.0240614842623472,0.0240614842623472,0,0,0.0240614842623472,0.4759385157376528,4,3,4,0.7939110070257611,3.8454332552693207,nested_oof,0.5
377-3,377,3,4,0,0,0.0240614842623472,0.0240614842623472,0,0,0.0240614842623472,0.4759385157376528,4,3,4,0.8149882903981265,3.9555035128805622,nested_oof,0.5
377-4,377,4,4,0,0,0.0240614842623472,0.0240614842623472,0,0,0.0240614842623472,0.4759385157376528,5,3,3,0.8618266978922717,4.583138173302108,nested_oof,0.5
377-5,377,5,4,0,0,0.0240614842623472,0.0240614842623472,0,0,0.0240614842623472,0.4759385157376528,5,2,3,0.7868852459016393,3.962529274004684,nested_oof,0.5
377-6,377,6,4,0,0,0.0240614842623472,0.0240614842623472,0,0,0.0240614842623472,0.4759385157376528,4,3,2,0.7915690866510539,3.7353629976580796,nested_oof,0.5
377-7,377,7,4,0,0,0.0240614842623472,0.0240614842623472,0,0,0.0240614842623472,0.4759385157376528,3,3,2,0.8407494145199064,3.540983606557377,nested_oof,0.5
377-8,377,8,4,0,0,0.0240614842623472,0.0240614842623472,0,0,0.0240614842623472,0.4759385157376528,3,3,2,0.7985948477751756,2.791569086651054,nested_oof,0.5
377-9,377,9,4,0,0,0.0240614842623472,0.0240614842623472,0,0,0.0240614842623472,0.4759385157376528,4,2,4,0.819672131147541,4.285714285714286,nested_oof,0.5
377-10,377,10,4,0,0,0.0240614842623472,0.0240614842623472,0,0,0.0240614842623472,0.4759385157376528,4,1,4,0.775175644028103,3.4988290398126463,nested_oof,0.5
377-11,377,11,4,0,0,0.0240614842623472,0.0240614842623472,0,0,0.0240614842623472,0.4759385157376528,5,2,4,0.7892271662763466,3.782201405152225,nested_oof,0.5
377-12,377,12,4,0,0,0.0240614842623472,0.0240614842623472,0,0,0.0240614842623472,0.4759385157376528,4,2,4,0.8290398126463701,3.6721311475409837,nested_oof,0.5
378-0,378,0,2,0,0,0.0319086499512195,0.0319086499512195,0,0,0.0319086499512195,0.4680913500487805,5,1,4,0.810304449648712,4.3629976580796255,nested_oof,0.5
378-1,378,1,2,0,0,0.0319086499512195,0.0319086499512195,0,0,0.0319086499512195,0.4680913500487805,4,2,4,0.8126463700234192,4.02576112412178,nested_oof,0.5
378-2,378,2,2,0,0,0.0319086499512195,0.0319086499512195,0,0,0.0319086499512195,0.4680913500487805,3,3,4,0.7939110070257611,3.8454332552693207,nested_oof,0.5
378-3,378,3,2,0,0,0.0319086499512195,0.0319086499512195,0,0,0.0319086499512195,0.4680913500487805,4,2,4,0.8149882903981265,3.9555035128805622,nested_oof,0.5
378-4,378,4,2,0,0,0.0319086499512195,0.0319086499512195,0,0,0.0319086499512195,0.4680913500487805,5,2,3,0.8618266978922717,4.583138173302108,nested_oof,0.5
378-5,378,5,2,0,0,0.0319086499512195,0.0319086499512195,0,0,0.0319086499512195,0.4680913500487805,4,2,3,0.7868852459016393,3.962529274004684,nested_oof,0.5
378-6,378,6,2,0,0,0.0319086499512195,0.0319086499512195,0,0,0.0319086499512195,0.4680913500487805,4,3,2,0.7915690866510539,3.7353629976580796,nested_oof,0.5
378-7,378,7,2,0,0,0.0319086499512195,0.0319086499512195,0,0,0.0319086499512195,0.4680913500487805,3,3,2,0.8407494145199064,3.540983606557377,nested_oof,0.5
378-8,378,8,2,0,0,0.0319086499512195,0.0319086499512195,0,0,0.0319086499512195,0.4680913500487805,3,3,2,0.7985948477751756,2.791569086651054,nested_oof,0.5
378-9,378,9,2,0,0,0.0319086499512195,0.0319086499512195,0,0,0.0319086499512195,0.4680913500487805,5,2,4,0.819672131147541,4.285714285714286,nested_oof,0.5
378-10,378,10,2,0,0,0.0319086499512195,0.0319086499512195,0,0,0.0319086499512195,0.4680913500487805,3,2,4,0.775175644028103,3.4988290398126463,nested_oof,0.5
378-11,378,11,2,0,0,0.0319086499512195,0.0319086499512195,0,0,0.0319086499512195,0.4680913500487805,5,2,4,0.7892271662763466,3.782201405152225,nested_oof,0.5
378-12,378,12,2,0,0,0.0319086499512195,0.0319086499512195,0,0,0.0319086499512195,0.4680913500487805,4,2,4,0.8290398126463701,3.6721311475409837,nested_oof,0.5
379-0,379,0,5,0,0,0.0003379422414582,0.0003379422414582,0,0,0.0003379422414582,0.4996620577585418,4,3,4,0.810304449648712,4.3629976580796255,nested_oof,0.5
379-1,379,1,5,0,0,0.0003379422414582,0.0003379422414582,0,0,0.0003379422414582,0.4996620577585418,4,2,4,0.8126463700234192,4.02576112412178,nested_oof,0.5
379-2,379,2,5,1,1,0.9996620577585418,0.0003379422414582,0,1,0.9996620577585418,0.4996620577585418,3,3,4,0.7939110070257611,3.8454332552693207,nested_oof,0.5
379-3,379,3,5,0,0,0.0003379422414582,0.0003379422414582,0,0,0.0003379422414582,0.4996620577585418,4,2,4,0.8149882903981265,3.9555035128805622,nested_oof,0.5
379-4,379,4,5,0,0,0.0003379422414582,0.0003379422414582,0,0,0.0003379422414582,0.4996620577585418,5,2,3,0.8618266978922717,4.583138173302108,nested_oof,0.5
379-5,379,5,5,0,0,0.0003379422414582,0.0003379422414582,0,0,0.0003379422414582,0.4996620577585418,4,2,3,0.7868852459016393,3.962529274004684,nested_oof,0.5
379-6,379,6,5,0,0,0.0003379422414582,0.0003379422414582,0,0,0.0003379422414582,0.4996620577585418,4,3,2,0.7915690866510539,3.7353629976580796,nested_oof,0.5
379-7,379,7,5,0,0,0.0003379422414582,0.0003379422414582,0,0,0.0003379422414582,0.4996620577585418,2,3,2,0.8407494145199064,3.540983606557377,nested_oof,0.5
379-8,379,8,5,0,0,0.0003379422414582,0.0003379422414582,0,0,0.0003379422414582,0.4996620577585418,3,3,2,0.7985948477751756,2.791569086651054,nested_oof,0.5
379-9,379,9,5,0,0,0.0003379422414582,0.0003379422414582,0,0,0.0003379422414582,0.4996620577585418,5,2,4,0.819672131147541,4.285714285714286,nested_oof,0.5
379-10,379,10,5,0,0,0.0003379422414582,0.0003379422414582,0,0,0.0003379422414582,0.4996620577585418,4,3,4,0.775175644028103,3.4988290398126463,nested_oof,0.5
379-11,379,11,5,0,0,0.0003379422414582,0.0003379422414582,0,0,0.0003379422414582,0.4996620577585418,5,2,4,0.7892271662763466,3.782201405152225,nested_oof,0.5
379-12,379,12,5,0,0,0.0003379422414582,0.0003379422414582,0,0,0.0003379422414582,0.4996620577585418,4,2,4,0.8290398126463701,3.6721311475409837,nested_oof,0.5
380-0,380,0,1,1,0,0.2763293981552124,0.7236706018447876,1,0,0.2763293981552124,0.2236706018447876,4,2,4,0.810304449648712,4.3629976580796255,nested_oof,0.5
380-1,380,1,1,1,0,0.2763293981552124,0.7236706018447876,1,0,0.2763293981552124,0.2236706018447876,4,3,4,0.8126463700234192,4.02576112412178,nested_oof,0.5
380-2,380,2,1,1,0,0.2763293981552124,0.7236706018447876,1,0,0.2763293981552124,0.2236706018447876,5,3,4,0.7939110070257611,3.8454332552693207,nested_oof,0.5
380-3,380,3,1,1,0,0.2763293981552124,0.7236706018447876,1,0,0.2763293981552124,0.2236706018447876,4,3,4,0.8149882903981265,3.9555035128805622,nested_oof,0.5
380-4,380,4,1,1,0,0.2763293981552124,0.7236706018447876,1,0,0.2763293981552124,0.2236706018447876,5,3,3,0.8618266978922717,4.583138173302108,nested_oof,0.5
380-5,380,5,1,1,0,0.2763293981552124,0.7236706018447876,1,0,0.2763293981552124,0.2236706018447876,4,3,3,0.7868852459016393,3.962529274004684,nested_oof,0.5
380-6,380,6,1,1,0,0.2763293981552124,0.7236706018447876,1,0,0.2763293981552124,0.2236706018447876,4,3,2,0.7915690866510539,3.7353629976580796,nested_oof,0.5
380-7,380,7,1,1,0,0.2763293981552124,0.7236706018447876,1,0,0.2763293981552124,0.2236706018447876,3,3,2,0.8407494145199064,3.540983606557377,nested_oof,0.5
380-8,380,8,1,1,0,0.2763293981552124,0.7236706018447876,1,0,0.2763293981552124,0.2236706018447876,3,3,2,0.7985948477751756,2.791569086651054,nested_oof,0.5
380-9,380,9,1,1,0,0.2763293981552124,0.7236706018447876,1,0,0.2763293981552124,0.2236706018447876,5,3,4,0.819672131147541,4.285714285714286,nested_oof,0.5
380-10,380,10,1,1,0,0.2763293981552124,0.7236706018447876,1,0,0.2763293981552124,0.2236706018447876,3,3,4,0.775175644028103,3.4988290398126463,nested_oof,0.5
380-11,380,11,1,1,0,0.2763293981552124,0.7236706018447876,1,0,0.2763293981552124,0.2236706018447876,5,2,4,0.7892271662763466,3.782201405152225,nested_oof,0.5
380-12,380,12,1,1,0,0.2763293981552124,0.7236706018447876,1,0,0.2763293981552124,0.2236706018447876,5,2,4,0.8290398126463701,3.6721311475409837,nested_oof,0.5
381-0,381,0,4,1,0,0.11037713289260864,0.8896228671073914,1,0,0.11037713289260864,0.38962286710739136,5,1,4,0.810304449648712,4.3629976580796255,nested_oof,0.5
381-1,381,1,4,1,0,0.11037713289260864,0.8896228671073914,1,0,0.11037713289260864,0.38962286710739136,4,3,4,0.8126463700234192,4.02576112412178,nested_oof,0.5
381-2,381,2,4,1,0,0.11037713289260864,0.8896228671073914,1,0,0.11037713289260864,0.38962286710739136,5,3,4,0.7939110070257611,3.8454332552693207,nested_oof,0.5
381-3,381,3,4,1,0,0.11037713289260864,0.8896228671073914,1,0,0.11037713289260864,0.38962286710739136,3,3,4,0.8149882903981265,3.9555035128805622,nested_oof,0.5
381-4,381,4,4,1,0,0.11037713289260864,0.8896228671073914,1,0,0.11037713289260864,0.38962286710739136,5,2,3,0.8618266978922717,4.583138173302108,nested_oof,0.5
381-5,381,5,4,1,0,0.11037713289260864,0.8896228671073914,1,0,0.11037713289260864,0.38962286710739136,4,3,3,0.7868852459016393,3.962529274004684,nested_oof,0.5
381-6,381,6,4,1,0,0.11037713289260864,0.8896228671073914,1,0,0.11037713289260864,0.38962286710739136,5,2,2,0.7915690866510539,3.7353629976580796,nested_oof,0.5
381-7,381,7,4,1,0,0.11037713289260864,0.8896228671073914,1,0,0.11037713289260864,0.38962286710739136,4,2,2,0.8407494145199064,3.540983606557377,nested_oof,0.5
381-8,381,8,4,1,0,0.11037713289260864,0.8896228671073914,1,0,0.11037713289260864,0.38962286710739136,3,3,2,0.7985948477751756,2.791569086651054,nested_oof,0.5
381-9,381,9,4,1,0,0.11037713289260864,0.8896228671073914,1,0,0.11037713289260864,0.38962286710739136,5,2,4,0.819672131147541,4.285714285714286,nested_oof,0.5
381-10,381,10,4,1,0,0.11037713289260864,0.8896228671073914,1,0,0.11037713289260864,0.38962286710739136,4,2,4,0.775175644028103,3.4988290398126463,nested_oof,0.5
381-11,381,11,4,1,0,0.11037713289260864,0.8896228671073914,1,0,0.11037713289260864,0.38962286710739136,5,2,4,0.7892271662763466,3.782201405152225,nested_oof,0.5
381-12,381,12,4,1,0,0.11037713289260864,0.8896228671073914,1,0,0.11037713289260864,0.38962286710739136,5,2,4,0.8290398126463701,3.6721311475409837,nested_oof,0.5
382-0,382,0,1,1,0,0.057105839252472035,0.942894160747528,1,0,0.057105839252472035,0.44289416074752797,3,4,4,0.810304449648712,4.3629976580796255,nested_oof,0.5
382-1,382,1,1,1,0,0.057105839252472035,0.942894160747528,1,0,0.057105839252472035,0.44289416074752797,3,4,4,0.8126463700234192,4.02576112412178,nested_oof,0.5
382-2,382,2,1,1,0,0.057105839252472035,0.942894160747528,1,0,0.057105839252472035,0.44289416074752797,4,4,4,0.7939110070257611,3.8454332552693207,nested_oof,0.5
382-3,382,3,1,1,0,0.057105839252472035,0.942894160747528,1,0,0.057105839252472035,0.44289416074752797,4,4,4,0.8149882903981265,3.9555035128805622,nested_oof,0.5
382-4,382,4,1,1,0,0.057105839252472035,0.942894160747528,1,0,0.057105839252472035,0.44289416074752797,5,4,3,0.8618266978922717,4.583138173302108,nested_oof,0.5
382-5,382,5,1,1,0,0.057105839252472035,0.942894160747528,1,0,0.057105839252472035,0.44289416074752797,4,3,3,0.7868852459016393,3.962529274004684,nested_oof,0.5
382-6,382,6,1,1,0,0.057105839252472035,0.942894160747528,1,0,0.057105839252472035,0.44289416074752797,2,4,2,0.7915690866510539,3.7353629976580796,nested_oof,0.5
382-7,382,7,1,1,0,0.057105839252472035,0.942894160747528,1,0,0.057105839252472035,0.44289416074752797,3,3,2,0.8407494145199064,3.540983606557377,nested_oof,0.5
382-8,382,8,1,1,0,0.057105839252472035,0.942894160747528,1,0,0.057105839252472035,0.44289416074752797,3,4,2,0.7985948477751756,2.791569086651054,nested_oof,0.5
382-9,382,9,1,1,0,0.057105839252472035,0.942894160747528,1,0,0.057105839252472035,0.44289416074752797,5,3,4,0.819672131147541,4.285714285714286,nested_oof,0.5
382-10,382,10,1,1,0,0.057105839252472035,0.942894160747528,1,0,0.057105839252472035,0.44289416074752797,3,4,4,0.775175644028103,3.4988290398126463,nested_oof,0.5
382-11,382,11,1,1,0,0.057105839252472035,0.942894160747528,1,0,0.057105839252472035,0.44289416074752797,5,2,4,0.7892271662763466,3.782201405152225,nested_oof,0.5
382-12,382,12,1,1,0,0.057105839252472035,0.942894160747528,1,0,0.057105839252472035,0.44289416074752797,4,4,4,0.8290398126463701,3.6721311475409837,nested_oof,0.5
383-0,383,0,5,0,0,0.9994783997535706,0.9994783997535706,1,1,0.9994783997535706,0.49947839975357056,3,3,4,0.810304449648712,4.3629976580796255,nested_oof,0.5
383-1,383,1,5,1,1,0.0005216002464294434,0.9994783997535706,1,0,0.0005216002464294434,0.49947839975357056,4,3,4,0.8126463700234192,4.02576112412178,nested_oof,0.5
383-2,383,2,5,1,1,0.0005216002464294434,0.9994783997535706,1,0,0.0005216002464294434,0.49947839975357056,4,4,4,0.7939110070257611,3.8454332552693207,nested_oof,0.5
383-3,383,3,5,0,0,0.9994783997535706,0.9994783997535706,1,1,0.9994783997535706,0.49947839975357056,2,4,4,0.8149882903981265,3.9555035128805622,nested_oof,0.5
383-4,383,4,5,1,1,0.0005216002464294434,0.9994783997535706,1,0,0.0005216002464294434,0.49947839975357056,5,3,3,0.8618266978922717,4.583138173302108,nested_oof,0.5
383-5,383,5,5,1,1,0.0005216002464294434,0.9994783997535706,1,0,0.0005216002464294434,0.49947839975357056,3,3,3,0.7868852459016393,3.962529274004684,nested_oof,0.5
383-6,383,6,5,1,1,0.0005216002464294434,0.9994783997535706,1,0,0.0005216002464294434,0.49947839975357056,4,4,2,0.7915690866510539,3.7353629976580796,nested_oof,0.5
383-7,383,7,5,1,1,0.0005216002464294434,0.9994783997535706,1,0,0.0005216002464294434,0.49947839975357056,4,2,2,0.8407494145199064,3.540983606557377,nested_oof,0.5
383-8,383,8,5,1,1,0.0005216002464294434,0.9994783997535706,1,0,0.0005216002464294434,0.49947839975357056,3,4,2,0.7985948477751756,2.791569086651054,nested_oof,0.5
383-9,383,9,5,1,1,0.0005216002464294434,0.9994783997535706,1,0,0.0005216002464294434,0.49947839975357056,5,3,4,0.819672131147541,4.285714285714286,nested_oof,0.5
383-10,383,10,5,1,1,0.0005216002464294434,0.9994783997535706,1,0,0.0005216002464294434,0.49947839975357056,2,4,4,0.775175644028103,3.4988290398126463,nested_oof,0.5
383-11,383,11,5,1,1,0.0005216002464294434,0.9994783997535706,1,0,0.0005216002464294434,0.49947839975357056,5,2,4,0.7892271662763466,3.782201405152225,nested_oof,0.5
383-12,383,12,5,1,1,0.0005216002464294434,0.9994783997535706,1,0,0.0005216002464294434,0.49947839975357056,4,4,4,0.8290398126463701,3.6721311475409837,nested_oof,0.5
384-0,384,0,2,1,1,0.9845993258059025,0.0154006741940975,0,1,0.9845993258059025,0.4845993258059025,5,2,4,0.810304449648712,4.3629976580796255,nested_oof,0.5
384-1,384,1,2,1,1,0.9845993258059025,0.0154006741940975,0,1,0.9845993258059025,0.4845993258059025,4,3,4,0.8126463700234192,4.02576112412178,nested_oof,0.5
384-2,384,2,2,1,1,0.9845993258059025,0.0154006741940975,0,1,0.9845993258059025,0.4845993258059025,4,3,4,0.7939110070257611,3.8454332552693207,nested_oof,0.5
384-3,384,3,2,1,1,0.9845993258059025,0.0154006741940975,0,1,0.9845993258059025,0.4845993258059025,3,3,4,0.8149882903981265,3.9555035128805622,nested_oof,0.5
384-4,384,4,2,0,0,0.0154006741940975,0.0154006741940975,0,0,0.0154006741940975,0.4845993258059025,4,3,3,0.8618266978922717,4.583138173302108,nested_oof,0.5
384-5,384,5,2,0,0,0.0154006741940975,0.0154006741940975,0,0,0.0154006741940975,0.4845993258059025,5,2,3,0.7868852459016393,3.962529274004684,nested_oof,0.5
384-6,384,6,2,0,0,0.0154006741940975,0.0154006741940975,0,0,0.0154006741940975,0.4845993258059025,3,4,2,0.7915690866510539,3.7353629976580796,nested_oof,0.5
384-7,384,7,2,1,1,0.9845993258059025,0.0154006741940975,0,1,0.9845993258059025,0.4845993258059025,3,3,2,0.8407494145199064,3.540983606557377,nested_oof,0.5
384-8,384,8,2,1,1,0.9845993258059025,0.0154006741940975,0,1,0.9845993258059025,0.4845993258059025,2,3,2,0.7985948477751756,2.791569086651054,nested_oof,0.5
384-9,384,9,2,0,0,0.0154006741940975,0.0154006741940975,0,0,0.0154006741940975,0.4845993258059025,4,3,4,0.819672131147541,4.285714285714286,nested_oof,0.5
384-10,384,10,2,1,1,0.9845993258059025,0.0154006741940975,0,1,0.9845993258059025,0.4845993258059025,3,4,4,0.775175644028103,3.4988290398126463,nested_oof,0.5
384-11,384,11,2,1,1,0.9845993258059025,0.0154006741940975,0,1,0.9845993258059025,0.4845993258059025,5,2,4,0.7892271662763466,3.782201405152225,nested_oof,0.5
384-12,384,12,2,1,1,0.9845993258059025,0.0154006741940975,0,1,0.9845993258059025,0.4845993258059025,2,3,4,0.8290398126463701,3.6721311475409837,nested_oof,0.5
385-0,385,0,1,1,0,0.06660670042037964,0.9333932995796204,1,0,0.06660670042037964,0.43339329957962036,4,3,4,0.810304449648712,4.3629976580796255,nested_oof,0.5
385-1,385,1,1,1,0,0.06660670042037964,0.9333932995796204,1,0,0.06660670042037964,0.43339329957962036,5,4,4,0.8126463700234192,4.02576112412178,nested_oof,0.5
385-2,385,2,1,1,0,0.06660670042037964,0.9333932995796204,1,0,0.06660670042037964,0.43339329957962036,4,4,4,0.7939110070257611,3.8454332552693207,nested_oof,0.5
385-3,385,3,1,1,0,0.06660670042037964,0.9333932995796204,1,0,0.06660670042037964,0.43339329957962036,3,3,4,0.8149882903981265,3.9555035128805622,nested_oof,0.5
385-4,385,4,1,1,0,0.06660670042037964,0.9333932995796204,1,0,0.06660670042037964,0.43339329957962036,5,2,3,0.8618266978922717,4.583138173302108,nested_oof,0.5
385-5,385,5,1,1,0,0.06660670042037964,0.9333932995796204,1,0,0.06660670042037964,0.43339329957962036,4,3,3,0.7868852459016393,3.962529274004684,nested_oof,0.5
385-6,385,6,1,1,0,0.06660670042037964,0.9333932995796204,1,0,0.06660670042037964,0.43339329957962036,4,4,2,0.7915690866510539,3.7353629976580796,nested_oof,0.5
385-7,385,7,1,1,0,0.06660670042037964,0.9333932995796204,1,0,0.06660670042037964,0.43339329957962036,4,2,2,0.8407494145199064,3.540983606557377,nested_oof,0.5
385-8,385,8,1,1,0,0.06660670042037964,0.9333932995796204,1,0,0.06660670042037964,0.43339329957962036,2,3,2,0.7985948477751756,2.791569086651054,nested_oof,0.5
385-9,385,9,1,1,0,0.06660670042037964,0.9333932995796204,1,0,0.06660670042037964,0.43339329957962036,5,3,4,0.819672131147541,4.285714285714286,nested_oof,0.5
385-10,385,10,1,1,0,0.06660670042037964,0.9333932995796204,1,0,0.06660670042037964,0.43339329957962036,4,2,4,0.775175644028103,3.4988290398126463,nested_oof,0.5
385-11,385,11,1,1,0,0.06660670042037964,0.9333932995796204,1,0,0.06660670042037964,0.43339329957962036,4,3,4,0.7892271662763466,3.782201405152225,nested_oof,0.5
385-12,385,12,1,1,0,0.06660670042037964,0.9333932995796204,1,0,0.06660670042037964,0.43339329957962036,4,3,4,0.8290398126463701,3.6721311475409837,nested_oof,0.5
386-0,386,0,2,0,0,0.0558492913842201,0.0558492913842201,0,0,0.0558492913842201,0.4441507086157799,4,2,4,0.810304449648712,4.3629976580796255,nested_oof,0.5
386-1,386,1,2,0,0,0.0558492913842201,0.0558492913842201,0,0,0.0558492913842201,0.4441507086157799,4,3,4,0.8126463700234192,4.02576112412178,nested_oof,0.5
386-2,386,2,2,0,0,0.0558492913842201,0.0558492913842201,0,0,0.0558492913842201,0.4441507086157799,4,3,4,0.7939110070257611,3.8454332552693207,nested_oof,0.5
386-3,386,3,2,0,0,0.0558492913842201,0.0558492913842201,0,0,0.0558492913842201,0.4441507086157799,3,3,4,0.8149882903981265,3.9555035128805622,nested_oof,0.5
386-4,386,4,2,0,0,0.0558492913842201,0.0558492913842201,0,0,0.0558492913842201,0.4441507086157799,5,2,3,0.8618266978922717,4.583138173302108,nested_oof,0.5
386-5,386,5,2,0,0,0.0558492913842201,0.0558492913842201,0,0,0.0558492913842201,0.4441507086157799,4,2,3,0.7868852459016393,3.962529274004684,nested_oof,0.5
386-6,386,6,2,0,0,0.0558492913842201,0.0558492913842201,0,0,0.0558492913842201,0.4441507086157799,3,3,2,0.7915690866510539,3.7353629976580796,nested_oof,0.5
386-7,386,7,2,0,0,0.0558492913842201,0.0558492913842201,0,0,0.0558492913842201,0.4441507086157799,2,3,2,0.8407494145199064,3.540983606557377,nested_oof,0.5
386-8,386,8,2,0,0,0.0558492913842201,0.0558492913842201,0,0,0.0558492913842201,0.4441507086157799,3,3,2,0.7985948477751756,2.791569086651054,nested_oof,0.5
386-9,386,9,2,0,0,0.0558492913842201,0.0558492913842201,0,0,0.0558492913842201,0.4441507086157799,4,2,4,0.819672131147541,4.285714285714286,nested_oof,0.5
386-10,386,10,2,0,0,0.0558492913842201,0.0558492913842201,0,0,0.0558492913842201,0.4441507086157799,3,3,4,0.775175644028103,3.4988290398126463,nested_oof,0.5
386-11,386,11,2,0,0,0.0558492913842201,0.0558492913842201,0,0,0.0558492913842201,0.4441507086157799,5,2,4,0.7892271662763466,3.782201405152225,nested_oof,0.5
386-12,386,12,2,0,0,0.0558492913842201,0.0558492913842201,0,0,0.0558492913842201,0.4441507086157799,4,3,4,0.8290398126463701,3.6721311475409837,nested_oof,0.5
387-0,387,0,5,0,0,0.0001639472029637,0.0001639472029637,0,0,0.0001639472029637,0.4998360527970363,5,1,4,0.810304449648712,4.3629976580796255,nested_oof,0.5
387-1,387,1,5,0,0,0.0001639472029637,0.0001639472029637,0,0,0.0001639472029637,0.4998360527970363,4,2,4,0.8126463700234192,4.02576112412178,nested_oof,0.5
387-2,387,2,5,0,0,0.0001639472029637,0.0001639472029637,0,0,0.0001639472029637,0.4998360527970363,4,3,4,0.7939110070257611,3.8454332552693207,nested_oof,0.5
387-3,387,3,5,0,0,0.0001639472029637,0.0001639472029637,0,0,0.0001639472029637,0.4998360527970363,4,3,4,0.8149882903981265,3.9555035128805622,nested_oof,0.5
387-4,387,4,5,0,0,0.0001639472029637,0.0001639472029637,0,0,0.0001639472029637,0.4998360527970363,5,2,3,0.8618266978922717,4.583138173302108,nested_oof,0.5
387-5,387,5,5,0,0,0.0001639472029637,0.0001639472029637,0,0,0.0001639472029637,0.4998360527970363,4,2,3,0.7868852459016393,3.962529274004684,nested_oof,0.5
387-6,387,6,5,0,0,0.0001639472029637,0.0001639472029637,0,0,0.0001639472029637,0.4998360527970363,4,3,2,0.7915690866510539,3.7353629976580796,nested_oof,0.5
387-7,387,7,5,0,0,0.0001639472029637,0.0001639472029637,0,0,0.0001639472029637,0.4998360527970363,3,3,2,0.8407494145199064,3.540983606557377,nested_oof,0.5
387-8,387,8,5,0,0,0.0001639472029637,0.0001639472029637,0,0,0.0001639472029637,0.4998360527970363,3,3,2,0.7985948477751756,2.791569086651054,nested_oof,0.5
387-9,387,9,5,0,0,0.0001639472029637,0.0001639472029637,0,0,0.0001639472029637,0.4998360527970363,5,2,4,0.819672131147541,4.285714285714286,nested_oof,0.5
387-10,387,10,5,0,0,0.0001639472029637,0.0001639472029637,0,0,0.0001639472029637,0.4998360527970363,4,2,4,0.775175644028103,3.4988290398126463,nested_oof,0.5
387-11,387,11,5,0,0,0.0001639472029637,0.0001639472029637,0,0,0.0001639472029637,0.4998360527970363,5,2,4,0.7892271662763466,3.782201405152225,nested_oof,0.5
387-12,387,12,5,0,0,0.0001639472029637,0.0001639472029637,0,0,0.0001639472029637,0.4998360527970363,4,3,4,0.8290398126463701,3.6721311475409837,nested_oof,0.5
388-0,388,0,2,0,0,0.1625633835792541,0.1625633835792541,0,0,0.1625633835792541,0.3374366164207459,5,1,4,0.810304449648712,4.3629976580796255,nested_oof,0.5
388-1,388,1,2,0,0,0.1625633835792541,0.1625633835792541,0,0,0.1625633835792541,0.3374366164207459,5,2,4,0.8126463700234192,4.02576112412178,nested_oof,0.5
388-2,388,2,2,0,0,0.1625633835792541,0.1625633835792541,0,0,0.1625633835792541,0.3374366164207459,4,3,4,0.7939110070257611,3.8454332552693207,nested_oof,0.5
388-3,388,3,2,0,0,0.1625633835792541,0.1625633835792541,0,0,0.1625633835792541,0.3374366164207459,4,3,4,0.8149882903981265,3.9555035128805622,nested_oof,0.5
388-4,388,4,2,0,0,0.1625633835792541,0.1625633835792541,0,0,0.1625633835792541,0.3374366164207459,5,1,3,0.8618266978922717,4.583138173302108,nested_oof,0.5
388-5,388,5,2,0,0,0.1625633835792541,0.1625633835792541,0,0,0.1625633835792541,0.3374366164207459,4,2,3,0.7868852459016393,3.962529274004684,nested_oof,0.5
388-6,388,6,2,0,0,0.1625633835792541,0.1625633835792541,0,0,0.1625633835792541,0.3374366164207459,4,3,2,0.7915690866510539,3.7353629976580796,nested_oof,0.5
388-7,388,7,2,0,0,0.1625633835792541,0.1625633835792541,0,0,0.1625633835792541,0.3374366164207459,3,3,2,0.8407494145199064,3.540983606557377,nested_oof,0.5
388-8,388,8,2,0,0,0.1625633835792541,0.1625633835792541,0,0,0.1625633835792541,0.3374366164207459,3,3,2,0.7985948477751756,2.791569086651054,nested_oof,0.5
388-9,388,9,2,0,0,0.1625633835792541,0.1625633835792541,0,0,0.1625633835792541,0.3374366164207459,5,2,4,0.819672131147541,4.285714285714286,nested_oof,0.5
388-10,388,10,2,0,0,0.1625633835792541,0.1625633835792541,0,0,0.1625633835792541,0.3374366164207459,4,2,4,0.775175644028103,3.4988290398126463,nested_oof,0.5
388-11,388,11,2,0,0,0.1625633835792541,0.1625633835792541,0,0,0.1625633835792541,0.3374366164207459,5,2,4,0.7892271662763466,3.782201405152225,nested_oof,0.5
388-12,388,12,2,0,0,0.1625633835792541,0.1625633835792541,0,0,0.1625633835792541,0.3374366164207459,4,2,4,0.8290398126463701,3.6721311475409837,nested_oof,0.5
389-0,389,0,2,0,0,0.0456307120621204,0.0456307120621204,0,0,0.0456307120621204,0.4543692879378796,5,1,4,0.810304449648712,4.3629976580796255,nested_oof,0.5
389-1,389,1,2,0,0,0.0456307120621204,0.0456307120621204,0,0,0.0456307120621204,0.4543692879378796,5,2,4,0.8126463700234192,4.02576112412178,nested_oof,0.5
389-2,389,2,2,0,0,0.0456307120621204,0.0456307120621204,0,0,0.0456307120621204,0.4543692879378796,5,2,4,0.7939110070257611,3.8454332552693207,nested_oof,0.5
389-3,389,3,2,0,0,0.0456307120621204,0.0456307120621204,0,0,0.0456307120621204,0.4543692879378796,4,3,4,0.8149882903981265,3.9555035128805622,nested_oof,0.5
389-4,389,4,2,0,0,0.0456307120621204,0.0456307120621204,0,0,0.0456307120621204,0.4543692879378796,5,1,3,0.8618266978922717,4.583138173302108,nested_oof,0.5
389-5,389,5,2,0,0,0.0456307120621204,0.0456307120621204,0,0,0.0456307120621204,0.4543692879378796,4,2,3,0.7868852459016393,3.962529274004684,nested_oof,0.5
389-6,389,6,2,0,0,0.0456307120621204,0.0456307120621204,0,0,0.0456307120621204,0.4543692879378796,4,3,2,0.7915690866510539,3.7353629976580796,nested_oof,0.5
389-7,389,7,2,0,0,0.0456307120621204,0.0456307120621204,0,0,0.0456307120621204,0.4543692879378796,3,3,2,0.8407494145199064,3.540983606557377,nested_oof,0.5
389-8,389,8,2,0,0,0.0456307120621204,0.0456307120621204,0,0,0.0456307120621204,0.4543692879378796,3,3,2,0.7985948477751756,2.791569086651054,nested_oof,0.5
389-9,389,9,2,0,0,0.0456307120621204,0.0456307120621204,0,0,0.0456307120621204,0.4543692879378796,5,2,4,0.819672131147541,4.285714285714286,nested_oof,0.5
389-10,389,10,2,0,0,0.0456307120621204,0.0456307120621204,0,0,0.0456307120621204,0.4543692879378796,4,2,4,0.775175644028103,3.4988290398126463,nested_oof,0.5
389-11,389,11,2,0,0,0.0456307120621204,0.0456307120621204,0,0,0.0456307120621204,0.4543692879378796,5,2,4,0.7892271662763466,3.782201405152225,nested_oof,0.5
389-12,389,12,2,0,0,0.0456307120621204,0.0456307120621204,0,0,0.0456307120621204,0.4543692879378796,4,3,4,0.8290398126463701,3.6721311475409837,nested_oof,0.5
390-0,390,0,5,0,0,0.0076181055046617,0.0076181055046617,0,0,0.0076181055046617,0.4923818944953383,4,3,4,0.810304449648712,4.3629976580796255,nested_oof,0.5
390-1,390,1,5,0,0,0.0076181055046617,0.0076181055046617,0,0,0.0076181055046617,0.4923818944953383,4,3,4,0.8126463700234192,4.02576112412178,nested_oof,0.5
390-2,390,2,5,1,1,0.9923818944953383,0.0076181055046617,0,1,0.9923818944953383,0.4923818944953383,4,3,4,0.7939110070257611,3.8454332552693207,nested_oof,0.5
390-3,390,3,5,0,0,0.0076181055046617,0.0076181055046617,0,0,0.0076181055046617,0.4923818944953383,4,2,4,0.8149882903981265,3.9555035128805622,nested_oof,0.5
390-4,390,4,5,0,0,0.0076181055046617,0.0076181055046617,0,0,0.0076181055046617,0.4923818944953383,5,2,3,0.8618266978922717,4.583138173302108,nested_oof,0.5
390-5,390,5,5,0,0,0.0076181055046617,0.0076181055046617,0,0,0.0076181055046617,0.4923818944953383,3,3,3,0.7868852459016393,3.962529274004684,nested_oof,0.5
390-6,390,6,5,0,0,0.0076181055046617,0.0076181055046617,0,0,0.0076181055046617,0.4923818944953383,3,4,2,0.7915690866510539,3.7353629976580796,nested_oof,0.5
390-7,390,7,5,0,0,0.0076181055046617,0.0076181055046617,0,0,0.0076181055046617,0.4923818944953383,3,3,2,0.8407494145199064,3.540983606557377,nested_oof,0.5
390-8,390,8,5,0,0,0.0076181055046617,0.0076181055046617,0,0,0.0076181055046617,0.4923818944953383,2,3,2,0.7985948477751756,2.791569086651054,nested_oof,0.5
390-9,390,9,5,0,0,0.0076181055046617,0.0076181055046617,0,0,0.0076181055046617,0.4923818944953383,5,2,4,0.819672131147541,4.285714285714286,nested_oof,0.5
390-10,390,10,5,0,0,0.0076181055046617,0.0076181055046617,0,0,0.0076181055046617,0.4923818944953383,4,3,4,0.775175644028103,3.4988290398126463,nested_oof,0.5
390-11,390,11,5,0,0,0.0076181055046617,0.0076181055046617,0,0,0.0076181055046617,0.4923818944953383,4,2,4,0.7892271662763466,3.782201405152225,nested_oof,0.5
390-12,390,12,5,0,0,0.0076181055046617,0.0076181055046617,0,0,0.0076181055046617,0.4923818944953383,4,3,4,0.8290398126463701,3.6721311475409837,nested_oof,0.5
391-0,391,0,1,0,0,0.054798025637865,0.054798025637865,0,0,0.054798025637865,0.445201974362135,4,2,4,0.810304449648712,4.3629976580796255,nested_oof,0.5
391-1,391,1,1,0,0,0.054798025637865,0.054798025637865,0,0,0.054798025637865,0.445201974362135,4,2,4,0.8126463700234192,4.02576112412178,nested_oof,0.5
391-2,391,2,1,1,1,0.945201974362135,0.054798025637865,0,1,0.945201974362135,0.445201974362135,4,3,4,0.7939110070257611,3.8454332552693207,nested_oof,0.5
391-3,391,3,1,0,0,0.054798025637865,0.054798025637865,0,0,0.054798025637865,0.445201974362135,4,2,4,0.8149882903981265,3.9555035128805622,nested_oof,0.5
391-4,391,4,1,0,0,0.054798025637865,0.054798025637865,0,0,0.054798025637865,0.445201974362135,5,2,3,0.8618266978922717,4.583138173302108,nested_oof,0.5
391-5,391,5,1,0,0,0.054798025637865,0.054798025637865,0,0,0.054798025637865,0.445201974362135,4,2,3,0.7868852459016393,3.962529274004684,nested_oof,0.5
391-6,391,6,1,1,1,0.945201974362135,0.054798025637865,0,1,0.945201974362135,0.445201974362135,2,4,2,0.7915690866510539,3.7353629976580796,nested_oof,0.5
391-7,391,7,1,1,1,0.945201974362135,0.054798025637865,0,1,0.945201974362135,0.445201974362135,1,3,2,0.8407494145199064,3.540983606557377,nested_oof,0.5
391-8,391,8,1,0,0,0.054798025637865,0.054798025637865,0,0,0.054798025637865,0.445201974362135,3,3,2,0.7985948477751756,2.791569086651054,nested_oof,0.5
391-9,391,9,1,0,0,0.054798025637865,0.054798025637865,0,0,0.054798025637865,0.445201974362135,5,3,4,0.819672131147541,4.285714285714286,nested_oof,0.5
391-10,391,10,1,0,0,0.054798025637865,0.054798025637865,0,0,0.054798025637865,0.445201974362135,4,3,4,0.775175644028103,3.4988290398126463,nested_oof,0.5
391-11,391,11,1,0,0,0.054798025637865,0.054798025637865,0,0,0.054798025637865,0.445201974362135,5,2,4,0.7892271662763466,3.782201405152225,nested_oof,0.5
391-12,391,12,1,0,0,0.054798025637865,0.054798025637865,0,0,0.054798025637865,0.445201974362135,4,3,4,0.8290398126463701,3.6721311475409837,nested_oof,0.5
392-0,392,0,4,1,0,0.7926755547523499,0.2073244452476501,0,1,0.7926755547523499,0.2926755547523499,4,4,4,0.810304449648712,4.3629976580796255,nested_oof,0.5
392-1,392,1,4,1,0,0.7926755547523499,0.2073244452476501,0,1,0.7926755547523499,0.2926755547523499,4,3,4,0.8126463700234192,4.02576112412178,nested_oof,0.5
392-2,392,2,4,1,0,0.7926755547523499,0.2073244452476501,0,1,0.7926755547523499,0.2926755547523499,4,3,4,0.7939110070257611,3.8454332552693207,nested_oof,0.5
392-3,392,3,4,1,0,0.7926755547523499,0.2073244452476501,0,1,0.7926755547523499,0.2926755547523499,4,3,4,0.8149882903981265,3.9555035128805622,nested_oof,0.5
392-4,392,4,4,1,0,0.7926755547523499,0.2073244452476501,0,1,0.7926755547523499,0.2926755547523499,5,3,3,0.8618266978922717,4.583138173302108,nested_oof,0.5
392-5,392,5,4,1,0,0.7926755547523499,0.2073244452476501,0,1,0.7926755547523499,0.2926755547523499,4,3,3,0.7868852459016393,3.962529274004684,nested_oof,0.5
392-6,392,6,4,1,0,0.7926755547523499,0.2073244452476501,0,1,0.7926755547523499,0.2926755547523499,2,4,2,0.7915690866510539,3.7353629976580796,nested_oof,0.5
392-7,392,7,4,1,0,0.7926755547523499,0.2073244452476501,0,1,0.7926755547523499,0.2926755547523499,2,3,2,0.8407494145199064,3.540983606557377,nested_oof,0.5
392-8,392,8,4,1,0,0.7926755547523499,0.2073244452476501,0,1,0.7926755547523499,0.2926755547523499,3,3,2,0.7985948477751756,2.791569086651054,nested_oof,0.5
392-9,392,9,4,1,0,0.7926755547523499,0.2073244452476501,0,1,0.7926755547523499,0.2926755547523499,4,3,4,0.819672131147541,4.285714285714286,nested_oof,0.5
392-10,392,10,4,1,0,0.7926755547523499,0.2073244452476501,0,1,0.7926755547523499,0.2926755547523499,4,3,4,0.775175644028103,3.4988290398126463,nested_oof,0.5
392-11,392,11,4,1,0,0.7926755547523499,0.2073244452476501,0,1,0.7926755547523499,0.2926755547523499,4,2,4,0.7892271662763466,3.782201405152225,nested_oof,0.5
392-12,392,12,4,1,0,0.7926755547523499,0.2073244452476501,0,1,0.7926755547523499,0.2926755547523499,4,2,4,0.8290398126463701,3.6721311475409837,nested_oof,0.5
393-0,393,0,3,1,0,0.40965569019317627,0.5903443098068237,1,0,0.40965569019317627,0.09034430980682373,4,3,4,0.810304449648712,4.3629976580796255,nested_oof,0.5
393-1,393,1,3,1,0,0.40965569019317627,0.5903443098068237,1,0,0.40965569019317627,0.09034430980682373,5,3,4,0.8126463700234192,4.02576112412178,nested_oof,0.5
393-2,393,2,3,1,0,0.40965569019317627,0.5903443098068237,1,0,0.40965569019317627,0.09034430980682373,4,3,4,0.7939110070257611,3.8454332552693207,nested_oof,0.5
393-3,393,3,3,1,0,0.40965569019317627,0.5903443098068237,1,0,0.40965569019317627,0.09034430980682373,4,2,4,0.8149882903981265,3.9555035128805622,nested_oof,0.5
393-4,393,4,3,1,0,0.40965569019317627,0.5903443098068237,1,0,0.40965569019317627,0.09034430980682373,5,2,3,0.8618266978922717,4.583138173302108,nested_oof,0.5
393-5,393,5,3,0,1,0.5903443098068237,0.5903443098068237,1,1,0.5903443098068237,0.09034430980682373,4,3,3,0.7868852459016393,3.962529274004684,nested_oof,0.5
393-6,393,6,3,1,0,0.40965569019317627,0.5903443098068237,1,0,0.40965569019317627,0.09034430980682373,4,4,2,0.7915690866510539,3.7353629976580796,nested_oof,0.5
393-7,393,7,3,1,0,0.40965569019317627,0.5903443098068237,1,0,0.40965569019317627,0.09034430980682373,3,3,2,0.8407494145199064,3.540983606557377,nested_oof,0.5
393-8,393,8,3,1,0,0.40965569019317627,0.5903443098068237,1,0,0.40965569019317627,0.09034430980682373,3,3,2,0.7985948477751756,2.791569086651054,nested_oof,0.5
393-9,393,9,3,1,0,0.40965569019317627,0.5903443098068237,1,0,0.40965569019317627,0.09034430980682373,5,2,4,0.819672131147541,4.285714285714286,nested_oof,0.5
393-10,393,10,3,1,0,0.40965569019317627,0.5903443098068237,1,0,0.40965569019317627,0.09034430980682373,3,3,4,0.775175644028103,3.4988290398126463,nested_oof,0.5
393-11,393,11,3,1,0,0.40965569019317627,0.5903443098068237,1,0,0.40965569019317627,0.09034430980682373,5,2,4,0.7892271662763466,3.782201405152225,nested_oof,0.5
393-12,393,12,3,1,0,0.40965569019317627,0.5903443098068237,1,0,0.40965569019317627,0.09034430980682373,4,3,4,0.8290398126463701,3.6721311475409837,nested_oof,0.5
394-0,394,0,4,0,0,0.153028666973114,0.153028666973114,0,0,0.153028666973114,0.346971333026886,4,2,4,0.810304449648712,4.3629976580796255,nested_oof,0.5
394-1,394,1,4,0,0,0.153028666973114,0.153028666973114,0,0,0.153028666973114,0.346971333026886,5,2,4,0.8126463700234192,4.02576112412178,nested_oof,0.5
394-2,394,2,4,0,0,0.153028666973114,0.153028666973114,0,0,0.153028666973114,0.346971333026886,5,3,4,0.7939110070257611,3.8454332552693207,nested_oof,0.5
394-3,394,3,4,0,0,0.153028666973114,0.153028666973114,0,0,0.153028666973114,0.346971333026886,5,1,4,0.8149882903981265,3.9555035128805622,nested_oof,0.5
394-4,394,4,4,0,0,0.153028666973114,0.153028666973114,0,0,0.153028666973114,0.346971333026886,5,2,3,0.8618266978922717,4.583138173302108,nested_oof,0.5
394-5,394,5,4,0,0,0.153028666973114,0.153028666973114,0,0,0.153028666973114,0.346971333026886,4,4,3,0.7868852459016393,3.962529274004684,nested_oof,0.5
394-6,394,6,4,0,0,0.153028666973114,0.153028666973114,0,0,0.153028666973114,0.346971333026886,4,3,2,0.7915690866510539,3.7353629976580796,nested_oof,0.5
394-7,394,7,4,0,0,0.153028666973114,0.153028666973114,0,0,0.153028666973114,0.346971333026886,4,2,2,0.8407494145199064,3.540983606557377,nested_oof,0.5
394-8,394,8,4,0,0,0.153028666973114,0.153028666973114,0,0,0.153028666973114,0.346971333026886,3,3,2,0.7985948477751756,2.791569086651054,nested_oof,0.5
394-9,394,9,4,0,0,0.153028666973114,0.153028666973114,0,0,0.153028666973114,0.346971333026886,5,2,4,0.819672131147541,4.285714285714286,nested_oof,0.5
394-10,394,10,4,0,0,0.153028666973114,0.153028666973114,0,0,0.153028666973114,0.346971333026886,4,2,4,0.775175644028103,3.4988290398126463,nested_oof,0.5
394-11,394,11,4,0,0,0.153028666973114,0.153028666973114,0,0,0.153028666973114,0.346971333026886,5,2,4,0.7892271662763466,3.782201405152225,nested_oof,0.5
394-12,394,12,4,0,0,0.153028666973114,0.153028666973114,0,0,0.153028666973114,0.346971333026886,4,2,4,0.8290398126463701,3.6721311475409837,nested_oof,0.5
395-0,395,0,2,1,0,0.16211366653442383,0.8378863334655762,1,0,0.16211366653442383,0.33788633346557617,1,4,4,0.810304449648712,4.3629976580796255,nested_oof,0.5
395-1,395,1,2,1,0,0.16211366653442383,0.8378863334655762,1,0,0.16211366653442383,0.33788633346557617,4,4,4,0.8126463700234192,4.02576112412178,nested_oof,0.5
395-2,395,2,2,1,0,0.16211366653442383,0.8378863334655762,1,0,0.16211366653442383,0.33788633346557617,1,4,4,0.7939110070257611,3.8454332552693207,nested_oof,0.5
395-3,395,3,2,1,0,0.16211366653442383,0.8378863334655762,1,0,0.16211366653442383,0.33788633346557617,3,3,4,0.8149882903981265,3.9555035128805622,nested_oof,0.5
395-4,395,4,2,1,0,0.16211366653442383,0.8378863334655762,1,0,0.16211366653442383,0.33788633346557617,3,4,3,0.8618266978922717,4.583138173302108,nested_oof,0.5
395-5,395,5,2,0,1,0.8378863334655762,0.8378863334655762,1,1,0.8378863334655762,0.33788633346557617,2,2,3,0.7868852459016393,3.962529274004684,nested_oof,0.5
395-6,395,6,2,1,0,0.16211366653442383,0.8378863334655762,1,0,0.16211366653442383,0.33788633346557617,1,4,2,0.7915690866510539,3.7353629976580796,nested_oof,0.5
395-7,395,7,2,0,1,0.8378863334655762,0.8378863334655762,1,1,0.8378863334655762,0.33788633346557617,1,3,2,0.8407494145199064,3.540983606557377,nested_oof,0.5
395-8,395,8,2,1,0,0.16211366653442383,0.8378863334655762,1,0,0.16211366653442383,0.33788633346557617,1,4,2,0.7985948477751756,2.791569086651054,nested_oof,0.5
395-9,395,9,2,1,0,0.16211366653442383,0.8378863334655762,1,0,0.16211366653442383,0.33788633346557617,3,4,4,0.819672131147541,4.285714285714286,nested_oof,0.5
395-10,395,10,2,0,1,0.8378863334655762,0.8378863334655762,1,1,0.8378863334655762,0.33788633346557617,1,4,4,0.775175644028103,3.4988290398126463,nested_oof,0.5
395-11,395,11,2,1,0,0.16211366653442383,0.8378863334655762,1,0,0.16211366653442383,0.33788633346557617,3,4,4,0.7892271662763466,3.782201405152225,nested_oof,0.5
395-12,395,12,2,1,0,0.16211366653442383,0.8378863334655762,1,0,0.16211366653442383,0.33788633346557617,3,4,4,0.8290398126463701,3.6721311475409837,nested_oof,0.5
396-0,396,0,4,0,0,0.6924046277999878,0.6924046277999878,1,1,0.6924046277999878,0.1924046277999878,5,1,4,0.810304449648712,4.3629976580796255,nested_oof,0.5
396-1,396,1,4,0,0,0.6924046277999878,0.6924046277999878,1,1,0.6924046277999878,0.1924046277999878,5,2,4,0.8126463700234192,4.02576112412178,nested_oof,0.5
396-2,396,2,4,0,0,0.6924046277999878,0.6924046277999878,1,1,0.6924046277999878,0.1924046277999878,4,3,4,0.7939110070257611,3.8454332552693207,nested_oof,0.5
396-3,396,3,4,0,0,0.6924046277999878,0.6924046277999878,1,1,0.6924046277999878,0.1924046277999878,4,2,4,0.8149882903981265,3.9555035128805622,nested_oof,0.5
396-4,396,4,4,0,0,0.6924046277999878,0.6924046277999878,1,1,0.6924046277999878,0.1924046277999878,5,1,3,0.8618266978922717,4.583138173302108,nested_oof,0.5
396-5,396,5,4,0,0,0.6924046277999878,0.6924046277999878,1,1,0.6924046277999878,0.1924046277999878,4,3,3,0.7868852459016393,3.962529274004684,nested_oof,0.5
396-6,396,6,4,0,0,0.6924046277999878,0.6924046277999878,1,1,0.6924046277999878,0.1924046277999878,4,3,2,0.7915690866510539,3.7353629976580796,nested_oof,0.5
396-7,396,7,4,0,0,0.6924046277999878,0.6924046277999878,1,1,0.6924046277999878,0.1924046277999878,3,3,2,0.8407494145199064,3.540983606557377,nested_oof,0.5
396-8,396,8,4,0,0,0.6924046277999878,0.6924046277999878,1,1,0.6924046277999878,0.1924046277999878,3,3,2,0.7985948477751756,2.791569086651054,nested_oof,0.5
396-9,396,9,4,0,0,0.6924046277999878,0.6924046277999878,1,1,0.6924046277999878,0.1924046277999878,4,2,4,0.819672131147541,4.285714285714286,nested_oof,0.5
396-10,396,10,4,0,0,0.6924046277999878,0.6924046277999878,1,1,0.6924046277999878,0.1924046277999878,4,2,4,0.775175644028103,3.4988290398126463,nested_oof,0.5
396-11,396,11,4,0,0,0.6924046277999878,0.6924046277999878,1,1,0.6924046277999878,0.1924046277999878,5,2,4,0.7892271662763466,3.782201405152225,nested_oof,0.5
396-12,396,12,4,0,0,0.6924046277999878,0.6924046277999878,1,1,0.6924046277999878,0.1924046277999878,4,2,4,0.8290398126463701,3.6721311475409837,nested_oof,0.5
397-0,397,0,2,0,0,0.0499698184430599,0.0499698184430599,0,0,0.0499698184430599,0.4500301815569401,4,1,4,0.810304449648712,4.3629976580796255,nested_oof,0.5
397-1,397,1,2,0,0,0.0499698184430599,0.0499698184430599,0,0,0.0499698184430599,0.4500301815569401,4,2,4,0.8126463700234192,4.02576112412178,nested_oof,0.5
397-2,397,2,2,1,1,0.9500301815569401,0.0499698184430599,0,1,0.9500301815569401,0.4500301815569401,4,3,4,0.7939110070257611,3.8454332552693207,nested_oof,0.5
397-3,397,3,2,0,0,0.0499698184430599,0.0499698184430599,0,0,0.0499698184430599,0.4500301815569401,4,3,4,0.8149882903981265,3.9555035128805622,nested_oof,0.5
397-4,397,4,2,0,0,0.0499698184430599,0.0499698184430599,0,0,0.0499698184430599,0.4500301815569401,5,2,3,0.8618266978922717,4.583138173302108,nested_oof,0.5
397-5,397,5,2,0,0,0.0499698184430599,0.0499698184430599,0,0,0.0499698184430599,0.4500301815569401,4,2,3,0.7868852459016393,3.962529274004684,nested_oof,0.5
397-6,397,6,2,0,0,0.0499698184430599,0.0499698184430599,0,0,0.0499698184430599,0.4500301815569401,3,3,2,0.7915690866510539,3.7353629976580796,nested_oof,0.5
397-7,397,7,2,0,0,0.0499698184430599,0.0499698184430599,0,0,0.0499698184430599,0.4500301815569401,3,3,2,0.8407494145199064,3.540983606557377,nested_oof,0.5
397-8,397,8,2,0,0,0.0499698184430599,0.0499698184430599,0,0,0.0499698184430599,0.4500301815569401,3,3,2,0.7985948477751756,2.791569086651054,nested_oof,0.5
397-9,397,9,2,0,0,0.0499698184430599,0.0499698184430599,0,0,0.0499698184430599,0.4500301815569401,4,3,4,0.819672131147541,4.285714285714286,nested_oof,0.5
397-10,397,10,2,0,0,0.0499698184430599,0.0499698184430599,0,0,0.0499698184430599,0.4500301815569401,4,3,4,0.775175644028103,3.4988290398126463,nested_oof,0.5
397-11,397,11,2,0,0,0.0499698184430599,0.0499698184430599,0,0,0.0499698184430599,0.4500301815569401,5,2,4,0.7892271662763466,3.782201405152225,nested_oof,0.5
397-12,397,12,2,0,0,0.0499698184430599,0.0499698184430599,0,0,0.0499698184430599,0.4500301815569401,4,3,4,0.8290398126463701,3.6721311475409837,nested_oof,0.5
398-0,398,0,5,0,0,0.9960220456123352,0.9960220456123352,1,1,0.9960220456123352,0.4960220456123352,4,2,4,0.810304449648712,4.3629976580796255,nested_oof,0.5
398-1,398,1,5,0,0,0.9960220456123352,0.9960220456123352,1,1,0.9960220456123352,0.4960220456123352,3,4,4,0.8126463700234192,4.02576112412178,nested_oof,0.5
398-2,398,2,5,1,1,0.003977954387664795,0.9960220456123352,1,0,0.003977954387664795,0.4960220456123352,5,2,4,0.7939110070257611,3.8454332552693207,nested_oof,0.5
398-3,398,3,5,0,0,0.9960220456123352,0.9960220456123352,1,1,0.9960220456123352,0.4960220456123352,2,4,4,0.8149882903981265,3.9555035128805622,nested_oof,0.5
398-4,398,4,5,1,1,0.003977954387664795,0.9960220456123352,1,0,0.003977954387664795,0.4960220456123352,5,2,3,0.8618266978922717,4.583138173302108,nested_oof,0.5
398-5,398,5,5,0,0,0.9960220456123352,0.9960220456123352,1,1,0.9960220456123352,0.4960220456123352,4,2,3,0.7868852459016393,3.962529274004684,nested_oof,0.5
398-6,398,6,5,1,1,0.003977954387664795,0.9960220456123352,1,0,0.003977954387664795,0.4960220456123352,5,3,2,0.7915690866510539,3.7353629976580796,nested_oof,0.5
398-7,398,7,5,1,1,0.003977954387664795,0.9960220456123352,1,0,0.003977954387664795,0.4960220456123352,3,3,2,0.8407494145199064,3.540983606557377,nested_oof,0.5
398-8,398,8,5,1,1,0.003977954387664795,0.9960220456123352,1,0,0.003977954387664795,0.4960220456123352,3,3,2,0.7985948477751756,2.791569086651054,nested_oof,0.5
398-9,398,9,5,1,1,0.003977954387664795,0.9960220456123352,1,0,0.003977954387664795,0.4960220456123352,5,3,4,0.819672131147541,4.285714285714286,nested_oof,0.5
398-10,398,10,5,1,1,0.003977954387664795,0.9960220456123352,1,0,0.003977954387664795,0.4960220456123352,3,4,4,0.775175644028103,3.4988290398126463,nested_oof,0.5
398-11,398,11,5,1,1,0.003977954387664795,0.9960220456123352,1,0,0.003977954387664795,0.4960220456123352,5,2,4,0.7892271662763466,3.782201405152225,nested_oof,0.5
398-12,398,12,5,0,0,0.9960220456123352,0.9960220456123352,1,1,0.9960220456123352,0.4960220456123352,3,4,4,0.8290398126463701,3.6721311475409837,nested_oof,0.5
399-0,399,0,4,0,0,0.1667805165052414,0.1667805165052414,0,0,0.1667805165052414,0.3332194834947586,4,2,4,0.810304449648712,4.3629976580796255,nested_oof,0.5
399-1,399,1,4,0,0,0.1667805165052414,0.1667805165052414,0,0,0.1667805165052414,0.3332194834947586,5,2,4,0.8126463700234192,4.02576112412178,nested_oof,0.5
399-2,399,2,4,1,1,0.8332194834947586,0.1667805165052414,0,1,0.8332194834947586,0.3332194834947586,4,3,4,0.7939110070257611,3.8454332552693207,nested_oof,0.5
399-3,399,3,4,1,1,0.8332194834947586,0.1667805165052414,0,1,0.8332194834947586,0.3332194834947586,3,3,4,0.8149882903981265,3.9555035128805622,nested_oof,0.5
399-4,399,4,4,0,0,0.1667805165052414,0.1667805165052414,0,0,0.1667805165052414,0.3332194834947586,5,2,3,0.8618266978922717,4.583138173302108,nested_oof,0.5
399-5,399,5,4,0,0,0.1667805165052414,0.1667805165052414,0,0,0.1667805165052414,0.3332194834947586,4,2,3,0.7868852459016393,3.962529274004684,nested_oof,0.5
399-6,399,6,4,1,1,0.8332194834947586,0.1667805165052414,0,1,0.8332194834947586,0.3332194834947586,3,4,2,0.7915690866510539,3.7353629976580796,nested_oof,0.5
399-7,399,7,4,0,0,0.1667805165052414,0.1667805165052414,0,0,0.1667805165052414,0.3332194834947586,2,3,2,0.8407494145199064,3.540983606557377,nested_oof,0.5
399-8,399,8,4,0,0,0.1667805165052414,0.1667805165052414,0,0,0.1667805165052414,0.3332194834947586,3,3,2,0.7985948477751756,2.791569086651054,nested_oof,0.5
399-9,399,9,4,0,0,0.1667805165052414,0.1667805165052414,0,0,0.1667805165052414,0.3332194834947586,4,3,4,0.819672131147541,4.285714285714286,nested_oof,0.5
399-10,399,10,4,0,0,0.1667805165052414,0.1667805165052414,0,0,0.1667805165052414,0.3332194834947586,4,2,4,0.775175644028103,3.4988290398126463,nested_oof,0.5
399-11,399,11,4,0,0,0.1667805165052414,0.1667805165052414,0,0,0.1667805165052414,0.3332194834947586,5,2,4,0.7892271662763466,3.782201405152225,nested_oof,0.5
399-12,399,12,4,0,0,0.1667805165052414,0.1667805165052414,0,0,0.1667805165052414,0.3332194834947586,4,3,4,0.8290398126463701,3.6721311475409837,nested_oof,0.5
400-0,400,0,4,0,0,0.7153865694999695,0.7153865694999695,1,1,0.7153865694999695,0.21538656949996948,4,2,4,0.810304449648712,4.3629976580796255,nested_oof,0.5
400-1,400,1,4,0,0,0.7153865694999695,0.7153865694999695,1,1,0.7153865694999695,0.21538656949996948,5,2,4,0.8126463700234192,4.02576112412178,nested_oof,0.5
400-2,400,2,4,0,0,0.7153865694999695,0.7153865694999695,1,1,0.7153865694999695,0.21538656949996948,4,3,4,0.7939110070257611,3.8454332552693207,nested_oof,0.5
400-3,400,3,4,0,0,0.7153865694999695,0.7153865694999695,1,1,0.7153865694999695,0.21538656949996948,5,1,4,0.8149882903981265,3.9555035128805622,nested_oof,0.5
400-4,400,4,4,0,0,0.7153865694999695,0.7153865694999695,1,1,0.7153865694999695,0.21538656949996948,5,1,3,0.8618266978922717,4.583138173302108,nested_oof,0.5
400-5,400,5,4,0,0,0.7153865694999695,0.7153865694999695,1,1,0.7153865694999695,0.21538656949996948,4,2,3,0.7868852459016393,3.962529274004684,nested_oof,0.5
400-6,400,6,4,1,1,0.2846134305000305,0.7153865694999695,1,0,0.2846134305000305,0.21538656949996948,2,4,2,0.7915690866510539,3.7353629976580796,nested_oof,0.5
400-7,400,7,4,0,0,0.7153865694999695,0.7153865694999695,1,1,0.7153865694999695,0.21538656949996948,3,3,2,0.8407494145199064,3.540983606557377,nested_oof,0.5
400-8,400,8,4,0,0,0.7153865694999695,0.7153865694999695,1,1,0.7153865694999695,0.21538656949996948,3,3,2,0.7985948477751756,2.791569086651054,nested_oof,0.5
400-9,400,9,4,0,0,0.7153865694999695,0.7153865694999695,1,1,0.7153865694999695,0.21538656949996948,4,3,4,0.819672131147541,4.285714285714286,nested_oof,0.5
400-10,400,10,4,0,0,0.7153865694999695,0.7153865694999695,1,1,0.7153865694999695,0.21538656949996948,4,2,4,0.775175644028103,3.4988290398126463,nested_oof,0.5
400-11,400,11,4,0,0,0.7153865694999695,0.7153865694999695,1,1,0.7153865694999695,0.21538656949996948,5,2,4,0.7892271662763466,3.782201405152225,nested_oof,0.5
400-12,400,12,4,0,0,0.7153865694999695,0.7153865694999695,1,1,0.7153865694999695,0.21538656949996948,4,2,4,0.8290398126463701,3.6721311475409837,nested_oof,0.5
401-0,401,0,2,1,0,0.02044171094894398,0.979558289051056,1,0,0.02044171094894398,0.479558289051056,3,4,4,0.810304449648712,4.3629976580796255,nested_oof,0.5
401-1,401,1,2,1,0,0.02044171094894398,0.979558289051056,1,0,0.02044171094894398,0.479558289051056,4,3,4,0.8126463700234192,4.02576112412178,nested_oof,0.5
401-2,401,2,2,1,0,0.02044171094894398,0.979558289051056,1,0,0.02044171094894398,0.479558289051056,4,3,4,0.7939110070257611,3.8454332552693207,nested_oof,0.5
401-3,401,3,2,1,0,0.02044171094894398,0.979558289051056,1,0,0.02044171094894398,0.479558289051056,4,3,4,0.8149882903981265,3.9555035128805622,nested_oof,0.5
401-4,401,4,2,1,0,0.02044171094894398,0.979558289051056,1,0,0.02044171094894398,0.479558289051056,4,3,3,0.8618266978922717,4.583138173302108,nested_oof,0.5
401-5,401,5,2,1,0,0.02044171094894398,0.979558289051056,1,0,0.02044171094894398,0.479558289051056,3,3,3,0.7868852459016393,3.962529274004684,nested_oof,0.5
401-6,401,6,2,1,0,0.02044171094894398,0.979558289051056,1,0,0.02044171094894398,0.479558289051056,5,3,2,0.7915690866510539,3.7353629976580796,nested_oof,0.5
401-7,401,7,2,1,0,0.02044171094894398,0.979558289051056,1,0,0.02044171094894398,0.479558289051056,3,3,2,0.8407494145199064,3.540983606557377,nested_oof,0.5
401-8,401,8,2,1,0,0.02044171094894398,0.979558289051056,1,0,0.02044171094894398,0.479558289051056,2,3,2,0.7985948477751756,2.791569086651054,nested_oof,0.5
401-9,401,9,2,1,0,0.02044171094894398,0.979558289051056,1,0,0.02044171094894398,0.479558289051056,5,3,4,0.819672131147541,4.285714285714286,nested_oof,0.5
401-10,401,10,2,1,0,0.02044171094894398,0.979558289051056,1,0,0.02044171094894398,0.479558289051056,3,3,4,0.775175644028103,3.4988290398126463,nested_oof,0.5
401-11,401,11,2,1,0,0.02044171094894398,0.979558289051056,1,0,0.02044171094894398,0.479558289051056,5,2,4,0.7892271662763466,3.782201405152225,nested_oof,0.5
401-12,401,12,2,1,0,0.02044171094894398,0.979558289051056,1,0,0.02044171094894398,0.479558289051056,4,3,4,0.8290398126463701,3.6721311475409837,nested_oof,0.5
402-0,402,0,4,1,1,0.9870193544775248,0.0129806455224752,0,1,0.9870193544775248,0.4870193544775248,3,3,4,0.810304449648712,4.3629976580796255,nested_oof,0.5
402-1,402,1,4,1,1,0.9870193544775248,0.0129806455224752,0,1,0.9870193544775248,0.4870193544775248,4,3,4,0.8126463700234192,4.02576112412178,nested_oof,0.5
402-2,402,2,4,1,1,0.9870193544775248,0.0129806455224752,0,1,0.9870193544775248,0.4870193544775248,3,3,4,0.7939110070257611,3.8454332552693207,nested_oof,0.5
402-3,402,3,4,0,0,0.0129806455224752,0.0129806455224752,0,0,0.0129806455224752,0.4870193544775248,3,3,4,0.8149882903981265,3.9555035128805622,nested_oof,0.5
402-4,402,4,4,0,0,0.0129806455224752,0.0129806455224752,0,0,0.0129806455224752,0.4870193544775248,5,3,3,0.8618266978922717,4.583138173302108,nested_oof,0.5
402-5,402,5,4,0,0,0.0129806455224752,0.0129806455224752,0,0,0.0129806455224752,0.4870193544775248,4,2,3,0.7868852459016393,3.962529274004684,nested_oof,0.5
402-6,402,6,4,0,0,0.0129806455224752,0.0129806455224752,0,0,0.0129806455224752,0.4870193544775248,3,3,2,0.7915690866510539,3.7353629976580796,nested_oof,0.5
402-7,402,7,4,1,1,0.9870193544775248,0.0129806455224752,0,1,0.9870193544775248,0.4870193544775248,3,3,2,0.8407494145199064,3.540983606557377,nested_oof,0.5
402-8,402,8,4,0,0,0.0129806455224752,0.0129806455224752,0,0,0.0129806455224752,0.4870193544775248,2,3,2,0.7985948477751756,2.791569086651054,nested_oof,0.5
402-9,402,9,4,0,0,0.0129806455224752,0.0129806455224752,0,0,0.0129806455224752,0.4870193544775248,4,3,4,0.819672131147541,4.285714285714286,nested_oof,0.5
402-10,402,10,4,0,0,0.0129806455224752,0.0129806455224752,0,0,0.0129806455224752,0.4870193544775248,4,3,4,0.775175644028103,3.4988290398126463,nested_oof,0.5
402-11,402,11,4,0,0,0.0129806455224752,0.0129806455224752,0,0,0.0129806455224752,0.4870193544775248,5,2,4,0.7892271662763466,3.782201405152225,nested_oof,0.5
402-12,402,12,4,0,0,0.0129806455224752,0.0129806455224752,0,0,0.0129806455224752,0.4870193544775248,4,3,4,0.8290398126463701,3.6721311475409837,nested_oof,0.5
403-0,403,0,4,1,0,0.22786247730255127,0.7721375226974487,1,0,0.22786247730255127,0.27213752269744873,4,3,4,0.810304449648712,4.3629976580796255,nested_oof,0.5
403-1,403,1,4,1,0,0.22786247730255127,0.7721375226974487,1,0,0.22786247730255127,0.27213752269744873,4,4,4,0.8126463700234192,4.02576112412178,nested_oof,0.5
403-2,403,2,4,1,0,0.22786247730255127,0.7721375226974487,1,0,0.22786247730255127,0.27213752269744873,4,3,4,0.7939110070257611,3.8454332552693207,nested_oof,0.5
403-3,403,3,4,0,1,0.7721375226974487,0.7721375226974487,1,1,0.7721375226974487,0.27213752269744873,3,3,4,0.8149882903981265,3.9555035128805622,nested_oof,0.5
403-4,403,4,4,1,0,0.22786247730255127,0.7721375226974487,1,0,0.22786247730255127,0.27213752269744873,4,4,3,0.8618266978922717,4.583138173302108,nested_oof,0.5
403-5,403,5,4,0,1,0.7721375226974487,0.7721375226974487,1,1,0.7721375226974487,0.27213752269744873,4,3,3,0.7868852459016393,3.962529274004684,nested_oof,0.5
403-6,403,6,4,1,0,0.22786247730255127,0.7721375226974487,1,0,0.22786247730255127,0.27213752269744873,3,4,2,0.7915690866510539,3.7353629976580796,nested_oof,0.5
403-7,403,7,4,1,0,0.22786247730255127,0.7721375226974487,1,0,0.22786247730255127,0.27213752269744873,3,3,2,0.8407494145199064,3.540983606557377,nested_oof,0.5
403-8,403,8,4,1,0,0.22786247730255127,0.7721375226974487,1,0,0.22786247730255127,0.27213752269744873,3,3,2,0.7985948477751756,2.791569086651054,nested_oof,0.5
403-9,403,9,4,0,1,0.7721375226974487,0.7721375226974487,1,1,0.7721375226974487,0.27213752269744873,3,4,4,0.819672131147541,4.285714285714286,nested_oof,0.5
403-10,403,10,4,1,0,0.22786247730255127,0.7721375226974487,1,0,0.22786247730255127,0.27213752269744873,4,3,4,0.775175644028103,3.4988290398126463,nested_oof,0.5
403-11,403,11,4,1,0,0.22786247730255127,0.7721375226974487,1,0,0.22786247730255127,0.27213752269744873,5,2,4,0.7892271662763466,3.782201405152225,nested_oof,0.5
403-12,403,12,4,1,0,0.22786247730255127,0.7721375226974487,1,0,0.22786247730255127,0.27213752269744873,4,4,4,0.8290398126463701,3.6721311475409837,nested_oof,0.5
404-0,404,0,3,0,0,0.0474391840398311,0.0474391840398311,0,0,0.0474391840398311,0.4525608159601689,4,3,4,0.810304449648712,4.3629976580796255,nested_oof,0.5
404-1,404,1,3,0,0,0.0474391840398311,0.0474391840398311,0,0,0.0474391840398311,0.4525608159601689,3,4,4,0.8126463700234192,4.02576112412178,nested_oof,0.5
404-2,404,2,3,1,1,0.952560815960169,0.0474391840398311,0,1,0.952560815960169,0.4525608159601689,4,3,4,0.7939110070257611,3.8454332552693207,nested_oof,0.5
404-3,404,3,3,0,0,0.0474391840398311,0.0474391840398311,0,0,0.0474391840398311,0.4525608159601689,4,3,4,0.8149882903981265,3.9555035128805622,nested_oof,0.5
404-4,404,4,3,1,1,0.952560815960169,0.0474391840398311,0,1,0.952560815960169,0.4525608159601689,5,4,3,0.8618266978922717,4.583138173302108,nested_oof,0.5
404-5,404,5,3,0,0,0.0474391840398311,0.0474391840398311,0,0,0.0474391840398311,0.4525608159601689,4,2,3,0.7868852459016393,3.962529274004684,nested_oof,0.5
404-6,404,6,3,1,1,0.952560815960169,0.0474391840398311,0,1,0.952560815960169,0.4525608159601689,4,4,2,0.7915690866510539,3.7353629976580796,nested_oof,0.5
404-7,404,7,3,0,0,0.0474391840398311,0.0474391840398311,0,0,0.0474391840398311,0.4525608159601689,3,3,2,0.8407494145199064,3.540983606557377,nested_oof,0.5
404-8,404,8,3,1,1,0.952560815960169,0.0474391840398311,0,1,0.952560815960169,0.4525608159601689,3,4,2,0.7985948477751756,2.791569086651054,nested_oof,0.5
404-9,404,9,3,0,0,0.0474391840398311,0.0474391840398311,0,0,0.0474391840398311,0.4525608159601689,4,4,4,0.819672131147541,4.285714285714286,nested_oof,0.5
404-10,404,10,3,0,0,0.0474391840398311,0.0474391840398311,0,0,0.0474391840398311,0.4525608159601689,4,3,4,0.775175644028103,3.4988290398126463,nested_oof,0.5
404-11,404,11,3,0,0,0.0474391840398311,0.0474391840398311,0,0,0.0474391840398311,0.4525608159601689,4,2,4,0.7892271662763466,3.782201405152225,nested_oof,0.5
404-12,404,12,3,0,0,0.0474391840398311,0.0474391840398311,0,0,0.0474391840398311,0.4525608159601689,4,3,4,0.8290398126463701,3.6721311475409837,nested_oof,0.5
405-0,405,0,3,0,1,0.133924588561058,0.133924588561058,0,0,0.133924588561058,0.366075411438942,4,1,4,0.810304449648712,4.3629976580796255,nested_oof,0.5
405-1,405,1,3,1,0,0.866075411438942,0.133924588561058,0,1,0.866075411438942,0.366075411438942,5,3,4,0.8126463700234192,4.02576112412178,nested_oof,0.5
405-2,405,2,3,0,1,0.133924588561058,0.133924588561058,0,0,0.133924588561058,0.366075411438942,5,3,4,0.7939110070257611,3.8454332552693207,nested_oof,0.5
405-3,405,3,3,0,1,0.133924588561058,0.133924588561058,0,0,0.133924588561058,0.366075411438942,3,3,4,0.8149882903981265,3.9555035128805622,nested_oof,0.5
405-4,405,4,3,0,1,0.133924588561058,0.133924588561058,0,0,0.133924588561058,0.366075411438942,5,3,3,0.8618266978922717,4.583138173302108,nested_oof,0.5
405-5,405,5,3,0,1,0.133924588561058,0.133924588561058,0,0,0.133924588561058,0.366075411438942,4,2,3,0.7868852459016393,3.962529274004684,nested_oof,0.5
405-6,405,6,3,1,0,0.866075411438942,0.133924588561058,0,1,0.866075411438942,0.366075411438942,2,4,2,0.7915690866510539,3.7353629976580796,nested_oof,0.5
405-7,405,7,3,1,0,0.866075411438942,0.133924588561058,0,1,0.866075411438942,0.366075411438942,2,3,2,0.8407494145199064,3.540983606557377,nested_oof,0.5
405-8,405,8,3,1,0,0.866075411438942,0.133924588561058,0,1,0.866075411438942,0.366075411438942,3,3,2,0.7985948477751756,2.791569086651054,nested_oof,0.5
405-9,405,9,3,1,0,0.866075411438942,0.133924588561058,0,1,0.866075411438942,0.366075411438942,4,4,4,0.819672131147541,4.285714285714286,nested_oof,0.5
405-10,405,10,3,1,0,0.866075411438942,0.133924588561058,0,1,0.866075411438942,0.366075411438942,3,3,4,0.775175644028103,3.4988290398126463,nested_oof,0.5
405-11,405,11,3,1,0,0.866075411438942,0.133924588561058,0,1,0.866075411438942,0.366075411438942,4,2,4,0.7892271662763466,3.782201405152225,nested_oof,0.5
405-12,405,12,3,1,0,0.866075411438942,0.133924588561058,0,1,0.866075411438942,0.366075411438942,4,3,4,0.8290398126463701,3.6721311475409837,nested_oof,0.5
406-0,406,0,4,1,0,0.9851966416463256,0.0148033583536744,0,1,0.9851966416463256,0.4851966416463256,3,4,4,0.810304449648712,4.3629976580796255,nested_oof,0.5
406-1,406,1,4,0,1,0.0148033583536744,0.0148033583536744,0,0,0.0148033583536744,0.4851966416463256,4,3,4,0.8126463700234192,4.02576112412178,nested_oof,0.5
406-2,406,2,4,0,1,0.0148033583536744,0.0148033583536744,0,0,0.0148033583536744,0.4851966416463256,3,3,4,0.7939110070257611,3.8454332552693207,nested_oof,0.5
406-3,406,3,4,0,1,0.0148033583536744,0.0148033583536744,0,0,0.0148033583536744,0.4851966416463256,4,2,4,0.8149882903981265,3.9555035128805622,nested_oof,0.5
406-4,406,4,4,1,0,0.9851966416463256,0.0148033583536744,0,1,0.9851966416463256,0.4851966416463256,4,3,3,0.8618266978922717,4.583138173302108,nested_oof,0.5
406-5,406,5,4,0,1,0.0148033583536744,0.0148033583536744,0,0,0.0148033583536744,0.4851966416463256,4,3,3,0.7868852459016393,3.962529274004684,nested_oof,0.5
406-6,406,6,4,1,0,0.9851966416463256,0.0148033583536744,0,1,0.9851966416463256,0.4851966416463256,2,4,2,0.7915690866510539,3.7353629976580796,nested_oof,0.5
406-7,406,7,4,1,0,0.9851966416463256,0.0148033583536744,0,1,0.9851966416463256,0.4851966416463256,2,3,2,0.8407494145199064,3.540983606557377,nested_oof,0.5
406-8,406,8,4,1,0,0.9851966416463256,0.0148033583536744,0,1,0.9851966416463256,0.4851966416463256,3,3,2,0.7985948477751756,2.791569086651054,nested_oof,0.5
406-9,406,9,4,0,1,0.0148033583536744,0.0148033583536744,0,0,0.0148033583536744,0.4851966416463256,4,4,4,0.819672131147541,4.285714285714286,nested_oof,0.5
406-10,406,10,4,0,1,0.0148033583536744,0.0148033583536744,0,0,0.0148033583536744,0.4851966416463256,4,2,4,0.775175644028103,3.4988290398126463,nested_oof,0.5
406-11,406,11,4,0,1,0.0148033583536744,0.0148033583536744,0,0,0.0148033583536744,0.4851966416463256,5,2,4,0.7892271662763466,3.782201405152225,nested_oof,0.5
406-12,406,12,4,1,0,0.9851966416463256,0.0148033583536744,0,1,0.9851966416463256,0.4851966416463256,3,3,4,0.8290398126463701,3.6721311475409837,nested_oof,0.5
407-0,407,0,3,1,1,0.946697685867548,0.053302314132452,0,1,0.946697685867548,0.446697685867548,3,3,4,0.810304449648712,4.3629976580796255,nested_oof,0.5
407-1,407,1,3,0,0,0.053302314132452,0.053302314132452,0,0,0.053302314132452,0.446697685867548,4,3,4,0.8126463700234192,4.02576112412178,nested_oof,0.5
407-2,407,2,3,0,0,0.053302314132452,0.053302314132452,0,0,0.053302314132452,0.446697685867548,4,3,4,0.7939110070257611,3.8454332552693207,nested_oof,0.5
407-3,407,3,3,1,1,0.946697685867548,0.053302314132452,0,1,0.946697685867548,0.446697685867548,3,3,4,0.8149882903981265,3.9555035128805622,nested_oof,0.5
407-4,407,4,3,0,0,0.053302314132452,0.053302314132452,0,0,0.053302314132452,0.446697685867548,4,3,3,0.8618266978922717,4.583138173302108,nested_oof,0.5
407-5,407,5,3,0,0,0.053302314132452,0.053302314132452,0,0,0.053302314132452,0.446697685867548,4,3,3,0.7868852459016393,3.962529274004684,nested_oof,0.5
407-6,407,6,3,0,0,0.053302314132452,0.053302314132452,0,0,0.053302314132452,0.446697685867548,4,4,2,0.7915690866510539,3.7353629976580796,nested_oof,0.5
407-7,407,7,3,1,1,0.946697685867548,0.053302314132452,0,1,0.946697685867548,0.446697685867548,2,3,2,0.8407494145199064,3.540983606557377,nested_oof,0.5
407-8,407,8,3,0,0,0.053302314132452,0.053302314132452,0,0,0.053302314132452,0.446697685867548,3,3,2,0.7985948477751756,2.791569086651054,nested_oof,0.5
407-9,407,9,3,0,0,0.053302314132452,0.053302314132452,0,0,0.053302314132452,0.446697685867548,4,3,4,0.819672131147541,4.285714285714286,nested_oof,0.5
407-10,407,10,3,0,0,0.053302314132452,0.053302314132452,0,0,0.053302314132452,0.446697685867548,4,3,4,0.775175644028103,3.4988290398126463,nested_oof,0.5
407-11,407,11,3,1,1,0.946697685867548,0.053302314132452,0,1,0.946697685867548,0.446697685867548,5,2,4,0.7892271662763466,3.782201405152225,nested_oof,0.5
407-12,407,12,3,0,0,0.053302314132452,0.053302314132452,0,0,0.053302314132452,0.446697685867548,4,3,4,0.8290398126463701,3.6721311475409837,nested_oof,0.5
408-0,408,0,4,1,1,0.9712057337164879,0.0287942662835121,0,1,0.9712057337164879,0.4712057337164879,4,3,4,0.810304449648712,4.3629976580796255,nested_oof,0.5
408-1,408,1,4,1,1,0.9712057337164879,0.0287942662835121,0,1,0.9712057337164879,0.4712057337164879,3,4,4,0.8126463700234192,4.02576112412178,nested_oof,0.5
408-2,408,2,4,1,1,0.9712057337164879,0.0287942662835121,0,1,0.9712057337164879,0.4712057337164879,4,3,4,0.7939110070257611,3.8454332552693207,nested_oof,0.5
408-3,408,3,4,1,1,0.9712057337164879,0.0287942662835121,0,1,0.9712057337164879,0.4712057337164879,4,3,4,0.8149882903981265,3.9555035128805622,nested_oof,0.5
408-4,408,4,4,0,0,0.0287942662835121,0.0287942662835121,0,0,0.0287942662835121,0.4712057337164879,4,3,3,0.8618266978922717,4.583138173302108,nested_oof,0.5
408-5,408,5,4,0,0,0.0287942662835121,0.0287942662835121,0,0,0.0287942662835121,0.4712057337164879,4,3,3,0.7868852459016393,3.962529274004684,nested_oof,0.5
408-6,408,6,4,0,0,0.0287942662835121,0.0287942662835121,0,0,0.0287942662835121,0.4712057337164879,3,4,2,0.7915690866510539,3.7353629976580796,nested_oof,0.5
408-7,408,7,4,1,1,0.9712057337164879,0.0287942662835121,0,1,0.9712057337164879,0.4712057337164879,2,3,2,0.8407494145199064,3.540983606557377,nested_oof,0.5
408-8,408,8,4,1,1,0.9712057337164879,0.0287942662835121,0,1,0.9712057337164879,0.4712057337164879,2,3,2,0.7985948477751756,2.791569086651054,nested_oof,0.5
408-9,408,9,4,1,1,0.9712057337164879,0.0287942662835121,0,1,0.9712057337164879,0.4712057337164879,4,4,4,0.819672131147541,4.285714285714286,nested_oof,0.5
408-10,408,10,4,0,0,0.0287942662835121,0.0287942662835121,0,0,0.0287942662835121,0.4712057337164879,3,3,4,0.775175644028103,3.4988290398126463,nested_oof,0.5
408-11,408,11,4,1,1,0.9712057337164879,0.0287942662835121,0,1,0.9712057337164879,0.4712057337164879,3,3,4,0.7892271662763466,3.782201405152225,nested_oof,0.5
408-12,408,12,4,1,1,0.9712057337164879,0.0287942662835121,0,1,0.9712057337164879,0.4712057337164879,3,3,4,0.8290398126463701,3.6721311475409837,nested_oof,0.5
409-0,409,0,2,1,0,0.08639460802078236,0.9136053919792176,1,0,0.08639460802078236,0.41360539197921764,4,2,4,0.810304449648712,4.3629976580796255,nested_oof,0.5
409-1,409,1,2,1,0,0.08639460802078236,0.9136053919792176,1,0,0.08639460802078236,0.41360539197921764,5,3,4,0.8126463700234192,4.02576112412178,nested_oof,0.5
409-2,409,2,2,1,0,0.08639460802078236,0.9136053919792176,1,0,0.08639460802078236,0.41360539197921764,5,2,4,0.7939110070257611,3.8454332552693207,nested_oof,0.5
409-3,409,3,2,0,1,0.9136053919792176,0.9136053919792176,1,1,0.9136053919792176,0.41360539197921764,4,3,4,0.8149882903981265,3.9555035128805622,nested_oof,0.5
409-4,409,4,2,1,0,0.08639460802078236,0.9136053919792176,1,0,0.08639460802078236,0.41360539197921764,5,3,3,0.8618266978922717,4.583138173302108,nested_oof,0.5
409-5,409,5,2,1,0,0.08639460802078236,0.9136053919792176,1,0,0.08639460802078236,0.41360539197921764,4,3,3,0.7868852459016393,3.962529274004684,nested_oof,0.5
409-6,409,6,2,1,0,0.08639460802078236,0.9136053919792176,1,0,0.08639460802078236,0.41360539197921764,5,3,2,0.7915690866510539,3.7353629976580796,nested_oof,0.5
409-7,409,7,2,1,0,0.08639460802078236,0.9136053919792176,1,0,0.08639460802078236,0.41360539197921764,3,3,2,0.8407494145199064,3.540983606557377,nested_oof,0.5
409-8,409,8,2,1,0,0.08639460802078236,0.9136053919792176,1,0,0.08639460802078236,0.41360539197921764,3,3,2,0.7985948477751756,2.791569086651054,nested_oof,0.5
409-9,409,9,2,1,0,0.08639460802078236,0.9136053919792176,1,0,0.08639460802078236,0.41360539197921764,5,3,4,0.819672131147541,4.285714285714286,nested_oof,0.5
409-10,409,10,2,1,0,0.08639460802078236,0.9136053919792176,1,0,0.08639460802078236,0.41360539197921764,3,3,4,0.775175644028103,3.4988290398126463,nested_oof,0.5
409-11,409,11,2,1,0,0.08639460802078236,0.9136053919792176,1,0,0.08639460802078236,0.41360539197921764,5,3,4,0.7892271662763466,3.782201405152225,nested_oof,0.5
409-12,409,12,2,1,0,0.08639460802078236,0.9136053919792176,1,0,0.08639460802078236,0.41360539197921764,4,3,4,0.8290398126463701,3.6721311475409837,nested_oof,0.5
410-0,410,0,5,1,1,0.08498346805572521,0.9150165319442748,1,0,0.08498346805572521,0.4150165319442748,5,1,4,0.810304449648712,4.3629976580796255,nested_oof,0.5
410-1,410,1,5,1,1,0.08498346805572521,0.9150165319442748,1,0,0.08498346805572521,0.4150165319442748,5,3,4,0.8126463700234192,4.02576112412178,nested_oof,0.5
410-2,410,2,5,1,1,0.08498346805572521,0.9150165319442748,1,0,0.08498346805572521,0.4150165319442748,4,3,4,0.7939110070257611,3.8454332552693207,nested_oof,0.5
410-3,410,3,5,1,1,0.08498346805572521,0.9150165319442748,1,0,0.08498346805572521,0.4150165319442748,2,2,4,0.8149882903981265,3.9555035128805622,nested_oof,0.5
410-4,410,4,5,1,1,0.08498346805572521,0.9150165319442748,1,0,0.08498346805572521,0.4150165319442748,5,3,3,0.8618266978922717,4.583138173302108,nested_oof,0.5
410-5,410,5,5,1,1,0.08498346805572521,0.9150165319442748,1,0,0.08498346805572521,0.4150165319442748,4,2,3,0.7868852459016393,3.962529274004684,nested_oof,0.5
410-6,410,6,5,1,1,0.08498346805572521,0.9150165319442748,1,0,0.08498346805572521,0.4150165319442748,5,3,2,0.7915690866510539,3.7353629976580796,nested_oof,0.5
410-7,410,7,5,1,1,0.08498346805572521,0.9150165319442748,1,0,0.08498346805572521,0.4150165319442748,3,3,2,0.8407494145199064,3.540983606557377,nested_oof,0.5
410-8,410,8,5,1,1,0.08498346805572521,0.9150165319442748,1,0,0.08498346805572521,0.4150165319442748,3,3,2,0.7985948477751756,2.791569086651054,nested_oof,0.5
410-9,410,9,5,1,1,0.08498346805572521,0.9150165319442748,1,0,0.08498346805572521,0.4150165319442748,5,4,4,0.819672131147541,4.285714285714286,nested_oof,0.5
410-10,410,10,5,1,1,0.08498346805572521,0.9150165319442748,1,0,0.08498346805572521,0.4150165319442748,3,3,4,0.775175644028103,3.4988290398126463,nested_oof,0.5
410-11,410,11,5,1,1,0.08498346805572521,0.9150165319442748,1,0,0.08498346805572521,0.4150165319442748,5,3,4,0.7892271662763466,3.782201405152225,nested_oof,0.5
410-12,410,12,5,0,0,0.9150165319442748,0.9150165319442748,1,1,0.9150165319442748,0.4150165319442748,4,4,4,0.8290398126463701,3.6721311475409837,nested_oof,0.5
411-0,411,0,1,1,0,0.3209952712059021,0.6790047287940979,1,0,0.3209952712059021,0.1790047287940979,4,3,4,0.810304449648712,4.3629976580796255,nested_oof,0.5
411-1,411,1,1,1,0,0.3209952712059021,0.6790047287940979,1,0,0.3209952712059021,0.1790047287940979,4,4,4,0.8126463700234192,4.02576112412178,nested_oof,0.5
411-2,411,2,1,1,0,0.3209952712059021,0.6790047287940979,1,0,0.3209952712059021,0.1790047287940979,3,3,4,0.7939110070257611,3.8454332552693207,nested_oof,0.5
411-3,411,3,1,0,1,0.6790047287940979,0.6790047287940979,1,1,0.6790047287940979,0.1790047287940979,3,3,4,0.8149882903981265,3.9555035128805622,nested_oof,0.5
411-4,411,4,1,1,0,0.3209952712059021,0.6790047287940979,1,0,0.3209952712059021,0.1790047287940979,4,4,3,0.8618266978922717,4.583138173302108,nested_oof,0.5
411-5,411,5,1,1,0,0.3209952712059021,0.6790047287940979,1,0,0.3209952712059021,0.1790047287940979,3,3,3,0.7868852459016393,3.962529274004684,nested_oof,0.5
411-6,411,6,1,1,0,0.3209952712059021,0.6790047287940979,1,0,0.3209952712059021,0.1790047287940979,4,3,2,0.7915690866510539,3.7353629976580796,nested_oof,0.5
411-7,411,7,1,1,0,0.3209952712059021,0.6790047287940979,1,0,0.3209952712059021,0.1790047287940979,2,3,2,0.8407494145199064,3.540983606557377,nested_oof,0.5
411-8,411,8,1,1,0,0.3209952712059021,0.6790047287940979,1,0,0.3209952712059021,0.1790047287940979,3,3,2,0.7985948477751756,2.791569086651054,nested_oof,0.5
411-9,411,9,1,1,0,0.3209952712059021,0.6790047287940979,1,0,0.3209952712059021,0.1790047287940979,5,2,4,0.819672131147541,4.285714285714286,nested_oof,0.5
411-10,411,10,1,1,0,0.3209952712059021,0.6790047287940979,1,0,0.3209952712059021,0.1790047287940979,4,2,4,0.775175644028103,3.4988290398126463,nested_oof,0.5
411-11,411,11,1,1,0,0.3209952712059021,0.6790047287940979,1,0,0.3209952712059021,0.1790047287940979,5,2,4,0.7892271662763466,3.782201405152225,nested_oof,0.5
411-12,411,12,1,1,0,0.3209952712059021,0.6790047287940979,1,0,0.3209952712059021,0.1790047287940979,4,2,4,0.8290398126463701,3.6721311475409837,nested_oof,0.5
412-0,412,0,4,0,0,0.3126415610313415,0.3126415610313415,0,0,0.3126415610313415,0.1873584389686585,4,2,4,0.810304449648712,4.3629976580796255,nested_oof,0.5
412-1,412,1,4,0,0,0.3126415610313415,0.3126415610313415,0,0,0.3126415610313415,0.1873584389686585,5,2,4,0.8126463700234192,4.02576112412178,nested_oof,0.5
412-2,412,2,4,0,0,0.3126415610313415,0.3126415610313415,0,0,0.3126415610313415,0.1873584389686585,4,3,4,0.7939110070257611,3.8454332552693207,nested_oof,0.5
412-3,412,3,4,0,0,0.3126415610313415,0.3126415610313415,0,0,0.3126415610313415,0.1873584389686585,4,2,4,0.8149882903981265,3.9555035128805622,nested_oof,0.5
412-4,412,4,4,0,0,0.3126415610313415,0.3126415610313415,0,0,0.3126415610313415,0.1873584389686585,5,2,3,0.8618266978922717,4.583138173302108,nested_oof,0.5
412-5,412,5,4,0,0,0.3126415610313415,0.3126415610313415,0,0,0.3126415610313415,0.1873584389686585,4,2,3,0.7868852459016393,3.962529274004684,nested_oof,0.5
412-6,412,6,4,0,0,0.3126415610313415,0.3126415610313415,0,0,0.3126415610313415,0.1873584389686585,4,3,2,0.7915690866510539,3.7353629976580796,nested_oof,0.5
412-7,412,7,4,0,0,0.3126415610313415,0.3126415610313415,0,0,0.3126415610313415,0.1873584389686585,3,3,2,0.8407494145199064,3.540983606557377,nested_oof,0.5
412-8,412,8,4,0,0,0.3126415610313415,0.3126415610313415,0,0,0.3126415610313415,0.1873584389686585,3,3,2,0.7985948477751756,2.791569086651054,nested_oof,0.5
412-9,412,9,4,0,0,0.3126415610313415,0.3126415610313415,0,0,0.3126415610313415,0.1873584389686585,5,1,4,0.819672131147541,4.285714285714286,nested_oof,0.5
412-10,412,10,4,0,0,0.3126415610313415,0.3126415610313415,0,0,0.3126415610313415,0.1873584389686585,4,2,4,0.775175644028103,3.4988290398126463,nested_oof,0.5
412-11,412,11,4,0,0,0.3126415610313415,0.3126415610313415,0,0,0.3126415610313415,0.1873584389686585,5,2,4,0.7892271662763466,3.782201405152225,nested_oof,0.5
412-12,412,12,4,0,0,0.3126415610313415,0.3126415610313415,0,0,0.3126415610313415,0.1873584389686585,4,2,4,0.8290398126463701,3.6721311475409837,nested_oof,0.5
413-0,413,0,1,0,0,0.2295445948839187,0.2295445948839187,0,0,0.2295445948839187,0.2704554051160813,4,3,4,0.810304449648712,4.3629976580796255,nested_oof,0.5
413-1,413,1,1,0,0,0.2295445948839187,0.2295445948839187,0,0,0.2295445948839187,0.2704554051160813,5,2,4,0.8126463700234192,4.02576112412178,nested_oof,0.5
413-2,413,2,1,1,1,0.7704554051160812,0.2295445948839187,0,1,0.7704554051160812,0.2704554051160813,4,3,4,0.7939110070257611,3.8454332552693207,nested_oof,0.5
413-3,413,3,1,0,0,0.2295445948839187,0.2295445948839187,0,0,0.2295445948839187,0.2704554051160813,4,2,4,0.8149882903981265,3.9555035128805622,nested_oof,0.5
413-4,413,4,1,0,0,0.2295445948839187,0.2295445948839187,0,0,0.2295445948839187,0.2704554051160813,4,3,3,0.8618266978922717,4.583138173302108,nested_oof,0.5
413-5,413,5,1,0,0,0.2295445948839187,0.2295445948839187,0,0,0.2295445948839187,0.2704554051160813,4,2,3,0.7868852459016393,3.962529274004684,nested_oof,0.5
413-6,413,6,1,0,0,0.2295445948839187,0.2295445948839187,0,0,0.2295445948839187,0.2704554051160813,4,4,2,0.7915690866510539,3.7353629976580796,nested_oof,0.5
413-7,413,7,1,0,0,0.2295445948839187,0.2295445948839187,0,0,0.2295445948839187,0.2704554051160813,3,3,2,0.8407494145199064,3.540983606557377,nested_oof,0.5
413-8,413,8,1,0,0,0.2295445948839187,0.2295445948839187,0,0,0.2295445948839187,0.2704554051160813,3,3,2,0.7985948477751756,2.791569086651054,nested_oof,0.5
413-9,413,9,1,0,0,0.2295445948839187,0.2295445948839187,0,0,0.2295445948839187,0.2704554051160813,4,3,4,0.819672131147541,4.285714285714286,nested_oof,0.5
413-10,413,10,1,0,0,0.2295445948839187,0.2295445948839187,0,0,0.2295445948839187,0.2704554051160813,4,3,4,0.775175644028103,3.4988290398126463,nested_oof,0.5
413-11,413,11,1,0,0,0.2295445948839187,0.2295445948839187,0,0,0.2295445948839187,0.2704554051160813,5,2,4,0.7892271662763466,3.782201405152225,nested_oof,0.5
413-12,413,12,1,0,0,0.2295445948839187,0.2295445948839187,0,0,0.2295445948839187,0.2704554051160813,4,2,4,0.8290398126463701,3.6721311475409837,nested_oof,0.5
414-0,414,0,5,0,0,0.9217838048934937,0.9217838048934937,1,1,0.9217838048934937,0.42178380489349365,4,3,4,0.810304449648712,4.3629976580796255,nested_oof,0.5
414-1,414,1,5,0,0,0.9217838048934937,0.9217838048934937,1,1,0.9217838048934937,0.42178380489349365,5,2,4,0.8126463700234192,4.02576112412178,nested_oof,0.5
414-2,414,2,5,0,0,0.9217838048934937,0.9217838048934937,1,1,0.9217838048934937,0.42178380489349365,4,3,4,0.7939110070257611,3.8454332552693207,nested_oof,0.5
414-3,414,3,5,0,0,0.9217838048934937,0.9217838048934937,1,1,0.9217838048934937,0.42178380489349365,4,2,4,0.8149882903981265,3.9555035128805622,nested_oof,0.5
414-4,414,4,5,0,0,0.9217838048934937,0.9217838048934937,1,1,0.9217838048934937,0.42178380489349365,5,3,3,0.8618266978922717,4.583138173302108,nested_oof,0.5
414-5,414,5,5,0,0,0.9217838048934937,0.9217838048934937,1,1,0.9217838048934937,0.42178380489349365,4,2,3,0.7868852459016393,3.962529274004684,nested_oof,0.5
414-6,414,6,5,0,0,0.9217838048934937,0.9217838048934937,1,1,0.9217838048934937,0.42178380489349365,4,4,2,0.7915690866510539,3.7353629976580796,nested_oof,0.5
414-7,414,7,5,0,0,0.9217838048934937,0.9217838048934937,1,1,0.9217838048934937,0.42178380489349365,3,3,2,0.8407494145199064,3.540983606557377,nested_oof,0.5
414-8,414,8,5,0,0,0.9217838048934937,0.9217838048934937,1,1,0.9217838048934937,0.42178380489349365,3,3,2,0.7985948477751756,2.791569086651054,nested_oof,0.5
414-9,414,9,5,0,0,0.9217838048934937,0.9217838048934937,1,1,0.9217838048934937,0.42178380489349365,4,3,4,0.819672131147541,4.285714285714286,nested_oof,0.5
414-10,414,10,5,0,0,0.9217838048934937,0.9217838048934937,1,1,0.9217838048934937,0.42178380489349365,4,3,4,0.775175644028103,3.4988290398126463,nested_oof,0.5
414-11,414,11,5,0,0,0.9217838048934937,0.9217838048934937,1,1,0.9217838048934937,0.42178380489349365,5,2,4,0.7892271662763466,3.782201405152225,nested_oof,0.5
414-12,414,12,5,0,0,0.9217838048934937,0.9217838048934937,1,1,0.9217838048934937,0.42178380489349365,4,2,4,0.8290398126463701,3.6721311475409837,nested_oof,0.5
415-0,415,0,2,1,0,0.031163275241851807,0.9688367247581482,1,0,0.031163275241851807,0.4688367247581482,5,2,4,0.810304449648712,4.3629976580796255,nested_oof,0.5
415-1,415,1,2,1,0,0.031163275241851807,0.9688367247581482,1,0,0.031163275241851807,0.4688367247581482,4,4,4,0.8126463700234192,4.02576112412178,nested_oof,0.5
415-2,415,2,2,1,0,0.031163275241851807,0.9688367247581482,1,0,0.031163275241851807,0.4688367247581482,4,4,4,0.7939110070257611,3.8454332552693207,nested_oof,0.5
415-3,415,3,2,1,0,0.031163275241851807,0.9688367247581482,1,0,0.031163275241851807,0.4688367247581482,4,3,4,0.8149882903981265,3.9555035128805622,nested_oof,0.5
415-4,415,4,2,1,0,0.031163275241851807,0.9688367247581482,1,0,0.031163275241851807,0.4688367247581482,5,2,3,0.8618266978922717,4.583138173302108,nested_oof,0.5
415-5,415,5,2,1,0,0.031163275241851807,0.9688367247581482,1,0,0.031163275241851807,0.4688367247581482,4,2,3,0.7868852459016393,3.962529274004684,nested_oof,0.5
415-6,415,6,2,1,0,0.031163275241851807,0.9688367247581482,1,0,0.031163275241851807,0.4688367247581482,5,4,2,0.7915690866510539,3.7353629976580796,nested_oof,0.5
415-7,415,7,2,1,0,0.031163275241851807,0.9688367247581482,1,0,0.031163275241851807,0.4688367247581482,3,3,2,0.8407494145199064,3.540983606557377,nested_oof,0.5
415-8,415,8,2,1,0,0.031163275241851807,0.9688367247581482,1,0,0.031163275241851807,0.4688367247581482,3,3,2,0.7985948477751756,2.791569086651054,nested_oof,0.5
415-9,415,9,2,1,0,0.031163275241851807,0.9688367247581482,1,0,0.031163275241851807,0.4688367247581482,5,2,4,0.819672131147541,4.285714285714286,nested_oof,0.5
415-10,415,10,2,0,1,0.9688367247581482,0.9688367247581482,1,1,0.9688367247581482,0.4688367247581482,4,2,4,0.775175644028103,3.4988290398126463,nested_oof,0.5
415-11,415,11,2,1,0,0.031163275241851807,0.9688367247581482,1,0,0.031163275241851807,0.4688367247581482,5,2,4,0.7892271662763466,3.782201405152225,nested_oof,0.5
415-12,415,12,2,1,0,0.031163275241851807,0.9688367247581482,1,0,0.031163275241851807,0.4688367247581482,4,2,4,0.8290398126463701,3.6721311475409837,nested_oof,0.5
416-0,416,0,2,1,0,0.5619074702262878,0.4380925297737121,0,1,0.5619074702262878,0.0619074702262879,2,4,4,0.810304449648712,4.3629976580796255,nested_oof,0.5
416-1,416,1,2,0,1,0.4380925297737121,0.4380925297737121,0,0,0.4380925297737121,0.0619074702262879,4,3,4,0.8126463700234192,4.02576112412178,nested_oof,0.5
416-2,416,2,2,1,0,0.5619074702262878,0.4380925297737121,0,1,0.5619074702262878,0.0619074702262879,3,4,4,0.7939110070257611,3.8454332552693207,nested_oof,0.5
416-3,416,3,2,1,0,0.5619074702262878,0.4380925297737121,0,1,0.5619074702262878,0.0619074702262879,3,3,4,0.8149882903981265,3.9555035128805622,nested_oof,0.5
416-4,416,4,2,0,1,0.4380925297737121,0.4380925297737121,0,0,0.4380925297737121,0.0619074702262879,4,3,3,0.8618266978922717,4.583138173302108,nested_oof,0.5
416-5,416,5,2,0,1,0.4380925297737121,0.4380925297737121,0,0,0.4380925297737121,0.0619074702262879,4,2,3,0.7868852459016393,3.962529274004684,nested_oof,0.5
416-6,416,6,2,0,1,0.4380925297737121,0.4380925297737121,0,0,0.4380925297737121,0.0619074702262879,2,4,2,0.7915690866510539,3.7353629976580796,nested_oof,0.5
416-7,416,7,2,0,1,0.4380925297737121,0.4380925297737121,0,0,0.4380925297737121,0.0619074702262879,2,3,2,0.8407494145199064,3.540983606557377,nested_oof,0.5
416-8,416,8,2,0,1,0.4380925297737121,0.4380925297737121,0,0,0.4380925297737121,0.0619074702262879,3,3,2,0.7985948477751756,2.791569086651054,nested_oof,0.5
416-9,416,9,2,1,0,0.5619074702262878,0.4380925297737121,0,1,0.5619074702262878,0.0619074702262879,5,4,4,0.819672131147541,4.285714285714286,nested_oof,0.5
416-10,416,10,2,0,1,0.4380925297737121,0.4380925297737121,0,0,0.4380925297737121,0.0619074702262879,3,2,4,0.775175644028103,3.4988290398126463,nested_oof,0.5
416-11,416,11,2,0,1,0.4380925297737121,0.4380925297737121,0,0,0.4380925297737121,0.0619074702262879,4,3,4,0.7892271662763466,3.782201405152225,nested_oof,0.5
416-12,416,12,2,1,0,0.5619074702262878,0.4380925297737121,0,1,0.5619074702262878,0.0619074702262879,4,3,4,0.8290398126463701,3.6721311475409837,nested_oof,0.5
417-0,417,0,3,0,0,0.219641163945198,0.219641163945198,0,0,0.219641163945198,0.280358836054802,5,1,4,0.810304449648712,4.3629976580796255,nested_oof,0.5
417-1,417,1,3,0,0,0.219641163945198,0.219641163945198,0,0,0.219641163945198,0.280358836054802,5,2,4,0.8126463700234192,4.02576112412178,nested_oof,0.5
417-2,417,2,3,1,1,0.7803588360548019,0.219641163945198,0,1,0.7803588360548019,0.280358836054802,3,3,4,0.7939110070257611,3.8454332552693207,nested_oof,0.5
417-3,417,3,3,0,0,0.219641163945198,0.219641163945198,0,0,0.219641163945198,0.280358836054802,4,2,4,0.8149882903981265,3.9555035128805622,nested_oof,0.5
417-4,417,4,3,0,0,0.219641163945198,0.219641163945198,0,0,0.219641163945198,0.280358836054802,5,2,3,0.8618266978922717,4.583138173302108,nested_oof,0.5
417-5,417,5,3,0,0,0.219641163945198,0.219641163945198,0,0,0.219641163945198,0.280358836054802,4,2,3,0.7868852459016393,3.962529274004684,nested_oof,0.5
417-6,417,6,3,0,0,0.219641163945198,0.219641163945198,0,0,0.219641163945198,0.280358836054802,4,4,2,0.7915690866510539,3.7353629976580796,nested_oof,0.5
417-7,417,7,3,0,0,0.219641163945198,0.219641163945198,0,0,0.219641163945198,0.280358836054802,3,3,2,0.8407494145199064,3.540983606557377,nested_oof,0.5
417-8,417,8,3,0,0,0.219641163945198,0.219641163945198,0,0,0.219641163945198,0.280358836054802,3,3,2,0.7985948477751756,2.791569086651054,nested_oof,0.5
417-9,417,9,3,0,0,0.219641163945198,0.219641163945198,0,0,0.219641163945198,0.280358836054802,4,2,4,0.819672131147541,4.285714285714286,nested_oof,0.5
417-10,417,10,3,0,0,0.219641163945198,0.219641163945198,0,0,0.219641163945198,0.280358836054802,3,3,4,0.775175644028103,3.4988290398126463,nested_oof,0.5
417-11,417,11,3,0,0,0.219641163945198,0.219641163945198,0,0,0.219641163945198,0.280358836054802,5,2,4,0.7892271662763466,3.782201405152225,nested_oof,0.5
417-12,417,12,3,0,0,0.219641163945198,0.219641163945198,0,0,0.219641163945198,0.280358836054802,4,3,4,0.8290398126463701,3.6721311475409837,nested_oof,0.5
418-0,418,0,2,0,0,0.0268951021134853,0.0268951021134853,0,0,0.0268951021134853,0.4731048978865147,5,1,4,0.810304449648712,4.3629976580796255,nested_oof,0.5
418-1,418,1,2,0,0,0.0268951021134853,0.0268951021134853,0,0,0.0268951021134853,0.4731048978865147,5,2,4,0.8126463700234192,4.02576112412178,nested_oof,0.5
418-2,418,2,2,0,0,0.0268951021134853,0.0268951021134853,0,0,0.0268951021134853,0.4731048978865147,5,2,4,0.7939110070257611,3.8454332552693207,nested_oof,0.5
418-3,418,3,2,0,0,0.0268951021134853,0.0268951021134853,0,0,0.0268951021134853,0.4731048978865147,4,3,4,0.8149882903981265,3.9555035128805622,nested_oof,0.5
418-4,418,4,2,0,0,0.0268951021134853,0.0268951021134853,0,0,0.0268951021134853,0.4731048978865147,5,3,3,0.8618266978922717,4.583138173302108,nested_oof,0.5
418-5,418,5,2,0,0,0.0268951021134853,0.0268951021134853,0,0,0.0268951021134853,0.4731048978865147,4,2,3,0.7868852459016393,3.962529274004684,nested_oof,0.5
418-6,418,6,2,0,0,0.0268951021134853,0.0268951021134853,0,0,0.0268951021134853,0.4731048978865147,5,3,2,0.7915690866510539,3.7353629976580796,nested_oof,0.5
418-7,418,7,2,0,0,0.0268951021134853,0.0268951021134853,0,0,0.0268951021134853,0.4731048978865147,3,3,2,0.8407494145199064,3.540983606557377,nested_oof,0.5
418-8,418,8,2,0,0,0.0268951021134853,0.0268951021134853,0,0,0.0268951021134853,0.4731048978865147,3,3,2,0.7985948477751756,2.791569086651054,nested_oof,0.5
418-9,418,9,2,0,0,0.0268951021134853,0.0268951021134853,0,0,0.0268951021134853,0.4731048978865147,5,2,4,0.819672131147541,4.285714285714286,nested_oof,0.5
418-10,418,10,2,0,0,0.0268951021134853,0.0268951021134853,0,0,0.0268951021134853,0.4731048978865147,4,2,4,0.775175644028103,3.4988290398126463,nested_oof,0.5
418-11,418,11,2,0,0,0.0268951021134853,0.0268951021134853,0,0,0.0268951021134853,0.4731048978865147,5,2,4,0.7892271662763466,3.782201405152225,nested_oof,0.5
418-12,418,12,2,0,0,0.0268951021134853,0.0268951021134853,0,0,0.0268951021134853,0.4731048978865147,4,2,4,0.8290398126463701,3.6721311475409837,nested_oof,0.5
419-0,419,0,3,0,0,0.0553109124302864,0.0553109124302864,0,0,0.0553109124302864,0.4446890875697136,5,1,4,0.810304449648712,4.3629976580796255,nested_oof,0.5
419-1,419,1,3,0,0,0.0553109124302864,0.0553109124302864,0,0,0.0553109124302864,0.4446890875697136,5,2,4,0.8126463700234192,4.02576112412178,nested_oof,0.5
419-2,419,2,3,0,0,0.0553109124302864,0.0553109124302864,0,0,0.0553109124302864,0.4446890875697136,5,2,4,0.7939110070257611,3.8454332552693207,nested_oof,0.5
419-3,419,3,3,0,0,0.0553109124302864,0.0553109124302864,0,0,0.0553109124302864,0.4446890875697136,4,2,4,0.8149882903981265,3.9555035128805622,nested_oof,0.5
419-4,419,4,3,0,0,0.0553109124302864,0.0553109124302864,0,0,0.0553109124302864,0.4446890875697136,5,1,3,0.8618266978922717,4.583138173302108,nested_oof,0.5
419-5,419,5,3,0,0,0.0553109124302864,0.0553109124302864,0,0,0.0553109124302864,0.4446890875697136,4,2,3,0.7868852459016393,3.962529274004684,nested_oof,0.5
419-6,419,6,3,0,0,0.0553109124302864,0.0553109124302864,0,0,0.0553109124302864,0.4446890875697136,4,3,2,0.7915690866510539,3.7353629976580796,nested_oof,0.5
419-7,419,7,3,0,0,0.0553109124302864,0.0553109124302864,0,0,0.0553109124302864,0.4446890875697136,3,3,2,0.8407494145199064,3.540983606557377,nested_oof,0.5
419-8,419,8,3,0,0,0.0553109124302864,0.0553109124302864,0,0,0.0553109124302864,0.4446890875697136,3,3,2,0.7985948477751756,2.791569086651054,nested_oof,0.5
419-9,419,9,3,0,0,0.0553109124302864,0.0553109124302864,0,0,0.0553109124302864,0.4446890875697136,5,2,4,0.819672131147541,4.285714285714286,nested_oof,0.5
419-10,419,10,3,0,0,0.0553109124302864,0.0553109124302864,0,0,0.0553109124302864,0.4446890875697136,4,2,4,0.775175644028103,3.4988290398126463,nested_oof,0.5
419-11,419,11,3,0,0,0.0553109124302864,0.0553109124302864,0,0,0.0553109124302864,0.4446890875697136,5,2,4,0.7892271662763466,3.782201405152225,nested_oof,0.5
419-12,419,12,3,0,0,0.0553109124302864,0.0553109124302864,0,0,0.0553109124302864,0.4446890875697136,4,2,4,0.8290398126463701,3.6721311475409837,nested_oof,0.5
420-0,420,0,4,0,0,0.0432760268449783,0.0432760268449783,0,0,0.0432760268449783,0.4567239731550217,3,3,4,0.810304449648712,4.3629976580796255,nested_oof,0.5
420-1,420,1,4,1,1,0.9567239731550217,0.0432760268449783,0,1,0.9567239731550217,0.4567239731550217,4,4,4,0.8126463700234192,4.02576112412178,nested_oof,0.5
420-2,420,2,4,0,0,0.0432760268449783,0.0432760268449783,0,0,0.0432760268449783,0.4567239731550217,3,3,4,0.7939110070257611,3.8454332552693207,nested_oof,0.5
420-3,420,3,4,0,0,0.0432760268449783,0.0432760268449783,0,0,0.0432760268449783,0.4567239731550217,3,2,4,0.8149882903981265,3.9555035128805622,nested_oof,0.5
420-4,420,4,4,0,0,0.0432760268449783,0.0432760268449783,0,0,0.0432760268449783,0.4567239731550217,4,3,3,0.8618266978922717,4.583138173302108,nested_oof,0.5
420-5,420,5,4,0,0,0.0432760268449783,0.0432760268449783,0,0,0.0432760268449783,0.4567239731550217,3,2,3,0.7868852459016393,3.962529274004684,nested_oof,0.5
420-6,420,6,4,0,0,0.0432760268449783,0.0432760268449783,0,0,0.0432760268449783,0.4567239731550217,3,4,2,0.7915690866510539,3.7353629976580796,nested_oof,0.5
420-7,420,7,4,1,1,0.9567239731550217,0.0432760268449783,0,1,0.9567239731550217,0.4567239731550217,3,3,2,0.8407494145199064,3.540983606557377,nested_oof,0.5
420-8,420,8,4,0,0,0.0432760268449783,0.0432760268449783,0,0,0.0432760268449783,0.4567239731550217,3,3,2,0.7985948477751756,2.791569086651054,nested_oof,0.5
420-9,420,9,4,0,0,0.0432760268449783,0.0432760268449783,0,0,0.0432760268449783,0.4567239731550217,4,4,4,0.819672131147541,4.285714285714286,nested_oof,0.5
420-10,420,10,4,0,0,0.0432760268449783,0.0432760268449783,0,0,0.0432760268449783,0.4567239731550217,4,3,4,0.775175644028103,3.4988290398126463,nested_oof,0.5
420-11,420,11,4,0,0,0.0432760268449783,0.0432760268449783,0,0,0.0432760268449783,0.4567239731550217,5,2,4,0.7892271662763466,3.782201405152225,nested_oof,0.5
420-12,420,12,4,0,0,0.0432760268449783,0.0432760268449783,0,0,0.0432760268449783,0.4567239731550217,4,3,4,0.8290398126463701,3.6721311475409837,nested_oof,0.5
421-0,421,0,1,0,0,0.4428863823413849,0.4428863823413849,0,0,0.4428863823413849,0.05711361765861511,5,1,4,0.810304449648712,4.3629976580796255,nested_oof,0.5
421-1,421,1,1,0,0,0.4428863823413849,0.4428863823413849,0,0,0.4428863823413849,0.05711361765861511,5,2,4,0.8126463700234192,4.02576112412178,nested_oof,0.5
421-2,421,2,1,0,0,0.4428863823413849,0.4428863823413849,0,0,0.4428863823413849,0.05711361765861511,5,2,4,0.7939110070257611,3.8454332552693207,nested_oof,0.5
421-3,421,3,1,0,0,0.4428863823413849,0.4428863823413849,0,0,0.4428863823413849,0.05711361765861511,4,3,4,0.8149882903981265,3.9555035128805622,nested_oof,0.5
421-4,421,4,1,0,0,0.4428863823413849,0.4428863823413849,0,0,0.4428863823413849,0.05711361765861511,5,2,3,0.8618266978922717,4.583138173302108,nested_oof,0.5
421-5,421,5,1,0,0,0.4428863823413849,0.4428863823413849,0,0,0.4428863823413849,0.05711361765861511,4,2,3,0.7868852459016393,3.962529274004684,nested_oof,0.5
421-6,421,6,1,1,1,0.5571136176586151,0.4428863823413849,0,1,0.5571136176586151,0.05711361765861511,2,4,2,0.7915690866510539,3.7353629976580796,nested_oof,0.5
421-7,421,7,1,0,0,0.4428863823413849,0.4428863823413849,0,0,0.4428863823413849,0.05711361765861511,3,3,2,0.8407494145199064,3.540983606557377,nested_oof,0.5
421-8,421,8,1,0,0,0.4428863823413849,0.4428863823413849,0,0,0.4428863823413849,0.05711361765861511,2,3,2,0.7985948477751756,2.791569086651054,nested_oof,0.5
421-9,421,9,1,0,0,0.4428863823413849,0.4428863823413849,0,0,0.4428863823413849,0.05711361765861511,5,2,4,0.819672131147541,4.285714285714286,nested_oof,0.5
421-10,421,10,1,0,0,0.4428863823413849,0.4428863823413849,0,0,0.4428863823413849,0.05711361765861511,4,1,4,0.775175644028103,3.4988290398126463,nested_oof,0.5
421-11,421,11,1,0,0,0.4428863823413849,0.4428863823413849,0,0,0.4428863823413849,0.05711361765861511,5,2,4,0.7892271662763466,3.782201405152225,nested_oof,0.5
421-12,421,12,1,0,0,0.4428863823413849,0.4428863823413849,0,0,0.4428863823413849,0.05711361765861511,4,2,4,0.8290398126463701,3.6721311475409837,nested_oof,0.5
422-0,422,0,1,0,0,0.4375925958156585,0.4375925958156585,0,0,0.4375925958156585,0.062407404184341486,4,2,4,0.810304449648712,4.3629976580796255,nested_oof,0.5
422-1,422,1,1,0,0,0.4375925958156585,0.4375925958156585,0,0,0.4375925958156585,0.062407404184341486,5,2,4,0.8126463700234192,4.02576112412178,nested_oof,0.5
422-2,422,2,1,0,0,0.4375925958156585,0.4375925958156585,0,0,0.4375925958156585,0.062407404184341486,4,3,4,0.7939110070257611,3.8454332552693207,nested_oof,0.5
422-3,422,3,1,0,0,0.4375925958156585,0.4375925958156585,0,0,0.4375925958156585,0.062407404184341486,4,3,4,0.8149882903981265,3.9555035128805622,nested_oof,0.5
422-4,422,4,1,0,0,0.4375925958156585,0.4375925958156585,0,0,0.4375925958156585,0.062407404184341486,5,2,3,0.8618266978922717,4.583138173302108,nested_oof,0.5
422-5,422,5,1,0,0,0.4375925958156585,0.4375925958156585,0,0,0.4375925958156585,0.062407404184341486,5,2,3,0.7868852459016393,3.962529274004684,nested_oof,0.5
422-6,422,6,1,0,0,0.4375925958156585,0.4375925958156585,0,0,0.4375925958156585,0.062407404184341486,4,4,2,0.7915690866510539,3.7353629976580796,nested_oof,0.5
422-7,422,7,1,0,0,0.4375925958156585,0.4375925958156585,0,0,0.4375925958156585,0.062407404184341486,3,3,2,0.8407494145199064,3.540983606557377,nested_oof,0.5
422-8,422,8,1,0,0,0.4375925958156585,0.4375925958156585,0,0,0.4375925958156585,0.062407404184341486,3,3,2,0.7985948477751756,2.791569086651054,nested_oof,0.5
422-9,422,9,1,0,0,0.4375925958156585,0.4375925958156585,0,0,0.4375925958156585,0.062407404184341486,4,2,4,0.819672131147541,4.285714285714286,nested_oof,0.5
422-10,422,10,1,0,0,0.4375925958156585,0.4375925958156585,0,0,0.4375925958156585,0.062407404184341486,4,1,4,0.775175644028103,3.4988290398126463,nested_oof,0.5
422-11,422,11,1,0,0,0.4375925958156585,0.4375925958156585,0,0,0.4375925958156585,0.062407404184341486,5,2,4,0.7892271662763466,3.782201405152225,nested_oof,0.5
422-12,422,12,1,0,0,0.4375925958156585,0.4375925958156585,0,0,0.4375925958156585,0.062407404184341486,4,2,4,0.8290398126463701,3.6721311475409837,nested_oof,0.5
423-0,423,0,3,1,1,0.8878699615597725,0.1121300384402275,0,1,0.8878699615597725,0.3878699615597725,3,3,4,0.810304449648712,4.3629976580796255,nested_oof,0.5
423-1,423,1,3,1,1,0.8878699615597725,0.1121300384402275,0,1,0.8878699615597725,0.3878699615597725,4,3,4,0.8126463700234192,4.02576112412178,nested_oof,0.5
423-2,423,2,3,0,0,0.1121300384402275,0.1121300384402275,0,0,0.1121300384402275,0.3878699615597725,4,3,4,0.7939110070257611,3.8454332552693207,nested_oof,0.5
423-3,423,3,3,0,0,0.1121300384402275,0.1121300384402275,0,0,0.1121300384402275,0.3878699615597725,3,3,4,0.8149882903981265,3.9555035128805622,nested_oof,0.5
423-4,423,4,3,1,1,0.8878699615597725,0.1121300384402275,0,1,0.8878699615597725,0.3878699615597725,4,4,3,0.8618266978922717,4.583138173302108,nested_oof,0.5
423-5,423,5,3,0,0,0.1121300384402275,0.1121300384402275,0,0,0.1121300384402275,0.3878699615597725,5,2,3,0.7868852459016393,3.962529274004684,nested_oof,0.5
423-6,423,6,3,0,0,0.1121300384402275,0.1121300384402275,0,0,0.1121300384402275,0.3878699615597725,4,3,2,0.7915690866510539,3.7353629976580796,nested_oof,0.5
423-7,423,7,3,1,1,0.8878699615597725,0.1121300384402275,0,1,0.8878699615597725,0.3878699615597725,3,3,2,0.8407494145199064,3.540983606557377,nested_oof,0.5
423-8,423,8,3,0,0,0.1121300384402275,0.1121300384402275,0,0,0.1121300384402275,0.3878699615597725,3,3,2,0.7985948477751756,2.791569086651054,nested_oof,0.5
423-9,423,9,3,0,0,0.1121300384402275,0.1121300384402275,0,0,0.1121300384402275,0.3878699615597725,4,3,4,0.819672131147541,4.285714285714286,nested_oof,0.5
423-10,423,10,3,0,0,0.1121300384402275,0.1121300384402275,0,0,0.1121300384402275,0.3878699615597725,4,3,4,0.775175644028103,3.4988290398126463,nested_oof,0.5
423-11,423,11,3,0,0,0.1121300384402275,0.1121300384402275,0,0,0.1121300384402275,0.3878699615597725,5,2,4,0.7892271662763466,3.782201405152225,nested_oof,0.5
423-12,423,12,3,0,0,0.1121300384402275,0.1121300384402275,0,0,0.1121300384402275,0.3878699615597725,3,3,4,0.8290398126463701,3.6721311475409837,nested_oof,0.5
424-0,424,0,4,0,0,0.7284708023071289,0.7284708023071289,1,1,0.7284708023071289,0.2284708023071289,3,3,4,0.810304449648712,4.3629976580796255,nested_oof,0.5
424-1,424,1,4,0,0,0.7284708023071289,0.7284708023071289,1,1,0.7284708023071289,0.2284708023071289,4,3,4,0.8126463700234192,4.02576112412178,nested_oof,0.5
424-2,424,2,4,0,0,0.7284708023071289,0.7284708023071289,1,1,0.7284708023071289,0.2284708023071289,4,3,4,0.7939110070257611,3.8454332552693207,nested_oof,0.5
424-3,424,3,4,0,0,0.7284708023071289,0.7284708023071289,1,1,0.7284708023071289,0.2284708023071289,4,3,4,0.8149882903981265,3.9555035128805622,nested_oof,0.5
424-4,424,4,4,0,0,0.7284708023071289,0.7284708023071289,1,1,0.7284708023071289,0.2284708023071289,4,3,3,0.8618266978922717,4.583138173302108,nested_oof,0.5
424-5,424,5,4,0,0,0.7284708023071289,0.7284708023071289,1,1,0.7284708023071289,0.2284708023071289,5,2,3,0.7868852459016393,3.962529274004684,nested_oof,0.5
424-6,424,6,4,1,1,0.2715291976928711,0.7284708023071289,1,0,0.2715291976928711,0.2284708023071289,2,4,2,0.7915690866510539,3.7353629976580796,nested_oof,0.5
424-7,424,7,4,0,0,0.7284708023071289,0.7284708023071289,1,1,0.7284708023071289,0.2284708023071289,3,3,2,0.8407494145199064,3.540983606557377,nested_oof,0.5
424-8,424,8,4,0,0,0.7284708023071289,0.7284708023071289,1,1,0.7284708023071289,0.2284708023071289,3,3,2,0.7985948477751756,2.791569086651054,nested_oof,0.5
424-9,424,9,4,0,0,0.7284708023071289,0.7284708023071289,1,1,0.7284708023071289,0.2284708023071289,4,2,4,0.819672131147541,4.285714285714286,nested_oof,0.5
424-10,424,10,4,0,0,0.7284708023071289,0.7284708023071289,1,1,0.7284708023071289,0.2284708023071289,4,2,4,0.775175644028103,3.4988290398126463,nested_oof,0.5
424-11,424,11,4,0,0,0.7284708023071289,0.7284708023071289,1,1,0.7284708023071289,0.2284708023071289,5,2,4,0.7892271662763466,3.782201405152225,nested_oof,0.5
424-12,424,12,4,0,0,0.7284708023071289,0.7284708023071289,1,1,0.7284708023071289,0.2284708023071289,4,2,4,0.8290398126463701,3.6721311475409837,nested_oof,0.5
425-0,425,0,3,0,0,0.107731208205223,0.107731208205223,0,0,0.107731208205223,0.392268791794777,4,3,4,0.810304449648712,4.3629976580796255,nested_oof,0.5
425-1,425,1,3,0,0,0.107731208205223,0.107731208205223,0,0,0.107731208205223,0.392268791794777,4,3,4,0.8126463700234192,4.02576112412178,nested_oof,0.5
425-2,425,2,3,0,0,0.107731208205223,0.107731208205223,0,0,0.107731208205223,0.392268791794777,3,3,4,0.7939110070257611,3.8454332552693207,nested_oof,0.5
425-3,425,3,3,0,0,0.107731208205223,0.107731208205223,0,0,0.107731208205223,0.392268791794777,3,3,4,0.8149882903981265,3.9555035128805622,nested_oof,0.5
425-4,425,4,3,0,0,0.107731208205223,0.107731208205223,0,0,0.107731208205223,0.392268791794777,5,2,3,0.8618266978922717,4.583138173302108,nested_oof,0.5
425-5,425,5,3,0,0,0.107731208205223,0.107731208205223,0,0,0.107731208205223,0.392268791794777,5,2,3,0.7868852459016393,3.962529274004684,nested_oof,0.5
425-6,425,6,3,0,0,0.107731208205223,0.107731208205223,0,0,0.107731208205223,0.392268791794777,4,3,2,0.7915690866510539,3.7353629976580796,nested_oof,0.5
425-7,425,7,3,0,0,0.107731208205223,0.107731208205223,0,0,0.107731208205223,0.392268791794777,3,2,2,0.8407494145199064,3.540983606557377,nested_oof,0.5
425-8,425,8,3,0,0,0.107731208205223,0.107731208205223,0,0,0.107731208205223,0.392268791794777,3,3,2,0.7985948477751756,2.791569086651054,nested_oof,0.5
425-9,425,9,3,0,0,0.107731208205223,0.107731208205223,0,0,0.107731208205223,0.392268791794777,4,2,4,0.819672131147541,4.285714285714286,nested_oof,0.5
425-10,425,10,3,0,0,0.107731208205223,0.107731208205223,0,0,0.107731208205223,0.392268791794777,4,2,4,0.775175644028103,3.4988290398126463,nested_oof,0.5
425-11,425,11,3,0,0,0.107731208205223,0.107731208205223,0,0,0.107731208205223,0.392268791794777,5,2,4,0.7892271662763466,3.782201405152225,nested_oof,0.5
425-12,425,12,3,0,0,0.107731208205223,0.107731208205223,0,0,0.107731208205223,0.392268791794777,4,2,4,0.8290398126463701,3.6721311475409837,nested_oof,0.5
426-0,426,0,2,1,0,0.04661822319030762,0.9533817768096924,1,0,0.04661822319030762,0.4533817768096924,4,3,4,0.810304449648712,4.3629976580796255,nested_oof,0.5
426-1,426,1,2,1,0,0.04661822319030762,0.9533817768096924,1,0,0.04661822319030762,0.4533817768096924,5,3,4,0.8126463700234192,4.02576112412178,nested_oof,0.5
426-2,426,2,2,1,0,0.04661822319030762,0.9533817768096924,1,0,0.04661822319030762,0.4533817768096924,4,3,4,0.7939110070257611,3.8454332552693207,nested_oof,0.5
426-3,426,3,2,1,0,0.04661822319030762,0.9533817768096924,1,0,0.04661822319030762,0.4533817768096924,4,2,4,0.8149882903981265,3.9555035128805622,nested_oof,0.5
426-4,426,4,2,1,0,0.04661822319030762,0.9533817768096924,1,0,0.04661822319030762,0.4533817768096924,5,3,3,0.8618266978922717,4.583138173302108,nested_oof,0.5
426-5,426,5,2,0,1,0.9533817768096924,0.9533817768096924,1,1,0.9533817768096924,0.4533817768096924,4,2,3,0.7868852459016393,3.962529274004684,nested_oof,0.5
426-6,426,6,2,1,0,0.04661822319030762,0.9533817768096924,1,0,0.04661822319030762,0.4533817768096924,4,4,2,0.7915690866510539,3.7353629976580796,nested_oof,0.5
426-7,426,7,2,1,0,0.04661822319030762,0.9533817768096924,1,0,0.04661822319030762,0.4533817768096924,3,3,2,0.8407494145199064,3.540983606557377,nested_oof,0.5
426-8,426,8,2,1,0,0.04661822319030762,0.9533817768096924,1,0,0.04661822319030762,0.4533817768096924,3,3,2,0.7985948477751756,2.791569086651054,nested_oof,0.5
426-9,426,9,2,0,1,0.9533817768096924,0.9533817768096924,1,1,0.9533817768096924,0.4533817768096924,5,3,4,0.819672131147541,4.285714285714286,nested_oof,0.5
426-10,426,10,2,1,0,0.04661822319030762,0.9533817768096924,1,0,0.04661822319030762,0.4533817768096924,3,3,4,0.775175644028103,3.4988290398126463,nested_oof,0.5
426-11,426,11,2,1,0,0.04661822319030762,0.9533817768096924,1,0,0.04661822319030762,0.4533817768096924,5,3,4,0.7892271662763466,3.782201405152225,nested_oof,0.5
426-12,426,12,2,1,0,0.04661822319030762,0.9533817768096924,1,0,0.04661822319030762,0.4533817768096924,4,2,4,0.8290398126463701,3.6721311475409837,nested_oof,0.5
427-0,427,0,1,1,0,0.6386728286743164,0.3613271713256836,0,1,0.6386728286743164,0.1386728286743164,4,3,4,0.810304449648712,4.3629976580796255,nested_oof,0.5
427-1,427,1,1,1,0,0.6386728286743164,0.3613271713256836,0,1,0.6386728286743164,0.1386728286743164,4,3,4,0.8126463700234192,4.02576112412178,nested_oof,0.5
427-2,427,2,1,1,0,0.6386728286743164,0.3613271713256836,0,1,0.6386728286743164,0.1386728286743164,4,4,4,0.7939110070257611,3.8454332552693207,nested_oof,0.5
427-3,427,3,1,0,1,0.3613271713256836,0.3613271713256836,0,0,0.3613271713256836,0.1386728286743164,4,3,4,0.8149882903981265,3.9555035128805622,nested_oof,0.5
427-4,427,4,1,1,0,0.6386728286743164,0.3613271713256836,0,1,0.6386728286743164,0.1386728286743164,5,3,3,0.8618266978922717,4.583138173302108,nested_oof,0.5
427-5,427,5,1,1,0,0.6386728286743164,0.3613271713256836,0,1,0.6386728286743164,0.1386728286743164,3,3,3,0.7868852459016393,3.962529274004684,nested_oof,0.5
427-6,427,6,1,1,0,0.6386728286743164,0.3613271713256836,0,1,0.6386728286743164,0.1386728286743164,3,4,2,0.7915690866510539,3.7353629976580796,nested_oof,0.5
427-7,427,7,1,1,0,0.6386728286743164,0.3613271713256836,0,1,0.6386728286743164,0.1386728286743164,3,3,2,0.8407494145199064,3.540983606557377,nested_oof,0.5
427-8,427,8,1,1,0,0.6386728286743164,0.3613271713256836,0,1,0.6386728286743164,0.1386728286743164,3,3,2,0.7985948477751756,2.791569086651054,nested_oof,0.5
427-9,427,9,1,1,0,0.6386728286743164,0.3613271713256836,0,1,0.6386728286743164,0.1386728286743164,5,3,4,0.819672131147541,4.285714285714286,nested_oof,0.5
427-10,427,10,1,1,0,0.6386728286743164,0.3613271713256836,0,1,0.6386728286743164,0.1386728286743164,3,3,4,0.775175644028103,3.4988290398126463,nested_oof,0.5
427-11,427,11,1,1,0,0.6386728286743164,0.3613271713256836,0,1,0.6386728286743164,0.1386728286743164,5,3,4,0.7892271662763466,3.782201405152225,nested_oof,0.5
427-12,427,12,1,1,0,0.6386728286743164,0.3613271713256836,0,1,0.6386728286743164,0.1386728286743164,4,3,4,0.8290398126463701,3.6721311475409837,nested_oof,0.5
