id,case_id,rater_id,y_true,predicted_probability,fold
1-0,1,0,0,0.0631916150450706,3
1-1,1,1,0,0.0631916150450706,3
1-2,1,2,0,0.0631916150450706,3
1-3,1,3,0,0.0631916150450706,3
1-4,1,4,0,0.0631916150450706,3
1-5,1,5,0,0.0631916150450706,3
1-6,1,6,0,0.0631916150450706,3
1-7,1,7,0,0.0631916150450706,3
1-8,1,8,0,0.0631916150450706,3
1-9,1,9,0,0.0631916150450706,3
1-10,1,10,0,0.0631916150450706,3
1-11,1,11,1,0.9368083849549294,3
1-12,1,12,0,0.0631916150450706,3
2-0,2,0,1,0.8505421280860901,5
2-1,2,1,1,0.8505421280860901,5
2-2,2,2,1,0.8505421280860901,5
2-3,2,3,0,0.1494578719139099,5
2-4,2,4,0,0.1494578719139099,5
2-5,2,5,1,0.8505421280860901,5
2-6,2,6,0,0.1494578719139099,5
2-7,2,7,1,0.8505421280860901,5
2-8,2,8,1,0.8505421280860901,5
2-9,2,9,0,0.1494578719139099,5
2-10,2,10,0,0.1494578719139099,5
2-11,2,11,1,0.8505421280860901,5
2-12,2,12,1,0.8505421280860901,5
3-0,3,0,0,0.1497360616922378,3
3-1,3,1,0,0.1497360616922378,3
3-2,3,2,0,0.1497360616922378,3
3-3,3,3,0,0.1497360616922378,3
3-4,3,4,0,0.1497360616922378,3
3-5,3,5,0,0.1497360616922378,3
3-6,3,6,1,0.8502639383077621,3
3-7,3,7,0,0.1497360616922378,3
3-8,3,8,0,0.1497360616922378,3
3-9,3,9,0,0.1497360616922378,3
3-10,3,10,0,0.1497360616922378,3
3-11,3,11,0,0.1497360616922378,3
3-12,3,12,0,0.1497360616922378,3
4-0,4,0,0,0.0238545909523963,4
4-1,4,1,0,0.0238545909523963,4
4-2,4,2,0,0.0238545909523963,4
4-3,4,3,1,0.9761454090476036,4
4-4,4,4,0,0.0238545909523963,4
4-5,4,5,1,0.9761454090476036,4
4-6,4,6,1,0.9761454090476036,4
4-7,4,7,0,0.0238545909523963,4
4-8,4,8,1,0.9761454090476036,4
4-9,4,9,0,0.0238545909523963,4
4-10,4,10,0,0.0238545909523963,4
4-11,4,11,1,0.9761454090476036,4
4-12,4,12,1,0.9761454090476036,4
5-0,5,0,0,0.3714230954647064,4
5-1,5,1,0,0.3714230954647064,4
5-2,5,2,0,0.3714230954647064,4
5-3,5,3,0,0.3714230954647064,4
5-4,5,4,0,0.3714230954647064,4
5-5,5,5,0,0.3714230954647064,4
5-6,5,6,1,0.6285769045352936,4
5-7,5,7,0,0.3714230954647064,4
5-8,5,8,0,0.3714230954647064,4
5-9,5,9,0,0.3714230954647064,4
5-10,5,10,0,0.3714230954647064,4
5-11,5,11,0,0.3714230954647064,4
5-12,5,12,0,0.3714230954647064,4
6-0,6,0,0,0.8920695185661316,1
6-1,6,1,0,0.8920695185661316,1
6-2,6,2,0,0.8920695185661316,1
6-3,6,3,0,0.8920695185661316,1
6-4,6,4,0,0.8920695185661316,1
6-5,6,5,0,0.8920695185661316,1
6-6,6,6,1,0.1079304814338684,1
6-7,6,7,0,0.8920695185661316,1
6-8,6,8,0,0.8920695185661316,1
6-9,6,9,0,0.8920695185661316,1
6-10,6,10,1,0.1079304814338684,1
6-11,6,11,1,0.1079304814338684,1
6-12,6,12,0,0.8920695185661316,1
7-0,7,0,0,0.0423028357326984,4
7-1,7,1,0,0.0423028357326984,4
7-2,7,2,0,0.0423028357326984,4
7-3,7,3,0,0.0423028357326984,4
7-4,7,4,0,0.0423028357326984,4
7-5,7,5,0,0.0423028357326984,4
7-6,7,6,1,0.9576971642673016,4
7-7,7,7,0,0.0423028357326984,4
7-8,7,8,0,0.0423028357326984,4
7-9,7,9,0,0.0423028357326984,4
7-10,7,10,1,0.9576971642673016,4
7-11,7,11,0,0.0423028357326984,4
7-12,7,12,0,0.0423028357326984,4
8-0,8,0,0,0.1787090897560119,3
8-1,8,1,0,0.1787090897560119,3
8-2,8,2,0,0.1787090897560119,3
8-3,8,3,0,0.1787090897560119,3
8-4,8,4,0,0.1787090897560119,3
8-5,8,5,0,0.1787090897560119,3
8-6,8,6,0,0.1787090897560119,3
8-7,8,7,0,0.1787090897560119,3
8-8,8,8,0,0.1787090897560119,3
8-9,8,9,0,0.1787090897560119,3
8-10,8,10,0,0.1787090897560119,3
8-11,8,11,0,0.1787090897560119,3
8-12,8,12,0,0.1787090897560119,3
9-0,9,0,0,0.4394634366035461,3
9-1,9,1,0,0.4394634366035461,3
9-2,9,2,0,0.4394634366035461,3
9-3,9,3,0,0.4394634366035461,3
9-4,9,4,1,0.5605365633964539,3
9-5,9,5,1,0.5605365633964539,3
9-6,9,6,0,0.4394634366035461,3
9-7,9,7,0,0.4394634366035461,3
9-8,9,8,1,0.5605365633964539,3
9-9,9,9,1,0.5605365633964539,3
9-10,9,10,1,0.5605365633964539,3
9-11,9,11,0,0.4394634366035461,3
9-12,9,12,0,0.4394634366035461,3
10-0,10,0,0,0.0812143459916114,3
10-1,10,1,1,0.9187856540083886,3
10-2,10,2,0,0.0812143459916114,3
10-3,10,3,0,0.0812143459916114,3
10-4,10,4,0,0.0812143459916114,3
10-5,10,5,1,0.9187856540083886,3
10-6,10,6,0,0.0812143459916114,3
10-7,10,7,0,0.0812143459916114,3
10-8,10,8,1,0.9187856540083886,3
10-9,10,9,0,0.0812143459916114,3
10-10,10,10,1,0.9187856540083886,3
10-11,10,11,0,0.0812143459916114,3
10-12,10,12,1,0.9187856540083886,3
11-0,11,0,0,0.1516969203948974,5
11-1,11,1,0,0.1516969203948974,5
11-2,11,2,0,0.1516969203948974,5
11-3,11,3,0,0.1516969203948974,5
11-4,11,4,0,0.1516969203948974,5
11-5,11,5,0,0.1516969203948974,5
11-6,11,6,0,0.1516969203948974,5
11-7,11,7,0,0.1516969203948974,5
11-8,11,8,0,0.1516969203948974,5
11-9,11,9,1,0.8483030796051025,5
11-10,11,10,0,0.1516969203948974,5
11-11,11,11,0,0.1516969203948974,5
11-12,11,12,0,0.1516969203948974,5
12-0,12,0,0,0.3398662805557251,3
12-1,12,1,0,0.3398662805557251,3
12-2,12,2,0,0.3398662805557251,3
12-3,12,3,0,0.3398662805557251,3
12-4,12,4,0,0.3398662805557251,3
12-5,12,5,0,0.3398662805557251,3
12-6,12,6,0,0.3398662805557251,3
12-7,12,7,0,0.3398662805557251,3
12-8,12,8,0,0.3398662805557251,3
12-9,12,9,0,0.3398662805557251,3
12-10,12,10,0,0.3398662805557251,3
12-11,12,11,0,0.3398662805557251,3
12-12,12,12,0,0.3398662805557251,3
13-0,13,0,0,0.9791674092411996,2
13-1,13,1,0,0.9791674092411996,2
13-2,13,2,0,0.9791674092411996,2
13-3,13,3,0,0.9791674092411996,2
13-4,13,4,0,0.9791674092411996,2
13-5,13,5,0,0.9791674092411996,2
13-6,13,6,0,0.9791674092411996,2
13-7,13,7,0,0.9791674092411996,2
13-8,13,8,0,0.9791674092411996,2
13-9,13,9,0,0.9791674092411996,2
13-10,13,10,0,0.9791674092411996,2
13-11,13,11,0,0.9791674092411996,2
13-12,13,12,0,0.9791674092411996,2
14-0,14,0,0,0.0515987873077391,4
14-1,14,1,0,0.0515987873077391,4
14-2,14,2,0,0.0515987873077391,4
14-3,14,3,0,0.0515987873077391,4
14-4,14,4,0,0.0515987873077391,4
14-5,14,5,0,0.0515987873077391,4
14-6,14,6,0,0.0515987873077391,4
14-7,14,7,0,0.0515987873077391,4
14-8,14,8,0,0.0515987873077391,4
14-9,14,9,0,0.0515987873077391,4
14-10,14,10,0,0.0515987873077391,4
14-11,14,11,0,0.0515987873077391,4
14-12,14,12,0,0.0515987873077391,4
15-0,15,0,1,0.1232565492391586,3
15-1,15,1,1,0.1232565492391586,3
15-2,15,2,1,0.1232565492391586,3
15-3,15,3,1,0.1232565492391586,3
15-4,15,4,1,0.1232565492391586,3
15-5,15,5,1,0.1232565492391586,3
15-6,15,6,1,0.1232565492391586,3
15-7,15,7,1,0.1232565492391586,3
15-8,15,8,1,0.1232565492391586,3
15-9,15,9,0,0.8767434507608414,3
15-10,15,10,1,0.1232565492391586,3
15-11,15,11,1,0.1232565492391586,3
15-12,15,12,1,0.1232565492391586,3
16-0,16,0,0,0.8493857979774475,5
16-1,16,1,0,0.8493857979774475,5
16-2,16,2,0,0.8493857979774475,5
16-3,16,3,0,0.8493857979774475,5
16-4,16,4,0,0.8493857979774475,5
16-5,16,5,0,0.8493857979774475,5
16-6,16,6,0,0.8493857979774475,5
16-7,16,7,0,0.8493857979774475,5
16-8,16,8,0,0.8493857979774475,5
16-9,16,9,0,0.8493857979774475,5
16-10,16,10,0,0.8493857979774475,5
16-11,16,11,0,0.8493857979774475,5
16-12,16,12,0,0.8493857979774475,5
17-0,17,0,0,0.931252419948578,1
17-1,17,1,0,0.931252419948578,1
17-2,17,2,0,0.931252419948578,1
17-3,17,3,1,0.068747580051422,1
17-4,17,4,0,0.931252419948578,1
17-5,17,5,1,0.068747580051422,1
17-6,17,6,1,0.068747580051422,1
17-7,17,7,0,0.931252419948578,1
17-8,17,8,1,0.068747580051422,1
17-9,17,9,0,0.931252419948578,1
17-10,17,10,1,0.068747580051422,1
17-11,17,11,1,0.068747580051422,1
17-12,17,12,1,0.068747580051422,1
18-0,18,0,0,0.9855190915986896,5
18-1,18,1,0,0.9855190915986896,5
18-2,18,2,0,0.9855190915986896,5
18-3,18,3,0,0.9855190915986896,5
18-4,18,4,0,0.9855190915986896,5
18-5,18,5,0,0.9855190915986896,5
18-6,18,6,0,0.9855190915986896,5
18-7,18,7,0,0.9855190915986896,5
18-8,18,8,0,0.9855190915986896,5
18-9,18,9,0,0.9855190915986896,5
18-10,18,10,0,0.9855190915986896,5
18-11,18,11,0,0.9855190915986896,5
18-12,18,12,0,0.9855190915986896,5
19-0,19,0,0,0.1416841447353363,2
19-1,19,1,0,0.1416841447353363,2
19-2,19,2,0,0.1416841447353363,2
19-3,19,3,0,0.1416841447353363,2
19-4,19,4,0,0.1416841447353363,2
19-5,19,5,0,0.1416841447353363,2
19-6,19,6,0,0.1416841447353363,2
19-7,19,7,0,0.1416841447353363,2
19-8,19,8,0,0.1416841447353363,2
19-9,19,9,0,0.1416841447353363,2
19-10,19,10,0,0.1416841447353363,2
19-11,19,11,0,0.1416841447353363,2
19-12,19,12,0,0.1416841447353363,2
20-0,20,0,0,0.0007973313331604,5
20-1,20,1,0,0.0007973313331604,5
20-2,20,2,0,0.0007973313331604,5
20-3,20,3,0,0.0007973313331604,5
20-4,20,4,0,0.0007973313331604,5
20-5,20,5,0,0.0007973313331604,5
20-6,20,6,0,0.0007973313331604,5
20-7,20,7,0,0.0007973313331604,5
20-8,20,8,0,0.0007973313331604,5
20-9,20,9,0,0.0007973313331604,5
20-10,20,10,0,0.0007973313331604,5
20-11,20,11,0,0.0007973313331604,5
20-12,20,12,0,0.0007973313331604,5
21-0,21,0,0,0.0921481400728225,5
21-1,21,1,0,0.0921481400728225,5
21-2,21,2,0,0.0921481400728225,5
21-3,21,3,0,0.0921481400728225,5
21-4,21,4,0,0.0921481400728225,5
21-5,21,5,0,0.0921481400728225,5
21-6,21,6,0,0.0921481400728225,5
21-7,21,7,0,0.0921481400728225,5
21-8,21,8,0,0.0921481400728225,5
21-9,21,9,0,0.0921481400728225,5
21-10,21,10,0,0.0921481400728225,5
21-11,21,11,0,0.0921481400728225,5
21-12,21,12,0,0.0921481400728225,5
22-0,22,0,0,0.7936586737632751,1
22-1,22,1,0,0.7936586737632751,1
22-2,22,2,1,0.2063413262367248,1
22-3,22,3,0,0.7936586737632751,1
22-4,22,4,0,0.7936586737632751,1
22-5,22,5,0,0.7936586737632751,1
22-6,22,6,0,0.7936586737632751,1
22-7,22,7,0,0.7936586737632751,1
22-8,22,8,0,0.7936586737632751,1
22-9,22,9,0,0.7936586737632751,1
22-10,22,10,0,0.7936586737632751,1
22-11,22,11,0,0.7936586737632751,1
22-12,22,12,0,0.7936586737632751,1
23-0,23,0,0,0.877592921257019,1
23-1,23,1,0,0.877592921257019,1
23-2,23,2,0,0.877592921257019,1
23-3,23,3,1,0.1224070787429809,1
23-4,23,4,0,0.877592921257019,1
23-5,23,5,0,0.877592921257019,1
23-6,23,6,0,0.877592921257019,1
23-7,23,7,0,0.877592921257019,1
23-8,23,8,0,0.877592921257019,1
23-9,23,9,0,0.877592921257019,1
23-10,23,10,0,0.877592921257019,1
23-11,23,11,0,0.877592921257019,1
23-12,23,12,0,0.877592921257019,1
24-0,24,0,0,0.6475051641464233,1
24-1,24,1,0,0.6475051641464233,1
24-2,24,2,0,0.6475051641464233,1
24-3,24,3,0,0.6475051641464233,1
24-4,24,4,0,0.6475051641464233,1
24-5,24,5,0,0.6475051641464233,1
24-6,24,6,1,0.3524948358535766,1
24-7,24,7,0,0.6475051641464233,1
24-8,24,8,0,0.6475051641464233,1
24-9,24,9,0,0.6475051641464233,1
24-10,24,10,0,0.6475051641464233,1
24-11,24,11,0,0.6475051641464233,1
24-12,24,12,0,0.6475051641464233,1
25-0,25,0,0,0.1699978709220886,2
25-1,25,1,0,0.1699978709220886,2
25-2,25,2,0,0.1699978709220886,2
25-3,25,3,0,0.1699978709220886,2
25-4,25,4,0,0.1699978709220886,2
25-5,25,5,0,0.1699978709220886,2
25-6,25,6,0,0.1699978709220886,2
25-7,25,7,0,0.1699978709220886,2
25-8,25,8,0,0.1699978709220886,2
25-9,25,9,0,0.1699978709220886,2
25-10,25,10,0,0.1699978709220886,2
25-11,25,11,0,0.1699978709220886,2
25-12,25,12,0,0.1699978709220886,2
26-0,26,0,0,0.3250508904457092,1
26-1,26,1,0,0.3250508904457092,1
26-2,26,2,0,0.3250508904457092,1
26-3,26,3,0,0.3250508904457092,1
26-4,26,4,0,0.3250508904457092,1
26-5,26,5,0,0.3250508904457092,1
26-6,26,6,0,0.3250508904457092,1
26-7,26,7,0,0.3250508904457092,1
26-8,26,8,0,0.3250508904457092,1
26-9,26,9,0,0.3250508904457092,1
26-10,26,10,0,0.3250508904457092,1
26-11,26,11,0,0.3250508904457092,1
26-12,26,12,0,0.3250508904457092,1
27-0,27,0,0,0.1267925351858139,1
27-1,27,1,0,0.1267925351858139,1
27-2,27,2,0,0.1267925351858139,1
27-3,27,3,0,0.1267925351858139,1
27-4,27,4,0,0.1267925351858139,1
27-5,27,5,0,0.1267925351858139,1
27-6,27,6,0,0.1267925351858139,1
27-7,27,7,0,0.1267925351858139,1
27-8,27,8,0,0.1267925351858139,1
27-9,27,9,0,0.1267925351858139,1
27-10,27,10,1,0.8732074648141861,1
27-11,27,11,0,0.1267925351858139,1
27-12,27,12,0,0.1267925351858139,1
28-0,28,0,0,0.9222527146339417,2
28-1,28,1,0,0.9222527146339417,2
28-2,28,2,1,0.0777472853660583,2
28-3,28,3,0,0.9222527146339417,2
28-4,28,4,1,0.0777472853660583,2
28-5,28,5,1,0.0777472853660583,2
28-6,28,6,0,0.9222527146339417,2
28-7,28,7,0,0.9222527146339417,2
28-8,28,8,0,0.9222527146339417,2
28-9,28,9,0,0.9222527146339417,2
28-10,28,10,0,0.9222527146339417,2
28-11,28,11,0,0.9222527146339417,2
28-12,28,12,0,0.9222527146339417,2
29-0,29,0,1,0.3616842031478882,3
29-1,29,1,1,0.3616842031478882,3
29-2,29,2,0,0.6383157968521118,3
29-3,29,3,1,0.3616842031478882,3
29-4,29,4,0,0.6383157968521118,3
29-5,29,5,1,0.3616842031478882,3
29-6,29,6,1,0.3616842031478882,3
29-7,29,7,1,0.3616842031478882,3
29-8,29,8,1,0.3616842031478882,3
29-9,29,9,1,0.3616842031478882,3
29-10,29,10,0,0.6383157968521118,3
29-11,29,11,1,0.3616842031478882,3
29-12,29,12,1,0.3616842031478882,3
30-0,30,0,0,0.015836602076888,2
30-1,30,1,0,0.015836602076888,2
30-2,30,2,0,0.015836602076888,2
30-3,30,3,0,0.015836602076888,2
30-4,30,4,0,0.015836602076888,2
30-5,30,5,0,0.015836602076888,2
30-6,30,6,0,0.015836602076888,2
30-7,30,7,0,0.015836602076888,2
30-8,30,8,0,0.015836602076888,2
30-9,30,9,0,0.015836602076888,2
30-10,30,10,0,0.015836602076888,2
30-11,30,11,0,0.015836602076888,2
30-12,30,12,0,0.015836602076888,2
31-0,31,0,0,0.0315841436386108,4
31-1,31,1,0,0.0315841436386108,4
31-2,31,2,0,0.0315841436386108,4
31-3,31,3,0,0.0315841436386108,4
31-4,31,4,0,0.0315841436386108,4
31-5,31,5,0,0.0315841436386108,4
31-6,31,6,0,0.0315841436386108,4
31-7,31,7,0,0.0315841436386108,4
31-8,31,8,0,0.0315841436386108,4
31-9,31,9,0,0.0315841436386108,4
31-10,31,10,0,0.0315841436386108,4
31-11,31,11,0,0.0315841436386108,4
31-12,31,12,0,0.0315841436386108,4
32-0,32,0,1,0.8411314934492112,2
32-1,32,1,0,0.1588685065507888,2
32-2,32,2,0,0.1588685065507888,2
32-3,32,3,1,0.8411314934492112,2
32-4,32,4,1,0.8411314934492112,2
32-5,32,5,1,0.8411314934492112,2
32-6,32,6,0,0.1588685065507888,2
32-7,32,7,0,0.1588685065507888,2
32-8,32,8,1,0.8411314934492112,2
32-9,32,9,1,0.8411314934492112,2
32-10,32,10,1,0.8411314934492112,2
32-11,32,11,1,0.8411314934492112,2
32-12,32,12,1,0.8411314934492112,2
33-0,33,0,0,0.3186074495315552,3
33-1,33,1,0,0.3186074495315552,3
33-2,33,2,0,0.3186074495315552,3
33-3,33,3,0,0.3186074495315552,3
33-4,33,4,0,0.3186074495315552,3
33-5,33,5,0,0.3186074495315552,3
33-6,33,6,0,0.3186074495315552,3
33-7,33,7,0,0.3186074495315552,3
33-8,33,8,0,0.3186074495315552,3
33-9,33,9,0,0.3186074495315552,3
33-10,33,10,1,0.6813925504684448,3
33-11,33,11,1,0.6813925504684448,3
33-12,33,12,1,0.6813925504684448,3
34-0,34,0,1,0.8961247801780701,4
34-1,34,1,1,0.8961247801780701,4
34-2,34,2,0,0.1038752198219299,4
34-3,34,3,1,0.8961247801780701,4
34-4,34,4,0,0.1038752198219299,4
34-5,34,5,1,0.8961247801780701,4
34-6,34,6,0,0.1038752198219299,4
34-7,34,7,0,0.1038752198219299,4
34-8,34,8,1,0.8961247801780701,4
34-9,34,9,1,0.8961247801780701,4
34-10,34,10,0,0.1038752198219299,4
34-11,34,11,1,0.8961247801780701,4
34-12,34,12,0,0.1038752198219299,4
35-0,35,0,0,0.0478569343686103,4
35-1,35,1,0,0.0478569343686103,4
35-2,35,2,0,0.0478569343686103,4
35-3,35,3,0,0.0478569343686103,4
35-4,35,4,0,0.0478569343686103,4
35-5,35,5,1,0.9521430656313896,4
35-6,35,6,1,0.9521430656313896,4
35-7,35,7,0,0.0478569343686103,4
35-8,35,8,1,0.9521430656313896,4
35-9,35,9,0,0.0478569343686103,4
35-10,35,10,1,0.9521430656313896,4
35-11,35,11,0,0.0478569343686103,4
35-12,35,12,0,0.0478569343686103,4
36-0,36,0,0,0.0199178867042064,5
36-1,36,1,1,0.9800821132957936,5
36-2,36,2,0,0.0199178867042064,5
36-3,36,3,1,0.9800821132957936,5
36-4,36,4,0,0.0199178867042064,5
36-5,36,5,1,0.9800821132957936,5
36-6,36,6,0,0.0199178867042064,5
36-7,36,7,0,0.0199178867042064,5
36-8,36,8,1,0.9800821132957936,5
36-9,36,9,1,0.9800821132957936,5
36-10,36,10,1,0.9800821132957936,5
36-11,36,11,1,0.9800821132957936,5
36-12,36,12,1,0.9800821132957936,5
37-0,37,0,0,0.3150845170021057,5
37-1,37,1,1,0.6849154829978943,5
37-2,37,2,0,0.3150845170021057,5
37-3,37,3,0,0.3150845170021057,5
37-4,37,4,0,0.3150845170021057,5
37-5,37,5,1,0.6849154829978943,5
37-6,37,6,1,0.6849154829978943,5
37-7,37,7,0,0.3150845170021057,5
37-8,37,8,0,0.3150845170021057,5
37-9,37,9,0,0.3150845170021057,5
37-10,37,10,0,0.3150845170021057,5
37-11,37,11,0,0.3150845170021057,5
37-12,37,12,1,0.6849154829978943,5
38-0,38,0,0,0.1174375340342521,3
38-1,38,1,0,0.1174375340342521,3
38-2,38,2,1,0.8825624659657479,3
38-3,38,3,0,0.1174375340342521,3
38-4,38,4,0,0.1174375340342521,3
38-5,38,5,1,0.8825624659657479,3
38-6,38,6,0,0.1174375340342521,3
38-7,38,7,0,0.1174375340342521,3
38-8,38,8,0,0.1174375340342521,3
38-9,38,9,0,0.1174375340342521,3
38-10,38,10,0,0.1174375340342521,3
38-11,38,11,0,0.1174375340342521,3
38-12,38,12,0,0.1174375340342521,3
39-0,39,0,0,0.1746675670146942,4
39-1,39,1,0,0.1746675670146942,4
39-2,39,2,0,0.1746675670146942,4
39-3,39,3,0,0.1746675670146942,4
39-4,39,4,0,0.1746675670146942,4
39-5,39,5,0,0.1746675670146942,4
39-6,39,6,0,0.1746675670146942,4
39-7,39,7,0,0.1746675670146942,4
39-8,39,8,0,0.1746675670146942,4
39-9,39,9,0,0.1746675670146942,4
39-10,39,10,0,0.1746675670146942,4
39-11,39,11,1,0.8253324329853058,4
39-12,39,12,0,0.1746675670146942,4
40-0,40,0,0,0.7721437513828278,2
40-1,40,1,0,0.7721437513828278,2
40-2,40,2,0,0.7721437513828278,2
40-3,40,3,0,0.7721437513828278,2
40-4,40,4,0,0.7721437513828278,2
40-5,40,5,0,0.7721437513828278,2
40-6,40,6,0,0.7721437513828278,2
40-7,40,7,0,0.7721437513828278,2
40-8,40,8,0,0.7721437513828278,2
40-9,40,9,0,0.7721437513828278,2
40-10,40,10,0,0.7721437513828278,2
40-11,40,11,0,0.7721437513828278,2
40-12,40,12,0,0.7721437513828278,2
41-0,41,0,0,0.7264028787612915,3
41-1,41,1,1,0.2735971212387085,3
41-2,41,2,0,0.7264028787612915,3
41-3,41,3,1,0.2735971212387085,3
41-4,41,4,0,0.7264028787612915,3
41-5,41,5,1,0.2735971212387085,3
41-6,41,6,1,0.2735971212387085,3
41-7,41,7,1,0.2735971212387085,3
41-8,41,8,0,0.7264028787612915,3
41-9,41,9,1,0.2735971212387085,3
41-10,41,10,1,0.2735971212387085,3
41-11,41,11,1,0.2735971212387085,3
41-12,41,12,1,0.2735971212387085,3
42-0,42,0,0,0.7853376865386963,1
42-1,42,1,0,0.7853376865386963,1
42-2,42,2,0,0.7853376865386963,1
42-3,42,3,0,0.7853376865386963,1
42-4,42,4,0,0.7853376865386963,1
42-5,42,5,0,0.7853376865386963,1
42-6,42,6,0,0.7853376865386963,1
42-7,42,7,0,0.7853376865386963,1
42-8,42,8,0,0.7853376865386963,1
42-9,42,9,0,0.7853376865386963,1
42-10,42,10,0,0.7853376865386963,1
42-11,42,11,0,0.7853376865386963,1
42-12,42,12,0,0.7853376865386963,1
43-0,43,0,0,0.015103742480278,5
43-1,43,1,0,0.015103742480278,5
43-2,43,2,0,0.015103742480278,5
43-3,43,3,0,0.015103742480278,5
43-4,43,4,0,0.015103742480278,5
43-5,43,5,0,0.015103742480278,5
43-6,43,6,0,0.015103742480278,5
43-7,43,7,0,0.015103742480278,5
43-8,43,8,1,0.984896257519722,5
43-9,43,9,0,0.015103742480278,5
43-10,43,10,0,0.015103742480278,5
43-11,43,11,0,0.015103742480278,5
43-12,43,12,0,0.015103742480278,5
44-0,44,0,0,0.0566495656967164,1
44-1,44,1,1,0.9433504343032836,1
44-2,44,2,0,0.0566495656967164,1
44-3,44,3,0,0.0566495656967164,1
44-4,44,4,0,0.0566495656967164,1
44-5,44,5,0,0.0566495656967164,1
44-6,44,6,0,0.0566495656967164,1
44-7,44,7,0,0.0566495656967164,1
44-8,44,8,0,0.0566495656967164,1
44-9,44,9,0,0.0566495656967164,1
44-10,44,10,0,0.0566495656967164,1
44-11,44,11,0,0.0566495656967164,1
44-12,44,12,0,0.0566495656967164,1
45-0,45,0,0,0.066682755947113,2
45-1,45,1,0,0.066682755947113,2
45-2,45,2,0,0.066682755947113,2
45-3,45,3,0,0.066682755947113,2
45-4,45,4,0,0.066682755947113,2
45-5,45,5,0,0.066682755947113,2
45-6,45,6,0,0.066682755947113,2
45-7,45,7,0,0.066682755947113,2
45-8,45,8,0,0.066682755947113,2
45-9,45,9,0,0.066682755947113,2
45-10,45,10,0,0.066682755947113,2
45-11,45,11,0,0.066682755947113,2
45-12,45,12,0,0.066682755947113,2
46-0,46,0,0,0.1997502446174621,5
46-1,46,1,0,0.1997502446174621,5
46-2,46,2,0,0.1997502446174621,5
46-3,46,3,0,0.1997502446174621,5
46-4,46,4,0,0.1997502446174621,5
46-5,46,5,0,0.1997502446174621,5
46-6,46,6,0,0.1997502446174621,5
46-7,46,7,0,0.1997502446174621,5
46-8,46,8,0,0.1997502446174621,5
46-9,46,9,0,0.1997502446174621,5
46-10,46,10,0,0.1997502446174621,5
46-11,46,11,0,0.1997502446174621,5
46-12,46,12,0,0.1997502446174621,5
47-0,47,0,0,0.1006470322608947,1
47-1,47,1,0,0.1006470322608947,1
47-2,47,2,0,0.1006470322608947,1
47-3,47,3,0,0.1006470322608947,1
47-4,47,4,0,0.1006470322608947,1
47-5,47,5,0,0.1006470322608947,1
47-6,47,6,0,0.1006470322608947,1
47-7,47,7,0,0.1006470322608947,1
47-8,47,8,0,0.1006470322608947,1
47-9,47,9,0,0.1006470322608947,1
47-10,47,10,0,0.1006470322608947,1
47-11,47,11,0,0.1006470322608947,1
47-12,47,12,0,0.1006470322608947,1
48-0,48,0,0,0.966932773590088,5
48-1,48,1,0,0.966932773590088,5
48-2,48,2,0,0.966932773590088,5
48-3,48,3,0,0.966932773590088,5
48-4,48,4,0,0.966932773590088,5
48-5,48,5,0,0.966932773590088,5
48-6,48,6,0,0.966932773590088,5
48-7,48,7,0,0.966932773590088,5
48-8,48,8,0,0.966932773590088,5
48-9,48,9,0,0.966932773590088,5
48-10,48,10,0,0.966932773590088,5
48-11,48,11,0,0.966932773590088,5
48-12,48,12,0,0.966932773590088,5
49-0,49,0,0,0.0837973728775978,3
49-1,49,1,0,0.0837973728775978,3
49-2,49,2,0,0.0837973728775978,3
49-3,49,3,0,0.0837973728775978,3
49-4,49,4,0,0.0837973728775978,3
49-5,49,5,0,0.0837973728775978,3
49-6,49,6,0,0.0837973728775978,3
49-7,49,7,0,0.0837973728775978,3
49-8,49,8,0,0.0837973728775978,3
49-9,49,9,0,0.0837973728775978,3
49-10,49,10,0,0.0837973728775978,3
49-11,49,11,0,0.0837973728775978,3
49-12,49,12,0,0.0837973728775978,3
50-0,50,0,0,0.8817863464355469,2
50-1,50,1,0,0.8817863464355469,2
50-2,50,2,0,0.8817863464355469,2
50-3,50,3,0,0.8817863464355469,2
50-4,50,4,0,0.8817863464355469,2
50-5,50,5,0,0.8817863464355469,2
50-6,50,6,0,0.8817863464355469,2
50-7,50,7,1,0.1182136535644531,2
50-8,50,8,1,0.1182136535644531,2
50-9,50,9,1,0.1182136535644531,2
50-10,50,10,0,0.8817863464355469,2
50-11,50,11,0,0.8817863464355469,2
50-12,50,12,0,0.8817863464355469,2
51-0,51,0,0,0.0438918471336363,2
51-1,51,1,0,0.0438918471336363,2
51-2,51,2,0,0.0438918471336363,2
51-3,51,3,0,0.0438918471336363,2
51-4,51,4,0,0.0438918471336363,2
51-5,51,5,0,0.0438918471336363,2
51-6,51,6,0,0.0438918471336363,2
51-7,51,7,0,0.0438918471336363,2
51-8,51,8,0,0.0438918471336363,2
51-9,51,9,0,0.0438918471336363,2
51-10,51,10,0,0.0438918471336363,2
51-11,51,11,0,0.0438918471336363,2
51-12,51,12,0,0.0438918471336363,2
52-0,52,0,1,0.0228263717144727,5
52-1,52,1,1,0.0228263717144727,5
52-2,52,2,0,0.9771736282855272,5
52-3,52,3,1,0.0228263717144727,5
52-4,52,4,1,0.0228263717144727,5
52-5,52,5,1,0.0228263717144727,5
52-6,52,6,0,0.9771736282855272,5
52-7,52,7,1,0.0228263717144727,5
52-8,52,8,0,0.9771736282855272,5
52-9,52,9,1,0.0228263717144727,5
52-10,52,10,0,0.9771736282855272,5
52-11,52,11,1,0.0228263717144727,5
52-12,52,12,0,0.9771736282855272,5
53-0,53,0,1,0.9082698971033096,3
53-1,53,1,0,0.0917301028966903,3
53-2,53,2,0,0.0917301028966903,3
53-3,53,3,1,0.9082698971033096,3
53-4,53,4,0,0.0917301028966903,3
53-5,53,5,1,0.9082698971033096,3
53-6,53,6,1,0.9082698971033096,3
53-7,53,7,1,0.9082698971033096,3
53-8,53,8,1,0.9082698971033096,3
53-9,53,9,0,0.0917301028966903,3
53-10,53,10,1,0.9082698971033096,3
53-11,53,11,1,0.9082698971033096,3
53-12,53,12,1,0.9082698971033096,3
54-0,54,0,0,0.5396169126033783,3
54-1,54,1,0,0.5396169126033783,3
54-2,54,2,0,0.5396169126033783,3
54-3,54,3,0,0.5396169126033783,3
54-4,54,4,0,0.5396169126033783,3
54-5,54,5,0,0.5396169126033783,3
54-6,54,6,0,0.5396169126033783,3
54-7,54,7,0,0.5396169126033783,3
54-8,54,8,0,0.5396169126033783,3
54-9,54,9,0,0.5396169126033783,3
54-10,54,10,0,0.5396169126033783,3
54-11,54,11,0,0.5396169126033783,3
54-12,54,12,0,0.5396169126033783,3
55-0,55,0,0,0.3014020919799804,5
55-1,55,1,0,0.3014020919799804,5
55-2,55,2,0,0.3014020919799804,5
55-3,55,3,0,0.3014020919799804,5
55-4,55,4,0,0.3014020919799804,5
55-5,55,5,0,0.3014020919799804,5
55-6,55,6,0,0.3014020919799804,5
55-7,55,7,0,0.3014020919799804,5
55-8,55,8,0,0.3014020919799804,5
55-9,55,9,0,0.3014020919799804,5
55-10,55,10,0,0.3014020919799804,5
55-11,55,11,0,0.3014020919799804,5
55-12,55,12,0,0.3014020919799804,5
56-0,56,0,1,0.7324099540710449,1
56-1,56,1,1,0.7324099540710449,1
56-2,56,2,1,0.7324099540710449,1
56-3,56,3,1,0.7324099540710449,1
56-4,56,4,1,0.7324099540710449,1
56-5,56,5,1,0.7324099540710449,1
56-6,56,6,1,0.7324099540710449,1
56-7,56,7,1,0.7324099540710449,1
56-8,56,8,0,0.2675900459289551,1
56-9,56,9,0,0.2675900459289551,1
56-10,56,10,1,0.7324099540710449,1
56-11,56,11,1,0.7324099540710449,1
56-12,56,12,1,0.7324099540710449,1
57-0,57,0,0,0.5656188130378723,3
57-1,57,1,0,0.5656188130378723,3
57-2,57,2,0,0.5656188130378723,3
57-3,57,3,0,0.5656188130378723,3
57-4,57,4,0,0.5656188130378723,3
57-5,57,5,1,0.4343811869621277,3
57-6,57,6,0,0.5656188130378723,3
57-7,57,7,0,0.5656188130378723,3
57-8,57,8,0,0.5656188130378723,3
57-9,57,9,0,0.5656188130378723,3
57-10,57,10,0,0.5656188130378723,3
57-11,57,11,0,0.5656188130378723,3
57-12,57,12,0,0.5656188130378723,3
58-0,58,0,1,0.9771772846579552,2
58-1,58,1,1,0.9771772846579552,2
58-2,58,2,1,0.9771772846579552,2
58-3,58,3,1,0.9771772846579552,2
58-4,58,4,1,0.9771772846579552,2
58-5,58,5,1,0.9771772846579552,2
58-6,58,6,1,0.9771772846579552,2
58-7,58,7,1,0.9771772846579552,2
58-8,58,8,1,0.9771772846579552,2
58-9,58,9,1,0.9771772846579552,2
58-10,58,10,1,0.9771772846579552,2
58-11,58,11,1,0.9771772846579552,2
58-12,58,12,1,0.9771772846579552,2
59-0,59,0,1,0.8247265815734863,2
59-1,59,1,1,0.8247265815734863,2
59-2,59,2,1,0.8247265815734863,2
59-3,59,3,1,0.8247265815734863,2
59-4,59,4,1,0.8247265815734863,2
59-5,59,5,1,0.8247265815734863,2
59-6,59,6,1,0.8247265815734863,2
59-7,59,7,1,0.8247265815734863,2
59-8,59,8,1,0.8247265815734863,2
59-9,59,9,0,0.1752734184265136,2
59-10,59,10,1,0.8247265815734863,2
59-11,59,11,1,0.8247265815734863,2
59-12,59,12,1,0.8247265815734863,2
60-0,60,0,0,0.2082572728395462,1
60-1,60,1,0,0.2082572728395462,1
60-2,60,2,0,0.2082572728395462,1
60-3,60,3,0,0.2082572728395462,1
60-4,60,4,0,0.2082572728395462,1
60-5,60,5,0,0.2082572728395462,1
60-6,60,6,0,0.2082572728395462,1
60-7,60,7,1,0.7917427271604538,1
60-8,60,8,1,0.7917427271604538,1
60-9,60,9,0,0.2082572728395462,1
60-10,60,10,0,0.2082572728395462,1
60-11,60,11,1,0.7917427271604538,1
60-12,60,12,0,0.2082572728395462,1
61-0,61,0,0,0.4316469728946686,1
61-1,61,1,0,0.4316469728946686,1
61-2,61,2,1,0.5683530271053314,1
61-3,61,3,0,0.4316469728946686,1
61-4,61,4,0,0.4316469728946686,1
61-5,61,5,0,0.4316469728946686,1
61-6,61,6,0,0.4316469728946686,1
61-7,61,7,1,0.5683530271053314,1
61-8,61,8,0,0.4316469728946686,1
61-9,61,9,0,0.4316469728946686,1
61-10,61,10,1,0.5683530271053314,1
61-11,61,11,1,0.5683530271053314,1
61-12,61,12,0,0.4316469728946686,1
62-0,62,0,0,0.0012322501279413,5
62-1,62,1,0,0.0012322501279413,5
62-2,62,2,0,0.0012322501279413,5
62-3,62,3,0,0.0012322501279413,5
62-4,62,4,0,0.0012322501279413,5
62-5,62,5,0,0.0012322501279413,5
62-6,62,6,0,0.0012322501279413,5
62-7,62,7,0,0.0012322501279413,5
62-8,62,8,0,0.0012322501279413,5
62-9,62,9,0,0.0012322501279413,5
62-10,62,10,0,0.0012322501279413,5
62-11,62,11,1,0.9987677498720589,5
62-12,62,12,0,0.0012322501279413,5
63-0,63,0,0,0.1564977169036865,1
63-1,63,1,0,0.1564977169036865,1
63-2,63,2,0,0.1564977169036865,1
63-3,63,3,0,0.1564977169036865,1
63-4,63,4,0,0.1564977169036865,1
63-5,63,5,0,0.1564977169036865,1
63-6,63,6,0,0.1564977169036865,1
63-7,63,7,0,0.1564977169036865,1
63-8,63,8,0,0.1564977169036865,1
63-9,63,9,0,0.1564977169036865,1
63-10,63,10,0,0.1564977169036865,1
63-11,63,11,0,0.1564977169036865,1
63-12,63,12,0,0.1564977169036865,1
64-0,64,0,0,0.0436715595424175,5
64-1,64,1,0,0.0436715595424175,5
64-2,64,2,0,0.0436715595424175,5
64-3,64,3,0,0.0436715595424175,5
64-4,64,4,0,0.0436715595424175,5
64-5,64,5,1,0.9563284404575824,5
64-6,64,6,1,0.9563284404575824,5
64-7,64,7,0,0.0436715595424175,5
64-8,64,8,0,0.0436715595424175,5
64-9,64,9,0,0.0436715595424175,5
64-10,64,10,1,0.9563284404575824,5
64-11,64,11,1,0.9563284404575824,5
64-12,64,12,0,0.0436715595424175,5
65-0,65,0,0,0.0832936987280845,2
65-1,65,1,0,0.0832936987280845,2
65-2,65,2,0,0.0832936987280845,2
65-3,65,3,0,0.0832936987280845,2
65-4,65,4,0,0.0832936987280845,2
65-5,65,5,0,0.0832936987280845,2
65-6,65,6,0,0.0832936987280845,2
65-7,65,7,0,0.0832936987280845,2
65-8,65,8,0,0.0832936987280845,2
65-9,65,9,1,0.9167063012719155,2
65-10,65,10,0,0.0832936987280845,2
65-11,65,11,0,0.0832936987280845,2
65-12,65,12,0,0.0832936987280845,2
66-0,66,0,0,0.7872631549835205,4
66-1,66,1,0,0.7872631549835205,4
66-2,66,2,0,0.7872631549835205,4
66-3,66,3,0,0.7872631549835205,4
66-4,66,4,0,0.7872631549835205,4
66-5,66,5,0,0.7872631549835205,4
66-6,66,6,1,0.2127368450164795,4
66-7,66,7,0,0.7872631549835205,4
66-8,66,8,0,0.7872631549835205,4
66-9,66,9,0,0.7872631549835205,4
66-10,66,10,0,0.7872631549835205,4
66-11,66,11,0,0.7872631549835205,4
66-12,66,12,0,0.7872631549835205,4
67-0,67,0,0,0.0212912131100893,4
67-1,67,1,0,0.0212912131100893,4
67-2,67,2,0,0.0212912131100893,4
67-3,67,3,0,0.0212912131100893,4
67-4,67,4,0,0.0212912131100893,4
67-5,67,5,0,0.0212912131100893,4
67-6,67,6,1,0.9787087868899108,4
67-7,67,7,0,0.0212912131100893,4
67-8,67,8,1,0.9787087868899108,4
67-9,67,9,0,0.0212912131100893,4
67-10,67,10,1,0.9787087868899108,4
67-11,67,11,1,0.9787087868899108,4
67-12,67,12,0,0.0212912131100893,4
68-0,68,0,0,0.1422873735427856,3
68-1,68,1,0,0.1422873735427856,3
68-2,68,2,0,0.1422873735427856,3
68-3,68,3,0,0.1422873735427856,3
68-4,68,4,0,0.1422873735427856,3
68-5,68,5,0,0.1422873735427856,3
68-6,68,6,0,0.1422873735427856,3
68-7,68,7,0,0.1422873735427856,3
68-8,68,8,0,0.1422873735427856,3
68-9,68,9,0,0.1422873735427856,3
68-10,68,10,0,0.1422873735427856,3
68-11,68,11,0,0.1422873735427856,3
68-12,68,12,0,0.1422873735427856,3
69-0,69,0,0,0.205206036567688,3
69-1,69,1,0,0.205206036567688,3
69-2,69,2,0,0.205206036567688,3
69-3,69,3,0,0.205206036567688,3
69-4,69,4,0,0.205206036567688,3
69-5,69,5,1,0.794793963432312,3
69-6,69,6,0,0.205206036567688,3
69-7,69,7,0,0.205206036567688,3
69-8,69,8,0,0.205206036567688,3
69-9,69,9,0,0.205206036567688,3
69-10,69,10,0,0.205206036567688,3
69-11,69,11,0,0.205206036567688,3
69-12,69,12,1,0.794793963432312,3
70-0,70,0,1,0.0828914046287535,1
70-1,70,1,1,0.0828914046287535,1
70-2,70,2,1,0.0828914046287535,1
70-3,70,3,0,0.9171085953712464,1
70-4,70,4,0,0.9171085953712464,1
70-5,70,5,0,0.9171085953712464,1
70-6,70,6,0,0.9171085953712464,1
70-7,70,7,0,0.9171085953712464,1
70-8,70,8,0,0.9171085953712464,1
70-9,70,9,1,0.0828914046287535,1
70-10,70,10,0,0.9171085953712464,1
70-11,70,11,0,0.9171085953712464,1
70-12,70,12,0,0.9171085953712464,1
71-0,71,0,0,0.03489351272583,2
71-1,71,1,0,0.03489351272583,2
71-2,71,2,0,0.03489351272583,2
71-3,71,3,0,0.03489351272583,2
71-4,71,4,0,0.03489351272583,2
71-5,71,5,0,0.03489351272583,2
71-6,71,6,0,0.03489351272583,2
71-7,71,7,0,0.03489351272583,2
71-8,71,8,0,0.03489351272583,2
71-9,71,9,1,0.96510648727417,2
71-10,71,10,0,0.03489351272583,2
71-11,71,11,0,0.03489351272583,2
71-12,71,12,0,0.03489351272583,2
72-0,72,0,0,0.99811671837233,5
72-1,72,1,1,0.0018832816276699,5
72-2,72,2,0,0.99811671837233,5
72-3,72,3,0,0.99811671837233,5
72-4,72,4,0,0.99811671837233,5
72-5,72,5,0,0.99811671837233,5
72-6,72,6,0,0.99811671837233,5
72-7,72,7,0,0.99811671837233,5
72-8,72,8,0,0.99811671837233,5
72-9,72,9,1,0.0018832816276699,5
72-10,72,10,0,0.99811671837233,5
72-11,72,11,0,0.99811671837233,5
72-12,72,12,0,0.99811671837233,5
73-0,73,0,0,0.3086638748645782,1
73-1,73,1,0,0.3086638748645782,1
73-2,73,2,0,0.3086638748645782,1
73-3,73,3,0,0.3086638748645782,1
73-4,73,4,0,0.3086638748645782,1
73-5,73,5,0,0.3086638748645782,1
73-6,73,6,0,0.3086638748645782,1
73-7,73,7,0,0.3086638748645782,1
73-8,73,8,0,0.3086638748645782,1
73-9,73,9,0,0.3086638748645782,1
73-10,73,10,0,0.3086638748645782,1
73-11,73,11,0,0.3086638748645782,1
73-12,73,12,0,0.3086638748645782,1
74-0,74,0,0,0.2084484994411468,4
74-1,74,1,0,0.2084484994411468,4
74-2,74,2,0,0.2084484994411468,4
74-3,74,3,0,0.2084484994411468,4
74-4,74,4,0,0.2084484994411468,4
74-5,74,5,0,0.2084484994411468,4
74-6,74,6,0,0.2084484994411468,4
74-7,74,7,0,0.2084484994411468,4
74-8,74,8,0,0.2084484994411468,4
74-9,74,9,0,0.2084484994411468,4
74-10,74,10,0,0.2084484994411468,4
74-11,74,11,0,0.2084484994411468,4
74-12,74,12,0,0.2084484994411468,4
75-0,75,0,0,0.078507088124752,3
75-1,75,1,0,0.078507088124752,3
75-2,75,2,0,0.078507088124752,3
75-3,75,3,0,0.078507088124752,3
75-4,75,4,0,0.078507088124752,3
75-5,75,5,0,0.078507088124752,3
75-6,75,6,0,0.078507088124752,3
75-7,75,7,0,0.078507088124752,3
75-8,75,8,1,0.921492911875248,3
75-9,75,9,1,0.921492911875248,3
75-10,75,10,0,0.078507088124752,3
75-11,75,11,0,0.078507088124752,3
75-12,75,12,0,0.078507088124752,3
76-0,76,0,0,0.0023890733718872,5
76-1,76,1,0,0.0023890733718872,5
76-2,76,2,0,0.0023890733718872,5
76-3,76,3,0,0.0023890733718872,5
76-4,76,4,0,0.0023890733718872,5
76-5,76,5,0,0.0023890733718872,5
76-6,76,6,0,0.0023890733718872,5
76-7,76,7,0,0.0023890733718872,5
76-8,76,8,0,0.0023890733718872,5
76-9,76,9,0,0.0023890733718872,5
76-10,76,10,0,0.0023890733718872,5
76-11,76,11,0,0.0023890733718872,5
76-12,76,12,0,0.0023890733718872,5
77-0,77,0,1,0.1525456011295318,3
77-1,77,1,1,0.1525456011295318,3
77-2,77,2,0,0.8474543988704681,3
77-3,77,3,0,0.8474543988704681,3
77-4,77,4,1,0.1525456011295318,3
77-5,77,5,1,0.1525456011295318,3
77-6,77,6,0,0.8474543988704681,3
77-7,77,7,0,0.8474543988704681,3
77-8,77,8,0,0.8474543988704681,3
77-9,77,9,1,0.1525456011295318,3
77-10,77,10,1,0.1525456011295318,3
77-11,77,11,1,0.1525456011295318,3
77-12,77,12,1,0.1525456011295318,3
78-0,78,0,0,0.7009845972061157,1
78-1,78,1,1,0.2990154027938843,1
78-2,78,2,0,0.7009845972061157,1
78-3,78,3,0,0.7009845972061157,1
78-4,78,4,0,0.7009845972061157,1
78-5,78,5,0,0.7009845972061157,1
78-6,78,6,1,0.2990154027938843,1
78-7,78,7,0,0.7009845972061157,1
78-8,78,8,0,0.7009845972061157,1
78-9,78,9,1,0.2990154027938843,1
78-10,78,10,0,0.7009845972061157,1
78-11,78,11,1,0.2990154027938843,1
78-12,78,12,0,0.7009845972061157,1
79-0,79,0,0,0.1326285749673843,3
79-1,79,1,0,0.1326285749673843,3
79-2,79,2,0,0.1326285749673843,3
79-3,79,3,0,0.1326285749673843,3
79-4,79,4,0,0.1326285749673843,3
79-5,79,5,0,0.1326285749673843,3
79-6,79,6,0,0.1326285749673843,3
79-7,79,7,0,0.1326285749673843,3
79-8,79,8,0,0.1326285749673843,3
79-9,79,9,0,0.1326285749673843,3
79-10,79,10,0,0.1326285749673843,3
79-11,79,11,0,0.1326285749673843,3
79-12,79,12,0,0.1326285749673843,3
80-0,80,0,1,0.9518948793411256,1
80-1,80,1,1,0.9518948793411256,1
80-2,80,2,0,0.0481051206588744,1
80-3,80,3,0,0.0481051206588744,1
80-4,80,4,0,0.0481051206588744,1
80-5,80,5,1,0.9518948793411256,1
80-6,80,6,0,0.0481051206588744,1
80-7,80,7,0,0.0481051206588744,1
80-8,80,8,0,0.0481051206588744,1
80-9,80,9,0,0.0481051206588744,1
80-10,80,10,1,0.9518948793411256,1
80-11,80,11,0,0.0481051206588744,1
80-12,80,12,1,0.9518948793411256,1
81-0,81,0,0,0.3299075961112976,1
81-1,81,1,0,0.3299075961112976,1
81-2,81,2,0,0.3299075961112976,1
81-3,81,3,0,0.3299075961112976,1
81-4,81,4,0,0.3299075961112976,1
81-5,81,5,0,0.3299075961112976,1
81-6,81,6,0,0.3299075961112976,1
81-7,81,7,0,0.3299075961112976,1
81-8,81,8,0,0.3299075961112976,1
81-9,81,9,0,0.3299075961112976,1
81-10,81,10,0,0.3299075961112976,1
81-11,81,11,0,0.3299075961112976,1
81-12,81,12,0,0.3299075961112976,1
82-0,82,0,0,0.0016875569708645,5
82-1,82,1,0,0.0016875569708645,5
82-2,82,2,0,0.0016875569708645,5
82-3,82,3,0,0.0016875569708645,5
82-4,82,4,0,0.0016875569708645,5
82-5,82,5,0,0.0016875569708645,5
82-6,82,6,1,0.9983124430291356,5
82-7,82,7,0,0.0016875569708645,5
82-8,82,8,1,0.9983124430291356,5
82-9,82,9,0,0.0016875569708645,5
82-10,82,10,0,0.0016875569708645,5
82-11,82,11,0,0.0016875569708645,5
82-12,82,12,0,0.0016875569708645,5
83-0,83,0,0,0.0716192722320555,3
83-1,83,1,0,0.0716192722320555,3
83-2,83,2,0,0.0716192722320555,3
83-3,83,3,0,0.0716192722320555,3
83-4,83,4,0,0.0716192722320555,3
83-5,83,5,0,0.0716192722320555,3
83-6,83,6,0,0.0716192722320555,3
83-7,83,7,0,0.0716192722320555,3
83-8,83,8,0,0.0716192722320555,3
83-9,83,9,0,0.0716192722320555,3
83-10,83,10,0,0.0716192722320555,3
83-11,83,11,0,0.0716192722320555,3
83-12,83,12,0,0.0716192722320555,3
84-0,84,0,0,0.0006745806895196,5
84-1,84,1,0,0.0006745806895196,5
84-2,84,2,1,0.9993254193104804,5
84-3,84,3,1,0.9993254193104804,5
84-4,84,4,0,0.0006745806895196,5
84-5,84,5,0,0.0006745806895196,5
84-6,84,6,1,0.9993254193104804,5
84-7,84,7,0,0.0006745806895196,5
84-8,84,8,1,0.9993254193104804,5
84-9,84,9,0,0.0006745806895196,5
84-10,84,10,1,0.9993254193104804,5
84-11,84,11,0,0.0006745806895196,5
84-12,84,12,1,0.9993254193104804,5
85-0,85,0,0,0.0614340305328368,1
85-1,85,1,0,0.0614340305328368,1
85-2,85,2,0,0.0614340305328368,1
85-3,85,3,0,0.0614340305328368,1
85-4,85,4,0,0.0614340305328368,1
85-5,85,5,0,0.0614340305328368,1
85-6,85,6,0,0.0614340305328368,1
85-7,85,7,0,0.0614340305328368,1
85-8,85,8,0,0.0614340305328368,1
85-9,85,9,0,0.0614340305328368,1
85-10,85,10,0,0.0614340305328368,1
85-11,85,11,0,0.0614340305328368,1
85-12,85,12,0,0.0614340305328368,1
86-0,86,0,0,0.2655685544013977,1
86-1,86,1,0,0.2655685544013977,1
86-2,86,2,1,0.7344314455986023,1
86-3,86,3,0,0.2655685544013977,1
86-4,86,4,0,0.2655685544013977,1
86-5,86,5,0,0.2655685544013977,1
86-6,86,6,0,0.2655685544013977,1
86-7,86,7,1,0.7344314455986023,1
86-8,86,8,0,0.2655685544013977,1
86-9,86,9,0,0.2655685544013977,1
86-10,86,10,0,0.2655685544013977,1
86-11,86,11,0,0.2655685544013977,1
86-12,86,12,0,0.2655685544013977,1
87-0,87,0,0,0.2180359065532684,4
87-1,87,1,0,0.2180359065532684,4
87-2,87,2,0,0.2180359065532684,4
87-3,87,3,0,0.2180359065532684,4
87-4,87,4,0,0.2180359065532684,4
87-5,87,5,0,0.2180359065532684,4
87-6,87,6,0,0.2180359065532684,4
87-7,87,7,0,0.2180359065532684,4
87-8,87,8,0,0.2180359065532684,4
87-9,87,9,0,0.2180359065532684,4
87-10,87,10,0,0.2180359065532684,4
87-11,87,11,0,0.2180359065532684,4
87-12,87,12,0,0.2180359065532684,4
88-0,88,0,0,0.7531566619873047,5
88-1,88,1,0,0.7531566619873047,5
88-2,88,2,0,0.7531566619873047,5
88-3,88,3,0,0.7531566619873047,5
88-4,88,4,0,0.7531566619873047,5
88-5,88,5,0,0.7531566619873047,5
88-6,88,6,1,0.2468433380126953,5
88-7,88,7,1,0.2468433380126953,5
88-8,88,8,0,0.7531566619873047,5
88-9,88,9,1,0.2468433380126953,5
88-10,88,10,0,0.7531566619873047,5
88-11,88,11,0,0.7531566619873047,5
88-12,88,12,0,0.7531566619873047,5
89-0,89,0,0,0.2390389144420623,1
89-1,89,1,0,0.2390389144420623,1
89-2,89,2,0,0.2390389144420623,1
89-3,89,3,0,0.2390389144420623,1
89-4,89,4,0,0.2390389144420623,1
89-5,89,5,0,0.2390389144420623,1
89-6,89,6,1,0.7609610855579377,1
89-7,89,7,0,0.2390389144420623,1
89-8,89,8,1,0.7609610855579377,1
89-9,89,9,0,0.2390389144420623,1
89-10,89,10,1,0.7609610855579377,1
89-11,89,11,0,0.2390389144420623,1
89-12,89,12,0,0.2390389144420623,1
90-0,90,0,0,0.4395850300788879,3
90-1,90,1,0,0.4395850300788879,3
90-2,90,2,0,0.4395850300788879,3
90-3,90,3,0,0.4395850300788879,3
90-4,90,4,0,0.4395850300788879,3
90-5,90,5,0,0.4395850300788879,3
90-6,90,6,1,0.5604149699211121,3
90-7,90,7,0,0.4395850300788879,3
90-8,90,8,0,0.4395850300788879,3
90-9,90,9,0,0.4395850300788879,3
90-10,90,10,0,0.4395850300788879,3
90-11,90,11,1,0.5604149699211121,3
90-12,90,12,0,0.4395850300788879,3
91-0,91,0,1,0.2274390161037445,3
91-1,91,1,0,0.7725609838962555,3
91-2,91,2,0,0.7725609838962555,3
91-3,91,3,0,0.7725609838962555,3
91-4,91,4,0,0.7725609838962555,3
91-5,91,5,0,0.7725609838962555,3
91-6,91,6,0,0.7725609838962555,3
91-7,91,7,0,0.7725609838962555,3
91-8,91,8,0,0.7725609838962555,3
91-9,91,9,0,0.7725609838962555,3
91-10,91,10,1,0.2274390161037445,3
91-11,91,11,0,0.7725609838962555,3
91-12,91,12,1,0.2274390161037445,3
92-0,92,0,0,0.3974736630916595,5
92-1,92,1,0,0.3974736630916595,5
92-2,92,2,0,0.3974736630916595,5
92-3,92,3,0,0.3974736630916595,5
92-4,92,4,0,0.3974736630916595,5
92-5,92,5,1,0.6025263369083405,5
92-6,92,6,0,0.3974736630916595,5
92-7,92,7,0,0.3974736630916595,5
92-8,92,8,1,0.6025263369083405,5
92-9,92,9,0,0.3974736630916595,5
92-10,92,10,0,0.3974736630916595,5
92-11,92,11,0,0.3974736630916595,5
92-12,92,12,0,0.3974736630916595,5
93-0,93,0,0,0.0940270945429802,5
93-1,93,1,0,0.0940270945429802,5
93-2,93,2,0,0.0940270945429802,5
93-3,93,3,0,0.0940270945429802,5
93-4,93,4,0,0.0940270945429802,5
93-5,93,5,0,0.0940270945429802,5
93-6,93,6,0,0.0940270945429802,5
93-7,93,7,0,0.0940270945429802,5
93-8,93,8,0,0.0940270945429802,5
93-9,93,9,0,0.0940270945429802,5
93-10,93,10,1,0.9059729054570198,5
93-11,93,11,0,0.0940270945429802,5
93-12,93,12,0,0.0940270945429802,5
94-0,94,0,0,0.0744238868355751,1
94-1,94,1,0,0.0744238868355751,1
94-2,94,2,1,0.9255761131644248,1
94-3,94,3,0,0.0744238868355751,1
94-4,94,4,0,0.0744238868355751,1
94-5,94,5,0,0.0744238868355751,1
94-6,94,6,0,0.0744238868355751,1
94-7,94,7,0,0.0744238868355751,1
94-8,94,8,1,0.9255761131644248,1
94-9,94,9,0,0.0744238868355751,1
94-10,94,10,0,0.0744238868355751,1
94-11,94,11,0,0.0744238868355751,1
94-12,94,12,0,0.0744238868355751,1
95-0,95,0,1,0.7847141772508622,2
95-1,95,1,0,0.2152858227491378,2
95-2,95,2,0,0.2152858227491378,2
95-3,95,3,1,0.7847141772508622,2
95-4,95,4,0,0.2152858227491378,2
95-5,95,5,1,0.7847141772508622,2
95-6,95,6,1,0.7847141772508622,2
95-7,95,7,0,0.2152858227491378,2
95-8,95,8,1,0.7847141772508622,2
95-9,95,9,1,0.7847141772508622,2
95-10,95,10,1,0.7847141772508622,2
95-11,95,11,1,0.7847141772508622,2
95-12,95,12,0,0.2152858227491378,2
96-0,96,0,1,0.1493546366691589,4
96-1,96,1,1,0.1493546366691589,4
96-2,96,2,1,0.1493546366691589,4
96-3,96,3,1,0.1493546366691589,4
96-4,96,4,1,0.1493546366691589,4
96-5,96,5,1,0.1493546366691589,4
96-6,96,6,1,0.1493546366691589,4
96-7,96,7,1,0.1493546366691589,4
96-8,96,8,1,0.1493546366691589,4
96-9,96,9,1,0.1493546366691589,4
96-10,96,10,1,0.1493546366691589,4
96-11,96,11,1,0.1493546366691589,4
96-12,96,12,0,0.8506453633308411,4
97-0,97,0,0,0.2255708873271942,4
97-1,97,1,0,0.2255708873271942,4
97-2,97,2,0,0.2255708873271942,4
97-3,97,3,0,0.2255708873271942,4
97-4,97,4,0,0.2255708873271942,4
97-5,97,5,0,0.2255708873271942,4
97-6,97,6,0,0.2255708873271942,4
97-7,97,7,0,0.2255708873271942,4
97-8,97,8,0,0.2255708873271942,4
97-9,97,9,1,0.7744291126728058,4
97-10,97,10,1,0.7744291126728058,4
97-11,97,11,0,0.2255708873271942,4
97-12,97,12,0,0.2255708873271942,4
98-0,98,0,0,0.1949914693832397,1
98-1,98,1,1,0.8050085306167603,1
98-2,98,2,0,0.1949914693832397,1
98-3,98,3,0,0.1949914693832397,1
98-4,98,4,0,0.1949914693832397,1
98-5,98,5,0,0.1949914693832397,1
98-6,98,6,0,0.1949914693832397,1
98-7,98,7,0,0.1949914693832397,1
98-8,98,8,0,0.1949914693832397,1
98-9,98,9,0,0.1949914693832397,1
98-10,98,10,0,0.1949914693832397,1
98-11,98,11,0,0.1949914693832397,1
98-12,98,12,1,0.8050085306167603,1
99-0,99,0,0,0.4518699049949646,1
99-1,99,1,0,0.4518699049949646,1
99-2,99,2,0,0.4518699049949646,1
99-3,99,3,0,0.4518699049949646,1
99-4,99,4,0,0.4518699049949646,1
99-5,99,5,1,0.5481300950050354,1
99-6,99,6,0,0.4518699049949646,1
99-7,99,7,0,0.4518699049949646,1
99-8,99,8,0,0.4518699049949646,1
99-9,99,9,0,0.4518699049949646,1
99-10,99,10,0,0.4518699049949646,1
99-11,99,11,0,0.4518699049949646,1
99-12,99,12,0,0.4518699049949646,1
100-0,100,0,0,0.0489338971674442,3
100-1,100,1,0,0.0489338971674442,3
100-2,100,2,0,0.0489338971674442,3
100-3,100,3,1,0.9510661028325558,3
100-4,100,4,1,0.9510661028325558,3
100-5,100,5,0,0.0489338971674442,3
100-6,100,6,1,0.9510661028325558,3
100-7,100,7,0,0.0489338971674442,3
100-8,100,8,1,0.9510661028325558,3
100-9,100,9,0,0.0489338971674442,3
100-10,100,10,0,0.0489338971674442,3
100-11,100,11,1,0.9510661028325558,3
100-12,100,12,1,0.9510661028325558,3
101-0,101,0,0,0.0408273935317992,4
101-1,101,1,0,0.0408273935317992,4
101-2,101,2,0,0.0408273935317992,4
101-3,101,3,0,0.0408273935317992,4
101-4,101,4,0,0.0408273935317992,4
101-5,101,5,0,0.0408273935317992,4
101-6,101,6,0,0.0408273935317992,4
101-7,101,7,0,0.0408273935317992,4
101-8,101,8,0,0.0408273935317992,4
101-9,101,9,0,0.0408273935317992,4
101-10,101,10,0,0.0408273935317992,4
101-11,101,11,0,0.0408273935317992,4
101-12,101,12,0,0.0408273935317992,4
102-0,102,0,0,0.0636966601014137,4
102-1,102,1,0,0.0636966601014137,4
102-2,102,2,1,0.9363033398985864,4
102-3,102,3,1,0.9363033398985864,4
102-4,102,4,1,0.9363033398985864,4
102-5,102,5,0,0.0636966601014137,4
102-6,102,6,0,0.0636966601014137,4
102-7,102,7,0,0.0636966601014137,4
102-8,102,8,1,0.9363033398985864,4
102-9,102,9,0,0.0636966601014137,4
102-10,102,10,1,0.9363033398985864,4
102-11,102,11,1,0.9363033398985864,4
102-12,102,12,0,0.0636966601014137,4
103-0,103,0,0,0.3481478989124298,1
103-1,103,1,0,0.3481478989124298,1
103-2,103,2,1,0.6518521010875702,1
103-3,103,3,0,0.3481478989124298,1
103-4,103,4,0,0.3481478989124298,1
103-5,103,5,1,0.6518521010875702,1
103-6,103,6,0,0.3481478989124298,1
103-7,103,7,0,0.3481478989124298,1
103-8,103,8,0,0.3481478989124298,1
103-9,103,9,0,0.3481478989124298,1
103-10,103,10,1,0.6518521010875702,1
103-11,103,11,1,0.6518521010875702,1
103-12,103,12,0,0.3481478989124298,1
104-0,104,0,0,0.5465973615646362,4
104-1,104,1,0,0.5465973615646362,4
104-2,104,2,0,0.5465973615646362,4
104-3,104,3,0,0.5465973615646362,4
104-4,104,4,1,0.4534026384353637,4
104-5,104,5,0,0.5465973615646362,4
104-6,104,6,0,0.5465973615646362,4
104-7,104,7,0,0.5465973615646362,4
104-8,104,8,0,0.5465973615646362,4
104-9,104,9,0,0.5465973615646362,4
104-10,104,10,0,0.5465973615646362,4
104-11,104,11,1,0.4534026384353637,4
104-12,104,12,0,0.5465973615646362,4
105-0,105,0,0,0.0101714543998241,5
105-1,105,1,0,0.0101714543998241,5
105-2,105,2,0,0.0101714543998241,5
105-3,105,3,0,0.0101714543998241,5
105-4,105,4,0,0.0101714543998241,5
105-5,105,5,0,0.0101714543998241,5
105-6,105,6,0,0.0101714543998241,5
105-7,105,7,0,0.0101714543998241,5
105-8,105,8,0,0.0101714543998241,5
105-9,105,9,0,0.0101714543998241,5
105-10,105,10,0,0.0101714543998241,5
105-11,105,11,0,0.0101714543998241,5
105-12,105,12,0,0.0101714543998241,5
106-0,106,0,0,0.798877164721489,3
106-1,106,1,0,0.798877164721489,3
106-2,106,2,0,0.798877164721489,3
106-3,106,3,0,0.798877164721489,3
106-4,106,4,0,0.798877164721489,3
106-5,106,5,0,0.798877164721489,3
106-6,106,6,0,0.798877164721489,3
106-7,106,7,0,0.798877164721489,3
106-8,106,8,0,0.798877164721489,3
106-9,106,9,0,0.798877164721489,3
106-10,106,10,0,0.798877164721489,3
106-11,106,11,0,0.798877164721489,3
106-12,106,12,0,0.798877164721489,3
107-0,107,0,0,0.2331594079732895,3
107-1,107,1,0,0.2331594079732895,3
107-2,107,2,0,0.2331594079732895,3
107-3,107,3,0,0.2331594079732895,3
107-4,107,4,0,0.2331594079732895,3
107-5,107,5,0,0.2331594079732895,3
107-6,107,6,0,0.2331594079732895,3
107-7,107,7,0,0.2331594079732895,3
107-8,107,8,0,0.2331594079732895,3
107-9,107,9,0,0.2331594079732895,3
107-10,107,10,0,0.2331594079732895,3
107-11,107,11,0,0.2331594079732895,3
107-12,107,12,0,0.2331594079732895,3
108-0,108,0,0,0.7772388905286789,4
108-1,108,1,0,0.7772388905286789,4
108-2,108,2,0,0.7772388905286789,4
108-3,108,3,0,0.7772388905286789,4
108-4,108,4,0,0.7772388905286789,4
108-5,108,5,0,0.7772388905286789,4
108-6,108,6,0,0.7772388905286789,4
108-7,108,7,0,0.7772388905286789,4
108-8,108,8,0,0.7772388905286789,4
108-9,108,9,0,0.7772388905286789,4
108-10,108,10,0,0.7772388905286789,4
108-11,108,11,1,0.2227611094713211,4
108-12,108,12,0,0.7772388905286789,4
109-0,109,0,0,0.7202366292476654,3
109-1,109,1,1,0.2797633707523346,3
109-2,109,2,0,0.7202366292476654,3
109-3,109,3,0,0.7202366292476654,3
109-4,109,4,0,0.7202366292476654,3
109-5,109,5,0,0.7202366292476654,3
109-6,109,6,0,0.7202366292476654,3
109-7,109,7,0,0.7202366292476654,3
109-8,109,8,0,0.7202366292476654,3
109-9,109,9,0,0.7202366292476654,3
109-10,109,10,0,0.7202366292476654,3
109-11,109,11,0,0.7202366292476654,3
109-12,109,12,0,0.7202366292476654,3
110-0,110,0,0,0.3392729461193084,3
110-1,110,1,0,0.3392729461193084,3
110-2,110,2,0,0.3392729461193084,3
110-3,110,3,0,0.3392729461193084,3
110-4,110,4,0,0.3392729461193084,3
110-5,110,5,0,0.3392729461193084,3
110-6,110,6,0,0.3392729461193084,3
110-7,110,7,0,0.3392729461193084,3
110-8,110,8,0,0.3392729461193084,3
110-9,110,9,0,0.3392729461193084,3
110-10,110,10,0,0.3392729461193084,3
110-11,110,11,0,0.3392729461193084,3
110-12,110,12,0,0.3392729461193084,3
111-0,111,0,0,0.7756208777427673,1
111-1,111,1,0,0.7756208777427673,1
111-2,111,2,0,0.7756208777427673,1
111-3,111,3,0,0.7756208777427673,1
111-4,111,4,0,0.7756208777427673,1
111-5,111,5,0,0.7756208777427673,1
111-6,111,6,0,0.7756208777427673,1
111-7,111,7,0,0.7756208777427673,1
111-8,111,8,0,0.7756208777427673,1
111-9,111,9,0,0.7756208777427673,1
111-10,111,10,0,0.7756208777427673,1
111-11,111,11,0,0.7756208777427673,1
111-12,111,12,1,0.2243791222572326,1
112-0,112,0,0,0.1130213364958763,2
112-1,112,1,0,0.1130213364958763,2
112-2,112,2,0,0.1130213364958763,2
112-3,112,3,0,0.1130213364958763,2
112-4,112,4,0,0.1130213364958763,2
112-5,112,5,0,0.1130213364958763,2
112-6,112,6,0,0.1130213364958763,2
112-7,112,7,0,0.1130213364958763,2
112-8,112,8,1,0.8869786635041237,2
112-9,112,9,0,0.1130213364958763,2
112-10,112,10,1,0.8869786635041237,2
112-11,112,11,0,0.1130213364958763,2
112-12,112,12,0,0.1130213364958763,2
113-0,113,0,0,0.0040920008905231,5
113-1,113,1,0,0.0040920008905231,5
113-2,113,2,0,0.0040920008905231,5
113-3,113,3,0,0.0040920008905231,5
113-4,113,4,0,0.0040920008905231,5
113-5,113,5,0,0.0040920008905231,5
113-6,113,6,0,0.0040920008905231,5
113-7,113,7,0,0.0040920008905231,5
113-8,113,8,0,0.0040920008905231,5
113-9,113,9,0,0.0040920008905231,5
113-10,113,10,1,0.9959079991094768,5
113-11,113,11,0,0.0040920008905231,5
113-12,113,12,0,0.0040920008905231,5
114-0,114,0,0,0.8550845682621003,2
114-1,114,1,0,0.8550845682621003,2
114-2,114,2,0,0.8550845682621003,2
114-3,114,3,0,0.8550845682621003,2
114-4,114,4,0,0.8550845682621003,2
114-5,114,5,0,0.8550845682621003,2
114-6,114,6,0,0.8550845682621003,2
114-7,114,7,0,0.8550845682621003,2
114-8,114,8,1,0.1449154317378997,2
114-9,114,9,0,0.8550845682621003,2
114-10,114,10,0,0.8550845682621003,2
114-11,114,11,0,0.8550845682621003,2
114-12,114,12,0,0.8550845682621003,2
115-0,115,0,0,0.5742547512054443,3
115-1,115,1,0,0.5742547512054443,3
115-2,115,2,0,0.5742547512054443,3
115-3,115,3,0,0.5742547512054443,3
115-4,115,4,0,0.5742547512054443,3
115-5,115,5,0,0.5742547512054443,3
115-6,115,6,0,0.5742547512054443,3
115-7,115,7,0,0.5742547512054443,3
115-8,115,8,0,0.5742547512054443,3
115-9,115,9,0,0.5742547512054443,3
115-10,115,10,0,0.5742547512054443,3
115-11,115,11,0,0.5742547512054443,3
115-12,115,12,0,0.5742547512054443,3
116-0,116,0,1,0.574005663394928,1
116-1,116,1,1,0.574005663394928,1
116-2,116,2,1,0.574005663394928,1
116-3,116,3,0,0.425994336605072,1
116-4,116,4,0,0.425994336605072,1
116-5,116,5,0,0.425994336605072,1
116-6,116,6,1,0.574005663394928,1
116-7,116,7,0,0.425994336605072,1
116-8,116,8,1,0.574005663394928,1
116-9,116,9,0,0.425994336605072,1
116-10,116,10,1,0.574005663394928,1
116-11,116,11,0,0.425994336605072,1
116-12,116,12,1,0.574005663394928,1
117-0,117,0,0,0.0487834811210632,2
117-1,117,1,0,0.0487834811210632,2
117-2,117,2,0,0.0487834811210632,2
117-3,117,3,0,0.0487834811210632,2
117-4,117,4,0,0.0487834811210632,2
117-5,117,5,0,0.0487834811210632,2
117-6,117,6,0,0.0487834811210632,2
117-7,117,7,0,0.0487834811210632,2
117-8,117,8,0,0.0487834811210632,2
117-9,117,9,0,0.0487834811210632,2
117-10,117,10,0,0.0487834811210632,2
117-11,117,11,0,0.0487834811210632,2
117-12,117,12,0,0.0487834811210632,2
118-0,118,0,0,0.0240485668182373,4
118-1,118,1,0,0.0240485668182373,4
118-2,118,2,0,0.0240485668182373,4
118-3,118,3,1,0.9759514331817628,4
118-4,118,4,0,0.0240485668182373,4
118-5,118,5,0,0.0240485668182373,4
118-6,118,6,0,0.0240485668182373,4
118-7,118,7,0,0.0240485668182373,4
118-8,118,8,1,0.9759514331817628,4
118-9,118,9,0,0.0240485668182373,4
118-10,118,10,0,0.0240485668182373,4
118-11,118,11,0,0.0240485668182373,4
118-12,118,12,0,0.0240485668182373,4
119-0,119,0,0,0.6259115934371948,1
119-1,119,1,0,0.6259115934371948,1
119-2,119,2,0,0.6259115934371948,1
119-3,119,3,0,0.6259115934371948,1
119-4,119,4,0,0.6259115934371948,1
119-5,119,5,0,0.6259115934371948,1
119-6,119,6,0,0.6259115934371948,1
119-7,119,7,0,0.6259115934371948,1
119-8,119,8,0,0.6259115934371948,1
119-9,119,9,0,0.6259115934371948,1
119-10,119,10,0,0.6259115934371948,1
119-11,119,11,0,0.6259115934371948,1
119-12,119,12,0,0.6259115934371948,1
120-0,120,0,0,0.0361632108688354,3
120-1,120,1,1,0.9638367891311646,3
120-2,120,2,1,0.9638367891311646,3
120-3,120,3,0,0.0361632108688354,3
120-4,120,4,1,0.9638367891311646,3
120-5,120,5,0,0.0361632108688354,3
120-6,120,6,0,0.0361632108688354,3
120-7,120,7,0,0.0361632108688354,3
120-8,120,8,0,0.0361632108688354,3
120-9,120,9,0,0.0361632108688354,3
120-10,120,10,0,0.0361632108688354,3
120-11,120,11,0,0.0361632108688354,3
120-12,120,12,0,0.0361632108688354,3
121-0,121,0,0,0.0757454633712768,2
121-1,121,1,0,0.0757454633712768,2
121-2,121,2,0,0.0757454633712768,2
121-3,121,3,0,0.0757454633712768,2
121-4,121,4,0,0.0757454633712768,2
121-5,121,5,0,0.0757454633712768,2
121-6,121,6,0,0.0757454633712768,2
121-7,121,7,0,0.0757454633712768,2
121-8,121,8,0,0.0757454633712768,2
121-9,121,9,0,0.0757454633712768,2
121-10,121,10,0,0.0757454633712768,2
121-11,121,11,0,0.0757454633712768,2
121-12,121,12,0,0.0757454633712768,2
122-0,122,0,0,0.2329860925674438,5
122-1,122,1,0,0.2329860925674438,5
122-2,122,2,0,0.2329860925674438,5
122-3,122,3,0,0.2329860925674438,5
122-4,122,4,0,0.2329860925674438,5
122-5,122,5,0,0.2329860925674438,5
122-6,122,6,0,0.2329860925674438,5
122-7,122,7,0,0.2329860925674438,5
122-8,122,8,0,0.2329860925674438,5
122-9,122,9,0,0.2329860925674438,5
122-10,122,10,0,0.2329860925674438,5
122-11,122,11,0,0.2329860925674438,5
122-12,122,12,0,0.2329860925674438,5
123-0,123,0,0,0.9644419588148594,5
123-1,123,1,0,0.9644419588148594,5
123-2,123,2,0,0.9644419588148594,5
123-3,123,3,0,0.9644419588148594,5
123-4,123,4,0,0.9644419588148594,5
123-5,123,5,0,0.9644419588148594,5
123-6,123,6,0,0.9644419588148594,5
123-7,123,7,0,0.9644419588148594,5
123-8,123,8,0,0.9644419588148594,5
123-9,123,9,0,0.9644419588148594,5
123-10,123,10,0,0.9644419588148594,5
123-11,123,11,0,0.9644419588148594,5
123-12,123,12,0,0.9644419588148594,5
124-0,124,0,0,0.5201303064823151,3
124-1,124,1,0,0.5201303064823151,3
124-2,124,2,0,0.5201303064823151,3
124-3,124,3,0,0.5201303064823151,3
124-4,124,4,0,0.5201303064823151,3
124-5,124,5,0,0.5201303064823151,3
124-6,124,6,0,0.5201303064823151,3
124-7,124,7,0,0.5201303064823151,3
124-8,124,8,0,0.5201303064823151,3
124-9,124,9,0,0.5201303064823151,3
124-10,124,10,0,0.5201303064823151,3
124-11,124,11,0,0.5201303064823151,3
124-12,124,12,0,0.5201303064823151,3
125-0,125,0,1,0.858193039894104,5
125-1,125,1,1,0.858193039894104,5
125-2,125,2,1,0.858193039894104,5
125-3,125,3,1,0.858193039894104,5
125-4,125,4,1,0.858193039894104,5
125-5,125,5,1,0.858193039894104,5
125-6,125,6,0,0.141806960105896,5
125-7,125,7,1,0.858193039894104,5
125-8,125,8,1,0.858193039894104,5
125-9,125,9,1,0.858193039894104,5
125-10,125,10,0,0.141806960105896,5
125-11,125,11,1,0.858193039894104,5
125-12,125,12,1,0.858193039894104,5
126-0,126,0,0,0.5830299258232117,1
126-1,126,1,0,0.5830299258232117,1
126-2,126,2,0,0.5830299258232117,1
126-3,126,3,0,0.5830299258232117,1
126-4,126,4,0,0.5830299258232117,1
126-5,126,5,0,0.5830299258232117,1
126-6,126,6,0,0.5830299258232117,1
126-7,126,7,0,0.5830299258232117,1
126-8,126,8,0,0.5830299258232117,1
126-9,126,9,0,0.5830299258232117,1
126-10,126,10,0,0.5830299258232117,1
126-11,126,11,0,0.5830299258232117,1
126-12,126,12,0,0.5830299258232117,1
127-0,127,0,0,0.6737674474716187,2
127-1,127,1,0,0.6737674474716187,2
127-2,127,2,0,0.6737674474716187,2
127-3,127,3,0,0.6737674474716187,2
127-4,127,4,0,0.6737674474716187,2
127-5,127,5,0,0.6737674474716187,2
127-6,127,6,0,0.6737674474716187,2
127-7,127,7,0,0.6737674474716187,2
127-8,127,8,1,0.3262325525283813,2
127-9,127,9,0,0.6737674474716187,2
127-10,127,10,0,0.6737674474716187,2
127-11,127,11,1,0.3262325525283813,2
127-12,127,12,0,0.6737674474716187,2
128-0,128,0,0,0.935375452041626,5
128-1,128,1,0,0.935375452041626,5
128-2,128,2,0,0.935375452041626,5
128-3,128,3,0,0.935375452041626,5
128-4,128,4,0,0.935375452041626,5
128-5,128,5,0,0.935375452041626,5
128-6,128,6,0,0.935375452041626,5
128-7,128,7,0,0.935375452041626,5
128-8,128,8,0,0.935375452041626,5
128-9,128,9,0,0.935375452041626,5
128-10,128,10,0,0.935375452041626,5
128-11,128,11,0,0.935375452041626,5
128-12,128,12,0,0.935375452041626,5
129-0,129,0,0,0.007887363433838,2
129-1,129,1,1,0.992112636566162,2
129-2,129,2,0,0.007887363433838,2
129-3,129,3,0,0.007887363433838,2
129-4,129,4,0,0.007887363433838,2
129-5,129,5,0,0.007887363433838,2
129-6,129,6,0,0.007887363433838,2
129-7,129,7,0,0.007887363433838,2
129-8,129,8,0,0.007887363433838,2
129-9,129,9,0,0.007887363433838,2
129-10,129,10,0,0.007887363433838,2
129-11,129,11,0,0.007887363433838,2
129-12,129,12,0,0.007887363433838,2
130-0,130,0,0,0.0013874769210816,5
130-1,130,1,0,0.0013874769210816,5
130-2,130,2,0,0.0013874769210816,5
130-3,130,3,0,0.0013874769210816,5
130-4,130,4,0,0.0013874769210816,5
130-5,130,5,0,0.0013874769210816,5
130-6,130,6,0,0.0013874769210816,5
130-7,130,7,0,0.0013874769210816,5
130-8,130,8,0,0.0013874769210816,5
130-9,130,9,0,0.0013874769210816,5
130-10,130,10,0,0.0013874769210816,5
130-11,130,11,0,0.0013874769210816,5
130-12,130,12,0,0.0013874769210816,5
131-0,131,0,1,0.4187659025192261,4
131-1,131,1,1,0.4187659025192261,4
131-2,131,2,1,0.4187659025192261,4
131-3,131,3,1,0.4187659025192261,4
131-4,131,4,1,0.4187659025192261,4
131-5,131,5,1,0.4187659025192261,4
131-6,131,6,0,0.5812340974807739,4
131-7,131,7,1,0.4187659025192261,4
131-8,131,8,1,0.4187659025192261,4
131-9,131,9,1,0.4187659025192261,4
131-10,131,10,1,0.4187659025192261,4
131-11,131,11,1,0.4187659025192261,4
131-12,131,12,1,0.4187659025192261,4
132-0,132,0,0,0.1615854352712631,3
132-1,132,1,0,0.1615854352712631,3
132-2,132,2,0,0.1615854352712631,3
132-3,132,3,0,0.1615854352712631,3
132-4,132,4,1,0.8384145647287369,3
132-5,132,5,0,0.1615854352712631,3
132-6,132,6,1,0.8384145647287369,3
132-7,132,7,1,0.8384145647287369,3
132-8,132,8,0,0.1615854352712631,3
132-9,132,9,0,0.1615854352712631,3
132-10,132,10,0,0.1615854352712631,3
132-11,132,11,0,0.1615854352712631,3
132-12,132,12,1,0.8384145647287369,3
133-0,133,0,0,0.5388004183769226,2
133-1,133,1,0,0.5388004183769226,2
133-2,133,2,0,0.5388004183769226,2
133-3,133,3,0,0.5388004183769226,2
133-4,133,4,0,0.5388004183769226,2
133-5,133,5,0,0.5388004183769226,2
133-6,133,6,0,0.5388004183769226,2
133-7,133,7,0,0.5388004183769226,2
133-8,133,8,0,0.5388004183769226,2
133-9,133,9,0,0.5388004183769226,2
133-10,133,10,0,0.5388004183769226,2
133-11,133,11,0,0.5388004183769226,2
133-12,133,12,0,0.5388004183769226,2
134-0,134,0,0,0.4660664200782776,5
134-1,134,1,0,0.4660664200782776,5
134-2,134,2,0,0.4660664200782776,5
134-3,134,3,0,0.4660664200782776,5
134-4,134,4,0,0.4660664200782776,5
134-5,134,5,0,0.4660664200782776,5
134-6,134,6,0,0.4660664200782776,5
134-7,134,7,0,0.4660664200782776,5
134-8,134,8,0,0.4660664200782776,5
134-9,134,9,0,0.4660664200782776,5
134-10,134,10,0,0.4660664200782776,5
134-11,134,11,0,0.4660664200782776,5
134-12,134,12,0,0.4660664200782776,5
135-0,135,0,0,0.0561603307724,1
135-1,135,1,0,0.0561603307724,1
135-2,135,2,0,0.0561603307724,1
135-3,135,3,0,0.0561603307724,1
135-4,135,4,0,0.0561603307724,1
135-5,135,5,0,0.0561603307724,1
135-6,135,6,0,0.0561603307724,1
135-7,135,7,0,0.0561603307724,1
135-8,135,8,0,0.0561603307724,1
135-9,135,9,0,0.0561603307724,1
135-10,135,10,0,0.0561603307724,1
135-11,135,11,0,0.0561603307724,1
135-12,135,12,0,0.0561603307724,1
136-0,136,0,0,0.0244992952793836,4
136-1,136,1,0,0.0244992952793836,4
136-2,136,2,0,0.0244992952793836,4
136-3,136,3,0,0.0244992952793836,4
136-4,136,4,0,0.0244992952793836,4
136-5,136,5,0,0.0244992952793836,4
136-6,136,6,1,0.9755007047206165,4
136-7,136,7,0,0.0244992952793836,4
136-8,136,8,0,0.0244992952793836,4
136-9,136,9,0,0.0244992952793836,4
136-10,136,10,0,0.0244992952793836,4
136-11,136,11,0,0.0244992952793836,4
136-12,136,12,0,0.0244992952793836,4
137-0,137,0,1,0.3529274761676788,4
137-1,137,1,0,0.6470725238323212,4
137-2,137,2,0,0.6470725238323212,4
137-3,137,3,0,0.6470725238323212,4
137-4,137,4,0,0.6470725238323212,4
137-5,137,5,1,0.3529274761676788,4
137-6,137,6,0,0.6470725238323212,4
137-7,137,7,0,0.6470725238323212,4
137-8,137,8,0,0.6470725238323212,4
137-9,137,9,1,0.3529274761676788,4
137-10,137,10,0,0.6470725238323212,4
137-11,137,11,0,0.6470725238323212,4
137-12,137,12,1,0.3529274761676788,4
138-0,138,0,1,0.9982748031616212,5
138-1,138,1,0,0.0017251968383787,5
138-2,138,2,0,0.0017251968383787,5
138-3,138,3,0,0.0017251968383787,5
138-4,138,4,0,0.0017251968383787,5
138-5,138,5,0,0.0017251968383787,5
138-6,138,6,0,0.0017251968383787,5
138-7,138,7,0,0.0017251968383787,5
138-8,138,8,0,0.0017251968383787,5
138-9,138,9,0,0.0017251968383787,5
138-10,138,10,0,0.0017251968383787,5
138-11,138,11,0,0.0017251968383787,5
138-12,138,12,1,0.9982748031616212,5
139-0,139,0,0,0.0008155171526595,5
139-1,139,1,0,0.0008155171526595,5
139-2,139,2,0,0.0008155171526595,5
139-3,139,3,0,0.0008155171526595,5
139-4,139,4,0,0.0008155171526595,5
139-5,139,5,0,0.0008155171526595,5
139-6,139,6,0,0.0008155171526595,5
139-7,139,7,0,0.0008155171526595,5
139-8,139,8,0,0.0008155171526595,5
139-9,139,9,0,0.0008155171526595,5
139-10,139,10,0,0.0008155171526595,5
139-11,139,11,0,0.0008155171526595,5
139-12,139,12,0,0.0008155171526595,5
140-0,140,0,0,0.0263178572058677,4
140-1,140,1,0,0.0263178572058677,4
140-2,140,2,0,0.0263178572058677,4
140-3,140,3,0,0.0263178572058677,4
140-4,140,4,0,0.0263178572058677,4
140-5,140,5,0,0.0263178572058677,4
140-6,140,6,1,0.9736821427941325,4
140-7,140,7,0,0.0263178572058677,4
140-8,140,8,0,0.0263178572058677,4
140-9,140,9,0,0.0263178572058677,4
140-10,140,10,0,0.0263178572058677,4
140-11,140,11,0,0.0263178572058677,4
140-12,140,12,1,0.9736821427941325,4
141-0,141,0,0,0.377491682767868,1
141-1,141,1,0,0.377491682767868,1
141-2,141,2,0,0.377491682767868,1
141-3,141,3,0,0.377491682767868,1
141-4,141,4,0,0.377491682767868,1
141-5,141,5,1,0.622508317232132,1
141-6,141,6,0,0.377491682767868,1
141-7,141,7,0,0.377491682767868,1
141-8,141,8,0,0.377491682767868,1
141-9,141,9,0,0.377491682767868,1
141-10,141,10,0,0.377491682767868,1
141-11,141,11,0,0.377491682767868,1
141-12,141,12,0,0.377491682767868,1
142-0,142,0,0,0.4838636219501495,1
142-1,142,1,0,0.4838636219501495,1
142-2,142,2,0,0.4838636219501495,1
142-3,142,3,0,0.4838636219501495,1
142-4,142,4,0,0.4838636219501495,1
142-5,142,5,0,0.4838636219501495,1
142-6,142,6,0,0.4838636219501495,1
142-7,142,7,0,0.4838636219501495,1
142-8,142,8,0,0.4838636219501495,1
142-9,142,9,0,0.4838636219501495,1
142-10,142,10,0,0.4838636219501495,1
142-11,142,11,0,0.4838636219501495,1
142-12,142,12,0,0.4838636219501495,1
143-0,143,0,0,0.9399648308753968,1
143-1,143,1,0,0.9399648308753968,1
143-2,143,2,0,0.9399648308753968,1
143-3,143,3,0,0.9399648308753968,1
143-4,143,4,0,0.9399648308753968,1
143-5,143,5,1,0.0600351691246031,1
143-6,143,6,0,0.9399648308753968,1
143-7,143,7,0,0.9399648308753968,1
143-8,143,8,0,0.9399648308753968,1
143-9,143,9,0,0.9399648308753968,1
143-10,143,10,0,0.9399648308753968,1
143-11,143,11,0,0.9399648308753968,1
143-12,143,12,0,0.9399648308753968,1
144-0,144,0,0,0.090650200843811,4
144-1,144,1,0,0.090650200843811,4
144-2,144,2,0,0.090650200843811,4
144-3,144,3,0,0.090650200843811,4
144-4,144,4,0,0.090650200843811,4
144-5,144,5,0,0.090650200843811,4
144-6,144,6,0,0.090650200843811,4
144-7,144,7,0,0.090650200843811,4
144-8,144,8,0,0.090650200843811,4
144-9,144,9,0,0.090650200843811,4
144-10,144,10,0,0.090650200843811,4
144-11,144,11,0,0.090650200843811,4
144-12,144,12,0,0.090650200843811,4
145-0,145,0,0,0.6395044922828674,2
145-1,145,1,0,0.6395044922828674,2
145-2,145,2,0,0.6395044922828674,2
145-3,145,3,0,0.6395044922828674,2
145-4,145,4,0,0.6395044922828674,2
145-5,145,5,0,0.6395044922828674,2
145-6,145,6,0,0.6395044922828674,2
145-7,145,7,0,0.6395044922828674,2
145-8,145,8,0,0.6395044922828674,2
145-9,145,9,0,0.6395044922828674,2
145-10,145,10,1,0.3604955077171325,2
145-11,145,11,0,0.6395044922828674,2
145-12,145,12,0,0.6395044922828674,2
146-0,146,0,0,0.7506529092788696,5
146-1,146,1,0,0.7506529092788696,5
146-2,146,2,0,0.7506529092788696,5
146-3,146,3,0,0.7506529092788696,5
146-4,146,4,0,0.7506529092788696,5
146-5,146,5,0,0.7506529092788696,5
146-6,146,6,1,0.2493470907211303,5
146-7,146,7,0,0.7506529092788696,5
146-8,146,8,0,0.7506529092788696,5
146-9,146,9,0,0.7506529092788696,5
146-10,146,10,0,0.7506529092788696,5
146-11,146,11,0,0.7506529092788696,5
146-12,146,12,0,0.7506529092788696,5
147-0,147,0,1,0.9398340582847596,1
147-1,147,1,0,0.0601659417152403,1
147-2,147,2,0,0.0601659417152403,1
147-3,147,3,0,0.0601659417152403,1
147-4,147,4,0,0.0601659417152403,1
147-5,147,5,0,0.0601659417152403,1
147-6,147,6,1,0.9398340582847596,1
147-7,147,7,0,0.0601659417152403,1
147-8,147,8,0,0.0601659417152403,1
147-9,147,9,0,0.0601659417152403,1
147-10,147,10,0,0.0601659417152403,1
147-11,147,11,0,0.0601659417152403,1
147-12,147,12,1,0.9398340582847596,1
148-0,148,0,0,0.9443276338279248,2
148-1,148,1,0,0.9443276338279248,2
148-2,148,2,0,0.9443276338279248,2
148-3,148,3,0,0.9443276338279248,2
148-4,148,4,1,0.0556723661720752,2
148-5,148,5,0,0.9443276338279248,2
148-6,148,6,0,0.9443276338279248,2
148-7,148,7,0,0.9443276338279248,2
148-8,148,8,0,0.9443276338279248,2
148-9,148,9,0,0.9443276338279248,2
148-10,148,10,0,0.9443276338279248,2
148-11,148,11,0,0.9443276338279248,2
148-12,148,12,0,0.9443276338279248,2
149-0,149,0,0,0.8819863200187683,1
149-1,149,1,1,0.1180136799812316,1
149-2,149,2,1,0.1180136799812316,1
149-3,149,3,1,0.1180136799812316,1
149-4,149,4,1,0.1180136799812316,1
149-5,149,5,1,0.1180136799812316,1
149-6,149,6,1,0.1180136799812316,1
149-7,149,7,1,0.1180136799812316,1
149-8,149,8,1,0.1180136799812316,1
149-9,149,9,1,0.1180136799812316,1
149-10,149,10,0,0.8819863200187683,1
149-11,149,11,0,0.8819863200187683,1
149-12,149,12,1,0.1180136799812316,1
150-0,150,0,0,0.0131512703374028,4
150-1,150,1,0,0.0131512703374028,4
150-2,150,2,0,0.0131512703374028,4
150-3,150,3,0,0.0131512703374028,4
150-4,150,4,0,0.0131512703374028,4
150-5,150,5,0,0.0131512703374028,4
150-6,150,6,0,0.0131512703374028,4
150-7,150,7,0,0.0131512703374028,4
150-8,150,8,0,0.0131512703374028,4
150-9,150,9,0,0.0131512703374028,4
150-10,150,10,0,0.0131512703374028,4
150-11,150,11,0,0.0131512703374028,4
150-12,150,12,0,0.0131512703374028,4
151-0,151,0,1,0.8556091785430908,2
151-1,151,1,1,0.8556091785430908,2
151-2,151,2,1,0.8556091785430908,2
151-3,151,3,0,0.1443908214569091,2
151-4,151,4,0,0.1443908214569091,2
151-5,151,5,0,0.1443908214569091,2
151-6,151,6,0,0.1443908214569091,2
151-7,151,7,0,0.1443908214569091,2
151-8,151,8,0,0.1443908214569091,2
151-9,151,9,1,0.8556091785430908,2
151-10,151,10,1,0.8556091785430908,2
151-11,151,11,0,0.1443908214569091,2
151-12,151,12,0,0.1443908214569091,2
152-0,152,0,0,0.7951793670654297,4
152-1,152,1,0,0.7951793670654297,4
152-2,152,2,0,0.7951793670654297,4
152-3,152,3,0,0.7951793670654297,4
152-4,152,4,0,0.7951793670654297,4
152-5,152,5,0,0.7951793670654297,4
152-6,152,6,0,0.7951793670654297,4
152-7,152,7,0,0.7951793670654297,4
152-8,152,8,0,0.7951793670654297,4
152-9,152,9,0,0.7951793670654297,4
152-10,152,10,0,0.7951793670654297,4
152-11,152,11,0,0.7951793670654297,4
152-12,152,12,0,0.7951793670654297,4
153-0,153,0,0,0.0888560563325882,4
153-1,153,1,0,0.0888560563325882,4
153-2,153,2,0,0.0888560563325882,4
153-3,153,3,0,0.0888560563325882,4
153-4,153,4,0,0.0888560563325882,4
153-5,153,5,0,0.0888560563325882,4
153-6,153,6,0,0.0888560563325882,4
153-7,153,7,0,0.0888560563325882,4
153-8,153,8,0,0.0888560563325882,4
153-9,153,9,0,0.0888560563325882,4
153-10,153,10,0,0.0888560563325882,4
153-11,153,11,0,0.0888560563325882,4
153-12,153,12,0,0.0888560563325882,4
154-0,154,0,0,0.079439640045166,1
154-1,154,1,1,0.920560359954834,1
154-2,154,2,1,0.920560359954834,1
154-3,154,3,0,0.079439640045166,1
154-4,154,4,1,0.920560359954834,1
154-5,154,5,1,0.920560359954834,1
154-6,154,6,1,0.920560359954834,1
154-7,154,7,0,0.079439640045166,1
154-8,154,8,1,0.920560359954834,1
154-9,154,9,1,0.920560359954834,1
154-10,154,10,1,0.920560359954834,1
154-11,154,11,1,0.920560359954834,1
154-12,154,12,1,0.920560359954834,1
155-0,155,0,0,0.9795354083180428,5
155-1,155,1,1,0.0204645916819572,5
155-2,155,2,0,0.9795354083180428,5
155-3,155,3,0,0.9795354083180428,5
155-4,155,4,0,0.9795354083180428,5
155-5,155,5,0,0.9795354083180428,5
155-6,155,6,0,0.9795354083180428,5
155-7,155,7,0,0.9795354083180428,5
155-8,155,8,0,0.9795354083180428,5
155-9,155,9,0,0.9795354083180428,5
155-10,155,10,0,0.9795354083180428,5
155-11,155,11,0,0.9795354083180428,5
155-12,155,12,0,0.9795354083180428,5
156-0,156,0,1,0.0522894524037838,2
156-1,156,1,1,0.0522894524037838,2
156-2,156,2,1,0.0522894524037838,2
156-3,156,3,1,0.0522894524037838,2
156-4,156,4,1,0.0522894524037838,2
156-5,156,5,1,0.0522894524037838,2
156-6,156,6,1,0.0522894524037838,2
156-7,156,7,1,0.0522894524037838,2
156-8,156,8,1,0.0522894524037838,2
156-9,156,9,1,0.0522894524037838,2
156-10,156,10,1,0.0522894524037838,2
156-11,156,11,1,0.0522894524037838,2
156-12,156,12,0,0.9477105475962162,2
157-0,157,0,0,0.0590035319328308,1
157-1,157,1,0,0.0590035319328308,1
157-2,157,2,0,0.0590035319328308,1
157-3,157,3,0,0.0590035319328308,1
157-4,157,4,0,0.0590035319328308,1
157-5,157,5,0,0.0590035319328308,1
157-6,157,6,1,0.9409964680671692,1
157-7,157,7,0,0.0590035319328308,1
157-8,157,8,0,0.0590035319328308,1
157-9,157,9,0,0.0590035319328308,1
157-10,157,10,0,0.0590035319328308,1
157-11,157,11,0,0.0590035319328308,1
157-12,157,12,0,0.0590035319328308,1
158-0,158,0,1,0.025050925090909,5
158-1,158,1,1,0.025050925090909,5
158-2,158,2,1,0.025050925090909,5
158-3,158,3,1,0.025050925090909,5
158-4,158,4,1,0.025050925090909,5
158-5,158,5,0,0.974949074909091,5
158-6,158,6,0,0.974949074909091,5
158-7,158,7,1,0.025050925090909,5
158-8,158,8,1,0.025050925090909,5
158-9,158,9,1,0.025050925090909,5
158-10,158,10,1,0.025050925090909,5
158-11,158,11,1,0.025050925090909,5
158-12,158,12,1,0.025050925090909,5
159-0,159,0,0,0.047917366027832,4
159-1,159,1,0,0.047917366027832,4
159-2,159,2,0,0.047917366027832,4
159-3,159,3,0,0.047917366027832,4
159-4,159,4,0,0.047917366027832,4
159-5,159,5,0,0.047917366027832,4
159-6,159,6,0,0.047917366027832,4
159-7,159,7,0,0.047917366027832,4
159-8,159,8,0,0.047917366027832,4
159-9,159,9,0,0.047917366027832,4
159-10,159,10,0,0.047917366027832,4
159-11,159,11,0,0.047917366027832,4
159-12,159,12,0,0.047917366027832,4
160-0,160,0,0,0.0313317105174064,4
160-1,160,1,0,0.0313317105174064,4
160-2,160,2,0,0.0313317105174064,4
160-3,160,3,0,0.0313317105174064,4
160-4,160,4,0,0.0313317105174064,4
160-5,160,5,0,0.0313317105174064,4
160-6,160,6,0,0.0313317105174064,4
160-7,160,7,0,0.0313317105174064,4
160-8,160,8,0,0.0313317105174064,4
160-9,160,9,0,0.0313317105174064,4
160-10,160,10,0,0.0313317105174064,4
160-11,160,11,0,0.0313317105174064,4
160-12,160,12,0,0.0313317105174064,4
161-0,161,0,0,0.0652729719877243,2
161-1,161,1,0,0.0652729719877243,2
161-2,161,2,0,0.0652729719877243,2
161-3,161,3,0,0.0652729719877243,2
161-4,161,4,0,0.0652729719877243,2
161-5,161,5,0,0.0652729719877243,2
161-6,161,6,0,0.0652729719877243,2
161-7,161,7,0,0.0652729719877243,2
161-8,161,8,1,0.9347270280122756,2
161-9,161,9,0,0.0652729719877243,2
161-10,161,10,0,0.0652729719877243,2
161-11,161,11,0,0.0652729719877243,2
161-12,161,12,0,0.0652729719877243,2
162-0,162,0,0,0.0992535948753355,2
162-1,162,1,0,0.0992535948753355,2
162-2,162,2,0,0.0992535948753355,2
162-3,162,3,0,0.0992535948753355,2
162-4,162,4,0,0.0992535948753355,2
162-5,162,5,0,0.0992535948753355,2
162-6,162,6,0,0.0992535948753355,2
162-7,162,7,0,0.0992535948753355,2
162-8,162,8,0,0.0992535948753355,2
162-9,162,9,0,0.0992535948753355,2
162-10,162,10,0,0.0992535948753355,2
162-11,162,11,0,0.0992535948753355,2
162-12,162,12,0,0.0992535948753355,2
163-0,163,0,1,0.1137269362807273,2
163-1,163,1,1,0.1137269362807273,2
163-2,163,2,1,0.1137269362807273,2
163-3,163,3,1,0.1137269362807273,2
163-4,163,4,1,0.1137269362807273,2
163-5,163,5,1,0.1137269362807273,2
163-6,163,6,1,0.1137269362807273,2
163-7,163,7,0,0.8862730637192727,2
163-8,163,8,1,0.1137269362807273,2
163-9,163,9,1,0.1137269362807273,2
163-10,163,10,1,0.1137269362807273,2
163-11,163,11,1,0.1137269362807273,2
163-12,163,12,1,0.1137269362807273,2
164-0,164,0,0,0.0924758166074752,4
164-1,164,1,0,0.0924758166074752,4
164-2,164,2,0,0.0924758166074752,4
164-3,164,3,0,0.0924758166074752,4
164-4,164,4,0,0.0924758166074752,4
164-5,164,5,0,0.0924758166074752,4
164-6,164,6,1,0.9075241833925248,4
164-7,164,7,0,0.0924758166074752,4
164-8,164,8,0,0.0924758166074752,4
164-9,164,9,0,0.0924758166074752,4
164-10,164,10,0,0.0924758166074752,4
164-11,164,11,0,0.0924758166074752,4
164-12,164,12,0,0.0924758166074752,4
165-0,165,0,0,0.0464619398117064,1
165-1,165,1,0,0.0464619398117064,1
165-2,165,2,0,0.0464619398117064,1
165-3,165,3,0,0.0464619398117064,1
165-4,165,4,0,0.0464619398117064,1
165-5,165,5,0,0.0464619398117064,1
165-6,165,6,0,0.0464619398117064,1
165-7,165,7,0,0.0464619398117064,1
165-8,165,8,0,0.0464619398117064,1
165-9,165,9,0,0.0464619398117064,1
165-10,165,10,0,0.0464619398117064,1
165-11,165,11,0,0.0464619398117064,1
165-12,165,12,0,0.0464619398117064,1
166-0,166,0,0,0.7098604440689087,3
166-1,166,1,0,0.7098604440689087,3
166-2,166,2,0,0.7098604440689087,3
166-3,166,3,0,0.7098604440689087,3
166-4,166,4,0,0.7098604440689087,3
166-5,166,5,0,0.7098604440689087,3
166-6,166,6,0,0.7098604440689087,3
166-7,166,7,0,0.7098604440689087,3
166-8,166,8,0,0.7098604440689087,3
166-9,166,9,0,0.7098604440689087,3
166-10,166,10,0,0.7098604440689087,3
166-11,166,11,0,0.7098604440689087,3
166-12,166,12,0,0.7098604440689087,3
167-0,167,0,0,0.8818249106407166,1
167-1,167,1,0,0.8818249106407166,1
167-2,167,2,0,0.8818249106407166,1
167-3,167,3,0,0.8818249106407166,1
167-4,167,4,0,0.8818249106407166,1
167-5,167,5,0,0.8818249106407166,1
167-6,167,6,0,0.8818249106407166,1
167-7,167,7,0,0.8818249106407166,1
167-8,167,8,1,0.1181750893592834,1
167-9,167,9,0,0.8818249106407166,1
167-10,167,10,0,0.8818249106407166,1
167-11,167,11,0,0.8818249106407166,1
167-12,167,12,0,0.8818249106407166,1
168-0,168,0,1,0.6133941411972046,1
168-1,168,1,0,0.3866058588027954,1
168-2,168,2,0,0.3866058588027954,1
168-3,168,3,0,0.3866058588027954,1
168-4,168,4,0,0.3866058588027954,1
168-5,168,5,0,0.3866058588027954,1
168-6,168,6,1,0.6133941411972046,1
168-7,168,7,0,0.3866058588027954,1
168-8,168,8,1,0.6133941411972046,1
168-9,168,9,0,0.3866058588027954,1
168-10,168,10,0,0.3866058588027954,1
168-11,168,11,0,0.3866058588027954,1
168-12,168,12,0,0.3866058588027954,1
169-0,169,0,0,0.9743682146072388,5
169-1,169,1,0,0.9743682146072388,5
169-2,169,2,0,0.9743682146072388,5
169-3,169,3,0,0.9743682146072388,5
169-4,169,4,0,0.9743682146072388,5
169-5,169,5,0,0.9743682146072388,5
169-6,169,6,0,0.9743682146072388,5
169-7,169,7,0,0.9743682146072388,5
169-8,169,8,0,0.9743682146072388,5
169-9,169,9,0,0.9743682146072388,5
169-10,169,10,1,0.0256317853927612,5
169-11,169,11,0,0.9743682146072388,5
169-12,169,12,0,0.9743682146072388,5
170-0,170,0,0,0.1512473821640014,3
170-1,170,1,0,0.1512473821640014,3
170-2,170,2,0,0.1512473821640014,3
170-3,170,3,0,0.1512473821640014,3
170-4,170,4,0,0.1512473821640014,3
170-5,170,5,0,0.1512473821640014,3
170-6,170,6,0,0.1512473821640014,3
170-7,170,7,0,0.1512473821640014,3
170-8,170,8,0,0.1512473821640014,3
170-9,170,9,0,0.1512473821640014,3
170-10,170,10,0,0.1512473821640014,3
170-11,170,11,0,0.1512473821640014,3
170-12,170,12,0,0.1512473821640014,3
171-0,171,0,0,0.5221280455589294,3
171-1,171,1,1,0.4778719544410705,3
171-2,171,2,0,0.5221280455589294,3
171-3,171,3,0,0.5221280455589294,3
171-4,171,4,0,0.5221280455589294,3
171-5,171,5,0,0.5221280455589294,3
171-6,171,6,0,0.5221280455589294,3
171-7,171,7,0,0.5221280455589294,3
171-8,171,8,0,0.5221280455589294,3
171-9,171,9,0,0.5221280455589294,3
171-10,171,10,0,0.5221280455589294,3
171-11,171,11,0,0.5221280455589294,3
171-12,171,12,0,0.5221280455589294,3
172-0,172,0,0,0.1809257268905639,1
172-1,172,1,1,0.819074273109436,1
172-2,172,2,0,0.1809257268905639,1
172-3,172,3,0,0.1809257268905639,1
172-4,172,4,0,0.1809257268905639,1
172-5,172,5,0,0.1809257268905639,1
172-6,172,6,0,0.1809257268905639,1
172-7,172,7,0,0.1809257268905639,1
172-8,172,8,0,0.1809257268905639,1
172-9,172,9,0,0.1809257268905639,1
172-10,172,10,0,0.1809257268905639,1
172-11,172,11,0,0.1809257268905639,1
172-12,172,12,0,0.1809257268905639,1
173-0,173,0,0,0.1434898823499679,2
173-1,173,1,0,0.1434898823499679,2
173-2,173,2,0,0.1434898823499679,2
173-3,173,3,0,0.1434898823499679,2
173-4,173,4,0,0.1434898823499679,2
173-5,173,5,0,0.1434898823499679,2
173-6,173,6,1,0.856510117650032,2
173-7,173,7,0,0.1434898823499679,2
173-8,173,8,1,0.856510117650032,2
173-9,173,9,0,0.1434898823499679,2
173-10,173,10,0,0.1434898823499679,2
173-11,173,11,0,0.1434898823499679,2
173-12,173,12,1,0.856510117650032,2
174-0,174,0,0,0.070854514837265,5
174-1,174,1,0,0.070854514837265,5
174-2,174,2,0,0.070854514837265,5
174-3,174,3,0,0.070854514837265,5
174-4,174,4,0,0.070854514837265,5
174-5,174,5,0,0.070854514837265,5
174-6,174,6,1,0.929145485162735,5
174-7,174,7,0,0.070854514837265,5
174-8,174,8,0,0.070854514837265,5
174-9,174,9,0,0.070854514837265,5
174-10,174,10,1,0.929145485162735,5
174-11,174,11,0,0.070854514837265,5
174-12,174,12,0,0.070854514837265,5
175-0,175,0,0,0.0285502076148987,1
175-1,175,1,1,0.9714497923851012,1
175-2,175,2,0,0.0285502076148987,1
175-3,175,3,0,0.0285502076148987,1
175-4,175,4,0,0.0285502076148987,1
175-5,175,5,0,0.0285502076148987,1
175-6,175,6,0,0.0285502076148987,1
175-7,175,7,0,0.0285502076148987,1
175-8,175,8,0,0.0285502076148987,1
175-9,175,9,0,0.0285502076148987,1
175-10,175,10,0,0.0285502076148987,1
175-11,175,11,0,0.0285502076148987,1
175-12,175,12,0,0.0285502076148987,1
176-0,176,0,0,0.2347500771284103,2
176-1,176,1,0,0.2347500771284103,2
176-2,176,2,0,0.2347500771284103,2
176-3,176,3,0,0.2347500771284103,2
176-4,176,4,0,0.2347500771284103,2
176-5,176,5,0,0.2347500771284103,2
176-6,176,6,0,0.2347500771284103,2
176-7,176,7,0,0.2347500771284103,2
176-8,176,8,0,0.2347500771284103,2
176-9,176,9,0,0.2347500771284103,2
176-10,176,10,0,0.2347500771284103,2
176-11,176,11,0,0.2347500771284103,2
176-12,176,12,0,0.2347500771284103,2
177-0,177,0,0,0.8128740191459656,3
177-1,177,1,1,0.1871259808540344,3
177-2,177,2,1,0.1871259808540344,3
177-3,177,3,0,0.8128740191459656,3
177-4,177,4,0,0.8128740191459656,3
177-5,177,5,1,0.1871259808540344,3
177-6,177,6,0,0.8128740191459656,3
177-7,177,7,0,0.8128740191459656,3
177-8,177,8,0,0.8128740191459656,3
177-9,177,9,1,0.1871259808540344,3
177-10,177,10,1,0.1871259808540344,3
177-11,177,11,0,0.8128740191459656,3
177-12,177,12,0,0.8128740191459656,3
178-0,178,0,0,0.3132409751415252,5
178-1,178,1,0,0.3132409751415252,5
178-2,178,2,0,0.3132409751415252,5
178-3,178,3,0,0.3132409751415252,5
178-4,178,4,0,0.3132409751415252,5
178-5,178,5,0,0.3132409751415252,5
178-6,178,6,0,0.3132409751415252,5
178-7,178,7,0,0.3132409751415252,5
178-8,178,8,0,0.3132409751415252,5
178-9,178,9,0,0.3132409751415252,5
178-10,178,10,0,0.3132409751415252,5
178-11,178,11,0,0.3132409751415252,5
178-12,178,12,0,0.3132409751415252,5
179-0,179,0,0,0.0253785252571105,1
179-1,179,1,0,0.0253785252571105,1
179-2,179,2,0,0.0253785252571105,1
179-3,179,3,0,0.0253785252571105,1
179-4,179,4,0,0.0253785252571105,1
179-5,179,5,0,0.0253785252571105,1
179-6,179,6,0,0.0253785252571105,1
179-7,179,7,0,0.0253785252571105,1
179-8,179,8,0,0.0253785252571105,1
179-9,179,9,0,0.0253785252571105,1
179-10,179,10,0,0.0253785252571105,1
179-11,179,11,0,0.0253785252571105,1
179-12,179,12,0,0.0253785252571105,1
180-0,180,0,0,0.851752907037735,5
180-1,180,1,1,0.148247092962265,5
180-2,180,2,1,0.148247092962265,5
180-3,180,3,1,0.148247092962265,5
180-4,180,4,0,0.851752907037735,5
180-5,180,5,1,0.148247092962265,5
180-6,180,6,0,0.851752907037735,5
180-7,180,7,0,0.851752907037735,5
180-8,180,8,1,0.148247092962265,5
180-9,180,9,1,0.148247092962265,5
180-10,180,10,0,0.851752907037735,5
180-11,180,11,0,0.851752907037735,5
180-12,180,12,1,0.148247092962265,5
181-0,181,0,0,0.0455421209335328,4
181-1,181,1,1,0.9544578790664672,4
181-2,181,2,0,0.0455421209335328,4
181-3,181,3,0,0.0455421209335328,4
181-4,181,4,0,0.0455421209335328,4
181-5,181,5,0,0.0455421209335328,4
181-6,181,6,0,0.0455421209335328,4
181-7,181,7,0,0.0455421209335328,4
181-8,181,8,0,0.0455421209335328,4
181-9,181,9,0,0.0455421209335328,4
181-10,181,10,0,0.0455421209335328,4
181-11,181,11,0,0.0455421209335328,4
181-12,181,12,0,0.0455421209335328,4
182-0,182,0,0,0.0094306441023945,4
182-1,182,1,1,0.9905693558976056,4
182-2,182,2,0,0.0094306441023945,4
182-3,182,3,0,0.0094306441023945,4
182-4,182,4,0,0.0094306441023945,4
182-5,182,5,1,0.9905693558976056,4
182-6,182,6,0,0.0094306441023945,4
182-7,182,7,0,0.0094306441023945,4
182-8,182,8,0,0.0094306441023945,4
182-9,182,9,0,0.0094306441023945,4
182-10,182,10,0,0.0094306441023945,4
182-11,182,11,0,0.0094306441023945,4
182-12,182,12,1,0.9905693558976056,4
183-0,183,0,0,0.077736459672451,2
183-1,183,1,0,0.077736459672451,2
183-2,183,2,0,0.077736459672451,2
183-3,183,3,0,0.077736459672451,2
183-4,183,4,0,0.077736459672451,2
183-5,183,5,0,0.077736459672451,2
183-6,183,6,0,0.077736459672451,2
183-7,183,7,0,0.077736459672451,2
183-8,183,8,0,0.077736459672451,2
183-9,183,9,0,0.077736459672451,2
183-10,183,10,0,0.077736459672451,2
183-11,183,11,0,0.077736459672451,2
183-12,183,12,0,0.077736459672451,2
184-0,184,0,0,0.4273337125778198,4
184-1,184,1,0,0.4273337125778198,4
184-2,184,2,0,0.4273337125778198,4
184-3,184,3,0,0.4273337125778198,4
184-4,184,4,0,0.4273337125778198,4
184-5,184,5,0,0.4273337125778198,4
184-6,184,6,0,0.4273337125778198,4
184-7,184,7,0,0.4273337125778198,4
184-8,184,8,0,0.4273337125778198,4
184-9,184,9,0,0.4273337125778198,4
184-10,184,10,0,0.4273337125778198,4
184-11,184,11,0,0.4273337125778198,4
184-12,184,12,0,0.4273337125778198,4
185-0,185,0,0,0.0149145126342772,2
185-1,185,1,1,0.9850854873657228,2
185-2,185,2,0,0.0149145126342772,2
185-3,185,3,0,0.0149145126342772,2
185-4,185,4,0,0.0149145126342772,2
185-5,185,5,0,0.0149145126342772,2
185-6,185,6,0,0.0149145126342772,2
185-7,185,7,0,0.0149145126342772,2
185-8,185,8,0,0.0149145126342772,2
185-9,185,9,0,0.0149145126342772,2
185-10,185,10,0,0.0149145126342772,2
185-11,185,11,0,0.0149145126342772,2
185-12,185,12,0,0.0149145126342772,2
186-0,186,0,0,0.3940968215465545,2
186-1,186,1,0,0.3940968215465545,2
186-2,186,2,0,0.3940968215465545,2
186-3,186,3,0,0.3940968215465545,2
186-4,186,4,0,0.3940968215465545,2
186-5,186,5,0,0.3940968215465545,2
186-6,186,6,1,0.6059031784534454,2
186-7,186,7,0,0.3940968215465545,2
186-8,186,8,0,0.3940968215465545,2
186-9,186,9,1,0.6059031784534454,2
186-10,186,10,1,0.6059031784534454,2
186-11,186,11,0,0.3940968215465545,2
186-12,186,12,0,0.3940968215465545,2
187-0,187,0,0,0.0015914881369099,5
187-1,187,1,0,0.0015914881369099,5
187-2,187,2,0,0.0015914881369099,5
187-3,187,3,0,0.0015914881369099,5
187-4,187,4,0,0.0015914881369099,5
187-5,187,5,0,0.0015914881369099,5
187-6,187,6,0,0.0015914881369099,5
187-7,187,7,0,0.0015914881369099,5
187-8,187,8,1,0.99840851186309,5
187-9,187,9,0,0.0015914881369099,5
187-10,187,10,1,0.99840851186309,5
187-11,187,11,0,0.0015914881369099,5
187-12,187,12,0,0.0015914881369099,5
188-0,188,0,0,0.7166167497634888,2
188-1,188,1,0,0.7166167497634888,2
188-2,188,2,0,0.7166167497634888,2
188-3,188,3,0,0.7166167497634888,2
188-4,188,4,0,0.7166167497634888,2
188-5,188,5,0,0.7166167497634888,2
188-6,188,6,0,0.7166167497634888,2
188-7,188,7,0,0.7166167497634888,2
188-8,188,8,0,0.7166167497634888,2
188-9,188,9,0,0.7166167497634888,2
188-10,188,10,0,0.7166167497634888,2
188-11,188,11,0,0.7166167497634888,2
188-12,188,12,0,0.7166167497634888,2
189-0,189,0,0,0.0012192049762234,5
189-1,189,1,0,0.0012192049762234,5
189-2,189,2,0,0.0012192049762234,5
189-3,189,3,0,0.0012192049762234,5
189-4,189,4,0,0.0012192049762234,5
189-5,189,5,0,0.0012192049762234,5
189-6,189,6,0,0.0012192049762234,5
189-7,189,7,0,0.0012192049762234,5
189-8,189,8,0,0.0012192049762234,5
189-9,189,9,0,0.0012192049762234,5
189-10,189,10,0,0.0012192049762234,5
189-11,189,11,0,0.0012192049762234,5
189-12,189,12,0,0.0012192049762234,5
190-0,190,0,0,0.8142991662025452,4
190-1,190,1,0,0.8142991662025452,4
190-2,190,2,0,0.8142991662025452,4
190-3,190,3,0,0.8142991662025452,4
190-4,190,4,0,0.8142991662025452,4
190-5,190,5,0,0.8142991662025452,4
190-6,190,6,0,0.8142991662025452,4
190-7,190,7,0,0.8142991662025452,4
190-8,190,8,0,0.8142991662025452,4
190-9,190,9,1,0.1857008337974548,4
190-10,190,10,0,0.8142991662025452,4
190-11,190,11,0,0.8142991662025452,4
190-12,190,12,0,0.8142991662025452,4
191-0,191,0,0,0.1391119658946991,3
191-1,191,1,0,0.1391119658946991,3
191-2,191,2,1,0.8608880341053009,3
191-3,191,3,0,0.1391119658946991,3
191-4,191,4,0,0.1391119658946991,3
191-5,191,5,1,0.8608880341053009,3
191-6,191,6,0,0.1391119658946991,3
191-7,191,7,0,0.1391119658946991,3
191-8,191,8,1,0.8608880341053009,3
191-9,191,9,1,0.8608880341053009,3
191-10,191,10,1,0.8608880341053009,3
191-11,191,11,1,0.8608880341053009,3
191-12,191,12,0,0.1391119658946991,3
192-0,192,0,0,0.7302049100399017,4
192-1,192,1,0,0.7302049100399017,4
192-2,192,2,0,0.7302049100399017,4
192-3,192,3,0,0.7302049100399017,4
192-4,192,4,0,0.7302049100399017,4
192-5,192,5,0,0.7302049100399017,4
192-6,192,6,0,0.7302049100399017,4
192-7,192,7,0,0.7302049100399017,4
192-8,192,8,0,0.7302049100399017,4
192-9,192,9,0,0.7302049100399017,4
192-10,192,10,0,0.7302049100399017,4
192-11,192,11,0,0.7302049100399017,4
192-12,192,12,0,0.7302049100399017,4
193-0,193,0,0,0.3692027330398559,2
193-1,193,1,0,0.3692027330398559,2
193-2,193,2,0,0.3692027330398559,2
193-3,193,3,0,0.3692027330398559,2
193-4,193,4,0,0.3692027330398559,2
193-5,193,5,0,0.3692027330398559,2
193-6,193,6,0,0.3692027330398559,2
193-7,193,7,0,0.3692027330398559,2
193-8,193,8,0,0.3692027330398559,2
193-9,193,9,0,0.3692027330398559,2
193-10,193,10,0,0.3692027330398559,2
193-11,193,11,0,0.3692027330398559,2
193-12,193,12,0,0.3692027330398559,2
194-0,194,0,0,0.021836280822754,5
194-1,194,1,0,0.021836280822754,5
194-2,194,2,0,0.021836280822754,5
194-3,194,3,0,0.021836280822754,5
194-4,194,4,0,0.021836280822754,5
194-5,194,5,0,0.021836280822754,5
194-6,194,6,0,0.021836280822754,5
194-7,194,7,0,0.021836280822754,5
194-8,194,8,0,0.021836280822754,5
194-9,194,9,0,0.021836280822754,5
194-10,194,10,0,0.021836280822754,5
194-11,194,11,0,0.021836280822754,5
194-12,194,12,0,0.021836280822754,5
195-0,195,0,0,0.2612408995628357,4
195-1,195,1,1,0.7387591004371643,4
195-2,195,2,1,0.7387591004371643,4
195-3,195,3,1,0.7387591004371643,4
195-4,195,4,0,0.2612408995628357,4
195-5,195,5,1,0.7387591004371643,4
195-6,195,6,1,0.7387591004371643,4
195-7,195,7,0,0.2612408995628357,4
195-8,195,8,0,0.2612408995628357,4
195-9,195,9,1,0.7387591004371643,4
195-10,195,10,1,0.7387591004371643,4
195-11,195,11,0,0.2612408995628357,4
195-12,195,12,1,0.7387591004371643,4
196-0,196,0,0,0.0098552946001291,2
196-1,196,1,0,0.0098552946001291,2
196-2,196,2,0,0.0098552946001291,2
196-3,196,3,0,0.0098552946001291,2
196-4,196,4,0,0.0098552946001291,2
196-5,196,5,1,0.9901447053998708,2
196-6,196,6,0,0.0098552946001291,2
196-7,196,7,0,0.0098552946001291,2
196-8,196,8,0,0.0098552946001291,2
196-9,196,9,0,0.0098552946001291,2
196-10,196,10,0,0.0098552946001291,2
196-11,196,11,1,0.9901447053998708,2
196-12,196,12,0,0.0098552946001291,2
197-0,197,0,0,0.6306290626525879,1
197-1,197,1,0,0.6306290626525879,1
197-2,197,2,0,0.6306290626525879,1
197-3,197,3,0,0.6306290626525879,1
197-4,197,4,0,0.6306290626525879,1
197-5,197,5,0,0.6306290626525879,1
197-6,197,6,0,0.6306290626525879,1
197-7,197,7,0,0.6306290626525879,1
197-8,197,8,0,0.6306290626525879,1
197-9,197,9,0,0.6306290626525879,1
197-10,197,10,0,0.6306290626525879,1
197-11,197,11,0,0.6306290626525879,1
197-12,197,12,0,0.6306290626525879,1
198-0,198,0,0,0.1254495084285736,4
198-1,198,1,0,0.1254495084285736,4
198-2,198,2,0,0.1254495084285736,4
198-3,198,3,0,0.1254495084285736,4
198-4,198,4,0,0.1254495084285736,4
198-5,198,5,0,0.1254495084285736,4
198-6,198,6,0,0.1254495084285736,4
198-7,198,7,0,0.1254495084285736,4
198-8,198,8,0,0.1254495084285736,4
198-9,198,9,0,0.1254495084285736,4
198-10,198,10,0,0.1254495084285736,4
198-11,198,11,0,0.1254495084285736,4
198-12,198,12,0,0.1254495084285736,4
199-0,199,0,1,0.8570541441440583,4
199-1,199,1,0,0.1429458558559417,4
199-2,199,2,1,0.8570541441440583,4
199-3,199,3,1,0.8570541441440583,4
199-4,199,4,0,0.1429458558559417,4
199-5,199,5,1,0.8570541441440583,4
199-6,199,6,1,0.8570541441440583,4
199-7,199,7,0,0.1429458558559417,4
199-8,199,8,1,0.8570541441440583,4
199-9,199,9,0,0.1429458558559417,4
199-10,199,10,1,0.8570541441440583,4
199-11,199,11,1,0.8570541441440583,4
199-12,199,12,1,0.8570541441440583,4
200-0,200,0,0,0.0073784394189715,5
200-1,200,1,0,0.0073784394189715,5
200-2,200,2,0,0.0073784394189715,5
200-3,200,3,0,0.0073784394189715,5
200-4,200,4,0,0.0073784394189715,5
200-5,200,5,0,0.0073784394189715,5
200-6,200,6,0,0.0073784394189715,5
200-7,200,7,1,0.9926215605810284,5
200-8,200,8,0,0.0073784394189715,5
200-9,200,9,0,0.0073784394189715,5
200-10,200,10,0,0.0073784394189715,5
200-11,200,11,0,0.0073784394189715,5
200-12,200,12,0,0.0073784394189715,5
201-0,201,0,0,0.0511462204158306,3
201-1,201,1,0,0.0511462204158306,3
201-2,201,2,0,0.0511462204158306,3
201-3,201,3,0,0.0511462204158306,3
201-4,201,4,0,0.0511462204158306,3
201-5,201,5,0,0.0511462204158306,3
201-6,201,6,0,0.0511462204158306,3
201-7,201,7,0,0.0511462204158306,3
201-8,201,8,0,0.0511462204158306,3
201-9,201,9,1,0.9488537795841694,3
201-10,201,10,0,0.0511462204158306,3
201-11,201,11,0,0.0511462204158306,3
201-12,201,12,0,0.0511462204158306,3
202-0,202,0,0,0.8749866932630539,4
202-1,202,1,0,0.8749866932630539,4
202-2,202,2,0,0.8749866932630539,4
202-3,202,3,0,0.8749866932630539,4
202-4,202,4,0,0.8749866932630539,4
202-5,202,5,0,0.8749866932630539,4
202-6,202,6,0,0.8749866932630539,4
202-7,202,7,0,0.8749866932630539,4
202-8,202,8,0,0.8749866932630539,4
202-9,202,9,0,0.8749866932630539,4
202-10,202,10,0,0.8749866932630539,4
202-11,202,11,0,0.8749866932630539,4
202-12,202,12,0,0.8749866932630539,4
203-0,203,0,1,0.1373088359832763,3
203-1,203,1,0,0.8626911640167236,3
203-2,203,2,0,0.8626911640167236,3
203-3,203,3,1,0.1373088359832763,3
203-4,203,4,0,0.8626911640167236,3
203-5,203,5,0,0.8626911640167236,3
203-6,203,6,1,0.1373088359832763,3
203-7,203,7,0,0.8626911640167236,3
203-8,203,8,0,0.8626911640167236,3
203-9,203,9,1,0.1373088359832763,3
203-10,203,10,1,0.1373088359832763,3
203-11,203,11,0,0.8626911640167236,3
203-12,203,12,0,0.8626911640167236,3
204-0,204,0,0,0.0002188086509703,5
204-1,204,1,0,0.0002188086509703,5
204-2,204,2,0,0.0002188086509703,5
204-3,204,3,0,0.0002188086509703,5
204-4,204,4,0,0.0002188086509703,5
204-5,204,5,0,0.0002188086509703,5
204-6,204,6,0,0.0002188086509703,5
204-7,204,7,0,0.0002188086509703,5
204-8,204,8,0,0.0002188086509703,5
204-9,204,9,0,0.0002188086509703,5
204-10,204,10,0,0.0002188086509703,5
204-11,204,11,0,0.0002188086509703,5
204-12,204,12,0,0.0002188086509703,5
205-0,205,0,0,0.1223861053586006,3
205-1,205,1,0,0.1223861053586006,3
205-2,205,2,0,0.1223861053586006,3
205-3,205,3,0,0.1223861053586006,3
205-4,205,4,0,0.1223861053586006,3
205-5,205,5,0,0.1223861053586006,3
205-6,205,6,0,0.1223861053586006,3
205-7,205,7,0,0.1223861053586006,3
205-8,205,8,0,0.1223861053586006,3
205-9,205,9,0,0.1223861053586006,3
205-10,205,10,0,0.1223861053586006,3
205-11,205,11,1,0.8776138946413994,3
205-12,205,12,0,0.1223861053586006,3
206-0,206,0,0,0.1165494695305824,1
206-1,206,1,0,0.1165494695305824,1
206-2,206,2,0,0.1165494695305824,1
206-3,206,3,0,0.1165494695305824,1
206-4,206,4,0,0.1165494695305824,1
206-5,206,5,0,0.1165494695305824,1
206-6,206,6,0,0.1165494695305824,1
206-7,206,7,0,0.1165494695305824,1
206-8,206,8,0,0.1165494695305824,1
206-9,206,9,0,0.1165494695305824,1
206-10,206,10,0,0.1165494695305824,1
206-11,206,11,0,0.1165494695305824,1
206-12,206,12,0,0.1165494695305824,1
207-0,207,0,0,0.0083263795822858,2
207-1,207,1,0,0.0083263795822858,2
207-2,207,2,0,0.0083263795822858,2
207-3,207,3,0,0.0083263795822858,2
207-4,207,4,0,0.0083263795822858,2
207-5,207,5,1,0.9916736204177142,2
207-6,207,6,0,0.0083263795822858,2
207-7,207,7,1,0.9916736204177142,2
207-8,207,8,0,0.0083263795822858,2
207-9,207,9,0,0.0083263795822858,2
207-10,207,10,0,0.0083263795822858,2
207-11,207,11,0,0.0083263795822858,2
207-12,207,12,0,0.0083263795822858,2
208-0,208,0,0,0.2187440991401672,3
208-1,208,1,0,0.2187440991401672,3
208-2,208,2,0,0.2187440991401672,3
208-3,208,3,0,0.2187440991401672,3
208-4,208,4,0,0.2187440991401672,3
208-5,208,5,0,0.2187440991401672,3
208-6,208,6,0,0.2187440991401672,3
208-7,208,7,0,0.2187440991401672,3
208-8,208,8,0,0.2187440991401672,3
208-9,208,9,1,0.7812559008598328,3
208-10,208,10,0,0.2187440991401672,3
208-11,208,11,0,0.2187440991401672,3
208-12,208,12,0,0.2187440991401672,3
209-0,209,0,0,0.4491960108280182,1
209-1,209,1,0,0.4491960108280182,1
209-2,209,2,0,0.4491960108280182,1
209-3,209,3,0,0.4491960108280182,1
209-4,209,4,0,0.4491960108280182,1
209-5,209,5,0,0.4491960108280182,1
209-6,209,6,0,0.4491960108280182,1
209-7,209,7,0,0.4491960108280182,1
209-8,209,8,0,0.4491960108280182,1
209-9,209,9,0,0.4491960108280182,1
209-10,209,10,0,0.4491960108280182,1
209-11,209,11,0,0.4491960108280182,1
209-12,209,12,0,0.4491960108280182,1
210-0,210,0,0,0.3167350888252258,1
210-1,210,1,1,0.6832649111747742,1
210-2,210,2,1,0.6832649111747742,1
210-3,210,3,0,0.3167350888252258,1
210-4,210,4,0,0.3167350888252258,1
210-5,210,5,0,0.3167350888252258,1
210-6,210,6,0,0.3167350888252258,1
210-7,210,7,0,0.3167350888252258,1
210-8,210,8,1,0.6832649111747742,1
210-9,210,9,0,0.3167350888252258,1
210-10,210,10,1,0.6832649111747742,1
210-11,210,11,1,0.6832649111747742,1
210-12,210,12,1,0.6832649111747742,1
211-0,211,0,1,0.899701714515686,4
211-1,211,1,1,0.899701714515686,4
211-2,211,2,1,0.899701714515686,4
211-3,211,3,1,0.899701714515686,4
211-4,211,4,1,0.899701714515686,4
211-5,211,5,0,0.1002982854843139,4
211-6,211,6,1,0.899701714515686,4
211-7,211,7,1,0.899701714515686,4
211-8,211,8,1,0.899701714515686,4
211-9,211,9,1,0.899701714515686,4
211-10,211,10,1,0.899701714515686,4
211-11,211,11,0,0.1002982854843139,4
211-12,211,12,1,0.899701714515686,4
212-0,212,0,0,0.6297236680984497,1
212-1,212,1,0,0.6297236680984497,1
212-2,212,2,0,0.6297236680984497,1
212-3,212,3,0,0.6297236680984497,1
212-4,212,4,0,0.6297236680984497,1
212-5,212,5,1,0.3702763319015503,1
212-6,212,6,0,0.6297236680984497,1
212-7,212,7,0,0.6297236680984497,1
212-8,212,8,1,0.3702763319015503,1
212-9,212,9,0,0.6297236680984497,1
212-10,212,10,1,0.3702763319015503,1
212-11,212,11,0,0.6297236680984497,1
212-12,212,12,0,0.6297236680984497,1
213-0,213,0,1,0.1061007380485534,4
213-1,213,1,1,0.1061007380485534,4
213-2,213,2,1,0.1061007380485534,4
213-3,213,3,1,0.1061007380485534,4
213-4,213,4,1,0.1061007380485534,4
213-5,213,5,1,0.1061007380485534,4
213-6,213,6,1,0.1061007380485534,4
213-7,213,7,1,0.1061007380485534,4
213-8,213,8,1,0.1061007380485534,4
213-9,213,9,1,0.1061007380485534,4
213-10,213,10,1,0.1061007380485534,4
213-11,213,11,1,0.1061007380485534,4
213-12,213,12,1,0.1061007380485534,4
214-0,214,0,0,0.2573389410972595,3
214-1,214,1,0,0.2573389410972595,3
214-2,214,2,0,0.2573389410972595,3
214-3,214,3,0,0.2573389410972595,3
214-4,214,4,0,0.2573389410972595,3
214-5,214,5,0,0.2573389410972595,3
214-6,214,6,0,0.2573389410972595,3
214-7,214,7,0,0.2573389410972595,3
214-8,214,8,0,0.2573389410972595,3
214-9,214,9,0,0.2573389410972595,3
214-10,214,10,0,0.2573389410972595,3
214-11,214,11,0,0.2573389410972595,3
214-12,214,12,0,0.2573389410972595,3
215-0,215,0,0,0.2262121737003326,1
215-1,215,1,0,0.2262121737003326,1
215-2,215,2,0,0.2262121737003326,1
215-3,215,3,0,0.2262121737003326,1
215-4,215,4,0,0.2262121737003326,1
215-5,215,5,0,0.2262121737003326,1
215-6,215,6,0,0.2262121737003326,1
215-7,215,7,0,0.2262121737003326,1
215-8,215,8,0,0.2262121737003326,1
215-9,215,9,0,0.2262121737003326,1
215-10,215,10,0,0.2262121737003326,1
215-11,215,11,0,0.2262121737003326,1
215-12,215,12,0,0.2262121737003326,1
216-0,216,0,0,0.1250892579555511,1
216-1,216,1,0,0.1250892579555511,1
216-2,216,2,0,0.1250892579555511,1
216-3,216,3,0,0.1250892579555511,1
216-4,216,4,0,0.1250892579555511,1
216-5,216,5,0,0.1250892579555511,1
216-6,216,6,0,0.1250892579555511,1
216-7,216,7,0,0.1250892579555511,1
216-8,216,8,0,0.1250892579555511,1
216-9,216,9,0,0.1250892579555511,1
216-10,216,10,0,0.1250892579555511,1
216-11,216,11,0,0.1250892579555511,1
216-12,216,12,0,0.1250892579555511,1
217-0,217,0,0,0.646073967218399,2
217-1,217,1,0,0.646073967218399,2
217-2,217,2,0,0.646073967218399,2
217-3,217,3,0,0.646073967218399,2
217-4,217,4,0,0.646073967218399,2
217-5,217,5,0,0.646073967218399,2
217-6,217,6,0,0.646073967218399,2
217-7,217,7,0,0.646073967218399,2
217-8,217,8,0,0.646073967218399,2
217-9,217,9,0,0.646073967218399,2
217-10,217,10,0,0.646073967218399,2
217-11,217,11,0,0.646073967218399,2
217-12,217,12,0,0.646073967218399,2
218-0,218,0,0,0.1505060195922851,1
218-1,218,1,0,0.1505060195922851,1
218-2,218,2,0,0.1505060195922851,1
218-3,218,3,0,0.1505060195922851,1
218-4,218,4,0,0.1505060195922851,1
218-5,218,5,0,0.1505060195922851,1
218-6,218,6,0,0.1505060195922851,1
218-7,218,7,0,0.1505060195922851,1
218-8,218,8,0,0.1505060195922851,1
218-9,218,9,0,0.1505060195922851,1
218-10,218,10,0,0.1505060195922851,1
218-11,218,11,0,0.1505060195922851,1
218-12,218,12,0,0.1505060195922851,1
219-0,219,0,0,0.1185010075569152,2
219-1,219,1,0,0.1185010075569152,2
219-2,219,2,0,0.1185010075569152,2
219-3,219,3,0,0.1185010075569152,2
219-4,219,4,0,0.1185010075569152,2
219-5,219,5,0,0.1185010075569152,2
219-6,219,6,0,0.1185010075569152,2
219-7,219,7,0,0.1185010075569152,2
219-8,219,8,0,0.1185010075569152,2
219-9,219,9,0,0.1185010075569152,2
219-10,219,10,0,0.1185010075569152,2
219-11,219,11,0,0.1185010075569152,2
219-12,219,12,0,0.1185010075569152,2
220-0,220,0,1,0.1087959706783294,2
220-1,220,1,0,0.8912040293216706,2
220-2,220,2,1,0.1087959706783294,2
220-3,220,3,1,0.1087959706783294,2
220-4,220,4,0,0.8912040293216706,2
220-5,220,5,0,0.8912040293216706,2
220-6,220,6,0,0.8912040293216706,2
220-7,220,7,0,0.8912040293216706,2
220-8,220,8,0,0.8912040293216706,2
220-9,220,9,0,0.8912040293216706,2
220-10,220,10,1,0.1087959706783294,2
220-11,220,11,1,0.1087959706783294,2
220-12,220,12,1,0.1087959706783294,2
221-0,221,0,0,0.750176727771759,4
221-1,221,1,0,0.750176727771759,4
221-2,221,2,1,0.2498232722282409,4
221-3,221,3,0,0.750176727771759,4
221-4,221,4,0,0.750176727771759,4
221-5,221,5,1,0.2498232722282409,4
221-6,221,6,0,0.750176727771759,4
221-7,221,7,0,0.750176727771759,4
221-8,221,8,0,0.750176727771759,4
221-9,221,9,1,0.2498232722282409,4
221-10,221,10,0,0.750176727771759,4
221-11,221,11,0,0.750176727771759,4
221-12,221,12,0,0.750176727771759,4
222-0,222,0,1,0.7736619114875793,4
222-1,222,1,1,0.7736619114875793,4
222-2,222,2,1,0.7736619114875793,4
222-3,222,3,1,0.7736619114875793,4
222-4,222,4,1,0.7736619114875793,4
222-5,222,5,0,0.2263380885124206,4
222-6,222,6,1,0.7736619114875793,4
222-7,222,7,1,0.7736619114875793,4
222-8,222,8,1,0.7736619114875793,4
222-9,222,9,1,0.7736619114875793,4
222-10,222,10,1,0.7736619114875793,4
222-11,222,11,1,0.7736619114875793,4
222-12,222,12,1,0.7736619114875793,4
223-0,223,0,0,0.925922580063343,3
223-1,223,1,0,0.925922580063343,3
223-2,223,2,0,0.925922580063343,3
223-3,223,3,0,0.925922580063343,3
223-4,223,4,0,0.925922580063343,3
223-5,223,5,0,0.925922580063343,3
223-6,223,6,1,0.0740774199366569,3
223-7,223,7,0,0.925922580063343,3
223-8,223,8,1,0.0740774199366569,3
223-9,223,9,1,0.0740774199366569,3
223-10,223,10,0,0.925922580063343,3
223-11,223,11,1,0.0740774199366569,3
223-12,223,12,0,0.925922580063343,3
224-0,224,0,0,0.3952086567878723,4
224-1,224,1,0,0.3952086567878723,4
224-2,224,2,0,0.3952086567878723,4
224-3,224,3,0,0.3952086567878723,4
224-4,224,4,0,0.3952086567878723,4
224-5,224,5,0,0.3952086567878723,4
224-6,224,6,0,0.3952086567878723,4
224-7,224,7,0,0.3952086567878723,4
224-8,224,8,0,0.3952086567878723,4
224-9,224,9,0,0.3952086567878723,4
224-10,224,10,0,0.3952086567878723,4
224-11,224,11,0,0.3952086567878723,4
224-12,224,12,0,0.3952086567878723,4
225-0,225,0,0,0.0512029454112052,2
225-1,225,1,0,0.0512029454112052,2
225-2,225,2,0,0.0512029454112052,2
225-3,225,3,0,0.0512029454112052,2
225-4,225,4,0,0.0512029454112052,2
225-5,225,5,0,0.0512029454112052,2
225-6,225,6,0,0.0512029454112052,2
225-7,225,7,0,0.0512029454112052,2
225-8,225,8,0,0.0512029454112052,2
225-9,225,9,0,0.0512029454112052,2
225-10,225,10,0,0.0512029454112052,2
225-11,225,11,0,0.0512029454112052,2
225-12,225,12,0,0.0512029454112052,2
226-0,226,0,0,0.1613178551197052,3
226-1,226,1,0,0.1613178551197052,3
226-2,226,2,0,0.1613178551197052,3
226-3,226,3,0,0.1613178551197052,3
226-4,226,4,0,0.1613178551197052,3
226-5,226,5,0,0.1613178551197052,3
226-6,226,6,0,0.1613178551197052,3
226-7,226,7,0,0.1613178551197052,3
226-8,226,8,0,0.1613178551197052,3
226-9,226,9,0,0.1613178551197052,3
226-10,226,10,0,0.1613178551197052,3
226-11,226,11,0,0.1613178551197052,3
226-12,226,12,0,0.1613178551197052,3
227-0,227,0,0,0.1743381023406982,2
227-1,227,1,0,0.1743381023406982,2
227-2,227,2,0,0.1743381023406982,2
227-3,227,3,0,0.1743381023406982,2
227-4,227,4,0,0.1743381023406982,2
227-5,227,5,1,0.8256618976593018,2
227-6,227,6,0,0.1743381023406982,2
227-7,227,7,0,0.1743381023406982,2
227-8,227,8,1,0.8256618976593018,2
227-9,227,9,0,0.1743381023406982,2
227-10,227,10,0,0.1743381023406982,2
227-11,227,11,0,0.1743381023406982,2
227-12,227,12,0,0.1743381023406982,2
228-0,228,0,1,0.8108063489198685,2
228-1,228,1,0,0.1891936510801315,2
228-2,228,2,1,0.8108063489198685,2
228-3,228,3,1,0.8108063489198685,2
228-4,228,4,1,0.8108063489198685,2
228-5,228,5,0,0.1891936510801315,2
228-6,228,6,1,0.8108063489198685,2
228-7,228,7,0,0.1891936510801315,2
228-8,228,8,0,0.1891936510801315,2
228-9,228,9,0,0.1891936510801315,2
228-10,228,10,1,0.8108063489198685,2
228-11,228,11,0,0.1891936510801315,2
228-12,228,12,0,0.1891936510801315,2
229-0,229,0,1,0.91262885928154,3
229-1,229,1,0,0.08737114071846,3
229-2,229,2,0,0.08737114071846,3
229-3,229,3,0,0.08737114071846,3
229-4,229,4,1,0.91262885928154,3
229-5,229,5,1,0.91262885928154,3
229-6,229,6,0,0.08737114071846,3
229-7,229,7,0,0.08737114071846,3
229-8,229,8,0,0.08737114071846,3
229-9,229,9,0,0.08737114071846,3
229-10,229,10,0,0.08737114071846,3
229-11,229,11,0,0.08737114071846,3
229-12,229,12,0,0.08737114071846,3
230-0,230,0,0,0.1136473417282104,4
230-1,230,1,0,0.1136473417282104,4
230-2,230,2,0,0.1136473417282104,4
230-3,230,3,0,0.1136473417282104,4
230-4,230,4,0,0.1136473417282104,4
230-5,230,5,0,0.1136473417282104,4
230-6,230,6,0,0.1136473417282104,4
230-7,230,7,0,0.1136473417282104,4
230-8,230,8,0,0.1136473417282104,4
230-9,230,9,0,0.1136473417282104,4
230-10,230,10,0,0.1136473417282104,4
230-11,230,11,0,0.1136473417282104,4
230-12,230,12,0,0.1136473417282104,4
231-0,231,0,0,0.090836763381958,1
231-1,231,1,0,0.090836763381958,1
231-2,231,2,0,0.090836763381958,1
231-3,231,3,0,0.090836763381958,1
231-4,231,4,0,0.090836763381958,1
231-5,231,5,0,0.090836763381958,1
231-6,231,6,0,0.090836763381958,1
231-7,231,7,0,0.090836763381958,1
231-8,231,8,0,0.090836763381958,1
231-9,231,9,0,0.090836763381958,1
231-10,231,10,0,0.090836763381958,1
231-11,231,11,1,0.909163236618042,1
231-12,231,12,0,0.090836763381958,1
232-0,232,0,0,0.2222864031791687,2
232-1,232,1,0,0.2222864031791687,2
232-2,232,2,0,0.2222864031791687,2
232-3,232,3,0,0.2222864031791687,2
232-4,232,4,0,0.2222864031791687,2
232-5,232,5,0,0.2222864031791687,2
232-6,232,6,0,0.2222864031791687,2
232-7,232,7,0,0.2222864031791687,2
232-8,232,8,0,0.2222864031791687,2
232-9,232,9,0,0.2222864031791687,2
232-10,232,10,0,0.2222864031791687,2
232-11,232,11,0,0.2222864031791687,2
232-12,232,12,0,0.2222864031791687,2
233-0,233,0,0,0.9064502716064454,5
233-1,233,1,0,0.9064502716064454,5
233-2,233,2,0,0.9064502716064454,5
233-3,233,3,0,0.9064502716064454,5
233-4,233,4,0,0.9064502716064454,5
233-5,233,5,0,0.9064502716064454,5
233-6,233,6,0,0.9064502716064454,5
233-7,233,7,0,0.9064502716064454,5
233-8,233,8,0,0.9064502716064454,5
233-9,233,9,0,0.9064502716064454,5
233-10,233,10,0,0.9064502716064454,5
233-11,233,11,0,0.9064502716064454,5
233-12,233,12,0,0.9064502716064454,5
234-0,234,0,0,0.0404616147279739,3
234-1,234,1,0,0.0404616147279739,3
234-2,234,2,0,0.0404616147279739,3
234-3,234,3,0,0.0404616147279739,3
234-4,234,4,0,0.0404616147279739,3
234-5,234,5,0,0.0404616147279739,3
234-6,234,6,0,0.0404616147279739,3
234-7,234,7,0,0.0404616147279739,3
234-8,234,8,0,0.0404616147279739,3
234-9,234,9,0,0.0404616147279739,3
234-10,234,10,0,0.0404616147279739,3
234-11,234,11,1,0.959538385272026,3
234-12,234,12,0,0.0404616147279739,3
235-0,235,0,0,0.5093517005443573,3
235-1,235,1,0,0.5093517005443573,3
235-2,235,2,0,0.5093517005443573,3
235-3,235,3,0,0.5093517005443573,3
235-4,235,4,0,0.5093517005443573,3
235-5,235,5,0,0.5093517005443573,3
235-6,235,6,0,0.5093517005443573,3
235-7,235,7,0,0.5093517005443573,3
235-8,235,8,0,0.5093517005443573,3
235-9,235,9,0,0.5093517005443573,3
235-10,235,10,0,0.5093517005443573,3
235-11,235,11,0,0.5093517005443573,3
235-12,235,12,0,0.5093517005443573,3
236-0,236,0,1,0.2143891900777816,3
236-1,236,1,1,0.2143891900777816,3
236-2,236,2,1,0.2143891900777816,3
236-3,236,3,1,0.2143891900777816,3
236-4,236,4,1,0.2143891900777816,3
236-5,236,5,1,0.2143891900777816,3
236-6,236,6,1,0.2143891900777816,3
236-7,236,7,1,0.2143891900777816,3
236-8,236,8,1,0.2143891900777816,3
236-9,236,9,1,0.2143891900777816,3
236-10,236,10,1,0.2143891900777816,3
236-11,236,11,1,0.2143891900777816,3
236-12,236,12,1,0.2143891900777816,3
237-0,237,0,0,0.5846384763717651,1
237-1,237,1,0,0.5846384763717651,1
237-2,237,2,0,0.5846384763717651,1
237-3,237,3,0,0.5846384763717651,1
237-4,237,4,0,0.5846384763717651,1
237-5,237,5,0,0.5846384763717651,1
237-6,237,6,0,0.5846384763717651,1
237-7,237,7,0,0.5846384763717651,1
237-8,237,8,0,0.5846384763717651,1
237-9,237,9,0,0.5846384763717651,1
237-10,237,10,0,0.5846384763717651,1
237-11,237,11,0,0.5846384763717651,1
237-12,237,12,0,0.5846384763717651,1
238-0,238,0,1,0.9910532729700208,2
238-1,238,1,0,0.0089467270299792,2
238-2,238,2,1,0.9910532729700208,2
238-3,238,3,0,0.0089467270299792,2
238-4,238,4,0,0.0089467270299792,2
238-5,238,5,1,0.9910532729700208,2
238-6,238,6,0,0.0089467270299792,2
238-7,238,7,0,0.0089467270299792,2
238-8,238,8,0,0.0089467270299792,2
238-9,238,9,0,0.0089467270299792,2
238-10,238,10,0,0.0089467270299792,2
238-11,238,11,0,0.0089467270299792,2
238-12,238,12,0,0.0089467270299792,2
239-0,239,0,1,0.4856132864952087,4
239-1,239,1,1,0.4856132864952087,4
239-2,239,2,1,0.4856132864952087,4
239-3,239,3,1,0.4856132864952087,4
239-4,239,4,0,0.5143867135047913,4
239-5,239,5,0,0.5143867135047913,4
239-6,239,6,1,0.4856132864952087,4
239-7,239,7,0,0.5143867135047913,4
239-8,239,8,0,0.5143867135047913,4
239-9,239,9,0,0.5143867135047913,4
239-10,239,10,0,0.5143867135047913,4
239-11,239,11,1,0.4856132864952087,4
239-12,239,12,1,0.4856132864952087,4
240-0,240,0,0,0.8015216588973999,1
240-1,240,1,0,0.8015216588973999,1
240-2,240,2,0,0.8015216588973999,1
240-3,240,3,0,0.8015216588973999,1
240-4,240,4,0,0.8015216588973999,1
240-5,240,5,0,0.8015216588973999,1
240-6,240,6,0,0.8015216588973999,1
240-7,240,7,0,0.8015216588973999,1
240-8,240,8,0,0.8015216588973999,1
240-9,240,9,0,0.8015216588973999,1
240-10,240,10,0,0.8015216588973999,1
240-11,240,11,0,0.8015216588973999,1
240-12,240,12,0,0.8015216588973999,1
241-0,241,0,0,0.0040547251701356,5
241-1,241,1,0,0.0040547251701356,5
241-2,241,2,0,0.0040547251701356,5
241-3,241,3,0,0.0040547251701356,5
241-4,241,4,0,0.0040547251701356,5
241-5,241,5,0,0.0040547251701356,5
241-6,241,6,0,0.0040547251701356,5
241-7,241,7,0,0.0040547251701356,5
241-8,241,8,0,0.0040547251701356,5
241-9,241,9,0,0.0040547251701356,5
241-10,241,10,0,0.0040547251701356,5
241-11,241,11,0,0.0040547251701356,5
241-12,241,12,0,0.0040547251701356,5
242-0,242,0,0,0.9907667525112628,5
242-1,242,1,0,0.9907667525112628,5
242-2,242,2,0,0.9907667525112628,5
242-3,242,3,0,0.9907667525112628,5
242-4,242,4,0,0.9907667525112628,5
242-5,242,5,1,0.0092332474887371,5
242-6,242,6,0,0.9907667525112628,5
242-7,242,7,0,0.9907667525112628,5
242-8,242,8,0,0.9907667525112628,5
242-9,242,9,0,0.9907667525112628,5
242-10,242,10,0,0.9907667525112628,5
242-11,242,11,0,0.9907667525112628,5
242-12,242,12,0,0.9907667525112628,5
243-0,243,0,0,0.9581394717097284,5
243-1,243,1,0,0.9581394717097284,5
243-2,243,2,0,0.9581394717097284,5
243-3,243,3,0,0.9581394717097284,5
243-4,243,4,0,0.9581394717097284,5
243-5,243,5,0,0.9581394717097284,5
243-6,243,6,1,0.0418605282902717,5
243-7,243,7,0,0.9581394717097284,5
243-8,243,8,0,0.9581394717097284,5
243-9,243,9,0,0.9581394717097284,5
243-10,243,10,0,0.9581394717097284,5
243-11,243,11,0,0.9581394717097284,5
243-12,243,12,0,0.9581394717097284,5
244-0,244,0,0,0.2693410813808441,1
244-1,244,1,1,0.7306589186191559,1
244-2,244,2,0,0.2693410813808441,1
244-3,244,3,0,0.2693410813808441,1
244-4,244,4,0,0.2693410813808441,1
244-5,244,5,0,0.2693410813808441,1
244-6,244,6,0,0.2693410813808441,1
244-7,244,7,0,0.2693410813808441,1
244-8,244,8,0,0.2693410813808441,1
244-9,244,9,0,0.2693410813808441,1
244-10,244,10,0,0.2693410813808441,1
244-11,244,11,0,0.2693410813808441,1
244-12,244,12,0,0.2693410813808441,1
245-0,245,0,1,0.5019106268882751,5
245-1,245,1,1,0.5019106268882751,5
245-2,245,2,1,0.5019106268882751,5
245-3,245,3,1,0.5019106268882751,5
245-4,245,4,0,0.4980893731117248,5
245-5,245,5,1,0.5019106268882751,5
245-6,245,6,0,0.4980893731117248,5
245-7,245,7,0,0.4980893731117248,5
245-8,245,8,1,0.5019106268882751,5
245-9,245,9,0,0.4980893731117248,5
245-10,245,10,1,0.5019106268882751,5
245-11,245,11,0,0.4980893731117248,5
245-12,245,12,1,0.5019106268882751,5
246-0,246,0,0,0.8524395227432251,5
246-1,246,1,1,0.1475604772567749,5
246-2,246,2,1,0.1475604772567749,5
246-3,246,3,1,0.1475604772567749,5
246-4,246,4,0,0.8524395227432251,5
246-5,246,5,0,0.8524395227432251,5
246-6,246,6,1,0.1475604772567749,5
246-7,246,7,0,0.8524395227432251,5
246-8,246,8,1,0.1475604772567749,5
246-9,246,9,0,0.8524395227432251,5
246-10,246,10,1,0.1475604772567749,5
246-11,246,11,1,0.1475604772567749,5
246-12,246,12,1,0.1475604772567749,5
247-0,247,0,0,0.2077724039554596,4
247-1,247,1,0,0.2077724039554596,4
247-2,247,2,0,0.2077724039554596,4
247-3,247,3,0,0.2077724039554596,4
247-4,247,4,0,0.2077724039554596,4
247-5,247,5,0,0.2077724039554596,4
247-6,247,6,0,0.2077724039554596,4
247-7,247,7,0,0.2077724039554596,4
247-8,247,8,0,0.2077724039554596,4
247-9,247,9,0,0.2077724039554596,4
247-10,247,10,0,0.2077724039554596,4
247-11,247,11,0,0.2077724039554596,4
247-12,247,12,0,0.2077724039554596,4
248-0,248,0,1,0.8536773771047593,2
248-1,248,1,1,0.8536773771047593,2
248-2,248,2,0,0.1463226228952407,2
248-3,248,3,0,0.1463226228952407,2
248-4,248,4,0,0.1463226228952407,2
248-5,248,5,0,0.1463226228952407,2
248-6,248,6,0,0.1463226228952407,2
248-7,248,7,0,0.1463226228952407,2
248-8,248,8,0,0.1463226228952407,2
248-9,248,9,0,0.1463226228952407,2
248-10,248,10,0,0.1463226228952407,2
248-11,248,11,0,0.1463226228952407,2
248-12,248,12,0,0.1463226228952407,2
249-0,249,0,0,0.7393282651901245,3
249-1,249,1,0,0.7393282651901245,3
249-2,249,2,0,0.7393282651901245,3
249-3,249,3,0,0.7393282651901245,3
249-4,249,4,0,0.7393282651901245,3
249-5,249,5,0,0.7393282651901245,3
249-6,249,6,0,0.7393282651901245,3
249-7,249,7,0,0.7393282651901245,3
249-8,249,8,0,0.7393282651901245,3
249-9,249,9,0,0.7393282651901245,3
249-10,249,10,0,0.7393282651901245,3
249-11,249,11,0,0.7393282651901245,3
249-12,249,12,0,0.7393282651901245,3
250-0,250,0,1,0.9395624361932278,3
250-1,250,1,1,0.9395624361932278,3
250-2,250,2,0,0.0604375638067722,3
250-3,250,3,1,0.9395624361932278,3
250-4,250,4,1,0.9395624361932278,3
250-5,250,5,0,0.0604375638067722,3
250-6,250,6,0,0.0604375638067722,3
250-7,250,7,1,0.9395624361932278,3
250-8,250,8,1,0.9395624361932278,3
250-9,250,9,1,0.9395624361932278,3
250-10,250,10,1,0.9395624361932278,3
250-11,250,11,1,0.9395624361932278,3
250-12,250,12,1,0.9395624361932278,3
251-0,251,0,0,0.2196937203407287,4
251-1,251,1,0,0.2196937203407287,4
251-2,251,2,0,0.2196937203407287,4
251-3,251,3,1,0.7803062796592712,4
251-4,251,4,0,0.2196937203407287,4
251-5,251,5,0,0.2196937203407287,4
251-6,251,6,0,0.2196937203407287,4
251-7,251,7,0,0.2196937203407287,4
251-8,251,8,0,0.2196937203407287,4
251-9,251,9,0,0.2196937203407287,4
251-10,251,10,0,0.2196937203407287,4
251-11,251,11,0,0.2196937203407287,4
251-12,251,12,0,0.2196937203407287,4
252-0,252,0,0,0.1485012769699096,5
252-1,252,1,0,0.1485012769699096,5
252-2,252,2,0,0.1485012769699096,5
252-3,252,3,0,0.1485012769699096,5
252-4,252,4,0,0.1485012769699096,5
252-5,252,5,1,0.8514987230300903,5
252-6,252,6,0,0.1485012769699096,5
252-7,252,7,1,0.8514987230300903,5
252-8,252,8,0,0.1485012769699096,5
252-9,252,9,0,0.1485012769699096,5
252-10,252,10,0,0.1485012769699096,5
252-11,252,11,0,0.1485012769699096,5
252-12,252,12,0,0.1485012769699096,5
253-0,253,0,0,0.1261703968048095,3
253-1,253,1,0,0.1261703968048095,3
253-2,253,2,0,0.1261703968048095,3
253-3,253,3,0,0.1261703968048095,3
253-4,253,4,0,0.1261703968048095,3
253-5,253,5,0,0.1261703968048095,3
253-6,253,6,0,0.1261703968048095,3
253-7,253,7,0,0.1261703968048095,3
253-8,253,8,0,0.1261703968048095,3
253-9,253,9,0,0.1261703968048095,3
253-10,253,10,0,0.1261703968048095,3
253-11,253,11,0,0.1261703968048095,3
253-12,253,12,0,0.1261703968048095,3
254-0,254,0,0,0.0019806779455393,5
254-1,254,1,0,0.0019806779455393,5
254-2,254,2,0,0.0019806779455393,5
254-3,254,3,0,0.0019806779455393,5
254-4,254,4,0,0.0019806779455393,5
254-5,254,5,0,0.0019806779455393,5
254-6,254,6,0,0.0019806779455393,5
254-7,254,7,0,0.0019806779455393,5
254-8,254,8,0,0.0019806779455393,5
254-9,254,9,0,0.0019806779455393,5
254-10,254,10,0,0.0019806779455393,5
254-11,254,11,0,0.0019806779455393,5
254-12,254,12,0,0.0019806779455393,5
255-0,255,0,0,0.1694652438163757,1
255-1,255,1,0,0.1694652438163757,1
255-2,255,2,0,0.1694652438163757,1
255-3,255,3,0,0.1694652438163757,1
255-4,255,4,0,0.1694652438163757,1
255-5,255,5,0,0.1694652438163757,1
255-6,255,6,0,0.1694652438163757,1
255-7,255,7,0,0.1694652438163757,1
255-8,255,8,0,0.1694652438163757,1
255-9,255,9,0,0.1694652438163757,1
255-10,255,10,0,0.1694652438163757,1
255-11,255,11,0,0.1694652438163757,1
255-12,255,12,1,0.8305347561836243,1
256-0,256,0,0,0.8085181713104248,3
256-1,256,1,0,0.8085181713104248,3
256-2,256,2,1,0.1914818286895752,3
256-3,256,3,1,0.1914818286895752,3
256-4,256,4,0,0.8085181713104248,3
256-5,256,5,1,0.1914818286895752,3
256-6,256,6,1,0.1914818286895752,3
256-7,256,7,1,0.1914818286895752,3
256-8,256,8,1,0.1914818286895752,3
256-9,256,9,1,0.1914818286895752,3
256-10,256,10,0,0.8085181713104248,3
256-11,256,11,1,0.1914818286895752,3
256-12,256,12,0,0.8085181713104248,3
257-0,257,0,0,0.9017021656036376,3
257-1,257,1,0,0.9017021656036376,3
257-2,257,2,0,0.9017021656036376,3
257-3,257,3,0,0.9017021656036376,3
257-4,257,4,0,0.9017021656036376,3
257-5,257,5,0,0.9017021656036376,3
257-6,257,6,0,0.9017021656036376,3
257-7,257,7,0,0.9017021656036376,3
257-8,257,8,0,0.9017021656036376,3
257-9,257,9,0,0.9017021656036376,3
257-10,257,10,0,0.9017021656036376,3
257-11,257,11,0,0.9017021656036376,3
257-12,257,12,0,0.9017021656036376,3
258-0,258,0,1,0.988526985049248,5
258-1,258,1,0,0.0114730149507522,5
258-2,258,2,0,0.0114730149507522,5
258-3,258,3,0,0.0114730149507522,5
258-4,258,4,0,0.0114730149507522,5
258-5,258,5,0,0.0114730149507522,5
258-6,258,6,1,0.988526985049248,5
258-7,258,7,0,0.0114730149507522,5
258-8,258,8,0,0.0114730149507522,5
258-9,258,9,1,0.988526985049248,5
258-10,258,10,0,0.0114730149507522,5
258-11,258,11,0,0.0114730149507522,5
258-12,258,12,0,0.0114730149507522,5
259-0,259,0,0,0.3398547768592834,1
259-1,259,1,0,0.3398547768592834,1
259-2,259,2,0,0.3398547768592834,1
259-3,259,3,0,0.3398547768592834,1
259-4,259,4,0,0.3398547768592834,1
259-5,259,5,0,0.3398547768592834,1
259-6,259,6,0,0.3398547768592834,1
259-7,259,7,0,0.3398547768592834,1
259-8,259,8,0,0.3398547768592834,1
259-9,259,9,0,0.3398547768592834,1
259-10,259,10,0,0.3398547768592834,1
259-11,259,11,0,0.3398547768592834,1
259-12,259,12,0,0.3398547768592834,1
260-0,260,0,0,0.0454849004745484,3
260-1,260,1,0,0.0454849004745484,3
260-2,260,2,0,0.0454849004745484,3
260-3,260,3,0,0.0454849004745484,3
260-4,260,4,0,0.0454849004745484,3
260-5,260,5,0,0.0454849004745484,3
260-6,260,6,0,0.0454849004745484,3
260-7,260,7,0,0.0454849004745484,3
260-8,260,8,0,0.0454849004745484,3
260-9,260,9,0,0.0454849004745484,3
260-10,260,10,1,0.9545150995254515,3
260-11,260,11,0,0.0454849004745484,3
260-12,260,12,0,0.0454849004745484,3
261-0,261,0,1,0.8877734690904618,3
261-1,261,1,0,0.1122265309095382,3
261-2,261,2,0,0.1122265309095382,3
261-3,261,3,0,0.1122265309095382,3
261-4,261,4,0,0.1122265309095382,3
261-5,261,5,0,0.1122265309095382,3
261-6,261,6,0,0.1122265309095382,3
261-7,261,7,0,0.1122265309095382,3
261-8,261,8,0,0.1122265309095382,3
261-9,261,9,0,0.1122265309095382,3
261-10,261,10,0,0.1122265309095382,3
261-11,261,11,0,0.1122265309095382,3
261-12,261,12,0,0.1122265309095382,3
262-0,262,0,1,0.9998271094082156,5
262-1,262,1,1,0.9998271094082156,5
262-2,262,2,1,0.9998271094082156,5
262-3,262,3,1,0.9998271094082156,5
262-4,262,4,1,0.9998271094082156,5
262-5,262,5,0,0.0001728905917843,5
262-6,262,6,0,0.0001728905917843,5
262-7,262,7,1,0.9998271094082156,5
262-8,262,8,0,0.0001728905917843,5
262-9,262,9,0,0.0001728905917843,5
262-10,262,10,1,0.9998271094082156,5
262-11,262,11,1,0.9998271094082156,5
262-12,262,12,0,0.0001728905917843,5
263-0,263,0,0,0.2115582823753357,4
263-1,263,1,0,0.2115582823753357,4
263-2,263,2,0,0.2115582823753357,4
263-3,263,3,0,0.2115582823753357,4
263-4,263,4,0,0.2115582823753357,4
263-5,263,5,0,0.2115582823753357,4
263-6,263,6,0,0.2115582823753357,4
263-7,263,7,0,0.2115582823753357,4
263-8,263,8,0,0.2115582823753357,4
263-9,263,9,0,0.2115582823753357,4
263-10,263,10,0,0.2115582823753357,4
263-11,263,11,0,0.2115582823753357,4
263-12,263,12,0,0.2115582823753357,4
264-0,264,0,1,0.7635767459869385,4
264-1,264,1,0,0.2364232540130615,4
264-2,264,2,1,0.7635767459869385,4
264-3,264,3,1,0.7635767459869385,4
264-4,264,4,1,0.7635767459869385,4
264-5,264,5,1,0.7635767459869385,4
264-6,264,6,1,0.7635767459869385,4
264-7,264,7,1,0.7635767459869385,4
264-8,264,8,1,0.7635767459869385,4
264-9,264,9,1,0.7635767459869385,4
264-10,264,10,1,0.7635767459869385,4
264-11,264,11,1,0.7635767459869385,4
264-12,264,12,1,0.7635767459869385,4
265-0,265,0,0,0.1218553781509399,3
265-1,265,1,0,0.1218553781509399,3
265-2,265,2,1,0.8781446218490601,3
265-3,265,3,0,0.1218553781509399,3
265-4,265,4,0,0.1218553781509399,3
265-5,265,5,0,0.1218553781509399,3
265-6,265,6,0,0.1218553781509399,3
265-7,265,7,0,0.1218553781509399,3
265-8,265,8,0,0.1218553781509399,3
265-9,265,9,0,0.1218553781509399,3
265-10,265,10,0,0.1218553781509399,3
265-11,265,11,0,0.1218553781509399,3
265-12,265,12,0,0.1218553781509399,3
266-0,266,0,0,0.0016827583312988,5
266-1,266,1,0,0.0016827583312988,5
266-2,266,2,0,0.0016827583312988,5
266-3,266,3,1,0.9983172416687012,5
266-4,266,4,1,0.9983172416687012,5
266-5,266,5,0,0.0016827583312988,5
266-6,266,6,1,0.9983172416687012,5
266-7,266,7,0,0.0016827583312988,5
266-8,266,8,1,0.9983172416687012,5
266-9,266,9,0,0.0016827583312988,5
266-10,266,10,1,0.9983172416687012,5
266-11,266,11,1,0.9983172416687012,5
266-12,266,12,0,0.0016827583312988,5
267-0,267,0,0,0.5348856449127197,5
267-1,267,1,0,0.5348856449127197,5
267-2,267,2,0,0.5348856449127197,5
267-3,267,3,0,0.5348856449127197,5
267-4,267,4,0,0.5348856449127197,5
267-5,267,5,0,0.5348856449127197,5
267-6,267,6,1,0.4651143550872803,5
267-7,267,7,0,0.5348856449127197,5
267-8,267,8,0,0.5348856449127197,5
267-9,267,9,0,0.5348856449127197,5
267-10,267,10,0,0.5348856449127197,5
267-11,267,11,0,0.5348856449127197,5
267-12,267,12,0,0.5348856449127197,5
268-0,268,0,0,0.0908440053462982,3
268-1,268,1,0,0.0908440053462982,3
268-2,268,2,0,0.0908440053462982,3
268-3,268,3,0,0.0908440053462982,3
268-4,268,4,0,0.0908440053462982,3
268-5,268,5,0,0.0908440053462982,3
268-6,268,6,0,0.0908440053462982,3
268-7,268,7,0,0.0908440053462982,3
268-8,268,8,0,0.0908440053462982,3
268-9,268,9,0,0.0908440053462982,3
268-10,268,10,0,0.0908440053462982,3
268-11,268,11,0,0.0908440053462982,3
268-12,268,12,0,0.0908440053462982,3
269-0,269,0,0,0.1703820973634719,3
269-1,269,1,0,0.1703820973634719,3
269-2,269,2,0,0.1703820973634719,3
269-3,269,3,0,0.1703820973634719,3
269-4,269,4,1,0.8296179026365281,3
269-5,269,5,0,0.1703820973634719,3
269-6,269,6,0,0.1703820973634719,3
269-7,269,7,0,0.1703820973634719,3
269-8,269,8,0,0.1703820973634719,3
269-9,269,9,0,0.1703820973634719,3
269-10,269,10,0,0.1703820973634719,3
269-11,269,11,0,0.1703820973634719,3
269-12,269,12,0,0.1703820973634719,3
270-0,270,0,0,0.0339521169662475,1
270-1,270,1,0,0.0339521169662475,1
270-2,270,2,0,0.0339521169662475,1
270-3,270,3,0,0.0339521169662475,1
270-4,270,4,0,0.0339521169662475,1
270-5,270,5,0,0.0339521169662475,1
270-6,270,6,0,0.0339521169662475,1
270-7,270,7,0,0.0339521169662475,1
270-8,270,8,0,0.0339521169662475,1
270-9,270,9,0,0.0339521169662475,1
270-10,270,10,0,0.0339521169662475,1
270-11,270,11,1,0.9660478830337524,1
270-12,270,12,0,0.0339521169662475,1
271-0,271,0,0,0.6466919183731079,4
271-1,271,1,0,0.6466919183731079,4
271-2,271,2,0,0.6466919183731079,4
271-3,271,3,0,0.6466919183731079,4
271-4,271,4,0,0.6466919183731079,4
271-5,271,5,0,0.6466919183731079,4
271-6,271,6,0,0.6466919183731079,4
271-7,271,7,0,0.6466919183731079,4
271-8,271,8,0,0.6466919183731079,4
271-9,271,9,0,0.6466919183731079,4
271-10,271,10,0,0.6466919183731079,4
271-11,271,11,0,0.6466919183731079,4
271-12,271,12,0,0.6466919183731079,4
272-0,272,0,0,0.3493475914001465,2
272-1,272,1,0,0.3493475914001465,2
272-2,272,2,1,0.6506524085998535,2
272-3,272,3,0,0.3493475914001465,2
272-4,272,4,0,0.3493475914001465,2
272-5,272,5,1,0.6506524085998535,2
272-6,272,6,0,0.3493475914001465,2
272-7,272,7,1,0.6506524085998535,2
272-8,272,8,1,0.6506524085998535,2
272-9,272,9,0,0.3493475914001465,2
272-10,272,10,1,0.6506524085998535,2
272-11,272,11,1,0.6506524085998535,2
272-12,272,12,0,0.3493475914001465,2
273-0,273,0,0,0.8294312357902527,1
273-1,273,1,0,0.8294312357902527,1
273-2,273,2,0,0.8294312357902527,1
273-3,273,3,1,0.1705687642097473,1
273-4,273,4,0,0.8294312357902527,1
273-5,273,5,0,0.8294312357902527,1
273-6,273,6,0,0.8294312357902527,1
273-7,273,7,0,0.8294312357902527,1
273-8,273,8,0,0.8294312357902527,1
273-9,273,9,0,0.8294312357902527,1
273-10,273,10,0,0.8294312357902527,1
273-11,273,11,0,0.8294312357902527,1
273-12,273,12,0,0.8294312357902527,1
274-0,274,0,0,0.7006824016571045,1
274-1,274,1,0,0.7006824016571045,1
274-2,274,2,0,0.7006824016571045,1
274-3,274,3,0,0.7006824016571045,1
274-4,274,4,0,0.7006824016571045,1
274-5,274,5,0,0.7006824016571045,1
274-6,274,6,0,0.7006824016571045,1
274-7,274,7,0,0.7006824016571045,1
274-8,274,8,0,0.7006824016571045,1
274-9,274,9,0,0.7006824016571045,1
274-10,274,10,0,0.7006824016571045,1
274-11,274,11,0,0.7006824016571045,1
274-12,274,12,1,0.2993175983428955,1
275-0,275,0,1,0.9601325243711472,5
275-1,275,1,0,0.0398674756288528,5
275-2,275,2,0,0.0398674756288528,5
275-3,275,3,1,0.9601325243711472,5
275-4,275,4,1,0.9601325243711472,5
275-5,275,5,0,0.0398674756288528,5
275-6,275,6,1,0.9601325243711472,5
275-7,275,7,0,0.0398674756288528,5
275-8,275,8,0,0.0398674756288528,5
275-9,275,9,0,0.0398674756288528,5
275-10,275,10,0,0.0398674756288528,5
275-11,275,11,0,0.0398674756288528,5
275-12,275,12,0,0.0398674756288528,5
276-0,276,0,1,0.8497652411460876,1
276-1,276,1,1,0.8497652411460876,1
276-2,276,2,1,0.8497652411460876,1
276-3,276,3,1,0.8497652411460876,1
276-4,276,4,1,0.8497652411460876,1
276-5,276,5,1,0.8497652411460876,1
276-6,276,6,1,0.8497652411460876,1
276-7,276,7,1,0.8497652411460876,1
276-8,276,8,1,0.8497652411460876,1
276-9,276,9,1,0.8497652411460876,1
276-10,276,10,1,0.8497652411460876,1
276-11,276,11,1,0.8497652411460876,1
276-12,276,12,1,0.8497652411460876,1
277-0,277,0,0,0.4940878748893738,4
277-1,277,1,0,0.4940878748893738,4
277-2,277,2,0,0.4940878748893738,4
277-3,277,3,0,0.4940878748893738,4
277-4,277,4,0,0.4940878748893738,4
277-5,277,5,1,0.5059121251106262,4
277-6,277,6,0,0.4940878748893738,4
277-7,277,7,0,0.4940878748893738,4
277-8,277,8,1,0.5059121251106262,4
277-9,277,9,0,0.4940878748893738,4
277-10,277,10,0,0.4940878748893738,4
277-11,277,11,0,0.4940878748893738,4
277-12,277,12,0,0.4940878748893738,4
278-0,278,0,1,0.5558997988700867,5
278-1,278,1,0,0.4441002011299133,5
278-2,278,2,0,0.4441002011299133,5
278-3,278,3,0,0.4441002011299133,5
278-4,278,4,0,0.4441002011299133,5
278-5,278,5,1,0.5558997988700867,5
278-6,278,6,0,0.4441002011299133,5
278-7,278,7,0,0.4441002011299133,5
278-8,278,8,0,0.4441002011299133,5
278-9,278,9,0,0.4441002011299133,5
278-10,278,10,1,0.5558997988700867,5
278-11,278,11,0,0.4441002011299133,5
278-12,278,12,0,0.4441002011299133,5
279-0,279,0,0,0.0850473642349244,1
279-1,279,1,0,0.0850473642349244,1
279-2,279,2,0,0.0850473642349244,1
279-3,279,3,0,0.0850473642349244,1
279-4,279,4,0,0.0850473642349244,1
279-5,279,5,0,0.0850473642349244,1
279-6,279,6,0,0.0850473642349244,1
279-7,279,7,0,0.0850473642349244,1
279-8,279,8,0,0.0850473642349244,1
279-9,279,9,0,0.0850473642349244,1
279-10,279,10,0,0.0850473642349244,1
279-11,279,11,0,0.0850473642349244,1
279-12,279,12,0,0.0850473642349244,1
280-0,280,0,0,0.0980665683746337,3
280-1,280,1,0,0.0980665683746337,3
280-2,280,2,0,0.0980665683746337,3
280-3,280,3,0,0.0980665683746337,3
280-4,280,4,0,0.0980665683746337,3
280-5,280,5,0,0.0980665683746337,3
280-6,280,6,0,0.0980665683746337,3
280-7,280,7,0,0.0980665683746337,3
280-8,280,8,0,0.0980665683746337,3
280-9,280,9,0,0.0980665683746337,3
280-10,280,10,0,0.0980665683746337,3
280-11,280,11,0,0.0980665683746337,3
280-12,280,12,1,0.9019334316253662,3
281-0,281,0,0,0.160300076007843,4
281-1,281,1,0,0.160300076007843,4
281-2,281,2,0,0.160300076007843,4
281-3,281,3,0,0.160300076007843,4
281-4,281,4,0,0.160300076007843,4
281-5,281,5,0,0.160300076007843,4
281-6,281,6,0,0.160300076007843,4
281-7,281,7,0,0.160300076007843,4
281-8,281,8,0,0.160300076007843,4
281-9,281,9,0,0.160300076007843,4
281-10,281,10,0,0.160300076007843,4
281-11,281,11,0,0.160300076007843,4
281-12,281,12,0,0.160300076007843,4
282-0,282,0,1,0.6169753968715668,1
282-1,282,1,0,0.3830246031284332,1
282-2,282,2,0,0.3830246031284332,1
282-3,282,3,1,0.6169753968715668,1
282-4,282,4,0,0.3830246031284332,1
282-5,282,5,0,0.3830246031284332,1
282-6,282,6,0,0.3830246031284332,1
282-7,282,7,0,0.3830246031284332,1
282-8,282,8,0,0.3830246031284332,1
282-9,282,9,0,0.3830246031284332,1
282-10,282,10,1,0.6169753968715668,1
282-11,282,11,0,0.3830246031284332,1
282-12,282,12,0,0.3830246031284332,1
283-0,283,0,1,0.6102217435836792,1
283-1,283,1,0,0.3897782564163208,1
283-2,283,2,1,0.6102217435836792,1
283-3,283,3,1,0.6102217435836792,1
283-4,283,4,0,0.3897782564163208,1
283-5,283,5,0,0.3897782564163208,1
283-6,283,6,1,0.6102217435836792,1
283-7,283,7,0,0.3897782564163208,1
283-8,283,8,0,0.3897782564163208,1
283-9,283,9,1,0.6102217435836792,1
283-10,283,10,0,0.3897782564163208,1
283-11,283,11,1,0.6102217435836792,1
283-12,283,12,0,0.3897782564163208,1
284-0,284,0,0,0.5899457931518555,4
284-1,284,1,0,0.5899457931518555,4
284-2,284,2,0,0.5899457931518555,4
284-3,284,3,0,0.5899457931518555,4
284-4,284,4,0,0.5899457931518555,4
284-5,284,5,0,0.5899457931518555,4
284-6,284,6,0,0.5899457931518555,4
284-7,284,7,0,0.5899457931518555,4
284-8,284,8,0,0.5899457931518555,4
284-9,284,9,0,0.5899457931518555,4
284-10,284,10,0,0.5899457931518555,4
284-11,284,11,0,0.5899457931518555,4
284-12,284,12,0,0.5899457931518555,4
285-0,285,0,0,0.1340500116348266,2
285-1,285,1,0,0.1340500116348266,2
285-2,285,2,0,0.1340500116348266,2
285-3,285,3,0,0.1340500116348266,2
285-4,285,4,0,0.1340500116348266,2
285-5,285,5,0,0.1340500116348266,2
285-6,285,6,0,0.1340500116348266,2
285-7,285,7,0,0.1340500116348266,2
285-8,285,8,0,0.1340500116348266,2
285-9,285,9,0,0.1340500116348266,2
285-10,285,10,1,0.8659499883651733,2
285-11,285,11,0,0.1340500116348266,2
285-12,285,12,0,0.1340500116348266,2
286-0,286,0,0,0.078517660498619,3
286-1,286,1,0,0.078517660498619,3
286-2,286,2,1,0.921482339501381,3
286-3,286,3,1,0.921482339501381,3
286-4,286,4,0,0.078517660498619,3
286-5,286,5,0,0.078517660498619,3
286-6,286,6,0,0.078517660498619,3
286-7,286,7,0,0.078517660498619,3
286-8,286,8,0,0.078517660498619,3
286-9,286,9,0,0.078517660498619,3
286-10,286,10,0,0.078517660498619,3
286-11,286,11,0,0.078517660498619,3
286-12,286,12,0,0.078517660498619,3
287-0,287,0,0,0.1064968109130859,4
287-1,287,1,1,0.8935031890869141,4
287-2,287,2,0,0.1064968109130859,4
287-3,287,3,1,0.8935031890869141,4
287-4,287,4,0,0.1064968109130859,4
287-5,287,5,0,0.1064968109130859,4
287-6,287,6,1,0.8935031890869141,4
287-7,287,7,1,0.8935031890869141,4
287-8,287,8,0,0.1064968109130859,4
287-9,287,9,0,0.1064968109130859,4
287-10,287,10,1,0.8935031890869141,4
287-11,287,11,1,0.8935031890869141,4
287-12,287,12,1,0.8935031890869141,4
288-0,288,0,0,0.0021145939826964,5
288-1,288,1,0,0.0021145939826964,5
288-2,288,2,0,0.0021145939826964,5
288-3,288,3,0,0.0021145939826964,5
288-4,288,4,0,0.0021145939826964,5
288-5,288,5,0,0.0021145939826964,5
288-6,288,6,0,0.0021145939826964,5
288-7,288,7,0,0.0021145939826964,5
288-8,288,8,0,0.0021145939826964,5
288-9,288,9,0,0.0021145939826964,5
288-10,288,10,0,0.0021145939826964,5
288-11,288,11,0,0.0021145939826964,5
288-12,288,12,0,0.0021145939826964,5
289-0,289,0,0,0.0224069654941558,2
289-1,289,1,0,0.0224069654941558,2
289-2,289,2,0,0.0224069654941558,2
289-3,289,3,0,0.0224069654941558,2
289-4,289,4,0,0.0224069654941558,2
289-5,289,5,0,0.0224069654941558,2
289-6,289,6,0,0.0224069654941558,2
289-7,289,7,0,0.0224069654941558,2
289-8,289,8,0,0.0224069654941558,2
289-9,289,9,0,0.0224069654941558,2
289-10,289,10,0,0.0224069654941558,2
289-11,289,11,0,0.0224069654941558,2
289-12,289,12,0,0.0224069654941558,2
290-0,290,0,0,0.2969202101230621,3
290-1,290,1,0,0.2969202101230621,3
290-2,290,2,0,0.2969202101230621,3
290-3,290,3,0,0.2969202101230621,3
290-4,290,4,0,0.2969202101230621,3
290-5,290,5,0,0.2969202101230621,3
290-6,290,6,0,0.2969202101230621,3
290-7,290,7,0,0.2969202101230621,3
290-8,290,8,0,0.2969202101230621,3
290-9,290,9,0,0.2969202101230621,3
290-10,290,10,0,0.2969202101230621,3
290-11,290,11,0,0.2969202101230621,3
290-12,290,12,0,0.2969202101230621,3
291-0,291,0,0,0.6624216139316559,3
291-1,291,1,0,0.6624216139316559,3
291-2,291,2,0,0.6624216139316559,3
291-3,291,3,0,0.6624216139316559,3
291-4,291,4,0,0.6624216139316559,3
291-5,291,5,0,0.6624216139316559,3
291-6,291,6,0,0.6624216139316559,3
291-7,291,7,0,0.6624216139316559,3
291-8,291,8,0,0.6624216139316559,3
291-9,291,9,0,0.6624216139316559,3
291-10,291,10,0,0.6624216139316559,3
291-11,291,11,0,0.6624216139316559,3
291-12,291,12,0,0.6624216139316559,3
292-0,292,0,1,0.8400911539793015,5
292-1,292,1,0,0.1599088460206985,5
292-2,292,2,0,0.1599088460206985,5
292-3,292,3,0,0.1599088460206985,5
292-4,292,4,0,0.1599088460206985,5
292-5,292,5,0,0.1599088460206985,5
292-6,292,6,0,0.1599088460206985,5
292-7,292,7,0,0.1599088460206985,5
292-8,292,8,0,0.1599088460206985,5
292-9,292,9,0,0.1599088460206985,5
292-10,292,10,0,0.1599088460206985,5
292-11,292,11,0,0.1599088460206985,5
292-12,292,12,0,0.1599088460206985,5
293-0,293,0,0,0.1158652901649475,4
293-1,293,1,0,0.1158652901649475,4
293-2,293,2,0,0.1158652901649475,4
293-3,293,3,0,0.1158652901649475,4
293-4,293,4,0,0.1158652901649475,4
293-5,293,5,0,0.1158652901649475,4
293-6,293,6,0,0.1158652901649475,4
293-7,293,7,0,0.1158652901649475,4
293-8,293,8,0,0.1158652901649475,4
293-9,293,9,0,0.1158652901649475,4
293-10,293,10,0,0.1158652901649475,4
293-11,293,11,0,0.1158652901649475,4
293-12,293,12,0,0.1158652901649475,4
294-0,294,0,0,0.7467196583747864,3
294-1,294,1,0,0.7467196583747864,3
294-2,294,2,0,0.7467196583747864,3
294-3,294,3,0,0.7467196583747864,3
294-4,294,4,0,0.7467196583747864,3
294-5,294,5,0,0.7467196583747864,3
294-6,294,6,0,0.7467196583747864,3
294-7,294,7,0,0.7467196583747864,3
294-8,294,8,0,0.7467196583747864,3
294-9,294,9,0,0.7467196583747864,3
294-10,294,10,0,0.7467196583747864,3
294-11,294,11,0,0.7467196583747864,3
294-12,294,12,0,0.7467196583747864,3
295-0,295,0,1,0.3901551365852356,1
295-1,295,1,0,0.6098448634147644,1
295-2,295,2,0,0.6098448634147644,1
295-3,295,3,0,0.6098448634147644,1
295-4,295,4,0,0.6098448634147644,1
295-5,295,5,0,0.6098448634147644,1
295-6,295,6,1,0.3901551365852356,1
295-7,295,7,0,0.6098448634147644,1
295-8,295,8,0,0.6098448634147644,1
295-9,295,9,0,0.6098448634147644,1
295-10,295,10,0,0.6098448634147644,1
295-11,295,11,0,0.6098448634147644,1
295-12,295,12,0,0.6098448634147644,1
296-0,296,0,0,0.7475960552692413,3
296-1,296,1,0,0.7475960552692413,3
296-2,296,2,0,0.7475960552692413,3
296-3,296,3,0,0.7475960552692413,3
296-4,296,4,0,0.7475960552692413,3
296-5,296,5,1,0.2524039447307586,3
296-6,296,6,0,0.7475960552692413,3
296-7,296,7,0,0.7475960552692413,3
296-8,296,8,0,0.7475960552692413,3
296-9,296,9,0,0.7475960552692413,3
296-10,296,10,0,0.7475960552692413,3
296-11,296,11,0,0.7475960552692413,3
296-12,296,12,0,0.7475960552692413,3
297-0,297,0,0,0.0795833244919776,3
297-1,297,1,0,0.0795833244919776,3
297-2,297,2,0,0.0795833244919776,3
297-3,297,3,0,0.0795833244919776,3
297-4,297,4,0,0.0795833244919776,3
297-5,297,5,0,0.0795833244919776,3
297-6,297,6,0,0.0795833244919776,3
297-7,297,7,0,0.0795833244919776,3
297-8,297,8,0,0.0795833244919776,3
297-9,297,9,0,0.0795833244919776,3
297-10,297,10,0,0.0795833244919776,3
297-11,297,11,0,0.0795833244919776,3
297-12,297,12,0,0.0795833244919776,3
298-0,298,0,1,0.0018632609862834,5
298-1,298,1,1,0.0018632609862834,5
298-2,298,2,1,0.0018632609862834,5
298-3,298,3,1,0.0018632609862834,5
298-4,298,4,1,0.0018632609862834,5
298-5,298,5,1,0.0018632609862834,5
298-6,298,6,1,0.0018632609862834,5
298-7,298,7,1,0.0018632609862834,5
298-8,298,8,1,0.0018632609862834,5
298-9,298,9,1,0.0018632609862834,5
298-10,298,10,1,0.0018632609862834,5
298-11,298,11,1,0.0018632609862834,5
298-12,298,12,1,0.0018632609862834,5
299-0,299,0,0,0.320675253868103,4
299-1,299,1,1,0.679324746131897,4
299-2,299,2,0,0.320675253868103,4
299-3,299,3,1,0.679324746131897,4
299-4,299,4,1,0.679324746131897,4
299-5,299,5,0,0.320675253868103,4
299-6,299,6,0,0.320675253868103,4
299-7,299,7,0,0.320675253868103,4
299-8,299,8,0,0.320675253868103,4
299-9,299,9,1,0.679324746131897,4
299-10,299,10,0,0.320675253868103,4
299-11,299,11,0,0.320675253868103,4
299-12,299,12,0,0.320675253868103,4
300-0,300,0,0,0.1747772693634033,5
300-1,300,1,1,0.8252227306365967,5
300-2,300,2,1,0.8252227306365967,5
300-3,300,3,1,0.8252227306365967,5
300-4,300,4,1,0.8252227306365967,5
300-5,300,5,1,0.8252227306365967,5
300-6,300,6,1,0.8252227306365967,5
300-7,300,7,1,0.8252227306365967,5
300-8,300,8,1,0.8252227306365967,5
300-9,300,9,1,0.8252227306365967,5
300-10,300,10,1,0.8252227306365967,5
300-11,300,11,1,0.8252227306365967,5
300-12,300,12,1,0.8252227306365967,5
301-0,301,0,0,0.2677386403083801,2
301-1,301,1,0,0.2677386403083801,2
301-2,301,2,0,0.2677386403083801,2
301-3,301,3,0,0.2677386403083801,2
301-4,301,4,0,0.2677386403083801,2
301-5,301,5,1,0.7322613596916199,2
301-6,301,6,0,0.2677386403083801,2
301-7,301,7,0,0.2677386403083801,2
301-8,301,8,0,0.2677386403083801,2
301-9,301,9,0,0.2677386403083801,2
301-10,301,10,0,0.2677386403083801,2
301-11,301,11,0,0.2677386403083801,2
301-12,301,12,0,0.2677386403083801,2
302-0,302,0,1,0.7917325049638749,4
302-1,302,1,1,0.7917325049638749,4
302-2,302,2,1,0.7917325049638749,4
302-3,302,3,0,0.2082674950361251,4
302-4,302,4,1,0.7917325049638749,4
302-5,302,5,0,0.2082674950361251,4
302-6,302,6,1,0.7917325049638749,4
302-7,302,7,1,0.7917325049638749,4
302-8,302,8,0,0.2082674950361251,4
302-9,302,9,1,0.7917325049638749,4
302-10,302,10,0,0.2082674950361251,4
302-11,302,11,1,0.7917325049638749,4
302-12,302,12,1,0.7917325049638749,4
303-0,303,0,0,0.0839722752571106,5
303-1,303,1,0,0.0839722752571106,5
303-2,303,2,0,0.0839722752571106,5
303-3,303,3,0,0.0839722752571106,5
303-4,303,4,0,0.0839722752571106,5
303-5,303,5,0,0.0839722752571106,5
303-6,303,6,0,0.0839722752571106,5
303-7,303,7,0,0.0839722752571106,5
303-8,303,8,0,0.0839722752571106,5
303-9,303,9,0,0.0839722752571106,5
303-10,303,10,0,0.0839722752571106,5
303-11,303,11,0,0.0839722752571106,5
303-12,303,12,1,0.9160277247428894,5
304-0,304,0,1,0.1921164989471435,1
304-1,304,1,0,0.8078835010528564,1
304-2,304,2,0,0.8078835010528564,1
304-3,304,3,0,0.8078835010528564,1
304-4,304,4,1,0.1921164989471435,1
304-5,304,5,1,0.1921164989471435,1
304-6,304,6,0,0.8078835010528564,1
304-7,304,7,1,0.1921164989471435,1
304-8,304,8,0,0.8078835010528564,1
304-9,304,9,1,0.1921164989471435,1
304-10,304,10,1,0.1921164989471435,1
304-11,304,11,1,0.1921164989471435,1
304-12,304,12,0,0.8078835010528564,1
305-0,305,0,0,0.7111951112747192,1
305-1,305,1,0,0.7111951112747192,1
305-2,305,2,0,0.7111951112747192,1
305-3,305,3,0,0.7111951112747192,1
305-4,305,4,0,0.7111951112747192,1
305-5,305,5,0,0.7111951112747192,1
305-6,305,6,0,0.7111951112747192,1
305-7,305,7,0,0.7111951112747192,1
305-8,305,8,0,0.7111951112747192,1
305-9,305,9,0,0.7111951112747192,1
305-10,305,10,0,0.7111951112747192,1
305-11,305,11,0,0.7111951112747192,1
305-12,305,12,0,0.7111951112747192,1
306-0,306,0,0,0.0390685498714447,5
306-1,306,1,0,0.0390685498714447,5
306-2,306,2,0,0.0390685498714447,5
306-3,306,3,0,0.0390685498714447,5
306-4,306,4,0,0.0390685498714447,5
306-5,306,5,0,0.0390685498714447,5
306-6,306,6,0,0.0390685498714447,5
306-7,306,7,0,0.0390685498714447,5
306-8,306,8,0,0.0390685498714447,5
306-9,306,9,0,0.0390685498714447,5
306-10,306,10,0,0.0390685498714447,5
306-11,306,11,0,0.0390685498714447,5
306-12,306,12,0,0.0390685498714447,5
307-0,307,0,1,0.5427058339118958,3
307-1,307,1,1,0.5427058339118958,3
307-2,307,2,0,0.4572941660881042,3
307-3,307,3,0,0.4572941660881042,3
307-4,307,4,0,0.4572941660881042,3
307-5,307,5,1,0.5427058339118958,3
307-6,307,6,0,0.4572941660881042,3
307-7,307,7,0,0.4572941660881042,3
307-8,307,8,0,0.4572941660881042,3
307-9,307,9,0,0.4572941660881042,3
307-10,307,10,1,0.5427058339118958,3
307-11,307,11,0,0.4572941660881042,3
307-12,307,12,0,0.4572941660881042,3
308-0,308,0,0,0.0484879277646541,3
308-1,308,1,0,0.0484879277646541,3
308-2,308,2,0,0.0484879277646541,3
308-3,308,3,0,0.0484879277646541,3
308-4,308,4,0,0.0484879277646541,3
308-5,308,5,0,0.0484879277646541,3
308-6,308,6,0,0.0484879277646541,3
308-7,308,7,0,0.0484879277646541,3
308-8,308,8,0,0.0484879277646541,3
308-9,308,9,1,0.951512072235346,3
308-10,308,10,0,0.0484879277646541,3
308-11,308,11,0,0.0484879277646541,3
308-12,308,12,0,0.0484879277646541,3
309-0,309,0,1,0.9225709438323976,2
309-1,309,1,0,0.0774290561676024,2
309-2,309,2,0,0.0774290561676024,2
309-3,309,3,0,0.0774290561676024,2
309-4,309,4,0,0.0774290561676024,2
309-5,309,5,0,0.0774290561676024,2
309-6,309,6,0,0.0774290561676024,2
309-7,309,7,0,0.0774290561676024,2
309-8,309,8,0,0.0774290561676024,2
309-9,309,9,0,0.0774290561676024,2
309-10,309,10,0,0.0774290561676024,2
309-11,309,11,0,0.0774290561676024,2
309-12,309,12,0,0.0774290561676024,2
310-0,310,0,0,0.9962804247625172,5
310-1,310,1,1,0.0037195752374827,5
310-2,310,2,0,0.9962804247625172,5
310-3,310,3,1,0.0037195752374827,5
310-4,310,4,0,0.9962804247625172,5
310-5,310,5,0,0.9962804247625172,5
310-6,310,6,0,0.9962804247625172,5
310-7,310,7,1,0.0037195752374827,5
310-8,310,8,0,0.9962804247625172,5
310-9,310,9,0,0.9962804247625172,5
310-10,310,10,1,0.0037195752374827,5
310-11,310,11,1,0.0037195752374827,5
310-12,310,12,0,0.9962804247625172,5
311-0,311,0,0,0.0069602513685822,2
311-1,311,1,0,0.0069602513685822,2
311-2,311,2,1,0.9930397486314178,2
311-3,311,3,0,0.0069602513685822,2
311-4,311,4,0,0.0069602513685822,2
311-5,311,5,0,0.0069602513685822,2
311-6,311,6,0,0.0069602513685822,2
311-7,311,7,0,0.0069602513685822,2
311-8,311,8,0,0.0069602513685822,2
311-9,311,9,0,0.0069602513685822,2
311-10,311,10,0,0.0069602513685822,2
311-11,311,11,0,0.0069602513685822,2
311-12,311,12,0,0.0069602513685822,2
312-0,312,0,0,0.294883668422699,3
312-1,312,1,0,0.294883668422699,3
312-2,312,2,0,0.294883668422699,3
312-3,312,3,0,0.294883668422699,3
312-4,312,4,0,0.294883668422699,3
312-5,312,5,0,0.294883668422699,3
312-6,312,6,0,0.294883668422699,3
312-7,312,7,0,0.294883668422699,3
312-8,312,8,0,0.294883668422699,3
312-9,312,9,0,0.294883668422699,3
312-10,312,10,0,0.294883668422699,3
312-11,312,11,0,0.294883668422699,3
312-12,312,12,0,0.294883668422699,3
313-0,313,0,0,0.0502886176109313,4
313-1,313,1,0,0.0502886176109313,4
313-2,313,2,0,0.0502886176109313,4
313-3,313,3,0,0.0502886176109313,4
313-4,313,4,0,0.0502886176109313,4
313-5,313,5,0,0.0502886176109313,4
313-6,313,6,0,0.0502886176109313,4
313-7,313,7,0,0.0502886176109313,4
313-8,313,8,0,0.0502886176109313,4
313-9,313,9,0,0.0502886176109313,4
313-10,313,10,0,0.0502886176109313,4
313-11,313,11,0,0.0502886176109313,4
313-12,313,12,0,0.0502886176109313,4
314-0,314,0,1,0.8750064373016357,1
314-1,314,1,1,0.8750064373016357,1
314-2,314,2,1,0.8750064373016357,1
314-3,314,3,1,0.8750064373016357,1
314-4,314,4,1,0.8750064373016357,1
314-5,314,5,1,0.8750064373016357,1
314-6,314,6,0,0.1249935626983642,1
314-7,314,7,1,0.8750064373016357,1
314-8,314,8,1,0.8750064373016357,1
314-9,314,9,1,0.8750064373016357,1
314-10,314,10,0,0.1249935626983642,1
314-11,314,11,1,0.8750064373016357,1
314-12,314,12,0,0.1249935626983642,1
315-0,315,0,0,0.0074586868286131,2
315-1,315,1,0,0.0074586868286131,2
315-2,315,2,0,0.0074586868286131,2
315-3,315,3,0,0.0074586868286131,2
315-4,315,4,0,0.0074586868286131,2
315-5,315,5,0,0.0074586868286131,2
315-6,315,6,0,0.0074586868286131,2
315-7,315,7,0,0.0074586868286131,2
315-8,315,8,0,0.0074586868286131,2
315-9,315,9,0,0.0074586868286131,2
315-10,315,10,0,0.0074586868286131,2
315-11,315,11,0,0.0074586868286131,2
315-12,315,12,0,0.0074586868286131,2
316-0,316,0,0,0.0543222427368164,2
316-1,316,1,0,0.0543222427368164,2
316-2,316,2,0,0.0543222427368164,2
316-3,316,3,0,0.0543222427368164,2
316-4,316,4,0,0.0543222427368164,2
316-5,316,5,0,0.0543222427368164,2
316-6,316,6,0,0.0543222427368164,2
316-7,316,7,0,0.0543222427368164,2
316-8,316,8,0,0.0543222427368164,2
316-9,316,9,0,0.0543222427368164,2
316-10,316,10,0,0.0543222427368164,2
316-11,316,11,0,0.0543222427368164,2
316-12,316,12,0,0.0543222427368164,2
317-0,317,0,0,0.1359865665435791,1
317-1,317,1,0,0.1359865665435791,1
317-2,317,2,0,0.1359865665435791,1
317-3,317,3,0,0.1359865665435791,1
317-4,317,4,0,0.1359865665435791,1
317-5,317,5,0,0.1359865665435791,1
317-6,317,6,0,0.1359865665435791,1
317-7,317,7,0,0.1359865665435791,1
317-8,317,8,0,0.1359865665435791,1
317-9,317,9,0,0.1359865665435791,1
317-10,317,10,0,0.1359865665435791,1
317-11,317,11,0,0.1359865665435791,1
317-12,317,12,0,0.1359865665435791,1
318-0,318,0,0,0.6327856779098511,1
318-1,318,1,0,0.6327856779098511,1
318-2,318,2,0,0.6327856779098511,1
318-3,318,3,0,0.6327856779098511,1
318-4,318,4,0,0.6327856779098511,1
318-5,318,5,0,0.6327856779098511,1
318-6,318,6,0,0.6327856779098511,1
318-7,318,7,0,0.6327856779098511,1
318-8,318,8,0,0.6327856779098511,1
318-9,318,9,0,0.6327856779098511,1
318-10,318,10,0,0.6327856779098511,1
318-11,318,11,0,0.6327856779098511,1
318-12,318,12,0,0.6327856779098511,1
319-0,319,0,0,0.0320249125361442,2
319-1,319,1,0,0.0320249125361442,2
319-2,319,2,0,0.0320249125361442,2
319-3,319,3,0,0.0320249125361442,2
319-4,319,4,0,0.0320249125361442,2
319-5,319,5,0,0.0320249125361442,2
319-6,319,6,0,0.0320249125361442,2
319-7,319,7,0,0.0320249125361442,2
319-8,319,8,0,0.0320249125361442,2
319-9,319,9,0,0.0320249125361442,2
319-10,319,10,0,0.0320249125361442,2
319-11,319,11,0,0.0320249125361442,2
319-12,319,12,0,0.0320249125361442,2
320-0,320,0,0,0.8697506785392761,4
320-1,320,1,1,0.1302493214607238,4
320-2,320,2,0,0.8697506785392761,4
320-3,320,3,0,0.8697506785392761,4
320-4,320,4,1,0.1302493214607238,4
320-5,320,5,0,0.8697506785392761,4
320-6,320,6,1,0.1302493214607238,4
320-7,320,7,1,0.1302493214607238,4
320-8,320,8,0,0.8697506785392761,4
320-9,320,9,1,0.1302493214607238,4
320-10,320,10,0,0.8697506785392761,4
320-11,320,11,0,0.8697506785392761,4
320-12,320,12,0,0.8697506785392761,4
321-0,321,0,1,0.0203916635364294,4
321-1,321,1,0,0.9796083364635706,4
321-2,321,2,0,0.9796083364635706,4
321-3,321,3,0,0.9796083364635706,4
321-4,321,4,0,0.9796083364635706,4
321-5,321,5,0,0.9796083364635706,4
321-6,321,6,0,0.9796083364635706,4
321-7,321,7,0,0.9796083364635706,4
321-8,321,8,0,0.9796083364635706,4
321-9,321,9,0,0.9796083364635706,4
321-10,321,10,0,0.9796083364635706,4
321-11,321,11,0,0.9796083364635706,4
321-12,321,12,0,0.9796083364635706,4
322-0,322,0,0,0.7780933976173401,2
322-1,322,1,0,0.7780933976173401,2
322-2,322,2,1,0.2219066023826599,2
322-3,322,3,0,0.7780933976173401,2
322-4,322,4,0,0.7780933976173401,2
322-5,322,5,0,0.7780933976173401,2
322-6,322,6,1,0.2219066023826599,2
322-7,322,7,0,0.7780933976173401,2
322-8,322,8,0,0.7780933976173401,2
322-9,322,9,1,0.2219066023826599,2
322-10,322,10,0,0.7780933976173401,2
322-11,322,11,0,0.7780933976173401,2
322-12,322,12,0,0.7780933976173401,2
323-0,323,0,0,0.0019115805625915,5
323-1,323,1,0,0.0019115805625915,5
323-2,323,2,0,0.0019115805625915,5
323-3,323,3,0,0.0019115805625915,5
323-4,323,4,0,0.0019115805625915,5
323-5,323,5,0,0.0019115805625915,5
323-6,323,6,0,0.0019115805625915,5
323-7,323,7,0,0.0019115805625915,5
323-8,323,8,0,0.0019115805625915,5
323-9,323,9,0,0.0019115805625915,5
323-10,323,10,0,0.0019115805625915,5
323-11,323,11,0,0.0019115805625915,5
323-12,323,12,0,0.0019115805625915,5
324-0,324,0,1,0.3994639813899994,4
324-1,324,1,1,0.3994639813899994,4
324-2,324,2,1,0.3994639813899994,4
324-3,324,3,1,0.3994639813899994,4
324-4,324,4,1,0.3994639813899994,4
324-5,324,5,1,0.3994639813899994,4
324-6,324,6,1,0.3994639813899994,4
324-7,324,7,1,0.3994639813899994,4
324-8,324,8,1,0.3994639813899994,4
324-9,324,9,1,0.3994639813899994,4
324-10,324,10,1,0.3994639813899994,4
324-11,324,11,1,0.3994639813899994,4
324-12,324,12,1,0.3994639813899994,4
325-0,325,0,0,0.2069935202598571,2
325-1,325,1,0,0.2069935202598571,2
325-2,325,2,0,0.2069935202598571,2
325-3,325,3,0,0.2069935202598571,2
325-4,325,4,0,0.2069935202598571,2
325-5,325,5,0,0.2069935202598571,2
325-6,325,6,0,0.2069935202598571,2
325-7,325,7,0,0.2069935202598571,2
325-8,325,8,0,0.2069935202598571,2
325-9,325,9,0,0.2069935202598571,2
325-10,325,10,0,0.2069935202598571,2
325-11,325,11,0,0.2069935202598571,2
325-12,325,12,0,0.2069935202598571,2
326-0,326,0,0,0.8267186284065247,4
326-1,326,1,0,0.8267186284065247,4
326-2,326,2,0,0.8267186284065247,4
326-3,326,3,0,0.8267186284065247,4
326-4,326,4,0,0.8267186284065247,4
326-5,326,5,0,0.8267186284065247,4
326-6,326,6,0,0.8267186284065247,4
326-7,326,7,1,0.1732813715934753,4
326-8,326,8,0,0.8267186284065247,4
326-9,326,9,0,0.8267186284065247,4
326-10,326,10,0,0.8267186284065247,4
326-11,326,11,0,0.8267186284065247,4
326-12,326,12,0,0.8267186284065247,4
327-0,327,0,0,0.3642159402370453,4
327-1,327,1,0,0.3642159402370453,4
327-2,327,2,0,0.3642159402370453,4
327-3,327,3,0,0.3642159402370453,4
327-4,327,4,0,0.3642159402370453,4
327-5,327,5,0,0.3642159402370453,4
327-6,327,6,0,0.3642159402370453,4
327-7,327,7,0,0.3642159402370453,4
327-8,327,8,0,0.3642159402370453,4
327-9,327,9,0,0.3642159402370453,4
327-10,327,10,0,0.3642159402370453,4
327-11,327,11,1,0.6357840597629547,4
327-12,327,12,0,0.3642159402370453,4
328-0,328,0,0,0.1405708491802215,4
328-1,328,1,0,0.1405708491802215,4
328-2,328,2,0,0.1405708491802215,4
328-3,328,3,0,0.1405708491802215,4
328-4,328,4,0,0.1405708491802215,4
328-5,328,5,0,0.1405708491802215,4
328-6,328,6,0,0.1405708491802215,4
328-7,328,7,0,0.1405708491802215,4
328-8,328,8,0,0.1405708491802215,4
328-9,328,9,0,0.1405708491802215,4
328-10,328,10,0,0.1405708491802215,4
328-11,328,11,0,0.1405708491802215,4
328-12,328,12,0,0.1405708491802215,4
329-0,329,0,0,0.1751186847686767,1
329-1,329,1,0,0.1751186847686767,1
329-2,329,2,0,0.1751186847686767,1
329-3,329,3,1,0.8248813152313232,1
329-4,329,4,0,0.1751186847686767,1
329-5,329,5,0,0.1751186847686767,1
329-6,329,6,0,0.1751186847686767,1
329-7,329,7,0,0.1751186847686767,1
329-8,329,8,0,0.1751186847686767,1
329-9,329,9,0,0.1751186847686767,1
329-10,329,10,0,0.1751186847686767,1
329-11,329,11,0,0.1751186847686767,1
329-12,329,12,0,0.1751186847686767,1
330-0,330,0,1,0.5572343468666077,4
330-1,330,1,0,0.4427656531333923,4
330-2,330,2,1,0.5572343468666077,4
330-3,330,3,0,0.4427656531333923,4
330-4,330,4,1,0.5572343468666077,4
330-5,330,5,0,0.4427656531333923,4
330-6,330,6,1,0.5572343468666077,4
330-7,330,7,1,0.5572343468666077,4
330-8,330,8,1,0.5572343468666077,4
330-9,330,9,0,0.4427656531333923,4
330-10,330,10,0,0.4427656531333923,4
330-11,330,11,0,0.4427656531333923,4
330-12,330,12,1,0.5572343468666077,4
331-0,331,0,1,0.957542359828949,4
331-1,331,1,1,0.957542359828949,4
331-2,331,2,1,0.957542359828949,4
331-3,331,3,1,0.957542359828949,4
331-4,331,4,1,0.957542359828949,4
331-5,331,5,1,0.957542359828949,4
331-6,331,6,0,0.042457640171051,4
331-7,331,7,0,0.042457640171051,4
331-8,331,8,1,0.957542359828949,4
331-9,331,9,1,0.957542359828949,4
331-10,331,10,1,0.957542359828949,4
331-11,331,11,1,0.957542359828949,4
331-12,331,12,0,0.042457640171051,4
332-0,332,0,0,0.129432275891304,3
332-1,332,1,0,0.129432275891304,3
332-2,332,2,0,0.129432275891304,3
332-3,332,3,0,0.129432275891304,3
332-4,332,4,0,0.129432275891304,3
332-5,332,5,0,0.129432275891304,3
332-6,332,6,0,0.129432275891304,3
332-7,332,7,0,0.129432275891304,3
332-8,332,8,0,0.129432275891304,3
332-9,332,9,0,0.129432275891304,3
332-10,332,10,0,0.129432275891304,3
332-11,332,11,0,0.129432275891304,3
332-12,332,12,0,0.129432275891304,3
333-0,333,0,1,0.6632492542266846,2
333-1,333,1,0,0.3367507457733154,2
333-2,333,2,0,0.3367507457733154,2
333-3,333,3,0,0.3367507457733154,2
333-4,333,4,0,0.3367507457733154,2
333-5,333,5,1,0.6632492542266846,2
333-6,333,6,1,0.6632492542266846,2
333-7,333,7,0,0.3367507457733154,2
333-8,333,8,0,0.3367507457733154,2
333-9,333,9,0,0.3367507457733154,2
333-10,333,10,1,0.6632492542266846,2
333-11,333,11,0,0.3367507457733154,2
333-12,333,12,0,0.3367507457733154,2
334-0,334,0,0,0.1754050850868225,1
334-1,334,1,0,0.1754050850868225,1
334-2,334,2,1,0.8245949149131775,1
334-3,334,3,1,0.8245949149131775,1
334-4,334,4,0,0.1754050850868225,1
334-5,334,5,0,0.1754050850868225,1
334-6,334,6,0,0.1754050850868225,1
334-7,334,7,0,0.1754050850868225,1
334-8,334,8,0,0.1754050850868225,1
334-9,334,9,0,0.1754050850868225,1
334-10,334,10,0,0.1754050850868225,1
334-11,334,11,0,0.1754050850868225,1
334-12,334,12,0,0.1754050850868225,1
335-0,335,0,0,0.0456619150936603,2
335-1,335,1,0,0.0456619150936603,2
335-2,335,2,0,0.0456619150936603,2
335-3,335,3,0,0.0456619150936603,2
335-4,335,4,0,0.0456619150936603,2
335-5,335,5,1,0.9543380849063396,2
335-6,335,6,0,0.0456619150936603,2
335-7,335,7,1,0.9543380849063396,2
335-8,335,8,0,0.0456619150936603,2
335-9,335,9,0,0.0456619150936603,2
335-10,335,10,0,0.0456619150936603,2
335-11,335,11,0,0.0456619150936603,2
335-12,335,12,0,0.0456619150936603,2
336-0,336,0,0,0.0740895047783851,2
336-1,336,1,0,0.0740895047783851,2
336-2,336,2,0,0.0740895047783851,2
336-3,336,3,0,0.0740895047783851,2
336-4,336,4,0,0.0740895047783851,2
336-5,336,5,0,0.0740895047783851,2
336-6,336,6,0,0.0740895047783851,2
336-7,336,7,0,0.0740895047783851,2
336-8,336,8,0,0.0740895047783851,2
336-9,336,9,0,0.0740895047783851,2
336-10,336,10,0,0.0740895047783851,2
336-11,336,11,0,0.0740895047783851,2
336-12,336,12,0,0.0740895047783851,2
337-0,337,0,0,0.5106421709060669,1
337-1,337,1,0,0.5106421709060669,1
337-2,337,2,0,0.5106421709060669,1
337-3,337,3,0,0.5106421709060669,1
337-4,337,4,0,0.5106421709060669,1
337-5,337,5,0,0.5106421709060669,1
337-6,337,6,0,0.5106421709060669,1
337-7,337,7,0,0.5106421709060669,1
337-8,337,8,0,0.5106421709060669,1
337-9,337,9,0,0.5106421709060669,1
337-10,337,10,0,0.5106421709060669,1
337-11,337,11,0,0.5106421709060669,1
337-12,337,12,0,0.5106421709060669,1
338-0,338,0,0,0.0017653703689576,5
338-1,338,1,0,0.0017653703689576,5
338-2,338,2,0,0.0017653703689576,5
338-3,338,3,0,0.0017653703689576,5
338-4,338,4,0,0.0017653703689576,5
338-5,338,5,0,0.0017653703689576,5
338-6,338,6,0,0.0017653703689576,5
338-7,338,7,0,0.0017653703689576,5
338-8,338,8,0,0.0017653703689576,5
338-9,338,9,0,0.0017653703689576,5
338-10,338,10,1,0.9982346296310424,5
338-11,338,11,0,0.0017653703689576,5
338-12,338,12,0,0.0017653703689576,5
339-0,339,0,1,0.0124599291011691,4
339-1,339,1,1,0.0124599291011691,4
339-2,339,2,1,0.0124599291011691,4
339-3,339,3,1,0.0124599291011691,4
339-4,339,4,1,0.0124599291011691,4
339-5,339,5,1,0.0124599291011691,4
339-6,339,6,1,0.0124599291011691,4
339-7,339,7,1,0.0124599291011691,4
339-8,339,8,1,0.0124599291011691,4
339-9,339,9,1,0.0124599291011691,4
339-10,339,10,1,0.0124599291011691,4
339-11,339,11,1,0.0124599291011691,4
339-12,339,12,1,0.0124599291011691,4
340-0,340,0,0,0.2047294974327087,4
340-1,340,1,0,0.2047294974327087,4
340-2,340,2,0,0.2047294974327087,4
340-3,340,3,0,0.2047294974327087,4
340-4,340,4,0,0.2047294974327087,4
340-5,340,5,0,0.2047294974327087,4
340-6,340,6,0,0.2047294974327087,4
340-7,340,7,0,0.2047294974327087,4
340-8,340,8,0,0.2047294974327087,4
340-9,340,9,0,0.2047294974327087,4
340-10,340,10,0,0.2047294974327087,4
340-11,340,11,0,0.2047294974327087,4
340-12,340,12,1,0.7952705025672913,4
341-0,341,0,1,0.9972660541534424,5
341-1,341,1,1,0.9972660541534424,5
341-2,341,2,1,0.9972660541534424,5
341-3,341,3,0,0.0027339458465576,5
341-4,341,4,1,0.9972660541534424,5
341-5,341,5,1,0.9972660541534424,5
341-6,341,6,1,0.9972660541534424,5
341-7,341,7,1,0.9972660541534424,5
341-8,341,8,1,0.9972660541534424,5
341-9,341,9,1,0.9972660541534424,5
341-10,341,10,0,0.0027339458465576,5
341-11,341,11,1,0.9972660541534424,5
341-12,341,12,1,0.9972660541534424,5
342-0,342,0,0,0.0067279236391186,5
342-1,342,1,0,0.0067279236391186,5
342-2,342,2,0,0.0067279236391186,5
342-3,342,3,0,0.0067279236391186,5
342-4,342,4,0,0.0067279236391186,5
342-5,342,5,0,0.0067279236391186,5
342-6,342,6,0,0.0067279236391186,5
342-7,342,7,0,0.0067279236391186,5
342-8,342,8,0,0.0067279236391186,5
342-9,342,9,0,0.0067279236391186,5
342-10,342,10,0,0.0067279236391186,5
342-11,342,11,1,0.9932720763608814,5
342-12,342,12,1,0.9932720763608814,5
343-0,343,0,0,0.1192842423915863,2
343-1,343,1,0,0.1192842423915863,2
343-2,343,2,0,0.1192842423915863,2
343-3,343,3,0,0.1192842423915863,2
343-4,343,4,0,0.1192842423915863,2
343-5,343,5,0,0.1192842423915863,2
343-6,343,6,0,0.1192842423915863,2
343-7,343,7,0,0.1192842423915863,2
343-8,343,8,0,0.1192842423915863,2
343-9,343,9,0,0.1192842423915863,2
343-10,343,10,0,0.1192842423915863,2
343-11,343,11,1,0.8807157576084137,2
343-12,343,12,0,0.1192842423915863,2
344-0,344,0,0,0.1524071246385574,2
344-1,344,1,0,0.1524071246385574,2
344-2,344,2,0,0.1524071246385574,2
344-3,344,3,0,0.1524071246385574,2
344-4,344,4,0,0.1524071246385574,2
344-5,344,5,0,0.1524071246385574,2
344-6,344,6,0,0.1524071246385574,2
344-7,344,7,0,0.1524071246385574,2
344-8,344,8,0,0.1524071246385574,2
344-9,344,9,0,0.1524071246385574,2
344-10,344,10,0,0.1524071246385574,2
344-11,344,11,0,0.1524071246385574,2
344-12,344,12,0,0.1524071246385574,2
345-0,345,0,0,0.2129760831594467,2
345-1,345,1,0,0.2129760831594467,2
345-2,345,2,0,0.2129760831594467,2
345-3,345,3,0,0.2129760831594467,2
345-4,345,4,0,0.2129760831594467,2
345-5,345,5,0,0.2129760831594467,2
345-6,345,6,0,0.2129760831594467,2
345-7,345,7,0,0.2129760831594467,2
345-8,345,8,0,0.2129760831594467,2
345-9,345,9,0,0.2129760831594467,2
345-10,345,10,0,0.2129760831594467,2
345-11,345,11,0,0.2129760831594467,2
345-12,345,12,0,0.2129760831594467,2
346-0,346,0,0,0.0003740283718798,5
346-1,346,1,0,0.0003740283718798,5
346-2,346,2,0,0.0003740283718798,5
346-3,346,3,0,0.0003740283718798,5
346-4,346,4,0,0.0003740283718798,5
346-5,346,5,0,0.0003740283718798,5
346-6,346,6,0,0.0003740283718798,5
346-7,346,7,0,0.0003740283718798,5
346-8,346,8,0,0.0003740283718798,5
346-9,346,9,0,0.0003740283718798,5
346-10,346,10,1,0.9996259716281202,5
346-11,346,11,0,0.0003740283718798,5
346-12,346,12,0,0.0003740283718798,5
347-0,347,0,1,0.952958818525076,3
347-1,347,1,0,0.047041181474924,3
347-2,347,2,0,0.047041181474924,3
347-3,347,3,0,0.047041181474924,3
347-4,347,4,0,0.047041181474924,3
347-5,347,5,0,0.047041181474924,3
347-6,347,6,0,0.047041181474924,3
347-7,347,7,0,0.047041181474924,3
347-8,347,8,0,0.047041181474924,3
347-9,347,9,0,0.047041181474924,3
347-10,347,10,1,0.952958818525076,3
347-11,347,11,1,0.952958818525076,3
347-12,347,12,0,0.047041181474924,3
348-0,348,0,0,0.453917920589447,1
348-1,348,1,0,0.453917920589447,1
348-2,348,2,0,0.453917920589447,1
348-3,348,3,0,0.453917920589447,1
348-4,348,4,0,0.453917920589447,1
348-5,348,5,0,0.453917920589447,1
348-6,348,6,0,0.453917920589447,1
348-7,348,7,0,0.453917920589447,1
348-8,348,8,0,0.453917920589447,1
348-9,348,9,0,0.453917920589447,1
348-10,348,10,0,0.453917920589447,1
348-11,348,11,0,0.453917920589447,1
348-12,348,12,0,0.453917920589447,1
349-0,349,0,0,0.0347626209259032,2
349-1,349,1,0,0.0347626209259032,2
349-2,349,2,1,0.9652373790740968,2
349-3,349,3,0,0.0347626209259032,2
349-4,349,4,0,0.0347626209259032,2
349-5,349,5,0,0.0347626209259032,2
349-6,349,6,0,0.0347626209259032,2
349-7,349,7,0,0.0347626209259032,2
349-8,349,8,0,0.0347626209259032,2
349-9,349,9,0,0.0347626209259032,2
349-10,349,10,0,0.0347626209259032,2
349-11,349,11,0,0.0347626209259032,2
349-12,349,12,0,0.0347626209259032,2
350-0,350,0,0,0.3775253891944885,3
350-1,350,1,0,0.3775253891944885,3
350-2,350,2,0,0.3775253891944885,3
350-3,350,3,0,0.3775253891944885,3
350-4,350,4,0,0.3775253891944885,3
350-5,350,5,0,0.3775253891944885,3
350-6,350,6,0,0.3775253891944885,3
350-7,350,7,0,0.3775253891944885,3
350-8,350,8,0,0.3775253891944885,3
350-9,350,9,0,0.3775253891944885,3
350-10,350,10,0,0.3775253891944885,3
350-11,350,11,0,0.3775253891944885,3
350-12,350,12,0,0.3775253891944885,3
351-0,351,0,1,0.4212730824947357,4
351-1,351,1,0,0.5787269175052643,4
351-2,351,2,1,0.4212730824947357,4
351-3,351,3,0,0.5787269175052643,4
351-4,351,4,1,0.4212730824947357,4
351-5,351,5,1,0.4212730824947357,4
351-6,351,6,1,0.4212730824947357,4
351-7,351,7,1,0.4212730824947357,4
351-8,351,8,1,0.4212730824947357,4
351-9,351,9,1,0.4212730824947357,4
351-10,351,10,0,0.5787269175052643,4
351-11,351,11,0,0.5787269175052643,4
351-12,351,12,1,0.4212730824947357,4
352-0,352,0,0,0.1402801871299743,3
352-1,352,1,0,0.1402801871299743,3
352-2,352,2,0,0.1402801871299743,3
352-3,352,3,0,0.1402801871299743,3
352-4,352,4,0,0.1402801871299743,3
352-5,352,5,0,0.1402801871299743,3
352-6,352,6,0,0.1402801871299743,3
352-7,352,7,0,0.1402801871299743,3
352-8,352,8,0,0.1402801871299743,3
352-9,352,9,0,0.1402801871299743,3
352-10,352,10,0,0.1402801871299743,3
352-11,352,11,0,0.1402801871299743,3
352-12,352,12,0,0.1402801871299743,3
353-0,353,0,0,0.2607824206352234,2
353-1,353,1,0,0.2607824206352234,2
353-2,353,2,0,0.2607824206352234,2
353-3,353,3,0,0.2607824206352234,2
353-4,353,4,0,0.2607824206352234,2
353-5,353,5,0,0.2607824206352234,2
353-6,353,6,0,0.2607824206352234,2
353-7,353,7,0,0.2607824206352234,2
353-8,353,8,1,0.7392175793647766,2
353-9,353,9,0,0.2607824206352234,2
353-10,353,10,0,0.2607824206352234,2
353-11,353,11,0,0.2607824206352234,2
353-12,353,12,0,0.2607824206352234,2
354-0,354,0,0,0.2160206437110901,3
354-1,354,1,0,0.2160206437110901,3
354-2,354,2,0,0.2160206437110901,3
354-3,354,3,0,0.2160206437110901,3
354-4,354,4,0,0.2160206437110901,3
354-5,354,5,0,0.2160206437110901,3
354-6,354,6,0,0.2160206437110901,3
354-7,354,7,0,0.2160206437110901,3
354-8,354,8,0,0.2160206437110901,3
354-9,354,9,0,0.2160206437110901,3
354-10,354,10,0,0.2160206437110901,3
354-11,354,11,0,0.2160206437110901,3
354-12,354,12,0,0.2160206437110901,3
355-0,355,0,0,0.1285349875688552,2
355-1,355,1,0,0.1285349875688552,2
355-2,355,2,0,0.1285349875688552,2
355-3,355,3,0,0.1285349875688552,2
355-4,355,4,0,0.1285349875688552,2
355-5,355,5,0,0.1285349875688552,2
355-6,355,6,0,0.1285349875688552,2
355-7,355,7,1,0.8714650124311448,2
355-8,355,8,0,0.1285349875688552,2
355-9,355,9,0,0.1285349875688552,2
355-10,355,10,0,0.1285349875688552,2
355-11,355,11,0,0.1285349875688552,2
355-12,355,12,0,0.1285349875688552,2
356-0,356,0,0,0.2144109606742859,5
356-1,356,1,0,0.2144109606742859,5
356-2,356,2,1,0.7855890393257141,5
356-3,356,3,0,0.2144109606742859,5
356-4,356,4,0,0.2144109606742859,5
356-5,356,5,1,0.7855890393257141,5
356-6,356,6,0,0.2144109606742859,5
356-7,356,7,0,0.2144109606742859,5
356-8,356,8,0,0.2144109606742859,5
356-9,356,9,0,0.2144109606742859,5
356-10,356,10,0,0.2144109606742859,5
356-11,356,11,0,0.2144109606742859,5
356-12,356,12,0,0.2144109606742859,5
357-0,357,0,0,0.4857731163501739,5
357-1,357,1,0,0.4857731163501739,5
357-2,357,2,0,0.4857731163501739,5
357-3,357,3,0,0.4857731163501739,5
357-4,357,4,0,0.4857731163501739,5
357-5,357,5,0,0.4857731163501739,5
357-6,357,6,0,0.4857731163501739,5
357-7,357,7,0,0.4857731163501739,5
357-8,357,8,0,0.4857731163501739,5
357-9,357,9,0,0.4857731163501739,5
357-10,357,10,0,0.4857731163501739,5
357-11,357,11,0,0.4857731163501739,5
357-12,357,12,0,0.4857731163501739,5
358-0,358,0,1,0.9146642833948136,3
358-1,358,1,0,0.0853357166051864,3
358-2,358,2,0,0.0853357166051864,3
358-3,358,3,0,0.0853357166051864,3
358-4,358,4,0,0.0853357166051864,3
358-5,358,5,0,0.0853357166051864,3
358-6,358,6,0,0.0853357166051864,3
358-7,358,7,0,0.0853357166051864,3
358-8,358,8,0,0.0853357166051864,3
358-9,358,9,0,0.0853357166051864,3
358-10,358,10,0,0.0853357166051864,3
358-11,358,11,0,0.0853357166051864,3
358-12,358,12,0,0.0853357166051864,3
359-0,359,0,0,0.0091598629951475,5
359-1,359,1,0,0.0091598629951475,5
359-2,359,2,0,0.0091598629951475,5
359-3,359,3,1,0.9908401370048524,5
359-4,359,4,0,0.0091598629951475,5
359-5,359,5,0,0.0091598629951475,5
359-6,359,6,0,0.0091598629951475,5
359-7,359,7,0,0.0091598629951475,5
359-8,359,8,0,0.0091598629951475,5
359-9,359,9,0,0.0091598629951475,5
359-10,359,10,0,0.0091598629951475,5
359-11,359,11,0,0.0091598629951475,5
359-12,359,12,0,0.0091598629951475,5
360-0,360,0,0,0.522675096988678,5
360-1,360,1,0,0.522675096988678,5
360-2,360,2,0,0.522675096988678,5
360-3,360,3,0,0.522675096988678,5
360-4,360,4,0,0.522675096988678,5
360-5,360,5,0,0.522675096988678,5
360-6,360,6,0,0.522675096988678,5
360-7,360,7,0,0.522675096988678,5
360-8,360,8,0,0.522675096988678,5
360-9,360,9,0,0.522675096988678,5
360-10,360,10,0,0.522675096988678,5
360-11,360,11,0,0.522675096988678,5
360-12,360,12,0,0.522675096988678,5
361-0,361,0,0,0.0093290051445364,5
361-1,361,1,0,0.0093290051445364,5
361-2,361,2,0,0.0093290051445364,5
361-3,361,3,0,0.0093290051445364,5
361-4,361,4,0,0.0093290051445364,5
361-5,361,5,0,0.0093290051445364,5
361-6,361,6,0,0.0093290051445364,5
361-7,361,7,0,0.0093290051445364,5
361-8,361,8,0,0.0093290051445364,5
361-9,361,9,0,0.0093290051445364,5
361-10,361,10,0,0.0093290051445364,5
361-11,361,11,0,0.0093290051445364,5
361-12,361,12,0,0.0093290051445364,5
362-0,362,0,1,0.9671336151659488,2
362-1,362,1,1,0.9671336151659488,2
362-2,362,2,1,0.9671336151659488,2
362-3,362,3,1,0.9671336151659488,2
362-4,362,4,0,0.0328663848340511,2
362-5,362,5,0,0.0328663848340511,2
362-6,362,6,0,0.0328663848340511,2
362-7,362,7,1,0.9671336151659488,2
362-8,362,8,1,0.9671336151659488,2
362-9,362,9,1,0.9671336151659488,2
362-10,362,10,1,0.9671336151659488,2
362-11,362,11,1,0.9671336151659488,2
362-12,362,12,1,0.9671336151659488,2
363-0,363,0,1,0.9140676259994508,1
363-1,363,1,1,0.9140676259994508,1
363-2,363,2,1,0.9140676259994508,1
363-3,363,3,1,0.9140676259994508,1
363-4,363,4,1,0.9140676259994508,1
363-5,363,5,1,0.9140676259994508,1
363-6,363,6,0,0.0859323740005492,1
363-7,363,7,1,0.9140676259994508,1
363-8,363,8,1,0.9140676259994508,1
363-9,363,9,1,0.9140676259994508,1
363-10,363,10,1,0.9140676259994508,1
363-11,363,11,1,0.9140676259994508,1
363-12,363,12,1,0.9140676259994508,1
364-0,364,0,0,0.9271562099456788,5
364-1,364,1,0,0.9271562099456788,5
364-2,364,2,0,0.9271562099456788,5
364-3,364,3,0,0.9271562099456788,5
364-4,364,4,0,0.9271562099456788,5
364-5,364,5,0,0.9271562099456788,5
364-6,364,6,0,0.9271562099456788,5
364-7,364,7,1,0.0728437900543211,5
364-8,364,8,0,0.9271562099456788,5
364-9,364,9,0,0.9271562099456788,5
364-10,364,10,1,0.0728437900543211,5
364-11,364,11,1,0.0728437900543211,5
364-12,364,12,0,0.9271562099456788,5
365-0,365,0,0,0.7168349623680115,2
365-1,365,1,0,0.7168349623680115,2
365-2,365,2,1,0.2831650376319885,2
365-3,365,3,0,0.7168349623680115,2
365-4,365,4,0,0.7168349623680115,2
365-5,365,5,0,0.7168349623680115,2
365-6,365,6,0,0.7168349623680115,2
365-7,365,7,1,0.2831650376319885,2
365-8,365,8,0,0.7168349623680115,2
365-9,365,9,0,0.7168349623680115,2
365-10,365,10,0,0.7168349623680115,2
365-11,365,11,0,0.7168349623680115,2
365-12,365,12,0,0.7168349623680115,2
366-0,366,0,1,0.3815105557441711,3
366-1,366,1,0,0.6184894442558289,3
366-2,366,2,0,0.6184894442558289,3
366-3,366,3,1,0.3815105557441711,3
366-4,366,4,0,0.6184894442558289,3
366-5,366,5,0,0.6184894442558289,3
366-6,366,6,0,0.6184894442558289,3
366-7,366,7,0,0.6184894442558289,3
366-8,366,8,0,0.6184894442558289,3
366-9,366,9,0,0.6184894442558289,3
366-10,366,10,0,0.6184894442558289,3
366-11,366,11,0,0.6184894442558289,3
366-12,366,12,0,0.6184894442558289,3
367-0,367,0,1,0.4644578099250793,3
367-1,367,1,0,0.5355421900749207,3
367-2,367,2,0,0.5355421900749207,3
367-3,367,3,0,0.5355421900749207,3
367-4,367,4,0,0.5355421900749207,3
367-5,367,5,1,0.4644578099250793,3
367-6,367,6,1,0.4644578099250793,3
367-7,367,7,0,0.5355421900749207,3
367-8,367,8,1,0.4644578099250793,3
367-9,367,9,1,0.4644578099250793,3
367-10,367,10,0,0.5355421900749207,3
367-11,367,11,0,0.5355421900749207,3
367-12,367,12,0,0.5355421900749207,3
368-0,368,0,1,0.0728549957275391,2
368-1,368,1,1,0.0728549957275391,2
368-2,368,2,1,0.0728549957275391,2
368-3,368,3,1,0.0728549957275391,2
368-4,368,4,1,0.0728549957275391,2
368-5,368,5,1,0.0728549957275391,2
368-6,368,6,1,0.0728549957275391,2
368-7,368,7,1,0.0728549957275391,2
368-8,368,8,1,0.0728549957275391,2
368-9,368,9,1,0.0728549957275391,2
368-10,368,10,1,0.0728549957275391,2
368-11,368,11,1,0.0728549957275391,2
368-12,368,12,1,0.0728549957275391,2
369-0,369,0,0,0.814827561378479,5
369-1,369,1,0,0.814827561378479,5
369-2,369,2,0,0.814827561378479,5
369-3,369,3,0,0.814827561378479,5
369-4,369,4,0,0.814827561378479,5
369-5,369,5,0,0.814827561378479,5
369-6,369,6,0,0.814827561378479,5
369-7,369,7,0,0.814827561378479,5
369-8,369,8,0,0.814827561378479,5
369-9,369,9,0,0.814827561378479,5
369-10,369,10,0,0.814827561378479,5
369-11,369,11,0,0.814827561378479,5
369-12,369,12,0,0.814827561378479,5
370-0,370,0,0,0.2314985990524292,2
370-1,370,1,0,0.2314985990524292,2
370-2,370,2,0,0.2314985990524292,2
370-3,370,3,1,0.7685014009475708,2
370-4,370,4,0,0.2314985990524292,2
370-5,370,5,0,0.2314985990524292,2
370-6,370,6,0,0.2314985990524292,2
370-7,370,7,0,0.2314985990524292,2
370-8,370,8,0,0.2314985990524292,2
370-9,370,9,0,0.2314985990524292,2
370-10,370,10,0,0.2314985990524292,2
370-11,370,11,0,0.2314985990524292,2
370-12,370,12,0,0.2314985990524292,2
371-0,371,0,0,0.4141083359718323,2
371-1,371,1,0,0.4141083359718323,2
371-2,371,2,0,0.4141083359718323,2
371-3,371,3,0,0.4141083359718323,2
371-4,371,4,0,0.4141083359718323,2
371-5,371,5,1,0.5858916640281677,2
371-6,371,6,0,0.4141083359718323,2
371-7,371,7,0,0.4141083359718323,2
371-8,371,8,0,0.4141083359718323,2
371-9,371,9,0,0.4141083359718323,2
371-10,371,10,0,0.4141083359718323,2
371-11,371,11,0,0.4141083359718323,2
371-12,371,12,0,0.4141083359718323,2
372-0,372,0,0,0.082093745470047,5
372-1,372,1,0,0.082093745470047,5
372-2,372,2,0,0.082093745470047,5
372-3,372,3,0,0.082093745470047,5
372-4,372,4,0,0.082093745470047,5
372-5,372,5,0,0.082093745470047,5
372-6,372,6,0,0.082093745470047,5
372-7,372,7,0,0.082093745470047,5
372-8,372,8,0,0.082093745470047,5
372-9,372,9,0,0.082093745470047,5
372-10,372,10,0,0.082093745470047,5
372-11,372,11,0,0.082093745470047,5
372-12,372,12,0,0.082093745470047,5
373-0,373,0,0,0.0896324142813682,3
373-1,373,1,0,0.0896324142813682,3
373-2,373,2,1,0.9103675857186316,3
373-3,373,3,0,0.0896324142813682,3
373-4,373,4,0,0.0896324142813682,3
373-5,373,5,0,0.0896324142813682,3
373-6,373,6,0,0.0896324142813682,3
373-7,373,7,0,0.0896324142813682,3
373-8,373,8,0,0.0896324142813682,3
373-9,373,9,0,0.0896324142813682,3
373-10,373,10,1,0.9103675857186316,3
373-11,373,11,0,0.0896324142813682,3
373-12,373,12,0,0.0896324142813682,3
374-0,374,0,0,0.1665621548891067,1
374-1,374,1,0,0.1665621548891067,1
374-2,374,2,1,0.8334378451108932,1
374-3,374,3,0,0.1665621548891067,1
374-4,374,4,1,0.8334378451108932,1
374-5,374,5,0,0.1665621548891067,1
374-6,374,6,0,0.1665621548891067,1
374-7,374,7,1,0.8334378451108932,1
374-8,374,8,0,0.1665621548891067,1
374-9,374,9,1,0.8334378451108932,1
374-10,374,10,1,0.8334378451108932,1
374-11,374,11,0,0.1665621548891067,1
374-12,374,12,0,0.1665621548891067,1
375-0,375,0,0,0.2829542458057403,4
375-1,375,1,0,0.2829542458057403,4
375-2,375,2,0,0.2829542458057403,4
375-3,375,3,0,0.2829542458057403,4
375-4,375,4,0,0.2829542458057403,4
375-5,375,5,0,0.2829542458057403,4
375-6,375,6,0,0.2829542458057403,4
375-7,375,7,0,0.2829542458057403,4
375-8,375,8,0,0.2829542458057403,4
375-9,375,9,0,0.2829542458057403,4
375-10,375,10,0,0.2829542458057403,4
375-11,375,11,0,0.2829542458057403,4
375-12,375,12,0,0.2829542458057403,4
376-0,376,0,1,0.9868119135499,2
376-1,376,1,0,0.0131880864500999,2
376-2,376,2,0,0.0131880864500999,2
376-3,376,3,0,0.0131880864500999,2
376-4,376,4,0,0.0131880864500999,2
376-5,376,5,0,0.0131880864500999,2
376-6,376,6,0,0.0131880864500999,2
376-7,376,7,0,0.0131880864500999,2
376-8,376,8,0,0.0131880864500999,2
376-9,376,9,0,0.0131880864500999,2
376-10,376,10,0,0.0131880864500999,2
376-11,376,11,0,0.0131880864500999,2
376-12,376,12,0,0.0131880864500999,2
377-0,377,0,0,0.0240614842623472,4
377-1,377,1,0,0.0240614842623472,4
377-2,377,2,0,0.0240614842623472,4
377-3,377,3,0,0.0240614842623472,4
377-4,377,4,0,0.0240614842623472,4
377-5,377,5,0,0.0240614842623472,4
377-6,377,6,0,0.0240614842623472,4
377-7,377,7,0,0.0240614842623472,4
377-8,377,8,0,0.0240614842623472,4
377-9,377,9,0,0.0240614842623472,4
377-10,377,10,0,0.0240614842623472,4
377-11,377,11,0,0.0240614842623472,4
377-12,377,12,0,0.0240614842623472,4
378-0,378,0,0,0.0319086499512195,2
378-1,378,1,0,0.0319086499512195,2
378-2,378,2,0,0.0319086499512195,2
378-3,378,3,0,0.0319086499512195,2
378-4,378,4,0,0.0319086499512195,2
378-5,378,5,0,0.0319086499512195,2
378-6,378,6,0,0.0319086499512195,2
378-7,378,7,0,0.0319086499512195,2
378-8,378,8,0,0.0319086499512195,2
378-9,378,9,0,0.0319086499512195,2
378-10,378,10,0,0.0319086499512195,2
378-11,378,11,0,0.0319086499512195,2
378-12,378,12,0,0.0319086499512195,2
379-0,379,0,0,0.0003379422414582,5
379-1,379,1,0,0.0003379422414582,5
379-2,379,2,1,0.9996620577585418,5
379-3,379,3,0,0.0003379422414582,5
379-4,379,4,0,0.0003379422414582,5
379-5,379,5,0,0.0003379422414582,5
379-6,379,6,0,0.0003379422414582,5
379-7,379,7,0,0.0003379422414582,5
379-8,379,8,0,0.0003379422414582,5
379-9,379,9,0,0.0003379422414582,5
379-10,379,10,0,0.0003379422414582,5
379-11,379,11,0,0.0003379422414582,5
379-12,379,12,0,0.0003379422414582,5
380-0,380,0,0,0.2763293981552124,1
380-1,380,1,0,0.2763293981552124,1
380-2,380,2,0,0.2763293981552124,1
380-3,380,3,0,0.2763293981552124,1
380-4,380,4,0,0.2763293981552124,1
380-5,380,5,0,0.2763293981552124,1
380-6,380,6,0,0.2763293981552124,1
380-7,380,7,0,0.2763293981552124,1
380-8,380,8,0,0.2763293981552124,1
380-9,380,9,0,0.2763293981552124,1
380-10,380,10,0,0.2763293981552124,1
380-11,380,11,0,0.2763293981552124,1
380-12,380,12,0,0.2763293981552124,1
381-0,381,0,0,0.1103771328926086,4
381-1,381,1,0,0.1103771328926086,4
381-2,381,2,0,0.1103771328926086,4
381-3,381,3,0,0.1103771328926086,4
381-4,381,4,0,0.1103771328926086,4
381-5,381,5,0,0.1103771328926086,4
381-6,381,6,0,0.1103771328926086,4
381-7,381,7,0,0.1103771328926086,4
381-8,381,8,0,0.1103771328926086,4
381-9,381,9,0,0.1103771328926086,4
381-10,381,10,0,0.1103771328926086,4
381-11,381,11,0,0.1103771328926086,4
381-12,381,12,0,0.1103771328926086,4
382-0,382,0,0,0.057105839252472,1
382-1,382,1,0,0.057105839252472,1
382-2,382,2,0,0.057105839252472,1
382-3,382,3,0,0.057105839252472,1
382-4,382,4,0,0.057105839252472,1
382-5,382,5,0,0.057105839252472,1
382-6,382,6,0,0.057105839252472,1
382-7,382,7,0,0.057105839252472,1
382-8,382,8,0,0.057105839252472,1
382-9,382,9,0,0.057105839252472,1
382-10,382,10,0,0.057105839252472,1
382-11,382,11,0,0.057105839252472,1
382-12,382,12,0,0.057105839252472,1
383-0,383,0,0,0.9994783997535706,5
383-1,383,1,1,0.0005216002464294,5
383-2,383,2,1,0.0005216002464294,5
383-3,383,3,0,0.9994783997535706,5
383-4,383,4,1,0.0005216002464294,5
383-5,383,5,1,0.0005216002464294,5
383-6,383,6,1,0.0005216002464294,5
383-7,383,7,1,0.0005216002464294,5
383-8,383,8,1,0.0005216002464294,5
383-9,383,9,1,0.0005216002464294,5
383-10,383,10,1,0.0005216002464294,5
383-11,383,11,1,0.0005216002464294,5
383-12,383,12,1,0.0005216002464294,5
384-0,384,0,1,0.9845993258059024,2
384-1,384,1,1,0.9845993258059024,2
384-2,384,2,1,0.9845993258059024,2
384-3,384,3,1,0.9845993258059024,2
384-4,384,4,0,0.0154006741940975,2
384-5,384,5,0,0.0154006741940975,2
384-6,384,6,0,0.0154006741940975,2
384-7,384,7,1,0.9845993258059024,2
384-8,384,8,1,0.9845993258059024,2
384-9,384,9,0,0.0154006741940975,2
384-10,384,10,1,0.9845993258059024,2
384-11,384,11,1,0.9845993258059024,2
384-12,384,12,1,0.9845993258059024,2
385-0,385,0,0,0.0666067004203796,1
385-1,385,1,0,0.0666067004203796,1
385-2,385,2,0,0.0666067004203796,1
385-3,385,3,0,0.0666067004203796,1
385-4,385,4,0,0.0666067004203796,1
385-5,385,5,0,0.0666067004203796,1
385-6,385,6,0,0.0666067004203796,1
385-7,385,7,0,0.0666067004203796,1
385-8,385,8,0,0.0666067004203796,1
385-9,385,9,0,0.0666067004203796,1
385-10,385,10,0,0.0666067004203796,1
385-11,385,11,0,0.0666067004203796,1
385-12,385,12,0,0.0666067004203796,1
386-0,386,0,0,0.0558492913842201,2
386-1,386,1,0,0.0558492913842201,2
386-2,386,2,0,0.0558492913842201,2
386-3,386,3,0,0.0558492913842201,2
386-4,386,4,0,0.0558492913842201,2
386-5,386,5,0,0.0558492913842201,2
386-6,386,6,0,0.0558492913842201,2
386-7,386,7,0,0.0558492913842201,2
386-8,386,8,0,0.0558492913842201,2
386-9,386,9,0,0.0558492913842201,2
386-10,386,10,0,0.0558492913842201,2
386-11,386,11,0,0.0558492913842201,2
386-12,386,12,0,0.0558492913842201,2
387-0,387,0,0,0.0001639472029637,5
387-1,387,1,0,0.0001639472029637,5
387-2,387,2,0,0.0001639472029637,5
387-3,387,3,0,0.0001639472029637,5
387-4,387,4,0,0.0001639472029637,5
387-5,387,5,0,0.0001639472029637,5
387-6,387,6,0,0.0001639472029637,5
387-7,387,7,0,0.0001639472029637,5
387-8,387,8,0,0.0001639472029637,5
387-9,387,9,0,0.0001639472029637,5
387-10,387,10,0,0.0001639472029637,5
387-11,387,11,0,0.0001639472029637,5
387-12,387,12,0,0.0001639472029637,5
388-0,388,0,0,0.1625633835792541,2
388-1,388,1,0,0.1625633835792541,2
388-2,388,2,0,0.1625633835792541,2
388-3,388,3,0,0.1625633835792541,2
388-4,388,4,0,0.1625633835792541,2
388-5,388,5,0,0.1625633835792541,2
388-6,388,6,0,0.1625633835792541,2
388-7,388,7,0,0.1625633835792541,2
388-8,388,8,0,0.1625633835792541,2
388-9,388,9,0,0.1625633835792541,2
388-10,388,10,0,0.1625633835792541,2
388-11,388,11,0,0.1625633835792541,2
388-12,388,12,0,0.1625633835792541,2
389-0,389,0,0,0.0456307120621204,2
389-1,389,1,0,0.0456307120621204,2
389-2,389,2,0,0.0456307120621204,2
389-3,389,3,0,0.0456307120621204,2
389-4,389,4,0,0.0456307120621204,2
389-5,389,5,0,0.0456307120621204,2
389-6,389,6,0,0.0456307120621204,2
389-7,389,7,0,0.0456307120621204,2
389-8,389,8,0,0.0456307120621204,2
389-9,389,9,0,0.0456307120621204,2
389-10,389,10,0,0.0456307120621204,2
389-11,389,11,0,0.0456307120621204,2
389-12,389,12,0,0.0456307120621204,2
390-0,390,0,0,0.0076181055046617,5
390-1,390,1,0,0.0076181055046617,5
390-2,390,2,1,0.9923818944953384,5
390-3,390,3,0,0.0076181055046617,5
390-4,390,4,0,0.0076181055046617,5
390-5,390,5,0,0.0076181055046617,5
390-6,390,6,0,0.0076181055046617,5
390-7,390,7,0,0.0076181055046617,5
390-8,390,8,0,0.0076181055046617,5
390-9,390,9,0,0.0076181055046617,5
390-10,390,10,0,0.0076181055046617,5
390-11,390,11,0,0.0076181055046617,5
390-12,390,12,0,0.0076181055046617,5
391-0,391,0,0,0.054798025637865,1
391-1,391,1,0,0.054798025637865,1
391-2,391,2,1,0.945201974362135,1
391-3,391,3,0,0.054798025637865,1
391-4,391,4,0,0.054798025637865,1
391-5,391,5,0,0.054798025637865,1
391-6,391,6,1,0.945201974362135,1
391-7,391,7,1,0.945201974362135,1
391-8,391,8,0,0.054798025637865,1
391-9,391,9,0,0.054798025637865,1
391-10,391,10,0,0.054798025637865,1
391-11,391,11,0,0.054798025637865,1
391-12,391,12,0,0.054798025637865,1
392-0,392,0,0,0.7926755547523499,4
392-1,392,1,0,0.7926755547523499,4
392-2,392,2,0,0.7926755547523499,4
392-3,392,3,0,0.7926755547523499,4
392-4,392,4,0,0.7926755547523499,4
392-5,392,5,0,0.7926755547523499,4
392-6,392,6,0,0.7926755547523499,4
392-7,392,7,0,0.7926755547523499,4
392-8,392,8,0,0.7926755547523499,4
392-9,392,9,0,0.7926755547523499,4
392-10,392,10,0,0.7926755547523499,4
392-11,392,11,0,0.7926755547523499,4
392-12,392,12,0,0.7926755547523499,4
393-0,393,0,0,0.4096556901931762,3
393-1,393,1,0,0.4096556901931762,3
393-2,393,2,0,0.4096556901931762,3
393-3,393,3,0,0.4096556901931762,3
393-4,393,4,0,0.4096556901931762,3
393-5,393,5,1,0.5903443098068237,3
393-6,393,6,0,0.4096556901931762,3
393-7,393,7,0,0.4096556901931762,3
393-8,393,8,0,0.4096556901931762,3
393-9,393,9,0,0.4096556901931762,3
393-10,393,10,0,0.4096556901931762,3
393-11,393,11,0,0.4096556901931762,3
393-12,393,12,0,0.4096556901931762,3
394-0,394,0,0,0.153028666973114,4
394-1,394,1,0,0.153028666973114,4
394-2,394,2,0,0.153028666973114,4
394-3,394,3,0,0.153028666973114,4
394-4,394,4,0,0.153028666973114,4
394-5,394,5,0,0.153028666973114,4
394-6,394,6,0,0.153028666973114,4
394-7,394,7,0,0.153028666973114,4
394-8,394,8,0,0.153028666973114,4
394-9,394,9,0,0.153028666973114,4
394-10,394,10,0,0.153028666973114,4
394-11,394,11,0,0.153028666973114,4
394-12,394,12,0,0.153028666973114,4
395-0,395,0,0,0.1621136665344238,2
395-1,395,1,0,0.1621136665344238,2
395-2,395,2,0,0.1621136665344238,2
395-3,395,3,0,0.1621136665344238,2
395-4,395,4,0,0.1621136665344238,2
395-5,395,5,1,0.8378863334655762,2
395-6,395,6,0,0.1621136665344238,2
395-7,395,7,1,0.8378863334655762,2
395-8,395,8,0,0.1621136665344238,2
395-9,395,9,0,0.1621136665344238,2
395-10,395,10,1,0.8378863334655762,2
395-11,395,11,0,0.1621136665344238,2
395-12,395,12,0,0.1621136665344238,2
396-0,396,0,0,0.6924046277999878,4
396-1,396,1,0,0.6924046277999878,4
396-2,396,2,0,0.6924046277999878,4
396-3,396,3,0,0.6924046277999878,4
396-4,396,4,0,0.6924046277999878,4
396-5,396,5,0,0.6924046277999878,4
396-6,396,6,0,0.6924046277999878,4
396-7,396,7,0,0.6924046277999878,4
396-8,396,8,0,0.6924046277999878,4
396-9,396,9,0,0.6924046277999878,4
396-10,396,10,0,0.6924046277999878,4
396-11,396,11,0,0.6924046277999878,4
396-12,396,12,0,0.6924046277999878,4
397-0,397,0,0,0.0499698184430599,2
397-1,397,1,0,0.0499698184430599,2
397-2,397,2,1,0.95003018155694,2
397-3,397,3,0,0.0499698184430599,2
397-4,397,4,0,0.0499698184430599,2
397-5,397,5,0,0.0499698184430599,2
397-6,397,6,0,0.0499698184430599,2
397-7,397,7,0,0.0499698184430599,2
397-8,397,8,0,0.0499698184430599,2
397-9,397,9,0,0.0499698184430599,2
397-10,397,10,0,0.0499698184430599,2
397-11,397,11,0,0.0499698184430599,2
397-12,397,12,0,0.0499698184430599,2
398-0,398,0,0,0.9960220456123352,5
398-1,398,1,0,0.9960220456123352,5
398-2,398,2,1,0.0039779543876647,5
398-3,398,3,0,0.9960220456123352,5
398-4,398,4,1,0.0039779543876647,5
398-5,398,5,0,0.9960220456123352,5
398-6,398,6,1,0.0039779543876647,5
398-7,398,7,1,0.0039779543876647,5
398-8,398,8,1,0.0039779543876647,5
398-9,398,9,1,0.0039779543876647,5
398-10,398,10,1,0.0039779543876647,5
398-11,398,11,1,0.0039779543876647,5
398-12,398,12,0,0.9960220456123352,5
399-0,399,0,0,0.1667805165052414,4
399-1,399,1,0,0.1667805165052414,4
399-2,399,2,1,0.8332194834947586,4
399-3,399,3,1,0.8332194834947586,4
399-4,399,4,0,0.1667805165052414,4
399-5,399,5,0,0.1667805165052414,4
399-6,399,6,1,0.8332194834947586,4
399-7,399,7,0,0.1667805165052414,4
399-8,399,8,0,0.1667805165052414,4
399-9,399,9,0,0.1667805165052414,4
399-10,399,10,0,0.1667805165052414,4
399-11,399,11,0,0.1667805165052414,4
399-12,399,12,0,0.1667805165052414,4
400-0,400,0,0,0.7153865694999695,4
400-1,400,1,0,0.7153865694999695,4
400-2,400,2,0,0.7153865694999695,4
400-3,400,3,0,0.7153865694999695,4
400-4,400,4,0,0.7153865694999695,4
400-5,400,5,0,0.7153865694999695,4
400-6,400,6,1,0.2846134305000305,4
400-7,400,7,0,0.7153865694999695,4
400-8,400,8,0,0.7153865694999695,4
400-9,400,9,0,0.7153865694999695,4
400-10,400,10,0,0.7153865694999695,4
400-11,400,11,0,0.7153865694999695,4
400-12,400,12,0,0.7153865694999695,4
401-0,401,0,0,0.0204417109489439,2
401-1,401,1,0,0.0204417109489439,2
401-2,401,2,0,0.0204417109489439,2
401-3,401,3,0,0.0204417109489439,2
401-4,401,4,0,0.0204417109489439,2
401-5,401,5,0,0.0204417109489439,2
401-6,401,6,0,0.0204417109489439,2
401-7,401,7,0,0.0204417109489439,2
401-8,401,8,0,0.0204417109489439,2
401-9,401,9,0,0.0204417109489439,2
401-10,401,10,0,0.0204417109489439,2
401-11,401,11,0,0.0204417109489439,2
401-12,401,12,0,0.0204417109489439,2
402-0,402,0,1,0.9870193544775248,4
402-1,402,1,1,0.9870193544775248,4
402-2,402,2,1,0.9870193544775248,4
402-3,402,3,0,0.0129806455224752,4
402-4,402,4,0,0.0129806455224752,4
402-5,402,5,0,0.0129806455224752,4
402-6,402,6,0,0.0129806455224752,4
402-7,402,7,1,0.9870193544775248,4
402-8,402,8,0,0.0129806455224752,4
402-9,402,9,0,0.0129806455224752,4
402-10,402,10,0,0.0129806455224752,4
402-11,402,11,0,0.0129806455224752,4
402-12,402,12,0,0.0129806455224752,4
403-0,403,0,0,0.2278624773025512,4
403-1,403,1,0,0.2278624773025512,4
403-2,403,2,0,0.2278624773025512,4
403-3,403,3,1,0.7721375226974487,4
403-4,403,4,0,0.2278624773025512,4
403-5,403,5,1,0.7721375226974487,4
403-6,403,6,0,0.2278624773025512,4
403-7,403,7,0,0.2278624773025512,4
403-8,403,8,0,0.2278624773025512,4
403-9,403,9,1,0.7721375226974487,4
403-10,403,10,0,0.2278624773025512,4
403-11,403,11,0,0.2278624773025512,4
403-12,403,12,0,0.2278624773025512,4
404-0,404,0,0,0.0474391840398311,3
404-1,404,1,0,0.0474391840398311,3
404-2,404,2,1,0.952560815960169,3
404-3,404,3,0,0.0474391840398311,3
404-4,404,4,1,0.952560815960169,3
404-5,404,5,0,0.0474391840398311,3
404-6,404,6,1,0.952560815960169,3
404-7,404,7,0,0.0474391840398311,3
404-8,404,8,1,0.952560815960169,3
404-9,404,9,0,0.0474391840398311,3
404-10,404,10,0,0.0474391840398311,3
404-11,404,11,0,0.0474391840398311,3
404-12,404,12,0,0.0474391840398311,3
405-0,405,0,1,0.133924588561058,3
405-1,405,1,0,0.866075411438942,3
405-2,405,2,1,0.133924588561058,3
405-3,405,3,1,0.133924588561058,3
405-4,405,4,1,0.133924588561058,3
405-5,405,5,1,0.133924588561058,3
405-6,405,6,0,0.866075411438942,3
405-7,405,7,0,0.866075411438942,3
405-8,405,8,0,0.866075411438942,3
405-9,405,9,0,0.866075411438942,3
405-10,405,10,0,0.866075411438942,3
405-11,405,11,0,0.866075411438942,3
405-12,405,12,0,0.866075411438942,3
406-0,406,0,0,0.9851966416463256,4
406-1,406,1,1,0.0148033583536744,4
406-2,406,2,1,0.0148033583536744,4
406-3,406,3,1,0.0148033583536744,4
406-4,406,4,0,0.9851966416463256,4
406-5,406,5,1,0.0148033583536744,4
406-6,406,6,0,0.9851966416463256,4
406-7,406,7,0,0.9851966416463256,4
406-8,406,8,0,0.9851966416463256,4
406-9,406,9,1,0.0148033583536744,4
406-10,406,10,1,0.0148033583536744,4
406-11,406,11,1,0.0148033583536744,4
406-12,406,12,0,0.9851966416463256,4
407-0,407,0,1,0.946697685867548,3
407-1,407,1,0,0.053302314132452,3
407-2,407,2,0,0.053302314132452,3
407-3,407,3,1,0.946697685867548,3
407-4,407,4,0,0.053302314132452,3
407-5,407,5,0,0.053302314132452,3
407-6,407,6,0,0.053302314132452,3
407-7,407,7,1,0.946697685867548,3
407-8,407,8,0,0.053302314132452,3
407-9,407,9,0,0.053302314132452,3
407-10,407,10,0,0.053302314132452,3
407-11,407,11,1,0.946697685867548,3
407-12,407,12,0,0.053302314132452,3
408-0,408,0,1,0.971205733716488,4
408-1,408,1,1,0.971205733716488,4
408-2,408,2,1,0.971205733716488,4
408-3,408,3,1,0.971205733716488,4
408-4,408,4,0,0.0287942662835121,4
408-5,408,5,0,0.0287942662835121,4
408-6,408,6,0,0.0287942662835121,4
408-7,408,7,1,0.971205733716488,4
408-8,408,8,1,0.971205733716488,4
408-9,408,9,1,0.971205733716488,4
408-10,408,10,0,0.0287942662835121,4
408-11,408,11,1,0.971205733716488,4
408-12,408,12,1,0.971205733716488,4
409-0,409,0,0,0.0863946080207823,2
409-1,409,1,0,0.0863946080207823,2
409-2,409,2,0,0.0863946080207823,2
409-3,409,3,1,0.9136053919792176,2
409-4,409,4,0,0.0863946080207823,2
409-5,409,5,0,0.0863946080207823,2
409-6,409,6,0,0.0863946080207823,2
409-7,409,7,0,0.0863946080207823,2
409-8,409,8,0,0.0863946080207823,2
409-9,409,9,0,0.0863946080207823,2
409-10,409,10,0,0.0863946080207823,2
409-11,409,11,0,0.0863946080207823,2
409-12,409,12,0,0.0863946080207823,2
410-0,410,0,1,0.0849834680557252,5
410-1,410,1,1,0.0849834680557252,5
410-2,410,2,1,0.0849834680557252,5
410-3,410,3,1,0.0849834680557252,5
410-4,410,4,1,0.0849834680557252,5
410-5,410,5,1,0.0849834680557252,5
410-6,410,6,1,0.0849834680557252,5
410-7,410,7,1,0.0849834680557252,5
410-8,410,8,1,0.0849834680557252,5
410-9,410,9,1,0.0849834680557252,5
410-10,410,10,1,0.0849834680557252,5
410-11,410,11,1,0.0849834680557252,5
410-12,410,12,0,0.9150165319442748,5
411-0,411,0,0,0.3209952712059021,1
411-1,411,1,0,0.3209952712059021,1
411-2,411,2,0,0.3209952712059021,1
411-3,411,3,1,0.6790047287940979,1
411-4,411,4,0,0.3209952712059021,1
411-5,411,5,0,0.3209952712059021,1
411-6,411,6,0,0.3209952712059021,1
411-7,411,7,0,0.3209952712059021,1
411-8,411,8,0,0.3209952712059021,1
411-9,411,9,0,0.3209952712059021,1
411-10,411,10,0,0.3209952712059021,1
411-11,411,11,0,0.3209952712059021,1
411-12,411,12,0,0.3209952712059021,1
412-0,412,0,0,0.3126415610313415,4
412-1,412,1,0,0.3126415610313415,4
412-2,412,2,0,0.3126415610313415,4
412-3,412,3,0,0.3126415610313415,4
412-4,412,4,0,0.3126415610313415,4
412-5,412,5,0,0.3126415610313415,4
412-6,412,6,0,0.3126415610313415,4
412-7,412,7,0,0.3126415610313415,4
412-8,412,8,0,0.3126415610313415,4
412-9,412,9,0,0.3126415610313415,4
412-10,412,10,0,0.3126415610313415,4
412-11,412,11,0,0.3126415610313415,4
412-12,412,12,0,0.3126415610313415,4
413-0,413,0,0,0.2295445948839187,1
413-1,413,1,0,0.2295445948839187,1
413-2,413,2,1,0.7704554051160812,1
413-3,413,3,0,0.2295445948839187,1
413-4,413,4,0,0.2295445948839187,1
413-5,413,5,0,0.2295445948839187,1
413-6,413,6,0,0.2295445948839187,1
413-7,413,7,0,0.2295445948839187,1
413-8,413,8,0,0.2295445948839187,1
413-9,413,9,0,0.2295445948839187,1
413-10,413,10,0,0.2295445948839187,1
413-11,413,11,0,0.2295445948839187,1
413-12,413,12,0,0.2295445948839187,1
414-0,414,0,0,0.9217838048934937,5
414-1,414,1,0,0.9217838048934937,5
414-2,414,2,0,0.9217838048934937,5
414-3,414,3,0,0.9217838048934937,5
414-4,414,4,0,0.9217838048934937,5
414-5,414,5,0,0.9217838048934937,5
414-6,414,6,0,0.9217838048934937,5
414-7,414,7,0,0.9217838048934937,5
414-8,414,8,0,0.9217838048934937,5
414-9,414,9,0,0.9217838048934937,5
414-10,414,10,0,0.9217838048934937,5
414-11,414,11,0,0.9217838048934937,5
414-12,414,12,0,0.9217838048934937,5
415-0,415,0,0,0.0311632752418518,2
415-1,415,1,0,0.0311632752418518,2
415-2,415,2,0,0.0311632752418518,2
415-3,415,3,0,0.0311632752418518,2
415-4,415,4,0,0.0311632752418518,2
415-5,415,5,0,0.0311632752418518,2
415-6,415,6,0,0.0311632752418518,2
415-7,415,7,0,0.0311632752418518,2
415-8,415,8,0,0.0311632752418518,2
415-9,415,9,0,0.0311632752418518,2
415-10,415,10,1,0.9688367247581482,2
415-11,415,11,0,0.0311632752418518,2
415-12,415,12,0,0.0311632752418518,2
416-0,416,0,0,0.5619074702262878,2
416-1,416,1,1,0.4380925297737121,2
416-2,416,2,0,0.5619074702262878,2
416-3,416,3,0,0.5619074702262878,2
416-4,416,4,1,0.4380925297737121,2
416-5,416,5,1,0.4380925297737121,2
416-6,416,6,1,0.4380925297737121,2
416-7,416,7,1,0.4380925297737121,2
416-8,416,8,1,0.4380925297737121,2
416-9,416,9,0,0.5619074702262878,2
416-10,416,10,1,0.4380925297737121,2
416-11,416,11,1,0.4380925297737121,2
416-12,416,12,0,0.5619074702262878,2
417-0,417,0,0,0.219641163945198,3
417-1,417,1,0,0.219641163945198,3
417-2,417,2,1,0.7803588360548019,3
417-3,417,3,0,0.219641163945198,3
417-4,417,4,0,0.219641163945198,3
417-5,417,5,0,0.219641163945198,3
417-6,417,6,0,0.219641163945198,3
417-7,417,7,0,0.219641163945198,3
417-8,417,8,0,0.219641163945198,3
417-9,417,9,0,0.219641163945198,3
417-10,417,10,0,0.219641163945198,3
417-11,417,11,0,0.219641163945198,3
417-12,417,12,0,0.219641163945198,3
418-0,418,0,0,0.0268951021134853,2
418-1,418,1,0,0.0268951021134853,2
418-2,418,2,0,0.0268951021134853,2
418-3,418,3,0,0.0268951021134853,2
418-4,418,4,0,0.0268951021134853,2
418-5,418,5,0,0.0268951021134853,2
418-6,418,6,0,0.0268951021134853,2
418-7,418,7,0,0.0268951021134853,2
418-8,418,8,0,0.0268951021134853,2
418-9,418,9,0,0.0268951021134853,2
418-10,418,10,0,0.0268951021134853,2
418-11,418,11,0,0.0268951021134853,2
418-12,418,12,0,0.0268951021134853,2
419-0,419,0,0,0.0553109124302864,3
419-1,419,1,0,0.0553109124302864,3
419-2,419,2,0,0.0553109124302864,3
419-3,419,3,0,0.0553109124302864,3
419-4,419,4,0,0.0553109124302864,3
419-5,419,5,0,0.0553109124302864,3
419-6,419,6,0,0.0553109124302864,3
419-7,419,7,0,0.0553109124302864,3
419-8,419,8,0,0.0553109124302864,3
419-9,419,9,0,0.0553109124302864,3
419-10,419,10,0,0.0553109124302864,3
419-11,419,11,0,0.0553109124302864,3
419-12,419,12,0,0.0553109124302864,3
420-0,420,0,0,0.0432760268449783,4
420-1,420,1,1,0.9567239731550216,4
420-2,420,2,0,0.0432760268449783,4
420-3,420,3,0,0.0432760268449783,4
420-4,420,4,0,0.0432760268449783,4
420-5,420,5,0,0.0432760268449783,4
420-6,420,6,0,0.0432760268449783,4
420-7,420,7,1,0.9567239731550216,4
420-8,420,8,0,0.0432760268449783,4
420-9,420,9,0,0.0432760268449783,4
420-10,420,10,0,0.0432760268449783,4
420-11,420,11,0,0.0432760268449783,4
420-12,420,12,0,0.0432760268449783,4
421-0,421,0,0,0.4428863823413849,1
421-1,421,1,0,0.4428863823413849,1
421-2,421,2,0,0.4428863823413849,1
421-3,421,3,0,0.4428863823413849,1
421-4,421,4,0,0.4428863823413849,1
421-5,421,5,0,0.4428863823413849,1
421-6,421,6,1,0.5571136176586151,1
421-7,421,7,0,0.4428863823413849,1
421-8,421,8,0,0.4428863823413849,1
421-9,421,9,0,0.4428863823413849,1
421-10,421,10,0,0.4428863823413849,1
421-11,421,11,0,0.4428863823413849,1
421-12,421,12,0,0.4428863823413849,1
422-0,422,0,0,0.4375925958156585,1
422-1,422,1,0,0.4375925958156585,1
422-2,422,2,0,0.4375925958156585,1
422-3,422,3,0,0.4375925958156585,1
422-4,422,4,0,0.4375925958156585,1
422-5,422,5,0,0.4375925958156585,1
422-6,422,6,0,0.4375925958156585,1
422-7,422,7,0,0.4375925958156585,1
422-8,422,8,0,0.4375925958156585,1
422-9,422,9,0,0.4375925958156585,1
422-10,422,10,0,0.4375925958156585,1
422-11,422,11,0,0.4375925958156585,1
422-12,422,12,0,0.4375925958156585,1
423-0,423,0,1,0.8878699615597725,3
423-1,423,1,1,0.8878699615597725,3
423-2,423,2,0,0.1121300384402275,3
423-3,423,3,0,0.1121300384402275,3
423-4,423,4,1,0.8878699615597725,3
423-5,423,5,0,0.1121300384402275,3
423-6,423,6,0,0.1121300384402275,3
423-7,423,7,1,0.8878699615597725,3
423-8,423,8,0,0.1121300384402275,3
423-9,423,9,0,0.1121300384402275,3
423-10,423,10,0,0.1121300384402275,3
423-11,423,11,0,0.1121300384402275,3
423-12,423,12,0,0.1121300384402275,3
424-0,424,0,0,0.7284708023071289,4
424-1,424,1,0,0.7284708023071289,4
424-2,424,2,0,0.7284708023071289,4
424-3,424,3,0,0.7284708023071289,4
424-4,424,4,0,0.7284708023071289,4
424-5,424,5,0,0.7284708023071289,4
424-6,424,6,1,0.2715291976928711,4
424-7,424,7,0,0.7284708023071289,4
424-8,424,8,0,0.7284708023071289,4
424-9,424,9,0,0.7284708023071289,4
424-10,424,10,0,0.7284708023071289,4
424-11,424,11,0,0.7284708023071289,4
424-12,424,12,0,0.7284708023071289,4
425-0,425,0,0,0.107731208205223,3
425-1,425,1,0,0.107731208205223,3
425-2,425,2,0,0.107731208205223,3
425-3,425,3,0,0.107731208205223,3
425-4,425,4,0,0.107731208205223,3
425-5,425,5,0,0.107731208205223,3
425-6,425,6,0,0.107731208205223,3
425-7,425,7,0,0.107731208205223,3
425-8,425,8,0,0.107731208205223,3
425-9,425,9,0,0.107731208205223,3
425-10,425,10,0,0.107731208205223,3
425-11,425,11,0,0.107731208205223,3
425-12,425,12,0,0.107731208205223,3
426-0,426,0,0,0.0466182231903076,2
426-1,426,1,0,0.0466182231903076,2
426-2,426,2,0,0.0466182231903076,2
426-3,426,3,0,0.0466182231903076,2
426-4,426,4,0,0.0466182231903076,2
426-5,426,5,1,0.9533817768096924,2
426-6,426,6,0,0.0466182231903076,2
426-7,426,7,0,0.0466182231903076,2
426-8,426,8,0,0.0466182231903076,2
426-9,426,9,1,0.9533817768096924,2
426-10,426,10,0,0.0466182231903076,2
426-11,426,11,0,0.0466182231903076,2
426-12,426,12,0,0.0466182231903076,2
427-0,427,0,0,0.6386728286743164,1
427-1,427,1,0,0.6386728286743164,1
427-2,427,2,0,0.6386728286743164,1
427-3,427,3,1,0.3613271713256836,1
427-4,427,4,0,0.6386728286743164,1
427-5,427,5,0,0.6386728286743164,1
427-6,427,6,0,0.6386728286743164,1
427-7,427,7,0,0.6386728286743164,1
427-8,427,8,0,0.6386728286743164,1
427-9,427,9,0,0.6386728286743164,1
427-10,427,10,0,0.6386728286743164,1
427-11,427,11,0,0.6386728286743164,1
427-12,427,12,0,0.6386728286743164,1
