id,case_id,rater_id,fold,rating,error-rating,q_ir,ai_probability_class_1,ai_predicted_class,rater_ai_disagreement,rating-confidence,case-difficulty,rater-expertise,d_probability_weighted,threshold_youden,d_probability_unweighted,TARGET,q_pred,d_pred_w,d_pred_u,ai_correct,rater_correct,q_correct,d_correct_w
1-0,1,0,3,0,0,0.0631916150450706,0.0631916150450706,0,0,5,2,4,0.12169316,0.4455930888652801,0.05382829,0,0,0,0,1,1,1,1
1-1,1,1,3,0,0,0.0631916150450706,0.0631916150450706,0,0,5,2,4,0.08780243,0.4455930888652801,0.033251062,0,0,0,0,1,1,1,1
1-2,1,2,3,0,0,0.0631916150450706,0.0631916150450706,0,0,4,2,4,0.032327995,0.4455930888652801,0.016389221,0,0,0,0,1,1,1,1
1-3,1,3,3,0,0,0.0631916150450706,0.0631916150450706,0,0,5,1,4,0.2676423,0.4455930888652801,0.10710165,0,0,0,0,1,1,1,1
1-4,1,4,3,0,0,0.0631916150450706,0.0631916150450706,0,0,4,4,3,0.04404443,0.4455930888652801,0.021168329,0,0,0,0,1,1,1,1
1-5,1,5,3,0,0,0.0631916150450706,0.0631916150450706,0,0,4,3,3,0.14603746,0.4455930888652801,0.07844925,0,0,0,0,1,1,1,1
1-6,1,6,3,0,0,0.0631916150450706,0.0631916150450706,0,0,4,3,2,0.029457582,0.4455930888652801,0.014681262,0,0,0,0,1,1,1,1
1-7,1,7,3,0,0,0.0631916150450706,0.0631916150450706,0,0,5,1,2,0.06247298,0.4455930888652801,0.02787972,0,0,0,0,1,1,1,1
1-8,1,8,3,0,0,0.0631916150450706,0.0631916150450706,0,0,3,3,2,0.03206267,0.4455930888652801,0.022708945,0,0,0,0,1,1,1,1
1-9,1,9,3,0,0,0.0631916150450706,0.0631916150450706,0,0,5,3,4,0.14945708,0.4455930888652801,0.05751574,0,0,0,0,1,1,1,1
1-10,1,10,3,0,0,0.0631916150450706,0.0631916150450706,0,0,3,2,4,0.048614454,0.4455930888652801,0.020028297,0,0,0,0,1,1,1,1
1-11,1,11,3,1,1,0.9368083849549294,0.0631916150450706,0,1,3,3,4,0.07585076,0.4455930888652801,0.062150523,0,1,0,0,1,0,1,0
1-12,1,12,3,0,0,0.0631916150450706,0.0631916150450706,0,0,4,2,4,0.10111602,0.4455930888652801,0.044878174,0,0,0,0,1,1,1,1
2-0,2,0,5,0,1,0.8505421280860901,0.8505421280860901,1,1,5,2,4,0.13167699,0.372329980134964,0.06290936,1,1,0,0,1,0,1,0
2-1,2,1,5,0,1,0.8505421280860901,0.8505421280860901,1,1,4,2,4,0.4114167,0.372329980134964,0.18835747,1,1,0,0,1,0,1,0
2-2,2,2,5,0,1,0.8505421280860901,0.8505421280860901,1,1,5,2,4,0.07597248,0.372329980134964,0.036945995,1,1,0,0,1,0,1,0
2-3,2,3,5,1,0,0.1494578719139099,0.8505421280860901,1,0,4,3,4,0.083390586,0.372329980134964,0.040585037,1,0,0,0,1,1,1,1
2-4,2,4,5,1,0,0.1494578719139099,0.8505421280860901,1,0,3,4,3,0.034982778,0.372329980134964,0.02231549,1,0,0,0,1,1,1,1
2-5,2,5,5,0,1,0.8505421280860901,0.8505421280860901,1,1,4,4,3,0.013163262,0.372329980134964,0.013664712,1,1,0,0,1,0,1,0
2-6,2,6,5,1,0,0.1494578719139099,0.8505421280860901,1,0,4,3,2,0.094929196,0.372329980134964,0.0432405,1,0,0,0,1,1,1,1
2-7,2,7,5,0,1,0.8505421280860901,0.8505421280860901,1,1,4,3,2,0.3361459,0.372329980134964,0.1362909,1,1,0,0,1,0,1,0
2-8,2,8,5,0,1,0.8505421280860901,0.8505421280860901,1,1,3,2,2,0.18087193,0.372329980134964,0.06254242,1,1,0,0,1,0,1,0
2-9,2,9,5,1,0,0.1494578719139099,0.8505421280860901,1,0,5,3,4,0.07576784,0.372329980134964,0.022675084,1,0,0,0,1,1,1,1
2-10,2,10,5,1,0,0.1494578719139099,0.8505421280860901,1,0,3,3,4,0.009294444,0.372329980134964,0.0059195734,1,0,0,0,1,1,1,1
2-11,2,11,5,0,1,0.8505421280860901,0.8505421280860901,1,1,4,2,4,0.098411895,0.372329980134964,0.05566624,1,1,0,0,1,0,1,0
2-12,2,12,5,0,1,0.8505421280860901,0.8505421280860901,1,1,5,2,4,0.19138587,0.372329980134964,0.08617708,1,1,0,0,1,0,1,0
3-0,3,0,3,0,0,0.1497360616922378,0.1497360616922378,0,0,5,2,4,0.11440833,0.4455930888652801,0.051681608,0,0,0,0,1,1,1,1
3-1,3,1,3,0,0,0.1497360616922378,0.1497360616922378,0,0,4,2,4,0.10273482,0.4455930888652801,0.04398302,0,0,0,0,1,1,1,1
3-2,3,2,3,0,0,0.1497360616922378,0.1497360616922378,0,0,4,2,4,0.03020879,0.4455930888652801,0.015549391,0,0,0,0,1,1,1,1
3-3,3,3,3,0,0,0.1497360616922378,0.1497360616922378,0,0,4,2,4,0.35838252,0.4455930888652801,0.14407979,0,0,0,0,1,1,1,1
3-4,3,4,3,0,0,0.1497360616922378,0.1497360616922378,0,0,4,2,3,0.04118986,0.4455930888652801,0.020484384,0,0,0,0,1,1,1,1
3-5,3,5,3,0,0,0.1497360616922378,0.1497360616922378,0,0,4,3,3,0.13752355,0.4455930888652801,0.07477374,0,0,0,0,1,1,1,1
3-6,3,6,3,1,1,0.8502639383077621,0.1497360616922378,0,1,4,3,2,0.042110536,0.4455930888652801,0.02315292,0,1,0,0,1,0,1,0
3-7,3,7,3,0,0,0.1497360616922378,0.1497360616922378,0,0,5,1,2,0.055672072,0.4455930888652801,0.022755858,0,0,0,0,1,1,1,1
3-8,3,8,3,0,0,0.1497360616922378,0.1497360616922378,0,0,3,2,2,0.029639617,0.4455930888652801,0.021363355,0,0,0,0,1,1,1,1
3-9,3,9,3,0,0,0.1497360616922378,0.1497360616922378,0,0,4,3,4,0.16576041,0.4455930888652801,0.072694674,0,0,0,0,1,1,1,1
3-10,3,10,3,0,0,0.1497360616922378,0.1497360616922378,0,0,4,2,4,0.03758203,0.4455930888652801,0.01693497,0,0,0,0,1,1,1,1
3-11,3,11,3,0,0,0.1497360616922378,0.1497360616922378,0,0,4,2,4,0.030211603,0.4455930888652801,0.029486837,0,0,0,0,1,1,1,1
3-12,3,12,3,0,0,0.1497360616922378,0.1497360616922378,0,0,4,2,4,0.09492992,0.4455930888652801,0.04307217,0,0,0,0,1,1,1,1
4-0,4,0,4,0,0,0.0238545909523963,0.0238545909523963,0,0,5,2,4,0.02941616,0.5368138551712036,0.010178877,0,0,0,0,1,1,1,1
4-1,4,1,4,0,0,0.0238545909523963,0.0238545909523963,0,0,3,3,4,0.057547886,0.5368138551712036,0.022224635,0,0,0,0,1,1,1,1
4-2,4,2,4,0,0,0.0238545909523963,0.0238545909523963,0,0,5,2,4,0.1258894,0.5368138551712036,0.0381407,0,0,0,0,1,1,1,1
4-3,4,3,4,1,1,0.9761454090476036,0.0238545909523963,0,1,4,2,4,0.5896964,0.5368138551712036,0.32537556,0,1,1,0,1,0,1,1
4-4,4,4,4,0,0,0.0238545909523963,0.0238545909523963,0,0,4,3,3,0.020907762,0.5368138551712036,0.009716686,0,0,0,0,1,1,1,1
4-5,4,5,4,1,1,0.9761454090476036,0.0238545909523963,0,1,4,4,3,0.25825715,0.5368138551712036,0.16572022,0,1,0,0,1,0,1,0
4-6,4,6,4,1,1,0.9761454090476036,0.0238545909523963,0,1,4,3,2,0.38658258,0.5368138551712036,0.20740788,0,1,0,0,1,0,1,0
4-7,4,7,4,0,0,0.0238545909523963,0.0238545909523963,0,0,4,3,2,0.044980206,0.5368138551712036,0.019169744,0,0,0,0,1,1,1,1
4-8,4,8,4,1,1,0.9761454090476036,0.0238545909523963,0,1,3,3,2,0.5480024,0.5368138551712036,0.3214212,0,1,1,0,1,0,1,1
4-9,4,9,4,0,0,0.0238545909523963,0.0238545909523963,0,0,4,3,4,0.11855915,0.5368138551712036,0.043390118,0,0,0,0,1,1,1,1
4-10,4,10,4,0,0,0.0238545909523963,0.0238545909523963,0,0,3,3,4,0.02448938,0.5368138551712036,0.008484746,0,0,0,0,1,1,1,1
4-11,4,11,4,1,1,0.9761454090476036,0.0238545909523963,0,1,3,3,4,0.5277848,0.5368138551712036,0.31576192,0,1,1,0,1,0,1,1
4-12,4,12,4,1,1,0.9761454090476036,0.0238545909523963,0,1,4,3,4,0.44112965,0.5368138551712036,0.23964989,0,1,0,0,1,0,1,0
5-0,5,0,4,0,0,0.3714230954647064,0.3714230954647064,0,0,5,2,4,0.10868569,0.5368138551712036,0.0362444,0,0,0,0,1,1,1,1
5-1,5,1,4,0,0,0.3714230954647064,0.3714230954647064,0,0,4,2,4,0.20378228,0.5368138551712036,0.07116893,0,0,0,0,1,1,1,1
5-2,5,2,4,0,0,0.3714230954647064,0.3714230954647064,0,0,4,2,4,0.48802334,0.5368138551712036,0.16593538,0,0,0,0,1,1,1,1
5-3,5,3,4,0,0,0.3714230954647064,0.3714230954647064,0,0,4,3,4,0.33664107,0.5368138551712036,0.113914736,0,0,0,0,1,1,1,1
5-4,5,4,4,0,0,0.3714230954647064,0.3714230954647064,0,0,4,4,3,0.0871448,0.5368138551712036,0.037111294,0,0,0,0,1,1,1,1
5-5,5,5,4,0,0,0.3714230954647064,0.3714230954647064,0,0,4,4,3,0.09688167,0.5368138551712036,0.046259157,0,0,0,0,1,1,1,1
5-6,5,6,4,1,1,0.6285769045352936,0.3714230954647064,0,1,4,3,2,0.13381742,0.5368138551712036,0.052197207,0,1,0,0,1,0,1,0
5-7,5,7,4,0,0,0.3714230954647064,0.3714230954647064,0,0,5,2,2,0.13359118,0.5368138551712036,0.06023884,0,0,0,0,1,1,1,1
5-8,5,8,4,0,0,0.3714230954647064,0.3714230954647064,0,0,3,2,2,0.28319395,0.5368138551712036,0.123407006,0,0,0,0,1,1,1,1
5-9,5,9,4,0,0,0.3714230954647064,0.3714230954647064,0,0,4,3,4,0.39808595,0.5368138551712036,0.148454,0,0,0,0,1,1,1,1
5-10,5,10,4,0,0,0.3714230954647064,0.3714230954647064,0,0,3,2,4,0.047633722,0.5368138551712036,0.025945436,0,0,0,0,1,1,1,1
5-11,5,11,4,0,0,0.3714230954647064,0.3714230954647064,0,0,3,2,4,0.2241799,0.5368138551712036,0.09156035,0,0,0,0,1,1,1,1
5-12,5,12,4,0,0,0.3714230954647064,0.3714230954647064,0,0,4,2,4,0.18599007,0.5368138551712036,0.0734072,0,0,0,0,1,1,1,1
6-0,6,0,1,0,0,0.8920695185661316,0.8920695185661316,1,1,5,2,4,0.5362396,0.486357569694519,0.2671388,0,1,1,0,0,1,0,0
6-1,6,1,1,0,0,0.8920695185661316,0.8920695185661316,1,1,4,2,4,0.5750586,0.486357569694519,0.28558937,0,1,1,0,0,1,0,0
6-2,6,2,1,0,0,0.8920695185661316,0.8920695185661316,1,1,4,2,4,0.3949499,0.486357569694519,0.18320559,0,1,0,0,0,1,0,1
6-3,6,3,1,0,0,0.8920695185661316,0.8920695185661316,1,1,5,1,4,0.35591018,0.486357569694519,0.16254582,0,1,0,0,0,1,0,1
6-4,6,4,1,0,0,0.8920695185661316,0.8920695185661316,1,1,4,2,3,0.21204597,0.486357569694519,0.10881104,0,1,0,0,0,1,0,1
6-5,6,5,1,0,0,0.8920695185661316,0.8920695185661316,1,1,4,3,3,0.28368682,0.486357569694519,0.12745713,0,1,0,0,0,1,0,1
6-6,6,6,1,1,1,0.1079304814338684,0.8920695185661316,1,0,4,3,2,0.03967327,0.486357569694519,0.01486661,0,0,0,0,0,0,0,0
6-7,6,7,1,0,0,0.8920695185661316,0.8920695185661316,1,1,4,3,2,0.38934934,0.486357569694519,0.17324099,0,1,0,0,0,1,0,1
6-8,6,8,1,0,0,0.8920695185661316,0.8920695185661316,1,1,3,2,2,0.20955418,0.486357569694519,0.09527633,0,1,0,0,0,1,0,1
6-9,6,9,1,0,0,0.8920695185661316,0.8920695185661316,1,1,4,3,4,0.60714054,0.486357569694519,0.30245537,0,1,1,0,0,1,0,0
6-10,6,10,1,1,1,0.1079304814338684,0.8920695185661316,1,0,3,3,4,0.029970761,0.486357569694519,0.011320754,0,0,0,0,0,0,0,0
6-11,6,11,1,1,1,0.1079304814338684,0.8920695185661316,1,0,2,3,4,0.07252394,0.486357569694519,0.032620773,0,0,0,0,0,0,0,0
6-12,6,12,1,0,0,0.8920695185661316,0.8920695185661316,1,1,5,2,4,0.2356142,0.486357569694519,0.106709726,0,1,0,0,0,1,0,1
7-0,7,0,4,0,0,0.0423028357326984,0.0423028357326984,0,0,5,2,4,0.041452788,0.5368138551712036,0.013222996,0,0,0,0,1,1,1,1
7-1,7,1,4,0,0,0.0423028357326984,0.0423028357326984,0,0,4,2,4,0.069111854,0.5368138551712036,0.02457392,0,0,0,0,1,1,1,1
7-2,7,2,4,0,0,0.0423028357326984,0.0423028357326984,0,0,4,2,4,0.21495746,0.5368138551712036,0.06182707,0,0,0,0,1,1,1,1
7-3,7,3,4,0,0,0.0423028357326984,0.0423028357326984,0,0,4,3,4,0.16354446,0.5368138551712036,0.04440409,0,0,0,0,1,1,1,1
7-4,7,4,4,0,0,0.0423028357326984,0.0423028357326984,0,0,4,3,3,0.03217557,0.5368138551712036,0.0132992305,0,0,0,0,1,1,1,1
7-5,7,5,4,0,0,0.0423028357326984,0.0423028357326984,0,0,4,3,3,0.03279666,0.5368138551712036,0.016513053,0,0,0,0,1,1,1,1
7-6,7,6,4,1,1,0.9576971642673016,0.0423028357326984,0,1,3,3,2,0.29953578,0.5368138551712036,0.13798809,0,1,0,0,1,0,1,0
7-7,7,7,4,0,0,0.0423028357326984,0.0423028357326984,0,0,5,2,2,0.040513325,0.5368138551712036,0.01862544,0,0,0,0,1,1,1,1
7-8,7,8,4,0,0,0.0423028357326984,0.0423028357326984,0,0,2,2,2,0.10439328,0.5368138551712036,0.03860702,0,0,0,0,1,1,1,1
7-9,7,9,4,0,0,0.0423028357326984,0.0423028357326984,0,0,4,3,4,0.1731472,0.5368138551712036,0.058652736,0,0,0,0,1,1,1,1
7-10,7,10,4,1,1,0.9576971642673016,0.0423028357326984,0,1,2,3,4,0.111858174,0.5368138551712036,0.07812474,0,1,0,0,1,0,1,0
7-11,7,11,4,0,0,0.0423028357326984,0.0423028357326984,0,0,4,2,4,0.07952117,0.5368138551712036,0.028594023,0,0,0,0,1,1,1,1
7-12,7,12,4,0,0,0.0423028357326984,0.0423028357326984,0,0,4,2,4,0.075320326,0.5368138551712036,0.024570333,0,0,0,0,1,1,1,1
8-0,8,0,3,1,0,0.1787090897560119,0.821290910243988,1,0,4,3,4,0.086463295,0.4455930888652801,0.043414883,1,0,0,0,1,1,1,1
8-1,8,1,3,1,0,0.1787090897560119,0.821290910243988,1,0,3,4,4,0.07999496,0.4455930888652801,0.030106865,1,0,0,0,1,1,1,1
8-2,8,2,3,1,0,0.1787090897560119,0.821290910243988,1,0,5,3,4,0.015110362,0.4455930888652801,0.008242332,1,0,0,0,1,1,1,1
8-3,8,3,3,1,0,0.1787090897560119,0.821290910243988,1,0,5,1,4,0.17263654,0.4455930888652801,0.0662921,1,0,0,0,1,1,1,1
8-4,8,4,3,1,0,0.1787090897560119,0.821290910243988,1,0,4,3,3,0.025478078,0.4455930888652801,0.013195648,1,0,0,0,1,1,1,1
8-5,8,5,3,1,0,0.1787090897560119,0.821290910243988,1,0,4,4,3,0.08746497,0.4455930888652801,0.048750505,1,0,0,0,1,1,1,1
8-6,8,6,3,1,0,0.1787090897560119,0.821290910243988,1,0,4,2,2,0.017085647,0.4455930888652801,0.009114757,1,0,0,0,1,1,1,1
8-7,8,7,3,1,0,0.1787090897560119,0.821290910243988,1,0,5,2,2,0.049124684,0.4455930888652801,0.019667063,1,0,0,0,1,1,1,1
8-8,8,8,3,1,0,0.1787090897560119,0.821290910243988,1,0,3,2,2,0.020561928,0.4455930888652801,0.014191632,1,0,0,0,1,1,1,1
8-9,8,9,3,1,0,0.1787090897560119,0.821290910243988,1,0,4,3,4,0.106871605,0.4455930888652801,0.04596939,1,0,0,0,1,1,1,1
8-10,8,10,3,1,0,0.1787090897560119,0.821290910243988,1,0,3,2,4,0.029829843,0.4455930888652801,0.012039291,1,0,0,0,1,1,1,1
8-11,8,11,3,1,0,0.1787090897560119,0.821290910243988,1,0,4,2,4,0.018415477,0.4455930888652801,0.018497977,1,0,0,0,1,1,1,1
8-12,8,12,3,1,0,0.1787090897560119,0.821290910243988,1,0,4,3,4,0.058826406,0.4455930888652801,0.02706696,1,0,0,0,1,1,1,1
9-0,9,0,3,0,0,0.4394634366035461,0.4394634366035461,0,0,5,2,4,0.14449358,0.4455930888652801,0.06183992,0,0,0,0,1,1,1,1
9-1,9,1,3,0,0,0.4394634366035461,0.4394634366035461,0,0,4,3,4,0.14849369,0.4455930888652801,0.06155921,0,0,0,0,1,1,1,1
9-2,9,2,3,0,0,0.4394634366035461,0.4394634366035461,0,0,4,2,4,0.038775448,0.4455930888652801,0.018300314,0,0,0,0,1,1,1,1
9-3,9,3,3,0,0,0.4394634366035461,0.4394634366035461,0,0,5,1,4,0.2902066,0.4455930888652801,0.10973197,0,0,0,0,1,1,1,1
9-4,9,4,3,1,1,0.5605365633964539,0.4394634366035461,0,1,3,4,3,0.10317342,0.4455930888652801,0.043997757,0,1,0,0,1,0,1,0
9-5,9,5,3,1,1,0.5605365633964539,0.4394634366035461,0,1,4,3,3,0.20175771,0.4455930888652801,0.11249044,0,1,0,0,1,0,1,0
9-6,9,6,3,0,0,0.4394634366035461,0.4394634366035461,0,0,3,3,2,0.045095965,0.4455930888652801,0.020750796,0,0,0,0,1,1,1,1
9-7,9,7,3,0,0,0.4394634366035461,0.4394634366035461,0,0,5,1,2,0.07225591,0.4455930888652801,0.028534528,0,0,0,0,1,1,1,1
9-8,9,8,3,1,1,0.5605365633964539,0.4394634366035461,0,1,3,2,2,0.055450622,0.4455930888652801,0.036274944,0,1,0,0,1,0,1,0
9-9,9,9,3,1,1,0.5605365633964539,0.4394634366035461,0,1,4,4,4,0.24815324,0.4455930888652801,0.10886885,0,1,0,0,1,0,1,0
9-10,9,10,3,1,1,0.5605365633964539,0.4394634366035461,0,1,4,3,4,0.030497823,0.4455930888652801,0.02202213,0,1,0,0,1,0,1,0
9-11,9,11,3,0,0,0.4394634366035461,0.4394634366035461,0,0,3,3,4,0.059202496,0.4455930888652801,0.04415874,0,0,0,0,1,1,1,1
9-12,9,12,3,0,0,0.4394634366035461,0.4394634366035461,0,0,4,2,4,0.14594872,0.4455930888652801,0.059333593,0,0,0,0,1,1,1,1
10-0,10,0,3,0,0,0.0812143459916114,0.0812143459916114,0,0,4,2,4,0.1497057,0.4455930888652801,0.08257206,0,0,0,0,1,1,1,1
10-1,10,1,3,1,1,0.9187856540083886,0.0812143459916114,0,1,2,4,4,0.25381777,0.4455930888652801,0.12912753,0,1,0,0,1,0,1,0
10-2,10,2,3,0,0,0.0812143459916114,0.0812143459916114,0,0,4,2,4,0.033419795,0.4455930888652801,0.019278575,0,0,0,0,1,1,1,1
10-3,10,3,3,0,0,0.0812143459916114,0.0812143459916114,0,0,4,3,4,0.3827104,0.4455930888652801,0.1744654,0,0,0,0,1,1,1,1
10-4,10,4,3,0,0,0.0812143459916114,0.0812143459916114,0,0,4,3,3,0.045513317,0.4455930888652801,0.024878934,0,0,0,0,1,1,1,1
10-5,10,5,3,1,1,0.9187856540083886,0.0812143459916114,0,1,3,4,3,0.3060715,0.4455930888652801,0.19502924,0,1,0,0,1,0,1,0
10-6,10,6,3,0,0,0.0812143459916114,0.0812143459916114,0,0,3,3,2,0.035733044,0.4455930888652801,0.019386157,0,0,0,0,1,1,1,1
10-7,10,7,3,0,0,0.0812143459916114,0.0812143459916114,0,0,4,2,2,0.0937736,0.4455930888652801,0.04768537,0,0,0,0,1,1,1,1
10-8,10,8,3,1,1,0.9187856540083886,0.0812143459916114,0,1,2,3,2,0.07808941,0.4455930888652801,0.061567873,0,1,0,0,1,0,1,0
10-9,10,9,3,0,0,0.0812143459916114,0.0812143459916114,0,0,4,4,4,0.18253253,0.4455930888652801,0.08804535,0,0,0,0,1,1,1,1
10-10,10,10,3,1,1,0.9187856540083886,0.0812143459916114,0,1,1,4,4,0.05312011,0.4455930888652801,0.038122352,0,1,0,0,1,0,1,0
10-11,10,11,3,0,0,0.0812143459916114,0.0812143459916114,0,0,2,3,4,0.042916834,0.4455930888652801,0.042546935,0,0,0,0,1,1,1,1
10-12,10,12,3,1,1,0.9187856540083886,0.0812143459916114,0,1,3,3,4,0.21597809,0.4455930888652801,0.10506254,0,1,0,0,1,0,1,0
11-0,11,0,5,1,0,0.1516969203948974,0.8483030796051025,1,0,5,3,4,0.027725143,0.372329980134964,0.009802885,1,0,0,0,1,1,1,1
11-1,11,1,5,1,0,0.1516969203948974,0.8483030796051025,1,0,5,2,4,0.07415776,0.372329980134964,0.021485643,1,0,0,0,1,1,1,1
11-2,11,2,5,1,0,0.1516969203948974,0.8483030796051025,1,0,5,3,4,0.013863075,0.372329980134964,0.0063256454,1,0,0,0,1,1,1,1
11-3,11,3,5,1,0,0.1516969203948974,0.8483030796051025,1,0,5,1,4,0.070718795,0.372329980134964,0.03094541,1,0,0,0,1,1,1,1
11-4,11,4,5,1,0,0.1516969203948974,0.8483030796051025,1,0,4,4,3,0.027658343,0.372329980134964,0.015684593,1,0,0,0,1,1,1,1
11-5,11,5,5,1,0,0.1516969203948974,0.8483030796051025,1,0,3,4,3,0.008335653,0.372329980134964,0.005149786,1,0,0,0,1,1,1,1
11-6,11,6,5,1,0,0.1516969203948974,0.8483030796051025,1,0,4,3,2,0.094929196,0.372329980134964,0.0432405,1,0,0,0,1,1,1,1
11-7,11,7,5,1,0,0.1516969203948974,0.8483030796051025,1,0,4,3,2,0.07320051,0.372329980134964,0.02266704,1,0,0,0,1,1,1,1
11-8,11,8,5,1,0,0.1516969203948974,0.8483030796051025,1,0,3,3,2,0.03849442,0.372329980134964,0.010673664,1,0,0,0,1,1,1,1
11-9,11,9,5,0,1,0.8483030796051025,0.8483030796051025,1,1,4,3,4,0.42131707,0.372329980134964,0.19930036,1,1,0,0,1,0,1,0
11-10,11,10,5,1,0,0.1516969203948974,0.8483030796051025,1,0,4,1,4,0.006980101,0.372329980134964,0.0044807508,1,0,0,0,1,1,1,1
11-11,11,11,5,1,0,0.1516969203948974,0.8483030796051025,1,0,4,2,4,0.015699655,0.372329980134964,0.007881541,1,0,0,0,1,1,1,1
11-12,11,12,5,1,0,0.1516969203948974,0.8483030796051025,1,0,3,3,4,0.08405926,0.372329980134964,0.024996277,1,0,0,0,1,1,1,1
12-0,12,0,3,1,0,0.3398662805557251,0.6601337194442749,1,0,5,2,4,0.11157081,0.4455930888652801,0.05186093,1,0,0,0,1,1,1,1
12-1,12,1,3,1,0,0.3398662805557251,0.6601337194442749,1,0,3,3,4,0.14701426,0.4455930888652801,0.058844183,1,0,0,0,1,1,1,1
12-2,12,2,3,1,0,0.3398662805557251,0.6601337194442749,1,0,4,3,4,0.029000517,0.4455930888652801,0.015712423,1,0,0,0,1,1,1,1
12-3,12,3,3,1,0,0.3398662805557251,0.6601337194442749,1,0,5,1,4,0.2439924,0.4455930888652801,0.09482066,1,0,0,0,1,1,1,1
12-4,12,4,3,1,0,0.3398662805557251,0.6601337194442749,1,0,4,2,3,0.0573598,0.4455930888652801,0.026030432,1,0,0,0,1,1,1,1
12-5,12,5,3,1,0,0.3398662805557251,0.6601337194442749,1,0,4,3,3,0.16067167,0.4455930888652801,0.08989553,1,0,0,0,1,1,1,1
12-6,12,6,3,1,0,0.3398662805557251,0.6601337194442749,1,0,4,4,2,0.02744684,0.4455930888652801,0.014820115,1,0,0,0,1,1,1,1
12-7,12,7,3,1,0,0.3398662805557251,0.6601337194442749,1,0,3,3,2,0.1365571,0.4455930888652801,0.05740905,1,0,0,0,1,1,1,1
12-8,12,8,3,1,0,0.3398662805557251,0.6601337194442749,1,0,2,3,2,0.04851847,0.4455930888652801,0.04081676,1,0,0,0,1,1,1,1
12-9,12,9,3,1,0,0.3398662805557251,0.6601337194442749,1,0,3,3,4,0.24392624,0.4455930888652801,0.09779598,1,0,0,0,1,1,1,1
12-10,12,10,3,1,0,0.3398662805557251,0.6601337194442749,1,0,4,2,4,0.023788044,0.4455930888652801,0.017167993,1,0,0,0,1,1,1,1
12-11,12,11,3,1,0,0.3398662805557251,0.6601337194442749,1,0,4,2,4,0.03702478,0.4455930888652801,0.03562156,1,0,0,0,1,1,1,1
12-12,12,12,3,1,0,0.3398662805557251,0.6601337194442749,1,0,3,3,4,0.14511022,0.4455930888652801,0.061191168,1,0,0,0,1,1,1,1
13-0,13,0,2,1,0,0.9791674092411996,0.0208325907588005,0,1,5,3,4,0.29686064,0.4492360949516296,0.14704342,1,1,0,0,0,1,0,1
13-1,13,1,2,1,0,0.9791674092411996,0.0208325907588005,0,1,4,3,4,0.59101874,0.4492360949516296,0.39552832,1,1,1,0,0,1,0,0
13-2,13,2,2,1,0,0.9791674092411996,0.0208325907588005,0,1,5,4,4,0.5719311,0.4492360949516296,0.29756364,1,1,1,0,0,1,0,0
13-3,13,3,2,1,0,0.9791674092411996,0.0208325907588005,0,1,4,4,4,0.74182534,0.4492360949516296,0.4583542,1,1,1,0,0,1,0,0
13-4,13,4,2,1,0,0.9791674092411996,0.0208325907588005,0,1,4,4,3,0.3439841,0.4492360949516296,0.16766466,1,1,0,0,0,1,0,1
13-5,13,5,2,1,0,0.9791674092411996,0.0208325907588005,0,1,3,4,3,0.42803553,0.4492360949516296,0.318833,1,1,0,0,0,1,0,1
13-6,13,6,2,1,0,0.9791674092411996,0.0208325907588005,0,1,4,3,2,0.10942518,0.4492360949516296,0.083083175,1,1,0,0,0,1,0,1
13-7,13,7,2,1,0,0.9791674092411996,0.0208325907588005,0,1,4,3,2,0.3750146,0.4492360949516296,0.2059957,1,1,0,0,0,1,0,1
13-8,13,8,2,1,0,0.9791674092411996,0.0208325907588005,0,1,3,3,2,0.762783,0.4492360949516296,0.5065527,1,1,1,1,0,1,0,0
13-9,13,9,2,1,0,0.9791674092411996,0.0208325907588005,0,1,4,3,4,0.7128196,0.4492360949516296,0.4656079,1,1,1,0,0,1,0,0
13-10,13,10,2,1,0,0.9791674092411996,0.0208325907588005,0,1,4,2,4,0.12787366,0.4492360949516296,0.07496142,1,1,0,0,0,1,0,1
13-11,13,11,2,1,0,0.9791674092411996,0.0208325907588005,0,1,3,3,4,0.1568194,0.4492360949516296,0.09416954,1,1,0,0,0,1,0,1
13-12,13,12,2,1,0,0.9791674092411996,0.0208325907588005,0,1,3,3,4,0.43277082,0.4492360949516296,0.26190805,1,1,0,0,0,1,0,1
14-0,14,0,4,1,0,0.0515987873077391,0.9484012126922609,1,0,5,3,4,0.06694478,0.5368138551712036,0.02044595,1,0,0,0,1,1,1,1
14-1,14,1,4,1,0,0.0515987873077391,0.9484012126922609,1,0,4,3,4,0.1109804,0.5368138551712036,0.03613071,1,0,0,0,1,1,1,1
14-2,14,2,4,1,0,0.0515987873077391,0.9484012126922609,1,0,5,4,4,0.27077883,0.5368138551712036,0.07645786,1,0,0,0,1,1,1,1
14-3,14,3,4,1,0,0.0515987873077391,0.9484012126922609,1,0,5,1,4,0.15621954,0.5368138551712036,0.040248964,1,0,0,0,1,1,1,1
14-4,14,4,4,1,0,0.0515987873077391,0.9484012126922609,1,0,4,3,3,0.04474841,0.5368138551712036,0.0178068,1,0,0,0,1,1,1,1
14-5,14,5,4,1,0,0.0515987873077391,0.9484012126922609,1,0,5,3,3,0.03748904,0.5368138551712036,0.018146925,1,0,0,0,1,1,1,1
14-6,14,6,4,1,0,0.0515987873077391,0.9484012126922609,1,0,4,4,2,0.09895522,0.5368138551712036,0.031196618,1,0,0,0,1,1,1,1
14-7,14,7,4,1,0,0.0515987873077391,0.9484012126922609,1,0,4,4,2,0.100753896,0.5368138551712036,0.039136127,1,0,0,0,1,1,1,1
14-8,14,8,4,1,0,0.0515987873077391,0.9484012126922609,1,0,3,3,2,0.1559787,0.5368138551712036,0.050066862,1,0,0,0,1,1,1,1
14-9,14,9,4,1,0,0.0515987873077391,0.9484012126922609,1,0,4,3,4,0.2311701,0.5368138551712036,0.08026991,1,0,0,0,1,1,1,1
14-10,14,10,4,1,0,0.0515987873077391,0.9484012126922609,1,0,4,3,4,0.047471713,0.5368138551712036,0.01387204,1,0,0,0,1,1,1,1
14-11,14,11,4,1,0,0.0515987873077391,0.9484012126922609,1,0,3,3,4,0.13285959,0.5368138551712036,0.044767044,1,0,0,0,1,1,1,1
14-12,14,12,4,1,0,0.0515987873077391,0.9484012126922609,1,0,3,3,4,0.13119254,0.5368138551712036,0.039087925,1,0,0,0,1,1,1,1
15-0,15,0,3,0,1,0.1232565492391586,0.1232565492391586,0,0,5,2,4,0.10955736,0.4455930888652801,0.051681608,1,0,0,0,0,0,0,0
15-1,15,1,3,0,1,0.1232565492391586,0.1232565492391586,0,0,4,3,4,0.09832382,0.4455930888652801,0.044798683,1,0,0,0,0,0,0,0
15-2,15,2,3,0,1,0.1232565492391586,0.1232565492391586,0,0,4,3,4,0.028811773,0.4455930888652801,0.015846498,1,0,0,0,0,0,0,0
15-3,15,3,3,0,1,0.1232565492391586,0.1232565492391586,0,0,3,4,4,0.38534933,0.4455930888652801,0.15763253,1,0,0,0,0,0,0,0
15-4,15,4,3,0,1,0.1232565492391586,0.1232565492391586,0,0,3,4,3,0.046654057,0.4455930888652801,0.021898653,1,0,0,0,0,0,0,0
15-5,15,5,3,0,1,0.1232565492391586,0.1232565492391586,0,0,4,4,3,0.13183837,0.4455930888652801,0.07477374,1,0,0,0,0,0,0,0
15-6,15,6,3,0,1,0.1232565492391586,0.1232565492391586,0,0,4,4,2,0.025806092,0.4455930888652801,0.013443974,1,0,0,0,0,0,0,0
15-7,15,7,3,0,1,0.1232565492391586,0.1232565492391586,0,0,4,2,2,0.08154595,0.4455930888652801,0.03873342,1,0,0,0,0,0,0,0
15-8,15,8,3,0,1,0.1232565492391586,0.1232565492391586,0,0,3,3,2,0.028268155,0.4455930888652801,0.021363355,1,0,0,0,0,0,0,0
15-9,15,9,3,1,0,0.8767434507608414,0.1232565492391586,0,1,3,3,4,0.36048877,0.4455930888652801,0.17165698,1,1,0,0,0,1,0,1
15-10,15,10,3,0,1,0.1232565492391586,0.1232565492391586,0,0,4,3,4,0.035856646,0.4455930888652801,0.017027693,1,0,0,0,0,0,0,0
15-11,15,11,3,0,1,0.1232565492391586,0.1232565492391586,0,0,3,3,4,0.03302317,0.4455930888652801,0.029763758,1,0,0,0,0,0,0,0
15-12,15,12,3,0,1,0.1232565492391586,0.1232565492391586,0,0,4,4,4,0.09082015,0.4455930888652801,0.0433017,1,0,0,0,0,0,0,0
16-0,16,0,5,0,0,0.8493857979774475,0.8493857979774475,1,1,5,2,4,0.13167699,0.372329980134964,0.06290936,0,1,0,0,0,1,0,1
16-1,16,1,5,0,0,0.8493857979774475,0.8493857979774475,1,1,4,3,4,0.41606036,0.372329980134964,0.19438916,0,1,0,0,0,1,0,1
16-2,16,2,5,0,0,0.8493857979774475,0.8493857979774475,1,1,4,2,4,0.098411895,0.372329980134964,0.05566624,0,1,0,0,0,1,0,1
16-3,16,3,5,0,0,0.8493857979774475,0.8493857979774475,1,1,5,1,4,0.27113855,0.372329980134964,0.17306554,0,1,0,0,0,1,0,1
16-4,16,4,5,0,0,0.8493857979774475,0.8493857979774475,1,1,4,3,3,0.18801847,0.372329980134964,0.11178539,0,1,0,0,0,1,0,1
16-5,16,5,5,0,0,0.8493857979774475,0.8493857979774475,1,1,3,3,3,0.016168984,0.372329980134964,0.015040848,0,1,0,0,0,1,0,1
16-6,16,6,5,0,0,0.8493857979774475,0.8493857979774475,1,1,4,3,2,0.4031535,0.372329980134964,0.2370373,0,1,0,0,0,1,0,1
16-7,16,7,5,0,0,0.8493857979774475,0.8493857979774475,1,1,4,2,2,0.33224696,0.372329980134964,0.13454089,0,1,0,0,0,1,0,1
16-8,16,8,5,0,0,0.8493857979774475,0.8493857979774475,1,1,3,3,2,0.1834826,0.372329980134964,0.06342459,0,1,0,0,0,1,0,1
16-9,16,9,5,0,0,0.8493857979774475,0.8493857979774475,1,1,4,3,4,0.42131707,0.372329980134964,0.19930036,0,1,0,0,0,1,0,1
16-10,16,10,5,0,0,0.8493857979774475,0.8493857979774475,1,1,5,1,4,0.009594959,0.372329980134964,0.011412549,0,1,0,0,0,1,0,1
16-11,16,11,5,0,0,0.8493857979774475,0.8493857979774475,1,1,4,2,4,0.098411895,0.372329980134964,0.05566624,0,1,0,0,0,1,0,1
16-12,16,12,5,0,0,0.8493857979774475,0.8493857979774475,1,1,4,2,4,0.26480788,0.372329980134964,0.11809496,0,1,0,0,0,1,0,1
17-0,17,0,1,0,0,0.931252419948578,0.931252419948578,1,1,5,3,4,0.49245358,0.486357569694519,0.22844723,0,1,0,0,0,1,0,1
17-1,17,1,1,0,0,0.931252419948578,0.931252419948578,1,1,4,3,4,0.5472191,0.486357569694519,0.25590014,0,1,1,0,0,1,0,0
17-2,17,2,1,0,0,0.931252419948578,0.931252419948578,1,1,3,3,4,0.40862575,0.486357569694519,0.17772996,0,1,0,0,0,1,0,1
17-3,17,3,1,1,1,0.068747580051422,0.931252419948578,1,0,4,3,4,0.102440566,0.486357569694519,0.03894837,0,0,0,0,0,0,0,0
17-4,17,4,1,0,0,0.931252419948578,0.931252419948578,1,1,4,3,3,0.19128343,0.486357569694519,0.09022797,0,1,0,0,0,1,0,1
17-5,17,5,1,1,1,0.068747580051422,0.931252419948578,1,0,3,3,3,0.0498198,0.486357569694519,0.022250501,0,0,0,0,0,0,0,0
17-6,17,6,1,1,1,0.068747580051422,0.931252419948578,1,0,4,3,2,0.04606004,0.486357569694519,0.018272117,0,0,0,0,0,0,0,0
17-7,17,7,1,0,0,0.931252419948578,0.931252419948578,1,1,4,2,2,0.32810727,0.486357569694519,0.13397287,0,1,0,0,0,1,0,1
17-8,17,8,1,1,1,0.068747580051422,0.931252419948578,1,0,3,3,2,0.043564286,0.486357569694519,0.017479789,0,0,0,0,0,0,0,0
17-9,17,9,1,0,0,0.931252419948578,0.931252419948578,1,1,3,4,4,0.63362736,0.486357569694519,0.29534477,0,1,1,0,0,1,0,0
17-10,17,10,1,1,1,0.068747580051422,0.931252419948578,1,0,3,3,4,0.034852263,0.486357569694519,0.014224672,0,0,0,0,0,0,0,0
17-11,17,11,1,1,1,0.068747580051422,0.931252419948578,1,0,3,3,4,0.08054667,0.486357569694519,0.03872562,0,0,0,0,0,0,0,0
17-12,17,12,1,1,1,0.068747580051422,0.931252419948578,1,0,3,3,4,0.07139891,0.486357569694519,0.031092644,0,0,0,0,0,0,0,0
18-0,18,0,5,1,0,0.9855190915986896,0.0144809084013104,0,1,5,3,4,0.25994956,0.372329980134964,0.19919568,1,1,0,0,0,1,0,1
18-1,18,1,5,1,0,0.9855190915986896,0.0144809084013104,0,1,4,3,4,0.6188536,0.372329980134964,0.46166366,1,1,1,0,0,1,0,0
18-2,18,2,5,1,0,0.9855190915986896,0.0144809084013104,0,1,4,2,4,0.23093116,0.372329980134964,0.18489262,1,1,0,0,0,1,0,1
18-3,18,3,5,1,0,0.9855190915986896,0.0144809084013104,0,1,5,2,4,0.5006528,0.372329980134964,0.4460762,1,1,1,0,0,1,0,0
18-4,18,4,5,1,0,0.9855190915986896,0.0144809084013104,0,1,4,3,3,0.3974142,0.372329980134964,0.36720762,1,1,0,0,0,1,0,1
18-5,18,5,5,1,0,0.9855190915986896,0.0144809084013104,0,1,3,3,3,0.037763707,0.372329980134964,0.064113215,1,1,0,0,0,1,0,1
18-6,18,6,5,1,0,0.9855190915986896,0.0144809084013104,0,1,3,3,2,0.7400038,0.372329980134964,0.6234889,1,1,1,1,0,1,0,0
18-7,18,7,5,1,0,0.9855190915986896,0.0144809084013104,0,1,5,2,2,0.5280151,0.372329980134964,0.33776158,1,1,1,0,0,1,0,0
18-8,18,8,5,1,0,0.9855190915986896,0.0144809084013104,0,1,3,3,2,0.41218492,0.372329980134964,0.23964915,1,1,0,0,0,1,0,1
18-9,18,9,5,1,0,0.9855190915986896,0.0144809084013104,0,1,4,4,4,0.6269871,0.372329980134964,0.4681544,1,1,1,0,0,1,0,0
18-10,18,10,5,1,0,0.9855190915986896,0.0144809084013104,0,1,4,2,4,0.027601447,0.372329980134964,0.04743811,1,1,0,0,0,1,0,1
18-11,18,11,5,1,0,0.9855190915986896,0.0144809084013104,0,1,3,3,4,0.2689448,0.372329980134964,0.22570175,1,1,0,0,0,1,0,1
18-12,18,12,5,1,0,0.9855190915986896,0.0144809084013104,0,1,3,3,4,0.59811103,0.372329980134964,0.4190381,1,1,1,0,0,1,0,0
19-0,19,0,2,0,0,0.1416841447353363,0.1416841447353363,0,0,5,2,4,0.11752064,0.4492360949516296,0.04452784,0,0,0,0,1,1,1,1
19-1,19,1,2,0,0,0.1416841447353363,0.1416841447353363,0,0,4,3,4,0.2633761,0.4492360949516296,0.10785572,0,0,0,0,1,1,1,1
19-2,19,2,2,0,0,0.1416841447353363,0.1416841447353363,0,0,4,2,4,0.31644192,0.4492360949516296,0.12857838,0,0,0,0,1,1,1,1
19-3,19,3,2,0,0,0.1416841447353363,0.1416841447353363,0,0,4,2,4,0.33468652,0.4492360949516296,0.12242953,0,0,0,0,1,1,1,1
19-4,19,4,2,0,0,0.1416841447353363,0.1416841447353363,0,0,4,3,3,0.09350428,0.4492360949516296,0.042890996,0,0,0,0,1,1,1,1
19-5,19,5,2,0,0,0.1416841447353363,0.1416841447353363,0,0,4,3,3,0.117838524,0.4492360949516296,0.062933005,0,0,0,0,1,1,1,1
19-6,19,6,2,0,0,0.1416841447353363,0.1416841447353363,0,0,4,3,2,0.06458712,0.4492360949516296,0.024863454,0,0,0,0,1,1,1,1
19-7,19,7,2,0,0,0.1416841447353363,0.1416841447353363,0,0,5,2,2,0.06604339,0.4492360949516296,0.030465664,0,0,0,0,1,1,1,1
19-8,19,8,2,0,0,0.1416841447353363,0.1416841447353363,0,0,3,2,2,0.3525813,0.4492360949516296,0.13790956,0,0,0,0,1,1,1,1
19-9,19,9,2,0,0,0.1416841447353363,0.1416841447353363,0,0,4,3,4,0.373546,0.4492360949516296,0.14960343,0,0,0,0,1,1,1,1
19-10,19,10,2,0,0,0.1416841447353363,0.1416841447353363,0,0,2,2,4,0.043727446,0.4492360949516296,0.02002987,0,0,0,0,1,1,1,1
19-11,19,11,2,0,0,0.1416841447353363,0.1416841447353363,0,0,3,3,4,0.04980341,0.4492360949516296,0.019053422,0,0,0,0,1,1,1,1
19-12,19,12,2,0,0,0.1416841447353363,0.1416841447353363,0,0,4,2,4,0.12413788,0.4492360949516296,0.045608573,0,0,0,0,1,1,1,1
20-0,20,0,5,1,0,0.0007973313331604,0.9992026686668396,1,0,5,3,4,0.03319709,0.372329980134964,0.018425304,1,0,0,0,1,1,1,1
20-1,20,1,5,1,0,0.0007973313331604,0.9992026686668396,1,0,4,3,4,0.09804175,0.372329980134964,0.042833485,1,0,0,0,1,1,1,1
20-2,20,2,5,1,0,0.0007973313331604,0.9992026686668396,1,0,5,3,4,0.016246209,0.372329980134964,0.012112647,1,0,0,0,1,1,1,1
20-3,20,3,5,1,0,0.0007973313331604,0.9992026686668396,1,0,5,1,4,0.08206245,0.372329980134964,0.056552947,1,0,0,0,1,1,1,1
20-4,20,4,5,1,0,0.0007973313331604,0.9992026686668396,1,0,5,2,3,0.030414693,0.372329980134964,0.023095142,1,0,0,0,1,1,1,1
20-5,20,5,5,1,0,0.0007973313331604,0.9992026686668396,1,0,4,3,3,0.009351759,0.372329980134964,0.0071266936,1,0,0,0,1,1,1,1
20-6,20,6,5,1,0,0.0007973313331604,0.9992026686668396,1,0,3,3,2,0.1409203,0.372329980134964,0.07853959,1,0,0,0,1,1,1,1
20-7,20,7,5,1,0,0.0007973313331604,0.9992026686668396,1,0,4,3,2,0.10316492,0.372329980134964,0.037626974,1,0,0,0,1,1,1,1
20-8,20,8,5,1,0,0.0007973313331604,0.9992026686668396,1,0,4,2,2,0.04572472,0.372329980134964,0.015940389,1,0,0,0,1,1,1,1
20-9,20,9,5,1,0,0.0007973313331604,0.9992026686668396,1,0,4,4,4,0.101146735,0.372329980134964,0.045463253,1,0,0,0,1,1,1,1
20-10,20,10,5,1,0,0.0007973313331604,0.9992026686668396,1,0,5,1,4,0.007973249,0.372329980134964,0.007506427,1,0,0,0,1,1,1,1
20-11,20,11,5,1,0,0.0007973313331604,0.9992026686668396,1,0,3,3,4,0.02128991,0.372329980134964,0.015518735,1,0,0,0,1,1,1,1
20-12,20,12,5,1,0,0.0007973313331604,0.9992026686668396,1,0,3,3,4,0.1033245,0.372329980134964,0.03903839,1,0,0,0,1,1,1,1
21-0,21,0,5,0,0,0.0921481400728225,0.0921481400728225,0,0,5,2,4,0.03884411,0.372329980134964,0.0139977345,0,0,0,0,1,1,1,1
21-1,21,1,5,0,0,0.0921481400728225,0.0921481400728225,0,0,4,3,4,0.11210242,0.372329980134964,0.035448723,0,0,0,0,1,1,1,1
21-2,21,2,5,0,0,0.0921481400728225,0.0921481400728225,0,0,4,2,4,0.025219673,0.372329980134964,0.010970618,0,0,0,0,1,1,1,1
21-3,21,3,5,0,0,0.0921481400728225,0.0921481400728225,0,0,5,1,4,0.11401905,0.372329980134964,0.04580317,0,0,0,0,1,1,1,1
21-4,21,4,5,0,0,0.0921481400728225,0.0921481400728225,0,0,4,2,3,0.0368412,0.372329980134964,0.018907083,0,0,0,0,1,1,1,1
21-5,21,5,5,0,0,0.0921481400728225,0.0921481400728225,0,0,4,3,3,0.010251427,0.372329980134964,0.005396599,0,0,0,0,1,1,1,1
21-6,21,6,5,0,0,0.0921481400728225,0.0921481400728225,0,0,5,3,2,0.11711268,0.372329980134964,0.047484007,0,0,0,0,1,1,1,1
21-7,21,7,5,0,0,0.0921481400728225,0.0921481400728225,0,0,5,2,2,0.08164395,0.372329980134964,0.024793893,0,0,0,0,1,1,1,1
21-8,21,8,5,0,0,0.0921481400728225,0.0921481400728225,0,0,3,3,2,0.048199657,0.372329980134964,0.012668337,0,0,0,0,1,1,1,1
21-9,21,9,5,0,0,0.0921481400728225,0.0921481400728225,0,0,4,3,4,0.11427025,0.372329980134964,0.036526393,0,0,0,0,1,1,1,1
21-10,21,10,5,0,0,0.0921481400728225,0.0921481400728225,0,0,4,2,4,0.009484105,0.372329980134964,0.0060961605,0,0,0,0,1,1,1,1
21-11,21,11,5,0,0,0.0921481400728225,0.0921481400728225,0,0,3,3,4,0.027907709,0.372329980134964,0.012668539,0,0,0,0,1,1,1,1
21-12,21,12,5,0,0,0.0921481400728225,0.0921481400728225,0,0,4,2,4,0.08381306,0.372329980134964,0.024979431,0,0,0,0,1,1,1,1
22-0,22,0,1,0,0,0.7936586737632751,0.7936586737632751,1,1,5,2,4,0.35649958,0.486357569694519,0.15223925,0,1,0,0,0,1,0,1
22-1,22,1,1,0,0,0.7936586737632751,0.7936586737632751,1,1,4,3,4,0.39685896,0.486357569694519,0.16887003,0,1,0,0,0,1,0,1
22-2,22,2,1,1,1,0.2063413262367248,0.7936586737632751,1,0,4,4,4,0.15222375,0.486357569694519,0.06458993,0,0,0,0,0,0,0,0
22-3,22,3,1,0,0,0.7936586737632751,0.7936586737632751,1,1,5,1,4,0.19679885,0.486357569694519,0.0899399,0,1,0,0,0,1,0,1
22-4,22,4,1,0,0,0.7936586737632751,0.7936586737632751,1,1,4,2,3,0.09723785,0.486357569694519,0.05096481,0,1,0,0,0,1,0,1
22-5,22,5,1,0,0,0.7936586737632751,0.7936586737632751,1,1,5,3,3,0.13429742,0.486357569694519,0.056323316,0,1,0,0,0,1,0,1
22-6,22,6,1,0,0,0.7936586737632751,0.7936586737632751,1,1,4,3,2,0.11209559,0.486357569694519,0.052717153,0,1,0,0,0,1,0,1
22-7,22,7,1,0,0,0.7936586737632751,0.7936586737632751,1,1,5,2,2,0.15666334,0.486357569694519,0.075063616,0,1,0,0,0,1,0,1
22-8,22,8,1,0,0,0.7936586737632751,0.7936586737632751,1,1,3,3,2,0.110690095,0.486357569694519,0.051758222,0,1,0,0,0,1,0,1
22-9,22,9,1,0,0,0.7936586737632751,0.7936586737632751,1,1,5,3,4,0.37570927,0.486357569694519,0.14498843,0,1,0,0,0,1,0,1
22-10,22,10,1,0,0,0.7936586737632751,0.7936586737632751,1,1,4,3,4,0.03887194,0.486357569694519,0.02498876,0,1,0,0,0,1,0,1
22-11,22,11,1,0,0,0.7936586737632751,0.7936586737632751,1,1,3,3,4,0.2571115,0.486357569694519,0.11594085,0,1,0,0,0,1,0,1
22-12,22,12,1,0,0,0.7936586737632751,0.7936586737632751,1,1,4,2,4,0.15509805,0.486357569694519,0.07526352,0,1,0,0,0,1,0,1
23-0,23,0,1,0,0,0.877592921257019,0.877592921257019,1,1,5,2,4,0.5362396,0.486357569694519,0.2671388,0,1,1,0,0,1,0,0
23-1,23,1,1,0,0,0.877592921257019,0.877592921257019,1,1,4,3,4,0.59274894,0.486357569694519,0.30727285,0,1,1,0,0,1,0,0
23-2,23,2,1,0,0,0.877592921257019,0.877592921257019,1,1,4,3,4,0.41404164,0.486357569694519,0.1969979,0,1,0,0,0,1,0,1
23-3,23,3,1,1,1,0.1224070787429809,0.877592921257019,1,0,4,3,4,0.091148004,0.486357569694519,0.034798793,0,0,0,0,0,0,0,0
23-4,23,4,1,0,0,0.877592921257019,0.877592921257019,1,1,3,3,3,0.28061506,0.486357569694519,0.13675414,0,1,0,0,0,1,0,1
23-5,23,5,1,0,0,0.877592921257019,0.877592921257019,1,1,4,3,3,0.28368682,0.486357569694519,0.12745713,0,1,0,0,0,1,0,1
23-6,23,6,1,0,0,0.877592921257019,0.877592921257019,1,1,4,3,2,0.21539858,0.486357569694519,0.10294041,0,1,0,0,0,1,0,1
23-7,23,7,1,0,0,0.877592921257019,0.877592921257019,1,1,4,2,2,0.3740499,0.486357569694519,0.16392122,0,1,0,0,0,1,0,1
23-8,23,8,1,0,0,0.877592921257019,0.877592921257019,1,1,3,3,2,0.21708596,0.486357569694519,0.101165496,0,1,0,0,0,1,0,1
23-9,23,9,1,0,0,0.877592921257019,0.877592921257019,1,1,4,4,4,0.60714054,0.486357569694519,0.3047454,0,1,1,0,0,1,0,0
23-10,23,10,1,0,0,0.877592921257019,0.877592921257019,1,1,3,2,4,0.073260374,0.486357569694519,0.043695144,0,1,0,0,0,1,0,1
23-11,23,11,1,0,0,0.877592921257019,0.877592921257019,1,1,3,3,4,0.4294221,0.486357569694519,0.21286203,0,1,0,0,0,1,0,1
23-12,23,12,1,0,0,0.877592921257019,0.877592921257019,1,1,4,2,4,0.28788206,0.486357569694519,0.13101415,0,1,0,0,0,1,0,1
24-0,24,0,1,0,0,0.6475051641464233,0.6475051641464233,1,1,5,3,4,0.46659774,0.486357569694519,0.21144426,0,1,0,0,0,1,0,1
24-1,24,1,1,0,0,0.6475051641464233,0.6475051641464233,1,1,4,3,4,0.48393953,0.486357569694519,0.21488234,0,1,0,0,0,1,0,1
24-2,24,2,1,0,0,0.6475051641464233,0.6475051641464233,1,1,4,2,4,0.2969808,0.486357569694519,0.12895502,0,1,0,0,0,1,0,1
24-3,24,3,1,0,0,0.6475051641464233,0.6475051641464233,1,1,5,1,4,0.26572764,0.486357569694519,0.12069201,0,1,0,0,0,1,0,1
24-4,24,4,1,0,0,0.6475051641464233,0.6475051641464233,1,1,4,3,3,0.14325303,0.486357569694519,0.07262448,0,1,0,0,0,1,0,1
24-5,24,5,1,0,0,0.6475051641464233,0.6475051641464233,1,1,4,3,3,0.20607188,0.486357569694519,0.08809489,0,1,0,0,0,1,0,1
24-6,24,6,1,1,1,0.3524948358535766,0.6475051641464233,1,0,4,3,2,0.10128122,0.486357569694519,0.03533013,0,0,0,0,0,0,0,0
24-7,24,7,1,0,0,0.6475051641464233,0.6475051641464233,1,1,5,3,2,0.22539939,0.486357569694519,0.10808183,0,1,0,0,0,1,0,1
24-8,24,8,1,0,0,0.6475051641464233,0.6475051641464233,1,1,3,3,2,0.14314081,0.486357569694519,0.067893915,0,1,0,0,0,1,0,1
24-9,24,9,1,0,0,0.6475051641464233,0.6475051641464233,1,1,4,3,4,0.49892586,0.486357569694519,0.21107192,0,1,0,0,0,1,0,1
24-10,24,10,1,0,0,0.6475051641464233,0.6475051641464233,1,1,4,2,4,0.050167367,0.486357569694519,0.031232113,0,1,0,0,0,1,0,1
24-11,24,11,1,0,0,0.6475051641464233,0.6475051641464233,1,1,3,3,4,0.3293495,0.486357569694519,0.1524715,0,1,0,0,0,1,0,1
24-12,24,12,1,0,0,0.6475051641464233,0.6475051641464233,1,1,4,2,4,0.20431611,0.486357569694519,0.09977492,0,1,0,0,0,1,0,1
25-0,25,0,2,1,0,0.1699978709220886,0.8300021290779114,1,0,5,3,4,0.12235906,0.4492360949516296,0.04371373,1,0,0,0,1,1,1,1
25-1,25,1,2,1,0,0.1699978709220886,0.8300021290779114,1,0,4,3,4,0.23175773,0.4492360949516296,0.104683354,1,0,0,0,1,1,1,1
25-2,25,2,2,1,0,0.1699978709220886,0.8300021290779114,1,0,5,3,4,0.25359893,0.4492360949516296,0.097184025,1,0,0,0,1,1,1,1
25-3,25,3,2,1,0,0.1699978709220886,0.8300021290779114,1,0,3,4,4,0.3679805,0.4492360949516296,0.1355305,1,0,0,0,1,1,1,1
25-4,25,4,2,1,0,0.1699978709220886,0.8300021290779114,1,0,5,3,3,0.056512415,0.4492360949516296,0.02587375,1,0,0,0,1,1,1,1
25-5,25,5,2,1,0,0.1699978709220886,0.8300021290779114,1,0,4,4,3,0.10327227,0.4492360949516296,0.06055794,1,0,0,0,1,1,1,1
25-6,25,6,2,1,0,0.1699978709220886,0.8300021290779114,1,0,4,3,2,0.054660056,0.4492360949516296,0.021482194,1,0,0,0,1,1,1,1
25-7,25,7,2,1,0,0.1699978709220886,0.8300021290779114,1,0,5,3,2,0.06685518,0.4492360949516296,0.029367996,1,0,0,0,1,1,1,1
25-8,25,8,2,1,0,0.1699978709220886,0.8300021290779114,1,0,3,3,2,0.35947213,0.4492360949516296,0.13227308,1,0,0,0,1,1,1,1
25-9,25,9,2,1,0,0.1699978709220886,0.8300021290779114,1,0,5,3,4,0.30838493,0.4492360949516296,0.12207279,1,0,0,0,1,1,1,1
25-10,25,10,2,1,0,0.1699978709220886,0.8300021290779114,1,0,5,2,4,0.021268902,0.4492360949516296,0.010410898,1,0,0,0,1,1,1,1
25-11,25,11,2,1,0,0.1699978709220886,0.8300021290779114,1,0,3,3,4,0.043354187,0.4492360949516296,0.01693005,1,0,0,0,1,1,1,1
25-12,25,12,2,1,0,0.1699978709220886,0.8300021290779114,1,0,4,3,4,0.12565465,0.4492360949516296,0.04342448,1,0,0,0,1,1,1,1
26-0,26,0,1,1,0,0.3250508904457092,0.6749491095542908,1,0,5,2,4,0.29439184,0.486357569694519,0.10653808,1,0,0,0,1,1,1,1
26-1,26,1,1,1,0,0.3250508904457092,0.6749491095542908,1,0,4,3,4,0.2943404,0.486357569694519,0.11330937,1,0,0,0,1,1,1,1
26-2,26,2,1,1,0,0.3250508904457092,0.6749491095542908,1,0,2,3,4,0.20201851,0.486357569694519,0.08811067,1,0,0,0,1,1,1,1
26-3,26,3,1,1,0,0.3250508904457092,0.6749491095542908,1,0,4,3,4,0.21251799,0.486357569694519,0.08235935,1,0,0,0,1,1,1,1
26-4,26,4,1,1,0,0.3250508904457092,0.6749491095542908,1,0,4,3,3,0.06569848,0.486357569694519,0.032440577,1,0,0,0,1,1,1,1
26-5,26,5,1,1,0,0.3250508904457092,0.6749491095542908,1,0,4,3,3,0.10908949,0.486357569694519,0.04494594,1,0,0,0,1,1,1,1
26-6,26,6,1,1,0,0.3250508904457092,0.6749491095542908,1,0,3,3,2,0.10602828,0.486357569694519,0.038027547,1,0,0,0,1,1,1,1
26-7,26,7,1,1,0,0.3250508904457092,0.6749491095542908,1,0,4,4,2,0.15881035,0.486357569694519,0.063502945,1,0,0,0,1,1,1,1
26-8,26,8,1,1,0,0.3250508904457092,0.6749491095542908,1,0,3,3,2,0.09357382,0.486357569694519,0.033995047,1,0,0,0,1,1,1,1
26-9,26,9,1,1,0,0.3250508904457092,0.6749491095542908,1,0,5,3,4,0.2883728,0.486357569694519,0.100409426,1,0,0,0,1,1,1,1
26-10,26,10,1,1,0,0.3250508904457092,0.6749491095542908,1,0,4,2,4,0.047299907,0.486357569694519,0.02284758,1,0,0,0,1,1,1,1
26-11,26,11,1,1,0,0.3250508904457092,0.6749491095542908,1,0,3,3,4,0.17986563,0.486357569694519,0.07692412,1,0,0,0,1,1,1,1
26-12,26,12,1,1,0,0.3250508904457092,0.6749491095542908,1,0,4,3,4,0.14564438,0.486357569694519,0.05620597,1,0,0,0,1,1,1,1
27-0,27,0,1,0,0,0.1267925351858139,0.1267925351858139,0,0,5,2,4,0.111144155,0.486357569694519,0.040356833,0,0,0,0,1,1,1,1
27-1,27,1,1,0,0,0.1267925351858139,0.1267925351858139,0,0,4,3,4,0.11419883,0.486357569694519,0.044068057,0,0,0,0,1,1,1,1
27-2,27,2,1,0,0,0.1267925351858139,0.1267925351858139,0,0,4,3,4,0.06314075,0.486357569694519,0.026066266,0,0,0,0,1,1,1,1
27-3,27,3,1,0,0,0.1267925351858139,0.1267925351858139,0,0,5,3,4,0.073796466,0.486357569694519,0.026946615,0,0,0,0,1,1,1,1
27-4,27,4,1,0,0,0.1267925351858139,0.1267925351858139,0,0,4,3,3,0.022335025,0.486357569694519,0.011404901,0,0,0,0,1,1,1,1
27-5,27,5,1,0,0,0.1267925351858139,0.1267925351858139,0,0,4,3,3,0.03594676,0.486357569694519,0.016149191,0,0,0,0,1,1,1,1
27-6,27,6,1,0,0,0.1267925351858139,0.1267925351858139,0,0,4,3,2,0.03327979,0.486357569694519,0.01251548,0,0,0,0,1,1,1,1
27-7,27,7,1,0,0,0.1267925351858139,0.1267925351858139,0,0,5,2,2,0.037444796,0.486357569694519,0.018911118,0,0,0,0,1,1,1,1
27-8,27,8,1,0,0,0.1267925351858139,0.1267925351858139,0,0,3,3,2,0.030378137,0.486357569694519,0.011650436,0,0,0,0,1,1,1,1
27-9,27,9,1,0,0,0.1267925351858139,0.1267925351858139,0,0,4,3,4,0.12040672,0.486357569694519,0.043120295,0,0,0,0,1,1,1,1
27-10,27,10,1,1,1,0.8732074648141861,0.1267925351858139,0,1,4,3,4,0.07178587,0.486357569694519,0.049056213,0,1,0,0,1,0,1,0
27-11,27,11,1,0,0,0.1267925351858139,0.1267925351858139,0,0,3,3,4,0.06259937,0.486357569694519,0.027700396,0,0,0,0,1,1,1,1
27-12,27,12,1,0,0,0.1267925351858139,0.1267925351858139,0,0,4,2,4,0.04277792,0.486357569694519,0.018035803,0,0,0,0,1,1,1,1
28-0,28,0,2,0,0,0.9222527146339417,0.9222527146339417,1,1,5,2,4,0.22480063,0.4492360949516296,0.097300455,0,1,0,0,0,1,0,1
28-1,28,1,2,0,0,0.9222527146339417,0.9222527146339417,1,1,4,3,4,0.42981297,0.4492360949516296,0.23120384,0,1,0,0,0,1,0,1
28-2,28,2,2,1,1,0.0777472853660583,0.9222527146339417,1,0,4,4,4,0.24488877,0.4492360949516296,0.105645865,0,0,0,0,0,0,0,0
28-3,28,3,2,0,0,0.9222527146339417,0.9222527146339417,1,1,3,4,4,0.6081766,0.4492360949516296,0.29789278,0,1,1,0,0,1,0,0
28-4,28,4,2,1,1,0.0777472853660583,0.9222527146339417,1,0,4,4,3,0.054294873,0.4492360949516296,0.0297567,0,0,0,0,0,0,0,0
28-5,28,5,2,1,1,0.0777472853660583,0.9222527146339417,1,0,3,4,3,0.08532718,0.4492360949516296,0.055171292,0,0,0,0,0,0,0,0
28-6,28,6,2,0,0,0.9222527146339417,0.9222527146339417,1,1,3,3,2,0.06411417,0.4492360949516296,0.033911362,0,1,0,0,0,1,0,1
28-7,28,7,2,0,0,0.9222527146339417,0.9222527146339417,1,1,4,3,2,0.22235176,0.4492360949516296,0.10277148,0,1,0,0,0,1,0,1
28-8,28,8,2,0,0,0.9222527146339417,0.9222527146339417,1,1,3,3,2,0.57979405,0.4492360949516296,0.28389063,0,1,1,0,0,1,0,0
28-9,28,9,2,0,0,0.9222527146339417,0.9222527146339417,1,1,4,3,4,0.60530096,0.4492360949516296,0.31907457,0,1,1,0,0,1,0,0
28-10,28,10,2,0,0,0.9222527146339417,0.9222527146339417,1,1,3,3,4,0.07395121,0.4492360949516296,0.035009984,0,1,0,0,0,1,0,1
28-11,28,11,2,0,0,0.9222527146339417,0.9222527146339417,1,1,2,3,4,0.073513314,0.4492360949516296,0.035890914,0,1,0,0,0,1,0,1
28-12,28,12,2,0,0,0.9222527146339417,0.9222527146339417,1,1,3,3,4,0.26105776,0.4492360949516296,0.12252524,0,1,0,0,0,1,0,1
29-0,29,0,3,0,1,0.3616842031478882,0.3616842031478882,0,0,5,2,4,0.14547598,0.4455930888652801,0.06336635,1,0,0,0,0,0,0,0
29-1,29,1,3,0,1,0.3616842031478882,0.3616842031478882,0,0,4,3,4,0.15335023,0.4455930888652801,0.0649527,1,0,0,0,0,0,0,0
29-2,29,2,3,1,0,0.6383157968521118,0.3616842031478882,0,1,3,4,4,0.049589485,0.4455930888652801,0.024493396,1,1,0,0,0,1,0,1
29-3,29,3,3,0,1,0.3616842031478882,0.3616842031478882,0,0,5,1,4,0.29184178,0.4455930888652801,0.112299085,1,0,0,0,0,0,0,0
29-4,29,4,3,1,0,0.6383157968521118,0.3616842031478882,0,1,4,4,3,0.07298085,0.4455930888652801,0.031715665,1,1,0,0,0,1,0,1
29-5,29,5,3,0,1,0.3616842031478882,0.3616842031478882,0,0,5,3,3,0.14242324,0.4455930888652801,0.07246417,1,0,0,0,0,0,0,0
29-6,29,6,3,0,1,0.3616842031478882,0.3616842031478882,0,0,4,3,2,0.037993956,0.4455930888652801,0.018674897,1,0,0,0,0,0,0,0
29-7,29,7,3,0,1,0.3616842031478882,0.3616842031478882,0,0,4,2,2,0.14021935,0.4455930888652801,0.06007355,1,0,0,0,0,0,0,0
29-8,29,8,3,0,1,0.3616842031478882,0.3616842031478882,0,0,4,2,2,0.040333495,0.4455930888652801,0.033334967,1,0,0,0,0,0,0,0
29-9,29,9,3,0,1,0.3616842031478882,0.3616842031478882,0,0,5,3,4,0.17570114,0.4455930888652801,0.06877136,1,0,0,0,0,0,0,0
29-10,29,10,3,1,0,0.6383157968521118,0.3616842031478882,0,1,4,2,4,0.029235631,0.4455930888652801,0.021234544,1,1,0,0,0,1,0,1
29-11,29,11,3,0,1,0.3616842031478882,0.3616842031478882,0,0,3,3,4,0.060413133,0.4455930888652801,0.046922088,1,0,0,0,0,0,0,0
29-12,29,12,3,0,1,0.3616842031478882,0.3616842031478882,0,0,4,2,4,0.15073675,0.4455930888652801,0.06503534,1,0,0,0,0,0,0,0
30-0,30,0,2,0,0,0.015836602076888,0.015836602076888,0,0,5,2,4,0.030092489,0.4492360949516296,0.01219801,0,0,0,0,1,1,1,1
30-1,30,1,2,0,0,0.015836602076888,0.015836602076888,0,0,4,3,4,0.059871934,0.4492360949516296,0.024216104,0,0,0,0,1,1,1,1
30-2,30,2,2,0,0,0.015836602076888,0.015836602076888,0,0,4,2,4,0.09359929,0.4492360949516296,0.03450994,0,0,0,0,1,1,1,1
30-3,30,3,2,0,0,0.015836602076888,0.015836602076888,0,0,5,1,4,0.062951565,0.4492360949516296,0.02177119,0,0,0,0,1,1,1,1
30-4,30,4,2,0,0,0.015836602076888,0.015836602076888,0,0,4,3,3,0.020115344,0.4492360949516296,0.009904009,0,0,0,0,1,1,1,1
30-5,30,5,2,0,0,0.015836602076888,0.015836602076888,0,0,4,3,3,0.024079995,0.4492360949516296,0.013650177,0,0,0,0,1,1,1,1
30-6,30,6,2,0,0,0.015836602076888,0.015836602076888,0,0,4,3,2,0.017807834,0.4492360949516296,0.0063506793,0,0,0,0,1,1,1,1
30-7,30,7,2,0,0,0.015836602076888,0.015836602076888,0,0,4,2,2,0.02193604,0.4492360949516296,0.010022405,0,0,0,0,1,1,1,1
30-8,30,8,2,0,0,0.015836602076888,0.015836602076888,0,0,3,3,2,0.10973421,0.4492360949516296,0.03538839,0,0,0,0,1,1,1,1
30-9,30,9,2,0,0,0.015836602076888,0.015836602076888,0,0,4,3,4,0.099555075,0.4492360949516296,0.034613613,0,0,0,0,1,1,1,1
30-10,30,10,2,0,0,0.015836602076888,0.015836602076888,0,0,3,1,4,0.008654084,0.4492360949516296,0.0040799514,0,0,0,0,1,1,1,1
30-11,30,11,2,0,0,0.015836602076888,0.015836602076888,0,0,3,3,4,0.011223332,0.4492360949516296,0.004467778,0,0,0,0,1,1,1,1
30-12,30,12,2,0,0,0.015836602076888,0.015836602076888,0,0,4,2,4,0.028910063,0.4492360949516296,0.011290304,0,0,0,0,1,1,1,1
31-0,31,0,4,1,0,0.0315841436386108,0.9684158563613892,1,0,5,4,4,0.045453217,0.5368138551712036,0.015630282,1,0,0,0,1,1,1,1
31-1,31,1,4,1,0,0.0315841436386108,0.9684158563613892,1,0,4,4,4,0.06561989,0.5368138551712036,0.025138581,1,0,0,0,1,1,1,1
31-2,31,2,4,1,0,0.0315841436386108,0.9684158563613892,1,0,4,4,4,0.20572479,0.5368138551712036,0.06319226,1,0,0,0,1,1,1,1
31-3,31,3,4,1,0,0.0315841436386108,0.9684158563613892,1,0,5,3,4,0.11563824,0.5368138551712036,0.03386872,1,0,0,0,1,1,1,1
31-4,31,4,4,1,0,0.0315841436386108,0.9684158563613892,1,0,5,3,3,0.023913594,0.5368138551712036,0.010607072,1,0,0,0,1,1,1,1
31-5,31,5,4,1,0,0.0315841436386108,0.9684158563613892,1,0,4,4,3,0.026449488,0.5368138551712036,0.0148359,1,0,0,0,1,1,1,1
31-6,31,6,4,1,0,0.0315841436386108,0.9684158563613892,1,0,3,3,2,0.061031573,0.5368138551712036,0.022991259,1,0,0,0,1,1,1,1
31-7,31,7,4,1,0,0.0315841436386108,0.9684158563613892,1,0,4,4,2,0.06076185,0.5368138551712036,0.028497394,1,0,0,0,1,1,1,1
31-8,31,8,4,1,0,0.0315841436386108,0.9684158563613892,1,0,2,3,2,0.10088768,0.5368138551712036,0.039372306,1,0,0,0,1,1,1,1
31-9,31,9,4,1,0,0.0315841436386108,0.9684158563613892,1,0,4,4,4,0.15842213,0.5368138551712036,0.06082211,1,0,0,0,1,1,1,1
31-10,31,10,4,1,0,0.0315841436386108,0.9684158563613892,1,0,4,4,4,0.02798808,0.5368138551712036,0.010397225,1,0,0,0,1,1,1,1
31-11,31,11,4,1,0,0.0315841436386108,0.9684158563613892,1,0,3,3,4,0.07682638,0.5368138551712036,0.030542362,1,0,0,0,1,1,1,1
31-12,31,12,4,1,0,0.0315841436386108,0.9684158563613892,1,0,3,4,4,0.08096685,0.5368138551712036,0.029842539,1,0,0,0,1,1,1,1
32-0,32,0,2,1,1,0.8411314934492112,0.1588685065507888,0,1,5,2,4,0.16116706,0.4492360949516296,0.06968711,0,1,0,0,1,0,1,0
32-1,32,1,2,0,0,0.1588685065507888,0.1588685065507888,0,0,4,3,4,0.24986644,0.4492360949516296,0.09692687,0,0,0,0,1,1,1,1
32-2,32,2,2,0,0,0.1588685065507888,0.1588685065507888,0,0,2,3,4,0.39483622,0.4492360949516296,0.15989698,0,0,0,0,1,1,1,1
32-3,32,3,2,1,1,0.8411314934492112,0.1588685065507888,0,1,4,2,4,0.50510013,0.4492360949516296,0.20514643,0,1,1,0,1,0,1,1
32-4,32,4,2,1,1,0.8411314934492112,0.1588685065507888,0,1,4,4,3,0.17201859,0.4492360949516296,0.06755801,0,1,0,0,1,0,1,0
32-5,32,5,2,1,1,0.8411314934492112,0.1588685065507888,0,1,4,3,3,0.19171725,0.4492360949516296,0.10535059,0,1,0,0,1,0,1,0
32-6,32,6,2,0,0,0.1588685065507888,0.1588685065507888,0,0,4,3,2,0.060925692,0.4492360949516296,0.022323132,0,0,0,0,1,1,1,1
32-7,32,7,2,0,0,0.1588685065507888,0.1588685065507888,0,0,3,4,2,0.1185451,0.4492360949516296,0.047504928,0,0,0,0,1,1,1,1
32-8,32,8,2,1,1,0.8411314934492112,0.1588685065507888,0,1,2,3,2,0.58882266,0.4492360949516296,0.2858766,0,1,1,0,1,0,1,1
32-9,32,9,2,1,1,0.8411314934492112,0.1588685065507888,0,1,3,4,4,0.546644,0.4492360949516296,0.29210672,0,1,1,0,1,0,1,1
32-10,32,10,2,1,1,0.8411314934492112,0.1588685065507888,0,1,4,2,4,0.049848963,0.4492360949516296,0.022523697,0,1,0,0,1,0,1,0
32-11,32,11,2,1,1,0.8411314934492112,0.1588685065507888,0,1,3,3,4,0.062621355,0.4492360949516296,0.029090676,0,1,0,0,1,0,1,0
32-12,32,12,2,1,1,0.8411314934492112,0.1588685065507888,0,1,3,3,4,0.22723457,0.4492360949516296,0.10510815,0,1,0,0,1,0,1,0
33-0,33,0,3,0,0,0.3186074495315552,0.3186074495315552,0,0,5,2,4,0.23013978,0.4455930888652801,0.14178294,0,0,0,0,1,1,1,1
33-1,33,1,3,0,0,0.3186074495315552,0.3186074495315552,0,0,4,3,4,0.21029203,0.4455930888652801,0.11322363,0,0,0,0,1,1,1,1
33-2,33,2,3,0,0,0.3186074495315552,0.3186074495315552,0,0,4,3,4,0.05772003,0.4455930888652801,0.03560613,0,0,0,0,1,1,1,1
33-3,33,3,3,0,0,0.3186074495315552,0.3186074495315552,0,0,4,4,4,0.57675487,0.4455930888652801,0.31841537,0,0,1,0,1,1,1,0
33-4,33,4,3,0,0,0.3186074495315552,0.3186074495315552,0,0,4,4,3,0.10636765,0.4455930888652801,0.055497166,0,0,0,0,1,1,1,1
33-5,33,5,3,0,0,0.3186074495315552,0.3186074495315552,0,0,2,4,3,0.3480512,0.4455930888652801,0.26791623,0,0,0,0,1,1,1,1
33-6,33,6,3,0,0,0.3186074495315552,0.3186074495315552,0,0,4,4,2,0.051859662,0.4455930888652801,0.030116156,0,0,0,0,1,1,1,1
33-7,33,7,3,0,0,0.3186074495315552,0.3186074495315552,0,0,4,3,2,0.1852945,0.4455930888652801,0.09667454,0,0,0,0,1,1,1,1
33-8,33,8,3,0,0,0.3186074495315552,0.3186074495315552,0,0,2,3,2,0.08986663,0.4455930888652801,0.0768028,0,0,0,0,1,1,1,1
33-9,33,9,3,0,0,0.3186074495315552,0.3186074495315552,0,0,3,4,4,0.36420062,0.4455930888652801,0.1982322,0,0,0,0,1,1,1,1
33-10,33,10,3,1,1,0.6813925504684448,0.3186074495315552,0,1,3,3,4,0.047385238,0.4455930888652801,0.031638935,0,1,0,0,1,0,1,0
33-11,33,11,3,1,1,0.6813925504684448,0.3186074495315552,0,1,2,3,4,0.09130688,0.4455930888652801,0.08035116,0,1,0,0,1,0,1,0
33-12,33,12,3,1,1,0.6813925504684448,0.3186074495315552,0,1,2,4,4,0.25025475,0.4455930888652801,0.1309648,0,1,0,0,1,0,1,0
34-0,34,0,4,0,1,0.8961247801780701,0.8961247801780701,1,1,5,2,4,0.13209511,0.5368138551712036,0.046218727,1,1,0,0,1,0,1,0
34-1,34,1,4,0,1,0.8961247801780701,0.8961247801780701,1,1,4,3,4,0.28819224,0.5368138551712036,0.093297794,1,1,0,0,1,0,1,0
34-2,34,2,4,1,0,0.1038752198219299,0.8961247801780701,1,0,4,4,4,0.24657796,0.5368138551712036,0.07080268,1,0,0,0,1,1,1,1
34-3,34,3,4,0,1,0.8961247801780701,0.8961247801780701,1,1,4,2,4,0.38369548,0.5368138551712036,0.12283308,1,1,0,0,1,0,1,0
34-4,34,4,4,1,0,0.1038752198219299,0.8961247801780701,1,0,5,3,3,0.026174657,0.5368138551712036,0.011141534,1,0,0,0,1,1,1,1
34-5,34,5,4,0,1,0.8961247801780701,0.8961247801780701,1,1,5,3,3,0.09668886,0.5368138551712036,0.04162461,1,1,0,0,1,0,1,0
34-6,34,6,4,1,0,0.1038752198219299,0.8961247801780701,1,0,4,3,2,0.07241427,0.5368138551712036,0.024134252,1,0,0,0,1,1,1,1
34-7,34,7,4,1,0,0.1038752198219299,0.8961247801780701,1,0,4,4,2,0.0722714,0.5368138551712036,0.0306797,1,0,0,0,1,1,1,1
34-8,34,8,4,0,1,0.8961247801780701,0.8961247801780701,1,1,3,2,2,0.3106856,0.5368138551712036,0.117905505,1,1,0,0,1,0,1,0
34-9,34,9,4,0,1,0.8961247801780701,0.8961247801780701,1,1,3,4,4,0.5535976,0.5368138551712036,0.2429,1,1,1,0,1,0,1,1
34-10,34,10,4,1,0,0.1038752198219299,0.8961247801780701,1,0,3,3,4,0.03527465,0.5368138551712036,0.011909829,1,0,0,0,1,1,1,1
34-11,34,11,4,0,1,0.8961247801780701,0.8961247801780701,1,1,3,3,4,0.3218562,0.5368138551712036,0.124011084,1,1,0,0,1,0,1,0
34-12,34,12,4,1,0,0.1038752198219299,0.8961247801780701,1,0,4,3,4,0.08299727,0.5368138551712036,0.027868764,1,0,0,0,1,1,1,1
35-0,35,0,4,0,0,0.0478569343686103,0.0478569343686103,0,0,5,2,4,0.039630555,0.5368138551712036,0.012605023,0,0,0,0,1,1,1,1
35-1,35,1,4,0,0,0.0478569343686103,0.0478569343686103,0,0,4,3,4,0.07794907,0.5368138551712036,0.026659917,0,0,0,0,1,1,1,1
35-2,35,2,4,0,0,0.0478569343686103,0.0478569343686103,0,0,4,2,4,0.20891656,0.5368138551712036,0.05907362,0,0,0,0,1,1,1,1
35-3,35,3,4,0,0,0.0478569343686103,0.0478569343686103,0,0,5,1,4,0.10732294,0.5368138551712036,0.028411923,0,0,0,0,1,1,1,1
35-4,35,4,4,0,0,0.0478569343686103,0.0478569343686103,0,0,5,3,3,0.024611045,0.5368138551712036,0.00983858,0,0,0,0,1,1,1,1
35-5,35,5,4,1,1,0.9521430656313896,0.0478569343686103,0,1,3,4,3,0.21340324,0.5368138551712036,0.11217171,0,1,0,0,1,0,1,0
35-6,35,6,4,1,1,0.9521430656313896,0.0478569343686103,0,1,4,3,2,0.2803106,0.5368138551712036,0.122406565,0,1,0,0,1,0,1,0
35-7,35,7,4,0,0,0.0478569343686103,0.0478569343686103,0,0,4,3,2,0.06288333,0.5368138551712036,0.02444654,0,0,0,0,1,1,1,1
35-8,35,8,4,1,1,0.9521430656313896,0.0478569343686103,0,1,2,3,2,0.48041296,0.5368138551712036,0.26981786,0,1,0,0,1,0,1,0
35-9,35,9,4,0,0,0.0478569343686103,0.0478569343686103,0,0,5,2,4,0.12161561,0.5368138551712036,0.040794317,0,0,0,0,1,1,1,1
35-10,35,10,4,1,1,0.9521430656313896,0.0478569343686103,0,1,3,3,4,0.10311735,0.5368138551712036,0.05315113,0,1,0,0,1,0,1,0
35-11,35,11,4,0,0,0.0478569343686103,0.0478569343686103,0,0,3,3,4,0.096030876,0.5368138551712036,0.033195306,0,0,0,0,1,1,1,1
35-12,35,12,4,0,0,0.0478569343686103,0.0478569343686103,0,0,4,2,4,0.072839566,0.5368138551712036,0.023434656,0,0,0,0,1,1,1,1
36-0,36,0,5,0,0,0.0199178867042064,0.0199178867042064,0,0,4,3,4,0.019210406,0.372329980134964,0.008548574,0,0,0,0,1,1,1,1
36-1,36,1,5,1,1,0.9800821132957936,0.0199178867042064,0,1,3,3,4,0.723682,0.372329980134964,0.5701286,0,1,1,1,1,0,1,1
36-2,36,2,5,0,0,0.0199178867042064,0.0199178867042064,0,0,4,3,4,0.010932093,0.372329980134964,0.0061783018,0,0,0,0,1,1,1,1
36-3,36,3,5,1,1,0.9800821132957936,0.0199178867042064,0,1,4,4,4,0.61390144,0.372329980134964,0.5849402,0,1,1,1,1,0,1,1
36-4,36,4,5,0,0,0.0199178867042064,0.0199178867042064,0,0,5,4,3,0.014360424,0.372329980134964,0.010687888,0,0,0,0,1,1,1,1
36-5,36,5,5,1,1,0.9800821132957936,0.0199178867042064,0,1,3,4,3,0.04261677,0.372329980134964,0.07253283,0,1,0,0,1,0,1,0
36-6,36,6,5,0,0,0.0199178867042064,0.0199178867042064,0,0,4,3,2,0.06506946,0.372329980134964,0.036414318,0,0,0,0,1,1,1,1
36-7,36,7,5,0,0,0.0199178867042064,0.0199178867042064,0,0,4,3,2,0.049799424,0.372329980134964,0.01950437,0,0,0,0,1,1,1,1
36-8,36,8,5,1,1,0.9800821132957936,0.0199178867042064,0,1,2,3,2,0.51778454,0.372329980134964,0.3470133,0,1,1,0,1,0,1,1
36-9,36,9,5,1,1,0.9800821132957936,0.0199178867042064,0,1,3,4,4,0.73055243,0.372329980134964,0.57651114,0,1,1,1,1,0,1,1
36-10,36,10,5,1,1,0.9800821132957936,0.0199178867042064,0,1,4,3,4,0.031555776,0.372329980134964,0.053874172,0,1,0,0,1,0,1,0
36-11,36,11,5,1,1,0.9800821132957936,0.0199178867042064,0,1,2,3,4,0.30256096,0.372329980134964,0.26853505,0,1,0,0,1,0,1,0
36-12,36,12,5,1,1,0.9800821132957936,0.0199178867042064,0,1,3,3,4,0.6279789,0.372329980134964,0.44941336,0,1,1,0,1,0,1,1
37-0,37,0,5,1,0,0.3150845170021057,0.6849154829978943,1,0,5,2,4,0.03595509,0.372329980134964,0.013161664,1,0,0,0,1,1,1,1
37-1,37,1,5,0,1,0.6849154829978943,0.6849154829978943,1,1,4,3,4,0.22296835,0.372329980134964,0.07628549,1,1,0,0,1,0,1,0
37-2,37,2,5,1,0,0.3150845170021057,0.6849154829978943,1,0,4,2,4,0.022754373,0.372329980134964,0.010165698,1,0,0,0,1,1,1,1
37-3,37,3,5,1,0,0.3150845170021057,0.6849154829978943,1,0,5,1,4,0.10385123,0.372329980134964,0.044555876,1,0,0,0,1,1,1,1
37-4,37,4,5,1,0,0.3150845170021057,0.6849154829978943,1,0,4,4,3,0.0366442,0.372329980134964,0.018911121,1,0,0,0,1,1,1,1
37-5,37,5,5,0,1,0.6849154829978943,0.6849154829978943,1,1,4,3,3,0.009075576,0.372329980134964,0.008162392,1,1,0,0,1,0,1,0
37-6,37,6,5,0,1,0.6849154829978943,0.6849154829978943,1,1,4,3,2,0.21926686,0.372329980134964,0.09661241,1,1,0,0,1,0,1,0
37-7,37,7,5,1,0,0.3150845170021057,0.6849154829978943,1,0,3,4,2,0.106292956,0.372329980134964,0.03432504,1,0,0,0,1,1,1,1
37-8,37,8,5,1,0,0.3150845170021057,0.6849154829978943,1,0,3,3,2,0.050106633,0.372329980134964,0.013241351,1,0,0,0,1,1,1,1
37-9,37,9,5,1,0,0.3150845170021057,0.6849154829978943,1,0,4,4,4,0.11264852,0.372329980134964,0.036632083,1,0,0,0,1,1,1,1
37-10,37,10,5,1,0,0.3150845170021057,0.6849154829978943,1,0,4,2,4,0.008213503,0.372329980134964,0.005276001,1,0,0,0,1,1,1,1
37-11,37,11,5,1,0,0.3150845170021057,0.6849154829978943,1,0,3,3,4,0.031502157,0.372329980134964,0.015456651,1,0,0,0,1,1,1,1
37-12,37,12,5,0,1,0.6849154829978943,0.6849154829978943,1,1,3,3,4,0.17639992,0.372329980134964,0.06200277,1,1,0,0,1,0,1,0
38-0,38,0,3,0,0,0.1174375340342521,0.1174375340342521,0,0,5,2,4,0.12069704,0.4455930888652801,0.05361684,0,0,0,0,1,1,1,1
38-1,38,1,3,0,0,0.1174375340342521,0.1174375340342521,0,0,4,3,4,0.1084604,0.4455930888652801,0.046488795,0,0,0,0,1,1,1,1
38-2,38,2,3,1,1,0.8825624659657479,0.1174375340342521,0,1,1,3,4,0.07117023,0.4455930888652801,0.03871123,0,1,0,0,1,0,1,0
38-3,38,3,3,0,0,0.1174375340342521,0.1174375340342521,0,0,5,1,4,0.26608038,0.4455930888652801,0.1003025,0,0,0,0,1,1,1,1
38-4,38,4,3,0,0,0.1174375340342521,0.1174375340342521,0,0,5,3,3,0.036362395,0.4455930888652801,0.014657757,0,0,0,0,1,1,1,1
38-5,38,5,3,1,1,0.8825624659657479,0.1174375340342521,0,1,4,4,3,0.24251373,0.4455930888652801,0.13907176,0,1,0,0,1,0,1,0
38-6,38,6,3,0,0,0.1174375340342521,0.1174375340342521,0,0,4,3,2,0.029191365,0.4455930888652801,0.014342975,0,0,0,0,1,1,1,1
38-7,38,7,3,0,0,0.1174375340342521,0.1174375340342521,0,0,4,2,2,0.09012562,0.4455930888652801,0.04020433,0,0,0,0,1,1,1,1
38-8,38,8,3,0,0,0.1174375340342521,0.1174375340342521,0,0,2,3,2,0.037704237,0.4455930888652801,0.024588373,0,0,0,0,1,1,1,1
38-9,38,9,3,0,0,0.1174375340342521,0.1174375340342521,0,0,3,4,4,0.1992377,0.4455930888652801,0.0816168,0,0,0,0,1,1,1,1
38-10,38,10,3,0,0,0.1174375340342521,0.1174375340342521,0,0,3,2,4,0.048183713,0.4455930888652801,0.019742738,0,0,0,0,1,1,1,1
38-11,38,11,3,0,0,0.1174375340342521,0.1174375340342521,0,0,3,3,4,0.036701668,0.4455930888652801,0.030905,0,0,0,0,1,1,1,1
38-12,38,12,3,0,0,0.1174375340342521,0.1174375340342521,0,0,4,2,4,0.10026908,0.4455930888652801,0.04470022,0,0,0,0,1,1,1,1
39-0,39,0,4,0,0,0.1746675670146942,0.1746675670146942,0,0,5,2,4,0.032953892,0.5368138551712036,0.011255264,0,0,0,0,1,1,1,1
39-1,39,1,4,0,0,0.1746675670146942,0.1746675670146942,0,0,4,3,4,0.06357252,0.5368138551712036,0.02416232,0,0,0,0,1,1,1,1
39-2,39,2,4,0,0,0.1746675670146942,0.1746675670146942,0,0,3,3,4,0.22068106,0.5368138551712036,0.06653973,0,0,0,0,1,1,1,1
39-3,39,3,4,0,0,0.1746675670146942,0.1746675670146942,0,0,5,2,4,0.09470217,0.5368138551712036,0.027579483,0,0,0,0,1,1,1,1
39-4,39,4,4,0,0,0.1746675670146942,0.1746675670146942,0,0,4,3,3,0.025096694,0.5368138551712036,0.0113203,0,0,0,0,1,1,1,1
39-5,39,5,4,0,0,0.1746675670146942,0.1746675670146942,0,0,4,3,3,0.025590802,0.5368138551712036,0.014253888,0,0,0,0,1,1,1,1
39-6,39,6,4,0,0,0.1746675670146942,0.1746675670146942,0,0,4,3,2,0.05627322,0.5368138551712036,0.019211384,0,0,0,0,1,1,1,1
39-7,39,7,4,0,0,0.1746675670146942,0.1746675670146942,0,0,4,2,2,0.04868887,0.5368138551712036,0.020873493,0,0,0,0,1,1,1,1
39-8,39,8,4,0,0,0.1746675670146942,0.1746675670146942,0,0,3,3,2,0.09485431,0.5368138551712036,0.032875497,0,0,0,0,1,1,1,1
39-9,39,9,4,0,0,0.1746675670146942,0.1746675670146942,0,0,4,3,4,0.13952471,0.5368138551712036,0.049685266,0,0,0,0,1,1,1,1
39-10,39,10,4,0,0,0.1746675670146942,0.1746675670146942,0,0,3,2,4,0.026389634,0.5368138551712036,0.009188552,0,0,0,0,1,1,1,1
39-11,39,11,4,1,1,0.8253324329853058,0.1746675670146942,0,1,3,3,4,0.42527393,0.5368138551712036,0.2481277,0,1,0,0,1,0,1,0
39-12,39,12,4,0,0,0.1746675670146942,0.1746675670146942,0,0,4,3,4,0.069338664,0.5368138551712036,0.02387115,0,0,0,0,1,1,1,1
40-0,40,0,2,1,0,0.7721437513828278,0.2278562486171722,0,1,5,2,4,0.16116706,0.4492360949516296,0.06968711,1,1,0,0,0,1,0,1
40-1,40,1,2,1,0,0.7721437513828278,0.2278562486171722,0,1,4,3,4,0.35796636,0.4492360949516296,0.17465666,1,1,0,0,0,1,0,1
40-2,40,2,2,1,0,0.7721437513828278,0.2278562486171722,0,1,3,4,4,0.5415829,0.4492360949516296,0.26713035,1,1,1,0,0,1,0,0
40-3,40,3,2,1,0,0.7721437513828278,0.2278562486171722,0,1,5,2,4,0.39395332,0.4492360949516296,0.14379609,1,1,0,0,0,1,0,1
40-4,40,4,2,1,0,0.7721437513828278,0.2278562486171722,0,1,5,3,3,0.1073083,0.4492360949516296,0.040081352,1,1,0,0,0,1,0,1
40-5,40,5,2,1,0,0.7721437513828278,0.2278562486171722,0,1,4,3,3,0.19171725,0.4492360949516296,0.1044784,1,1,0,0,0,1,0,1
40-6,40,6,2,1,0,0.7721437513828278,0.2278562486171722,0,1,4,3,2,0.054796927,0.4492360949516296,0.02775918,1,1,0,0,0,1,0,1
40-7,40,7,2,1,0,0.7721437513828278,0.2278562486171722,0,1,5,2,2,0.10944342,0.4492360949516296,0.047894955,1,1,0,0,0,1,0,1
40-8,40,8,2,1,0,0.7721437513828278,0.2278562486171722,0,1,3,3,2,0.5514384,0.4492360949516296,0.25087774,1,1,1,0,0,1,0,0
40-9,40,9,2,1,0,0.7721437513828278,0.2278562486171722,0,1,5,1,4,0.33388913,0.4492360949516296,0.13178562,1,1,0,0,0,1,0,1
40-10,40,10,2,1,0,0.7721437513828278,0.2278562486171722,0,1,4,2,4,0.049848963,0.4492360949516296,0.022320114,1,1,0,0,0,1,0,1
40-11,40,11,2,1,0,0.7721437513828278,0.2278562486171722,0,1,3,3,4,0.062621355,0.4492360949516296,0.028829485,1,1,0,0,0,1,0,1
40-12,40,12,2,1,0,0.7721437513828278,0.2278562486171722,0,1,4,3,4,0.2023544,0.4492360949516296,0.08390444,1,1,0,0,0,1,0,1
41-0,41,0,3,0,0,0.7264028787612915,0.7264028787612915,1,1,5,2,4,0.17691015,0.4455930888652801,0.08689726,0,1,0,0,0,1,0,1
41-1,41,1,3,1,1,0.2735971212387085,0.7264028787612915,1,0,4,3,4,0.10264402,0.4455930888652801,0.043861892,0,0,0,0,0,0,0,0
41-2,41,2,3,0,0,0.7264028787612915,0.7264028787612915,1,1,3,3,4,0.061781943,0.4455930888652801,0.03477885,0,1,0,0,0,1,0,1
41-3,41,3,3,1,1,0.2735971212387085,0.7264028787612915,1,0,5,2,4,0.3087489,0.4455930888652801,0.11069686,0,0,0,0,0,0,0,0
41-4,41,4,3,0,0,0.7264028787612915,0.7264028787612915,1,1,4,3,3,0.10031712,0.4455930888652801,0.04497605,0,1,0,0,0,1,0,1
41-5,41,5,3,1,1,0.2735971212387085,0.7264028787612915,1,0,3,4,3,0.1807554,0.4455930888652801,0.098725885,0,0,0,0,0,0,0,0
41-6,41,6,3,1,1,0.2735971212387085,0.7264028787612915,1,0,4,3,2,0.024060072,0.4455930888652801,0.012502433,0,0,0,0,0,0,0,0
41-7,41,7,3,1,1,0.2735971212387085,0.7264028787612915,1,0,4,4,2,0.09065823,0.4455930888652801,0.04074953,0,0,0,0,0,0,0,0
41-8,41,8,3,0,0,0.7264028787612915,0.7264028787612915,1,1,3,3,2,0.06081034,0.4455930888652801,0.046334412,0,1,0,0,0,1,0,1
41-9,41,9,3,1,1,0.2735971212387085,0.7264028787612915,1,0,5,2,4,0.13819386,0.4455930888652801,0.05649114,0,0,0,0,0,0,0,0
41-10,41,10,3,1,1,0.2735971212387085,0.7264028787612915,1,0,3,3,4,0.028859325,0.4455930888652801,0.017950375,0,0,0,0,0,0,0,0
41-11,41,11,3,1,1,0.2735971212387085,0.7264028787612915,1,0,3,3,4,0.039901394,0.4455930888652801,0.030899242,0,0,0,0,0,0,0,0
41-12,41,12,3,1,1,0.2735971212387085,0.7264028787612915,1,0,3,3,4,0.1233691,0.4455930888652801,0.050697163,0,0,0,0,0,0,0,0
42-0,42,0,1,0,0,0.7853376865386963,0.7853376865386963,1,1,5,2,4,0.39391795,0.486357569694519,0.15631527,0,1,0,0,0,1,0,1
42-1,42,1,1,0,0,0.7853376865386963,0.7853376865386963,1,1,4,3,4,0.43564576,0.486357569694519,0.1733003,0,1,0,0,0,1,0,1
42-2,42,2,1,0,0,0.7853376865386963,0.7853376865386963,1,1,4,2,4,0.25801602,0.486357569694519,0.099745475,0,1,0,0,0,1,0,1
42-3,42,3,1,0,0,0.7853376865386963,0.7853376865386963,1,1,5,1,4,0.22327082,0.486357569694519,0.09252999,0,1,0,0,0,1,0,1
42-4,42,4,1,0,0,0.7853376865386963,0.7853376865386963,1,1,5,3,3,0.10599531,0.486357569694519,0.048716247,0,1,0,0,0,1,0,1
42-5,42,5,1,0,0,0.7853376865386963,0.7853376865386963,1,1,4,3,3,0.1760479,0.486357569694519,0.06811104,0,1,0,0,0,1,0,1
42-6,42,6,1,0,0,0.7853376865386963,0.7853376865386963,1,1,5,3,2,0.10920173,0.486357569694519,0.046754926,0,1,0,0,0,1,0,1
42-7,42,7,1,0,0,0.7853376865386963,0.7853376865386963,1,1,5,1,2,0.16428609,0.486357569694519,0.07506634,0,1,0,0,0,1,0,1
42-8,42,8,1,0,0,0.7853376865386963,0.7853376865386963,1,1,3,3,2,0.12561403,0.486357569694519,0.053313166,0,1,0,0,0,1,0,1
42-9,42,9,1,0,0,0.7853376865386963,0.7853376865386963,1,1,5,2,4,0.39327943,0.486357569694519,0.13604076,0,1,0,0,0,1,0,1
42-10,42,10,1,0,0,0.7853376865386963,0.7853376865386963,1,1,4,2,4,0.04287493,0.486357569694519,0.023843229,0,1,0,0,0,1,0,1
42-11,42,11,1,0,0,0.7853376865386963,0.7853376865386963,1,1,3,3,4,0.28544044,0.486357569694519,0.11918165,0,1,0,0,0,1,0,1
42-12,42,12,1,0,0,0.7853376865386963,0.7853376865386963,1,1,4,2,4,0.17719822,0.486357569694519,0.077466935,0,1,0,0,0,1,0,1
43-0,43,0,5,0,0,0.015103742480278,0.015103742480278,0,0,5,2,4,0.017185686,0.372329980134964,0.008087779,0,0,0,0,1,1,1,1
43-1,43,1,5,0,0,0.015103742480278,0.015103742480278,0,0,4,3,4,0.051798455,0.372329980134964,0.01921244,0,0,0,0,1,1,1,1
43-2,43,2,5,0,0,0.015103742480278,0.015103742480278,0,0,4,2,4,0.010803019,0.372329980134964,0.006115242,0,0,0,0,1,1,1,1
43-3,43,3,5,0,0,0.015103742480278,0.015103742480278,0,0,4,2,4,0.05658632,0.372329980134964,0.028678905,0,0,0,0,1,1,1,1
43-4,43,4,5,0,0,0.015103742480278,0.015103742480278,0,0,5,3,3,0.014360424,0.372329980134964,0.010642163,0,0,0,0,1,1,1,1
43-5,43,5,5,0,0,0.015103742480278,0.015103742480278,0,0,4,3,3,0.004540593,0.372329980134964,0.0034487299,0,0,0,0,1,1,1,1
43-6,43,6,5,0,0,0.015103742480278,0.015103742480278,0,0,4,3,2,0.06506946,0.372329980134964,0.036414318,0,0,0,0,1,1,1,1
43-7,43,7,5,0,0,0.015103742480278,0.015103742480278,0,0,4,2,2,0.049799424,0.372329980134964,0.01950437,0,0,0,0,1,1,1,1
43-8,43,8,5,1,1,0.984896257519722,0.015103742480278,0,1,3,3,2,0.41218492,0.372329980134964,0.23964915,0,1,0,0,1,0,1,0
43-9,43,9,5,0,0,0.015103742480278,0.015103742480278,0,0,4,3,4,0.05286958,0.372329980134964,0.019806648,0,0,0,0,1,1,1,1
43-10,43,10,5,0,0,0.015103742480278,0.015103742480278,0,0,4,2,4,0.00426867,0.372329980134964,0.0034537464,0,0,0,0,1,1,1,1
43-11,43,11,5,0,0,0.015103742480278,0.015103742480278,0,0,3,3,4,0.01150463,0.372329980134964,0.0072861146,0,0,0,0,1,1,1,1
43-12,43,12,5,0,0,0.015103742480278,0.015103742480278,0,0,4,2,4,0.03984818,0.372329980134964,0.014269487,0,0,0,0,1,1,1,1
44-0,44,0,1,1,0,0.0566495656967164,0.9433504343032836,1,0,5,2,4,0.4229627,0.486357569694519,0.17369193,1,0,0,0,1,1,1,1
44-1,44,1,1,0,1,0.9433504343032836,0.9433504343032836,1,1,4,3,4,0.39289027,0.486357569694519,0.23547116,1,1,0,0,1,0,1,0
44-2,44,2,1,1,0,0.0566495656967164,0.9433504343032836,1,0,4,4,4,0.2648589,0.486357569694519,0.117863335,1,0,0,0,1,1,1,1
44-3,44,3,1,1,0,0.0566495656967164,0.9433504343032836,1,0,4,3,4,0.31831515,0.486357569694519,0.13066189,1,0,0,0,1,1,1,1
44-4,44,4,1,1,0,0.0566495656967164,0.9433504343032836,1,0,5,2,3,0.09028597,0.486357569694519,0.04737575,1,0,0,0,1,1,1,1
44-5,44,5,1,1,0,0.0566495656967164,0.9433504343032836,1,0,4,3,3,0.16619928,0.486357569694519,0.073052905,1,0,0,0,1,1,1,1
44-6,44,6,1,1,0,0.0566495656967164,0.9433504343032836,1,0,4,3,2,0.16495907,0.486357569694519,0.0645694,1,0,0,0,1,1,1,1
44-7,44,7,1,1,0,0.0566495656967164,0.9433504343032836,1,0,4,4,2,0.25463042,0.486357569694519,0.1154732,1,0,0,0,1,1,1,1
44-8,44,8,1,1,0,0.0566495656967164,0.9433504343032836,1,0,3,3,2,0.15708166,0.486357569694519,0.061896004,1,0,0,0,1,1,1,1
44-9,44,9,1,1,0,0.0566495656967164,0.9433504343032836,1,0,4,2,4,0.41551277,0.486357569694519,0.16548677,1,0,0,0,1,1,1,1
44-10,44,10,1,1,0,0.0566495656967164,0.9433504343032836,1,0,4,4,4,0.13101378,0.486357569694519,0.050929595,1,0,0,0,1,1,1,1
44-11,44,11,1,1,0,0.0566495656967164,0.9433504343032836,1,0,3,3,4,0.26384604,0.486357569694519,0.12998547,1,0,0,0,1,1,1,1
44-12,44,12,1,1,0,0.0566495656967164,0.9433504343032836,1,0,4,3,4,0.22778334,0.486357569694519,0.1009147,1,0,0,0,1,1,1,1
45-0,45,0,2,1,0,0.066682755947113,0.933317244052887,1,0,5,3,4,0.06461559,0.4492360949516296,0.020705571,1,0,0,0,1,1,1,1
45-1,45,1,2,1,0,0.066682755947113,0.933317244052887,1,0,4,3,4,0.11713729,0.4492360949516296,0.04566126,1,0,0,0,1,1,1,1
45-2,45,2,2,1,0,0.066682755947113,0.933317244052887,1,0,5,2,4,0.13490401,0.4492360949516296,0.04540084,1,0,0,0,1,1,1,1
45-3,45,3,2,1,0,0.066682755947113,0.933317244052887,1,0,5,3,4,0.14448231,0.4492360949516296,0.042984102,1,0,0,0,1,1,1,1
45-4,45,4,2,1,0,0.066682755947113,0.933317244052887,1,0,5,4,3,0.0275203,0.4492360949516296,0.011594148,1,0,0,0,1,1,1,1
45-5,45,5,2,1,0,0.066682755947113,0.933317244052887,1,0,3,4,3,0.05563914,0.4492360949516296,0.028916452,1,0,0,0,1,1,1,1
45-6,45,6,2,1,0,0.066682755947113,0.933317244052887,1,0,4,3,2,0.026594812,0.4492360949516296,0.009897026,1,0,0,0,1,1,1,1
45-7,45,7,2,1,0,0.066682755947113,0.933317244052887,1,0,5,3,2,0.030117325,0.4492360949516296,0.012365136,1,0,0,0,1,1,1,1
45-8,45,8,2,1,0,0.066682755947113,0.933317244052887,1,0,3,3,2,0.18181257,0.4492360949516296,0.0578655,1,0,0,0,1,1,1,1
45-9,45,9,2,1,0,0.066682755947113,0.933317244052887,1,0,4,3,4,0.19775097,0.4492360949516296,0.07180587,1,0,0,0,1,1,1,1
45-10,45,10,2,1,0,0.066682755947113,0.933317244052887,1,0,4,4,4,0.01757694,0.4492360949516296,0.006818247,1,0,0,0,1,1,1,1
45-11,45,11,2,1,0,0.066682755947113,0.933317244052887,1,0,3,3,4,0.019822614,0.4492360949516296,0.007481777,1,0,0,0,1,1,1,1
45-12,45,12,2,1,0,0.066682755947113,0.933317244052887,1,0,4,3,4,0.059448786,0.4492360949516296,0.019918969,1,0,0,0,1,1,1,1
46-0,46,0,5,0,0,0.1997502446174621,0.1997502446174621,0,0,5,2,4,0.036160246,0.372329980134964,0.013926069,0,0,0,0,1,1,1,1
46-1,46,1,5,0,0,0.1997502446174621,0.1997502446174621,0,0,4,3,4,0.10703896,0.372329980134964,0.037003085,0,0,0,0,1,1,1,1
46-2,46,2,5,0,0,0.1997502446174621,0.1997502446174621,0,0,4,2,4,0.023974584,0.372329980134964,0.011311486,0,0,0,0,1,1,1,1
46-3,46,3,5,0,0,0.1997502446174621,0.1997502446174621,0,0,5,2,4,0.10671784,0.372329980134964,0.04690398,0,0,0,0,1,1,1,1
46-4,46,4,5,0,0,0.1997502446174621,0.1997502446174621,0,0,5,2,3,0.025905386,0.372329980134964,0.013317231,0,0,0,0,1,1,1,1
46-5,46,5,5,0,0,0.1997502446174621,0.1997502446174621,0,0,4,3,3,0.008337883,0.372329980134964,0.00485801,0,0,0,0,1,1,1,1
46-6,46,6,5,0,0,0.1997502446174621,0.1997502446174621,0,0,4,3,2,0.10114644,0.372329980134964,0.04672306,0,0,0,0,1,1,1,1
46-7,46,7,5,0,0,0.1997502446174621,0.1997502446174621,0,0,5,2,2,0.060606048,0.372329980134964,0.020885034,0,0,0,0,1,1,1,1
46-8,46,8,5,0,0,0.1997502446174621,0.1997502446174621,0,0,3,3,2,0.040486783,0.372329980134964,0.010607643,0,0,0,0,1,1,1,1
46-9,46,9,5,0,0,0.1997502446174621,0.1997502446174621,0,0,5,3,4,0.096734665,0.372329980134964,0.032446727,0,0,0,0,1,1,1,1
46-10,46,10,5,0,0,0.1997502446174621,0.1997502446174621,0,0,4,1,4,0.008628382,0.372329980134964,0.006050619,0,0,0,0,1,1,1,1
46-11,46,11,5,0,0,0.1997502446174621,0.1997502446174621,0,0,3,3,4,0.027252777,0.372329980134964,0.013236772,0,0,0,0,1,1,1,1
46-12,46,12,5,0,0,0.1997502446174621,0.1997502446174621,0,0,4,3,4,0.07479557,0.372329980134964,0.025379226,0,0,0,0,1,1,1,1
47-0,47,0,1,1,0,0.1006470322608947,0.8993529677391052,1,0,4,3,4,0.1519832,0.486357569694519,0.055203836,1,0,0,0,1,1,1,1
47-1,47,1,1,1,0,0.1006470322608947,0.8993529677391052,1,0,4,3,4,0.13278985,0.486357569694519,0.05205002,1,0,0,0,1,1,1,1
47-2,47,2,1,1,0,0.1006470322608947,0.8993529677391052,1,0,4,2,4,0.0689842,0.486357569694519,0.028114695,1,0,0,0,1,1,1,1
47-3,47,3,1,1,0,0.1006470322608947,0.8993529677391052,1,0,4,4,4,0.091148004,0.486357569694519,0.035520073,1,0,0,0,1,1,1,1
47-4,47,4,1,1,0,0.1006470322608947,0.8993529677391052,1,0,4,3,3,0.025818784,0.486357569694519,0.01363534,1,0,0,0,1,1,1,1
47-5,47,5,1,1,0,0.1006470322608947,0.8993529677391052,1,0,4,4,3,0.041052777,0.486357569694519,0.018945094,1,0,0,0,1,1,1,1
47-6,47,6,1,1,0,0.1006470322608947,0.8993529677391052,1,0,4,3,2,0.03967327,0.486357569694519,0.01486661,1,0,0,0,1,1,1,1
47-7,47,7,1,1,0,0.1006470322608947,0.8993529677391052,1,0,4,3,2,0.06532892,0.486357569694519,0.027181225,1,0,0,0,1,1,1,1
47-8,47,8,1,1,0,0.1006470322608947,0.8993529677391052,1,0,3,3,2,0.037509978,0.486357569694519,0.013920733,1,0,0,0,1,1,1,1
47-9,47,9,1,1,0,0.1006470322608947,0.8993529677391052,1,0,4,4,4,0.13984881,0.486357569694519,0.052513894,1,0,0,0,1,1,1,1
47-10,47,10,1,1,0,0.1006470322608947,0.8993529677391052,1,0,3,3,4,0.029970761,0.486357569694519,0.011320754,1,0,0,0,1,1,1,1
47-11,47,11,1,1,0,0.1006470322608947,0.8993529677391052,1,0,3,3,4,0.07003387,0.486357569694519,0.030977039,1,0,0,0,1,1,1,1
47-12,47,12,1,1,0,0.1006470322608947,0.8993529677391052,1,0,3,3,4,0.061725885,0.486357569694519,0.02483189,1,0,0,0,1,1,1,1
48-0,48,0,5,0,0,0.966932773590088,0.966932773590088,1,1,5,2,4,0.21303464,0.372329980134964,0.12538679,0,1,0,0,0,1,0,1
48-1,48,1,5,0,0,0.966932773590088,0.966932773590088,1,1,4,3,4,0.5555183,0.372329980134964,0.33549708,0,1,1,0,0,1,0,0
48-2,48,2,5,0,0,0.966932773590088,0.966932773590088,1,1,5,2,4,0.12371863,0.372329980134964,0.07256091,0,1,0,0,0,1,0,1
48-3,48,3,5,0,0,0.966932773590088,0.966932773590088,1,1,5,2,4,0.39381748,0.372329980134964,0.30408922,0,1,0,0,0,1,0,1
48-4,48,4,5,0,0,0.966932773590088,0.966932773590088,1,1,4,3,3,0.29830503,0.372329980134964,0.2144032,0,1,0,0,0,1,0,1
48-5,48,5,5,0,0,0.966932773590088,0.966932773590088,1,1,4,3,3,0.02174944,0.372329980134964,0.02439994,0,1,0,0,0,1,0,1
48-6,48,6,5,0,0,0.966932773590088,0.966932773590088,1,1,4,3,2,0.5535226,0.372329980134964,0.39097157,0,1,1,0,0,1,0,0
48-7,48,7,5,0,0,0.966932773590088,0.966932773590088,1,1,5,2,2,0.37170562,0.372329980134964,0.1851899,0,1,0,0,0,1,0,1
48-8,48,8,5,0,0,0.966932773590088,0.966932773590088,1,1,3,3,2,0.2725225,0.372329980134964,0.12084604,0,1,0,0,0,1,0,1
48-9,48,9,5,0,0,0.966932773590088,0.966932773590088,1,1,3,3,4,0.6185414,0.372329980134964,0.37566748,0,1,1,0,0,1,0,0
48-10,48,10,5,0,0,0.966932773590088,0.966932773590088,1,1,3,3,4,0.023732128,0.372329980134964,0.028936347,0,1,0,0,0,1,0,1
48-11,48,11,5,0,0,0.966932773590088,0.966932773590088,1,1,3,3,4,0.17014326,0.372329980134964,0.11746724,0,1,0,0,0,1,0,1
48-12,48,12,5,0,0,0.966932773590088,0.966932773590088,1,1,4,3,4,0.39414155,0.372329980134964,0.22130692,0,1,0,0,0,1,0,1
49-0,49,0,3,0,0,0.0837973728775978,0.0837973728775978,0,0,5,2,4,0.1254119,0.4455930888652801,0.057918243,0,0,0,0,1,1,1,1
49-1,49,1,3,0,0,0.0837973728775978,0.0837973728775978,0,0,4,3,4,0.11275857,0.4455930888652801,0.05024874,0,0,0,0,1,1,1,1
49-2,49,2,3,0,0,0.0837973728775978,0.0837973728775978,0,0,3,3,4,0.038636897,0.4455930888652801,0.020226024,0,0,0,0,1,1,1,1
49-3,49,3,3,0,0,0.0837973728775978,0.0837973728775978,0,0,4,3,4,0.3827104,0.4455930888652801,0.16218595,0,0,0,0,1,1,1,1
49-4,49,4,3,0,0,0.0837973728775978,0.0837973728775978,0,0,5,3,3,0.03792493,0.4455930888652801,0.016027508,0,0,0,0,1,1,1,1
49-5,49,5,3,0,0,0.0837973728775978,0.0837973728775978,0,0,4,3,3,0.15037274,0.4455930888652801,0.08424337,0,0,0,0,1,1,1,1
49-6,49,6,3,0,0,0.0837973728775978,0.0837973728775978,0,0,4,3,2,0.030455492,0.4455930888652801,0.01584658,0,0,0,0,1,1,1,1
49-7,49,7,3,0,0,0.0837973728775978,0.0837973728775978,0,0,5,2,2,0.083100736,0.4455930888652801,0.032483783,0,0,0,0,1,1,1,1
49-8,49,8,3,0,0,0.0837973728775978,0.0837973728775978,0,0,3,3,2,0.03314581,0.4455930888652801,0.024495622,0,0,0,0,1,1,1,1
49-9,49,9,3,0,0,0.0837973728775978,0.0837973728775978,0,0,4,3,4,0.18253253,0.4455930888652801,0.08124978,0,0,0,0,1,1,1,1
49-10,49,10,3,0,0,0.0837973728775978,0.0837973728775978,0,0,4,1,4,0.031510647,0.4455930888652801,0.01780524,0,0,0,0,1,1,1,1
49-11,49,11,3,0,0,0.0837973728775978,0.0837973728775978,0,0,3,3,4,0.038544822,0.4455930888652801,0.03378966,0,0,0,0,1,1,1,1
49-12,49,12,3,0,0,0.0837973728775978,0.0837973728775978,0,0,4,3,4,0.104280606,0.4455930888652801,0.048578903,0,0,0,0,1,1,1,1
50-0,50,0,2,0,0,0.8817863464355469,0.8817863464355469,1,1,5,2,4,0.19846244,0.4492360949516296,0.09768379,0,1,0,0,0,1,0,1
50-1,50,1,2,0,0,0.8817863464355469,0.8817863464355469,1,1,4,3,4,0.40000832,0.4492360949516296,0.2141961,0,1,0,0,0,1,0,1
50-2,50,2,2,0,0,0.8817863464355469,0.8817863464355469,1,1,4,2,4,0.51308507,0.4492360949516296,0.2481369,0,1,1,0,0,1,0,0
50-3,50,3,2,0,0,0.8817863464355469,0.8817863464355469,1,1,3,4,4,0.57340574,0.4492360949516296,0.27413553,0,1,1,0,0,1,0,0
50-4,50,4,2,0,0,0.8817863464355469,0.8817863464355469,1,1,4,3,3,0.193414,0.4492360949516296,0.08166887,0,1,0,0,0,1,0,1
50-5,50,5,2,0,0,0.8817863464355469,0.8817863464355469,1,1,3,3,3,0.2445149,0.4492360949516296,0.14919378,0,1,0,0,0,1,0,1
50-6,50,6,2,0,0,0.8817863464355469,0.8817863464355469,1,1,4,3,2,0.06215935,0.4492360949516296,0.03314671,0,1,0,0,0,1,0,1
50-7,50,7,2,1,1,0.1182136535644531,0.8817863464355469,1,0,4,4,2,0.1172464,0.4492360949516296,0.04846822,0,0,0,0,0,0,0,0
50-8,50,8,2,1,1,0.1182136535644531,0.8817863464355469,1,0,3,3,2,0.39852294,0.4492360949516296,0.15196829,0,0,0,0,0,0,0,0
50-9,50,9,2,1,1,0.1182136535644531,0.8817863464355469,1,0,3,4,4,0.45630762,0.4492360949516296,0.20909749,0,0,0,0,0,0,0,0
50-10,50,10,2,0,0,0.8817863464355469,0.8817863464355469,1,1,3,3,4,0.06373966,0.4492360949516296,0.030666906,0,1,0,0,0,1,0,1
50-11,50,11,2,0,0,0.8817863464355469,0.8817863464355469,1,1,3,3,4,0.066280365,0.4492360949516296,0.031276193,0,1,0,0,0,1,0,1
50-12,50,12,2,0,0,0.8817863464355469,0.8817863464355469,1,1,3,3,4,0.23806919,0.4492360949516296,0.112343855,0,1,0,0,0,1,0,1
51-0,51,0,2,1,0,0.0438918471336363,0.9561081528663636,1,0,5,3,4,0.05546122,0.4492360949516296,0.021350428,1,0,0,0,1,1,1,1
51-1,51,1,2,1,0,0.0438918471336363,0.9561081528663636,1,0,4,3,4,0.10134799,0.4492360949516296,0.046274796,1,0,0,0,1,1,1,1
51-2,51,2,2,1,0,0.0438918471336363,0.9561081528663636,1,0,5,3,4,0.11821881,0.4492360949516296,0.04672484,1,0,0,0,1,1,1,1
51-3,51,3,2,1,0,0.0438918471336363,0.9561081528663636,1,0,5,1,4,0.11315271,0.4492360949516296,0.04017262,1,0,0,0,1,1,1,1
51-4,51,4,2,1,0,0.0438918471336363,0.9561081528663636,1,0,4,3,3,0.030480862,0.4492360949516296,0.01689644,1,0,0,0,1,1,1,1
51-5,51,5,2,1,0,0.0438918471336363,0.9561081528663636,1,0,4,4,3,0.03979414,0.4492360949516296,0.02548867,1,0,0,0,1,1,1,1
51-6,51,6,2,1,0,0.0438918471336363,0.9561081528663636,1,0,4,2,2,0.023187635,0.4492360949516296,0.009922004,1,0,0,0,1,1,1,1
51-7,51,7,2,1,0,0.0438918471336363,0.9561081528663636,1,0,5,3,2,0.02571608,0.4492360949516296,0.012753609,1,0,0,0,1,1,1,1
51-8,51,8,2,1,0,0.0438918471336363,0.9561081528663636,1,0,4,2,2,0.1540346,0.4492360949516296,0.06113463,1,0,0,0,1,1,1,1
51-9,51,9,2,1,0,0.0438918471336363,0.9561081528663636,1,0,4,2,4,0.17601748,0.4492360949516296,0.07228376,1,0,0,0,1,1,1,1
51-10,51,10,2,1,0,0.0438918471336363,0.9561081528663636,1,0,5,2,4,0.010326062,0.4492360949516296,0.005361104,1,0,0,0,1,1,1,1
51-11,51,11,2,1,0,0.0438918471336363,0.9561081528663636,1,0,2,3,4,0.017688114,0.4492360949516296,0.007914263,1,0,0,0,1,1,1,1
51-12,51,12,2,1,0,0.0438918471336363,0.9561081528663636,1,0,4,2,4,0.048390422,0.4492360949516296,0.01996874,1,0,0,0,1,1,1,1
52-0,52,0,5,0,1,0.0228263717144727,0.0228263717144727,0,0,5,2,4,0.017185686,0.372329980134964,0.008087779,1,0,0,0,0,0,0,0
52-1,52,1,5,0,1,0.0228263717144727,0.0228263717144727,0,0,4,3,4,0.051798455,0.372329980134964,0.01921244,1,0,0,0,0,0,0,0
52-2,52,2,5,1,0,0.9771736282855272,0.0228263717144727,0,1,4,3,4,0.25633648,0.372329980134964,0.20594566,1,1,0,0,0,1,0,1
52-3,52,3,5,0,1,0.0228263717144727,0.0228263717144727,0,0,4,3,4,0.057230763,0.372329980134964,0.028967865,1,0,0,0,0,0,0,0
52-4,52,4,5,0,1,0.0228263717144727,0.0228263717144727,0,0,4,3,3,0.016565733,0.372329980134964,0.011995828,1,0,0,0,0,0,0,0
52-5,52,5,5,0,1,0.0228263717144727,0.0228263717144727,0,0,4,3,3,0.004540593,0.372329980134964,0.0034487299,1,0,0,0,0,0,0,0
52-6,52,6,5,1,0,0.9771736282855272,0.0228263717144727,0,1,3,3,2,0.7634963,0.372329980134964,0.65205055,1,1,1,1,0,1,0,0
52-7,52,7,5,0,1,0.0228263717144727,0.0228263717144727,0,0,4,3,2,0.049799424,0.372329980134964,0.01950437,1,0,0,0,0,0,0,0
52-8,52,8,5,1,0,0.9771736282855272,0.0228263717144727,0,1,3,3,2,0.44300276,0.372329980134964,0.2629054,1,1,0,0,0,1,0,1
52-9,52,9,5,0,1,0.0228263717144727,0.0228263717144727,0,0,4,3,4,0.05286958,0.372329980134964,0.019806648,1,0,0,0,0,0,0,0
52-10,52,10,5,1,0,0.9771736282855272,0.0228263717144727,0,1,2,3,4,0.052349508,0.372329980134964,0.08208749,1,1,0,0,0,1,0,1
52-11,52,11,5,0,1,0.0228263717144727,0.0228263717144727,0,0,3,3,4,0.01150463,0.372329980134964,0.0072861146,1,0,0,0,0,0,0,0
52-12,52,12,5,1,0,0.9771736282855272,0.0228263717144727,0,1,3,3,4,0.6279789,0.372329980134964,0.44941336,1,1,1,0,0,1,0,0
53-0,53,0,3,1,1,0.9082698971033096,0.0917301028966903,0,1,5,3,4,0.16447635,0.4455930888652801,0.08492663,0,1,0,0,1,0,1,0
53-1,53,1,3,0,0,0.0917301028966903,0.0917301028966903,0,0,4,3,4,0.10983767,0.4455930888652801,0.049084295,0,0,0,0,1,1,1,1
53-2,53,2,3,0,0,0.0917301028966903,0.0917301028966903,0,0,3,3,4,0.037554774,0.4455930888652801,0.019540811,0,0,0,0,1,1,1,1
53-3,53,3,3,1,1,0.9082698971033096,0.0917301028966903,0,1,4,3,4,0.5142698,0.4455930888652801,0.25083557,0,1,1,0,1,0,1,1
53-4,53,4,3,0,0,0.0917301028966903,0.0917301028966903,0,0,4,3,3,0.044247463,0.4455930888652801,0.022097137,0,0,0,0,1,1,1,1
53-5,53,5,3,1,1,0.9082698971033096,0.0917301028966903,0,1,3,4,3,0.3060715,0.4455930888652801,0.19502924,0,1,0,0,1,0,1,0
53-6,53,6,3,1,1,0.9082698971033096,0.0917301028966903,0,1,3,3,2,0.05858845,0.4455930888652801,0.030532565,0,1,0,0,1,0,1,0
53-7,53,7,3,1,1,0.9082698971033096,0.0917301028966903,0,1,4,4,2,0.14752418,0.4455930888652801,0.07298956,0,1,0,0,1,0,1,0
53-8,53,8,3,1,1,0.9082698971033096,0.0917301028966903,0,1,2,3,2,0.07808941,0.4455930888652801,0.061567873,0,1,0,0,1,0,1,0
53-9,53,9,3,0,0,0.0917301028966903,0.0917301028966903,0,0,3,3,4,0.20150714,0.4455930888652801,0.08599661,0,0,0,0,1,1,1,1
53-10,53,10,3,1,1,0.9082698971033096,0.0917301028966903,0,1,2,3,4,0.05312011,0.4455930888652801,0.03845384,0,1,0,0,1,0,1,0
53-11,53,11,3,1,1,0.9082698971033096,0.0917301028966903,0,1,2,3,4,0.086958386,0.4455930888652801,0.07811258,0,1,0,0,1,0,1,0
53-12,53,12,3,1,1,0.9082698971033096,0.0917301028966903,0,1,3,3,4,0.21597809,0.4455930888652801,0.10591203,0,1,0,0,1,0,1,0
54-0,54,0,3,1,0,0.5396169126033783,0.4603830873966217,0,1,5,3,4,0.14186068,0.4455930888652801,0.07327104,1,1,0,0,0,1,0,1
54-1,54,1,3,1,0,0.5396169126033783,0.4603830873966217,0,1,4,3,4,0.14753023,0.4455930888652801,0.06501328,1,1,0,0,0,1,0,1
54-2,54,2,3,1,0,0.5396169126033783,0.4603830873966217,0,1,4,3,4,0.03710826,0.4455930888652801,0.020428883,1,1,0,0,0,1,0,1
54-3,54,3,3,1,0,0.5396169126033783,0.4603830873966217,0,1,4,3,4,0.468442,0.4455930888652801,0.20134759,1,1,0,0,0,1,0,1
54-4,54,4,3,1,0,0.5396169126033783,0.4603830873966217,0,1,5,3,3,0.04908189,0.4455930888652801,0.021698693,1,1,0,0,0,1,0,1
54-5,54,5,3,1,0,0.5396169126033783,0.4603830873966217,0,1,3,4,3,0.23045515,0.4455930888652801,0.14931394,1,1,0,0,0,1,0,1
54-6,54,6,3,1,0,0.5396169126033783,0.4603830873966217,0,1,4,3,2,0.03521274,0.4455930888652801,0.018684609,1,1,0,0,0,1,0,1
54-7,54,7,3,1,0,0.5396169126033783,0.4603830873966217,0,1,4,3,2,0.13293697,0.4455930888652801,0.060049944,1,1,0,0,0,1,0,1
54-8,54,8,3,1,0,0.5396169126033783,0.4603830873966217,0,1,3,3,2,0.04314639,0.4455930888652801,0.034994796,1,1,0,0,0,1,0,1
54-9,54,9,3,1,0,0.5396169126033783,0.4603830873966217,0,1,4,4,4,0.24815324,0.4455930888652801,0.10886885,1,1,0,0,0,1,0,1
54-10,54,10,3,1,0,0.5396169126033783,0.4603830873966217,0,1,4,2,4,0.030497823,0.4455930888652801,0.021725444,1,1,0,0,0,1,0,1
54-11,54,11,3,1,0,0.5396169126033783,0.4603830873966217,0,1,3,3,4,0.05673636,0.4455930888652801,0.04803531,1,1,0,0,0,1,0,1
54-12,54,12,3,1,0,0.5396169126033783,0.4603830873966217,0,1,3,3,4,0.16653273,0.4455930888652801,0.08165169,1,1,0,0,0,1,0,1
55-0,55,0,5,1,0,0.3014020919799804,0.6985979080200195,1,0,5,2,4,0.034256484,0.372329980134964,0.012840058,1,0,0,0,1,1,1,1
55-1,55,1,5,1,0,0.3014020919799804,0.6985979080200195,1,0,4,3,4,0.10490912,0.372329980134964,0.033669602,1,0,0,0,1,1,1,1
55-2,55,2,5,1,0,0.3014020919799804,0.6985979080200195,1,0,5,2,4,0.019527381,0.372329980134964,0.008542828,1,0,0,0,1,1,1,1
55-3,55,3,5,1,0,0.3014020919799804,0.6985979080200195,1,0,5,1,4,0.098348446,0.372329980134964,0.04350096,1,0,0,0,1,1,1,1
55-4,55,4,5,1,0,0.3014020919799804,0.6985979080200195,1,0,5,4,3,0.02896594,0.372329980134964,0.01502761,1,0,0,0,1,1,1,1
55-5,55,5,5,1,0,0.3014020919799804,0.6985979080200195,1,0,4,4,3,0.009658798,0.372329980134964,0.005229,1,0,0,0,1,1,1,1
55-6,55,6,5,1,0,0.3014020919799804,0.6985979080200195,1,0,5,2,2,0.09589632,0.372329980134964,0.044145327,1,0,0,0,1,1,1,1
55-7,55,7,5,1,0,0.3014020919799804,0.6985979080200195,1,0,4,3,2,0.0882957,0.372329980134964,0.025914533,1,0,0,0,1,1,1,1
55-8,55,8,5,1,0,0.3014020919799804,0.6985979080200195,1,0,3,3,2,0.046707567,0.372329980134964,0.012917816,1,0,0,0,1,1,1,1
55-9,55,9,5,1,0,0.3014020919799804,0.6985979080200195,1,0,4,3,4,0.10695463,0.372329980134964,0.034695126,1,0,0,0,1,1,1,1
55-10,55,10,5,1,0,0.3014020919799804,0.6985979080200195,1,0,4,3,4,0.008414748,0.372329980134964,0.0055174883,1,0,0,0,1,1,1,1
55-11,55,11,5,1,0,0.3014020919799804,0.6985979080200195,1,0,4,3,4,0.02218162,0.372329980134964,0.01026353,1,0,0,0,1,1,1,1
55-12,55,12,5,1,0,0.3014020919799804,0.6985979080200195,1,0,5,2,4,0.055852287,0.372329980134964,0.020588854,1,0,0,0,1,1,1,1
56-0,56,0,1,0,1,0.7324099540710449,0.7324099540710449,1,1,5,2,4,0.4634109,0.486357569694519,0.22559659,1,1,0,0,1,0,1,0
56-1,56,1,1,0,1,0.7324099540710449,0.7324099540710449,1,1,4,3,4,0.50635004,0.486357569694519,0.24587639,1,1,1,0,1,0,1,1
56-2,56,2,1,0,1,0.7324099540710449,0.7324099540710449,1,1,4,2,4,0.3160355,0.486357569694519,0.14992185,1,1,0,0,1,0,1,0
56-3,56,3,1,0,1,0.7324099540710449,0.7324099540710449,1,1,5,1,4,0.27638763,0.486357569694519,0.13341355,1,1,0,0,1,0,1,0
56-4,56,4,1,0,1,0.7324099540710449,0.7324099540710449,1,1,5,3,3,0.1361005,0.486357569694519,0.07377397,1,1,0,0,1,0,1,0
56-5,56,5,1,0,1,0.7324099540710449,0.7324099540710449,1,1,4,3,3,0.22112843,0.486357569694519,0.10320537,1,1,0,0,1,0,1,0
56-6,56,6,1,0,1,0.7324099540710449,0.7324099540710449,1,1,4,2,2,0.15479104,0.486357569694519,0.07697357,1,1,0,0,1,0,1,0
56-7,56,7,1,0,1,0.7324099540710449,0.7324099540710449,1,1,4,2,2,0.29725987,0.486357569694519,0.13353573,1,1,0,0,1,0,1,0
56-8,56,8,1,1,0,0.2675900459289551,0.7324099540710449,1,0,2,3,2,0.12544994,0.486357569694519,0.052660782,1,0,0,0,1,1,1,1
56-9,56,9,1,1,0,0.2675900459289551,0.7324099540710449,1,0,3,3,4,0.3706744,0.486357569694519,0.16514353,1,0,0,0,1,1,1,1
56-10,56,10,1,0,1,0.7324099540710449,0.7324099540710449,1,1,3,2,4,0.05775972,0.486357569694519,0.03859504,1,1,0,0,1,0,1,0
56-11,56,11,1,0,1,0.7324099540710449,0.7324099540710449,1,1,3,3,4,0.34674484,0.486357569694519,0.17385985,1,1,0,0,1,0,1,0
56-12,56,12,1,0,1,0.7324099540710449,0.7324099540710449,1,1,4,2,4,0.22249377,0.486357569694519,0.11663255,1,1,0,0,1,0,1,0
57-0,57,0,3,1,0,0.5656188130378723,0.4343811869621277,0,1,5,3,4,0.14186068,0.4455930888652801,0.06829136,1,1,0,0,0,1,0,1
57-1,57,1,3,1,0,0.5656188130378723,0.4343811869621277,0,1,4,3,4,0.14989483,0.4455930888652801,0.065828554,1,1,0,0,0,1,0,1
57-2,57,2,3,1,0,0.5656188130378723,0.4343811869621277,0,1,4,3,4,0.037781473,0.4455930888652801,0.020697441,1,1,0,0,0,1,0,1
57-3,57,3,3,1,0,0.5656188130378723,0.4343811869621277,0,1,4,3,4,0.47309563,0.4455930888652801,0.20350042,1,1,0,0,0,1,0,1
57-4,57,4,3,1,0,0.5656188130378723,0.4343811869621277,0,1,5,4,3,0.051618706,0.4455930888652801,0.020147804,1,1,0,0,0,1,0,1
57-5,57,5,3,0,1,0.4343811869621277,0.4343811869621277,0,0,3,3,3,0.24197195,0.4455930888652801,0.13495013,1,0,0,0,0,0,0,0
57-6,57,6,3,1,0,0.5656188130378723,0.4343811869621277,0,1,3,3,2,0.050378177,0.4455930888652801,0.02439503,1,1,0,0,0,1,0,1
57-7,57,7,3,1,0,0.5656188130378723,0.4343811869621277,0,1,4,4,2,0.13293697,0.4455930888652801,0.060049944,1,1,0,0,0,1,0,1
57-8,57,8,3,1,0,0.5656188130378723,0.4343811869621277,0,1,3,2,2,0.055450622,0.4455930888652801,0.036274944,1,1,0,0,0,1,0,1
57-9,57,9,3,1,0,0.5656188130378723,0.4343811869621277,0,1,4,4,4,0.24815324,0.4455930888652801,0.10886885,1,1,0,0,0,1,0,1
57-10,57,10,3,1,0,0.5656188130378723,0.4343811869621277,0,1,4,3,4,0.030497823,0.4455930888652801,0.02202213,1,1,0,0,0,1,0,1
57-11,57,11,3,1,0,0.5656188130378723,0.4343811869621277,0,1,3,3,4,0.06602284,0.4455930888652801,0.051231485,1,1,0,0,0,1,0,1
57-12,57,12,3,1,0,0.5656188130378723,0.4343811869621277,0,1,3,3,4,0.1901673,0.4455930888652801,0.08585077,1,1,0,0,0,1,0,1
58-0,58,0,2,1,1,0.9771772846579552,0.0228227153420448,0,1,5,2,4,0.27979884,0.4492360949516296,0.14557119,0,1,0,0,1,0,1,0
58-1,58,1,2,1,1,0.9771772846579552,0.0228227153420448,0,1,4,3,4,0.59101874,0.4492360949516296,0.39552832,0,1,1,0,1,0,1,1
58-2,58,2,2,1,1,0.9771772846579552,0.0228227153420448,0,1,3,3,4,0.75695384,0.4492360949516296,0.5290971,0,1,1,1,1,0,1,1
58-3,58,3,2,1,1,0.9771772846579552,0.0228227153420448,0,1,5,1,4,0.50333637,0.4492360949516296,0.2371002,0,1,1,0,1,0,1,1
58-4,58,4,2,1,1,0.9771772846579552,0.0228227153420448,0,1,5,4,3,0.19531736,0.4492360949516296,0.0794076,0,1,0,0,1,0,1,0
58-5,58,5,2,1,1,0.9771772846579552,0.0228227153420448,0,1,4,3,3,0.38377503,0.4492360949516296,0.26342997,0,1,0,0,1,0,1,0
58-6,58,6,2,1,1,0.9771772846579552,0.0228227153420448,0,1,4,3,2,0.10942518,0.4492360949516296,0.083083175,0,1,0,0,1,0,1,0
58-7,58,7,2,1,1,0.9771772846579552,0.0228227153420448,0,1,4,2,2,0.36070833,0.4492360949516296,0.19872151,0,1,0,0,1,0,1,0
58-8,58,8,2,1,1,0.9771772846579552,0.0228227153420448,0,1,3,3,2,0.762783,0.4492360949516296,0.5065527,0,1,1,1,1,0,1,1
58-9,58,9,2,1,1,0.9771772846579552,0.0228227153420448,0,1,4,2,4,0.70799637,0.4492360949516296,0.45953575,0,1,1,0,1,0,1,1
58-10,58,10,2,1,1,0.9771772846579552,0.0228227153420448,0,1,3,4,4,0.15505219,0.4492360949516296,0.09350154,0,1,0,0,1,0,1,0
58-11,58,11,2,1,1,0.9771772846579552,0.0228227153420448,0,1,3,3,4,0.1568194,0.4492360949516296,0.09416954,0,1,0,0,1,0,1,0
58-12,58,12,2,1,1,0.9771772846579552,0.0228227153420448,0,1,3,3,4,0.43277082,0.4492360949516296,0.26190805,0,1,0,0,1,0,1,0
59-0,59,0,2,0,1,0.8247265815734863,0.8247265815734863,1,1,5,2,4,0.19846244,0.4492360949516296,0.098964915,1,1,0,0,1,0,1,0
59-1,59,1,2,0,1,0.8247265815734863,0.8247265815734863,1,1,4,3,4,0.3910441,0.4492360949516296,0.22079286,1,1,0,0,1,0,1,0
59-2,59,2,2,0,1,0.8247265815734863,0.8247265815734863,1,1,4,2,4,0.5073038,0.4492360949516296,0.24659559,1,1,1,0,1,0,1,1
59-3,59,3,2,0,1,0.8247265815734863,0.8247265815734863,1,1,5,1,4,0.37544608,0.4492360949516296,0.15359287,1,1,0,0,1,0,1,0
59-4,59,4,2,0,1,0.8247265815734863,0.8247265815734863,1,1,5,3,3,0.13565396,0.4492360949516296,0.057692133,1,1,0,0,1,0,1,0
59-5,59,5,2,0,1,0.8247265815734863,0.8247265815734863,1,1,5,3,3,0.14317411,0.4492360949516296,0.09243095,1,1,0,0,1,0,1,0
59-6,59,6,2,0,1,0.8247265815734863,0.8247265815734863,1,1,4,2,2,0.06025242,0.4492360949516296,0.03175663,1,1,0,0,1,0,1,0
59-7,59,7,2,0,1,0.8247265815734863,0.8247265815734863,1,1,4,2,2,0.19812924,0.4492360949516296,0.09125734,1,1,0,0,1,0,1,0
59-8,59,8,2,0,1,0.8247265815734863,0.8247265815734863,1,1,3,2,2,0.56544596,0.4492360949516296,0.25886804,1,1,1,0,1,0,1,1
59-9,59,9,2,1,0,0.1752734184265136,0.8247265815734863,1,0,3,4,4,0.41852972,0.4492360949516296,0.1845809,1,0,0,0,1,1,1,1
59-10,59,10,2,0,1,0.8247265815734863,0.8247265815734863,1,1,4,2,4,0.05438745,0.4492360949516296,0.026690274,1,1,0,0,1,0,1,0
59-11,59,11,2,0,1,0.8247265815734863,0.8247265815734863,1,1,3,3,4,0.06399729,0.4492360949516296,0.03102633,1,1,0,0,1,0,1,0
59-12,59,12,2,0,1,0.8247265815734863,0.8247265815734863,1,1,4,2,4,0.20409569,0.4492360949516296,0.09519533,1,1,0,0,1,0,1,0
60-0,60,0,1,0,0,0.2082572728395462,0.2082572728395462,0,0,5,2,4,0.2255659,0.486357569694519,0.083793,0,0,0,0,1,1,1,1
60-1,60,1,1,0,0,0.2082572728395462,0.2082572728395462,0,0,4,3,4,0.24855871,0.486357569694519,0.098278955,0,0,0,0,1,1,1,1
60-2,60,2,1,0,0,0.2082572728395462,0.2082572728395462,0,0,1,2,4,0.14969361,0.486357569694519,0.067418486,0,0,0,0,1,1,1,1
60-3,60,3,1,0,0,0.2082572728395462,0.2082572728395462,0,0,4,3,4,0.18544778,0.486357569694519,0.06956717,0,0,0,0,1,1,1,1
60-4,60,4,1,0,0,0.2082572728395462,0.2082572728395462,0,0,5,3,3,0.045099743,0.486357569694519,0.02266385,0,0,0,0,1,1,1,1
60-5,60,5,1,0,0,0.2082572728395462,0.2082572728395462,0,0,3,3,3,0.09944805,0.486357569694519,0.043899953,0,0,0,0,1,1,1,1
60-6,60,6,1,0,0,0.2082572728395462,0.2082572728395462,0,0,4,3,2,0.08115769,0.486357569694519,0.02951311,0,0,0,0,1,1,1,1
60-7,60,7,1,1,1,0.7917427271604538,0.2082572728395462,0,1,4,2,2,0.22701125,0.486357569694519,0.09030357,0,1,0,0,1,0,1,0
60-8,60,8,1,1,1,0.7917427271604538,0.2082572728395462,0,1,2,3,2,0.15763946,0.486357569694519,0.07882133,0,1,0,0,1,0,1,0
60-9,60,9,1,0,0,0.2082572728395462,0.2082572728395462,0,0,5,2,4,0.20599122,0.486357569694519,0.07117735,0,0,0,0,1,1,1,1
60-10,60,10,1,0,0,0.2082572728395462,0.2082572728395462,0,0,4,3,4,0.044253644,0.486357569694519,0.020630557,0,0,0,0,1,1,1,1
60-11,60,11,1,1,1,0.7917427271604538,0.2082572728395462,0,1,3,3,4,0.29636356,0.486357569694519,0.13344781,0,1,0,0,1,0,1,0
60-12,60,12,1,0,0,0.2082572728395462,0.2082572728395462,0,0,4,2,4,0.102866195,0.486357569694519,0.041694455,0,0,0,0,1,1,1,1
61-0,61,0,1,0,0,0.4316469728946686,0.4316469728946686,0,0,5,2,4,0.313942,0.486357569694519,0.112092644,0,0,0,0,1,1,1,1
61-1,61,1,1,0,0,0.4316469728946686,0.4316469728946686,0,0,4,3,4,0.3270473,0.486357569694519,0.12708801,0,0,0,0,1,1,1,1
61-2,61,2,1,1,1,0.5683530271053314,0.4316469728946686,0,1,2,3,4,0.45825967,0.486357569694519,0.35494378,0,1,0,0,1,0,1,0
61-3,61,3,1,0,0,0.4316469728946686,0.4316469728946686,0,0,4,2,4,0.22525457,0.486357569694519,0.08652545,0,0,0,0,1,1,1,1
61-4,61,4,1,0,0,0.4316469728946686,0.4316469728946686,0,0,5,3,3,0.07082242,0.486357569694519,0.03147146,0,0,0,0,1,1,1,1
61-5,61,5,1,0,0,0.4316469728946686,0.4316469728946686,0,0,4,3,3,0.13068503,0.486357569694519,0.054693613,0,0,0,0,1,1,1,1
61-6,61,6,1,0,0,0.4316469728946686,0.4316469728946686,0,0,4,3,2,0.11671005,0.486357569694519,0.040305912,0,0,0,0,1,1,1,1
61-7,61,7,1,1,1,0.5683530271053314,0.4316469728946686,0,1,3,4,2,0.36111915,0.486357569694519,0.24761827,0,1,0,0,1,0,1,0
61-8,61,8,1,0,0,0.4316469728946686,0.4316469728946686,0,0,3,2,2,0.09571177,0.486357569694519,0.03356836,0,0,0,0,1,1,1,1
61-9,61,9,1,0,0,0.4316469728946686,0.4316469728946686,0,0,3,3,4,0.40423924,0.486357569694519,0.15287195,0,0,0,0,1,1,1,1
61-10,61,10,1,1,1,0.5683530271053314,0.4316469728946686,0,1,4,2,4,0.06643745,0.486357569694519,0.06615563,0,1,0,0,1,0,1,0
61-11,61,11,1,1,1,0.5683530271053314,0.4316469728946686,0,1,3,3,4,0.41197282,0.486357569694519,0.2989767,0,1,0,0,1,0,1,0
61-12,61,12,1,0,0,0.4316469728946686,0.4316469728946686,0,0,4,2,4,0.13712253,0.486357569694519,0.05531737,0,0,0,0,1,1,1,1
62-0,62,0,5,0,0,0.0012322501279413,0.0012322501279413,0,0,5,2,4,0.020461597,0.372329980134964,0.010973727,0,0,0,0,1,1,1,1
62-1,62,1,5,0,0,0.0012322501279413,0.0012322501279413,0,0,4,3,4,0.05782668,0.372329980134964,0.022977456,0,0,0,0,1,1,1,1
62-2,62,2,5,0,0,0.0012322501279413,0.0012322501279413,0,0,4,2,4,0.012121255,0.372329980134964,0.007192266,0,0,0,0,1,1,1,1
62-3,62,3,5,0,0,0.0012322501279413,0.0012322501279413,0,0,5,1,4,0.060939495,0.372329980134964,0.036590364,0,0,0,0,1,1,1,1
62-4,62,4,5,0,0,0.0012322501279413,0.0012322501279413,0,0,5,3,3,0.017107153,0.372329980134964,0.013597134,0,0,0,0,1,1,1,1
62-5,62,5,5,0,0,0.0012322501279413,0.0012322501279413,0,0,4,3,3,0.0050985944,0.372329980134964,0.0038974595,0,0,0,0,1,1,1,1
62-6,62,6,5,0,0,0.0012322501279413,0.0012322501279413,0,0,4,2,2,0.07252402,0.372329980134964,0.040975947,0,0,0,0,1,1,1,1
62-7,62,7,5,0,0,0.0012322501279413,0.0012322501279413,0,0,4,2,2,0.055608634,0.372329980134964,0.021996057,0,0,0,0,1,1,1,1
62-8,62,8,5,0,0,0.0012322501279413,0.0012322501279413,0,0,2,3,2,0.026070677,0.372329980134964,0.011571035,0,0,0,0,1,1,1,1
62-9,62,9,5,0,0,0.0012322501279413,0.0012322501279413,0,0,4,3,4,0.0590147,0.372329980134964,0.023685299,0,0,0,0,1,1,1,1
62-10,62,10,5,0,0,0.0012322501279413,0.0012322501279413,0,0,4,1,4,0.0047934107,0.372329980134964,0.0040639457,0,0,0,0,1,1,1,1
62-11,62,11,5,1,1,0.9987677498720589,0.0012322501279413,0,1,3,3,4,0.29348895,0.372329980134964,0.22570175,0,1,0,0,1,0,1,0
62-12,62,12,5,0,0,0.0012322501279413,0.0012322501279413,0,0,4,3,4,0.045064885,0.372329980134964,0.016929414,0,0,0,0,1,1,1,1
63-0,63,0,1,1,0,0.1564977169036865,0.8435022830963135,1,0,5,3,4,0.14042453,0.486357569694519,0.051213235,1,0,0,0,1,1,1,1
63-1,63,1,1,1,0,0.1564977169036865,0.8435022830963135,1,0,4,3,4,0.12160053,0.486357569694519,0.048087057,1,0,0,0,1,1,1,1
63-2,63,2,1,1,0,0.1564977169036865,0.8435022830963135,1,0,4,3,4,0.066365585,0.486357569694519,0.028056344,1,0,0,0,1,1,1,1
63-3,63,3,1,1,0,0.1564977169036865,0.8435022830963135,1,0,5,2,4,0.07966477,0.486357569694519,0.029411497,1,0,0,0,1,1,1,1
63-4,63,4,1,1,0,0.1564977169036865,0.8435022830963135,1,0,5,4,3,0.023588337,0.486357569694519,0.01287707,1,0,0,0,1,1,1,1
63-5,63,5,1,1,0,0.1564977169036865,0.8435022830963135,1,0,3,4,3,0.040605053,0.486357569694519,0.018279761,1,0,0,0,1,1,1,1
63-6,63,6,1,1,0,0.1564977169036865,0.8435022830963135,1,0,4,3,2,0.03656315,0.486357569694519,0.013693804,1,0,0,0,1,1,1,1
63-7,63,7,1,1,0,0.1564977169036865,0.8435022830963135,1,0,4,3,2,0.060333896,0.486357569694519,0.025061646,1,0,0,0,1,1,1,1
63-8,63,8,1,1,0,0.1564977169036865,0.8435022830963135,1,0,3,2,2,0.03361103,0.486357569694519,0.012106378,1,0,0,0,1,1,1,1
63-9,63,9,1,1,0,0.1564977169036865,0.8435022830963135,1,0,4,4,4,0.1281526,0.486357569694519,0.048517417,1,0,0,0,1,1,1,1
63-10,63,10,1,1,0,0.1564977169036865,0.8435022830963135,1,0,4,3,4,0.027556079,0.486357569694519,0.010456097,1,0,0,0,1,1,1,1
63-11,63,11,1,1,0,0.1564977169036865,0.8435022830963135,1,0,4,3,4,0.0609175,0.486357569694519,0.027560556,1,0,0,0,1,1,1,1
63-12,63,12,1,1,0,0.1564977169036865,0.8435022830963135,1,0,3,3,4,0.056989636,0.486357569694519,0.022891207,1,0,0,0,1,1,1,1
64-0,64,0,5,0,0,0.0436715595424175,0.0436715595424175,0,0,5,2,4,0.030626733,0.372329980134964,0.01283932,0,0,0,0,1,1,1,1
64-1,64,1,5,0,0,0.0436715595424175,0.0436715595424175,0,0,4,3,4,0.08983598,0.372329980134964,0.03212479,0,0,0,0,1,1,1,1
64-2,64,2,5,0,0,0.0436715595424175,0.0436715595424175,0,0,3,3,4,0.02331726,0.372329980134964,0.01150271,0,0,0,0,1,1,1,1
64-3,64,3,5,0,0,0.0436715595424175,0.0436715595424175,0,0,4,3,4,0.10681741,0.372329980134964,0.048115037,0,0,0,0,1,1,1,1
64-4,64,4,5,0,0,0.0436715595424175,0.0436715595424175,0,0,5,4,3,0.024655726,0.372329980134964,0.014871947,0,0,0,0,1,1,1,1
64-5,64,5,5,1,1,0.9563284404575824,0.0436715595424175,0,1,4,3,3,0.025766,0.372329980134964,0.04244069,0,1,0,0,1,0,1,0
64-6,64,6,5,1,1,0.9563284404575824,0.0436715595424175,0,1,4,3,2,0.6399179,0.372329980134964,0.51528907,0,1,1,1,1,0,1,1
64-7,64,7,5,0,0,0.0436715595424175,0.0436715595424175,0,0,4,2,2,0.08498552,0.372329980134964,0.0286802,0,0,0,0,1,1,1,1
64-8,64,8,5,0,0,0.0436715595424175,0.0436715595424175,0,0,1,3,2,0.04211286,0.372329980134964,0.0147297345,0,0,0,0,1,1,1,1
64-9,64,9,5,0,0,0.0436715595424175,0.0436715595424175,0,0,3,3,4,0.11446691,0.372329980134964,0.038718473,0,0,0,0,1,1,1,1
64-10,64,10,5,1,1,0.9563284404575824,0.0436715595424175,0,1,4,3,4,0.021470446,0.372329980134964,0.035868853,0,1,0,0,1,0,1,0
64-11,64,11,5,1,1,0.9563284404575824,0.0436715595424175,0,1,3,3,4,0.21978454,0.372329980134964,0.173055,0,1,0,0,1,0,1,0
64-12,64,12,5,0,0,0.0436715595424175,0.0436715595424175,0,0,4,3,4,0.07194006,0.372329980134964,0.023767807,0,0,0,0,1,1,1,1
65-0,65,0,2,0,0,0.0832936987280845,0.0832936987280845,0,0,5,2,4,0.09232854,0.4492360949516296,0.03367397,0,0,0,0,1,1,1,1
65-1,65,1,2,0,0,0.0832936987280845,0.0832936987280845,0,0,4,3,4,0.18931836,0.4492360949516296,0.07683908,0,0,0,0,1,1,1,1
65-2,65,2,2,0,0,0.0832936987280845,0.0832936987280845,0,0,1,2,4,0.2747372,0.4492360949516296,0.12232722,0,0,0,0,1,1,1,1
65-3,65,3,2,0,0,0.0832936987280845,0.0832936987280845,0,0,5,2,4,0.21871953,0.4492360949516296,0.070654064,0,0,0,0,1,1,1,1
65-4,65,4,2,0,0,0.0832936987280845,0.0832936987280845,0,0,5,3,3,0.04630386,0.4492360949516296,0.019582141,0,0,0,0,1,1,1,1
65-5,65,5,2,0,0,0.0832936987280845,0.0832936987280845,0,0,2,3,3,0.0885375,0.4492360949516296,0.05258869,0,0,0,0,1,1,1,1
65-6,65,6,2,0,0,0.0832936987280845,0.0832936987280845,0,0,3,3,2,0.048215937,0.4492360949516296,0.019215139,0,0,0,0,1,1,1,1
65-7,65,7,2,0,0,0.0832936987280845,0.0832936987280845,0,0,5,1,2,0.038612198,0.4492360949516296,0.01774013,0,0,0,0,1,1,1,1
65-8,65,8,2,0,0,0.0832936987280845,0.0832936987280845,0,0,2,3,2,0.33599567,0.4492360949516296,0.13219959,0,0,0,0,1,1,1,1
65-9,65,9,2,1,1,0.9167063012719155,0.0832936987280845,0,1,3,4,4,0.7135052,0.4492360949516296,0.5086447,0,1,1,1,1,0,1,1
65-10,65,10,2,0,0,0.0832936987280845,0.0832936987280845,0,0,3,2,4,0.026167592,0.4492360949516296,0.012222661,0,0,0,0,1,1,1,1
65-11,65,11,2,0,0,0.0832936987280845,0.0832936987280845,0,0,2,3,4,0.037377227,0.4492360949516296,0.01587809,0,0,0,0,1,1,1,1
65-12,65,12,2,0,0,0.0832936987280845,0.0832936987280845,0,0,3,3,4,0.11061528,0.4492360949516296,0.03971123,0,0,0,0,1,1,1,1
66-0,66,0,4,0,0,0.7872631549835205,0.7872631549835205,1,1,5,2,4,0.10249392,0.5368138551712036,0.04884105,0,1,0,0,0,1,0,1
66-1,66,1,4,0,0,0.7872631549835205,0.7872631549835205,1,1,4,3,4,0.25433287,0.5368138551712036,0.106814265,0,1,0,0,0,1,0,1
66-2,66,2,4,0,0,0.7872631549835205,0.7872631549835205,1,1,2,2,4,0.5481187,0.5368138551712036,0.2866938,0,1,1,0,0,1,0,0
66-3,66,3,4,0,0,0.7872631549835205,0.7872631549835205,1,1,4,2,4,0.3101463,0.5368138551712036,0.13410057,0,1,0,0,0,1,0,1
66-4,66,4,4,0,0,0.7872631549835205,0.7872631549835205,1,1,5,3,3,0.08628602,0.5368138551712036,0.039950307,0,1,0,0,0,1,0,1
66-5,66,5,4,0,0,0.7872631549835205,0.7872631549835205,1,1,4,3,3,0.116500705,0.5368138551712036,0.06527944,0,1,0,0,0,1,0,1
66-6,66,6,4,1,1,0.2127368450164795,0.7872631549835205,1,0,4,3,2,0.14988586,0.5368138551712036,0.04923552,0,0,0,0,0,0,0,0
66-7,66,7,4,0,0,0.7872631549835205,0.7872631549835205,1,1,5,1,2,0.11643072,0.5368138551712036,0.0613591,0,1,0,0,0,1,0,1
66-8,66,8,4,0,0,0.7872631549835205,0.7872631549835205,1,1,2,3,2,0.3449217,0.5368138551712036,0.1864017,0,1,0,0,0,1,0,1
66-9,66,9,4,0,0,0.7872631549835205,0.7872631549835205,1,1,3,3,4,0.5071006,0.5368138551712036,0.2548705,0,1,1,0,0,1,0,0
66-10,66,10,4,0,0,0.7872631549835205,0.7872631549835205,1,1,4,3,4,0.055105917,0.5368138551712036,0.032118104,0,1,0,0,0,1,0,1
66-11,66,11,4,0,0,0.7872631549835205,0.7872631549835205,1,1,2,3,4,0.28842628,0.5368138551712036,0.1719583,0,1,0,0,0,1,0,1
66-12,66,12,4,0,0,0.7872631549835205,0.7872631549835205,1,1,4,3,4,0.23084585,0.5368138551712036,0.105952784,0,1,0,0,0,1,0,1
67-0,67,0,4,0,0,0.0212912131100893,0.0212912131100893,0,0,5,2,4,0.030169174,0.5368138551712036,0.010178877,0,0,0,0,1,1,1,1
67-1,67,1,4,0,0,0.0212912131100893,0.0212912131100893,0,0,4,3,4,0.051337633,0.5368138551712036,0.019549418,0,0,0,0,1,1,1,1
67-2,67,2,4,0,0,0.0212912131100893,0.0212912131100893,0,0,4,2,4,0.1482084,0.5368138551712036,0.045369297,0,0,0,0,1,1,1,1
67-3,67,3,4,0,0,0.0212912131100893,0.0212912131100893,0,0,4,2,4,0.095215745,0.5368138551712036,0.028525878,0,0,0,0,1,1,1,1
67-4,67,4,4,0,0,0.0212912131100893,0.0212912131100893,0,0,5,3,3,0.018144911,0.5368138551712036,0.00763858,0,0,0,0,1,1,1,1
67-5,67,5,4,0,0,0.0212912131100893,0.0212912131100893,0,0,3,3,3,0.023114128,0.5368138551712036,0.012746227,0,0,0,0,1,1,1,1
67-6,67,6,4,1,1,0.9787087868899108,0.0212912131100893,0,1,3,4,2,0.40080157,0.5368138551712036,0.22974859,0,1,0,0,1,0,1,0
67-7,67,7,4,0,0,0.0212912131100893,0.0212912131100893,0,0,4,2,2,0.042134188,0.5368138551712036,0.018198214,0,0,0,0,1,1,1,1
67-8,67,8,4,1,1,0.9787087868899108,0.0212912131100893,0,1,3,3,2,0.5480024,0.5368138551712036,0.3214212,0,1,1,0,1,0,1,1
67-9,67,9,4,0,0,0.0212912131100893,0.0212912131100893,0,0,3,3,4,0.14059795,0.5368138551712036,0.051025745,0,0,0,0,1,1,1,1
67-10,67,10,4,1,1,0.9787087868899108,0.0212912131100893,0,1,3,3,4,0.15021516,0.5368138551712036,0.09700763,0,1,0,0,1,0,1,0
67-11,67,11,4,1,1,0.9787087868899108,0.0212912131100893,0,1,3,3,4,0.5277848,0.5368138551712036,0.31576192,0,1,1,0,1,0,1,1
67-12,67,12,4,0,0,0.0212912131100893,0.0212912131100893,0,0,4,2,4,0.05078939,0.5368138551712036,0.018065372,0,0,0,0,1,1,1,1
68-0,68,0,3,1,0,0.1422873735427856,0.8577126264572144,1,0,5,2,4,0.07099892,0.4455930888652801,0.035403825,1,0,0,0,1,1,1,1
68-1,68,1,3,1,0,0.1422873735427856,0.8577126264572144,1,0,4,3,4,0.060985506,0.4455930888652801,0.027305748,1,0,0,0,1,1,1,1
68-2,68,2,3,1,0,0.1422873735427856,0.8577126264572144,1,0,2,3,4,0.022573153,0.4455930888652801,0.010926166,1,0,0,0,1,1,1,1
68-3,68,3,3,1,0,0.1422873735427856,0.8577126264572144,1,0,5,1,4,0.1703668,0.4455930888652801,0.0662921,1,0,0,0,1,1,1,1
68-4,68,4,3,1,0,0.1422873735427856,0.8577126264572144,1,0,5,4,3,0.020978712,0.4455930888652801,0.010186971,1,0,0,0,1,1,1,1
68-5,68,5,3,1,0,0.1422873735427856,0.8577126264572144,1,0,4,4,3,0.08364851,0.4455930888652801,0.048750505,1,0,0,0,1,1,1,1
68-6,68,6,3,1,0,0.1422873735427856,0.8577126264572144,1,0,4,3,2,0.016285319,0.4455930888652801,0.009114757,1,0,0,0,1,1,1,1
68-7,68,7,3,1,0,0.1422873735427856,0.8577126264572144,1,0,5,3,2,0.0468952,0.4455930888652801,0.019667063,1,0,0,0,1,1,1,1
68-8,68,8,3,1,0,0.1422873735427856,0.8577126264572144,1,0,4,2,2,0.013615251,0.4455930888652801,0.013942173,1,0,0,0,1,1,1,1
68-9,68,9,3,1,0,0.1422873735427856,0.8577126264572144,1,0,4,4,4,0.10230328,0.4455930888652801,0.04596939,1,0,0,0,1,1,1,1
68-10,68,10,3,1,0,0.1422873735427856,0.8577126264572144,1,0,4,3,4,0.021681549,0.4455930888652801,0.010535168,1,0,0,0,1,1,1,1
68-11,68,11,3,1,0,0.1422873735427856,0.8577126264572144,1,0,3,3,4,0.021766527,0.4455930888652801,0.018760834,1,0,0,0,1,1,1,1
68-12,68,12,3,1,0,0.1422873735427856,0.8577126264572144,1,0,4,3,4,0.05618264,0.4455930888652801,0.02706696,1,0,0,0,1,1,1,1
69-0,69,0,3,0,0,0.205206036567688,0.205206036567688,0,0,5,2,4,0.11440833,0.4455930888652801,0.051681608,0,0,0,0,1,1,1,1
69-1,69,1,3,0,0,0.205206036567688,0.205206036567688,0,0,4,3,4,0.10273482,0.4455930888652801,0.04420606,0,0,0,0,1,1,1,1
69-2,69,2,3,0,0,0.205206036567688,0.205206036567688,0,0,4,2,4,0.03020879,0.4455930888652801,0.0153374905,0,0,0,0,1,1,1,1
69-3,69,3,3,0,0,0.205206036567688,0.205206036567688,0,0,4,3,4,0.35838252,0.4455930888652801,0.14473364,0,0,0,0,1,1,1,1
69-4,69,4,3,0,0,0.205206036567688,0.205206036567688,0,0,5,3,3,0.03429642,0.4455930888652801,0.014107756,0,0,0,0,1,1,1,1
69-5,69,5,3,1,1,0.794793963432312,0.205206036567688,0,1,3,4,3,0.31779316,0.4455930888652801,0.19502924,0,1,0,0,1,0,1,0
69-6,69,6,3,0,0,0.205206036567688,0.205206036567688,0,0,4,2,2,0.02752119,0.4455930888652801,0.013616173,0,0,0,0,1,1,1,1
69-7,69,7,3,0,0,0.205206036567688,0.205206036567688,0,0,4,2,2,0.08527539,0.4455930888652801,0.03821784,0,0,0,0,1,1,1,1
69-8,69,8,3,0,0,0.205206036567688,0.205206036567688,0,0,3,3,2,0.030316526,0.4455930888652801,0.02107391,0,0,0,0,1,1,1,1
69-9,69,9,3,0,0,0.205206036567688,0.205206036567688,0,0,3,4,4,0.18973991,0.4455930888652801,0.07774984,0,0,0,0,1,1,1,1
69-10,69,10,3,0,0,0.205206036567688,0.205206036567688,0,0,3,2,4,0.04547778,0.4455930888652801,0.018747492,0,0,0,0,1,1,1,1
69-11,69,11,3,0,0,0.205206036567688,0.205206036567688,0,0,3,3,4,0.03461711,0.4455930888652801,0.029363925,0,0,0,0,1,1,1,1
69-12,69,12,3,1,1,0.794793963432312,0.205206036567688,0,1,4,3,4,0.1632706,0.4455930888652801,0.080831446,0,1,0,0,1,0,1,0
70-0,70,0,1,1,1,0.0828914046287535,0.9171085953712464,1,0,4,3,4,0.21046504,0.486357569694519,0.0711938,0,0,0,0,0,0,0,0
70-1,70,1,1,1,1,0.0828914046287535,0.9171085953712464,1,0,4,3,4,0.19122703,0.486357569694519,0.06809916,0,0,0,0,0,0,0,0
70-2,70,2,1,1,1,0.0828914046287535,0.9171085953712464,1,0,3,4,4,0.111367755,0.486357569694519,0.04181804,0,0,0,0,0,0,0,0
70-3,70,3,1,0,0,0.9171085953712464,0.9171085953712464,1,1,4,2,4,0.39615056,0.486357569694519,0.18314162,0,1,0,0,0,1,0,1
70-4,70,4,1,0,0,0.9171085953712464,0.9171085953712464,1,1,5,3,3,0.17325233,0.486357569694519,0.08566712,0,1,0,0,0,1,0,1
70-5,70,5,1,0,0,0.9171085953712464,0.9171085953712464,1,1,5,3,3,0.22090575,0.486357569694519,0.092261694,0,1,0,0,0,1,0,1
70-6,70,6,1,0,0,0.9171085953712464,0.9171085953712464,1,1,4,3,2,0.20320036,0.486357569694519,0.094759375,0,1,0,0,0,1,0,1
70-7,70,7,1,0,0,0.9171085953712464,0.9171085953712464,1,1,4,3,2,0.37197036,0.486357569694519,0.16047235,0,1,0,0,0,1,0,1
70-8,70,8,1,0,0,0.9171085953712464,0.9171085953712464,1,1,3,3,2,0.20481728,0.486357569694519,0.09311088,0,1,0,0,0,1,0,1
70-9,70,9,1,1,1,0.0828914046287535,0.9171085953712464,1,0,3,4,4,0.2276317,0.486357569694519,0.07992941,0,0,0,0,0,0,0,0
70-10,70,10,1,0,0,0.9171085953712464,0.9171085953712464,1,1,4,2,4,0.0640876,0.486357569694519,0.038345456,0,1,0,0,0,1,0,1
70-11,70,11,1,0,0,0.9171085953712464,0.9171085953712464,1,1,3,3,4,0.41145977,0.486357569694519,0.19515786,0,1,0,0,0,1,0,1
70-12,70,12,1,0,0,0.9171085953712464,0.9171085953712464,1,1,4,3,4,0.28902018,0.486357569694519,0.12815154,0,1,0,0,0,1,0,1
71-0,71,0,2,0,0,0.03489351272583,0.03489351272583,0,0,5,2,4,0.030092489,0.4492360949516296,0.01219801,0,0,0,0,1,1,1,1
71-1,71,1,2,0,0,0.03489351272583,0.03489351272583,0,0,4,3,4,0.059871934,0.4492360949516296,0.024216104,0,0,0,0,1,1,1,1
71-2,71,2,2,0,0,0.03489351272583,0.03489351272583,0,0,4,3,4,0.1022713,0.4492360949516296,0.03558972,0,0,0,0,1,1,1,1
71-3,71,3,2,0,0,0.03489351272583,0.03489351272583,0,0,4,2,4,0.09764021,0.4492360949516296,0.03191286,0,0,0,0,1,1,1,1
71-4,71,4,2,0,0,0.03489351272583,0.03489351272583,0,0,5,3,3,0.014972178,0.4492360949516296,0.00695501,0,0,0,0,1,1,1,1
71-5,71,5,2,0,0,0.03489351272583,0.03489351272583,0,0,3,4,3,0.026303936,0.4492360949516296,0.015268892,0,0,0,0,1,1,1,1
71-6,71,6,2,0,0,0.03489351272583,0.03489351272583,0,0,4,4,2,0.018062953,0.4492360949516296,0.0063506793,0,0,0,0,1,1,1,1
71-7,71,7,2,0,0,0.03489351272583,0.03489351272583,0,0,5,3,2,0.017163962,0.4492360949516296,0.0074195676,0,0,0,0,1,1,1,1
71-8,71,8,2,0,0,0.03489351272583,0.03489351272583,0,0,2,3,2,0.13251978,0.4492360949516296,0.042833887,0,0,0,0,1,1,1,1
71-9,71,9,2,1,1,0.96510648727417,0.03489351272583,0,1,4,4,4,0.7199561,0.4492360949516296,0.4788917,0,1,1,0,1,0,1,1
71-10,71,10,2,0,0,0.03489351272583,0.03489351272583,0,0,3,4,4,0.010774942,0.4492360949516296,0.004471985,0,0,0,0,1,1,1,1
71-11,71,11,2,0,0,0.03489351272583,0.03489351272583,0,0,3,3,4,0.011223332,0.4492360949516296,0.004467778,0,0,0,0,1,1,1,1
71-12,71,12,2,0,0,0.03489351272583,0.03489351272583,0,0,3,3,4,0.034719937,0.4492360949516296,0.012380478,0,0,0,0,1,1,1,1
72-0,72,0,5,1,0,0.99811671837233,0.0018832816276699,0,1,4,3,4,0.34602934,0.372329980134964,0.27792895,1,1,0,0,0,1,0,1
72-1,72,1,5,0,1,0.0018832816276699,0.0018832816276699,0,0,4,3,4,0.05782668,0.372329980134964,0.022977456,1,0,0,0,0,0,0,0
72-2,72,2,5,1,0,0.99811671837233,0.0018832816276699,0,1,3,3,4,0.29348895,0.372329980134964,0.22570175,1,1,0,0,0,1,0,1
72-3,72,3,5,1,0,0.99811671837233,0.0018832816276699,0,1,4,3,4,0.60146356,0.372329980134964,0.55733603,1,1,1,1,0,1,0,0
72-4,72,4,5,1,0,0.99811671837233,0.0018832816276699,0,1,4,4,3,0.4152097,0.372329980134964,0.36609924,1,1,0,0,0,1,0,1
72-5,72,5,5,1,0,0.99811671837233,0.0018832816276699,0,1,3,4,3,0.041532725,0.372329980134964,0.06463991,1,1,0,0,0,1,0,1
72-6,72,6,5,1,0,0.99811671837233,0.0018832816276699,0,1,4,4,2,0.713887,0.372329980134964,0.5922277,1,1,1,1,0,1,0,0
72-7,72,7,5,1,0,0.99811671837233,0.0018832816276699,0,1,4,4,2,0.6516189,0.372329980134964,0.43227717,1,1,1,0,0,1,0,0
72-8,72,8,5,1,0,0.99811671837233,0.0018832816276699,0,1,2,3,2,0.5047482,0.372329980134964,0.3195424,1,1,1,0,0,1,0,0
72-9,72,9,5,0,1,0.0018832816276699,0.0018832816276699,0,0,4,3,4,0.0590147,0.372329980134964,0.023685299,1,0,0,0,0,0,0,0
72-10,72,10,5,1,0,0.99811671837233,0.0018832816276699,0,1,3,3,4,0.042671386,0.372329980134964,0.06151485,1,1,0,0,0,1,0,1
72-11,72,11,5,1,0,0.99811671837233,0.0018832816276699,0,1,3,3,4,0.29348895,0.372329980134964,0.22570175,1,1,0,0,0,1,0,1
72-12,72,12,5,1,0,0.99811671837233,0.0018832816276699,0,1,3,4,4,0.62693363,0.372329980134964,0.4190381,1,1,1,0,0,1,0,0
73-0,73,0,1,0,0,0.3086638748645782,0.3086638748645782,0,0,5,2,4,0.33884883,0.486357569694519,0.13704525,0,0,0,0,1,1,1,1
73-1,73,1,1,0,0,0.3086638748645782,0.3086638748645782,0,0,4,3,4,0.34864455,0.486357569694519,0.14780545,0,0,0,0,1,1,1,1
73-2,73,2,1,0,0,0.3086638748645782,0.3086638748645782,0,0,4,2,4,0.2086909,0.486357569694519,0.090907216,0,0,0,0,1,1,1,1
73-3,73,3,1,0,0,0.3086638748645782,0.3086638748645782,0,0,5,2,4,0.22175923,0.486357569694519,0.08875213,0,0,0,0,1,1,1,1
73-4,73,4,1,0,0,0.3086638748645782,0.3086638748645782,0,0,5,3,3,0.07415265,0.486357569694519,0.036944304,0,0,0,0,1,1,1,1
73-5,73,5,1,0,0,0.3086638748645782,0.3086638748645782,0,0,4,3,3,0.13707088,0.486357569694519,0.061691858,0,0,0,0,1,1,1,1
73-6,73,6,1,0,0,0.3086638748645782,0.3086638748645782,0,0,4,2,2,0.11631608,0.486357569694519,0.04390355,0,0,0,0,1,1,1,1
73-7,73,7,1,0,0,0.3086638748645782,0.3086638748645782,0,0,5,2,2,0.14547423,0.486357569694519,0.06830796,0,0,0,0,1,1,1,1
73-8,73,8,1,0,0,0.3086638748645782,0.3086638748645782,0,0,3,3,2,0.11509841,0.486357569694519,0.043855123,0,0,0,0,1,1,1,1
73-9,73,9,1,0,0,0.3086638748645782,0.3086638748645782,0,0,5,2,4,0.32011506,0.486357569694519,0.11743972,0,0,0,0,1,1,1,1
73-10,73,10,1,0,0,0.3086638748645782,0.3086638748645782,0,0,4,1,4,0.055311374,0.486357569694519,0.030002335,0,0,0,0,1,1,1,1
73-11,73,11,1,0,0,0.3086638748645782,0.3086638748645782,0,0,3,3,4,0.22174828,0.486357569694519,0.10324425,0,0,0,0,1,1,1,1
73-12,73,12,1,0,0,0.3086638748645782,0.3086638748645782,0,0,4,3,4,0.1797675,0.486357569694519,0.07539264,0,0,0,0,1,1,1,1
74-0,74,0,4,0,0,0.2084484994411468,0.2084484994411468,0,0,5,2,4,0.063150555,0.5368138551712036,0.0209253,0,0,0,0,1,1,1,1
74-1,74,1,4,0,0,0.2084484994411468,0.2084484994411468,0,0,4,3,4,0.141833,0.5368138551712036,0.046596557,0,0,0,0,1,1,1,1
74-2,74,2,4,0,0,0.2084484994411468,0.2084484994411468,0,0,4,2,4,0.34270078,0.5368138551712036,0.101313055,0,0,0,0,1,1,1,1
74-3,74,3,4,0,0,0.2084484994411468,0.2084484994411468,0,0,5,2,4,0.16473249,0.5368138551712036,0.048524562,0,0,0,0,1,1,1,1
74-4,74,4,4,0,0,0.2084484994411468,0.2084484994411468,0,0,5,2,3,0.03584505,0.5368138551712036,0.014837664,0,0,0,0,1,1,1,1
74-5,74,5,4,0,0,0.2084484994411468,0.2084484994411468,0,0,4,3,3,0.060058005,0.5368138551712036,0.027749907,0,0,0,0,1,1,1,1
74-6,74,6,4,0,0,0.2084484994411468,0.2084484994411468,0,0,4,3,2,0.11061232,0.5368138551712036,0.037224114,0,0,0,0,1,1,1,1
74-7,74,7,4,0,0,0.2084484994411468,0.2084484994411468,0,0,5,2,2,0.0735735,0.5368138551712036,0.030163499,0,0,0,0,1,1,1,1
74-8,74,8,4,0,0,0.2084484994411468,0.2084484994411468,0,0,3,3,2,0.18969263,0.5368138551712036,0.065635085,0,0,0,0,1,1,1,1
74-9,74,9,4,0,0,0.2084484994411468,0.2084484994411468,0,0,4,3,4,0.28260255,0.5368138551712036,0.09304362,0,0,0,0,1,1,1,1
74-10,74,10,4,0,0,0.2084484994411468,0.2084484994411468,0,0,4,1,4,0.028606111,0.5368138551712036,0.014420589,0,0,0,0,1,1,1,1
74-11,74,11,4,0,0,0.2084484994411468,0.2084484994411468,0,0,3,3,4,0.1697766,0.5368138551712036,0.06102116,0,0,0,0,1,1,1,1
74-12,74,12,4,0,0,0.2084484994411468,0.2084484994411468,0,0,4,2,4,0.11986977,0.5368138551712036,0.041510303,0,0,0,0,1,1,1,1
75-0,75,0,3,0,0,0.078507088124752,0.078507088124752,0,0,5,2,4,0.1254119,0.4455930888652801,0.062896036,0,0,0,0,1,1,1,1
75-1,75,1,3,0,0,0.078507088124752,0.078507088124752,0,0,4,3,4,0.11275857,0.4455930888652801,0.05460553,0,0,0,0,1,1,1,1
75-2,75,2,3,0,0,0.078507088124752,0.078507088124752,0,0,4,2,4,0.033419795,0.4455930888652801,0.019278575,0,0,0,0,1,1,1,1
75-3,75,3,3,0,0,0.078507088124752,0.078507088124752,0,0,5,3,4,0.3350454,0.4455930888652801,0.13428079,0,0,0,0,1,1,1,1
75-4,75,4,3,0,0,0.078507088124752,0.078507088124752,0,0,5,3,3,0.03792493,0.4455930888652801,0.01747175,0,0,0,0,1,1,1,1
75-5,75,5,3,0,0,0.078507088124752,0.078507088124752,0,0,3,3,3,0.17470986,0.4455930888652801,0.10868868,0,0,0,0,1,1,1,1
75-6,75,6,3,0,0,0.078507088124752,0.078507088124752,0,0,4,3,2,0.030455492,0.4455930888652801,0.017274804,0,0,0,0,1,1,1,1
75-7,75,7,3,0,0,0.078507088124752,0.078507088124752,0,0,4,2,2,0.0937736,0.4455930888652801,0.04768537,0,0,0,0,1,1,1,1
75-8,75,8,3,1,1,0.921492911875248,0.078507088124752,0,1,3,4,2,0.06271904,0.4455930888652801,0.045587573,0,1,0,0,1,0,1,0
75-9,75,9,3,1,1,0.921492911875248,0.078507088124752,0,1,3,4,4,0.34799558,0.4455930888652801,0.17038067,0,1,0,0,1,0,1,0
75-10,75,10,3,0,0,0.078507088124752,0.078507088124752,0,0,3,2,4,0.05022775,0.4455930888652801,0.023543866,0,0,0,0,1,1,1,1
75-11,75,11,3,0,0,0.078507088124752,0.078507088124752,0,0,3,3,4,0.038544822,0.4455930888652801,0.03677465,0,0,0,0,1,1,1,1
75-12,75,12,3,0,0,0.078507088124752,0.078507088124752,0,0,4,2,4,0.104280606,0.4455930888652801,0.052521873,0,0,0,0,1,1,1,1
76-0,76,0,5,1,0,0.0023890733718872,0.9976109266281128,1,0,5,3,4,0.03319709,0.372329980134964,0.018425304,1,0,0,0,1,1,1,1
76-1,76,1,5,1,0,0.0023890733718872,0.9976109266281128,1,0,4,3,4,0.09804175,0.372329980134964,0.042833485,1,0,0,0,1,1,1,1
76-2,76,2,5,1,0,0.0023890733718872,0.9976109266281128,1,0,5,2,4,0.016055409,0.372329980134964,0.011861211,1,0,0,0,1,1,1,1
76-3,76,3,5,1,0,0.0023890733718872,0.9976109266281128,1,0,5,1,4,0.08206245,0.372329980134964,0.056552947,1,0,0,0,1,1,1,1
76-4,76,4,5,1,0,0.0023890733718872,0.9976109266281128,1,0,5,3,3,0.030414693,0.372329980134964,0.023095142,1,0,0,0,1,1,1,1
76-5,76,5,5,1,0,0.0023890733718872,0.9976109266281128,1,0,4,3,3,0.009351759,0.372329980134964,0.0071266936,1,0,0,0,1,1,1,1
76-6,76,6,5,1,0,0.0023890733718872,0.9976109266281128,1,0,4,3,2,0.13251634,0.372329980134964,0.07079515,1,0,0,0,1,1,1,1
76-7,76,7,5,1,0,0.0023890733718872,0.9976109266281128,1,0,4,4,2,0.10316492,0.372329980134964,0.038578242,1,0,0,0,1,1,1,1
76-8,76,8,5,1,0,0.0023890733718872,0.9976109266281128,1,0,3,3,2,0.047803763,0.372329980134964,0.017366841,1,0,0,0,1,1,1,1
76-9,76,9,5,1,0,0.0023890733718872,0.9976109266281128,1,0,5,3,4,0.08984555,0.372329980134964,0.042137653,1,0,0,0,1,1,1,1
76-10,76,10,5,1,0,0.0023890733718872,0.9976109266281128,1,0,3,3,4,0.011325356,0.372329980134964,0.009347744,1,0,0,0,1,1,1,1
76-11,76,11,5,1,0,0.0023890733718872,0.9976109266281128,1,0,3,3,4,0.02128991,0.372329980134964,0.015518735,1,0,0,0,1,1,1,1
76-12,76,12,5,1,0,0.0023890733718872,0.9976109266281128,1,0,3,4,4,0.1033245,0.372329980134964,0.039689224,1,0,0,0,1,1,1,1
77-0,77,0,3,0,1,0.1525456011295318,0.1525456011295318,0,0,5,2,4,0.11440833,0.4455930888652801,0.051681608,1,0,0,0,0,0,0,0
77-1,77,1,3,0,1,0.1525456011295318,0.1525456011295318,0,0,4,3,4,0.10273482,0.4455930888652801,0.044798683,1,0,0,0,0,0,0,0
77-2,77,2,3,1,0,0.8474543988704681,0.1525456011295318,0,1,4,3,4,0.046155225,0.4455930888652801,0.025923971,1,1,0,0,0,1,0,1
77-3,77,3,3,1,0,0.8474543988704681,0.1525456011295318,0,1,4,4,4,0.5278992,0.4455930888652801,0.25083557,1,1,1,0,0,1,0,0
77-4,77,4,3,0,1,0.1525456011295318,0.1525456011295318,0,0,5,3,3,0.03429642,0.4455930888652801,0.014107756,1,0,0,0,0,0,0,0
77-5,77,5,3,0,1,0.1525456011295318,0.1525456011295318,0,0,4,3,3,0.13752355,0.4455930888652801,0.07477374,1,0,0,0,0,0,0,0
77-6,77,6,3,1,0,0.8474543988704681,0.1525456011295318,0,1,4,2,2,0.04130498,0.4455930888652801,0.022760943,1,1,0,0,0,1,0,1
77-7,77,7,3,1,0,0.8474543988704681,0.1525456011295318,0,1,4,4,2,0.15452605,0.4455930888652801,0.07298956,1,1,0,0,0,1,0,1
77-8,77,8,3,1,0,0.8474543988704681,0.1525456011295318,0,1,2,3,2,0.078190014,0.4455930888652801,0.05849925,1,1,0,0,0,1,0,1
77-9,77,9,3,0,1,0.1525456011295318,0.1525456011295318,0,0,4,3,4,0.16576041,0.4455930888652801,0.072694674,1,0,0,0,0,0,0,0
77-10,77,10,3,0,1,0.1525456011295318,0.1525456011295318,0,0,4,3,4,0.03758203,0.4455930888652801,0.017027693,1,0,0,0,0,0,0,0
77-11,77,11,3,0,1,0.1525456011295318,0.1525456011295318,0,0,4,3,4,0.030211603,0.4455930888652801,0.029646207,1,0,0,0,0,0,0,0
77-12,77,12,3,0,1,0.1525456011295318,0.1525456011295318,0,0,4,3,4,0.09492992,0.4455930888652801,0.0433017,1,0,0,0,0,0,0,0
78-0,78,0,1,0,0,0.7009845972061157,0.7009845972061157,1,1,3,4,4,0.5828798,0.486357569694519,0.27175716,0,1,1,0,0,1,0,0
78-1,78,1,1,1,1,0.2990154027938843,0.7009845972061157,1,0,2,4,4,0.34940898,0.486357569694519,0.14813888,0,0,0,0,0,0,0,0
78-2,78,2,1,0,0,0.7009845972061157,0.7009845972061157,1,1,1,3,4,0.37698328,0.486357569694519,0.1720249,0,1,0,0,0,1,0,1
78-3,78,3,1,0,0,0.7009845972061157,0.7009845972061157,1,1,3,4,4,0.3837359,0.486357569694519,0.16970731,0,1,0,0,0,1,0,1
78-4,78,4,1,0,0,0.7009845972061157,0.7009845972061157,1,1,3,4,3,0.18964763,0.486357569694519,0.08698927,0,1,0,0,0,1,0,1
78-5,78,5,1,0,0,0.7009845972061157,0.7009845972061157,1,1,1,4,3,0.24992539,0.486357569694519,0.102862164,0,1,0,0,0,1,0,1
78-6,78,6,1,1,1,0.2990154027938843,0.7009845972061157,1,0,2,4,2,0.11969904,0.486357569694519,0.042192772,0,0,0,0,0,0,0,0
78-7,78,7,1,0,0,0.7009845972061157,0.7009845972061157,1,1,3,4,2,0.3110248,0.486357569694519,0.12082475,0,1,0,0,0,1,0,1
78-8,78,8,1,0,0,0.7009845972061157,0.7009845972061157,1,1,1,4,2,0.19519457,0.486357569694519,0.084961765,0,1,0,0,0,1,0,1
78-9,78,9,1,1,1,0.2990154027938843,0.7009845972061157,1,0,2,4,4,0.36316094,0.486357569694519,0.14529304,0,0,0,0,0,0,0,0
78-10,78,10,1,0,0,0.7009845972061157,0.7009845972061157,1,1,2,3,4,0.07268983,0.486357569694519,0.043768417,0,1,0,0,0,1,0,1
78-11,78,11,1,1,1,0.2990154027938843,0.7009845972061157,1,0,2,3,4,0.1933906,0.486357569694519,0.08159579,0,0,0,0,0,0,0,0
78-12,78,12,1,0,0,0.7009845972061157,0.7009845972061157,1,1,1,4,4,0.29936948,0.486357569694519,0.13812084,0,1,0,0,0,1,0,1
79-0,79,0,3,0,0,0.1326285749673843,0.1326285749673843,0,0,5,2,4,0.10955736,0.4455930888652801,0.051681608,0,0,0,0,1,1,1,1
79-1,79,1,3,0,0,0.1326285749673843,0.1326285749673843,0,0,4,3,4,0.09832382,0.4455930888652801,0.044798683,0,0,0,0,1,1,1,1
79-2,79,2,3,0,0,0.1326285749673843,0.1326285749673843,0,0,2,3,4,0.035741046,0.4455930888652801,0.017304061,0,0,0,0,1,1,1,1
79-3,79,3,3,0,0,0.1326285749673843,0.1326285749673843,0,0,4,4,4,0.34724307,0.4455930888652801,0.14646737,0,0,0,0,1,1,1,1
79-4,79,4,3,0,0,0.1326285749673843,0.1326285749673843,0,0,4,3,3,0.0393056,0.4455930888652801,0.020117966,0,0,0,0,1,1,1,1
79-5,79,5,3,0,0,0.1326285749673843,0.1326285749673843,0,0,4,4,3,0.13183837,0.4455930888652801,0.07477374,0,0,0,0,1,1,1,1
79-6,79,6,3,0,0,0.1326285749673843,0.1326285749673843,0,0,4,3,2,0.026245099,0.4455930888652801,0.013804625,0,0,0,0,1,1,1,1
79-7,79,7,3,0,0,0.1326285749673843,0.1326285749673843,0,0,4,2,2,0.08154595,0.4455930888652801,0.03873342,0,0,0,0,1,1,1,1
79-8,79,8,3,0,0,0.1326285749673843,0.1326285749673843,0,0,2,3,2,0.033928808,0.4455930888652801,0.023674697,0,0,0,0,1,1,1,1
79-9,79,9,3,0,0,0.1326285749673843,0.1326285749673843,0,0,4,3,4,0.15912332,0.4455930888652801,0.072694674,0,0,0,0,1,1,1,1
79-10,79,10,3,0,0,0.1326285749673843,0.1326285749673843,0,0,4,1,4,0.026643286,0.4455930888652801,0.014302296,0,0,0,0,1,1,1,1
79-11,79,11,3,0,0,0.1326285749673843,0.1326285749673843,0,0,3,3,4,0.03302317,0.4455930888652801,0.029763758,0,0,0,0,1,1,1,1
79-12,79,12,3,0,0,0.1326285749673843,0.1326285749673843,0,0,4,3,4,0.09082015,0.4455930888652801,0.0433017,0,0,0,0,1,1,1,1
80-0,80,0,1,0,1,0.9518948793411256,0.9518948793411256,1,1,5,2,4,0.32571536,0.486357569694519,0.19328207,1,1,0,0,1,0,1,0
80-1,80,1,1,0,1,0.9518948793411256,0.9518948793411256,1,1,4,3,4,0.39289027,0.486357569694519,0.22924069,1,1,0,0,1,0,1,0
80-2,80,2,1,1,0,0.0481051206588744,0.9518948793411256,1,0,4,4,4,0.054020416,0.486357569694519,0.022251815,1,0,0,0,1,1,1,1
80-3,80,3,1,1,0,0.0481051206588744,0.9518948793411256,1,0,5,4,4,0.06635362,0.486357569694519,0.025105288,1,0,0,0,1,1,1,1
80-4,80,4,1,1,0,0.0481051206588744,0.9518948793411256,1,0,4,4,3,0.018097378,0.486357569694519,0.010271011,1,0,0,0,1,1,1,1
80-5,80,5,1,0,1,0.9518948793411256,0.9518948793411256,1,1,4,3,3,0.14770158,0.486357569694519,0.086410694,1,1,0,0,1,0,1,0
80-6,80,6,1,1,0,0.0481051206588744,0.9518948793411256,1,0,4,3,2,0.029213756,0.486357569694519,0.01145509,1,0,0,0,1,1,1,1
80-7,80,7,1,1,0,0.0481051206588744,0.9518948793411256,1,0,4,3,2,0.04844675,0.486357569694519,0.021004071,1,0,0,0,1,1,1,1
80-8,80,8,1,1,0,0.0481051206588744,0.9518948793411256,1,0,3,3,2,0.026708106,0.486357569694519,0.010710807,1,0,0,0,1,1,1,1
80-9,80,9,1,1,0,0.0481051206588744,0.9518948793411256,1,0,5,2,4,0.10486824,0.486357569694519,0.03724596,1,0,0,0,1,1,1,1
80-10,80,10,1,0,1,0.9518948793411256,0.9518948793411256,1,1,4,3,4,0.032636072,0.486357569694519,0.030600255,1,1,0,0,1,0,1,0
80-11,80,11,1,1,0,0.0481051206588744,0.9518948793411256,1,0,3,3,4,0.048305154,0.486357569694519,0.022961902,1,0,0,0,1,1,1,1
80-12,80,12,1,0,1,0.9518948793411256,0.9518948793411256,1,1,4,3,4,0.16071475,0.486357569694519,0.098184764,1,1,0,0,1,0,1,0
81-0,81,0,1,1,0,0.3299075961112976,0.6700924038887024,1,0,4,3,4,0.32394058,0.486357569694519,0.124124125,1,0,0,0,1,1,1,1
81-1,81,1,1,1,0,0.3299075961112976,0.6700924038887024,1,0,4,3,4,0.2943404,0.486357569694519,0.11330937,1,0,0,0,1,1,1,1
81-2,81,2,1,1,0,0.3299075961112976,0.6700924038887024,1,0,5,2,4,0.15919589,0.486357569694519,0.0595954,1,0,0,0,1,1,1,1
81-3,81,3,1,1,0,0.3299075961112976,0.6700924038887024,1,0,5,3,4,0.19625002,0.486357569694519,0.07333333,1,0,0,0,1,1,1,1
81-4,81,4,1,1,0,0.3299075961112976,0.6700924038887024,1,0,5,3,3,0.06044945,0.486357569694519,0.029087039,1,0,0,0,1,1,1,1
81-5,81,5,1,1,0,0.3299075961112976,0.6700924038887024,1,0,4,3,3,0.10908949,0.486357569694519,0.04494594,1,0,0,0,1,1,1,1
81-6,81,6,1,1,0,0.3299075961112976,0.6700924038887024,1,0,4,2,2,0.09629599,0.486357569694519,0.03333867,1,0,0,0,1,1,1,1
81-7,81,7,1,1,0,0.3299075961112976,0.6700924038887024,1,0,4,4,2,0.15881035,0.486357569694519,0.063502945,1,0,0,0,1,1,1,1
81-8,81,8,1,1,0,0.3299075961112976,0.6700924038887024,1,0,4,2,2,0.08758567,0.486357569694519,0.031941026,1,0,0,0,1,1,1,1
81-9,81,9,1,1,0,0.3299075961112976,0.6700924038887024,1,0,5,1,4,0.26059213,0.486357569694519,0.08835773,1,0,0,0,1,1,1,1
81-10,81,10,1,1,0,0.3299075961112976,0.6700924038887024,1,0,4,3,4,0.049208745,0.486357569694519,0.024228085,1,0,0,0,1,1,1,1
81-11,81,11,1,1,0,0.3299075961112976,0.6700924038887024,1,0,3,3,4,0.17986563,0.486357569694519,0.07692412,1,0,0,0,1,1,1,1
81-12,81,12,1,1,0,0.3299075961112976,0.6700924038887024,1,0,4,2,4,0.1388128,0.486357569694519,0.053102534,1,0,0,0,1,1,1,1
82-0,82,0,5,0,0,0.0016875569708645,0.0016875569708645,0,0,5,2,4,0.020461597,0.372329980134964,0.010973727,0,0,0,0,1,1,1,1
82-1,82,1,5,0,0,0.0016875569708645,0.0016875569708645,0,0,4,3,4,0.05782668,0.372329980134964,0.022977456,0,0,0,0,1,1,1,1
82-2,82,2,5,0,0,0.0016875569708645,0.0016875569708645,0,0,4,2,4,0.012121255,0.372329980134964,0.007192266,0,0,0,0,1,1,1,1
82-3,82,3,5,0,0,0.0016875569708645,0.0016875569708645,0,0,4,3,4,0.06384861,0.372329980134964,0.034577228,0,0,0,0,1,1,1,1
82-4,82,4,5,0,0,0.0016875569708645,0.0016875569708645,0,0,5,2,3,0.017107153,0.372329980134964,0.013597134,0,0,0,0,1,1,1,1
82-5,82,5,5,0,0,0.0016875569708645,0.0016875569708645,0,0,4,3,3,0.0050985944,0.372329980134964,0.0038974595,0,0,0,0,1,1,1,1
82-6,82,6,5,1,1,0.9983124430291356,0.0016875569708645,0,1,4,3,2,0.713887,0.372329980134964,0.5901143,0,1,1,1,1,0,1,1
82-7,82,7,5,0,0,0.0016875569708645,0.0016875569708645,0,0,4,3,2,0.055608634,0.372329980134964,0.021996057,0,0,0,0,1,1,1,1
82-8,82,8,5,1,1,0.9983124430291356,0.0016875569708645,0,1,2,3,2,0.5047482,0.372329980134964,0.3195424,0,1,1,0,1,0,1,1
82-9,82,9,5,0,0,0.0016875569708645,0.0016875569708645,0,0,4,3,4,0.0590147,0.372329980134964,0.023685299,0,0,0,0,1,1,1,1
82-10,82,10,5,0,0,0.0016875569708645,0.0016875569708645,0,0,4,1,4,0.0047934107,0.372329980134964,0.0040639457,0,0,0,0,1,1,1,1
82-11,82,11,5,0,0,0.0016875569708645,0.0016875569708645,0,0,3,3,4,0.013529475,0.372329980134964,0.008567585,0,0,0,0,1,1,1,1
82-12,82,12,5,0,0,0.0016875569708645,0.0016875569708645,0,0,3,3,4,0.053816915,0.372329980134964,0.021273095,0,0,0,0,1,1,1,1
83-0,83,0,3,1,0,0.0716192722320555,0.9283807277679444,1,0,5,2,4,0.11507163,0.4455930888652801,0.055346806,1,0,0,0,1,1,1,1
83-1,83,1,3,1,0,0.0716192722320555,0.9283807277679444,1,0,4,3,4,0.09950813,0.4455930888652801,0.04307458,1,0,0,0,1,1,1,1
83-2,83,2,3,1,0,0.0716192722320555,0.9283807277679444,1,0,4,3,4,0.02876914,0.4455930888652801,0.015783723,1,0,0,0,1,1,1,1
83-3,83,3,3,1,0,0.0716192722320555,0.9283807277679444,1,0,4,4,4,0.3478745,0.4455930888652801,0.1403065,1,0,0,0,1,1,1,1
83-4,83,4,3,1,0,0.0716192722320555,0.9283807277679444,1,0,4,3,3,0.041114327,0.4455930888652801,0.020991918,1,0,0,0,1,1,1,1
83-5,83,5,3,1,0,0.0716192722320555,0.9283807277679444,1,0,4,4,3,0.1358406,0.4455930888652801,0.075936586,1,0,0,0,1,1,1,1
83-6,83,6,3,1,0,0.0716192722320555,0.9283807277679444,1,0,4,3,2,0.02732142,0.4455930888652801,0.014686498,1,0,0,0,1,1,1,1
83-7,83,7,3,1,0,0.0716192722320555,0.9283807277679444,1,0,4,4,2,0.08502473,0.4455930888652801,0.040015705,1,0,0,0,1,1,1,1
83-8,83,8,3,1,0,0.0716192722320555,0.9283807277679444,1,0,3,3,2,0.030979075,0.4455930888652801,0.022795402,1,0,0,0,1,1,1,1
83-9,83,9,3,1,0,0.0716192722320555,0.9283807277679444,1,0,4,3,4,0.1667138,0.4455930888652801,0.07172158,1,0,0,0,1,1,1,1
83-10,83,10,3,1,0,0.0716192722320555,0.9283807277679444,1,0,5,3,4,0.029045574,0.4455930888652801,0.01470264,1,0,0,0,1,1,1,1
83-11,83,11,3,1,0,0.0716192722320555,0.9283807277679444,1,0,3,3,4,0.03430591,0.4455930888652801,0.029622609,1,0,0,0,1,1,1,1
83-12,83,12,3,1,0,0.0716192722320555,0.9283807277679444,1,0,3,3,4,0.11550353,0.4455930888652801,0.047008317,1,0,0,0,1,1,1,1
84-0,84,0,5,0,0,0.0006745806895196,0.0006745806895196,0,0,5,2,4,0.020461597,0.372329980134964,0.010973727,0,0,0,0,1,1,1,1
84-1,84,1,5,0,0,0.0006745806895196,0.0006745806895196,0,0,4,3,4,0.05782668,0.372329980134964,0.022977456,0,0,0,0,1,1,1,1
84-2,84,2,5,1,1,0.9993254193104804,0.0006745806895196,0,1,2,4,4,0.30161813,0.372329980134964,0.24494632,0,1,0,0,1,0,1,0
84-3,84,3,5,1,1,0.9993254193104804,0.0006745806895196,0,1,4,3,4,0.60146356,0.372329980134964,0.55733603,0,1,1,1,1,0,1,1
84-4,84,4,5,0,0,0.0006745806895196,0.0006745806895196,0,0,4,3,3,0.018573964,0.372329980134964,0.013541534,0,0,0,0,1,1,1,1
84-5,84,5,5,0,0,0.0006745806895196,0.0006745806895196,0,0,4,4,3,0.0050985944,0.372329980134964,0.003967379,0,0,0,0,1,1,1,1
84-6,84,6,5,1,1,0.9993254193104804,0.0006745806895196,0,1,4,3,2,0.713887,0.372329980134964,0.5901143,0,1,1,1,1,0,1,1
84-7,84,7,5,0,0,0.0006745806895196,0.0006745806895196,0,0,4,3,2,0.055608634,0.372329980134964,0.021996057,0,0,0,0,1,1,1,1
84-8,84,8,5,1,1,0.9993254193104804,0.0006745806895196,0,1,3,3,2,0.4301697,0.372329980134964,0.23964915,0,1,0,0,1,0,1,0
84-9,84,9,5,0,0,0.0006745806895196,0.0006745806895196,0,0,5,2,4,0.056187436,0.372329980134964,0.025343942,0,0,0,0,1,1,1,1
84-10,84,10,5,1,1,0.9993254193104804,0.0006745806895196,0,1,4,2,4,0.029652262,0.372329980134964,0.04743811,0,1,0,0,1,0,1,0
84-11,84,11,5,0,0,0.0006745806895196,0.0006745806895196,0,0,3,3,4,0.013529475,0.372329980134964,0.008567585,0,0,0,0,1,1,1,1
84-12,84,12,5,1,1,0.9993254193104804,0.0006745806895196,0,1,3,4,4,0.62693363,0.372329980134964,0.4190381,0,1,1,0,1,0,1,1
85-0,85,0,1,1,0,0.0614340305328368,0.9385659694671632,1,0,5,2,4,0.4229627,0.486357569694519,0.16574632,1,0,0,0,1,1,1,1
85-1,85,1,1,1,0,0.0614340305328368,0.9385659694671632,1,0,4,3,4,0.42025352,0.486357569694519,0.18314397,1,0,0,0,1,1,1,1
85-2,85,2,1,1,0,0.0614340305328368,0.9385659694671632,1,0,4,4,4,0.2648589,0.486357569694519,0.11212506,1,0,0,0,1,1,1,1
85-3,85,3,1,1,0,0.0614340305328368,0.9385659694671632,1,0,4,4,4,0.31831515,0.486357569694519,0.12672283,1,0,0,0,1,1,1,1
85-4,85,4,1,1,0,0.0614340305328368,0.9385659694671632,1,0,4,4,3,0.09963142,0.486357569694519,0.052774128,1,0,0,0,1,1,1,1
85-5,85,5,1,1,0,0.0614340305328368,0.9385659694671632,1,0,4,3,3,0.16619928,0.486357569694519,0.06932483,1,0,0,0,1,1,1,1
85-6,85,6,1,1,0,0.0614340305328368,0.9385659694671632,1,0,4,3,2,0.16495907,0.486357569694519,0.06124561,1,0,0,0,1,1,1,1
85-7,85,7,1,1,0,0.0614340305328368,0.9385659694671632,1,0,4,3,2,0.2504997,0.486357569694519,0.107775085,1,0,0,0,1,1,1,1
85-8,85,8,1,1,0,0.0614340305328368,0.9385659694671632,1,0,3,3,2,0.15708166,0.486357569694519,0.058701217,1,0,0,0,1,1,1,1
85-9,85,9,1,1,0,0.0614340305328368,0.9385659694671632,1,0,5,2,4,0.40839913,0.486357569694519,0.15542643,1,0,0,0,1,1,1,1
85-10,85,10,1,1,0,0.0614340305328368,0.9385659694671632,1,0,3,2,4,0.12091867,0.486357569694519,0.042509343,1,0,0,0,1,1,1,1
85-11,85,11,1,1,0,0.0614340305328368,0.9385659694671632,1,0,3,3,4,0.26384604,0.486357569694519,0.12373984,1,0,0,0,1,1,1,1
85-12,85,12,1,1,0,0.0614340305328368,0.9385659694671632,1,0,3,4,4,0.24330473,0.486357569694519,0.1030618,1,0,0,0,1,1,1,1
86-0,86,0,1,1,0,0.2655685544013977,0.7344314455986023,1,0,5,2,4,0.28041956,0.486357569694519,0.09745426,1,0,0,0,1,1,1,1
86-1,86,1,1,1,0,0.2655685544013977,0.7344314455986023,1,0,4,3,4,0.28381455,0.486357569694519,0.10371522,1,0,0,0,1,1,1,1
86-2,86,2,1,0,1,0.7344314455986023,0.7344314455986023,1,1,1,3,4,0.34552446,0.486357569694519,0.153006,1,1,0,0,1,0,1,0
86-3,86,3,1,1,0,0.2655685544013977,0.7344314455986023,1,0,4,3,4,0.20407195,0.486357569694519,0.07431433,1,0,0,0,1,1,1,1
86-4,86,4,1,1,0,0.2655685544013977,0.7344314455986023,1,0,4,3,3,0.06262341,0.486357569694519,0.029466186,1,0,0,0,1,1,1,1
86-5,86,5,1,1,0,0.2655685544013977,0.7344314455986023,1,0,4,4,3,0.104210004,0.486357569694519,0.041226983,1,0,0,0,1,1,1,1
86-6,86,6,1,1,0,0.2655685544013977,0.7344314455986023,1,0,4,2,2,0.0936543,0.486357569694519,0.030284498,1,0,0,0,1,1,1,1
86-7,86,7,1,0,1,0.7344314455986023,0.7344314455986023,1,1,4,4,2,0.28232738,0.486357569694519,0.10444523,1,1,0,0,1,0,1,0
86-8,86,8,1,1,0,0.2655685544013977,0.7344314455986023,1,0,3,3,2,0.09393572,0.486357569694519,0.030710194,1,0,0,0,1,1,1,1
86-9,86,9,1,1,0,0.2655685544013977,0.7344314455986023,1,0,3,4,4,0.34147924,0.486357569694519,0.13133544,1,0,0,0,1,1,1,1
86-10,86,10,1,1,0,0.2655685544013977,0.7344314455986023,1,0,4,3,4,0.052669965,0.486357569694519,0.021989575,1,0,0,0,1,1,1,1
86-11,86,11,1,1,0,0.2655685544013977,0.7344314455986023,1,0,3,3,4,0.17073952,0.486357569694519,0.068022005,1,0,0,0,1,1,1,1
86-12,86,12,1,1,0,0.2655685544013977,0.7344314455986023,1,0,3,3,4,0.15593399,0.486357569694519,0.057014897,1,0,0,0,1,1,1,1
87-0,87,0,4,0,0,0.2180359065532684,0.2180359065532684,0,0,5,2,4,0.07482522,0.5368138551712036,0.026269106,0,0,0,0,1,1,1,1
87-1,87,1,4,0,0,0.2180359065532684,0.2180359065532684,0,0,4,3,4,0.1749615,0.5368138551712036,0.059036788,0,0,0,0,1,1,1,1
87-2,87,2,4,0,0,0.2180359065532684,0.2180359065532684,0,0,4,2,4,0.40083268,0.5368138551712036,0.12642416,0,0,0,0,1,1,1,1
87-3,87,3,4,0,0,0.2180359065532684,0.2180359065532684,0,0,5,1,4,0.18543911,0.5368138551712036,0.056982994,0,0,0,0,1,1,1,1
87-4,87,4,4,0,0,0.2180359065532684,0.2180359065532684,0,0,5,2,3,0.044158436,0.5368138551712036,0.018656436,0,0,0,0,1,1,1,1
87-5,87,5,4,0,0,0.2180359065532684,0.2180359065532684,0,0,5,3,3,0.056422073,0.5368138551712036,0.027066382,0,0,0,0,1,1,1,1
87-6,87,6,4,0,0,0.2180359065532684,0.2180359065532684,0,0,4,2,2,0.11567754,0.5368138551712036,0.041763574,0,0,0,0,1,1,1,1
87-7,87,7,4,0,0,0.2180359065532684,0.2180359065532684,0,0,4,2,2,0.13543151,0.5368138551712036,0.05233814,0,0,0,0,1,1,1,1
87-8,87,8,4,0,0,0.2180359065532684,0.2180359065532684,0,0,3,3,2,0.22785763,0.5368138551712036,0.08381215,0,0,0,0,1,1,1,1
87-9,87,9,4,0,0,0.2180359065532684,0.2180359065532684,0,0,4,3,4,0.33574727,0.5368138551712036,0.11637066,0,0,0,0,1,1,1,1
87-10,87,10,4,0,0,0.2180359065532684,0.2180359065532684,0,0,4,1,4,0.03486475,0.5368138551712036,0.01787205,0,0,0,0,1,1,1,1
87-11,87,11,4,0,0,0.2180359065532684,0.2180359065532684,0,0,4,3,4,0.17569162,0.5368138551712036,0.06861941,0,0,0,0,1,1,1,1
87-12,87,12,4,0,0,0.2180359065532684,0.2180359065532684,0,0,4,2,4,0.14529103,0.5368138551712036,0.052667644,0,0,0,0,1,1,1,1
88-0,88,0,5,0,0,0.7531566619873047,0.7531566619873047,1,1,5,2,4,0.09226009,0.372329980134964,0.038658626,0,1,0,0,0,1,0,1
88-1,88,1,5,0,0,0.7531566619873047,0.7531566619873047,1,1,4,3,4,0.32685152,0.372329980134964,0.13121043,0,1,0,0,0,1,0,1
88-2,88,2,5,0,0,0.7531566619873047,0.7531566619873047,1,1,4,2,4,0.07424104,0.372329980134964,0.033588856,0,1,0,0,0,1,0,1
88-3,88,3,5,0,0,0.7531566619873047,0.7531566619873047,1,1,5,3,4,0.2145663,0.372329980134964,0.123853534,0,1,0,0,0,1,0,1
88-4,88,4,5,0,0,0.7531566619873047,0.7531566619873047,1,1,4,3,3,0.12379692,0.372329980134964,0.0701962,0,1,0,0,0,1,0,1
88-5,88,5,5,0,0,0.7531566619873047,0.7531566619873047,1,1,3,4,3,0.013110889,0.372329980134964,0.011682957,0,1,0,0,0,1,0,1
88-6,88,6,5,1,1,0.2468433380126953,0.7531566619873047,1,0,3,3,2,0.13588566,0.372329980134964,0.059523243,0,0,0,0,0,0,0,0
88-7,88,7,5,1,1,0.2468433380126953,0.7531566619873047,1,0,4,4,2,0.08239566,0.372329980134964,0.025514115,0,0,0,0,0,0,0,0
88-8,88,8,5,0,0,0.7531566619873047,0.7531566619873047,1,1,2,3,2,0.16187873,0.372329980134964,0.06342318,0,1,0,0,0,1,0,1
88-9,88,9,5,1,1,0.2468433380126953,0.7531566619873047,1,0,3,4,4,0.15201364,0.372329980134964,0.04944119,0,0,0,0,0,0,0,0
88-10,88,10,5,0,0,0.7531566619873047,0.7531566619873047,1,1,4,3,4,0.009481951,0.372329980134964,0.010398766,0,1,0,0,0,1,0,1
88-11,88,11,5,0,0,0.7531566619873047,0.7531566619873047,1,1,2,3,4,0.10026344,0.372329980134964,0.060707036,0,1,0,0,0,1,0,1
88-12,88,12,5,0,0,0.7531566619873047,0.7531566619873047,1,1,4,3,4,0.20329344,0.372329980134964,0.08241454,0,1,0,0,0,1,0,1
89-0,89,0,1,0,0,0.2390389144420623,0.2390389144420623,0,0,5,2,4,0.2543376,0.486357569694519,0.08636095,0,0,0,0,1,1,1,1
89-1,89,1,1,0,0,0.2390389144420623,0.2390389144420623,0,0,4,3,4,0.27920592,0.486357569694519,0.10124183,0,0,0,0,1,1,1,1
89-2,89,2,1,0,0,0.2390389144420623,0.2390389144420623,0,0,4,2,4,0.150063,0.486357569694519,0.055455513,0,0,0,0,1,1,1,1
89-3,89,3,1,0,0,0.2390389144420623,0.2390389144420623,0,0,4,2,4,0.17928316,0.486357569694519,0.06320055,0,0,0,0,1,1,1,1
89-4,89,4,1,0,0,0.2390389144420623,0.2390389144420623,0,0,5,3,3,0.0524102,0.486357569694519,0.023406293,0,0,0,0,1,1,1,1
89-5,89,5,1,0,0,0.2390389144420623,0.2390389144420623,0,0,4,3,3,0.10217973,0.486357569694519,0.03961096,0,0,0,0,1,1,1,1
89-6,89,6,1,1,1,0.7609610855579377,0.2390389144420623,0,1,3,3,2,0.14046592,0.486357569694519,0.067775965,0,1,0,0,1,0,1,0
89-7,89,7,1,0,0,0.2390389144420623,0.2390389144420623,0,0,4,2,2,0.13003829,0.486357569694519,0.048513424,0,0,0,0,1,1,1,1
89-8,89,8,1,1,1,0.7609610855579377,0.2390389144420623,0,1,2,3,2,0.1518223,0.486357569694519,0.07882133,0,1,0,0,1,0,1,0
89-9,89,9,1,0,0,0.2390389144420623,0.2390389144420623,0,0,4,3,4,0.2914325,0.486357569694519,0.09919203,0,0,0,0,1,1,1,1
89-10,89,10,1,1,1,0.7609610855579377,0.2390389144420623,0,1,3,2,4,0.039530702,0.486357569694519,0.025873177,0,1,0,0,1,0,1,0
89-11,89,11,1,0,0,0.2390389144420623,0.2390389144420623,0,0,3,3,4,0.1701746,0.486357569694519,0.06838259,0,0,0,0,1,1,1,1
89-12,89,12,1,0,0,0.2390389144420623,0.2390389144420623,0,0,4,3,4,0.13528076,0.486357569694519,0.047919888,0,0,0,0,1,1,1,1
90-0,90,0,3,0,0,0.4395850300788879,0.4395850300788879,0,0,5,2,4,0.14449358,0.4455930888652801,0.06183992,0,0,0,0,1,1,1,1
90-1,90,1,3,0,0,0.4395850300788879,0.4395850300788879,0,0,3,3,4,0.17787986,0.4455930888652801,0.07290765,0,0,0,0,1,1,1,1
90-2,90,2,3,0,0,0.4395850300788879,0.4395850300788879,0,0,1,3,4,0.052735478,0.4455930888652801,0.029539848,0,0,0,0,1,1,1,1
90-3,90,3,3,0,0,0.4395850300788879,0.4395850300788879,0,0,5,2,4,0.3646903,0.4455930888652801,0.12682328,0,0,0,0,1,1,1,1
90-4,90,4,3,0,0,0.4395850300788879,0.4395850300788879,0,0,4,2,3,0.07424428,0.4455930888652801,0.030406931,0,0,0,0,1,1,1,1
90-5,90,5,3,0,0,0.4395850300788879,0.4395850300788879,0,0,4,3,3,0.19998582,0.4455930888652801,0.10464013,0,0,0,0,1,1,1,1
90-6,90,6,3,1,1,0.5604149699211121,0.4395850300788879,0,1,3,3,2,0.050378177,0.4455930888652801,0.02439503,0,1,0,0,1,0,1,0
90-7,90,7,3,0,0,0.4395850300788879,0.4395850300788879,0,0,4,2,2,0.13407797,0.4455930888652801,0.054781336,0,0,0,0,1,1,1,1
90-8,90,8,3,0,0,0.4395850300788879,0.4395850300788879,0,0,3,3,2,0.05161099,0.4455930888652801,0.03264125,0,0,0,0,1,1,1,1
90-9,90,9,3,0,0,0.4395850300788879,0.4395850300788879,0,0,4,3,4,0.24609955,0.4455930888652801,0.10054559,0,0,0,0,1,1,1,1
90-10,90,10,3,0,0,0.4395850300788879,0.4395850300788879,0,0,4,2,4,0.032514796,0.4455930888652801,0.019737475,0,0,0,0,1,1,1,1
90-11,90,11,3,1,1,0.5604149699211121,0.4395850300788879,0,1,3,3,4,0.06602284,0.4455930888652801,0.051231485,0,1,0,0,1,0,1,0
90-12,90,12,3,0,0,0.4395850300788879,0.4395850300788879,0,0,3,3,4,0.17565833,0.4455930888652801,0.07182278,0,0,0,0,1,1,1,1
91-0,91,0,3,0,1,0.2274390161037445,0.2274390161037445,0,0,5,2,4,0.11426357,0.4455930888652801,0.05069274,1,0,0,0,0,0,0,0
91-1,91,1,3,1,0,0.7725609838962555,0.2274390161037445,0,1,4,3,4,0.17793275,0.4455930888652801,0.08200559,1,1,0,0,0,1,0,1
91-2,91,2,3,1,0,0.7725609838962555,0.2274390161037445,0,1,4,3,4,0.045738913,0.4455930888652801,0.025322836,1,1,0,0,0,1,0,1
91-3,91,3,3,1,0,0.7725609838962555,0.2274390161037445,0,1,5,2,4,0.4183475,0.4455930888652801,0.16573803,1,1,0,0,0,1,0,1
91-4,91,4,3,1,0,0.7725609838962555,0.2274390161037445,0,1,5,4,3,0.06651549,0.4455930888652801,0.025497237,1,1,0,0,0,1,0,1
91-5,91,5,3,1,0,0.7725609838962555,0.2274390161037445,0,1,5,3,3,0.17399509,0.4455930888652801,0.09001239,1,1,0,0,0,1,0,1
91-6,91,6,3,1,0,0.7725609838962555,0.2274390161037445,0,1,3,3,2,0.06112727,0.4455930888652801,0.029827826,1,1,0,0,0,1,0,1
91-7,91,7,3,1,0,0.7725609838962555,0.2274390161037445,0,1,5,3,2,0.11447761,0.4455930888652801,0.043400194,1,1,0,0,0,1,0,1
91-8,91,8,3,1,0,0.7725609838962555,0.2274390161037445,0,1,4,2,2,0.04096596,0.4455930888652801,0.039461214,1,1,0,0,0,1,0,1
91-9,91,9,3,1,0,0.7725609838962555,0.2274390161037445,0,1,5,4,4,0.20499118,0.4455930888652801,0.08703719,1,1,0,0,0,1,0,1
91-10,91,10,3,0,1,0.2274390161037445,0.2274390161037445,0,0,4,1,4,0.027023083,0.4455930888652801,0.013934505,1,0,0,0,0,0,0,0
91-11,91,11,3,1,0,0.7725609838962555,0.2274390161037445,0,1,3,3,4,0.07982943,0.4455930888652801,0.062931076,1,1,0,0,0,1,0,1
91-12,91,12,3,0,1,0.2274390161037445,0.2274390161037445,0,0,3,3,4,0.11138633,0.4455930888652801,0.045865554,1,0,0,0,0,0,0,0
92-0,92,0,5,0,0,0.3974736630916595,0.3974736630916595,0,0,5,2,4,0.04255162,0.372329980134964,0.0160621,0,0,0,0,1,1,1,1
92-1,92,1,5,0,0,0.3974736630916595,0.3974736630916595,0,0,4,3,4,0.15069601,0.372329980134964,0.053750414,0,0,0,0,1,1,1,1
92-2,92,2,5,0,0,0.3974736630916595,0.3974736630916595,0,0,4,2,4,0.03231988,0.372329980134964,0.013806897,0,0,0,0,1,1,1,1
92-3,92,3,5,0,0,0.3974736630916595,0.3974736630916595,0,0,4,4,4,0.16691217,0.372329980134964,0.07983329,0,0,0,0,1,1,1,1
92-4,92,4,5,0,0,0.3974736630916595,0.3974736630916595,0,0,4,3,3,0.053455193,0.372329980134964,0.026925731,0,0,0,0,1,1,1,1
92-5,92,5,5,1,1,0.6025263369083405,0.3974736630916595,0,1,4,3,3,0.010212756,0.372329980134964,0.007417629,0,1,0,0,1,0,1,0
92-6,92,6,5,0,0,0.3974736630916595,0.3974736630916595,0,0,4,3,2,0.14907089,0.372329980134964,0.07232601,0,0,0,0,1,1,1,1
92-7,92,7,5,0,0,0.3974736630916595,0.3974736630916595,0,0,4,3,2,0.11982614,0.372329980134964,0.039356906,0,0,0,0,1,1,1,1
92-8,92,8,5,1,1,0.6025263369083405,0.3974736630916595,0,1,3,3,2,0.08129821,0.372329980134964,0.020931602,0,1,0,0,1,0,1,0
92-9,92,9,5,0,0,0.3974736630916595,0.3974736630916595,0,0,5,3,4,0.11997215,0.372329980134964,0.04286534,0,0,0,0,1,1,1,1
92-10,92,10,5,0,0,0.3974736630916595,0.3974736630916595,0,0,4,2,4,0.009208822,0.372329980134964,0.0066465256,0,0,0,0,1,1,1,1
92-11,92,11,5,0,0,0.3974736630916595,0.3974736630916595,0,0,3,3,4,0.043848705,0.372329980134964,0.021658339,0,0,0,0,1,1,1,1
92-12,92,12,5,0,0,0.3974736630916595,0.3974736630916595,0,0,3,3,4,0.15541893,0.372329980134964,0.051773448,0,0,0,0,1,1,1,1
93-0,93,0,5,0,0,0.0940270945429802,0.0940270945429802,0,0,5,2,4,0.03884411,0.372329980134964,0.0139977345,0,0,0,0,1,1,1,1
93-1,93,1,5,0,0,0.0940270945429802,0.0940270945429802,0,0,4,3,4,0.11210242,0.372329980134964,0.035448723,0,0,0,0,1,1,1,1
93-2,93,2,5,0,0,0.0940270945429802,0.0940270945429802,0,0,5,2,4,0.023536276,0.372329980134964,0.009340647,0,0,0,0,1,1,1,1
93-3,93,3,5,0,0,0.0940270945429802,0.0940270945429802,0,0,5,2,4,0.11401905,0.372329980134964,0.04580317,0,0,0,0,1,1,1,1
93-4,93,4,5,0,0,0.0940270945429802,0.0940270945429802,0,0,5,2,3,0.032024585,0.372329980134964,0.015266955,0,0,0,0,1,1,1,1
93-5,93,5,5,0,0,0.0940270945429802,0.0940270945429802,0,0,4,3,3,0.010251427,0.372329980134964,0.005396599,0,0,0,0,1,1,1,1
93-6,93,6,5,0,0,0.0940270945429802,0.0940270945429802,0,0,4,3,2,0.13098414,0.372329980134964,0.054968372,0,0,0,0,1,1,1,1
93-7,93,7,5,0,0,0.0940270945429802,0.0940270945429802,0,0,4,2,2,0.101932175,0.372329980134964,0.029708019,0,0,0,0,1,1,1,1
93-8,93,8,5,0,0,0.0940270945429802,0.0940270945429802,0,0,3,3,2,0.048199657,0.372329980134964,0.012668337,0,0,0,0,1,1,1,1
93-9,93,9,5,0,0,0.0940270945429802,0.0940270945429802,0,0,4,3,4,0.11427025,0.372329980134964,0.036526393,0,0,0,0,1,1,1,1
93-10,93,10,5,1,1,0.9059729054570198,0.0940270945429802,0,1,3,3,4,0.019047799,0.372329980134964,0.023015793,0,1,0,0,1,0,1,0
93-11,93,11,5,0,0,0.0940270945429802,0.0940270945429802,0,0,3,3,4,0.027907709,0.372329980134964,0.012668539,0,0,0,0,1,1,1,1
93-12,93,12,5,0,0,0.0940270945429802,0.0940270945429802,0,0,4,2,4,0.08381306,0.372329980134964,0.024979431,0,0,0,0,1,1,1,1
94-0,94,0,1,0,0,0.0744238868355751,0.0744238868355751,0,0,5,2,4,0.13602011,0.486357569694519,0.049587425,0,0,0,0,1,1,1,1
94-1,94,1,1,0,0,0.0744238868355751,0.0744238868355751,0,0,4,3,4,0.14619479,0.486357569694519,0.05728961,0,0,0,0,1,1,1,1
94-2,94,2,1,1,1,0.9255761131644248,0.0744238868355751,0,1,2,4,4,0.50520694,0.486357569694519,0.2825426,0,1,1,0,1,0,1,1
94-3,94,3,1,0,0,0.0744238868355751,0.0744238868355751,0,0,4,4,4,0.100958034,0.486357569694519,0.039766114,0,0,0,0,1,1,1,1
94-4,94,4,1,0,0,0.0744238868355751,0.0744238868355751,0,0,5,2,3,0.02157684,0.486357569694519,0.011681394,0,0,0,0,1,1,1,1
94-5,94,5,1,0,0,0.0744238868355751,0.0744238868355751,0,0,4,3,3,0.04574252,0.486357569694519,0.021179967,0,0,0,0,1,1,1,1
94-6,94,6,1,0,0,0.0744238868355751,0.0744238868355751,0,0,4,3,2,0.044207677,0.486357569694519,0.017617175,0,0,0,0,1,1,1,1
94-7,94,7,1,0,0,0.0744238868355751,0.0744238868355751,0,0,4,2,2,0.06265244,0.486357569694519,0.027899921,0,0,0,0,1,1,1,1
94-8,94,8,1,1,1,0.9255761131644248,0.0744238868355751,0,1,2,3,2,0.28295022,0.486357569694519,0.15672629,0,1,0,0,1,0,1,0
94-9,94,9,1,0,0,0.0744238868355751,0.0744238868355751,0,0,5,1,4,0.11888865,0.486357569694519,0.042904623,0,0,0,0,1,1,1,1
94-10,94,10,1,0,0,0.0744238868355751,0.0744238868355751,0,0,4,2,4,0.029241614,0.486357569694519,0.011708626,0,0,0,0,1,1,1,1
94-11,94,11,1,0,0,0.0744238868355751,0.0744238868355751,0,0,3,3,4,0.0819792,0.486357569694519,0.039560143,0,0,0,0,1,1,1,1
94-12,94,12,1,0,0,0.0744238868355751,0.0744238868355751,0,0,4,2,4,0.056641873,0.486357569694519,0.024687642,0,0,0,0,1,1,1,1
95-0,95,0,2,1,1,0.7847141772508622,0.2152858227491378,0,1,5,3,4,0.17036738,0.4492360949516296,0.071484305,0,1,0,0,1,0,1,0
95-1,95,1,2,0,0,0.2152858227491378,0.2152858227491378,0,0,4,3,4,0.22162493,0.4492360949516296,0.08379155,0,0,0,0,1,1,1,1
95-2,95,2,2,0,0,0.2152858227491378,0.2152858227491378,0,0,4,4,4,0.30704498,0.4492360949516296,0.10890404,0,0,0,0,1,1,1,1
95-3,95,3,2,1,1,0.7847141772508622,0.2152858227491378,0,1,5,4,4,0.39940944,0.4492360949516296,0.14778073,0,1,0,0,1,0,1,0
95-4,95,4,2,0,0,0.2152858227491378,0.2152858227491378,0,0,5,4,3,0.052466903,0.4492360949516296,0.02154879,0,0,0,0,1,1,1,1
95-5,95,5,2,1,1,0.7847141772508622,0.2152858227491378,0,1,3,4,3,0.22535197,0.4492360949516296,0.13407148,0,1,0,0,1,0,1,0
95-6,95,6,2,1,1,0.7847141772508622,0.2152858227491378,0,1,4,3,2,0.054796927,0.4492360949516296,0.02775918,0,1,0,0,1,0,1,0
95-7,95,7,2,0,0,0.2152858227491378,0.2152858227491378,0,0,3,4,2,0.10310629,0.4492360949516296,0.040134765,0,0,0,0,1,1,1,1
95-8,95,8,2,1,1,0.7847141772508622,0.2152858227491378,0,1,3,3,2,0.5514384,0.4492360949516296,0.25087774,0,1,1,0,1,0,1,1
95-9,95,9,2,1,1,0.7847141772508622,0.2152858227491378,0,1,5,4,4,0.39428505,0.4492360949516296,0.17032672,0,1,0,0,1,0,1,0
95-10,95,10,2,1,1,0.7847141772508622,0.2152858227491378,0,1,3,3,4,0.060211856,0.4492360949516296,0.028266467,0,1,0,0,1,0,1,0
95-11,95,11,2,1,1,0.7847141772508622,0.2152858227491378,0,1,3,3,4,0.062621355,0.4492360949516296,0.028829485,0,1,0,0,1,0,1,0
95-12,95,12,2,0,0,0.2152858227491378,0.2152858227491378,0,0,3,4,4,0.13618006,0.4492360949516296,0.04341714,0,0,0,0,1,1,1,1
96-0,96,0,4,0,1,0.1493546366691589,0.1493546366691589,0,0,5,2,4,0.032953892,0.5368138551712036,0.010885126,1,0,0,0,0,0,0,0
96-1,96,1,4,0,1,0.1493546366691589,0.1493546366691589,0,0,4,3,4,0.06357252,0.5368138551712036,0.023377739,1,0,0,0,0,0,0,0
96-2,96,2,4,0,1,0.1493546366691589,0.1493546366691589,0,0,4,3,4,0.20192046,0.5368138551712036,0.058516126,1,0,0,0,0,0,0,0
96-3,96,3,4,0,1,0.1493546366691589,0.1493546366691589,0,0,4,3,4,0.1315178,0.5368138551712036,0.037246678,1,0,0,0,0,0,0,0
96-4,96,4,4,0,1,0.1493546366691589,0.1493546366691589,0,0,5,3,3,0.020410985,0.5368138551712036,0.008492901,1,0,0,0,0,0,0,0
96-5,96,5,4,0,1,0.1493546366691589,0.1493546366691589,0,0,4,3,3,0.025590802,0.5368138551712036,0.013786505,1,0,0,0,0,0,0,0
96-6,96,6,4,0,1,0.1493546366691589,0.1493546366691589,0,0,4,3,2,0.05627322,0.5368138551712036,0.018584507,1,0,0,0,0,0,0,0
96-7,96,7,4,0,1,0.1493546366691589,0.1493546366691589,0,0,5,2,2,0.03451975,0.5368138551712036,0.01585431,1,0,0,0,0,0,0,0
96-8,96,8,4,0,1,0.1493546366691589,0.1493546366691589,0,0,3,3,2,0.09485431,0.5368138551712036,0.031817216,1,0,0,0,0,0,0,0
96-9,96,9,4,0,1,0.1493546366691589,0.1493546366691589,0,0,4,3,4,0.13952471,0.5368138551712036,0.0481128,1,0,0,0,0,0,0,0
96-10,96,10,4,0,1,0.1493546366691589,0.1493546366691589,0,0,3,3,4,0.030522188,0.5368138551712036,0.01007694,1,0,0,0,0,0,0,0
96-11,96,11,4,0,1,0.1493546366691589,0.1493546366691589,0,0,3,3,4,0.0793631,0.5368138551712036,0.02950543,1,0,0,0,0,0,0,0
96-12,96,12,4,1,0,0.8506453633308411,0.1493546366691589,0,1,3,4,4,0.41653723,0.5368138551712036,0.2406258,1,1,0,0,0,1,0,1
97-0,97,0,4,0,0,0.2255708873271942,0.2255708873271942,0,0,5,2,4,0.11150767,0.5368138551712036,0.05275885,0,0,0,0,1,1,1,1
97-1,97,1,4,0,0,0.2255708873271942,0.2255708873271942,0,0,4,3,4,0.25510252,0.5368138551712036,0.12854512,0,0,0,0,1,1,1,1
97-2,97,2,4,0,0,0.2255708873271942,0.2255708873271942,0,0,4,2,4,0.52435076,0.5368138551712036,0.25077313,0,0,1,0,1,1,1,0
97-3,97,3,4,0,0,0.2255708873271942,0.2255708873271942,0,0,4,4,4,0.38511935,0.5368138551712036,0.18588367,0,0,0,0,1,1,1,1
97-4,97,4,4,0,0,0.2255708873271942,0.2255708873271942,0,0,4,4,3,0.10540318,0.5368138551712036,0.06476129,0,0,0,0,1,1,1,1
97-5,97,5,4,0,0,0.2255708873271942,0.2255708873271942,0,0,4,3,3,0.11691862,0.5368138551712036,0.07931063,0,0,0,0,1,1,1,1
97-6,97,6,4,0,0,0.2255708873271942,0.2255708873271942,0,0,4,3,2,0.19586927,0.5368138551712036,0.10479513,0,0,0,0,1,1,1,1
97-7,97,7,4,0,0,0.2255708873271942,0.2255708873271942,0,0,5,2,2,0.1313975,0.5368138551712036,0.07597573,0,0,0,0,1,1,1,1
97-8,97,8,4,0,0,0.2255708873271942,0.2255708873271942,0,0,3,3,2,0.32053035,0.5368138551712036,0.17700346,0,0,0,0,1,1,1,1
97-9,97,9,4,1,1,0.7744291126728058,0.2255708873271942,0,1,3,4,4,0.4973597,0.5368138551712036,0.1946459,0,1,0,0,1,0,1,0
97-10,97,10,4,1,1,0.7744291126728058,0.2255708873271942,0,1,3,3,4,0.05658123,0.5368138551712036,0.028339485,0,1,0,0,1,0,1,0
97-11,97,11,4,0,0,0.2255708873271942,0.2255708873271942,0,0,3,3,4,0.28492993,0.5368138551712036,0.16397494,0,0,0,0,1,1,1,1
97-12,97,12,4,0,0,0.2255708873271942,0.2255708873271942,0,0,4,3,4,0.22900207,0.5368138551712036,0.12650312,0,0,0,0,1,1,1,1
98-0,98,0,1,1,0,0.1949914693832397,0.8050085306167603,1,0,2,4,4,0.26959875,0.486357569694519,0.10345875,1,0,0,0,1,1,1,1
98-1,98,1,1,0,1,0.8050085306167603,0.8050085306167603,1,1,2,3,4,0.49680582,0.486357569694519,0.22500405,1,1,0,0,1,0,1,0
98-2,98,2,1,1,0,0.1949914693832397,0.8050085306167603,1,0,1,3,4,0.13056056,0.486357569694519,0.05283043,1,0,0,0,1,1,1,1
98-3,98,3,1,1,0,0.1949914693832397,0.8050085306167603,1,0,5,4,4,0.14488673,0.486357569694519,0.051885445,1,0,0,0,1,1,1,1
98-4,98,4,1,1,0,0.1949914693832397,0.8050085306167603,1,0,5,4,3,0.040310558,0.486357569694519,0.020542141,1,0,0,0,1,1,1,1
98-5,98,5,1,1,0,0.1949914693832397,0.8050085306167603,1,0,1,4,3,0.07546477,0.486357569694519,0.03313816,1,0,0,0,1,1,1,1
98-6,98,6,1,1,0,0.1949914693832397,0.8050085306167603,1,0,4,3,2,0.06681875,0.486357569694519,0.02320207,1,0,0,0,1,1,1,1
98-7,98,7,1,1,0,0.1949914693832397,0.8050085306167603,1,0,4,4,2,0.11018051,0.486357569694519,0.042992506,1,0,0,0,1,1,1,1
98-8,98,8,1,1,0,0.1949914693832397,0.8050085306167603,1,0,1,4,2,0.07680501,0.486357569694519,0.028182115,1,0,0,0,1,1,1,1
98-9,98,9,1,1,0,0.1949914693832397,0.8050085306167603,1,0,1,4,4,0.2485626,0.486357569694519,0.09410024,1,0,0,0,1,1,1,1
98-10,98,10,1,1,0,0.1949914693832397,0.8050085306167603,1,0,4,4,4,0.045339614,0.486357569694519,0.018131442,1,0,0,0,1,1,1,1
98-11,98,11,1,1,0,0.1949914693832397,0.8050085306167603,1,0,1,4,4,0.122093916,0.486357569694519,0.054681964,1,0,0,0,1,1,1,1
98-12,98,12,1,0,1,0.8050085306167603,0.8050085306167603,1,1,1,4,4,0.23569877,0.486357569694519,0.11488517,1,1,0,0,1,0,1,0
99-0,99,0,1,1,0,0.4518699049949646,0.5481300950050354,1,0,5,2,4,0.34696594,0.486357569694519,0.130191,1,0,0,0,1,1,1,1
99-1,99,1,1,1,0,0.4518699049949646,0.5481300950050354,1,0,3,3,4,0.4321677,0.486357569694519,0.18175566,1,0,0,0,1,1,1,1
99-2,99,2,1,1,0,0.4518699049949646,0.5481300950050354,1,0,4,3,4,0.24819918,0.486357569694519,0.09627695,1,0,0,0,1,1,1,1
99-3,99,3,1,1,0,0.4518699049949646,0.5481300950050354,1,0,4,3,4,0.2870164,0.486357569694519,0.10906479,1,0,0,0,1,1,1,1
99-4,99,4,1,1,0,0.4518699049949646,0.5481300950050354,1,0,4,4,3,0.09384163,0.486357569694519,0.042930048,1,0,0,0,1,1,1,1
99-5,99,5,1,0,1,0.5481300950050354,0.5481300950050354,1,1,4,3,3,0.1686982,0.486357569694519,0.068107925,1,1,0,0,1,0,1,0
99-6,99,6,1,1,0,0.4518699049949646,0.5481300950050354,1,0,3,3,2,0.1498232,0.486357569694519,0.05113412,1,0,0,0,1,1,1,1
99-7,99,7,1,1,0,0.4518699049949646,0.5481300950050354,1,0,4,3,2,0.2062812,0.486357569694519,0.08056915,1,0,0,0,1,1,1,1
99-8,99,8,1,1,0,0.4518699049949646,0.5481300950050354,1,0,3,3,2,0.12382955,0.486357569694519,0.043784536,1,0,0,0,1,1,1,1
99-9,99,9,1,1,0,0.4518699049949646,0.5481300950050354,1,0,4,3,4,0.38064384,0.486357569694519,0.13739735,1,0,0,0,1,1,1,1
99-10,99,10,1,1,0,0.4518699049949646,0.5481300950050354,1,0,4,3,4,0.06540055,0.486357569694519,0.030105127,1,0,0,0,1,1,1,1
99-11,99,11,1,1,0,0.4518699049949646,0.5481300950050354,1,0,3,3,4,0.24577403,0.486357569694519,0.10243269,1,0,0,0,1,1,1,1
99-12,99,12,1,1,0,0.4518699049949646,0.5481300950050354,1,0,3,3,4,0.20812632,0.486357569694519,0.08201053,1,0,0,0,1,1,1,1
100-0,100,0,3,0,0,0.0489338971674442,0.0489338971674442,0,0,5,2,4,0.12169316,0.4455930888652801,0.05382829,0,0,0,0,1,1,1,1
100-1,100,1,3,0,0,0.0489338971674442,0.0489338971674442,0,0,3,3,4,0.13139516,0.4455930888652801,0.052633967,0,0,0,0,1,1,1,1
100-2,100,2,3,0,0,0.0489338971674442,0.0489338971674442,0,0,3,4,4,0.038362738,0.4455930888652801,0.018985162,0,0,0,0,1,1,1,1
100-3,100,3,3,1,1,0.9510661028325558,0.0489338971674442,0,1,4,4,4,0.5142698,0.4455930888652801,0.24644907,0,1,1,0,1,0,1,1
100-4,100,4,3,1,1,0.9510661028325558,0.0489338971674442,0,1,3,4,3,0.13356072,0.4455930888652801,0.0570031,0,1,0,0,1,0,1,0
100-5,100,5,3,0,0,0.0489338971674442,0.0489338971674442,0,0,3,3,3,0.17614383,0.4455930888652801,0.097115524,0,0,0,0,1,1,1,1
100-6,100,6,3,1,1,0.9510661028325558,0.0489338971674442,0,1,3,3,2,0.061077695,0.4455930888652801,0.030106908,0,1,0,0,1,0,1,0
100-7,100,7,3,0,0,0.0489338971674442,0.0489338971674442,0,0,4,3,2,0.090895556,0.4455930888652801,0.040001795,0,0,0,0,1,1,1,1
100-8,100,8,3,1,1,0.9510661028325558,0.0489338971674442,0,1,3,3,2,0.06436827,0.4455930888652801,0.04496176,0,1,0,0,1,0,1,0
100-9,100,9,3,0,0,0.0489338971674442,0.0489338971674442,0,0,4,4,4,0.17746371,0.4455930888652801,0.07564455,0,0,0,0,1,1,1,1
100-10,100,10,3,0,0,0.0489338971674442,0.0489338971674442,0,0,3,2,4,0.05070276,0.4455930888652801,0.020825094,0,0,0,0,1,1,1,1
100-11,100,11,3,1,1,0.9510661028325558,0.0489338971674442,0,1,2,3,4,0.09352009,0.4455930888652801,0.076438375,0,1,0,0,1,0,1,0
100-12,100,12,3,1,1,0.9510661028325558,0.0489338971674442,0,1,3,3,4,0.22356632,0.4455930888652801,0.10370901,0,1,0,0,1,0,1,0
101-0,101,0,4,1,0,0.0408273935317992,0.9591726064682008,1,0,4,3,4,0.065341786,0.5368138551712036,0.020431794,1,0,0,0,1,1,1,1
101-1,101,1,4,1,0,0.0408273935317992,0.9591726064682008,1,0,4,3,4,0.088401206,0.5368138551712036,0.030656353,1,0,0,0,1,1,1,1
101-2,101,2,4,1,0,0.0408273935317992,0.9591726064682008,1,0,4,3,4,0.26343325,0.5368138551712036,0.07640794,1,0,0,0,1,1,1,1
101-3,101,3,4,1,0,0.0408273935317992,0.9591726064682008,1,0,5,3,4,0.14854598,0.5368138551712036,0.040684458,1,0,0,0,1,1,1,1
101-4,101,4,4,1,0,0.0408273935317992,0.9591726064682008,1,0,5,4,3,0.02918063,0.5368138551712036,0.012247942,1,0,0,0,1,1,1,1
101-5,101,5,4,1,0,0.0408273935317992,0.9591726064682008,1,0,3,4,3,0.040295355,0.5368138551712036,0.020222912,1,0,0,0,1,1,1,1
101-6,101,6,4,1,0,0.0408273935317992,0.9591726064682008,1,0,4,4,2,0.07950723,0.5368138551712036,0.026449341,1,0,0,0,1,1,1,1
101-7,101,7,4,1,0,0.0408273935317992,0.9591726064682008,1,0,4,4,2,0.075549476,0.5368138551712036,0.032487806,1,0,0,0,1,1,1,1
101-8,101,8,4,1,0,0.0408273935317992,0.9591726064682008,1,0,3,3,2,0.12213659,0.5368138551712036,0.042074367,1,0,0,0,1,1,1,1
101-9,101,9,4,1,0,0.0408273935317992,0.9591726064682008,1,0,4,4,4,0.19291091,0.5368138551712036,0.06921127,1,0,0,0,1,1,1,1
101-10,101,10,4,1,0,0.0408273935317992,0.9591726064682008,1,0,2,4,4,0.041409675,0.5368138551712036,0.014669216,1,0,0,0,1,1,1,1
101-11,101,11,4,1,0,0.0408273935317992,0.9591726064682008,1,0,3,4,4,0.10636185,0.5368138551712036,0.0380358,1,0,0,0,1,1,1,1
101-12,101,12,4,1,0,0.0408273935317992,0.9591726064682008,1,0,3,4,4,0.10437353,0.5368138551712036,0.03591177,1,0,0,0,1,1,1,1
102-0,102,0,4,0,0,0.0636966601014137,0.0636966601014137,0,0,5,2,4,0.036024988,0.5368138551712036,0.011727577,0,0,0,0,1,1,1,1
102-1,102,1,4,0,0,0.0636966601014137,0.0636966601014137,0,0,4,3,4,0.07042883,0.5368138551712036,0.024828691,0,0,0,0,1,1,1,1
102-2,102,2,4,1,1,0.9363033398985864,0.0636966601014137,0,1,4,3,4,0.70277184,0.5368138551712036,0.3522195,0,1,1,0,1,0,1,1
102-3,102,3,4,1,1,0.9363033398985864,0.0636966601014137,0,1,4,4,4,0.5232032,0.5368138551712036,0.2393549,0,1,1,0,1,0,1,1
102-4,102,4,4,1,1,0.9363033398985864,0.0636966601014137,0,1,4,4,3,0.19737133,0.5368138551712036,0.09695755,0,1,0,0,1,0,1,0
102-5,102,5,4,0,0,0.0636966601014137,0.0636966601014137,0,0,2,3,3,0.03224116,0.5368138551712036,0.017194653,0,0,0,0,1,1,1,1
102-6,102,6,4,0,0,0.0636966601014137,0.0636966601014137,0,0,4,3,2,0.060760047,0.5368138551712036,0.019743979,0,0,0,0,1,1,1,1
102-7,102,7,4,0,0,0.0636966601014137,0.0636966601014137,0,0,4,3,2,0.05875477,0.5368138551712036,0.022755042,0,0,0,0,1,1,1,1
102-8,102,8,4,1,1,0.9363033398985864,0.0636966601014137,0,1,2,3,2,0.4980996,0.5368138551712036,0.29578343,0,1,0,0,1,0,1,0
102-9,102,9,4,0,0,0.0636966601014137,0.0636966601014137,0,0,3,3,4,0.17515983,0.5368138551712036,0.060688835,0,0,0,0,1,1,1,1
102-10,102,10,4,1,1,0.9363033398985864,0.0636966601014137,0,1,4,3,4,0.09816009,0.5368138551712036,0.05156466,0,1,0,0,1,0,1,0
102-11,102,11,4,1,1,0.9363033398985864,0.0636966601014137,0,1,2,3,4,0.44993487,0.5368138551712036,0.2878836,0,1,0,0,1,0,1,0
102-12,102,12,4,0,0,0.0636966601014137,0.0636966601014137,0,0,3,3,4,0.08475948,0.5368138551712036,0.026488433,0,0,0,0,1,1,1,1
103-0,103,0,1,0,0,0.3481478989124298,0.3481478989124298,0,0,5,3,4,0.34792295,0.486357569694519,0.12536599,0,0,0,0,1,1,1,1
103-1,103,1,1,0,0,0.3481478989124298,0.3481478989124298,0,0,4,3,4,0.33534852,0.486357569694519,0.12801357,0,0,0,0,1,1,1,1
103-2,103,2,1,1,1,0.6518521010875702,0.3481478989124298,0,1,1,3,4,0.39914033,0.486357569694519,0.20168342,0,1,0,0,1,0,1,0
103-3,103,3,1,0,0,0.3481478989124298,0.3481478989124298,0,0,3,4,4,0.27458948,0.486357569694519,0.1094252,0,0,0,0,1,1,1,1
103-4,103,4,1,0,0,0.3481478989124298,0.3481478989124298,0,0,4,4,3,0.0777041,0.486357569694519,0.036425494,0,0,0,0,1,1,1,1
103-5,103,5,1,1,1,0.6518521010875702,0.3481478989124298,0,1,3,3,3,0.25811657,0.486357569694519,0.112344086,0,1,0,0,1,0,1,0
103-6,103,6,1,0,0,0.3481478989124298,0.3481478989124298,0,0,2,4,2,0.1392982,0.486357569694519,0.05020048,0,0,0,0,1,1,1,1
103-7,103,7,1,0,0,0.3481478989124298,0.3481478989124298,0,0,4,3,2,0.1816562,0.486357569694519,0.07058904,0,0,0,0,1,1,1,1
103-8,103,8,1,0,0,0.3481478989124298,0.3481478989124298,0,0,1,3,2,0.13050506,0.486357569694519,0.047512986,0,0,0,0,1,1,1,1
103-9,103,9,1,0,0,0.3481478989124298,0.3481478989124298,0,0,4,3,4,0.34884375,0.486357569694519,0.12549737,0,0,0,0,1,1,1,1
103-10,103,10,1,1,1,0.6518521010875702,0.3481478989124298,0,1,2,3,4,0.075507544,0.486357569694519,0.050337914,0,1,0,0,1,0,1,0
103-11,103,11,1,1,1,0.6518521010875702,0.3481478989124298,0,1,1,3,4,0.38768038,0.486357569694519,0.19694096,0,1,0,0,1,0,1,0
103-12,103,12,1,0,0,0.3481478989124298,0.3481478989124298,0,0,1,4,4,0.20365079,0.486357569694519,0.08429973,0,0,0,0,1,1,1,1
104-0,104,0,4,0,0,0.5465973615646362,0.5465973615646362,1,1,5,2,4,0.069163136,0.5368138551712036,0.029084528,0,1,0,0,0,1,0,1
104-1,104,1,4,0,0,0.5465973615646362,0.5465973615646362,1,1,4,3,4,0.16765629,0.5368138551712036,0.059988875,0,1,0,0,0,1,0,1
104-2,104,2,4,0,0,0.5465973615646362,0.5465973615646362,1,1,4,2,4,0.38766554,0.5368138551712036,0.12652355,0,1,0,0,0,1,0,1
104-3,104,3,4,0,0,0.5465973615646362,0.5465973615646362,1,1,5,2,4,0.17895675,0.5368138551712036,0.06070229,0,1,0,0,0,1,0,1
104-4,104,4,4,1,1,0.4534026384353637,0.5465973615646362,1,0,4,4,3,0.06723781,0.5368138551712036,0.028699221,0,0,0,0,0,0,0,0
104-5,104,5,4,0,0,0.5465973615646362,0.5465973615646362,1,1,5,2,3,0.04569846,0.5368138551712036,0.02420944,0,1,0,0,0,1,0,1
104-6,104,6,4,0,0,0.5465973615646362,0.5465973615646362,1,1,4,3,2,0.1217364,0.5368138551712036,0.04926063,0,1,0,0,0,1,0,1
104-7,104,7,4,0,0,0.5465973615646362,0.5465973615646362,1,1,4,3,2,0.16324067,0.5368138551712036,0.07127794,0,1,0,0,0,1,0,1
104-8,104,8,4,0,0,0.5465973615646362,0.5465973615646362,1,1,3,3,2,0.24191724,0.5368138551712036,0.1064189,0,1,0,0,0,1,0,1
104-9,104,9,4,0,0,0.5465973615646362,0.5465973615646362,1,1,5,3,4,0.26756397,0.5368138551712036,0.10281173,0,1,0,0,0,1,0,1
104-10,104,10,4,0,0,0.5465973615646362,0.5465973615646362,1,1,4,2,4,0.034486003,0.5368138551712036,0.016883882,0,1,0,0,0,1,0,1
104-11,104,11,4,1,1,0.4534026384353637,0.5465973615646362,1,0,3,3,4,0.17819792,0.5368138551712036,0.06512897,0,0,0,0,0,0,0,0
104-12,104,12,4,0,0,0.5465973615646362,0.5465973615646362,1,1,4,2,4,0.13086738,0.5368138551712036,0.055064235,0,1,0,0,0,1,0,1
105-0,105,0,5,0,0,0.0101714543998241,0.0101714543998241,0,0,5,2,4,0.017716257,0.372329980134964,0.0096657425,0,0,0,0,1,1,1,1
105-1,105,1,5,0,0,0.0101714543998241,0.0101714543998241,0,0,4,3,4,0.051798455,0.372329980134964,0.019583259,0,0,0,0,1,1,1,1
105-2,105,2,5,0,0,0.0101714543998241,0.0101714543998241,0,0,4,2,4,0.010803019,0.372329980134964,0.006115242,0,0,0,0,1,1,1,1
105-3,105,3,5,0,0,0.0101714543998241,0.0101714543998241,0,0,5,1,4,0.053057343,0.372329980134964,0.03232894,0,0,0,0,1,1,1,1
105-4,105,4,5,0,0,0.0101714543998241,0.0101714543998241,0,0,5,2,3,0.014805064,0.372329980134964,0.012469719,0,0,0,0,1,1,1,1
105-5,105,5,5,0,0,0.0101714543998241,0.0101714543998241,0,0,5,2,3,0.0043260437,0.372329980134964,0.0035862017,0,0,0,0,1,1,1,1
105-6,105,6,5,0,0,0.0101714543998241,0.0101714543998241,0,0,4,3,2,0.06506946,0.372329980134964,0.036414318,0,0,0,0,1,1,1,1
105-7,105,7,5,0,0,0.0101714543998241,0.0101714543998241,0,0,4,2,2,0.049799424,0.372329980134964,0.01950437,0,0,0,0,1,1,1,1
105-8,105,8,5,0,0,0.0101714543998241,0.0101714543998241,0,0,4,2,2,0.020838384,0.372329980134964,0.008190567,0,0,0,0,1,1,1,1
105-9,105,9,5,0,0,0.0101714543998241,0.0101714543998241,0,0,4,1,4,0.05278842,0.372329980134964,0.020196332,0,0,0,0,1,1,1,1
105-10,105,10,5,0,0,0.0101714543998241,0.0101714543998241,0,0,3,2,4,0.004154754,0.372329980134964,0.003999733,0,0,0,0,1,1,1,1
105-11,105,11,5,0,0,0.0101714543998241,0.0101714543998241,0,0,3,3,4,0.01150463,0.372329980134964,0.0072861146,0,0,0,0,1,1,1,1
105-12,105,12,5,0,0,0.0101714543998241,0.0101714543998241,0,0,4,3,4,0.040310126,0.372329980134964,0.01441542,0,0,0,0,1,1,1,1
106-0,106,0,3,1,0,0.798877164721489,0.201122835278511,0,1,5,2,4,0.16926727,0.4455930888652801,0.08281056,1,1,0,0,0,1,0,1
106-1,106,1,3,1,0,0.798877164721489,0.201122835278511,0,1,4,3,4,0.17932622,0.4455930888652801,0.0838366,1,1,0,0,0,1,0,1
106-2,106,2,3,1,0,0.798877164721489,0.201122835278511,0,1,3,4,4,0.06547341,0.4455930888652801,0.03328158,1,1,0,0,0,1,0,1
106-3,106,3,3,1,0,0.798877164721489,0.201122835278511,0,1,4,4,4,0.5278992,0.4455930888652801,0.25083557,1,1,1,0,0,1,0,0
106-4,106,4,3,1,0,0.798877164721489,0.201122835278511,0,1,5,4,3,0.06710762,0.4455930888652801,0.026102405,1,1,0,0,0,1,0,1
106-5,106,5,3,1,0,0.798877164721489,0.201122835278511,0,1,4,3,3,0.24197021,0.4455930888652801,0.13907176,1,1,0,0,0,1,0,1
106-6,106,6,3,1,0,0.798877164721489,0.201122835278511,0,1,4,2,2,0.04130498,0.4455930888652801,0.022760943,1,1,0,0,0,1,0,1
106-7,106,7,3,1,0,0.798877164721489,0.201122835278511,0,1,4,3,2,0.15452605,0.4455930888652801,0.07298956,1,1,0,0,0,1,0,1
106-8,106,8,3,1,0,0.798877164721489,0.201122835278511,0,1,3,3,2,0.06505387,0.4455930888652801,0.045587573,1,1,0,0,0,1,0,1
106-9,106,9,3,1,0,0.798877164721489,0.201122835278511,0,1,4,4,4,0.28162348,0.4455930888652801,0.1333292,1,1,0,0,0,1,0,1
106-10,106,10,3,1,0,0.798877164721489,0.201122835278511,0,1,3,3,4,0.04857959,0.4455930888652801,0.030976798,1,1,0,0,0,1,0,1
106-11,106,11,3,1,0,0.798877164721489,0.201122835278511,0,1,3,3,4,0.08052987,0.4455930888652801,0.06436603,1,1,0,0,0,1,0,1
106-12,106,12,3,1,0,0.798877164721489,0.201122835278511,0,1,3,3,4,0.22537003,0.4455930888652801,0.10591203,1,1,0,0,0,1,0,1
107-0,107,0,3,0,0,0.2331594079732895,0.2331594079732895,0,0,5,2,4,0.19384225,0.4455930888652801,0.10025785,0,0,0,0,1,1,1,1
107-1,107,1,3,0,0,0.2331594079732895,0.2331594079732895,0,0,4,3,4,0.18456444,0.4455930888652801,0.09710154,0,0,0,0,1,1,1,1
107-2,107,2,3,0,0,0.2331594079732895,0.2331594079732895,0,0,5,2,4,0.03579524,0.4455930888652801,0.02042601,0,0,0,0,1,1,1,1
107-3,107,3,3,0,0,0.2331594079732895,0.2331594079732895,0,0,5,1,4,0.37569657,0.4455930888652801,0.17652865,0,0,0,0,1,1,1,1
107-4,107,4,3,0,0,0.2331594079732895,0.2331594079732895,0,0,5,2,3,0.06499232,0.4455930888652801,0.029177442,0,0,0,0,1,1,1,1
107-5,107,5,3,0,0,0.2331594079732895,0.2331594079732895,0,0,5,3,3,0.19517846,0.4455930888652801,0.110107005,0,0,0,0,1,1,1,1
107-6,107,6,3,0,0,0.2331594079732895,0.2331594079732895,0,0,4,2,2,0.04516574,0.4455930888652801,0.02653409,0,0,0,0,1,1,1,1
107-7,107,7,3,0,0,0.2331594079732895,0.2331594079732895,0,0,5,4,2,0.1319267,0.4455930888652801,0.053918242,0,0,0,0,1,1,1,1
107-8,107,8,3,0,0,0.2331594079732895,0.2331594079732895,0,0,4,2,2,0.047454264,0.4455930888652801,0.047857903,0,0,0,0,1,1,1,1
107-9,107,9,3,0,0,0.2331594079732895,0.2331594079732895,0,0,5,1,4,0.17805685,0.4455930888652801,0.09048341,0,0,0,0,1,1,1,1
107-10,107,10,3,0,0,0.2331594079732895,0.2331594079732895,0,0,4,3,4,0.042141724,0.4455930888652801,0.0335182,0,0,0,0,1,1,1,1
107-11,107,11,3,0,0,0.2331594079732895,0.2331594079732895,0,0,3,2,4,0.07091369,0.4455930888652801,0.06663169,0,0,0,0,1,1,1,1
107-12,107,12,3,0,0,0.2331594079732895,0.2331594079732895,0,0,4,2,4,0.17381853,0.4455930888652801,0.09355682,0,0,0,0,1,1,1,1
108-0,108,0,4,1,0,0.7772388905286789,0.2227611094713211,0,1,5,2,4,0.07875972,0.5368138551712036,0.027738236,1,1,0,0,0,1,0,1
108-1,108,1,4,1,0,0.7772388905286789,0.2227611094713211,0,1,4,3,4,0.24073565,0.5368138551712036,0.07920755,1,1,0,0,0,1,0,1
108-2,108,2,4,1,0,0.7772388905286789,0.2227611094713211,0,1,4,2,4,0.46703395,0.5368138551712036,0.15608561,1,1,0,0,0,1,0,1
108-3,108,3,4,1,0,0.7772388905286789,0.2227611094713211,0,1,5,1,4,0.19113751,0.5368138551712036,0.059391744,1,1,0,0,0,1,0,1
108-4,108,4,4,1,0,0.7772388905286789,0.2227611094713211,0,1,5,3,3,0.060074236,0.5368138551712036,0.023133058,1,1,0,0,0,1,0,1
108-5,108,5,4,1,0,0.7772388905286789,0.2227611094713211,0,1,5,3,3,0.069732495,0.5368138551712036,0.030064344,1,1,0,0,0,1,0,1
108-6,108,6,4,1,0,0.7772388905286789,0.2227611094713211,0,1,4,2,2,0.13752079,0.5368138551712036,0.04999538,1,1,0,0,0,1,0,1
108-7,108,7,4,1,0,0.7772388905286789,0.2227611094713211,0,1,5,3,2,0.12243884,0.5368138551712036,0.044905316,1,1,0,0,0,1,0,1
108-8,108,8,4,1,0,0.7772388905286789,0.2227611094713211,0,1,3,3,2,0.30347475,0.5368138551712036,0.11060948,1,1,0,0,0,1,0,1
108-9,108,9,4,1,0,0.7772388905286789,0.2227611094713211,0,1,5,1,4,0.24959,0.5368138551712036,0.08202706,1,1,0,0,0,1,0,1
108-10,108,10,4,1,0,0.7772388905286789,0.2227611094713211,0,1,5,1,4,0.024719348,0.5368138551712036,0.014942599,1,1,0,0,0,1,0,1
108-11,108,11,4,0,1,0.2227611094713211,0.2227611094713211,0,0,3,3,4,0.28492993,0.5368138551712036,0.16397494,1,0,0,0,0,0,0,0
108-12,108,12,4,1,0,0.7772388905286789,0.2227611094713211,0,1,4,2,4,0.17067589,0.5368138551712036,0.066065945,1,1,0,0,0,1,0,1
109-0,109,0,3,1,0,0.7202366292476654,0.2797633707523346,0,1,5,2,4,0.16793598,0.4455930888652801,0.08100001,1,1,0,0,0,1,0,1
109-1,109,1,3,0,1,0.2797633707523346,0.2797633707523346,0,0,4,3,4,0.1522609,0.4455930888652801,0.06829751,1,0,0,0,0,0,0,0
109-2,109,2,3,1,0,0.7202366292476654,0.2797633707523346,0,1,4,3,4,0.045738913,0.4455930888652801,0.025322836,1,1,0,0,0,1,0,1
109-3,109,3,3,1,0,0.7202366292476654,0.2797633707523346,0,1,4,2,4,0.52050364,0.4455930888652801,0.24126054,1,1,1,0,0,1,0,0
109-4,109,4,3,1,0,0.7202366292476654,0.2797633707523346,0,1,5,4,3,0.06651549,0.4455930888652801,0.025701579,1,1,0,0,0,1,0,1
109-5,109,5,3,1,0,0.7202366292476654,0.2797633707523346,0,1,4,4,3,0.24023248,0.4455930888652801,0.13913563,1,1,0,0,0,1,0,1
109-6,109,6,3,1,0,0.7202366292476654,0.2797633707523346,0,1,4,2,2,0.04093054,0.4455930888652801,0.022410251,1,1,0,0,0,1,0,1
109-7,109,7,3,1,0,0.7202366292476654,0.2797633707523346,0,1,4,3,2,0.1532893,0.4455930888652801,0.07192189,1,1,0,0,0,1,0,1
109-8,109,8,3,1,0,0.7202366292476654,0.2797633707523346,0,1,3,3,2,0.06313208,0.4455930888652801,0.04490132,1,1,0,0,0,1,0,1
109-9,109,9,3,1,0,0.7202366292476654,0.2797633707523346,0,1,4,4,4,0.27970603,0.4455930888652801,0.13057134,1,1,0,0,0,1,0,1
109-10,109,10,3,1,0,0.7202366292476654,0.2797633707523346,0,1,4,2,4,0.03257676,0.4455930888652801,0.022637466,1,1,0,0,0,1,0,1
109-11,109,11,3,1,0,0.7202366292476654,0.2797633707523346,0,1,3,3,4,0.07982943,0.4455930888652801,0.062931076,1,1,0,0,0,1,0,1
109-12,109,12,3,1,0,0.7202366292476654,0.2797633707523346,0,1,4,3,4,0.16197728,0.4455930888652801,0.079060435,1,1,0,0,0,1,0,1
110-0,110,0,3,0,0,0.3392729461193084,0.3392729461193084,0,0,5,2,4,0.15032732,0.4455930888652801,0.073748775,0,0,0,0,1,1,1,1
110-1,110,1,3,0,0,0.3392729461193084,0.3392729461193084,0,0,4,3,4,0.15989837,0.4455930888652801,0.07951376,0,0,0,0,1,1,1,1
110-2,110,2,3,0,0,0.3392729461193084,0.3392729461193084,0,0,4,2,4,0.042170826,0.4455930888652801,0.0237433,0,0,0,0,1,1,1,1
110-3,110,3,3,0,0,0.3392729461193084,0.3392729461193084,0,0,5,3,4,0.37811407,0.4455930888652801,0.15519264,0,0,0,0,1,1,1,1
110-4,110,4,3,0,0,0.3392729461193084,0.3392729461193084,0,0,4,3,3,0.08070194,0.4455930888652801,0.03860279,0,0,0,0,1,1,1,1
110-5,110,5,3,0,0,0.3392729461193084,0.3392729461193084,0,0,3,3,3,0.26487577,0.4455930888652801,0.16318393,0,0,0,0,1,1,1,1
110-6,110,6,3,0,0,0.3392729461193084,0.3392729461193084,0,0,4,3,2,0.039426357,0.4455930888652801,0.022512501,0,0,0,0,1,1,1,1
110-7,110,7,3,0,0,0.3392729461193084,0.3392729461193084,0,0,4,3,2,0.14492509,0.4455930888652801,0.07173281,0,0,0,0,1,1,1,1
110-8,110,8,3,0,0,0.3392729461193084,0.3392729461193084,0,0,3,3,2,0.05732253,0.4455930888652801,0.041702706,0,0,0,0,1,1,1,1
110-9,110,9,3,0,0,0.3392729461193084,0.3392729461193084,0,0,5,3,4,0.18134649,0.4455930888652801,0.079963684,0,0,0,0,1,1,1,1
110-10,110,10,3,0,0,0.3392729461193084,0.3392729461193084,0,0,4,3,4,0.035005886,0.4455930888652801,0.027231378,0,0,0,0,1,1,1,1
110-11,110,11,3,0,0,0.3392729461193084,0.3392729461193084,0,0,3,3,4,0.065637,0.4455930888652801,0.05718662,0,0,0,0,1,1,1,1
110-12,110,12,3,0,0,0.3392729461193084,0.3392729461193084,0,0,3,3,4,0.19216469,0.4455930888652801,0.09222462,0,0,0,0,1,1,1,1
111-0,111,0,1,0,0,0.7756208777427673,0.7756208777427673,1,1,5,2,4,0.3833497,0.486357569694519,0.15631527,0,1,0,0,0,1,0,1
111-1,111,1,1,0,0,0.7756208777427673,0.7756208777427673,1,1,4,3,4,0.4247425,0.486357569694519,0.1733003,0,1,0,0,0,1,0,1
111-2,111,2,1,0,0,0.7756208777427673,0.7756208777427673,1,1,4,3,4,0.2672002,0.486357569694519,0.109329514,0,1,0,0,0,1,0,1
111-3,111,3,1,0,0,0.7756208777427673,0.7756208777427673,1,1,4,4,4,0.2828989,0.486357569694519,0.124638475,0,1,0,0,0,1,0,1
111-4,111,4,1,0,0,0.7756208777427673,0.7756208777427673,1,1,4,4,3,0.11633534,0.486357569694519,0.05773269,0,1,0,0,0,1,0,1
111-5,111,5,1,0,0,0.7756208777427673,0.7756208777427673,1,1,4,3,3,0.16968831,0.486357569694519,0.06811104,0,1,0,0,0,1,0,1
111-6,111,6,1,0,0,0.7756208777427673,0.7756208777427673,1,1,4,3,2,0.124087766,0.486357569694519,0.05429927,0,1,0,0,0,1,0,1
111-7,111,7,1,0,0,0.7756208777427673,0.7756208777427673,1,1,5,2,2,0.17249712,0.486357569694519,0.07726166,0,1,0,0,0,1,0,1
111-8,111,8,1,0,0,0.7756208777427673,0.7756208777427673,1,1,2,3,2,0.15571769,0.486357569694519,0.07381059,0,1,0,0,0,1,0,1
111-9,111,9,1,0,0,0.7756208777427673,0.7756208777427673,1,1,4,3,4,0.4394566,0.486357569694519,0.17006758,0,1,0,0,0,1,0,1
111-10,111,10,1,0,0,0.7756208777427673,0.7756208777427673,1,1,2,2,4,0.052288495,0.486357569694519,0.033431686,0,1,0,0,0,1,0,1
111-11,111,11,1,0,0,0.7756208777427673,0.7756208777427673,1,1,2,3,4,0.3030619,0.486357569694519,0.1428264,0,1,0,0,0,1,0,1
111-12,111,12,1,1,1,0.2243791222572326,0.7756208777427673,1,0,3,3,4,0.13625985,0.486357569694519,0.05526673,0,0,0,0,0,0,0,0
112-0,112,0,2,0,0,0.1130213364958763,0.1130213364958763,0,0,5,2,4,0.14349948,0.4492360949516296,0.056063343,0,0,0,0,1,1,1,1
112-1,112,1,2,0,0,0.1130213364958763,0.1130213364958763,0,0,4,3,4,0.30637494,0.4492360949516296,0.13359098,0,0,0,0,1,1,1,1
112-2,112,2,2,0,0,0.1130213364958763,0.1130213364958763,0,0,4,3,4,0.41256914,0.4492360949516296,0.17403337,0,0,0,0,1,1,1,1
112-3,112,3,2,0,0,0.1130213364958763,0.1130213364958763,0,0,4,4,4,0.42922595,0.4492360949516296,0.16612516,0,0,0,0,1,1,1,1
112-4,112,4,2,0,0,0.1130213364958763,0.1130213364958763,0,0,5,3,3,0.077244855,0.4492360949516296,0.03472888,0,0,0,0,1,1,1,1
112-5,112,5,2,0,0,0.1130213364958763,0.1130213364958763,0,0,3,4,3,0.16371952,0.4492360949516296,0.09200011,0,0,0,0,1,1,1,1
112-6,112,6,2,0,0,0.1130213364958763,0.1130213364958763,0,0,3,3,2,0.071286626,0.4492360949516296,0.035129342,0,0,0,0,1,1,1,1
112-7,112,7,2,0,0,0.1130213364958763,0.1130213364958763,0,0,5,3,2,0.09361679,0.4492360949516296,0.03963206,0,0,0,0,1,1,1,1
112-8,112,8,2,1,1,0.8869786635041237,0.1130213364958763,0,1,2,3,2,0.6129626,0.4492360949516296,0.30448297,0,1,1,0,1,0,1,1
112-9,112,9,2,0,0,0.1130213364958763,0.1130213364958763,0,0,4,3,4,0.41467273,0.4492360949516296,0.17972156,0,0,0,0,1,1,1,1
112-10,112,10,2,1,1,0.8869786635041237,0.1130213364958763,0,1,3,3,4,0.06567046,0.4492360949516296,0.031370156,0,1,0,0,1,0,1,0
112-11,112,11,2,0,0,0.1130213364958763,0.1130213364958763,0,0,2,3,4,0.06980025,0.4492360949516296,0.029020738,0,0,0,0,1,1,1,1
112-12,112,12,2,0,0,0.1130213364958763,0.1130213364958763,0,0,3,3,4,0.19378003,0.4492360949516296,0.071154885,0,0,0,0,1,1,1,1
113-0,113,0,5,0,0,0.0040920008905231,0.0040920008905231,0,0,5,2,4,0.020461597,0.372329980134964,0.010973727,0,0,0,0,1,1,1,1
113-1,113,1,5,0,0,0.0040920008905231,0.0040920008905231,0,0,4,3,4,0.05782668,0.372329980134964,0.022977456,0,0,0,0,1,1,1,1
113-2,113,2,5,0,0,0.0040920008905231,0.0040920008905231,0,0,5,2,4,0.012008442,0.372329980134964,0.0076276395,0,0,0,0,1,1,1,1
113-3,113,3,5,0,0,0.0040920008905231,0.0040920008905231,0,0,5,2,4,0.060939495,0.372329980134964,0.036590364,0,0,0,0,1,1,1,1
113-4,113,4,5,0,0,0.0040920008905231,0.0040920008905231,0,0,5,2,3,0.017107153,0.372329980134964,0.013597134,0,0,0,0,1,1,1,1
113-5,113,5,5,0,0,0.0040920008905231,0.0040920008905231,0,0,5,2,3,0.0050069955,0.372329980134964,0.003913617,0,0,0,0,1,1,1,1
113-6,113,6,5,0,0,0.0040920008905231,0.0040920008905231,0,0,2,3,2,0.08183747,0.372329980134964,0.054296754,0,0,0,0,1,1,1,1
113-7,113,7,5,0,0,0.0040920008905231,0.0040920008905231,0,0,5,2,2,0.049475443,0.372329980134964,0.022780212,0,0,0,0,1,1,1,1
113-8,113,8,5,0,0,0.0040920008905231,0.0040920008905231,0,0,4,3,2,0.023352243,0.372329980134964,0.0092505505,0,0,0,0,1,1,1,1
113-9,113,9,5,0,0,0.0040920008905231,0.0040920008905231,0,0,5,1,4,0.056187436,0.372329980134964,0.025343942,0,0,0,0,1,1,1,1
113-10,113,10,5,1,1,0.9959079991094768,0.0040920008905231,0,1,3,3,4,0.042671386,0.372329980134964,0.06151485,0,1,0,0,1,0,1,0
113-11,113,11,5,0,0,0.0040920008905231,0.0040920008905231,0,0,3,3,4,0.013529475,0.372329980134964,0.008567585,0,0,0,0,1,1,1,1
113-12,113,12,5,0,0,0.0040920008905231,0.0040920008905231,0,0,4,2,4,0.044550978,0.372329980134964,0.016758448,0,0,0,0,1,1,1,1
114-0,114,0,2,1,0,0.8550845682621003,0.1449154317378997,0,1,5,2,4,0.14079654,0.4492360949516296,0.06914941,1,1,0,0,0,1,0,1
114-1,114,1,2,1,0,0.8550845682621003,0.1449154317378997,0,1,4,3,4,0.33052188,0.4492360949516296,0.17809844,1,1,0,0,0,1,0,1
114-2,114,2,2,1,0,0.8550845682621003,0.1449154317378997,0,1,4,3,4,0.4670121,0.4492360949516296,0.22454786,1,1,0,0,0,1,0,1
114-3,114,3,2,1,0,0.8550845682621003,0.1449154317378997,0,1,5,2,4,0.3566707,0.4492360949516296,0.14277431,1,1,0,0,0,1,0,1
114-4,114,4,2,1,0,0.8550845682621003,0.1449154317378997,0,1,5,3,3,0.09420886,0.4492360949516296,0.039762314,1,1,0,0,0,1,0,1
114-5,114,5,2,1,0,0.8550845682621003,0.1449154317378997,0,1,4,4,3,0.17234786,0.4492360949516296,0.10589559,1,1,0,0,0,1,0,1
114-6,114,6,2,1,0,0.8550845682621003,0.1449154317378997,0,1,4,2,2,0.04758101,0.4492360949516296,0.026971946,1,1,0,0,0,1,0,1
114-7,114,7,2,1,0,0.8550845682621003,0.1449154317378997,0,1,5,3,2,0.09877424,0.4492360949516296,0.04898615,1,1,0,0,0,1,0,1
114-8,114,8,2,0,1,0.1449154317378997,0.1449154317378997,0,0,3,3,2,0.39090365,0.4492360949516296,0.14904876,1,0,0,0,0,0,0,0
114-9,114,9,2,1,0,0.8550845682621003,0.1449154317378997,0,1,4,4,4,0.4720941,0.4492360949516296,0.24058577,1,1,0,0,0,1,0,1
114-10,114,10,2,1,0,0.8550845682621003,0.1449154317378997,0,1,3,3,4,0.05368664,0.4492360949516296,0.02892462,1,1,0,0,0,1,0,1
114-11,114,11,2,1,0,0.8550845682621003,0.1449154317378997,0,1,3,3,4,0.05585053,0.4492360949516296,0.02950035,1,1,0,0,0,1,0,1
114-12,114,12,2,1,0,0.8550845682621003,0.1449154317378997,0,1,4,3,4,0.18343173,0.4492360949516296,0.08574368,1,1,0,0,0,1,0,1
115-0,115,0,3,0,0,0.5742547512054443,0.5742547512054443,1,1,5,2,4,0.1548069,0.4455930888652801,0.077105924,0,1,0,0,0,1,0,1
115-1,115,1,3,0,0,0.5742547512054443,0.5742547512054443,1,1,4,3,4,0.1659948,0.4455930888652801,0.081492394,0,1,0,0,0,1,0,1
115-2,115,2,3,0,0,0.5742547512054443,0.5742547512054443,1,1,4,2,4,0.04244073,0.4455930888652801,0.024593132,0,1,0,0,0,1,0,1
115-3,115,3,3,0,0,0.5742547512054443,0.5742547512054443,1,1,5,4,4,0.39850643,0.4455930888652801,0.16155672,0,1,0,0,0,1,0,1
115-4,115,4,3,0,0,0.5742547512054443,0.5742547512054443,1,1,5,3,3,0.05447606,0.4455930888652801,0.023746328,0,1,0,0,0,1,0,1
115-5,115,5,3,0,0,0.5742547512054443,0.5742547512054443,1,1,5,2,3,0.15193523,0.4455930888652801,0.08747231,0,1,0,0,0,1,0,1
115-6,115,6,3,0,0,0.5742547512054443,0.5742547512054443,1,1,4,3,2,0.039851382,0.4455930888652801,0.022854347,0,1,0,0,0,1,0,1
115-7,115,7,3,0,0,0.5742547512054443,0.5742547512054443,1,1,5,2,2,0.106301226,0.4455930888652801,0.042777557,0,1,0,0,0,1,0,1
115-8,115,8,3,0,0,0.5742547512054443,0.5742547512054443,1,1,3,3,2,0.059700616,0.4455930888652801,0.043849006,0,1,0,0,0,1,0,1
115-9,115,9,3,0,0,0.5742547512054443,0.5742547512054443,1,1,5,1,4,0.1444988,0.4455930888652801,0.069992326,0,1,0,0,0,1,0,1
115-10,115,10,3,0,0,0.5742547512054443,0.5742547512054443,1,1,3,2,4,0.04462926,0.4455930888652801,0.033347726,0,1,0,0,0,1,0,1
115-11,115,11,3,0,0,0.5742547512054443,0.5742547512054443,1,1,3,3,4,0.07053391,0.4455930888652801,0.060556863,0,1,0,0,0,1,0,1
115-12,115,12,3,0,0,0.5742547512054443,0.5742547512054443,1,1,4,3,4,0.16060323,0.4455930888652801,0.080290824,0,1,0,0,0,1,0,1
116-0,116,0,1,0,1,0.574005663394928,0.574005663394928,1,1,4,4,4,0.5695971,0.486357569694519,0.29678896,1,1,1,0,1,0,1,1
116-1,116,1,1,0,1,0.574005663394928,0.574005663394928,1,1,2,4,4,0.6171364,0.486357569694519,0.33844194,1,1,1,0,1,0,1,1
116-2,116,2,1,0,1,0.574005663394928,0.574005663394928,1,1,1,3,4,0.43634814,0.486357569694519,0.23702188,1,1,0,0,1,0,1,0
116-3,116,3,1,1,0,0.425994336605072,0.574005663394928,1,0,3,4,4,0.20268047,0.486357569694519,0.09196284,1,0,0,0,1,1,1,1
116-4,116,4,1,1,0,0.425994336605072,0.574005663394928,1,0,3,4,3,0.0747524,0.486357569694519,0.04303315,1,0,0,0,1,1,1,1
116-5,116,5,1,1,0,0.425994336605072,0.574005663394928,1,0,1,4,3,0.10266164,0.486357569694519,0.053214565,1,0,0,0,1,1,1,1
116-6,116,6,1,0,1,0.574005663394928,0.574005663394928,1,1,1,4,2,0.23399018,0.486357569694519,0.12301039,1,1,0,0,1,0,1,0
116-7,116,7,1,1,0,0.425994336605072,0.574005663394928,1,0,4,4,2,0.123812065,0.486357569694519,0.05727242,1,0,0,0,1,1,1,1
116-8,116,8,1,0,1,0.574005663394928,0.574005663394928,1,1,1,3,2,0.2218232,0.486357569694519,0.11968084,1,1,0,0,1,0,1,0
116-9,116,9,1,1,0,0.425994336605072,0.574005663394928,1,0,1,4,4,0.30665573,0.486357569694519,0.14506409,1,0,0,0,1,1,1,1
116-10,116,10,1,0,1,0.574005663394928,0.574005663394928,1,1,1,3,4,0.08641374,0.486357569694519,0.060768187,1,1,0,0,1,0,1,0
116-11,116,11,1,1,0,0.425994336605072,0.574005663394928,1,0,1,3,4,0.15110914,0.486357569694519,0.079167224,1,0,0,0,1,1,1,1
116-12,116,12,1,0,1,0.574005663394928,0.574005663394928,1,1,1,4,4,0.33531702,0.486357569694519,0.18692522,1,1,0,0,1,0,1,0
117-0,117,0,2,1,0,0.0487834811210632,0.9512165188789368,1,0,5,2,4,0.051511563,0.4492360949516296,0.020613937,1,0,0,0,1,1,1,1
117-1,117,1,2,1,0,0.0487834811210632,0.9512165188789368,1,0,3,3,4,0.1162103,0.4492360949516296,0.04950962,1,0,0,0,1,1,1,1
117-2,117,2,2,1,0,0.0487834811210632,0.9512165188789368,1,0,3,4,4,0.16226737,0.4492360949516296,0.06501598,1,0,0,0,1,1,1,1
117-3,117,3,2,1,0,0.0487834811210632,0.9512165188789368,1,0,5,1,4,0.11315271,0.4492360949516296,0.03859695,1,0,0,0,1,1,1,1
117-4,117,4,2,1,0,0.0487834811210632,0.9512165188789368,1,0,4,4,3,0.029993922,0.4492360949516296,0.016509624,1,0,0,0,1,1,1,1
117-5,117,5,2,1,0,0.0487834811210632,0.9512165188789368,1,0,4,4,3,0.03837891,0.4492360949516296,0.024474258,1,0,0,0,1,1,1,1
117-6,117,6,2,1,0,0.0487834811210632,0.9512165188789368,1,0,4,3,2,0.021875262,0.4492360949516296,0.009629604,1,0,0,0,1,1,1,1
117-7,117,7,2,1,0,0.0487834811210632,0.9512165188789368,1,0,4,3,2,0.034937434,0.4492360949516296,0.01723886,1,0,0,0,1,1,1,1
117-8,117,8,2,1,0,0.0487834811210632,0.9512165188789368,1,0,3,3,2,0.15655816,0.4492360949516296,0.058240127,1,0,0,0,1,1,1,1
117-9,117,9,2,1,0,0.0487834811210632,0.9512165188789368,1,0,5,3,4,0.14012143,0.4492360949516296,0.055585187,1,0,0,0,1,1,1,1
117-10,117,10,2,1,0,0.0487834811210632,0.9512165188789368,1,0,4,2,4,0.01350316,0.4492360949516296,0.0064415834,1,0,0,0,1,1,1,1
117-11,117,11,2,1,0,0.0487834811210632,0.9512165188789368,1,0,3,3,4,0.01661233,0.4492360949516296,0.0072084945,1,0,0,0,1,1,1,1
117-12,117,12,2,1,0,0.0487834811210632,0.9512165188789368,1,0,4,3,4,0.049193658,0.4492360949516296,0.019386053,1,0,0,0,1,1,1,1
118-0,118,0,4,0,0,0.0240485668182373,0.0240485668182373,0,0,5,2,4,0.02941616,0.5368138551712036,0.010178877,0,0,0,0,1,1,1,1
118-1,118,1,4,0,0,0.0240485668182373,0.0240485668182373,0,0,4,3,4,0.050083544,0.5368138551712036,0.019549418,0,0,0,0,1,1,1,1
118-2,118,2,4,0,0,0.0240485668182373,0.0240485668182373,0,0,4,3,4,0.16279648,0.5368138551712036,0.049572706,0,0,0,0,1,1,1,1
118-3,118,3,4,1,1,0.9759514331817628,0.0240485668182373,0,1,4,4,4,0.61796695,0.5368138551712036,0.34347585,0,1,1,0,1,0,1,1
118-4,118,4,4,0,0,0.0240485668182373,0.0240485668182373,0,0,5,3,3,0.01768654,0.5368138551712036,0.00763858,0,0,0,0,1,1,1,1
118-5,118,5,4,0,0,0.0240485668182373,0.0240485668182373,0,0,4,3,3,0.019988855,0.5368138551712036,0.011510325,0,0,0,0,1,1,1,1
118-6,118,6,4,0,0,0.0240485668182373,0.0240485668182373,0,0,4,3,2,0.045959882,0.5368138551712036,0.016418573,0,0,0,0,1,1,1,1
118-7,118,7,4,0,0,0.0240485668182373,0.0240485668182373,0,0,4,3,2,0.044980206,0.5368138551712036,0.019169744,0,0,0,0,1,1,1,1
118-8,118,8,4,1,1,0.9759514331817628,0.0240485668182373,0,1,2,3,2,0.5845376,0.5368138551712036,0.39789572,0,1,1,0,1,0,1,1
118-9,118,9,4,0,0,0.0240485668182373,0.0240485668182373,0,0,5,1,4,0.087179475,0.5368138551712036,0.03094427,0,0,0,0,1,1,1,1
118-10,118,10,4,0,0,0.0240485668182373,0.0240485668182373,0,0,3,1,4,0.02103013,0.5368138551712036,0.007374191,0,0,0,0,1,1,1,1
118-11,118,11,4,0,0,0.0240485668182373,0.0240485668182373,0,0,3,3,4,0.061491836,0.5368138551712036,0.02384278,0,0,0,0,1,1,1,1
118-12,118,12,4,0,0,0.0240485668182373,0.0240485668182373,0,0,4,2,4,0.04954799,0.5368138551712036,0.018065372,0,0,0,0,1,1,1,1
119-0,119,0,1,0,0,0.6259115934371948,0.6259115934371948,1,1,5,2,4,0.44540045,0.486357569694519,0.20025358,0,1,0,0,0,1,0,1
119-1,119,1,1,0,0,0.6259115934371948,0.6259115934371948,1,1,4,3,4,0.48393953,0.486357569694519,0.21488234,0,1,0,0,0,1,0,1
119-2,119,2,1,0,0,0.6259115934371948,0.6259115934371948,1,1,5,2,4,0.2679364,0.486357569694519,0.11325263,0,1,0,0,0,1,0,1
119-3,119,3,1,0,0,0.6259115934371948,0.6259115934371948,1,1,4,4,4,0.33379814,0.486357569694519,0.15557487,0,1,0,0,0,1,0,1
119-4,119,4,1,0,0,0.6259115934371948,0.6259115934371948,1,1,4,4,3,0.14325303,0.486357569694519,0.07262448,0,1,0,0,0,1,0,1
119-5,119,5,1,0,0,0.6259115934371948,0.6259115934371948,1,1,4,3,3,0.20607188,0.486357569694519,0.08809489,0,1,0,0,0,1,0,1
119-6,119,6,1,0,0,0.6259115934371948,0.6259115934371948,1,1,4,3,2,0.15136464,0.486357569694519,0.06973658,0,1,0,0,0,1,0,1
119-7,119,7,1,0,0,0.6259115934371948,0.6259115934371948,1,1,5,2,2,0.21216069,0.486357569694519,0.10165638,0,1,0,0,0,1,0,1
119-8,119,8,1,0,0,0.6259115934371948,0.6259115934371948,1,1,3,3,2,0.14314081,0.486357569694519,0.067893915,0,1,0,0,0,1,0,1
119-9,119,9,1,0,0,0.6259115934371948,0.6259115934371948,1,1,3,3,4,0.5719245,0.486357569694519,0.25777,0,1,1,0,0,1,0,0
119-10,119,10,1,0,0,0.6259115934371948,0.6259115934371948,1,1,4,1,4,0.04629368,0.486357569694519,0.030458923,0,1,0,0,0,1,0,1
119-11,119,11,1,0,0,0.6259115934371948,0.6259115934371948,1,1,3,3,4,0.3293495,0.486357569694519,0.1524715,0,1,0,0,0,1,0,1
119-12,119,12,1,0,0,0.6259115934371948,0.6259115934371948,1,1,3,3,4,0.25114623,0.486357569694519,0.12456225,0,1,0,0,0,1,0,1
120-0,120,0,3,1,0,0.0361632108688354,0.9638367891311646,1,0,5,2,4,0.07333445,0.4455930888652801,0.03768718,1,0,0,0,1,1,1,1
120-1,120,1,3,0,1,0.9638367891311646,0.9638367891311646,1,1,3,3,4,0.2499054,0.4455930888652801,0.1271343,1,1,0,0,1,0,1,0
120-2,120,2,3,0,1,0.9638367891311646,0.9638367891311646,1,1,4,3,4,0.058035713,0.4455930888652801,0.030704392,1,1,0,0,1,0,1,0
120-3,120,3,3,1,0,0.0361632108688354,0.9638367891311646,1,0,4,3,4,0.24508397,0.4455930888652801,0.098361306,1,0,0,0,1,1,1,1
120-4,120,4,3,0,1,0.9638367891311646,0.9638367891311646,1,1,4,4,3,0.1195626,0.4455930888652801,0.052030087,1,1,0,0,1,0,1,0
120-5,120,5,3,1,0,0.0361632108688354,0.9638367891311646,1,0,4,4,3,0.09676681,0.4455930888652801,0.0558385,1,0,0,0,1,1,1,1
120-6,120,6,3,1,0,0.0361632108688354,0.9638367891311646,1,0,4,3,2,0.017439658,0.4455930888652801,0.0099724345,1,0,0,0,1,1,1,1
120-7,120,7,3,1,0,0.0361632108688354,0.9638367891311646,1,0,4,3,2,0.05546252,0.4455930888652801,0.02783415,1,0,0,0,1,1,1,1
120-8,120,8,3,1,0,0.0361632108688354,0.9638367891311646,1,0,3,3,2,0.019509226,0.4455930888652801,0.01640014,1,0,0,0,1,1,1,1
120-9,120,9,3,1,0,0.0361632108688354,0.9638367891311646,1,0,5,3,4,0.09357362,0.4455930888652801,0.040306296,1,0,0,0,1,1,1,1
120-10,120,10,3,1,0,0.0361632108688354,0.9638367891311646,1,0,3,4,4,0.031313784,0.4455930888652801,0.013883945,1,0,0,0,1,1,1,1
120-11,120,11,3,1,0,0.0361632108688354,0.9638367891311646,1,0,3,3,4,0.021227485,0.4455930888652801,0.020100348,1,0,0,0,1,1,1,1
120-12,120,12,3,1,0,0.0361632108688354,0.9638367891311646,1,0,3,3,4,0.073837,0.4455930888652801,0.032590896,1,0,0,0,1,1,1,1
121-0,121,0,2,1,0,0.0757454633712768,0.9242545366287231,1,0,5,2,4,0.08425145,0.4492360949516296,0.032871034,1,0,0,0,1,1,1,1
121-1,121,1,2,1,0,0.0757454633712768,0.9242545366287231,1,0,4,3,4,0.17013597,0.4492360949516296,0.07774013,1,0,0,0,1,1,1,1
121-2,121,2,2,1,0,0.0757454633712768,0.9242545366287231,1,0,4,3,4,0.23657899,0.4492360949516296,0.10022634,1,0,0,0,1,1,1,1
121-3,121,3,2,1,0,0.0757454633712768,0.9242545366287231,1,0,4,3,4,0.249144,0.4492360949516296,0.09528501,1,0,0,0,1,1,1,1
121-4,121,4,2,1,0,0.0757454633712768,0.9242545366287231,1,0,4,4,3,0.053056136,0.4492360949516296,0.028606549,1,0,0,0,1,1,1,1
121-5,121,5,2,1,0,0.0757454633712768,0.9242545366287231,1,0,4,4,3,0.070060626,0.4492360949516296,0.04346428,1,0,0,0,1,1,1,1
121-6,121,6,2,1,0,0.0757454633712768,0.9242545366287231,1,0,4,2,2,0.038457878,0.4492360949516296,0.01599068,1,0,0,0,1,1,1,1
121-7,121,7,2,1,0,0.0757454633712768,0.9242545366287231,1,0,4,4,2,0.06740843,0.4492360949516296,0.031336833,1,0,0,0,1,1,1,1
121-8,121,8,2,1,0,0.0757454633712768,0.9242545366287231,1,0,4,3,2,0.2498615,0.4492360949516296,0.10109083,1,0,0,0,1,1,1,1
121-9,121,9,2,1,0,0.0757454633712768,0.9242545366287231,1,0,4,3,4,0.27582806,0.4492360949516296,0.119944,1,0,0,0,1,1,1,1
121-10,121,10,2,1,0,0.0757454633712768,0.9242545366287231,1,0,4,2,4,0.023388349,0.4492360949516296,0.0108415885,1,0,0,0,1,1,1,1
121-11,121,11,2,1,0,0.0757454633712768,0.9242545366287231,1,0,3,3,4,0.029485255,0.4492360949516296,0.013401434,1,0,0,0,1,1,1,1
121-12,121,12,2,1,0,0.0757454633712768,0.9242545366287231,1,0,4,3,4,0.088977,0.4492360949516296,0.03456796,1,0,0,0,1,1,1,1
122-0,122,0,5,1,0,0.2329860925674438,0.7670139074325562,1,0,5,2,4,0.027681459,0.372329980134964,0.009856621,1,0,0,0,1,1,1,1
122-1,122,1,5,1,0,0.2329860925674438,0.7670139074325562,1,0,4,3,4,0.08757596,0.372329980134964,0.028786661,1,0,0,0,1,1,1,1
122-2,122,2,5,1,0,0.2329860925674438,0.7670139074325562,1,0,4,3,4,0.015886296,0.372329980134964,0.008157888,1,0,0,0,1,1,1,1
122-3,122,3,5,1,0,0.2329860925674438,0.7670139074325562,1,0,5,1,4,0.070718795,0.372329980134964,0.031199694,1,0,0,0,1,1,1,1
122-4,122,4,5,1,0,0.2329860925674438,0.7670139074325562,1,0,4,4,3,0.028087081,0.372329980134964,0.016013805,1,0,0,0,1,1,1,1
122-5,122,5,5,1,0,0.2329860925674438,0.7670139074325562,1,0,4,4,3,0.007514499,0.372329980134964,0.004395975,1,0,0,0,1,1,1,1
122-6,122,6,5,1,0,0.2329860925674438,0.7670139074325562,1,0,4,3,2,0.094801776,0.372329980134964,0.042718153,1,0,0,0,1,1,1,1
122-7,122,7,5,1,0,0.2329860925674438,0.7670139074325562,1,0,4,3,2,0.07309992,0.372329980134964,0.022387406,1,0,0,0,1,1,1,1
122-8,122,8,5,1,0,0.2329860925674438,0.7670139074325562,1,0,3,3,2,0.038439542,0.372329980134964,0.010540394,1,0,0,0,1,1,1,1
122-9,122,9,5,1,0,0.2329860925674438,0.7670139074325562,1,0,4,2,4,0.0891854,0.372329980134964,0.02898395,1,0,0,0,1,1,1,1
122-10,122,10,5,1,0,0.2329860925674438,0.7670139074325562,1,0,4,2,4,0.006861158,0.372329980134964,0.0044807508,1,0,0,0,1,1,1,1
122-11,122,11,5,1,0,0.2329860925674438,0.7670139074325562,1,0,3,3,4,0.018769061,0.372329980134964,0.009849912,1,0,0,0,1,1,1,1
122-12,122,12,5,1,0,0.2329860925674438,0.7670139074325562,1,0,3,3,4,0.08417535,0.372329980134964,0.024996277,1,0,0,0,1,1,1,1
123-0,123,0,5,1,0,0.9644419588148594,0.0355580411851406,0,1,5,2,4,0.25695083,0.372329980134964,0.19910274,1,1,0,0,0,1,0,1
123-1,123,1,5,1,0,0.9644419588148594,0.0355580411851406,0,1,4,3,4,0.61553997,0.372329980134964,0.45283112,1,1,1,0,0,1,0,0
123-2,123,2,5,1,0,0.9644419588148594,0.0355580411851406,0,1,4,2,4,0.2284497,0.372329980134964,0.17958876,1,1,0,0,0,1,0,1
123-3,123,3,5,1,0,0.9644419588148594,0.0355580411851406,0,1,5,1,4,0.49714655,0.372329980134964,0.44583696,1,1,0,0,0,1,0,1
123-4,123,4,5,1,0,0.9644419588148594,0.0355580411851406,0,1,5,4,3,0.31323868,0.372329980134964,0.28189316,1,1,0,0,0,1,0,1
123-5,123,5,5,1,0,0.9644419588148594,0.0355580411851406,0,1,4,3,3,0.03268734,0.372329980134964,0.055135276,1,1,0,0,0,1,0,1
123-6,123,6,5,1,0,0.9644419588148594,0.0355580411851406,0,1,4,2,2,0.69562095,0.372329980134964,0.5904041,1,1,1,1,0,1,0,0
123-7,123,7,5,1,0,0.9644419588148594,0.0355580411851406,0,1,4,3,2,0.6314301,0.372329980134964,0.43042624,1,1,1,0,0,1,0,0
123-8,123,8,5,1,0,0.9644419588148594,0.0355580411851406,0,1,3,3,2,0.40879112,0.372329980134964,0.23986761,1,1,0,0,0,1,0,1
123-9,123,9,5,1,0,0.9644419588148594,0.0355580411851406,0,1,4,3,4,0.6206383,0.372329980134964,0.4605392,1,1,1,0,0,1,0,0
123-10,123,10,5,1,0,0.9644419588148594,0.0355580411851406,0,1,5,1,4,0.022879215,0.372329980134964,0.03940044,1,1,0,0,0,1,0,1
123-11,123,11,5,1,0,0.9644419588148594,0.0355580411851406,0,1,3,3,4,0.2661963,0.372329980134964,0.21954252,1,1,0,0,0,1,0,1
123-12,123,12,5,1,0,0.9644419588148594,0.0355580411851406,0,1,4,2,4,0.50023687,0.372329980134964,0.32517898,1,1,1,0,0,1,0,0
124-0,124,0,3,1,0,0.5201303064823151,0.4798696935176849,0,1,4,4,4,0.20861886,0.4455930888652801,0.11051819,1,1,0,0,0,1,0,1
124-1,124,1,3,1,0,0.5201303064823151,0.4798696935176849,0,1,4,3,4,0.14753023,0.4455930888652801,0.06925979,1,1,0,0,0,1,0,1
124-2,124,2,3,1,0,0.5201303064823151,0.4798696935176849,0,1,1,3,4,0.04515189,0.4455930888652801,0.033444464,1,1,0,0,0,1,0,1
124-3,124,3,3,1,0,0.5201303064823151,0.4798696935176849,0,1,5,2,4,0.35544142,0.4455930888652801,0.15241775,1,1,0,0,0,1,0,1
124-4,124,4,3,1,0,0.5201303064823151,0.4798696935176849,0,1,5,4,3,0.051618706,0.4455930888652801,0.023689074,1,1,0,0,0,1,0,1
124-5,124,5,3,1,0,0.5201303064823151,0.4798696935176849,0,1,3,4,3,0.22113211,0.4455930888652801,0.1581355,1,1,0,0,0,1,0,1
124-6,124,6,3,1,0,0.5201303064823151,0.4798696935176849,0,1,2,4,2,0.045524325,0.4455930888652801,0.032952677,1,1,0,0,0,1,0,1
124-7,124,7,3,1,0,0.5201303064823151,0.4798696935176849,0,1,4,4,2,0.13293697,0.4455930888652801,0.063994445,1,1,0,0,0,1,0,1
124-8,124,8,3,1,0,0.5201303064823151,0.4798696935176849,0,1,3,3,2,0.042265616,0.4455930888652801,0.037358925,1,1,0,0,0,1,0,1
124-9,124,9,3,1,0,0.5201303064823151,0.4798696935176849,0,1,3,4,4,0.26848122,0.4455930888652801,0.14147604,1,1,0,0,0,1,0,1
124-10,124,10,3,1,0,0.5201303064823151,0.4798696935176849,0,1,2,4,4,0.038282253,0.4455930888652801,0.037417807,1,1,0,0,0,1,0,1
124-11,124,11,3,1,0,0.5201303064823151,0.4798696935176849,0,1,2,4,4,0.059079237,0.4455930888652801,0.06374874,1,1,0,0,0,1,0,1
124-12,124,12,3,1,0,0.5201303064823151,0.4798696935176849,0,1,2,4,4,0.17682417,0.4455930888652801,0.109883346,1,1,0,0,0,1,0,1
125-0,125,0,5,0,1,0.858193039894104,0.858193039894104,1,1,5,2,4,0.14775564,0.372329980134964,0.08245482,1,1,0,0,1,0,1,0
125-1,125,1,5,0,1,0.858193039894104,0.858193039894104,1,1,4,3,4,0.4489117,0.372329980134964,0.23672776,1,1,0,0,1,0,1,0
125-2,125,2,5,0,1,0.858193039894104,0.858193039894104,1,1,4,3,4,0.113894105,0.372329980134964,0.073185645,1,1,0,0,1,0,1,0
125-3,125,3,5,0,1,0.858193039894104,0.858193039894104,1,1,5,2,4,0.29839432,0.372329980134964,0.2174152,1,1,0,0,1,0,1,0
125-4,125,4,5,0,1,0.858193039894104,0.858193039894104,1,1,4,3,3,0.2116173,0.372329980134964,0.14741611,1,1,0,0,1,0,1,0
125-5,125,5,5,0,1,0.858193039894104,0.858193039894104,1,1,4,3,3,0.014970454,0.372329980134964,0.018135212,1,1,0,0,1,0,1,0
125-6,125,6,5,1,0,0.141806960105896,0.858193039894104,1,0,3,3,2,0.114338554,0.372329980134964,0.0494571,1,0,0,0,1,1,1,1
125-7,125,7,5,0,1,0.858193039894104,0.858193039894104,1,1,4,3,2,0.37331164,0.372329980134964,0.17848934,1,1,0,0,1,0,1,0
125-8,125,8,5,0,1,0.858193039894104,0.858193039894104,1,1,3,3,2,0.1952205,0.372329980134964,0.07791641,1,1,0,0,1,0,1,0
125-9,125,9,5,0,1,0.858193039894104,0.858193039894104,1,1,5,3,4,0.375697,0.372329980134964,0.17765638,1,1,0,0,1,0,1,0
125-10,125,10,5,1,0,0.141806960105896,0.858193039894104,1,0,3,3,4,0.009294444,0.372329980134964,0.0059195734,1,0,0,0,1,1,1,1
125-11,125,11,5,0,1,0.858193039894104,0.858193039894104,1,1,3,3,4,0.124438554,0.372329980134964,0.07427021,1,1,0,0,1,0,1,0
125-12,125,12,5,0,1,0.858193039894104,0.858193039894104,1,1,3,3,4,0.36708486,0.372329980134964,0.17152947,1,1,0,0,1,0,1,0
126-0,126,0,1,0,0,0.5830299258232117,0.5830299258232117,1,1,5,2,4,0.42146942,0.486357569694519,0.22486947,0,1,0,0,0,1,0,1
126-1,126,1,1,0,0,0.5830299258232117,0.5830299258232117,1,1,4,3,4,0.4361603,0.486357569694519,0.22523206,0,1,0,0,0,1,0,1
126-2,126,2,1,0,0,0.5830299258232117,0.5830299258232117,1,1,4,2,4,0.27622494,0.486357569694519,0.14459726,0,1,0,0,0,1,0,1
126-3,126,3,1,0,0,0.5830299258232117,0.5830299258232117,1,1,5,1,4,0.24639048,0.486357569694519,0.13803512,0,1,0,0,0,1,0,1
126-4,126,4,1,0,0,0.5830299258232117,0.5830299258232117,1,1,5,2,3,0.10874238,0.486357569694519,0.067634605,0,1,0,0,0,1,0,1
126-5,126,5,1,0,0,0.5830299258232117,0.5830299258232117,1,1,4,3,3,0.18482909,0.486357569694519,0.09698731,0,1,0,0,0,1,0,1
126-6,126,6,1,0,0,0.5830299258232117,0.5830299258232117,1,1,4,3,2,0.13237253,0.486357569694519,0.07543748,0,1,0,0,0,1,0,1
126-7,126,7,1,0,0,0.5830299258232117,0.5830299258232117,1,1,4,2,2,0.24766524,0.486357569694519,0.12634206,0,1,0,0,0,1,0,1
126-8,126,8,1,0,0,0.5830299258232117,0.5830299258232117,1,1,3,3,2,0.12769951,0.486357569694519,0.07345609,0,1,0,0,0,1,0,1
126-9,126,9,1,0,0,0.5830299258232117,0.5830299258232117,1,1,5,1,4,0.38441953,0.486357569694519,0.1833334,0,1,0,0,0,1,0,1
126-10,126,10,1,0,0,0.5830299258232117,0.5830299258232117,1,1,4,2,4,0.044272203,0.486357569694519,0.034783598,0,1,0,0,0,1,0,1
126-11,126,11,1,0,0,0.5830299258232117,0.5830299258232117,1,1,3,3,4,0.3026949,0.486357569694519,0.16374542,0,1,0,0,0,1,0,1
126-12,126,12,1,0,0,0.5830299258232117,0.5830299258232117,1,1,4,2,4,0.1838124,0.486357569694519,0.11023365,0,1,0,0,0,1,0,1
127-0,127,0,2,0,0,0.6737674474716187,0.6737674474716187,1,1,4,3,4,0.23134728,0.4492360949516296,0.100727044,0,1,0,0,0,1,0,1
127-1,127,1,2,0,0,0.6737674474716187,0.6737674474716187,1,1,4,3,4,0.35085166,0.4492360949516296,0.17866318,0,1,0,0,0,1,0,1
127-2,127,2,2,0,0,0.6737674474716187,0.6737674474716187,1,1,4,4,4,0.47727358,0.4492360949516296,0.20807065,0,1,0,0,0,1,0,1
127-3,127,3,2,0,0,0.6737674474716187,0.6737674474716187,1,1,5,3,4,0.40889984,0.4492360949516296,0.15579887,0,1,0,0,0,1,0,1
127-4,127,4,2,0,0,0.6737674474716187,0.6737674474716187,1,1,4,3,3,0.15651056,0.4492360949516296,0.063242234,0,1,0,0,0,1,0,1
127-5,127,5,2,0,0,0.6737674474716187,0.6737674474716187,1,1,4,3,3,0.1869447,0.4492360949516296,0.10708393,0,1,0,0,0,1,0,1
127-6,127,6,2,0,0,0.6737674474716187,0.6737674474716187,1,1,4,3,2,0.051759392,0.4492360949516296,0.027380379,0,1,0,0,0,1,0,1
127-7,127,7,2,0,0,0.6737674474716187,0.6737674474716187,1,1,4,3,2,0.17674954,0.4492360949516296,0.075119995,0,1,0,0,0,1,0,1
127-8,127,8,2,1,1,0.3262325525283813,0.6737674474716187,1,0,2,3,2,0.28375673,0.4492360949516296,0.11359437,0,0,0,0,0,0,0,0
127-9,127,9,2,0,0,0.6737674474716187,0.6737674474716187,1,1,4,4,4,0.49706247,0.4492360949516296,0.23152944,0,1,0,0,0,1,0,1
127-10,127,10,2,0,0,0.6737674474716187,0.6737674474716187,1,1,4,1,4,0.040448558,0.4492360949516296,0.019336443,0,1,0,0,0,1,0,1
127-11,127,11,2,1,1,0.3262325525283813,0.6737674474716187,1,0,3,3,4,0.030720444,0.4492360949516296,0.0125000905,0,0,0,0,0,0,0,0
127-12,127,12,2,0,0,0.6737674474716187,0.6737674474716187,1,1,3,3,4,0.20432056,0.4492360949516296,0.092042364,0,1,0,0,0,1,0,1
128-0,128,0,5,0,0,0.935375452041626,0.935375452041626,1,1,5,2,4,0.08504215,0.372329980134964,0.03636643,0,1,0,0,0,1,0,1
128-1,128,1,5,0,0,0.935375452041626,0.935375452041626,1,1,4,3,4,0.30396518,0.372329980134964,0.11523798,0,1,0,0,0,1,0,1
128-2,128,2,5,0,0,0.935375452041626,0.935375452041626,1,1,5,2,4,0.04797594,0.372329980134964,0.02069297,0,1,0,0,0,1,0,1
128-3,128,3,5,0,0,0.935375452041626,0.935375452041626,1,1,4,3,4,0.24283408,0.372329980134964,0.15192781,0,1,0,0,0,1,0,1
128-4,128,4,5,0,0,0.935375452041626,0.935375452041626,1,1,5,2,3,0.09223054,0.372329980134964,0.04211486,0,1,0,0,0,1,0,1
128-5,128,5,5,0,0,0.935375452041626,0.935375452041626,1,1,4,3,3,0.008081921,0.372329980134964,0.00687858,0,1,0,0,0,1,0,1
128-6,128,6,5,0,0,0.935375452041626,0.935375452041626,1,1,4,2,2,0.29505536,0.372329980134964,0.13366418,0,1,0,0,0,1,0,1
128-7,128,7,5,0,0,0.935375452041626,0.935375452041626,1,1,5,2,2,0.16648068,0.372329980134964,0.053548515,0,1,0,0,0,1,0,1
128-8,128,8,5,0,0,0.935375452041626,0.935375452041626,1,1,3,3,2,0.11506567,0.372329980134964,0.032445587,0,1,0,0,0,1,0,1
128-9,128,9,5,0,0,0.935375452041626,0.935375452041626,1,1,5,2,4,0.24041317,0.372329980134964,0.08125662,0,1,0,0,0,1,0,1
128-10,128,10,5,0,0,0.935375452041626,0.935375452041626,1,1,4,2,4,0.0070950543,0.372329980134964,0.007506875,0,1,0,0,0,1,0,1
128-11,128,11,5,0,0,0.935375452041626,0.935375452041626,1,1,3,3,4,0.070799544,0.372329980134964,0.03402981,0,1,0,0,0,1,0,1
128-12,128,12,5,0,0,0.935375452041626,0.935375452041626,1,1,4,2,4,0.18301491,0.372329980134964,0.06764086,0,1,0,0,0,1,0,1
129-0,129,0,2,1,0,0.007887363433838,0.992112636566162,1,0,5,2,4,0.01610002,0.4492360949516296,0.008892578,1,0,0,0,1,1,1,1
129-1,129,1,2,0,1,0.992112636566162,0.992112636566162,1,1,4,3,4,0.67843854,0.4492360949516296,0.5894255,1,1,1,1,1,0,1,1
129-2,129,2,2,1,0,0.007887363433838,0.992112636566162,1,0,4,3,4,0.039178044,0.4492360949516296,0.020896494,1,0,0,0,1,1,1,1
129-3,129,3,2,1,0,0.007887363433838,0.992112636566162,1,0,4,4,4,0.041606884,0.4492360949516296,0.019681875,1,0,0,0,1,1,1,1
129-4,129,4,2,1,0,0.007887363433838,0.992112636566162,1,0,5,4,3,0.0071794954,0.4492360949516296,0.004756184,1,0,0,0,1,1,1,1
129-5,129,5,2,1,0,0.007887363433838,0.992112636566162,1,0,5,3,3,0.0071429485,0.4492360949516296,0.006268952,1,0,0,0,1,1,1,1
129-6,129,6,2,1,0,0.007887363433838,0.992112636566162,1,0,4,3,2,0.0069300155,0.4492360949516296,0.003668706,1,0,0,0,1,1,1,1
129-7,129,7,2,1,0,0.007887363433838,0.992112636566162,1,0,5,3,2,0.007881101,0.4492360949516296,0.005041823,1,0,0,0,1,1,1,1
129-8,129,8,2,1,0,0.007887363433838,0.992112636566162,1,0,3,3,2,0.046063732,0.4492360949516296,0.021292146,1,0,0,0,1,1,1,1
129-9,129,9,2,1,0,0.007887363433838,0.992112636566162,1,0,4,2,4,0.04835125,0.4492360949516296,0.024675302,1,0,0,0,1,1,1,1
129-10,129,10,2,1,0,0.007887363433838,0.992112636566162,1,0,3,3,4,0.004434868,0.4492360949516296,0.0026991514,1,0,0,0,1,1,1,1
129-11,129,11,2,1,0,0.007887363433838,0.992112636566162,1,0,3,3,4,0.0046233153,0.4492360949516296,0.0027543553,1,0,0,0,1,1,1,1
129-12,129,12,2,1,0,0.007887363433838,0.992112636566162,1,0,4,2,4,0.011950165,0.4492360949516296,0.0069883745,1,0,0,0,1,1,1,1
130-0,130,0,5,1,0,0.0013874769210816,0.9986125230789183,1,0,5,2,4,0.033145074,0.372329980134964,0.018235965,1,0,0,0,1,1,1,1
130-1,130,1,5,1,0,0.0013874769210816,0.9986125230789183,1,0,4,3,4,0.09804175,0.372329980134964,0.042833485,1,0,0,0,1,1,1,1
130-2,130,2,5,1,0,0.0013874769210816,0.9986125230789183,1,0,5,2,4,0.016055409,0.372329980134964,0.011861211,1,0,0,0,1,1,1,1
130-3,130,3,5,1,0,0.0013874769210816,0.9986125230789183,1,0,5,3,4,0.082971506,0.372329980134964,0.057696424,1,0,0,0,1,1,1,1
130-4,130,4,5,1,0,0.0013874769210816,0.9986125230789183,1,0,4,4,3,0.034777954,0.372329980134964,0.026289474,1,0,0,0,1,1,1,1
130-5,130,5,5,1,0,0.0013874769210816,0.9986125230789183,1,0,4,4,3,0.009351759,0.372329980134964,0.0072541228,1,0,0,0,1,1,1,1
130-6,130,6,5,1,0,0.0013874769210816,0.9986125230789183,1,0,4,3,2,0.13251634,0.372329980134964,0.07079515,1,0,0,0,1,1,1,1
130-7,130,7,5,1,0,0.0013874769210816,0.9986125230789183,1,0,4,4,2,0.10316492,0.372329980134964,0.038578242,1,0,0,0,1,1,1,1
130-8,130,8,5,1,0,0.0013874769210816,0.9986125230789183,1,0,3,3,2,0.047803763,0.372329980134964,0.017366841,1,0,0,0,1,1,1,1
130-9,130,9,5,1,0,0.0013874769210816,0.9986125230789183,1,0,4,3,4,0.09996829,0.372329980134964,0.04412538,1,0,0,0,1,1,1,1
130-10,130,10,5,1,0,0.0013874769210816,0.9986125230789183,1,0,2,3,4,0.011964068,0.372329980134964,0.0099106375,1,0,0,0,1,1,1,1
130-11,130,11,5,1,0,0.0013874769210816,0.9986125230789183,1,0,3,3,4,0.02128991,0.372329980134964,0.015518735,1,0,0,0,1,1,1,1
130-12,130,12,5,1,0,0.0013874769210816,0.9986125230789183,1,0,3,3,4,0.1033245,0.372329980134964,0.03903839,1,0,0,0,1,1,1,1
131-0,131,0,4,0,1,0.4187659025192261,0.4187659025192261,0,0,5,2,4,0.11242091,0.5368138551712036,0.04365398,1,0,0,0,0,0,0,0
131-1,131,1,4,0,1,0.4187659025192261,0.4187659025192261,0,0,4,3,4,0.2237376,0.5368138551712036,0.09089146,1,0,0,0,0,0,0,0
131-2,131,2,4,0,1,0.4187659025192261,0.4187659025192261,0,0,5,2,4,0.43520534,0.5368138551712036,0.15568282,1,0,0,0,0,0,0,0
131-3,131,3,4,0,1,0.4187659025192261,0.4187659025192261,0,0,5,1,4,0.26282373,0.5368138551712036,0.089624576,1,0,0,0,0,0,0,0
131-4,131,4,4,0,1,0.4187659025192261,0.4187659025192261,0,0,4,3,3,0.090214655,0.5368138551712036,0.04380218,1,0,0,0,0,0,0,0
131-5,131,5,4,0,1,0.4187659025192261,0.4187659025192261,0,0,4,3,3,0.10025686,0.5368138551712036,0.055165783,1,0,0,0,0,0,0,0
131-6,131,6,4,1,0,0.5812340974807739,0.4187659025192261,0,1,4,4,2,0.12717897,0.5368138551712036,0.047309004,1,1,0,0,0,1,0,1
131-7,131,7,4,0,1,0.4187659025192261,0.4187659025192261,0,0,4,2,2,0.19944066,0.5368138551712036,0.10007302,1,0,0,0,0,0,0,0
131-8,131,8,4,0,1,0.4187659025192261,0.4187659025192261,0,0,3,3,2,0.3016131,0.5368138551712036,0.15078169,1,0,0,0,0,0,0,0
131-9,131,9,4,0,1,0.4187659025192261,0.4187659025192261,0,0,5,2,4,0.3348207,0.5368138551712036,0.12992327,1,0,0,0,0,0,0,0
131-10,131,10,4,0,1,0.4187659025192261,0.4187659025192261,0,0,3,3,4,0.052505326,0.5368138551712036,0.034192465,1,0,0,0,0,0,0,0
131-11,131,11,4,0,1,0.4187659025192261,0.4187659025192261,0,0,3,3,4,0.24250957,0.5368138551712036,0.11515589,1,0,0,0,0,0,0,0
131-12,131,12,4,0,1,0.4187659025192261,0.4187659025192261,0,0,4,2,4,0.19181031,0.5368138551712036,0.090175584,1,0,0,0,0,0,0,0
132-0,132,0,3,0,0,0.1615854352712631,0.1615854352712631,0,0,5,2,4,0.11440833,0.4455930888652801,0.051681608,0,0,0,0,1,1,1,1
132-1,132,1,3,0,0,0.1615854352712631,0.1615854352712631,0,0,4,3,4,0.10273482,0.4455930888652801,0.044798683,0,0,0,0,1,1,1,1
132-2,132,2,3,0,0,0.1615854352712631,0.1615854352712631,0,0,3,3,4,0.03494275,0.4455930888652801,0.017786428,0,0,0,0,1,1,1,1
132-3,132,3,3,0,0,0.1615854352712631,0.1615854352712631,0,0,4,4,4,0.35838252,0.4455930888652801,0.14646737,0,0,0,0,1,1,1,1
132-4,132,4,3,1,1,0.8384145647287369,0.1615854352712631,0,1,4,4,3,0.09643745,0.4455930888652801,0.0435471,0,1,0,0,1,0,1,0
132-5,132,5,3,0,0,0.1615854352712631,0.1615854352712631,0,0,5,2,3,0.11527529,0.4455930888652801,0.056622207,0,0,0,0,1,1,1,1
132-6,132,6,3,1,1,0.8384145647287369,0.1615854352712631,0,1,4,3,2,0.042110536,0.4455930888652801,0.02315292,0,1,0,0,1,0,1,0
132-7,132,7,3,1,1,0.8384145647287369,0.1615854352712631,0,1,4,4,2,0.15452605,0.4455930888652801,0.07298956,0,1,0,0,1,0,1,0
132-8,132,8,3,0,0,0.1615854352712631,0.1615854352712631,0,0,3,3,2,0.030403193,0.4455930888652801,0.021363355,0,0,0,0,1,1,1,1
132-9,132,9,3,0,0,0.1615854352712631,0.1615854352712631,0,0,4,3,4,0.16576041,0.4455930888652801,0.072694674,0,0,0,0,1,1,1,1
132-10,132,10,3,0,0,0.1615854352712631,0.1615854352712631,0,0,3,3,4,0.04547778,0.4455930888652801,0.019109432,0,0,0,0,1,1,1,1
132-11,132,11,3,0,0,0.1615854352712631,0.1615854352712631,0,0,3,3,4,0.03461711,0.4455930888652801,0.029763758,0,0,0,0,1,1,1,1
132-12,132,12,3,1,1,0.8384145647287369,0.1615854352712631,0,1,3,3,4,0.22537003,0.4455930888652801,0.10591203,0,1,0,0,1,0,1,0
133-0,133,0,2,1,0,0.5388004183769226,0.4611995816230774,0,1,5,3,4,0.11212227,0.4492360949516296,0.05257148,1,1,0,0,0,1,0,1
133-1,133,1,2,1,0,0.5388004183769226,0.4611995816230774,0,1,4,3,4,0.2825449,0.4492360949516296,0.1456677,1,1,0,0,0,1,0,1
133-2,133,2,2,1,0,0.5388004183769226,0.4611995816230774,0,1,5,2,4,0.23841865,0.4492360949516296,0.107800834,1,1,0,0,0,1,0,1
133-3,133,3,2,1,0,0.5388004183769226,0.4611995816230774,0,1,5,2,4,0.2538353,0.4492360949516296,0.10252874,1,1,0,0,0,1,0,1
133-4,133,4,2,1,0,0.5388004183769226,0.4611995816230774,0,1,5,4,3,0.06762338,0.4492360949516296,0.028731652,1,1,0,0,0,1,0,1
133-5,133,5,2,1,0,0.5388004183769226,0.4611995816230774,0,1,4,3,3,0.14349474,0.4492360949516296,0.08592476,1,1,0,0,0,1,0,1
133-6,133,6,2,1,0,0.5388004183769226,0.4611995816230774,0,1,4,3,2,0.040333413,0.4492360949516296,0.02307979,1,1,0,0,0,1,0,1
133-7,133,7,2,1,0,0.5388004183769226,0.4611995816230774,0,1,5,3,2,0.075891584,0.4492360949516296,0.037211146,1,1,0,0,0,1,0,1
133-8,133,8,2,1,0,0.5388004183769226,0.4611995816230774,0,1,3,3,2,0.465059,0.4492360949516296,0.21236801,1,1,0,0,0,1,0,1
133-9,133,9,2,1,0,0.5388004183769226,0.4611995816230774,0,1,5,2,4,0.25957382,0.4492360949516296,0.11728196,1,1,0,0,0,1,0,1
133-10,133,10,2,1,0,0.5388004183769226,0.4611995816230774,0,1,4,2,4,0.030631943,0.4492360949516296,0.016522434,1,1,0,0,0,1,0,1
133-11,133,11,2,1,0,0.5388004183769226,0.4611995816230774,0,1,3,3,4,0.04590553,0.4492360949516296,0.023342125,1,1,0,0,0,1,0,1
133-12,133,12,2,1,0,0.5388004183769226,0.4611995816230774,0,1,4,3,4,0.15271086,0.4492360949516296,0.06665355,1,1,0,0,0,1,0,1
134-0,134,0,5,1,0,0.4660664200782776,0.5339335799217224,1,0,5,2,4,0.03762464,0.372329980134964,0.012928655,1,0,0,0,1,1,1,1
134-1,134,1,5,1,0,0.4660664200782776,0.5339335799217224,1,0,3,3,4,0.19945207,0.372329980134964,0.066747114,1,0,0,0,1,1,1,1
134-2,134,2,5,1,0,0.4660664200782776,0.5339335799217224,1,0,5,3,4,0.024214126,0.372329980134964,0.009966537,1,0,0,0,1,1,1,1
134-3,134,3,5,1,0,0.4660664200782776,0.5339335799217224,1,0,5,2,4,0.110711366,0.372329980134964,0.043075465,1,0,0,0,1,1,1,1
134-4,134,4,5,1,0,0.4660664200782776,0.5339335799217224,1,0,5,4,3,0.03788806,0.372329980134964,0.0169525,1,0,0,0,1,1,1,1
134-5,134,5,5,1,0,0.4660664200782776,0.5339335799217224,1,0,4,3,3,0.0102809435,0.372329980134964,0.005897067,1,0,0,0,1,1,1,1
134-6,134,6,5,1,0,0.4660664200782776,0.5339335799217224,1,0,4,4,2,0.122966364,0.372329980134964,0.05887841,1,0,0,0,1,1,1,1
134-7,134,7,5,1,0,0.4660664200782776,0.5339335799217224,1,0,5,3,2,0.06474288,0.372329980134964,0.023761865,1,0,0,0,1,1,1,1
134-8,134,8,5,1,0,0.4660664200782776,0.5339335799217224,1,0,3,3,2,0.054335296,0.372329980134964,0.01543128,1,0,0,0,1,1,1,1
134-9,134,9,5,1,0,0.4660664200782776,0.5339335799217224,1,0,4,3,4,0.14036275,0.372329980134964,0.04613601,1,0,0,0,1,1,1,1
134-10,134,10,5,1,0,0.4660664200782776,0.5339335799217224,1,0,3,2,4,0.009269353,0.372329980134964,0.0074753817,1,0,0,0,1,1,1,1
134-11,134,11,5,1,0,0.4660664200782776,0.5339335799217224,1,0,3,3,4,0.04212877,0.372329980134964,0.019885259,1,0,0,0,1,1,1,1
134-12,134,12,5,1,0,0.4660664200782776,0.5339335799217224,1,0,4,3,4,0.07894066,0.372329980134964,0.028009377,1,0,0,0,1,1,1,1
135-0,135,0,1,1,0,0.0561603307724,0.9438396692276,1,0,5,3,4,0.109036036,0.486357569694519,0.044285893,1,0,0,0,1,1,1,1
135-1,135,1,1,1,0,0.0561603307724,0.9438396692276,1,0,4,3,4,0.10054429,0.486357569694519,0.043884337,1,0,0,0,1,1,1,1
135-2,135,2,1,1,0,0.0561603307724,0.9438396692276,1,0,5,4,4,0.051983833,0.486357569694519,0.024561822,1,0,0,0,1,1,1,1
135-3,135,3,1,1,0,0.0561603307724,0.9438396692276,1,0,5,3,4,0.06467226,0.486357569694519,0.027405083,1,0,0,0,1,1,1,1
135-4,135,4,1,1,0,0.0561603307724,0.9438396692276,1,0,5,3,3,0.017114682,0.486357569694519,0.010844259,1,0,0,0,1,1,1,1
135-5,135,5,1,1,0,0.0561603307724,0.9438396692276,1,0,4,3,3,0.029821087,0.486357569694519,0.015020024,1,0,0,0,1,1,1,1
135-6,135,6,1,1,0,0.0561603307724,0.9438396692276,1,0,4,4,2,0.030002827,0.486357569694519,0.013529253,1,0,0,0,1,1,1,1
135-7,135,7,1,1,0,0.0561603307724,0.9438396692276,1,0,4,4,2,0.05077301,0.486357569694519,0.024763945,1,0,0,0,1,1,1,1
135-8,135,8,1,1,0,0.0561603307724,0.9438396692276,1,0,3,3,2,0.027604412,0.486357569694519,0.012129262,1,0,0,0,1,1,1,1
135-9,135,9,1,1,0,0.0561603307724,0.9438396692276,1,0,4,3,4,0.10609884,0.486357569694519,0.042940352,1,0,0,0,1,1,1,1
135-10,135,10,1,1,0,0.0561603307724,0.9438396692276,1,0,3,3,4,0.022010623,0.486357569694519,0.009860535,1,0,0,0,1,1,1,1
135-11,135,11,1,1,0,0.0561603307724,0.9438396692276,1,0,3,3,4,0.051085312,0.486357569694519,0.026388815,1,0,0,0,1,1,1,1
135-12,135,12,1,1,0,0.0561603307724,0.9438396692276,1,0,4,2,4,0.043410357,0.486357569694519,0.021169383,1,0,0,0,1,1,1,1
136-0,136,0,4,0,0,0.0244992952793836,0.0244992952793836,0,0,5,2,4,0.02941616,0.5368138551712036,0.010178877,0,0,0,0,1,1,1,1
136-1,136,1,4,0,0,0.0244992952793836,0.0244992952793836,0,0,4,3,4,0.050083544,0.5368138551712036,0.019549418,0,0,0,0,1,1,1,1
136-2,136,2,4,0,0,0.0244992952793836,0.0244992952793836,0,0,4,2,4,0.14494948,0.5368138551712036,0.045369297,0,0,0,0,1,1,1,1
136-3,136,3,4,0,0,0.0244992952793836,0.0244992952793836,0,0,5,3,4,0.090151,0.5368138551712036,0.025743334,0,0,0,0,1,1,1,1
136-4,136,4,4,0,0,0.0244992952793836,0.0244992952793836,0,0,5,3,3,0.01768654,0.5368138551712036,0.00763858,0,0,0,0,1,1,1,1
136-5,136,5,4,0,0,0.0244992952793836,0.0244992952793836,0,0,4,2,3,0.017546648,0.5368138551712036,0.010498673,0,0,0,0,1,1,1,1
136-6,136,6,4,1,1,0.9755007047206165,0.0244992952793836,0,1,3,4,2,0.40080157,0.5368138551712036,0.22974859,0,1,0,0,1,0,1,0
136-7,136,7,4,0,0,0.0244992952793836,0.0244992952793836,0,0,4,2,2,0.041095182,0.5368138551712036,0.018198214,0,0,0,0,1,1,1,1
136-8,136,8,4,0,0,0.0244992952793836,0.0244992952793836,0,0,3,3,2,0.077122025,0.5368138551712036,0.027962072,0,0,0,0,1,1,1,1
136-9,136,9,4,0,0,0.0244992952793836,0.0244992952793836,0,0,5,2,4,0.09230117,0.5368138551712036,0.033124458,0,0,0,0,1,1,1,1
136-10,136,10,4,0,0,0.0244992952793836,0.0244992952793836,0,0,3,3,4,0.02448938,0.5368138551712036,0.008484746,0,0,0,0,1,1,1,1
136-11,136,11,4,0,0,0.0244992952793836,0.0244992952793836,0,0,3,3,4,0.061491836,0.5368138551712036,0.02384278,0,0,0,0,1,1,1,1
136-12,136,12,4,0,0,0.0244992952793836,0.0244992952793836,0,0,3,3,4,0.062420126,0.5368138551712036,0.021279251,0,0,0,0,1,1,1,1
137-0,137,0,4,0,1,0.3529274761676788,0.3529274761676788,0,0,5,2,4,0.10868569,0.5368138551712036,0.03442801,1,0,0,0,0,0,0,0
137-1,137,1,4,1,0,0.6470725238323212,0.3529274761676788,0,1,4,3,4,0.18880595,0.5368138551712036,0.06619425,1,1,0,0,0,1,0,1
137-2,137,2,4,1,0,0.6470725238323212,0.3529274761676788,0,1,4,4,4,0.46988592,0.5368138551712036,0.1572522,1,1,0,0,0,1,0,1
137-3,137,3,4,1,0,0.6470725238323212,0.3529274761676788,0,1,5,3,4,0.243936,0.5368138551712036,0.07685146,1,1,0,0,0,1,0,1
137-4,137,4,4,1,0,0.6470725238323212,0.3529274761676788,0,1,5,3,3,0.056758072,0.5368138551712036,0.023568142,1,1,0,0,0,1,0,1
137-5,137,5,4,0,1,0.3529274761676788,0.3529274761676788,0,0,4,2,3,0.09039922,0.5368138551712036,0.04069762,1,0,0,0,0,0,0,0
137-6,137,6,4,1,0,0.6470725238323212,0.3529274761676788,0,1,3,3,2,0.14355716,0.5368138551712036,0.05864873,1,1,0,0,0,1,0,1
137-7,137,7,4,1,0,0.6470725238323212,0.3529274761676788,0,1,4,4,2,0.18122272,0.5368138551712036,0.075441934,1,1,0,0,0,1,0,1
137-8,137,8,4,1,0,0.6470725238323212,0.3529274761676788,0,1,3,3,2,0.24848802,0.5368138551712036,0.10511612,1,1,0,0,0,1,0,1
137-9,137,9,4,0,1,0.3529274761676788,0.3529274761676788,0,0,3,4,4,0.44817945,0.5368138551712036,0.17417215,1,0,0,0,0,0,0,0
137-10,137,10,4,1,0,0.6470725238323212,0.3529274761676788,0,1,4,3,4,0.046892226,0.5368138551712036,0.020618532,1,1,0,0,0,1,0,1
137-11,137,11,4,1,0,0.6470725238323212,0.3529274761676788,0,1,3,3,4,0.21234329,0.5368138551712036,0.08719976,1,1,0,0,0,1,0,1
137-12,137,12,4,0,1,0.3529274761676788,0.3529274761676788,0,0,4,2,4,0.18599007,0.5368138551712036,0.0698634,1,0,0,0,0,0,0,0
138-0,138,0,5,0,1,0.9982748031616212,0.9982748031616212,1,1,5,2,4,0.20792517,0.372329980134964,0.12200776,1,1,0,0,1,0,1,0
138-1,138,1,5,1,0,0.0017251968383787,0.9982748031616212,1,0,4,3,4,0.09804175,0.372329980134964,0.042833485,1,0,0,0,1,1,1,1
138-2,138,2,5,1,0,0.0017251968383787,0.9982748031616212,1,0,4,4,4,0.017522719,0.372329980134964,0.012826164,1,0,0,0,1,1,1,1
138-3,138,3,5,1,0,0.0017251968383787,0.9982748031616212,1,0,5,4,4,0.082971506,0.372329980134964,0.058162656,1,0,0,0,1,1,1,1
138-4,138,4,5,1,0,0.0017251968383787,0.9982748031616212,1,0,5,4,3,0.030414693,0.372329980134964,0.023815941,1,0,0,0,1,1,1,1
138-5,138,5,5,1,0,0.0017251968383787,0.9982748031616212,1,0,4,4,3,0.009351759,0.372329980134964,0.0072541228,1,0,0,0,1,1,1,1
138-6,138,6,5,1,0,0.0017251968383787,0.9982748031616212,1,0,4,3,2,0.13251634,0.372329980134964,0.07079515,1,0,0,0,1,1,1,1
138-7,138,7,5,1,0,0.0017251968383787,0.9982748031616212,1,0,4,4,2,0.10316492,0.372329980134964,0.038578242,1,0,0,0,1,1,1,1
138-8,138,8,5,1,0,0.0017251968383787,0.9982748031616212,1,0,3,3,2,0.047803763,0.372329980134964,0.017366841,1,0,0,0,1,1,1,1
138-9,138,9,5,1,0,0.0017251968383787,0.9982748031616212,1,0,3,4,4,0.13825408,0.372329980134964,0.05700546,1,0,0,0,1,1,1,1
138-10,138,10,5,1,0,0.0017251968383787,0.9982748031616212,1,0,3,3,4,0.011325356,0.372329980134964,0.009347744,1,0,0,0,1,1,1,1
138-11,138,11,5,1,0,0.0017251968383787,0.9982748031616212,1,0,3,3,4,0.02128991,0.372329980134964,0.015518735,1,0,0,0,1,1,1,1
138-12,138,12,5,0,1,0.9982748031616212,0.9982748031616212,1,1,3,3,4,0.4557678,0.372329980134964,0.20552287,1,1,0,0,1,0,1,0
139-0,139,0,5,0,0,0.0008155171526595,0.0008155171526595,0,0,5,2,4,0.020461597,0.372329980134964,0.010973727,0,0,0,0,1,1,1,1
139-1,139,1,5,0,0,0.0008155171526595,0.0008155171526595,0,0,4,3,4,0.05782668,0.372329980134964,0.022977456,0,0,0,0,1,1,1,1
139-2,139,2,5,0,0,0.0008155171526595,0.0008155171526595,0,0,2,3,4,0.013529475,0.372329980134964,0.008567585,0,0,0,0,1,1,1,1
139-3,139,3,5,0,0,0.0008155171526595,0.0008155171526595,0,0,5,2,4,0.060939495,0.372329980134964,0.036590364,0,0,0,0,1,1,1,1
139-4,139,4,5,0,0,0.0008155171526595,0.0008155171526595,0,0,5,3,3,0.017107153,0.372329980134964,0.013597134,0,0,0,0,1,1,1,1
139-5,139,5,5,0,0,0.0008155171526595,0.0008155171526595,0,0,4,3,3,0.0050985944,0.372329980134964,0.0038974595,0,0,0,0,1,1,1,1
139-6,139,6,5,0,0,0.0008155171526595,0.0008155171526595,0,0,4,2,2,0.07252402,0.372329980134964,0.040975947,0,0,0,0,1,1,1,1
139-7,139,7,5,0,0,0.0008155171526595,0.0008155171526595,0,0,4,3,2,0.055608634,0.372329980134964,0.021996057,0,0,0,0,1,1,1,1
139-8,139,8,5,0,0,0.0008155171526595,0.0008155171526595,0,0,3,3,2,0.023048138,0.372329980134964,0.00942226,0,0,0,0,1,1,1,1
139-9,139,9,5,0,0,0.0008155171526595,0.0008155171526595,0,0,5,2,4,0.056187436,0.372329980134964,0.025343942,0,0,0,0,1,1,1,1
139-10,139,10,5,0,0,0.0008155171526595,0.0008155171526595,0,0,3,3,4,0.005468582,0.372329980134964,0.004846431,0,0,0,0,1,1,1,1
139-11,139,11,5,0,0,0.0008155171526595,0.0008155171526595,0,0,3,3,4,0.013529475,0.372329980134964,0.008567585,0,0,0,0,1,1,1,1
139-12,139,12,5,0,0,0.0008155171526595,0.0008155171526595,0,0,4,1,4,0.043382663,0.372329980134964,0.016758448,0,0,0,0,1,1,1,1
140-0,140,0,4,0,0,0.0263178572058677,0.0263178572058677,0,0,5,2,4,0.02941616,0.5368138551712036,0.010178877,0,0,0,0,1,1,1,1
140-1,140,1,4,0,0,0.0263178572058677,0.0263178572058677,0,0,4,3,4,0.050083544,0.5368138551712036,0.019549418,0,0,0,0,1,1,1,1
140-2,140,2,4,0,0,0.0263178572058677,0.0263178572058677,0,0,3,3,4,0.1801761,0.5368138551712036,0.054669466,0,0,0,0,1,1,1,1
140-3,140,3,4,0,0,0.0263178572058677,0.0263178572058677,0,0,4,3,4,0.10523231,0.5368138551712036,0.031219795,0,0,0,0,1,1,1,1
140-4,140,4,4,0,0,0.0263178572058677,0.0263178572058677,0,0,5,2,3,0.015789503,0.5368138551712036,0.00723712,0,0,0,0,1,1,1,1
140-5,140,5,4,0,0,0.0263178572058677,0.0263178572058677,0,0,4,3,3,0.019988855,0.5368138551712036,0.011510325,0,0,0,0,1,1,1,1
140-6,140,6,4,1,1,0.9736821427941325,0.0263178572058677,0,1,3,3,2,0.40080157,0.5368138551712036,0.22767864,0,1,0,0,1,0,1,0
140-7,140,7,4,0,0,0.0263178572058677,0.0263178572058677,0,0,4,3,2,0.044980206,0.5368138551712036,0.019169744,0,0,0,0,1,1,1,1
140-8,140,8,4,0,0,0.0263178572058677,0.0263178572058677,0,0,3,3,2,0.077122025,0.5368138551712036,0.027962072,0,0,0,0,1,1,1,1
140-9,140,9,4,0,0,0.0263178572058677,0.0263178572058677,0,0,4,3,4,0.11855915,0.5368138551712036,0.043390118,0,0,0,0,1,1,1,1
140-10,140,10,4,0,0,0.0263178572058677,0.0263178572058677,0,0,3,3,4,0.02448938,0.5368138551712036,0.008484746,0,0,0,0,1,1,1,1
140-11,140,11,4,0,0,0.0263178572058677,0.0263178572058677,0,0,3,3,4,0.061491836,0.5368138551712036,0.02384278,0,0,0,0,1,1,1,1
140-12,140,12,4,1,1,0.9736821427941325,0.0263178572058677,0,1,3,3,4,0.48259372,0.5368138551712036,0.27380195,0,1,0,0,1,0,1,0
141-0,141,0,1,0,0,0.377491682767868,0.377491682767868,0,0,5,2,4,0.29952714,0.486357569694519,0.10500819,0,0,0,0,1,1,1,1
141-1,141,1,1,0,0,0.377491682767868,0.377491682767868,0,0,4,3,4,0.30788562,0.486357569694519,0.11602543,0,0,0,0,1,1,1,1
141-2,141,2,1,0,0,0.377491682767868,0.377491682767868,0,0,4,3,4,0.19264525,0.486357569694519,0.07628001,0,0,0,0,1,1,1,1
141-3,141,3,1,0,0,0.377491682767868,0.377491682767868,0,0,5,2,4,0.1920777,0.486357569694519,0.06712639,0,0,0,0,1,1,1,1
141-4,141,4,1,0,0,0.377491682767868,0.377491682767868,0,0,5,2,3,0.05818404,0.486357569694519,0.025891034,0,0,0,0,1,1,1,1
141-5,141,5,1,1,1,0.622508317232132,0.377491682767868,0,1,3,4,3,0.2523085,0.486357569694519,0.10993828,0,1,0,0,1,0,1,0
141-6,141,6,1,0,0,0.377491682767868,0.377491682767868,0,0,4,2,2,0.09860622,0.486357569694519,0.034206845,0,0,0,0,1,1,1,1
141-7,141,7,1,0,0,0.377491682767868,0.377491682767868,0,0,4,3,2,0.16368014,0.486357569694519,0.064729616,0,0,0,0,1,1,1,1
141-8,141,8,1,0,0,0.377491682767868,0.377491682767868,0,0,2,3,2,0.11686786,0.486357569694519,0.043479428,0,0,0,0,1,1,1,1
141-9,141,9,1,0,0,0.377491682767868,0.377491682767868,0,0,4,3,4,0.3208091,0.486357569694519,0.11371416,0,0,0,0,1,1,1,1
141-10,141,10,1,0,0,0.377491682767868,0.377491682767868,0,0,4,2,4,0.04854797,0.486357569694519,0.023559278,0,0,0,0,1,1,1,1
141-11,141,11,1,0,0,0.377491682767868,0.377491682767868,0,0,3,3,4,0.1914638,0.486357569694519,0.08014434,0,0,0,0,1,1,1,1
141-12,141,12,1,0,0,0.377491682767868,0.377491682767868,0,0,4,2,4,0.14211535,0.486357569694519,0.054703943,0,0,0,0,1,1,1,1
142-0,142,0,1,0,0,0.4838636219501495,0.4838636219501495,0,0,5,2,4,0.27987808,0.486357569694519,0.11210057,0,0,0,0,1,1,1,1
142-1,142,1,1,0,0,0.4838636219501495,0.4838636219501495,0,0,4,3,4,0.32659706,0.486357569694519,0.13153799,0,0,0,0,1,1,1,1
142-2,142,2,1,0,0,0.4838636219501495,0.4838636219501495,0,0,4,2,4,0.17268369,0.486357569694519,0.077266894,0,0,0,0,1,1,1,1
142-3,142,3,1,0,0,0.4838636219501495,0.4838636219501495,0,0,5,1,4,0.17038906,0.486357569694519,0.071497,0,0,0,0,1,1,1,1
142-4,142,4,1,0,0,0.4838636219501495,0.4838636219501495,0,0,5,2,3,0.05307141,0.486357569694519,0.027755925,0,0,0,0,1,1,1,1
142-5,142,5,1,0,0,0.4838636219501495,0.4838636219501495,0,0,5,2,3,0.093155704,0.486357569694519,0.040776037,0,0,0,0,1,1,1,1
142-6,142,6,1,0,0,0.4838636219501495,0.4838636219501495,0,0,4,2,2,0.08405408,0.486357569694519,0.033135377,0,0,0,0,1,1,1,1
142-7,142,7,1,0,0,0.4838636219501495,0.4838636219501495,0,0,5,2,2,0.10009722,0.486357569694519,0.04996743,0,0,0,0,1,1,1,1
142-8,142,8,1,0,0,0.4838636219501495,0.4838636219501495,0,0,3,3,2,0.09856859,0.486357569694519,0.036797248,0,0,0,0,1,1,1,1
142-9,142,9,1,0,0,0.4838636219501495,0.4838636219501495,0,0,5,2,4,0.25447607,0.486357569694519,0.09269021,0,0,0,0,1,1,1,1
142-10,142,10,1,0,0,0.4838636219501495,0.4838636219501495,0,0,4,1,4,0.037068967,0.486357569694519,0.021119494,0,0,0,0,1,1,1,1
142-11,142,11,1,0,0,0.4838636219501495,0.4838636219501495,0,0,3,3,4,0.20283231,0.486357569694519,0.08960191,0,0,0,0,1,1,1,1
142-12,142,12,1,0,0,0.4838636219501495,0.4838636219501495,0,0,4,1,4,0.10367624,0.486357569694519,0.048533984,0,0,0,0,1,1,1,1
143-0,143,0,1,0,0,0.9399648308753968,0.9399648308753968,1,1,5,2,4,0.39905652,0.486357569694519,0.21693677,0,1,0,0,0,1,0,1
143-1,143,1,1,0,0,0.9399648308753968,0.9399648308753968,1,1,4,3,4,0.4707963,0.486357569694519,0.25590014,0,1,0,0,0,1,0,1
143-2,143,2,1,0,0,0.9399648308753968,0.9399648308753968,1,1,4,3,4,0.29827034,0.486357569694519,0.15739083,0,1,0,0,0,1,0,1
143-3,143,3,1,0,0,0.9399648308753968,0.9399648308753968,1,1,4,3,4,0.31500968,0.486357569694519,0.17499304,0,1,0,0,0,1,0,1
143-4,143,4,1,0,0,0.9399648308753968,0.9399648308753968,1,1,5,3,3,0.11948756,0.486357569694519,0.07359664,0,1,0,0,0,1,0,1
143-5,143,5,1,1,1,0.0600351691246031,0.9399648308753968,1,0,4,3,3,0.16619928,0.486357569694519,0.073052905,0,0,0,0,0,0,0,0
143-6,143,6,1,0,0,0.9399648308753968,0.9399648308753968,1,1,4,3,2,0.14173535,0.486357569694519,0.08302692,0,1,0,0,0,1,0,1
143-7,143,7,1,0,0,0.9399648308753968,0.9399648308753968,1,1,4,2,2,0.26441482,0.486357569694519,0.13397287,0,1,0,0,0,1,0,1
143-8,143,8,1,0,0,0.9399648308753968,0.9399648308753968,1,1,3,3,2,0.14295088,0.486357569694519,0.08156413,0,1,0,0,0,1,0,1
143-9,143,9,1,0,0,0.9399648308753968,0.9399648308753968,1,1,4,3,4,0.4857586,0.486357569694519,0.25159553,0,1,0,0,0,1,0,1
143-10,143,10,1,0,0,0.9399648308753968,0.9399648308753968,1,1,3,2,4,0.04539401,0.486357569694519,0.03422508,0,1,0,0,0,1,0,1
143-11,143,11,1,0,0,0.9399648308753968,0.9399648308753968,1,1,3,3,4,0.31163752,0.486357569694519,0.17337547,0,1,0,0,0,1,0,1
143-12,143,12,1,0,0,0.9399648308753968,0.9399648308753968,1,1,3,3,4,0.23954436,0.486357569694519,0.12825368,0,1,0,0,0,1,0,1
144-0,144,0,4,1,0,0.090650200843811,0.909349799156189,1,0,4,3,4,0.057171658,0.5368138551712036,0.018987108,1,0,0,0,1,1,1,1
144-1,144,1,4,1,0,0.090650200843811,0.909349799156189,1,0,3,3,4,0.08899736,0.5368138551712036,0.03261893,1,0,0,0,1,1,1,1
144-2,144,2,4,1,0,0.090650200843811,0.909349799156189,1,0,3,4,4,0.26215723,0.5368138551712036,0.07847244,1,0,0,0,1,1,1,1
144-3,144,3,4,1,0,0.090650200843811,0.909349799156189,1,0,5,2,4,0.11856156,0.5368138551712036,0.03411468,1,0,0,0,1,1,1,1
144-4,144,4,4,1,0,0.090650200843811,0.909349799156189,1,0,5,4,3,0.025409052,0.5368138551712036,0.011375204,1,0,0,0,1,1,1,1
144-5,144,5,4,1,0,0.090650200843811,0.909349799156189,1,0,4,2,3,0.028002601,0.5368138551712036,0.015148489,1,0,0,0,1,1,1,1
144-6,144,6,4,1,0,0.090650200843811,0.909349799156189,1,0,4,3,2,0.07039393,0.5368138551712036,0.024134252,1,0,0,0,1,1,1,1
144-7,144,7,4,1,0,0.090650200843811,0.909349799156189,1,0,4,3,2,0.06726627,0.5368138551712036,0.027391316,1,0,0,0,1,1,1,1
144-8,144,8,4,1,0,0.090650200843811,0.909349799156189,1,0,3,3,2,0.11302335,0.5368138551712036,0.039345272,1,0,0,0,1,1,1,1
144-9,144,9,4,1,0,0.090650200843811,0.909349799156189,1,0,5,3,4,0.14235525,0.5368138551712036,0.051029857,1,0,0,0,1,1,1,1
144-10,144,10,4,1,0,0.090650200843811,0.909349799156189,1,0,4,3,4,0.03322215,0.5368138551712036,0.010813184,1,0,0,0,1,1,1,1
144-11,144,11,4,1,0,0.090650200843811,0.909349799156189,1,0,3,3,4,0.094043404,0.5368138551712036,0.03513841,1,0,0,0,1,1,1,1
144-12,144,12,4,1,0,0.090650200843811,0.909349799156189,1,0,4,3,4,0.085011974,0.5368138551712036,0.027868764,1,0,0,0,1,1,1,1
145-0,145,0,2,0,0,0.6395044922828674,0.6395044922828674,1,1,5,2,4,0.15704457,0.4492360949516296,0.07221686,0,1,0,0,0,1,0,1
145-1,145,1,2,0,0,0.6395044922828674,0.6395044922828674,1,1,4,3,4,0.33913526,0.4492360949516296,0.173603,0,1,0,0,0,1,0,1
145-2,145,2,2,0,0,0.6395044922828674,0.6395044922828674,1,1,4,2,4,0.4445036,0.4492360949516296,0.19507898,0,1,0,0,0,1,0,1
145-3,145,3,2,0,0,0.6395044922828674,0.6395044922828674,1,1,5,2,4,0.38436493,0.4492360949516296,0.1470496,0,1,0,0,0,1,0,1
145-4,145,4,2,0,0,0.6395044922828674,0.6395044922828674,1,1,5,3,3,0.10446573,0.4492360949516296,0.041184276,0,1,0,0,0,1,0,1
145-5,145,5,2,0,0,0.6395044922828674,0.6395044922828674,1,1,4,3,3,0.17919084,0.4492360949516296,0.103794836,0,1,0,0,0,1,0,1
145-6,145,6,2,0,0,0.6395044922828674,0.6395044922828674,1,1,4,2,2,0.047788195,0.4492360949516296,0.025310218,0,1,0,0,0,1,0,1
145-7,145,7,2,0,0,0.6395044922828674,0.6395044922828674,1,1,4,2,2,0.15933557,0.4492360949516296,0.06969898,0,1,0,0,0,1,0,1
145-8,145,8,2,0,0,0.6395044922828674,0.6395044922828674,1,1,3,3,2,0.511101,0.4492360949516296,0.22511442,0,1,1,0,0,1,0,0
145-9,145,9,2,0,0,0.6395044922828674,0.6395044922828674,1,1,4,2,4,0.46668765,0.4492360949516296,0.20930153,0,1,0,0,0,1,0,1
145-10,145,10,2,1,1,0.3604955077171325,0.6395044922828674,1,0,4,3,4,0.024927033,0.4492360949516296,0.010280889,0,0,0,0,0,0,0,0
145-11,145,11,2,0,0,0.6395044922828674,0.6395044922828674,1,1,3,3,4,0.053234488,0.4492360949516296,0.024836652,0,1,0,0,0,1,0,1
145-12,145,12,2,0,0,0.6395044922828674,0.6395044922828674,1,1,4,1,4,0.15336147,0.4492360949516296,0.06934107,0,1,0,0,0,1,0,1
146-0,146,0,5,0,0,0.7506529092788696,0.7506529092788696,1,1,5,2,4,0.09226009,0.372329980134964,0.038658626,0,1,0,0,0,1,0,1
146-1,146,1,5,0,0,0.7506529092788696,0.7506529092788696,1,1,4,3,4,0.32685152,0.372329980134964,0.13121043,0,1,0,0,0,1,0,1
146-2,146,2,5,0,0,0.7506529092788696,0.7506529092788696,1,1,4,3,4,0.07629631,0.372329980134964,0.037909616,0,1,0,0,0,1,0,1
146-3,146,3,5,0,0,0.7506529092788696,0.7506529092788696,1,1,5,2,4,0.20963158,0.372329980134964,0.11086598,0,1,0,0,0,1,0,1
146-4,146,4,5,0,0,0.7506529092788696,0.7506529092788696,1,1,5,2,3,0.08934385,0.372329980134964,0.04498134,0,1,0,0,0,1,0,1
146-5,146,5,5,0,0,0.7506529092788696,0.7506529092788696,1,1,4,2,3,0.010071633,0.372329980134964,0.008790146,0,1,0,0,0,1,0,1
146-6,146,6,5,1,1,0.2493470907211303,0.7506529092788696,1,0,4,3,2,0.10654006,0.372329980134964,0.04735845,0,0,0,0,0,0,0,0
146-7,146,7,5,0,0,0.7506529092788696,0.7506529092788696,1,1,4,2,2,0.2498543,0.372329980134964,0.08552367,0,1,0,0,0,1,0,1
146-8,146,8,5,0,0,0.7506529092788696,0.7506529092788696,1,1,3,3,2,0.12863734,0.372329980134964,0.041062444,0,1,0,0,0,1,0,1
146-9,146,9,5,0,0,0.7506529092788696,0.7506529092788696,1,1,4,3,4,0.33162117,0.372329980134964,0.13479252,0,1,0,0,0,1,0,1
146-10,146,10,5,0,0,0.7506529092788696,0.7506529092788696,1,1,3,3,4,0.012865486,0.372329980134964,0.0126541555,0,1,0,0,0,1,0,1
146-11,146,11,5,0,0,0.7506529092788696,0.7506529092788696,1,1,3,3,4,0.09399779,0.372329980134964,0.045896426,0,1,0,0,0,1,0,1
146-12,146,12,5,0,0,0.7506529092788696,0.7506529092788696,1,1,4,2,4,0.19855246,0.372329980134964,0.0734083,0,1,0,0,0,1,0,1
147-0,147,0,1,0,1,0.9398340582847596,0.9398340582847596,1,1,5,2,4,0.47427058,0.486357569694519,0.21693677,1,1,0,0,1,0,1,0
147-1,147,1,1,1,0,0.0601659417152403,0.9398340582847596,1,0,4,3,4,0.42025352,0.486357569694519,0.18314397,1,0,0,0,1,1,1,1
147-2,147,2,1,1,0,0.0601659417152403,0.9398340582847596,1,0,2,3,4,0.27365968,0.486357569694519,0.1165898,1,0,0,0,1,1,1,1
147-3,147,3,1,1,0,0.0601659417152403,0.9398340582847596,1,0,4,4,4,0.31831515,0.486357569694519,0.12672283,1,0,0,0,1,1,1,1
147-4,147,4,1,1,0,0.0601659417152403,0.9398340582847596,1,0,5,4,3,0.09702794,0.486357569694519,0.051866412,1,0,0,0,1,1,1,1
147-5,147,5,1,1,0,0.0601659417152403,0.9398340582847596,1,0,4,4,3,0.16619928,0.486357569694519,0.070709325,1,0,0,0,1,1,1,1
147-6,147,6,1,0,1,0.9398340582847596,0.9398340582847596,1,1,3,4,2,0.2015107,0.486357569694519,0.09028875,1,1,0,0,1,0,1,0
147-7,147,7,1,1,0,0.0601659417152403,0.9398340582847596,1,0,4,4,2,0.25463042,0.486357569694519,0.10983683,1,0,0,0,1,1,1,1
147-8,147,8,1,1,0,0.0601659417152403,0.9398340582847596,1,0,3,3,2,0.15708166,0.486357569694519,0.058701217,1,0,0,0,1,1,1,1
147-9,147,9,1,1,0,0.0601659417152403,0.9398340582847596,1,0,4,4,4,0.43492973,0.486357569694519,0.18454862,1,0,0,0,1,1,1,1
147-10,147,10,1,1,0,0.0601659417152403,0.9398340582847596,1,0,2,4,4,0.1422758,0.486357569694519,0.055719927,1,0,0,0,1,1,1,1
147-11,147,11,1,1,0,0.0601659417152403,0.9398340582847596,1,0,3,4,4,0.26384604,0.486357569694519,0.12606384,1,0,0,0,1,1,1,1
147-12,147,12,1,0,1,0.9398340582847596,0.9398340582847596,1,1,3,3,4,0.29968676,0.486357569694519,0.12825368,1,1,0,0,1,0,1,0
148-0,148,0,2,1,0,0.9443276338279248,0.0556723661720752,0,1,5,2,4,0.26296338,0.4492360949516296,0.13427795,1,1,0,0,0,1,0,1
148-1,148,1,2,1,0,0.9443276338279248,0.0556723661720752,0,1,4,3,4,0.5626496,0.4492360949516296,0.36698225,1,1,1,0,0,1,0,0
148-2,148,2,2,1,0,0.9443276338279248,0.0556723661720752,0,1,5,2,4,0.5316156,0.4492360949516296,0.26889703,1,1,1,0,0,1,0,0
148-3,148,3,2,1,0,0.9443276338279248,0.0556723661720752,0,1,5,2,4,0.5522434,0.4492360949516296,0.2580249,1,1,1,0,0,1,0,0
148-4,148,4,2,0,1,0.0556723661720752,0.0556723661720752,0,0,4,4,3,0.045369327,0.4492360949516296,0.020397475,1,0,0,0,0,0,0,0
148-5,148,5,2,1,0,0.9443276338279248,0.0556723661720752,0,1,5,2,3,0.18350632,0.4492360949516296,0.11420175,1,1,0,0,0,1,0,1
148-6,148,6,2,1,0,0.9443276338279248,0.0556723661720752,0,1,4,2,2,0.09675917,0.4492360949516296,0.071272925,1,1,0,0,0,1,0,1
148-7,148,7,2,1,0,0.9443276338279248,0.0556723661720752,0,1,5,2,2,0.18633606,0.4492360949516296,0.091602795,1,1,0,0,0,1,0,1
148-8,148,8,2,1,0,0.9443276338279248,0.0556723661720752,0,1,3,3,2,0.7450154,0.4492360949516296,0.47630775,1,1,1,0,0,1,0,0
148-9,148,9,2,1,0,0.9443276338279248,0.0556723661720752,0,1,5,2,4,0.5360048,0.4492360949516296,0.27516595,1,1,1,0,0,1,0,0
148-10,148,10,2,1,0,0.9443276338279248,0.0556723661720752,0,1,4,2,4,0.115459494,0.4492360949516296,0.06698741,1,1,0,0,0,1,0,1
148-11,148,11,2,1,0,0.9443276338279248,0.0556723661720752,0,1,3,3,4,0.14456479,0.4492360949516296,0.08433854,1,1,0,0,0,1,0,1
148-12,148,12,2,1,0,0.9443276338279248,0.0556723661720752,0,1,4,2,4,0.3516497,0.4492360949516296,0.19345403,1,1,0,0,0,1,0,1
149-0,149,0,1,0,0,0.8819863200187683,0.8819863200187683,1,1,5,2,4,0.5362396,0.486357569694519,0.2671388,0,1,1,0,0,1,0,0
149-1,149,1,1,1,1,0.1180136799812316,0.8819863200187683,1,0,4,3,4,0.13096082,0.486357569694519,0.05205002,0,0,0,0,0,0,0,0
149-2,149,2,1,1,1,0.1180136799812316,0.8819863200187683,1,0,3,4,4,0.07623097,0.486357569694519,0.03218813,0,0,0,0,0,0,0,0
149-3,149,3,1,1,1,0.1180136799812316,0.8819863200187683,1,0,4,4,4,0.091148004,0.486357569694519,0.035520073,0,0,0,0,0,0,0,0
149-4,149,4,1,1,1,0.1180136799812316,0.8819863200187683,1,0,4,3,3,0.025818784,0.486357569694519,0.01363534,0,0,0,0,0,0,0,0
149-5,149,5,1,1,1,0.1180136799812316,0.8819863200187683,1,0,4,3,3,0.041052777,0.486357569694519,0.018553918,0,0,0,0,0,0,0,0
149-6,149,6,1,1,1,0.1180136799812316,0.8819863200187683,1,0,3,3,2,0.04080417,0.486357569694519,0.014937582,0,0,0,0,0,0,0,0
149-7,149,7,1,1,1,0.1180136799812316,0.8819863200187683,1,0,4,4,2,0.06667782,0.486357569694519,0.027749157,0,0,0,0,0,0,0,0
149-8,149,8,1,1,1,0.1180136799812316,0.8819863200187683,1,0,2,3,2,0.04407526,0.486357569694519,0.016907802,0,0,0,0,0,0,0,0
149-9,149,9,1,1,1,0.1180136799812316,0.8819863200187683,1,0,4,3,4,0.13793802,0.486357569694519,0.05093975,0,0,0,0,0,0,0,0
149-10,149,10,1,0,0,0.8819863200187683,0.8819863200187683,1,1,3,3,4,0.07636681,0.486357569694519,0.04656008,0,1,0,0,0,1,0,1
149-11,149,11,1,0,0,0.8819863200187683,0.8819863200187683,1,1,3,3,4,0.4294221,0.486357569694519,0.21286203,0,1,0,0,0,1,0,1
149-12,149,12,1,1,1,0.1180136799812316,0.8819863200187683,1,0,3,3,4,0.061725885,0.486357569694519,0.02483189,0,0,0,0,0,0,0,0
150-0,150,0,4,0,0,0.0131512703374028,0.0131512703374028,0,0,5,2,4,0.030169174,0.5368138551712036,0.010178877,0,0,0,0,1,1,1,1
150-1,150,1,4,0,0,0.0131512703374028,0.0131512703374028,0,0,4,3,4,0.051337633,0.5368138551712036,0.019549418,0,0,0,0,1,1,1,1
150-2,150,2,4,0,0,0.0131512703374028,0.0131512703374028,0,0,4,2,4,0.1482084,0.5368138551712036,0.045369297,0,0,0,0,1,1,1,1
150-3,150,3,4,0,0,0.0131512703374028,0.0131512703374028,0,0,5,3,4,0.09231088,0.5368138551712036,0.025743334,0,0,0,0,1,1,1,1
150-4,150,4,4,0,0,0.0131512703374028,0.0131512703374028,0,0,5,1,3,0.01522976,0.5368138551712036,0.0069155386,0,0,0,0,1,1,1,1
150-5,150,5,4,0,0,0.0131512703374028,0.0131512703374028,0,0,4,2,3,0.018001458,0.5368138551712036,0.010498673,0,0,0,0,1,1,1,1
150-6,150,6,4,0,0,0.0131512703374028,0.0131512703374028,0,0,4,2,2,0.042904034,0.5368138551712036,0.01459138,0,0,0,0,1,1,1,1
150-7,150,7,4,0,0,0.0131512703374028,0.0131512703374028,0,0,4,2,2,0.04403388,0.5368138551712036,0.018201755,0,0,0,0,1,1,1,1
150-8,150,8,4,0,0,0.0131512703374028,0.0131512703374028,0,0,3,3,2,0.08419825,0.5368138551712036,0.028652934,0,0,0,0,1,1,1,1
150-9,150,9,4,0,0,0.0131512703374028,0.0131512703374028,0,0,5,2,4,0.094507225,0.5368138551712036,0.033124458,0,0,0,0,1,1,1,1
150-10,150,10,4,0,0,0.0131512703374028,0.0131512703374028,0,0,3,3,4,0.025119543,0.5368138551712036,0.008698687,0,0,0,0,1,1,1,1
150-11,150,11,4,0,0,0.0131512703374028,0.0131512703374028,0,0,3,3,4,0.063012645,0.5368138551712036,0.02384278,0,0,0,0,1,1,1,1
150-12,150,12,4,0,0,0.0131512703374028,0.0131512703374028,0,0,4,3,4,0.05694511,0.5368138551712036,0.019490857,0,0,0,0,1,1,1,1
151-0,151,0,2,0,1,0.8556091785430908,0.8556091785430908,1,1,4,2,4,0.25230023,0.4492360949516296,0.1287398,1,1,0,0,1,0,1,0
151-1,151,1,2,0,1,0.8556091785430908,0.8556091785430908,1,1,4,3,4,0.40000832,0.4492360949516296,0.22795115,1,1,0,0,1,0,1,0
151-2,151,2,2,0,1,0.8556091785430908,0.8556091785430908,1,1,3,3,4,0.5546699,0.4492360949516296,0.28960666,1,1,1,0,1,0,1,1
151-3,151,3,2,1,0,0.1443908214569091,0.8556091785430908,1,0,3,4,4,0.4094367,0.4492360949516296,0.15907422,1,0,0,0,1,1,1,1
151-4,151,4,2,1,0,0.1443908214569091,0.8556091785430908,1,0,4,4,3,0.093344755,0.4492360949516296,0.04510458,1,0,0,0,1,1,1,1
151-5,151,5,2,1,0,0.1443908214569091,0.8556091785430908,1,0,3,4,3,0.1427789,0.4492360949516296,0.08654184,1,0,0,0,1,1,1,1
151-6,151,6,2,1,0,0.1443908214569091,0.8556091785430908,1,0,3,4,2,0.07299817,0.4492360949516296,0.029288016,1,0,0,0,1,1,1,1
151-7,151,7,2,1,0,0.1443908214569091,0.8556091785430908,1,0,3,4,2,0.12874272,0.4492360949516296,0.05564984,1,0,0,0,1,1,1,1
151-8,151,8,2,1,0,0.1443908214569091,0.8556091785430908,1,0,3,3,2,0.39852294,0.4492360949516296,0.15635213,1,0,0,0,1,1,1,1
151-9,151,9,2,0,1,0.8556091785430908,0.8556091785430908,1,1,3,4,4,0.6102658,0.4492360949516296,0.35544246,1,1,1,0,1,0,1,1
151-10,151,10,2,0,1,0.8556091785430908,0.8556091785430908,1,1,3,4,4,0.06545423,0.4492360949516296,0.032042615,1,1,0,0,1,0,1,0
151-11,151,11,2,1,0,0.1443908214569091,0.8556091785430908,1,0,2,4,4,0.053406682,0.4492360949516296,0.02176568,1,0,0,0,1,1,1,1
151-12,151,12,2,1,0,0.1443908214569091,0.8556091785430908,1,0,2,4,4,0.17656247,0.4492360949516296,0.064194,1,0,0,0,1,1,1,1
152-0,152,0,4,0,0,0.7951793670654297,0.7951793670654297,1,1,5,2,4,0.10249392,0.5368138551712036,0.04884105,0,1,0,0,0,1,0,1
152-1,152,1,4,0,0,0.7951793670654297,0.7951793670654297,1,1,4,3,4,0.25433287,0.5368138551712036,0.106814265,0,1,0,0,0,1,0,1
152-2,152,2,4,0,0,0.7951793670654297,0.7951793670654297,1,1,4,3,4,0.5650171,0.5368138551712036,0.23942327,0,1,1,0,0,1,0,0
152-3,152,3,4,0,0,0.7951793670654297,0.7951793670654297,1,1,5,1,4,0.23991717,0.5368138551712036,0.097614154,0,1,0,0,0,1,0,1
152-4,152,4,4,0,0,0.7951793670654297,0.7951793670654297,1,1,5,2,3,0.06714703,0.5368138551712036,0.034921788,0,1,0,0,0,1,0,1
152-5,152,5,4,0,0,0.7951793670654297,0.7951793670654297,1,1,4,2,3,0.08989499,0.5368138551712036,0.0552033,0,1,0,0,0,1,0,1
152-6,152,6,4,0,0,0.7951793670654297,0.7951793670654297,1,1,4,2,2,0.15068483,0.5368138551712036,0.0678739,0,1,0,0,0,1,0,1
152-7,152,7,4,0,0,0.7951793670654297,0.7951793670654297,1,1,5,2,2,0.122692905,0.5368138551712036,0.065392874,0,1,0,0,0,1,0,1
152-8,152,8,4,0,0,0.7951793670654297,0.7951793670654297,1,1,3,3,2,0.31528467,0.5368138551712036,0.14832176,0,1,0,0,0,1,0,1
152-9,152,9,4,0,0,0.7951793670654297,0.7951793670654297,1,1,4,3,4,0.453932,0.5368138551712036,0.20579748,0,1,0,0,0,1,0,1
152-10,152,10,4,0,0,0.7951793670654297,0.7951793670654297,1,1,4,1,4,0.041310307,0.5368138551712036,0.025475107,0,1,0,0,0,1,0,1
152-11,152,11,4,0,0,0.7951793670654297,0.7951793670654297,1,1,3,3,4,0.2856288,0.5368138551712036,0.13935795,0,1,0,0,0,1,0,1
152-12,152,12,4,0,0,0.7951793670654297,0.7951793670654297,1,1,4,2,4,0.18534097,0.5368138551712036,0.09151074,0,1,0,0,0,1,0,1
153-0,153,0,4,0,0,0.0888560563325882,0.0888560563325882,0,0,5,2,4,0.032226052,0.5368138551712036,0.011437592,0,0,0,0,1,1,1,1
153-1,153,1,4,0,0,0.0888560563325882,0.0888560563325882,0,0,4,3,4,0.063239925,0.5368138551712036,0.024222704,0,0,0,0,1,1,1,1
153-2,153,2,4,0,0,0.0888560563325882,0.0888560563325882,0,0,4,2,4,0.17566854,0.5368138551712036,0.05345964,0,0,0,0,1,1,1,1
153-3,153,3,4,0,0,0.0888560563325882,0.0888560563325882,0,0,5,2,4,0.09274129,0.5368138551712036,0.027648173,0,0,0,0,1,1,1,1
153-4,153,4,4,0,0,0.0888560563325882,0.0888560563325882,0,0,5,2,3,0.017320981,0.5368138551712036,0.008135052,0,0,0,0,1,1,1,1
153-5,153,5,4,0,0,0.0888560563325882,0.0888560563325882,0,0,4,3,3,0.025451519,0.5368138551712036,0.014289871,0,0,0,0,1,1,1,1
153-6,153,6,4,0,0,0.0888560563325882,0.0888560563325882,0,0,4,3,2,0.05450022,0.5368138551712036,0.019259641,0,0,0,0,1,1,1,1
153-7,153,7,4,0,0,0.0888560563325882,0.0888560563325882,0,0,5,1,2,0.030729303,0.5368138551712036,0.015073102,0,0,0,0,1,1,1,1
153-8,153,8,4,0,0,0.0888560563325882,0.0888560563325882,0,0,3,3,2,0.09147249,0.5368138551712036,0.03233421,0,0,0,0,1,1,1,1
153-9,153,9,4,0,0,0.0888560563325882,0.0888560563325882,0,0,4,2,4,0.121122934,0.5368138551712036,0.044957574,0,0,0,0,1,1,1,1
153-10,153,10,4,0,0,0.0888560563325882,0.0888560563325882,0,0,4,2,4,0.02393845,0.5368138551712036,0.008425063,0,0,0,0,1,1,1,1
153-11,153,11,4,0,0,0.0888560563325882,0.0888560563325882,0,0,3,3,4,0.07895488,0.5368138551712036,0.03056494,0,0,0,0,1,1,1,1
153-12,153,12,4,0,0,0.0888560563325882,0.0888560563325882,0,0,4,2,4,0.059615508,0.5368138551712036,0.021131512,0,0,0,0,1,1,1,1
154-0,154,0,1,1,0,0.079439640045166,0.920560359954834,1,0,4,4,4,0.16649543,0.486357569694519,0.06413755,1,0,0,0,1,1,1,1
154-1,154,1,1,0,1,0.920560359954834,0.920560359954834,1,1,4,3,4,0.5787375,0.486357569694519,0.28448248,1,1,1,0,1,0,1,1
154-2,154,2,1,0,1,0.920560359954834,0.920560359954834,1,1,4,2,4,0.37747553,0.486357569694519,0.16488354,1,1,0,0,1,0,1,0
154-3,154,3,1,1,0,0.079439640045166,0.920560359954834,1,0,5,4,4,0.10070834,0.486357569694519,0.03940346,1,0,0,0,1,1,1,1
154-4,154,4,1,0,1,0.920560359954834,0.920560359954834,1,1,4,4,3,0.21189499,0.486357569694519,0.10471772,1,1,0,0,1,0,1,0
154-5,154,5,1,0,1,0.920560359954834,0.920560359954834,1,1,4,3,3,0.26894704,0.486357569694519,0.11393271,1,1,0,0,1,0,1,0
154-6,154,6,1,0,1,0.920560359954834,0.920560359954834,1,1,4,2,2,0.19376431,0.486357569694519,0.08920609,1,1,0,0,1,0,1,0
154-7,154,7,1,1,0,0.079439640045166,0.920560359954834,1,0,5,4,2,0.064414375,0.486357569694519,0.034033637,1,0,0,0,1,1,1,1
154-8,154,8,1,0,1,0.920560359954834,0.920560359954834,1,1,2,3,2,0.2513769,0.486357569694519,0.118919365,1,1,0,0,1,0,1,0
154-9,154,9,1,0,1,0.920560359954834,0.920560359954834,1,1,5,3,4,0.53204346,0.486357569694519,0.23741175,1,1,1,0,1,0,1,1
154-10,154,10,1,0,1,0.920560359954834,0.920560359954834,1,1,4,3,4,0.06683314,0.486357569694519,0.040874645,1,1,0,0,1,0,1,0
154-11,154,11,1,0,1,0.920560359954834,0.920560359954834,1,1,3,3,4,0.41145977,0.486357569694519,0.19515786,1,1,0,0,1,0,1,0
154-12,154,12,1,0,1,0.920560359954834,0.920560359954834,1,1,3,3,4,0.32725257,0.486357569694519,0.14536397,1,1,0,0,1,0,1,0
155-0,155,0,5,1,0,0.9795354083180428,0.0204645916819572,0,1,5,2,4,0.28457165,0.372329980134964,0.21972637,1,1,0,0,0,1,0,1
155-1,155,1,5,0,1,0.0204645916819572,0.0204645916819572,0,0,4,3,4,0.051798455,0.372329980134964,0.01921244,1,0,0,0,0,0,0,0
155-2,155,2,5,1,0,0.9795354083180428,0.0204645916819572,0,1,4,3,4,0.25633648,0.372329980134964,0.20594566,1,1,0,0,0,1,0,1
155-3,155,3,5,1,0,0.9795354083180428,0.0204645916819572,0,1,5,2,4,0.5320975,0.372329980134964,0.47680286,1,1,1,0,0,1,0,0
155-4,155,4,5,1,0,0.9795354083180428,0.0204645916819572,0,1,4,3,3,0.4279316,0.372329980134964,0.39638907,1,1,0,0,0,1,0,1
155-5,155,5,5,1,0,0.9795354083180428,0.0204645916819572,0,1,4,3,3,0.037414912,0.372329980134964,0.061874878,1,1,0,0,0,1,0,1
155-6,155,6,5,1,0,0.9795354083180428,0.0204645916819572,0,1,4,3,2,0.7244237,0.372329980134964,0.6196633,1,1,1,1,0,1,0,0
155-7,155,7,5,1,0,0.9795354083180428,0.0204645916819572,0,1,4,4,2,0.6633675,0.372329980134964,0.46284744,1,1,1,0,0,1,0,0
155-8,155,8,5,1,0,0.9795354083180428,0.0204645916819572,0,1,3,3,2,0.44300276,0.372329980134964,0.2629054,1,1,0,0,0,1,0,1
155-9,155,9,5,1,0,0.9795354083180428,0.0204645916819572,0,1,4,4,4,0.65594345,0.372329980134964,0.49903163,1,1,1,0,0,1,0,0
155-10,155,10,5,1,0,0.9795354083180428,0.0204645916819572,0,1,3,3,4,0.042854443,0.372329980134964,0.0690544,1,1,0,0,0,1,0,1
155-11,155,11,5,1,0,0.9795354083180428,0.0204645916819572,0,1,3,3,4,0.2944171,0.372329980134964,0.24804594,1,1,0,0,0,1,0,1
155-12,155,12,5,1,0,0.9795354083180428,0.0204645916819572,0,1,4,3,4,0.5381596,0.372329980134964,0.36343735,1,1,1,0,0,1,0,0
156-0,156,0,2,0,1,0.0522894524037838,0.0522894524037838,0,0,5,2,4,0.06849869,0.4492360949516296,0.025015982,1,0,0,0,0,0,0,0
156-1,156,1,2,0,1,0.0522894524037838,0.0522894524037838,0,0,4,3,4,0.1344168,0.4492360949516296,0.053085335,1,0,0,0,0,0,0,0
156-2,156,2,2,0,1,0.0522894524037838,0.0522894524037838,0,0,4,2,4,0.18326725,0.4492360949516296,0.0704049,1,0,0,0,0,0,0,0
156-3,156,3,2,0,1,0.0522894524037838,0.0522894524037838,0,0,4,3,4,0.20556638,0.4492360949516296,0.06754187,1,0,0,0,0,0,0,0
156-4,156,4,2,0,1,0.0522894524037838,0.0522894524037838,0,0,5,2,3,0.03078043,0.4492360949516296,0.013936929,1,0,0,0,0,0,0,0
156-5,156,5,2,0,1,0.0522894524037838,0.0522894524037838,0,0,4,2,3,0.051116306,0.4492360949516296,0.028810412,1,0,0,0,0,0,0,0
156-6,156,6,2,0,1,0.0522894524037838,0.0522894524037838,0,0,4,3,2,0.033054173,0.4492360949516296,0.012187828,1,0,0,0,0,0,0,0
156-7,156,7,2,0,1,0.0522894524037838,0.0522894524037838,0,0,4,2,2,0.04920858,0.4492360949516296,0.021531748,1,0,0,0,0,0,0,0
156-8,156,8,2,0,1,0.0522894524037838,0.0522894524037838,0,0,2,3,2,0.2517685,0.4492360949516296,0.087704636,1,0,0,0,0,0,0,0
156-9,156,9,2,0,1,0.0522894524037838,0.0522894524037838,0,0,4,3,4,0.19940524,0.4492360949516296,0.07378368,1,0,0,0,0,0,0,0
156-10,156,10,2,0,1,0.0522894524037838,0.0522894524037838,0,0,3,3,4,0.021963486,0.4492360949516296,0.008515904,1,0,0,0,0,0,0,0
156-11,156,11,2,0,1,0.0522894524037838,0.0522894524037838,0,0,3,3,4,0.022879658,0.4492360949516296,0.008689041,1,0,0,0,0,0,0,0
156-12,156,12,2,1,0,0.9477105475962162,0.0522894524037838,0,1,3,3,4,0.40942287,0.4492360949516296,0.23918968,1,1,0,0,0,1,0,1
157-0,157,0,1,1,0,0.0590035319328308,0.9409964680671692,1,0,5,2,4,0.4229627,0.486357569694519,0.17369193,1,0,0,0,1,1,1,1
157-1,157,1,1,1,0,0.0590035319328308,0.9409964680671692,1,0,4,3,4,0.42025352,0.486357569694519,0.19173189,1,0,0,0,1,1,1,1
157-2,157,2,1,1,0,0.0590035319328308,0.9409964680671692,1,0,3,3,4,0.27757496,0.486357569694519,0.12179849,1,0,0,0,1,1,1,1
157-3,157,3,1,1,0,0.0590035319328308,0.9409964680671692,1,0,5,3,4,0.30957523,0.486357569694519,0.12711473,1,0,0,0,1,1,1,1
157-4,157,4,1,1,0,0.0590035319328308,0.9409964680671692,1,0,4,4,3,0.09963142,0.486357569694519,0.055665392,1,0,0,0,1,1,1,1
157-5,157,5,1,1,0,0.0590035319328308,0.9409964680671692,1,0,5,2,3,0.14940289,0.486357569694519,0.061466098,1,0,0,0,1,1,1,1
157-6,157,6,1,0,1,0.9409964680671692,0.9409964680671692,1,1,4,2,2,0.13467114,0.486357569694519,0.07810189,1,1,0,0,1,0,1,0
157-7,157,7,1,1,0,0.0590035319328308,0.9409964680671692,1,0,4,4,2,0.25463042,0.486357569694519,0.1154732,1,0,0,0,1,1,1,1
157-8,157,8,1,1,0,0.0590035319328308,0.9409964680671692,1,0,3,3,2,0.15708166,0.486357569694519,0.061896004,1,0,0,0,1,1,1,1
157-9,157,9,1,1,0,0.0590035319328308,0.9409964680671692,1,0,4,3,4,0.43492973,0.486357569694519,0.18823363,1,0,0,0,1,1,1,1
157-10,157,10,1,1,0,0.0590035319328308,0.9409964680671692,1,0,4,3,4,0.1285426,0.486357569694519,0.049911607,1,0,0,0,1,1,1,1
157-11,157,11,1,1,0,0.0590035319328308,0.9409964680671692,1,0,3,3,4,0.26384604,0.486357569694519,0.12998547,1,0,0,0,1,1,1,1
157-12,157,12,1,1,0,0.0590035319328308,0.9409964680671692,1,0,4,3,4,0.22778334,0.486357569694519,0.1009147,1,0,0,0,1,1,1,1
158-0,158,0,5,0,1,0.025050925090909,0.025050925090909,0,0,5,2,4,0.017185686,0.372329980134964,0.008087779,1,0,0,0,0,0,0,0
158-1,158,1,5,0,1,0.025050925090909,0.025050925090909,0,0,4,3,4,0.051798455,0.372329980134964,0.01921244,1,0,0,0,0,0,0,0
158-2,158,2,5,0,1,0.025050925090909,0.025050925090909,0,0,4,2,4,0.010803019,0.372329980134964,0.006115242,1,0,0,0,0,0,0,0
158-3,158,3,5,0,1,0.025050925090909,0.025050925090909,0,0,4,3,4,0.057230763,0.372329980134964,0.028967865,1,0,0,0,0,0,0,0
158-4,158,4,5,0,1,0.025050925090909,0.025050925090909,0,0,5,2,3,0.014360424,0.372329980134964,0.010642163,1,0,0,0,0,0,0,0
158-5,158,5,5,1,0,0.974949074909091,0.025050925090909,0,1,4,3,3,0.037414912,0.372329980134964,0.061874878,1,1,0,0,0,1,0,1
158-6,158,6,5,1,0,0.974949074909091,0.025050925090909,0,1,4,2,2,0.7244237,0.372329980134964,0.6196633,1,1,1,1,0,1,0,0
158-7,158,7,5,0,1,0.025050925090909,0.025050925090909,0,0,4,3,2,0.049799424,0.372329980134964,0.01950437,1,0,0,0,0,0,0,0
158-8,158,8,5,0,1,0.025050925090909,0.025050925090909,0,0,3,3,2,0.020566318,0.372329980134964,0.008342774,1,0,0,0,0,0,0,0
158-9,158,9,5,0,1,0.025050925090909,0.025050925090909,0,0,4,3,4,0.05286958,0.372329980134964,0.019806648,1,0,0,0,0,0,0,0
158-10,158,10,5,0,1,0.025050925090909,0.025050925090909,0,0,4,2,4,0.00426867,0.372329980134964,0.0034537464,1,0,0,0,0,0,0,0
158-11,158,11,5,0,1,0.025050925090909,0.025050925090909,0,0,3,3,4,0.01150463,0.372329980134964,0.0072861146,1,0,0,0,0,0,0,0
158-12,158,12,5,0,1,0.025050925090909,0.025050925090909,0,0,4,2,4,0.03984818,0.372329980134964,0.014269487,1,0,0,0,0,0,0,0
159-0,159,0,4,1,0,0.047917366027832,0.952082633972168,1,0,5,2,4,0.059750676,0.5368138551712036,0.018586611,1,0,0,0,1,1,1,1
159-1,159,1,4,1,0,0.047917366027832,0.952082633972168,1,0,4,3,4,0.1109804,0.5368138551712036,0.03613071,1,0,0,0,1,1,1,1
159-2,159,2,4,1,0,0.047917366027832,0.952082633972168,1,0,4,3,4,0.31525752,0.5368138551712036,0.0892996,1,0,0,0,1,1,1,1
159-3,159,3,4,1,0,0.047917366027832,0.952082633972168,1,0,4,3,4,0.21780889,0.5368138551712036,0.057122886,1,0,0,0,1,1,1,1
159-4,159,4,4,1,0,0.047917366027832,0.952082633972168,1,0,4,4,3,0.04474841,0.5368138551712036,0.018177697,1,0,0,0,1,1,1,1
159-5,159,5,4,1,0,0.047917366027832,0.952082633972168,1,0,4,3,3,0.046067934,0.5368138551712036,0.021422021,1,0,0,0,1,1,1,1
159-6,159,6,4,1,0,0.047917366027832,0.952082633972168,1,0,4,1,2,0.083406895,0.5368138551712036,0.02625395,1,0,0,0,1,1,1,1
159-7,159,7,4,1,0,0.047917366027832,0.952082633972168,1,0,5,4,2,0.07119245,0.5368138551712036,0.03162698,1,0,0,0,1,1,1,1
159-8,159,8,4,1,0,0.047917366027832,0.952082633972168,1,0,4,3,2,0.1549536,0.5368138551712036,0.049947403,1,0,0,0,1,1,1,1
159-9,159,9,4,1,0,0.047917366027832,0.952082633972168,1,0,5,2,4,0.1784885,0.5368138551712036,0.0616528,1,0,0,0,1,1,1,1
159-10,159,10,4,1,0,0.047917366027832,0.952082633972168,1,0,4,3,4,0.047471713,0.5368138551712036,0.01387204,1,0,0,0,1,1,1,1
159-11,159,11,4,1,0,0.047917366027832,0.952082633972168,1,0,3,3,4,0.13285959,0.5368138551712036,0.044767044,1,0,0,0,1,1,1,1
159-12,159,12,4,1,0,0.047917366027832,0.952082633972168,1,0,4,2,4,0.106516145,0.5368138551712036,0.03254327,1,0,0,0,1,1,1,1
160-0,160,0,4,0,0,0.0313317105174064,0.0313317105174064,0,0,5,2,4,0.028748749,0.5368138551712036,0.010596349,0,0,0,0,1,1,1,1
160-1,160,1,4,0,0,0.0313317105174064,0.0313317105174064,0,0,4,3,4,0.048970878,0.5368138551712036,0.019549418,0,0,0,0,1,1,1,1
160-2,160,2,4,0,0,0.0313317105174064,0.0313317105174064,0,0,4,2,4,0.1420444,0.5368138551712036,0.047161277,0,0,0,0,1,1,1,1
160-3,160,3,4,0,0,0.0313317105174064,0.0313317105174064,0,0,5,2,4,0.07840133,0.5368138551712036,0.024461236,0,0,0,0,1,1,1,1
160-4,160,4,4,0,0,0.0313317105174064,0.0313317105174064,0,0,5,2,3,0.0154263405,0.5368138551712036,0.007534861,0,0,0,0,1,1,1,1
160-5,160,5,4,0,0,0.0313317105174064,0.0313317105174064,0,0,4,2,3,0.017143784,0.5368138551712036,0.010929119,0,0,0,0,1,1,1,1
160-6,160,6,4,0,0,0.0313317105174064,0.0313317105174064,0,0,4,2,2,0.039912622,0.5368138551712036,0.015187045,0,0,0,0,1,1,1,1
160-7,160,7,4,0,0,0.0313317105174064,0.0313317105174064,0,0,4,3,2,0.04397567,0.5368138551712036,0.019169744,0,0,0,0,1,1,1,1
160-8,160,8,4,0,0,0.0313317105174064,0.0313317105174064,0,0,3,3,2,0.07545639,0.5368138551712036,0.027962072,0,0,0,0,1,1,1,1
160-9,160,9,4,0,0,0.0313317105174064,0.0313317105174064,0,0,4,2,4,0.10359067,0.5368138551712036,0.041699685,0,0,0,0,1,1,1,1
160-10,160,10,4,0,0,0.0313317105174064,0.0313317105174064,0,0,4,3,4,0.021744855,0.5368138551712036,0.0077615944,0,0,0,0,1,1,1,1
160-11,160,11,4,0,0,0.0313317105174064,0.0313317105174064,0,0,3,3,4,0.060141772,0.5368138551712036,0.02384278,0,0,0,0,1,1,1,1
160-12,160,12,4,0,0,0.0313317105174064,0.0313317105174064,0,0,4,2,4,0.048446618,0.5368138551712036,0.018800147,0,0,0,0,1,1,1,1
161-0,161,0,2,0,0,0.0652729719877243,0.0652729719877243,0,0,4,3,4,0.09483771,0.4492360949516296,0.03288214,0,0,0,0,1,1,1,1
161-1,161,1,2,0,0,0.0652729719877243,0.0652729719877243,0,0,4,3,4,0.13867685,0.4492360949516296,0.05350519,0,0,0,0,1,1,1,1
161-2,161,2,2,0,0,0.0652729719877243,0.0652729719877243,0,0,4,2,4,0.18873796,0.4492360949516296,0.07095148,0,0,0,0,1,1,1,1
161-3,161,3,2,0,0,0.0652729719877243,0.0652729719877243,0,0,4,3,4,0.21153025,0.4492360949516296,0.06806785,0,0,0,0,1,1,1,1
161-4,161,4,2,0,0,0.0652729719877243,0.0652729719877243,0,0,5,2,3,0.031876907,0.4492360949516296,0.013813574,0,0,0,0,1,1,1,1
161-5,161,5,2,0,0,0.0652729719877243,0.0652729719877243,0,0,3,3,3,0.06417176,0.4492360949516296,0.032380056,0,0,0,0,1,1,1,1
161-6,161,6,2,0,0,0.0652729719877243,0.0652729719877243,0,0,4,3,2,0.034228787,0.4492360949516296,0.012288435,0,0,0,0,1,1,1,1
161-7,161,7,2,0,0,0.0652729719877243,0.0652729719877243,0,0,5,2,2,0.036763236,0.4492360949516296,0.015253978,0,0,0,0,1,1,1,1
161-8,161,8,2,1,1,0.9347270280122756,0.0652729719877243,0,1,2,3,2,0.77291036,0.4492360949516296,0.5163186,0,1,1,1,1,0,1,1
161-9,161,9,2,0,0,0.0652729719877243,0.0652729719877243,0,0,5,2,4,0.1703113,0.4492360949516296,0.058082756,0,0,0,0,1,1,1,1
161-10,161,10,2,0,0,0.0652729719877243,0.0652729719877243,0,0,3,2,4,0.019596292,0.4492360949516296,0.00852543,0,0,0,0,1,1,1,1
161-11,161,11,2,0,0,0.0652729719877243,0.0652729719877243,0,0,3,3,4,0.023701573,0.4492360949516296,0.008998614,0,0,0,0,1,1,1,1
161-12,161,12,2,0,0,0.0652729719877243,0.0652729719877243,0,0,4,3,4,0.073187,0.4492360949516296,0.024408523,0,0,0,0,1,1,1,1
162-0,162,0,2,1,0,0.0992535948753355,0.9007464051246644,1,0,5,2,4,0.09023915,0.4492360949516296,0.03781392,1,0,0,0,1,1,1,1
162-1,162,1,2,1,0,0.0992535948753355,0.9007464051246644,1,0,4,3,4,0.17303053,0.4492360949516296,0.09040504,1,0,0,0,1,1,1,1
162-2,162,2,2,1,0,0.0992535948753355,0.9007464051246644,1,0,4,3,4,0.24027677,0.4492360949516296,0.11400373,1,0,0,0,1,1,1,1
162-3,162,3,2,1,0,0.0992535948753355,0.9007464051246644,1,0,5,3,4,0.21854863,0.4492360949516296,0.08344808,1,0,0,0,1,1,1,1
162-4,162,4,2,1,0,0.0992535948753355,0.9007464051246644,1,0,5,4,3,0.044281475,0.4492360949516296,0.022029106,1,0,0,0,1,1,1,1
162-5,162,5,2,1,0,0.0992535948753355,0.9007464051246644,1,0,5,3,3,0.05167982,0.4492360949516296,0.03299344,1,0,0,0,1,1,1,1
162-6,162,6,2,1,0,0.0992535948753355,0.9007464051246644,1,0,4,3,2,0.04010508,0.4492360949516296,0.019049546,1,0,0,0,1,1,1,1
162-7,162,7,2,1,0,0.0992535948753355,0.9007464051246644,1,0,4,3,2,0.068352595,0.4492360949516296,0.03577761,1,0,0,0,1,1,1,1
162-8,162,8,2,1,0,0.0992535948753355,0.9007464051246644,1,0,3,3,2,0.27846164,0.4492360949516296,0.118817866,1,0,0,0,1,1,1,1
162-9,162,9,2,1,0,0.0992535948753355,0.9007464051246644,1,0,4,4,4,0.2870489,0.4492360949516296,0.14240864,1,0,0,0,1,1,1,1
162-10,162,10,2,1,0,0.0992535948753355,0.9007464051246644,1,0,4,3,4,0.02563837,0.4492360949516296,0.013225349,1,0,0,0,1,1,1,1
162-11,162,11,2,1,0,0.0992535948753355,0.9007464051246644,1,0,3,3,4,0.030474517,0.4492360949516296,0.015448563,1,0,0,0,1,1,1,1
162-12,162,12,2,1,0,0.0992535948753355,0.9007464051246644,1,0,4,3,4,0.090641566,0.4492360949516296,0.039718214,1,0,0,0,1,1,1,1
163-0,163,0,2,0,1,0.1137269362807273,0.1137269362807273,0,0,5,2,4,0.14349948,0.4492360949516296,0.056063343,1,0,0,0,0,0,0,0
163-1,163,1,2,0,1,0.1137269362807273,0.1137269362807273,0,0,4,3,4,0.30637494,0.4492360949516296,0.13359098,1,0,0,0,0,0,0,0
163-2,163,2,2,0,1,0.1137269362807273,0.1137269362807273,0,0,2,3,4,0.46921176,0.4492360949516296,0.21850814,1,0,0,0,0,0,0,0
163-3,163,3,2,0,1,0.1137269362807273,0.1137269362807273,0,0,4,3,4,0.42922595,0.4492360949516296,0.16612516,1,0,0,0,0,0,0,0
163-4,163,4,2,0,1,0.1137269362807273,0.1137269362807273,0,0,4,3,3,0.111231215,0.4492360949516296,0.05355184,1,0,0,0,0,0,0,0
163-5,163,5,2,0,1,0.1137269362807273,0.1137269362807273,0,0,4,2,3,0.12478806,0.4492360949516296,0.07361116,1,0,0,0,0,0,0,0
163-6,163,6,2,0,1,0.1137269362807273,0.1137269362807273,0,0,3,3,2,0.071286626,0.4492360949516296,0.035129342,1,0,0,0,0,0,0,0
163-7,163,7,2,1,0,0.8862730637192727,0.1137269362807273,0,1,4,4,2,0.2047197,0.4492360949516296,0.08543452,1,1,0,0,0,1,0,1
163-8,163,8,2,0,1,0.1137269362807273,0.1137269362807273,0,0,3,3,2,0.45165494,0.4492360949516296,0.18595935,1,0,0,0,0,0,0,0
163-9,163,9,2,0,1,0.1137269362807273,0.1137269362807273,0,0,4,3,4,0.41467273,0.4492360949516296,0.17972156,1,0,0,0,0,0,0,0
163-10,163,10,2,0,1,0.1137269362807273,0.1137269362807273,0,0,3,2,4,0.047262993,0.4492360949516296,0.022014482,1,0,0,0,0,0,0,0
163-11,163,11,2,0,1,0.1137269362807273,0.1137269362807273,0,0,3,3,4,0.062053423,0.4492360949516296,0.024706507,1,0,0,0,0,0,0,0
163-12,163,12,2,0,1,0.1137269362807273,0.1137269362807273,0,0,4,3,4,0.181233,0.4492360949516296,0.063882336,1,0,0,0,0,0,0,0
164-0,164,0,4,0,0,0.0924758166074752,0.0924758166074752,0,0,5,2,4,0.032226052,0.5368138551712036,0.011437592,0,0,0,0,1,1,1,1
164-1,164,1,4,0,0,0.0924758166074752,0.0924758166074752,0,0,4,3,4,0.063239925,0.5368138551712036,0.024222704,0,0,0,0,1,1,1,1
164-2,164,2,4,0,0,0.0924758166074752,0.0924758166074752,0,0,4,3,4,0.20101947,0.5368138551712036,0.06055239,0,0,0,0,1,1,1,1
164-3,164,3,4,0,0,0.0924758166074752,0.0924758166074752,0,0,5,2,4,0.09274129,0.5368138551712036,0.027648173,0,0,0,0,1,1,1,1
164-4,164,4,4,0,0,0.0924758166074752,0.0924758166074752,0,0,5,2,3,0.017320981,0.5368138551712036,0.008135052,0,0,0,0,1,1,1,1
164-5,164,5,4,0,0,0.0924758166074752,0.0924758166074752,0,0,4,3,3,0.025451519,0.5368138551712036,0.014289871,0,0,0,0,1,1,1,1
164-6,164,6,4,1,1,0.9075241833925248,0.0924758166074752,0,1,3,3,2,0.24834014,0.5368138551712036,0.1053974,0,1,0,0,1,0,1,0
164-7,164,7,4,0,0,0.0924758166074752,0.0924758166074752,0,0,4,2,2,0.046867765,0.5368138551712036,0.020525621,0,0,0,0,1,1,1,1
164-8,164,8,4,0,0,0.0924758166074752,0.0924758166074752,0,0,3,3,2,0.09147249,0.5368138551712036,0.03233421,0,0,0,0,1,1,1,1
164-9,164,9,4,0,0,0.0924758166074752,0.0924758166074752,0,0,4,3,4,0.1388537,0.5368138551712036,0.05045836,0,0,0,0,1,1,1,1
164-10,164,10,4,0,0,0.0924758166074752,0.0924758166074752,0,0,4,2,4,0.02393845,0.5368138551712036,0.008425063,0,0,0,0,1,1,1,1
164-11,164,11,4,0,0,0.0924758166074752,0.0924758166074752,0,0,3,3,4,0.07895488,0.5368138551712036,0.03056494,0,0,0,0,1,1,1,1
164-12,164,12,4,0,0,0.0924758166074752,0.0924758166074752,0,0,4,2,4,0.059615508,0.5368138551712036,0.021131512,0,0,0,0,1,1,1,1
165-0,165,0,1,1,0,0.0464619398117064,0.9535380601882936,1,0,5,3,4,0.109036036,0.486357569694519,0.039630942,1,0,0,0,1,1,1,1
165-1,165,1,1,1,0,0.0464619398117064,0.9535380601882936,1,0,4,3,4,0.10054429,0.486357569694519,0.03926986,1,0,0,0,1,1,1,1
165-2,165,2,1,1,0,0.0464619398117064,0.9535380601882936,1,0,4,3,4,0.052633967,0.486357569694519,0.021341136,1,0,0,0,1,1,1,1
165-3,165,3,1,1,0,0.0464619398117064,0.9535380601882936,1,0,4,3,4,0.06717073,0.486357569694519,0.024834482,1,0,0,0,1,1,1,1
165-4,165,4,1,1,0,0.0464619398117064,0.9535380601882936,1,0,4,3,3,0.017615734,0.486357569694519,0.009845718,1,0,0,0,1,1,1,1
165-5,165,5,1,1,0,0.0464619398117064,0.9535380601882936,1,0,4,3,3,0.029821087,0.486357569694519,0.013177647,1,0,0,0,1,1,1,1
165-6,165,6,1,1,0,0.0464619398117064,0.9535380601882936,1,0,4,3,2,0.029213756,0.486357569694519,0.01145509,1,0,0,0,1,1,1,1
165-7,165,7,1,1,0,0.0464619398117064,0.9535380601882936,1,0,3,4,2,0.047622517,0.486357569694519,0.021133265,1,0,0,0,1,1,1,1
165-8,165,8,1,1,0,0.0464619398117064,0.9535380601882936,1,0,3,3,2,0.026708106,0.486357569694519,0.010710807,1,0,0,0,1,1,1,1
165-9,165,9,1,1,0,0.0464619398117064,0.9535380601882936,1,0,4,3,4,0.10609884,0.486357569694519,0.03842115,1,0,0,0,1,1,1,1
165-10,165,10,1,1,0,0.0464619398117064,0.9535380601882936,1,0,3,3,4,0.02077812,0.486357569694519,0.008705062,1,0,0,0,1,1,1,1
165-11,165,11,1,1,0,0.0464619398117064,0.9535380601882936,1,0,3,3,4,0.048305154,0.486357569694519,0.022961902,1,0,0,0,1,1,1,1
165-12,165,12,1,1,0,0.0464619398117064,0.9535380601882936,1,0,3,3,4,0.042153012,0.486357569694519,0.018682418,1,0,0,0,1,1,1,1
166-0,166,0,3,1,0,0.7098604440689087,0.2901395559310913,0,1,5,2,4,0.18373096,0.4455930888652801,0.08909181,1,1,0,0,0,1,0,1
166-1,166,1,3,1,0,0.7098604440689087,0.2901395559310913,0,1,4,3,4,0.18280864,0.4455930888652801,0.0845748,1,1,0,0,0,1,0,1
166-2,166,2,3,1,0,0.7098604440689087,0.2901395559310913,0,1,4,2,4,0.048100285,0.4455930888652801,0.025474066,1,1,0,0,0,1,0,1
166-3,166,3,3,1,0,0.7098604440689087,0.2901395559310913,0,1,5,2,4,0.44509587,0.4455930888652801,0.1806312,1,1,0,0,0,1,0,1
166-4,166,4,3,1,0,0.7098604440689087,0.2901395559310913,0,1,5,1,3,0.057433378,0.4455930888652801,0.024448205,1,1,0,0,0,1,0,1
166-5,166,5,3,1,0,0.7098604440689087,0.2901395559310913,0,1,5,2,3,0.18714423,0.4455930888652801,0.100978404,1,1,0,0,0,1,0,1
166-6,166,6,3,1,0,0.7098604440689087,0.2901395559310913,0,1,4,2,2,0.043892987,0.4455930888652801,0.023159446,1,1,0,0,0,1,0,1
166-7,166,7,3,1,0,0.7098604440689087,0.2901395559310913,0,1,5,3,2,0.12166756,0.4455930888652801,0.049042515,1,1,0,0,0,1,0,1
166-8,166,8,3,1,0,0.7098604440689087,0.2901395559310913,0,1,3,3,2,0.06511125,0.4455930888652801,0.046366747,1,1,0,0,0,1,0,1
166-9,166,9,3,1,0,0.7098604440689087,0.2901395559310913,0,1,5,2,4,0.21985929,0.4455930888652801,0.09331293,1,1,0,0,0,1,0,1
166-10,166,10,3,1,0,0.7098604440689087,0.2901395559310913,0,1,4,2,4,0.034956638,0.4455930888652801,0.023394084,1,1,0,0,0,1,0,1
166-11,166,11,3,1,0,0.7098604440689087,0.2901395559310913,0,1,3,3,4,0.082286075,0.4455930888652801,0.06494492,1,1,0,0,0,1,0,1
166-12,166,12,3,1,0,0.7098604440689087,0.2901395559310913,0,1,4,2,4,0.16927521,0.4455930888652801,0.08051292,1,1,0,0,0,1,0,1
167-0,167,0,1,0,0,0.8818249106407166,0.8818249106407166,1,1,5,2,4,0.5362396,0.486357569694519,0.2671388,0,1,1,0,0,1,0,0
167-1,167,1,1,0,0,0.8818249106407166,0.8818249106407166,1,1,4,3,4,0.59274894,0.486357569694519,0.30727285,0,1,1,0,0,1,0,0
167-2,167,2,1,0,0,0.8818249106407166,0.8818249106407166,1,1,2,4,4,0.4633527,0.486357569694519,0.22826979,0,1,0,0,0,1,0,1
167-3,167,3,1,0,0,0.8818249106407166,0.8818249106407166,1,1,4,3,4,0.4332667,0.486357569694519,0.21788433,0,1,0,0,0,1,0,1
167-4,167,4,1,0,0,0.8818249106407166,0.8818249106407166,1,1,4,3,3,0.22446805,0.486357569694519,0.115430124,0,1,0,0,0,1,0,1
167-5,167,5,1,0,0,0.8818249106407166,0.8818249106407166,1,1,4,3,3,0.28368682,0.486357569694519,0.12745713,0,1,0,0,0,1,0,1
167-6,167,6,1,0,0,0.8818249106407166,0.8818249106407166,1,1,4,4,2,0.21539858,0.486357569694519,0.10294041,0,1,0,0,0,1,0,1
167-7,167,7,1,0,0,0.8818249106407166,0.8818249106407166,1,1,5,2,2,0.27939507,0.486357569694519,0.13376325,0,1,0,0,0,1,0,1
167-8,167,8,1,1,1,0.1181750893592834,0.8818249106407166,1,0,3,3,2,0.037509978,0.486357569694519,0.013920733,0,0,0,0,0,0,0,0
167-9,167,9,1,0,0,0.8818249106407166,0.8818249106407166,1,1,4,4,4,0.60714054,0.486357569694519,0.3047454,0,1,1,0,0,1,0,0
167-10,167,10,1,0,0,0.8818249106407166,0.8818249106407166,1,1,3,3,4,0.07636681,0.486357569694519,0.04656008,0,1,0,0,0,1,0,1
167-11,167,11,1,0,0,0.8818249106407166,0.8818249106407166,1,1,3,3,4,0.4294221,0.486357569694519,0.21286203,0,1,0,0,0,1,0,1
167-12,167,12,1,0,0,0.8818249106407166,0.8818249106407166,1,1,4,3,4,0.30440196,0.486357569694519,0.13877355,0,1,0,0,0,1,0,1
168-0,168,0,1,1,1,0.6133941411972046,0.3866058588027954,0,1,4,3,4,0.5215542,0.486357569694519,0.24574608,0,1,1,0,1,0,1,1
168-1,168,1,1,0,0,0.3866058588027954,0.3866058588027954,0,0,4,3,4,0.33006218,0.486357569694519,0.13029593,0,0,0,0,1,1,1,1
168-2,168,2,1,0,0,0.3866058588027954,0.3866058588027954,0,0,4,2,4,0.19533093,0.486357569694519,0.079509236,0,0,0,0,1,1,1,1
168-3,168,3,1,0,0,0.3866058588027954,0.3866058588027954,0,0,4,3,4,0.24370492,0.486357569694519,0.09772513,0,0,0,0,1,1,1,1
168-4,168,4,1,0,0,0.3866058588027954,0.3866058588027954,0,0,5,2,3,0.06403912,0.486357569694519,0.029444741,0,0,0,0,1,1,1,1
168-5,168,5,1,0,0,0.3866058588027954,0.3866058588027954,0,0,3,3,3,0.14343879,0.486357569694519,0.060019832,0,0,0,0,1,1,1,1
168-6,168,6,1,1,1,0.6133941411972046,0.3866058588027954,0,1,3,2,2,0.16720192,0.486357569694519,0.07830743,0,1,0,0,1,0,1,0
168-7,168,7,1,0,0,0.3866058588027954,0.3866058588027954,0,0,4,2,2,0.16959988,0.486357569694519,0.0703349,0,0,0,0,1,1,1,1
168-8,168,8,1,1,1,0.6133941411972046,0.3866058588027954,0,1,3,3,2,0.15218197,0.486357569694519,0.07203334,0,1,0,0,1,0,1,0
168-9,168,9,1,0,0,0.3866058588027954,0.3866058588027954,0,0,4,3,4,0.34345463,0.486357569694519,0.12774146,0,0,0,0,1,1,1,1
168-10,168,10,1,0,0,0.3866058588027954,0.3866058588027954,0,0,3,3,4,0.057612807,0.486357569694519,0.029126806,0,0,0,0,1,1,1,1
168-11,168,11,1,0,0,0.3866058588027954,0.3866058588027954,0,0,3,3,4,0.21044937,0.486357569694519,0.090453304,0,0,0,0,1,1,1,1
168-12,168,12,1,0,0,0.3866058588027954,0.3866058588027954,0,0,4,3,4,0.16648184,0.486357569694519,0.06579902,0,0,0,0,1,1,1,1
169-0,169,0,5,0,0,0.9743682146072388,0.9743682146072388,1,1,5,2,4,0.21303464,0.372329980134964,0.12538679,0,1,0,0,0,1,0,1
169-1,169,1,5,0,0,0.9743682146072388,0.9743682146072388,1,1,4,3,4,0.5555183,0.372329980134964,0.33549708,0,1,1,0,0,1,0,0
169-2,169,2,5,0,0,0.9743682146072388,0.9743682146072388,1,1,4,2,4,0.15785123,0.372329980134964,0.108091414,0,1,0,0,0,1,0,1
169-3,169,3,5,0,0,0.9743682146072388,0.9743682146072388,1,1,5,2,4,0.39381748,0.372329980134964,0.30408922,0,1,0,0,0,1,0,1
169-4,169,4,5,0,0,0.9743682146072388,0.9743682146072388,1,1,5,2,3,0.23398659,0.372329980134964,0.1519238,0,1,0,0,0,1,0,1
169-5,169,5,5,0,0,0.9743682146072388,0.9743682146072388,1,1,4,2,3,0.02174944,0.372329980134964,0.02439994,0,1,0,0,0,1,0,1
169-6,169,6,5,0,0,0.9743682146072388,0.9743682146072388,1,1,4,2,2,0.5535226,0.372329980134964,0.39097157,0,1,1,0,0,1,0,0
169-7,169,7,5,0,0,0.9743682146072388,0.9743682146072388,1,1,5,2,2,0.37170562,0.372329980134964,0.1851899,0,1,0,0,0,1,0,1
169-8,169,8,5,0,0,0.9743682146072388,0.9743682146072388,1,1,3,2,2,0.2725225,0.372329980134964,0.12084604,0,1,0,0,0,1,0,1
169-9,169,9,5,0,0,0.9743682146072388,0.9743682146072388,1,1,4,1,4,0.56044513,0.372329980134964,0.34009242,0,1,1,0,0,1,0,0
169-10,169,10,5,1,1,0.0256317853927612,0.9743682146072388,1,0,4,3,4,0.0063223434,0.372329980134964,0.0034659735,0,0,0,0,0,0,0,0
169-11,169,11,5,0,0,0.9743682146072388,0.9743682146072388,1,1,3,3,4,0.17014326,0.372329980134964,0.11746724,0,1,0,0,0,1,0,1
169-12,169,12,5,0,0,0.9743682146072388,0.9743682146072388,1,1,4,2,4,0.39127794,0.372329980134964,0.21766986,0,1,0,0,0,1,0,1
170-0,170,0,3,0,0,0.1512473821640014,0.1512473821640014,0,0,5,2,4,0.11440833,0.4455930888652801,0.051681608,0,0,0,0,1,1,1,1
170-1,170,1,3,0,0,0.1512473821640014,0.1512473821640014,0,0,4,3,4,0.10273482,0.4455930888652801,0.044798683,0,0,0,0,1,1,1,1
170-2,170,2,3,0,0,0.1512473821640014,0.1512473821640014,0,0,4,2,4,0.03020879,0.4455930888652801,0.015549391,0,0,0,0,1,1,1,1
170-3,170,3,3,0,0,0.1512473821640014,0.1512473821640014,0,0,5,2,4,0.31221485,0.4455930888652801,0.10996162,0,0,0,0,1,1,1,1
170-4,170,4,3,0,0,0.1512473821640014,0.1512473821640014,0,0,4,2,3,0.04118986,0.4455930888652801,0.020484384,0,0,0,0,1,1,1,1
170-5,170,5,3,0,0,0.1512473821640014,0.1512473821640014,0,0,5,2,3,0.11527529,0.4455930888652801,0.056622207,0,0,0,0,1,1,1,1
170-6,170,6,3,0,0,0.1512473821640014,0.1512473821640014,0,0,4,1,2,0.019758618,0.4455930888652801,0.011553362,0,0,0,0,1,1,1,1
170-7,170,7,3,0,0,0.1512473821640014,0.1512473821640014,0,0,5,1,2,0.055672072,0.4455930888652801,0.022755858,0,0,0,0,1,1,1,1
170-8,170,8,3,0,0,0.1512473821640014,0.1512473821640014,0,0,3,3,2,0.029639617,0.4455930888652801,0.021363355,0,0,0,0,1,1,1,1
170-9,170,9,3,0,0,0.1512473821640014,0.1512473821640014,0,0,5,1,4,0.10562174,0.4455930888652801,0.04639878,0,0,0,0,1,1,1,1
170-10,170,10,3,0,0,0.1512473821640014,0.1512473821640014,0,0,3,3,4,0.04547778,0.4455930888652801,0.019109432,0,0,0,0,1,1,1,1
170-11,170,11,3,0,0,0.1512473821640014,0.1512473821640014,0,0,3,3,4,0.03461711,0.4455930888652801,0.029763758,0,0,0,0,1,1,1,1
170-12,170,12,3,0,0,0.1512473821640014,0.1512473821640014,0,0,4,2,4,0.09492992,0.4455930888652801,0.04307217,0,0,0,0,1,1,1,1
171-0,171,0,3,1,0,0.5221280455589294,0.4778719544410705,0,1,5,2,4,0.14186068,0.4455930888652801,0.07761237,1,1,0,0,0,1,0,1
171-1,171,1,3,0,1,0.4778719544410705,0.4778719544410705,0,0,4,3,4,0.15129304,0.4455930888652801,0.06739223,1,0,0,0,0,0,0,0
171-2,171,2,3,1,0,0.5221280455589294,0.4778719544410705,0,1,4,3,4,0.03710826,0.4455930888652801,0.02183125,1,1,0,0,0,1,0,1
171-3,171,3,3,1,0,0.5221280455589294,0.4778719544410705,0,1,4,3,4,0.468442,0.4455930888652801,0.21247551,1,1,0,0,0,1,0,1
171-4,171,4,3,1,0,0.5221280455589294,0.4778719544410705,0,1,5,4,3,0.051618706,0.4455930888652801,0.023689074,1,1,0,0,0,1,0,1
171-5,171,5,3,1,0,0.5221280455589294,0.4778719544410705,0,1,4,2,3,0.19876625,0.4455930888652801,0.11623918,1,1,0,0,0,1,0,1
171-6,171,6,3,1,0,0.5221280455589294,0.4778719544410705,0,1,4,2,2,0.03521274,0.4455930888652801,0.019630501,1,1,0,0,0,1,0,1
171-7,171,7,3,1,0,0.5221280455589294,0.4778719544410705,0,1,4,3,2,0.13293697,0.4455930888652801,0.063994445,1,1,0,0,0,1,0,1
171-8,171,8,3,1,0,0.5221280455589294,0.4778719544410705,0,1,3,3,2,0.04447819,0.4455930888652801,0.037358925,1,1,0,0,0,1,0,1
171-9,171,9,3,1,0,0.5221280455589294,0.4778719544410705,0,1,3,4,4,0.2790852,0.4455930888652801,0.14147604,1,1,0,0,0,1,0,1
171-10,171,10,3,1,0,0.5221280455589294,0.4778719544410705,0,1,4,2,4,0.030497823,0.4455930888652801,0.023214694,1,1,0,0,0,1,0,1
171-11,171,11,3,1,0,0.5221280455589294,0.4778719544410705,0,1,3,3,4,0.05673636,0.4455930888652801,0.051233616,1,1,0,0,0,1,0,1
171-12,171,12,3,1,0,0.5221280455589294,0.4778719544410705,0,1,4,2,4,0.14236414,0.4455930888652801,0.069293454,1,1,0,0,0,1,0,1
172-0,172,0,1,1,0,0.1809257268905639,0.819074273109436,1,0,5,2,4,0.22965218,0.486357569694519,0.079592966,1,0,0,0,1,1,1,1
172-1,172,1,1,0,1,0.819074273109436,0.819074273109436,1,1,4,3,4,0.4106511,0.486357569694519,0.16887003,1,1,0,0,1,0,1,0
172-2,172,2,1,1,0,0.1809257268905639,0.819074273109436,1,0,3,3,4,0.12947866,0.486357569694519,0.049362928,1,0,0,0,1,1,1,1
172-3,172,3,1,1,0,0.1809257268905639,0.819074273109436,1,0,4,4,4,0.15007754,0.486357569694519,0.055476524,1,0,0,0,1,1,1,1
172-4,172,4,1,1,0,0.1809257268905639,0.819074273109436,1,0,4,4,3,0.041490216,0.486357569694519,0.02173,1,0,0,0,1,1,1,1
172-5,172,5,1,1,0,0.1809257268905639,0.819074273109436,1,0,5,2,3,0.06765893,0.486357569694519,0.026624694,1,0,0,0,1,1,1,1
172-6,172,6,1,1,0,0.1809257268905639,0.819074273109436,1,0,4,3,2,0.06681875,0.486357569694519,0.02320207,1,0,0,0,1,1,1,1
172-7,172,7,1,1,0,0.1809257268905639,0.819074273109436,1,0,4,4,2,0.11018051,0.486357569694519,0.042992506,1,0,0,0,1,1,1,1
172-8,172,8,1,1,0,0.1809257268905639,0.819074273109436,1,0,3,2,2,0.060661852,0.486357569694519,0.020278858,1,0,0,0,1,1,1,1
172-9,172,9,1,1,0,0.1809257268905639,0.819074273109436,1,0,5,2,4,0.2108332,0.486357569694519,0.06913429,1,0,0,0,1,1,1,1
172-10,172,10,1,1,0,0.1809257268905639,0.819074273109436,1,0,3,4,4,0.045264386,0.486357569694519,0.018077431,1,0,0,0,1,1,1,1
172-11,172,11,1,1,0,0.1809257268905639,0.819074273109436,1,0,3,3,4,0.11511328,0.486357569694519,0.047906183,1,0,0,0,1,1,1,1
172-12,172,12,1,1,0,0.1809257268905639,0.819074273109436,1,0,3,3,4,0.104523264,0.486357569694519,0.038536217,1,0,0,0,1,1,1,1
173-0,173,0,2,0,0,0.1434898823499679,0.1434898823499679,0,0,5,2,4,0.11752064,0.4492360949516296,0.04452784,0,0,0,0,1,1,1,1
173-1,173,1,2,0,0,0.1434898823499679,0.1434898823499679,0,0,4,3,4,0.2633761,0.4492360949516296,0.10785572,0,0,0,0,1,1,1,1
173-2,173,2,2,0,0,0.1434898823499679,0.1434898823499679,0,0,4,3,4,0.3574972,0.4492360949516296,0.1390855,0,0,0,0,1,1,1,1
173-3,173,3,2,0,0,0.1434898823499679,0.1434898823499679,0,0,4,3,4,0.37334368,0.4492360949516296,0.13251059,0,0,0,0,1,1,1,1
173-4,173,4,2,0,0,0.1434898823499679,0.1434898823499679,0,0,4,3,3,0.09350428,0.4492360949516296,0.042890996,0,0,0,0,1,1,1,1
173-5,173,5,2,0,0,0.1434898823499679,0.1434898823499679,0,0,4,3,3,0.117838524,0.4492360949516296,0.062933005,0,0,0,0,1,1,1,1
173-6,173,6,2,1,1,0.856510117650032,0.1434898823499679,0,1,4,4,2,0.049103756,0.4492360949516296,0.028168466,0,1,0,0,1,0,1,0
173-7,173,7,2,0,0,0.1434898823499679,0.1434898823499679,0,0,4,3,2,0.114826165,0.4492360949516296,0.04791198,0,0,0,0,1,1,1,1
173-8,173,8,2,1,1,0.856510117650032,0.1434898823499679,0,1,2,3,2,0.5569797,0.4492360949516296,0.28705588,0,1,1,0,1,0,1,1
173-9,173,9,2,0,0,0.1434898823499679,0.1434898823499679,0,0,4,3,4,0.373546,0.4492360949516296,0.14960343,0,0,0,0,1,1,1,1
173-10,173,10,2,0,0,0.1434898823499679,0.1434898823499679,0,0,3,2,4,0.03722819,0.4492360949516296,0.016708275,0,0,0,0,1,1,1,1
173-11,173,11,2,0,0,0.1434898823499679,0.1434898823499679,0,0,3,3,4,0.04980341,0.4492360949516296,0.019053422,0,0,0,0,1,1,1,1
173-12,173,12,2,1,1,0.856510117650032,0.1434898823499679,0,1,3,3,4,0.2065879,0.4492360949516296,0.10647084,0,1,0,0,1,0,1,0
174-0,174,0,5,0,0,0.070854514837265,0.070854514837265,0,0,5,2,4,0.040977865,0.372329980134964,0.01603737,0,0,0,0,1,1,1,1
174-1,174,1,5,0,0,0.070854514837265,0.070854514837265,0,0,4,3,4,0.117767274,0.372329980134964,0.040784337,0,0,0,0,1,1,1,1
174-2,174,2,5,0,0,0.070854514837265,0.070854514837265,0,0,4,3,4,0.02722773,0.372329980134964,0.0124949645,0,0,0,0,1,1,1,1
174-3,174,3,5,0,0,0.070854514837265,0.070854514837265,0,0,4,3,4,0.13324302,0.372329980134964,0.06049649,0,0,0,0,1,1,1,1
174-4,174,4,5,0,0,0.070854514837265,0.070854514837265,0,0,4,3,3,0.038869396,0.372329980134964,0.021154726,0,0,0,0,1,1,1,1
174-5,174,5,5,0,0,0.070854514837265,0.070854514837265,0,0,5,3,3,0.010012091,0.372329980134964,0.004973118,0,0,0,0,1,1,1,1
174-6,174,6,5,1,1,0.929145485162735,0.070854514837265,0,1,2,4,2,0.60546285,0.372329980134964,0.36478558,0,1,1,0,1,0,1,1
174-7,174,7,5,0,0,0.070854514837265,0.070854514837265,0,0,5,2,2,0.096533425,0.372329980134964,0.028799621,0,0,0,0,1,1,1,1
174-8,174,8,5,0,0,0.070854514837265,0.070854514837265,0,0,3,3,2,0.054519802,0.372329980134964,0.0142791215,0,0,0,0,1,1,1,1
174-9,174,9,5,0,0,0.070854514837265,0.070854514837265,0,0,4,2,4,0.11985865,0.372329980134964,0.042032674,0,0,0,0,1,1,1,1
174-10,174,10,5,1,1,0.929145485162735,0.070854514837265,0,1,2,4,4,0.022002006,0.372329980134964,0.02278492,0,1,0,0,1,0,1,0
174-11,174,11,5,0,0,0.070854514837265,0.070854514837265,0,0,3,3,4,0.029774362,0.372329980134964,0.01427933,0,0,0,0,1,1,1,1
174-12,174,12,5,0,0,0.070854514837265,0.070854514837265,0,0,4,3,4,0.10013223,0.372329980134964,0.028908681,0,0,0,0,1,1,1,1
175-0,175,0,1,1,0,0.0285502076148987,0.9714497923851012,1,0,5,2,4,0.106904216,0.486357569694519,0.03816327,1,0,0,0,1,1,1,1
175-1,175,1,1,0,1,0.9714497923851012,0.9714497923851012,1,1,4,3,4,0.80249065,0.486357569694519,0.5966409,1,1,1,1,1,0,1,1
175-2,175,2,1,1,0,0.0285502076148987,0.9714497923851012,1,0,5,3,4,0.04882928,0.486357569694519,0.019676883,1,0,0,0,1,1,1,1
175-3,175,3,1,1,0,0.0285502076148987,0.9714497923851012,1,0,5,1,4,0.056845978,0.486357569694519,0.02147319,1,0,0,0,1,1,1,1
175-4,175,4,1,1,0,0.0285502076148987,0.9714497923851012,1,0,5,3,3,0.016479595,0.486357569694519,0.009189816,1,0,0,0,1,1,1,1
175-5,175,5,1,1,0,0.0285502076148987,0.9714497923851012,1,0,5,2,3,0.027883813,0.486357569694519,0.012009998,1,0,0,0,1,1,1,1
175-6,175,6,1,1,0,0.0285502076148987,0.9714497923851012,1,0,4,1,2,0.025561206,0.486357569694519,0.010436371,1,0,0,0,1,1,1,1
175-7,175,7,1,1,0,0.0285502076148987,0.9714497923851012,1,0,5,3,2,0.039550226,0.486357569694519,0.019557906,1,0,0,0,1,1,1,1
175-8,175,8,1,1,0,0.0285502076148987,0.9714497923851012,1,0,3,2,2,0.026342794,0.486357569694519,0.0108390525,1,0,0,0,1,1,1,1
175-9,175,9,1,1,0,0.0285502076148987,0.9714497923851012,1,0,5,2,4,0.101312496,0.486357569694519,0.035449587,1,0,0,0,1,1,1,1
175-10,175,10,1,1,0,0.0285502076148987,0.9714497923851012,1,0,5,3,4,0.018447265,0.486357569694519,0.008181422,1,0,0,0,1,1,1,1
175-11,175,11,1,1,0,0.0285502076148987,0.9714497923851012,1,0,3,3,4,0.046567503,0.486357569694519,0.022961902,1,0,0,0,1,1,1,1
175-12,175,12,1,1,0,0.0285502076148987,0.9714497923851012,1,0,4,3,4,0.04144693,0.486357569694519,0.017585605,1,0,0,0,1,1,1,1
176-0,176,0,2,0,0,0.2347500771284103,0.2347500771284103,0,0,5,2,4,0.10213632,0.4492360949516296,0.035456967,0,0,0,0,1,1,1,1
176-1,176,1,2,0,0,0.2347500771284103,0.2347500771284103,0,0,4,3,4,0.22162493,0.4492360949516296,0.08379155,0,0,0,0,1,1,1,1
176-2,176,2,2,0,0,0.2347500771284103,0.2347500771284103,0,0,4,2,4,0.267372,0.4492360949516296,0.09904015,0,0,0,0,1,1,1,1
176-3,176,3,2,0,0,0.2347500771284103,0.2347500771284103,0,0,5,2,4,0.23842663,0.4492360949516296,0.07528937,0,0,0,0,1,1,1,1
176-4,176,4,2,0,0,0.2347500771284103,0.2347500771284103,0,0,4,4,3,0.07650969,0.4492360949516296,0.03254857,0,0,0,0,1,1,1,1
176-5,176,5,2,0,0,0.2347500771284103,0.2347500771284103,0,0,5,2,3,0.054489482,0.4492360949516296,0.029300695,0,0,0,0,1,1,1,1
176-6,176,6,2,0,0,0.2347500771284103,0.2347500771284103,0,0,4,1,2,0.0397088,0.4492360949516296,0.015786562,0,0,0,0,1,1,1,1
176-7,176,7,2,0,0,0.2347500771284103,0.2347500771284103,0,0,4,3,2,0.09435957,0.4492360949516296,0.036404934,0,0,0,0,1,1,1,1
176-8,176,8,2,0,0,0.2347500771284103,0.2347500771284103,0,0,3,2,2,0.30217245,0.4492360949516296,0.10576903,0,0,0,0,1,1,1,1
176-9,176,9,2,0,0,0.2347500771284103,0.2347500771284103,0,0,5,2,4,0.25103155,0.4492360949516296,0.08743685,0,0,0,0,1,1,1,1
176-10,176,10,2,0,0,0.2347500771284103,0.2347500771284103,0,0,4,3,4,0.03555405,0.4492360949516296,0.012663775,0,0,0,0,1,1,1,1
176-11,176,11,2,0,0,0.2347500771284103,0.2347500771284103,0,0,3,3,4,0.040066905,0.4492360949516296,0.014480745,0,0,0,0,1,1,1,1
176-12,176,12,2,0,0,0.2347500771284103,0.2347500771284103,0,0,3,3,4,0.13167283,0.4492360949516296,0.042543158,0,0,0,0,1,1,1,1
177-0,177,0,3,1,0,0.8128740191459656,0.1871259808540344,0,1,5,3,4,0.17212036,0.4455930888652801,0.08492663,1,1,0,0,0,1,0,1
177-1,177,1,3,0,1,0.1871259808540344,0.1871259808540344,0,0,4,3,4,0.10273482,0.4455930888652801,0.04420606,1,0,0,0,0,0,0,0
177-2,177,2,3,0,1,0.1871259808540344,0.1871259808540344,0,0,4,2,4,0.03020879,0.4455930888652801,0.0153374905,1,0,0,0,0,0,0,0
177-3,177,3,3,1,0,0.8128740191459656,0.1871259808540344,0,1,5,3,4,0.42558,0.4455930888652801,0.17299919,1,1,0,0,0,1,0,1
177-4,177,4,3,1,0,0.8128740191459656,0.1871259808540344,0,1,5,3,3,0.06710762,0.4455930888652801,0.026102405,1,1,0,0,0,1,0,1
177-5,177,5,3,0,1,0.1871259808540344,0.1871259808540344,0,0,4,3,3,0.13752355,0.4455930888652801,0.073815234,1,0,0,0,0,0,0,0
177-6,177,6,3,1,0,0.8128740191459656,0.1871259808540344,0,1,4,2,2,0.04130498,0.4455930888652801,0.022760943,1,1,0,0,0,1,0,1
177-7,177,7,3,1,0,0.8128740191459656,0.1871259808540344,0,1,5,3,2,0.11544391,0.4455930888652801,0.044410918,1,1,0,0,0,1,0,1
177-8,177,8,3,1,0,0.8128740191459656,0.1871259808540344,0,1,3,3,2,0.06505387,0.4455930888652801,0.045587573,1,1,0,0,0,1,0,1
177-9,177,9,3,0,1,0.1871259808540344,0.1871259808540344,0,0,5,3,4,0.13928802,0.4455930888652801,0.055230603,1,0,0,0,0,0,0,0
177-10,177,10,3,0,1,0.1871259808540344,0.1871259808540344,0,0,4,1,4,0.027060697,0.4455930888652801,0.014107152,1,0,0,0,0,0,0,0
177-11,177,11,3,1,0,0.8128740191459656,0.1871259808540344,0,1,3,3,4,0.08052987,0.4455930888652801,0.06436603,1,1,0,0,0,1,0,1
177-12,177,12,3,1,0,0.8128740191459656,0.1871259808540344,0,1,3,3,4,0.22537003,0.4455930888652801,0.10591203,1,1,0,0,0,1,0,1
178-0,178,0,5,0,0,0.3132409751415252,0.3132409751415252,0,0,5,2,4,0.038961027,0.372329980134964,0.015911125,0,0,0,0,1,1,1,1
178-1,178,1,5,0,0,0.3132409751415252,0.3132409751415252,0,0,4,3,4,0.11520441,0.372329980134964,0.040035415,0,0,0,0,1,1,1,1
178-2,178,2,5,0,0,0.3132409751415252,0.3132409751415252,0,0,4,2,4,0.025012622,0.372329980134964,0.011790697,0,0,0,0,1,1,1,1
178-3,178,3,5,0,0,0.3132409751415252,0.3132409751415252,0,0,5,1,4,0.1143353,0.372329980134964,0.05293815,0,0,0,0,1,1,1,1
178-4,178,4,5,0,0,0.3132409751415252,0.3132409751415252,0,0,5,3,3,0.03178408,0.372329980134964,0.016884143,0,0,0,0,1,1,1,1
178-5,178,5,5,0,0,0.3132409751415252,0.3132409751415252,0,0,4,2,3,0.009579448,0.372329980134964,0.005440454,0,0,0,0,1,1,1,1
178-6,178,6,5,0,0,0.3132409751415252,0.3132409751415252,0,0,4,2,2,0.11719945,0.372329980134964,0.05383314,0,0,0,0,1,1,1,1
178-7,178,7,5,0,0,0.3132409751415252,0.3132409751415252,0,0,4,2,2,0.09238829,0.372329980134964,0.02903007,0,0,0,0,1,1,1,1
178-8,178,8,5,0,0,0.3132409751415252,0.3132409751415252,0,0,3,2,2,0.048733916,0.372329980134964,0.013357491,0,0,0,0,1,1,1,1
178-9,178,9,5,0,0,0.3132409751415252,0.3132409751415252,0,0,5,2,4,0.104383275,0.372329980134964,0.036508266,0,0,0,0,1,1,1,1
178-10,178,10,5,0,0,0.3132409751415252,0.3132409751415252,0,0,4,3,4,0.008975723,0.372329980134964,0.00630475,0,0,0,0,1,1,1,1
178-11,178,11,5,0,0,0.3132409751415252,0.3132409751415252,0,0,3,3,4,0.032064844,0.372329980134964,0.01583986,0,0,0,0,1,1,1,1
178-12,178,12,5,0,0,0.3132409751415252,0.3132409751415252,0,0,4,2,4,0.078792095,0.372329980134964,0.02620842,0,0,0,0,1,1,1,1
179-0,179,0,1,1,0,0.0253785252571105,0.9746214747428894,1,0,5,4,4,0.10797256,0.486357569694519,0.039305754,1,0,0,0,1,1,1,1
179-1,179,1,1,1,0,0.0253785252571105,0.9746214747428894,1,0,4,3,4,0.09711924,0.486357569694519,0.037379663,1,0,0,0,1,1,1,1
179-2,179,2,1,1,0,0.0253785252571105,0.9746214747428894,1,0,5,4,4,0.05012081,0.486357569694519,0.020518035,1,0,0,0,1,1,1,1
179-3,179,3,1,1,0,0.0253785252571105,0.9746214747428894,1,0,5,3,4,0.062384438,0.486357569694519,0.022904184,1,0,0,0,1,1,1,1
179-4,179,4,1,1,0,0.0253785252571105,0.9746214747428894,1,0,5,3,3,0.016479595,0.486357569694519,0.009189816,1,0,0,0,1,1,1,1
179-5,179,5,1,1,0,0.0253785252571105,0.9746214747428894,1,0,4,4,3,0.029504636,0.486357569694519,0.013066566,1,0,0,0,1,1,1,1
179-6,179,6,1,1,0,0.0253785252571105,0.9746214747428894,1,0,4,2,2,0.028413903,0.486357569694519,0.01101889,1,0,0,0,1,1,1,1
179-7,179,7,1,1,0,0.0253785252571105,0.9746214747428894,1,0,5,4,2,0.04146791,0.486357569694519,0.02039408,1,0,0,0,1,1,1,1
179-8,179,8,1,1,0,0.0253785252571105,0.9746214747428894,1,0,3,3,2,0.025726348,0.486357569694519,0.010710807,1,0,0,0,1,1,1,1
179-9,179,9,1,1,0,0.0253785252571105,0.9746214747428894,1,0,5,4,4,0.10233141,0.486357569694519,0.037832413,1,0,0,0,1,1,1,1
179-10,179,10,1,1,0,0.0253785252571105,0.9746214747428894,1,0,4,2,4,0.021673843,0.486357569694519,0.008408257,1,0,0,0,1,1,1,1
179-11,179,11,1,1,0,0.0253785252571105,0.9746214747428894,1,0,3,4,4,0.047802225,0.486357569694519,0.023940053,1,0,0,0,1,1,1,1
179-12,179,12,1,1,0,0.0253785252571105,0.9746214747428894,1,0,4,3,4,0.04144693,0.486357569694519,0.017585605,1,0,0,0,1,1,1,1
180-0,180,0,5,1,0,0.851752907037735,0.148247092962265,0,1,4,4,4,0.1811257,0.372329980134964,0.08996022,1,1,0,0,0,1,0,1
180-1,180,1,5,0,1,0.148247092962265,0.148247092962265,0,0,4,3,4,0.11637931,0.372329980134964,0.03886039,1,0,0,0,0,0,0,0
180-2,180,2,5,0,1,0.148247092962265,0.148247092962265,0,0,4,2,4,0.02627997,0.372329980134964,0.012156031,1,0,0,0,0,0,0,0
180-3,180,3,5,0,1,0.148247092962265,0.148247092962265,0,0,5,2,4,0.11835935,0.372329980134964,0.05055994,1,0,0,0,0,0,0,0
180-4,180,4,5,1,0,0.851752907037735,0.148247092962265,0,1,4,4,3,0.22726397,0.372329980134964,0.14247029,1,1,0,0,0,1,0,1
180-5,180,5,5,0,1,0.148247092962265,0.148247092962265,0,0,5,2,3,0.010492808,0.372329980134964,0.0056268703,1,0,0,0,0,0,0,0
180-6,180,6,5,1,0,0.851752907037735,0.148247092962265,0,1,3,4,2,0.576909,0.372329980134964,0.32663542,1,1,1,0,0,1,0,0
180-7,180,7,5,1,0,0.851752907037735,0.148247092962265,0,1,4,4,2,0.44356897,0.372329980134964,0.19016469,1,1,0,0,0,1,0,1
180-8,180,8,5,0,1,0.148247092962265,0.148247092962265,0,0,3,3,2,0.064301305,0.372329980134964,0.016634865,1,0,0,0,0,0,0,0
180-9,180,9,5,0,1,0.148247092962265,0.148247092962265,0,0,4,3,4,0.11861878,0.372329980134964,0.04003747,1,0,0,0,0,0,0,0
180-10,180,10,5,1,0,0.851752907037735,0.148247092962265,0,1,4,2,4,0.014081325,0.372329980134964,0.014398189,1,1,0,0,0,1,0,1
180-11,180,11,5,1,0,0.851752907037735,0.148247092962265,0,1,3,3,4,0.15233156,0.372329980134964,0.07426342,1,1,0,0,0,1,0,1
180-12,180,12,5,0,1,0.148247092962265,0.148247092962265,0,0,4,2,4,0.09965497,0.372329980134964,0.028092843,1,0,0,0,0,0,0,0
181-0,181,0,4,1,0,0.0455421209335328,0.9544578790664672,1,0,5,2,4,0.04900809,0.5368138551712036,0.015894782,1,0,0,0,1,1,1,1
181-1,181,1,4,0,1,0.9544578790664672,0.9544578790664672,1,1,4,3,4,0.32278115,0.5368138551712036,0.122644514,1,1,0,0,1,0,1,0
181-2,181,2,4,1,0,0.0455421209335328,0.9544578790664672,1,0,4,2,4,0.24329977,0.5368138551712036,0.06981437,1,0,0,0,1,1,1,1
181-3,181,3,4,1,0,0.0455421209335328,0.9544578790664672,1,0,4,4,4,0.17965975,0.5368138551712036,0.04912938,1,0,0,0,1,1,1,1
181-4,181,4,4,1,0,0.0455421209335328,0.9544578790664672,1,0,4,3,3,0.035901684,0.5368138551712036,0.0152261695,1,0,0,0,1,1,1,1
181-5,181,5,4,1,0,0.0455421209335328,0.9544578790664672,1,0,4,3,3,0.036591977,0.5368138551712036,0.018327223,1,0,0,0,1,1,1,1
181-6,181,6,4,1,0,0.0455421209335328,0.9544578790664672,1,0,3,3,2,0.079987526,0.5368138551712036,0.026838055,1,0,0,0,1,1,1,1
181-7,181,7,4,1,0,0.0455421209335328,0.9544578790664672,1,0,4,4,2,0.075549476,0.5368138551712036,0.03282827,1,0,0,0,1,1,1,1
181-8,181,8,4,1,0,0.0455421209335328,0.9544578790664672,1,0,3,3,2,0.12213659,0.5368138551712036,0.042074367,1,0,0,0,1,1,1,1
181-9,181,9,4,1,0,0.0455421209335328,0.9544578790664672,1,0,4,3,4,0.19291091,0.5368138551712036,0.06927531,1,0,0,0,1,1,1,1
181-10,181,10,4,1,0,0.0455421209335328,0.9544578790664672,1,0,3,3,4,0.039368626,0.5368138551712036,0.012761205,1,0,0,0,1,1,1,1
181-11,181,11,4,1,0,0.0455421209335328,0.9544578790664672,1,0,3,3,4,0.10754372,0.5368138551712036,0.038432088,1,0,0,0,1,1,1,1
181-12,181,12,4,1,0,0.0455421209335328,0.9544578790664672,1,0,4,3,4,0.09210118,0.5368138551712036,0.029826537,1,0,0,0,1,1,1,1
182-0,182,0,4,0,0,0.0094306441023945,0.0094306441023945,0,0,5,2,4,0.026961522,0.5368138551712036,0.010010342,0,0,0,0,1,1,1,1
182-1,182,1,4,1,1,0.9905693558976056,0.0094306441023945,0,1,4,3,4,0.65025765,0.5368138551712036,0.51012427,0,1,1,1,1,0,1,1
182-2,182,2,4,0,0,0.0094306441023945,0.0094306441023945,0,0,4,3,4,0.15094285,0.5368138551712036,0.048784055,0,0,0,0,1,1,1,1
182-3,182,3,4,0,0,0.0094306441023945,0.0094306441023945,0,0,4,2,4,0.08570332,0.5368138551712036,0.02806217,0,0,0,0,1,1,1,1
182-4,182,4,4,0,0,0.0094306441023945,0.0094306441023945,0,0,5,2,3,0.014455011,0.5368138551712036,0.0071169394,0,0,0,0,1,1,1,1
182-5,182,5,4,1,1,0.9905693558976056,0.0094306441023945,0,1,4,3,3,0.41428685,0.5368138551712036,0.3796531,0,1,0,0,1,0,1,0
182-6,182,6,4,0,0,0.0094306441023945,0.0094306441023945,0,0,3,3,2,0.04359049,0.5368138551712036,0.016403709,0,0,0,0,1,1,1,1
182-7,182,7,4,0,0,0.0094306441023945,0.0094306441023945,0,0,4,3,2,0.042272486,0.5368138551712036,0.01885884,0,0,0,0,1,1,1,1
182-8,182,8,4,0,0,0.0094306441023945,0.0094306441023945,0,0,2,3,2,0.07719847,0.5368138551712036,0.030051826,0,0,0,0,1,1,1,1
182-9,182,9,4,0,0,0.0094306441023945,0.0094306441023945,0,0,4,2,4,0.097618304,0.5368138551712036,0.03946219,0,0,0,0,1,1,1,1
182-10,182,10,4,0,0,0.0094306441023945,0.0094306441023945,0,0,3,3,4,0.022436367,0.5368138551712036,0.008554443,0,0,0,0,1,1,1,1
182-11,182,11,4,0,0,0.0094306441023945,0.0094306441023945,0,0,3,3,4,0.0565165,0.5368138551712036,0.023453357,0,0,0,0,1,1,1,1
182-12,182,12,4,1,1,0.9905693558976056,0.0094306441023945,0,1,3,4,4,0.6536221,0.5368138551712036,0.5361039,0,1,1,1,1,0,1,1
183-0,183,0,2,0,0,0.077736459672451,0.077736459672451,0,0,5,2,4,0.12789488,0.4492360949516296,0.056499716,0,0,0,0,1,1,1,1
183-1,183,1,2,0,0,0.077736459672451,0.077736459672451,0,0,4,3,4,0.26381183,0.4492360949516296,0.1302983,0,0,0,0,1,1,1,1
183-2,183,2,2,0,0,0.077736459672451,0.077736459672451,0,0,4,2,4,0.325953,0.4492360949516296,0.16205934,0,0,0,0,1,1,1,1
183-3,183,3,2,0,0,0.077736459672451,0.077736459672451,0,0,5,1,4,0.2340497,0.4492360949516296,0.0985487,0,0,0,0,1,1,1,1
183-4,183,4,2,0,0,0.077736459672451,0.077736459672451,0,0,5,3,3,0.06668947,0.4492360949516296,0.03318378,0,0,0,0,1,1,1,1
183-5,183,5,2,0,0,0.077736459672451,0.077736459672451,0,0,4,2,3,0.1040174,0.4492360949516296,0.070418164,0,0,0,0,1,1,1,1
183-6,183,6,2,0,0,0.077736459672451,0.077736459672451,0,0,4,1,2,0.054001223,0.4492360949516296,0.028081145,0,0,0,0,1,1,1,1
183-7,183,7,2,0,0,0.077736459672451,0.077736459672451,0,0,5,1,2,0.054733906,0.4492360949516296,0.030545676,0,0,0,0,1,1,1,1
183-8,183,8,2,0,0,0.077736459672451,0.077736459672451,0,0,3,2,2,0.36260238,0.4492360949516296,0.16613667,0,0,0,0,1,1,1,1
183-9,183,9,2,0,0,0.077736459672451,0.077736459672451,0,0,4,2,4,0.34276617,0.4492360949516296,0.168078,0,0,0,0,1,1,1,1
183-10,183,10,2,0,0,0.077736459672451,0.077736459672451,0,0,4,3,4,0.044339478,0.4492360949516296,0.021034375,0,0,0,0,1,1,1,1
183-11,183,11,2,0,0,0.077736459672451,0.077736459672451,0,0,3,3,4,0.049909774,0.4492360949516296,0.023698946,0,0,0,0,1,1,1,1
183-12,183,12,2,0,0,0.077736459672451,0.077736459672451,0,0,4,3,4,0.14948332,0.4492360949516296,0.062184438,0,0,0,0,1,1,1,1
184-0,184,0,4,1,0,0.4273337125778198,0.5726662874221802,1,0,5,2,4,0.10026725,0.5368138551712036,0.035436977,1,0,0,0,1,1,1,1
184-1,184,1,4,1,0,0.4273337125778198,0.5726662874221802,1,0,4,3,4,0.21703762,0.5368138551712036,0.07447534,1,0,0,0,1,1,1,1
184-2,184,2,4,1,0,0.4273337125778198,0.5726662874221802,1,0,4,2,4,0.4815358,0.5368138551712036,0.16160423,1,0,0,0,1,1,1,1
184-3,184,3,4,1,0,0.4273337125778198,0.5726662874221802,1,0,4,3,4,0.33641598,0.5368138551712036,0.11076104,1,0,0,0,1,1,1,1
184-4,184,4,4,1,0,0.4273337125778198,0.5726662874221802,1,0,4,4,3,0.087064624,0.5368138551712036,0.03628529,1,0,0,0,1,1,1,1
184-5,184,5,4,1,0,0.4273337125778198,0.5726662874221802,1,0,4,3,3,0.09679351,0.5368138551712036,0.0448836,1,0,0,0,1,1,1,1
184-6,184,6,4,1,0,0.4273337125778198,0.5726662874221802,1,0,4,2,2,0.1446564,0.5368138551712036,0.051128753,1,0,0,0,1,1,1,1
184-7,184,7,4,1,0,0.4273337125778198,0.5726662874221802,1,0,5,4,2,0.14734,0.5368138551712036,0.06504253,1,0,0,0,1,1,1,1
184-8,184,8,4,1,0,0.4273337125778198,0.5726662874221802,1,0,3,3,2,0.29255256,0.5368138551712036,0.11887691,1,0,0,0,1,1,1,1
184-9,184,9,4,1,0,0.4273337125778198,0.5726662874221802,1,0,5,3,4,0.32605007,0.5368138551712036,0.11610697,1,0,0,0,1,1,1,1
184-10,184,10,4,1,0,0.4273337125778198,0.5726662874221802,1,0,4,3,4,0.046797384,0.5368138551712036,0.023884116,1,0,0,0,1,1,1,1
184-11,184,11,4,1,0,0.4273337125778198,0.5726662874221802,1,0,3,3,4,0.23340899,0.5368138551712036,0.09549438,1,0,0,0,1,1,1,1
184-12,184,12,4,1,0,0.4273337125778198,0.5726662874221802,1,0,3,3,4,0.2207577,0.5368138551712036,0.08890546,1,0,0,0,1,1,1,1
185-0,185,0,2,1,0,0.0149145126342772,0.9850854873657228,1,0,5,2,4,0.029158788,0.4492360949516296,0.01214089,1,0,0,0,1,1,1,1
185-1,185,1,2,0,1,0.9850854873657228,0.9850854873657228,1,1,4,3,4,0.4557865,0.4492360949516296,0.30980456,1,1,0,0,1,0,1,0
185-2,185,2,2,1,0,0.0149145126342772,0.9850854873657228,1,0,4,2,4,0.08293826,0.4492360949516296,0.033554092,1,0,0,0,1,1,1,1
185-3,185,3,2,1,0,0.0149145126342772,0.9850854873657228,1,0,5,2,4,0.071245626,0.4492360949516296,0.023422858,1,0,0,0,1,1,1,1
185-4,185,4,2,1,0,0.0149145126342772,0.9850854873657228,1,0,4,3,3,0.017677298,0.4492360949516296,0.009835293,1,0,0,0,1,1,1,1
185-5,185,5,2,1,0,0.0149145126342772,0.9850854873657228,1,0,4,3,3,0.020733962,0.4492360949516296,0.013385316,1,0,0,0,1,1,1,1
185-6,185,6,2,1,0,0.0149145126342772,0.9850854873657228,1,0,4,2,2,0.015211477,0.4492360949516296,0.0059543843,1,0,0,0,1,1,1,1
185-7,185,7,2,1,0,0.0149145126342772,0.9850854873657228,1,0,4,3,2,0.020062136,0.4492360949516296,0.0098117115,1,0,0,0,1,1,1,1
185-8,185,8,2,1,0,0.0149145126342772,0.9850854873657228,1,0,3,3,2,0.093253076,0.4492360949516296,0.033906218,1,0,0,0,1,1,1,1
185-9,185,9,2,1,0,0.0149145126342772,0.9850854873657228,1,0,5,2,4,0.08528251,0.4492360949516296,0.03033035,1,0,0,0,1,1,1,1
185-10,185,10,2,1,0,0.0149145126342772,0.9850854873657228,1,0,2,3,4,0.010538668,0.4492360949516296,0.0048726792,1,0,0,0,1,1,1,1
185-11,185,11,2,1,0,0.0149145126342772,0.9850854873657228,1,0,3,3,4,0.009958048,0.4492360949516296,0.004524184,1,0,0,0,1,1,1,1
185-12,185,12,2,1,0,0.0149145126342772,0.9850854873657228,1,0,3,4,4,0.030905794,0.4492360949516296,0.012801313,1,0,0,0,1,1,1,1
186-0,186,0,2,0,0,0.3940968215465545,0.3940968215465545,0,0,5,2,4,0.17133309,0.4492360949516296,0.09690112,0,0,0,0,1,1,1,1
186-1,186,1,2,0,0,0.3940968215465545,0.3940968215465545,0,0,4,3,4,0.30676985,0.4492360949516296,0.1906373,0,0,0,0,1,1,1,1
186-2,186,2,2,0,0,0.3940968215465545,0.3940968215465545,0,0,4,3,4,0.42380595,0.4492360949516296,0.2334808,0,0,0,0,1,1,1,1
186-3,186,3,2,0,0,0.3940968215465545,0.3940968215465545,0,0,4,2,4,0.4255946,0.4492360949516296,0.22113615,0,0,0,0,1,1,1,1
186-4,186,4,2,0,0,0.3940968215465545,0.3940968215465545,0,0,4,4,3,0.11314319,0.4492360949516296,0.07046147,0,0,0,0,1,1,1,1
186-5,186,5,2,0,0,0.3940968215465545,0.3940968215465545,0,0,4,2,3,0.14373381,0.4492360949516296,0.113489255,0,0,0,0,1,1,1,1
186-6,186,6,2,1,1,0.6059031784534454,0.3940968215465545,0,1,3,3,2,0.05684117,0.4492360949516296,0.030909788,0,1,0,0,1,0,1,0
186-7,186,7,2,0,0,0.3940968215465545,0.3940968215465545,0,0,4,2,2,0.13904648,0.4492360949516296,0.08494304,0,0,0,0,1,1,1,1
186-8,186,8,2,0,0,0.3940968215465545,0.3940968215465545,0,0,3,3,2,0.4684305,0.4492360949516296,0.2501877,0,0,0,0,1,1,1,1
186-9,186,9,2,1,1,0.6059031784534454,0.3940968215465545,0,1,3,4,4,0.5235323,0.4492360949516296,0.27233794,0,1,1,0,1,0,1,1
186-10,186,10,2,1,1,0.6059031784534454,0.3940968215465545,0,1,2,3,4,0.06192076,0.4492360949516296,0.028255818,0,1,0,0,1,0,1,0
186-11,186,11,2,0,0,0.3940968215465545,0.3940968215465545,0,0,3,3,4,0.0513012,0.4492360949516296,0.033076562,0,0,0,0,1,1,1,1
186-12,186,12,2,0,0,0.3940968215465545,0.3940968215465545,0,0,4,3,4,0.16638301,0.4492360949516296,0.089794114,0,0,0,0,1,1,1,1
187-0,187,0,5,0,0,0.0015914881369099,0.0015914881369099,0,0,5,2,4,0.020461597,0.372329980134964,0.010973727,0,0,0,0,1,1,1,1
187-1,187,1,5,0,0,0.0015914881369099,0.0015914881369099,0,0,4,3,4,0.05782668,0.372329980134964,0.022977456,0,0,0,0,1,1,1,1
187-2,187,2,5,0,0,0.0015914881369099,0.0015914881369099,0,0,3,3,4,0.013529475,0.372329980134964,0.008567585,0,0,0,0,1,1,1,1
187-3,187,3,5,0,0,0.0015914881369099,0.0015914881369099,0,0,4,3,4,0.06384861,0.372329980134964,0.034577228,0,0,0,0,1,1,1,1
187-4,187,4,5,0,0,0.0015914881369099,0.0015914881369099,0,0,4,3,3,0.018573964,0.372329980134964,0.013541534,0,0,0,0,1,1,1,1
187-5,187,5,5,0,0,0.0015914881369099,0.0015914881369099,0,0,4,3,3,0.0050985944,0.372329980134964,0.0038974595,0,0,0,0,1,1,1,1
187-6,187,6,5,0,0,0.0015914881369099,0.0015914881369099,0,0,3,3,2,0.074572526,0.372329980134964,0.045285366,0,0,0,0,1,1,1,1
187-7,187,7,5,0,0,0.0015914881369099,0.0015914881369099,0,0,3,4,2,0.052227728,0.372329980134964,0.023619331,0,0,0,0,1,1,1,1
187-8,187,8,5,1,1,0.99840851186309,0.0015914881369099,0,1,3,3,2,0.4301697,0.372329980134964,0.23964915,0,1,0,0,1,0,1,0
187-9,187,9,5,0,0,0.0015914881369099,0.0015914881369099,0,0,5,3,4,0.056273494,0.372329980134964,0.025334414,0,0,0,0,1,1,1,1
187-10,187,10,5,1,1,0.99840851186309,0.0015914881369099,0,1,3,4,4,0.042671386,0.372329980134964,0.06151485,0,1,0,0,1,0,1,0
187-11,187,11,5,0,0,0.0015914881369099,0.0015914881369099,0,0,3,3,4,0.013529475,0.372329980134964,0.008567585,0,0,0,0,1,1,1,1
187-12,187,12,5,0,0,0.0015914881369099,0.0015914881369099,0,0,3,3,4,0.053816915,0.372329980134964,0.021273095,0,0,0,0,1,1,1,1
188-0,188,0,2,0,0,0.7166167497634888,0.7166167497634888,1,1,5,2,4,0.2018892,0.4492360949516296,0.0968001,0,1,0,0,0,1,0,1
188-1,188,1,2,0,0,0.7166167497634888,0.7166167497634888,1,1,4,3,4,0.39615268,0.4492360949516296,0.22207877,0,1,0,0,0,1,0,1
188-2,188,2,2,0,0,0.7166167497634888,0.7166167497634888,1,1,4,2,4,0.5126526,0.4492360949516296,0.24798396,0,1,1,0,0,1,0,0
188-3,188,3,2,0,0,0.7166167497634888,0.7166167497634888,1,1,5,1,4,0.38047817,0.4492360949516296,0.15275045,0,1,0,0,0,1,0,1
188-4,188,4,2,0,0,0.7166167497634888,0.7166167497634888,1,1,4,3,3,0.19022681,0.4492360949516296,0.08138964,0,1,0,0,0,1,0,1
188-5,188,5,2,0,0,0.7166167497634888,0.7166167497634888,1,1,5,2,3,0.13963047,0.4492360949516296,0.08872704,0,1,0,0,0,1,0,1
188-6,188,6,2,0,0,0.7166167497634888,0.7166167497634888,1,1,3,3,2,0.06469687,0.4492360949516296,0.035373654,0,1,0,0,0,1,0,1
188-7,188,7,2,0,0,0.7166167497634888,0.7166167497634888,1,1,5,1,2,0.10402948,0.4492360949516296,0.05196169,0,1,0,0,0,1,0,1
188-8,188,8,2,0,0,0.7166167497634888,0.7166167497634888,1,1,3,3,2,0.56497616,0.4492360949516296,0.2704737,0,1,1,0,0,1,0,0
188-9,188,9,2,0,0,0.7166167497634888,0.7166167497634888,1,1,4,3,4,0.53665906,0.4492360949516296,0.2726616,0,1,1,0,0,1,0,0
188-10,188,10,2,0,0,0.7166167497634888,0.7166167497634888,1,1,5,1,4,0.027667211,0.4492360949516296,0.016309697,0,1,0,0,0,1,0,1
188-11,188,11,2,0,0,0.7166167497634888,0.7166167497634888,1,1,3,3,4,0.06529144,0.4492360949516296,0.031480554,0,1,0,0,0,1,0,1
188-12,188,12,2,0,0,0.7166167497634888,0.7166167497634888,1,1,4,3,4,0.22126392,0.4492360949516296,0.10045771,0,1,0,0,0,1,0,1
189-0,189,0,5,0,0,0.0012192049762234,0.0012192049762234,0,0,5,2,4,0.020461597,0.372329980134964,0.010973727,0,0,0,0,1,1,1,1
189-1,189,1,5,0,0,0.0012192049762234,0.0012192049762234,0,0,4,3,4,0.05782668,0.372329980134964,0.022977456,0,0,0,0,1,1,1,1
189-2,189,2,5,0,0,0.0012192049762234,0.0012192049762234,0,0,5,2,4,0.012008442,0.372329980134964,0.0076276395,0,0,0,0,1,1,1,1
189-3,189,3,5,0,0,0.0012192049762234,0.0012192049762234,0,0,5,1,4,0.060939495,0.372329980134964,0.036590364,0,0,0,0,1,1,1,1
189-4,189,4,5,0,0,0.0012192049762234,0.0012192049762234,0,0,5,1,3,0.017107153,0.372329980134964,0.013597134,0,0,0,0,1,1,1,1
189-5,189,5,5,0,0,0.0012192049762234,0.0012192049762234,0,0,4,2,3,0.0050985944,0.372329980134964,0.0038974595,0,0,0,0,1,1,1,1
189-6,189,6,5,0,0,0.0012192049762234,0.0012192049762234,0,0,5,1,2,0.07022893,0.372329980134964,0.043710083,0,0,0,0,1,1,1,1
189-7,189,7,5,0,0,0.0012192049762234,0.0012192049762234,0,0,5,1,2,0.048184503,0.372329980134964,0.022780212,0,0,0,0,1,1,1,1
189-8,189,8,5,0,0,0.0012192049762234,0.0012192049762234,0,0,3,3,2,0.023048138,0.372329980134964,0.00942226,0,0,0,0,1,1,1,1
189-9,189,9,5,0,0,0.0012192049762234,0.0012192049762234,0,0,4,3,4,0.0590147,0.372329980134964,0.023685299,0,0,0,0,1,1,1,1
189-10,189,10,5,0,0,0.0012192049762234,0.0012192049762234,0,0,4,1,4,0.0047934107,0.372329980134964,0.0040639457,0,0,0,0,1,1,1,1
189-11,189,11,5,0,0,0.0012192049762234,0.0012192049762234,0,0,3,3,4,0.013529475,0.372329980134964,0.008567585,0,0,0,0,1,1,1,1
189-12,189,12,5,0,0,0.0012192049762234,0.0012192049762234,0,0,4,2,4,0.044550978,0.372329980134964,0.016758448,0,0,0,0,1,1,1,1
190-0,190,0,4,0,0,0.8142991662025452,0.8142991662025452,1,1,5,2,4,0.17520459,0.5368138551712036,0.077796966,0,1,0,0,0,1,0,1
190-1,190,1,4,0,0,0.8142991662025452,0.8142991662025452,1,1,4,3,4,0.35216647,0.5368138551712036,0.16068502,0,1,0,0,0,1,0,1
190-2,190,2,4,0,0,0.8142991662025452,0.8142991662025452,1,1,4,2,4,0.6430004,0.5368138551712036,0.31043845,0,1,1,0,0,1,0,0
190-3,190,3,4,0,0,0.8142991662025452,0.8142991662025452,1,1,4,4,4,0.49000207,0.5368138551712036,0.22859913,0,1,0,0,0,1,0,1
190-4,190,4,4,0,0,0.8142991662025452,0.8142991662025452,1,1,5,3,3,0.13559483,0.5368138551712036,0.060171984,0,1,0,0,0,1,0,1
190-5,190,5,4,0,0,0.8142991662025452,0.8142991662025452,1,1,4,3,3,0.17366277,0.5368138551712036,0.10113623,0,1,0,0,0,1,0,1
190-6,190,6,4,0,0,0.8142991662025452,0.8142991662025452,1,1,4,3,2,0.2722471,0.5368138551712036,0.12691367,0,1,0,0,0,1,0,1
190-7,190,7,4,0,0,0.8142991662025452,0.8142991662025452,1,1,5,2,2,0.2100077,0.5368138551712036,0.10311821,0,1,0,0,0,1,0,1
190-8,190,8,4,0,0,0.8142991662025452,0.8142991662025452,1,1,3,3,2,0.42855188,0.5368138551712036,0.22354709,0,1,0,0,0,1,0,1
190-9,190,9,4,1,1,0.1857008337974548,0.8142991662025452,1,0,4,4,4,0.17044146,0.5368138551712036,0.060012758,0,0,0,0,0,0,0,0
190-10,190,10,4,0,0,0.8142991662025452,0.8142991662025452,1,1,3,2,4,0.074365735,0.5368138551712036,0.055546526,0,1,0,0,0,1,0,1
190-11,190,11,4,0,0,0.8142991662025452,0.8142991662025452,1,1,3,3,4,0.38921705,0.5368138551712036,0.20848128,0,1,0,0,0,1,0,1
190-12,190,12,4,0,0,0.8142991662025452,0.8142991662025452,1,1,4,2,4,0.30180472,0.5368138551712036,0.14692095,0,1,0,0,0,1,0,1
191-0,191,0,3,0,0,0.1391119658946991,0.1391119658946991,0,0,5,2,4,0.10955736,0.4455930888652801,0.051681608,0,0,0,0,1,1,1,1
191-1,191,1,3,0,0,0.1391119658946991,0.1391119658946991,0,0,3,3,4,0.1138794,0.4455930888652801,0.048655443,0,0,0,0,1,1,1,1
191-2,191,2,3,1,1,0.8608880341053009,0.1391119658946991,0,1,2,3,4,0.07097475,0.4455930888652801,0.03871123,0,1,0,0,1,0,1,0
191-3,191,3,3,0,0,0.1391119658946991,0.1391119658946991,0,0,3,4,4,0.38534933,0.4455930888652801,0.15763253,0,0,0,0,1,1,1,1
191-4,191,4,3,0,0,0.1391119658946991,0.1391119658946991,0,0,4,4,3,0.0393056,0.4455930888652801,0.020117966,0,0,0,0,1,1,1,1
191-5,191,5,3,1,1,0.8608880341053009,0.1391119658946991,0,1,3,4,3,0.31779316,0.4455930888652801,0.19502924,0,1,0,0,1,0,1,0
191-6,191,6,3,0,0,0.1391119658946991,0.1391119658946991,0,0,4,3,2,0.026245099,0.4455930888652801,0.013804625,0,0,0,0,1,1,1,1
191-7,191,7,3,0,0,0.1391119658946991,0.1391119658946991,0,0,4,2,2,0.08154595,0.4455930888652801,0.03873342,0,0,0,0,1,1,1,1
191-8,191,8,3,1,1,0.8608880341053009,0.1391119658946991,0,1,2,3,2,0.078190014,0.4455930888652801,0.05849925,0,1,0,0,1,0,1,0
191-9,191,9,3,1,1,0.8608880341053009,0.1391119658946991,0,1,4,3,4,0.28162348,0.4455930888652801,0.1333292,0,1,0,0,1,0,1,0
191-10,191,10,3,1,1,0.8608880341053009,0.1391119658946991,0,1,3,3,4,0.04857959,0.4455930888652801,0.030976798,0,1,0,0,1,0,1,0
191-11,191,11,3,1,1,0.8608880341053009,0.1391119658946991,0,1,3,3,4,0.08052987,0.4455930888652801,0.06436603,0,1,0,0,1,0,1,0
191-12,191,12,3,0,0,0.1391119658946991,0.1391119658946991,0,0,4,2,4,0.09082015,0.4455930888652801,0.04307217,0,0,0,0,1,1,1,1
192-0,192,0,4,1,0,0.7302049100399017,0.2697950899600982,0,1,5,2,4,0.059838355,0.5368138551712036,0.02468631,1,1,0,0,0,1,0,1
192-1,192,1,4,1,0,0.7302049100399017,0.2697950899600982,0,1,4,3,4,0.17430075,0.5368138551712036,0.062386807,1,1,0,0,0,1,0,1
192-2,192,2,4,1,0,0.7302049100399017,0.2697950899600982,0,1,5,2,4,0.28688344,0.5368138551712036,0.09193773,1,1,0,0,0,1,0,1
192-3,192,3,4,1,0,0.7302049100399017,0.2697950899600982,0,1,5,2,4,0.15733118,0.5368138551712036,0.055274922,1,1,0,0,0,1,0,1
192-4,192,4,4,1,0,0.7302049100399017,0.2697950899600982,0,1,4,4,3,0.0650087,0.5368138551712036,0.0308894,1,1,0,0,0,1,0,1
192-5,192,5,4,1,0,0.7302049100399017,0.2697950899600982,0,1,5,3,3,0.052855384,0.5368138551712036,0.027233943,1,1,0,0,0,1,0,1
192-6,192,6,4,1,0,0.7302049100399017,0.2697950899600982,0,1,4,2,2,0.09596956,0.5368138551712036,0.038016185,1,1,0,0,0,1,0,1
192-7,192,7,4,1,0,0.7302049100399017,0.2697950899600982,0,1,5,4,2,0.10237747,0.5368138551712036,0.045044936,1,1,0,0,0,1,0,1
192-8,192,8,4,1,0,0.7302049100399017,0.2697950899600982,0,1,3,3,2,0.22485365,0.5368138551712036,0.08682176,1,1,0,0,0,1,0,1
192-9,192,9,4,1,0,0.7302049100399017,0.2697950899600982,0,1,4,3,4,0.3397052,0.5368138551712036,0.1260078,1,1,0,0,0,1,0,1
192-10,192,10,4,1,0,0.7302049100399017,0.2697950899600982,0,1,4,3,4,0.04220283,0.5368138551712036,0.019168448,1,1,0,0,0,1,0,1
192-11,192,11,4,1,0,0.7302049100399017,0.2697950899600982,0,1,3,3,4,0.19769943,0.5368138551712036,0.082910106,1,1,0,0,0,1,0,1
192-12,192,12,4,1,0,0.7302049100399017,0.2697950899600982,0,1,3,3,4,0.18001603,0.5368138551712036,0.07247178,1,1,0,0,0,1,0,1
193-0,193,0,2,0,0,0.3692027330398559,0.3692027330398559,0,0,5,2,4,0.1895846,0.4492360949516296,0.10078084,0,0,0,0,1,1,1,1
193-1,193,1,2,0,0,0.3692027330398559,0.3692027330398559,0,0,4,3,4,0.34912246,0.4492360949516296,0.22193295,0,0,0,0,1,1,1,1
193-2,193,2,2,0,0,0.3692027330398559,0.3692027330398559,0,0,4,2,4,0.44255427,0.4492360949516296,0.24912725,0,0,0,0,1,1,1,1
193-3,193,3,2,0,0,0.3692027330398559,0.3692027330398559,0,0,5,1,4,0.33916378,0.4492360949516296,0.1694505,0,0,0,0,1,1,1,1
193-4,193,4,2,0,0,0.3692027330398559,0.3692027330398559,0,0,5,3,3,0.0971288,0.4492360949516296,0.06351789,0,0,0,0,1,1,1,1
193-5,193,5,2,0,0,0.3692027330398559,0.3692027330398559,0,0,4,3,3,0.17693539,0.4492360949516296,0.1358864,0,0,0,0,1,1,1,1
193-6,193,6,2,0,0,0.3692027330398559,0.3692027330398559,0,0,4,3,2,0.07199971,0.4492360949516296,0.048085235,0,0,0,0,1,1,1,1
193-7,193,7,2,0,0,0.3692027330398559,0.3692027330398559,0,0,5,2,2,0.11378943,0.4492360949516296,0.06920672,0,0,0,0,1,1,1,1
193-8,193,8,2,0,0,0.3692027330398559,0.3692027330398559,0,0,3,3,2,0.51128155,0.4492360949516296,0.27699003,0,0,1,0,1,1,1,0
193-9,193,9,2,0,0,0.3692027330398559,0.3692027330398559,0,0,4,3,4,0.48596117,0.4492360949516296,0.28535786,0,0,0,0,1,1,1,1
193-10,193,10,2,0,0,0.3692027330398559,0.3692027330398559,0,0,4,2,4,0.055274967,0.4492360949516296,0.033648632,0,0,0,0,1,1,1,1
193-11,193,11,2,0,0,0.3692027330398559,0.3692027330398559,0,0,3,3,4,0.0679146,0.4492360949516296,0.04017125,0,0,0,0,1,1,1,1
193-12,193,12,2,0,0,0.3692027330398559,0.3692027330398559,0,0,4,2,4,0.1903791,0.4492360949516296,0.097030446,0,0,0,0,1,1,1,1
194-0,194,0,5,1,0,0.021836280822754,0.978163719177246,1,0,5,2,4,0.023214618,0.372329980134964,0.0073413462,1,0,0,0,1,1,1,1
194-1,194,1,5,1,0,0.021836280822754,0.978163719177246,1,0,3,3,4,0.09821793,0.372329980134964,0.025185011,1,0,0,0,1,1,1,1
194-2,194,2,5,1,0,0.021836280822754,0.978163719177246,1,0,4,3,4,0.012976352,0.372329980134964,0.005990236,1,0,0,0,1,1,1,1
194-3,194,3,5,1,0,0.021836280822754,0.978163719177246,1,0,4,4,4,0.0689824,0.372329980134964,0.02863235,1,0,0,0,1,1,1,1
194-4,194,4,5,1,0,0.021836280822754,0.978163719177246,1,0,5,4,3,0.018685408,0.372329980134964,0.010439991,1,0,0,0,1,1,1,1
194-5,194,5,5,1,0,0.021836280822754,0.978163719177246,1,0,4,4,3,0.0060558203,0.372329980134964,0.0035969268,1,0,0,0,1,1,1,1
194-6,194,6,5,1,0,0.021836280822754,0.978163719177246,1,0,4,3,2,0.08631462,0.372329980134964,0.036273975,1,0,0,0,1,1,1,1
194-7,194,7,5,1,0,0.021836280822754,0.978163719177246,1,0,4,4,2,0.06641298,0.372329980134964,0.019438086,1,0,0,0,1,1,1,1
194-8,194,8,5,1,0,0.021836280822754,0.978163719177246,1,0,3,3,2,0.030111756,0.372329980134964,0.008655713,1,0,0,0,1,1,1,1
194-9,194,9,5,1,0,0.021836280822754,0.978163719177246,1,0,4,3,4,0.075678594,0.372329980134964,0.020565871,1,0,0,0,1,1,1,1
194-10,194,10,5,1,0,0.021836280822754,0.978163719177246,1,0,3,4,4,0.0076547577,0.372329980134964,0.0044328393,1,0,0,0,1,1,1,1
194-11,194,11,5,1,0,0.021836280822754,0.978163719177246,1,0,3,3,4,0.01505772,0.372329980134964,0.0072583063,1,0,0,0,1,1,1,1
194-12,194,12,5,1,0,0.021836280822754,0.978163719177246,1,0,3,4,4,0.07200833,0.372329980134964,0.018808981,1,0,0,0,1,1,1,1
195-0,195,0,4,1,0,0.2612408995628357,0.7387591004371643,1,0,5,2,4,0.094952226,0.5368138551712036,0.032861475,1,0,0,0,1,1,1,1
195-1,195,1,4,0,1,0.7387591004371643,0.7387591004371643,1,1,4,3,4,0.16573763,0.5368138551712036,0.06441988,1,1,0,0,1,0,1,0
195-2,195,2,4,0,1,0.7387591004371643,0.7387591004371643,1,1,4,2,4,0.36070892,0.5368138551712036,0.13035175,1,1,0,0,1,0,1,0
195-3,195,3,4,0,1,0.7387591004371643,0.7387591004371643,1,1,5,2,4,0.16265774,0.5368138551712036,0.059988793,1,1,0,0,1,0,1,0
195-4,195,4,4,1,0,0.2612408995628357,0.7387591004371643,1,0,4,4,3,0.08335854,0.5368138551712036,0.036652483,1,0,0,0,1,1,1,1
195-5,195,5,4,0,1,0.7387591004371643,0.7387591004371643,1,1,5,2,3,0.040931277,0.5368138551712036,0.02391395,1,1,0,0,1,0,1,0
195-6,195,6,4,0,1,0.7387591004371643,0.7387591004371643,1,1,4,2,2,0.09162067,0.5368138551712036,0.039809976,1,1,0,0,1,0,1,0
195-7,195,7,4,1,0,0.2612408995628357,0.7387591004371643,1,0,4,3,2,0.18313326,0.5368138551712036,0.07387977,1,0,0,0,1,1,1,1
195-8,195,8,4,1,0,0.2612408995628357,0.7387591004371643,1,0,3,3,2,0.2722783,0.5368138551712036,0.11004729,1,0,0,0,1,1,1,1
195-9,195,9,4,0,1,0.7387591004371643,0.7387591004371643,1,1,4,3,4,0.32622662,0.5368138551712036,0.12982705,1,1,0,0,1,0,1,0
195-10,195,10,4,0,1,0.7387591004371643,0.7387591004371643,1,1,4,2,4,0.030475793,0.5368138551712036,0.016707523,1,1,0,0,1,0,1,0
195-11,195,11,4,1,0,0.2612408995628357,0.7387591004371643,1,0,3,3,4,0.22789398,0.5368138551712036,0.09626491,1,0,0,0,1,1,1,1
195-12,195,12,4,0,1,0.7387591004371643,0.7387591004371643,1,1,4,2,4,0.11700768,0.5368138551712036,0.05422018,1,1,0,0,1,0,1,0
196-0,196,0,2,0,0,0.0098552946001291,0.0098552946001291,0,0,5,2,4,0.022414446,0.4492360949516296,0.010553342,0,0,0,0,1,1,1,1
196-1,196,1,2,0,0,0.0098552946001291,0.0098552946001291,0,0,4,3,4,0.036480222,0.4492360949516296,0.018370919,0,0,0,0,1,1,1,1
196-2,196,2,2,0,0,0.0098552946001291,0.0098552946001291,0,0,4,3,4,0.06563814,0.4492360949516296,0.027489405,0,0,0,0,1,1,1,1
196-3,196,3,2,0,0,0.0098552946001291,0.0098552946001291,0,0,4,3,4,0.069588594,0.4492360949516296,0.025901705,0,0,0,0,1,1,1,1
196-4,196,4,2,0,0,0.0098552946001291,0.0098552946001291,0,0,4,3,3,0.012456186,0.4492360949516296,0.007486928,0,0,0,0,1,1,1,1
196-5,196,5,2,1,1,0.9901447053998708,0.0098552946001291,0,1,4,3,3,0.2420609,0.4492360949516296,0.18724856,0,1,0,0,1,0,1,0
196-6,196,6,2,0,0,0.0098552946001291,0.0098552946001291,0,0,4,2,2,0.00956917,0.4492360949516296,0.0044596493,0,0,0,0,1,1,1,1
196-7,196,7,2,0,0,0.0098552946001291,0.0098552946001291,0,0,4,3,2,0.014868083,0.4492360949516296,0.007820546,0,0,0,0,1,1,1,1
196-8,196,8,2,0,0,0.0098552946001291,0.0098552946001291,0,0,2,3,2,0.08130337,0.4492360949516296,0.03345712,0,0,0,0,1,1,1,1
196-9,196,9,2,0,0,0.0098552946001291,0.0098552946001291,0,0,5,2,4,0.060425192,0.4492360949516296,0.023594273,0,0,0,0,1,1,1,1
196-10,196,10,2,0,0,0.0098552946001291,0.0098552946001291,0,0,3,3,4,0.0063316906,0.4492360949516296,0.0031722002,0,0,0,0,1,1,1,1
196-11,196,11,2,1,1,0.9901447053998708,0.0098552946001291,0,1,3,3,4,0.08707016,0.4492360949516296,0.06276547,0,1,0,0,1,0,1,0
196-12,196,12,2,0,0,0.0098552946001291,0.0098552946001291,0,0,4,2,4,0.017963594,0.4492360949516296,0.008537801,0,0,0,0,1,1,1,1
197-0,197,0,1,0,0,0.6306290626525879,0.6306290626525879,1,1,5,2,4,0.44540045,0.486357569694519,0.20025358,0,1,0,0,0,1,0,1
197-1,197,1,1,0,0,0.6306290626525879,0.6306290626525879,1,1,4,3,4,0.48393953,0.486357569694519,0.21488234,0,1,0,0,0,1,0,1
197-2,197,2,1,0,0,0.6306290626525879,0.6306290626525879,1,1,4,3,4,0.31652167,0.486357569694519,0.13959543,0,1,0,0,0,1,0,1
197-3,197,3,1,0,0,0.6306290626525879,0.6306290626525879,1,1,5,2,4,0.2836616,0.486357569694519,0.12666051,0,1,0,0,0,1,0,1
197-4,197,4,1,0,0,0.6306290626525879,0.6306290626525879,1,1,4,3,3,0.14325303,0.486357569694519,0.07262448,0,1,0,0,0,1,0,1
197-5,197,5,1,0,0,0.6306290626525879,0.6306290626525879,1,1,4,3,3,0.20607188,0.486357569694519,0.08809489,0,1,0,0,0,1,0,1
197-6,197,6,1,0,0,0.6306290626525879,0.6306290626525879,1,1,3,3,2,0.16485101,0.486357569694519,0.07721804,0,1,0,0,0,1,0,1
197-7,197,7,1,0,0,0.6306290626525879,0.6306290626525879,1,1,4,2,2,0.2729099,0.486357569694519,0.11455172,0,1,0,0,0,1,0,1
197-8,197,8,1,0,0,0.6306290626525879,0.6306290626525879,1,1,3,3,2,0.14314081,0.486357569694519,0.067893915,0,1,0,0,0,1,0,1
197-9,197,9,1,0,0,0.6306290626525879,0.6306290626525879,1,1,4,3,4,0.49892586,0.486357569694519,0.21107192,0,1,0,0,0,1,0,1
197-10,197,10,1,0,0,0.6306290626525879,0.6306290626525879,1,1,2,3,4,0.069250815,0.486357569694519,0.046470545,0,1,0,0,0,1,0,1
197-11,197,11,1,0,0,0.6306290626525879,0.6306290626525879,1,1,3,3,4,0.3293495,0.486357569694519,0.1524715,0,1,0,0,0,1,0,1
197-12,197,12,1,0,0,0.6306290626525879,0.6306290626525879,1,1,4,2,4,0.20431611,0.486357569694519,0.09977492,0,1,0,0,0,1,0,1
198-0,198,0,4,0,0,0.1254495084285736,0.1254495084285736,0,0,5,2,4,0.032401174,0.5368138551712036,0.010662369,0,0,0,0,1,1,1,1
198-1,198,1,4,0,0,0.1254495084285736,0.1254495084285736,0,0,4,3,4,0.06357252,0.5368138551712036,0.022600727,0,0,0,0,1,1,1,1
198-2,198,2,4,0,0,0.1254495084285736,0.1254495084285736,0,0,5,2,4,0.14657205,0.5368138551712036,0.041501783,0,0,0,0,1,1,1,1
198-3,198,3,4,0,0,0.1254495084285736,0.1254495084285736,0,0,5,1,4,0.08804613,0.5368138551712036,0.024258694,0,0,0,0,1,1,1,1
198-4,198,4,4,0,0,0.1254495084285736,0.1254495084285736,0,0,4,3,3,0.025096694,0.5368138551712036,0.010724013,0,0,0,0,1,1,1,1
198-5,198,5,4,0,0,0.1254495084285736,0.1254495084285736,0,0,5,2,3,0.017591372,0.5368138551712036,0.009644664,0,0,0,0,1,1,1,1
198-6,198,6,4,0,0,0.1254495084285736,0.1254495084285736,0,0,4,2,2,0.04823743,0.5368138551712036,0.01554783,0,0,0,0,1,1,1,1
198-7,198,7,4,0,0,0.1254495084285736,0.1254495084285736,0,0,5,2,2,0.03163476,0.5368138551712036,0.015028738,0,0,0,0,1,1,1,1
198-8,198,8,4,0,0,0.1254495084285736,0.1254495084285736,0,0,3,3,2,0.08878777,0.5368138551712036,0.03018588,0,0,0,0,1,1,1,1
198-9,198,9,4,0,0,0.1254495084285736,0.1254495084285736,0,0,5,1,4,0.09544957,0.5368138551712036,0.03221765,0,0,0,0,1,1,1,1
198-10,198,10,4,0,0,0.1254495084285736,0.1254495084285736,0,0,4,1,4,0.021666177,0.5368138551712036,0.007498708,0,0,0,0,1,1,1,1
198-11,198,11,4,0,0,0.1254495084285736,0.1254495084285736,0,0,3,3,4,0.0793631,0.5368138551712036,0.028530702,0,0,0,0,1,1,1,1
198-12,198,12,4,0,0,0.1254495084285736,0.1254495084285736,0,0,4,1,4,0.053547893,0.5368138551712036,0.018834574,0,0,0,0,1,1,1,1
199-0,199,0,4,1,1,0.8570541441440583,0.1429458558559417,0,1,4,3,4,0.31145498,0.5368138551712036,0.17967202,0,1,0,0,1,0,1,0
199-1,199,1,4,0,0,0.1429458558559417,0.1429458558559417,0,0,4,3,4,0.06357252,0.5368138551712036,0.023377739,0,0,0,0,1,1,1,1
199-2,199,2,4,1,1,0.8570541441440583,0.1429458558559417,0,1,3,3,4,0.77367955,0.5368138551712036,0.51129395,0,1,1,1,1,0,1,1
199-3,199,3,4,1,1,0.8570541441440583,0.1429458558559417,0,1,5,3,4,0.4537753,0.5368138551712036,0.22527209,0,1,0,0,1,0,1,0
199-4,199,4,4,0,0,0.1429458558559417,0.1429458558559417,0,0,4,3,3,0.025096694,0.5368138551712036,0.011097339,0,0,0,0,1,1,1,1
199-5,199,5,4,1,1,0.8570541441440583,0.1429458558559417,0,1,4,3,3,0.22720028,0.5368138551712036,0.15672542,0,1,0,0,1,0,1,0
199-6,199,6,4,1,1,0.8570541441440583,0.1429458558559417,0,1,3,3,2,0.35820407,0.5368138551712036,0.22187182,0,1,0,0,1,0,1,0
199-7,199,7,4,0,0,0.1429458558559417,0.1429458558559417,0,0,4,2,2,0.04868887,0.5368138551712036,0.020193497,0,0,0,0,1,1,1,1
199-8,199,8,4,1,1,0.8570541441440583,0.1429458558559417,0,1,3,3,2,0.5315819,0.5368138551712036,0.3329541,0,1,1,0,1,0,1,1
199-9,199,9,4,0,0,0.1429458558559417,0.1429458558559417,0,0,3,4,4,0.1598613,0.5368138551712036,0.057795804,0,0,0,0,1,1,1,1
199-10,199,10,4,1,1,0.8570541441440583,0.1429458558559417,0,1,2,3,4,0.12668397,0.5368138551712036,0.14066039,0,1,0,0,1,0,1,0
199-11,199,11,4,1,1,0.8570541441440583,0.1429458558559417,0,1,3,3,4,0.48156235,0.5368138551712036,0.3158014,0,1,0,0,1,0,1,0
199-12,199,12,4,1,1,0.8570541441440583,0.1429458558559417,0,1,3,3,4,0.46203807,0.5368138551712036,0.28520408,0,1,0,0,1,0,1,0
200-0,200,0,5,0,0,0.0073784394189715,0.0073784394189715,0,0,5,2,4,0.020461597,0.372329980134964,0.010973727,0,0,0,0,1,1,1,1
200-1,200,1,5,0,0,0.0073784394189715,0.0073784394189715,0,0,4,3,4,0.05782668,0.372329980134964,0.022977456,0,0,0,0,1,1,1,1
200-2,200,2,5,0,0,0.0073784394189715,0.0073784394189715,0,0,3,3,4,0.013529475,0.372329980134964,0.008567585,0,0,0,0,1,1,1,1
200-3,200,3,5,0,0,0.0073784394189715,0.0073784394189715,0,0,5,2,4,0.060939495,0.372329980134964,0.036590364,0,0,0,0,1,1,1,1
200-4,200,4,5,0,0,0.0073784394189715,0.0073784394189715,0,0,5,1,3,0.017107153,0.372329980134964,0.013597134,0,0,0,0,1,1,1,1
200-5,200,5,5,0,0,0.0073784394189715,0.0073784394189715,0,0,5,2,3,0.0050069955,0.372329980134964,0.003913617,0,0,0,0,1,1,1,1
200-6,200,6,5,0,0,0.0073784394189715,0.0073784394189715,0,0,4,1,2,0.070676394,0.372329980134964,0.040975947,0,0,0,0,1,1,1,1
200-7,200,7,5,1,1,0.9926215605810284,0.0073784394189715,0,1,4,4,2,0.6516189,0.372329980134964,0.43227717,0,1,1,0,1,0,1,1
200-8,200,8,5,0,0,0.0073784394189715,0.0073784394189715,0,0,3,3,2,0.023048138,0.372329980134964,0.00942226,0,0,0,0,1,1,1,1
200-9,200,9,5,0,0,0.0073784394189715,0.0073784394189715,0,0,5,1,4,0.056187436,0.372329980134964,0.025343942,0,0,0,0,1,1,1,1
200-10,200,10,5,0,0,0.0073784394189715,0.0073784394189715,0,0,4,1,4,0.0047934107,0.372329980134964,0.0040639457,0,0,0,0,1,1,1,1
200-11,200,11,5,0,0,0.0073784394189715,0.0073784394189715,0,0,3,2,4,0.011723163,0.372329980134964,0.008320141,0,0,0,0,1,1,1,1
200-12,200,12,5,0,0,0.0073784394189715,0.0073784394189715,0,0,4,3,4,0.045064885,0.372329980134964,0.016929414,0,0,0,0,1,1,1,1
201-0,201,0,3,0,0,0.0511462204158306,0.0511462204158306,0,0,5,2,4,0.12169316,0.4455930888652801,0.05382829,0,0,0,0,1,1,1,1
201-1,201,1,3,0,0,0.0511462204158306,0.0511462204158306,0,0,4,3,4,0.10936814,0.4455930888652801,0.046673514,0,0,0,0,1,1,1,1
201-2,201,2,3,0,0,0.0511462204158306,0.0511462204158306,0,0,4,2,4,0.032327995,0.4455930888652801,0.016389221,0,0,0,0,1,1,1,1
201-3,201,3,3,0,0,0.0511462204158306,0.0511462204158306,0,0,5,3,4,0.32743785,0.4455930888652801,0.11619759,0,0,0,0,1,1,1,1
201-4,201,4,3,0,0,0.0511462204158306,0.0511462204158306,0,0,4,3,3,0.04404443,0.4455930888652801,0.021168329,0,0,0,0,1,1,1,1
201-5,201,5,3,0,0,0.0511462204158306,0.0511462204158306,0,0,4,3,3,0.14603746,0.4455930888652801,0.07844925,0,0,0,0,1,1,1,1
201-6,201,6,3,0,0,0.0511462204158306,0.0511462204158306,0,0,4,1,2,0.022275839,0.4455930888652801,0.013451945,0,0,0,0,1,1,1,1
201-7,201,7,3,0,0,0.0511462204158306,0.0511462204158306,0,0,4,3,2,0.090895556,0.4455930888652801,0.040001795,0,0,0,0,1,1,1,1
201-8,201,8,3,0,0,0.0511462204158306,0.0511462204158306,0,0,3,3,2,0.032528974,0.4455930888652801,0.023609817,0,0,0,0,1,1,1,1
201-9,201,9,3,1,1,0.9488537795841694,0.0511462204158306,0,1,3,4,4,0.3513886,0.4455930888652801,0.16834393,0,1,0,0,1,0,1,0
201-10,201,10,3,0,0,0.0511462204158306,0.0511462204158306,0,0,3,2,4,0.049309216,0.4455930888652801,0.020825094,0,0,0,0,1,1,1,1
201-11,201,11,3,0,0,0.0511462204158306,0.0511462204158306,0,0,3,3,4,0.037831422,0.4455930888652801,0.032578975,0,0,0,0,1,1,1,1
201-12,201,12,3,0,0,0.0511462204158306,0.0511462204158306,0,0,4,2,4,0.10111602,0.4455930888652801,0.044878174,0,0,0,0,1,1,1,1
202-0,202,0,4,1,0,0.8749866932630539,0.1250133067369461,0,1,5,2,4,0.09152301,0.5368138551712036,0.038493503,1,1,0,0,0,1,0,1
202-1,202,1,4,1,0,0.8749866932630539,0.1250133067369461,0,1,4,3,4,0.25048622,0.5368138551712036,0.10185397,1,1,0,0,0,1,0,1
202-2,202,2,4,1,0,0.8749866932630539,0.1250133067369461,0,1,4,2,4,0.518657,0.5368138551712036,0.206576,1,1,1,0,0,1,0,0
202-3,202,3,4,1,0,0.8749866932630539,0.1250133067369461,0,1,5,2,4,0.22128855,0.5368138551712036,0.0776957,1,1,0,0,0,1,0,1
202-4,202,4,4,1,0,0.8749866932630539,0.1250133067369461,0,1,5,3,3,0.07102088,0.5368138551712036,0.03018179,1,1,0,0,0,1,0,1
202-5,202,5,4,1,0,0.8749866932630539,0.1250133067369461,0,1,4,3,3,0.114418864,0.5368138551712036,0.062484477,1,1,0,0,0,1,0,1
202-6,202,6,4,1,0,0.8749866932630539,0.1250133067369461,0,1,4,3,2,0.18369623,0.5368138551712036,0.08209851,1,1,0,0,0,1,0,1
202-7,202,7,4,1,0,0.8749866932630539,0.1250133067369461,0,1,4,3,2,0.20207164,0.5368138551712036,0.09147331,1,1,0,0,0,1,0,1
202-8,202,8,4,1,0,0.8749866932630539,0.1250133067369461,0,1,3,3,2,0.29450396,0.5368138551712036,0.14358012,1,1,0,0,0,1,0,1
202-9,202,9,4,1,0,0.8749866932630539,0.1250133067369461,0,1,5,3,4,0.3204093,0.5368138551712036,0.12568146,1,1,0,0,0,1,0,1
202-10,202,10,4,1,0,0.8749866932630539,0.1250133067369461,0,1,4,3,4,0.04455366,0.5368138551712036,0.030146994,1,1,0,0,0,1,0,1
202-11,202,11,4,1,0,0.8749866932630539,0.1250133067369461,0,1,3,3,4,0.28987858,0.5368138551712036,0.142015,1,1,0,0,0,1,0,1
202-12,202,12,4,1,0,0.8749866932630539,0.1250133067369461,0,1,3,4,4,0.2649346,0.5368138551712036,0.12789382,1,1,0,0,0,1,0,1
203-0,203,0,3,1,1,0.1373088359832763,0.8626911640167236,1,0,5,2,4,0.07099892,0.4455930888652801,0.035403825,0,0,0,0,0,0,0,0
203-1,203,1,3,0,0,0.8626911640167236,0.8626911640167236,1,1,4,3,4,0.18529296,0.4455930888652801,0.090744674,0,1,0,0,0,1,0,1
203-2,203,2,3,0,0,0.8626911640167236,0.8626911640167236,1,1,4,3,4,0.047949843,0.4455930888652801,0.027991006,0,1,0,0,0,1,0,1
203-3,203,3,3,1,1,0.1373088359832763,0.8626911640167236,1,0,4,4,4,0.23868747,0.4455930888652801,0.092379145,0,0,0,0,0,0,0,0
203-4,203,4,3,0,0,0.8626911640167236,0.8626911640167236,1,1,4,4,3,0.101940796,0.4455930888652801,0.046021696,0,1,0,0,0,1,0,1
203-5,203,5,3,0,0,0.8626911640167236,0.8626911640167236,1,1,4,4,3,0.2511198,0.4455930888652801,0.14710945,0,1,0,0,0,1,0,1
203-6,203,6,3,1,1,0.1373088359832763,0.8626911640167236,1,0,4,2,2,0.016285319,0.4455930888652801,0.009114757,0,0,0,0,0,0,0,0
203-7,203,7,3,0,0,0.8626911640167236,0.8626911640167236,1,1,4,3,2,0.16834144,0.4455930888652801,0.077638276,0,1,0,0,0,1,0,1
203-8,203,8,3,0,0,0.8626911640167236,0.8626911640167236,1,1,3,3,2,0.061625406,0.4455930888652801,0.047410075,0,1,0,0,0,1,0,1
203-9,203,9,3,1,1,0.1373088359832763,0.8626911640167236,1,0,3,4,4,0.12687239,0.4455930888652801,0.050585505,0,0,0,0,0,0,0,0
203-10,203,10,3,1,1,0.1373088359832763,0.8626911640167236,1,0,4,3,4,0.021681549,0.4455930888652801,0.010535168,0,0,0,0,0,0,0,0
203-11,203,11,3,0,0,0.8626911640167236,0.8626911640167236,1,1,3,3,4,0.07687959,0.4455930888652801,0.06699191,0,1,0,0,0,1,0,1
203-12,203,12,3,0,0,0.8626911640167236,0.8626911640167236,1,1,4,3,4,0.17483832,0.4455930888652801,0.086885974,0,1,0,0,0,1,0,1
204-0,204,0,5,1,0,0.0002188086509703,0.9997811913490297,1,0,5,2,4,0.033145074,0.372329980134964,0.018235965,1,0,0,0,1,1,1,1
204-1,204,1,5,1,0,0.0002188086509703,0.9997811913490297,1,0,4,3,4,0.09804175,0.372329980134964,0.042833485,1,0,0,0,1,1,1,1
204-2,204,2,5,1,0,0.0002188086509703,0.9997811913490297,1,0,4,4,4,0.017522719,0.372329980134964,0.012826164,1,0,0,0,1,1,1,1
204-3,204,3,5,1,0,0.0002188086509703,0.9997811913490297,1,0,5,2,4,0.08206245,0.372329980134964,0.056552947,1,0,0,0,1,1,1,1
204-4,204,4,5,1,0,0.0002188086509703,0.9997811913490297,1,0,5,3,3,0.030414693,0.372329980134964,0.023095142,1,0,0,0,1,1,1,1
204-5,204,5,5,1,0,0.0002188086509703,0.9997811913490297,1,0,4,4,3,0.009351759,0.372329980134964,0.0072541228,1,0,0,0,1,1,1,1
204-6,204,6,5,1,0,0.0002188086509703,0.9997811913490297,1,0,3,4,2,0.1409203,0.372329980134964,0.07917477,1,0,0,0,1,1,1,1
204-7,204,7,5,1,0,0.0002188086509703,0.9997811913490297,1,0,4,3,2,0.10316492,0.372329980134964,0.037626974,1,0,0,0,1,1,1,1
204-8,204,8,5,1,0,0.0002188086509703,0.9997811913490297,1,0,4,2,2,0.04572472,0.372329980134964,0.015940389,1,0,0,0,1,1,1,1
204-9,204,9,5,1,0,0.0002188086509703,0.9997811913490297,1,0,4,3,4,0.09996829,0.372329980134964,0.04412538,1,0,0,0,1,1,1,1
204-10,204,10,5,1,0,0.0002188086509703,0.9997811913490297,1,0,3,3,4,0.011325356,0.372329980134964,0.009347744,1,0,0,0,1,1,1,1
204-11,204,11,5,1,0,0.0002188086509703,0.9997811913490297,1,0,3,3,4,0.02128991,0.372329980134964,0.015518735,1,0,0,0,1,1,1,1
204-12,204,12,5,1,0,0.0002188086509703,0.9997811913490297,1,0,4,2,4,0.077493005,0.372329980134964,0.029750986,1,0,0,0,1,1,1,1
205-0,205,0,3,0,0,0.1223861053586006,0.1223861053586006,0,0,5,2,4,0.10955736,0.4455930888652801,0.051681608,0,0,0,0,1,1,1,1
205-1,205,1,3,0,0,0.1223861053586006,0.1223861053586006,0,0,4,3,4,0.09832382,0.4455930888652801,0.044798683,0,0,0,0,1,1,1,1
205-2,205,2,3,0,0,0.1223861053586006,0.1223861053586006,0,0,4,2,4,0.028811773,0.4455930888652801,0.015549391,0,0,0,0,1,1,1,1
205-3,205,3,3,0,0,0.1223861053586006,0.1223861053586006,0,0,5,2,4,0.30183536,0.4455930888652801,0.10996162,0,0,0,0,1,1,1,1
205-4,205,4,3,0,0,0.1223861053586006,0.1223861053586006,0,0,5,3,3,0.032716747,0.4455930888652801,0.014107756,0,0,0,0,1,1,1,1
205-5,205,5,3,0,0,0.1223861053586006,0.1223861053586006,0,0,4,3,3,0.13183837,0.4455930888652801,0.07477374,0,0,0,0,1,1,1,1
205-6,205,6,3,0,0,0.1223861053586006,0.1223861053586006,0,0,4,2,2,0.026245099,0.4455930888652801,0.013804625,0,0,0,0,1,1,1,1
205-7,205,7,3,0,0,0.1223861053586006,0.1223861053586006,0,0,4,2,2,0.08154595,0.4455930888652801,0.03873342,0,0,0,0,1,1,1,1
205-8,205,8,3,0,0,0.1223861053586006,0.1223861053586006,0,0,3,3,2,0.028268155,0.4455930888652801,0.021363355,0,0,0,0,1,1,1,1
205-9,205,9,3,0,0,0.1223861053586006,0.1223861053586006,0,0,5,2,4,0.13354124,0.4455930888652801,0.054235786,0,0,0,0,1,1,1,1
205-10,205,10,3,0,0,0.1223861053586006,0.1223861053586006,0,0,2,2,4,0.048302006,0.4455930888652801,0.019224385,0,0,0,0,1,1,1,1
205-11,205,11,3,1,1,0.8776138946413994,0.1223861053586006,0,1,2,3,4,0.08993897,0.4455930888652801,0.07524698,0,1,0,0,1,0,1,0
205-12,205,12,3,0,0,0.1223861053586006,0.1223861053586006,0,0,4,2,4,0.09082015,0.4455930888652801,0.04307217,0,0,0,0,1,1,1,1
206-0,206,0,1,0,0,0.1165494695305824,0.1165494695305824,0,0,5,2,4,0.111144155,0.486357569694519,0.040356833,0,0,0,0,1,1,1,1
206-1,206,1,1,0,0,0.1165494695305824,0.1165494695305824,0,0,4,3,4,0.11419883,0.486357569694519,0.044068057,0,0,0,0,1,1,1,1
206-2,206,2,1,0,0,0.1165494695305824,0.1165494695305824,0,0,4,3,4,0.06314075,0.486357569694519,0.026066266,0,0,0,0,1,1,1,1
206-3,206,3,1,0,0,0.1165494695305824,0.1165494695305824,0,0,5,2,4,0.0640081,0.486357569694519,0.023903422,0,0,0,0,1,1,1,1
206-4,206,4,1,0,0,0.1165494695305824,0.1165494695305824,0,0,5,1,3,0.017272675,0.486357569694519,0.0092717055,0,0,0,0,1,1,1,1
206-5,206,5,1,0,0,0.1165494695305824,0.1165494695305824,0,0,3,4,3,0.03980471,0.486357569694519,0.01823065,0,0,0,0,1,1,1,1
206-6,206,6,1,0,0,0.1165494695305824,0.1165494695305824,0,0,4,1,2,0.026782291,0.486357569694519,0.010923754,0,0,0,0,1,1,1,1
206-7,206,7,1,0,0,0.1165494695305824,0.1165494695305824,0,0,4,2,2,0.047391213,0.486357569694519,0.020400671,0,0,0,0,1,1,1,1
206-8,206,8,1,0,0,0.1165494695305824,0.1165494695305824,0,0,3,3,2,0.030378137,0.486357569694519,0.011650436,0,0,0,0,1,1,1,1
206-9,206,9,1,0,0,0.1165494695305824,0.1165494695305824,0,0,4,3,4,0.12040672,0.486357569694519,0.043120295,0,0,0,0,1,1,1,1
206-10,206,10,1,0,0,0.1165494695305824,0.1165494695305824,0,0,3,2,4,0.022400329,0.486357569694519,0.008723948,0,0,0,0,1,1,1,1
206-11,206,11,1,0,0,0.1165494695305824,0.1165494695305824,0,0,3,3,4,0.06259937,0.486357569694519,0.027700396,0,0,0,0,1,1,1,1
206-12,206,12,1,0,0,0.1165494695305824,0.1165494695305824,0,0,3,3,4,0.054251954,0.486357569694519,0.021770775,0,0,0,0,1,1,1,1
207-0,207,0,2,0,0,0.0083263795822858,0.0083263795822858,0,0,4,3,4,0.024033066,0.4492360949516296,0.012102084,0,0,0,0,1,1,1,1
207-1,207,1,2,0,0,0.0083263795822858,0.0083263795822858,0,0,3,3,4,0.037868444,0.4492360949516296,0.020114705,0,0,0,0,1,1,1,1
207-2,207,2,2,0,0,0.0083263795822858,0.0083263795822858,0,0,3,3,4,0.06637056,0.4492360949516296,0.029232798,0,0,0,0,1,1,1,1
207-3,207,3,2,0,0,0.0083263795822858,0.0083263795822858,0,0,4,3,4,0.06508291,0.4492360949516296,0.025901705,0,0,0,0,1,1,1,1
207-4,207,4,2,0,0,0.0083263795822858,0.0083263795822858,0,0,4,4,3,0.01160355,0.4492360949516296,0.007486928,0,0,0,0,1,1,1,1
207-5,207,5,2,1,1,0.9916736204177142,0.0083263795822858,0,1,3,4,3,0.5917974,0.4492360949516296,0.5376157,0,1,1,1,1,0,1,1
207-6,207,6,2,0,0,0.0083263795822858,0.0083263795822858,0,0,2,4,2,0.0108578475,0.4492360949516296,0.0058432366,0,0,0,0,1,1,1,1
207-7,207,7,2,1,1,0.9916736204177142,0.0083263795822858,0,1,3,4,2,0.56780267,0.4492360949516296,0.43513414,0,1,1,0,1,0,1,1
207-8,207,8,2,0,0,0.0083263795822858,0.0083263795822858,0,0,2,3,2,0.07610126,0.4492360949516296,0.03345712,0,0,0,0,1,1,1,1
207-9,207,9,2,0,0,0.0083263795822858,0.0083263795822858,0,0,5,2,4,0.056476846,0.4492360949516296,0.023594273,0,0,0,0,1,1,1,1
207-10,207,10,2,0,0,0.0083263795822858,0.0083263795822858,0,0,2,2,4,0.0055503068,0.4492360949516296,0.003524259,0,0,0,0,1,1,1,1
207-11,207,11,2,0,0,0.0083263795822858,0.0083263795822858,0,0,3,3,4,0.006145922,0.4492360949516296,0.003237046,0,0,0,0,1,1,1,1
207-12,207,12,2,0,0,0.0083263795822858,0.0083263795822858,0,0,2,3,4,0.023489894,0.4492360949516296,0.010974779,0,0,0,0,1,1,1,1
208-0,208,0,3,1,0,0.2187440991401672,0.7812559008598328,1,0,5,2,4,0.07428503,0.4455930888652801,0.035403825,1,0,0,0,1,1,1,1
208-1,208,1,3,1,0,0.2187440991401672,0.7812559008598328,1,0,3,4,4,0.07999496,0.4455930888652801,0.030337615,1,0,0,0,1,1,1,1
208-2,208,2,3,1,0,0.2187440991401672,0.7812559008598328,1,0,3,3,4,0.022799194,0.4455930888652801,0.011247519,1,0,0,0,1,1,1,1
208-3,208,3,3,1,0,0.2187440991401672,0.7812559008598328,1,0,4,4,4,0.24766576,0.4455930888652801,0.09304145,1,0,0,0,1,1,1,1
208-4,208,4,3,1,0,0.2187440991401672,0.7812559008598328,1,0,4,4,3,0.025478078,0.4455930888652801,0.013298561,1,0,0,0,1,1,1,1
208-5,208,5,3,1,0,0.2187440991401672,0.7812559008598328,1,0,4,4,3,0.08746497,0.4455930888652801,0.04911693,1,0,0,0,1,1,1,1
208-6,208,6,3,1,0,0.2187440991401672,0.7812559008598328,1,0,4,3,2,0.017085647,0.4455930888652801,0.009186139,1,0,0,0,1,1,1,1
208-7,208,7,3,1,0,0.2187440991401672,0.7812559008598328,1,0,3,4,2,0.06865264,0.4455930888652801,0.028156655,1,0,0,0,1,1,1,1
208-8,208,8,3,1,0,0.2187440991401672,0.7812559008598328,1,0,2,3,2,0.023590287,0.4455930888652801,0.022148613,1,0,0,0,1,1,1,1
208-9,208,9,3,0,1,0.7812559008598328,0.7812559008598328,1,1,4,4,4,0.29011804,0.4455930888652801,0.13978508,1,1,0,0,1,0,1,0
208-10,208,10,3,1,0,0.2187440991401672,0.7812559008598328,1,0,3,3,4,0.029829843,0.4455930888652801,0.012090124,1,0,0,0,1,1,1,1
208-11,208,11,3,1,0,0.2187440991401672,0.7812559008598328,1,0,2,3,4,0.027236026,0.4455930888652801,0.026837835,1,0,0,0,1,1,1,1
208-12,208,12,3,1,0,0.2187440991401672,0.7812559008598328,1,0,3,3,4,0.075603485,0.4455930888652801,0.030073129,1,0,0,0,1,1,1,1
209-0,209,0,1,0,0,0.4491960108280182,0.4491960108280182,0,0,5,2,4,0.3024469,0.486357569694519,0.11043552,0,0,0,0,1,1,1,1
209-1,209,1,1,0,0,0.4491960108280182,0.4491960108280182,0,0,4,3,4,0.3197242,0.486357569694519,0.12708801,0,0,0,0,1,1,1,1
209-2,209,2,1,0,0,0.4491960108280182,0.4491960108280182,0,0,4,2,4,0.18429098,0.486357569694519,0.07498374,0,0,0,0,1,1,1,1
209-3,209,3,1,0,0,0.4491960108280182,0.4491960108280182,0,0,5,1,4,0.18187612,0.486357569694519,0.06821699,0,0,0,0,1,1,1,1
209-4,209,4,1,0,0,0.4491960108280182,0.4491960108280182,0,0,5,3,3,0.06865131,0.486357569694519,0.03147146,0,0,0,0,1,1,1,1
209-5,209,5,1,0,0,0.4491960108280182,0.4491960108280182,0,0,5,2,3,0.10006392,0.486357569694519,0.038846422,0,0,0,0,1,1,1,1
209-6,209,6,1,0,0,0.4491960108280182,0.4491960108280182,0,0,4,1,2,0.09063021,0.486357569694519,0.033725247,0,0,0,0,1,1,1,1
209-7,209,7,1,0,0,0.4491960108280182,0.4491960108280182,0,0,4,3,2,0.17294256,0.486357569694519,0.07218759,0,0,0,0,1,1,1,1
209-8,209,8,1,0,0,0.4491960108280182,0.4491960108280182,0,0,3,2,2,0.09114566,0.486357569694519,0.03343677,0,0,0,0,1,1,1,1
209-9,209,9,1,0,0,0.4491960108280182,0.4491960108280182,0,0,5,1,4,0.25675157,0.486357569694519,0.087102264,0,0,0,0,1,1,1,1
209-10,209,10,1,0,0,0.4491960108280182,0.4491960108280182,0,0,4,2,4,0.047720894,0.486357569694519,0.023599861,0,0,0,0,1,1,1,1
209-11,209,11,1,0,0,0.4491960108280182,0.4491960108280182,0,0,3,3,4,0.20923634,0.486357569694519,0.0919971,0,0,0,0,1,1,1,1
209-12,209,12,1,0,0,0.4491960108280182,0.4491960108280182,0,0,4,2,4,0.13086677,0.486357569694519,0.05444809,0,0,0,0,1,1,1,1
210-0,210,0,1,1,0,0.3167350888252258,0.6832649111747742,1,0,5,2,4,0.3015565,0.486357569694519,0.107797444,1,0,0,0,1,1,1,1
210-1,210,1,1,0,1,0.6832649111747742,0.6832649111747742,1,1,4,3,4,0.49746883,0.486357569694519,0.2306176,1,1,0,0,1,0,1,0
210-2,210,2,1,0,1,0.6832649111747742,0.6832649111747742,1,1,4,3,4,0.3283485,0.486357569694519,0.150877,1,1,0,0,1,0,1,0
210-3,210,3,1,1,0,0.3167350888252258,0.6832649111747742,1,0,4,4,4,0.21830653,0.486357569694519,0.08335958,1,0,0,0,1,1,1,1
210-4,210,4,1,1,0,0.3167350888252258,0.6832649111747742,1,0,4,4,3,0.067832425,0.486357569694519,0.032856263,1,0,0,0,1,1,1,1
210-5,210,5,1,1,0,0.3167350888252258,0.6832649111747742,1,0,4,3,3,0.11246317,0.486357569694519,0.04551433,1,0,0,0,1,1,1,1
210-6,210,6,1,1,0,0.3167350888252258,0.6832649111747742,1,0,4,2,2,0.09931817,0.486357569694519,0.03376546,1,0,0,0,1,1,1,1
210-7,210,7,1,1,0,0.3167350888252258,0.6832649111747742,1,0,4,4,2,0.16480385,0.486357569694519,0.06429022,1,0,0,0,1,1,1,1
210-8,210,8,1,0,1,0.6832649111747742,0.6832649111747742,1,1,2,3,2,0.19294076,0.486357569694519,0.10084255,1,1,0,0,1,0,1,0
210-9,210,9,1,1,0,0.3167350888252258,0.6832649111747742,1,0,5,3,4,0.29545227,0.486357569694519,0.101604596,1,0,0,0,1,1,1,1
210-10,210,10,1,0,1,0.6832649111747742,0.6832649111747742,1,1,3,3,4,0.058526397,0.486357569694519,0.038143873,1,1,0,0,1,0,1,0
210-11,210,11,1,0,1,0.6832649111747742,0.6832649111747742,1,1,3,3,4,0.34141624,0.486357569694519,0.1645946,1,1,0,0,1,0,1,0
210-12,210,12,1,0,1,0.6832649111747742,0.6832649111747742,1,1,4,2,4,0.21493177,0.486357569694519,0.108243234,1,1,0,0,1,0,1,0
211-0,211,0,4,0,1,0.899701714515686,0.899701714515686,1,1,5,2,4,0.13209511,0.5368138551712036,0.04997984,1,1,0,0,1,0,1,0
211-1,211,1,4,0,1,0.899701714515686,0.899701714515686,1,1,4,3,4,0.28819224,0.5368138551712036,0.10048639,1,1,0,0,1,0,1,0
211-2,211,2,4,0,1,0.899701714515686,0.899701714515686,1,1,4,2,4,0.57291657,0.5368138551712036,0.2080429,1,1,1,0,1,0,1,1
211-3,211,3,4,0,1,0.899701714515686,0.899701714515686,1,1,5,3,4,0.32856584,0.5368138551712036,0.10877128,1,1,0,0,1,0,1,0
211-4,211,4,4,0,1,0.899701714515686,0.899701714515686,1,1,4,3,3,0.1410601,0.5368138551712036,0.055827174,1,1,0,0,1,0,1,0
211-5,211,5,4,1,0,0.1002982854843139,0.899701714515686,1,0,4,4,3,0.032856088,0.5368138551712036,0.016849281,1,0,0,0,1,1,1,1
211-6,211,6,4,0,1,0.899701714515686,0.899701714515686,1,1,4,2,2,0.19308649,0.5368138551712036,0.06929661,1,1,0,0,1,0,1,0
211-7,211,7,4,0,1,0.899701714515686,0.899701714515686,1,1,4,2,2,0.21878749,0.5368138551712036,0.08110775,1,1,0,0,1,0,1,0
211-8,211,8,4,0,1,0.899701714515686,0.899701714515686,1,1,2,3,2,0.37112507,0.5368138551712036,0.17842665,1,1,0,0,1,0,1,0
211-9,211,9,4,0,1,0.899701714515686,0.899701714515686,1,1,4,3,4,0.50050414,0.5368138551712036,0.207167,1,1,1,0,1,0,1,1
211-10,211,10,4,0,1,0.899701714515686,0.899701714515686,1,1,3,3,4,0.059044607,0.5368138551712036,0.035063088,1,1,0,0,1,0,1,0
211-11,211,11,4,1,0,0.1002982854843139,0.899701714515686,1,0,3,3,4,0.09667189,0.5368138551712036,0.03513841,1,0,0,0,1,1,1,1
211-12,211,12,4,0,1,0.899701714515686,0.899701714515686,1,1,3,3,4,0.2852183,0.5368138551712036,0.11366315,1,1,0,0,1,0,1,0
212-0,212,0,1,0,0,0.6297236680984497,0.6297236680984497,1,1,5,2,4,0.44540045,0.486357569694519,0.20025358,0,1,0,0,0,1,0,1
212-1,212,1,1,0,0,0.6297236680984497,0.6297236680984497,1,1,4,3,4,0.48393953,0.486357569694519,0.21488234,0,1,0,0,0,1,0,1
212-2,212,2,1,0,0,0.6297236680984497,0.6297236680984497,1,1,4,2,4,0.2969808,0.486357569694519,0.12895502,0,1,0,0,0,1,0,1
212-3,212,3,1,0,0,0.6297236680984497,0.6297236680984497,1,1,5,2,4,0.2836616,0.486357569694519,0.12666051,0,1,0,0,0,1,0,1
212-4,212,4,1,0,0,0.6297236680984497,0.6297236680984497,1,1,5,3,3,0.12778166,0.486357569694519,0.064075194,0,1,0,0,0,1,0,1
212-5,212,5,1,1,1,0.3702763319015503,0.6297236680984497,1,0,4,3,3,0.103564546,0.486357569694519,0.043766182,0,0,0,0,0,0,0,0
212-6,212,6,1,0,0,0.6297236680984497,0.6297236680984497,1,1,4,3,2,0.15136464,0.486357569694519,0.06973658,0,1,0,0,0,1,0,1
212-7,212,7,1,0,0,0.6297236680984497,0.6297236680984497,1,1,4,2,2,0.2729099,0.486357569694519,0.11455172,0,1,0,0,0,1,0,1
212-8,212,8,1,1,1,0.3702763319015503,0.6297236680984497,1,0,3,3,2,0.088756405,0.486357569694519,0.033092774,0,0,0,0,0,0,0,0
212-9,212,9,1,0,0,0.6297236680984497,0.6297236680984497,1,1,4,2,4,0.47757474,0.486357569694519,0.19576836,0,1,0,0,0,1,0,1
212-10,212,10,1,1,1,0.3702763319015503,0.6297236680984497,1,0,3,3,4,0.04741591,0.486357569694519,0.024434965,0,0,0,0,0,0,0,0
212-11,212,11,1,0,0,0.6297236680984497,0.6297236680984497,1,1,3,3,4,0.3293495,0.486357569694519,0.1524715,0,1,0,0,0,1,0,1
212-12,212,12,1,0,0,0.6297236680984497,0.6297236680984497,1,1,4,2,4,0.20431611,0.486357569694519,0.09977492,0,1,0,0,0,1,0,1
213-0,213,0,4,1,1,0.1061007380485534,0.8938992619514465,1,0,5,2,4,0.04322045,0.5368138551712036,0.013879458,0,0,0,0,0,0,0,0
213-1,213,1,4,1,1,0.1061007380485534,0.8938992619514465,1,0,3,3,4,0.09149907,0.5368138551712036,0.031966966,0,0,0,0,0,0,0,0
213-2,213,2,4,1,1,0.1061007380485534,0.8938992619514465,1,0,3,4,4,0.26809403,0.5368138551712036,0.076976925,0,0,0,0,0,0,0,0
213-3,213,3,4,1,1,0.1061007380485534,0.8938992619514465,1,0,5,1,4,0.11523336,0.5368138551712036,0.031152116,0,0,0,0,0,0,0,0
213-4,213,4,4,1,1,0.1061007380485534,0.8938992619514465,1,0,5,4,3,0.026174657,0.5368138551712036,0.010804553,0,0,0,0,0,0,0,0
213-5,213,5,4,1,1,0.1061007380485534,0.8938992619514465,1,0,4,3,3,0.032856088,0.5368138551712036,0.01650713,0,0,0,0,0,0,0,0
213-6,213,6,4,1,1,0.1061007380485534,0.8938992619514465,1,0,4,3,2,0.07241427,0.5368138551712036,0.023647731,0,0,0,0,0,0,0,0
213-7,213,7,4,1,1,0.1061007380485534,0.8938992619514465,1,0,4,4,2,0.0722714,0.5368138551712036,0.030065298,0,0,0,0,0,0,0,0
213-8,213,8,4,1,1,0.1061007380485534,0.8938992619514465,1,0,3,3,2,0.11042491,0.5368138551712036,0.03856423,0,0,0,0,0,0,0,0
213-9,213,9,4,1,1,0.1061007380485534,0.8938992619514465,1,0,3,4,4,0.20297165,0.5368138551712036,0.06910359,0,0,0,0,0,0,0,0
213-10,213,10,4,1,1,0.1061007380485534,0.8938992619514465,1,0,3,3,4,0.03527465,0.5368138551712036,0.011666804,0,0,0,0,0,0,0,0
213-11,213,11,4,1,1,0.1061007380485534,0.8938992619514465,1,0,3,3,4,0.09667189,0.5368138551712036,0.03443788,0,0,0,0,0,0,0,0
213-12,213,12,4,1,1,0.1061007380485534,0.8938992619514465,1,0,3,3,4,0.09208771,0.5368138551712036,0.030027922,0,0,0,0,0,0,0,0
214-0,214,0,3,1,0,0.2573389410972595,0.7426610589027405,1,0,4,3,4,0.14275923,0.4455930888652801,0.06904507,1,0,0,0,1,1,1,1
214-1,214,1,3,1,0,0.2573389410972595,0.7426610589027405,1,0,4,4,4,0.10264402,0.4455930888652801,0.043861892,1,0,0,0,1,1,1,1
214-2,214,2,3,1,0,0.2573389410972595,0.7426610589027405,1,0,4,3,4,0.025637755,0.4455930888652801,0.013438695,1,0,0,0,1,1,1,1
214-3,214,3,3,1,0,0.2573389410972595,0.7426610589027405,1,0,3,4,4,0.42747855,0.4455930888652801,0.16344954,1,0,0,0,1,1,1,1
214-4,214,4,3,1,0,0.2573389410972595,0.7426610589027405,1,0,4,2,3,0.04614152,0.4455930888652801,0.02217456,1,0,0,0,1,1,1,1
214-5,214,5,3,1,0,0.2573389410972595,0.7426610589027405,1,0,4,3,3,0.14431004,0.4455930888652801,0.07727615,1,0,0,0,1,1,1,1
214-6,214,6,3,1,0,0.2573389410972595,0.7426610589027405,1,0,5,3,2,0.021372473,0.4455930888652801,0.010516858,1,0,0,0,1,1,1,1
214-7,214,7,3,1,0,0.2573389410972595,0.7426610589027405,1,0,3,3,2,0.115923725,0.4455930888652801,0.047530763,1,0,0,0,1,1,1,1
214-8,214,8,3,1,0,0.2573389410972595,0.7426610589027405,1,0,3,3,2,0.035360526,0.4455930888652801,0.023444364,1,0,0,0,1,1,1,1
214-9,214,9,3,1,0,0.2573389410972595,0.7426610589027405,1,0,5,4,4,0.13819386,0.4455930888652801,0.057030022,1,0,0,0,1,1,1,1
214-10,214,10,3,1,0,0.2573389410972595,0.7426610589027405,1,0,3,4,4,0.028859325,0.4455930888652801,0.017950375,1,0,0,0,1,1,1,1
214-11,214,11,3,1,0,0.2573389410972595,0.7426610589027405,1,0,5,2,4,0.025873205,0.4455930888652801,0.024117013,1,0,0,0,1,1,1,1
214-12,214,12,3,1,0,0.2573389410972595,0.7426610589027405,1,0,4,4,4,0.09615278,0.4455930888652801,0.043484814,1,0,0,0,1,1,1,1
215-0,215,0,1,0,0,0.2262121737003326,0.2262121737003326,0,0,4,2,4,0.2540798,0.486357569694519,0.09965416,0,0,0,0,1,1,1,1
215-1,215,1,1,0,0,0.2262121737003326,0.2262121737003326,0,0,5,1,4,0.1853787,0.486357569694519,0.070488006,0,0,0,0,1,1,1,1
215-2,215,2,1,0,0,0.2262121737003326,0.2262121737003326,0,0,5,2,4,0.113067746,0.486357569694519,0.044267714,0,0,0,0,1,1,1,1
215-3,215,3,1,0,0,0.2262121737003326,0.2262121737003326,0,0,4,2,4,0.16346368,0.486357569694519,0.061275046,0,0,0,0,1,1,1,1
215-4,215,4,1,0,0,0.2262121737003326,0.2262121737003326,0,0,5,2,3,0.03919981,0.486357569694519,0.02029763,0,0,0,0,1,1,1,1
215-5,215,5,1,0,0,0.2262121737003326,0.2262121737003326,0,0,5,3,3,0.07593465,0.486357569694519,0.031513035,0,0,0,0,1,1,1,1
215-6,215,6,1,0,0,0.2262121737003326,0.2262121737003326,0,0,5,1,2,0.057660766,0.486357569694519,0.021796461,0,0,0,0,1,1,1,1
215-7,215,7,1,0,0,0.2262121737003326,0.2262121737003326,0,0,4,2,2,0.11319336,0.486357569694519,0.04701293,0,0,0,0,1,1,1,1
215-8,215,8,1,0,0,0.2262121737003326,0.2262121737003326,0,0,2,3,2,0.09086697,0.486357569694519,0.036010783,0,0,0,0,1,1,1,1
215-9,215,9,1,0,0,0.2262121737003326,0.2262121737003326,0,0,5,3,4,0.23096031,0.486357569694519,0.080909915,0,0,0,0,1,1,1,1
215-10,215,10,1,0,0,0.2262121737003326,0.2262121737003326,0,0,5,1,4,0.030259646,0.486357569694519,0.015142941,0,0,0,0,1,1,1,1
215-11,215,11,1,0,0,0.2262121737003326,0.2262121737003326,0,0,5,2,4,0.10277463,0.486357569694519,0.04411245,0,0,0,0,1,1,1,1
215-12,215,12,1,0,0,0.2262121737003326,0.2262121737003326,0,0,4,2,4,0.102866195,0.486357569694519,0.041694455,0,0,0,0,1,1,1,1
216-0,216,0,1,0,0,0.1250892579555511,0.1250892579555511,0,0,4,3,4,0.1356381,0.486357569694519,0.048457757,0,0,0,0,1,1,1,1
216-1,216,1,1,0,0,0.1250892579555511,0.1250892579555511,0,0,4,3,4,0.11419883,0.486357569694519,0.044068057,0,0,0,0,1,1,1,1
216-2,216,2,1,0,0,0.1250892579555511,0.1250892579555511,0,0,4,3,4,0.06314075,0.486357569694519,0.026066266,0,0,0,0,1,1,1,1
216-3,216,3,1,0,0,0.1250892579555511,0.1250892579555511,0,0,4,2,4,0.069743186,0.486357569694519,0.026475705,0,0,0,0,1,1,1,1
216-4,216,4,1,0,0,0.1250892579555511,0.1250892579555511,0,0,5,2,3,0.017878463,0.486357569694519,0.009436851,0,0,0,0,1,1,1,1
216-5,216,5,1,0,0,0.1250892579555511,0.1250892579555511,0,0,4,3,3,0.03594676,0.486357569694519,0.016149191,0,0,0,0,1,1,1,1
216-6,216,6,1,0,0,0.1250892579555511,0.1250892579555511,0,0,5,2,2,0.026879976,0.486357569694519,0.010504584,0,0,0,0,1,1,1,1
216-7,216,7,1,0,0,0.1250892579555511,0.1250892579555511,0,0,4,2,2,0.047391213,0.486357569694519,0.020400671,0,0,0,0,1,1,1,1
216-8,216,8,1,0,0,0.1250892579555511,0.1250892579555511,0,0,3,3,2,0.030378137,0.486357569694519,0.011650436,0,0,0,0,1,1,1,1
216-9,216,9,1,0,0,0.1250892579555511,0.1250892579555511,0,0,5,2,4,0.09835031,0.486357569694519,0.034989074,0,0,0,0,1,1,1,1
216-10,216,10,1,0,0,0.1250892579555511,0.1250892579555511,0,0,4,2,4,0.0219284,0.486357569694519,0.008523279,0,0,0,0,1,1,1,1
216-11,216,11,1,0,0,0.1250892579555511,0.1250892579555511,0,0,5,2,4,0.045948334,0.486357569694519,0.021061268,0,0,0,0,1,1,1,1
216-12,216,12,1,0,0,0.1250892579555511,0.1250892579555511,0,0,4,2,4,0.04277792,0.486357569694519,0.018035803,0,0,0,0,1,1,1,1
217-0,217,0,2,1,0,0.646073967218399,0.3539260327816009,0,1,4,2,4,0.20046517,0.4492360949516296,0.089754604,1,1,0,0,0,1,0,1
217-1,217,1,2,1,0,0.646073967218399,0.3539260327816009,0,1,5,3,4,0.2042956,0.4492360949516296,0.09526557,1,1,0,0,0,1,0,1
217-2,217,2,2,1,0,0.646073967218399,0.3539260327816009,0,1,4,3,4,0.4650454,0.4492360949516296,0.19925648,1,1,0,0,0,1,0,1
217-3,217,3,2,1,0,0.646073967218399,0.3539260327816009,0,1,4,3,4,0.48208207,0.4492360949516296,0.1904664,1,1,0,0,0,1,0,1
217-4,217,4,2,1,0,0.646073967218399,0.3539260327816009,0,1,5,2,3,0.08582829,0.4492360949516296,0.03368154,1,1,0,0,0,1,0,1
217-5,217,5,2,1,0,0.646073967218399,0.3539260327816009,0,1,4,3,3,0.17482251,0.4492360949516296,0.09591061,1,1,0,0,0,1,0,1
217-6,217,6,2,1,0,0.646073967218399,0.3539260327816009,0,1,4,3,2,0.049402915,0.4492360949516296,0.025969513,1,1,0,0,0,1,0,1
217-7,217,7,2,1,0,0.646073967218399,0.3539260327816009,0,1,3,3,2,0.18634047,0.4492360949516296,0.08682809,1,1,0,0,0,1,0,1
217-8,217,8,2,1,0,0.646073967218399,0.3539260327816009,0,1,3,3,2,0.5226376,0.4492360949516296,0.23329814,1,1,1,0,0,1,0,0
217-9,217,9,2,1,0,0.646073967218399,0.3539260327816009,0,1,5,3,4,0.35753003,0.4492360949516296,0.14678136,1,1,0,0,0,1,0,1
217-10,217,10,2,1,0,0.646073967218399,0.3539260327816009,0,1,4,3,4,0.046310756,0.4492360949516296,0.020573666,1,1,0,0,0,1,0,1
217-11,217,11,2,1,0,0.646073967218399,0.3539260327816009,0,1,5,2,4,0.027830016,0.4492360949516296,0.013281022,1,1,0,0,0,1,0,1
217-12,217,12,2,1,0,0.646073967218399,0.3539260327816009,0,1,4,3,4,0.18225087,0.4492360949516296,0.07458248,1,1,0,0,0,1,0,1
218-0,218,0,1,0,0,0.1505060195922851,0.1505060195922851,0,0,3,3,4,0.15551977,0.486357569694519,0.055629935,0,0,0,0,1,1,1,1
218-1,218,1,1,0,0,0.1505060195922851,0.1505060195922851,0,0,5,2,4,0.090423085,0.486357569694519,0.03537083,0,0,0,0,1,1,1,1
218-2,218,2,1,0,0,0.1505060195922851,0.1505060195922851,0,0,4,2,4,0.053010218,0.486357569694519,0.023120131,0,0,0,0,1,1,1,1
218-3,218,3,1,0,0,0.1505060195922851,0.1505060195922851,0,0,3,3,4,0.085193366,0.486357569694519,0.03262309,0,0,0,0,1,1,1,1
218-4,218,4,1,0,0,0.1505060195922851,0.1505060195922851,0,0,5,2,3,0.017311165,0.486357569694519,0.009436851,0,0,0,0,1,1,1,1
218-5,218,5,1,0,0,0.1505060195922851,0.1505060195922851,0,0,5,2,3,0.027472826,0.486357569694519,0.012901732,0,0,0,0,1,1,1,1
218-6,218,6,1,0,0,0.1505060195922851,0.1505060195922851,0,0,4,3,2,0.03223981,0.486357569694519,0.01251548,0,0,0,0,1,1,1,1
218-7,218,7,1,0,0,0.1505060195922851,0.1505060195922851,0,0,4,2,2,0.045931205,0.486357569694519,0.020400671,0,0,0,0,1,1,1,1
218-8,218,8,1,0,0,0.1505060195922851,0.1505060195922851,0,0,3,3,2,0.029426087,0.486357569694519,0.011650436,0,0,0,0,1,1,1,1
218-9,218,9,1,0,0,0.1505060195922851,0.1505060195922851,0,0,5,1,4,0.0895121,0.486357569694519,0.033735443,0,0,0,0,1,1,1,1
218-10,218,10,1,0,0,0.1505060195922851,0.1505060195922851,0,0,4,2,4,0.021235362,0.486357569694519,0.008523279,0,0,0,0,1,1,1,1
218-11,218,11,1,0,0,0.1505060195922851,0.1505060195922851,0,0,5,2,4,0.044530727,0.486357569694519,0.021061268,0,0,0,0,1,1,1,1
218-12,218,12,1,0,0,0.1505060195922851,0.1505060195922851,0,0,4,2,4,0.041453887,0.486357569694519,0.018035803,0,0,0,0,1,1,1,1
219-0,219,0,2,1,0,0.1185010075569152,0.8814989924430847,1,0,3,4,4,0.20785116,0.4492360949516296,0.08022058,1,0,0,0,1,1,1,1
219-1,219,1,2,1,0,0.1185010075569152,0.8814989924430847,1,0,5,3,4,0.17912924,0.4492360949516296,0.078972,1,0,0,0,1,1,1,1
219-2,219,2,2,1,0,0.1185010075569152,0.8814989924430847,1,0,5,3,4,0.2860445,0.4492360949516296,0.11580842,1,0,0,0,1,1,1,1
219-3,219,3,2,1,0,0.1185010075569152,0.8814989924430847,1,0,4,3,4,0.36764413,0.4492360949516296,0.1385299,1,0,0,0,1,1,1,1
219-4,219,4,2,1,0,0.1185010075569152,0.8814989924430847,1,0,5,2,3,0.05666275,0.4492360949516296,0.029616956,1,0,0,0,1,1,1,1
219-5,219,5,2,1,0,0.1185010075569152,0.8814989924430847,1,0,5,3,3,0.077143274,0.4492360949516296,0.045953013,1,0,0,0,1,1,1,1
219-6,219,6,2,1,0,0.1185010075569152,0.8814989924430847,1,0,5,3,2,0.05667644,0.4492360949516296,0.023446325,1,0,0,0,1,1,1,1
219-7,219,7,2,1,0,0.1185010075569152,0.8814989924430847,1,0,3,3,2,0.12287662,0.4492360949516296,0.054445487,1,0,0,0,1,1,1,1
219-8,219,8,2,1,0,0.1185010075569152,0.8814989924430847,1,0,3,3,2,0.39852294,0.4492360949516296,0.15610091,1,0,0,0,1,1,1,1
219-9,219,9,2,1,0,0.1185010075569152,0.8814989924430847,1,0,5,4,4,0.3525798,0.4492360949516296,0.15333459,1,0,0,0,1,1,1,1
219-10,219,10,2,1,0,0.1185010075569152,0.8814989924430847,1,0,4,2,4,0.036223944,0.4492360949516296,0.015921663,1,0,0,0,1,1,1,1
219-11,219,11,2,1,0,0.1185010075569152,0.8814989924430847,1,0,5,2,4,0.027910994,0.4492360949516296,0.013030342,1,0,0,0,1,1,1,1
219-12,219,12,2,1,0,0.1185010075569152,0.8814989924430847,1,0,5,3,4,0.11777976,0.4492360949516296,0.040752366,1,0,0,0,1,1,1,1
220-0,220,0,2,0,1,0.1087959706783294,0.1087959706783294,0,0,4,3,4,0.11016452,0.4492360949516296,0.048360676,1,0,0,0,0,0,0,0
220-1,220,1,2,1,0,0.8912040293216706,0.1087959706783294,0,1,5,3,4,0.27778545,0.4492360949516296,0.13853788,1,1,0,0,0,1,0,1
220-2,220,2,2,0,1,0.1087959706783294,0.1087959706783294,0,0,4,3,4,0.23572747,0.4492360949516296,0.10650767,1,0,0,0,0,0,0,0
220-3,220,3,2,0,1,0.1087959706783294,0.1087959706783294,0,0,3,3,4,0.2681961,0.4492360949516296,0.112504825,1,0,0,0,0,0,0,0
220-4,220,4,2,1,0,0.8912040293216706,0.1087959706783294,0,1,4,4,3,0.24136207,0.4492360949516296,0.10286491,1,1,0,0,0,1,0,1
220-5,220,5,2,1,0,0.8912040293216706,0.1087959706783294,0,1,3,4,3,0.31668523,0.4492360949516296,0.21408874,1,1,0,0,0,1,0,1
220-6,220,6,2,1,0,0.8912040293216706,0.1087959706783294,0,1,3,4,2,0.08708128,0.4492360949516296,0.064179204,1,1,0,0,0,1,0,1
220-7,220,7,2,1,0,0.8912040293216706,0.1087959706783294,0,1,3,3,2,0.28691447,0.4492360949516296,0.15128198,1,1,0,0,0,1,0,1
220-8,220,8,2,1,0,0.8912040293216706,0.1087959706783294,0,1,2,4,2,0.7277892,0.4492360949516296,0.47308502,1,1,1,0,0,1,0,0
220-9,220,9,2,1,0,0.8912040293216706,0.1087959706783294,0,1,2,4,4,0.66749555,0.4492360949516296,0.4240906,1,1,1,0,0,1,0,0
220-10,220,10,2,0,1,0.1087959706783294,0.1087959706783294,0,0,3,3,4,0.027109297,0.4492360949516296,0.013849125,1,0,0,0,0,0,0,0
220-11,220,11,2,0,1,0.1087959706783294,0.1087959706783294,0,0,5,2,4,0.020158712,0.4492360949516296,0.009611223,1,0,0,0,0,0,0,0
220-12,220,12,2,0,1,0.1087959706783294,0.1087959706783294,0,0,4,3,4,0.088595025,0.4492360949516296,0.037172243,1,0,0,0,0,0,0,0
221-0,221,0,4,0,0,0.750176727771759,0.750176727771759,1,1,4,2,4,0.08109137,0.5368138551712036,0.036118574,0,1,0,0,0,1,0,1
221-1,221,1,4,0,0,0.750176727771759,0.750176727771759,1,1,5,2,4,0.099023856,0.5368138551712036,0.039595626,0,1,0,0,0,1,0,1
221-2,221,2,4,1,1,0.2498232722282409,0.750176727771759,1,0,3,4,4,0.53747773,0.5368138551712036,0.19940318,0,0,1,0,0,0,0,1
221-3,221,3,4,0,0,0.750176727771759,0.750176727771759,1,1,4,1,4,0.19790463,0.5368138551712036,0.075521976,0,1,0,0,0,1,0,1
221-4,221,4,4,0,0,0.750176727771759,0.750176727771759,1,1,5,2,3,0.03541922,0.5368138551712036,0.019083565,0,1,0,0,0,1,0,1
221-5,221,5,4,1,1,0.2498232722282409,0.750176727771759,1,0,4,4,3,0.09271546,0.5368138551712036,0.045692604,0,0,0,0,0,0,0,0
221-6,221,6,4,0,0,0.750176727771759,0.750176727771759,1,1,5,2,2,0.067060895,0.5368138551712036,0.029168682,0,1,0,0,0,1,0,1
221-7,221,7,4,0,0,0.750176727771759,0.750176727771759,1,1,3,3,2,0.14841078,0.5368138551712036,0.06302265,0,1,0,0,0,1,0,1
221-8,221,8,4,0,0,0.750176727771759,0.750176727771759,1,1,3,3,2,0.21147914,0.5368138551712036,0.08823438,0,1,0,0,0,1,0,1
221-9,221,9,4,1,1,0.2498232722282409,0.750176727771759,1,0,4,4,4,0.38651043,0.5368138551712036,0.14805838,0,0,0,0,0,0,0,0
221-10,221,10,4,0,0,0.750176727771759,0.750176727771759,1,1,4,2,4,0.030475793,0.5368138551712036,0.016707523,0,1,0,0,0,1,0,1
221-11,221,11,4,0,0,0.750176727771759,0.750176727771759,1,1,5,2,4,0.09756146,0.5368138551712036,0.045246016,0,1,0,0,0,1,0,1
221-12,221,12,4,0,0,0.750176727771759,0.750176727771759,1,1,4,2,4,0.11700768,0.5368138551712036,0.05422018,0,1,0,0,0,1,0,1
222-0,222,0,4,0,1,0.7736619114875793,0.7736619114875793,1,1,4,2,4,0.09663661,0.5368138551712036,0.036524218,1,1,0,0,1,0,1,0
222-1,222,1,4,0,1,0.7736619114875793,0.7736619114875793,1,1,5,2,4,0.11696871,0.5368138551712036,0.04203252,1,1,0,0,1,0,1,0
222-2,222,2,4,0,1,0.7736619114875793,0.7736619114875793,1,1,5,2,4,0.33530912,0.5368138551712036,0.10516619,1,1,0,0,1,0,1,0
222-3,222,3,4,0,1,0.7736619114875793,0.7736619114875793,1,1,3,3,4,0.33440807,0.5368138551712036,0.11268645,1,1,0,0,1,0,1,0
222-4,222,4,4,0,1,0.7736619114875793,0.7736619114875793,1,1,5,1,3,0.040029876,0.5368138551712036,0.018971168,1,1,0,0,1,0,1,0
222-5,222,5,4,1,0,0.2263380885124206,0.7736619114875793,1,0,4,4,3,0.1264193,0.5368138551712036,0.07889384,1,0,0,0,1,1,1,1
222-6,222,6,4,0,1,0.7736619114875793,0.7736619114875793,1,1,3,3,2,0.14819807,0.5368138551712036,0.05263543,1,1,0,0,1,0,1,0
222-7,222,7,4,0,1,0.7736619114875793,0.7736619114875793,1,1,3,3,2,0.17441167,0.5368138551712036,0.06302265,1,1,0,0,1,0,1,0
222-8,222,8,4,0,1,0.7736619114875793,0.7736619114875793,1,1,3,3,2,0.24534601,0.5368138551712036,0.08823438,1,1,0,0,1,0,1,0
222-9,222,9,4,0,1,0.7736619114875793,0.7736619114875793,1,1,5,1,4,0.23692973,0.5368138551712036,0.08053774,1,1,0,0,1,0,1,0
222-10,222,10,4,0,1,0.7736619114875793,0.7736619114875793,1,1,3,3,4,0.04356828,0.5368138551712036,0.02263794,1,1,0,0,1,0,1,0
222-11,222,11,4,0,1,0.7736619114875793,0.7736619114875793,1,1,5,2,4,0.115275,0.5368138551712036,0.048013292,1,1,0,0,1,0,1,0
222-12,222,12,4,0,1,0.7736619114875793,0.7736619114875793,1,1,4,2,4,0.13840105,0.5368138551712036,0.054817565,1,1,0,0,1,0,1,0
223-0,223,0,3,1,0,0.925922580063343,0.0740774199366569,0,1,3,3,4,0.29887798,0.4455930888652801,0.16133273,1,1,0,0,0,1,0,1
223-1,223,1,3,1,0,0.925922580063343,0.0740774199366569,0,1,4,4,4,0.17142841,0.4455930888652801,0.08205064,1,1,0,0,0,1,0,1
223-2,223,2,3,1,0,0.925922580063343,0.0740774199366569,0,1,4,3,4,0.0438094,0.4455930888652801,0.025337605,1,1,0,0,0,1,0,1
223-3,223,3,3,1,0,0.925922580063343,0.0740774199366569,0,1,2,3,4,0.626564,0.4455930888652801,0.33340648,1,1,1,0,0,1,0,0
223-4,223,4,3,1,0,0.925922580063343,0.0740774199366569,0,1,4,3,3,0.09178196,0.4455930888652801,0.042948056,1,1,0,0,0,1,0,1
223-5,223,5,3,1,0,0.925922580063343,0.0740774199366569,0,1,4,4,3,0.23209378,0.4455930888652801,0.13734733,1,1,0,0,0,1,0,1
223-6,223,6,3,0,1,0.0740774199366569,0.0740774199366569,0,0,3,4,2,0.03399501,0.4455930888652801,0.016051514,1,0,0,0,0,0,0,0
223-7,223,7,3,1,0,0.925922580063343,0.0740774199366569,0,1,2,3,2,0.2293912,0.4455930888652801,0.1233065,1,1,0,0,0,1,0,1
223-8,223,8,3,0,1,0.0740774199366569,0.0740774199366569,0,0,2,3,2,0.0384531,0.4455930888652801,0.028885545,1,0,0,0,0,0,0,0
223-9,223,9,3,0,1,0.0740774199366569,0.0740774199366569,0,0,5,2,4,0.14945708,0.4455930888652801,0.05648222,1,0,0,0,0,0,0,0
223-10,223,10,3,1,0,0.925922580063343,0.0740774199366569,0,1,3,3,4,0.046116486,0.4455930888652801,0.030279694,1,1,0,0,0,1,0,1
223-11,223,11,3,0,1,0.0740774199366569,0.0740774199366569,0,0,4,2,4,0.032557588,0.4455930888652801,0.031055683,1,0,0,0,0,0,0,0
223-12,223,12,3,1,0,0.925922580063343,0.0740774199366569,0,1,2,3,4,0.24222754,0.4455930888652801,0.12645088,1,1,0,0,0,1,0,1
224-0,224,0,4,1,0,0.3952086567878723,0.6047913432121277,1,0,4,3,4,0.14171968,0.5368138551712036,0.047893517,1,0,0,0,1,1,1,1
224-1,224,1,4,1,0,0.3952086567878723,0.6047913432121277,1,0,5,4,4,0.16617398,0.5368138551712036,0.056922656,1,0,0,0,1,1,1,1
224-2,224,2,4,1,0,0.3952086567878723,0.6047913432121277,1,0,4,3,4,0.5062625,0.5368138551712036,0.17158738,1,0,1,0,1,1,1,0
224-3,224,3,4,1,0,0.3952086567878723,0.6047913432121277,1,0,3,3,4,0.37096494,0.5368138551712036,0.12822989,1,0,0,0,1,1,1,1
224-4,224,4,4,1,0,0.3952086567878723,0.6047913432121277,1,0,4,3,3,0.08652253,0.5368138551712036,0.034981716,1,0,0,0,1,1,1,1
224-5,224,5,4,1,0,0.3952086567878723,0.6047913432121277,1,0,5,3,3,0.07153492,0.5368138551712036,0.034626115,1,0,0,0,1,1,1,1
224-6,224,6,4,1,0,0.3952086567878723,0.6047913432121277,1,0,3,4,2,0.16934866,0.5368138551712036,0.06544208,1,0,0,0,1,1,1,1
224-7,224,7,4,1,0,0.3952086567878723,0.6047913432121277,1,0,3,3,2,0.20448636,0.5368138551712036,0.08162727,1,0,0,0,1,1,1,1
224-8,224,8,4,1,0,0.3952086567878723,0.6047913432121277,1,0,3,3,2,0.2875436,0.5368138551712036,0.11500487,1,0,0,0,1,1,1,1
224-9,224,9,4,1,0,0.3952086567878723,0.6047913432121277,1,0,4,4,4,0.39620712,0.5368138551712036,0.14463592,1,0,0,0,1,1,1,1
224-10,224,10,4,1,0,0.3952086567878723,0.6047913432121277,1,0,4,3,4,0.046840806,0.5368138551712036,0.023144225,1,0,0,0,1,1,1,1
224-11,224,11,4,1,0,0.3952086567878723,0.6047913432121277,1,0,5,2,4,0.14757931,0.5368138551712036,0.05938666,1,0,0,0,1,1,1,1
224-12,224,12,4,1,0,0.3952086567878723,0.6047913432121277,1,0,3,3,4,0.22092514,0.5368138551712036,0.08515423,1,0,0,0,1,1,1,1
225-0,225,0,2,0,0,0.0512029454112052,0.0512029454112052,0,0,4,2,4,0.083537534,0.4492360949516296,0.032403313,0,0,0,0,1,1,1,1
225-1,225,1,2,0,0,0.0512029454112052,0.0512029454112052,0,0,5,2,4,0.087577194,0.4492360949516296,0.034847833,0,0,0,0,1,1,1,1
225-2,225,2,2,0,0,0.0512029454112052,0.0512029454112052,0,0,3,3,4,0.2114686,0.4492360949516296,0.07415884,0,0,0,0,1,1,1,1
225-3,225,3,2,0,0,0.0512029454112052,0.0512029454112052,0,0,3,3,4,0.22308974,0.4492360949516296,0.07040217,0,0,0,0,1,1,1,1
225-4,225,4,2,0,0,0.0512029454112052,0.0512029454112052,0,0,4,3,3,0.043829758,0.4492360949516296,0.020053925,0,0,0,0,1,1,1,1
225-5,225,5,2,0,0,0.0512029454112052,0.0512029454112052,0,0,5,2,3,0.034525305,0.4492360949516296,0.019167745,0,0,0,0,1,1,1,1
225-6,225,6,2,0,0,0.0512029454112052,0.0512029454112052,0,0,5,3,2,0.031021012,0.4492360949516296,0.010840607,0,0,0,0,1,1,1,1
225-7,225,7,2,0,0,0.0512029454112052,0.0512029454112052,0,0,2,3,2,0.06888254,0.4492360949516296,0.026967755,0,0,0,0,1,1,1,1
225-8,225,8,2,0,0,0.0512029454112052,0.0512029454112052,0,0,3,3,2,0.22082983,0.4492360949516296,0.07215422,0,0,0,0,1,1,1,1
225-9,225,9,2,0,0,0.0512029454112052,0.0512029454112052,0,0,5,2,4,0.1652659,0.4492360949516296,0.058577955,0,0,0,0,1,1,1,1
225-10,225,10,2,0,0,0.0512029454112052,0.0512029454112052,0,0,4,2,4,0.01884081,0.4492360949516296,0.0080713695,0,0,0,0,1,1,1,1
225-11,225,11,2,0,0,0.0512029454112052,0.0512029454112052,0,0,5,2,4,0.015369063,0.4492360949516296,0.006501592,0,0,0,0,1,1,1,1
225-12,225,12,2,0,0,0.0512029454112052,0.0512029454112052,0,0,4,2,4,0.064283356,0.4492360949516296,0.023942243,0,0,0,0,1,1,1,1
226-0,226,0,3,0,0,0.1613178551197052,0.1613178551197052,0,0,4,2,4,0.13690433,0.4455930888652801,0.06810437,0,0,0,0,1,1,1,1
226-1,226,1,3,0,0,0.1613178551197052,0.1613178551197052,0,0,4,3,4,0.10273482,0.4455930888652801,0.044798683,0,0,0,0,1,1,1,1
226-2,226,2,3,0,0,0.1613178551197052,0.1613178551197052,0,0,4,2,4,0.03020879,0.4455930888652801,0.015549391,0,0,0,0,1,1,1,1
226-3,226,3,3,0,0,0.1613178551197052,0.1613178551197052,0,0,2,3,4,0.41437438,0.4455930888652801,0.16045015,0,0,0,0,1,1,1,1
226-4,226,4,3,0,0,0.1613178551197052,0.1613178551197052,0,0,4,2,3,0.04118986,0.4455930888652801,0.020484384,0,0,0,0,1,1,1,1
226-5,226,5,3,0,0,0.1613178551197052,0.1613178551197052,0,0,4,2,3,0.13752355,0.4455930888652801,0.07477374,0,0,0,0,1,1,1,1
226-6,226,6,3,0,0,0.1613178551197052,0.1613178551197052,0,0,5,2,2,0.025741639,0.4455930888652801,0.011191041,0,0,0,0,1,1,1,1
226-7,226,7,3,0,0,0.1613178551197052,0.1613178551197052,0,0,3,3,2,0.099849634,0.4455930888652801,0.041354433,0,0,0,0,1,1,1,1
226-8,226,8,3,0,0,0.1613178551197052,0.1613178551197052,0,0,3,3,2,0.030403193,0.4455930888652801,0.021363355,0,0,0,0,1,1,1,1
226-9,226,9,3,0,0,0.1613178551197052,0.1613178551197052,0,0,5,3,4,0.13928802,0.4455930888652801,0.055230603,0,0,0,0,1,1,1,1
226-10,226,10,3,0,0,0.1613178551197052,0.1613178551197052,0,0,3,3,4,0.04547778,0.4455930888652801,0.019109432,0,0,0,0,1,1,1,1
226-11,226,11,3,0,0,0.1613178551197052,0.1613178551197052,0,0,5,2,4,0.025737634,0.4455930888652801,0.023122484,0,0,0,0,1,1,1,1
226-12,226,12,3,0,0,0.1613178551197052,0.1613178551197052,0,0,5,2,4,0.085805155,0.4455930888652801,0.03314703,0,0,0,0,1,1,1,1
227-0,227,0,2,0,0,0.1743381023406982,0.1743381023406982,0,0,4,3,4,0.15355512,0.4492360949516296,0.050700855,0,0,0,0,1,1,1,1
227-1,227,1,2,0,0,0.1743381023406982,0.1743381023406982,0,0,4,2,4,0.19533828,0.4492360949516296,0.07776714,0,0,0,0,1,1,1,1
227-2,227,2,2,0,0,0.1743381023406982,0.1743381023406982,0,0,4,3,4,0.31127307,0.4492360949516296,0.11133242,0,0,0,0,1,1,1,1
227-3,227,3,2,0,0,0.1743381023406982,0.1743381023406982,0,0,3,2,4,0.29329896,0.4492360949516296,0.10485693,0,0,0,0,1,1,1,1
227-4,227,4,2,0,0,0.1743381023406982,0.1743381023406982,0,0,4,3,3,0.0779202,0.4492360949516296,0.033338062,0,0,0,0,1,1,1,1
227-5,227,5,2,1,1,0.8256618976593018,0.1743381023406982,0,1,3,3,3,0.22398315,0.4492360949516296,0.13370527,0,1,0,0,1,0,1,0
227-6,227,6,2,0,0,0.1743381023406982,0.1743381023406982,0,0,4,2,2,0.04659984,0.4492360949516296,0.01734386,0,0,0,0,1,1,1,1
227-7,227,7,2,0,0,0.1743381023406982,0.1743381023406982,0,0,2,3,2,0.12440423,0.4492360949516296,0.051053137,0,0,0,0,1,1,1,1
227-8,227,8,2,1,1,0.8256618976593018,0.1743381023406982,0,1,3,3,2,0.5514384,0.4492360949516296,0.25262728,0,1,1,0,1,0,1,1
227-9,227,9,2,0,0,0.1743381023406982,0.1743381023406982,0,0,5,3,4,0.26503256,0.4492360949516296,0.09045226,0,0,0,0,1,1,1,1
227-10,227,10,2,0,0,0.1743381023406982,0.1743381023406982,0,0,3,3,4,0.03922897,0.4492360949516296,0.014544796,0,0,0,0,1,1,1,1
227-11,227,11,2,0,0,0.1743381023406982,0.1743381023406982,0,0,5,2,4,0.022719106,0.4492360949516296,0.008979783,0,0,0,0,1,1,1,1
227-12,227,12,2,0,0,0.1743381023406982,0.1743381023406982,0,0,2,3,4,0.16000646,0.4492360949516296,0.051942725,0,0,0,0,1,1,1,1
228-0,228,0,2,1,1,0.8108063489198685,0.1891936510801315,0,1,4,3,4,0.24419923,0.4492360949516296,0.10730775,0,1,0,0,1,0,1,0
228-1,228,1,2,0,0,0.1891936510801315,0.1891936510801315,0,0,5,2,4,0.12819049,0.4492360949516296,0.04973225,0,0,0,0,1,1,1,1
228-2,228,2,2,1,1,0.8108063489198685,0.1891936510801315,0,1,4,3,4,0.4973702,0.4492360949516296,0.22204943,0,1,0,0,1,0,1,0
228-3,228,3,2,1,1,0.8108063489198685,0.1891936510801315,0,1,4,3,4,0.51445234,0.4492360949516296,0.2125207,0,1,1,0,1,0,1,1
228-4,228,4,2,1,1,0.8108063489198685,0.1891936510801315,0,1,4,4,3,0.17201859,0.4492360949516296,0.06755801,0,1,0,0,1,0,1,0
228-5,228,5,2,0,0,0.1891936510801315,0.1891936510801315,0,0,4,3,3,0.098640025,0.4492360949516296,0.049145404,0,0,0,0,1,1,1,1
228-6,228,6,2,1,1,0.8108063489198685,0.1891936510801315,0,1,4,3,2,0.054796927,0.4492360949516296,0.02801096,0,1,0,0,1,0,1,0
228-7,228,7,2,0,0,0.1891936510801315,0.1891936510801315,0,0,2,3,2,0.12440423,0.4492360949516296,0.051053137,0,0,0,0,1,1,1,1
228-8,228,8,2,0,0,0.1891936510801315,0.1891936510801315,0,0,2,3,2,0.38432077,0.4492360949516296,0.14736179,0,0,0,0,1,1,1,1
228-9,228,9,2,0,0,0.1891936510801315,0.1891936510801315,0,0,5,3,4,0.26503256,0.4492360949516296,0.09045226,0,0,0,0,1,1,1,1
228-10,228,10,2,1,1,0.8108063489198685,0.1891936510801315,0,1,3,3,4,0.060211856,0.4492360949516296,0.028522706,0,1,0,0,1,0,1,0
228-11,228,11,2,0,0,0.1891936510801315,0.1891936510801315,0,0,4,3,4,0.03694692,0.4492360949516296,0.0131041845,0,0,0,0,1,1,1,1
228-12,228,12,2,0,0,0.1891936510801315,0.1891936510801315,0,0,4,2,4,0.102307424,0.4492360949516296,0.035211258,0,0,0,0,1,1,1,1
229-0,229,0,3,1,1,0.91262885928154,0.08737114071846,0,1,3,3,4,0.29887798,0.4455930888652801,0.16453509,0,1,0,0,1,0,1,0
229-1,229,1,3,0,0,0.08737114071846,0.08737114071846,0,0,5,2,4,0.09059235,0.4455930888652801,0.03614911,0,0,0,0,1,1,1,1
229-2,229,2,3,0,0,0.08737114071846,0.08737114071846,0,0,4,3,4,0.033419795,0.4455930888652801,0.018184908,0,0,0,0,1,1,1,1
229-3,229,3,3,0,0,0.08737114071846,0.08737114071846,0,0,4,3,4,0.3827104,0.4455930888652801,0.16341296,0,0,0,0,1,1,1,1
229-4,229,4,3,1,1,0.91262885928154,0.08737114071846,0,1,4,4,3,0.09178196,0.4455930888652801,0.0435471,0,1,0,0,1,0,1,0
229-5,229,5,3,1,1,0.91262885928154,0.08737114071846,0,1,4,3,3,0.23209378,0.4455930888652801,0.13907176,0,1,0,0,1,0,1,0
229-6,229,6,3,0,0,0.08737114071846,0.08737114071846,0,0,4,3,2,0.030455492,0.4455930888652801,0.01584658,0,0,0,0,1,1,1,1
229-7,229,7,3,0,0,0.08737114071846,0.08737114071846,0,0,2,3,2,0.12104582,0.4455930888652801,0.05800098,0,0,0,0,1,1,1,1
229-8,229,8,3,0,0,0.08737114071846,0.08737114071846,0,0,3,3,2,0.03314581,0.4455930888652801,0.024495622,0,0,0,0,1,1,1,1
229-9,229,9,3,0,0,0.08737114071846,0.08737114071846,0,0,4,3,4,0.18253253,0.4455930888652801,0.08192434,0,0,0,0,1,1,1,1
229-10,229,10,3,0,0,0.08737114071846,0.08737114071846,0,0,4,3,4,0.041543193,0.4455930888652801,0.01953696,0,0,0,0,1,1,1,1
229-11,229,11,3,0,0,0.08737114071846,0.08737114071846,0,0,5,3,4,0.028687792,0.4455930888652801,0.028381571,0,0,0,0,1,1,1,1
229-12,229,12,3,0,0,0.08737114071846,0.08737114071846,0,0,3,3,4,0.122292615,0.4455930888652801,0.05319474,0,0,0,0,1,1,1,1
230-0,230,0,4,1,0,0.1136473417282104,0.8863526582717896,1,0,4,3,4,0.056208033,0.5368138551712036,0.017561246,1,0,0,0,1,1,1,1
230-1,230,1,4,1,0,0.1136473417282104,0.8863526582717896,1,0,4,3,4,0.07720129,0.5368138551712036,0.027201068,1,0,0,0,1,1,1,1
230-2,230,2,4,1,0,0.1136473417282104,0.8863526582717896,1,0,4,3,4,0.23768029,0.5368138551712036,0.06768788,1,0,0,0,1,1,1,1
230-3,230,3,4,1,0,0.1136473417282104,0.8863526582717896,1,0,3,3,4,0.17277646,0.5368138551712036,0.04807605,1,0,0,0,1,1,1,1
230-4,230,4,4,1,0,0.1136473417282104,0.8863526582717896,1,0,4,4,3,0.030747797,0.5368138551712036,0.013209725,1,0,0,0,1,1,1,1
230-5,230,5,4,1,0,0.1136473417282104,0.8863526582717896,1,0,5,3,3,0.02543847,0.5368138551712036,0.013599256,1,0,0,0,1,1,1,1
230-6,230,6,4,1,0,0.1136473417282104,0.8863526582717896,1,0,3,4,2,0.070842825,0.5368138551712036,0.023652505,1,0,0,0,1,1,1,1
230-7,230,7,4,1,0,0.1136473417282104,0.8863526582717896,1,0,3,3,2,0.06428323,0.5368138551712036,0.02619666,1,0,0,0,1,1,1,1
230-8,230,8,4,1,0,0.1136473417282104,0.8863526582717896,1,0,3,3,2,0.107495286,0.5368138551712036,0.03755843,1,0,0,0,1,1,1,1
230-9,230,9,4,1,0,0.1136473417282104,0.8863526582717896,1,0,5,4,4,0.14016928,0.5368138551712036,0.04775673,1,0,0,0,1,1,1,1
230-10,230,10,4,1,0,0.1136473417282104,0.8863526582717896,1,0,3,3,4,0.033661123,0.5368138551712036,0.01135424,1,0,0,0,1,1,1,1
230-11,230,11,4,1,0,0.1136473417282104,0.8863526582717896,1,0,5,3,4,0.06969025,0.5368138551712036,0.02542944,1,0,0,0,1,1,1,1
230-12,230,12,4,1,0,0.1136473417282104,0.8863526582717896,1,0,3,4,4,0.09677659,0.5368138551712036,0.032371033,1,0,0,0,1,1,1,1
231-0,231,0,1,1,0,0.090836763381958,0.909163236618042,1,0,5,3,4,0.20917715,0.486357569694519,0.0714664,1,0,0,0,1,1,1,1
231-1,231,1,1,1,0,0.090836763381958,0.909163236618042,1,0,4,4,4,0.19122703,0.486357569694519,0.07016437,1,0,0,0,1,1,1,1
231-2,231,2,1,1,0,0.090836763381958,0.909163236618042,1,0,4,3,4,0.10515749,0.486357569694519,0.03873342,1,0,0,0,1,1,1,1
231-3,231,3,1,1,0,0.090836763381958,0.909163236618042,1,0,2,3,4,0.13739263,0.486357569694519,0.046585243,1,0,0,0,1,1,1,1
231-4,231,4,1,1,0,0.090836763381958,0.909163236618042,1,0,5,3,3,0.03626996,0.486357569694519,0.017884031,1,0,0,0,1,1,1,1
231-5,231,5,1,1,0,0.090836763381958,0.909163236618042,1,0,4,4,3,0.061046503,0.486357569694519,0.024199804,1,0,0,0,1,1,1,1
231-6,231,6,1,1,0,0.090836763381958,0.909163236618042,1,0,3,4,2,0.0653095,0.486357569694519,0.022338398,1,0,0,0,1,1,1,1
231-7,231,7,1,1,0,0.090836763381958,0.909163236618042,1,0,3,3,2,0.099932946,0.486357569694519,0.038265727,1,0,0,0,1,1,1,1
231-8,231,8,1,1,0,0.090836763381958,0.909163236618042,1,0,2,3,2,0.06791603,0.486357569694519,0.024741482,1,0,0,0,1,1,1,1
231-9,231,9,1,1,0,0.090836763381958,0.909163236618042,1,0,4,4,4,0.20067367,0.486357569694519,0.068695694,1,0,0,0,1,1,1,1
231-10,231,10,1,1,0,0.090836763381958,0.909163236618042,1,0,2,3,4,0.05280107,0.486357569694519,0.019223046,1,0,0,0,1,1,1,1
231-11,231,11,1,0,1,0.909163236618042,0.909163236618042,1,1,3,4,4,0.41145977,0.486357569694519,0.19515786,1,1,0,0,1,0,1,0
231-12,231,12,1,1,0,0.090836763381958,0.909163236618042,1,0,4,4,4,0.09384491,0.486357569694519,0.034922134,1,0,0,0,1,1,1,1
232-0,232,0,2,1,0,0.2222864031791687,0.7777135968208313,1,0,3,4,4,0.17148145,0.4492360949516296,0.06016483,1,0,0,0,1,1,1,1
232-1,232,1,2,1,0,0.2222864031791687,0.7777135968208313,1,0,3,4,4,0.25767228,0.4492360949516296,0.112208046,1,0,0,0,1,1,1,1
232-2,232,2,2,1,0,0.2222864031791687,0.7777135968208313,1,0,3,3,4,0.33398423,0.4492360949516296,0.12675403,1,0,0,0,1,1,1,1
232-3,232,3,2,1,0,0.2222864031791687,0.7777135968208313,1,0,2,3,4,0.34786272,0.4492360949516296,0.12621623,1,0,0,0,1,1,1,1
232-4,232,4,2,1,0,0.2222864031791687,0.7777135968208313,1,0,4,4,3,0.07480167,0.4492360949516296,0.03288521,1,0,0,0,1,1,1,1
232-5,232,5,2,1,0,0.2222864031791687,0.7777135968208313,1,0,4,4,3,0.096471824,0.4492360949516296,0.05399113,1,0,0,0,1,1,1,1
232-6,232,6,2,1,0,0.2222864031791687,0.7777135968208313,1,0,3,4,2,0.05823736,0.4492360949516296,0.021869987,1,0,0,0,1,1,1,1
232-7,232,7,2,1,0,0.2222864031791687,0.7777135968208313,1,0,3,3,2,0.099108234,0.4492360949516296,0.040999122,1,0,0,0,1,1,1,1
232-8,232,8,2,1,0,0.2222864031791687,0.7777135968208313,1,0,3,3,2,0.3422398,0.4492360949516296,0.120754994,1,0,0,0,1,1,1,1
232-9,232,9,2,1,0,0.2222864031791687,0.7777135968208313,1,0,4,4,4,0.32750297,0.4492360949516296,0.1254606,1,0,0,0,1,1,1,1
232-10,232,10,2,1,0,0.2222864031791687,0.7777135968208313,1,0,3,3,4,0.03922313,0.4492360949516296,0.014976482,1,0,0,0,1,1,1,1
232-11,232,11,2,1,0,0.2222864031791687,0.7777135968208313,1,0,4,3,4,0.03508147,0.4492360949516296,0.013079054,1,0,0,0,1,1,1,1
232-12,232,12,2,1,0,0.2222864031791687,0.7777135968208313,1,0,4,4,4,0.12109932,0.4492360949516296,0.038920384,1,0,0,0,1,1,1,1
233-0,233,0,5,1,0,0.9064502716064454,0.0935497283935546,0,1,5,3,4,0.14094213,0.372329980134964,0.07826064,1,1,0,0,0,1,0,1
233-1,233,1,5,1,0,0.9064502716064454,0.0935497283935546,0,1,4,3,4,0.43129453,0.372329980134964,0.21444935,1,1,0,0,0,1,0,1
233-2,233,2,5,1,0,0.9064502716064454,0.0935497283935546,0,1,4,3,4,0.12858592,0.372329980134964,0.07222919,1,1,0,0,0,1,0,1
233-3,233,3,5,1,0,0.9064502716064454,0.0935497283935546,0,1,3,3,4,0.47178006,0.372329980134964,0.3446022,1,1,0,0,0,1,0,1
233-4,233,4,5,1,0,0.9064502716064454,0.0935497283935546,0,1,5,4,3,0.1708136,0.372329980134964,0.1113838,1,1,0,0,0,1,0,1
233-5,233,5,5,1,0,0.9064502716064454,0.0935497283935546,0,1,4,3,3,0.016254846,0.372329980134964,0.019821437,1,1,0,0,0,1,0,1
233-6,233,6,5,1,0,0.9064502716064454,0.0935497283935546,0,1,5,2,2,0.41629723,0.372329980134964,0.2509618,1,1,0,0,0,1,0,1
233-7,233,7,5,1,0,0.9064502716064454,0.0935497283935546,0,1,3,3,2,0.4636432,0.372329980134964,0.21045093,1,1,0,0,0,1,0,1
233-8,233,8,5,1,0,0.9064502716064454,0.0935497283935546,0,1,3,3,2,0.2330017,0.372329980134964,0.088930435,1,1,0,0,0,1,0,1
233-9,233,9,5,1,0,0.9064502716064454,0.0935497283935546,0,1,4,4,4,0.43980742,0.372329980134964,0.22095126,1,1,0,0,0,1,0,1
233-10,233,10,5,1,0,0.9064502716064454,0.0935497283935546,0,1,4,2,4,0.01323298,0.372329980134964,0.017821541,1,1,0,0,0,1,0,1
233-11,233,11,5,1,0,0.9064502716064454,0.0935497283935546,0,1,4,3,4,0.12858592,0.372329980134964,0.07222919,1,1,0,0,0,1,0,1
233-12,233,12,5,1,0,0.9064502716064454,0.0935497283935546,0,1,5,3,4,0.24237566,0.372329980134964,0.11316495,1,1,0,0,0,1,0,1
234-0,234,0,3,0,0,0.0404616147279739,0.0404616147279739,0,0,4,3,4,0.14538637,0.4455930888652801,0.07215903,0,0,0,0,1,1,1,1
234-1,234,1,3,0,0,0.0404616147279739,0.0404616147279739,0,0,4,2,4,0.10936814,0.4455930888652801,0.045825347,0,0,0,0,1,1,1,1
234-2,234,2,3,0,0,0.0404616147279739,0.0404616147279739,0,0,4,3,4,0.032327995,0.4455930888652801,0.016437164,0,0,0,0,1,1,1,1
234-3,234,3,3,0,0,0.0404616147279739,0.0404616147279739,0,0,3,2,4,0.4246116,0.4455930888652801,0.16625707,0,0,0,0,1,1,1,1
234-4,234,4,3,0,0,0.0404616147279739,0.0404616147279739,0,0,5,2,3,0.03669154,0.4455930888652801,0.01484907,0,0,0,0,1,1,1,1
234-5,234,5,3,0,0,0.0404616147279739,0.0404616147279739,0,0,5,2,3,0.122607626,0.4455930888652801,0.059462853,0,0,0,0,1,1,1,1
234-6,234,6,3,0,0,0.0404616147279739,0.0404616147279739,0,0,5,3,2,0.027556377,0.4455930888652801,0.012487847,0,0,0,0,1,1,1,1
234-7,234,7,3,0,0,0.0404616147279739,0.0404616147279739,0,0,2,3,2,0.12598354,0.4455930888652801,0.05860088,0,0,0,0,1,1,1,1
234-8,234,8,3,0,0,0.0404616147279739,0.0404616147279739,0,0,3,3,2,0.033464972,0.4455930888652801,0.023609817,0,0,0,0,1,1,1,1
234-9,234,9,3,0,0,0.0404616147279739,0.0404616147279739,0,0,5,2,4,0.14945708,0.4455930888652801,0.05648222,0,0,0,0,1,1,1,1
234-10,234,10,3,0,0,0.0404616147279739,0.0404616147279739,0,0,4,2,4,0.040197052,0.4455930888652801,0.01784827,0,0,0,0,1,1,1,1
234-11,234,11,3,1,1,0.959538385272026,0.0404616147279739,0,1,4,3,4,0.066133216,0.4455930888652801,0.059606306,0,1,0,0,1,0,1,0
234-12,234,12,3,0,0,0.0404616147279739,0.0404616147279739,0,0,4,3,4,0.10111602,0.4455930888652801,0.045116875,0,0,0,0,1,1,1,1
235-0,235,0,3,1,0,0.5093517005443573,0.4906482994556427,0,1,4,2,4,0.20303258,0.4455930888652801,0.100531295,1,1,0,0,0,1,0,1
235-1,235,1,3,1,0,0.5093517005443573,0.4906482994556427,0,1,5,3,4,0.093980454,0.4455930888652801,0.04397665,1,1,0,0,0,1,0,1
235-2,235,2,3,1,0,0.5093517005443573,0.4906482994556427,0,1,5,2,4,0.02287443,0.4455930888652801,0.0141630815,1,1,0,0,0,1,0,1
235-3,235,3,3,1,0,0.5093517005443573,0.4906482994556427,0,1,4,4,4,0.4599419,0.4455930888652801,0.19966285,1,1,0,0,0,1,0,1
235-4,235,4,3,1,0,0.5093517005443573,0.4906482994556427,0,1,5,3,3,0.048760794,0.4455930888652801,0.021943381,1,1,0,0,0,1,0,1
235-5,235,5,3,1,0,0.5093517005443573,0.4906482994556427,0,1,5,2,3,0.1342052,0.4455930888652801,0.078336515,1,1,0,0,0,1,0,1
235-6,235,6,3,1,0,0.5093517005443573,0.4906482994556427,0,1,4,3,2,0.034069937,0.4455930888652801,0.018492883,1,1,0,0,0,1,0,1
235-7,235,7,3,1,0,0.5093517005443573,0.4906482994556427,0,1,3,3,2,0.1456464,0.4455930888652801,0.073800646,1,1,0,0,0,1,0,1
235-8,235,8,3,1,0,0.5093517005443573,0.4906482994556427,0,1,3,3,2,0.0409036,0.4455930888652801,0.034641616,1,1,0,0,0,1,0,1
235-9,235,9,3,1,0,0.5093517005443573,0.4906482994556427,0,1,5,4,4,0.17814407,0.4455930888652801,0.07762259,1,1,0,0,0,1,0,1
235-10,235,10,3,1,0,0.5093517005443573,0.4906482994556427,0,1,4,3,4,0.029503355,0.4455930888652801,0.02179692,1,1,0,0,0,1,0,1
235-11,235,11,3,1,0,0.5093517005443573,0.4906482994556427,0,1,5,2,4,0.032926466,0.4455930888652801,0.03227946,1,1,0,0,0,1,0,1
235-12,235,12,3,1,0,0.5093517005443573,0.4906482994556427,0,1,5,4,4,0.10696428,0.4455930888652801,0.04728451,1,1,0,0,0,1,0,1
236-0,236,0,3,0,1,0.2143891900777816,0.2143891900777816,0,0,4,3,4,0.14020173,0.4455930888652801,0.06894467,1,0,0,0,0,0,0,0
236-1,236,1,3,0,1,0.2143891900777816,0.2143891900777816,0,0,4,2,4,0.10530965,0.4455930888652801,0.04372876,1,0,0,0,0,0,0,0
236-2,236,2,3,0,1,0.2143891900777816,0.2143891900777816,0,0,4,3,4,0.03102876,0.4455930888652801,0.015752215,1,0,0,0,0,0,0,0
236-3,236,3,3,0,1,0.2143891900777816,0.2143891900777816,0,0,4,2,4,0.36475983,0.4455930888652801,0.14333364,1,0,0,0,0,0,0,0
236-4,236,4,3,0,1,0.2143891900777816,0.2143891900777816,0,0,5,2,3,0.035223313,0.4455930888652801,0.014107756,1,0,0,0,0,0,0,0
236-5,236,5,3,0,1,0.2143891900777816,0.2143891900777816,0,0,5,2,3,0.11812303,0.4455930888652801,0.056622207,1,0,0,0,0,0,0,0
236-6,236,6,3,0,1,0.2143891900777816,0.2143891900777816,0,0,4,3,2,0.028270334,0.4455930888652801,0.013722327,1,0,0,0,0,0,0,0
236-7,236,7,3,0,1,0.2143891900777816,0.2143891900777816,0,0,3,3,2,0.10236038,0.4455930888652801,0.04111474,1,0,0,0,0,0,0,0
236-8,236,8,3,0,1,0.2143891900777816,0.2143891900777816,0,0,3,3,2,0.031139327,0.4455930888652801,0.021236952,1,0,0,0,0,0,0,0
236-9,236,9,3,0,1,0.2143891900777816,0.2143891900777816,0,0,5,3,4,0.14263335,0.4455930888652801,0.055230603,1,0,0,0,0,0,0,0
236-10,236,10,3,0,1,0.2143891900777816,0.2143891900777816,0,0,3,3,4,0.046692252,0.4455930888652801,0.018996106,1,0,0,0,0,0,0,0
236-11,236,11,3,0,1,0.2143891900777816,0.2143891900777816,0,0,5,2,4,0.026439562,0.4455930888652801,0.023122484,1,0,0,0,0,0,0,0
236-12,236,12,3,0,1,0.2143891900777816,0.2143891900777816,0,0,4,2,4,0.097330324,0.4455930888652801,0.042822946,1,0,0,0,0,0,0,0
237-0,237,0,1,0,0,0.5846384763717651,0.5846384763717651,1,1,4,3,4,0.46686277,0.486357569694519,0.25706774,0,1,0,0,0,1,0,1
237-1,237,1,1,0,0,0.5846384763717651,0.5846384763717651,1,1,5,1,4,0.3703307,0.486357569694519,0.18502347,0,1,0,0,0,1,0,1
237-2,237,2,1,0,0,0.5846384763717651,0.5846384763717651,1,1,5,2,4,0.24849297,0.486357569694519,0.12726846,0,1,0,0,0,1,0,1
237-3,237,3,1,0,0,0.5846384763717651,0.5846384763717651,1,1,3,3,4,0.35016644,0.486357569694519,0.19714698,0,1,0,0,0,1,0,1
237-4,237,4,1,0,0,0.5846384763717651,0.5846384763717651,1,1,5,1,3,0.10187261,0.486357569694519,0.06642526,0,1,0,0,0,1,0,1
237-5,237,5,1,0,0,0.5846384763717651,0.5846384763717651,1,1,5,2,3,0.15900066,0.486357569694519,0.07989341,0,1,0,0,0,1,0,1
237-6,237,6,1,0,0,0.5846384763717651,0.5846384763717651,1,1,5,1,2,0.10230434,0.486357569694519,0.062080696,0,1,0,0,0,1,0,1
237-7,237,7,1,0,0,0.5846384763717651,0.5846384763717651,1,1,4,2,2,0.24766524,0.486357569694519,0.12634206,0,1,0,0,0,1,0,1
237-8,237,8,1,0,0,0.5846384763717651,0.5846384763717651,1,1,3,2,2,0.12506315,0.486357569694519,0.07065984,0,1,0,0,0,1,0,1
237-9,237,9,1,0,0,0.5846384763717651,0.5846384763717651,1,1,5,1,4,0.38441953,0.486357569694519,0.1833334,0,1,0,0,0,1,0,1
237-10,237,10,1,0,0,0.5846384763717651,0.5846384763717651,1,1,4,2,4,0.044272203,0.486357569694519,0.034783598,0,1,0,0,0,1,0,1
237-11,237,11,1,0,0,0.5846384763717651,0.5846384763717651,1,1,5,2,4,0.2314719,0.486357569694519,0.12347215,0,1,0,0,0,1,0,1
237-12,237,12,1,0,0,0.5846384763717651,0.5846384763717651,1,1,5,2,4,0.15808354,0.486357569694519,0.096764624,0,1,0,0,0,1,0,1
238-0,238,0,2,1,1,0.9910532729700208,0.0089467270299792,0,1,3,4,4,0.65489674,0.4492360949516296,0.54188466,0,1,1,1,1,0,1,1
238-1,238,1,2,0,0,0.0089467270299792,0.0089467270299792,0,0,4,2,4,0.031399887,0.4492360949516296,0.017803915,0,0,0,0,1,1,1,1
238-2,238,2,2,1,1,0.9910532729700208,0.0089467270299792,0,1,3,3,4,0.86195403,0.4492360949516296,0.7430363,0,1,1,1,1,0,1,1
238-3,238,3,2,0,0,0.0089467270299792,0.0089467270299792,0,0,3,3,4,0.07036175,0.4492360949516296,0.027547255,0,0,0,0,1,1,1,1
238-4,238,4,2,0,0,0.0089467270299792,0.0089467270299792,0,0,4,4,3,0.01160355,0.4492360949516296,0.007486928,0,0,0,0,1,1,1,1
238-5,238,5,2,1,1,0.9910532729700208,0.0089467270299792,0,1,4,3,3,0.54679173,0.4492360949516296,0.4840984,0,1,1,0,1,0,1,1
238-6,238,6,2,0,0,0.0089467270299792,0.0089467270299792,0,0,4,3,2,0.009367729,0.4492360949516296,0.0046036686,0,0,0,0,1,1,1,1
238-7,238,7,2,0,0,0.0089467270299792,0.0089467270299792,0,0,2,3,2,0.01717147,0.4492360949516296,0.01001959,0,0,0,0,1,1,1,1
238-8,238,8,2,0,0,0.0089467270299792,0.0089467270299792,0,0,3,3,2,0.06808972,0.4492360949516296,0.026920896,0,0,0,0,1,1,1,1
238-9,238,9,2,0,0,0.0089467270299792,0.0089467270299792,0,0,4,3,4,0.05946843,0.4492360949516296,0.026326448,0,0,0,0,1,1,1,1
238-10,238,10,2,0,0,0.0089467270299792,0.0089467270299792,0,0,4,1,4,0.004865951,0.4492360949516296,0.003014402,0,0,0,0,1,1,1,1
238-11,238,11,2,0,0,0.0089467270299792,0.0089467270299792,0,0,5,2,4,0.0049859234,0.4492360949516296,0.0027153548,0,0,0,0,1,1,1,1
238-12,238,12,2,0,0,0.0089467270299792,0.0089467270299792,0,0,4,3,4,0.018968066,0.4492360949516296,0.008812363,0,0,0,0,1,1,1,1
239-0,239,0,4,1,1,0.4856132864952087,0.5143867135047913,1,0,3,3,4,0.14730278,0.5368138551712036,0.059860677,0,0,0,0,0,0,0,0
239-1,239,1,4,1,1,0.4856132864952087,0.5143867135047913,1,0,4,3,4,0.18565089,0.5368138551712036,0.0715603,0,0,0,0,0,0,0,0
239-2,239,2,4,1,1,0.4856132864952087,0.5143867135047913,1,0,5,3,4,0.38592565,0.5368138551712036,0.13510355,0,0,0,0,0,0,0,0
239-3,239,3,4,1,1,0.4856132864952087,0.5143867135047913,1,0,3,3,4,0.32198593,0.5368138551712036,0.11673871,0,0,0,0,0,0,0,0
239-4,239,4,4,0,0,0.5143867135047913,0.5143867135047913,1,1,5,2,3,0.04428441,0.5368138551712036,0.022588948,0,1,0,0,0,1,0,1
239-5,239,5,4,0,0,0.5143867135047913,0.5143867135047913,1,1,3,4,3,0.093346275,0.5368138551712036,0.041858587,0,1,0,0,0,1,0,1
239-6,239,6,4,1,1,0.4856132864952087,0.5143867135047913,1,0,5,3,2,0.102743566,0.5368138551712036,0.044558775,0,0,0,0,0,0,0,0
239-7,239,7,4,0,0,0.5143867135047913,0.5143867135047913,1,1,3,3,2,0.18127044,0.5368138551712036,0.080218755,0,1,0,0,0,1,0,1
239-8,239,8,4,0,0,0.5143867135047913,0.5143867135047913,1,1,3,3,2,0.25413564,0.5368138551712036,0.11159637,0,1,0,0,0,1,0,1
239-9,239,9,4,0,0,0.5143867135047913,0.5143867135047913,1,1,4,3,4,0.35571036,0.5368138551712036,0.14189385,0,1,0,0,0,1,0,1
239-10,239,10,4,0,0,0.5143867135047913,0.5143867135047913,1,1,4,2,4,0.038618144,0.5368138551712036,0.018455012,0,1,0,0,0,1,0,1
239-11,239,11,4,1,1,0.4856132864952087,0.5143867135047913,1,0,5,3,4,0.13893853,0.5368138551712036,0.063409165,0,0,0,0,0,0,0,0
239-12,239,12,4,1,1,0.4856132864952087,0.5143867135047913,1,0,2,3,4,0.1992516,0.5368138551712036,0.087273054,0,0,0,0,0,0,0,0
240-0,240,0,1,0,0,0.8015216588973999,0.8015216588973999,1,1,4,2,4,0.39140937,0.486357569694519,0.1737796,0,1,0,0,0,1,0,1
240-1,240,1,1,0,0,0.8015216588973999,0.8015216588973999,1,1,5,2,4,0.34226164,0.486357569694519,0.1337079,0,1,0,0,0,1,0,1
240-2,240,2,1,0,0,0.8015216588973999,0.8015216588973999,1,1,4,3,4,0.24524984,0.486357569694519,0.106324255,0,1,0,0,0,1,0,1
240-3,240,3,1,0,0,0.8015216588973999,0.8015216588973999,1,1,3,3,4,0.29611805,0.486357569694519,0.13722096,0,1,0,0,0,1,0,1
240-4,240,4,1,0,0,0.8015216588973999,0.8015216588973999,1,1,5,1,3,0.08136943,0.486357569694519,0.04376627,0,1,0,0,0,1,0,1
240-5,240,5,1,0,0,0.8015216588973999,0.8015216588973999,1,1,5,2,3,0.1261485,0.486357569694519,0.051119212,0,1,0,0,0,1,0,1
240-6,240,6,1,0,0,0.8015216588973999,0.8015216588973999,1,1,4,2,2,0.10513023,0.486357569694519,0.048892736,0,1,0,0,0,1,0,1
240-7,240,7,1,0,0,0.8015216588973999,0.8015216588973999,1,1,3,3,2,0.2377106,0.486357569694519,0.09768416,0,1,0,0,0,1,0,1
240-8,240,8,1,0,0,0.8015216588973999,0.8015216588973999,1,1,3,3,2,0.113090426,0.486357569694519,0.051758222,0,1,0,0,0,1,0,1
240-9,240,9,1,0,0,0.8015216588973999,0.8015216588973999,1,1,5,1,4,0.33136907,0.486357569694519,0.12801209,0,1,0,0,0,1,0,1
240-10,240,10,1,0,0,0.8015216588973999,0.8015216588973999,1,1,4,2,4,0.03677873,0.486357569694519,0.02312682,0,1,0,0,0,1,0,1
240-11,240,11,1,0,0,0.8015216588973999,0.8015216588973999,1,1,5,2,4,0.19018933,0.486357569694519,0.08288645,0,1,0,0,0,1,0,1
240-12,240,12,1,0,0,0.8015216588973999,0.8015216588973999,1,1,4,2,4,0.15509805,0.486357569694519,0.07526352,0,1,0,0,0,1,0,1
241-0,241,0,5,1,0,0.0040547251701356,0.9959452748298644,1,0,3,3,4,0.050462145,0.372329980134964,0.02439088,1,0,0,0,1,1,1,1
241-1,241,1,5,1,0,0.0040547251701356,0.9959452748298644,1,0,4,4,4,0.099199995,0.372329980134964,0.04413399,1,0,0,0,1,1,1,1
241-2,241,2,5,1,0,0.0040547251701356,0.9959452748298644,1,0,4,3,4,0.017522719,0.372329980134964,0.012826164,1,0,0,0,1,1,1,1
241-3,241,3,5,1,0,0.0040547251701356,0.9959452748298644,1,0,4,3,4,0.09133531,0.372329980134964,0.060371824,1,0,0,0,1,1,1,1
241-4,241,4,5,1,0,0.0040547251701356,0.9959452748298644,1,0,4,3,3,0.034777954,0.372329980134964,0.02549577,1,0,0,0,1,1,1,1
241-5,241,5,5,1,0,0.0040547251701356,0.9959452748298644,1,0,4,3,3,0.009351759,0.372329980134964,0.0071266936,1,0,0,0,1,1,1,1
241-6,241,6,5,1,0,0.0040547251701356,0.9959452748298644,1,0,4,3,2,0.13251634,0.372329980134964,0.07079515,1,0,0,0,1,1,1,1
241-7,241,7,5,1,0,0.0040547251701356,0.9959452748298644,1,0,2,3,2,0.0964079,0.372329980134964,0.044154413,1,0,0,0,1,1,1,1
241-8,241,8,5,1,0,0.0040547251701356,0.9959452748298644,1,0,3,3,2,0.047803763,0.372329980134964,0.017366841,1,0,0,0,1,1,1,1
241-9,241,9,5,1,0,0.0040547251701356,0.9959452748298644,1,0,5,3,4,0.08984555,0.372329980134964,0.042137653,1,0,0,0,1,1,1,1
241-10,241,10,5,1,0,0.0040547251701356,0.9959452748298644,1,0,3,3,4,0.011325356,0.372329980134964,0.009347744,1,0,0,0,1,1,1,1
241-11,241,11,5,1,0,0.0040547251701356,0.9959452748298644,1,0,5,2,4,0.016055409,0.372329980134964,0.011861211,1,0,0,0,1,1,1,1
241-12,241,12,5,1,0,0.0040547251701356,0.9959452748298644,1,0,5,4,4,0.06826439,0.372329980134964,0.031785473,1,0,0,0,1,1,1,1
242-0,242,0,5,1,0,0.9907667525112628,0.0092332474887371,0,1,5,1,4,0.28026935,0.372329980134964,0.23118241,1,1,0,0,0,1,0,1
242-1,242,1,5,1,0,0.9907667525112628,0.0092332474887371,0,1,4,4,4,0.63910836,0.372329980134964,0.46527454,1,1,1,0,0,1,0,0
242-2,242,2,5,1,0,0.9907667525112628,0.0092332474887371,0,1,4,3,4,0.24651755,0.372329980134964,0.18645345,1,1,0,0,0,1,0,1
242-3,242,3,5,1,0,0.9907667525112628,0.0092332474887371,0,1,3,3,4,0.66313255,0.372329980134964,0.62382865,1,1,1,1,0,1,0,0
242-4,242,4,5,1,0,0.9907667525112628,0.0092332474887371,0,1,4,3,3,0.4152097,0.372329980134964,0.36720762,1,1,0,0,0,1,0,1
242-5,242,5,5,0,1,0.0092332474887371,0.0092332474887371,0,0,3,3,3,0.004815542,0.372329980134964,0.003969505,1,0,0,0,0,0,0,0
242-6,242,6,5,1,0,0.9907667525112628,0.0092332474887371,0,1,3,4,2,0.7539461,0.372329980134964,0.6255395,1,1,1,1,0,1,0,0
242-7,242,7,5,1,0,0.9907667525112628,0.0092332474887371,0,1,2,3,2,0.73886627,0.372329980134964,0.5618513,1,1,1,1,0,1,0,0
242-8,242,8,5,1,0,0.9907667525112628,0.0092332474887371,0,1,3,3,2,0.4301697,0.372329980134964,0.23964915,1,1,0,0,0,1,0,1
242-9,242,9,5,1,0,0.9907667525112628,0.0092332474887371,0,1,4,4,4,0.64407486,0.372329980134964,0.47301129,1,1,1,0,0,1,0,0
242-10,242,10,5,1,0,0.9907667525112628,0.0092332474887371,0,1,4,3,4,0.02999972,0.372329980134964,0.04790677,1,1,0,0,0,1,0,1
242-11,242,11,5,1,0,0.9907667525112628,0.0092332474887371,0,1,5,2,4,0.19889152,0.372329980134964,0.14923581,1,1,0,0,0,1,0,1
242-12,242,12,5,1,0,0.9907667525112628,0.0092332474887371,0,1,4,3,4,0.5251691,0.372329980134964,0.3353341,1,1,1,0,0,1,0,0
243-0,243,0,5,1,0,0.9581394717097284,0.0418605282902717,0,1,4,2,4,0.26548108,0.372329980134964,0.20901258,1,1,0,0,0,1,0,1
243-1,243,1,5,1,0,0.9581394717097284,0.0418605282902717,0,1,4,4,4,0.54784936,0.372329980134964,0.373872,1,1,1,0,0,1,0,0
243-2,243,2,5,1,0,0.9581394717097284,0.0418605282902717,0,1,3,4,4,0.21978454,0.372329980134964,0.173055,1,1,0,0,0,1,0,1
243-3,243,3,5,1,0,0.9581394717097284,0.0418605282902717,0,1,3,3,4,0.5792503,0.372329980134964,0.53581196,1,1,1,1,0,1,0,0
243-4,243,4,5,1,0,0.9581394717097284,0.0418605282902717,0,1,4,4,3,0.332546,0.372329980134964,0.295998,1,1,0,0,0,1,0,1
243-5,243,5,5,1,0,0.9581394717097284,0.0418605282902717,0,1,3,4,3,0.029397724,0.372329980134964,0.04992929,1,1,0,0,0,1,0,1
243-6,243,6,5,0,1,0.0418605282902717,0.0418605282902717,0,0,4,3,2,0.10979805,0.372329980134964,0.053114448,1,0,0,0,0,0,0,0
243-7,243,7,5,1,0,0.9581394717097284,0.0418605282902717,0,1,3,3,2,0.6017194,0.372329980134964,0.38857365,1,1,1,0,0,1,0,0
243-8,243,8,5,1,0,0.9581394717097284,0.0418605282902717,0,1,3,3,2,0.34967026,0.372329980134964,0.18879391,1,1,0,0,0,1,0,1
243-9,243,9,5,1,0,0.9581394717097284,0.0418605282902717,0,1,4,4,4,0.55319375,0.372329980134964,0.3811723,1,1,1,0,0,1,0,0
243-10,243,10,5,1,0,0.9581394717097284,0.0418605282902717,0,1,4,3,4,0.021470446,0.372329980134964,0.035868853,1,1,0,0,0,1,0,1
243-11,243,11,5,1,0,0.9581394717097284,0.0418605282902717,0,1,5,2,4,0.14617735,0.372329980134964,0.10229159,1,1,0,0,0,1,0,1
243-12,243,12,5,1,0,0.9581394717097284,0.0418605282902717,0,1,4,3,4,0.4344157,0.372329980134964,0.2658965,1,1,0,0,0,1,0,1
244-0,244,0,1,0,0,0.2693410813808441,0.2693410813808441,0,0,4,1,4,0.34508574,0.486357569694519,0.16576199,0,0,0,0,1,1,1,1
244-1,244,1,1,1,1,0.7306589186191559,0.2693410813808441,0,1,3,4,4,0.6151339,0.486357569694519,0.3741773,0,1,1,0,1,0,1,1
244-2,244,2,1,0,0,0.2693410813808441,0.2693410813808441,0,0,4,3,4,0.22105022,0.486357569694519,0.10895905,0,0,0,0,1,1,1,1
244-3,244,3,1,0,0,0.2693410813808441,0.2693410813808441,0,0,4,2,4,0.24118777,0.486357569694519,0.11407638,0,0,0,0,1,1,1,1
244-4,244,4,1,0,0,0.2693410813808441,0.2693410813808441,0,0,4,4,3,0.08192076,0.486357569694519,0.046755776,0,0,0,0,1,1,1,1
244-5,244,5,1,0,0,0.2693410813808441,0.2693410813808441,0,0,5,2,3,0.108688846,0.486357569694519,0.052180104,0,0,0,0,1,1,1,1
244-6,244,6,1,0,0,0.2693410813808441,0.2693410813808441,0,0,4,3,2,0.12515326,0.486357569694519,0.051967453,0,0,0,0,1,1,1,1
244-7,244,7,1,0,0,0.2693410813808441,0.2693410813808441,0,0,3,2,2,0.18267457,0.486357569694519,0.08835475,0,0,0,0,1,1,1,1
244-8,244,8,1,0,0,0.2693410813808441,0.2693410813808441,0,0,3,3,2,0.11492909,0.486357569694519,0.04884022,0,0,0,0,1,1,1,1
244-9,244,9,1,0,0,0.2693410813808441,0.2693410813808441,0,0,4,2,4,0.34407386,0.486357569694519,0.14953683,0,0,0,0,1,1,1,1
244-10,244,10,1,0,0,0.2693410813808441,0.2693410813808441,0,0,4,1,4,0.055224508,0.486357569694519,0.032304578,0,0,0,0,1,1,1,1
244-11,244,11,1,0,0,0.2693410813808441,0.2693410813808441,0,0,5,2,4,0.16721135,0.486357569694519,0.08254139,0,0,0,0,1,1,1,1
244-12,244,12,1,0,0,0.2693410813808441,0.2693410813808441,0,0,4,2,4,0.16734962,0.486357569694519,0.078857556,0,0,0,0,1,1,1,1
245-0,245,0,5,0,1,0.5019106268882751,0.5019106268882751,1,1,4,3,4,0.06935863,0.372329980134964,0.028590858,1,1,0,0,1,0,1,0
245-1,245,1,5,0,1,0.5019106268882751,0.5019106268882751,1,1,3,4,4,0.22982055,0.372329980134964,0.083226405,1,1,0,0,1,0,1,0
245-2,245,2,5,0,1,0.5019106268882751,0.5019106268882751,1,1,4,3,4,0.039372258,0.372329980134964,0.018570378,1,1,0,0,1,0,1,0
245-3,245,3,5,0,1,0.5019106268882751,0.5019106268882751,1,1,4,3,4,0.17887215,0.372329980134964,0.090250626,1,1,0,0,1,0,1,0
245-4,245,4,5,1,0,0.4980893731117248,0.5019106268882751,1,0,5,4,3,0.03788806,0.372329980134964,0.017380616,1,0,0,0,1,1,1,1
245-5,245,5,5,0,1,0.5019106268882751,0.5019106268882751,1,1,4,2,3,0.009704425,0.372329980134964,0.006147501,1,1,0,0,1,0,1,0
245-6,245,6,5,1,0,0.4980893731117248,0.5019106268882751,1,0,5,4,2,0.091251336,0.372329980134964,0.047135197,1,0,0,0,1,1,1,1
245-7,245,7,5,1,0,0.4980893731117248,0.5019106268882751,1,0,3,3,2,0.11675332,0.372329980134964,0.03945577,1,0,0,0,1,1,1,1
245-8,245,8,5,0,1,0.5019106268882751,0.5019106268882751,1,1,3,3,2,0.06175011,0.372329980134964,0.01848712,1,1,0,0,1,0,1,0
245-9,245,9,5,1,0,0.4980893731117248,0.5019106268882751,1,0,4,4,4,0.14194232,0.372329980134964,0.04753181,1,0,0,0,1,1,1,1
245-10,245,10,5,0,1,0.5019106268882751,0.5019106268882751,1,1,4,3,4,0.007686647,0.372329980134964,0.007575051,1,1,0,0,1,0,1,0
245-11,245,11,5,1,0,0.4980893731117248,0.5019106268882751,1,0,5,2,4,0.021473927,0.372329980134964,0.008796001,1,0,0,0,1,1,1,1
245-12,245,12,5,0,1,0.5019106268882751,0.5019106268882751,1,1,4,3,4,0.10151736,0.372329980134964,0.03803046,1,1,0,0,1,0,1,0
246-0,246,0,5,1,0,0.8524395227432251,0.1475604772567749,0,1,3,4,4,0.24062696,0.372329980134964,0.113333136,1,1,0,0,0,1,0,1
246-1,246,1,5,0,1,0.1475604772567749,0.1475604772567749,0,0,4,3,4,0.11637931,0.372329980134964,0.03886039,1,0,0,0,0,0,0,0
246-2,246,2,5,0,1,0.1475604772567749,0.1475604772567749,0,0,4,3,4,0.02658898,0.372329980134964,0.012280619,1,0,0,0,0,0,0,0
246-3,246,3,5,0,1,0.1475604772567749,0.1475604772567749,0,0,4,2,4,0.12909466,0.372329980134964,0.058413964,1,0,0,0,0,0,0,0
246-4,246,4,5,1,0,0.8524395227432251,0.1475604772567749,0,1,4,4,3,0.22726397,0.372329980134964,0.14247029,1,1,0,0,0,1,0,1
246-5,246,5,5,1,0,0.8524395227432251,0.1475604772567749,0,1,3,4,3,0.020054132,0.372329980134964,0.02062001,1,1,0,0,0,1,0,1
246-6,246,6,5,0,1,0.1475604772567749,0.1475604772567749,0,0,4,3,2,0.16234167,0.372329980134964,0.06916278,1,0,0,0,0,0,0,0
246-7,246,7,5,1,0,0.8524395227432251,0.1475604772567749,0,1,3,3,2,0.48557714,0.372329980134964,0.20504822,1,1,0,0,0,1,0,1
246-8,246,8,5,0,1,0.1475604772567749,0.1475604772567749,0,0,3,3,2,0.064301305,0.372329980134964,0.016634865,1,0,0,0,0,0,0,0
246-9,246,9,5,1,0,0.8524395227432251,0.1475604772567749,0,1,4,4,4,0.430673,0.372329980134964,0.18809335,1,1,0,0,0,1,0,1
246-10,246,10,5,0,1,0.1475604772567749,0.1475604772567749,0,0,3,3,4,0.014080537,0.372329980134964,0.00809231,1,0,0,0,0,0,0,0
246-11,246,11,5,0,1,0.1475604772567749,0.1475604772567749,0,0,4,2,4,0.02627997,0.372329980134964,0.012156031,1,0,0,0,0,0,0,0
246-12,246,12,5,0,1,0.1475604772567749,0.1475604772567749,0,0,4,2,4,0.09965497,0.372329980134964,0.028092843,1,0,0,0,0,0,0,0
247-0,247,0,4,0,0,0.2077724039554596,0.2077724039554596,0,0,4,2,4,0.08066799,0.5368138551712036,0.026933046,0,0,0,0,1,1,1,1
247-1,247,1,4,0,0,0.2077724039554596,0.2077724039554596,0,0,4,2,4,0.12279908,0.5368138551712036,0.041611407,0,0,0,0,1,1,1,1
247-2,247,2,4,0,0,0.2077724039554596,0.2077724039554596,0,0,4,2,4,0.34270078,0.5368138551712036,0.101313055,0,0,0,0,1,1,1,1
247-3,247,3,4,0,0,0.2077724039554596,0.2077724039554596,0,0,4,3,4,0.23465496,0.5368138551712036,0.07033141,0,0,0,0,1,1,1,1
247-4,247,4,4,0,0,0.2077724039554596,0.2077724039554596,0,0,4,4,3,0.053907298,0.5368138551712036,0.022428859,0,0,0,0,1,1,1,1
247-5,247,5,4,0,0,0.2077724039554596,0.2077724039554596,0,0,4,3,3,0.060058005,0.5368138551712036,0.027749907,0,0,0,0,1,1,1,1
247-6,247,6,4,0,0,0.2077724039554596,0.2077724039554596,0,0,4,3,2,0.11061232,0.5368138551712036,0.037224114,0,0,0,0,1,1,1,1
247-7,247,7,4,0,0,0.2077724039554596,0.2077724039554596,0,0,3,3,2,0.12799522,0.5368138551712036,0.046551213,0,0,0,0,1,1,1,1
247-8,247,8,4,0,0,0.2077724039554596,0.2077724039554596,0,0,3,3,2,0.18969263,0.5368138551712036,0.065635085,0,0,0,0,1,1,1,1
247-9,247,9,4,0,0,0.2077724039554596,0.2077724039554596,0,0,4,3,4,0.28260255,0.5368138551712036,0.09304362,0,0,0,0,1,1,1,1
247-10,247,10,4,0,0,0.2077724039554596,0.2077724039554596,0,0,4,2,4,0.029326426,0.5368138551712036,0.015095816,0,0,0,0,1,1,1,1
247-11,247,11,4,0,0,0.2077724039554596,0.2077724039554596,0,0,5,2,4,0.10353743,0.5368138551712036,0.037106138,0,0,0,0,1,1,1,1
247-12,247,12,4,0,0,0.2077724039554596,0.2077724039554596,0,0,4,3,4,0.13658744,0.5368138551712036,0.045787957,0,0,0,0,1,1,1,1
248-0,248,0,2,1,1,0.8536773771047593,0.1463226228952407,0,1,3,3,4,0.25312018,0.4492360949516296,0.1373024,0,1,0,0,1,0,1,0
248-1,248,1,2,1,1,0.8536773771047593,0.1463226228952407,0,1,4,4,4,0.33052188,0.4492360949516296,0.17809844,0,1,0,0,1,0,1,0
248-2,248,2,2,0,0,0.1463226228952407,0.1463226228952407,0,0,4,3,4,0.3574972,0.4492360949516296,0.1390855,0,0,0,0,1,1,1,1
248-3,248,3,2,0,0,0.1463226228952407,0.1463226228952407,0,0,2,2,4,0.37592125,0.4492360949516296,0.15323573,0,0,0,0,1,1,1,1
248-4,248,4,2,0,0,0.1463226228952407,0.1463226228952407,0,0,4,3,3,0.09350428,0.4492360949516296,0.042890996,0,0,0,0,1,1,1,1
248-5,248,5,2,0,0,0.1463226228952407,0.1463226228952407,0,0,4,2,3,0.100021325,0.4492360949516296,0.057792548,0,0,0,0,1,1,1,1
248-6,248,6,2,0,0,0.1463226228952407,0.1463226228952407,0,0,4,3,2,0.06458712,0.4492360949516296,0.024863454,0,0,0,0,1,1,1,1
248-7,248,7,2,0,0,0.1463226228952407,0.1463226228952407,0,0,2,3,2,0.14779511,0.4492360949516296,0.06533915,0,0,0,0,1,1,1,1
248-8,248,8,2,0,0,0.1463226228952407,0.1463226228952407,0,0,3,3,2,0.39090365,0.4492360949516296,0.14904876,0,0,0,0,1,1,1,1
248-9,248,9,2,0,0,0.1463226228952407,0.1463226228952407,0,0,4,3,4,0.373546,0.4492360949516296,0.14960343,0,0,0,0,1,1,1,1
248-10,248,10,2,0,0,0.1463226228952407,0.1463226228952407,0,0,4,3,4,0.04424443,0.4492360949516296,0.01667241,0,0,0,0,1,1,1,1
248-11,248,11,2,0,0,0.1463226228952407,0.1463226228952407,0,0,5,2,4,0.027833216,0.4492360949516296,0.011845393,0,0,0,0,1,1,1,1
248-12,248,12,2,0,0,0.1463226228952407,0.1463226228952407,0,0,3,3,4,0.15996058,0.4492360949516296,0.05547851,0,0,0,0,1,1,1,1
249-0,249,0,3,1,0,0.7393282651901245,0.2606717348098755,0,1,4,3,4,0.23672752,0.4455930888652801,0.12489692,1,1,0,0,0,1,0,1
249-1,249,1,3,1,0,0.7393282651901245,0.2606717348098755,0,1,5,3,4,0.121510915,0.4455930888652801,0.05164773,1,1,0,0,0,1,0,1
249-2,249,2,3,1,0,0.7393282651901245,0.2606717348098755,0,1,5,2,4,0.0295249,0.4455930888652801,0.016225988,1,1,0,0,0,1,0,1
249-3,249,3,3,1,0,0.7393282651901245,0.2606717348098755,0,1,4,2,4,0.52050364,0.4455930888652801,0.24126054,1,1,1,0,0,1,0,0
249-4,249,4,3,1,0,0.7393282651901245,0.2606717348098755,0,1,5,2,3,0.06527489,0.4455930888652801,0.025267556,1,1,0,0,0,1,0,1
249-5,249,5,3,1,0,0.7393282651901245,0.2606717348098755,0,1,5,3,3,0.17399509,0.4455930888652801,0.090685695,1,1,0,0,0,1,0,1
249-6,249,6,3,1,0,0.7393282651901245,0.2606717348098755,0,1,5,3,2,0.032082576,0.4455930888652801,0.015680686,1,1,0,0,0,1,0,1
249-7,249,7,3,1,0,0.7393282651901245,0.2606717348098755,0,1,3,3,2,0.21158703,0.4455930888652801,0.0945223,1,1,0,0,0,1,0,1
249-8,249,8,3,1,0,0.7393282651901245,0.2606717348098755,0,1,3,3,2,0.06313208,0.4455930888652801,0.04490132,1,1,0,0,0,1,0,1
249-9,249,9,3,1,0,0.7393282651901245,0.2606717348098755,0,1,5,3,4,0.20499118,0.4455930888652801,0.08703719,1,1,0,0,0,1,0,1
249-10,249,10,3,1,0,0.7393282651901245,0.2606717348098755,0,1,3,3,4,0.048142496,0.4455930888652801,0.030262137,1,1,0,0,0,1,0,1
249-11,249,11,3,1,0,0.7393282651901245,0.2606717348098755,0,1,5,2,4,0.04017514,0.4455930888652801,0.036869526,1,1,0,0,0,1,0,1
249-12,249,12,3,1,0,0.7393282651901245,0.2606717348098755,0,1,4,4,4,0.16197728,0.4455930888652801,0.079060435,1,1,0,0,0,1,0,1
250-0,250,0,3,1,1,0.9395624361932278,0.0604375638067722,0,1,4,3,4,0.22867182,0.4455930888652801,0.124962315,0,1,0,0,1,0,1,0
250-1,250,1,3,1,1,0.9395624361932278,0.0604375638067722,0,1,4,4,4,0.17142841,0.4455930888652801,0.08205064,0,1,0,0,1,0,1,0
250-2,250,2,3,0,0,0.0604375638067722,0.0604375638067722,0,0,4,3,4,0.032327995,0.4455930888652801,0.016702088,0,0,0,0,1,1,1,1
250-3,250,3,3,1,1,0.9395624361932278,0.0604375638067722,0,1,4,3,4,0.5142698,0.4455930888652801,0.24644907,0,1,1,0,1,0,1,1
250-4,250,4,3,1,1,0.9395624361932278,0.0604375638067722,0,1,4,4,3,0.09178196,0.4455930888652801,0.042948056,0,1,0,0,1,0,1,0
250-5,250,5,3,0,0,0.0604375638067722,0.0604375638067722,0,0,4,2,3,0.14603746,0.4455930888652801,0.07844925,0,0,0,0,1,1,1,1
250-6,250,6,3,0,0,0.0604375638067722,0.0604375638067722,0,0,3,3,2,0.03456838,0.4455930888652801,0.016480947,0,0,0,0,1,1,1,1
250-7,250,7,3,1,1,0.9395624361932278,0.0604375638067722,0,1,3,3,2,0.20415798,0.4455930888652801,0.09464291,0,1,0,0,1,0,1,0
250-8,250,8,3,1,1,0.9395624361932278,0.0604375638067722,0,1,3,3,2,0.061753754,0.4455930888652801,0.04496176,0,1,0,0,1,0,1,0
250-9,250,9,3,1,1,0.9395624361932278,0.0604375638067722,0,1,4,4,4,0.2707065,0.4455930888652801,0.13063926,0,1,0,0,1,0,1,0
250-10,250,10,3,1,1,0.9395624361932278,0.0604375638067722,0,1,3,3,4,0.046116486,0.4455930888652801,0.030279694,0,1,0,0,1,0,1,0
250-11,250,11,3,1,1,0.9395624361932278,0.0604375638067722,0,1,4,2,4,0.05417489,0.4455930888652801,0.053890243,0,1,0,0,1,0,1,0
250-12,250,12,3,1,1,0.9395624361932278,0.0604375638067722,0,1,3,3,4,0.21597809,0.4455930888652801,0.10370901,0,1,0,0,1,0,1,0
251-0,251,0,4,1,0,0.2196937203407287,0.7803062796592712,1,0,3,3,4,0.15182064,0.5368138551712036,0.04808241,1,0,0,0,1,1,1,1
251-1,251,1,4,1,0,0.2196937203407287,0.7803062796592712,1,0,5,3,4,0.15119627,0.5368138551712036,0.048241783,1,0,0,0,1,1,1,1
251-2,251,2,4,1,0,0.2196937203407287,0.7803062796592712,1,0,4,4,4,0.46468115,0.5368138551712036,0.13939708,1,0,0,0,1,1,1,1
251-3,251,3,4,0,1,0.7803062796592712,0.7803062796592712,1,1,3,4,4,0.4157483,0.5368138551712036,0.18602799,1,1,0,0,1,0,1,0
251-4,251,4,4,1,0,0.2196937203407287,0.7803062796592712,1,0,5,3,3,0.05790079,0.5368138551712036,0.021806372,1,0,0,0,1,1,1,1
251-5,251,5,4,1,0,0.2196937203407287,0.7803062796592712,1,0,5,2,3,0.057237186,0.5368138551712036,0.026676355,1,0,0,0,1,1,1,1
251-6,251,6,4,1,0,0.2196937203407287,0.7803062796592712,1,0,4,3,2,0.1484712,0.5368138551712036,0.048715957,1,0,0,0,1,1,1,1
251-7,251,7,4,1,0,0.2196937203407287,0.7803062796592712,1,0,3,3,2,0.17539759,0.5368138551712036,0.061380338,1,0,0,0,1,1,1,1
251-8,251,8,4,1,0,0.2196937203407287,0.7803062796592712,1,0,3,3,2,0.24996915,0.5368138551712036,0.08599532,1,0,0,0,1,1,1,1
251-9,251,9,4,1,0,0.2196937203407287,0.7803062796592712,1,0,4,4,4,0.3571268,0.5368138551712036,0.116789,1,0,0,0,1,1,1,1
251-10,251,10,4,1,0,0.2196937203407287,0.7803062796592712,1,0,3,4,4,0.05388065,0.5368138551712036,0.025906397,1,0,0,0,1,1,1,1
251-11,251,11,4,1,0,0.2196937203407287,0.7803062796592712,1,0,5,2,4,0.13291456,0.5368138551712036,0.04969452,1,0,0,0,1,1,1,1
251-12,251,12,4,1,0,0.2196937203407287,0.7803062796592712,1,0,2,4,4,0.2339801,0.5368138551712036,0.09192685,1,0,0,0,1,1,1,1
252-0,252,0,5,0,0,0.1485012769699096,0.1485012769699096,0,0,4,3,4,0.045093585,0.372329980134964,0.017485391,0,0,0,0,1,1,1,1
252-1,252,1,5,0,0,0.1485012769699096,0.1485012769699096,0,0,4,3,4,0.11637931,0.372329980134964,0.03886039,0,0,0,0,1,1,1,1
252-2,252,2,5,0,0,0.1485012769699096,0.1485012769699096,0,0,3,3,4,0.029077657,0.372329980134964,0.01403481,0,0,0,0,1,1,1,1
252-3,252,3,5,0,0,0.1485012769699096,0.1485012769699096,0,0,2,4,4,0.14991315,0.372329980134964,0.06801436,0,0,0,0,1,1,1,1
252-4,252,4,5,0,0,0.1485012769699096,0.1485012769699096,0,0,5,3,3,0.035378855,0.372329980134964,0.019129222,0,0,0,0,1,1,1,1
252-5,252,5,5,1,1,0.8514987230300903,0.1485012769699096,0,1,4,3,3,0.016826335,0.372329980134964,0.01794392,0,1,0,0,1,0,1,0
252-6,252,6,5,0,0,0.1485012769699096,0.1485012769699096,0,0,3,4,2,0.18808042,0.372329980134964,0.07617195,0,0,0,0,1,1,1,1
252-7,252,7,5,1,1,0.8514987230300903,0.1485012769699096,0,1,2,3,2,0.56908077,0.372329980134964,0.3041472,0,1,1,0,1,0,1,1
252-8,252,8,5,0,0,0.1485012769699096,0.1485012769699096,0,0,2,3,2,0.0822377,0.372329980134964,0.022690566,0,0,0,0,1,1,1,1
252-9,252,9,5,0,0,0.1485012769699096,0.1485012769699096,0,0,4,4,4,0.1199878,0.372329980134964,0.040665545,0,0,0,0,1,1,1,1
252-10,252,10,5,0,0,0.1485012769699096,0.1485012769699096,0,0,3,3,4,0.014080537,0.372329980134964,0.00809231,0,0,0,0,1,1,1,1
252-11,252,11,5,0,0,0.1485012769699096,0.1485012769699096,0,0,5,2,4,0.02452757,0.372329980134964,0.010351779,0,0,0,0,1,1,1,1
252-12,252,12,5,0,0,0.1485012769699096,0.1485012769699096,0,0,2,3,4,0.14649943,0.372329980134964,0.0381124,0,0,0,0,1,1,1,1
253-0,253,0,3,1,0,0.1261703968048095,0.8738296031951904,1,0,4,3,4,0.08538521,0.4455930888652801,0.043414883,1,0,0,0,1,1,1,1
253-1,253,1,3,1,0,0.1261703968048095,0.8738296031951904,1,0,4,3,4,0.063024536,0.4455930888652801,0.027305748,1,0,0,0,1,1,1,1
253-2,253,2,3,1,0,0.1261703968048095,0.8738296031951904,1,0,4,2,4,0.017970668,0.4455930888652801,0.00970266,1,0,0,0,1,1,1,1
253-3,253,3,3,1,0,0.1261703968048095,0.8738296031951904,1,0,4,3,4,0.24511701,0.4455930888652801,0.092379145,1,0,0,0,1,1,1,1
253-4,253,4,3,1,0,0.1261703968048095,0.8738296031951904,1,0,5,4,3,0.021711048,0.4455930888652801,0.010186971,1,0,0,0,1,1,1,1
253-5,253,5,3,1,0,0.1261703968048095,0.8738296031951904,1,0,4,3,3,0.086375594,0.4455930888652801,0.048750505,1,0,0,0,1,1,1,1
253-6,253,6,3,1,0,0.1261703968048095,0.8738296031951904,1,0,3,4,2,0.020752246,0.4455930888652801,0.010108969,1,0,0,0,1,1,1,1
253-7,253,7,3,1,0,0.1261703968048095,0.8738296031951904,1,0,3,3,2,0.06685201,0.4455930888652801,0.027942015,1,0,0,0,1,1,1,1
253-8,253,8,3,1,0,0.1261703968048095,0.8738296031951904,1,0,3,3,2,0.019327616,0.4455930888652801,0.014191632,1,0,0,0,1,1,1,1
253-9,253,9,3,1,0,0.1261703968048095,0.8738296031951904,1,0,4,4,4,0.105568446,0.4455930888652801,0.04596939,1,0,0,0,1,1,1,1
253-10,253,10,3,1,0,0.1261703968048095,0.8738296031951904,1,0,3,3,4,0.02901572,0.4455930888652801,0.011996443,1,0,0,0,1,1,1,1
253-11,253,11,3,1,0,0.1261703968048095,0.8738296031951904,1,0,5,2,4,0.016073309,0.4455930888652801,0.015829159,1,0,0,0,1,1,1,1
253-12,253,12,3,1,0,0.1261703968048095,0.8738296031951904,1,0,4,3,4,0.05807103,0.4455930888652801,0.02706696,1,0,0,0,1,1,1,1
254-0,254,0,5,0,0,0.0019806779455393,0.0019806779455393,0,0,3,4,4,0.026678652,0.372329980134964,0.012675711,0,0,0,0,1,1,1,1
254-1,254,1,5,0,0,0.0019806779455393,0.0019806779455393,0,0,4,3,4,0.05782668,0.372329980134964,0.022977456,0,0,0,0,1,1,1,1
254-2,254,2,5,0,0,0.0019806779455393,0.0019806779455393,0,0,4,3,4,0.012265879,0.372329980134964,0.0072663575,0,0,0,0,1,1,1,1
254-3,254,3,5,0,0,0.0019806779455393,0.0019806779455393,0,0,3,3,4,0.07472549,0.372329980134964,0.040891677,0,0,0,0,1,1,1,1
254-4,254,4,5,0,0,0.0019806779455393,0.0019806779455393,0,0,5,3,3,0.017107153,0.372329980134964,0.013597134,0,0,0,0,1,1,1,1
254-5,254,5,5,0,0,0.0019806779455393,0.0019806779455393,0,0,4,2,3,0.0050985944,0.372329980134964,0.0038974595,0,0,0,0,1,1,1,1
254-6,254,6,5,0,0,0.0019806779455393,0.0019806779455393,0,0,4,3,2,0.07252402,0.372329980134964,0.040975947,0,0,0,0,1,1,1,1
254-7,254,7,5,0,0,0.0019806779455393,0.0019806779455393,0,0,3,3,2,0.052227728,0.372329980134964,0.02341851,0,0,0,0,1,1,1,1
254-8,254,8,5,0,0,0.0019806779455393,0.0019806779455393,0,0,3,3,2,0.023048138,0.372329980134964,0.00942226,0,0,0,0,1,1,1,1
254-9,254,9,5,0,0,0.0019806779455393,0.0019806779455393,0,0,5,2,4,0.056187436,0.372329980134964,0.025343942,0,0,0,0,1,1,1,1
254-10,254,10,5,0,0,0.0019806779455393,0.0019806779455393,0,0,3,3,4,0.005468582,0.372329980134964,0.004846431,0,0,0,0,1,1,1,1
254-11,254,11,5,0,0,0.0019806779455393,0.0019806779455393,0,0,5,2,4,0.012008442,0.372329980134964,0.0076276395,0,0,0,0,1,1,1,1
254-12,254,12,5,0,0,0.0019806779455393,0.0019806779455393,0,0,4,3,4,0.045064885,0.372329980134964,0.016929414,0,0,0,0,1,1,1,1
255-0,255,0,1,1,0,0.1694652438163757,0.8305347561836243,1,0,3,4,4,0.16369341,0.486357569694519,0.060799427,1,0,0,0,1,1,1,1
255-1,255,1,1,1,0,0.1694652438163757,0.8305347561836243,1,0,5,3,4,0.12614927,0.486357569694519,0.049800184,1,0,0,0,1,1,1,1
255-2,255,2,1,1,0,0.1694652438163757,0.8305347561836243,1,0,3,3,4,0.07129796,0.486357569694519,0.030021062,1,0,0,0,1,1,1,1
255-3,255,3,1,1,0,0.1694652438163757,0.8305347561836243,1,0,4,3,4,0.08533882,0.486357569694519,0.033136364,1,0,0,0,1,1,1,1
255-4,255,4,1,1,0,0.1694652438163757,0.8305347561836243,1,0,5,4,3,0.024760148,0.486357569694519,0.013299299,1,0,0,0,1,1,1,1
255-5,255,5,1,1,0,0.1694652438163757,0.8305347561836243,1,0,5,2,3,0.03692828,0.486357569694519,0.015949473,1,0,0,0,1,1,1,1
255-6,255,6,1,1,0,0.1694652438163757,0.8305347561836243,1,0,4,3,2,0.03701114,0.486357569694519,0.014142443,1,0,0,0,1,1,1,1
255-7,255,7,1,1,0,0.1694652438163757,0.8305347561836243,1,0,3,3,2,0.05916543,0.486357569694519,0.024999978,1,0,0,0,1,1,1,1
255-8,255,8,1,1,0,0.1694652438163757,0.8305347561836243,1,0,3,4,2,0.035477545,0.486357569694519,0.01352275,1,0,0,0,1,1,1,1
255-9,255,9,1,1,0,0.1694652438163757,0.8305347561836243,1,0,5,4,4,0.13290933,0.486357569694519,0.050245065,1,0,0,0,1,1,1,1
255-10,255,10,1,1,0,0.1694652438163757,0.8305347561836243,1,0,3,3,4,0.027940754,0.486357569694519,0.010767412,1,0,0,0,1,1,1,1
255-11,255,11,1,1,0,0.1694652438163757,0.8305347561836243,1,0,5,2,4,0.060318746,0.486357569694519,0.026731778,1,0,0,0,1,1,1,1
255-12,255,12,1,0,1,0.8305347561836243,0.8305347561836243,1,1,4,4,4,0.3140916,0.486357569694519,0.18512161,1,1,0,0,1,0,1,0
256-0,256,0,3,1,0,0.8085181713104248,0.1914818286895752,0,1,4,3,4,0.23844783,0.4455930888652801,0.12755251,1,1,0,0,0,1,0,1
256-1,256,1,3,1,0,0.8085181713104248,0.1914818286895752,0,1,4,4,4,0.17932622,0.4455930888652801,0.0838366,1,1,0,0,0,1,0,1
256-2,256,2,3,0,1,0.1914818286895752,0.1914818286895752,0,0,4,3,4,0.03020879,0.4455930888652801,0.015630614,1,0,0,0,0,0,0,0
256-3,256,3,3,0,1,0.1914818286895752,0.1914818286895752,0,0,4,3,4,0.35838252,0.4455930888652801,0.14473364,1,0,0,0,0,0,0,0
256-4,256,4,3,1,0,0.8085181713104248,0.1914818286895752,0,1,4,4,3,0.09643745,0.4455930888652801,0.0435471,1,1,0,0,0,1,0,1
256-5,256,5,3,0,1,0.1914818286895752,0.1914818286895752,0,0,5,2,3,0.11527529,0.4455930888652801,0.056622207,1,0,0,0,0,0,0,0
256-6,256,6,3,0,1,0.1914818286895752,0.1914818286895752,0,0,3,3,2,0.032307208,0.4455930888652801,0.01528732,1,0,0,0,0,0,0,0
256-7,256,7,3,0,1,0.1914818286895752,0.1914818286895752,0,0,3,3,2,0.099849634,0.4455930888652801,0.040805448,1,0,0,0,0,0,0,0
256-8,256,8,3,0,1,0.1914818286895752,0.1914818286895752,0,0,3,3,2,0.030316526,0.4455930888652801,0.02107391,1,0,0,0,0,0,0,0
256-9,256,9,3,0,1,0.1914818286895752,0.1914818286895752,0,0,5,2,4,0.13928802,0.4455930888652801,0.054235786,1,0,0,0,0,0,0,0
256-10,256,10,3,1,0,0.8085181713104248,0.1914818286895752,0,1,3,4,4,0.04857959,0.4455930888652801,0.030976798,1,1,0,0,0,1,0,1
256-11,256,11,3,0,1,0.1914818286895752,0.1914818286895752,0,0,5,2,4,0.025737634,0.4455930888652801,0.023122484,1,0,0,0,0,0,0,0
256-12,256,12,3,1,0,0.8085181713104248,0.1914818286895752,0,1,4,3,4,0.1632706,0.4455930888652801,0.080831446,1,1,0,0,0,1,0,1
257-0,257,0,3,1,0,0.9017021656036376,0.0982978343963623,0,1,4,3,4,0.23898591,0.4455930888652801,0.12755251,1,1,0,0,0,1,0,1
257-1,257,1,3,1,0,0.9017021656036376,0.0982978343963623,0,1,4,3,4,0.17976238,0.4455930888652801,0.0838366,1,1,0,0,0,1,0,1
257-2,257,2,3,1,0,0.9017021656036376,0.0982978343963623,0,1,4,3,4,0.046285756,0.4455930888652801,0.025923971,1,1,0,0,0,1,0,1
257-3,257,3,3,1,0,0.9017021656036376,0.0982978343963623,0,1,2,3,4,0.6334667,0.4455930888652801,0.33864522,1,1,1,0,0,1,0,0
257-4,257,4,3,1,0,0.9017021656036376,0.0982978343963623,0,1,4,4,3,0.09669575,0.4455930888652801,0.0435471,1,1,0,0,0,1,0,1
257-5,257,5,3,1,0,0.9017021656036376,0.0982978343963623,0,1,5,3,3,0.17579289,0.4455930888652801,0.092004254,1,1,0,0,0,1,0,1
257-6,257,6,3,1,0,0.9017021656036376,0.0982978343963623,0,1,3,3,2,0.061846178,0.4455930888652801,0.030532565,1,1,0,0,0,1,0,1
257-7,257,7,3,1,0,0.9017021656036376,0.0982978343963623,0,1,3,3,2,0.21367274,0.4455930888652801,0.09589076,1,1,0,0,0,1,0,1
257-8,257,8,3,1,0,0.9017021656036376,0.0982978343963623,0,1,2,3,2,0.08024818,0.4455930888652801,0.061567873,1,1,0,0,0,1,0,1
257-9,257,9,3,1,0,0.9017021656036376,0.0982978343963623,0,1,5,4,4,0.20702899,0.4455930888652801,0.088969655,1,1,0,0,0,1,0,1
257-10,257,10,3,1,0,0.9017021656036376,0.0982978343963623,0,1,3,4,4,0.048716623,0.4455930888652801,0.030976798,1,1,0,0,0,1,0,1
257-11,257,11,3,1,0,0.9017021656036376,0.0982978343963623,0,1,3,3,4,0.08074938,0.4455930888652801,0.06436603,1,1,0,0,0,1,0,1
257-12,257,12,3,1,0,0.9017021656036376,0.0982978343963623,0,1,5,3,4,0.12494096,0.4455930888652801,0.055675004,1,1,0,0,0,1,0,1
258-0,258,0,5,1,1,0.988526985049248,0.0114730149507522,0,1,3,4,4,0.42062077,0.372329980134964,0.33757108,0,1,0,0,1,0,1,0
258-1,258,1,5,0,0,0.0114730149507522,0.0114730149507522,0,0,4,3,4,0.051798455,0.372329980134964,0.019583259,0,0,0,0,1,1,1,1
258-2,258,2,5,0,0,0.0114730149507522,0.0114730149507522,0,0,4,3,4,0.010932093,0.372329980134964,0.0061783018,0,0,0,0,1,1,1,1
258-3,258,3,5,0,0,0.0114730149507522,0.0114730149507522,0,0,3,2,4,0.055957865,0.372329980134964,0.03396267,0,0,0,0,1,1,1,1
258-4,258,4,5,0,0,0.0114730149507522,0.0114730149507522,0,0,4,4,3,0.016565733,0.372329980134964,0.012047297,0,0,0,0,1,1,1,1
258-5,258,5,5,0,0,0.0114730149507522,0.0114730149507522,0,0,4,3,3,0.004540593,0.372329980134964,0.0034487299,0,0,0,0,1,1,1,1
258-6,258,6,5,1,1,0.988526985049248,0.0114730149507522,0,1,3,4,2,0.7539461,0.372329980134964,0.6255395,0,1,1,1,1,0,1,1
258-7,258,7,5,0,0,0.0114730149507522,0.0114730149507522,0,0,3,3,2,0.04675416,0.372329980134964,0.020769123,0,0,0,0,1,1,1,1
258-8,258,8,5,0,0,0.0114730149507522,0.0114730149507522,0,0,3,3,2,0.020566318,0.372329980134964,0.008342774,0,0,0,0,1,1,1,1
258-9,258,9,5,1,1,0.988526985049248,0.0114730149507522,0,1,4,4,4,0.64407486,0.372329980134964,0.47301129,0,1,1,0,1,0,1,1
258-10,258,10,5,0,0,0.0114730149507522,0.0114730149507522,0,0,3,3,4,0.0046444708,0.372329980134964,0.0041192244,0,0,0,0,1,1,1,1
258-11,258,11,5,0,0,0.0114730149507522,0.0114730149507522,0,0,4,2,4,0.010803019,0.372329980134964,0.006115242,0,0,0,0,1,1,1,1
258-12,258,12,5,0,0,0.0114730149507522,0.0114730149507522,0,0,4,3,4,0.040310126,0.372329980134964,0.01441542,0,0,0,0,1,1,1,1
259-0,259,0,1,1,0,0.3398547768592834,0.6601452231407166,1,0,3,4,4,0.37405404,0.486357569694519,0.15806705,1,0,0,0,1,1,1,1
259-1,259,1,1,1,0,0.3398547768592834,0.6601452231407166,1,0,3,4,4,0.34219256,0.486357569694519,0.1473993,1,0,0,0,1,1,1,1
259-2,259,2,1,1,0,0.3398547768592834,0.6601452231407166,1,0,4,3,4,0.1812156,0.486357569694519,0.072448015,1,0,0,0,1,1,1,1
259-3,259,3,1,1,0,0.3398547768592834,0.6601452231407166,1,0,2,3,4,0.2358792,0.486357569694519,0.098901235,1,0,0,0,1,1,1,1
259-4,259,4,1,1,0,0.3398547768592834,0.6601452231407166,1,0,4,4,3,0.06569848,0.486357569694519,0.032440577,1,0,0,0,1,1,1,1
259-5,259,5,1,1,0,0.3398547768592834,0.6601452231407166,1,0,5,2,3,0.094818905,0.486357569694519,0.036778856,1,0,0,0,1,1,1,1
259-6,259,6,1,1,0,0.3398547768592834,0.6601452231407166,1,0,4,4,2,0.10128122,0.486357569694519,0.03533013,1,0,0,0,1,1,1,1
259-7,259,7,1,1,0,0.3398547768592834,0.6601452231407166,1,0,2,3,2,0.18680012,0.486357569694519,0.08248566,1,0,0,0,1,1,1,1
259-8,259,8,1,1,0,0.3398547768592834,0.6601452231407166,1,0,2,3,2,0.111704625,0.486357569694519,0.042758707,1,0,0,0,1,1,1,1
259-9,259,9,1,1,0,0.3398547768592834,0.6601452231407166,1,0,4,4,4,0.30694753,0.486357569694519,0.11211913,1,0,0,0,1,1,1,1
259-10,259,10,1,1,0,0.3398547768592834,0.6601452231407166,1,0,3,3,4,0.0501129,0.486357569694519,0.025107313,1,0,0,0,1,1,1,1
259-11,259,11,1,1,0,0.3398547768592834,0.6601452231407166,1,0,1,4,4,0.18993023,0.486357569694519,0.085235864,1,0,0,0,1,1,1,1
259-12,259,12,1,1,0,0.3398547768592834,0.6601452231407166,1,0,1,3,4,0.17388994,0.486357569694519,0.07367848,1,0,0,0,1,1,1,1
260-0,260,0,3,1,0,0.0454849004745484,0.9545150995254515,1,0,3,4,4,0.16557,0.4455930888652801,0.07727055,1,0,0,0,1,1,1,1
260-1,260,1,3,1,0,0.0454849004745484,0.9545150995254515,1,0,3,4,4,0.12508231,0.4455930888652801,0.049245987,1,0,0,0,1,1,1,1
260-2,260,2,3,1,0,0.0454849004745484,0.9545150995254515,1,0,4,4,4,0.029018305,0.4455930888652801,0.015128014,1,0,0,0,1,1,1,1
260-3,260,3,3,1,0,0.0454849004745484,0.9545150995254515,1,0,3,4,4,0.40833533,0.4455930888652801,0.15810698,1,0,0,0,1,1,1,1
260-4,260,4,3,1,0,0.0454849004745484,0.9545150995254515,1,0,4,4,3,0.042159732,0.4455930888652801,0.020991918,1,0,0,0,1,1,1,1
260-5,260,5,3,1,0,0.0454849004745484,0.9545150995254515,1,0,4,4,3,0.13894556,0.4455930888652801,0.075936586,1,0,0,0,1,1,1,1
260-6,260,6,3,1,0,0.0454849004745484,0.9545150995254515,1,0,4,4,2,0.027558401,0.4455930888652801,0.014075725,1,0,0,0,1,1,1,1
260-7,260,7,3,1,0,0.0454849004745484,0.9545150995254515,1,0,2,3,2,0.11712745,0.4455930888652801,0.05621824,1,0,0,0,1,1,1,1
260-8,260,8,3,1,0,0.0454849004745484,0.9545150995254515,1,0,3,4,2,0.03238626,0.4455930888652801,0.023699619,1,0,0,0,1,1,1,1
260-9,260,9,3,1,0,0.0454849004745484,0.9545150995254515,1,0,4,3,4,0.17038532,0.4455930888652801,0.07172158,1,0,0,0,1,1,1,1
260-10,260,10,3,0,1,0.9545150995254515,0.9545150995254515,1,1,3,4,4,0.04414074,0.4455930888652801,0.032359924,1,1,0,0,1,0,1,0
260-11,260,11,3,1,0,0.0454849004745484,0.9545150995254515,1,0,3,3,4,0.03529119,0.4455930888652801,0.030307598,1,0,0,0,1,1,1,1
260-12,260,12,3,1,0,0.0454849004745484,0.9545150995254515,1,0,3,3,4,0.11853458,0.4455930888652801,0.048824947,1,0,0,0,1,1,1,1
261-0,261,0,3,1,1,0.8877734690904618,0.1122265309095382,0,1,4,2,4,0.23533954,0.4455930888652801,0.12451891,0,1,0,0,1,0,1,0
261-1,261,1,3,0,0,0.1122265309095382,0.1122265309095382,0,0,4,3,4,0.1084604,0.4455930888652801,0.046488795,0,0,0,0,1,1,1,1
261-2,261,2,3,0,0,0.1122265309095382,0.1122265309095382,0,0,3,3,4,0.037046157,0.4455930888652801,0.018477168,0,0,0,0,1,1,1,1
261-3,261,3,3,0,0,0.1122265309095382,0.1122265309095382,0,0,3,2,4,0.4115697,0.4455930888652801,0.1602492,0,0,0,0,1,1,1,1
261-4,261,4,3,0,0,0.1122265309095382,0.1122265309095382,0,0,4,3,3,0.04365232,0.4455930888652801,0.02089732,0,0,0,0,1,1,1,1
261-5,261,5,3,0,0,0.1122265309095382,0.1122265309095382,0,0,4,3,3,0.14487493,0.4455930888652801,0.077502996,0,0,0,0,1,1,1,1
261-6,261,6,3,0,0,0.1122265309095382,0.1122265309095382,0,0,4,3,2,0.029191365,0.4455930888652801,0.014342975,0,0,0,0,1,1,1,1
261-7,261,7,3,0,0,0.1122265309095382,0.1122265309095382,0,0,3,3,2,0.105433285,0.4455930888652801,0.042920455,0,0,0,0,1,1,1,1
261-8,261,8,3,0,0,0.1122265309095382,0.1122265309095382,0,0,3,3,2,0.0314342,0.4455930888652801,0.022189856,0,0,0,0,1,1,1,1
261-9,261,9,3,0,0,0.1122265309095382,0.1122265309095382,0,0,5,3,4,0.14671765,0.4455930888652801,0.057290677,0,0,0,0,1,1,1,1
261-10,261,10,3,0,0,0.1122265309095382,0.1122265309095382,0,0,3,3,4,0.048183713,0.4455930888652801,0.01985052,0,0,0,0,1,1,1,1
261-11,261,11,3,0,0,0.1122265309095382,0.1122265309095382,0,0,5,2,4,0.027302613,0.4455930888652801,0.024015384,0,0,0,0,1,1,1,1
261-12,261,12,3,0,0,0.1122265309095382,0.1122265309095382,0,0,4,2,4,0.10026908,0.4455930888652801,0.04470022,0,0,0,0,1,1,1,1
262-0,262,0,5,1,1,0.9998271094082156,0.0001728905917843,0,1,4,3,4,0.34602934,0.372329980134964,0.27792895,0,1,0,0,1,0,1,0
262-1,262,1,5,1,1,0.9998271094082156,0.0001728905917843,0,1,3,4,4,0.72538996,0.372329980134964,0.5431958,0,1,1,1,1,0,1,1
262-2,262,2,5,1,1,0.9998271094082156,0.0001728905917843,0,1,3,4,4,0.29348895,0.372329980134964,0.22570175,0,1,0,0,1,0,1,0
262-3,262,3,5,1,1,0.9998271094082156,0.0001728905917843,0,1,2,4,4,0.682196,0.372329980134964,0.6424873,0,1,1,1,1,0,1,1
262-4,262,4,5,1,1,0.9998271094082156,0.0001728905917843,0,1,5,3,3,0.34618044,0.372329980134964,0.31080946,0,1,0,0,1,0,1,0
262-5,262,5,5,0,0,0.0001728905917843,0.0001728905917843,0,0,3,3,3,0.0055447957,0.372329980134964,0.00448569,0,0,0,0,1,1,1,1
262-6,262,6,5,0,0,0.0001728905917843,0.0001728905917843,0,0,3,3,2,0.074572526,0.372329980134964,0.045285366,0,0,0,0,1,1,1,1
262-7,262,7,5,1,1,0.9998271094082156,0.0001728905917843,0,1,2,3,2,0.73886627,0.372329980134964,0.5618513,0,1,1,1,1,0,1,1
262-8,262,8,5,0,0,0.0001728905917843,0.0001728905917843,0,0,3,3,2,0.023048138,0.372329980134964,0.00942226,0,0,0,0,1,1,1,1
262-9,262,9,5,0,0,0.0001728905917843,0.0001728905917843,0,0,4,3,4,0.0590147,0.372329980134964,0.023685299,0,0,0,0,1,1,1,1
262-10,262,10,5,1,1,0.9998271094082156,0.0001728905917843,0,1,3,3,4,0.042671386,0.372329980134964,0.06151485,0,1,0,0,1,0,1,0
262-11,262,11,5,1,1,0.9998271094082156,0.0001728905917843,0,1,4,2,4,0.24429405,0.372329980134964,0.18489262,0,1,0,0,1,0,1,0
262-12,262,12,5,0,0,0.0001728905917843,0.0001728905917843,0,0,2,3,4,0.059763286,0.372329980134964,0.022775648,0,0,0,0,1,1,1,1
263-0,263,0,4,1,0,0.2115582823753357,0.7884417176246643,1,0,3,4,4,0.15182064,0.5368138551712036,0.049052402,1,0,0,0,1,1,1,1
263-1,263,1,4,1,0,0.2115582823753357,0.7884417176246643,1,0,5,3,4,0.15119627,0.5368138551712036,0.048241783,1,0,0,0,1,1,1,1
263-2,263,2,4,1,0,0.2115582823753357,0.7884417176246643,1,0,4,4,4,0.46468115,0.5368138551712036,0.13939708,1,0,0,0,1,1,1,1
263-3,263,3,4,1,0,0.2115582823753357,0.7884417176246643,1,0,4,3,4,0.2988649,0.5368138551712036,0.088059336,1,0,0,0,1,1,1,1
263-4,263,4,4,1,0,0.2115582823753357,0.7884417176246643,1,0,4,4,3,0.07437542,0.5368138551712036,0.028451912,1,0,0,0,1,1,1,1
263-5,263,5,4,1,0,0.2115582823753357,0.7884417176246643,1,0,4,3,3,0.082657665,0.5368138551712036,0.0351505,1,0,0,0,1,1,1,1
263-6,263,6,4,1,0,0.2115582823753357,0.7884417176246643,1,0,4,3,2,0.14988586,0.5368138551712036,0.04923552,1,0,0,0,1,1,1,1
263-7,263,7,4,1,0,0.2115582823753357,0.7884417176246643,1,0,3,3,2,0.17539759,0.5368138551712036,0.061380338,1,0,0,0,1,1,1,1
263-8,263,8,4,1,0,0.2115582823753357,0.7884417176246643,1,0,2,3,2,0.27594078,0.5368138551712036,0.10809373,1,0,0,0,1,1,1,1
263-9,263,9,4,1,0,0.2115582823753357,0.7884417176246643,1,0,4,4,4,0.3571268,0.5368138551712036,0.116789,1,0,0,0,1,1,1,1
263-10,263,10,4,1,0,0.2115582823753357,0.7884417176246643,1,0,3,3,4,0.048849348,0.5368138551712036,0.023668813,1,0,0,0,1,1,1,1
263-11,263,11,4,1,0,0.2115582823753357,0.7884417176246643,1,0,5,2,4,0.13478784,0.5368138551712036,0.04969452,1,0,0,0,1,1,1,1
263-12,263,12,4,1,0,0.2115582823753357,0.7884417176246643,1,0,4,3,4,0.17831008,0.5368138551712036,0.057713512,1,0,0,0,1,1,1,1
264-0,264,0,4,0,1,0.7635767459869385,0.7635767459869385,1,1,2,4,4,0.1316358,0.5368138551712036,0.062122095,1,1,0,0,1,0,1,0
264-1,264,1,4,1,0,0.2364232540130615,0.7635767459869385,1,0,4,4,4,0.20906614,0.5368138551712036,0.0757754,1,0,0,0,1,1,1,1
264-2,264,2,4,0,1,0.7635767459869385,0.7635767459869385,1,1,1,3,4,0.48647806,0.5368138551712036,0.19536453,1,1,0,0,1,0,1,0
264-3,264,3,4,0,1,0.7635767459869385,0.7635767459869385,1,1,4,3,4,0.25987685,0.5368138551712036,0.0963162,1,1,0,0,1,0,1,0
264-4,264,4,4,0,1,0.7635767459869385,0.7635767459869385,1,1,4,4,3,0.061415575,0.5368138551712036,0.032289688,1,1,0,0,1,0,1,0
264-5,264,5,4,0,1,0.7635767459869385,0.7635767459869385,1,1,4,3,3,0.07132581,0.5368138551712036,0.03865664,1,1,0,0,1,0,1,0
264-6,264,6,4,0,1,0.7635767459869385,0.7635767459869385,1,1,3,3,2,0.12551096,0.5368138551712036,0.05263543,1,1,0,0,1,0,1,0
264-7,264,7,4,0,1,0.7635767459869385,0.7635767459869385,1,1,3,3,2,0.14841078,0.5368138551712036,0.06302265,1,1,0,0,1,0,1,0
264-8,264,8,4,0,1,0.7635767459869385,0.7635767459869385,1,1,2,3,2,0.23470315,0.5368138551712036,0.102783136,1,1,0,0,1,0,1,0
264-9,264,9,4,0,1,0.7635767459869385,0.7635767459869385,1,1,4,4,4,0.32622662,0.5368138551712036,0.13093634,1,1,0,0,1,0,1,0
264-10,264,10,4,0,1,0.7635767459869385,0.7635767459869385,1,1,2,3,4,0.046117093,0.5368138551712036,0.027011313,1,1,0,0,1,0,1,0
264-11,264,11,4,0,1,0.7635767459869385,0.7635767459869385,1,1,2,3,4,0.19099686,0.5368138551712036,0.09406977,1,1,0,0,1,0,1,0
264-12,264,12,4,0,1,0.7635767459869385,0.7635767459869385,1,1,1,3,4,0.18160462,0.5368138551712036,0.08473259,1,1,0,0,1,0,1,0
265-0,265,0,3,1,0,0.1218553781509399,0.8781446218490601,1,0,4,4,4,0.111387596,0.4455930888652801,0.059428994,1,0,0,0,1,1,1,1
265-1,265,1,3,1,0,0.1218553781509399,0.8781446218490601,1,0,5,3,4,0.06863689,0.4455930888652801,0.029747844,1,0,0,0,1,1,1,1
265-2,265,2,3,0,1,0.8781446218490601,0.8781446218490601,1,1,4,3,4,0.04957606,0.4455930888652801,0.027991006,1,1,0,0,1,0,1,0
265-3,265,3,3,1,0,0.1218553781509399,0.8781446218490601,1,0,3,3,4,0.35390133,0.4455930888652801,0.13545983,1,0,0,0,1,1,1,1
265-4,265,4,3,1,0,0.1218553781509399,0.8781446218490601,1,0,4,4,3,0.0334665,0.4455930888652801,0.018276047,1,0,0,0,1,1,1,1
265-5,265,5,3,1,0,0.1218553781509399,0.8781446218490601,1,0,4,3,3,0.112642325,0.4455930888652801,0.06659574,1,0,0,0,1,1,1,1
265-6,265,6,3,1,0,0.1218553781509399,0.8781446218490601,1,0,5,3,2,0.021885222,0.4455930888652801,0.011304408,1,0,0,0,1,1,1,1
265-7,265,7,3,1,0,0.1218553781509399,0.8781446218490601,1,0,3,3,2,0.08775184,0.4455930888652801,0.038478363,1,0,0,0,1,1,1,1
265-8,265,8,3,1,0,0.1218553781509399,0.8781446218490601,1,0,3,3,2,0.02578047,0.4455930888652801,0.01964782,1,0,0,0,1,1,1,1
265-9,265,9,3,1,0,0.1218553781509399,0.8781446218490601,1,0,5,3,4,0.118449286,0.4455930888652801,0.051950626,1,0,0,0,1,1,1,1
265-10,265,10,3,1,0,0.1218553781509399,0.8781446218490601,1,0,4,3,4,0.029897451,0.4455930888652801,0.014606415,1,0,0,0,1,1,1,1
265-11,265,11,3,1,0,0.1218553781509399,0.8781446218490601,1,0,5,2,4,0.021463418,0.4455930888652801,0.021900931,1,0,0,0,1,1,1,1
265-12,265,12,3,1,0,0.1218553781509399,0.8781446218490601,1,0,4,3,4,0.07645063,0.4455930888652801,0.037286036,1,0,0,0,1,1,1,1
266-0,266,0,5,1,0,0.0016827583312988,0.9983172416687012,1,0,3,3,4,0.050462145,0.372329980134964,0.02439088,1,0,0,0,1,1,1,1
266-1,266,1,5,1,0,0.0016827583312988,0.9983172416687012,1,0,4,4,4,0.099199995,0.372329980134964,0.04413399,1,0,0,0,1,1,1,1
266-2,266,2,5,1,0,0.0016827583312988,0.9983172416687012,1,0,4,3,4,0.017522719,0.372329980134964,0.012826164,1,0,0,0,1,1,1,1
266-3,266,3,5,0,1,0.9983172416687012,0.9983172416687012,1,1,3,4,4,0.5000737,0.372329980134964,0.3712571,1,1,1,0,1,0,1,1
266-4,266,4,5,0,1,0.9983172416687012,0.9983172416687012,1,1,5,3,3,0.24557936,0.372329980134964,0.14812808,1,1,0,0,1,0,1,0
266-5,266,5,5,1,0,0.0016827583312988,0.9983172416687012,1,0,4,3,3,0.009351759,0.372329980134964,0.0071266936,1,0,0,0,1,1,1,1
266-6,266,6,5,0,1,0.9983172416687012,0.9983172416687012,1,1,4,3,2,0.5594012,0.372329980134964,0.33051357,1,1,1,0,1,0,1,1
266-7,266,7,5,1,0,0.0016827583312988,0.9983172416687012,1,0,2,3,2,0.0964079,0.372329980134964,0.044154413,1,0,0,0,1,1,1,1
266-8,266,8,5,0,1,0.9983172416687012,0.9983172416687012,1,1,3,4,2,0.27727008,0.372329980134964,0.09710058,1,1,0,0,1,0,1,0
266-9,266,9,5,1,0,0.0016827583312988,0.9983172416687012,1,0,4,4,4,0.101146735,0.372329980134964,0.045463253,1,0,0,0,1,1,1,1
266-10,266,10,5,0,1,0.9983172416687012,0.9983172416687012,1,1,3,4,4,0.023208812,0.372329980134964,0.0223218,1,1,0,0,1,0,1,0
266-11,266,11,5,0,1,0.9983172416687012,0.9983172416687012,1,1,4,2,4,0.14599119,0.372329980134964,0.08363727,1,1,0,0,1,0,1,0
266-12,266,12,5,1,0,0.0016827583312988,0.9983172416687012,1,0,3,4,4,0.1033245,0.372329980134964,0.039689224,1,0,0,0,1,1,1,1
267-0,267,0,5,0,0,0.5348856449127197,0.5348856449127197,1,1,4,3,4,0.08128522,0.372329980134964,0.04066263,0,1,0,0,0,1,0,1
267-1,267,1,5,0,0,0.5348856449127197,0.5348856449127197,1,1,4,2,4,0.1924149,0.372329980134964,0.07514811,0,1,0,0,0,1,0,1
267-2,267,2,5,0,0,0.5348856449127197,0.5348856449127197,1,1,4,3,4,0.048554808,0.372329980134964,0.026526792,0,1,0,0,0,1,0,1
267-3,267,3,5,0,0,0.5348856449127197,0.5348856449127197,1,1,4,1,4,0.19827135,0.372329980134964,0.10655694,0,1,0,0,0,1,0,1
267-4,267,4,5,0,0,0.5348856449127197,0.5348856449127197,1,1,5,1,3,0.048851497,0.372329980134964,0.028220123,0,1,0,0,0,1,0,1
267-5,267,5,5,0,0,0.5348856449127197,0.5348856449127197,1,1,5,1,3,0.008591097,0.372329980134964,0.00667843,0,1,0,0,0,1,0,1
267-6,267,6,5,1,1,0.4651143550872803,0.5348856449127197,1,0,2,4,2,0.23289977,0.372329980134964,0.1096272,0,0,0,0,0,0,0,0
267-7,267,7,5,0,0,0.5348856449127197,0.5348856449127197,1,1,3,3,2,0.16804302,0.372329980134964,0.0690446,0,1,0,0,0,1,0,1
267-8,267,8,5,0,0,0.5348856449127197,0.5348856449127197,1,1,3,3,2,0.08022222,0.372329980134964,0.027261892,0,1,0,0,0,1,0,1
267-9,267,9,5,0,0,0.5348856449127197,0.5348856449127197,1,1,5,2,4,0.14587495,0.372329980134964,0.05847231,0,1,0,0,0,1,0,1
267-10,267,10,5,0,0,0.5348856449127197,0.5348856449127197,1,1,4,2,4,0.008099754,0.372329980134964,0.009484024,0,1,0,0,0,1,0,1
267-11,267,11,5,0,0,0.5348856449127197,0.5348856449127197,1,1,5,2,4,0.033438154,0.372329980134964,0.01641674,0,1,0,0,0,1,0,1
267-12,267,12,5,0,0,0.5348856449127197,0.5348856449127197,1,1,4,2,4,0.11391682,0.372329980134964,0.046353325,0,1,0,0,0,1,0,1
268-0,268,0,3,0,0,0.0908440053462982,0.0908440053462982,0,0,4,3,4,0.14598516,0.4455930888652801,0.07578153,0,0,0,0,1,1,1,1
268-1,268,1,3,0,0,0.0908440053462982,0.0908440053462982,0,0,5,2,4,0.088188566,0.4455930888652801,0.034993984,0,0,0,0,1,1,1,1
268-2,268,2,3,0,0,0.0908440053462982,0.0908440053462982,0,0,5,2,4,0.025974315,0.4455930888652801,0.013151109,0,0,0,0,1,1,1,1
268-3,268,3,3,0,0,0.0908440053462982,0.0908440053462982,0,0,4,2,4,0.37575823,0.4455930888652801,0.15630881,0,0,0,0,1,1,1,1
268-4,268,4,3,0,0,0.0908440053462982,0.0908440053462982,0,0,5,1,3,0.02826413,0.4455930888652801,0.013378629,0,0,0,0,1,1,1,1
268-5,268,5,3,0,0,0.0908440053462982,0.0908440053462982,0,0,5,1,3,0.092710175,0.4455930888652801,0.054230943,0,0,0,0,1,1,1,1
268-6,268,6,3,0,0,0.0908440053462982,0.0908440053462982,0,0,3,3,2,0.03472931,0.4455930888652801,0.01703115,0,0,0,0,1,1,1,1
268-7,268,7,3,0,0,0.0908440053462982,0.0908440053462982,0,0,3,3,2,0.1067767,0.4455930888652801,0.045326196,0,0,0,0,1,1,1,1
268-8,268,8,3,0,0,0.0908440053462982,0.0908440053462982,0,0,3,3,2,0.03221233,0.4455930888652801,0.023462111,0,0,0,0,1,1,1,1
268-9,268,9,3,0,0,0.0908440053462982,0.0908440053462982,0,0,5,1,4,0.11506885,0.4455930888652801,0.051930774,0,0,0,0,1,1,1,1
268-10,268,10,3,0,0,0.0908440053462982,0.0908440053462982,0,0,4,2,4,0.04038309,0.4455930888652801,0.01860695,0,0,0,0,1,1,1,1
268-11,268,11,3,0,0,0.0908440053462982,0.0908440053462982,0,0,5,2,4,0.027681299,0.4455930888652801,0.026230328,0,0,0,0,1,1,1,1
268-12,268,12,3,0,0,0.0908440053462982,0.0908440053462982,0,0,4,2,4,0.101554155,0.4455930888652801,0.047200784,0,0,0,0,1,1,1,1
269-0,269,0,3,0,0,0.1703820973634719,0.1703820973634719,0,0,5,1,4,0.08530911,0.4455930888652801,0.043862123,0,0,0,0,1,1,1,1
269-1,269,1,3,0,0,0.1703820973634719,0.1703820973634719,0,0,4,3,4,0.10273482,0.4455930888652801,0.044798683,0,0,0,0,1,1,1,1
269-2,269,2,3,0,0,0.1703820973634719,0.1703820973634719,0,0,4,2,4,0.03020879,0.4455930888652801,0.015549391,0,0,0,0,1,1,1,1
269-3,269,3,3,0,0,0.1703820973634719,0.1703820973634719,0,0,3,3,4,0.39696774,0.4455930888652801,0.15763253,0,0,0,0,1,1,1,1
269-4,269,4,3,1,1,0.8296179026365281,0.1703820973634719,0,1,4,4,3,0.09643745,0.4455930888652801,0.0435471,0,1,0,0,1,0,1,0
269-5,269,5,3,0,0,0.1703820973634719,0.1703820973634719,0,0,4,2,3,0.13752355,0.4455930888652801,0.07477374,0,0,0,0,1,1,1,1
269-6,269,6,3,0,0,0.1703820973634719,0.1703820973634719,0,0,4,3,2,0.02752119,0.4455930888652801,0.013804625,0,0,0,0,1,1,1,1
269-7,269,7,3,0,0,0.1703820973634719,0.1703820973634719,0,0,3,3,2,0.099849634,0.4455930888652801,0.041354433,0,0,0,0,1,1,1,1
269-8,269,8,3,0,0,0.1703820973634719,0.1703820973634719,0,0,3,3,2,0.030652782,0.4455930888652801,0.021363355,0,0,0,0,1,1,1,1
269-9,269,9,3,0,0,0.1703820973634719,0.1703820973634719,0,0,5,2,4,0.13928802,0.4455930888652801,0.054235786,0,0,0,0,1,1,1,1
269-10,269,10,3,0,0,0.1703820973634719,0.1703820973634719,0,0,4,1,4,0.027060697,0.4455930888652801,0.014302296,0,0,0,0,1,1,1,1
269-11,269,11,3,0,0,0.1703820973634719,0.1703820973634719,0,0,5,2,4,0.025737634,0.4455930888652801,0.023122484,0,0,0,0,1,1,1,1
269-12,269,12,3,0,0,0.1703820973634719,0.1703820973634719,0,0,4,3,4,0.09492992,0.4455930888652801,0.0433017,0,0,0,0,1,1,1,1
270-0,270,0,1,1,0,0.0339521169662475,0.9660478830337524,1,0,4,3,4,0.10815581,0.486357569694519,0.03839428,1,0,0,0,1,1,1,1
270-1,270,1,1,1,0,0.0339521169662475,0.9660478830337524,1,0,4,3,4,0.09711924,0.486357569694519,0.037379663,1,0,0,0,1,1,1,1
270-2,270,2,1,1,0,0.0339521169662475,0.9660478830337524,1,0,3,4,4,0.051069457,0.486357569694519,0.022477537,1,0,0,0,1,1,1,1
270-3,270,3,1,1,0,0.0339521169662475,0.9660478830337524,1,0,3,3,4,0.06354968,0.486357569694519,0.02508573,1,0,0,0,1,1,1,1
270-4,270,4,1,1,0,0.0339521169662475,0.9660478830337524,1,0,3,4,3,0.01876163,0.486357569694519,0.011657213,1,0,0,0,1,1,1,1
270-5,270,5,1,1,0,0.0339521169662475,0.9660478830337524,1,0,3,3,3,0.028402612,0.486357569694519,0.0137491925,1,0,0,0,1,1,1,1
270-6,270,6,1,1,0,0.0339521169662475,0.9660478830337524,1,0,2,4,2,0.02900817,0.486357569694519,0.013091167,1,0,0,0,1,1,1,1
270-7,270,7,1,1,0,0.0339521169662475,0.9660478830337524,1,0,2,3,2,0.049551122,0.486357569694519,0.024569152,1,0,0,0,1,1,1,1
270-8,270,8,1,1,0,0.0339521169662475,0.9660478830337524,1,0,3,3,2,0.025726348,0.486357569694519,0.010710807,1,0,0,0,1,1,1,1
270-9,270,9,1,1,0,0.0339521169662475,0.9660478830337524,1,0,4,4,4,0.10506063,0.486357569694519,0.03850449,1,0,0,0,1,1,1,1
270-10,270,10,1,1,0,0.0339521169662475,0.9660478830337524,1,0,2,4,4,0.023020577,0.486357569694519,0.010517418,1,0,0,0,1,1,1,1
270-11,270,11,1,0,1,0.9660478830337524,0.9660478830337524,1,1,4,2,4,0.65071595,0.486357569694519,0.45110607,1,1,1,0,1,0,1,1
270-12,270,12,1,1,0,0.0339521169662475,0.9660478830337524,1,0,3,4,4,0.04259483,0.486357569694519,0.019481905,1,0,0,0,1,1,1,1
271-0,271,0,4,0,0,0.6466919183731079,0.6466919183731079,1,1,4,2,4,0.097159244,0.5368138551712036,0.04019484,0,1,0,0,0,1,0,1
271-1,271,1,4,0,0,0.6466919183731079,0.6466919183731079,1,1,4,2,4,0.15302637,0.5368138551712036,0.059830762,0,1,0,0,0,1,0,1
271-2,271,2,4,0,0,0.6466919183731079,0.6466919183731079,1,1,4,3,4,0.4679316,0.5368138551712036,0.16266872,0,1,0,0,0,1,0,1
271-3,271,3,4,0,0,0.6466919183731079,0.6466919183731079,1,1,3,3,4,0.32343414,0.5368138551712036,0.118953004,0,1,0,0,0,1,0,1
271-4,271,4,4,0,0,0.6466919183731079,0.6466919183731079,1,1,5,2,3,0.042859484,0.5368138551712036,0.02227626,0,1,0,0,0,1,0,1
271-5,271,5,4,0,0,0.6466919183731079,0.6466919183731079,1,1,4,3,3,0.08196135,0.5368138551712036,0.04131922,0,1,0,0,0,1,0,1
271-6,271,6,4,0,0,0.6466919183731079,0.6466919183731079,1,1,4,3,2,0.13074984,0.5368138551712036,0.05253493,0,1,0,0,0,1,0,1
271-7,271,7,4,0,0,0.6466919183731079,0.6466919183731079,1,1,3,3,2,0.16990378,0.5368138551712036,0.0741075,0,1,0,0,0,1,0,1
271-8,271,8,4,0,0,0.6466919183731079,0.6466919183731079,1,1,3,3,2,0.23953676,0.5368138551712036,0.104761116,0,1,0,0,0,1,0,1
271-9,271,9,4,0,0,0.6466919183731079,0.6466919183731079,1,1,4,3,4,0.36013108,0.5368138551712036,0.13786869,0,1,0,0,0,1,0,1
271-10,271,10,4,0,0,0.6466919183731079,0.6466919183731079,1,1,4,2,4,0.03736841,0.5368138551712036,0.019303843,0,1,0,0,0,1,0,1
271-11,271,11,4,0,0,0.6466919183731079,0.6466919183731079,1,1,5,2,4,0.116478935,0.5368138551712036,0.05258109,0,1,0,0,0,1,0,1
271-12,271,12,4,0,0,0.6466919183731079,0.6466919183731079,1,1,4,2,4,0.14063217,0.5368138551712036,0.062276687,0,1,0,0,0,1,0,1
272-0,272,0,2,1,0,0.3493475914001465,0.6506524085998535,1,0,4,3,4,0.10785117,0.4492360949516296,0.038310006,1,0,0,0,1,1,1,1
272-1,272,1,2,1,0,0.3493475914001465,0.6506524085998535,1,0,4,3,4,0.16277426,0.4492360949516296,0.07131396,1,0,0,0,1,1,1,1
272-2,272,2,2,0,1,0.6506524085998535,0.6506524085998535,1,1,3,3,4,0.5058361,0.4492360949516296,0.23873556,1,1,1,0,1,0,1,1
272-3,272,3,2,1,0,0.3493475914001465,0.6506524085998535,1,0,3,3,4,0.27218857,0.4492360949516296,0.09901854,1,0,0,0,1,1,1,1
272-4,272,4,2,1,0,0.3493475914001465,0.6506524085998535,1,0,4,3,3,0.05331035,0.4492360949516296,0.02507843,1,0,0,0,1,1,1,1
272-5,272,5,2,0,1,0.6506524085998535,0.6506524085998535,1,1,4,3,3,0.18467514,0.4492360949516296,0.10522048,1,1,0,0,1,0,1,0
272-6,272,6,2,1,0,0.3493475914001465,0.6506524085998535,1,0,2,4,2,0.04172297,0.4492360949516296,0.019257449,1,0,0,0,1,1,1,1
272-7,272,7,2,0,1,0.6506524085998535,0.6506524085998535,1,1,3,3,2,0.18492691,0.4492360949516296,0.08439432,1,1,0,0,1,0,1,0
272-8,272,8,2,0,1,0.6506524085998535,0.6506524085998535,1,1,3,3,2,0.52030426,0.4492360949516296,0.22778292,1,1,1,0,1,0,1,1
272-9,272,9,2,1,0,0.3493475914001465,0.6506524085998535,1,0,5,3,4,0.19887109,0.4492360949516296,0.07175937,1,0,0,0,1,1,1,1
272-10,272,10,2,0,1,0.6506524085998535,0.6506524085998535,1,1,4,3,4,0.04852729,0.4492360949516296,0.02169792,1,1,0,0,1,0,1,0
272-11,272,11,2,0,1,0.6506524085998535,0.6506524085998535,1,1,4,2,4,0.045178965,0.4492360949516296,0.020547308,1,1,0,0,1,0,1,0
272-12,272,12,2,1,0,0.3493475914001465,0.6506524085998535,1,0,3,3,4,0.09723948,0.4492360949516296,0.036212448,1,0,0,0,1,1,1,1
273-0,273,0,1,0,0,0.8294312357902527,0.8294312357902527,1,1,4,3,4,0.60930234,0.486357569694519,0.40164864,0,1,1,0,0,1,0,0
273-1,273,1,1,0,0,0.8294312357902527,0.8294312357902527,1,1,4,2,4,0.57770485,0.486357569694519,0.35262704,0,1,1,0,0,1,0,0
273-2,273,2,1,0,0,0.8294312357902527,0.8294312357902527,1,1,4,3,4,0.41974974,0.486357569694519,0.25295016,0,1,0,0,0,1,0,1
273-3,273,3,1,1,1,0.1705687642097473,0.8294312357902527,1,0,4,2,4,0.08106764,0.486357569694519,0.030251635,0,0,0,0,0,0,0,0
273-4,273,4,1,0,0,0.8294312357902527,0.8294312357902527,1,1,5,1,3,0.17877325,0.486357569694519,0.11563078,0,1,0,0,0,1,0,1
273-5,273,5,1,0,0,0.8294312357902527,0.8294312357902527,1,1,4,3,3,0.28848255,0.486357569694519,0.16778514,0,1,0,0,0,1,0,1
273-6,273,6,1,0,0,0.8294312357902527,0.8294312357902527,1,1,5,2,2,0.17553103,0.486357569694519,0.10152679,0,1,0,0,0,1,0,1
273-7,273,7,1,0,0,0.8294312357902527,0.8294312357902527,1,1,3,3,2,0.4097585,0.486357569694519,0.23338106,0,1,0,0,0,1,0,1
273-8,273,8,1,0,0,0.8294312357902527,0.8294312357902527,1,1,3,3,2,0.2211034,0.486357569694519,0.13445665,0,1,0,0,0,1,0,1
273-9,273,9,1,0,0,0.8294312357902527,0.8294312357902527,1,1,5,1,4,0.5220097,0.486357569694519,0.28971645,0,1,1,0,0,1,0,0
273-10,273,10,1,0,0,0.8294312357902527,0.8294312357902527,1,1,4,2,4,0.07368055,0.486357569694519,0.056213714,0,1,0,0,0,1,0,1
273-11,273,11,1,0,0,0.8294312357902527,0.8294312357902527,1,1,5,2,4,0.33959502,0.486357569694519,0.19136418,0,1,0,0,0,1,0,1
273-12,273,12,1,0,0,0.8294312357902527,0.8294312357902527,1,1,4,2,4,0.29010898,0.486357569694519,0.17042334,0,1,0,0,0,1,0,1
274-0,274,0,1,0,0,0.7006824016571045,0.7006824016571045,1,1,4,2,4,0.49176407,0.486357569694519,0.21717717,0,1,0,0,0,1,0,1
274-1,274,1,1,0,0,0.7006824016571045,0.7006824016571045,1,1,4,2,4,0.47612098,0.486357569694519,0.1925365,0,1,0,0,0,1,0,1
274-2,274,2,1,0,0,0.7006824016571045,0.7006824016571045,1,1,4,3,4,0.3283485,0.486357569694519,0.13580729,0,1,0,0,0,1,0,1
274-3,274,3,1,0,0,0.7006824016571045,0.7006824016571045,1,1,5,1,4,0.26933923,0.486357569694519,0.11491942,0,1,0,0,0,1,0,1
274-4,274,4,1,0,0,0.7006824016571045,0.7006824016571045,1,1,5,2,3,0.122490615,0.486357569694519,0.057027634,0,1,0,0,0,1,0,1
274-5,274,5,1,0,0,0.7006824016571045,0.7006824016571045,1,1,4,3,3,0.21507037,0.486357569694519,0.0855653,0,1,0,0,0,1,0,1
274-6,274,6,1,0,0,0.7006824016571045,0.7006824016571045,1,1,4,3,2,0.15845098,0.486357569694519,0.06769503,0,1,0,0,0,1,0,1
274-7,274,7,1,0,0,0.7006824016571045,0.7006824016571045,1,1,3,3,2,0.30635527,0.486357569694519,0.12082475,0,1,0,0,0,1,0,1
274-8,274,8,1,0,0,0.7006824016571045,0.7006824016571045,1,1,3,3,2,0.1511819,0.486357569694519,0.06402977,0,1,0,0,0,1,0,1
274-9,274,9,1,0,0,0.7006824016571045,0.7006824016571045,1,1,5,3,4,0.47518143,0.486357569694519,0.18116826,0,1,0,0,0,1,0,1
274-10,274,10,1,0,0,0.7006824016571045,0.7006824016571045,1,1,3,3,4,0.0578733,0.486357569694519,0.032889795,0,1,0,0,0,1,0,1
274-11,274,11,1,0,0,0.7006824016571045,0.7006824016571045,1,1,5,2,4,0.26108512,0.486357569694519,0.10651172,0,1,0,0,0,1,0,1
274-12,274,12,1,1,1,0.2993175983428955,0.7006824016571045,1,0,2,3,4,0.17857605,0.486357569694519,0.07049391,0,0,0,0,0,0,0,0
275-0,275,0,5,1,1,0.9601325243711472,0.0398674756288528,0,1,4,3,4,0.2657975,0.372329980134964,0.20894882,0,1,0,0,1,0,1,0
275-1,275,1,5,0,0,0.0398674756288528,0.0398674756288528,0,0,4,3,4,0.08983598,0.372329980134964,0.03212479,0,0,0,0,1,1,1,1
275-2,275,2,5,0,0,0.0398674756288528,0.0398674756288528,0,0,4,3,4,0.02131079,0.372329980134964,0.010242181,0,0,0,0,1,1,1,1
275-3,275,3,5,1,1,0.9601325243711472,0.0398674756288528,0,1,3,3,4,0.5792503,0.372329980134964,0.53581196,0,1,1,1,1,0,1,1
275-4,275,4,5,1,1,0.9601325243711472,0.0398674756288528,0,1,4,3,3,0.332546,0.372329980134964,0.2969936,0,1,0,0,1,0,1,0
275-5,275,5,5,0,0,0.0398674756288528,0.0398674756288528,0,0,4,3,3,0.007851951,0.372329980134964,0.0051105595,0,0,0,0,1,1,1,1
275-6,275,6,5,1,1,0.9601325243711472,0.0398674756288528,0,1,4,4,2,0.6399179,0.372329980134964,0.5174728,0,1,1,1,1,0,1,1
275-7,275,7,5,0,0,0.0398674756288528,0.0398674756288528,0,0,2,3,2,0.09211677,0.372329980134964,0.03632084,0,0,0,0,1,1,1,1
275-8,275,8,5,0,0,0.0398674756288528,0.0398674756288528,0,0,3,3,2,0.037301682,0.372329980134964,0.0120015135,0,0,0,0,1,1,1,1
275-9,275,9,5,0,0,0.0398674756288528,0.0398674756288528,0,0,5,2,4,0.08260423,0.372329980134964,0.02957949,0,0,0,0,1,1,1,1
275-10,275,10,5,0,0,0.0398674756288528,0.0398674756288528,0,0,4,3,4,0.007943516,0.372329980134964,0.0057950243,0,0,0,0,1,1,1,1
275-11,275,11,5,0,0,0.0398674756288528,0.0398674756288528,0,0,4,2,4,0.02106179,0.372329980134964,0.010138065,0,0,0,0,1,1,1,1
275-12,275,12,5,0,0,0.0398674756288528,0.0398674756288528,0,0,3,3,4,0.08487601,0.372329980134964,0.028436067,0,0,0,0,1,1,1,1
276-0,276,0,1,0,1,0.8497652411460876,0.8497652411460876,1,1,4,3,4,0.61719114,0.486357569694519,0.40321323,1,1,1,0,1,0,1,1
276-1,276,1,1,0,1,0.8497652411460876,0.8497652411460876,1,1,4,2,4,0.58886224,0.486357569694519,0.35705435,1,1,1,0,1,0,1,1
276-2,276,2,1,0,1,0.8497652411460876,0.8497652411460876,1,1,4,3,4,0.42787197,0.486357569694519,0.2541816,1,1,0,0,1,0,1,0
276-3,276,3,1,0,1,0.8497652411460876,0.8497652411460876,1,1,3,3,4,0.4919302,0.486357569694519,0.312996,1,1,0,0,1,0,1,0
276-4,276,4,1,0,1,0.8497652411460876,0.8497652411460876,1,1,5,2,3,0.18865736,0.486357569694519,0.117574304,1,1,0,0,1,0,1,0
276-5,276,5,1,0,1,0.8497652411460876,0.8497652411460876,1,1,4,3,3,0.29535773,0.486357569694519,0.1686956,1,1,0,0,1,0,1,0
276-6,276,6,1,0,1,0.8497652411460876,0.8497652411460876,1,1,3,4,2,0.24633439,0.486357569694519,0.14874974,1,1,0,0,1,0,1,0
276-7,276,7,1,0,1,0.8497652411460876,0.8497652411460876,1,1,3,3,2,0.41782662,0.486357569694519,0.23454712,1,1,0,0,1,0,1,0
276-8,276,8,1,0,1,0.8497652411460876,0.8497652411460876,1,1,3,3,2,0.2268848,0.486357569694519,0.13521563,1,1,0,0,1,0,1,0
276-9,276,9,1,0,1,0.8497652411460876,0.8497652411460876,1,1,4,4,4,0.62058973,0.486357569694519,0.37846455,1,1,1,0,1,0,1,1
276-10,276,10,1,0,1,0.8497652411460876,0.8497652411460876,1,1,2,3,4,0.10045074,0.486357569694519,0.08153352,1,1,0,0,1,0,1,0
276-11,276,11,1,0,1,0.8497652411460876,0.8497652411460876,1,1,5,2,4,0.3415859,0.486357569694519,0.19437473,1,1,0,0,1,0,1,0
276-12,276,12,1,0,1,0.8497652411460876,0.8497652411460876,1,1,4,3,4,0.3165485,0.486357569694519,0.18290585,1,1,0,0,1,0,1,0
277-0,277,0,4,1,0,0.4940878748893738,0.5059121251106262,1,0,4,3,4,0.122661196,0.5368138551712036,0.05101563,1,0,0,0,1,1,1,1
277-1,277,1,4,1,0,0.4940878748893738,0.5059121251106262,1,0,3,4,4,0.20425694,0.5368138551712036,0.080702595,1,0,0,0,1,1,1,1
277-2,277,2,4,1,0,0.4940878748893738,0.5059121251106262,1,0,3,3,4,0.4882233,0.5368138551712036,0.17962597,1,0,0,0,1,1,1,1
277-3,277,3,4,1,0,0.4940878748893738,0.5059121251106262,1,0,3,3,4,0.31419203,0.5368138551712036,0.11673871,1,0,0,0,1,1,1,1
277-4,277,4,4,1,0,0.4940878748893738,0.5059121251106262,1,0,5,3,3,0.05657494,0.5368138551712036,0.027278995,1,0,0,0,1,1,1,1
277-5,277,5,4,0,1,0.5059121251106262,0.5059121251106262,1,1,4,2,3,0.06925813,0.5368138551712036,0.03398686,1,1,0,0,1,0,1,0
277-6,277,6,4,1,0,0.4940878748893738,0.5059121251106262,1,0,2,4,2,0.17275104,0.5368138551712036,0.07382238,1,0,0,0,1,1,1,1
277-7,277,7,4,1,0,0.4940878748893738,0.5059121251106262,1,0,3,3,2,0.18950488,0.5368138551712036,0.086423114,1,0,0,0,1,1,1,1
277-8,277,8,4,0,1,0.5059121251106262,0.5059121251106262,1,1,2,3,2,0.29276752,0.5368138551712036,0.1248707,1,1,0,0,1,0,1,0
277-9,277,9,4,1,0,0.4940878748893738,0.5059121251106262,1,0,4,4,4,0.357167,0.5368138551712036,0.15555596,1,0,0,0,1,1,1,1
277-10,277,10,4,1,0,0.4940878748893738,0.5059121251106262,1,0,3,3,4,0.040048562,0.5368138551712036,0.024003316,1,0,0,0,1,1,1,1
277-11,277,11,4,1,0,0.4940878748893738,0.5059121251106262,1,0,4,2,4,0.16871211,0.5368138551712036,0.07768531,1,0,0,0,1,1,1,1
277-12,277,12,4,1,0,0.4940878748893738,0.5059121251106262,1,0,4,3,4,0.16386506,0.5368138551712036,0.07267476,1,0,0,0,1,1,1,1
278-0,278,0,5,1,1,0.5558997988700867,0.4441002011299133,0,1,3,4,4,0.106294766,0.372329980134964,0.039449207,0,1,0,0,1,0,1,0
278-1,278,1,5,0,0,0.4441002011299133,0.4441002011299133,0,0,4,2,4,0.1388598,0.372329980134964,0.04610252,0,0,0,0,1,1,1,1
278-2,278,2,5,0,0,0.4441002011299133,0.4441002011299133,0,0,4,3,4,0.03373919,0.372329980134964,0.015814347,0,0,0,0,1,1,1,1
278-3,278,3,5,0,0,0.4441002011299133,0.4441002011299133,0,0,3,3,4,0.20690869,0.372329980134964,0.10106735,0,0,0,0,1,1,1,1
278-4,278,4,5,0,0,0.4441002011299133,0.4441002011299133,0,0,4,4,3,0.05191851,0.372329980134964,0.026278004,0,0,0,0,1,1,1,1
278-5,278,5,5,1,1,0.5558997988700867,0.4441002011299133,0,1,3,4,3,0.013934637,0.372329980134964,0.009806307,0,1,0,0,1,0,1,0
278-6,278,6,5,0,0,0.4441002011299133,0.4441002011299133,0,0,3,3,2,0.16995373,0.372329980134964,0.082208045,0,0,0,0,1,1,1,1
278-7,278,7,5,0,0,0.4441002011299133,0.4441002011299133,0,0,3,3,2,0.11910408,0.372329980134964,0.0424333,0,0,0,0,1,1,1,1
278-8,278,8,5,0,0,0.4441002011299133,0.4441002011299133,0,0,3,3,2,0.05550829,0.372329980134964,0.016879465,0,0,0,0,1,1,1,1
278-9,278,9,5,0,0,0.4441002011299133,0.4441002011299133,0,0,4,3,4,0.14952329,0.372329980134964,0.054277502,0,0,0,0,1,1,1,1
278-10,278,10,5,1,1,0.5558997988700867,0.4441002011299133,0,1,3,3,4,0.011805402,0.372329980134964,0.010902133,0,1,0,0,1,0,1,0
278-11,278,11,5,0,0,0.4441002011299133,0.4441002011299133,0,0,3,2,4,0.034846902,0.372329980134964,0.017781306,0,0,0,0,1,1,1,1
278-12,278,12,5,0,0,0.4441002011299133,0.4441002011299133,0,0,3,3,4,0.1267466,0.372329980134964,0.047256403,0,0,0,0,1,1,1,1
279-0,279,0,1,1,0,0.0850473642349244,0.9149526357650756,1,0,4,2,4,0.20439675,0.486357569694519,0.06744513,1,0,0,0,1,1,1,1
279-1,279,1,1,1,0,0.0850473642349244,0.9149526357650756,1,0,4,3,4,0.19122703,0.486357569694519,0.06809916,1,0,0,0,1,1,1,1
279-2,279,2,1,1,0,0.0850473642349244,0.9149526357650756,1,0,5,2,4,0.099433765,0.486357569694519,0.03550442,1,0,0,0,1,1,1,1
279-3,279,3,1,1,0,0.0850473642349244,0.9149526357650756,1,0,5,2,4,0.12518792,0.486357569694519,0.040582743,1,0,0,0,1,1,1,1
279-4,279,4,1,1,0,0.0850473642349244,0.9149526357650756,1,0,5,2,3,0.035001546,0.486357569694519,0.0168913,1,0,0,0,1,1,1,1
279-5,279,5,1,1,0,0.0850473642349244,0.9149526357650756,1,0,4,3,3,0.061046503,0.486357569694519,0.02370274,1,0,0,0,1,1,1,1
279-6,279,6,1,1,0,0.0850473642349244,0.9149526357650756,1,0,5,3,2,0.063359596,0.486357569694519,0.021339836,1,0,0,0,1,1,1,1
279-7,279,7,1,1,0,0.0850473642349244,0.9149526357650756,1,0,3,3,2,0.099932946,0.486357569694519,0.038265727,1,0,0,0,1,1,1,1
279-8,279,8,1,1,0,0.0850473642349244,0.9149526357650756,1,0,3,3,2,0.060161047,0.486357569694519,0.020399142,1,0,0,0,1,1,1,1
279-9,279,9,1,1,0,0.0850473642349244,0.9149526357650756,1,0,5,4,4,0.19943058,0.486357569694519,0.06895944,1,0,0,0,1,1,1,1
279-10,279,10,1,1,0,0.0850473642349244,0.9149526357650756,1,0,4,2,4,0.046912964,0.486357569694519,0.015403009,1,0,0,0,1,1,1,1
279-11,279,11,1,1,0,0.0850473642349244,0.9149526357650756,1,0,5,2,4,0.0967182,0.486357569694519,0.040537167,1,0,0,0,1,1,1,1
279-12,279,12,1,1,0,0.0850473642349244,0.9149526357650756,1,0,4,3,4,0.09200059,0.486357569694519,0.034212563,1,0,0,0,1,1,1,1
280-0,280,0,3,1,0,0.0980665683746337,0.9019334316253662,1,0,3,3,4,0.16220945,0.4455930888652801,0.077560954,1,0,0,0,1,1,1,1
280-1,280,1,3,1,0,0.0980665683746337,0.9019334316253662,1,0,4,4,4,0.09994008,0.4455930888652801,0.044920452,1,0,0,0,1,1,1,1
280-2,280,2,3,1,0,0.0980665683746337,0.9019334316253662,1,0,4,4,4,0.028421704,0.4455930888652801,0.015885968,1,0,0,0,1,1,1,1
280-3,280,3,3,1,0,0.0980665683746337,0.9019334316253662,1,0,2,4,4,0.41173863,0.4455930888652801,0.15544236,1,0,0,0,1,1,1,1
280-4,280,4,3,1,0,0.0980665683746337,0.9019334316253662,1,0,5,3,3,0.03575232,0.4455930888652801,0.017520798,1,0,0,0,1,1,1,1
280-5,280,5,3,1,0,0.0980665683746337,0.9019334316253662,1,0,4,3,3,0.13640636,0.4455930888652801,0.07907436,1,0,0,0,1,1,1,1
280-6,280,6,3,1,0,0.0980665683746337,0.9019334316253662,1,0,4,4,2,0.02699098,0.4455930888652801,0.014781747,1,0,0,0,1,1,1,1
280-7,280,7,3,1,0,0.0980665683746337,0.9019334316253662,1,0,2,3,2,0.114615105,0.4455930888652801,0.053898156,1,0,0,0,1,1,1,1
280-8,280,8,3,1,0,0.0980665683746337,0.9019334316253662,1,0,3,4,2,0.03236338,0.4455930888652801,0.023551365,1,0,0,0,1,1,1,1
280-9,280,9,3,1,0,0.0980665683746337,0.9019334316253662,1,0,5,4,4,0.14177322,0.4455930888652801,0.06384855,1,0,0,0,1,1,1,1
280-10,280,10,3,1,0,0.0980665683746337,0.9019334316253662,1,0,3,4,4,0.047010656,0.4455930888652801,0.019937688,1,0,0,0,1,1,1,1
280-11,280,11,3,1,0,0.0980665683746337,0.9019334316253662,1,0,4,3,4,0.029219253,0.4455930888652801,0.030068845,1,0,0,0,1,1,1,1
280-12,280,12,3,0,1,0.9019334316253662,0.9019334316253662,1,1,4,4,4,0.18039183,0.4455930888652801,0.088227496,1,1,0,0,1,0,1,0
281-0,281,0,4,1,0,0.160300076007843,0.839699923992157,1,0,3,4,4,0.06920484,0.5368138551712036,0.02251886,1,0,0,0,1,1,1,1
281-1,281,1,4,1,0,0.160300076007843,0.839699923992157,1,0,4,4,4,0.07920857,0.5368138551712036,0.029071052,1,0,0,0,1,1,1,1
281-2,281,2,4,1,0,0.160300076007843,0.839699923992157,1,0,2,4,4,0.26707694,0.5368138551712036,0.084417745,1,0,0,0,1,1,1,1
281-3,281,3,4,1,0,0.160300076007843,0.839699923992157,1,0,2,4,4,0.17905343,0.5368138551712036,0.054276317,1,0,0,0,1,1,1,1
281-4,281,4,4,1,0,0.160300076007843,0.839699923992157,1,0,5,4,3,0.026094219,0.5368138551712036,0.011099626,1,0,0,0,1,1,1,1
281-5,281,5,4,1,0,0.160300076007843,0.839699923992157,1,0,3,4,3,0.035908077,0.5368138551712036,0.019166484,1,0,0,0,1,1,1,1
281-6,281,6,4,1,0,0.160300076007843,0.839699923992157,1,0,2,4,2,0.07946969,0.5368138551712036,0.027671726,1,0,0,0,1,1,1,1
281-7,281,7,4,1,0,0.160300076007843,0.839699923992157,1,0,2,3,2,0.074855655,0.5368138551712036,0.030990954,1,0,0,0,1,1,1,1
281-8,281,8,4,1,0,0.160300076007843,0.839699923992157,1,0,1,4,2,0.13967587,0.5368138551712036,0.049537785,1,0,0,0,1,1,1,1
281-9,281,9,4,1,0,0.160300076007843,0.839699923992157,1,0,4,4,4,0.17044146,0.5368138551712036,0.060012758,1,0,0,0,1,1,1,1
281-10,281,10,4,1,0,0.160300076007843,0.839699923992157,1,0,2,4,4,0.04167355,0.5368138551712036,0.01426885,1,0,0,0,1,1,1,1
281-11,281,11,4,1,0,0.160300076007843,0.839699923992157,1,0,3,4,4,0.09488385,0.5368138551712036,0.035825413,1,0,0,0,1,1,1,1
281-12,281,12,4,1,0,0.160300076007843,0.839699923992157,1,0,2,4,4,0.107642725,0.5368138551712036,0.03701307,1,0,0,0,1,1,1,1
282-0,282,0,1,1,1,0.6169753968715668,0.3830246031284332,0,1,3,3,4,0.59139955,0.486357569694519,0.31182072,0,1,1,0,1,0,1,1
282-1,282,1,1,0,0,0.3830246031284332,0.3830246031284332,0,0,4,3,4,0.30788562,0.486357569694519,0.11602543,0,0,0,0,1,1,1,1
282-2,282,2,1,0,0,0.3830246031284332,0.3830246031284332,0,0,4,2,4,0.17977767,0.486357569694519,0.07035116,0,0,0,0,1,1,1,1
282-3,282,3,1,1,1,0.6169753968715668,0.3830246031284332,0,1,3,3,4,0.39868346,0.486357569694519,0.19520777,0,1,0,0,1,0,1,0
282-4,282,4,1,0,0,0.3830246031284332,0.3830246031284332,0,0,5,2,3,0.05818404,0.486357569694519,0.025891034,0,0,0,0,1,1,1,1
282-5,282,5,1,0,0,0.3830246031284332,0.3830246031284332,0,0,4,2,3,0.10814829,0.486357569694519,0.043607626,0,0,0,0,1,1,1,1
282-6,282,6,1,0,0,0.3830246031284332,0.3830246031284332,0,0,4,3,2,0.10641771,0.486357569694519,0.03639249,0,0,0,0,1,1,1,1
282-7,282,7,1,0,0,0.3830246031284332,0.3830246031284332,0,0,3,3,2,0.16353679,0.486357569694519,0.06646892,0,0,0,0,1,1,1,1
282-8,282,8,1,0,0,0.3830246031284332,0.3830246031284332,0,0,3,3,2,0.09668145,0.486357569694519,0.03416872,0,0,0,0,1,1,1,1
282-9,282,9,1,0,0,0.3830246031284332,0.3830246031284332,0,0,4,3,4,0.3208091,0.486357569694519,0.11371416,0,0,0,0,1,1,1,1
282-10,282,10,1,1,1,0.6169753968715668,0.3830246031284332,0,1,3,3,4,0.058449425,0.486357569694519,0.037013188,0,1,0,0,1,0,1,0
282-11,282,11,1,0,0,0.3830246031284332,0.3830246031284332,0,0,5,2,4,0.14954872,0.486357569694519,0.058132507,0,0,0,0,1,1,1,1
282-12,282,12,1,0,0,0.3830246031284332,0.3830246031284332,0,0,4,2,4,0.14211535,0.486357569694519,0.054703943,0,0,0,0,1,1,1,1
283-0,283,0,1,1,1,0.6102217435836792,0.3897782564163208,0,1,3,4,4,0.59139955,0.486357569694519,0.316747,0,1,1,0,1,0,1,1
283-1,283,1,1,0,0,0.3897782564163208,0.3897782564163208,0,0,4,2,4,0.33566612,0.486357569694519,0.13143492,0,0,0,0,1,1,1,1
283-2,283,2,1,1,1,0.6102217435836792,0.3897782564163208,0,1,3,3,4,0.37996414,0.486357569694519,0.176006,0,1,0,0,1,0,1,0
283-3,283,3,1,1,1,0.6102217435836792,0.3897782564163208,0,1,2,3,4,0.41075164,0.486357569694519,0.21677388,0,1,0,0,1,0,1,0
283-4,283,4,1,0,0,0.3897782564163208,0.3897782564163208,0,0,5,3,3,0.07586816,0.486357569694519,0.0349103,0,0,0,0,1,1,1,1
283-5,283,5,1,0,0,0.3897782564163208,0.3897782564163208,0,0,4,3,3,0.1395531,0.486357569694519,0.05971268,0,0,0,0,1,1,1,1
283-6,283,6,1,1,1,0.6102217435836792,0.3897782564163208,0,1,4,3,2,0.16342205,0.486357569694519,0.07364564,0,1,0,0,1,0,1,0
283-7,283,7,1,0,0,0.3897782564163208,0.3897782564163208,0,0,3,3,2,0.19642578,0.486357569694519,0.086213775,0,0,0,0,1,1,1,1
283-8,283,8,1,0,0,0.3897782564163208,0.3897782564163208,0,0,2,3,2,0.14436403,0.486357569694519,0.05857873,0,0,0,0,1,1,1,1
283-9,283,9,1,1,1,0.6102217435836792,0.3897782564163208,0,1,4,4,4,0.5193624,0.486357569694519,0.21892667,0,1,1,0,1,0,1,1
283-10,283,10,1,0,0,0.3897782564163208,0.3897782564163208,0,0,4,3,4,0.06341212,0.486357569694519,0.0323046,0,0,0,0,1,1,1,1
283-11,283,11,1,1,1,0.6102217435836792,0.3897782564163208,0,1,4,3,4,0.31481853,0.486357569694519,0.14151748,0,1,0,0,1,0,1,0
283-12,283,12,1,0,0,0.3897782564163208,0.3897782564163208,0,0,3,3,4,0.20814599,0.486357569694519,0.08483092,0,0,0,0,1,1,1,1
284-0,284,0,4,0,0,0.5899457931518555,0.5899457931518555,1,1,4,2,4,0.097159244,0.5368138551712036,0.03821076,0,1,0,0,0,1,0,1
284-1,284,1,4,0,0,0.5899457931518555,0.5899457931518555,1,1,4,2,4,0.15302637,0.5368138551712036,0.05693492,0,1,0,0,0,1,0,1
284-2,284,2,4,0,0,0.5899457931518555,0.5899457931518555,1,1,5,2,4,0.33793333,0.5368138551712036,0.10928222,0,1,0,0,0,1,0,1
284-3,284,3,4,0,0,0.5899457931518555,0.5899457931518555,1,1,3,3,4,0.3186817,0.5368138551712036,0.11354121,0,1,0,0,0,1,0,1
284-4,284,4,4,0,0,0.5899457931518555,0.5899457931518555,1,1,5,3,3,0.051945228,0.5368138551712036,0.023285065,0,1,0,0,0,1,0,1
284-5,284,5,4,0,0,0.5899457931518555,0.5899457931518555,1,1,4,2,3,0.0655583,0.5368138551712036,0.03405614,0,1,0,0,0,1,0,1
284-6,284,6,4,0,0,0.5899457931518555,0.5899457931518555,1,1,4,3,2,0.12455849,0.5368138551712036,0.04824992,0,1,0,0,0,1,0,1
284-7,284,7,4,0,0,0.5899457931518555,0.5899457931518555,1,1,3,3,2,0.1754984,0.5368138551712036,0.07308005,0,1,0,0,0,1,0,1
284-8,284,8,4,0,0,0.5899457931518555,0.5899457931518555,1,1,3,3,2,0.24674267,0.5368138551712036,0.101974964,0,1,0,0,0,1,0,1
284-9,284,9,4,0,0,0.5899457931518555,0.5899457931518555,1,1,5,2,4,0.2500521,0.5368138551712036,0.09118804,0,1,0,0,0,1,0,1
284-10,284,10,4,0,0,0.5899457931518555,0.5899457931518555,1,1,4,2,4,0.03736841,0.5368138551712036,0.018030295,0,1,0,0,0,1,0,1
284-11,284,11,4,0,0,0.5899457931518555,0.5899457931518555,1,1,5,2,4,0.11407785,0.5368138551712036,0.05001747,0,1,0,0,0,1,0,1
284-12,284,12,4,0,0,0.5899457931518555,0.5899457931518555,1,1,4,2,4,0.14063217,0.5368138551712036,0.059165735,0,1,0,0,0,1,0,1
285-0,285,0,2,0,0,0.1340500116348266,0.1340500116348266,0,0,4,3,4,0.18256657,0.4492360949516296,0.062482942,0,0,0,0,1,1,1,1
285-1,285,1,2,0,0,0.1340500116348266,0.1340500116348266,0,0,4,2,4,0.23189175,0.4492360949516296,0.09653159,0,0,0,0,1,1,1,1
285-2,285,2,2,0,0,0.1340500116348266,0.1340500116348266,0,0,4,3,4,0.3574972,0.4492360949516296,0.13519762,0,0,0,0,1,1,1,1
285-3,285,3,2,0,0,0.1340500116348266,0.1340500116348266,0,0,3,3,4,0.39800388,0.4492360949516296,0.14255248,0,0,0,0,1,1,1,1
285-4,285,4,2,0,0,0.1340500116348266,0.1340500116348266,0,0,5,3,3,0.06442191,0.4492360949516296,0.027863178,0,0,0,0,1,1,1,1
285-5,285,5,2,0,0,0.1340500116348266,0.1340500116348266,0,0,4,3,3,0.117838524,0.4492360949516296,0.06102295,0,0,0,0,1,1,1,1
285-6,285,6,2,0,0,0.1340500116348266,0.1340500116348266,0,0,4,3,2,0.06458712,0.4492360949516296,0.024079144,0,0,0,0,1,1,1,1
285-7,285,7,2,0,0,0.1340500116348266,0.1340500116348266,0,0,2,3,2,0.14779511,0.4492360949516296,0.06336101,0,0,0,0,1,1,1,1
285-8,285,8,2,0,0,0.1340500116348266,0.1340500116348266,0,0,3,3,2,0.39090365,0.4492360949516296,0.14492926,0,0,0,0,1,1,1,1
285-9,285,9,2,0,0,0.1340500116348266,0.1340500116348266,0,0,4,3,4,0.373546,0.4492360949516296,0.14547122,0,0,0,0,1,1,1,1
285-10,285,10,2,1,1,0.8659499883651733,0.1340500116348266,0,1,3,3,4,0.05368664,0.4492360949516296,0.028015884,0,1,0,0,1,0,1,0
285-11,285,11,2,0,0,0.1340500116348266,0.1340500116348266,0,0,5,2,4,0.027833216,0.4492360949516296,0.0114669055,0,0,0,0,1,1,1,1
285-12,285,12,2,0,0,0.1340500116348266,0.1340500116348266,0,0,4,3,4,0.14919809,0.4492360949516296,0.04819272,0,0,0,0,1,1,1,1
286-0,286,0,3,0,0,0.078517660498619,0.078517660498619,0,0,3,4,4,0.171841,0.4455930888652801,0.0909539,0,0,0,0,1,1,1,1
286-1,286,1,3,0,0,0.078517660498619,0.078517660498619,0,0,4,2,4,0.11275857,0.4455930888652801,0.053621333,0,0,0,0,1,1,1,1
286-2,286,2,3,1,1,0.921482339501381,0.078517660498619,0,1,4,3,4,0.0438094,0.4455930888652801,0.025697608,0,1,0,0,1,0,1,0
286-3,286,3,3,1,1,0.921482339501381,0.078517660498619,0,1,2,3,4,0.626564,0.4455930888652801,0.3366319,0,1,1,0,1,0,1,1
286-4,286,4,3,0,0,0.078517660498619,0.078517660498619,0,0,5,3,3,0.03792493,0.4455930888652801,0.01747175,0,0,0,0,1,1,1,1
286-5,286,5,3,0,0,0.078517660498619,0.078517660498619,0,0,4,2,3,0.15037274,0.4455930888652801,0.091264464,0,0,0,0,1,1,1,1
286-6,286,6,3,0,0,0.078517660498619,0.078517660498619,0,0,3,3,2,0.035733044,0.4455930888652801,0.019386157,0,0,0,0,1,1,1,1
286-7,286,7,3,0,0,0.078517660498619,0.078517660498619,0,0,2,3,2,0.12104582,0.4455930888652801,0.06298538,0,0,0,0,1,1,1,1
286-8,286,8,3,0,0,0.078517660498619,0.078517660498619,0,0,3,3,2,0.03314581,0.4455930888652801,0.02668226,0,0,0,0,1,1,1,1
286-9,286,9,3,0,0,0.078517660498619,0.078517660498619,0,0,4,3,4,0.18253253,0.4455930888652801,0.08804535,0,0,0,0,1,1,1,1
286-10,286,10,3,0,0,0.078517660498619,0.078517660498619,0,0,4,2,4,0.041543193,0.4455930888652801,0.020989383,0,0,0,0,1,1,1,1
286-11,286,11,3,0,0,0.078517660498619,0.078517660498619,0,0,4,3,4,0.033656873,0.4455930888652801,0.03663046,0,0,0,0,1,1,1,1
286-12,286,12,3,0,0,0.078517660498619,0.078517660498619,0,0,4,3,4,0.104280606,0.4455930888652801,0.052798983,0,0,0,0,1,1,1,1
287-0,287,0,4,1,0,0.1064968109130859,0.8935031890869141,1,0,4,3,4,0.058836535,0.5368138551712036,0.018041573,1,0,0,0,1,1,1,1
287-1,287,1,4,0,1,0.8935031890869141,0.8935031890869141,1,1,4,4,4,0.28819224,0.5368138551712036,0.09154781,1,1,0,0,1,0,1,0
287-2,287,2,4,1,0,0.1064968109130859,0.8935031890869141,1,0,4,3,4,0.24657796,0.5368138551712036,0.069442324,1,0,0,0,1,1,1,1
287-3,287,3,4,0,1,0.8935031890869141,0.8935031890869141,1,1,4,3,4,0.41711017,0.5368138551712036,0.13493872,1,1,0,0,1,0,1,0
287-4,287,4,4,1,0,0.1064968109130859,0.8935031890869141,1,0,5,2,3,0.023352977,0.5368138551712036,0.00987888,1,0,0,0,1,1,1,1
287-5,287,5,4,1,0,0.1064968109130859,0.8935031890869141,1,0,4,3,3,0.032856088,0.5368138551712036,0.01650713,1,0,0,0,1,1,1,1
287-6,287,6,4,0,1,0.8935031890869141,0.8935031890869141,1,1,4,3,2,0.2134448,0.5368138551712036,0.072732486,1,1,0,0,1,0,1,0
287-7,287,7,4,0,1,0.8935031890869141,0.8935031890869141,1,1,2,3,2,0.27997386,0.5368138551712036,0.11943078,1,1,0,0,1,0,1,0
287-8,287,8,4,1,0,0.1064968109130859,0.8935031890869141,1,0,3,4,2,0.12398191,0.5368138551712036,0.042625476,1,0,0,0,1,1,1,1
287-9,287,9,4,1,0,0.1064968109130859,0.8935031890869141,1,0,4,4,4,0.17338055,0.5368138551712036,0.05849429,1,0,0,0,1,1,1,1
287-10,287,10,4,0,1,0.8935031890869141,0.8935031890869141,1,1,3,4,4,0.06563284,0.5368138551712036,0.03424815,1,1,0,0,1,0,1,0
287-11,287,11,4,0,1,0.8935031890869141,0.8935031890869141,1,1,4,3,4,0.29076955,0.5368138551712036,0.10567952,1,1,0,0,1,0,1,0
287-12,287,12,4,0,1,0.8935031890869141,0.8935031890869141,1,1,4,3,4,0.24809283,0.5368138551712036,0.086728685,1,1,0,0,1,0,1,0
288-0,288,0,5,1,0,0.0021145939826964,0.9978854060173036,1,0,4,2,4,0.037140153,0.372329980134964,0.019118695,1,0,0,0,1,1,1,1
288-1,288,1,5,1,0,0.0021145939826964,0.9978854060173036,1,0,4,3,4,0.09804175,0.372329980134964,0.042833485,1,0,0,0,1,1,1,1
288-2,288,2,5,1,0,0.0021145939826964,0.9978854060173036,1,0,5,3,4,0.016246209,0.372329980134964,0.012112647,1,0,0,0,1,1,1,1
288-3,288,3,5,1,0,0.0021145939826964,0.9978854060173036,1,0,4,3,4,0.09133531,0.372329980134964,0.060371824,1,0,0,0,1,1,1,1
288-4,288,4,5,1,0,0.0021145939826964,0.9978854060173036,1,0,5,3,3,0.030414693,0.372329980134964,0.023095142,1,0,0,0,1,1,1,1
288-5,288,5,5,1,0,0.0021145939826964,0.9978854060173036,1,0,4,3,3,0.009351759,0.372329980134964,0.0071266936,1,0,0,0,1,1,1,1
288-6,288,6,5,1,0,0.0021145939826964,0.9978854060173036,1,0,3,4,2,0.1409203,0.372329980134964,0.07917477,1,0,0,0,1,1,1,1
288-7,288,7,5,1,0,0.0021145939826964,0.9978854060173036,1,0,3,3,2,0.10108368,0.372329980134964,0.041731376,1,0,0,0,1,1,1,1
288-8,288,8,5,1,0,0.0021145939826964,0.9978854060173036,1,0,3,3,2,0.047803763,0.372329980134964,0.017366841,1,0,0,0,1,1,1,1
288-9,288,9,5,1,0,0.0021145939826964,0.9978854060173036,1,0,5,3,4,0.08984555,0.372329980134964,0.042137653,1,0,0,0,1,1,1,1
288-10,288,10,5,1,0,0.0021145939826964,0.9978854060173036,1,0,3,3,4,0.011325356,0.372329980134964,0.009347744,1,0,0,0,1,1,1,1
288-11,288,11,5,1,0,0.0021145939826964,0.9978854060173036,1,0,4,3,4,0.017522719,0.372329980134964,0.012826164,1,0,0,0,1,1,1,1
288-12,288,12,5,1,0,0.0021145939826964,0.9978854060173036,1,0,4,3,4,0.07835576,0.372329980134964,0.03037,1,0,0,0,1,1,1,1
289-0,289,0,2,0,0,0.0224069654941558,0.0224069654941558,0,0,4,2,4,0.036531005,0.4492360949516296,0.015560905,0,0,0,0,1,1,1,1
289-1,289,1,2,0,0,0.0224069654941558,0.0224069654941558,0,0,4,3,4,0.059871934,0.4492360949516296,0.024216104,0,0,0,0,1,1,1,1
289-2,289,2,2,0,0,0.0224069654941558,0.0224069654941558,0,0,4,3,4,0.1022713,0.4492360949516296,0.03558972,0,0,0,0,1,1,1,1
289-3,289,3,2,0,0,0.0224069654941558,0.0224069654941558,0,0,4,2,4,0.09764021,0.4492360949516296,0.03191286,0,0,0,0,1,1,1,1
289-4,289,4,2,0,0,0.0224069654941558,0.0224069654941558,0,0,5,2,3,0.013887431,0.4492360949516296,0.0068542995,0,0,0,0,1,1,1,1
289-5,289,5,2,0,0,0.0224069654941558,0.0224069654941558,0,0,4,2,3,0.021876603,0.4492360949516296,0.013226903,0,0,0,0,1,1,1,1
289-6,289,6,2,0,0,0.0224069654941558,0.0224069654941558,0,0,4,3,2,0.017807834,0.4492360949516296,0.0063506793,0,0,0,0,1,1,1,1
289-7,289,7,2,0,0,0.0224069654941558,0.0224069654941558,0,0,3,3,2,0.024555419,0.4492360949516296,0.010612803,0,0,0,0,1,1,1,1
289-8,289,8,2,0,0,0.0224069654941558,0.0224069654941558,0,0,3,3,2,0.10973421,0.4492360949516296,0.03538839,0,0,0,0,1,1,1,1
289-9,289,9,2,0,0,0.0224069654941558,0.0224069654941558,0,0,4,3,4,0.099555075,0.4492360949516296,0.034613613,0,0,0,0,1,1,1,1
289-10,289,10,2,0,0,0.0224069654941558,0.0224069654941558,0,0,4,2,4,0.009189885,0.4492360949516296,0.003989992,0,0,0,0,1,1,1,1
289-11,289,11,2,0,0,0.0224069654941558,0.0224069654941558,0,0,5,2,4,0.0075892312,0.4492360949516296,0.0032742897,0,0,0,0,1,1,1,1
289-12,289,12,2,0,0,0.0224069654941558,0.0224069654941558,0,0,4,2,4,0.028910063,0.4492360949516296,0.011290304,0,0,0,0,1,1,1,1
290-0,290,0,3,0,0,0.2969202101230621,0.2969202101230621,0,0,3,3,4,0.24735041,0.4455930888652801,0.13319573,0,0,0,0,1,1,1,1
290-1,290,1,3,0,0,0.2969202101230621,0.2969202101230621,0,0,4,3,4,0.1593705,0.4455930888652801,0.07706527,0,0,0,0,1,1,1,1
290-2,290,2,3,0,0,0.2969202101230621,0.2969202101230621,0,0,3,3,4,0.049461182,0.4455930888652801,0.027853535,0,0,0,0,1,1,1,1
290-3,290,3,3,0,0,0.2969202101230621,0.2969202101230621,0,0,3,2,4,0.5399466,0.4455930888652801,0.25772014,0,0,1,0,1,1,1,0
290-4,290,4,3,0,0,0.2969202101230621,0.2969202101230621,0,0,4,4,3,0.07275538,0.4455930888652801,0.03618929,0,0,0,0,1,1,1,1
290-5,290,5,3,0,0,0.2969202101230621,0.2969202101230621,0,0,4,3,3,0.21688566,0.4455930888652801,0.12851869,0,0,0,0,1,1,1,1
290-6,290,6,3,0,0,0.2969202101230621,0.2969202101230621,0,0,4,4,2,0.03748119,0.4455930888652801,0.020186974,0,0,0,0,1,1,1,1
290-7,290,7,3,0,0,0.2969202101230621,0.2969202101230621,0,0,2,3,2,0.1915968,0.4455930888652801,0.10009857,0,0,0,0,1,1,1,1
290-8,290,8,3,0,0,0.2969202101230621,0.2969202101230621,0,0,2,3,2,0.066802084,0.4455930888652801,0.05231141,0,0,0,0,1,1,1,1
290-9,290,9,3,0,0,0.2969202101230621,0.2969202101230621,0,0,4,3,4,0.25380448,0.4455930888652801,0.122477435,0,0,0,0,1,1,1,1
290-10,290,10,3,0,0,0.2969202101230621,0.2969202101230621,0,0,3,3,4,0.044117317,0.4455930888652801,0.030962931,0,0,0,0,1,1,1,1
290-11,290,11,3,0,0,0.2969202101230621,0.2969202101230621,0,0,4,2,4,0.051331792,0.4455930888652801,0.051317513,0,0,0,0,1,1,1,1
290-12,290,12,3,0,0,0.2969202101230621,0.2969202101230621,0,0,4,3,4,0.1498219,0.4455930888652801,0.074574284,0,0,0,0,1,1,1,1
291-0,291,0,3,1,0,0.6624216139316559,0.3375783860683441,0,1,4,2,4,0.20382185,0.4455930888652801,0.10733582,1,1,0,0,0,1,0,1
291-1,291,1,3,1,0,0.6624216139316559,0.3375783860683441,0,1,5,2,4,0.09207191,0.4455930888652801,0.04097449,1,1,0,0,0,1,0,1
291-2,291,2,3,1,0,0.6624216139316559,0.3375783860683441,0,1,5,2,4,0.02237424,0.4455930888652801,0.0134072285,1,1,0,0,0,1,0,1
291-3,291,3,3,1,0,0.6624216139316559,0.3375783860683441,0,1,4,3,4,0.46855497,0.4455930888652801,0.2154007,1,1,0,0,0,1,0,1
291-4,291,4,3,1,0,0.6624216139316559,0.3375783860683441,0,1,5,2,3,0.04701118,0.4455930888652801,0.020099076,1,1,0,0,0,1,0,1
291-5,291,5,3,1,0,0.6624216139316559,0.3375783860683441,0,1,4,3,3,0.20107852,0.4455930888652801,0.11952656,1,1,0,0,0,1,0,1
291-6,291,6,3,1,0,0.6624216139316559,0.3375783860683441,0,1,5,2,2,0.024462063,0.4455930888652801,0.013464228,1,1,0,0,0,1,0,1
291-7,291,7,3,1,0,0.6624216139316559,0.3375783860683441,0,1,3,3,2,0.18250525,0.4455930888652801,0.083626434,1,1,0,0,0,1,0,1
291-8,291,8,3,1,0,0.6624216139316559,0.3375783860683441,0,1,3,3,2,0.05476825,0.4455930888652801,0.03947601,1,1,0,0,0,1,0,1
291-9,291,9,3,1,0,0.6624216139316559,0.3375783860683441,0,1,4,4,4,0.24272604,0.4455930888652801,0.11509016,1,1,0,0,0,1,0,1
291-10,291,10,3,1,0,0.6624216139316559,0.3375783860683441,0,1,4,2,4,0.029643135,0.4455930888652801,0.023795862,1,1,0,0,0,1,0,1
291-11,291,11,3,1,0,0.6624216139316559,0.3375783860683441,0,1,4,2,4,0.048516545,0.4455930888652801,0.049485758,1,1,0,0,0,1,0,1
291-12,291,12,3,1,0,0.6624216139316559,0.3375783860683441,0,1,4,2,4,0.13882336,0.4455930888652801,0.07094442,1,1,0,0,0,1,0,1
292-0,292,0,5,1,1,0.8400911539793015,0.1599088460206985,0,1,4,3,4,0.16773736,0.372329980134964,0.08030945,0,1,0,0,1,0,1,0
292-1,292,1,5,0,0,0.1599088460206985,0.1599088460206985,0,0,5,2,4,0.09472468,0.372329980134964,0.030834332,0,0,0,0,1,1,1,1
292-2,292,2,5,0,0,0.1599088460206985,0.1599088460206985,0,0,4,3,4,0.024257168,0.372329980134964,0.011581151,0,0,0,0,1,1,1,1
292-3,292,3,5,0,0,0.1599088460206985,0.1599088460206985,0,0,3,1,4,0.12486918,0.372329980134964,0.06130904,0,0,0,0,1,1,1,1
292-4,292,4,5,0,0,0.1599088460206985,0.1599088460206985,0,0,5,2,3,0.031185756,0.372329980134964,0.01702178,0,0,0,0,1,1,1,1
292-5,292,5,5,0,0,0.1599088460206985,0.1599088460206985,0,0,4,3,3,0.010201517,0.372329980134964,0.0062968205,0,0,0,0,1,1,1,1
292-6,292,6,5,0,0,0.1599088460206985,0.1599088460206985,0,0,5,2,2,0.11308614,0.372329980134964,0.053517494,0,0,0,0,1,1,1,1
292-7,292,7,5,0,0,0.1599088460206985,0.1599088460206985,0,0,3,3,2,0.11578351,0.372329980134964,0.03566915,0,0,0,0,1,1,1,1
292-8,292,8,5,0,0,0.1599088460206985,0.1599088460206985,0,0,3,3,2,0.055833045,0.372329980134964,0.014585971,0,0,0,0,1,1,1,1
292-9,292,9,5,0,0,0.1599088460206985,0.1599088460206985,0,0,5,2,4,0.09659305,0.372329980134964,0.03177634,0,0,0,0,1,1,1,1
292-10,292,10,5,0,0,0.1599088460206985,0.1599088460206985,0,0,4,1,4,0.009434583,0.372329980134964,0.006141697,0,0,0,0,1,1,1,1
292-11,292,11,5,0,0,0.1599088460206985,0.1599088460206985,0,0,5,2,4,0.021885993,0.372329980134964,0.0094941715,0,0,0,0,1,1,1,1
292-12,292,12,5,0,0,0.1599088460206985,0.1599088460206985,0,0,4,2,4,0.08038524,0.372329980134964,0.025162444,0,0,0,0,1,1,1,1
293-0,293,0,4,1,0,0.1158652901649475,0.8841347098350525,1,0,4,4,4,0.056208033,0.5368138551712036,0.017927114,1,0,0,0,1,1,1,1
293-1,293,1,4,1,0,0.1158652901649475,0.8841347098350525,1,0,5,3,4,0.06320877,0.5368138551712036,0.022674093,1,0,0,0,1,1,1,1
293-2,293,2,4,1,0,0.1158652901649475,0.8841347098350525,1,0,4,3,4,0.23768029,0.5368138551712036,0.06768788,1,0,0,0,1,1,1,1
293-3,293,3,4,1,0,0.1158652901649475,0.8841347098350525,1,0,4,3,4,0.1572664,0.5368138551712036,0.043237794,1,0,0,0,1,1,1,1
293-4,293,4,4,1,0,0.1158652901649475,0.8841347098350525,1,0,5,2,3,0.022272173,0.5368138551712036,0.0096137505,1,0,0,0,1,1,1,1
293-5,293,5,4,1,0,0.1158652901649475,0.8841347098350525,1,0,4,2,3,0.027516263,0.5368138551712036,0.014443996,1,0,0,0,1,1,1,1
293-6,293,6,4,1,0,0.1158652901649475,0.8841347098350525,1,0,5,3,2,0.055437222,0.5368138551712036,0.019193131,1,0,0,0,1,1,1,1
293-7,293,7,4,1,0,0.1158652901649475,0.8841347098350525,1,0,3,2,2,0.05874665,0.5368138551712036,0.024524279,1,0,0,0,1,1,1,1
293-8,293,8,4,1,0,0.1158652901649475,0.8841347098350525,1,0,3,3,2,0.107495286,0.5368138551712036,0.03755843,1,0,0,0,1,1,1,1
293-9,293,9,4,1,0,0.1158652901649475,0.8841347098350525,1,0,5,3,4,0.14016928,0.5368138551712036,0.047313765,1,0,0,0,1,1,1,1
293-10,293,10,4,1,0,0.1158652901649475,0.8841347098350525,1,0,4,3,4,0.030905511,0.5368138551712036,0.010308218,1,0,0,0,1,1,1,1
293-11,293,11,4,1,0,0.1158652901649475,0.8841347098350525,1,0,5,2,4,0.06264565,0.5368138551712036,0.023064265,1,0,0,0,1,1,1,1
293-12,293,12,4,1,0,0.1158652901649475,0.8841347098350525,1,0,4,3,4,0.0793804,0.5368138551712036,0.026588695,1,0,0,0,1,1,1,1
294-0,294,0,3,0,0,0.7467196583747864,0.7467196583747864,1,1,3,4,4,0.2941161,0.4455930888652801,0.16588758,0,1,0,0,0,1,0,1
294-1,294,1,3,0,0,0.7467196583747864,0.7467196583747864,1,1,4,2,4,0.17962222,0.4455930888652801,0.085852616,0,1,0,0,0,1,0,1
294-2,294,2,3,0,0,0.7467196583747864,0.7467196583747864,1,1,3,4,4,0.060785607,0.4455930888652801,0.033889078,0,1,0,0,0,1,0,1
294-3,294,3,3,0,0,0.7467196583747864,0.7467196583747864,1,1,4,3,4,0.530805,0.4455930888652801,0.26103336,0,1,1,0,0,1,0,0
294-4,294,4,3,0,0,0.7467196583747864,0.7467196583747864,1,1,5,2,3,0.070501655,0.4455930888652801,0.027564282,0,1,0,0,0,1,0,1
294-5,294,5,3,0,0,0.7467196583747864,0.7467196583747864,1,1,4,3,3,0.2477755,0.4455930888652801,0.14411394,0,1,0,0,0,1,0,1
294-6,294,6,3,0,0,0.7467196583747864,0.7467196583747864,1,1,4,3,2,0.0443002,0.4455930888652801,0.02413843,0,1,0,0,0,1,0,1
294-7,294,7,3,0,0,0.7467196583747864,0.7467196583747864,1,1,3,2,2,0.20188993,0.4455930888652801,0.096551456,0,1,0,0,0,1,0,1
294-8,294,8,3,0,0,0.7467196583747864,0.7467196583747864,1,1,3,3,2,0.06081034,0.4455930888652801,0.046334412,0,1,0,0,0,1,0,1
294-9,294,9,3,0,0,0.7467196583747864,0.7467196583747864,1,1,5,3,4,0.21699777,0.4455930888652801,0.09487012,0,1,0,0,0,1,0,1
294-10,294,10,3,0,0,0.7467196583747864,0.7467196583747864,1,1,4,3,4,0.035678625,0.4455930888652801,0.02478197,0,1,0,0,0,1,0,1
294-11,294,11,3,0,0,0.7467196583747864,0.7467196583747864,1,1,5,2,4,0.04305101,0.4455930888652801,0.040033657,0,1,0,0,0,1,0,1
294-12,294,12,3,0,0,0.7467196583747864,0.7467196583747864,1,1,4,2,4,0.16942105,0.4455930888652801,0.0832205,0,1,0,0,0,1,0,1
295-0,295,0,1,1,1,0.3901551365852356,0.6098448634147644,1,0,4,3,4,0.3528559,0.486357569694519,0.14577547,0,0,0,0,0,0,0,0
295-1,295,1,1,0,0,0.6098448634147644,0.6098448634147644,1,1,5,2,4,0.42998442,0.486357569694519,0.17709868,0,1,0,0,0,1,0,1
295-2,295,2,1,0,0,0.6098448634147644,0.6098448634147644,1,1,4,3,4,0.31652167,0.486357569694519,0.13959543,0,1,0,0,0,1,0,1
295-3,295,3,1,0,0,0.6098448634147644,0.6098448634147644,1,1,3,3,4,0.37380096,0.486357569694519,0.18091097,0,1,0,0,0,1,0,1
295-4,295,4,1,0,0,0.6098448634147644,0.6098448634147644,1,1,5,2,3,0.12027752,0.486357569694519,0.060940735,0,1,0,0,0,1,0,1
295-5,295,5,1,0,0,0.6098448634147644,0.6098448634147644,1,1,4,3,3,0.20607188,0.486357569694519,0.08809489,0,1,0,0,0,1,0,1
295-6,295,6,1,1,1,0.3901551365852356,0.6098448634147644,1,0,4,3,2,0.113777705,0.486357569694519,0.0431602,0,0,0,0,0,0,0,0
295-7,295,7,1,0,0,0.6098448634147644,0.6098448634147644,1,1,3,2,2,0.27712357,0.486357569694519,0.12021708,0,1,0,0,0,1,0,1
295-8,295,8,1,0,0,0.6098448634147644,0.6098448634147644,1,1,3,3,2,0.14314081,0.486357569694519,0.067893915,0,1,0,0,0,1,0,1
295-9,295,9,1,0,0,0.6098448634147644,0.6098448634147644,1,1,4,3,4,0.49892586,0.486357569694519,0.21107192,0,1,0,0,0,1,0,1
295-10,295,10,1,0,0,0.6098448634147644,0.6098448634147644,1,1,3,3,4,0.055093627,0.486357569694519,0.03494484,0,1,0,0,0,1,0,1
295-11,295,11,1,0,0,0.6098448634147644,0.6098448634147644,1,1,5,2,4,0.25398618,0.486357569694519,0.11191534,0,1,0,0,0,1,0,1
295-12,295,12,1,0,0,0.6098448634147644,0.6098448634147644,1,1,4,2,4,0.20431611,0.486357569694519,0.09977492,0,1,0,0,0,1,0,1
296-0,296,0,3,1,0,0.7475960552692413,0.2524039447307586,0,1,3,3,4,0.308418,0.4455930888652801,0.16125183,1,1,0,0,0,1,0,1
296-1,296,1,3,1,0,0.7475960552692413,0.2524039447307586,0,1,5,3,4,0.121510915,0.4455930888652801,0.05164773,1,1,0,0,0,1,0,1
296-2,296,2,3,1,0,0.7475960552692413,0.2524039447307586,0,1,4,3,4,0.045738913,0.4455930888652801,0.025322836,1,1,0,0,0,1,0,1
296-3,296,3,3,1,0,0.7475960552692413,0.2524039447307586,0,1,3,3,4,0.61429316,0.4455930888652801,0.30569354,1,1,1,0,0,1,0,0
296-4,296,4,3,1,0,0.7475960552692413,0.2524039447307586,0,1,5,3,3,0.06651549,0.4455930888652801,0.025701579,1,1,0,0,0,1,0,1
296-5,296,5,3,0,1,0.2524039447307586,0.2524039447307586,0,0,4,3,3,0.20784467,0.4455930888652801,0.11296817,1,0,0,0,0,0,0,0
296-6,296,6,3,1,0,0.7475960552692413,0.2524039447307586,0,1,3,4,2,0.060140815,0.4455930888652801,0.029292952,1,1,0,0,0,1,0,1
296-7,296,7,3,1,0,0.7475960552692413,0.2524039447307586,0,1,3,3,2,0.21158703,0.4455930888652801,0.0945223,1,1,0,0,0,1,0,1
296-8,296,8,3,1,0,0.7475960552692413,0.2524039447307586,0,1,3,3,2,0.06313208,0.4455930888652801,0.04490132,1,1,0,0,0,1,0,1
296-9,296,9,3,1,0,0.7475960552692413,0.2524039447307586,0,1,5,3,4,0.20499118,0.4455930888652801,0.08703719,1,1,0,0,0,1,0,1
296-10,296,10,3,1,0,0.7475960552692413,0.2524039447307586,0,1,4,2,4,0.03257676,0.4455930888652801,0.022637466,1,1,0,0,0,1,0,1
296-11,296,11,3,1,0,0.7475960552692413,0.2524039447307586,0,1,5,2,4,0.04017514,0.4455930888652801,0.036869526,1,1,0,0,0,1,0,1
296-12,296,12,3,1,0,0.7475960552692413,0.2524039447307586,0,1,4,2,4,0.15925996,0.4455930888652801,0.07805663,1,1,0,0,0,1,0,1
297-0,297,0,3,0,0,0.0795833244919776,0.0795833244919776,0,0,4,2,4,0.1497057,0.4455930888652801,0.08257206,0,0,0,0,1,1,1,1
297-1,297,1,3,0,0,0.0795833244919776,0.0795833244919776,0,0,5,2,4,0.09059235,0.4455930888652801,0.038995285,0,0,0,0,1,1,1,1
297-2,297,2,3,0,0,0.0795833244919776,0.0795833244919776,0,0,5,2,4,0.02673202,0.4455930888652801,0.014845535,0,0,0,0,1,1,1,1
297-3,297,3,3,0,0,0.0795833244919776,0.0795833244919776,0,0,3,3,4,0.42219144,0.4455930888652801,0.1872965,0,0,0,0,1,1,1,1
297-4,297,4,3,0,0,0.0795833244919776,0.0795833244919776,0,0,5,2,3,0.03792493,0.4455930888652801,0.01747175,0,0,0,0,1,1,1,1
297-5,297,5,3,0,0,0.0795833244919776,0.0795833244919776,0,0,4,3,3,0.15037274,0.4455930888652801,0.091264464,0,0,0,0,1,1,1,1
297-6,297,6,3,0,0,0.0795833244919776,0.0795833244919776,0,0,4,3,2,0.030455492,0.4455930888652801,0.017274804,0,0,0,0,1,1,1,1
297-7,297,7,3,0,0,0.0795833244919776,0.0795833244919776,0,0,3,3,2,0.10962621,0.4455930888652801,0.05088012,0,0,0,0,1,1,1,1
297-8,297,8,3,0,0,0.0795833244919776,0.0795833244919776,0,0,3,3,2,0.03314581,0.4455930888652801,0.02668226,0,0,0,0,1,1,1,1
297-9,297,9,3,0,0,0.0795833244919776,0.0795833244919776,0,0,5,2,4,0.1538756,0.4455930888652801,0.06596585,0,0,0,0,1,1,1,1
297-10,297,10,3,0,0,0.0795833244919776,0.0795833244919776,0,0,4,1,4,0.031510647,0.4455930888652801,0.019406522,0,0,0,0,1,1,1,1
297-11,297,11,3,0,0,0.0795833244919776,0.0795833244919776,0,0,5,2,4,0.028687792,0.4455930888652801,0.030471083,0,0,0,0,1,1,1,1
297-12,297,12,3,0,0,0.0795833244919776,0.0795833244919776,0,0,4,2,4,0.104280606,0.4455930888652801,0.052521873,0,0,0,0,1,1,1,1
298-0,298,0,5,0,1,0.0018632609862834,0.0018632609862834,0,0,4,2,4,0.021498058,0.372329980134964,0.01024956,1,0,0,0,0,0,0,0
298-1,298,1,5,0,1,0.0018632609862834,0.0018632609862834,0,0,4,2,4,0.057738382,0.372329980134964,0.022986118,1,0,0,0,0,0,0,0
298-2,298,2,5,0,1,0.0018632609862834,0.0018632609862834,0,0,4,3,4,0.012265879,0.372329980134964,0.0072663575,1,0,0,0,0,0,0,0
298-3,298,3,5,0,1,0.0018632609862834,0.0018632609862834,0,0,3,3,4,0.07472549,0.372329980134964,0.040891677,1,0,0,0,0,0,0,0
298-4,298,4,5,0,1,0.0018632609862834,0.0018632609862834,0,0,5,2,3,0.017107153,0.372329980134964,0.013597134,1,0,0,0,0,0,0,0
298-5,298,5,5,0,1,0.0018632609862834,0.0018632609862834,0,0,4,2,3,0.0050985944,0.372329980134964,0.0038974595,1,0,0,0,0,0,0,0
298-6,298,6,5,0,1,0.0018632609862834,0.0018632609862834,0,0,4,3,2,0.07252402,0.372329980134964,0.040975947,1,0,0,0,0,0,0,0
298-7,298,7,5,0,1,0.0018632609862834,0.0018632609862834,0,0,4,2,2,0.055608634,0.372329980134964,0.021996057,1,0,0,0,0,0,0,0
298-8,298,8,5,0,1,0.0018632609862834,0.0018632609862834,0,0,3,3,2,0.023048138,0.372329980134964,0.00942226,1,0,0,0,0,0,0,0
298-9,298,9,5,0,1,0.0018632609862834,0.0018632609862834,0,0,5,2,4,0.056187436,0.372329980134964,0.025343942,1,0,0,0,0,0,0,0
298-10,298,10,5,0,1,0.0018632609862834,0.0018632609862834,0,0,4,2,4,0.0047934107,0.372329980134964,0.0040639457,1,0,0,0,0,0,0,0
298-11,298,11,5,0,1,0.0018632609862834,0.0018632609862834,0,0,5,2,4,0.012008442,0.372329980134964,0.0076276395,1,0,0,0,0,0,0,0
298-12,298,12,5,0,1,0.0018632609862834,0.0018632609862834,0,0,4,2,4,0.044550978,0.372329980134964,0.016758448,1,0,0,0,0,0,0,0
299-0,299,0,4,0,0,0.320675253868103,0.320675253868103,0,0,3,4,4,0.16969162,0.5368138551712036,0.06267226,0,0,0,0,1,1,1,1
299-1,299,1,4,1,1,0.679324746131897,0.320675253868103,0,1,4,4,4,0.18880595,0.5368138551712036,0.06450246,0,1,0,0,1,0,1,0
299-2,299,2,4,0,0,0.320675253868103,0.320675253868103,0,0,4,4,4,0.5082239,0.5368138551712036,0.17584163,0,0,1,0,1,1,1,0
299-3,299,3,4,1,1,0.679324746131897,0.320675253868103,0,1,4,4,4,0.29147017,0.5368138551712036,0.09643549,0,1,0,0,1,0,1,0
299-4,299,4,4,1,1,0.679324746131897,0.320675253868103,0,1,5,4,3,0.056758072,0.5368138551712036,0.023045653,0,1,0,0,1,0,1,0
299-5,299,5,4,0,0,0.320675253868103,0.320675253868103,0,0,4,2,3,0.09039922,0.5368138551712036,0.04239469,0,0,0,0,1,1,1,1
299-6,299,6,4,0,0,0.320675253868103,0.320675253868103,0,0,3,3,2,0.17210801,0.5368138551712036,0.06681613,0,0,0,0,1,1,1,1
299-7,299,7,4,0,0,0.320675253868103,0.320675253868103,0,0,3,3,2,0.19455405,0.5368138551712036,0.07726286,0,0,0,0,1,1,1,1
299-8,299,8,4,0,0,0.320675253868103,0.320675253868103,0,0,3,4,2,0.30668494,0.5368138551712036,0.11794955,0,0,0,0,1,1,1,1
299-9,299,9,4,1,1,0.679324746131897,0.320675253868103,0,1,4,4,4,0.36194143,0.5368138551712036,0.13109228,0,1,0,0,1,0,1,0
299-10,299,10,4,0,0,0.320675253868103,0.320675253868103,0,0,4,2,4,0.043843087,0.5368138551712036,0.022121381,0,0,0,0,1,1,1,1
299-11,299,11,4,0,0,0.320675253868103,0.320675253868103,0,0,5,3,4,0.177111,0.5368138551712036,0.06626895,0,0,0,0,1,1,1,1
299-12,299,12,4,0,0,0.320675253868103,0.320675253868103,0,0,4,3,4,0.19397596,0.5368138551712036,0.07465478,0,0,0,0,1,1,1,1
300-0,300,0,5,1,0,0.1747772693634033,0.8252227306365967,1,0,3,4,4,0.042824414,0.372329980134964,0.016266882,1,0,0,0,1,1,1,1
300-1,300,1,5,0,1,0.8252227306365967,0.8252227306365967,1,1,4,2,4,0.4114167,0.372329980134964,0.19485798,1,1,0,0,1,0,1,0
300-2,300,2,5,0,1,0.8252227306365967,0.8252227306365967,1,1,4,4,4,0.101063296,0.372329980134964,0.060685456,1,1,0,0,1,0,1,0
300-3,300,3,5,0,1,0.8252227306365967,0.8252227306365967,1,1,4,3,4,0.3435116,0.372329980134964,0.25871888,1,1,0,0,1,0,1,0
300-4,300,4,5,0,1,0.8252227306365967,0.8252227306365967,1,1,5,3,3,0.14264515,0.372329980134964,0.07990754,1,1,0,0,1,0,1,0
300-5,300,5,5,0,1,0.8252227306365967,0.8252227306365967,1,1,4,3,3,0.013163262,0.372329980134964,0.014119838,1,1,0,0,1,0,1,0
300-6,300,6,5,0,1,0.8252227306365967,0.8252227306365967,1,1,4,3,2,0.39416724,0.372329980134964,0.24471126,1,1,0,0,1,0,1,0
300-7,300,7,5,0,1,0.8252227306365967,0.8252227306365967,1,1,4,2,2,0.32398325,0.372329980134964,0.13950334,1,1,0,0,1,0,1,0
300-8,300,8,5,0,1,0.8252227306365967,0.8252227306365967,1,1,3,4,2,0.17793302,0.372329980134964,0.06566727,1,1,0,0,1,0,1,0
300-9,300,9,5,0,1,0.8252227306365967,0.8252227306365967,1,1,4,4,4,0.42449698,0.372329980134964,0.20973256,1,1,0,0,1,0,1,0
300-10,300,10,5,0,1,0.8252227306365967,0.8252227306365967,1,1,3,3,4,0.015719032,0.372329980134964,0.017110681,1,1,0,0,1,0,1,0
300-11,300,11,5,0,1,0.8252227306365967,0.8252227306365967,1,1,5,2,4,0.07597248,0.372329980134964,0.038468696,1,1,0,0,1,0,1,0
300-12,300,12,5,0,1,0.8252227306365967,0.8252227306365967,1,1,4,2,4,0.25757453,0.372329980134964,0.122536704,1,1,0,0,1,0,1,0
301-0,301,0,2,1,0,0.2677386403083801,0.7322613596916199,1,0,4,3,4,0.11092217,0.4492360949516296,0.041245203,1,0,0,0,1,1,1,1
301-1,301,1,2,1,0,0.2677386403083801,0.7322613596916199,1,0,4,4,4,0.16921476,0.4492360949516296,0.07797685,1,0,0,0,1,1,1,1
301-2,301,2,2,1,0,0.2677386403083801,0.7322613596916199,1,0,4,3,4,0.23540008,0.4492360949516296,0.092681624,1,0,0,0,1,1,1,1
301-3,301,3,2,1,0,0.2677386403083801,0.7322613596916199,1,0,3,3,4,0.2784783,0.4492360949516296,0.10396684,1,0,0,0,1,1,1,1
301-4,301,4,2,1,0,0.2677386403083801,0.7322613596916199,1,0,4,4,3,0.05576937,0.4492360949516296,0.027028337,1,0,0,0,1,1,1,1
301-5,301,5,2,0,1,0.7322613596916199,0.7322613596916199,1,1,3,3,3,0.240737,0.4492360949516296,0.1562921,1,1,0,0,1,0,1,0
301-6,301,6,2,1,0,0.2677386403083801,0.7322613596916199,1,0,3,4,2,0.043222714,0.4492360949516296,0.018552402,1,0,0,0,1,1,1,1
301-7,301,7,2,1,0,0.2677386403083801,0.7322613596916199,1,0,3,3,2,0.074388616,0.4492360949516296,0.034883223,1,0,0,0,1,1,1,1
301-8,301,8,2,1,0,0.2677386403083801,0.7322613596916199,1,0,2,3,2,0.27990627,0.4492360949516296,0.117234625,1,0,0,0,1,1,1,1
301-9,301,9,2,1,0,0.2677386403083801,0.7322613596916199,1,0,4,4,4,0.261258,0.4492360949516296,0.10574122,1,0,0,0,1,1,1,1
301-10,301,10,2,1,0,0.2677386403083801,0.7322613596916199,1,0,4,2,4,0.020661155,0.4492360949516296,0.009550609,1,0,0,0,1,1,1,1
301-11,301,11,2,1,0,0.2677386403083801,0.7322613596916199,1,0,4,2,4,0.021071332,0.4492360949516296,0.009644231,1,0,0,0,1,1,1,1
301-12,301,12,2,1,0,0.2677386403083801,0.7322613596916199,1,0,3,3,4,0.10004219,0.4492360949516296,0.038155027,1,0,0,0,1,1,1,1
302-0,302,0,4,1,1,0.7917325049638749,0.2082674950361251,0,1,3,3,4,0.24927689,0.5368138551712036,0.105451345,0,1,0,0,1,0,1,0
302-1,302,1,4,1,1,0.7917325049638749,0.2082674950361251,0,1,4,3,4,0.30522403,0.5368138551712036,0.119806446,0,1,0,0,1,0,1,0
302-2,302,2,4,1,1,0.7917325049638749,0.2082674950361251,0,1,4,3,4,0.625894,0.5368138551712036,0.2637819,0,1,1,0,1,0,1,1
302-3,302,3,4,0,0,0.2082674950361251,0.2082674950361251,0,0,4,2,4,0.20615685,0.5368138551712036,0.06297471,0,0,0,0,1,1,1,1
302-4,302,4,4,1,1,0.7917325049638749,0.2082674950361251,0,1,4,4,3,0.14124525,0.5368138551712036,0.061878633,0,1,0,0,1,0,1,0
302-5,302,5,4,0,0,0.2082674950361251,0.2082674950361251,0,0,3,3,3,0.07013253,0.5368138551712036,0.03206861,0,0,0,0,1,1,1,1
302-6,302,6,4,1,1,0.7917325049638749,0.2082674950361251,0,1,2,4,2,0.27807772,0.5368138551712036,0.13883446,0,1,0,0,1,0,1,0
302-7,302,7,4,1,1,0.7917325049638749,0.2082674950361251,0,1,3,3,2,0.28175217,0.5368138551712036,0.124129646,0,1,0,0,1,0,1,0
302-8,302,8,4,0,0,0.2082674950361251,0.2082674950361251,0,0,2,3,2,0.21116483,0.5368138551712036,0.08297644,0,0,0,0,1,1,1,1
302-9,302,9,4,1,1,0.7917325049638749,0.2082674950361251,0,1,3,4,4,0.57823837,0.5368138551712036,0.28380147,0,1,1,0,1,0,1,1
302-10,302,10,4,0,0,0.2082674950361251,0.2082674950361251,0,0,4,2,4,0.029326426,0.5368138551712036,0.015095816,0,0,0,0,1,1,1,1
302-11,302,11,4,1,1,0.7917325049638749,0.2082674950361251,0,1,4,3,4,0.3167189,0.5368138551712036,0.13944411,0,1,0,0,1,0,1,0
302-12,302,12,4,1,1,0.7917325049638749,0.2082674950361251,0,1,3,3,4,0.31360158,0.5368138551712036,0.14208412,0,1,0,0,1,0,1,0
303-0,303,0,5,1,0,0.0839722752571106,0.9160277247428894,1,0,3,3,4,0.042824414,0.372329980134964,0.015789568,1,0,0,0,1,1,1,1
303-1,303,1,5,1,0,0.0839722752571106,0.9160277247428894,1,0,4,3,4,0.08757596,0.372329980134964,0.027413588,1,0,0,0,1,1,1,1
303-2,303,2,5,1,0,0.0839722752571106,0.9160277247428894,1,0,5,2,4,0.01369988,0.372329980134964,0.0060169823,1,0,0,0,1,1,1,1
303-3,303,3,5,1,0,0.0839722752571106,0.9160277247428894,1,0,3,3,4,0.10187087,0.372329980134964,0.047716,1,0,0,0,1,1,1,1
303-4,303,4,5,1,0,0.0839722752571106,0.9160277247428894,1,0,5,3,3,0.023070589,0.372329980134964,0.011439706,1,0,0,0,1,1,1,1
303-5,303,5,5,1,0,0.0839722752571106,0.9160277247428894,1,0,4,3,3,0.0074996846,0.372329980134964,0.0042379415,1,0,0,0,1,1,1,1
303-6,303,6,5,1,0,0.0839722752571106,0.9160277247428894,1,0,3,4,2,0.1048834,0.372329980134964,0.048508648,1,0,0,0,1,1,1,1
303-7,303,7,5,1,0,0.0839722752571106,0.9160277247428894,1,0,3,3,2,0.074352264,0.372329980134964,0.02517148,1,0,0,0,1,1,1,1
303-8,303,8,5,1,0,0.0839722752571106,0.9160277247428894,1,0,3,3,2,0.03506283,0.372329980134964,0.010370648,1,0,0,0,1,1,1,1
303-9,303,9,5,1,0,0.0839722752571106,0.9160277247428894,1,0,4,4,4,0.09038275,0.372329980134964,0.029125458,1,0,0,0,1,1,1,1
303-10,303,10,5,1,0,0.0839722752571106,0.9160277247428894,1,0,4,3,4,0.006768379,0.372329980134964,0.0045059603,1,0,0,0,1,1,1,1
303-11,303,11,5,1,0,0.0839722752571106,0.9160277247428894,1,0,4,2,4,0.015699655,0.372329980134964,0.0077605247,1,0,0,0,1,1,1,1
303-12,303,12,5,0,1,0.9160277247428894,0.9160277247428894,1,1,4,3,4,0.18518281,0.372329980134964,0.06995847,1,1,0,0,1,0,1,0
304-0,304,0,1,1,1,0.1921164989471435,0.8078835010528564,1,0,3,4,4,0.26771954,0.486357569694519,0.098023534,0,0,0,0,0,0,0,0
304-1,304,1,1,0,0,0.8078835010528564,0.8078835010528564,1,1,4,3,4,0.4106511,0.486357569694519,0.16887003,0,1,0,0,0,1,0,1
304-2,304,2,1,0,0,0.8078835010528564,0.8078835010528564,1,1,3,3,4,0.29166648,0.486357569694519,0.12285247,0,1,0,0,0,1,0,1
304-3,304,3,1,0,0,0.8078835010528564,0.8078835010528564,1,1,2,3,4,0.31898028,0.486357569694519,0.1544531,0,1,0,0,0,1,0,1
304-4,304,4,1,1,1,0.1921164989471435,0.8078835010528564,1,0,5,2,3,0.038436487,0.486357569694519,0.018766519,0,0,0,0,0,0,0,0
304-5,304,5,1,1,1,0.1921164989471435,0.8078835010528564,1,0,4,3,3,0.070092276,0.486357569694519,0.02926741,0,0,0,0,0,0,0,0
304-6,304,6,1,0,0,0.8078835010528564,0.8078835010528564,1,1,4,4,2,0.11792622,0.486357569694519,0.053789143,0,1,0,0,0,1,0,1
304-7,304,7,1,1,1,0.1921164989471435,0.8078835010528564,1,0,3,3,2,0.107090525,0.486357569694519,0.040727675,0,0,0,0,0,0,0,0
304-8,304,8,1,0,0,0.8078835010528564,0.8078835010528564,1,1,2,3,2,0.1534347,0.486357569694519,0.071703106,0,1,0,0,0,1,0,1
304-9,304,9,1,1,1,0.1921164989471435,0.8078835010528564,1,0,4,4,4,0.21422769,0.486357569694519,0.07720099,0,0,0,0,0,0,0,0
304-10,304,10,1,1,1,0.1921164989471435,0.8078835010528564,1,0,3,3,4,0.044328094,0.486357569694519,0.017703848,0,0,0,0,0,0,0,0
304-11,304,11,1,1,1,0.1921164989471435,0.8078835010528564,1,0,4,3,4,0.109045185,0.486357569694519,0.046245817,0,0,0,0,0,0,0,0
304-12,304,12,1,0,0,0.8078835010528564,0.8078835010528564,1,1,2,2,4,0.21581851,0.486357569694519,0.108401805,0,1,0,0,0,1,0,1
305-0,305,0,1,0,0,0.7111951112747192,0.7111951112747192,1,1,4,2,4,0.49176407,0.486357569694519,0.21717717,0,1,0,0,0,1,0,1
305-1,305,1,1,0,0,0.7111951112747192,0.7111951112747192,1,1,4,2,4,0.47612098,0.486357569694519,0.1925365,0,1,0,0,0,1,0,1
305-2,305,2,1,0,0,0.7111951112747192,0.7111951112747192,1,1,4,3,4,0.3283485,0.486357569694519,0.13580729,0,1,0,0,0,1,0,1
305-3,305,3,1,0,0,0.7111951112747192,0.7111951112747192,1,1,4,2,4,0.32545137,0.486357569694519,0.14003381,0,1,0,0,0,1,0,1
305-4,305,4,1,0,0,0.7111951112747192,0.7111951112747192,1,1,5,2,3,0.122490615,0.486357569694519,0.057027634,0,1,0,0,0,1,0,1
305-5,305,5,1,0,0,0.7111951112747192,0.7111951112747192,1,1,4,3,3,0.21507037,0.486357569694519,0.0855653,0,1,0,0,0,1,0,1
305-6,305,6,1,0,0,0.7111951112747192,0.7111951112747192,1,1,4,3,2,0.15845098,0.486357569694519,0.06769503,0,1,0,0,0,1,0,1
305-7,305,7,1,0,0,0.7111951112747192,0.7111951112747192,1,1,4,3,2,0.30188277,0.486357569694519,0.11831304,0,1,0,0,0,1,0,1
305-8,305,8,1,0,0,0.7111951112747192,0.7111951112747192,1,1,3,3,2,0.1511819,0.486357569694519,0.06402977,0,1,0,0,0,1,0,1
305-9,305,9,1,0,0,0.7111951112747192,0.7111951112747192,1,1,4,3,4,0.512458,0.486357569694519,0.2058081,0,1,1,0,0,1,0,0
305-10,305,10,1,0,0,0.7111951112747192,0.7111951112747192,1,1,3,3,4,0.0578733,0.486357569694519,0.032889795,0,1,0,0,0,1,0,1
305-11,305,11,1,0,0,0.7111951112747192,0.7111951112747192,1,1,5,2,4,0.26108512,0.486357569694519,0.10651172,0,1,0,0,0,1,0,1
305-12,305,12,1,0,0,0.7111951112747192,0.7111951112747192,1,1,4,2,4,0.21493177,0.486357569694519,0.096945606,0,1,0,0,0,1,0,1
306-0,306,0,5,0,0,0.0390685498714447,0.0390685498714447,0,0,4,2,4,0.034126412,0.372329980134964,0.014404652,0,0,0,0,1,1,1,1
306-1,306,1,5,0,0,0.0390685498714447,0.0390685498714447,0,0,4,2,4,0.08970346,0.372329980134964,0.032136787,0,0,0,0,1,1,1,1
306-2,306,2,5,0,0,0.0390685498714447,0.0390685498714447,0,0,4,3,4,0.02131079,0.372329980134964,0.010242181,0,0,0,0,1,1,1,1
306-3,306,3,5,0,0,0.0390685498714447,0.0390685498714447,0,0,4,3,4,0.10681741,0.372329980134964,0.048115037,0,0,0,0,1,1,1,1
306-4,306,4,5,0,0,0.0390685498714447,0.0390685498714447,0,0,5,2,3,0.024655726,0.372329980134964,0.014808597,0,0,0,0,1,1,1,1
306-5,306,5,5,0,0,0.0390685498714447,0.0390685498714447,0,0,4,2,3,0.007851951,0.372329980134964,0.0051105595,0,0,0,0,1,1,1,1
306-6,306,6,5,0,0,0.0390685498714447,0.0390685498714447,0,0,4,3,2,0.10979805,0.372329980134964,0.053114448,0,0,0,0,1,1,1,1
306-7,306,7,5,0,0,0.0390685498714447,0.0390685498714447,0,0,4,2,2,0.08498552,0.372329980134964,0.0286802,0,0,0,0,1,1,1,1
306-8,306,8,5,0,0,0.0390685498714447,0.0390685498714447,0,0,3,3,2,0.037301682,0.372329980134964,0.0120015135,0,0,0,0,1,1,1,1
306-9,306,9,5,0,0,0.0390685498714447,0.0390685498714447,0,0,4,3,4,0.091617696,0.372329980134964,0.033104878,0,0,0,0,1,1,1,1
306-10,306,10,5,0,0,0.0390685498714447,0.0390685498714447,0,0,4,2,4,0.007849447,0.372329980134964,0.0057358537,0,0,0,0,1,1,1,1
306-11,306,11,5,0,0,0.0390685498714447,0.0390685498714447,0,0,5,3,4,0.019882986,0.372329980134964,0.009036901,0,0,0,0,1,1,1,1
306-12,306,12,5,0,0,0.0390685498714447,0.0390685498714447,0,0,4,2,4,0.07114249,0.372329980134964,0.02352946,0,0,0,0,1,1,1,1
307-0,307,0,3,0,1,0.5427058339118958,0.5427058339118958,1,1,4,2,4,0.22990203,0.4455930888652801,0.11167053,1,1,0,0,1,0,1,0
307-1,307,1,3,0,1,0.5427058339118958,0.5427058339118958,1,1,3,3,4,0.19754091,0.4455930888652801,0.091612376,1,1,0,0,1,0,1,0
307-2,307,2,3,1,0,0.4572941660881042,0.5427058339118958,1,0,3,3,4,0.05291671,0.4455930888652801,0.034606993,1,0,0,0,1,1,1,1
307-3,307,3,3,1,0,0.4572941660881042,0.5427058339118958,1,0,3,3,4,0.5549764,0.4455930888652801,0.29729715,1,0,1,0,1,1,1,0
307-4,307,4,3,1,0,0.4572941660881042,0.5427058339118958,1,0,5,3,3,0.055591907,0.4455930888652801,0.029518088,1,0,0,0,1,1,1,1
307-5,307,5,3,0,1,0.5427058339118958,0.5427058339118958,1,1,3,3,3,0.26642147,0.4455930888652801,0.16469203,1,1,0,0,1,0,1,0
307-6,307,6,3,1,0,0.4572941660881042,0.5427058339118958,1,0,4,3,2,0.040168162,0.4455930888652801,0.025939796,1,0,0,0,1,1,1,1
307-7,307,7,3,1,0,0.4572941660881042,0.5427058339118958,1,0,2,3,2,0.21045959,0.4455930888652801,0.13402168,1,0,0,0,1,1,1,1
307-8,307,8,3,1,0,0.4572941660881042,0.5427058339118958,1,0,2,3,2,0.066517934,0.4455930888652801,0.07063857,1,0,0,0,1,1,1,1
307-9,307,9,3,1,0,0.4572941660881042,0.5427058339118958,1,0,5,4,4,0.2007812,0.4455930888652801,0.101883605,1,0,0,0,1,1,1,1
307-10,307,10,3,0,1,0.5427058339118958,0.5427058339118958,1,1,3,3,4,0.042974,0.4455930888652801,0.030695163,1,1,0,0,1,0,1,0
307-11,307,11,3,1,0,0.4572941660881042,0.5427058339118958,1,0,3,3,4,0.06765928,0.4455930888652801,0.06521117,1,0,0,0,1,1,1,1
307-12,307,12,3,1,0,0.4572941660881042,0.5427058339118958,1,0,4,3,4,0.1573841,0.4455930888652801,0.088616185,1,0,0,0,1,1,1,1
308-0,308,0,3,0,0,0.0484879277646541,0.0484879277646541,0,0,4,2,4,0.14538637,0.4455930888652801,0.07088218,0,0,0,0,1,1,1,1
308-1,308,1,3,0,0,0.0484879277646541,0.0484879277646541,0,0,4,2,4,0.10936814,0.4455930888652801,0.045825347,0,0,0,0,1,1,1,1
308-2,308,2,3,0,0,0.0484879277646541,0.0484879277646541,0,0,3,3,4,0.039006803,0.4455930888652801,0.019491522,0,0,0,0,1,1,1,1
308-3,308,3,3,0,0,0.0484879277646541,0.0484879277646541,0,0,4,2,4,0.37463036,0.4455930888652801,0.14945945,0,0,0,0,1,1,1,1
308-4,308,4,3,0,0,0.0484879277646541,0.0484879277646541,0,0,5,2,3,0.03669154,0.4455930888652801,0.01484907,0,0,0,0,1,1,1,1
308-5,308,5,3,0,0,0.0484879277646541,0.0484879277646541,0,0,4,2,3,0.14603746,0.4455930888652801,0.07844925,0,0,0,0,1,1,1,1
308-6,308,6,3,0,0,0.0484879277646541,0.0484879277646541,0,0,4,3,2,0.029457582,0.4455930888652801,0.014681262,0,0,0,0,1,1,1,1
308-7,308,7,3,0,0,0.0484879277646541,0.0484879277646541,0,0,4,2,2,0.090895556,0.4455930888652801,0.040715314,0,0,0,0,1,1,1,1
308-8,308,8,3,0,0,0.0484879277646541,0.0484879277646541,0,0,3,3,2,0.033464972,0.4455930888652801,0.023609817,0,0,0,0,1,1,1,1
308-9,308,9,3,1,1,0.951512072235346,0.0484879277646541,0,1,4,4,4,0.2707065,0.4455930888652801,0.13063926,0,1,0,0,1,0,1,0
308-10,308,10,3,0,0,0.0484879277646541,0.0484879277646541,0,0,4,1,4,0.030479252,0.4455930888652801,0.016498307,0,0,0,0,1,1,1,1
308-11,308,11,3,0,0,0.0484879277646541,0.0484879277646541,0,0,5,2,4,0.02774616,0.4455930888652801,0.025948629,0,0,0,0,1,1,1,1
308-12,308,12,3,0,0,0.0484879277646541,0.0484879277646541,0,0,4,2,4,0.10111602,0.4455930888652801,0.044878174,0,0,0,0,1,1,1,1
309-0,309,0,2,0,1,0.9225709438323976,0.9225709438323976,1,1,4,2,4,0.2848169,0.4492360949516296,0.13438188,1,1,0,0,1,0,1,0
309-1,309,1,2,1,0,0.0774290561676024,0.9225709438323976,1,0,5,4,4,0.119902045,0.4492360949516296,0.051846348,1,0,0,0,1,1,1,1
309-2,309,2,2,1,0,0.0774290561676024,0.9225709438323976,1,0,4,4,4,0.24488877,0.4492360949516296,0.10187041,1,0,0,0,1,1,1,1
309-3,309,3,2,1,0,0.0774290561676024,0.9225709438323976,1,0,3,3,4,0.2819619,0.4492360949516296,0.10798612,1,0,0,0,1,1,1,1
309-4,309,4,2,1,0,0.0774290561676024,0.9225709438323976,1,0,4,4,3,0.054294873,0.4492360949516296,0.028606549,1,0,0,0,1,1,1,1
309-5,309,5,2,1,0,0.0774290561676024,0.9225709438323976,1,0,4,3,3,0.07027666,0.4492360949516296,0.043565158,1,0,0,0,1,1,1,1
309-6,309,6,2,1,0,0.0774290561676024,0.9225709438323976,1,0,4,3,2,0.03834855,0.4492360949516296,0.016911551,1,0,0,0,1,1,1,1
309-7,309,7,2,1,0,0.0774290561676024,0.9225709438323976,1,0,3,3,2,0.07015959,0.4492360949516296,0.03362293,1,0,0,0,1,1,1,1
309-8,309,8,2,1,0,0.0774290561676024,0.9225709438323976,1,0,2,3,2,0.27434042,0.4492360949516296,0.11861238,1,0,0,0,1,1,1,1
309-9,309,9,2,1,0,0.0774290561676024,0.9225709438323976,1,0,5,3,4,0.23612508,0.4492360949516296,0.09312689,1,0,0,0,1,1,1,1
309-10,309,10,2,1,0,0.0774290561676024,0.9225709438323976,1,0,4,3,4,0.0257391,0.4492360949516296,0.011469391,1,0,0,0,1,1,1,1
309-11,309,11,2,1,0,0.0774290561676024,0.9225709438323976,1,0,4,3,4,0.026247386,0.4492360949516296,0.011581615,1,0,0,0,1,1,1,1
309-12,309,12,2,1,0,0.0774290561676024,0.9225709438323976,1,0,4,3,4,0.09097391,0.4492360949516296,0.03456796,1,0,0,0,1,1,1,1
310-0,310,0,5,1,0,0.9962804247625172,0.0037195752374827,0,1,3,4,4,0.43228772,0.372329980134964,0.33757108,1,1,0,0,0,1,0,1
310-1,310,1,5,0,1,0.0037195752374827,0.0037195752374827,0,0,3,4,4,0.07431127,0.372329980134964,0.02834075,1,0,0,0,0,0,0,0
310-2,310,2,5,1,0,0.9962804247625172,0.0037195752374827,0,1,3,3,4,0.29348895,0.372329980134964,0.22570175,1,1,0,0,0,1,0,1
310-3,310,3,5,0,1,0.0037195752374827,0.0037195752374827,0,0,2,4,4,0.07472549,0.372329980134964,0.041228056,1,0,0,0,0,0,0,0
310-4,310,4,5,1,0,0.9962804247625172,0.0037195752374827,0,1,5,3,3,0.34618044,0.372329980134964,0.31080946,1,1,0,0,0,1,0,1
310-5,310,5,5,1,0,0.9962804247625172,0.0037195752374827,0,1,3,4,3,0.041532725,0.372329980134964,0.06463991,1,1,0,0,0,1,0,1
310-6,310,6,5,1,0,0.9962804247625172,0.0037195752374827,0,1,3,4,2,0.7539461,0.372329980134964,0.6255395,1,1,1,1,0,1,0,0
310-7,310,7,5,0,1,0.0037195752374827,0.0037195752374827,0,0,2,3,2,0.05818345,0.372329980134964,0.028666768,1,0,0,0,0,0,0,0
310-8,310,8,5,1,0,0.9962804247625172,0.0037195752374827,0,1,2,4,2,0.5047482,0.372329980134964,0.3195424,1,1,1,0,0,1,0,0
310-9,310,9,5,1,0,0.9962804247625172,0.0037195752374827,0,1,4,4,4,0.64407486,0.372329980134964,0.47301129,1,1,1,0,0,1,0,0
310-10,310,10,5,0,1,0.0037195752374827,0.0037195752374827,0,0,3,4,4,0.005468582,0.372329980134964,0.004846431,1,0,0,0,0,0,0,0
310-11,310,11,5,0,1,0.0037195752374827,0.0037195752374827,0,0,4,3,4,0.012265879,0.372329980134964,0.0072663575,1,0,0,0,0,0,0,0
310-12,310,12,5,1,0,0.9962804247625172,0.0037195752374827,0,1,2,3,4,0.6746268,0.372329980134964,0.46258384,1,1,1,0,0,1,0,0
311-0,311,0,2,0,0,0.0069602513685822,0.0069602513685822,0,0,3,3,4,0.026075236,0.4492360949516296,0.013044791,0,0,0,0,1,1,1,1
311-1,311,1,2,0,0,0.0069602513685822,0.0069602513685822,0,0,4,3,4,0.03403982,0.4492360949516296,0.018370919,0,0,0,0,1,1,1,1
311-2,311,2,2,1,1,0.9930397486314178,0.0069602513685822,0,1,4,3,4,0.84326136,0.4492360949516296,0.708695,0,1,1,1,1,0,1,1
311-3,311,3,2,0,0,0.0069602513685822,0.0069602513685822,0,0,4,3,4,0.06508291,0.4492360949516296,0.025901705,0,0,0,0,1,1,1,1
311-4,311,4,2,0,0,0.0069602513685822,0.0069602513685822,0,0,5,2,3,0.009593686,0.4492360949516296,0.0059258,0,0,0,0,1,1,1,1
311-5,311,5,2,0,0,0.0069602513685822,0.0069602513685822,0,0,4,2,3,0.011859294,0.4492360949516296,0.009812786,0,0,0,0,1,1,1,1
311-6,311,6,2,0,0,0.0069602513685822,0.0069602513685822,0,0,4,3,2,0.009367729,0.4492360949516296,0.0046036686,0,0,0,0,1,1,1,1
311-7,311,7,2,0,0,0.0069602513685822,0.0069602513685822,0,0,3,3,2,0.014192026,0.4492360949516296,0.008024146,0,0,0,0,1,1,1,1
311-8,311,8,2,0,0,0.0069602513685822,0.0069602513685822,0,0,3,3,2,0.06808972,0.4492360949516296,0.026920896,0,0,0,0,1,1,1,1
311-9,311,9,2,0,0,0.0069602513685822,0.0069602513685822,0,0,5,3,4,0.05854879,0.4492360949516296,0.02393503,0,0,0,0,1,1,1,1
311-10,311,10,2,0,0,0.0069602513685822,0.0069602513685822,0,0,4,2,4,0.0050277244,0.4492360949516296,0.0028904933,0,0,0,0,1,1,1,1
311-11,311,11,2,0,0,0.0069602513685822,0.0069602513685822,0,0,5,2,4,0.0049859234,0.4492360949516296,0.0027153548,0,0,0,0,1,1,1,1
311-12,311,12,2,0,0,0.0069602513685822,0.0069602513685822,0,0,4,3,4,0.018968066,0.4492360949516296,0.008812363,0,0,0,0,1,1,1,1
312-0,312,0,3,0,0,0.294883668422699,0.294883668422699,0,0,3,3,4,0.24735041,0.4455930888652801,0.13319573,0,0,0,0,1,1,1,1
312-1,312,1,3,0,0,0.294883668422699,0.294883668422699,0,0,4,2,4,0.1593705,0.4455930888652801,0.07570868,0,0,0,0,1,1,1,1
312-2,312,2,3,0,0,0.294883668422699,0.294883668422699,0,0,4,3,4,0.041788343,0.4455930888652801,0.023576166,0,0,0,0,1,1,1,1
312-3,312,3,3,0,0,0.294883668422699,0.294883668422699,0,0,4,3,4,0.49242872,0.4455930888652801,0.2340213,0,0,0,0,1,1,1,1
312-4,312,4,3,0,0,0.294883668422699,0.294883668422699,0,0,5,3,3,0.05737646,0.4455930888652801,0.026003668,0,0,0,0,1,1,1,1
312-5,312,5,3,0,0,0.294883668422699,0.294883668422699,0,0,4,2,3,0.21688566,0.4455930888652801,0.12851869,0,0,0,0,1,1,1,1
312-6,312,6,3,0,0,0.294883668422699,0.294883668422699,0,0,4,3,2,0.038111042,0.4455930888652801,0.020724708,0,0,0,0,1,1,1,1
312-7,312,7,3,0,0,0.294883668422699,0.294883668422699,0,0,3,3,2,0.16511478,0.4455930888652801,0.07601092,0,0,0,0,1,1,1,1
312-8,312,8,3,0,0,0.294883668422699,0.294883668422699,0,0,2,3,2,0.066802084,0.4455930888652801,0.05231141,0,0,0,0,1,1,1,1
312-9,312,9,3,0,0,0.294883668422699,0.294883668422699,0,0,5,3,4,0.20631765,0.4455930888652801,0.09461837,0,0,0,0,1,1,1,1
312-10,312,10,3,0,0,0.294883668422699,0.294883668422699,0,0,4,2,4,0.035541784,0.4455930888652801,0.026079476,0,0,0,0,1,1,1,1
312-11,312,11,3,0,0,0.294883668422699,0.294883668422699,0,0,5,2,4,0.04127977,0.4455930888652801,0.04059626,0,0,0,0,1,1,1,1
312-12,312,12,3,0,0,0.294883668422699,0.294883668422699,0,0,4,3,4,0.1498219,0.4455930888652801,0.074574284,0,0,0,0,1,1,1,1
313-0,313,0,4,1,0,0.0502886176109313,0.9497113823890686,1,0,4,3,4,0.08083471,0.5368138551712036,0.024125773,1,0,0,0,1,1,1,1
313-1,313,1,4,1,0,0.0502886176109313,0.9497113823890686,1,0,5,2,4,0.08119648,0.5368138551712036,0.027155982,1,0,0,0,1,1,1,1
313-2,313,2,4,1,0,0.0502886176109313,0.9497113823890686,1,0,4,3,4,0.31525752,0.5368138551712036,0.0892996,1,0,0,0,1,1,1,1
313-3,313,3,4,1,0,0.0502886176109313,0.9497113823890686,1,0,3,3,4,0.23760626,0.5368138551712036,0.063411884,1,0,0,0,1,1,1,1
313-4,313,4,4,1,0,0.0502886176109313,0.9497113823890686,1,0,5,2,3,0.03254308,0.5368138551712036,0.013247495,1,0,0,0,1,1,1,1
313-5,313,5,4,1,0,0.0502886176109313,0.9497113823890686,1,0,4,3,3,0.046067934,0.5368138551712036,0.021422021,1,0,0,0,1,1,1,1
313-6,313,6,4,1,0,0.0502886176109313,0.9497113823890686,1,0,4,4,2,0.09895522,0.5368138551712036,0.031196618,1,0,0,0,1,1,1,1
313-7,313,7,4,1,0,0.0502886176109313,0.9497113823890686,1,0,3,2,2,0.08739612,0.5368138551712036,0.032839946,1,0,0,0,1,1,1,1
313-8,313,8,4,1,0,0.0502886176109313,0.9497113823890686,1,0,3,3,2,0.1559787,0.5368138551712036,0.050066862,1,0,0,0,1,1,1,1
313-9,313,9,4,1,0,0.0502886176109313,0.9497113823890686,1,0,5,3,4,0.19698386,0.5368138551712036,0.06752391,1,0,0,0,1,1,1,1
313-10,313,10,4,1,0,0.0502886176109313,0.9497113823890686,1,0,3,3,4,0.051625736,0.5368138551712036,0.015274127,1,0,0,0,1,1,1,1
313-11,313,11,4,1,0,0.0502886176109313,0.9497113823890686,1,0,5,2,4,0.09127085,0.5368138551712036,0.030900557,1,0,0,0,1,1,1,1
313-12,313,12,4,1,0,0.0502886176109313,0.9497113823890686,1,0,5,3,4,0.099088244,0.5368138551712036,0.031109052,1,0,0,0,1,1,1,1
314-0,314,0,1,0,1,0.8750064373016357,0.8750064373016357,1,1,4,3,4,0.6036984,0.486357569694519,0.32721123,1,1,1,0,1,0,1,1
314-1,314,1,1,0,1,0.8750064373016357,0.8750064373016357,1,1,3,3,4,0.66234106,0.486357569694519,0.35232267,1,1,1,0,1,0,1,1
314-2,314,2,1,0,1,0.8750064373016357,0.8750064373016357,1,1,4,2,4,0.3949499,0.486357569694519,0.18320559,1,1,0,0,1,0,1,0
314-3,314,3,1,0,1,0.8750064373016357,0.8750064373016357,1,1,3,3,4,0.4777583,0.486357569694519,0.24696213,1,1,0,0,1,0,1,0
314-4,314,4,1,0,1,0.8750064373016357,0.8750064373016357,1,1,5,4,3,0.19113056,0.486357569694519,0.09463671,1,1,0,0,1,0,1,0
314-5,314,5,1,0,1,0.8750064373016357,0.8750064373016357,1,1,4,2,3,0.27178803,0.486357569694519,0.11781917,1,1,0,0,1,0,1,0
314-6,314,6,1,1,0,0.1249935626983642,0.8750064373016357,1,0,4,2,2,0.038053766,0.486357569694519,0.01403898,1,0,0,0,1,1,1,1
314-7,314,7,1,0,1,0.8750064373016357,0.8750064373016357,1,1,3,3,2,0.40409172,0.486357569694519,0.18071032,1,1,0,0,1,0,1,0
314-8,314,8,1,0,1,0.8750064373016357,0.8750064373016357,1,1,3,3,2,0.21708596,0.486357569694519,0.101165496,1,1,0,0,1,0,1,0
314-9,314,9,1,0,1,0.8750064373016357,0.8750064373016357,1,1,4,3,4,0.60714054,0.486357569694519,0.30245537,1,1,1,0,1,0,1,1
314-10,314,10,1,1,0,0.1249935626983642,0.8750064373016357,1,0,4,2,4,0.029095491,0.486357569694519,0.010720558,1,0,0,0,1,1,1,1
314-11,314,11,1,0,1,0.8750064373016357,0.8750064373016357,1,1,5,3,4,0.34216624,0.486357569694519,0.15915646,1,1,0,0,1,0,1,0
314-12,314,12,1,1,0,0.1249935626983642,0.8750064373016357,1,0,4,3,4,0.058102846,0.486357569694519,0.02395113,1,0,0,0,1,1,1,1
315-0,315,0,2,1,0,0.0074586868286131,0.9925413131713868,1,0,4,4,4,0.016828908,0.4492360949516296,0.0099248905,1,0,0,0,1,1,1,1
315-1,315,1,2,1,0,0.0074586868286131,0.9925413131713868,1,0,4,4,4,0.023416394,0.4492360949516296,0.015258806,1,0,0,0,1,1,1,1
315-2,315,2,2,1,0,0.0074586868286131,0.9925413131713868,1,0,3,4,4,0.0441174,0.4492360949516296,0.023576947,1,0,0,0,1,1,1,1
315-3,315,3,2,1,0,0.0074586868286131,0.9925413131713868,1,0,1,4,4,0.050457228,0.4492360949516296,0.023974117,1,0,0,0,1,1,1,1
315-4,315,4,2,1,0,0.0074586868286131,0.9925413131713868,1,0,5,4,3,0.0071794954,0.4492360949516296,0.004756184,1,0,0,0,1,1,1,1
315-5,315,5,2,1,0,0.0074586868286131,0.9925413131713868,1,0,4,3,3,0.008919132,0.4492360949516296,0.008177531,1,0,0,0,1,1,1,1
315-6,315,6,2,1,0,0.0074586868286131,0.9925413131713868,1,0,3,4,2,0.0075830165,0.4492360949516296,0.0039948407,1,0,0,0,1,1,1,1
315-7,315,7,2,1,0,0.0074586868286131,0.9925413131713868,1,0,3,3,2,0.009891781,0.4492360949516296,0.0064400514,1,0,0,0,1,1,1,1
315-8,315,8,2,1,0,0.0074586868286131,0.9925413131713868,1,0,3,4,2,0.051603187,0.4492360949516296,0.02770073,1,0,0,0,1,1,1,1
315-9,315,9,2,1,0,0.0074586868286131,0.9925413131713868,1,0,5,3,4,0.046800736,0.4492360949516296,0.022739226,1,0,0,0,1,1,1,1
315-10,315,10,2,1,0,0.0074586868286131,0.9925413131713868,1,0,4,3,4,0.0039271037,0.4492360949516296,0.0024423166,1,0,0,0,1,1,1,1
315-11,315,11,2,1,0,0.0074586868286131,0.9925413131713868,1,0,2,4,4,0.0050006686,0.4492360949516296,0.0030415836,1,0,0,0,1,1,1,1
315-12,315,12,2,1,0,0.0074586868286131,0.9925413131713868,1,0,4,4,4,0.012875403,0.4492360949516296,0.0070682415,1,0,0,0,1,1,1,1
316-0,316,0,2,1,0,0.0543222427368164,0.9456777572631836,1,0,4,3,4,0.08757136,0.4492360949516296,0.029947003,1,0,0,0,1,1,1,1
316-1,316,1,2,1,0,0.0543222427368164,0.9456777572631836,1,0,4,4,4,0.13315322,0.4492360949516296,0.050577823,1,0,0,0,1,1,1,1
316-2,316,2,2,1,0,0.0543222427368164,0.9456777572631836,1,0,4,3,4,0.18523067,0.4492360949516296,0.06466415,1,0,0,0,1,1,1,1
316-3,316,3,2,1,0,0.0543222427368164,0.9456777572631836,1,0,4,2,4,0.19400345,0.4492360949516296,0.060700774,1,0,0,0,1,1,1,1
316-4,316,4,2,1,0,0.0543222427368164,0.9456777572631836,1,0,5,3,3,0.030453743,0.4492360949516296,0.012439458,1,0,0,0,1,1,1,1
316-5,316,5,2,1,0,0.0543222427368164,0.9456777572631836,1,0,4,3,3,0.05133851,0.4492360949516296,0.026949693,1,0,0,0,1,1,1,1
316-6,316,6,2,1,0,0.0543222427368164,0.9456777572631836,1,0,4,3,2,0.030040722,0.4492360949516296,0.010811796,1,0,0,0,1,1,1,1
316-7,316,7,2,1,0,0.0543222427368164,0.9456777572631836,1,0,3,3,2,0.051251203,0.4492360949516296,0.020206643,1,0,0,0,1,1,1,1
316-8,316,8,2,1,0,0.0543222427368164,0.9456777572631836,1,0,3,3,2,0.20121287,0.4492360949516296,0.062932156,1,0,0,0,1,1,1,1
316-9,316,9,2,1,0,0.0543222427368164,0.9456777572631836,1,0,5,3,4,0.18411678,0.4492360949516296,0.061054215,1,0,0,0,1,1,1,1
316-10,316,10,2,1,0,0.0543222427368164,0.9456777572631836,1,0,4,2,4,0.01860298,0.4492360949516296,0.0072352597,1,0,0,0,1,1,1,1
316-11,316,11,2,1,0,0.0543222427368164,0.9456777572631836,1,0,5,2,4,0.015199766,0.4492360949516296,0.005768401,1,0,0,0,1,1,1,1
316-12,316,12,2,1,0,0.0543222427368164,0.9456777572631836,1,0,5,3,4,0.056228336,0.4492360949516296,0.016568802,1,0,0,0,1,1,1,1
317-0,317,0,1,1,0,0.1359865665435791,0.8640134334564209,1,0,4,3,4,0.147801,0.486357569694519,0.055203836,1,0,0,0,1,1,1,1
317-1,317,1,1,1,0,0.1359865665435791,0.8640134334564209,1,0,4,4,4,0.12727025,0.486357569694519,0.053656537,1,0,0,0,1,1,1,1
317-2,317,2,1,1,0,0.1359865665435791,0.8640134334564209,1,0,4,3,4,0.06966418,0.486357569694519,0.030421294,1,0,0,0,1,1,1,1
317-3,317,3,1,1,0,0.1359865665435791,0.8640134334564209,1,0,4,3,4,0.0884652,0.486357569694519,0.034798793,1,0,0,0,1,1,1,1
317-4,317,4,1,1,0,0.1359865665435791,0.8640134334564209,1,0,5,4,3,0.024817275,0.486357569694519,0.01398091,1,0,0,0,1,1,1,1
317-5,317,5,1,1,0,0.1359865665435791,0.8640134334564209,1,0,4,3,3,0.0397799,0.486357569694519,0.018553918,1,0,0,0,1,1,1,1
317-6,317,6,1,1,0,0.1359865665435791,0.8640134334564209,1,0,4,3,2,0.038441457,0.486357569694519,0.01486661,1,0,0,0,1,1,1,1
317-7,317,7,1,1,0,0.1359865665435791,0.8640134334564209,1,0,3,3,2,0.06139733,0.486357569694519,0.026265299,1,0,0,0,1,1,1,1
317-8,317,8,1,1,0,0.1359865665435791,0.8640134334564209,1,0,3,3,2,0.0363428,0.486357569694519,0.013920733,1,0,0,0,1,1,1,1
317-9,317,9,1,1,0,0.1359865665435791,0.8640134334564209,1,0,4,3,4,0.13408117,0.486357569694519,0.05093975,1,0,0,0,1,1,1,1
317-10,317,10,1,1,0,0.1359865665435791,0.8640134334564209,1,0,3,3,4,0.029031092,0.486357569694519,0.011320754,1,0,0,0,1,1,1,1
317-11,317,11,1,1,0,0.1359865665435791,0.8640134334564209,1,0,5,2,4,0.061174918,0.486357569694519,0.028434636,1,0,0,0,1,1,1,1
317-12,317,12,1,1,0,0.1359865665435791,0.8640134334564209,1,0,4,3,4,0.056332387,0.486357569694519,0.02395113,1,0,0,0,1,1,1,1
318-0,318,0,1,0,0,0.6327856779098511,0.6327856779098511,1,1,4,2,4,0.4782423,0.486357569694519,0.2226502,0,1,0,0,0,1,0,1
318-1,318,1,1,0,0,0.6327856779098511,0.6327856779098511,1,1,5,2,4,0.42998442,0.486357569694519,0.17709868,0,1,0,0,0,1,0,1
318-2,318,2,1,0,0,0.6327856779098511,0.6327856779098511,1,1,3,3,4,0.35555917,0.486357569694519,0.16283096,0,1,0,0,0,1,0,1
318-3,318,3,1,0,0,0.6327856779098511,0.6327856779098511,1,1,5,1,4,0.26572764,0.486357569694519,0.12300067,0,1,0,0,0,1,0,1
318-4,318,4,1,0,0,0.6327856779098511,0.6327856779098511,1,1,5,2,3,0.11855553,0.486357569694519,0.060089666,0,1,0,0,0,1,0,1
318-5,318,5,1,0,0,0.6327856779098511,0.6327856779098511,1,1,4,2,3,0.19454657,0.486357569694519,0.08101041,0,1,0,0,0,1,0,1
318-6,318,6,1,0,0,0.6327856779098511,0.6327856779098511,1,1,5,3,2,0.13155021,0.486357569694519,0.061535593,0,1,0,0,0,1,0,1
318-7,318,7,1,0,0,0.6327856779098511,0.6327856779098511,1,1,3,3,2,0.29290885,0.486357569694519,0.12764901,0,1,0,0,0,1,0,1
318-8,318,8,1,0,0,0.6327856779098511,0.6327856779098511,1,1,3,3,2,0.14314081,0.486357569694519,0.067893915,0,1,0,0,0,1,0,1
318-9,318,9,1,0,0,0.6327856779098511,0.6327856779098511,1,1,4,3,4,0.49892586,0.486357569694519,0.21107192,0,1,0,0,0,1,0,1
318-10,318,10,1,0,0,0.6327856779098511,0.6327856779098511,1,1,4,2,4,0.050167367,0.486357569694519,0.031232113,0,1,0,0,0,1,0,1
318-11,318,11,1,0,0,0.6327856779098511,0.6327856779098511,1,1,5,2,4,0.25398618,0.486357569694519,0.11191534,0,1,0,0,0,1,0,1
318-12,318,12,1,0,0,0.6327856779098511,0.6327856779098511,1,1,4,3,4,0.21966492,0.486357569694519,0.10609549,0,1,0,0,0,1,0,1
319-0,319,0,2,0,0,0.0320249125361442,0.0320249125361442,0,0,4,3,4,0.04128174,0.4492360949516296,0.015985105,0,0,0,0,1,1,1,1
319-1,319,1,2,0,0,0.0320249125361442,0.0320249125361442,0,0,4,2,4,0.055343386,0.4492360949516296,0.023472996,0,0,0,0,1,1,1,1
319-2,319,2,2,0,0,0.0320249125361442,0.0320249125361442,0,0,4,3,4,0.1022713,0.4492360949516296,0.03558972,0,0,0,0,1,1,1,1
319-3,319,3,2,0,0,0.0320249125361442,0.0320249125361442,0,0,4,3,4,0.10524426,0.4492360949516296,0.032914154,0,0,0,0,1,1,1,1
319-4,319,4,2,0,0,0.0320249125361442,0.0320249125361442,0,0,5,2,3,0.013887431,0.4492360949516296,0.0068542995,0,0,0,0,1,1,1,1
319-5,319,5,2,0,0,0.0320249125361442,0.0320249125361442,0,0,4,2,3,0.021876603,0.4492360949516296,0.013226903,0,0,0,0,1,1,1,1
319-6,319,6,2,0,0,0.0320249125361442,0.0320249125361442,0,0,4,3,2,0.017807834,0.4492360949516296,0.0063506793,0,0,0,0,1,1,1,1
319-7,319,7,2,0,0,0.0320249125361442,0.0320249125361442,0,0,3,3,2,0.024555419,0.4492360949516296,0.010612803,0,0,0,0,1,1,1,1
319-8,319,8,2,0,0,0.0320249125361442,0.0320249125361442,0,0,3,3,2,0.10973421,0.4492360949516296,0.03538839,0,0,0,0,1,1,1,1
319-9,319,9,2,0,0,0.0320249125361442,0.0320249125361442,0,0,4,3,4,0.099555075,0.4492360949516296,0.034613613,0,0,0,0,1,1,1,1
319-10,319,10,2,0,0,0.0320249125361442,0.0320249125361442,0,0,4,2,4,0.009189885,0.4492360949516296,0.003989992,0,0,0,0,1,1,1,1
319-11,319,11,2,0,0,0.0320249125361442,0.0320249125361442,0,0,5,2,4,0.0075892312,0.4492360949516296,0.0032742897,0,0,0,0,1,1,1,1
319-12,319,12,2,0,0,0.0320249125361442,0.0320249125361442,0,0,4,3,4,0.032703362,0.4492360949516296,0.01165233,0,0,0,0,1,1,1,1
320-0,320,0,4,0,0,0.8697506785392761,0.8697506785392761,1,1,4,3,4,0.2887117,0.5368138551712036,0.15409237,0,1,0,0,0,1,0,1
320-1,320,1,4,1,1,0.1302493214607238,0.8697506785392761,1,0,3,4,4,0.087547116,0.5368138551712036,0.032188166,0,0,0,0,0,0,0,0
320-2,320,2,4,0,0,0.8697506785392761,0.8697506785392761,1,1,4,2,4,0.6933414,0.5368138551712036,0.38213593,0,1,1,0,0,1,0,0
320-3,320,3,4,0,0,0.8697506785392761,0.8697506785392761,1,1,3,3,4,0.5874005,0.5368138551712036,0.3345033,0,1,1,0,0,1,0,0
320-4,320,4,4,1,1,0.1302493214607238,0.8697506785392761,1,0,5,4,3,0.025395824,0.5368138551712036,0.010880963,0,0,0,0,0,0,0,0
320-5,320,5,4,0,0,0.8697506785392761,0.8697506785392761,1,1,4,3,3,0.2087442,0.5368138551712036,0.13387942,0,1,0,0,0,1,0,1
320-6,320,6,4,1,1,0.1302493214607238,0.8697506785392761,1,0,2,4,2,0.07745641,0.5368138551712036,0.027172044,0,0,0,0,0,0,0,0
320-7,320,7,4,1,1,0.1302493214607238,0.8697506785392761,1,0,2,3,2,0.07294995,0.5368138551712036,0.02999146,0,0,0,0,0,0,0,0
320-8,320,8,4,0,0,0.8697506785392761,0.8697506785392761,1,1,3,3,2,0.5001091,0.5368138551712036,0.28099343,0,1,1,0,0,1,0,0
320-9,320,9,4,1,1,0.1302493214607238,0.8697506785392761,1,0,5,2,4,0.12811074,0.5368138551712036,0.044568885,0,0,0,0,0,0,0,0
320-10,320,10,4,0,0,0.8697506785392761,0.8697506785392761,1,1,4,2,4,0.08985938,0.5368138551712036,0.064387694,0,1,0,0,0,1,0,1
320-11,320,11,4,0,0,0.8697506785392761,0.8697506785392761,1,1,4,3,4,0.4086319,0.5368138551712036,0.23571202,0,1,0,0,0,1,0,1
320-12,320,12,4,0,0,0.8697506785392761,0.8697506785392761,1,1,3,3,4,0.43524978,0.5368138551712036,0.24395871,0,1,0,0,0,1,0,1
321-0,321,0,4,0,1,0.0203916635364294,0.0203916635364294,0,0,4,3,4,0.03952128,0.5368138551712036,0.013203368,1,0,0,0,0,0,0,0
321-1,321,1,4,1,0,0.9796083364635706,0.0203916635364294,0,1,4,4,4,0.47786334,0.5368138551712036,0.25260922,1,1,0,0,0,1,0,1
321-2,321,2,4,1,0,0.9796083364635706,0.0203916635364294,0,1,4,3,4,0.7770541,0.5368138551712036,0.47479126,1,1,1,0,0,1,0,0
321-3,321,3,4,1,0,0.9796083364635706,0.0203916635364294,0,1,4,4,4,0.61796695,0.5368138551712036,0.34347585,1,1,1,0,0,1,0,0
321-4,321,4,4,1,0,0.9796083364635706,0.0203916635364294,0,1,4,4,3,0.28169706,0.5368138551712036,0.159066,1,1,0,0,0,1,0,1
321-5,321,5,4,1,0,0.9796083364635706,0.0203916635364294,0,1,4,3,3,0.25825715,0.5368138551712036,0.16572022,1,1,0,0,0,1,0,1
321-6,321,6,4,1,0,0.9796083364635706,0.0203916635364294,0,1,4,3,2,0.38658258,0.5368138551712036,0.20740788,1,1,0,0,0,1,0,1
321-7,321,7,4,1,0,0.9796083364635706,0.0203916635364294,0,1,3,3,2,0.43876892,0.5368138551712036,0.24471682,1,1,0,0,0,1,0,1
321-8,321,8,4,1,0,0.9796083364635706,0.0203916635364294,0,1,3,3,2,0.5480024,0.5368138551712036,0.3214212,1,1,1,0,0,1,0,0
321-9,321,9,4,1,0,0.9796083364635706,0.0203916635364294,0,1,4,4,4,0.7071987,0.5368138551712036,0.4593745,1,1,1,0,0,1,0,0
321-10,321,10,4,1,0,0.9796083364635706,0.0203916635364294,0,1,4,3,4,0.14005986,0.5368138551712036,0.0844049,1,1,0,0,0,1,0,1
321-11,321,11,4,1,0,0.9796083364635706,0.0203916635364294,0,1,5,2,4,0.34041294,0.5368138551712036,0.14241807,1,1,0,0,0,1,0,1
321-12,321,12,4,1,0,0.9796083364635706,0.0203916635364294,0,1,4,3,4,0.44112965,0.5368138551712036,0.23964989,1,1,0,0,0,1,0,1
322-0,322,0,2,0,0,0.7780933976173401,0.7780933976173401,1,1,4,3,4,0.2551766,0.4492360949516296,0.12035093,0,1,0,0,0,1,0,1
322-1,322,1,2,0,0,0.7780933976173401,0.7780933976173401,1,1,4,3,4,0.3808904,0.4492360949516296,0.20992647,0,1,0,0,0,1,0,1
322-2,322,2,2,1,1,0.2219066023826599,0.7780933976173401,1,0,3,3,4,0.33398423,0.4492360949516296,0.12675403,0,0,0,0,0,0,0,0
322-3,322,3,2,0,0,0.7780933976173401,0.7780933976173401,1,1,4,3,4,0.52670056,0.4492360949516296,0.2328001,0,1,1,0,0,1,0,0
322-4,322,4,2,0,0,0.7780933976173401,0.7780933976173401,1,1,5,3,3,0.12923466,0.4492360949516296,0.052674856,0,1,0,0,0,1,0,1
322-5,322,5,2,0,0,0.7780933976173401,0.7780933976173401,1,1,4,3,3,0.20743462,0.4492360949516296,0.1277706,0,1,0,0,0,1,0,1
322-6,322,6,2,1,1,0.2219066023826599,0.7780933976173401,1,0,3,4,2,0.05823736,0.4492360949516296,0.021869987,0,0,0,0,0,0,0,0
322-7,322,7,2,0,0,0.7780933976173401,0.7780933976173401,1,1,3,3,2,0.20303287,0.4492360949516296,0.09733358,0,1,0,0,0,1,0,1
322-8,322,8,2,0,0,0.7780933976173401,0.7780933976173401,1,1,3,3,2,0.5491244,0.4492360949516296,0.25654644,0,1,1,0,0,1,0,0
322-9,322,9,2,1,1,0.2219066023826599,0.7780933976173401,1,0,5,4,4,0.26761162,0.4492360949516296,0.09652084,0,0,0,0,0,0,0,0
322-10,322,10,2,0,0,0.7780933976173401,0.7780933976173401,1,1,4,3,4,0.054869868,0.4492360949516296,0.026376786,0,1,0,0,0,1,0,1
322-11,322,11,2,0,0,0.7780933976173401,0.7780933976173401,1,1,5,2,4,0.040025037,0.4492360949516296,0.020220932,0,1,0,0,0,1,0,1
322-12,322,12,2,0,0,0.7780933976173401,0.7780933976173401,1,1,4,3,4,0.21039182,0.4492360949516296,0.0941551,0,1,0,0,0,1,0,1
323-0,323,0,5,1,0,0.0019115805625915,0.9980884194374084,1,0,4,3,4,0.037198197,0.372329980134964,0.019317027,1,0,0,0,1,1,1,1
323-1,323,1,5,1,0,0.0019115805625915,0.9980884194374084,1,0,4,3,4,0.09804175,0.372329980134964,0.042833485,1,0,0,0,1,1,1,1
323-2,323,2,5,1,0,0.0019115805625915,0.9980884194374084,1,0,4,3,4,0.017522719,0.372329980134964,0.012826164,1,0,0,0,1,1,1,1
323-3,323,3,5,1,0,0.0019115805625915,0.9980884194374084,1,0,3,3,4,0.116171196,0.372329980134964,0.072869875,1,0,0,0,1,1,1,1
323-4,323,4,5,1,0,0.0019115805625915,0.9980884194374084,1,0,5,3,3,0.030414693,0.372329980134964,0.023095142,1,0,0,0,1,1,1,1
323-5,323,5,5,1,0,0.0019115805625915,0.9980884194374084,1,0,4,3,3,0.009351759,0.372329980134964,0.0071266936,1,0,0,0,1,1,1,1
323-6,323,6,5,1,0,0.0019115805625915,0.9980884194374084,1,0,3,4,2,0.1409203,0.372329980134964,0.07917477,1,0,0,0,1,1,1,1
323-7,323,7,5,1,0,0.0019115805625915,0.9980884194374084,1,0,3,3,2,0.10108368,0.372329980134964,0.041731376,1,0,0,0,1,1,1,1
323-8,323,8,5,1,0,0.0019115805625915,0.9980884194374084,1,0,2,3,2,0.04599294,0.372329980134964,0.018402375,1,0,0,0,1,1,1,1
323-9,323,9,5,1,0,0.0019115805625915,0.9980884194374084,1,0,5,3,4,0.08984555,0.372329980134964,0.042137653,1,0,0,0,1,1,1,1
323-10,323,10,5,1,0,0.0019115805625915,0.9980884194374084,1,0,3,3,4,0.011325356,0.372329980134964,0.009347744,1,0,0,0,1,1,1,1
323-11,323,11,5,1,0,0.0019115805625915,0.9980884194374084,1,0,5,2,4,0.016055409,0.372329980134964,0.011861211,1,0,0,0,1,1,1,1
323-12,323,12,5,1,0,0.0019115805625915,0.9980884194374084,1,0,2,3,4,0.10858182,0.372329980134964,0.040911935,1,0,0,0,1,1,1,1
324-0,324,0,4,0,1,0.3994639813899994,0.3994639813899994,0,0,4,3,4,0.1426769,0.5368138551712036,0.049765635,1,0,0,0,0,0,0,0
324-1,324,1,4,0,1,0.3994639813899994,0.3994639813899994,0,0,4,2,4,0.20378228,0.5368138551712036,0.07116893,1,0,0,0,0,0,0,0
324-2,324,2,4,0,1,0.3994639813899994,0.3994639813899994,0,0,4,3,4,0.5082239,0.5368138551712036,0.17739372,1,0,1,0,0,0,0,1
324-3,324,3,4,0,1,0.3994639813899994,0.3994639813899994,0,0,4,2,4,0.31883872,0.5368138551712036,0.10602817,1,0,0,0,0,0,0,0
324-4,324,4,4,0,1,0.3994639813899994,0.3994639813899994,0,0,4,3,3,0.0871448,0.5368138551712036,0.0363684,1,0,0,0,0,0,0,0
324-5,324,5,4,0,1,0.3994639813899994,0.3994639813899994,0,0,4,2,3,0.09039922,0.5368138551712036,0.04283011,1,0,0,0,0,0,0,0
324-6,324,6,4,0,1,0.3994639813899994,0.3994639813899994,0,0,4,3,2,0.16022721,0.5368138551712036,0.061445784,1,0,0,0,0,0,0,0
324-7,324,7,4,0,1,0.3994639813899994,0.3994639813899994,0,0,3,3,2,0.20342694,0.5368138551712036,0.08789119,1,0,0,0,0,0,0,0
324-8,324,8,4,0,1,0.3994639813899994,0.3994639813899994,0,0,2,3,2,0.3143674,0.5368138551712036,0.1535989,1,0,0,0,0,0,0,0
324-9,324,9,4,0,1,0.3994639813899994,0.3994639813899994,0,0,4,3,4,0.39808595,0.5368138551712036,0.148454,1,0,0,0,0,0,0,0
324-10,324,10,4,0,1,0.3994639813899994,0.3994639813899994,0,0,4,2,4,0.04437488,0.5368138551712036,0.023690442,1,0,0,0,0,0,0,0
324-11,324,11,4,0,1,0.3994639813899994,0.3994639813899994,0,0,5,2,4,0.16372068,0.5368138551712036,0.06272878,1,0,0,0,0,0,0,0
324-12,324,12,4,0,1,0.3994639813899994,0.3994639813899994,0,0,4,3,4,0.19595553,0.5368138551712036,0.079646535,1,0,0,0,0,0,0,0
325-0,325,0,2,1,0,0.2069935202598571,0.7930064797401428,1,0,4,3,4,0.13896014,0.4492360949516296,0.047887765,1,0,0,0,1,1,1,1
325-1,325,1,2,1,0,0.2069935202598571,0.7930064797401428,1,0,3,4,4,0.24400443,0.4492360949516296,0.10771668,1,0,0,0,1,1,1,1
325-2,325,2,2,1,0,0.2069935202598571,0.7930064797401428,1,0,4,3,4,0.28482234,0.4492360949516296,0.10668638,1,0,0,0,1,1,1,1
325-3,325,3,2,1,0,0.2069935202598571,0.7930064797401428,1,0,3,3,4,0.33300582,0.4492360949516296,0.11589403,1,0,0,0,1,1,1,1
325-4,325,4,2,1,0,0.2069935202598571,0.7930064797401428,1,0,5,3,3,0.048194516,0.4492360949516296,0.02076185,1,0,0,0,1,1,1,1
325-5,325,5,2,1,0,0.2069935202598571,0.7930064797401428,1,0,4,3,3,0.090314366,0.4492360949516296,0.05169431,1,0,0,0,1,1,1,1
325-6,325,6,2,1,0,0.2069935202598571,0.7930064797401428,1,0,4,4,2,0.048138063,0.4492360949516296,0.018362455,1,0,0,0,1,1,1,1
325-7,325,7,2,1,0,0.2069935202598571,0.7930064797401428,1,0,3,3,2,0.09279974,0.4492360949516296,0.039232068,1,0,0,0,1,1,1,1
325-8,325,8,2,1,0,0.2069935202598571,0.7930064797401428,1,0,3,3,2,0.3260565,0.4492360949516296,0.11596616,1,0,0,0,1,1,1,1
325-9,325,9,2,1,0,0.2069935202598571,0.7930064797401428,1,0,5,3,4,0.24700546,0.4492360949516296,0.08820966,1,0,0,0,1,1,1,1
325-10,325,10,2,1,0,0.2069935202598571,0.7930064797401428,1,0,4,1,4,0.023530966,0.4492360949516296,0.010326807,1,0,0,0,1,1,1,1
325-11,325,11,2,1,0,0.2069935202598571,0.7930064797401428,1,0,5,2,4,0.020226581,0.4492360949516296,0.008619593,1,0,0,0,1,1,1,1
325-12,325,12,2,1,0,0.2069935202598571,0.7930064797401428,1,0,5,3,4,0.08839236,0.4492360949516296,0.027623758,1,0,0,0,1,1,1,1
326-0,326,0,4,1,0,0.8267186284065247,0.1732813715934753,0,1,4,3,4,0.26339716,0.5368138551712036,0.13009211,1,1,0,0,0,1,0,1
326-1,326,1,4,1,0,0.8267186284065247,0.1732813715934753,0,1,4,4,4,0.3772572,0.5368138551712036,0.1844082,1,1,0,0,0,1,0,1
326-2,326,2,4,1,0,0.8267186284065247,0.1732813715934753,0,1,4,4,4,0.69761765,0.5368138551712036,0.37685046,1,1,1,0,0,1,0,0
326-3,326,3,4,1,0,0.8267186284065247,0.1732813715934753,0,1,1,4,4,0.57277477,0.5368138551712036,0.38251692,1,1,1,0,0,1,0,0
326-4,326,4,4,1,0,0.8267186284065247,0.1732813715934753,0,1,5,4,3,0.12752168,0.5368138551712036,0.05862114,1,1,0,0,0,1,0,1
326-5,326,5,4,1,0,0.8267186284065247,0.1732813715934753,0,1,4,3,3,0.18976086,0.5368138551712036,0.117296465,1,1,0,0,0,1,0,1
326-6,326,6,4,1,0,0.8267186284065247,0.1732813715934753,0,1,3,3,2,0.30777466,0.5368138551712036,0.16934459,1,1,0,0,0,1,0,1
326-7,326,7,4,0,1,0.1732813715934753,0.1732813715934753,0,0,2,3,2,0.058505185,0.5368138551712036,0.024584748,1,0,0,0,0,0,0,0
326-8,326,8,4,1,0,0.8267186284065247,0.1732813715934753,0,1,2,4,2,0.52586323,0.5368138551712036,0.36161754,1,1,1,0,0,1,0,0
326-9,326,9,4,1,0,0.8267186284065247,0.1732813715934753,0,1,4,4,4,0.5961943,0.5368138551712036,0.33098766,1,1,1,0,0,1,0,0
326-10,326,10,4,1,0,0.8267186284065247,0.1732813715934753,0,1,3,4,4,0.100934535,0.5368138551712036,0.08145708,1,1,0,0,0,1,0,1
326-11,326,11,4,1,0,0.8267186284065247,0.1732813715934753,0,1,5,2,4,0.2553051,0.5368138551712036,0.121963605,1,1,0,0,0,1,0,1
326-12,326,12,4,1,0,0.8267186284065247,0.1732813715934753,0,1,4,3,4,0.35264036,0.5368138551712036,0.18548182,1,1,0,0,0,1,0,1
327-0,327,0,4,0,0,0.3642159402370453,0.3642159402370453,0,0,4,3,4,0.1426769,0.5368138551712036,0.04730489,0,0,0,0,1,1,1,1
327-1,327,1,4,0,0,0.3642159402370453,0.3642159402370453,0,0,4,2,4,0.20378228,0.5368138551712036,0.06772529,0,0,0,0,1,1,1,1
327-2,327,2,4,0,0,0.3642159402370453,0.3642159402370453,0,0,4,3,4,0.5082239,0.5368138551712036,0.16974957,0,0,1,0,1,1,1,0
327-3,327,3,4,0,0,0.3642159402370453,0.3642159402370453,0,0,3,3,4,0.37279806,0.5368138551712036,0.12591365,0,0,0,0,1,1,1,1
327-4,327,4,4,0,0,0.3642159402370453,0.3642159402370453,0,0,5,2,3,0.06499192,0.5368138551712036,0.024510477,0,0,0,0,1,1,1,1
327-5,327,5,4,0,0,0.3642159402370453,0.3642159402370453,0,0,4,2,3,0.09039922,0.5368138551712036,0.04069762,0,0,0,0,1,1,1,1
327-6,327,6,4,0,0,0.3642159402370453,0.3642159402370453,0,0,4,3,2,0.16375872,0.5368138551712036,0.061979808,0,0,0,0,1,1,1,1
327-7,327,7,4,0,0,0.3642159402370453,0.3642159402370453,0,0,3,3,2,0.20106468,0.5368138551712036,0.08436269,0,0,0,0,1,1,1,1
327-8,327,8,4,0,0,0.3642159402370453,0.3642159402370453,0,0,2,3,2,0.31122017,0.5368138551712036,0.14786014,0,0,0,0,1,1,1,1
327-9,327,9,4,0,0,0.3642159402370453,0.3642159402370453,0,0,4,3,4,0.39808595,0.5368138551712036,0.14184187,0,0,0,0,1,1,1,1
327-10,327,10,4,0,0,0.3642159402370453,0.3642159402370453,0,0,4,2,4,0.04437488,0.5368138551712036,0.02197679,0,0,0,0,1,1,1,1
327-11,327,11,4,1,1,0.6357840597629547,0.3642159402370453,0,1,3,3,4,0.21234329,0.5368138551712036,0.08719976,0,1,0,0,1,0,1,0
327-12,327,12,4,0,0,0.3642159402370453,0.3642159402370453,0,0,4,3,4,0.19595553,0.5368138551712036,0.074192874,0,0,0,0,1,1,1,1
328-0,328,0,4,0,0,0.1405708491802215,0.1405708491802215,0,0,4,2,4,0.039667875,0.5368138551712036,0.013374482,0,0,0,0,1,1,1,1
328-1,328,1,4,0,0,0.1405708491802215,0.1405708491802215,0,0,4,2,4,0.054375615,0.5368138551712036,0.02054419,0,0,0,0,1,1,1,1
328-2,328,2,4,0,0,0.1405708491802215,0.1405708491802215,0,0,4,2,4,0.17648098,0.5368138551712036,0.051648784,0,0,0,0,1,1,1,1
328-3,328,3,4,0,0,0.1405708491802215,0.1405708491802215,0,0,4,2,4,0.11368484,0.5368138551712036,0.032788556,0,0,0,0,1,1,1,1
328-4,328,4,4,0,0,0.1405708491802215,0.1405708491802215,0,0,5,2,3,0.01771834,0.5368138551712036,0.00784677,0,0,0,0,1,1,1,1
328-5,328,5,4,0,0,0.1405708491802215,0.1405708491802215,0,0,4,3,3,0.025590802,0.5368138551712036,0.013786505,0,0,0,0,1,1,1,1
328-6,328,6,4,0,0,0.1405708491802215,0.1405708491802215,0,0,4,3,2,0.05627322,0.5368138551712036,0.018584507,0,0,0,0,1,1,1,1
328-7,328,7,4,0,0,0.1405708491802215,0.1405708491802215,0,0,3,3,2,0.0551296,0.5368138551712036,0.021893706,0,0,0,0,1,1,1,1
328-8,328,8,4,0,0,0.1405708491802215,0.1405708491802215,0,0,3,3,2,0.09485431,0.5368138551712036,0.031817216,0,0,0,0,1,1,1,1
328-9,328,9,4,0,0,0.1405708491802215,0.1405708491802215,0,0,4,3,4,0.13952471,0.5368138551712036,0.04874393,0,0,0,0,1,1,1,1
328-10,328,10,4,0,0,0.1405708491802215,0.1405708491802215,0,0,4,2,4,0.024214376,0.5368138551712036,0.008215547,0,0,0,0,1,1,1,1
328-11,328,11,4,0,0,0.1405708491802215,0.1405708491802215,0,0,5,2,4,0.052260946,0.5368138551712036,0.019456493,0,0,0,0,1,1,1,1
328-12,328,12,4,0,0,0.1405708491802215,0.1405708491802215,0,0,4,2,4,0.060277235,0.5368138551712036,0.02061257,0,0,0,0,1,1,1,1
329-0,329,0,1,1,0,0.1751186847686767,0.8248813152313232,1,0,4,2,4,0.24895813,0.486357569694519,0.0904901,1,0,0,0,1,1,1,1
329-1,329,1,1,1,0,0.1751186847686767,0.8248813152313232,1,0,5,3,4,0.23170544,0.486357569694519,0.09227253,1,0,0,0,1,1,1,1
329-2,329,2,1,1,0,0.1751186847686767,0.8248813152313232,1,0,4,3,4,0.13252665,0.486357569694519,0.05292774,1,0,0,0,1,1,1,1
329-3,329,3,1,0,1,0.8248813152313232,0.8248813152313232,1,1,4,3,4,0.28960246,0.486357569694519,0.12615177,1,1,0,0,1,0,1,0
329-4,329,4,1,1,0,0.1751186847686767,0.8248813152313232,1,0,4,3,3,0.04722075,0.486357569694519,0.024647173,1,0,0,0,1,1,1,1
329-5,329,5,1,1,0,0.1751186847686767,0.8248813152313232,1,0,4,2,3,0.074004196,0.486357569694519,0.029738108,1,0,0,0,1,1,1,1
329-6,329,6,1,1,0,0.1751186847686767,0.8248813152313232,1,0,4,3,2,0.074324325,0.486357569694519,0.026119635,1,0,0,0,1,1,1,1
329-7,329,7,1,1,0,0.1751186847686767,0.8248813152313232,1,0,3,3,2,0.118545145,0.486357569694519,0.04574579,1,0,0,0,1,1,1,1
329-8,329,8,1,1,0,0.1751186847686767,0.8248813152313232,1,0,3,3,2,0.07019082,0.486357569694519,0.024475578,1,0,0,0,1,1,1,1
329-9,329,9,1,1,0,0.1751186847686767,0.8248813152313232,1,0,5,3,4,0.24255192,0.486357569694519,0.090386,1,0,0,0,1,1,1,1
329-10,329,10,1,1,0,0.1751186847686767,0.8248813152313232,1,0,3,3,4,0.051587753,0.486357569694519,0.019944143,1,0,0,0,1,1,1,1
329-11,329,11,1,1,0,0.1751186847686767,0.8248813152313232,1,0,4,3,4,0.12068063,0.486357569694519,0.051907055,1,0,0,0,1,1,1,1
329-12,329,12,1,1,0,0.1751186847686767,0.8248813152313232,1,0,3,3,4,0.11573886,0.486357569694519,0.04329654,1,0,0,0,1,1,1,1
330-0,330,0,4,0,1,0.5572343468666077,0.5572343468666077,1,1,4,2,4,0.09794782,0.5368138551712036,0.040998325,1,1,0,0,1,0,1,0
330-1,330,1,4,1,0,0.4427656531333923,0.5572343468666077,1,0,3,4,4,0.21695647,0.5368138551712036,0.067150466,1,0,0,0,1,1,1,1
330-2,330,2,4,0,1,0.5572343468666077,0.5572343468666077,1,1,4,3,4,0.46473488,0.5368138551712036,0.16360256,1,1,0,0,1,0,1,0
330-3,330,3,4,1,0,0.4427656531333923,0.5572343468666077,1,0,3,3,4,0.33088446,0.5368138551712036,0.0977788,1,0,0,0,1,1,1,1
330-4,330,4,4,0,1,0.5572343468666077,0.5572343468666077,1,1,4,3,3,0.06984657,0.5368138551712036,0.034134824,1,1,0,0,1,0,1,0
330-5,330,5,4,1,0,0.4427656531333923,0.5572343468666077,1,0,4,3,3,0.08406114,0.5368138551712036,0.03559514,1,0,0,0,1,1,1,1
330-6,330,6,4,0,1,0.5572343468666077,0.5572343468666077,1,1,2,4,2,0.15402573,0.5368138551712036,0.06605705,1,1,0,0,1,0,1,0
330-7,330,7,4,0,1,0.5572343468666077,0.5572343468666077,1,1,2,3,2,0.20040877,0.5368138551712036,0.09078936,1,1,0,0,1,0,1,0
330-8,330,8,4,0,1,0.5572343468666077,0.5572343468666077,1,1,2,3,2,0.27428016,0.5368138551712036,0.1257363,1,1,0,0,1,0,1,0
330-9,330,9,4,1,0,0.4427656531333923,0.5572343468666077,1,0,4,4,4,0.36651233,0.5368138551712036,0.12746835,1,0,0,0,1,1,1,1
330-10,330,10,4,1,0,0.4427656531333923,0.5572343468666077,1,0,3,3,4,0.043091428,0.5368138551712036,0.019767776,1,0,0,0,1,1,1,1
330-11,330,11,4,1,0,0.4427656531333923,0.5572343468666077,1,0,4,3,4,0.18838668,0.5368138551712036,0.069127254,1,0,0,0,1,1,1,1
330-12,330,12,4,0,1,0.5572343468666077,0.5572343468666077,1,1,3,3,4,0.1881072,0.5368138551712036,0.07748696,1,1,0,0,1,0,1,0
331-0,331,0,4,0,1,0.957542359828949,0.957542359828949,1,1,4,4,4,0.22406054,0.5368138551712036,0.092474826,1,1,0,0,1,0,1,0
331-1,331,1,4,0,1,0.957542359828949,0.957542359828949,1,1,3,4,4,0.36282122,0.5368138551712036,0.14355673,1,1,0,0,1,0,1,0
331-2,331,2,4,0,1,0.957542359828949,0.957542359828949,1,1,4,3,4,0.64193904,0.5368138551712036,0.27000943,1,1,1,0,1,0,1,1
331-3,331,3,4,0,1,0.957542359828949,0.957542359828949,1,1,4,3,4,0.45416364,0.5368138551712036,0.17631772,1,1,0,0,1,0,1,0
331-4,331,4,4,0,1,0.957542359828949,0.957542359828949,1,1,5,2,3,0.10616296,0.5368138551712036,0.040851668,1,1,0,0,1,0,1,0
331-5,331,5,4,0,1,0.957542359828949,0.957542359828949,1,1,4,2,3,0.13651264,0.5368138551712036,0.06736432,1,1,0,0,1,0,1,0
331-6,331,6,4,1,0,0.042457640171051,0.957542359828949,1,0,3,3,2,0.079987526,0.5368138551712036,0.026558008,1,0,0,0,1,1,1,1
331-7,331,7,4,1,0,0.042457640171051,0.957542359828949,1,0,3,3,2,0.07352377,0.5368138551712036,0.029082341,1,0,0,0,1,1,1,1
331-8,331,8,4,0,1,0.957542359828949,0.957542359828949,1,1,3,3,2,0.3664246,0.5368138551712036,0.15227486,1,1,0,0,1,0,1,0
331-9,331,9,4,0,1,0.957542359828949,0.957542359828949,1,1,4,3,4,0.55479765,0.5368138551712036,0.25874442,1,1,1,0,1,0,1,1
331-10,331,10,4,0,1,0.957542359828949,0.957542359828949,1,1,3,3,4,0.07898402,0.5368138551712036,0.038946353,1,1,0,0,1,0,1,0
331-11,331,11,4,0,1,0.957542359828949,0.957542359828949,1,1,5,2,4,0.23231155,0.5368138551712036,0.08571916,1,1,0,0,1,0,1,0
331-12,331,12,4,1,0,0.042457640171051,0.957542359828949,1,0,4,3,4,0.09107168,0.5368138551712036,0.02951625,1,0,0,0,1,1,1,1
332-0,332,0,3,0,0,0.129432275891304,0.129432275891304,0,0,3,4,4,0.15113127,0.4455930888652801,0.07513792,0,0,0,0,1,1,1,1
332-1,332,1,3,0,0,0.129432275891304,0.129432275891304,0,0,4,2,4,0.09832382,0.4455930888652801,0.04398302,0,0,0,0,1,1,1,1
332-2,332,2,3,0,0,0.129432275891304,0.129432275891304,0,0,4,2,4,0.028811773,0.4455930888652801,0.015549391,0,0,0,0,1,1,1,1
332-3,332,3,3,0,0,0.129432275891304,0.129432275891304,0,0,4,2,4,0.34724307,0.4455930888652801,0.14407979,0,0,0,0,1,1,1,1
332-4,332,4,3,0,0,0.129432275891304,0.129432275891304,0,0,5,2,3,0.032716747,0.4455930888652801,0.014107756,0,0,0,0,1,1,1,1
332-5,332,5,3,0,0,0.129432275891304,0.129432275891304,0,0,4,2,3,0.13183837,0.4455930888652801,0.07477374,0,0,0,0,1,1,1,1
332-6,332,6,3,0,0,0.129432275891304,0.129432275891304,0,0,2,4,2,0.033773188,0.4455930888652801,0.016375192,0,0,0,0,1,1,1,1
332-7,332,7,3,0,0,0.129432275891304,0.129432275891304,0,0,3,3,2,0.095549345,0.4455930888652801,0.041354433,0,0,0,0,1,1,1,1
332-8,332,8,3,0,0,0.129432275891304,0.129432275891304,0,0,2,3,2,0.033928808,0.4455930888652801,0.023674697,0,0,0,0,1,1,1,1
332-9,332,9,3,0,0,0.129432275891304,0.129432275891304,0,0,4,3,4,0.15912332,0.4455930888652801,0.072694674,0,0,0,0,1,1,1,1
332-10,332,10,3,0,0,0.129432275891304,0.129432275891304,0,0,3,3,4,0.04340625,0.4455930888652801,0.019109432,0,0,0,0,1,1,1,1
332-11,332,11,3,0,0,0.129432275891304,0.129432275891304,0,0,5,2,4,0.024542157,0.4455930888652801,0.023122484,0,0,0,0,1,1,1,1
332-12,332,12,3,0,0,0.129432275891304,0.129432275891304,0,0,4,2,4,0.09082015,0.4455930888652801,0.04307217,0,0,0,0,1,1,1,1
333-0,333,0,2,0,1,0.6632492542266846,0.6632492542266846,1,1,4,3,4,0.23134728,0.4492360949516296,0.100727044,1,1,0,0,1,0,1,0
333-1,333,1,2,1,0,0.3367507457733154,0.6632492542266846,1,0,4,4,4,0.17422022,0.4492360949516296,0.07388932,1,0,0,0,1,1,1,1
333-2,333,2,2,1,0,0.3367507457733154,0.6632492542266846,1,0,3,3,4,0.2718667,0.4492360949516296,0.10588042,1,0,0,0,1,1,1,1
333-3,333,3,2,1,0,0.3367507457733154,0.6632492542266846,1,0,4,3,4,0.25454316,0.4492360949516296,0.083506964,1,0,0,0,1,1,1,1
333-4,333,4,2,1,0,0.3367507457733154,0.6632492542266846,1,0,4,3,3,0.05677967,0.4492360949516296,0.02553755,1,0,0,0,1,1,1,1
333-5,333,5,2,0,1,0.6632492542266846,0.6632492542266846,1,1,3,3,3,0.2093639,0.4492360949516296,0.12845016,1,1,0,0,1,0,1,0
333-6,333,6,2,0,1,0.6632492542266846,0.6632492542266846,1,1,4,3,2,0.051759392,0.4492360949516296,0.027380379,1,1,0,0,1,0,1,0
333-7,333,7,2,1,0,0.3367507457733154,0.6632492542266846,1,0,3,3,2,0.075709194,0.4492360949516296,0.033702426,1,0,0,0,1,1,1,1
333-8,333,8,2,1,0,0.3367507457733154,0.6632492542266846,1,0,2,3,2,0.28375673,0.4492360949516296,0.11359437,1,0,0,0,1,1,1,1
333-9,333,9,2,1,0,0.3367507457733154,0.6632492542266846,1,0,5,4,4,0.2155958,0.4492360949516296,0.07669965,1,0,0,0,1,1,1,1
333-10,333,10,2,0,1,0.6632492542266846,0.6632492542266846,1,1,3,3,4,0.052985396,0.4492360949516296,0.024714189,1,1,0,0,1,0,1,0
333-11,333,11,2,1,0,0.3367507457733154,0.6632492542266846,1,0,5,2,4,0.016261969,0.4492360949516296,0.0069668097,1,0,0,0,1,1,1,1
333-12,333,12,2,1,0,0.3367507457733154,0.6632492542266846,1,0,4,3,4,0.0913273,0.4492360949516296,0.03026645,1,0,0,0,1,1,1,1
334-0,334,0,1,1,0,0.1754050850868225,0.8245949149131775,1,0,4,3,4,0.25833878,0.486357569694519,0.0965018,1,0,0,0,1,1,1,1
334-1,334,1,1,1,0,0.1754050850868225,0.8245949149131775,1,0,4,4,4,0.22653519,0.486357569694519,0.09032145,1,0,0,0,1,1,1,1
334-2,334,2,1,0,1,0.8245949149131775,0.8245949149131775,1,1,4,3,4,0.2736737,0.486357569694519,0.112790786,1,1,0,0,1,0,1,0
334-3,334,3,1,0,1,0.8245949149131775,0.8245949149131775,1,1,4,3,4,0.28960246,0.486357569694519,0.12615177,1,1,0,0,1,0,1,0
334-4,334,4,1,1,0,0.1754050850868225,0.8245949149131775,1,0,5,4,3,0.048555404,0.486357569694519,0.026564369,1,0,0,0,1,1,1,1
334-5,334,5,1,1,0,0.1754050850868225,0.8245949149131775,1,0,4,3,3,0.07793485,0.486357569694519,0.03257551,1,0,0,0,1,1,1,1
334-6,334,6,1,1,0,0.1754050850868225,0.8245949149131775,1,0,3,3,2,0.076128066,0.486357569694519,0.026242904,1,0,0,0,1,1,1,1
334-7,334,7,1,1,0,0.1754050850868225,0.8245949149131775,1,0,3,3,2,0.118545145,0.486357569694519,0.04574579,1,0,0,0,1,1,1,1
334-8,334,8,1,1,0,0.1754050850868225,0.8245949149131775,1,0,3,3,2,0.07019082,0.486357569694519,0.024475578,1,0,0,0,1,1,1,1
334-9,334,9,1,1,0,0.1754050850868225,0.8245949149131775,1,0,5,4,4,0.24255192,0.486357569694519,0.09305968,1,0,0,0,1,1,1,1
334-10,334,10,1,1,0,0.1754050850868225,0.8245949149131775,1,0,4,3,4,0.051672902,0.486357569694519,0.02000362,1,0,0,0,1,1,1,1
334-11,334,11,1,1,0,0.1754050850868225,0.8245949149131775,1,0,3,3,4,0.12730362,0.486357569694519,0.053759206,1,0,0,0,1,1,1,1
334-12,334,12,1,1,0,0.1754050850868225,0.8245949149131775,1,0,4,3,4,0.10705601,0.486357569694519,0.04178892,1,0,0,0,1,1,1,1
335-0,335,0,2,0,0,0.0456619150936603,0.0456619150936603,0,0,4,2,4,0.083537534,0.4492360949516296,0.032403313,0,0,0,0,1,1,1,1
335-1,335,1,2,0,0,0.0456619150936603,0.0456619150936603,0,0,4,2,4,0.12765479,0.4492360949516296,0.05251299,0,0,0,0,1,1,1,1
335-2,335,2,2,0,0,0.0456619150936603,0.0456619150936603,0,0,4,2,4,0.18326725,0.4492360949516296,0.0704049,0,0,0,0,1,1,1,1
335-3,335,3,2,0,0,0.0456619150936603,0.0456619150936603,0,0,4,1,4,0.17383493,0.4492360949516296,0.06366984,0,0,0,0,1,1,1,1
335-4,335,4,2,0,0,0.0456619150936603,0.0456619150936603,0,0,5,1,3,0.02347928,0.4492360949516296,0.011685968,0,0,0,0,1,1,1,1
335-5,335,5,2,1,1,0.9543380849063396,0.0456619150936603,0,1,4,4,3,0.356678,0.4492360949516296,0.2406227,0,1,0,0,1,0,1,0
335-6,335,6,2,0,0,0.0456619150936603,0.0456619150936603,0,0,4,3,2,0.033054173,0.4492360949516296,0.012187828,0,0,0,0,1,1,1,1
335-7,335,7,2,1,1,0.9543380849063396,0.0456619150936603,0,1,3,3,2,0.37120825,0.4492360949516296,0.2134388,0,1,0,0,1,0,1,0
335-8,335,8,2,0,0,0.0456619150936603,0.0456619150936603,0,0,3,3,2,0.22082983,0.4492360949516296,0.07215422,0,0,0,0,1,1,1,1
335-9,335,9,2,0,0,0.0456619150936603,0.0456619150936603,0,0,4,3,4,0.19940524,0.4492360949516296,0.07378368,0,0,0,0,1,1,1,1
335-10,335,10,2,0,0,0.0456619150936603,0.0456619150936603,0,0,4,2,4,0.01884081,0.4492360949516296,0.0080713695,0,0,0,0,1,1,1,1
335-11,335,11,2,0,0,0.0456619150936603,0.0456619150936603,0,0,5,2,4,0.015369063,0.4492360949516296,0.006501592,0,0,0,0,1,1,1,1
335-12,335,12,2,0,0,0.0456619150936603,0.0456619150936603,0,0,4,2,4,0.064283356,0.4492360949516296,0.023942243,0,0,0,0,1,1,1,1
336-0,336,0,2,0,0,0.0740895047783851,0.0740895047783851,0,0,4,2,4,0.09499952,0.4492360949516296,0.034930468,0,0,0,0,1,1,1,1
336-1,336,1,2,0,0,0.0740895047783851,0.0740895047783851,0,0,4,2,4,0.14421752,0.4492360949516296,0.056516904,0,0,0,0,1,1,1,1
336-2,336,2,2,0,0,0.0740895047783851,0.0740895047783851,0,0,4,3,4,0.22088742,0.4492360949516296,0.07765368,0,0,0,0,1,1,1,1
336-3,336,3,2,0,0,0.0740895047783851,0.0740895047783851,0,0,3,3,4,0.25198606,0.4492360949516296,0.0787721,0,0,0,0,1,1,1,1
336-4,336,4,2,0,0,0.0740895047783851,0.0740895047783851,0,0,4,3,3,0.051032096,0.4492360949516296,0.021995148,0,0,0,0,1,1,1,1
336-5,336,5,2,0,0,0.0740895047783851,0.0740895047783851,0,0,4,2,3,0.05841342,0.4492360949516296,0.031066349,0,0,0,0,1,1,1,1
336-6,336,6,2,0,0,0.0740895047783851,0.0740895047783851,0,0,4,3,2,0.037525836,0.4492360949516296,0.013072127,0,0,0,0,1,1,1,1
336-7,336,7,2,0,0,0.0740895047783851,0.0740895047783851,0,0,3,3,2,0.06358752,0.4492360949516296,0.024687365,0,0,0,0,1,1,1,1
336-8,336,8,2,0,0,0.0740895047783851,0.0740895047783851,0,0,3,3,2,0.24952745,0.4492360949516296,0.077485204,0,0,0,0,1,1,1,1
336-9,336,9,2,0,0,0.0740895047783851,0.0740895047783851,0,0,5,3,4,0.18508221,0.4492360949516296,0.061467092,0,0,0,0,1,1,1,1
336-10,336,10,2,0,0,0.0740895047783851,0.0740895047783851,0,0,4,3,4,0.023044094,0.4492360949516296,0.008758419,0,0,0,0,1,1,1,1
336-11,336,11,2,0,0,0.0740895047783851,0.0740895047783851,0,0,4,2,4,0.021464506,0.4492360949516296,0.0086013,0,0,0,0,1,1,1,1
336-12,336,12,2,0,0,0.0740895047783851,0.0740895047783851,0,0,3,3,4,0.088444054,0.4492360949516296,0.028403217,0,0,0,0,1,1,1,1
337-0,337,0,1,0,0,0.5106421709060669,0.5106421709060669,1,1,4,3,4,0.23441687,0.486357569694519,0.1150508,0,1,0,0,0,1,0,1
337-1,337,1,1,0,0,0.5106421709060669,0.5106421709060669,1,1,4,2,4,0.1878277,0.486357569694519,0.08713464,0,1,0,0,0,1,0,1
337-2,337,2,1,0,0,0.5106421709060669,0.5106421709060669,1,1,5,2,4,0.10557281,0.486357569694519,0.049581934,0,1,0,0,0,1,0,1
337-3,337,3,1,0,0,0.5106421709060669,0.5106421709060669,1,1,4,3,4,0.17360988,0.486357569694519,0.07919189,0,1,0,0,0,1,0,1
337-4,337,4,1,0,0,0.5106421709060669,0.5106421709060669,1,1,5,2,3,0.03163083,0.486357569694519,0.02181706,0,1,0,0,0,1,0,1
337-5,337,5,1,0,0,0.5106421709060669,0.5106421709060669,1,1,5,1,3,0.06260103,0.486357569694519,0.030122159,0,1,0,0,0,1,0,1
337-6,337,6,1,0,0,0.5106421709060669,0.5106421709060669,1,1,4,3,2,0.06885687,0.486357569694519,0.02884818,0,1,0,0,0,1,0,1
337-7,337,7,1,0,0,0.5106421709060669,0.5106421709060669,1,1,3,3,2,0.10797849,0.486357569694519,0.053190753,0,1,0,0,0,1,0,1
337-8,337,8,1,0,0,0.5106421709060669,0.5106421709060669,1,1,3,3,2,0.05998597,0.486357569694519,0.027204113,0,1,0,0,0,1,0,1
337-9,337,9,1,0,0,0.5106421709060669,0.5106421709060669,1,1,5,2,4,0.18093333,0.486357569694519,0.07334246,0,1,0,0,0,1,0,1
337-10,337,10,1,0,0,0.5106421709060669,0.5106421709060669,1,1,4,2,4,0.02984664,0.486357569694519,0.017219465,0,1,0,0,0,1,0,1
337-11,337,11,1,0,0,0.5106421709060669,0.5106421709060669,1,1,5,2,4,0.08866193,0.486357569694519,0.04259529,0,1,0,0,0,1,0,1
337-12,337,12,1,0,0,0.5106421709060669,0.5106421709060669,1,1,4,2,4,0.06928761,0.486357569694519,0.03880862,0,1,0,0,0,1,0,1
338-0,338,0,5,1,0,0.0017653703689576,0.9982346296310424,1,0,4,2,4,0.037140153,0.372329980134964,0.019118695,1,0,0,0,1,1,1,1
338-1,338,1,5,1,0,0.0017653703689576,0.9982346296310424,1,0,4,3,4,0.09804175,0.372329980134964,0.042833485,1,0,0,0,1,1,1,1
338-2,338,2,5,1,0,0.0017653703689576,0.9982346296310424,1,0,4,3,4,0.017522719,0.372329980134964,0.012826164,1,0,0,0,1,1,1,1
338-3,338,3,5,1,0,0.0017653703689576,0.9982346296310424,1,0,4,3,4,0.09133531,0.372329980134964,0.060371824,1,0,0,0,1,1,1,1
338-4,338,4,5,1,0,0.0017653703689576,0.9982346296310424,1,0,5,3,3,0.030414693,0.372329980134964,0.023095142,1,0,0,0,1,1,1,1
338-5,338,5,5,1,0,0.0017653703689576,0.9982346296310424,1,0,4,3,3,0.009351759,0.372329980134964,0.0071266936,1,0,0,0,1,1,1,1
338-6,338,6,5,1,0,0.0017653703689576,0.9982346296310424,1,0,4,3,2,0.13251634,0.372329980134964,0.07079515,1,0,0,0,1,1,1,1
338-7,338,7,5,1,0,0.0017653703689576,0.9982346296310424,1,0,3,3,2,0.10108368,0.372329980134964,0.041731376,1,0,0,0,1,1,1,1
338-8,338,8,5,1,0,0.0017653703689576,0.9982346296310424,1,0,3,3,2,0.047803763,0.372329980134964,0.017366841,1,0,0,0,1,1,1,1
338-9,338,9,5,1,0,0.0017653703689576,0.9982346296310424,1,0,5,2,4,0.08971303,0.372329980134964,0.04171499,1,0,0,0,1,1,1,1
338-10,338,10,5,0,1,0.9982346296310424,0.9982346296310424,1,1,4,2,4,0.017559608,0.372329980134964,0.01888125,1,1,0,0,1,0,1,0
338-11,338,11,5,1,0,0.0017653703689576,0.9982346296310424,1,0,5,2,4,0.016055409,0.372329980134964,0.011861211,1,0,0,0,1,1,1,1
338-12,338,12,5,1,0,0.0017653703689576,0.9982346296310424,1,0,4,3,4,0.07835576,0.372329980134964,0.03037,1,0,0,0,1,1,1,1
339-0,339,0,4,0,1,0.0124599291011691,0.0124599291011691,0,0,4,3,4,0.03952128,0.5368138551712036,0.013203368,1,0,0,0,0,0,0,0
339-1,339,1,4,0,1,0.0124599291011691,0.0124599291011691,0,0,4,3,4,0.051337633,0.5368138551712036,0.019549418,1,0,0,0,0,0,0,0
339-2,339,2,4,0,1,0.0124599291011691,0.0124599291011691,0,0,4,3,4,0.16637857,0.5368138551712036,0.049572706,1,0,0,0,0,0,0,0
339-3,339,3,4,0,1,0.0124599291011691,0.0124599291011691,0,0,4,2,4,0.095215745,0.5368138551712036,0.028525878,1,0,0,0,0,0,0,0
339-4,339,4,4,0,1,0.0124599291011691,0.0124599291011691,0,0,4,3,3,0.021447785,0.5368138551712036,0.009716686,1,0,0,0,0,0,0,0
339-5,339,5,4,0,1,0.0124599291011691,0.0124599291011691,0,0,4,3,3,0.020505643,0.5368138551712036,0.011510325,1,0,0,0,0,0,0,0
339-6,339,6,4,0,1,0.0124599291011691,0.0124599291011691,0,0,3,4,2,0.04967549,0.5368138551712036,0.016871618,1,0,0,0,0,0,0,0
339-7,339,7,4,0,1,0.0124599291011691,0.0124599291011691,0,0,3,3,2,0.049631674,0.5368138551712036,0.019696258,1,0,0,0,0,0,0,0
339-8,339,8,4,0,1,0.0124599291011691,0.0124599291011691,0,0,2,3,2,0.08754553,0.5368138551712036,0.030547377,1,0,0,0,0,0,0,0
339-9,339,9,4,0,1,0.0124599291011691,0.0124599291011691,0,0,5,2,4,0.094507225,0.5368138551712036,0.033124458,1,0,0,0,0,0,0,0
339-10,339,10,4,0,1,0.0124599291011691,0.0124599291011691,0,0,4,2,4,0.020280426,0.5368138551712036,0.007190485,1,0,0,0,0,0,0,0
339-11,339,11,4,0,1,0.0124599291011691,0.0124599291011691,0,0,5,2,4,0.04367909,0.5368138551712036,0.016527332,1,0,0,0,0,0,0,0
339-12,339,12,4,0,1,0.0124599291011691,0.0124599291011691,0,0,4,3,4,0.05694511,0.5368138551712036,0.019490857,1,0,0,0,0,0,0,0
340-0,340,0,4,1,0,0.2047294974327087,0.7952705025672913,1,0,4,3,4,0.12453453,0.5368138551712036,0.037848383,1,0,0,0,1,1,1,1
340-1,340,1,4,1,0,0.2047294974327087,0.7952705025672913,1,0,3,4,4,0.21691139,0.5368138551712036,0.071520284,1,0,0,0,1,1,1,1
340-2,340,2,4,1,0,0.2047294974327087,0.7952705025672913,1,0,4,4,4,0.46030715,0.5368138551712036,0.13939708,1,0,0,0,1,1,1,1
340-3,340,3,4,1,0,0.2047294974327087,0.7952705025672913,1,0,3,3,4,0.33398372,0.5368138551712036,0.103919655,1,0,0,0,1,1,1,1
340-4,340,4,4,1,0,0.2047294974327087,0.7952705025672913,1,0,4,4,3,0.07317313,0.5368138551712036,0.028451912,1,0,0,0,1,1,1,1
340-5,340,5,4,1,0,0.2047294974327087,0.7952705025672913,1,0,3,3,3,0.09461735,0.5368138551712036,0.04088144,1,0,0,0,1,1,1,1
340-6,340,6,4,1,0,0.2047294974327087,0.7952705025672913,1,0,2,4,2,0.17824307,0.5368138551712036,0.07011565,1,0,0,0,1,1,1,1
340-7,340,7,4,1,0,0.2047294974327087,0.7952705025672913,1,0,3,3,2,0.17286728,0.5368138551712036,0.061380338,1,0,0,0,1,1,1,1
340-8,340,8,4,1,0,0.2047294974327087,0.7952705025672913,1,0,2,3,2,0.26650006,0.5368138551712036,0.10809373,1,0,0,0,1,1,1,1
340-9,340,9,4,1,0,0.2047294974327087,0.7952705025672913,1,0,4,4,4,0.35309744,0.5368138551712036,0.116789,1,0,0,0,1,1,1,1
340-10,340,10,4,1,0,0.2047294974327087,0.7952705025672913,1,0,4,3,4,0.044421513,0.5368138551712036,0.020568589,1,0,0,0,1,1,1,1
340-11,340,11,4,1,0,0.2047294974327087,0.7952705025672913,1,0,3,3,4,0.22181754,0.5368138551712036,0.074971616,1,0,0,0,1,1,1,1
340-12,340,12,4,0,1,0.7952705025672913,0.7952705025672913,1,1,3,3,4,0.26184,0.5368138551712036,0.12615147,1,1,0,0,1,0,1,0
341-0,341,0,5,0,1,0.9972660541534424,0.9972660541534424,1,1,4,2,4,0.2545598,0.372329980134964,0.14447674,1,1,0,0,1,0,1,0
341-1,341,1,5,0,1,0.9972660541534424,0.9972660541534424,1,1,4,2,4,0.5322749,0.372329980134964,0.27728114,1,1,1,0,1,0,1,1
341-2,341,2,5,0,1,0.9972660541534424,0.9972660541534424,1,1,4,3,4,0.14749463,0.372329980134964,0.085278906,1,1,0,0,1,0,1,0
341-3,341,3,5,1,0,0.0027339458465576,0.9972660541534424,1,0,3,3,4,0.116171196,0.372329980134964,0.072869875,1,0,0,0,1,1,1,1
341-4,341,4,5,0,1,0.9972660541534424,0.9972660541534424,1,1,5,2,3,0.24557936,0.372329980134964,0.14812808,1,1,0,0,1,0,1,0
341-5,341,5,5,0,1,0.9972660541534424,0.9972660541534424,1,1,4,2,3,0.021797631,0.372329980134964,0.018870493,1,1,0,0,1,0,1,0
341-6,341,6,5,0,1,0.9972660541534424,0.9972660541534424,1,1,4,3,2,0.5594012,0.372329980134964,0.33051357,1,1,1,0,1,0,1,1
341-7,341,7,5,0,1,0.9972660541534424,0.9972660541534424,1,1,3,3,2,0.50828815,0.372329980134964,0.22004536,1,1,1,0,1,0,1,1
341-8,341,8,5,0,1,0.9972660541534424,0.9972660541534424,1,1,3,3,2,0.27727008,0.372329980134964,0.09560202,1,1,0,0,1,0,1,0
341-9,341,9,5,0,1,0.9972660541534424,0.9972660541534424,1,1,5,2,4,0.471989,0.372329980134964,0.24566258,1,1,0,0,1,0,1,0
341-10,341,10,5,1,0,0.0027339458465576,0.9972660541534424,1,0,3,4,4,0.011325356,0.372329980134964,0.009508491,1,0,0,0,1,1,1,1
341-11,341,11,5,0,1,0.9972660541534424,0.9972660541534424,1,1,5,2,4,0.12042352,0.372329980134964,0.06922404,1,1,0,0,1,0,1,0
341-12,341,12,5,0,1,0.9972660541534424,0.9972660541534424,1,1,4,2,4,0.37461245,0.372329980134964,0.17324053,1,1,0,0,1,0,1,0
342-0,342,0,5,0,0,0.0067279236391186,0.0067279236391186,0,0,4,2,4,0.021498058,0.372329980134964,0.01024956,0,0,0,0,1,1,1,1
342-1,342,1,5,0,0,0.0067279236391186,0.0067279236391186,0,0,4,2,4,0.057738382,0.372329980134964,0.022986118,0,0,0,0,1,1,1,1
342-2,342,2,5,0,0,0.0067279236391186,0.0067279236391186,0,0,4,3,4,0.012265879,0.372329980134964,0.0072663575,0,0,0,0,1,1,1,1
342-3,342,3,5,0,0,0.0067279236391186,0.0067279236391186,0,0,4,3,4,0.06384861,0.372329980134964,0.034577228,0,0,0,0,1,1,1,1
342-4,342,4,5,0,0,0.0067279236391186,0.0067279236391186,0,0,4,3,3,0.018573964,0.372329980134964,0.013541534,0,0,0,0,1,1,1,1
342-5,342,5,5,0,0,0.0067279236391186,0.0067279236391186,0,0,4,3,3,0.0050985944,0.372329980134964,0.0038974595,0,0,0,0,1,1,1,1
342-6,342,6,5,0,0,0.0067279236391186,0.0067279236391186,0,0,4,3,2,0.07252402,0.372329980134964,0.040975947,0,0,0,0,1,1,1,1
342-7,342,7,5,0,0,0.0067279236391186,0.0067279236391186,0,0,3,3,2,0.052227728,0.372329980134964,0.02341851,0,0,0,0,1,1,1,1
342-8,342,8,5,0,0,0.0067279236391186,0.0067279236391186,0,0,3,3,2,0.023048138,0.372329980134964,0.00942226,0,0,0,0,1,1,1,1
342-9,342,9,5,0,0,0.0067279236391186,0.0067279236391186,0,0,4,3,4,0.0590147,0.372329980134964,0.023685299,0,0,0,0,1,1,1,1
342-10,342,10,5,0,0,0.0067279236391186,0.0067279236391186,0,0,4,2,4,0.0047934107,0.372329980134964,0.0040639457,0,0,0,0,1,1,1,1
342-11,342,11,5,1,1,0.9932720763608814,0.0067279236391186,0,1,4,2,4,0.24429405,0.372329980134964,0.18489262,0,1,0,0,1,0,1,0
342-12,342,12,5,1,1,0.9932720763608814,0.0067279236391186,0,1,4,4,4,0.5251691,0.372329980134964,0.3353341,0,1,1,0,1,0,1,1
343-0,343,0,2,0,0,0.1192842423915863,0.1192842423915863,0,0,4,2,4,0.18806837,0.4492360949516296,0.08336952,0,0,0,0,1,1,1,1
343-1,343,1,2,0,0,0.1192842423915863,0.1192842423915863,0,0,4,2,4,0.27922603,0.4492360949516296,0.13450353,0,0,0,0,1,1,1,1
343-2,343,2,2,0,0,0.1192842423915863,0.1192842423915863,0,0,4,3,4,0.41784608,0.4492360949516296,0.18627875,0,0,0,0,1,1,1,1
343-3,343,3,2,0,0,0.1192842423915863,0.1192842423915863,0,0,3,3,4,0.46029198,0.4492360949516296,0.19578336,0,0,0,0,1,1,1,1
343-4,343,4,2,0,0,0.1192842423915863,0.1192842423915863,0,0,5,3,3,0.07694456,0.4492360949516296,0.038283218,0,0,0,0,1,1,1,1
343-5,343,5,2,0,0,0.1192842423915863,0.1192842423915863,0,0,4,3,3,0.14698613,0.4492360949516296,0.08513859,0,0,0,0,1,1,1,1
343-6,343,6,2,0,0,0.1192842423915863,0.1192842423915863,0,0,4,3,2,0.068364255,0.4492360949516296,0.034869686,0,0,0,0,1,1,1,1
343-7,343,7,2,0,0,0.1192842423915863,0.1192842423915863,0,0,3,3,2,0.14669563,0.4492360949516296,0.06959037,0,0,0,0,1,1,1,1
343-8,343,8,2,0,0,0.1192842423915863,0.1192842423915863,0,0,2,3,2,0.49568546,0.4492360949516296,0.2414001,0,0,0,0,1,1,1,1
343-9,343,9,2,0,0,0.1192842423915863,0.1192842423915863,0,0,5,2,4,0.32335788,0.4492360949516296,0.14295548,0,0,0,0,1,1,1,1
343-10,343,10,2,0,0,0.1192842423915863,0.1192842423915863,0,0,4,3,4,0.056351162,0.4492360949516296,0.023461467,0,0,0,0,1,1,1,1
343-11,343,11,2,1,1,0.8807157576084137,0.1192842423915863,0,1,3,3,4,0.07089753,0.4492360949516296,0.037367612,0,1,0,0,1,0,1,0
343-12,343,12,2,0,0,0.1192842423915863,0.1192842423915863,0,0,4,3,4,0.1844803,0.4492360949516296,0.06902492,0,0,0,0,1,1,1,1
344-0,344,0,2,0,0,0.1524071246385574,0.1524071246385574,0,0,4,2,4,0.14271821,0.4492360949516296,0.052359287,0,0,0,0,1,1,1,1
344-1,344,1,2,0,0,0.1524071246385574,0.1524071246385574,0,0,4,2,4,0.21779057,0.4492360949516296,0.08804064,0,0,0,0,1,1,1,1
344-2,344,2,2,0,0,0.1524071246385574,0.1524071246385574,0,0,4,3,4,0.34139723,0.4492360949516296,0.12543707,0,0,0,0,1,1,1,1
344-3,344,3,2,0,0,0.1524071246385574,0.1524071246385574,0,0,4,2,4,0.31691363,0.4492360949516296,0.10871797,0,0,0,0,1,1,1,1
344-4,344,4,2,0,0,0.1524071246385574,0.1524071246385574,0,0,5,3,3,0.06083752,0.4492360949516296,0.025366277,0,0,0,0,1,1,1,1
344-5,344,5,2,0,0,0.1524071246385574,0.1524071246385574,0,0,4,3,3,0.11151812,0.4492360949516296,0.05672933,0,0,0,0,1,1,1,1
344-6,344,6,2,0,0,0.1524071246385574,0.1524071246385574,0,0,4,3,2,0.060925692,0.4492360949516296,0.022323132,0,0,0,0,1,1,1,1
344-7,344,7,2,0,0,0.1524071246385574,0.1524071246385574,0,0,3,3,2,0.11308335,0.4492360949516296,0.04655267,0,0,0,0,1,1,1,1
344-8,344,8,2,0,0,0.1524071246385574,0.1524071246385574,0,0,3,3,2,0.37618273,0.4492360949516296,0.13558447,0,0,0,0,1,1,1,1
344-9,344,9,2,0,0,0.1524071246385574,0.1524071246385574,0,0,5,2,4,0.26563004,0.4492360949516296,0.09562874,0,0,0,0,1,1,1,1
344-10,344,10,2,0,0,0.1524071246385574,0.1524071246385574,0,0,4,3,4,0.041344076,0.4492360949516296,0.014829412,0,0,0,0,1,1,1,1
344-11,344,11,2,0,0,0.1524071246385574,0.1524071246385574,0,0,5,2,4,0.025970845,0.4492360949516296,0.010267235,0,0,0,0,1,1,1,1
344-12,344,12,2,0,0,0.1524071246385574,0.1524071246385574,0,0,4,3,4,0.14042862,0.4492360949516296,0.04439101,0,0,0,0,1,1,1,1
345-0,345,0,2,0,0,0.2129760831594467,0.2129760831594467,0,0,4,2,4,0.12457608,0.4492360949516296,0.044962972,0,0,0,0,1,1,1,1
345-1,345,1,2,0,0,0.2129760831594467,0.2129760831594467,0,0,4,2,4,0.1922454,0.4492360949516296,0.07600824,0,0,0,0,1,1,1,1
345-2,345,2,2,0,0,0.2129760831594467,0.2129760831594467,0,0,4,2,4,0.267372,0.4492360949516296,0.09904015,0,0,0,0,1,1,1,1
345-3,345,3,2,0,0,0.2129760831594467,0.2129760831594467,0,0,4,3,4,0.32177514,0.4492360949516296,0.10358423,0,0,0,0,1,1,1,1
345-4,345,4,2,0,0,0.2129760831594467,0.2129760831594467,0,0,5,4,3,0.052466903,0.4492360949516296,0.02154879,0,0,0,0,1,1,1,1
345-5,345,5,2,0,0,0.2129760831594467,0.2129760831594467,0,0,4,2,3,0.08119275,0.4492360949516296,0.04338406,0,0,0,0,1,1,1,1
345-6,345,6,2,0,0,0.2129760831594467,0.2129760831594467,0,0,3,3,2,0.055966772,0.4492360949516296,0.020527817,0,0,0,0,1,1,1,1
345-7,345,7,2,0,0,0.2129760831594467,0.2129760831594467,0,0,3,3,2,0.098276466,0.4492360949516296,0.039324142,0,0,0,0,1,1,1,1
345-8,345,8,2,0,0,0.2129760831594467,0.2129760831594467,0,0,3,3,2,0.34013802,0.4492360949516296,0.11621655,0,0,0,0,1,1,1,1
345-9,345,9,2,0,0,0.2129760831594467,0.2129760831594467,0,0,5,2,4,0.23616779,0.4492360949516296,0.0822373,0,0,0,0,1,1,1,1
345-10,345,10,2,0,0,0.2129760831594467,0.2129760831594467,0,0,4,2,4,0.029468408,0.4492360949516296,0.011405203,0,0,0,0,1,1,1,1
345-11,345,11,2,0,0,0.2129760831594467,0.2129760831594467,0,0,5,2,4,0.022283686,0.4492360949516296,0.00884294,0,0,0,0,1,1,1,1
345-12,345,12,2,0,0,0.2129760831594467,0.2129760831594467,0,0,4,3,4,0.12253593,0.4492360949516296,0.038075056,0,0,0,0,1,1,1,1
346-0,346,0,5,0,0,0.0003740283718798,0.0003740283718798,0,0,5,1,4,0.020461597,0.372329980134964,0.010973727,0,0,0,0,1,1,1,1
346-1,346,1,5,0,0,0.0003740283718798,0.0003740283718798,0,0,4,2,4,0.057738382,0.372329980134964,0.022986118,0,0,0,0,1,1,1,1
346-2,346,2,5,0,0,0.0003740283718798,0.0003740283718798,0,0,4,3,4,0.012265879,0.372329980134964,0.0072663575,0,0,0,0,1,1,1,1
346-3,346,3,5,0,0,0.0003740283718798,0.0003740283718798,0,0,3,3,4,0.07472549,0.372329980134964,0.040891677,0,0,0,0,1,1,1,1
346-4,346,4,5,0,0,0.0003740283718798,0.0003740283718798,0,0,5,2,3,0.017107153,0.372329980134964,0.013597134,0,0,0,0,1,1,1,1
346-5,346,5,5,0,0,0.0003740283718798,0.0003740283718798,0,0,4,2,3,0.0050985944,0.372329980134964,0.0038974595,0,0,0,0,1,1,1,1
346-6,346,6,5,0,0,0.0003740283718798,0.0003740283718798,0,0,4,3,2,0.07252402,0.372329980134964,0.040975947,0,0,0,0,1,1,1,1
346-7,346,7,5,0,0,0.0003740283718798,0.0003740283718798,0,0,3,3,2,0.052227728,0.372329980134964,0.02341851,0,0,0,0,1,1,1,1
346-8,346,8,5,0,0,0.0003740283718798,0.0003740283718798,0,0,3,3,2,0.023048138,0.372329980134964,0.00942226,0,0,0,0,1,1,1,1
346-9,346,9,5,0,0,0.0003740283718798,0.0003740283718798,0,0,5,1,4,0.056187436,0.372329980134964,0.025343942,0,0,0,0,1,1,1,1
346-10,346,10,5,1,1,0.9996259716281202,0.0003740283718798,0,1,3,3,4,0.042671386,0.372329980134964,0.06151485,0,1,0,0,1,0,1,0
346-11,346,11,5,0,0,0.0003740283718798,0.0003740283718798,0,0,5,2,4,0.012008442,0.372329980134964,0.0076276395,0,0,0,0,1,1,1,1
346-12,346,12,5,0,0,0.0003740283718798,0.0003740283718798,0,0,4,3,4,0.045064885,0.372329980134964,0.016929414,0,0,0,0,1,1,1,1
347-0,347,0,3,1,1,0.952958818525076,0.047041181474924,0,1,3,4,4,0.3082337,0.4455930888652801,0.16133273,0,1,0,0,1,0,1,0
347-1,347,1,3,0,0,0.047041181474924,0.047041181474924,0,0,4,3,4,0.10936814,0.4455930888652801,0.046673514,0,0,0,0,1,1,1,1
347-2,347,2,3,0,0,0.047041181474924,0.047041181474924,0,0,4,3,4,0.032327995,0.4455930888652801,0.016437164,0,0,0,0,1,1,1,1
347-3,347,3,3,0,0,0.047041181474924,0.047041181474924,0,0,3,3,4,0.4246116,0.4455930888652801,0.16893962,0,0,0,0,1,1,1,1
347-4,347,4,3,0,0,0.047041181474924,0.047041181474924,0,0,5,3,3,0.03669154,0.4455930888652801,0.01484907,0,0,0,0,1,1,1,1
347-5,347,5,3,0,0,0.047041181474924,0.047041181474924,0,0,4,3,3,0.14603746,0.4455930888652801,0.07844925,0,0,0,0,1,1,1,1
347-6,347,6,3,0,0,0.047041181474924,0.047041181474924,0,0,3,4,2,0.035478726,0.4455930888652801,0.016428016,0,0,0,0,1,1,1,1
347-7,347,7,3,0,0,0.047041181474924,0.047041181474924,0,0,3,3,2,0.11059762,0.4455930888652801,0.045150567,0,0,0,0,1,1,1,1
347-8,347,8,3,0,0,0.047041181474924,0.047041181474924,0,0,2,3,2,0.041521125,0.4455930888652801,0.031474072,0,0,0,0,1,1,1,1
347-9,347,9,3,0,0,0.047041181474924,0.047041181474924,0,0,4,3,4,0.17746371,0.4455930888652801,0.07564455,0,0,0,0,1,1,1,1
347-10,347,10,3,1,1,0.952958818525076,0.047041181474924,0,1,3,3,4,0.04810292,0.4455930888652801,0.030279694,0,1,0,0,1,0,1,0
347-11,347,11,3,1,1,0.952958818525076,0.047041181474924,0,1,5,2,4,0.038090996,0.4455930888652801,0.03759092,0,1,0,0,1,0,1,0
347-12,347,12,3,0,0,0.047041181474924,0.047041181474924,0,0,4,3,4,0.10111602,0.4455930888652801,0.045116875,0,0,0,0,1,1,1,1
348-0,348,0,1,1,0,0.453917920589447,0.546082079410553,1,0,4,3,4,0.41417468,0.486357569694519,0.16244097,1,0,0,0,1,1,1,1
348-1,348,1,1,1,0,0.453917920589447,0.546082079410553,1,0,5,3,4,0.34240386,0.486357569694519,0.1291781,1,0,0,0,1,1,1,1
348-2,348,2,1,1,0,0.453917920589447,0.546082079410553,1,0,5,2,4,0.19598624,0.486357569694519,0.07345553,1,0,0,0,1,1,1,1
348-3,348,3,1,1,0,0.453917920589447,0.546082079410553,1,0,3,3,4,0.3247205,0.486357569694519,0.1288364,1,0,0,0,1,1,1,1
348-4,348,4,1,1,0,0.453917920589447,0.546082079410553,1,0,5,2,3,0.072206706,0.486357569694519,0.03345915,1,0,0,0,1,1,1,1
348-5,348,5,1,1,0,0.453917920589447,0.546082079410553,1,0,4,2,3,0.131646,0.486357569694519,0.050487544,1,0,0,0,1,1,1,1
348-6,348,6,1,1,0,0.453917920589447,0.546082079410553,1,0,5,3,2,0.12078554,0.486357569694519,0.040976096,1,0,0,0,1,1,1,1
348-7,348,7,1,1,0,0.453917920589447,0.546082079410553,1,0,3,3,2,0.20684269,0.486357569694519,0.08262753,1,0,0,0,1,1,1,1
348-8,348,8,1,1,0,0.453917920589447,0.546082079410553,1,0,3,3,2,0.12296479,0.486357569694519,0.042911142,1,0,0,0,1,1,1,1
348-9,348,9,1,1,0,0.453917920589447,0.546082079410553,1,0,5,3,4,0.35603094,0.486357569694519,0.12664236,1,0,0,0,1,1,1,1
348-10,348,10,1,1,0,0.453917920589447,0.546082079410553,1,0,4,2,4,0.056867532,0.486357569694519,0.025117613,1,0,0,0,1,1,1,1
348-11,348,11,1,1,0,0.453917920589447,0.546082079410553,1,0,5,2,4,0.17274854,0.486357569694519,0.06840659,1,0,0,0,1,1,1,1
348-12,348,12,1,1,0,0.453917920589447,0.546082079410553,1,0,4,2,4,0.15338309,0.486357569694519,0.057832245,1,0,0,0,1,1,1,1
349-0,349,0,2,1,0,0.0347626209259032,0.9652373790740968,1,0,4,3,4,0.028414825,0.4492360949516296,0.012710657,1,0,0,0,1,1,1,1
349-1,349,1,2,1,0,0.0347626209259032,0.9652373790740968,1,0,4,3,4,0.040621296,0.4492360949516296,0.019047393,1,0,0,0,1,1,1,1
349-2,349,2,2,0,1,0.9652373790740968,0.9652373790740968,1,1,4,3,4,0.622892,0.4492360949516296,0.3575551,1,1,1,0,1,0,1,1
349-3,349,3,2,1,0,0.0347626209259032,0.9652373790740968,1,0,4,3,4,0.06905317,0.4492360949516296,0.024541305,1,0,0,0,1,1,1,1
349-4,349,4,2,1,0,0.0347626209259032,0.9652373790740968,1,0,5,3,3,0.010100661,0.4492360949516296,0.0054114996,1,0,0,0,1,1,1,1
349-5,349,5,2,1,0,0.0347626209259032,0.9652373790740968,1,0,4,3,3,0.015553524,0.4492360949516296,0.010428549,1,0,0,0,1,1,1,1
349-6,349,6,2,1,0,0.0347626209259032,0.9652373790740968,1,0,5,3,2,0.010615872,0.4492360949516296,0.0042748684,1,0,0,0,1,1,1,1
349-7,349,7,2,1,0,0.0347626209259032,0.9652373790740968,1,0,3,3,2,0.016190942,0.4492360949516296,0.008056952,1,0,0,0,1,1,1,1
349-8,349,8,2,1,0,0.0347626209259032,0.9652373790740968,1,0,3,3,2,0.07127229,0.4492360949516296,0.026538389,1,0,0,0,1,1,1,1
349-9,349,9,2,1,0,0.0347626209259032,0.9652373790740968,1,0,5,3,4,0.065201096,0.4492360949516296,0.024825163,1,0,0,0,1,1,1,1
349-10,349,10,2,1,0,0.0347626209259032,0.9652373790740968,1,0,4,2,4,0.006396992,0.4492360949516296,0.0030841846,1,0,0,0,1,1,1,1
349-11,349,11,2,1,0,0.0347626209259032,0.9652373790740968,1,0,5,2,4,0.005289118,0.4492360949516296,0.002548652,1,0,0,0,1,1,1,1
349-12,349,12,2,1,0,0.0347626209259032,0.9652373790740968,1,0,5,3,4,0.018081598,0.4492360949516296,0.006967361,1,0,0,0,1,1,1,1
350-0,350,0,3,1,0,0.3775253891944885,0.6224746108055115,1,0,4,3,4,0.16055089,0.4455930888652801,0.079964295,1,0,0,0,1,1,1,1
350-1,350,1,3,1,0,0.3775253891944885,0.6224746108055115,1,0,3,4,4,0.14701426,0.4455930888652801,0.058844183,1,0,0,0,1,1,1,1
350-2,350,2,3,1,0,0.3775253891944885,0.6224746108055115,1,0,4,2,4,0.029000517,0.4455930888652801,0.015292102,1,0,0,0,1,1,1,1
350-3,350,3,3,1,0,0.3775253891944885,0.6224746108055115,1,0,2,4,4,0.49743557,0.4455930888652801,0.21529666,1,0,0,0,1,1,1,1
350-4,350,4,3,1,0,0.3775253891944885,0.6224746108055115,1,0,4,4,3,0.056607362,0.4455930888652801,0.026006421,1,0,0,0,1,1,1,1
350-5,350,5,3,1,0,0.3775253891944885,0.6224746108055115,1,0,4,3,3,0.15879233,0.4455930888652801,0.08989553,1,0,0,0,1,1,1,1
350-6,350,6,3,1,0,0.3775253891944885,0.6224746108055115,1,0,3,4,2,0.0363393,0.4455930888652801,0.017778674,1,0,0,0,1,1,1,1
350-7,350,7,3,1,0,0.3775253891944885,0.6224746108055115,1,0,3,3,2,0.1365571,0.4455930888652801,0.05740905,1,0,0,0,1,1,1,1
350-8,350,8,3,1,0,0.3775253891944885,0.6224746108055115,1,0,3,3,2,0.042341128,0.4455930888652801,0.028466381,1,0,0,0,1,1,1,1
350-9,350,9,3,1,0,0.3775253891944885,0.6224746108055115,1,0,5,3,4,0.13695951,0.4455930888652801,0.056330197,1,0,0,0,1,1,1,1
350-10,350,10,3,1,0,0.3775253891944885,0.6224746108055115,1,0,4,3,4,0.023788044,0.4455930888652801,0.017403563,1,0,0,0,1,1,1,1
350-11,350,11,3,1,0,0.3775253891944885,0.6224746108055115,1,0,4,3,4,0.03702478,0.4455930888652801,0.036101013,1,0,0,0,1,1,1,1
350-12,350,12,3,1,0,0.3775253891944885,0.6224746108055115,1,0,4,4,4,0.11024625,0.4455930888652801,0.052568607,1,0,0,0,1,1,1,1
351-0,351,0,4,0,1,0.4212730824947357,0.4212730824947357,0,0,4,3,4,0.14738713,0.5368138551712036,0.059767988,1,0,0,0,0,0,0,0
351-1,351,1,4,1,0,0.5787269175052643,0.4212730824947357,0,1,4,4,4,0.18548933,0.5368138551712036,0.06301105,1,1,0,0,0,1,0,1
351-2,351,2,4,0,1,0.4212730824947357,0.4212730824947357,0,0,3,3,4,0.55699027,0.5368138551712036,0.23010504,1,0,1,0,0,0,0,1
351-3,351,3,4,1,0,0.5787269175052643,0.4212730824947357,0,1,2,3,4,0.33336937,0.5368138551712036,0.12518539,1,1,0,0,0,1,0,1
351-4,351,4,4,0,1,0.4212730824947357,0.4212730824947357,0,0,4,2,3,0.08483614,0.5368138551712036,0.042544883,1,0,0,0,0,0,0,0
351-5,351,5,4,0,1,0.4212730824947357,0.4212730824947357,0,0,3,3,3,0.11544335,0.5368138551712036,0.06298844,1,0,0,0,0,0,0,0
351-6,351,6,4,0,1,0.4212730824947357,0.4212730824947357,0,0,3,4,2,0.16945834,0.5368138551712036,0.07755587,1,0,0,0,0,0,0,0
351-7,351,7,4,0,1,0.4212730824947357,0.4212730824947357,0,0,3,3,2,0.2157224,0.5368138551712036,0.10974758,1,0,0,0,0,0,0,0
351-8,351,8,4,0,1,0.4212730824947357,0.4212730824947357,0,0,2,3,2,0.33058545,0.5368138551712036,0.18613791,1,0,0,0,0,0,0,0
351-9,351,9,4,0,1,0.4212730824947357,0.4212730824947357,0,0,4,3,4,0.407223,0.5368138551712036,0.17464606,1,0,0,0,0,0,0,0
351-10,351,10,4,1,0,0.5787269175052643,0.4212730824947357,0,1,3,3,4,0.049294345,0.5368138551712036,0.021990877,1,1,0,0,0,1,0,1
351-11,351,11,4,1,0,0.5787269175052643,0.4212730824947357,0,1,5,2,4,0.12710133,0.5368138551712036,0.048967727,1,1,0,0,0,1,0,1
351-12,351,12,4,0,1,0.4212730824947357,0.4212730824947357,0,0,3,3,4,0.22891529,0.5368138551712036,0.10977383,1,0,0,0,0,0,0,0
352-0,352,0,3,0,0,0.1402801871299743,0.1402801871299743,0,0,4,3,4,0.13124089,0.4455930888652801,0.06933491,0,0,0,0,1,1,1,1
352-1,352,1,3,0,0,0.1402801871299743,0.1402801871299743,0,0,4,2,4,0.09832382,0.4455930888652801,0.04398302,0,0,0,0,1,1,1,1
352-2,352,2,3,0,0,0.1402801871299743,0.1402801871299743,0,0,5,2,4,0.023024164,0.4455930888652801,0.011963392,0,0,0,0,1,1,1,1
352-3,352,3,3,0,0,0.1402801871299743,0.1402801871299743,0,0,3,3,4,0.38534933,0.4455930888652801,0.15763253,0,0,0,0,1,1,1,1
352-4,352,4,3,0,0,0.1402801871299743,0.1402801871299743,0,0,5,1,3,0.025338871,0.4455930888652801,0.011901893,0,0,0,0,1,1,1,1
352-5,352,5,3,0,0,0.1402801871299743,0.1402801871299743,0,0,4,2,3,0.13183837,0.4455930888652801,0.07477374,0,0,0,0,1,1,1,1
352-6,352,6,3,0,0,0.1402801871299743,0.1402801871299743,0,0,5,3,2,0.02454598,0.4455930888652801,0.011191041,0,0,0,0,1,1,1,1
352-7,352,7,3,0,0,0.1402801871299743,0.1402801871299743,0,0,3,3,2,0.095549345,0.4455930888652801,0.041354433,0,0,0,0,1,1,1,1
352-8,352,8,3,0,0,0.1402801871299743,0.1402801871299743,0,0,3,3,2,0.028268155,0.4455930888652801,0.021363355,0,0,0,0,1,1,1,1
352-9,352,9,3,0,0,0.1402801871299743,0.1402801871299743,0,0,4,3,4,0.15912332,0.4455930888652801,0.072694674,0,0,0,0,1,1,1,1
352-10,352,10,3,0,0,0.1402801871299743,0.1402801871299743,0,0,4,2,4,0.035856646,0.4455930888652801,0.01693497,0,0,0,0,1,1,1,1
352-11,352,11,3,0,0,0.1402801871299743,0.1402801871299743,0,0,4,3,4,0.028814461,0.4455930888652801,0.029646207,0,0,0,0,1,1,1,1
352-12,352,12,3,0,0,0.1402801871299743,0.1402801871299743,0,0,4,3,4,0.09082015,0.4455930888652801,0.0433017,0,0,0,0,1,1,1,1
353-0,353,0,2,1,0,0.2607824206352234,0.7392175793647766,1,0,4,3,4,0.13442785,0.4492360949516296,0.045750037,1,0,0,0,1,1,1,1
353-1,353,1,2,1,0,0.2607824206352234,0.7392175793647766,1,0,4,3,4,0.20226292,0.4492360949516296,0.086133145,1,0,0,0,1,1,1,1
353-2,353,2,2,1,0,0.2607824206352234,0.7392175793647766,1,0,4,4,4,0.27706352,0.4492360949516296,0.10220561,1,0,0,0,1,1,1,1
353-3,353,3,2,1,0,0.2607824206352234,0.7392175793647766,1,0,2,3,4,0.32309094,0.4492360949516296,0.117481396,1,0,0,0,1,1,1,1
353-4,353,4,2,1,0,0.2607824206352234,0.7392175793647766,1,0,5,3,3,0.04646288,0.4492360949516296,0.019809838,1,0,0,0,1,1,1,1
353-5,353,5,2,1,0,0.2607824206352234,0.7392175793647766,1,0,4,3,3,0.08720798,0.4492360949516296,0.049395468,1,0,0,0,1,1,1,1
353-6,353,6,2,1,0,0.2607824206352234,0.7392175793647766,1,0,4,4,2,0.0464083,0.4492360949516296,0.017518502,1,0,0,0,1,1,1,1
353-7,353,7,2,1,0,0.2607824206352234,0.7392175793647766,1,0,3,3,2,0.089616306,0.4492360949516296,0.037905946,1,0,0,0,1,1,1,1
353-8,353,8,2,0,1,0.7392175793647766,0.7392175793647766,1,1,2,3,2,0.5127214,0.4492360949516296,0.25223893,1,1,1,0,1,0,1,1
353-9,353,9,2,1,0,0.2607824206352234,0.7392175793647766,1,0,4,4,4,0.30566856,0.4492360949516296,0.116434835,1,0,0,0,1,1,1,1
353-10,353,10,2,1,0,0.2607824206352234,0.7392175793647766,1,0,3,3,4,0.035242252,0.4492360949516296,0.013818304,1,0,0,0,1,1,1,1
353-11,353,11,2,1,0,0.2607824206352234,0.7392175793647766,1,0,3,3,4,0.036691546,0.4492360949516296,0.014097724,1,0,0,0,1,1,1,1
353-12,353,12,2,1,0,0.2607824206352234,0.7392175793647766,1,0,5,3,4,0.085345864,0.4492360949516296,0.026365573,1,0,0,0,1,1,1,1
354-0,354,0,3,1,0,0.2160206437110901,0.7839793562889099,1,0,3,3,4,0.10768469,0.4455930888652801,0.048146907,1,0,0,0,1,1,1,1
354-1,354,1,3,1,0,0.2160206437110901,0.7839793562889099,1,0,4,3,4,0.06384,0.4455930888652801,0.027515652,1,0,0,0,1,1,1,1
354-2,354,2,3,1,0,0.2160206437110901,0.7839793562889099,1,0,4,3,4,0.018214528,0.4455930888652801,0.009876549,1,0,0,0,1,1,1,1
354-3,354,3,3,1,0,0.2160206437110901,0.7839793562889099,1,0,3,3,4,0.29564795,0.4455930888652801,0.10187955,1,0,0,0,1,1,1,1
354-4,354,4,3,1,0,0.2160206437110901,0.7839793562889099,1,0,5,2,3,0.022004524,0.4455930888652801,0.010186971,1,0,0,0,1,1,1,1
354-5,354,5,3,1,0,0.2160206437110901,0.7839793562889099,1,0,4,3,3,0.08746497,0.4455930888652801,0.04911693,1,0,0,0,1,1,1,1
354-6,354,6,3,1,0,0.2160206437110901,0.7839793562889099,1,0,5,3,2,0.016613724,0.4455930888652801,0.00814591,1,0,0,0,1,1,1,1
354-7,354,7,3,1,0,0.2160206437110901,0.7839793562889099,1,0,3,3,2,0.06865264,0.4455930888652801,0.028156655,1,0,0,0,1,1,1,1
354-8,354,8,3,1,0,0.2160206437110901,0.7839793562889099,1,0,3,3,2,0.020334044,0.4455930888652801,0.014302201,1,0,0,0,1,1,1,1
354-9,354,9,3,1,0,0.2160206437110901,0.7839793562889099,1,0,5,3,4,0.092108674,0.4455930888652801,0.037870478,1,0,0,0,1,1,1,1
354-10,354,10,3,1,0,0.2160206437110901,0.7839793562889099,1,0,3,3,4,0.029829843,0.4455930888652801,0.012090124,1,0,0,0,1,1,1,1
354-11,354,11,3,1,0,0.2160206437110901,0.7839793562889099,1,0,5,2,4,0.016291844,0.4455930888652801,0.015829159,1,0,0,0,1,1,1,1
354-12,354,12,3,1,0,0.2160206437110901,0.7839793562889099,1,0,4,2,4,0.058826406,0.4455930888652801,0.027370986,1,0,0,0,1,1,1,1
355-0,355,0,2,0,0,0.1285349875688552,0.1285349875688552,0,0,4,3,4,0.1767118,0.4492360949516296,0.062482942,0,0,0,0,1,1,1,1
355-1,355,1,2,0,0,0.1285349875688552,0.1285349875688552,0,0,4,2,4,0.22489032,0.4492360949516296,0.09460071,0,0,0,0,1,1,1,1
355-2,355,2,2,0,0,0.1285349875688552,0.1285349875688552,0,0,5,2,4,0.25221267,0.4492360949516296,0.09554625,0,0,0,0,1,1,1,1
355-3,355,3,2,0,0,0.1285349875688552,0.1285349875688552,0,0,3,3,4,0.38852397,0.4492360949516296,0.14255248,0,0,0,0,1,1,1,1
355-4,355,4,2,0,0,0.1285349875688552,0.1285349875688552,0,0,5,3,3,0.06442191,0.4492360949516296,0.027863178,0,0,0,0,1,1,1,1
355-5,355,5,2,0,0,0.1285349875688552,0.1285349875688552,0,0,4,2,3,0.09650118,0.4492360949516296,0.05485926,0,0,0,0,1,1,1,1
355-6,355,6,2,0,0,0.1285349875688552,0.1285349875688552,0,0,4,3,2,0.062227845,0.4492360949516296,0.024079144,0,0,0,0,1,1,1,1
355-7,355,7,2,1,1,0.8714650124311448,0.1285349875688552,0,1,3,3,2,0.17828454,0.4492360949516296,0.09321904,0,1,0,0,1,0,1,0
355-8,355,8,2,0,0,0.1285349875688552,0.1285349875688552,0,0,3,3,2,0.3814857,0.4492360949516296,0.14492926,0,0,0,0,1,1,1,1
355-9,355,9,2,0,0,0.1285349875688552,0.1285349875688552,0,0,5,1,4,0.22723229,0.4492360949516296,0.08707026,0,0,0,0,1,1,1,1
355-10,355,10,2,0,0,0.1285349875688552,0.1285349875688552,0,0,4,3,4,0.042594403,0.4492360949516296,0.016142214,0,0,0,0,1,1,1,1
355-11,355,11,2,0,0,0.1285349875688552,0.1285349875688552,0,0,5,2,4,0.027833216,0.4492360949516296,0.0114669055,0,0,0,0,1,1,1,1
355-12,355,12,2,0,0,0.1285349875688552,0.1285349875688552,0,0,4,2,4,0.11988206,0.4492360949516296,0.044199508,0,0,0,0,1,1,1,1
356-0,356,0,5,1,0,0.2144109606742859,0.7855890393257141,1,0,4,3,4,0.032989804,0.372329980134964,0.012612812,1,0,0,0,1,1,1,1
356-1,356,1,5,1,0,0.2144109606742859,0.7855890393257141,1,0,4,3,4,0.08757596,0.372329980134964,0.028202383,1,0,0,0,1,1,1,1
356-2,356,2,5,0,1,0.7855890393257141,0.7855890393257141,1,1,5,2,4,0.05818963,0.372329980134964,0.026517179,1,1,0,0,1,0,1,0
356-3,356,3,5,1,0,0.2144109606742859,0.7855890393257141,1,0,3,3,4,0.10187087,0.372329980134964,0.04945158,1,0,0,0,1,1,1,1
356-4,356,4,5,1,0,0.2144109606742859,0.7855890393257141,1,0,5,3,3,0.022760822,0.372329980134964,0.011313856,1,0,0,0,1,1,1,1
356-5,356,5,5,0,1,0.7855890393257141,0.7855890393257141,1,1,4,2,3,0.01082295,0.372329980134964,0.009344808,1,1,0,0,1,0,1,0
356-6,356,6,5,1,0,0.2144109606742859,0.7855890393257141,1,0,5,3,2,0.07587356,0.372329980134964,0.034530956,1,0,0,0,1,1,1,1
356-7,356,7,5,1,0,0.2144109606742859,0.7855890393257141,1,0,3,3,2,0.07894263,0.372329980134964,0.025577202,1,0,0,0,1,1,1,1
356-8,356,8,5,1,0,0.2144109606742859,0.7855890393257141,1,0,3,3,2,0.037858933,0.372329980134964,0.010540394,1,0,0,0,1,1,1,1
356-9,356,9,5,1,0,0.2144109606742859,0.7855890393257141,1,0,5,2,4,0.07565435,0.372329980134964,0.022332234,1,0,0,0,1,1,1,1
356-10,356,10,5,1,0,0.2144109606742859,0.7855890393257141,1,0,4,3,4,0.006943463,0.372329980134964,0.004638417,1,0,0,0,1,1,1,1
356-11,356,11,5,1,0,0.2144109606742859,0.7855890393257141,1,0,5,2,4,0.01369988,0.372329980134964,0.006110977,1,0,0,0,1,1,1,1
356-12,356,12,5,1,0,0.2144109606742859,0.7855890393257141,1,0,4,2,4,0.05962385,0.372329980134964,0.018453104,1,0,0,0,1,1,1,1
357-0,357,0,5,0,0,0.4857731163501739,0.4857731163501739,0,0,4,2,4,0.05418176,0.372329980134964,0.019908004,0,0,0,0,1,1,1,1
357-1,357,1,5,0,0,0.4857731163501739,0.4857731163501739,0,0,5,1,4,0.10808679,0.372329980134964,0.034220465,0,0,0,0,1,1,1,1
357-2,357,2,5,0,0,0.4857731163501739,0.4857731163501739,0,0,4,3,4,0.03220367,0.372329980134964,0.015110674,0,0,0,0,1,1,1,1
357-3,357,3,5,0,0,0.4857731163501739,0.4857731163501739,0,0,3,3,4,0.19911604,0.372329980134964,0.09694394,0,0,0,0,1,1,1,1
357-4,357,4,5,0,0,0.4857731163501739,0.4857731163501739,0,0,5,2,3,0.037086874,0.372329980134964,0.01621046,0,0,0,0,1,1,1,1
357-5,357,5,5,0,0,0.4857731163501739,0.4857731163501739,0,0,4,2,3,0.009826487,0.372329980134964,0.005467942,0,0,0,0,1,1,1,1
357-6,357,6,5,0,0,0.4857731163501739,0.4857731163501739,0,0,3,3,2,0.16988295,0.372329980134964,0.07729184,0,0,0,0,1,1,1,1
357-7,357,7,5,0,0,0.4857731163501739,0.4857731163501739,0,0,3,3,2,0.11675332,0.372329980134964,0.03979257,0,0,0,0,1,1,1,1
357-8,357,8,5,0,0,0.4857731163501739,0.4857731163501739,0,0,3,3,2,0.054335296,0.372329980134964,0.015566335,0,0,0,0,1,1,1,1
357-9,357,9,5,0,0,0.4857731163501739,0.4857731163501739,0,0,5,1,4,0.11018661,0.372329980134964,0.03526216,0,0,0,0,1,1,1,1
357-10,357,10,5,0,0,0.4857731163501739,0.4857731163501739,0,0,3,3,4,0.011139396,0.372329980134964,0.009026351,0,0,0,0,1,1,1,1
357-11,357,11,5,0,0,0.4857731163501739,0.4857731163501739,0,0,5,2,4,0.023607323,0.372329980134964,0.009926197,0,0,0,0,1,1,1,1
357-12,357,12,5,0,0,0.4857731163501739,0.4857731163501739,0,0,4,2,4,0.07880974,0.372329980134964,0.026810851,0,0,0,0,1,1,1,1
358-0,358,0,3,1,1,0.9146642833948136,0.0853357166051864,0,1,3,4,4,0.29887798,0.4455930888652801,0.16453509,0,1,0,0,1,0,1,0
358-1,358,1,3,0,0,0.0853357166051864,0.0853357166051864,0,0,4,2,4,0.11275857,0.4455930888652801,0.04976294,0,0,0,0,1,1,1,1
358-2,358,2,3,0,0,0.0853357166051864,0.0853357166051864,0,0,4,3,4,0.033419795,0.4455930888652801,0.018184908,0,0,0,0,1,1,1,1
358-3,358,3,3,0,0,0.0853357166051864,0.0853357166051864,0,0,4,3,4,0.3827104,0.4455930888652801,0.16341296,0,0,0,0,1,1,1,1
358-4,358,4,3,0,0,0.0853357166051864,0.0853357166051864,0,0,5,3,3,0.03792493,0.4455930888652801,0.016027508,0,0,0,0,1,1,1,1
358-5,358,5,3,0,0,0.0853357166051864,0.0853357166051864,0,0,4,2,3,0.15037274,0.4455930888652801,0.08424337,0,0,0,0,1,1,1,1
358-6,358,6,3,0,0,0.0853357166051864,0.0853357166051864,0,0,3,4,2,0.035141055,0.4455930888652801,0.017323693,0,0,0,0,1,1,1,1
358-7,358,7,3,0,0,0.0853357166051864,0.0853357166051864,0,0,3,3,2,0.10962621,0.4455930888652801,0.04680584,0,0,0,0,1,1,1,1
358-8,358,8,3,0,0,0.0853357166051864,0.0853357166051864,0,0,3,3,2,0.03314581,0.4455930888652801,0.024495622,0,0,0,0,1,1,1,1
358-9,358,9,3,0,0,0.0853357166051864,0.0853357166051864,0,0,5,1,4,0.12806107,0.4455930888652801,0.05722548,0,0,0,0,1,1,1,1
358-10,358,10,3,0,0,0.0853357166051864,0.0853357166051864,0,0,4,2,4,0.041543193,0.4455930888652801,0.019430846,0,0,0,0,1,1,1,1
358-11,358,11,3,0,0,0.0853357166051864,0.0853357166051864,0,0,4,3,4,0.033656873,0.4455930888652801,0.033950783,0,0,0,0,1,1,1,1
358-12,358,12,3,0,0,0.0853357166051864,0.0853357166051864,0,0,4,3,4,0.104280606,0.4455930888652801,0.048996672,0,0,0,0,1,1,1,1
359-0,359,0,5,1,0,0.0091598629951475,0.9908401370048524,1,0,4,2,4,0.027647162,0.372329980134964,0.008959484,1,0,0,0,1,1,1,1
359-1,359,1,5,1,0,0.0091598629951475,0.9908401370048524,1,0,4,3,4,0.07418156,0.372329980134964,0.020334097,1,0,0,0,1,1,1,1
359-2,359,2,5,1,0,0.0091598629951475,0.9908401370048524,1,0,4,3,4,0.012976352,0.372329980134964,0.005990236,1,0,0,0,1,1,1,1
359-3,359,3,5,0,1,0.9908401370048524,0.9908401370048524,1,1,3,3,4,0.4677163,0.372329980134964,0.36926508,1,1,0,0,1,0,1,0
359-4,359,4,5,1,0,0.0091598629951475,0.9908401370048524,1,0,5,2,3,0.019261355,0.372329980134964,0.012732145,1,0,0,0,1,1,1,1
359-5,359,5,5,1,0,0.0091598629951475,0.9908401370048524,1,0,4,3,3,0.0060558203,0.372329980134964,0.0036078792,1,0,0,0,1,1,1,1
359-6,359,6,5,1,0,0.0091598629951475,0.9908401370048524,1,0,3,4,2,0.092099585,0.372329980134964,0.041571587,1,0,0,0,1,1,1,1
359-7,359,7,5,1,0,0.0091598629951475,0.9908401370048524,1,0,3,3,2,0.06501942,0.372329980134964,0.021496393,1,0,0,0,1,1,1,1
359-8,359,8,5,1,0,0.0091598629951475,0.9908401370048524,1,0,2,3,2,0.030542683,0.372329980134964,0.009368698,1,0,0,0,1,1,1,1
359-9,359,9,5,1,0,0.0091598629951475,0.9908401370048524,1,0,5,3,4,0.06593303,0.372329980134964,0.021587921,1,0,0,0,1,1,1,1
359-10,359,10,5,1,0,0.0091598629951475,0.9908401370048524,1,0,3,3,4,0.0076547577,0.372329980134964,0.004357522,1,0,0,0,1,1,1,1
359-11,359,11,5,1,0,0.0091598629951475,0.9908401370048524,1,0,5,2,4,0.011533372,0.372329980134964,0.005984467,1,0,0,0,1,1,1,1
359-12,359,12,5,1,0,0.0091598629951475,0.9908401370048524,1,0,3,3,4,0.07200833,0.372329980134964,0.018493958,1,0,0,0,1,1,1,1
360-0,360,0,5,0,0,0.522675096988678,0.522675096988678,1,1,5,1,4,0.054971877,0.372329980134964,0.025815623,0,1,0,0,0,1,0,1
360-1,360,1,5,0,0,0.522675096988678,0.522675096988678,1,1,4,3,4,0.20269339,0.372329980134964,0.0878376,0,1,0,0,0,1,0,1
360-2,360,2,5,0,0,0.522675096988678,0.522675096988678,1,1,4,3,4,0.048554808,0.372329980134964,0.026526792,0,1,0,0,0,1,0,1
360-3,360,3,5,0,0,0.522675096988678,0.522675096988678,1,1,4,3,4,0.21050268,0.372329980134964,0.12500657,0,1,0,0,0,1,0,1
360-4,360,4,5,0,0,0.522675096988678,0.522675096988678,1,1,5,2,3,0.048851497,0.372329980134964,0.028220123,0,1,0,0,0,1,0,1
360-5,360,5,5,0,0,0.522675096988678,0.522675096988678,1,1,4,2,3,0.010519929,0.372329980134964,0.009006731,0,1,0,0,0,1,0,1
360-6,360,6,5,0,0,0.522675096988678,0.522675096988678,1,1,4,4,2,0.17839673,0.372329980134964,0.106756486,0,1,0,0,0,1,0,1
360-7,360,7,5,0,0,0.522675096988678,0.522675096988678,1,1,3,3,2,0.16804302,0.372329980134964,0.0690446,0,1,0,0,0,1,0,1
360-8,360,8,5,0,0,0.522675096988678,0.522675096988678,1,1,3,3,2,0.08022222,0.372329980134964,0.027261892,0,1,0,0,0,1,0,1
360-9,360,9,5,0,0,0.522675096988678,0.522675096988678,1,1,5,2,4,0.14587495,0.372329980134964,0.05847231,0,1,0,0,0,1,0,1
360-10,360,10,5,0,0,0.522675096988678,0.522675096988678,1,1,4,2,4,0.008099754,0.372329980134964,0.009484024,0,1,0,0,0,1,0,1
360-11,360,11,5,0,0,0.522675096988678,0.522675096988678,1,1,5,2,4,0.033438154,0.372329980134964,0.01641674,0,1,0,0,0,1,0,1
360-12,360,12,5,0,0,0.522675096988678,0.522675096988678,1,1,4,2,4,0.11391682,0.372329980134964,0.046353325,0,1,0,0,0,1,0,1
361-0,361,0,5,0,0,0.0093290051445364,0.0093290051445364,0,0,4,2,4,0.01917987,0.372329980134964,0.008718725,0,0,0,0,1,1,1,1
361-1,361,1,5,0,0,0.0093290051445364,0.0093290051445364,0,0,4,2,4,0.05171885,0.372329980134964,0.019590667,0,0,0,0,1,1,1,1
361-2,361,2,5,0,0,0.0093290051445364,0.0093290051445364,0,0,3,4,4,0.01150463,0.372329980134964,0.0072861146,0,0,0,0,1,1,1,1
361-3,361,3,5,0,0,0.0093290051445364,0.0093290051445364,0,0,4,3,4,0.057230763,0.372329980134964,0.029521305,0,0,0,0,1,1,1,1
361-4,361,4,5,0,0,0.0093290051445364,0.0093290051445364,0,0,5,2,3,0.014805064,0.372329980134964,0.012469719,0,0,0,0,1,1,1,1
361-5,361,5,5,0,0,0.0093290051445364,0.0093290051445364,0,0,4,2,3,0.004540593,0.372329980134964,0.0034487299,0,0,0,0,1,1,1,1
361-6,361,6,5,0,0,0.0093290051445364,0.0093290051445364,0,0,4,3,2,0.06506946,0.372329980134964,0.036414318,0,0,0,0,1,1,1,1
361-7,361,7,5,0,0,0.0093290051445364,0.0093290051445364,0,0,3,3,2,0.04675416,0.372329980134964,0.020769123,0,0,0,0,1,1,1,1
361-8,361,8,5,0,0,0.0093290051445364,0.0093290051445364,0,0,3,3,2,0.020566318,0.372329980134964,0.008342774,0,0,0,0,1,1,1,1
361-9,361,9,5,0,0,0.0093290051445364,0.0093290051445364,0,0,5,2,4,0.048887946,0.372329980134964,0.022361908,0,0,0,0,1,1,1,1
361-10,361,10,5,0,0,0.0093290051445364,0.0093290051445364,0,0,4,3,4,0.0043200133,0.372329980134964,0.0034894578,0,0,0,0,1,1,1,1
361-11,361,11,5,0,0,0.0093290051445364,0.0093290051445364,0,0,5,2,4,0.010385236,0.372329980134964,0.006715787,0,0,0,0,1,1,1,1
361-12,361,12,5,0,0,0.0093290051445364,0.0093290051445364,0,0,4,2,4,0.03984818,0.372329980134964,0.014269487,0,0,0,0,1,1,1,1
362-0,362,0,2,1,1,0.9671336151659488,0.0328663848340511,0,1,4,2,4,0.43162954,0.4492360949516296,0.2628583,0,1,0,0,1,0,1,0
362-1,362,1,2,1,1,0.9671336151659488,0.0328663848340511,0,1,3,4,4,0.63456804,0.4492360949516296,0.46131352,0,1,1,0,1,0,1,1
362-2,362,2,2,1,1,0.9671336151659488,0.0328663848340511,0,1,4,3,4,0.7285212,0.4492360949516296,0.47229442,0,1,1,0,1,0,1,1
362-3,362,3,2,1,1,0.9671336151659488,0.0328663848340511,0,1,3,3,4,0.7693059,0.4492360949516296,0.5151169,0,1,1,1,1,0,1,1
362-4,362,4,2,0,0,0.0328663848340511,0.0328663848340511,0,0,5,3,3,0.014972178,0.4492360949516296,0.00695501,0,0,0,0,1,1,1,1
362-5,362,5,2,0,0,0.0328663848340511,0.0328663848340511,0,0,4,2,3,0.021876603,0.4492360949516296,0.013226903,0,0,0,0,1,1,1,1
362-6,362,6,2,0,0,0.0328663848340511,0.0328663848340511,0,0,3,4,2,0.018535992,0.4492360949516296,0.006724737,0,0,0,0,1,1,1,1
362-7,362,7,2,1,1,0.9671336151659488,0.0328663848340511,0,1,2,3,2,0.44895348,0.4492360949516296,0.2661753,0,1,0,0,1,0,1,0
362-8,362,8,2,1,1,0.9671336151659488,0.0328663848340511,0,1,2,3,2,0.789284,0.4492360949516296,0.5486865,0,1,1,1,1,0,1,1
362-9,362,9,2,1,1,0.9671336151659488,0.0328663848340511,0,1,4,4,4,0.7199561,0.4492360949516296,0.4788917,0,1,1,0,1,0,1,1
362-10,362,10,2,1,1,0.9671336151659488,0.0328663848340511,0,1,3,3,4,0.15137069,0.4492360949516296,0.092451975,0,1,0,0,1,0,1,0
362-11,362,11,2,1,1,0.9671336151659488,0.0328663848340511,0,1,5,3,4,0.07389072,0.4492360949516296,0.040289517,0,1,0,0,1,0,1,0
362-12,362,12,2,1,1,0.9671336151659488,0.0328663848340511,0,1,1,3,4,0.47968584,0.4492360949516296,0.28277332,0,1,0,0,1,0,1,0
363-0,363,0,1,0,1,0.9140676259994508,0.9140676259994508,1,1,4,3,4,0.58593225,0.486357569694519,0.3035901,1,1,1,0,1,0,1,1
363-1,363,1,1,0,1,0.9140676259994508,0.9140676259994508,1,1,4,2,4,0.5608893,0.486357569694519,0.2637948,1,1,1,0,1,0,1,1
363-2,363,2,1,0,1,0.9140676259994508,0.9140676259994508,1,1,4,2,4,0.37747553,0.486357569694519,0.16488354,1,1,0,0,1,0,1,0
363-3,363,3,1,0,1,0.9140676259994508,0.9140676259994508,1,1,4,1,4,0.38869396,0.486357569694519,0.17772797,1,1,0,0,1,0,1,0
363-4,363,4,1,0,1,0.9140676259994508,0.9140676259994508,1,1,5,2,3,0.16306859,0.486357569694519,0.08059922,1,1,0,0,1,0,1,0
363-5,363,5,1,0,1,0.9140676259994508,0.9140676259994508,1,1,4,3,3,0.26894704,0.486357569694519,0.11393271,1,1,0,0,1,0,1,0
363-6,363,6,1,1,0,0.0859323740005492,0.9140676259994508,1,0,3,4,2,0.0653095,0.486357569694519,0.022338398,1,0,0,0,1,1,1,1
363-7,363,7,1,0,1,0.9140676259994508,0.9140676259994508,1,1,3,3,2,0.3864712,0.486357569694519,0.16750269,1,1,0,0,1,0,1,0
363-8,363,8,1,0,1,0.9140676259994508,0.9140676259994508,1,1,3,3,2,0.20481728,0.486357569694519,0.09311088,1,1,0,0,1,0,1,0
363-9,363,9,1,0,1,0.9140676259994508,0.9140676259994508,1,1,4,3,4,0.5932845,0.486357569694519,0.27987787,1,1,1,0,1,0,1,1
363-10,363,10,1,0,1,0.9140676259994508,0.9140676259994508,1,1,4,2,4,0.0640876,0.486357569694519,0.038345456,1,1,0,0,1,0,1,0
363-11,363,11,1,0,1,0.9140676259994508,0.9140676259994508,1,1,5,2,4,0.3030009,0.486357569694519,0.13908464,1,1,0,0,1,0,1,0
363-12,363,12,1,0,1,0.9140676259994508,0.9140676259994508,1,1,4,3,4,0.28902018,0.486357569694519,0.12815154,1,1,0,0,1,0,1,0
364-0,364,0,5,0,0,0.9271562099456788,0.9271562099456788,1,1,4,2,4,0.11391612,0.372329980134964,0.05293032,0,1,0,0,0,1,0,1
364-1,364,1,5,0,0,0.9271562099456788,0.9271562099456788,1,1,4,2,4,0.29993,0.372329980134964,0.112666495,0,1,0,0,0,1,0,1
364-2,364,2,5,0,0,0.9271562099456788,0.9271562099456788,1,1,4,3,4,0.06446559,0.372329980134964,0.031724893,0,1,0,0,0,1,0,1
364-3,364,3,5,0,0,0.9271562099456788,0.9271562099456788,1,1,4,3,4,0.24283408,0.372329980134964,0.15192781,0,1,0,0,0,1,0,1
364-4,364,4,5,0,0,0.9271562099456788,0.9271562099456788,1,1,5,1,3,0.09223054,0.372329980134964,0.04211486,0,1,0,0,0,1,0,1
364-5,364,5,5,0,0,0.9271562099456788,0.9271562099456788,1,1,4,2,3,0.007942651,0.372329980134964,0.0067772227,0,1,0,0,0,1,0,1
364-6,364,6,5,0,0,0.9271562099456788,0.9271562099456788,1,1,4,3,2,0.2987131,0.372329980134964,0.13540459,0,1,0,0,0,1,0,1
364-7,364,7,5,1,1,0.0728437900543211,0.9271562099456788,1,0,2,3,2,0.0890193,0.372329980134964,0.03006266,0,0,0,0,0,0,0,0
364-8,364,8,5,0,0,0.9271562099456788,0.9271562099456788,1,1,3,3,2,0.11506567,0.372329980134964,0.032445587,0,1,0,0,0,1,0,1
364-9,364,9,5,0,0,0.9271562099456788,0.9271562099456788,1,1,4,3,4,0.30855393,0.372329980134964,0.1184435,0,1,0,0,0,1,0,1
364-10,364,10,5,1,1,0.0728437900543211,0.9271562099456788,1,0,3,4,4,0.010226053,0.372329980134964,0.00634553,0,0,0,0,0,0,0,0
364-11,364,11,5,1,1,0.0728437900543211,0.9271562099456788,1,0,4,3,4,0.017638052,0.372329980134964,0.008595577,0,0,0,0,0,0,0,0
364-12,364,12,5,0,0,0.9271562099456788,0.9271562099456788,1,1,4,2,4,0.18301491,0.372329980134964,0.06764086,0,1,0,0,0,1,0,1
365-0,365,0,2,0,0,0.7168349623680115,0.7168349623680115,1,1,4,3,4,0.26757872,0.4492360949516296,0.12815906,0,1,0,0,0,1,0,1
365-1,365,1,2,0,0,0.7168349623680115,0.7168349623680115,1,1,4,2,4,0.387236,0.4492360949516296,0.21446311,0,1,0,0,0,1,0,1
365-2,365,2,2,1,1,0.2831650376319885,0.7168349623680115,1,0,3,3,4,0.24688959,0.4492360949516296,0.10597155,0,0,0,0,0,0,0,0
365-3,365,3,2,0,0,0.7168349623680115,0.7168349623680115,1,1,4,2,4,0.53338253,0.4492360949516296,0.23768239,0,1,1,0,0,1,0,0
365-4,365,4,2,0,0,0.7168349623680115,0.7168349623680115,1,1,5,2,3,0.13310575,0.4492360949516296,0.054933872,0,1,0,0,0,1,0,1
365-5,365,5,2,0,0,0.7168349623680115,0.7168349623680115,1,1,3,3,3,0.240737,0.4492360949516296,0.1562921,0,1,0,0,0,1,0,1
365-6,365,6,2,0,0,0.7168349623680115,0.7168349623680115,1,1,3,4,2,0.06606203,0.4492360949516296,0.035800803,0,1,0,0,0,1,0,1
365-7,365,7,2,1,1,0.2831650376319885,0.7168349623680115,1,0,2,3,2,0.074471265,0.4492360949516296,0.038397122,0,0,0,0,0,0,0,0
365-8,365,8,2,0,0,0.7168349623680115,0.7168349623680115,1,1,2,3,2,0.55215675,0.4492360949516296,0.28145057,0,1,1,0,0,1,0,0
365-9,365,9,2,0,0,0.7168349623680115,0.7168349623680115,1,1,4,4,4,0.5453813,0.4492360949516296,0.28335953,0,1,1,0,0,1,0,0
365-10,365,10,2,0,0,0.7168349623680115,0.7168349623680115,1,1,4,3,4,0.05829865,0.4492360949516296,0.028284067,0,1,0,0,0,1,0,1
365-11,365,11,2,0,0,0.7168349623680115,0.7168349623680115,1,1,4,2,4,0.05656064,0.4492360949516296,0.02734352,0,1,0,0,0,1,0,1
365-12,365,12,2,0,0,0.7168349623680115,0.7168349623680115,1,1,3,3,4,0.23516272,0.4492360949516296,0.11301614,0,1,0,0,0,1,0,1
366-0,366,0,3,0,1,0.3815105557441711,0.3815105557441711,0,0,4,3,4,0.21308863,0.4455930888652801,0.10112091,1,0,0,0,0,0,0,0
366-1,366,1,3,1,0,0.6184894442558289,0.3815105557441711,0,1,4,3,4,0.14442736,0.4455930888652801,0.06258905,1,1,0,0,0,1,0,1
366-2,366,2,3,1,0,0.6184894442558289,0.3815105557441711,0,1,5,3,4,0.021826547,0.4455930888652801,0.012643169,1,1,0,0,0,1,0,1
366-3,366,3,3,0,1,0.3815105557441711,0.3815105557441711,0,0,4,2,4,0.47979647,0.4455930888652801,0.19535308,1,0,0,0,0,0,0,0
366-4,366,4,3,1,0,0.6184894442558289,0.3815105557441711,0,1,5,2,3,0.045760985,0.4455930888652801,0.018514447,1,1,0,0,0,1,0,1
366-5,366,5,3,1,0,0.6184894442558289,0.3815105557441711,0,1,4,3,3,0.19483206,0.4455930888652801,0.10721817,1,1,0,0,0,1,0,1
366-6,366,6,3,1,0,0.6184894442558289,0.3815105557441711,0,1,3,4,2,0.04754377,0.4455930888652801,0.023014126,1,1,0,0,0,1,0,1
366-7,366,7,3,1,0,0.6184894442558289,0.3815105557441711,0,1,3,3,2,0.17311084,0.4455930888652801,0.07534713,1,1,0,0,0,1,0,1
366-8,366,8,3,1,0,0.6184894442558289,0.3815105557441711,0,1,3,3,2,0.05163588,0.4455930888652801,0.035398908,1,1,0,0,0,1,0,1
366-9,366,9,3,1,0,0.6184894442558289,0.3815105557441711,0,1,4,3,4,0.24011412,0.4455930888652801,0.103746496,1,1,0,0,0,1,0,1
366-10,366,10,3,1,0,0.6184894442558289,0.3815105557441711,0,1,4,2,4,0.029235631,0.4455930888652801,0.021234544,1,1,0,0,0,1,0,1
366-11,366,11,3,1,0,0.6184894442558289,0.3815105557441711,0,1,5,2,4,0.03086919,0.4455930888652801,0.029231321,1,1,0,0,0,1,0,1
366-12,366,12,3,1,0,0.6184894442558289,0.3815105557441711,0,1,5,2,4,0.096055664,0.4455930888652801,0.041393023,1,1,0,0,0,1,0,1
367-0,367,0,3,0,1,0.4644578099250793,0.4644578099250793,0,0,4,2,4,0.20680232,0.4455930888652801,0.10882406,1,0,0,0,0,0,0,0
367-1,367,1,3,1,0,0.5355421900749207,0.4644578099250793,0,1,3,4,4,0.16873448,0.4455930888652801,0.080579184,1,1,0,0,0,1,0,1
367-2,367,2,3,1,0,0.5355421900749207,0.4644578099250793,0,1,4,3,4,0.03710826,0.4455930888652801,0.020428883,1,1,0,0,0,1,0,1
367-3,367,3,3,1,0,0.5355421900749207,0.4644578099250793,0,1,4,3,4,0.468442,0.4455930888652801,0.20134759,1,1,0,0,0,1,0,1
367-4,367,4,3,1,0,0.5355421900749207,0.4644578099250793,0,1,4,4,3,0.07500652,0.4455930888652801,0.033414204,1,1,0,0,0,1,0,1
367-5,367,5,3,0,1,0.4644578099250793,0.4644578099250793,0,0,4,3,3,0.19701411,0.4455930888652801,0.12089065,1,0,0,0,0,0,0,0
367-6,367,6,3,0,1,0.4644578099250793,0.4644578099250793,0,0,4,3,2,0.03614167,0.4455930888652801,0.020162763,1,0,0,0,0,0,0,0
367-7,367,7,3,1,0,0.5355421900749207,0.4644578099250793,0,1,2,3,2,0.17973939,0.4455930888652801,0.100265354,1,1,0,0,0,1,0,1
367-8,367,8,3,0,1,0.4644578099250793,0.4644578099250793,0,0,2,3,2,0.050434664,0.4455930888652801,0.051070683,1,0,0,0,0,0,0,0
367-9,367,9,3,0,1,0.4644578099250793,0.4644578099250793,0,0,4,4,4,0.24609955,0.4455930888652801,0.11761958,1,0,0,0,0,0,0,0
367-10,367,10,3,1,0,0.5355421900749207,0.4644578099250793,0,1,3,3,4,0.035704434,0.4455930888652801,0.027234593,1,1,0,0,0,1,0,1
367-11,367,11,3,1,0,0.5355421900749207,0.4644578099250793,0,1,5,2,4,0.03314693,0.4455930888652801,0.03192328,1,1,0,0,0,1,0,1
367-12,367,12,3,1,0,0.5355421900749207,0.4644578099250793,0,1,2,3,4,0.19048417,0.4455930888652801,0.10342286,1,1,0,0,0,1,0,1
368-0,368,0,2,1,1,0.0728549957275391,0.9271450042724608,1,0,4,2,4,0.080460936,0.4492360949516296,0.029178806,0,0,0,0,0,0,0,0
368-1,368,1,2,1,1,0.0728549957275391,0.9271450042724608,1,0,4,3,4,0.12860474,0.4492360949516296,0.049561467,0,0,0,0,0,0,0,0
368-2,368,2,2,1,1,0.0728549957275391,0.9271450042724608,1,0,4,3,4,0.18239339,0.4492360949516296,0.06446667,0,0,0,0,0,0,0,0
368-3,368,3,2,1,1,0.0728549957275391,0.9271450042724608,1,0,4,3,4,0.19280736,0.4492360949516296,0.061168537,0,0,0,0,0,0,0,0
368-4,368,4,2,1,1,0.0728549957275391,0.9271450042724608,1,0,5,3,3,0.029339628,0.4492360949516296,0.012156449,0,0,0,0,0,0,0,0
368-5,368,5,2,1,1,0.0728549957275391,0.9271450042724608,1,0,4,3,3,0.050425176,0.4492360949516296,0.026864082,0,0,0,0,0,0,0,0
368-6,368,6,2,1,1,0.0728549957275391,0.9271450042724608,1,0,5,3,2,0.026462942,0.4492360949516296,0.009087944,0,0,0,0,0,0,0,0
368-7,368,7,2,1,1,0.0728549957275391,0.9271450042724608,1,0,3,3,2,0.050339364,0.4492360949516296,0.020142002,0,0,0,0,0,0,0,0
368-8,368,8,2,1,1,0.0728549957275391,0.9271450042724608,1,0,3,3,2,0.19819032,0.4492360949516296,0.0627396,0,0,0,0,0,0,0,0
368-9,368,9,2,1,1,0.0728549957275391,0.9271450042724608,1,0,5,3,4,0.17841564,0.4492360949516296,0.0597321,0,0,0,0,0,0,0,0
368-10,368,10,2,1,1,0.0728549957275391,0.9271450042724608,1,0,4,2,4,0.017441709,0.4492360949516296,0.006930268,0,0,0,0,0,0,0,0
368-11,368,11,2,1,1,0.0728549957275391,0.9271450042724608,1,0,5,2,4,0.013976493,0.4492360949516296,0.0054159286,0,0,0,0,0,0,0,0
368-12,368,12,2,1,1,0.0728549957275391,0.9271450042724608,1,0,5,3,4,0.054224044,0.4492360949516296,0.016193395,0,0,0,0,0,0,0,0
369-0,369,0,5,1,0,0.814827561378479,0.185172438621521,0,1,4,2,4,0.13109832,0.372329980134964,0.05979925,1,1,0,0,0,1,0,1
369-1,369,1,5,1,0,0.814827561378479,0.185172438621521,0,1,4,4,4,0.33981866,0.372329980134964,0.13617314,1,1,0,0,0,1,0,1
369-2,369,2,5,1,0,0.814827561378479,0.185172438621521,0,1,4,3,4,0.08996352,0.372329980134964,0.04357287,1,1,0,0,0,1,0,1
369-3,369,3,5,1,0,0.814827561378479,0.185172438621521,0,1,4,3,4,0.30957448,0.372329980134964,0.19191903,1,1,0,0,0,1,0,1
369-4,369,4,5,1,0,0.814827561378479,0.185172438621521,0,1,4,4,3,0.14321429,0.372329980134964,0.07393601,1,1,0,0,0,1,0,1
369-5,369,5,5,1,0,0.814827561378479,0.185172438621521,0,1,4,3,3,0.010514973,0.372329980134964,0.008745169,1,1,0,0,0,1,0,1
369-6,369,6,5,1,0,0.814827561378479,0.185172438621521,0,1,4,4,2,0.30834588,0.372329980134964,0.16906184,1,1,0,0,0,1,0,1
369-7,369,7,5,1,0,0.814827561378479,0.185172438621521,0,1,3,3,2,0.28803235,0.372329980134964,0.107762404,1,1,0,0,0,1,0,1
369-8,369,8,5,1,0,0.814827561378479,0.185172438621521,0,1,3,3,2,0.12892388,0.372329980134964,0.042353302,1,1,0,0,0,1,0,1
369-9,369,9,5,1,0,0.814827561378479,0.185172438621521,0,1,4,3,4,0.34174356,0.372329980134964,0.13901526,1,1,0,0,0,1,0,1
369-10,369,10,5,1,0,0.814827561378479,0.185172438621521,0,1,3,3,4,0.012560423,0.372329980134964,0.012824769,1,1,0,0,0,1,0,1
369-11,369,11,5,1,0,0.814827561378479,0.185172438621521,0,1,5,2,4,0.06772978,0.372329980134964,0.027557615,1,1,0,0,0,1,0,1
369-12,369,12,5,1,0,0.814827561378479,0.185172438621521,0,1,4,3,4,0.19612935,0.372329980134964,0.08716337,1,1,0,0,0,1,0,1
370-0,370,0,2,1,0,0.2314985990524292,0.7685014009475708,1,0,4,2,4,0.12193677,0.4492360949516296,0.045422,1,0,0,0,1,1,1,1
370-1,370,1,2,1,0,0.2314985990524292,0.7685014009475708,1,0,4,3,4,0.22079249,0.4492360949516296,0.09380952,1,0,0,0,1,1,1,1
370-2,370,2,2,1,0,0.2314985990524292,0.7685014009475708,1,0,4,4,4,0.29986966,0.4492360949516296,0.11114013,1,0,0,0,1,1,1,1
370-3,370,3,2,0,1,0.7685014009475708,0.7685014009475708,1,1,3,3,4,0.5517049,0.4492360949516296,0.25754222,1,1,1,0,1,0,1,1
370-4,370,4,2,1,0,0.2314985990524292,0.7685014009475708,1,0,5,2,3,0.043835443,0.4492360949516296,0.019909082,1,0,0,0,1,1,1,1
370-5,370,5,2,1,0,0.2314985990524292,0.7685014009475708,1,0,3,2,3,0.08908117,0.4492360949516296,0.05658421,1,0,0,0,1,1,1,1
370-6,370,6,2,1,0,0.2314985990524292,0.7685014009475708,1,0,3,4,2,0.05823736,0.4492360949516296,0.021869987,1,0,0,0,1,1,1,1
370-7,370,7,2,1,0,0.2314985990524292,0.7685014009475708,1,0,3,3,2,0.099108234,0.4492360949516296,0.040999122,1,0,0,0,1,1,1,1
370-8,370,8,2,1,0,0.2314985990524292,0.7685014009475708,1,0,3,3,2,0.3422398,0.4492360949516296,0.120754994,1,0,0,0,1,1,1,1
370-9,370,9,2,1,0,0.2314985990524292,0.7685014009475708,1,0,5,3,4,0.2627562,0.4492360949516296,0.092715815,1,0,0,0,1,1,1,1
370-10,370,10,2,1,0,0.2314985990524292,0.7685014009475708,1,0,3,3,4,0.03922313,0.4492360949516296,0.014976482,1,0,0,0,1,1,1,1
370-11,370,11,2,1,0,0.2314985990524292,0.7685014009475708,1,0,5,2,4,0.021719692,0.4492360949516296,0.009020774,1,0,0,0,1,1,1,1
370-12,370,12,2,1,0,0.2314985990524292,0.7685014009475708,1,0,4,3,4,0.118932284,0.4492360949516296,0.038920384,1,0,0,0,1,1,1,1
371-0,371,0,2,1,0,0.4141083359718323,0.5858916640281677,1,0,5,1,4,0.13330197,0.4492360949516296,0.048155807,1,0,0,0,1,1,1,1
371-1,371,1,2,1,0,0.4141083359718323,0.5858916640281677,1,0,5,3,4,0.18575184,0.4492360949516296,0.085066475,1,0,0,0,1,1,1,1
371-2,371,2,2,1,0,0.4141083359718323,0.5858916640281677,1,0,3,3,4,0.411213,0.4492360949516296,0.16518733,1,0,0,0,1,1,1,1
371-3,371,3,2,1,0,0.4141083359718323,0.5858916640281677,1,0,4,3,4,0.3896963,0.4492360949516296,0.13790059,1,0,0,0,1,1,1,1
371-4,371,4,2,1,0,0.4141083359718323,0.5858916640281677,1,0,4,3,3,0.09455277,0.4492360949516296,0.042008344,1,0,0,0,1,1,1,1
371-5,371,5,2,0,1,0.5858916640281677,0.5858916640281677,1,1,3,2,3,0.17253983,0.4492360949516296,0.11256156,1,1,0,0,1,0,1,0
371-6,371,6,2,1,0,0.4141083359718323,0.5858916640281677,1,0,4,4,2,0.045926116,0.4492360949516296,0.020207455,1,0,0,0,1,1,1,1
371-7,371,7,2,1,0,0.4141083359718323,0.5858916640281677,1,0,2,3,2,0.14512073,0.4492360949516296,0.06186587,1,0,0,0,1,1,1,1
371-8,371,8,2,1,0,0.4141083359718323,0.5858916640281677,1,0,2,3,2,0.43441898,0.4492360949516296,0.17809388,1,0,0,0,1,1,1,1
371-9,371,9,2,1,0,0.4141083359718323,0.5858916640281677,1,0,4,3,4,0.38641524,0.4492360949516296,0.15327086,1,0,0,0,1,1,1,1
371-10,371,10,2,1,0,0.4141083359718323,0.5858916640281677,1,0,3,3,4,0.042489696,0.4492360949516296,0.01870414,1,0,0,0,1,1,1,1
371-11,371,11,2,1,0,0.4141083359718323,0.5858916640281677,1,0,5,2,4,0.027968468,0.4492360949516296,0.012819785,1,0,0,0,1,1,1,1
371-12,371,12,2,1,0,0.4141083359718323,0.5858916640281677,1,0,5,3,4,0.114886455,0.4492360949516296,0.04229563,1,0,0,0,1,1,1,1
372-0,372,0,5,0,0,0.082093745470047,0.082093745470047,0,0,5,1,4,0.03884411,0.372329980134964,0.0139977345,0,0,0,0,1,1,1,1
372-1,372,1,5,0,0,0.082093745470047,0.082093745470047,0,0,4,2,4,0.1119411,0.372329980134964,0.035461914,0,0,0,0,1,1,1,1
372-2,372,2,5,0,0,0.082093745470047,0.082093745470047,0,0,5,2,4,0.023536276,0.372329980134964,0.009340647,0,0,0,0,1,1,1,1
372-3,372,3,5,0,0,0.082093745470047,0.082093745470047,0,0,5,1,4,0.11401905,0.372329980134964,0.04580317,0,0,0,0,1,1,1,1
372-4,372,4,5,0,0,0.082093745470047,0.082093745470047,0,0,5,2,3,0.032024585,0.372329980134964,0.015266955,0,0,0,0,1,1,1,1
372-5,372,5,5,0,0,0.082093745470047,0.082093745470047,0,0,5,2,3,0.009474815,0.372329980134964,0.0043460885,0,0,0,0,1,1,1,1
372-6,372,6,5,0,0,0.082093745470047,0.082093745470047,0,0,4,3,2,0.13098414,0.372329980134964,0.054968372,0,0,0,0,1,1,1,1
372-7,372,7,5,0,0,0.082093745470047,0.082093745470047,0,0,3,3,2,0.104533486,0.372329980134964,0.031333923,0,0,0,0,1,1,1,1
372-8,372,8,5,0,0,0.082093745470047,0.082093745470047,0,0,3,3,2,0.048199657,0.372329980134964,0.012668337,0,0,0,0,1,1,1,1
372-9,372,9,5,0,0,0.082093745470047,0.082093745470047,0,0,4,3,4,0.11427025,0.372329980134964,0.036526393,0,0,0,0,1,1,1,1
372-10,372,10,5,0,0,0.082093745470047,0.082093745470047,0,0,4,2,4,0.009484105,0.372329980134964,0.0060961605,0,0,0,0,1,1,1,1
372-11,372,11,5,0,0,0.082093745470047,0.082093745470047,0,0,5,2,4,0.023536276,0.372329980134964,0.009340647,0,0,0,0,1,1,1,1
372-12,372,12,5,0,0,0.082093745470047,0.082093745470047,0,0,4,2,4,0.08381306,0.372329980134964,0.024979431,0,0,0,0,1,1,1,1
373-0,373,0,3,0,0,0.0896324142813682,0.0896324142813682,0,0,4,2,4,0.14598516,0.4455930888652801,0.07444573,0,0,0,0,1,1,1,1
373-1,373,1,3,0,0,0.0896324142813682,0.0896324142813682,0,0,5,2,4,0.088188566,0.4455930888652801,0.034993984,0,0,0,0,1,1,1,1
373-2,373,2,3,1,1,0.9103675857186316,0.0896324142813682,0,1,4,3,4,0.0438094,0.4455930888652801,0.025923971,0,1,0,0,1,0,1,0
373-3,373,3,3,0,0,0.0896324142813682,0.0896324142813682,0,0,3,3,4,0.41500422,0.4455930888652801,0.17078234,0,0,0,0,1,1,1,1
373-4,373,4,3,0,0,0.0896324142813682,0.0896324142813682,0,0,5,2,3,0.036861982,0.4455930888652801,0.015505002,0,0,0,0,1,1,1,1
373-5,373,5,3,0,0,0.0896324142813682,0.0896324142813682,0,0,5,2,3,0.12312615,0.4455930888652801,0.06196553,0,0,0,0,1,1,1,1
373-6,373,6,3,0,0,0.0896324142813682,0.0896324142813682,0,0,4,3,2,0.029595453,0.4455930888652801,0.015172311,0,0,0,0,1,1,1,1
373-7,373,7,3,0,0,0.0896324142813682,0.0896324142813682,0,0,3,3,2,0.1067767,0.4455930888652801,0.045326196,0,0,0,0,1,1,1,1
373-8,373,8,3,0,0,0.0896324142813682,0.0896324142813682,0,0,3,3,2,0.03221233,0.4455930888652801,0.023462111,0,0,0,0,1,1,1,1
373-9,373,9,3,0,0,0.0896324142813682,0.0896324142813682,0,0,4,3,4,0.17636424,0.4455930888652801,0.07942702,0,0,0,0,1,1,1,1
373-10,373,10,3,1,1,0.9103675857186316,0.0896324142813682,0,1,3,3,4,0.046116486,0.4455930888652801,0.030976798,0,1,0,0,1,0,1,0
373-11,373,11,3,0,0,0.0896324142813682,0.0896324142813682,0,0,5,2,4,0.027681299,0.4455930888652801,0.026230328,0,0,0,0,1,1,1,1
373-12,373,12,3,0,0,0.0896324142813682,0.0896324142813682,0,0,4,3,4,0.101554155,0.4455930888652801,0.047451224,0,0,0,0,1,1,1,1
374-0,374,0,1,0,0,0.1665621548891067,0.1665621548891067,0,0,4,1,4,0.11241812,0.486357569694519,0.044141654,0,0,0,0,1,1,1,1
374-1,374,1,1,0,0,0.1665621548891067,0.1665621548891067,0,0,4,3,4,0.11092038,0.486357569694519,0.045465942,0,0,0,0,1,1,1,1
374-2,374,2,1,1,1,0.8334378451108932,0.1665621548891067,0,1,3,3,4,0.49415818,0.486357569694519,0.30832934,0,1,0,0,1,0,1,0
374-3,374,3,1,0,0,0.1665621548891067,0.1665621548891067,0,0,2,3,4,0.08594174,0.486357569694519,0.03538576,0,0,0,0,1,1,1,1
374-4,374,4,1,1,1,0.8334378451108932,0.1665621548891067,0,1,5,2,3,0.1729427,0.486357569694519,0.10407655,0,1,0,0,1,0,1,0
374-5,374,5,1,0,0,0.1665621548891067,0.1665621548891067,0,0,4,3,3,0.034826454,0.486357569694519,0.016676914,0,0,0,0,1,1,1,1
374-6,374,6,1,0,0,0.1665621548891067,0.1665621548891067,0,0,4,3,2,0.03223981,0.486357569694519,0.01292602,0,0,0,0,1,1,1,1
374-7,374,7,1,1,1,0.8334378451108932,0.1665621548891067,0,1,2,3,2,0.4916757,0.486357569694519,0.30830687,0,1,0,0,1,0,1,0
374-8,374,8,1,0,0,0.1665621548891067,0.1665621548891067,0,0,2,3,2,0.036131755,0.486357569694519,0.015377286,0,0,0,0,1,1,1,1
374-9,374,9,1,1,1,0.8334378451108932,0.1665621548891067,0,1,4,4,4,0.6293111,0.486357569694519,0.3880143,0,1,1,0,1,0,1,1
374-10,374,10,1,1,1,0.8334378451108932,0.1665621548891067,0,1,3,4,4,0.087068304,0.486357569694519,0.06851182,0,1,0,0,1,0,1,0
374-11,374,11,1,0,0,0.1665621548891067,0.1665621548891067,0,0,4,3,4,0.055407412,0.486357569694519,0.02614271,0,0,0,0,1,1,1,1
374-12,374,12,1,0,0,0.1665621548891067,0.1665621548891067,0,0,3,3,4,0.052592278,0.486357569694519,0.022478,0,0,0,0,1,1,1,1
375-0,375,0,4,0,0,0.2829542458057403,0.2829542458057403,0,0,4,1,4,0.10808264,0.5368138551712036,0.03947742,0,0,0,0,1,1,1,1
375-1,375,1,4,0,0,0.2829542458057403,0.2829542458057403,0,0,5,2,4,0.12601839,0.5368138551712036,0.044462893,0,0,0,0,1,1,1,1
375-2,375,2,4,0,0,0.2829542458057403,0.2829542458057403,0,0,5,2,4,0.34938896,0.5368138551712036,0.10948206,0,0,0,0,1,1,1,1
375-3,375,3,4,0,0,0.2829542458057403,0.2829542458057403,0,0,3,3,4,0.3467419,0.5368138551712036,0.1240301,0,0,0,0,1,1,1,1
375-4,375,4,4,0,0,0.2829542458057403,0.2829542458057403,0,0,5,2,3,0.047907773,0.5368138551712036,0.020827932,0,0,0,0,1,1,1,1
375-5,375,5,4,0,0,0.2829542458057403,0.2829542458057403,0,0,5,2,3,0.05302136,0.5368138551712036,0.026907576,0,0,0,0,1,1,1,1
375-6,375,6,4,0,0,0.2829542458057403,0.2829542458057403,0,0,4,3,2,0.14884572,0.5368138551712036,0.056794357,0,0,0,0,1,1,1,1
375-7,375,7,4,0,0,0.2829542458057403,0.2829542458057403,0,0,3,3,2,0.17743172,0.5368138551712036,0.071401194,0,0,0,0,1,1,1,1
375-8,375,8,4,0,0,0.2829542458057403,0.2829542458057403,0,0,3,3,2,0.25299484,0.5368138551712036,0.099608414,0,0,0,0,1,1,1,1
375-9,375,9,4,0,0,0.2829542458057403,0.2829542458057403,0,0,5,2,4,0.25969717,0.5368138551712036,0.08986909,0,0,0,0,1,1,1,1
375-10,375,10,4,0,0,0.2829542458057403,0.2829542458057403,0,0,4,2,4,0.036675654,0.5368138551712036,0.019285336,0,0,0,0,1,1,1,1
375-11,375,11,4,0,0,0.2829542458057403,0.2829542458057403,0,0,5,2,4,0.12838876,0.5368138551712036,0.051615708,0,0,0,0,1,1,1,1
375-12,375,12,4,0,0,0.2829542458057403,0.2829542458057403,0,0,4,3,4,0.17576289,0.5368138551712036,0.07008943,0,0,0,0,1,1,1,1
376-0,376,0,2,1,1,0.9868119135499,0.0131880864500999,0,1,3,4,4,0.34352398,0.4492360949516296,0.24116214,0,1,0,0,1,0,1,0
376-1,376,1,2,0,0,0.0131880864500999,0.0131880864500999,0,0,4,2,4,0.065934576,0.4492360949516296,0.028809024,0,0,0,0,1,1,1,1
376-2,376,2,2,0,0,0.0131880864500999,0.0131880864500999,0,0,4,3,4,0.1280175,0.4492360949516296,0.04505625,0,0,0,0,1,1,1,1
376-3,376,3,2,0,0,0.0131880864500999,0.0131880864500999,0,0,3,3,4,0.14148858,0.4492360949516296,0.044303346,0,0,0,0,1,1,1,1
376-4,376,4,2,0,0,0.0131880864500999,0.0131880864500999,0,0,5,2,3,0.017234748,0.4492360949516296,0.008197596,0,0,0,0,1,1,1,1
376-5,376,5,2,0,0,0.0131880864500999,0.0131880864500999,0,0,5,2,3,0.01782146,0.4492360949516296,0.0106677385,0,0,0,0,1,1,1,1
376-6,376,6,2,0,0,0.0131880864500999,0.0131880864500999,0,0,4,3,2,0.020791546,0.4492360949516296,0.007660802,0,0,0,0,1,1,1,1
376-7,376,7,2,0,0,0.0131880864500999,0.0131880864500999,0,0,3,3,2,0.030394807,0.4492360949516296,0.013064487,0,0,0,0,1,1,1,1
376-8,376,8,2,0,0,0.0131880864500999,0.0131880864500999,0,0,3,3,2,0.13306622,0.4492360949516296,0.043312963,0,0,0,0,1,1,1,1
376-9,376,9,2,0,0,0.0131880864500999,0.0131880864500999,0,0,4,2,4,0.11550644,0.4492360949516296,0.041277252,0,0,0,0,1,1,1,1
376-10,376,10,2,0,0,0.0131880864500999,0.0131880864500999,0,0,4,2,4,0.011218889,0.4492360949516296,0.004815462,0,0,0,0,1,1,1,1
376-11,376,11,2,0,0,0.0131880864500999,0.0131880864500999,0,0,5,2,4,0.009268131,0.4492360949516296,0.0038359293,0,0,0,0,1,1,1,1
376-12,376,12,2,0,0,0.0131880864500999,0.0131880864500999,0,0,3,3,4,0.042870224,0.4492360949516296,0.015234243,0,0,0,0,1,1,1,1
377-0,377,0,4,0,0,0.0240614842623472,0.0240614842623472,0,0,5,1,4,0.027677482,0.5368138551712036,0.009727856,0,0,0,0,1,1,1,1
377-1,377,1,4,0,0,0.0240614842623472,0.0240614842623472,0,0,4,2,4,0.043944426,0.5368138551712036,0.017843958,0,0,0,0,1,1,1,1
377-2,377,2,4,0,0,0.0240614842623472,0.0240614842623472,0,0,4,3,4,0.16279648,0.5368138551712036,0.049572706,0,0,0,0,1,1,1,1
377-3,377,3,4,0,0,0.0240614842623472,0.0240614842623472,0,0,4,3,4,0.10523231,0.5368138551712036,0.031219795,0,0,0,0,1,1,1,1
377-4,377,4,4,0,0,0.0240614842623472,0.0240614842623472,0,0,5,3,3,0.01768654,0.5368138551712036,0.00763858,0,0,0,0,1,1,1,1
377-5,377,5,4,0,0,0.0240614842623472,0.0240614842623472,0,0,5,2,3,0.01494651,0.5368138551712036,0.008774886,0,0,0,0,1,1,1,1
377-6,377,6,4,0,0,0.0240614842623472,0.0240614842623472,0,0,4,3,2,0.045959882,0.5368138551712036,0.016418573,0,0,0,0,1,1,1,1
377-7,377,7,4,0,0,0.0240614842623472,0.0240614842623472,0,0,3,3,2,0.045316786,0.5368138551712036,0.019217081,0,0,0,0,1,1,1,1
377-8,377,8,4,0,0,0.0240614842623472,0.0240614842623472,0,0,3,3,2,0.077122025,0.5368138551712036,0.027962072,0,0,0,0,1,1,1,1
377-9,377,9,4,0,0,0.0240614842623472,0.0240614842623472,0,0,4,2,4,0.10580627,0.5368138551712036,0.04010649,0,0,0,0,1,1,1,1
377-10,377,10,4,0,0,0.0240614842623472,0.0240614842623472,0,0,4,1,4,0.019402003,0.5368138551712036,0.006817207,0,0,0,0,1,1,1,1
377-11,377,11,4,0,0,0.0240614842623472,0.0240614842623472,0,0,5,2,4,0.04260368,0.5368138551712036,0.016527332,0,0,0,0,1,1,1,1
377-12,377,12,4,0,0,0.0240614842623472,0.0240614842623472,0,0,4,2,4,0.04954799,0.5368138551712036,0.018065372,0,0,0,0,1,1,1,1
378-0,378,0,2,0,0,0.0319086499512195,0.0319086499512195,0,0,5,1,4,0.02328226,0.4492360949516296,0.010525201,0,0,0,0,1,1,1,1
378-1,378,1,2,0,0,0.0319086499512195,0.0319086499512195,0,0,4,2,4,0.055343386,0.4492360949516296,0.023472996,0,0,0,0,1,1,1,1
378-2,378,2,2,0,0,0.0319086499512195,0.0319086499512195,0,0,3,3,4,0.11021087,0.4492360949516296,0.03782686,0,0,0,0,1,1,1,1
378-3,378,3,2,0,0,0.0319086499512195,0.0319086499512195,0,0,4,2,4,0.09764021,0.4492360949516296,0.03191286,0,0,0,0,1,1,1,1
378-4,378,4,2,0,0,0.0319086499512195,0.0319086499512195,0,0,5,2,3,0.013887431,0.4492360949516296,0.0068542995,0,0,0,0,1,1,1,1
378-5,378,5,2,0,0,0.0319086499512195,0.0319086499512195,0,0,4,2,3,0.021876603,0.4492360949516296,0.013226903,0,0,0,0,1,1,1,1
378-6,378,6,2,0,0,0.0319086499512195,0.0319086499512195,0,0,4,3,2,0.017807834,0.4492360949516296,0.0063506793,0,0,0,0,1,1,1,1
378-7,378,7,2,0,0,0.0319086499512195,0.0319086499512195,0,0,3,3,2,0.024555419,0.4492360949516296,0.010612803,0,0,0,0,1,1,1,1
378-8,378,8,2,0,0,0.0319086499512195,0.0319086499512195,0,0,3,3,2,0.10973421,0.4492360949516296,0.03538839,0,0,0,0,1,1,1,1
378-9,378,9,2,0,0,0.0319086499512195,0.0319086499512195,0,0,5,2,4,0.08005751,0.4492360949516296,0.027215416,0,0,0,0,1,1,1,1
378-10,378,10,2,0,0,0.0319086499512195,0.0319086499512195,0,0,3,2,4,0.009040766,0.4492360949516296,0.0041463757,0,0,0,0,1,1,1,1
378-11,378,11,2,0,0,0.0319086499512195,0.0319086499512195,0,0,5,2,4,0.0075892312,0.4492360949516296,0.0032742897,0,0,0,0,1,1,1,1
378-12,378,12,2,0,0,0.0319086499512195,0.0319086499512195,0,0,4,2,4,0.028910063,0.4492360949516296,0.011290304,0,0,0,0,1,1,1,1
379-0,379,0,5,0,0,0.0003379422414582,0.0003379422414582,0,0,4,3,4,0.021532204,0.372329980134964,0.010245652,0,0,0,0,1,1,1,1
379-1,379,1,5,0,0,0.0003379422414582,0.0003379422414582,0,0,4,2,4,0.057738382,0.372329980134964,0.022986118,0,0,0,0,1,1,1,1
379-2,379,2,5,1,1,0.9996620577585418,0.0003379422414582,0,1,3,3,4,0.29348895,0.372329980134964,0.22570175,0,1,0,0,1,0,1,0
379-3,379,3,5,0,0,0.0003379422414582,0.0003379422414582,0,0,4,2,4,0.06313463,0.372329980134964,0.03423429,0,0,0,0,1,1,1,1
379-4,379,4,5,0,0,0.0003379422414582,0.0003379422414582,0,0,5,2,3,0.017107153,0.372329980134964,0.013597134,0,0,0,0,1,1,1,1
379-5,379,5,5,0,0,0.0003379422414582,0.0003379422414582,0,0,4,2,3,0.0050985944,0.372329980134964,0.0038974595,0,0,0,0,1,1,1,1
379-6,379,6,5,0,0,0.0003379422414582,0.0003379422414582,0,0,4,3,2,0.07252402,0.372329980134964,0.040975947,0,0,0,0,1,1,1,1
379-7,379,7,5,0,0,0.0003379422414582,0.0003379422414582,0,0,2,3,2,0.05818345,0.372329980134964,0.028666768,0,0,0,0,1,1,1,1
379-8,379,8,5,0,0,0.0003379422414582,0.0003379422414582,0,0,3,3,2,0.023048138,0.372329980134964,0.00942226,0,0,0,0,1,1,1,1
379-9,379,9,5,0,0,0.0003379422414582,0.0003379422414582,0,0,5,2,4,0.056187436,0.372329980134964,0.025343942,0,0,0,0,1,1,1,1
379-10,379,10,5,0,0,0.0003379422414582,0.0003379422414582,0,0,4,3,4,0.004851032,0.372329980134964,0.00410594,0,0,0,0,1,1,1,1
379-11,379,11,5,0,0,0.0003379422414582,0.0003379422414582,0,0,5,2,4,0.012008442,0.372329980134964,0.0076276395,0,0,0,0,1,1,1,1
379-12,379,12,5,0,0,0.0003379422414582,0.0003379422414582,0,0,4,2,4,0.044550978,0.372329980134964,0.016758448,0,0,0,0,1,1,1,1
380-0,380,0,1,1,0,0.2763293981552124,0.7236706018447876,1,0,4,2,4,0.32979444,0.486357569694519,0.1392961,1,0,0,0,1,1,1,1
380-1,380,1,1,1,0,0.2763293981552124,0.7236706018447876,1,0,4,3,4,0.31040347,0.486357569694519,0.13417947,1,0,0,0,1,1,1,1
380-2,380,2,1,1,0,0.2763293981552124,0.7236706018447876,1,0,5,3,4,0.17522097,0.486357569694519,0.07708207,1,0,0,0,1,1,1,1
380-3,380,3,1,1,0,0.2763293981552124,0.7236706018447876,1,0,4,3,4,0.22554295,0.486357569694519,0.09815977,1,0,0,0,1,1,1,1
380-4,380,4,1,1,0,0.2763293981552124,0.7236706018447876,1,0,5,3,3,0.06389759,0.486357569694519,0.035057805,1,0,0,0,1,1,1,1
380-5,380,5,1,1,0,0.2763293981552124,0.7236706018447876,1,0,4,3,3,0.11671498,0.486357569694519,0.05399107,1,0,0,0,1,1,1,1
380-6,380,6,1,1,0,0.2763293981552124,0.7236706018447876,1,0,4,3,2,0.10842726,0.486357569694519,0.04252628,1,0,0,0,1,1,1,1
380-7,380,7,1,1,0,0.2763293981552124,0.7236706018447876,1,0,3,3,2,0.1704923,0.486357569694519,0.07581336,1,0,0,0,1,1,1,1
380-8,380,8,1,1,0,0.2763293981552124,0.7236706018447876,1,0,3,3,2,0.101137295,0.486357569694519,0.03916277,1,0,0,0,1,1,1,1
380-9,380,9,1,1,0,0.2763293981552124,0.7236706018447876,1,0,5,3,4,0.30066168,0.486357569694519,0.119222954,1,0,0,0,1,1,1,1
380-10,380,10,1,1,0,0.2763293981552124,0.7236706018447876,1,0,3,3,4,0.053764734,0.486357569694519,0.028964486,1,0,0,0,1,1,1,1
380-11,380,11,1,1,0,0.2763293981552124,0.7236706018447876,1,0,5,2,4,0.15479407,0.486357569694519,0.07106334,1,0,0,0,1,1,1,1
380-12,380,12,1,1,0,0.2763293981552124,0.7236706018447876,1,0,5,2,4,0.13470745,0.486357569694519,0.057437375,1,0,0,0,1,1,1,1
381-0,381,0,4,1,0,0.1103771328926086,0.8896228671073914,1,0,5,1,4,0.04070005,0.5368138551712036,0.013231249,1,0,0,0,1,1,1,1
381-1,381,1,4,1,0,0.1103771328926086,0.8896228671073914,1,0,4,3,4,0.08072756,0.5368138551712036,0.027937556,1,0,0,0,1,1,1,1
381-2,381,2,4,1,0,0.1103771328926086,0.8896228671073914,1,0,5,3,4,0.20883384,0.5368138551712036,0.059270326,1,0,0,0,1,1,1,1
381-3,381,3,4,1,0,0.1103771328926086,0.8896228671073914,1,0,3,3,4,0.17981754,0.5368138551712036,0.04934907,1,0,0,0,1,1,1,1
381-4,381,4,4,1,0,0.1103771328926086,0.8896228671073914,1,0,5,2,3,0.023352977,0.5368138551712036,0.00987888,1,0,0,0,1,1,1,1
381-5,381,5,4,1,0,0.1103771328926086,0.8896228671073914,1,0,4,3,3,0.032856088,0.5368138551712036,0.01650713,1,0,0,0,1,1,1,1
381-6,381,6,4,1,0,0.1103771328926086,0.8896228671073914,1,0,5,2,2,0.05106433,0.5368138551712036,0.017278342,1,0,0,0,1,1,1,1
381-7,381,7,4,1,0,0.1103771328926086,0.8896228671073914,1,0,4,2,2,0.05999585,0.5368138551712036,0.025128495,1,0,0,0,1,1,1,1
381-8,381,8,4,1,0,0.1103771328926086,0.8896228671073914,1,0,3,3,2,0.11042491,0.5368138551712036,0.03856423,1,0,0,0,1,1,1,1
381-9,381,9,4,1,0,0.1103771328926086,0.8896228671073914,1,0,5,2,4,0.13161422,0.5368138551712036,0.044266492,1,0,0,0,1,1,1,1
381-10,381,10,4,1,0,0.1103771328926086,0.8896228671073914,1,0,4,2,4,0.028764836,0.5368138551712036,0.009667198,1,0,0,0,1,1,1,1
381-11,381,11,4,1,0,0.1103771328926086,0.8896228671073914,1,0,5,2,4,0.06555431,0.5368138551712036,0.023691474,1,0,0,0,1,1,1,1
381-12,381,12,4,1,0,0.1103771328926086,0.8896228671073914,1,0,5,2,4,0.06183491,0.5368138551712036,0.021794835,1,0,0,0,1,1,1,1
382-0,382,0,1,1,0,0.057105839252472,0.942894160747528,1,0,3,4,4,0.48964038,0.486357569694519,0.22509147,1,0,0,0,1,1,1,1
382-1,382,1,1,1,0,0.057105839252472,0.942894160747528,1,0,3,4,4,0.45974335,0.486357569694519,0.22389534,1,0,0,0,1,1,1,1
382-2,382,2,1,1,0,0.057105839252472,0.942894160747528,1,0,4,4,4,0.2648589,0.486357569694519,0.117863335,1,0,0,0,1,1,1,1
382-3,382,3,1,1,0,0.057105839252472,0.942894160747528,1,0,4,4,4,0.31831515,0.486357569694519,0.13309614,1,0,0,0,1,1,1,1
382-4,382,4,1,1,0,0.057105839252472,0.942894160747528,1,0,5,4,3,0.09702794,0.486357569694519,0.05471082,1,0,0,0,1,1,1,1
382-5,382,5,1,1,0,0.057105839252472,0.942894160747528,1,0,4,3,3,0.16619928,0.486357569694519,0.073052905,1,0,0,0,1,1,1,1
382-6,382,6,1,1,0,0.057105839252472,0.942894160747528,1,0,2,4,2,0.17395627,0.486357569694519,0.07400599,1,0,0,0,1,1,1,1
382-7,382,7,1,1,0,0.057105839252472,0.942894160747528,1,0,3,3,2,0.24427338,0.486357569694519,0.11195394,1,0,0,0,1,1,1,1
382-8,382,8,1,1,0,0.057105839252472,0.942894160747528,1,0,3,4,2,0.15899912,0.486357569694519,0.06314219,1,0,0,0,1,1,1,1
382-9,382,9,1,1,0,0.057105839252472,0.942894160747528,1,0,5,3,4,0.42772684,0.486357569694519,0.18545216,1,0,0,0,1,1,1,1
382-10,382,10,1,1,0,0.057105839252472,0.942894160747528,1,0,3,4,4,0.13119783,0.486357569694519,0.051832367,1,0,0,0,1,1,1,1
382-11,382,11,1,1,0,0.057105839252472,0.942894160747528,1,0,5,2,4,0.23109943,0.486357569694519,0.108551085,1,0,0,0,1,1,1,1
382-12,382,12,1,1,0,0.057105839252472,0.942894160747528,1,0,4,4,4,0.23165523,0.486357569694519,0.10286031,1,0,0,0,1,1,1,1
383-0,383,0,5,0,0,0.9994783997535706,0.9994783997535706,1,1,3,3,4,0.30529928,0.372329980134964,0.16104992,0,1,0,0,0,1,0,1
383-1,383,1,5,1,1,0.0005216002464294,0.9994783997535706,1,0,4,3,4,0.09804175,0.372329980134964,0.042833485,0,0,0,0,0,0,0,0
383-2,383,2,5,1,1,0.0005216002464294,0.9994783997535706,1,0,4,4,4,0.017522719,0.372329980134964,0.012826164,0,0,0,0,0,0,0,0
383-3,383,3,5,0,0,0.9994783997535706,0.9994783997535706,1,1,2,4,4,0.5097961,0.372329980134964,0.3881664,0,1,1,0,0,1,0,0
383-4,383,4,5,1,1,0.0005216002464294,0.9994783997535706,1,0,5,3,3,0.030414693,0.372329980134964,0.023095142,0,0,0,0,0,0,0,0
383-5,383,5,5,1,1,0.0005216002464294,0.9994783997535706,1,0,3,3,3,0.010655175,0.372329980134964,0.008260965,0,0,0,0,0,0,0,0
383-6,383,6,5,1,1,0.0005216002464294,0.9994783997535706,1,0,4,4,2,0.13251634,0.372329980134964,0.07137255,0,0,0,0,0,0,0,0
383-7,383,7,5,1,1,0.0005216002464294,0.9994783997535706,1,0,4,2,2,0.10316492,0.372329980134964,0.037626974,0,0,0,0,0,0,0,0
383-8,383,8,5,1,1,0.0005216002464294,0.9994783997535706,1,0,3,4,2,0.047803763,0.372329980134964,0.01766302,0,0,0,0,0,0,0,0
383-9,383,9,5,1,1,0.0005216002464294,0.9994783997535706,1,0,5,3,4,0.08984555,0.372329980134964,0.042137653,0,0,0,0,0,0,0,0
383-10,383,10,5,1,1,0.0005216002464294,0.9994783997535706,1,0,2,4,4,0.011964068,0.372329980134964,0.010080956,0,0,0,0,0,0,0,0
383-11,383,11,5,1,1,0.0005216002464294,0.9994783997535706,1,0,5,2,4,0.016055409,0.372329980134964,0.011861211,0,0,0,0,0,0,0,0
383-12,383,12,5,1,1,0.0005216002464294,0.9994783997535706,1,0,4,4,4,0.07835576,0.372329980134964,0.030880962,0,0,0,0,0,0,0,0
384-0,384,0,2,1,1,0.9845993258059024,0.0154006741940975,0,1,5,2,4,0.27979884,0.4492360949516296,0.14557119,0,1,0,0,1,0,1,0
384-1,384,1,2,1,1,0.9845993258059024,0.0154006741940975,0,1,4,3,4,0.59101874,0.4492360949516296,0.39552832,0,1,1,0,1,0,1,1
384-2,384,2,2,1,1,0.9845993258059024,0.0154006741940975,0,1,4,3,4,0.7285212,0.4492360949516296,0.47229442,0,1,1,0,1,0,1,1
384-3,384,3,2,1,1,0.9845993258059024,0.0154006741940975,0,1,3,3,4,0.7693059,0.4492360949516296,0.5151169,0,1,1,1,1,0,1,1
384-4,384,4,2,0,0,0.0154006741940975,0.0154006741940975,0,0,4,3,3,0.020115344,0.4492360949516296,0.010557391,0,0,0,0,1,1,1,1
384-5,384,5,2,0,0,0.0154006741940975,0.0154006741940975,0,0,5,2,3,0.01483599,0.4492360949516296,0.009512619,0,0,0,0,1,1,1,1
384-6,384,6,2,0,0,0.0154006741940975,0.0154006741940975,0,0,3,4,2,0.018535992,0.4492360949516296,0.0071698963,0,0,0,0,1,1,1,1
384-7,384,7,2,1,1,0.9845993258059024,0.0154006741940975,0,1,3,3,2,0.39383015,0.4492360949516296,0.2344651,0,1,0,0,1,0,1,0
384-8,384,8,2,1,1,0.9845993258059024,0.0154006741940975,0,1,2,3,2,0.789284,0.4492360949516296,0.5486865,0,1,1,1,1,0,1,1
384-9,384,9,2,0,0,0.0154006741940975,0.0154006741940975,0,0,4,3,4,0.099555075,0.4492360949516296,0.03683647,0,0,0,0,1,1,1,1
384-10,384,10,2,1,1,0.9845993258059024,0.0154006741940975,0,1,3,4,4,0.15505219,0.4492360949516296,0.09350154,0,1,0,0,1,0,1,0
384-11,384,11,2,1,1,0.9845993258059024,0.0154006741940975,0,1,5,2,4,0.07026736,0.4492360949516296,0.039054,0,1,0,0,1,0,1,0
384-12,384,12,2,1,1,0.9845993258059024,0.0154006741940975,0,1,2,3,4,0.47968584,0.4492360949516296,0.28277332,0,1,0,0,1,0,1,0
385-0,385,0,1,1,0,0.0666067004203796,0.9333932995796204,1,0,4,3,4,0.16649543,0.486357569694519,0.061708905,1,0,0,0,1,1,1,1
385-1,385,1,1,1,0,0.0666067004203796,0.9333932995796204,1,0,5,4,4,0.14951988,0.486357569694519,0.06219548,1,0,0,0,1,1,1,1
385-2,385,2,1,1,0,0.0666067004203796,0.9333932995796204,1,0,4,4,4,0.08093307,0.486357569694519,0.03477397,1,0,0,0,1,1,1,1
385-3,385,3,1,1,0,0.0666067004203796,0.9333932995796204,1,0,3,3,4,0.10850984,0.486357569694519,0.04120116,1,0,0,0,1,1,1,1
385-4,385,4,1,1,0,0.0666067004203796,0.9333932995796204,1,0,5,2,3,0.02646059,0.486357569694519,0.01452776,1,0,0,0,1,1,1,1
385-5,385,5,1,1,0,0.0666067004203796,0.9333932995796204,1,0,4,3,3,0.046456117,0.486357569694519,0.020808138,1,0,0,0,1,1,1,1
385-6,385,6,1,1,0,0.0666067004203796,0.9333932995796204,1,0,4,4,2,0.04606004,0.486357569694519,0.018657463,1,0,0,0,1,1,1,1
385-7,385,7,1,1,0,0.0666067004203796,0.9333932995796204,1,0,4,2,2,0.07352621,0.486357569694519,0.03149064,1,0,0,0,1,1,1,1
385-8,385,8,1,1,0,0.0666067004203796,0.9333932995796204,1,0,2,3,2,0.049292106,0.486357569694519,0.020885138,1,0,0,0,1,1,1,1
385-9,385,9,1,1,0,0.0666067004203796,0.9333932995796204,1,0,5,3,4,0.15730694,0.486357569694519,0.059073325,1,0,0,0,1,1,1,1
385-10,385,10,1,1,0,0.0666067004203796,0.9333932995796204,1,0,4,2,4,0.03383942,0.486357569694519,0.0131890485,1,0,0,0,1,1,1,1
385-11,385,11,1,1,0,0.0666067004203796,0.9333932995796204,1,0,4,3,4,0.075908236,0.486357569694519,0.036603015,1,0,0,0,1,1,1,1
385-12,385,12,1,1,0,0.0666067004203796,0.9333932995796204,1,0,4,3,4,0.06724874,0.486357569694519,0.02937563,1,0,0,0,1,1,1,1
386-0,386,0,2,0,0,0.0558492913842201,0.0558492913842201,0,0,4,2,4,0.08634593,0.4492360949516296,0.032951307,0,0,0,0,1,1,1,1
386-1,386,1,2,0,0,0.0558492913842201,0.0558492913842201,0,0,4,3,4,0.13867685,0.4492360949516296,0.05396359,0,0,0,0,1,1,1,1
386-2,386,2,2,0,0,0.0558492913842201,0.0558492913842201,0,0,4,3,4,0.20035602,0.4492360949516296,0.07231201,0,0,0,0,1,1,1,1
386-3,386,3,2,0,0,0.0558492913842201,0.0558492913842201,0,0,3,3,4,0.22941527,0.4492360949516296,0.073359616,0,0,0,0,1,1,1,1
386-4,386,4,2,0,0,0.0558492913842201,0.0558492913842201,0,0,5,2,3,0.031876907,0.4492360949516296,0.013936929,0,0,0,0,1,1,1,1
386-5,386,5,2,0,0,0.0558492913842201,0.0558492913842201,0,0,4,2,3,0.05289767,0.4492360949516296,0.029299486,0,0,0,0,1,1,1,1
386-6,386,6,2,0,0,0.0558492913842201,0.0558492913842201,0,0,3,3,2,0.036504682,0.4492360949516296,0.012956756,0,0,0,0,1,1,1,1
386-7,386,7,2,0,0,0.0558492913842201,0.0558492913842201,0,0,2,3,2,0.07123653,0.4492360949516296,0.028155884,0,0,0,0,1,1,1,1
386-8,386,8,2,0,0,0.0558492913842201,0.0558492913842201,0,0,3,3,2,0.22710998,0.4492360949516296,0.07215422,0,0,0,0,1,1,1,1
386-9,386,9,2,0,0,0.0558492913842201,0.0558492913842201,0,0,4,2,4,0.20057943,0.4492360949516296,0.07450411,0,0,0,0,1,1,1,1
386-10,386,10,2,0,0,0.0558492913842201,0.0558492913842201,0,0,3,3,4,0.022753255,0.4492360949516296,0.008898518,0,0,0,0,1,1,1,1
386-11,386,11,2,0,0,0.0558492913842201,0.0558492913842201,0,0,5,2,4,0.015925571,0.4492360949516296,0.006501592,0,0,0,0,1,1,1,1
386-12,386,12,2,0,0,0.0558492913842201,0.0558492913842201,0,0,4,3,4,0.073187,0.4492360949516296,0.02462412,0,0,0,0,1,1,1,1
387-0,387,0,5,0,0,0.0001639472029637,0.0001639472029637,0,0,5,1,4,0.020461597,0.372329980134964,0.010973727,0,0,0,0,1,1,1,1
387-1,387,1,5,0,0,0.0001639472029637,0.0001639472029637,0,0,4,2,4,0.057738382,0.372329980134964,0.022986118,0,0,0,0,1,1,1,1
387-2,387,2,5,0,0,0.0001639472029637,0.0001639472029637,0,0,4,3,4,0.012265879,0.372329980134964,0.0072663575,0,0,0,0,1,1,1,1
387-3,387,3,5,0,0,0.0001639472029637,0.0001639472029637,0,0,4,3,4,0.06384861,0.372329980134964,0.034577228,0,0,0,0,1,1,1,1
387-4,387,4,5,0,0,0.0001639472029637,0.0001639472029637,0,0,5,2,3,0.017107153,0.372329980134964,0.013597134,0,0,0,0,1,1,1,1
387-5,387,5,5,0,0,0.0001639472029637,0.0001639472029637,0,0,4,2,3,0.0050985944,0.372329980134964,0.0038974595,0,0,0,0,1,1,1,1
387-6,387,6,5,0,0,0.0001639472029637,0.0001639472029637,0,0,4,3,2,0.07252402,0.372329980134964,0.040975947,0,0,0,0,1,1,1,1
387-7,387,7,5,0,0,0.0001639472029637,0.0001639472029637,0,0,3,3,2,0.052227728,0.372329980134964,0.02341851,0,0,0,0,1,1,1,1
387-8,387,8,5,0,0,0.0001639472029637,0.0001639472029637,0,0,3,3,2,0.023048138,0.372329980134964,0.00942226,0,0,0,0,1,1,1,1
387-9,387,9,5,0,0,0.0001639472029637,0.0001639472029637,0,0,5,2,4,0.056187436,0.372329980134964,0.025343942,0,0,0,0,1,1,1,1
387-10,387,10,5,0,0,0.0001639472029637,0.0001639472029637,0,0,4,2,4,0.0047934107,0.372329980134964,0.0040639457,0,0,0,0,1,1,1,1
387-11,387,11,5,0,0,0.0001639472029637,0.0001639472029637,0,0,5,2,4,0.012008442,0.372329980134964,0.0076276395,0,0,0,0,1,1,1,1
387-12,387,12,5,0,0,0.0001639472029637,0.0001639472029637,0,0,4,3,4,0.045064885,0.372329980134964,0.016929414,0,0,0,0,1,1,1,1
388-0,388,0,2,0,0,0.1625633835792541,0.1625633835792541,0,0,5,1,4,0.082436986,0.4492360949516296,0.028890144,0,0,0,0,1,1,1,1
388-1,388,1,2,0,0,0.1625633835792541,0.1625633835792541,0,0,5,2,4,0.13894467,0.4492360949516296,0.051947117,0,0,0,0,1,1,1,1
388-2,388,2,2,0,0,0.1625633835792541,0.1625633835792541,0,0,4,3,4,0.3315454,0.4492360949516296,0.11595593,0,0,0,0,1,1,1,1
388-3,388,3,2,0,0,0.1625633835792541,0.1625633835792541,0,0,4,3,4,0.34686255,0.4492360949516296,0.11033433,0,0,0,0,1,1,1,1
388-4,388,4,2,0,0,0.1625633835792541,0.1625633835792541,0,0,5,1,3,0.038004834,0.4492360949516296,0.017519478,0,0,0,0,1,1,1,1
388-5,388,5,2,0,0,0.1625633835792541,0.1625633835792541,0,0,4,2,3,0.09001242,0.4492360949516296,0.04713813,0,0,0,0,1,1,1,1
388-6,388,6,2,0,0,0.1625633835792541,0.1625633835792541,0,0,4,3,2,0.058449253,0.4492360949516296,0.02045356,0,0,0,0,1,1,1,1
388-7,388,7,2,0,0,0.1625633835792541,0.1625633835792541,0,0,3,3,2,0.10873234,0.4492360949516296,0.04274258,0,0,0,0,1,1,1,1
388-8,388,8,2,0,0,0.1625633835792541,0.1625633835792541,0,0,3,3,2,0.36588475,0.4492360949516296,0.1254464,0,0,0,0,1,1,1,1
388-9,388,9,2,0,0,0.1625633835792541,0.1625633835792541,0,0,5,2,4,0.25711104,0.4492360949516296,0.088173464,0,0,0,0,1,1,1,1
388-10,388,10,2,0,0,0.1625633835792541,0.1625633835792541,0,0,4,2,4,0.032870445,0.4492360949516296,0.012230383,0,0,0,0,1,1,1,1
388-11,388,11,2,0,0,0.1625633835792541,0.1625633835792541,0,0,5,2,4,0.024877558,0.4492360949516296,0.0093976455,0,0,0,0,1,1,1,1
388-12,388,12,2,0,0,0.1625633835792541,0.1625633835792541,0,0,4,2,4,0.111167155,0.4492360949516296,0.03680445,0,0,0,0,1,1,1,1
389-0,389,0,2,0,0,0.0456307120621204,0.0456307120621204,0,0,5,1,4,0.052737575,0.4492360949516296,0.020710353,0,0,0,0,1,1,1,1
389-1,389,1,2,0,0,0.0456307120621204,0.0456307120621204,0,0,5,2,4,0.087577194,0.4492360949516296,0.034847833,0,0,0,0,1,1,1,1
389-2,389,2,2,0,0,0.0456307120621204,0.0456307120621204,0,0,5,2,4,0.15165935,0.4492360949516296,0.055013806,0,0,0,0,1,1,1,1
389-3,389,3,2,0,0,0.0456307120621204,0.0456307120621204,0,0,4,3,4,0.20556638,0.4492360949516296,0.06754187,0,0,0,0,1,1,1,1
389-4,389,4,2,0,0,0.0456307120621204,0.0456307120621204,0,0,5,1,3,0.02347928,0.4492360949516296,0.011685968,0,0,0,0,1,1,1,1
389-5,389,5,2,0,0,0.0456307120621204,0.0456307120621204,0,0,4,2,3,0.051116306,0.4492360949516296,0.028810412,0,0,0,0,1,1,1,1
389-6,389,6,2,0,0,0.0456307120621204,0.0456307120621204,0,0,4,3,2,0.033054173,0.4492360949516296,0.012187828,0,0,0,0,1,1,1,1
389-7,389,7,2,0,0,0.0456307120621204,0.0456307120621204,0,0,3,3,2,0.05471536,0.4492360949516296,0.021927422,0,0,0,0,1,1,1,1
389-8,389,8,2,0,0,0.0456307120621204,0.0456307120621204,0,0,3,3,2,0.22082983,0.4492360949516296,0.07215422,0,0,0,0,1,1,1,1
389-9,389,9,2,0,0,0.0456307120621204,0.0456307120621204,0,0,5,2,4,0.1652659,0.4492360949516296,0.058577955,0,0,0,0,1,1,1,1
389-10,389,10,2,0,0,0.0456307120621204,0.0456307120621204,0,0,4,2,4,0.01884081,0.4492360949516296,0.0080713695,0,0,0,0,1,1,1,1
389-11,389,11,2,0,0,0.0456307120621204,0.0456307120621204,0,0,5,2,4,0.015369063,0.4492360949516296,0.006501592,0,0,0,0,1,1,1,1
389-12,389,12,2,0,0,0.0456307120621204,0.0456307120621204,0,0,4,3,4,0.070773445,0.4492360949516296,0.02421114,0,0,0,0,1,1,1,1
390-0,390,0,5,0,0,0.0076181055046617,0.0076181055046617,0,0,4,3,4,0.021532204,0.372329980134964,0.010245652,0,0,0,0,1,1,1,1
390-1,390,1,5,0,0,0.0076181055046617,0.0076181055046617,0,0,4,3,4,0.05782668,0.372329980134964,0.022977456,0,0,0,0,1,1,1,1
390-2,390,2,5,1,1,0.9923818944953384,0.0076181055046617,0,1,4,3,4,0.24651755,0.372329980134964,0.18645345,0,1,0,0,1,0,1,0
390-3,390,3,5,0,0,0.0076181055046617,0.0076181055046617,0,0,4,2,4,0.06313463,0.372329980134964,0.03423429,0,0,0,0,1,1,1,1
390-4,390,4,5,0,0,0.0076181055046617,0.0076181055046617,0,0,5,2,3,0.017107153,0.372329980134964,0.013597134,0,0,0,0,1,1,1,1
390-5,390,5,5,0,0,0.0076181055046617,0.0076181055046617,0,0,3,3,3,0.0055447957,0.372329980134964,0.00448569,0,0,0,0,1,1,1,1
390-6,390,6,5,0,0,0.0076181055046617,0.0076181055046617,0,0,3,4,2,0.074572526,0.372329980134964,0.045664936,0,0,0,0,1,1,1,1
390-7,390,7,5,0,0,0.0076181055046617,0.0076181055046617,0,0,3,3,2,0.052227728,0.372329980134964,0.02341851,0,0,0,0,1,1,1,1
390-8,390,8,5,0,0,0.0076181055046617,0.0076181055046617,0,0,2,3,2,0.026070677,0.372329980134964,0.011571035,0,0,0,0,1,1,1,1
390-9,390,9,5,0,0,0.0076181055046617,0.0076181055046617,0,0,5,2,4,0.056187436,0.372329980134964,0.025343942,0,0,0,0,1,1,1,1
390-10,390,10,5,0,0,0.0076181055046617,0.0076181055046617,0,0,4,3,4,0.004851032,0.372329980134964,0.00410594,0,0,0,0,1,1,1,1
390-11,390,11,5,0,0,0.0076181055046617,0.0076181055046617,0,0,4,2,4,0.012121255,0.372329980134964,0.007192266,0,0,0,0,1,1,1,1
390-12,390,12,5,0,0,0.0076181055046617,0.0076181055046617,0,0,4,3,4,0.045064885,0.372329980134964,0.016929414,0,0,0,0,1,1,1,1
391-0,391,0,1,0,0,0.054798025637865,0.054798025637865,0,0,4,2,4,0.10554044,0.486357569694519,0.045477234,0,0,0,0,1,1,1,1
391-1,391,1,1,0,0,0.054798025637865,0.054798025637865,0,0,4,2,4,0.09277201,0.486357569694519,0.041220237,0,0,0,0,1,1,1,1
391-2,391,2,1,1,1,0.945201974362135,0.054798025637865,0,1,4,3,4,0.4004504,0.486357569694519,0.2154551,0,1,0,0,1,0,1,0
391-3,391,3,1,0,0,0.054798025637865,0.054798025637865,0,0,4,2,4,0.062470138,0.486357569694519,0.028735299,0,0,0,0,1,1,1,1
391-4,391,4,1,0,0,0.054798025637865,0.054798025637865,0,0,5,2,3,0.014700829,0.486357569694519,0.009538546,0,0,0,0,1,1,1,1
391-5,391,5,1,0,0,0.054798025637865,0.054798025637865,0,0,4,2,3,0.027656721,0.486357569694519,0.015545131,0,0,0,0,1,1,1,1
391-6,391,6,1,1,1,0.945201974362135,0.054798025637865,0,1,2,4,2,0.2674248,0.486357569694519,0.15744723,0,1,0,0,1,0,1,0
391-7,391,7,1,1,1,0.945201974362135,0.054798025637865,0,1,1,3,2,0.46272612,0.486357569694519,0.2599782,0,1,0,0,1,0,1,0
391-8,391,8,1,0,0,0.054798025637865,0.054798025637865,0,0,3,3,2,0.025831578,0.486357569694519,0.012339964,0,0,0,0,1,1,1,1
391-9,391,9,1,0,0,0.054798025637865,0.054798025637865,0,0,5,3,4,0.09713296,0.486357569694519,0.03811953,0,0,0,0,1,1,1,1
391-10,391,10,1,0,0,0.054798025637865,0.054798025637865,0,0,4,3,4,0.021098182,0.486357569694519,0.010168794,0,0,0,0,1,1,1,1
391-11,391,11,1,0,0,0.054798025637865,0.054798025637865,0,0,5,2,4,0.040665563,0.486357569694519,0.023218345,0,0,0,0,1,1,1,1
391-12,391,12,1,0,0,0.054798025637865,0.054798025637865,0,0,4,3,4,0.04220871,0.486357569694519,0.021478007,0,0,0,0,1,1,1,1
392-0,392,0,4,1,0,0.7926755547523499,0.2073244452476501,0,1,4,4,4,0.20591585,0.5368138551712036,0.08297323,1,1,0,0,0,1,0,1
392-1,392,1,4,1,0,0.7926755547523499,0.2073244452476501,0,1,4,3,4,0.30522403,0.5368138551712036,0.119806446,1,1,0,0,0,1,0,1
392-2,392,2,4,1,0,0.7926755547523499,0.2073244452476501,0,1,4,3,4,0.625894,0.5368138551712036,0.2637819,1,1,1,0,0,1,0,0
392-3,392,3,4,1,0,0.7926755547523499,0.2073244452476501,0,1,4,3,4,0.4370825,0.5368138551712036,0.17402545,1,1,0,0,0,1,0,1
392-4,392,4,4,1,0,0.7926755547523499,0.2073244452476501,0,1,5,3,3,0.092309125,0.5368138551712036,0.035720542,1,1,0,0,0,1,0,1
392-5,392,5,4,1,0,0.7926755547523499,0.2073244452476501,0,1,4,3,3,0.14518198,0.5368138551712036,0.07363614,1,1,0,0,0,1,0,1
392-6,392,6,4,1,0,0.7926755547523499,0.2073244452476501,0,1,2,4,2,0.27807772,0.5368138551712036,0.13883446,1,1,0,0,0,1,0,1
392-7,392,7,4,1,0,0.7926755547523499,0.2073244452476501,0,1,2,3,2,0.31403193,0.5368138551712036,0.15714462,1,1,0,0,0,1,0,1
392-8,392,8,4,1,0,0.7926755547523499,0.2073244452476501,0,1,3,3,2,0.37643725,0.5368138551712036,0.16936806,1,1,0,0,0,1,0,1
392-9,392,9,4,1,0,0.7926755547523499,0.2073244452476501,0,1,4,3,4,0.5170674,0.5368138551712036,0.22775929,1,1,1,0,0,1,0,0
392-10,392,10,4,1,0,0.7926755547523499,0.2073244452476501,0,1,4,3,4,0.069867745,0.5368138551712036,0.037522517,1,1,0,0,0,1,0,1
392-11,392,11,4,1,0,0.7926755547523499,0.2073244452476501,0,1,4,2,4,0.2547989,0.5368138551712036,0.1177236,1,1,0,0,0,1,0,1
392-12,392,12,4,1,0,0.7926755547523499,0.2073244452476501,0,1,4,2,4,0.22188126,0.5368138551712036,0.10066545,1,1,0,0,0,1,0,1
393-0,393,0,3,1,0,0.4096556901931762,0.5903443098068237,1,0,4,3,4,0.17008823,0.4455930888652801,0.09120637,1,0,0,0,1,1,1,1
393-1,393,1,3,1,0,0.4096556901931762,0.5903443098068237,1,0,5,3,4,0.080098055,0.4455930888652801,0.036112674,1,0,0,0,1,1,1,1
393-2,393,2,3,1,0,0.4096556901931762,0.5903443098068237,1,0,4,3,4,0.03101197,0.4455930888652801,0.018099077,1,0,0,0,1,1,1,1
393-3,393,3,3,1,0,0.4096556901931762,0.5903443098068237,1,0,4,2,4,0.41332954,0.4455930888652801,0.17815486,1,0,0,0,1,1,1,1
393-4,393,4,3,1,0,0.4096556901931762,0.5903443098068237,1,0,5,2,3,0.040451128,0.4455930888652801,0.017797228,1,0,0,0,1,1,1,1
393-5,393,5,3,0,1,0.5903443098068237,0.5903443098068237,1,1,4,3,3,0.22325864,0.4455930888652801,0.13674001,1,1,0,0,1,0,1,0
393-6,393,6,3,1,0,0.4096556901931762,0.5903443098068237,1,0,4,4,2,0.028613374,0.4455930888652801,0.016406203,1,0,0,0,1,1,1,1
393-7,393,7,3,1,0,0.4096556901931762,0.5903443098068237,1,0,3,3,2,0.14482793,0.4455930888652801,0.06442438,1,0,0,0,1,1,1,1
393-8,393,8,3,1,0,0.4096556901931762,0.5903443098068237,1,0,3,3,2,0.045204386,0.4455930888652801,0.032065265,1,0,0,0,1,1,1,1
393-9,393,9,3,1,0,0.4096556901931762,0.5903443098068237,1,0,5,2,4,0.14482774,0.4455930888652801,0.061735094,1,0,0,0,1,1,1,1
393-10,393,10,3,1,0,0.4096556901931762,0.5903443098068237,1,0,3,3,4,0.035253968,0.4455930888652801,0.023528332,1,0,0,0,1,1,1,1
393-11,393,11,3,1,0,0.4096556901931762,0.5903443098068237,1,0,5,2,4,0.027285956,0.4455930888652801,0.02644198,1,0,0,0,1,1,1,1
393-12,393,12,3,1,0,0.4096556901931762,0.5903443098068237,1,0,4,3,4,0.11721253,0.4455930888652801,0.057956968,1,0,0,0,1,1,1,1
394-0,394,0,4,0,0,0.153028666973114,0.153028666973114,0,0,4,2,4,0.039667875,0.5368138551712036,0.013194953,0,0,0,0,1,1,1,1
394-1,394,1,4,0,0,0.153028666973114,0.153028666973114,0,0,5,2,4,0.044795685,0.5368138551712036,0.016681865,0,0,0,0,1,1,1,1
394-2,394,2,4,0,0,0.153028666973114,0.153028666973114,0,0,5,3,4,0.16986437,0.5368138551712036,0.048663877,0,0,0,0,1,1,1,1
394-3,394,3,4,0,0,0.153028666973114,0.153028666973114,0,0,5,1,4,0.08972243,0.5368138551712036,0.02509124,0,0,0,0,1,1,1,1
394-4,394,4,4,0,0,0.153028666973114,0.153028666973114,0,0,5,2,3,0.01771834,0.5368138551712036,0.007740858,0,0,0,0,1,1,1,1
394-5,394,5,4,0,0,0.153028666973114,0.153028666973114,0,0,4,4,3,0.025590802,0.5368138551712036,0.013786505,0,0,0,0,1,1,1,1
394-6,394,6,4,0,0,0.153028666973114,0.153028666973114,0,0,4,3,2,0.05627322,0.5368138551712036,0.018584507,0,0,0,0,1,1,1,1
394-7,394,7,4,0,0,0.153028666973114,0.153028666973114,0,0,4,2,2,0.04868887,0.5368138551712036,0.020193497,0,0,0,0,1,1,1,1
394-8,394,8,4,0,0,0.153028666973114,0.153028666973114,0,0,3,3,2,0.09485431,0.5368138551712036,0.031817216,0,0,0,0,1,1,1,1
394-9,394,9,4,0,0,0.153028666973114,0.153028666973114,0,0,5,2,4,0.10260226,0.5368138551712036,0.03494883,0,0,0,0,1,1,1,1
394-10,394,10,4,0,0,0.153028666973114,0.153028666973114,0,0,4,2,4,0.024214376,0.5368138551712036,0.008215547,0,0,0,0,1,1,1,1
394-11,394,11,4,0,0,0.153028666973114,0.153028666973114,0,0,5,2,4,0.052260946,0.5368138551712036,0.019456493,0,0,0,0,1,1,1,1
394-12,394,12,4,0,0,0.153028666973114,0.153028666973114,0,0,4,2,4,0.060277235,0.5368138551712036,0.02061257,0,0,0,0,1,1,1,1
395-0,395,0,2,1,0,0.1621136665344238,0.8378863334655762,1,0,1,4,4,0.20128573,0.4492360949516296,0.07363222,1,0,0,0,1,1,1,1
395-1,395,1,2,1,0,0.1621136665344238,0.8378863334655762,1,0,4,4,4,0.24872176,0.4492360949516296,0.10906458,1,0,0,0,1,1,1,1
395-2,395,2,2,1,0,0.1621136665344238,0.8378863334655762,1,0,1,4,4,0.3798684,0.4492360949516296,0.15396456,1,0,0,0,1,1,1,1
395-3,395,3,2,1,0,0.1621136665344238,0.8378863334655762,1,0,3,3,4,0.38550135,0.4492360949516296,0.13844547,1,0,0,0,1,1,1,1
395-4,395,4,2,1,0,0.1621136665344238,0.8378863334655762,1,0,3,4,3,0.10243276,0.4492360949516296,0.047404874,1,0,0,0,1,1,1,1
395-5,395,5,2,0,1,0.8378863334655762,0.8378863334655762,1,1,2,2,3,0.18461016,0.4492360949516296,0.13614653,1,1,0,0,1,0,1,0
395-6,395,6,2,1,0,0.1621136665344238,0.8378863334655762,1,0,1,4,2,0.07213863,0.4492360949516296,0.028661186,1,0,0,0,1,1,1,1
395-7,395,7,2,0,1,0.8378863334655762,0.8378863334655762,1,1,1,3,2,0.22437285,0.4492360949516296,0.110876225,1,1,0,0,1,0,1,0
395-8,395,8,2,1,0,0.1621136665344238,0.8378863334655762,1,0,1,4,2,0.42796278,0.4492360949516296,0.19483624,1,0,0,0,1,1,1,1
395-9,395,9,2,1,0,0.1621136665344238,0.8378863334655762,1,0,3,4,4,0.44131145,0.4492360949516296,0.19389099,1,0,0,0,1,1,1,1
395-10,395,10,2,0,1,0.8378863334655762,0.8378863334655762,1,1,1,4,4,0.060939424,0.4492360949516296,0.030853396,1,1,0,0,1,0,1,0
395-11,395,11,2,1,0,0.1621136665344238,0.8378863334655762,1,0,3,4,4,0.04821286,0.4492360949516296,0.018084737,1,0,0,0,1,1,1,1
395-12,395,12,2,1,0,0.1621136665344238,0.8378863334655762,1,0,3,4,4,0.15814011,0.4492360949516296,0.052757602,1,0,0,0,1,1,1,1
396-0,396,0,4,0,0,0.6924046277999878,0.6924046277999878,1,1,5,1,4,0.06172096,0.5368138551712036,0.024075117,0,1,0,0,0,1,0,1
396-1,396,1,4,0,0,0.6924046277999878,0.6924046277999878,1,1,5,2,4,0.10383969,0.5368138551712036,0.03794678,0,1,0,0,0,1,0,1
396-2,396,2,4,0,0,0.6924046277999878,0.6924046277999878,1,1,4,3,4,0.44371212,0.5368138551712036,0.15004753,0,1,0,0,0,1,0,1
396-3,396,3,4,0,0,0.6924046277999878,0.6924046277999878,1,1,4,2,4,0.21634485,0.5368138551712036,0.07776858,0,1,0,0,0,1,0,1
396-4,396,4,4,0,0,0.6924046277999878,0.6924046277999878,1,1,5,1,3,0.03519256,0.5368138551712036,0.017087096,0,1,0,0,0,1,0,1
396-5,396,5,4,0,0,0.6924046277999878,0.6924046277999878,1,1,4,3,3,0.07490656,0.5368138551712036,0.037689533,0,1,0,0,0,1,0,1
396-6,396,6,4,0,0,0.6924046277999878,0.6924046277999878,1,1,4,3,2,0.12086948,0.5368138551712036,0.046490278,0,1,0,0,0,1,0,1
396-7,396,7,4,0,0,0.6924046277999878,0.6924046277999878,1,1,3,3,2,0.15222974,0.5368138551712036,0.060550407,0,1,0,0,0,1,0,1
396-8,396,8,4,0,0,0.6924046277999878,0.6924046277999878,1,1,3,3,2,0.21650846,0.5368138551712036,0.08486271,0,1,0,0,0,1,0,1
396-9,396,9,4,0,0,0.6924046277999878,0.6924046277999878,1,1,4,2,4,0.2775304,0.5368138551712036,0.10661384,0,1,0,0,0,1,0,1
396-10,396,10,4,0,0,0.6924046277999878,0.6924046277999878,1,1,4,2,4,0.032076582,0.5368138551712036,0.015995909,0,1,0,0,0,1,0,1
396-11,396,11,4,0,0,0.6924046277999878,0.6924046277999878,1,1,5,2,4,0.1023141,0.5368138551712036,0.043372504,0,1,0,0,0,1,0,1
396-12,396,12,4,0,0,0.6924046277999878,0.6924046277999878,1,1,4,2,4,0.122579046,0.5368138551712036,0.051995315,0,1,0,0,0,1,0,1
397-0,397,0,2,0,0,0.0499698184430599,0.0499698184430599,0,0,4,1,4,0.072921544,0.4492360949516296,0.030819857,0,0,0,0,1,1,1,1
397-1,397,1,2,0,0,0.0499698184430599,0.0499698184430599,0,0,4,2,4,0.12765479,0.4492360949516296,0.05251299,0,0,0,0,1,1,1,1
397-2,397,2,2,1,1,0.95003018155694,0.0499698184430599,0,1,4,3,4,0.6999626,0.4492360949516296,0.43652967,0,1,1,0,1,0,1,1
397-3,397,3,2,0,0,0.0499698184430599,0.0499698184430599,0,0,4,3,4,0.20556638,0.4492360949516296,0.06754187,0,0,0,0,1,1,1,1
397-4,397,4,2,0,0,0.0499698184430599,0.0499698184430599,0,0,5,2,3,0.03078043,0.4492360949516296,0.013936929,0,0,0,0,1,1,1,1
397-5,397,5,2,0,0,0.0499698184430599,0.0499698184430599,0,0,4,2,3,0.051116306,0.4492360949516296,0.028810412,0,0,0,0,1,1,1,1
397-6,397,6,2,0,0,0.0499698184430599,0.0499698184430599,0,0,3,3,2,0.035254817,0.4492360949516296,0.0124018295,0,0,0,0,1,1,1,1
397-7,397,7,2,0,0,0.0499698184430599,0.0499698184430599,0,0,3,3,2,0.05471536,0.4492360949516296,0.021927422,0,0,0,0,1,1,1,1
397-8,397,8,2,0,0,0.0499698184430599,0.0499698184430599,0,0,3,3,2,0.22082983,0.4492360949516296,0.07215422,0,0,0,0,1,1,1,1
397-9,397,9,2,0,0,0.0499698184430599,0.0499698184430599,0,0,4,3,4,0.19940524,0.4492360949516296,0.07378368,0,0,0,0,1,1,1,1
397-10,397,10,2,0,0,0.0499698184430599,0.0499698184430599,0,0,4,3,4,0.020261792,0.4492360949516296,0.0081635155,0,0,0,0,1,1,1,1
397-11,397,11,2,0,0,0.0499698184430599,0.0499698184430599,0,0,5,2,4,0.015369063,0.4492360949516296,0.006501592,0,0,0,0,1,1,1,1
397-12,397,12,2,0,0,0.0499698184430599,0.0499698184430599,0,0,4,3,4,0.070773445,0.4492360949516296,0.02421114,0,0,0,0,1,1,1,1
398-0,398,0,5,0,0,0.9960220456123352,0.9960220456123352,1,1,4,2,4,0.2545598,0.372329980134964,0.14447674,0,1,0,0,0,1,0,1
398-1,398,1,5,0,0,0.9960220456123352,0.9960220456123352,1,1,3,4,4,0.6059702,0.372329980134964,0.3141214,0,1,1,0,0,1,0,0
398-2,398,2,5,1,1,0.0039779543876647,0.9960220456123352,1,0,5,2,4,0.016055409,0.372329980134964,0.011861211,0,0,0,0,0,0,0,0
398-3,398,3,5,0,0,0.9960220456123352,0.9960220456123352,1,1,2,4,4,0.5097961,0.372329980134964,0.3881664,0,1,1,0,0,1,0,0
398-4,398,4,5,1,1,0.0039779543876647,0.9960220456123352,1,0,5,2,3,0.030414693,0.372329980134964,0.023095142,0,0,0,0,0,0,0,0
398-5,398,5,5,0,0,0.9960220456123352,0.9960220456123352,1,1,4,2,3,0.021797631,0.372329980134964,0.018870493,0,1,0,0,0,1,0,1
398-6,398,6,5,1,1,0.0039779543876647,0.9960220456123352,1,0,5,3,2,0.12172806,0.372329980134964,0.06929546,0,0,0,0,0,0,0,0
398-7,398,7,5,1,1,0.0039779543876647,0.9960220456123352,1,0,3,3,2,0.10108368,0.372329980134964,0.041731376,0,0,0,0,0,0,0,0
398-8,398,8,5,1,1,0.0039779543876647,0.9960220456123352,1,0,3,3,2,0.047803763,0.372329980134964,0.017366841,0,0,0,0,0,0,0,0
398-9,398,9,5,1,1,0.0039779543876647,0.9960220456123352,1,0,5,3,4,0.08984555,0.372329980134964,0.042137653,0,0,0,0,0,0,0,0
398-10,398,10,5,1,1,0.0039779543876647,0.9960220456123352,1,0,3,4,4,0.011325356,0.372329980134964,0.009508491,0,0,0,0,0,0,0,0
398-11,398,11,5,1,1,0.0039779543876647,0.9960220456123352,1,0,5,2,4,0.016055409,0.372329980134964,0.011861211,0,0,0,0,0,0,0,0
398-12,398,12,5,0,0,0.9960220456123352,0.9960220456123352,1,1,3,4,4,0.4557678,0.372329980134964,0.20834753,0,1,0,0,0,1,0,1
399-0,399,0,4,0,0,0.1667805165052414,0.1667805165052414,0,0,4,2,4,0.039667875,0.5368138551712036,0.013642557,0,0,0,0,1,1,1,1
399-1,399,1,4,0,0,0.1667805165052414,0.1667805165052414,0,0,5,2,4,0.044795685,0.5368138551712036,0.01724567,0,0,0,0,1,1,1,1
399-2,399,2,4,1,1,0.8332194834947586,0.1667805165052414,0,1,4,3,4,0.69761765,0.5368138551712036,0.37685046,0,1,1,0,1,0,1,1
399-3,399,3,4,1,1,0.8332194834947586,0.1667805165052414,0,1,3,3,4,0.5582781,0.5368138551712036,0.30766264,0,1,1,0,1,0,1,1
399-4,399,4,4,0,0,0.1667805165052414,0.1667805165052414,0,0,5,2,3,0.01771834,0.5368138551712036,0.008004952,0,0,0,0,1,1,1,1
399-5,399,5,4,0,0,0.1667805165052414,0.1667805165052414,0,0,4,2,3,0.021854987,0.5368138551712036,0.012512051,0,0,0,0,1,1,1,1
399-6,399,6,4,1,1,0.8332194834947586,0.1667805165052414,0,1,3,4,2,0.30777466,0.5368138551712036,0.17100154,0,1,0,0,1,0,1,0
399-7,399,7,4,0,0,0.1667805165052414,0.1667805165052414,0,0,2,3,2,0.058505185,0.5368138551712036,0.024584748,0,0,0,0,1,1,1,1
399-8,399,8,4,0,0,0.1667805165052414,0.1667805165052414,0,0,3,3,2,0.09485431,0.5368138551712036,0.032875497,0,0,0,0,1,1,1,1
399-9,399,9,4,0,0,0.1667805165052414,0.1667805165052414,0,0,4,3,4,0.13952471,0.5368138551712036,0.049685266,0,0,0,0,1,1,1,1
399-10,399,10,4,0,0,0.1667805165052414,0.1667805165052414,0,0,4,2,4,0.024214376,0.5368138551712036,0.0084956875,0,0,0,0,1,1,1,1
399-11,399,11,4,0,0,0.1667805165052414,0.1667805165052414,0,0,5,2,4,0.052260946,0.5368138551712036,0.020112177,0,0,0,0,1,1,1,1
399-12,399,12,4,0,0,0.1667805165052414,0.1667805165052414,0,0,4,3,4,0.069338664,0.5368138551712036,0.02387115,0,0,0,0,1,1,1,1
400-0,400,0,4,0,0,0.7153865694999695,0.7153865694999695,1,1,4,2,4,0.0851174,0.5368138551712036,0.034609303,0,1,0,0,0,1,0,1
400-1,400,1,4,0,0,0.7153865694999695,0.7153865694999695,1,1,5,2,4,0.10383969,0.5368138551712036,0.03794678,0,1,0,0,0,1,0,1
400-2,400,2,4,0,0,0.7153865694999695,0.7153865694999695,1,1,4,3,4,0.44371212,0.5368138551712036,0.15004753,0,1,0,0,0,1,0,1
400-3,400,3,4,0,0,0.7153865694999695,0.7153865694999695,1,1,5,1,4,0.16175337,0.5368138551712036,0.052708536,0,1,0,0,0,1,0,1
400-4,400,4,4,0,0,0.7153865694999695,0.7153865694999695,1,1,5,1,3,0.03519256,0.5368138551712036,0.017087096,0,1,0,0,0,1,0,1
400-5,400,5,4,0,0,0.7153865694999695,0.7153865694999695,1,1,4,2,3,0.05718499,0.5368138551712036,0.030833699,0,1,0,0,0,1,0,1
400-6,400,6,4,1,1,0.2846134305000305,0.7153865694999695,1,0,2,4,2,0.17999303,0.5368138551712036,0.08121443,0,0,0,0,0,0,0,0
400-7,400,7,4,0,0,0.7153865694999695,0.7153865694999695,1,1,3,3,2,0.15222974,0.5368138551712036,0.060550407,0,1,0,0,0,1,0,1
400-8,400,8,4,0,0,0.7153865694999695,0.7153865694999695,1,1,3,3,2,0.21650846,0.5368138551712036,0.08486271,0,1,0,0,0,1,0,1
400-9,400,9,4,0,0,0.7153865694999695,0.7153865694999695,1,1,4,3,4,0.3379472,0.5368138551712036,0.12688008,0,1,0,0,0,1,0,1
400-10,400,10,4,0,0,0.7153865694999695,0.7153865694999695,1,1,4,2,4,0.032076582,0.5368138551712036,0.015995909,0,1,0,0,0,1,0,1
400-11,400,11,4,0,0,0.7153865694999695,0.7153865694999695,1,1,5,2,4,0.1023141,0.5368138551712036,0.043372504,0,1,0,0,0,1,0,1
400-12,400,12,4,0,0,0.7153865694999695,0.7153865694999695,1,1,4,2,4,0.122579046,0.5368138551712036,0.051995315,0,1,0,0,0,1,0,1
401-0,401,0,2,1,0,0.0204417109489439,0.979558289051056,1,0,3,4,4,0.032702707,0.4492360949516296,0.014977538,1,0,0,0,1,1,1,1
401-1,401,1,2,1,0,0.0204417109489439,0.979558289051056,1,0,4,3,4,0.040621296,0.4492360949516296,0.019047393,1,0,0,0,1,1,1,1
401-2,401,2,2,1,0,0.0204417109489439,0.979558289051056,1,0,4,3,4,0.067026004,0.4492360949516296,0.026554938,1,0,0,0,1,1,1,1
401-3,401,3,2,1,0,0.0204417109489439,0.979558289051056,1,0,4,3,4,0.06905317,0.4492360949516296,0.024541305,1,0,0,0,1,1,1,1
401-4,401,4,2,1,0,0.0204417109489439,0.979558289051056,1,0,4,3,3,0.013250245,0.4492360949516296,0.00765663,1,0,0,0,1,1,1,1
401-5,401,5,2,1,0,0.0204417109489439,0.979558289051056,1,0,3,3,3,0.018396076,0.4492360949516296,0.0118750455,1,0,0,0,1,1,1,1
401-6,401,6,2,1,0,0.0204417109489439,0.979558289051056,1,0,5,3,2,0.010615872,0.4492360949516296,0.0042748684,1,0,0,0,1,1,1,1
401-7,401,7,2,1,0,0.0204417109489439,0.979558289051056,1,0,3,3,2,0.016190942,0.4492360949516296,0.008056952,1,0,0,0,1,1,1,1
401-8,401,8,2,1,0,0.0204417109489439,0.979558289051056,1,0,2,3,2,0.079256766,0.4492360949516296,0.03096081,1,0,0,0,1,1,1,1
401-9,401,9,2,1,0,0.0204417109489439,0.979558289051056,1,0,5,3,4,0.065201096,0.4492360949516296,0.024825163,1,0,0,0,1,1,1,1
401-10,401,10,2,1,0,0.0204417109489439,0.979558289051056,1,0,3,3,4,0.0074106674,0.4492360949516296,0.003447378,1,0,0,0,1,1,1,1
401-11,401,11,2,1,0,0.0204417109489439,0.979558289051056,1,0,5,2,4,0.005289118,0.4492360949516296,0.002548652,1,0,0,0,1,1,1,1
401-12,401,12,2,1,0,0.0204417109489439,0.979558289051056,1,0,4,3,4,0.02136659,0.4492360949516296,0.008841453,1,0,0,0,1,1,1,1
402-0,402,0,4,1,1,0.9870193544775248,0.0129806455224752,0,1,3,3,4,0.58140165,0.5368138551712036,0.47199163,0,1,1,0,1,0,1,1
402-1,402,1,4,1,1,0.9870193544775248,0.0129806455224752,0,1,4,3,4,0.6563137,0.5368138551712036,0.51012427,0,1,1,1,1,0,1,1
402-2,402,2,4,1,1,0.9870193544775248,0.0129806455224752,0,1,3,3,4,0.8894812,0.5368138551712036,0.75036484,0,1,1,1,1,0,1,1
402-3,402,3,4,0,0,0.0129806455224752,0.0129806455224752,0,0,3,3,4,0.12005275,0.5368138551712036,0.03449811,0,0,0,0,1,1,1,1
402-4,402,4,4,0,0,0.0129806455224752,0.0129806455224752,0,0,5,3,3,0.018144911,0.5368138551712036,0.00763858,0,0,0,0,1,1,1,1
402-5,402,5,4,0,0,0.0129806455224752,0.0129806455224752,0,0,4,2,3,0.018001458,0.5368138551712036,0.010498673,0,0,0,0,1,1,1,1
402-6,402,6,4,0,0,0.0129806455224752,0.0129806455224752,0,0,3,3,2,0.04967549,0.5368138551712036,0.016678078,0,0,0,0,1,1,1,1
402-7,402,7,4,1,1,0.9870193544775248,0.0129806455224752,0,1,3,3,2,0.64169616,0.5368138551712036,0.5089287,0,1,1,1,1,0,1,1
402-8,402,8,4,0,0,0.0129806455224752,0.0129806455224752,0,0,2,3,2,0.08754553,0.5368138551712036,0.030547377,0,0,0,0,1,1,1,1
402-9,402,9,4,0,0,0.0129806455224752,0.0129806455224752,0,0,4,3,4,0.12130888,0.5368138551712036,0.043390118,0,0,0,0,1,1,1,1
402-10,402,10,4,0,0,0.0129806455224752,0.0129806455224752,0,0,4,3,4,0.022827363,0.5368138551712036,0.0077631213,0,0,0,0,1,1,1,1
402-11,402,11,4,0,0,0.0129806455224752,0.0129806455224752,0,0,5,2,4,0.04367909,0.5368138551712036,0.016527332,0,0,0,0,1,1,1,1
402-12,402,12,4,0,0,0.0129806455224752,0.0129806455224752,0,0,4,3,4,0.05694511,0.5368138551712036,0.019490857,0,0,0,0,1,1,1,1
403-0,403,0,4,1,0,0.2278624773025512,0.7721375226974487,1,0,4,3,4,0.18334237,0.5368138551712036,0.08465466,1,0,0,0,1,1,1,1
403-1,403,1,4,1,0,0.2278624773025512,0.7721375226974487,1,0,4,4,4,0.27236846,0.5368138551712036,0.12790553,1,0,0,0,1,1,1,1
403-2,403,2,4,1,0,0.2278624773025512,0.7721375226974487,1,0,4,3,4,0.58231056,0.5368138551712036,0.2757895,1,0,1,0,1,1,1,0
403-3,403,3,4,0,1,0.7721375226974487,0.7721375226974487,1,1,3,3,4,0.33440807,0.5368138551712036,0.11268645,1,1,0,0,1,0,1,0
403-4,403,4,4,1,0,0.2278624773025512,0.7721375226974487,1,0,4,4,3,0.11408896,0.5368138551712036,0.06441561,1,0,0,0,1,1,1,1
403-5,403,5,4,0,1,0.7721375226974487,0.7721375226974487,1,1,4,3,3,0.085172616,0.5368138551712036,0.03865664,1,1,0,0,1,0,1,0
403-6,403,6,4,1,0,0.2278624773025512,0.7721375226974487,1,0,3,4,2,0.22736132,0.5368138551712036,0.11740345,1,0,0,0,1,1,1,1
403-7,403,7,4,1,0,0.2278624773025512,0.7721375226974487,1,0,3,3,2,0.25231335,0.5368138551712036,0.13325724,1,0,0,0,1,1,1,1
403-8,403,8,4,1,0,0.2278624773025512,0.7721375226974487,1,0,3,3,2,0.34633934,0.5368138551712036,0.1811342,1,0,0,0,1,1,1,1
403-9,403,9,4,0,1,0.7721375226974487,0.7721375226974487,1,1,3,4,4,0.420759,0.5368138551712036,0.16103058,1,1,0,0,1,0,1,0
403-10,403,10,4,1,0,0.2278624773025512,0.7721375226974487,1,0,4,3,4,0.052204367,0.5368138551712036,0.043133307,1,0,0,0,1,1,1,1
403-11,403,11,4,1,0,0.2278624773025512,0.7721375226974487,1,0,5,2,4,0.19130673,0.5368138551712036,0.09744254,1,0,0,0,1,1,1,1
403-12,403,12,4,1,0,0.2278624773025512,0.7721375226974487,1,0,4,4,4,0.26470056,0.5368138551712036,0.1378895,1,0,0,0,1,1,1,1
404-0,404,0,3,0,0,0.0474391840398311,0.0474391840398311,0,0,4,3,4,0.14538637,0.4455930888652801,0.07215903,0,0,0,0,1,1,1,1
404-1,404,1,3,0,0,0.0474391840398311,0.0474391840398311,0,0,3,4,4,0.13139516,0.4455930888652801,0.052633967,0,0,0,0,1,1,1,1
404-2,404,2,3,1,1,0.952560815960169,0.0474391840398311,0,1,4,3,4,0.0438094,0.4455930888652801,0.025337605,0,1,0,0,1,0,1,0
404-3,404,3,3,0,0,0.0474391840398311,0.0474391840398311,0,0,4,3,4,0.37463036,0.4455930888652801,0.15192036,0,0,0,0,1,1,1,1
404-4,404,4,3,1,1,0.952560815960169,0.0474391840398311,0,1,5,4,3,0.06376808,0.4455930888652801,0.025736876,0,1,0,0,1,0,1,0
404-5,404,5,3,0,0,0.0474391840398311,0.0474391840398311,0,0,4,2,3,0.14603746,0.4455930888652801,0.07844925,0,0,0,0,1,1,1,1
404-6,404,6,3,1,1,0.952560815960169,0.0474391840398311,0,1,4,4,2,0.03930248,0.4455930888652801,0.02223667,0,1,0,0,1,0,1,0
404-7,404,7,3,0,0,0.0474391840398311,0.0474391840398311,0,0,3,3,2,0.11059762,0.4455930888652801,0.045150567,0,0,0,0,1,1,1,1
404-8,404,8,3,1,1,0.952560815960169,0.0474391840398311,0,1,3,4,2,0.06537159,0.4455930888652801,0.04496176,0,1,0,0,1,0,1,0
404-9,404,9,3,0,0,0.0474391840398311,0.0474391840398311,0,0,4,4,4,0.17746371,0.4455930888652801,0.07564455,0,0,0,0,1,1,1,1
404-10,404,10,3,0,0,0.0474391840398311,0.0474391840398311,0,0,4,3,4,0.040197052,0.4455930888652801,0.017945912,0,0,0,0,1,1,1,1
404-11,404,11,3,0,0,0.0474391840398311,0.0474391840398311,0,0,4,2,4,0.032557588,0.4455930888652801,0.030570151,0,0,0,0,1,1,1,1
404-12,404,12,3,0,0,0.0474391840398311,0.0474391840398311,0,0,4,3,4,0.10111602,0.4455930888652801,0.045116875,0,0,0,0,1,1,1,1
405-0,405,0,3,0,1,0.133924588561058,0.133924588561058,0,0,4,1,4,0.10128382,0.4455930888652801,0.057951946,1,0,0,0,0,0,0,0
405-1,405,1,3,1,0,0.866075411438942,0.133924588561058,0,1,5,3,4,0.122528374,0.4455930888652801,0.05283991,1,1,0,0,0,1,0,1
405-2,405,2,3,0,1,0.133924588561058,0.133924588561058,0,0,5,3,4,0.023024164,0.4455930888652801,0.0121928295,1,0,0,0,0,0,0,0
405-3,405,3,3,0,1,0.133924588561058,0.133924588561058,0,0,3,3,4,0.38534933,0.4455930888652801,0.15763253,1,0,0,0,0,0,0,0
405-4,405,4,3,0,1,0.133924588561058,0.133924588561058,0,0,5,3,3,0.032716747,0.4455930888652801,0.014107756,1,0,0,0,0,0,0,0
405-5,405,5,3,0,1,0.133924588561058,0.133924588561058,0,0,4,2,3,0.13183837,0.4455930888652801,0.07477374,1,0,0,0,0,0,0,0
405-6,405,6,3,1,0,0.866075411438942,0.133924588561058,0,1,2,4,2,0.067941114,0.4455930888652801,0.03753824,1,1,0,0,0,1,0,1
405-7,405,7,3,1,0,0.866075411438942,0.133924588561058,0,1,2,3,2,0.23413658,0.4455930888652801,0.11905628,1,1,0,0,0,1,0,1
405-8,405,8,3,1,0,0.866075411438942,0.133924588561058,0,1,3,3,2,0.06347702,0.4455930888652801,0.045587573,1,1,0,0,0,1,0,1
405-9,405,9,3,1,0,0.866075411438942,0.133924588561058,0,1,4,4,4,0.28162348,0.4455930888652801,0.1333292,1,1,0,0,0,1,0,1
405-10,405,10,3,1,0,0.866075411438942,0.133924588561058,0,1,3,3,4,0.04857959,0.4455930888652801,0.030976798,1,1,0,0,0,1,0,1
405-11,405,11,3,1,0,0.866075411438942,0.133924588561058,0,1,4,2,4,0.057600178,0.4455930888652801,0.055828873,1,1,0,0,0,1,0,1
405-12,405,12,3,1,0,0.866075411438942,0.133924588561058,0,1,4,3,4,0.1632706,0.4455930888652801,0.080831446,1,1,0,0,0,1,0,1
406-0,406,0,4,1,0,0.9851966416463256,0.0148033583536744,0,1,3,4,4,0.49598005,0.5368138551712036,0.37246686,1,1,0,0,0,1,0,1
406-1,406,1,4,0,1,0.0148033583536744,0.0148033583536744,0,0,4,3,4,0.051337633,0.5368138551712036,0.019549418,1,0,0,0,0,0,0,0
406-2,406,2,4,0,1,0.0148033583536744,0.0148033583536744,0,0,3,3,4,0.1840565,0.5368138551712036,0.054669466,1,0,0,0,0,0,0,0
406-3,406,3,4,0,1,0.0148033583536744,0.0148033583536744,0,0,4,2,4,0.095215745,0.5368138551712036,0.028525878,1,0,0,0,0,0,0,0
406-4,406,4,4,1,0,0.9851966416463256,0.0148033583536744,0,1,4,3,3,0.3594379,0.5368138551712036,0.25996852,1,1,0,0,0,1,0,1
406-5,406,5,4,0,1,0.0148033583536744,0.0148033583536744,0,0,4,3,3,0.020505643,0.5368138551712036,0.011510325,1,0,0,0,0,0,0,0
406-6,406,6,4,1,0,0.9851966416463256,0.0148033583536744,0,1,2,4,2,0.52995455,0.5368138551712036,0.43279108,1,1,1,0,0,1,0,0
406-7,406,7,4,1,0,0.9851966416463256,0.0148033583536744,0,1,2,3,2,0.5684014,0.5368138551712036,0.45225424,1,1,1,0,0,1,0,0
406-8,406,8,4,1,0,0.9851966416463256,0.0148033583536744,0,1,3,3,2,0.6329535,0.5368138551712036,0.47915584,1,1,1,0,0,1,0,0
406-9,406,9,4,0,1,0.0148033583536744,0.0148033583536744,0,0,4,4,4,0.12130888,0.5368138551712036,0.043798033,1,0,0,0,0,0,0,0
406-10,406,10,4,0,1,0.0148033583536744,0.0148033583536744,0,0,4,2,4,0.020280426,0.5368138551712036,0.007189069,1,0,0,0,0,0,0,0
406-11,406,11,4,0,1,0.0148033583536744,0.0148033583536744,0,0,5,2,4,0.04367909,0.5368138551712036,0.016527332,1,0,0,0,0,0,0,0
406-12,406,12,4,1,0,0.9851966416463256,0.0148033583536744,0,1,3,3,4,0.5638859,0.5368138551712036,0.41293332,1,1,1,0,0,1,0,0
407-0,407,0,3,1,1,0.946697685867548,0.053302314132452,0,1,3,3,4,0.3020139,0.4455930888652801,0.16133273,0,1,0,0,1,0,1,0
407-1,407,1,3,0,0,0.053302314132452,0.053302314132452,0,0,4,3,4,0.10936814,0.4455930888652801,0.046673514,0,0,0,0,1,1,1,1
407-2,407,2,3,0,0,0.053302314132452,0.053302314132452,0,0,4,3,4,0.032327995,0.4455930888652801,0.016702088,0,0,0,0,1,1,1,1
407-3,407,3,3,1,1,0.946697685867548,0.053302314132452,0,1,3,3,4,0.60711336,0.4455930888652801,0.30582047,0,1,1,0,1,0,1,1
407-4,407,4,3,0,0,0.053302314132452,0.053302314132452,0,0,4,3,3,0.04404443,0.4455930888652801,0.021168329,0,0,0,0,1,1,1,1
407-5,407,5,3,0,0,0.053302314132452,0.053302314132452,0,0,4,3,3,0.14603746,0.4455930888652801,0.07844925,0,0,0,0,1,1,1,1
407-6,407,6,3,0,0,0.053302314132452,0.053302314132452,0,0,4,4,2,0.028966438,0.4455930888652801,0.014298041,0,0,0,0,1,1,1,1
407-7,407,7,3,1,1,0.946697685867548,0.053302314132452,0,1,2,3,2,0.2384622,0.4455930888652801,0.1233065,0,1,0,0,1,0,1,0
407-8,407,8,3,0,0,0.053302314132452,0.053302314132452,0,0,3,3,2,0.032528974,0.4455930888652801,0.022708945,0,0,0,0,1,1,1,1
407-9,407,9,3,0,0,0.053302314132452,0.053302314132452,0,0,4,3,4,0.17746371,0.4455930888652801,0.07564455,0,0,0,0,1,1,1,1
407-10,407,10,3,0,0,0.053302314132452,0.053302314132452,0,0,4,3,4,0.040197052,0.4455930888652801,0.017945912,0,0,0,0,1,1,1,1
407-11,407,11,3,1,1,0.946697685867548,0.053302314132452,0,1,5,2,4,0.038090996,0.4455930888652801,0.03759092,0,1,0,0,1,0,1,0
407-12,407,12,3,0,0,0.053302314132452,0.053302314132452,0,0,4,3,4,0.10111602,0.4455930888652801,0.045116875,0,0,0,0,1,1,1,1
408-0,408,0,4,1,1,0.971205733716488,0.0287942662835121,0,1,4,3,4,0.36750555,0.5368138551712036,0.22261725,0,1,0,0,1,0,1,0
408-1,408,1,4,1,1,0.971205733716488,0.0287942662835121,0,1,3,4,4,0.5299885,0.5368138551712036,0.32508832,0,1,1,0,1,0,1,1
408-2,408,2,4,1,1,0.971205733716488,0.0287942662835121,0,1,4,3,4,0.7802662,0.5368138551712036,0.50824416,0,1,1,1,1,0,1,1
408-3,408,3,4,1,1,0.971205733716488,0.0287942662835121,0,1,4,3,4,0.62235737,0.5368138551712036,0.37426975,0,1,1,0,1,0,1,1
408-4,408,4,4,0,0,0.0287942662835121,0.0287942662835121,0,0,4,3,3,0.020429332,0.5368138551712036,0.009716686,0,0,0,0,1,1,1,1
408-5,408,5,4,0,0,0.0287942662835121,0.0287942662835121,0,0,4,3,3,0.019531032,0.5368138551712036,0.011510325,0,0,0,0,1,1,1,1
408-6,408,6,4,0,0,0.0287942662835121,0.0287942662835121,0,0,3,4,2,0.04626375,0.5368138551712036,0.016871618,0,0,0,0,1,1,1,1
408-7,408,7,4,1,1,0.971205733716488,0.0287942662835121,0,1,2,3,2,0.48542044,0.5368138551712036,0.34072098,0,1,0,0,1,0,1,0
408-8,408,8,4,1,1,0.971205733716488,0.0287942662835121,0,1,2,3,2,0.5890567,0.5368138551712036,0.43037033,0,1,1,0,1,0,1,1
408-9,408,9,4,1,1,0.971205733716488,0.0287942662835121,0,1,4,4,4,0.71104306,0.5368138551712036,0.49276033,0,1,1,0,1,0,1,1
408-10,408,10,4,0,0,0.0287942662835121,0.0287942662835121,0,0,3,3,4,0.023930995,0.5368138551712036,0.008484746,0,0,0,0,1,1,1,1
408-11,408,11,4,1,1,0.971205733716488,0.0287942662835121,0,1,3,3,4,0.5324274,0.5368138551712036,0.3453783,0,1,1,0,1,0,1,1
408-12,408,12,4,1,1,0.971205733716488,0.0287942662835121,0,1,3,3,4,0.48724893,0.5368138551712036,0.30121526,0,1,0,0,1,0,1,0
409-0,409,0,2,1,0,0.0863946080207823,0.9136053919792176,1,0,4,2,4,0.1359866,0.4492360949516296,0.078765035,1,0,0,0,1,1,1,1
409-1,409,1,2,1,0,0.0863946080207823,0.9136053919792176,1,0,5,3,4,0.15947877,0.4492360949516296,0.08867293,1,0,0,0,1,1,1,1
409-2,409,2,2,1,0,0.0863946080207823,0.9136053919792176,1,0,5,2,4,0.23833212,0.4492360949516296,0.12449062,1,0,0,0,1,1,1,1
409-3,409,3,2,0,1,0.9136053919792176,0.9136053919792176,1,1,4,3,4,0.6645047,0.4492360949516296,0.42634624,1,1,1,0,1,0,1,1
409-4,409,4,2,1,0,0.0863946080207823,0.9136053919792176,1,0,5,3,3,0.05819852,0.4492360949516296,0.03409412,1,0,0,0,1,1,1,1
409-5,409,5,2,1,0,0.0863946080207823,0.9136053919792176,1,0,4,3,3,0.10160805,0.4492360949516296,0.079289496,1,0,0,0,1,1,1,1
409-6,409,6,2,1,0,0.0863946080207823,0.9136053919792176,1,0,5,3,2,0.052036874,0.4492360949516296,0.026440881,1,0,0,0,1,1,1,1
409-7,409,7,2,1,0,0.0863946080207823,0.9136053919792176,1,0,3,3,2,0.10269614,0.4492360949516296,0.061720558,1,0,0,0,1,1,1,1
409-8,409,8,2,1,0,0.0863946080207823,0.9136053919792176,1,0,3,3,2,0.35531515,0.4492360949516296,0.17917006,1,0,0,0,1,1,1,1
409-9,409,9,2,1,0,0.0863946080207823,0.9136053919792176,1,0,5,3,4,0.30539918,0.4492360949516296,0.15687643,1,0,0,0,1,1,1,1
409-10,409,10,2,1,0,0.0863946080207823,0.9136053919792176,1,0,3,3,4,0.041274063,0.4492360949516296,0.024285723,1,0,0,0,1,1,1,1
409-11,409,11,2,1,0,0.0863946080207823,0.9136053919792176,1,0,5,3,4,0.028721195,0.4492360949516296,0.01593979,1,0,0,0,1,1,1,1
409-12,409,12,2,1,0,0.0863946080207823,0.9136053919792176,1,0,4,3,4,0.124610506,0.4492360949516296,0.0627539,1,0,0,0,1,1,1,1
410-0,410,0,5,1,1,0.0849834680557252,0.9150165319442748,1,0,5,1,4,0.027681459,0.372329980134964,0.00971092,0,0,0,0,0,0,0,0
410-1,410,1,5,1,1,0.0849834680557252,0.9150165319442748,1,0,5,3,4,0.074269176,0.372329980134964,0.021555116,0,0,0,0,0,0,0,0
410-2,410,2,5,1,1,0.0849834680557252,0.9150165319442748,1,0,4,3,4,0.015886296,0.372329980134964,0.007925728,0,0,0,0,0,0,0,0
410-3,410,3,5,1,1,0.0849834680557252,0.9150165319442748,1,0,2,2,4,0.08933835,0.372329980134964,0.045910615,0,0,0,0,0,0,0,0
410-4,410,4,5,1,1,0.0849834680557252,0.9150165319442748,1,0,5,3,3,0.023070589,0.372329980134964,0.011439706,0,0,0,0,0,0,0,0
410-5,410,5,5,1,1,0.0849834680557252,0.9150165319442748,1,0,4,2,3,0.0074996846,0.372329980134964,0.0042379415,0,0,0,0,0,0,0,0
410-6,410,6,5,1,1,0.0849834680557252,0.9150165319442748,1,0,5,3,2,0.076074824,0.372329980134964,0.03432417,0,0,0,0,0,0,0,0
410-7,410,7,5,1,1,0.0849834680557252,0.9150165319442748,1,0,3,3,2,0.074352264,0.372329980134964,0.02517148,0,0,0,0,0,0,0,0
410-8,410,8,5,1,1,0.0849834680557252,0.9150165319442748,1,0,3,3,2,0.03506283,0.372329980134964,0.010370648,0,0,0,0,0,0,0,0
410-9,410,9,5,1,1,0.0849834680557252,0.9150165319442748,1,0,5,4,4,0.07668534,0.372329980134964,0.022909764,0,0,0,0,0,0,0,0
410-10,410,10,5,1,1,0.0849834680557252,0.9150165319442748,1,0,3,3,4,0.008644672,0.372329980134964,0.0057507427,0,0,0,0,0,0,0,0
410-11,410,11,5,1,1,0.0849834680557252,0.9150165319442748,1,0,5,3,4,0.013863075,0.372329980134964,0.0061453017,0,0,0,0,0,0,0,0
410-12,410,12,5,0,0,0.9150165319442748,0.9150165319442748,1,1,4,4,4,0.18518281,0.372329980134964,0.07108665,0,1,0,0,0,1,0,1
411-0,411,0,1,1,0,0.3209952712059021,0.6790047287940979,1,0,4,3,4,0.3314865,0.486357569694519,0.12556218,1,0,0,0,1,1,1,1
411-1,411,1,1,1,0,0.3209952712059021,0.6790047287940979,1,0,4,4,4,0.3015043,0.486357569694519,0.11574249,1,0,0,0,1,1,1,1
411-2,411,2,1,1,0,0.3209952712059021,0.6790047287940979,1,0,3,3,4,0.20602745,0.486357569694519,0.08403201,1,0,0,0,1,1,1,1
411-3,411,3,1,0,1,0.6790047287940979,0.6790047287940979,1,1,3,3,4,0.38655755,0.486357569694519,0.19477569,1,1,0,0,1,0,1,0
411-4,411,4,1,1,0,0.3209952712059021,0.6790047287940979,1,0,4,4,3,0.067832425,0.486357569694519,0.032856263,1,0,0,0,1,1,1,1
411-5,411,5,1,1,0,0.3209952712059021,0.6790047287940979,1,0,3,3,3,0.123612784,0.486357569694519,0.0509474,1,0,0,0,1,1,1,1
411-6,411,6,1,1,0,0.3209952712059021,0.6790047287940979,1,0,4,3,2,0.104441725,0.486357569694519,0.035781477,1,0,0,0,1,1,1,1
411-7,411,7,1,1,0,0.3209952712059021,0.6790047287940979,1,0,2,3,2,0.19360685,0.486357569694519,0.08348728,1,0,0,0,1,1,1,1
411-8,411,8,1,1,0,0.3209952712059021,0.6790047287940979,1,0,3,3,2,0.0973904,0.486357569694519,0.034429945,1,0,0,0,1,1,1,1
411-9,411,9,1,1,0,0.3209952712059021,0.6790047287940979,1,0,5,2,4,0.28524223,0.486357569694519,0.094011255,1,0,0,0,1,1,1,1
411-10,411,10,1,1,0,0.3209952712059021,0.6790047287940979,1,0,4,2,4,0.049331807,0.486357569694519,0.023143286,1,0,0,0,1,1,1,1
411-11,411,11,1,1,0,0.3209952712059021,0.6790047287940979,1,0,5,2,4,0.15156431,0.486357569694519,0.06007646,1,0,0,0,1,1,1,1
411-12,411,12,1,1,0,0.3209952712059021,0.6790047287940979,1,0,4,2,4,0.14418098,0.486357569694519,0.053768266,1,0,0,0,1,1,1,1
412-0,412,0,4,0,0,0.3126415610313415,0.3126415610313415,0,0,4,2,4,0.12659001,0.5368138551712036,0.04345441,0,0,0,0,1,1,1,1
412-1,412,1,4,0,0,0.3126415610313415,0.3126415610313415,0,0,5,2,4,0.15709727,0.5368138551712036,0.04893656,0,0,0,0,1,1,1,1
412-2,412,2,4,0,0,0.3126415610313415,0.3126415610313415,0,0,4,3,4,0.49481428,0.5368138551712036,0.1729529,0,0,0,0,1,1,1,1
412-3,412,3,4,0,0,0.3126415610313415,0.3126415610313415,0,0,4,2,4,0.30458447,0.5368138551712036,0.09934772,0,0,0,0,1,1,1,1
412-4,412,4,4,0,0,0.3126415610313415,0.3126415610313415,0,0,5,2,3,0.061068896,0.5368138551712036,0.022980742,0,0,0,0,1,1,1,1
412-5,412,5,4,0,0,0.3126415610313415,0.3126415610313415,0,0,4,2,3,0.08508215,0.5368138551712036,0.039953597,0,0,0,0,1,1,1,1
412-6,412,6,4,0,0,0.3126415610313415,0.3126415610313415,0,0,4,3,2,0.15757518,0.5368138551712036,0.060853377,0,0,0,0,1,1,1,1
412-7,412,7,4,0,0,0.3126415610313415,0.3126415610313415,0,0,3,3,2,0.18746834,0.5368138551712036,0.07456683,0,0,0,0,1,1,1,1
412-8,412,8,4,0,0,0.3126415610313415,0.3126415610313415,0,0,3,3,2,0.26592395,0.5368138551712036,0.10388474,0,0,0,0,1,1,1,1
412-9,412,9,4,0,0,0.3126415610313415,0.3126415610313415,0,0,5,1,4,0.29934913,0.5368138551712036,0.09296424,0,0,0,0,1,1,1,1
412-10,412,10,4,0,0,0.3126415610313415,0.3126415610313415,0,0,4,2,4,0.04114047,0.5368138551712036,0.020287817,0,0,0,0,1,1,1,1
412-11,412,11,4,0,0,0.3126415610313415,0.3126415610313415,0,0,5,2,4,0.15994528,0.5368138551712036,0.0567663,0,0,0,0,1,1,1,1
412-12,412,12,4,0,0,0.3126415610313415,0.3126415610313415,0,0,4,2,4,0.17431645,0.5368138551712036,0.06473784,0,0,0,0,1,1,1,1
413-0,413,0,1,0,0,0.2295445948839187,0.2295445948839187,0,0,4,3,4,0.28280184,0.486357569694519,0.11023058,0,0,0,0,1,1,1,1
413-1,413,1,1,0,0,0.2295445948839187,0.2295445948839187,0,0,5,2,4,0.19635583,0.486357569694519,0.07192451,0,0,0,0,1,1,1,1
413-2,413,2,1,1,1,0.7704554051160812,0.2295445948839187,0,1,4,3,4,0.27411178,0.486357569694519,0.11497241,0,1,0,0,1,0,1,0
413-3,413,3,1,0,0,0.2295445948839187,0.2295445948839187,0,0,4,2,4,0.16346368,0.486357569694519,0.061275046,0,0,0,0,1,1,1,1
413-4,413,4,1,0,0,0.2295445948839187,0.2295445948839187,0,0,4,3,3,0.052342672,0.486357569694519,0.027298676,0,0,0,0,1,1,1,1
413-5,413,5,1,0,0,0.2295445948839187,0.2295445948839187,0,0,4,2,3,0.07699038,0.486357569694519,0.033666078,0,0,0,0,1,1,1,1
413-6,413,6,1,0,0,0.2295445948839187,0.2295445948839187,0,0,4,4,2,0.08115769,0.486357569694519,0.030128274,0,0,0,0,1,1,1,1
413-7,413,7,1,0,0,0.2295445948839187,0.2295445948839187,0,0,3,3,2,0.1274191,0.486357569694519,0.05493993,0,0,0,0,1,1,1,1
413-8,413,8,1,0,0,0.2295445948839187,0.2295445948839187,0,0,3,3,2,0.074791275,0.486357569694519,0.028073702,0,0,0,0,1,1,1,1
413-9,413,9,1,0,0,0.2295445948839187,0.2295445948839187,0,0,4,3,4,0.25992727,0.486357569694519,0.09628271,0,0,0,0,1,1,1,1
413-10,413,10,1,0,0,0.2295445948839187,0.2295445948839187,0,0,4,3,4,0.044253644,0.486357569694519,0.020630557,0,0,0,0,1,1,1,1
413-11,413,11,1,0,0,0.2295445948839187,0.2295445948839187,0,0,5,2,4,0.10277463,0.486357569694519,0.04411245,0,0,0,0,1,1,1,1
413-12,413,12,1,0,0,0.2295445948839187,0.2295445948839187,0,0,4,2,4,0.102866195,0.486357569694519,0.041694455,0,0,0,0,1,1,1,1
414-0,414,0,5,0,0,0.9217838048934937,0.9217838048934937,1,1,4,3,4,0.115862906,0.372329980134964,0.054221723,0,1,0,0,0,1,0,1
414-1,414,1,5,0,0,0.9217838048934937,0.9217838048934937,1,1,5,2,4,0.23649116,0.372329980134964,0.07896739,0,1,0,0,0,1,0,1
414-2,414,2,5,0,0,0.9217838048934937,0.9217838048934937,1,1,4,3,4,0.06446559,0.372329980134964,0.031724893,0,1,0,0,0,1,0,1
414-3,414,3,5,0,0,0.9217838048934937,0.9217838048934937,1,1,4,2,4,0.23744579,0.372329980134964,0.14732482,0,1,0,0,0,1,0,1
414-4,414,4,5,0,0,0.9217838048934937,0.9217838048934937,1,1,5,3,3,0.093708135,0.372329980134964,0.042722,0,1,0,0,0,1,0,1
414-5,414,5,5,0,0,0.9217838048934937,0.9217838048934937,1,1,4,2,3,0.007942651,0.372329980134964,0.0067772227,0,1,0,0,0,1,0,1
414-6,414,6,5,0,0,0.9217838048934937,0.9217838048934937,1,1,4,4,2,0.2987131,0.372329980134964,0.13643157,0,1,0,0,0,1,0,1
414-7,414,7,5,0,0,0.9217838048934937,0.9217838048934937,1,1,3,3,2,0.26188782,0.372329980134964,0.08214646,0,1,0,0,0,1,0,1
414-8,414,8,5,0,0,0.9217838048934937,0.9217838048934937,1,1,3,3,2,0.11506567,0.372329980134964,0.032445587,0,1,0,0,0,1,0,1
414-9,414,9,5,0,0,0.9217838048934937,0.9217838048934937,1,1,4,3,4,0.30855393,0.372329980134964,0.1184435,0,1,0,0,0,1,0,1
414-10,414,10,5,0,0,0.9217838048934937,0.9217838048934937,1,1,4,3,4,0.0073061422,0.372329980134964,0.0077812797,0,1,0,0,0,1,0,1
414-11,414,11,5,0,0,0.9217838048934937,0.9217838048934937,1,1,5,2,4,0.04797594,0.372329980134964,0.02069297,0,1,0,0,0,1,0,1
414-12,414,12,5,0,0,0.9217838048934937,0.9217838048934937,1,1,4,2,4,0.18301491,0.372329980134964,0.06764086,0,1,0,0,0,1,0,1
415-0,415,0,2,1,0,0.0311632752418518,0.9688367247581482,1,0,5,2,4,0.022717657,0.4492360949516296,0.009960494,1,0,0,0,1,1,1,1
415-1,415,1,2,1,0,0.0311632752418518,0.9688367247581482,1,0,4,4,4,0.041450735,0.4492360949516296,0.01938854,1,0,0,0,1,1,1,1
415-2,415,2,2,1,0,0.0311632752418518,0.9688367247581482,1,0,4,4,4,0.06835618,0.4492360949516296,0.027026843,1,0,0,0,1,1,1,1
415-3,415,3,2,1,0,0.0311632752418518,0.9688367247581482,1,0,4,3,4,0.06905317,0.4492360949516296,0.024541305,1,0,0,0,1,1,1,1
415-4,415,4,2,1,0,0.0311632752418518,0.9688367247581482,1,0,5,2,3,0.010059745,0.4492360949516296,0.005442787,1,0,0,0,1,1,1,1
415-5,415,5,2,1,0,0.0311632752418518,0.9688367247581482,1,0,4,2,3,0.015160253,0.4492360949516296,0.010311107,1,0,0,0,1,1,1,1
415-6,415,6,2,1,0,0.0311632752418518,0.9688367247581482,1,0,5,4,2,0.010995956,0.4492360949516296,0.0043526073,1,0,0,0,1,1,1,1
415-7,415,7,2,1,0,0.0311632752418518,0.9688367247581482,1,0,3,3,2,0.016190942,0.4492360949516296,0.008056952,1,0,0,0,1,1,1,1
415-8,415,8,2,1,0,0.0311632752418518,0.9688367247581482,1,0,3,3,2,0.07127229,0.4492360949516296,0.026538389,1,0,0,0,1,1,1,1
415-9,415,9,2,1,0,0.0311632752418518,0.9688367247581482,1,0,5,2,4,0.0673032,0.4492360949516296,0.024965864,1,0,0,0,1,1,1,1
415-10,415,10,2,0,1,0.9688367247581482,0.9688367247581482,1,1,4,2,4,0.081736,0.4492360949516296,0.042322747,1,1,0,0,1,0,1,0
415-11,415,11,2,1,0,0.0311632752418518,0.9688367247581482,1,0,5,2,4,0.005289118,0.4492360949516296,0.002548652,1,0,0,0,1,1,1,1
415-12,415,12,2,1,0,0.0311632752418518,0.9688367247581482,1,0,4,2,4,0.020246474,0.4492360949516296,0.008741727,1,0,0,0,1,1,1,1
416-0,416,0,2,1,0,0.5619074702262878,0.4380925297737121,0,1,2,4,4,0.2750683,0.4492360949516296,0.12523668,1,1,0,0,0,1,0,1
416-1,416,1,2,0,1,0.4380925297737121,0.4380925297737121,0,0,4,3,4,0.29762152,0.4492360949516296,0.13517039,1,0,0,0,0,0,0,0
416-2,416,2,2,1,0,0.5619074702262878,0.4380925297737121,0,1,3,4,4,0.50802535,0.4492360949516296,0.23891366,1,1,1,0,0,1,0,0
416-3,416,3,2,1,0,0.5619074702262878,0.4380925297737121,0,1,3,3,4,0.523131,0.4492360949516296,0.22668508,1,1,1,0,0,1,0,0
416-4,416,4,2,0,1,0.4380925297737121,0.4380925297737121,0,0,4,3,3,0.112519555,0.4492360949516296,0.05036172,1,0,0,0,0,0,0,0
416-5,416,5,2,0,1,0.4380925297737121,0.4380925297737121,0,0,4,2,3,0.13847627,0.4492360949516296,0.07661917,1,0,0,0,0,0,0,0
416-6,416,6,2,0,1,0.4380925297737121,0.4380925297737121,0,0,2,4,2,0.068015195,0.4492360949516296,0.03161893,1,0,0,0,0,0,0,0
416-7,416,7,2,0,1,0.4380925297737121,0.4380925297737121,0,0,2,3,2,0.18127285,0.4492360949516296,0.07719834,1,0,0,0,0,0,0,0
416-8,416,8,2,0,1,0.4380925297737121,0.4380925297737121,0,0,3,3,2,0.44420016,0.4492360949516296,0.17810898,1,0,0,0,0,0,0,0
416-9,416,9,2,1,0,0.5619074702262878,0.4380925297737121,0,1,5,4,4,0.36112872,0.4492360949516296,0.15923597,1,1,0,0,0,1,0,1
416-10,416,10,2,0,1,0.4380925297737121,0.4380925297737121,0,0,3,2,4,0.038310613,0.4492360949516296,0.019686101,1,0,0,0,0,0,0,0
416-11,416,11,2,0,1,0.4380925297737121,0.4380925297737121,0,0,4,3,4,0.041844446,0.4492360949516296,0.01932008,1,0,0,0,0,0,0,0
416-12,416,12,2,1,0,0.5619074702262878,0.4380925297737121,0,1,4,3,4,0.17947441,0.4492360949516296,0.070968404,1,1,0,0,0,1,0,1
417-0,417,0,3,0,0,0.219641163945198,0.219641163945198,0,0,5,1,4,0.08748977,0.4455930888652801,0.043862123,0,0,0,0,1,1,1,1
417-1,417,1,3,0,0,0.219641163945198,0.219641163945198,0,0,5,2,4,0.084468335,0.4455930888652801,0.031897347,0,0,0,0,1,1,1,1
417-2,417,2,3,1,1,0.7803588360548019,0.219641163945198,0,1,3,3,4,0.06595364,0.4455930888652801,0.03337047,0,1,0,0,1,0,1,0
417-3,417,3,3,0,0,0.219641163945198,0.219641163945198,0,0,4,2,4,0.36475983,0.4455930888652801,0.14333364,0,0,0,0,1,1,1,1
417-4,417,4,3,0,0,0.219641163945198,0.219641163945198,0,0,5,2,3,0.035223313,0.4455930888652801,0.014107756,0,0,0,0,1,1,1,1
417-5,417,5,3,0,0,0.219641163945198,0.219641163945198,0,0,4,2,3,0.14083342,0.4455930888652801,0.074355334,0,0,0,0,1,1,1,1
417-6,417,6,3,0,0,0.219641163945198,0.219641163945198,0,0,4,4,2,0.027798418,0.4455930888652801,0.013363797,0,0,0,0,1,1,1,1
417-7,417,7,3,0,0,0.219641163945198,0.219641163945198,0,0,3,3,2,0.10236038,0.4455930888652801,0.04111474,0,0,0,0,1,1,1,1
417-8,417,8,3,0,0,0.219641163945198,0.219641163945198,0,0,3,3,2,0.031139327,0.4455930888652801,0.021236952,0,0,0,0,1,1,1,1
417-9,417,9,3,0,0,0.219641163945198,0.219641163945198,0,0,4,2,4,0.16961628,0.4455930888652801,0.07100804,0,0,0,0,1,1,1,1
417-10,417,10,3,0,0,0.219641163945198,0.219641163945198,0,0,3,3,4,0.046692252,0.4455930888652801,0.018996106,0,0,0,0,1,1,1,1
417-11,417,11,3,0,0,0.219641163945198,0.219641163945198,0,0,5,2,4,0.026439562,0.4455930888652801,0.023122484,0,0,0,0,1,1,1,1
417-12,417,12,3,0,0,0.219641163945198,0.219641163945198,0,0,4,3,4,0.097330324,0.4455930888652801,0.04305121,0,0,0,0,1,1,1,1
418-0,418,0,2,0,0,0.0268951021134853,0.0268951021134853,0,0,5,1,4,0.02328226,0.4492360949516296,0.010525201,0,0,0,0,1,1,1,1
418-1,418,1,2,0,0,0.0268951021134853,0.0268951021134853,0,0,5,2,4,0.037514955,0.4492360949516296,0.015715867,0,0,0,0,1,1,1,1
418-2,418,2,2,0,0,0.0268951021134853,0.0268951021134853,0,0,5,2,4,0.077021375,0.4492360949516296,0.027250925,0,0,0,0,1,1,1,1
418-3,418,3,2,0,0,0.0268951021134853,0.0268951021134853,0,0,4,3,4,0.10524426,0.4492360949516296,0.032914154,0,0,0,0,1,1,1,1
418-4,418,4,2,0,0,0.0268951021134853,0.0268951021134853,0,0,5,3,3,0.014972178,0.4492360949516296,0.00695501,0,0,0,0,1,1,1,1
418-5,418,5,2,0,0,0.0268951021134853,0.0268951021134853,0,0,4,2,3,0.021876603,0.4492360949516296,0.013226903,0,0,0,0,1,1,1,1
418-6,418,6,2,0,0,0.0268951021134853,0.0268951021134853,0,0,5,3,2,0.016931208,0.4492360949516296,0.0057552317,0,0,0,0,1,1,1,1
418-7,418,7,2,0,0,0.0268951021134853,0.0268951021134853,0,0,3,3,2,0.024555419,0.4492360949516296,0.010612803,0,0,0,0,1,1,1,1
418-8,418,8,2,0,0,0.0268951021134853,0.0268951021134853,0,0,3,3,2,0.10973421,0.4492360949516296,0.03538839,0,0,0,0,1,1,1,1
418-9,418,9,2,0,0,0.0268951021134853,0.0268951021134853,0,0,5,2,4,0.08005751,0.4492360949516296,0.027215416,0,0,0,0,1,1,1,1
418-10,418,10,2,0,0,0.0268951021134853,0.0268951021134853,0,0,4,2,4,0.009189885,0.4492360949516296,0.003989992,0,0,0,0,1,1,1,1
418-11,418,11,2,0,0,0.0268951021134853,0.0268951021134853,0,0,5,2,4,0.0075892312,0.4492360949516296,0.0032742897,0,0,0,0,1,1,1,1
418-12,418,12,2,0,0,0.0268951021134853,0.0268951021134853,0,0,4,2,4,0.028910063,0.4492360949516296,0.011290304,0,0,0,0,1,1,1,1
419-0,419,0,3,0,0,0.0553109124302864,0.0553109124302864,0,0,5,1,4,0.09536493,0.4455930888652801,0.049865507,0,0,0,0,1,1,1,1
419-1,419,1,3,0,0,0.0553109124302864,0.0553109124302864,0,0,5,2,4,0.08780243,0.4455930888652801,0.033251062,0,0,0,0,1,1,1,1
419-2,419,2,3,0,0,0.0553109124302864,0.0553109124302864,0,0,5,2,4,0.025852866,0.4455930888652801,0.0126120215,0,0,0,0,1,1,1,1
419-3,419,3,3,0,0,0.0553109124302864,0.0553109124302864,0,0,4,2,4,0.37463036,0.4455930888652801,0.14945945,0,0,0,0,1,1,1,1
419-4,419,4,3,0,0,0.0553109124302864,0.0553109124302864,0,0,5,1,3,0.028992644,0.4455930888652801,0.0137143135,0,0,0,0,1,1,1,1
419-5,419,5,3,0,0,0.0553109124302864,0.0553109124302864,0,0,4,2,3,0.14603746,0.4455930888652801,0.07844925,0,0,0,0,1,1,1,1
419-6,419,6,3,0,0,0.0553109124302864,0.0553109124302864,0,0,4,3,2,0.029457582,0.4455930888652801,0.014681262,0,0,0,0,1,1,1,1
419-7,419,7,3,0,0,0.0553109124302864,0.0553109124302864,0,0,3,3,2,0.10631868,0.4455930888652801,0.04346438,0,0,0,0,1,1,1,1
419-8,419,8,3,0,0,0.0553109124302864,0.0553109124302864,0,0,3,3,2,0.03206267,0.4455930888652801,0.022708945,0,0,0,0,1,1,1,1
419-9,419,9,3,0,0,0.0553109124302864,0.0553109124302864,0,0,5,2,4,0.14945708,0.4455930888652801,0.05648222,0,0,0,0,1,1,1,1
419-10,419,10,3,0,0,0.0553109124302864,0.0553109124302864,0,0,4,2,4,0.040197052,0.4455930888652801,0.01784827,0,0,0,0,1,1,1,1
419-11,419,11,3,0,0,0.0553109124302864,0.0553109124302864,0,0,5,2,4,0.02774616,0.4455930888652801,0.025948629,0,0,0,0,1,1,1,1
419-12,419,12,3,0,0,0.0553109124302864,0.0553109124302864,0,0,4,2,4,0.10111602,0.4455930888652801,0.044878174,0,0,0,0,1,1,1,1
420-0,420,0,4,0,0,0.0432760268449783,0.0432760268449783,0,0,3,3,4,0.068242796,0.5368138551712036,0.021323444,0,0,0,0,1,1,1,1
420-1,420,1,4,1,1,0.9567239731550216,0.0432760268449783,0,1,4,4,4,0.3719907,0.5368138551712036,0.15642095,0,1,0,0,1,0,1,0
420-2,420,2,4,0,0,0.0432760268449783,0.0432760268449783,0,0,3,3,4,0.26568493,0.5368138551712036,0.07696988,0,0,0,0,1,1,1,1
420-3,420,3,4,0,0,0.0432760268449783,0.0432760268449783,0,0,3,2,4,0.15636937,0.5368138551712036,0.04275477,0,0,0,0,1,1,1,1
420-4,420,4,4,0,0,0.0432760268449783,0.0432760268449783,0,0,4,3,3,0.03217557,0.5368138551712036,0.0132992305,0,0,0,0,1,1,1,1
420-5,420,5,4,0,0,0.0432760268449783,0.0432760268449783,0,0,3,2,3,0.03127749,0.5368138551712036,0.015882494,0,0,0,0,1,1,1,1
420-6,420,6,4,0,0,0.0432760268449783,0.0432760268449783,0,0,3,4,2,0.06894171,0.5368138551712036,0.022857266,0,0,0,0,1,1,1,1
420-7,420,7,4,1,1,0.9567239731550216,0.0432760268449783,0,1,3,3,2,0.33324537,0.5368138551712036,0.14961457,0,1,0,0,1,0,1,0
420-8,420,8,4,0,0,0.0432760268449783,0.0432760268449783,0,0,3,3,2,0.10988119,0.5368138551712036,0.03727272,0,0,0,0,1,1,1,1
420-9,420,9,4,0,0,0.0432760268449783,0.0432760268449783,0,0,4,4,4,0.1731472,0.5368138551712036,0.059195254,0,0,0,0,1,1,1,1
420-10,420,10,4,0,0,0.0432760268449783,0.0432760268449783,0,0,4,3,4,0.03531044,0.5368138551712036,0.011014132,0,0,0,0,1,1,1,1
420-11,420,11,4,0,0,0.0432760268449783,0.0432760268449783,0,0,5,2,4,0.06475238,0.5368138551712036,0.022981962,0,0,0,0,1,1,1,1
420-12,420,12,4,0,0,0.0432760268449783,0.0432760268449783,0,0,4,3,4,0.086435124,0.5368138551712036,0.02751697,0,0,0,0,1,1,1,1
421-0,421,0,1,0,0,0.4428863823413849,0.4428863823413849,0,0,5,1,4,0.29265213,0.486357569694519,0.10682244,0,0,0,0,1,1,1,1
421-1,421,1,1,0,0,0.4428863823413849,0.4428863823413849,0,0,5,2,4,0.27052024,0.486357569694519,0.09222107,0,0,0,0,1,1,1,1
421-2,421,2,1,0,0,0.4428863823413849,0.4428863823413849,0,0,5,2,4,0.17205915,0.486357569694519,0.06286193,0,0,0,0,1,1,1,1
421-3,421,3,1,0,0,0.4428863823413849,0.4428863823413849,0,0,4,3,4,0.25261644,0.486357569694519,0.09937662,0,0,0,0,1,1,1,1
421-4,421,4,1,0,0,0.4428863823413849,0.4428863823413849,0,0,5,2,3,0.060726766,0.486357569694519,0.027305128,0,0,0,0,1,1,1,1
421-5,421,5,1,0,0,0.4428863823413849,0.4428863823413849,0,0,4,2,3,0.11445573,0.486357569694519,0.04656738,0,0,0,0,1,1,1,1
421-6,421,6,1,1,1,0.5571136176586151,0.4428863823413849,0,1,2,4,2,0.14291604,0.486357569694519,0.06456065,0,1,0,0,1,0,1,0
421-7,421,7,1,0,0,0.4428863823413849,0.4428863823413849,0,0,3,3,2,0.17945787,0.486357569694519,0.07445429,0,0,0,0,1,1,1,1
421-8,421,8,1,0,0,0.4428863823413849,0.4428863823413849,0,0,2,3,2,0.13051422,0.486357569694519,0.050538167,0,0,0,0,1,1,1,1
421-9,421,9,1,0,0,0.4428863823413849,0.4428863823413849,0,0,5,2,4,0.2825156,0.486357569694519,0.09128382,0,0,0,0,1,1,1,1
421-10,421,10,1,0,0,0.4428863823413849,0.4428863823413849,0,0,4,1,4,0.04548744,0.486357569694519,0.022610378,0,0,0,0,1,1,1,1
421-11,421,11,1,0,0,0.4428863823413849,0.4428863823413849,0,0,5,2,4,0.1544135,0.486357569694519,0.06043847,0,0,0,0,1,1,1,1
421-12,421,12,1,0,0,0.4428863823413849,0.4428863823413849,0,0,4,2,4,0.13472083,0.486357569694519,0.05444809,0,0,0,0,1,1,1,1
422-0,422,0,1,0,0,0.4375925958156585,0.4375925958156585,0,0,4,2,4,0.33261383,0.486357569694519,0.12895423,0,0,0,0,1,1,1,1
422-1,422,1,1,0,0,0.4375925958156585,0.4375925958156585,0,0,5,2,4,0.27052024,0.486357569694519,0.09222107,0,0,0,0,1,1,1,1
422-2,422,2,1,0,0,0.4375925958156585,0.4375925958156585,0,0,4,3,4,0.21703544,0.486357569694519,0.08761305,0,0,0,0,1,1,1,1
422-3,422,3,1,0,0,0.4375925958156585,0.4375925958156585,0,0,4,3,4,0.25261644,0.486357569694519,0.09937662,0,0,0,0,1,1,1,1
422-4,422,4,1,0,0,0.4375925958156585,0.4375925958156585,0,0,5,2,3,0.060726766,0.486357569694519,0.027305128,0,0,0,0,1,1,1,1
422-5,422,5,1,0,0,0.4375925958156585,0.4375925958156585,0,0,5,2,3,0.10311848,0.486357569694519,0.038846422,0,0,0,0,1,1,1,1
422-6,422,6,1,0,0,0.4375925958156585,0.4375925958156585,0,0,4,4,2,0.11671005,0.486357569694519,0.040305912,0,0,0,0,1,1,1,1
422-7,422,7,1,0,0,0.4375925958156585,0.4375925958156585,0,0,3,3,2,0.17945787,0.486357569694519,0.07358418,0,0,0,0,1,1,1,1
422-8,422,8,1,0,0,0.4375925958156585,0.4375925958156585,0,0,3,3,2,0.10521182,0.486357569694519,0.03803442,0,0,0,0,1,1,1,1
422-9,422,9,1,0,0,0.4375925958156585,0.4375925958156585,0,0,4,2,4,0.30444905,0.486357569694519,0.10697708,0,0,0,0,1,1,1,1
422-10,422,10,1,0,0,0.4375925958156585,0.4375925958156585,0,0,4,1,4,0.04548744,0.486357569694519,0.023011131,0,0,0,0,1,1,1,1
422-11,422,11,1,0,0,0.4375925958156585,0.4375925958156585,0,0,5,2,4,0.1544135,0.486357569694519,0.06043847,0,0,0,0,1,1,1,1
422-12,422,12,1,0,0,0.4375925958156585,0.4375925958156585,0,0,4,2,4,0.13472083,0.486357569694519,0.05444809,0,0,0,0,1,1,1,1
423-0,423,0,3,1,1,0.8878699615597725,0.1121300384402275,0,1,3,3,4,0.31108162,0.4455930888652801,0.16453509,0,1,0,0,1,0,1,0
423-1,423,1,3,1,1,0.8878699615597725,0.1121300384402275,0,1,4,3,4,0.17976238,0.4455930888652801,0.0838366,0,1,0,0,1,0,1,0
423-2,423,2,3,0,0,0.1121300384402275,0.1121300384402275,0,0,4,3,4,0.032036692,0.4455930888652801,0.016463157,0,0,0,0,1,1,1,1
423-3,423,3,3,0,0,0.1121300384402275,0.1121300384402275,0,0,3,3,4,0.4115697,0.4455930888652801,0.16285376,0,0,0,0,1,1,1,1
423-4,423,4,3,1,1,0.8878699615597725,0.1121300384402275,0,1,4,4,3,0.09669575,0.4455930888652801,0.0435471,0,1,0,0,1,0,1,0
423-5,423,5,3,0,0,0.1121300384402275,0.1121300384402275,0,0,5,2,3,0.121605046,0.4455930888652801,0.058730986,0,0,0,0,1,1,1,1
423-6,423,6,3,0,0,0.1121300384402275,0.1121300384402275,0,0,4,3,2,0.029191365,0.4455930888652801,0.014342975,0,0,0,0,1,1,1,1
423-7,423,7,3,1,1,0.8878699615597725,0.1121300384402275,0,1,3,3,2,0.21367274,0.4455930888652801,0.09589076,0,1,0,0,1,0,1,0
423-8,423,8,3,0,0,0.1121300384402275,0.1121300384402275,0,0,3,3,2,0.0314342,0.4455930888652801,0.022189856,0,0,0,0,1,1,1,1
423-9,423,9,3,0,0,0.1121300384402275,0.1121300384402275,0,0,4,3,4,0.17431618,0.4455930888652801,0.0753542,0,0,0,0,1,1,1,1
423-10,423,10,3,0,0,0.1121300384402275,0.1121300384402275,0,0,4,3,4,0.039837755,0.4455930888652801,0.01768949,0,0,0,0,1,1,1,1
423-11,423,11,3,0,0,0.1121300384402275,0.1121300384402275,0,0,5,2,4,0.027302613,0.4455930888652801,0.024015384,0,0,0,0,1,1,1,1
423-12,423,12,3,0,0,0.1121300384402275,0.1121300384402275,0,0,3,3,4,0.11767922,0.4455930888652801,0.048806164,0,0,0,0,1,1,1,1
424-0,424,0,4,0,0,0.7284708023071289,0.7284708023071289,1,1,3,3,4,0.13270234,0.5368138551712036,0.052684527,0,1,0,0,0,1,0,1
424-1,424,1,4,0,0,0.7284708023071289,0.7284708023071289,1,1,4,3,4,0.17317422,0.5368138551712036,0.06285036,0,1,0,0,0,1,0,1
424-2,424,2,4,0,0,0.7284708023071289,0.7284708023071289,1,1,4,3,4,0.44371212,0.5368138551712036,0.15004753,0,1,0,0,0,1,0,1
424-3,424,3,4,0,0,0.7284708023071289,0.7284708023071289,1,1,4,3,4,0.27016953,0.5368138551712036,0.094047695,0,1,0,0,0,1,0,1
424-4,424,4,4,0,0,0.7284708023071289,0.7284708023071289,1,1,4,3,3,0.064533316,0.5368138551712036,0.030499792,0,1,0,0,0,1,0,1
424-5,424,5,4,0,0,0.7284708023071289,0.7284708023071289,1,1,5,2,3,0.043056864,0.5368138551712036,0.022902552,0,1,0,0,0,1,0,1
424-6,424,6,4,1,1,0.2715291976928711,0.7284708023071289,1,0,2,4,2,0.17999303,0.5368138551712036,0.08121443,0,0,0,0,0,0,0,0
424-7,424,7,4,0,0,0.7284708023071289,0.7284708023071289,1,1,3,3,2,0.15222974,0.5368138551712036,0.060550407,0,1,0,0,0,1,0,1
424-8,424,8,4,0,0,0.7284708023071289,0.7284708023071289,1,1,3,3,2,0.21650846,0.5368138551712036,0.08486271,0,1,0,0,0,1,0,1
424-9,424,9,4,0,0,0.7284708023071289,0.7284708023071289,1,1,4,2,4,0.2775304,0.5368138551712036,0.10661384,0,1,0,0,0,1,0,1
424-10,424,10,4,0,0,0.7284708023071289,0.7284708023071289,1,1,4,2,4,0.032076582,0.5368138551712036,0.015995909,0,1,0,0,0,1,0,1
424-11,424,11,4,0,0,0.7284708023071289,0.7284708023071289,1,1,5,2,4,0.1023141,0.5368138551712036,0.043372504,0,1,0,0,0,1,0,1
424-12,424,12,4,0,0,0.7284708023071289,0.7284708023071289,1,1,4,2,4,0.122579046,0.5368138551712036,0.051995315,0,1,0,0,0,1,0,1
425-0,425,0,3,0,0,0.107731208205223,0.107731208205223,0,0,4,3,4,0.1442281,0.4455930888652801,0.07188104,0,0,0,0,1,1,1,1
425-1,425,1,3,0,0,0.107731208205223,0.107731208205223,0,0,4,3,4,0.1084604,0.4455930888652801,0.046488795,0,0,0,0,1,1,1,1
425-2,425,2,3,0,0,0.107731208205223,0.107731208205223,0,0,3,3,4,0.037046157,0.4455930888652801,0.018477168,0,0,0,0,1,1,1,1
425-3,425,3,3,0,0,0.107731208205223,0.107731208205223,0,0,3,3,4,0.4115697,0.4455930888652801,0.16285376,0,0,0,0,1,1,1,1
425-4,425,4,3,0,0,0.107731208205223,0.107731208205223,0,0,5,2,3,0.036362395,0.4455930888652801,0.014657757,0,0,0,0,1,1,1,1
425-5,425,5,3,0,0,0.107731208205223,0.107731208205223,0,0,5,2,3,0.121605046,0.4455930888652801,0.058730986,0,0,0,0,1,1,1,1
425-6,425,6,3,0,0,0.107731208205223,0.107731208205223,0,0,4,3,2,0.029191365,0.4455930888652801,0.014342975,0,0,0,0,1,1,1,1
425-7,425,7,3,0,0,0.107731208205223,0.107731208205223,0,0,3,2,2,0.105433285,0.4455930888652801,0.04368367,0,0,0,0,1,1,1,1
425-8,425,8,3,0,0,0.107731208205223,0.107731208205223,0,0,3,3,2,0.0314342,0.4455930888652801,0.022189856,0,0,0,0,1,1,1,1
425-9,425,9,3,0,0,0.107731208205223,0.107731208205223,0,0,4,2,4,0.17431618,0.4455930888652801,0.07402532,0,0,0,0,1,1,1,1
425-10,425,10,3,0,0,0.107731208205223,0.107731208205223,0,0,4,2,4,0.039837755,0.4455930888652801,0.017593235,0,0,0,0,1,1,1,1
425-11,425,11,3,0,0,0.107731208205223,0.107731208205223,0,0,5,2,4,0.027302613,0.4455930888652801,0.024015384,0,0,0,0,1,1,1,1
425-12,425,12,3,0,0,0.107731208205223,0.107731208205223,0,0,4,2,4,0.10026908,0.4455930888652801,0.04470022,0,0,0,0,1,1,1,1
426-0,426,0,2,1,0,0.0466182231903076,0.9533817768096924,1,0,4,3,4,0.06481326,0.4492360949516296,0.026729036,1,0,0,0,1,1,1,1
426-1,426,1,2,1,0,0.0466182231903076,0.9533817768096924,1,0,5,3,4,0.06570146,0.4492360949516296,0.029270608,1,0,0,0,1,1,1,1
426-2,426,2,2,1,0,0.0466182231903076,0.9533817768096924,1,0,4,3,4,0.14101513,0.4492360949516296,0.057938453,1,0,0,0,1,1,1,1
426-3,426,3,2,1,0,0.0466182231903076,0.9533817768096924,1,0,4,2,4,0.14807431,0.4492360949516296,0.05436336,1,0,0,0,1,1,1,1
426-4,426,4,2,1,0,0.0466182231903076,0.9533817768096924,1,0,5,3,3,0.022178596,0.4492360949516296,0.011272885,1,0,0,0,1,1,1,1
426-5,426,5,2,0,1,0.9533817768096924,0.9533817768096924,1,1,4,2,3,0.22120424,0.4492360949516296,0.13035709,1,1,0,0,1,0,1,0
426-6,426,6,2,1,0,0.0466182231903076,0.9533817768096924,1,0,4,4,2,0.02264925,0.4492360949516296,0.00980376,1,0,0,0,1,1,1,1
426-7,426,7,2,1,0,0.0466182231903076,0.9533817768096924,1,0,3,3,2,0.03828219,0.4492360949516296,0.01784293,1,0,0,0,1,1,1,1
426-8,426,8,2,1,0,0.0466182231903076,0.9533817768096924,1,0,3,3,2,0.15655816,0.4492360949516296,0.058240127,1,0,0,0,1,1,1,1
426-9,426,9,2,0,1,0.9533817768096924,0.9533817768096924,1,1,5,3,4,0.5085082,0.4492360949516296,0.24798954,1,1,1,0,1,0,1,1
426-10,426,10,2,1,0,0.0466182231903076,0.9533817768096924,1,0,3,3,4,0.015943037,0.4492360949516296,0.0070646442,1,0,0,0,1,1,1,1
426-11,426,11,2,1,0,0.0466182231903076,0.9533817768096924,1,0,5,3,4,0.011147198,0.4492360949516296,0.00521793,1,0,0,0,1,1,1,1
426-12,426,12,2,1,0,0.0466182231903076,0.9533817768096924,1,0,4,2,4,0.046684336,0.4492360949516296,0.01916969,1,0,0,0,1,1,1,1
427-0,427,0,1,1,0,0.6386728286743164,0.3613271713256836,0,1,4,3,4,0.5215542,0.486357569694519,0.24574608,1,1,1,0,0,1,0,0
427-1,427,1,1,1,0,0.6386728286743164,0.3613271713256836,0,1,4,3,4,0.5043801,0.486357569694519,0.22096865,1,1,1,0,0,1,0,0
427-2,427,2,1,1,0,0.6386728286743164,0.3613271713256836,0,1,4,4,4,0.33689314,0.486357569694519,0.14754137,1,1,0,0,0,1,0,1
427-3,427,3,1,0,1,0.3613271713256836,0.3613271713256836,0,0,4,3,4,0.22537856,0.486357569694519,0.086666524,1,0,0,0,0,0,0,0
427-4,427,4,1,1,0,0.6386728286743164,0.3613271713256836,0,1,5,3,3,0.13605255,0.486357569694519,0.06134118,1,1,0,0,0,1,0,1
427-5,427,5,1,1,0,0.6386728286743164,0.3613271713256836,0,1,3,3,3,0.2523085,0.486357569694519,0.10993828,1,1,0,0,0,1,0,1
427-6,427,6,1,1,0,0.6386728286743164,0.3613271713256836,0,1,3,4,2,0.17957124,0.486357569694519,0.08370968,1,1,0,0,0,1,0,1
427-7,427,7,1,1,0,0.6386728286743164,0.3613271713256836,0,1,3,3,2,0.3080093,0.486357569694519,0.1349044,1,1,0,0,0,1,0,1
427-8,427,8,1,1,0,0.6386728286743164,0.3613271713256836,0,1,3,3,2,0.15218197,0.486357569694519,0.07203334,1,1,0,0,0,1,0,1
427-9,427,9,1,1,0,0.6386728286743164,0.3613271713256836,0,1,5,3,4,0.48632872,0.486357569694519,0.18532604,1,1,0,0,0,1,0,1
427-10,427,10,1,1,0,0.6386728286743164,0.3613271713256836,0,1,3,3,4,0.058449425,0.486357569694519,0.037013188,1,1,0,0,0,1,0,1
427-11,427,11,1,1,0,0.6386728286743164,0.3613271713256836,0,1,5,3,4,0.2842019,0.486357569694519,0.11799311,1,1,0,0,0,1,0,1
427-12,427,12,1,1,0,0.6386728286743164,0.3613271713256836,0,1,4,3,4,0.23255911,0.486357569694519,0.11038867,1,1,0,0,0,1,0,1
