id,case_id,rater_id,fold,error-rating,d_probability,probability_source_ai,run,threshold_youden
1-0,1,0,3,0,0.06693496,fast_test,unweighted,0.21808862686157227
1-1,1,1,3,0,0.03338557,fast_test,unweighted,0.21808862686157227
1-2,1,2,3,0,0.01381345,fast_test,unweighted,0.21808862686157227
1-3,1,3,3,0,0.11626197,fast_test,unweighted,0.21808862686157227
1-4,1,4,3,0,0.029480288,fast_test,unweighted,0.21808862686157227
1-5,1,5,3,0,0.08661966,fast_test,unweighted,0.21808862686157227
1-6,1,6,3,0,0.011757226,fast_test,unweighted,0.21808862686157227
1-7,1,7,3,0,0.052014142,fast_test,unweighted,0.21808862686157227
1-8,1,8,3,0,0.02042752,fast_test,unweighted,0.21808862686157227
1-9,1,9,3,0,0.0736991,fast_test,unweighted,0.21808862686157227
1-10,1,10,3,0,0.020715052,fast_test,unweighted,0.21808862686157227
1-11,1,11,3,1,0.039661646,fast_test,unweighted,0.21808862686157227
1-12,1,12,3,0,0.059627183,fast_test,unweighted,0.21808862686157227
2-0,2,0,5,1,0.69645524,fast_test,unweighted,0.1712287962436676
2-1,2,1,5,1,0.8795228,fast_test,unweighted,0.1712287962436676
2-2,2,2,5,1,0.62454325,fast_test,unweighted,0.1712287962436676
2-3,2,3,5,0,0.00416093,fast_test,unweighted,0.1712287962436676
2-4,2,4,5,0,0.0016118637,fast_test,unweighted,0.1712287962436676
2-5,2,5,5,1,0.17971516,fast_test,unweighted,0.1712287962436676
2-6,2,6,5,0,0.002895938,fast_test,unweighted,0.1712287962436676
2-7,2,7,5,1,0.8633349,fast_test,unweighted,0.1712287962436676
2-8,2,8,5,1,0.78318334,fast_test,unweighted,0.1712287962436676
2-9,2,9,5,0,0.002174306,fast_test,unweighted,0.1712287962436676
2-10,2,10,5,0,0.0010270806,fast_test,unweighted,0.1712287962436676
2-11,2,11,5,1,0.7292215,fast_test,unweighted,0.1712287962436676
2-12,2,12,5,1,0.8150462,fast_test,unweighted,0.1712287962436676
3-0,3,0,3,0,0.026930781,fast_test,unweighted,0.21808862686157227
3-1,3,1,3,0,0.017797912,fast_test,unweighted,0.21808862686157227
3-2,3,2,3,0,0.0069402643,fast_test,unweighted,0.21808862686157227
3-3,3,3,3,0,0.069641575,fast_test,unweighted,0.21808862686157227
3-4,3,4,3,0,0.011633849,fast_test,unweighted,0.21808862686157227
3-5,3,5,3,0,0.03825392,fast_test,unweighted,0.21808862686157227
3-6,3,6,3,1,0.08606453,fast_test,unweighted,0.21808862686157227
3-7,3,7,3,0,0.019055761,fast_test,unweighted,0.21808862686157227
3-8,3,8,3,0,0.0060707317,fast_test,unweighted,0.21808862686157227
3-9,3,9,3,0,0.04174399,fast_test,unweighted,0.21808862686157227
3-10,3,10,3,0,0.0085180495,fast_test,unweighted,0.21808862686157227
3-11,3,11,3,0,0.007980667,fast_test,unweighted,0.21808862686157227
3-12,3,12,3,0,0.023383878,fast_test,unweighted,0.21808862686157227
4-0,4,0,4,0,0.0016086211,fast_test,unweighted,0.30763813853263855
4-1,4,1,4,0,0.0014783865,fast_test,unweighted,0.30763813853263855
4-2,4,2,4,0,0.0047635185,fast_test,unweighted,0.30763813853263855
4-3,4,3,4,1,0.74642473,fast_test,unweighted,0.30763813853263855
4-4,4,4,4,0,0.0011188526,fast_test,unweighted,0.30763813853263855
4-5,4,5,4,1,0.49950197,fast_test,unweighted,0.30763813853263855
4-6,4,6,4,1,0.66827315,fast_test,unweighted,0.30763813853263855
4-7,4,7,4,0,0.0013573102,fast_test,unweighted,0.30763813853263855
4-8,4,8,4,1,0.7640418,fast_test,unweighted,0.30763813853263855
4-9,4,9,4,0,0.004417443,fast_test,unweighted,0.30763813853263855
4-10,4,10,4,0,0.0013805532,fast_test,unweighted,0.30763813853263855
4-11,4,11,4,1,0.70172584,fast_test,unweighted,0.30763813853263855
4-12,4,12,4,1,0.6731416,fast_test,unweighted,0.30763813853263855
5-0,5,0,4,0,0.057097666,fast_test,unweighted,0.30763813853263855
5-1,5,1,4,0,0.07802459,fast_test,unweighted,0.30763813853263855
5-2,5,2,4,0,0.2260874,fast_test,unweighted,0.30763813853263855
5-3,5,3,4,0,0.13233799,fast_test,unweighted,0.30763813853263855
5-4,5,4,4,0,0.040873803,fast_test,unweighted,0.30763813853263855
5-5,5,5,4,0,0.048369233,fast_test,unweighted,0.30763813853263855
5-6,5,6,4,1,0.16204178,fast_test,unweighted,0.30763813853263855
5-7,5,7,4,0,0.05250185,fast_test,unweighted,0.30763813853263855
5-8,5,8,4,0,0.12070517,fast_test,unweighted,0.30763813853263855
5-9,5,9,4,0,0.19830932,fast_test,unweighted,0.30763813853263855
5-10,5,10,4,0,0.026935877,fast_test,unweighted,0.30763813853263855
5-11,5,11,4,0,0.09101888,fast_test,unweighted,0.30763813853263855
5-12,5,12,4,0,0.08920434,fast_test,unweighted,0.30763813853263855
6-0,6,0,1,0,0.4296742,fast_test,unweighted,0.20838698744773865
6-1,6,1,1,0,0.49111181,fast_test,unweighted,0.20838698744773865
6-2,6,2,1,0,0.32938272,fast_test,unweighted,0.20838698744773865
6-3,6,3,1,0,0.30814582,fast_test,unweighted,0.20838698744773865
6-4,6,4,1,0,0.18878253,fast_test,unweighted,0.20838698744773865
6-5,6,5,1,0,0.17727545,fast_test,unweighted,0.20838698744773865
6-6,6,6,1,1,0.014671512,fast_test,unweighted,0.20838698744773865
6-7,6,7,1,0,0.32520533,fast_test,unweighted,0.20838698744773865
6-8,6,8,1,0,0.18144554,fast_test,unweighted,0.20838698744773865
6-9,6,9,1,0,0.47431362,fast_test,unweighted,0.20838698744773865
6-10,6,10,1,1,0.013401289,fast_test,unweighted,0.20838698744773865
6-11,6,11,1,1,0.030314906,fast_test,unweighted,0.20838698744773865
6-12,6,12,1,0,0.25118583,fast_test,unweighted,0.20838698744773865
7-0,7,0,4,0,0.013397998,fast_test,unweighted,0.30763813853263855
7-1,7,1,4,0,0.018498912,fast_test,unweighted,0.30763813853263855
7-2,7,2,4,0,0.061640274,fast_test,unweighted,0.30763813853263855
7-3,7,3,4,0,0.032369167,fast_test,unweighted,0.30763813853263855
7-4,7,4,4,0,0.009466593,fast_test,unweighted,0.30763813853263855
7-5,7,5,4,0,0.011465521,fast_test,unweighted,0.30763813853263855
7-6,7,6,4,1,0.16525702,fast_test,unweighted,0.30763813853263855
7-7,7,7,4,0,0.011500574,fast_test,unweighted,0.30763813853263855
7-8,7,8,4,0,0.028135177,fast_test,unweighted,0.30763813853263855
7-9,7,9,4,0,0.051461,fast_test,unweighted,0.30763813853263855
7-10,7,10,4,1,0.06021984,fast_test,unweighted,0.30763813853263855
7-11,7,11,4,0,0.02160068,fast_test,unweighted,0.30763813853263855
7-12,7,12,4,0,0.020830384,fast_test,unweighted,0.30763813853263855
8-0,8,0,3,0,0.029096328,fast_test,unweighted,0.21808862686157227
8-1,8,1,3,0,0.015548618,fast_test,unweighted,0.21808862686157227
8-2,8,2,3,0,0.0043062177,fast_test,unweighted,0.21808862686157227
8-3,8,3,3,0,0.037555177,fast_test,unweighted,0.21808862686157227
8-4,8,4,3,0,0.008486876,fast_test,unweighted,0.21808862686157227
8-5,8,5,3,0,0.027901117,fast_test,unweighted,0.21808862686157227
8-6,8,6,3,0,0.0041316915,fast_test,unweighted,0.21808862686157227
8-7,8,7,3,0,0.015257431,fast_test,unweighted,0.21808862686157227
8-8,8,8,3,0,0.0048177755,fast_test,unweighted,0.21808862686157227
8-9,8,9,3,0,0.028491857,fast_test,unweighted,0.21808862686157227
8-10,8,10,3,0,0.00711577,fast_test,unweighted,0.21808862686157227
8-11,8,11,3,0,0.0058298367,fast_test,unweighted,0.21808862686157227
8-12,8,12,3,0,0.01710102,fast_test,unweighted,0.21808862686157227
9-0,9,0,3,0,0.04739426,fast_test,unweighted,0.21808862686157227
9-1,9,1,3,0,0.039030153,fast_test,unweighted,0.21808862686157227
9-2,9,2,3,0,0.011354196,fast_test,unweighted,0.21808862686157227
9-3,9,3,3,0,0.08194211,fast_test,unweighted,0.21808862686157227
9-4,9,4,3,1,0.13792656,fast_test,unweighted,0.21808862686157227
9-5,9,5,3,1,0.31965873,fast_test,unweighted,0.21808862686157227
9-6,9,6,3,0,0.010790307,fast_test,unweighted,0.21808862686157227
9-7,9,7,3,0,0.036339168,fast_test,unweighted,0.21808862686157227
9-8,9,8,3,1,0.08179846,fast_test,unweighted,0.21808862686157227
9-9,9,9,3,1,0.32349956,fast_test,unweighted,0.21808862686157227
9-10,9,10,3,1,0.056657422,fast_test,unweighted,0.21808862686157227
9-11,9,11,3,0,0.018834848,fast_test,unweighted,0.21808862686157227
9-12,9,12,3,0,0.050220653,fast_test,unweighted,0.21808862686157227
10-0,10,0,3,0,0.013565563,fast_test,unweighted,0.21808862686157227
10-1,10,1,3,1,0.68878853,fast_test,unweighted,0.21808862686157227
10-2,10,2,3,0,0.0023953277,fast_test,unweighted,0.21808862686157227
10-3,10,3,3,0,0.025732523,fast_test,unweighted,0.21808862686157227
10-4,10,4,3,0,0.004808014,fast_test,unweighted,0.21808862686157227
10-5,10,5,3,1,0.8253145,fast_test,unweighted,0.21808862686157227
10-6,10,6,3,0,0.0021141225,fast_test,unweighted,0.21808862686157227
10-7,10,7,3,0,0.010165661,fast_test,unweighted,0.21808862686157227
10-8,10,8,3,1,0.42387652,fast_test,unweighted,0.21808862686157227
10-9,10,9,3,0,0.014228337,fast_test,unweighted,0.21808862686157227
10-10,10,10,3,1,0.27542552,fast_test,unweighted,0.21808862686157227
10-11,10,11,3,0,0.003087585,fast_test,unweighted,0.21808862686157227
10-12,10,12,3,1,0.7295995,fast_test,unweighted,0.21808862686157227
11-0,11,0,5,0,0.000928105,fast_test,unweighted,0.1712287962436676
11-1,11,1,5,0,0.0019236204,fast_test,unweighted,0.1712287962436676
11-2,11,2,5,0,0.0006719502,fast_test,unweighted,0.1712287962436676
11-3,11,3,5,0,0.0029600551,fast_test,unweighted,0.1712287962436676
11-4,11,4,5,0,0.0014077927,fast_test,unweighted,0.1712287962436676
11-5,11,5,5,0,0.0013258316,fast_test,unweighted,0.1712287962436676
11-6,11,6,5,0,0.002793917,fast_test,unweighted,0.1712287962436676
11-7,11,7,5,0,0.0016233504,fast_test,unweighted,0.1712287962436676
11-8,11,8,5,0,0.0009539479,fast_test,unweighted,0.1712287962436676
11-9,11,9,5,1,0.88842016,fast_test,unweighted,0.1712287962436676
11-10,11,10,5,0,0.00086281693,fast_test,unweighted,0.1712287962436676
11-11,11,11,5,0,0.0007768998,fast_test,unweighted,0.1712287962436676
11-12,11,12,5,0,0.0018525295,fast_test,unweighted,0.1712287962436676
12-0,12,0,3,0,0.03712353,fast_test,unweighted,0.21808862686157227
12-1,12,1,3,0,0.03252785,fast_test,unweighted,0.21808862686157227
12-2,12,2,3,0,0.009169206,fast_test,unweighted,0.21808862686157227
12-3,12,3,3,0,0.0663743,fast_test,unweighted,0.21808862686157227
12-4,12,4,3,0,0.017631838,fast_test,unweighted,0.21808862686157227
12-5,12,5,3,0,0.058595896,fast_test,unweighted,0.21808862686157227
12-6,12,6,3,0,0.0077670086,fast_test,unweighted,0.21808862686157227
12-7,12,7,3,0,0.051770695,fast_test,unweighted,0.21808862686157227
12-8,12,8,3,0,0.014752235,fast_test,unweighted,0.21808862686157227
12-9,12,9,3,0,0.06585611,fast_test,unweighted,0.21808862686157227
12-10,12,10,3,0,0.0102081,fast_test,unweighted,0.21808862686157227
12-11,12,11,3,0,0.012052723,fast_test,unweighted,0.21808862686157227
12-12,12,12,3,0,0.044179074,fast_test,unweighted,0.21808862686157227
13-0,13,0,2,0,0.37807512,fast_test,unweighted,0.20516107976436615
13-1,13,1,2,0,0.692632,fast_test,unweighted,0.20516107976436615
13-2,13,2,2,0,0.5872737,fast_test,unweighted,0.20516107976436615
13-3,13,3,2,0,0.8004028,fast_test,unweighted,0.20516107976436615
13-4,13,4,2,0,0.49871927,fast_test,unweighted,0.20516107976436615
13-5,13,5,2,0,0.6544351,fast_test,unweighted,0.20516107976436615
13-6,13,6,2,0,0.19137242,fast_test,unweighted,0.20516107976436615
13-7,13,7,2,0,0.53318125,fast_test,unweighted,0.20516107976436615
13-8,13,8,2,0,0.8246767,fast_test,unweighted,0.20516107976436615
13-9,13,9,2,0,0.8164043,fast_test,unweighted,0.20516107976436615
13-10,13,10,2,0,0.18698974,fast_test,unweighted,0.20516107976436615
13-11,13,11,2,0,0.26130673,fast_test,unweighted,0.20516107976436615
13-12,13,12,2,0,0.59016114,fast_test,unweighted,0.20516107976436615
14-0,14,0,4,0,0.0012464747,fast_test,unweighted,0.30763813853263855
14-1,14,1,4,0,0.0009350205,fast_test,unweighted,0.30763813853263855
14-2,14,2,4,0,0.0036366775,fast_test,unweighted,0.30763813853263855
14-3,14,3,4,0,0.0015956319,fast_test,unweighted,0.30763813853263855
14-4,14,4,4,0,0.00081840367,fast_test,unweighted,0.30763813853263855
14-5,14,5,4,0,0.00051010423,fast_test,unweighted,0.30763813853263855
14-6,14,6,4,0,0.0013237441,fast_test,unweighted,0.30763813853263855
14-7,14,7,4,0,0.001176492,fast_test,unweighted,0.30763813853263855
14-8,14,8,4,0,0.0026991668,fast_test,unweighted,0.30763813853263855
14-9,14,9,4,0,0.0033034426,fast_test,unweighted,0.30763813853263855
14-10,14,10,4,0,0.0009097124,fast_test,unweighted,0.30763813853263855
14-11,14,11,4,0,0.001169493,fast_test,unweighted,0.30763813853263855
14-12,14,12,4,0,0.0013520567,fast_test,unweighted,0.30763813853263855
15-0,15,0,3,1,0.072921015,fast_test,unweighted,0.21808862686157227
15-1,15,1,3,1,0.050224066,fast_test,unweighted,0.21808862686157227
15-2,15,2,3,1,0.015987828,fast_test,unweighted,0.21808862686157227
15-3,15,3,3,1,0.18393905,fast_test,unweighted,0.21808862686157227
15-4,15,4,3,1,0.035119545,fast_test,unweighted,0.21808862686157227
15-5,15,5,3,1,0.09665072,fast_test,unweighted,0.21808862686157227
15-6,15,6,3,1,0.013244491,fast_test,unweighted,0.21808862686157227
15-7,15,7,3,1,0.0827482,fast_test,unweighted,0.21808862686157227
15-8,15,8,3,1,0.02298607,fast_test,unweighted,0.21808862686157227
15-9,15,9,3,0,0.1922834,fast_test,unweighted,0.21808862686157227
15-10,15,10,3,1,0.019950999,fast_test,unweighted,0.21808862686157227
15-11,15,11,3,1,0.025031164,fast_test,unweighted,0.21808862686157227
15-12,15,12,3,1,0.06914204,fast_test,unweighted,0.21808862686157227
16-0,16,0,5,0,0.037998103,fast_test,unweighted,0.1712287962436676
16-1,16,1,5,0,0.09486903,fast_test,unweighted,0.1712287962436676
16-2,16,2,5,0,0.03675531,fast_test,unweighted,0.1712287962436676
16-3,16,3,5,0,0.0947569,fast_test,unweighted,0.1712287962436676
16-4,16,4,5,0,0.052955106,fast_test,unweighted,0.1712287962436676
16-5,16,5,5,0,0.025439836,fast_test,unweighted,0.1712287962436676
16-6,16,6,5,0,0.13862512,fast_test,unweighted,0.1712287962436676
16-7,16,7,5,0,0.08183508,fast_test,unweighted,0.1712287962436676
16-8,16,8,5,0,0.05836712,fast_test,unweighted,0.1712287962436676
16-9,16,9,5,0,0.10079302,fast_test,unweighted,0.1712287962436676
16-10,16,10,5,0,0.0145062655,fast_test,unweighted,0.1712287962436676
16-11,16,11,5,0,0.03675531,fast_test,unweighted,0.1712287962436676
16-12,16,12,5,0,0.086714886,fast_test,unweighted,0.1712287962436676
17-0,17,0,1,0,0.82974076,fast_test,unweighted,0.20838698744773865
17-1,17,1,1,0,0.84740645,fast_test,unweighted,0.20838698744773865
17-2,17,2,1,0,0.73213834,fast_test,unweighted,0.20838698744773865
17-3,17,3,1,1,0.0043394454,fast_test,unweighted,0.20838698744773865
17-4,17,4,1,0,0.5594865,fast_test,unweighted,0.20838698744773865
17-5,17,5,1,1,0.0018535771,fast_test,unweighted,0.20838698744773865
17-6,17,6,1,1,0.0024471066,fast_test,unweighted,0.20838698744773865
17-7,17,7,1,0,0.70501804,fast_test,unweighted,0.20838698744773865
17-8,17,8,1,1,0.0023862887,fast_test,unweighted,0.20838698744773865
17-9,17,9,1,0,0.85782033,fast_test,unweighted,0.20838698744773865
17-10,17,10,1,1,0.0027143594,fast_test,unweighted,0.20838698744773865
17-11,17,11,1,1,0.0048547816,fast_test,unweighted,0.20838698744773865
17-12,17,12,1,1,0.0037329632,fast_test,unweighted,0.20838698744773865
18-0,18,0,5,0,0.08580553,fast_test,unweighted,0.1712287962436676
18-1,18,1,5,0,0.19777684,fast_test,unweighted,0.1712287962436676
18-2,18,2,5,0,0.084967844,fast_test,unweighted,0.1712287962436676
18-3,18,3,5,0,0.22467113,fast_test,unweighted,0.1712287962436676
18-4,18,4,5,0,0.11439946,fast_test,unweighted,0.1712287962436676
18-5,18,5,5,0,0.057495113,fast_test,unweighted,0.1712287962436676
18-6,18,6,5,0,0.29225075,fast_test,unweighted,0.1712287962436676
18-7,18,7,5,0,0.12398247,fast_test,unweighted,0.1712287962436676
18-8,18,8,5,0,0.12620038,fast_test,unweighted,0.1712287962436676
18-9,18,9,5,0,0.21223563,fast_test,unweighted,0.1712287962436676
18-10,18,10,5,0,0.041501567,fast_test,unweighted,0.1712287962436676
18-11,18,11,5,0,0.095419556,fast_test,unweighted,0.1712287962436676
18-12,18,12,5,0,0.2140307,fast_test,unweighted,0.1712287962436676
19-0,19,0,2,0,0.018454421,fast_test,unweighted,0.20516107976436615
19-1,19,1,2,0,0.04698022,fast_test,unweighted,0.20516107976436615
19-2,19,2,2,0,0.055475164,fast_test,unweighted,0.20516107976436615
19-3,19,3,2,0,0.06927262,fast_test,unweighted,0.20516107976436615
19-4,19,4,2,0,0.021007024,fast_test,unweighted,0.20516107976436615
19-5,19,5,2,0,0.035533324,fast_test,unweighted,0.20516107976436615
19-6,19,6,2,0,0.015788976,fast_test,unweighted,0.20516107976436615
19-7,19,7,2,0,0.015203142,fast_test,unweighted,0.20516107976436615
19-8,19,8,2,0,0.07532224,fast_test,unweighted,0.20516107976436615
19-9,19,9,2,0,0.07132994,fast_test,unweighted,0.20516107976436615
19-10,19,10,2,0,0.009068971,fast_test,unweighted,0.20516107976436615
19-11,19,11,2,0,0.009433955,fast_test,unweighted,0.20516107976436615
19-12,19,12,2,0,0.024102053,fast_test,unweighted,0.20516107976436615
20-0,20,0,5,0,0.000928105,fast_test,unweighted,0.1712287962436676
20-1,20,1,5,0,0.0021556641,fast_test,unweighted,0.1712287962436676
20-2,20,2,5,0,0.0006719502,fast_test,unweighted,0.1712287962436676
20-3,20,3,5,0,0.0029600551,fast_test,unweighted,0.1712287962436676
20-4,20,4,5,0,0.001143088,fast_test,unweighted,0.1712287962436676
20-5,20,5,5,0,0.0013536633,fast_test,unweighted,0.1712287962436676
20-6,20,6,5,0,0.0027532396,fast_test,unweighted,0.1712287962436676
20-7,20,7,5,0,0.0016233504,fast_test,unweighted,0.1712287962436676
20-8,20,8,5,0,0.00092799886,fast_test,unweighted,0.1712287962436676
20-9,20,9,5,0,0.0023050157,fast_test,unweighted,0.1712287962436676
20-10,20,10,5,0,0.0008983707,fast_test,unweighted,0.1712287962436676
20-11,20,11,5,0,0.0007760031,fast_test,unweighted,0.1712287962436676
20-12,20,12,5,0,0.0018525295,fast_test,unweighted,0.1712287962436676
21-0,21,0,5,0,0.19256726,fast_test,unweighted,0.1712287962436676
21-1,21,1,5,0,0.38839057,fast_test,unweighted,0.1712287962436676
21-2,21,2,5,0,0.1947474,fast_test,unweighted,0.1712287962436676
21-3,21,3,5,0,0.40164083,fast_test,unweighted,0.1712287962436676
21-4,21,4,5,0,0.24210788,fast_test,unweighted,0.1712287962436676
21-5,21,5,5,0,0.1778967,fast_test,unweighted,0.1712287962436676
21-6,21,6,5,0,0.39233273,fast_test,unweighted,0.1712287962436676
21-7,21,7,5,0,0.25990558,fast_test,unweighted,0.1712287962436676
21-8,21,8,5,0,0.25917134,fast_test,unweighted,0.1712287962436676
21-9,21,9,5,0,0.4044532,fast_test,unweighted,0.1712287962436676
21-10,21,10,5,0,0.14053081,fast_test,unweighted,0.1712287962436676
21-11,21,11,5,0,0.22008827,fast_test,unweighted,0.1712287962436676
21-12,21,12,5,0,0.36549515,fast_test,unweighted,0.1712287962436676
22-0,22,0,1,0,0.49257863,fast_test,unweighted,0.20838698744773865
22-1,22,1,1,0,0.5422685,fast_test,unweighted,0.20838698744773865
22-2,22,2,1,1,0.045663107,fast_test,unweighted,0.20838698744773865
22-3,22,3,1,0,0.3646335,fast_test,unweighted,0.20838698744773865
22-4,22,4,1,0,0.22419381,fast_test,unweighted,0.20838698744773865
22-5,22,5,1,0,0.19612762,fast_test,unweighted,0.20838698744773865
22-6,22,6,1,0,0.21237597,fast_test,unweighted,0.20838698744773865
22-7,22,7,1,0,0.36154646,fast_test,unweighted,0.20838698744773865
22-8,22,8,1,0,0.20939998,fast_test,unweighted,0.20838698744773865
22-9,22,9,1,0,0.50535125,fast_test,unweighted,0.20838698744773865
22-10,22,10,1,0,0.09098395,fast_test,unweighted,0.20838698744773865
22-11,22,11,1,0,0.39507318,fast_test,unweighted,0.20838698744773865
22-12,22,12,1,0,0.31964725,fast_test,unweighted,0.20838698744773865
23-0,23,0,1,0,0.8229335,fast_test,unweighted,0.20838698744773865
23-1,23,1,1,0,0.8397211,fast_test,unweighted,0.20838698744773865
23-2,23,2,1,0,0.7205175,fast_test,unweighted,0.20838698744773865
23-3,23,3,1,1,0.015237276,fast_test,unweighted,0.20838698744773865
23-4,23,4,1,0,0.54620546,fast_test,unweighted,0.20838698744773865
23-5,23,5,1,0,0.5336007,fast_test,unweighted,0.20838698744773865
23-6,23,6,1,0,0.5309147,fast_test,unweighted,0.20838698744773865
23-7,23,7,1,0,0.6930064,fast_test,unweighted,0.20838698744773865
23-8,23,8,1,0,0.5138682,fast_test,unweighted,0.20838698744773865
23-9,23,9,1,0,0.8433519,fast_test,unweighted,0.20838698744773865
23-10,23,10,1,0,0.38063204,fast_test,unweighted,0.20838698744773865
23-11,23,11,1,0,0.72787935,fast_test,unweighted,0.20838698744773865
23-12,23,12,1,0,0.66233325,fast_test,unweighted,0.20838698744773865
24-0,24,0,1,0,0.1170621,fast_test,unweighted,0.20838698744773865
24-1,24,1,1,0,0.1462905,fast_test,unweighted,0.20838698744773865
24-2,24,2,1,0,0.08015693,fast_test,unweighted,0.20838698744773865
24-3,24,3,1,0,0.07357966,fast_test,unweighted,0.20838698744773865
24-4,24,4,1,0,0.039681427,fast_test,unweighted,0.20838698744773865
24-5,24,5,1,0,0.03807577,fast_test,unweighted,0.20838698744773865
24-6,24,6,1,1,0.05979925,fast_test,unweighted,0.20838698744773865
24-7,24,7,1,0,0.074307285,fast_test,unweighted,0.20838698744773865
24-8,24,8,1,0,0.04453093,fast_test,unweighted,0.20838698744773865
24-9,24,9,1,0,0.13946237,fast_test,unweighted,0.20838698744773865
24-10,24,10,1,0,0.029151842,fast_test,unweighted,0.20838698744773865
24-11,24,11,1,0,0.089963675,fast_test,unweighted,0.20838698744773865
24-12,24,12,1,0,0.06627725,fast_test,unweighted,0.20838698744773865
25-0,25,0,2,0,0.017511772,fast_test,unweighted,0.20516107976436615
25-1,25,1,2,0,0.036355525,fast_test,unweighted,0.20516107976436615
25-2,25,2,2,0,0.038366687,fast_test,unweighted,0.20516107976436615
25-3,25,3,2,0,0.07187533,fast_test,unweighted,0.20516107976436615
25-4,25,4,2,0,0.01220792,fast_test,unweighted,0.20516107976436615
25-5,25,5,2,0,0.027032336,fast_test,unweighted,0.20516107976436615
25-6,25,6,2,0,0.012116277,fast_test,unweighted,0.20516107976436615
25-7,25,7,2,0,0.013298067,fast_test,unweighted,0.20516107976436615
25-8,25,8,2,0,0.07497108,fast_test,unweighted,0.20516107976436615
25-9,25,9,2,0,0.057743378,fast_test,unweighted,0.20516107976436615
25-10,25,10,2,0,0.0055368603,fast_test,unweighted,0.20516107976436615
25-11,25,11,2,0,0.008393405,fast_test,unweighted,0.20516107976436615
25-12,25,12,2,0,0.021831661,fast_test,unweighted,0.20516107976436615
26-0,26,0,1,0,0.087526225,fast_test,unweighted,0.20838698744773865
26-1,26,1,1,0,0.11124478,fast_test,unweighted,0.20838698744773865
26-2,26,2,1,0,0.07093812,fast_test,unweighted,0.20838698744773865
26-3,26,3,1,0,0.06301523,fast_test,unweighted,0.20838698744773865
26-4,26,4,1,0,0.029298747,fast_test,unweighted,0.20838698744773865
26-5,26,5,1,0,0.02810092,fast_test,unweighted,0.20838698744773865
26-6,26,6,1,0,0.034296703,fast_test,unweighted,0.20838698744773865
26-7,26,7,1,0,0.0674236,fast_test,unweighted,0.20838698744773865
26-8,26,8,1,0,0.033667132,fast_test,unweighted,0.20838698744773865
26-9,26,9,1,0,0.0934656,fast_test,unweighted,0.20838698744773865
26-10,26,10,1,0,0.022761201,fast_test,unweighted,0.20838698744773865
26-11,26,11,1,0,0.06881429,fast_test,unweighted,0.20838698744773865
26-12,26,12,1,0,0.050410315,fast_test,unweighted,0.20838698744773865
27-0,27,0,1,0,0.024390573,fast_test,unweighted,0.20838698744773865
27-1,27,1,1,0,0.030849319,fast_test,unweighted,0.20838698744773865
27-2,27,2,1,0,0.015924398,fast_test,unweighted,0.20838698744773865
27-3,27,3,1,0,0.014840619,fast_test,unweighted,0.20838698744773865
27-4,27,4,1,0,0.0075375927,fast_test,unweighted,0.20838698744773865
27-5,27,5,1,0,0.0071279355,fast_test,unweighted,0.20838698744773865
27-6,27,6,1,0,0.009070441,fast_test,unweighted,0.20838698744773865
27-7,27,7,1,0,0.0150245605,fast_test,unweighted,0.20838698744773865
27-8,27,8,1,0,0.008796374,fast_test,unweighted,0.20838698744773865
27-9,27,9,1,0,0.029225009,fast_test,unweighted,0.20838698744773865
27-10,27,10,1,1,0.05340455,fast_test,unweighted,0.20838698744773865
27-11,27,11,1,0,0.01830237,fast_test,unweighted,0.20838698744773865
27-12,27,12,1,0,0.013322258,fast_test,unweighted,0.20838698744773865
28-0,28,0,2,0,0.19900359,fast_test,unweighted,0.20516107976436615
28-1,28,1,2,0,0.41152897,fast_test,unweighted,0.20516107976436615
28-2,28,2,2,1,0.031448137,fast_test,unweighted,0.20516107976436615
28-3,28,3,2,0,0.5521882,fast_test,unweighted,0.20516107976436615
28-4,28,4,2,1,0.013638484,fast_test,unweighted,0.20516107976436615
28-5,28,5,2,1,0.021795755,fast_test,unweighted,0.20516107976436615
28-6,28,6,2,0,0.069462396,fast_test,unweighted,0.20516107976436615
28-7,28,7,2,0,0.2246723,fast_test,unweighted,0.20516107976436615
28-8,28,8,2,0,0.5570775,fast_test,unweighted,0.20516107976436615
28-9,28,9,2,0,0.55866355,fast_test,unweighted,0.20516107976436615
28-10,28,10,2,0,0.08133738,fast_test,unweighted,0.20516107976436615
28-11,28,11,2,0,0.08386027,fast_test,unweighted,0.20516107976436615
28-12,28,12,2,0,0.25656766,fast_test,unweighted,0.20516107976436615
29-0,29,0,3,1,0.058673944,fast_test,unweighted,0.21808862686157227
29-1,29,1,3,1,0.040219072,fast_test,unweighted,0.21808862686157227
29-2,29,2,3,0,0.033082705,fast_test,unweighted,0.21808862686157227
29-3,29,3,3,1,0.100575864,fast_test,unweighted,0.21808862686157227
29-4,29,4,3,0,0.058965784,fast_test,unweighted,0.21808862686157227
29-5,29,5,3,1,0.06195047,fast_test,unweighted,0.21808862686157227
29-6,29,6,3,1,0.010524478,fast_test,unweighted,0.21808862686157227
29-7,29,7,3,1,0.066719346,fast_test,unweighted,0.21808862686157227
29-8,29,8,3,1,0.016724171,fast_test,unweighted,0.21808862686157227
29-9,29,9,3,1,0.06371769,fast_test,unweighted,0.21808862686157227
29-10,29,10,3,0,0.024351265,fast_test,unweighted,0.21808862686157227
29-11,29,11,3,1,0.019939417,fast_test,unweighted,0.21808862686157227
29-12,29,12,3,1,0.05445068,fast_test,unweighted,0.21808862686157227
30-0,30,0,2,0,0.0023957347,fast_test,unweighted,0.20516107976436615
30-1,30,1,2,0,0.005653718,fast_test,unweighted,0.20516107976436615
30-2,30,2,2,0,0.006233752,fast_test,unweighted,0.20516107976436615
30-3,30,3,2,0,0.005325232,fast_test,unweighted,0.20516107976436615
30-4,30,4,2,0,0.0027417084,fast_test,unweighted,0.20516107976436615
30-5,30,5,2,0,0.004161001,fast_test,unweighted,0.20516107976436615
30-6,30,6,2,0,0.0017306274,fast_test,unweighted,0.20516107976436615
30-7,30,7,2,0,0.0023472146,fast_test,unweighted,0.20516107976436615
30-8,30,8,2,0,0.00930723,fast_test,unweighted,0.20516107976436615
30-9,30,9,2,0,0.0091680065,fast_test,unweighted,0.20516107976436615
30-10,30,10,2,0,0.0009818195,fast_test,unweighted,0.20516107976436615
30-11,30,11,2,0,0.0011048933,fast_test,unweighted,0.20516107976436615
30-12,30,12,2,0,0.002563904,fast_test,unweighted,0.20516107976436615
31-0,31,0,4,0,0.0013583435,fast_test,unweighted,0.30763813853263855
31-1,31,1,4,0,0.0010189654,fast_test,unweighted,0.30763813853263855
31-2,31,2,4,0,0.0035672702,fast_test,unweighted,0.30763813853263855
31-3,31,3,4,0,0.0016343615,fast_test,unweighted,0.30763813853263855
31-4,31,4,4,0,0.00077506085,fast_test,unweighted,0.30763813853263855
31-5,31,5,4,0,0.00054528,fast_test,unweighted,0.30763813853263855
31-6,31,6,4,0,0.0012459779,fast_test,unweighted,0.30763813853263855
31-7,31,7,4,0,0.001176492,fast_test,unweighted,0.30763813853263855
31-8,31,8,4,0,0.0028968677,fast_test,unweighted,0.30763813853263855
31-9,31,9,4,0,0.0038183301,fast_test,unweighted,0.30763813853263855
31-10,31,10,4,0,0.0010306303,fast_test,unweighted,0.30763813853263855
31-11,31,11,4,0,0.001169493,fast_test,unweighted,0.30763813853263855
31-12,31,12,4,0,0.0017041845,fast_test,unweighted,0.30763813853263855
32-0,32,0,2,1,0.045756865,fast_test,unweighted,0.20516107976436615
32-1,32,1,2,0,0.116687104,fast_test,unweighted,0.20516107976436615
32-2,32,2,2,0,0.15888226,fast_test,unweighted,0.20516107976436615
32-3,32,3,2,1,0.17558657,fast_test,unweighted,0.20516107976436615
32-4,32,4,2,1,0.05064886,fast_test,unweighted,0.20516107976436615
32-5,32,5,2,1,0.07774752,fast_test,unweighted,0.20516107976436615
32-6,32,6,2,0,0.035148963,fast_test,unweighted,0.20516107976436615
32-7,32,7,2,0,0.0638105,fast_test,unweighted,0.20516107976436615
32-8,32,8,2,1,0.22134642,fast_test,unweighted,0.20516107976436615
32-9,32,9,2,1,0.21504472,fast_test,unweighted,0.20516107976436615
32-10,32,10,2,1,0.015639076,fast_test,unweighted,0.20516107976436615
32-11,32,11,2,1,0.01836295,fast_test,unweighted,0.20516107976436615
32-12,32,12,2,1,0.06916884,fast_test,unweighted,0.20516107976436615
33-0,33,0,3,0,0.072921015,fast_test,unweighted,0.21808862686157227
33-1,33,1,3,0,0.050224066,fast_test,unweighted,0.21808862686157227
33-2,33,2,3,0,0.015987828,fast_test,unweighted,0.21808862686157227
33-3,33,3,3,0,0.17656487,fast_test,unweighted,0.21808862686157227
33-4,33,4,3,0,0.03313435,fast_test,unweighted,0.21808862686157227
33-5,33,5,3,0,0.108470224,fast_test,unweighted,0.21808862686157227
33-6,33,6,3,0,0.013244491,fast_test,unweighted,0.21808862686157227
33-7,33,7,3,0,0.08363208,fast_test,unweighted,0.21808862686157227
33-8,33,8,3,0,0.023695212,fast_test,unweighted,0.21808862686157227
33-9,33,9,3,0,0.10800355,fast_test,unweighted,0.21808862686157227
33-10,33,10,3,1,0.030835293,fast_test,unweighted,0.21808862686157227
33-11,33,11,3,1,0.048338816,fast_test,unweighted,0.21808862686157227
33-12,33,12,3,1,0.13111304,fast_test,unweighted,0.21808862686157227
34-0,34,0,4,1,0.2083568,fast_test,unweighted,0.30763813853263855
34-1,34,1,4,1,0.27974716,fast_test,unweighted,0.30763813853263855
34-2,34,2,4,0,0.053421292,fast_test,unweighted,0.30763813853263855
34-3,34,3,4,1,0.3978075,fast_test,unweighted,0.30763813853263855
34-4,34,4,4,0,0.006630658,fast_test,unweighted,0.30763813853263855
34-5,34,5,4,1,0.1476661,fast_test,unweighted,0.30763813853263855
34-6,34,6,4,0,0.018068105,fast_test,unweighted,0.30763813853263855
34-7,34,7,4,0,0.014771126,fast_test,unweighted,0.30763813853263855
34-8,34,8,4,1,0.35571694,fast_test,unweighted,0.30763813853263855
34-9,34,9,4,1,0.5374628,fast_test,unweighted,0.30763813853263855
34-10,34,10,4,0,0.010038769,fast_test,unweighted,0.30763813853263855
34-11,34,11,4,1,0.30949983,fast_test,unweighted,0.30763813853263855
34-12,34,12,4,0,0.018259838,fast_test,unweighted,0.30763813853263855
35-0,35,0,4,0,0.0012114513,fast_test,unweighted,0.30763813853263855
35-1,35,1,4,0,0.0010553056,fast_test,unweighted,0.30763813853263855
35-2,35,2,4,0,0.003646763,fast_test,unweighted,0.30763813853263855
35-3,35,3,4,0,0.0017217678,fast_test,unweighted,0.30763813853263855
35-4,35,4,4,0,0.0007704437,fast_test,unweighted,0.30763813853263855
35-5,35,5,4,1,0.7603567,fast_test,unweighted,0.30763813853263855
35-6,35,6,4,1,0.86028326,fast_test,unweighted,0.30763813853263855
35-7,35,7,4,0,0.0010221257,fast_test,unweighted,0.30763813853263855
35-8,35,8,4,1,0.9180842,fast_test,unweighted,0.30763813853263855
35-9,35,9,4,0,0.003168466,fast_test,unweighted,0.30763813853263855
35-10,35,10,4,1,0.67447627,fast_test,unweighted,0.30763813853263855
35-11,35,11,4,0,0.0013111145,fast_test,unweighted,0.30763813853263855
35-12,35,12,4,0,0.0013507277,fast_test,unweighted,0.30763813853263855
36-0,36,0,5,0,0.0009200322,fast_test,unweighted,0.1712287962436676
36-1,36,1,5,1,0.7521326,fast_test,unweighted,0.1712287962436676
36-2,36,2,5,0,0.000777973,fast_test,unweighted,0.1712287962436676
36-3,36,3,5,1,0.84313405,fast_test,unweighted,0.1712287962436676
36-4,36,4,5,0,0.00096194167,fast_test,unweighted,0.1712287962436676
36-5,36,5,5,1,0.07911536,fast_test,unweighted,0.1712287962436676
36-6,36,6,5,0,0.0026276107,fast_test,unweighted,0.1712287962436676
36-7,36,7,5,0,0.0015142362,fast_test,unweighted,0.1712287962436676
36-8,36,8,5,1,0.64805126,fast_test,unweighted,0.1712287962436676
36-9,36,9,5,1,0.7644363,fast_test,unweighted,0.1712287962436676
36-10,36,10,5,1,0.061274584,fast_test,unweighted,0.1712287962436676
36-11,36,11,5,1,0.54877335,fast_test,unweighted,0.1712287962436676
36-12,36,12,5,1,0.7583076,fast_test,unweighted,0.1712287962436676
37-0,37,0,5,0,0.21292125,fast_test,unweighted,0.1712287962436676
37-1,37,1,5,1,0.016416887,fast_test,unweighted,0.1712287962436676
37-2,37,2,5,0,0.22248963,fast_test,unweighted,0.1712287962436676
37-3,37,3,5,0,0.42877638,fast_test,unweighted,0.1712287962436676
37-4,37,4,5,0,0.28915495,fast_test,unweighted,0.1712287962436676
37-5,37,5,5,1,0.007178108,fast_test,unweighted,0.1712287962436676
37-6,37,6,5,1,0.02316382,fast_test,unweighted,0.1712287962436676
37-7,37,7,5,0,0.42300704,fast_test,unweighted,0.1712287962436676
37-8,37,8,5,0,0.3010865,fast_test,unweighted,0.1712287962436676
37-9,37,9,5,0,0.4506622,fast_test,unweighted,0.1712287962436676
37-10,37,10,5,0,0.070626624,fast_test,unweighted,0.1712287962436676
37-11,37,11,5,0,0.24532236,fast_test,unweighted,0.1712287962436676
37-12,37,12,5,1,0.015539548,fast_test,unweighted,0.1712287962436676
38-0,38,0,3,0,0.061754916,fast_test,unweighted,0.21808862686157227
38-1,38,1,3,0,0.04332553,fast_test,unweighted,0.21808862686157227
38-2,38,2,3,1,0.14661111,fast_test,unweighted,0.21808862686157227
38-3,38,3,3,0,0.1077052,fast_test,unweighted,0.21808862686157227
38-4,38,4,3,0,0.02010195,fast_test,unweighted,0.21808862686157227
38-5,38,5,3,1,0.49745455,fast_test,unweighted,0.21808862686157227
38-6,38,6,3,0,0.012199027,fast_test,unweighted,0.21808862686157227
38-7,38,7,3,0,0.066171095,fast_test,unweighted,0.21808862686157227
38-8,38,8,3,0,0.017832428,fast_test,unweighted,0.21808862686157227
38-9,38,9,3,0,0.093420535,fast_test,unweighted,0.21808862686157227
38-10,38,10,3,0,0.019077683,fast_test,unweighted,0.21808862686157227
38-11,38,11,3,0,0.021055454,fast_test,unweighted,0.21808862686157227
38-12,38,12,3,0,0.053997423,fast_test,unweighted,0.21808862686157227
39-0,39,0,4,0,0.06399139,fast_test,unweighted,0.30763813853263855
39-1,39,1,4,0,0.090956666,fast_test,unweighted,0.30763813853263855
39-2,39,2,4,0,0.26576325,fast_test,unweighted,0.30763813853263855
39-3,39,3,4,0,0.11806685,fast_test,unweighted,0.30763813853263855
39-4,39,4,4,0,0.046359073,fast_test,unweighted,0.30763813853263855
39-5,39,5,4,0,0.054111555,fast_test,unweighted,0.30763813853263855
39-6,39,6,4,0,0.096447244,fast_test,unweighted,0.30763813853263855
39-7,39,7,4,0,0.077326104,fast_test,unweighted,0.30763813853263855
39-8,39,8,4,0,0.14020939,fast_test,unweighted,0.30763813853263855
39-9,39,9,4,0,0.22343536,fast_test,unweighted,0.30763813853263855
39-10,39,10,4,0,0.03183694,fast_test,unweighted,0.30763813853263855
39-11,39,11,4,1,0.12599102,fast_test,unweighted,0.30763813853263855
39-12,39,12,4,0,0.10422178,fast_test,unweighted,0.30763813853263855
40-0,40,0,2,0,0.05849754,fast_test,unweighted,0.20516107976436615
40-1,40,1,2,0,0.12582795,fast_test,unweighted,0.20516107976436615
40-2,40,2,2,0,0.19651054,fast_test,unweighted,0.20516107976436615
40-3,40,3,2,0,0.15764226,fast_test,unweighted,0.20516107976436615
40-4,40,4,2,0,0.043137096,fast_test,unweighted,0.20516107976436615
40-5,40,5,2,0,0.097127646,fast_test,unweighted,0.20516107976436615
40-6,40,6,2,0,0.030255085,fast_test,unweighted,0.20516107976436615
40-7,40,7,2,0,0.049323212,fast_test,unweighted,0.20516107976436615
40-8,40,8,2,0,0.24363561,fast_test,unweighted,0.20516107976436615
40-9,40,9,2,0,0.1621435,fast_test,unweighted,0.20516107976436615
40-10,40,10,2,0,0.020170936,fast_test,unweighted,0.20516107976436615
40-11,40,11,2,0,0.022960793,fast_test,unweighted,0.20516107976436615
40-12,40,12,2,0,0.07576869,fast_test,unweighted,0.20516107976436615
41-0,41,0,3,0,0.56261885,fast_test,unweighted,0.21808862686157227
41-1,41,1,3,1,0.054398928,fast_test,unweighted,0.21808862686157227
41-2,41,2,3,0,0.20047778,fast_test,unweighted,0.21808862686157227
41-3,41,3,3,1,0.152023,fast_test,unweighted,0.21808862686157227
41-4,41,4,3,0,0.3435553,fast_test,unweighted,0.21808862686157227
41-5,41,5,3,1,0.114355534,fast_test,unweighted,0.21808862686157227
41-6,41,6,3,1,0.014653729,fast_test,unweighted,0.21808862686157227
41-7,41,7,3,1,0.08043284,fast_test,unweighted,0.21808862686157227
41-8,41,8,3,0,0.22738093,fast_test,unweighted,0.21808862686157227
41-9,41,9,3,1,0.08761822,fast_test,unweighted,0.21808862686157227
41-10,41,10,3,1,0.028235108,fast_test,unweighted,0.21808862686157227
41-11,41,11,3,1,0.028120866,fast_test,unweighted,0.21808862686157227
41-12,41,12,3,1,0.07959241,fast_test,unweighted,0.21808862686157227
42-0,42,0,1,0,0.24010491,fast_test,unweighted,0.20838698744773865
42-1,42,1,1,0,0.3180173,fast_test,unweighted,0.20838698744773865
42-2,42,2,1,0,0.19168217,fast_test,unweighted,0.20838698744773865
42-3,42,3,1,0,0.1604434,fast_test,unweighted,0.20838698744773865
42-4,42,4,1,0,0.07969214,fast_test,unweighted,0.20838698744773865
42-5,42,5,1,0,0.097241364,fast_test,unweighted,0.20838698744773865
42-6,42,6,1,0,0.08209778,fast_test,unweighted,0.20838698744773865
42-7,42,7,1,0,0.1552196,fast_test,unweighted,0.20838698744773865
42-8,42,8,1,0,0.101587854,fast_test,unweighted,0.20838698744773865
42-9,42,9,1,0,0.251713,fast_test,unweighted,0.20838698744773865
42-10,42,10,1,0,0.049797203,fast_test,unweighted,0.20838698744773865
42-11,42,11,1,0,0.20825918,fast_test,unweighted,0.20838698744773865
42-12,42,12,1,0,0.15290135,fast_test,unweighted,0.20838698744773865
43-0,43,0,5,0,0.0066835564,fast_test,unweighted,0.1712287962436676
43-1,43,1,5,0,0.015680324,fast_test,unweighted,0.1712287962436676
43-2,43,2,5,0,0.0061023957,fast_test,unweighted,0.1712287962436676
43-3,43,3,5,0,0.028118378,fast_test,unweighted,0.1712287962436676
43-4,43,4,5,0,0.006454062,fast_test,unweighted,0.1712287962436676
43-5,43,5,5,0,0.0068531632,fast_test,unweighted,0.1712287962436676
43-6,43,6,5,0,0.022592507,fast_test,unweighted,0.1712287962436676
43-7,43,7,5,0,0.012521339,fast_test,unweighted,0.1712287962436676
43-8,43,8,5,1,0.37145826,fast_test,unweighted,0.1712287962436676
43-9,43,9,5,0,0.016750969,fast_test,unweighted,0.1712287962436676
43-10,43,10,5,0,0.005010175,fast_test,unweighted,0.1712287962436676
43-11,43,11,5,0,0.006243368,fast_test,unweighted,0.1712287962436676
43-12,43,12,5,0,0.0139262,fast_test,unweighted,0.1712287962436676
44-0,44,0,1,0,0.008704568,fast_test,unweighted,0.20838698744773865
44-1,44,1,1,1,0.84740645,fast_test,unweighted,0.20838698744773865
44-2,44,2,1,0,0.0050098873,fast_test,unweighted,0.20838698744773865
44-3,44,3,1,0,0.0043394454,fast_test,unweighted,0.20838698744773865
44-4,44,4,1,0,0.0024076952,fast_test,unweighted,0.20838698744773865
44-5,44,5,1,0,0.0018558308,fast_test,unweighted,0.20838698744773865
44-6,44,6,1,0,0.0024471066,fast_test,unweighted,0.20838698744773865
44-7,44,7,1,0,0.005892912,fast_test,unweighted,0.20838698744773865
44-8,44,8,1,0,0.0023862887,fast_test,unweighted,0.20838698744773865
44-9,44,9,1,0,0.007786841,fast_test,unweighted,0.20838698744773865
44-10,44,10,1,0,0.0033274812,fast_test,unweighted,0.20838698744773865
44-11,44,11,1,0,0.0048547816,fast_test,unweighted,0.20838698744773865
44-12,44,12,1,0,0.0037374937,fast_test,unweighted,0.20838698744773865
45-0,45,0,2,0,0.0031999424,fast_test,unweighted,0.20516107976436615
45-1,45,1,2,0,0.0062377052,fast_test,unweighted,0.20516107976436615
45-2,45,2,2,0,0.006069002,fast_test,unweighted,0.20516107976436615
45-3,45,3,2,0,0.00797983,fast_test,unweighted,0.20516107976436615
45-4,45,4,2,0,0.0028194217,fast_test,unweighted,0.20516107976436615
45-5,45,5,2,0,0.005996708,fast_test,unweighted,0.20516107976436615
45-6,45,6,2,0,0.0019358202,fast_test,unweighted,0.20516107976436615
45-7,45,7,2,0,0.002202734,fast_test,unweighted,0.20516107976436615
45-8,45,8,2,0,0.011408218,fast_test,unweighted,0.20516107976436615
45-9,45,9,2,0,0.011063517,fast_test,unweighted,0.20516107976436615
45-10,45,10,2,0,0.0013263526,fast_test,unweighted,0.20516107976436615
45-11,45,11,2,0,0.0013397723,fast_test,unweighted,0.20516107976436615
45-12,45,12,2,0,0.0030876792,fast_test,unweighted,0.20516107976436615
46-0,46,0,5,0,0.04328853,fast_test,unweighted,0.1712287962436676
46-1,46,1,5,0,0.10356032,fast_test,unweighted,0.1712287962436676
46-2,46,2,5,0,0.039181285,fast_test,unweighted,0.1712287962436676
46-3,46,3,5,0,0.11838816,fast_test,unweighted,0.1712287962436676
46-4,46,4,5,0,0.039101843,fast_test,unweighted,0.1712287962436676
46-5,46,5,5,0,0.024892258,fast_test,unweighted,0.1712287962436676
46-6,46,6,5,0,0.15184887,fast_test,unweighted,0.1712287962436676
46-7,46,7,5,0,0.06738877,fast_test,unweighted,0.1712287962436676
46-8,46,8,5,0,0.066639416,fast_test,unweighted,0.1712287962436676
46-9,46,9,5,0,0.08514184,fast_test,unweighted,0.1712287962436676
46-10,46,10,5,0,0.018221214,fast_test,unweighted,0.1712287962436676
46-11,46,11,5,0,0.0451928,fast_test,unweighted,0.1712287962436676
46-12,46,12,5,0,0.09892925,fast_test,unweighted,0.1712287962436676
47-0,47,0,1,0,0.016348116,fast_test,unweighted,0.20838698744773865
47-1,47,1,1,0,0.017271202,fast_test,unweighted,0.20838698744773865
47-2,47,2,1,0,0.008525455,fast_test,unweighted,0.20838698744773865
47-3,47,3,1,0,0.010994671,fast_test,unweighted,0.20838698744773865
47-4,47,4,1,0,0.0045472514,fast_test,unweighted,0.20838698744773865
47-5,47,5,1,0,0.0046297004,fast_test,unweighted,0.20838698744773865
47-6,47,6,1,0,0.004853381,fast_test,unweighted,0.20838698744773865
47-7,47,7,1,0,0.009022611,fast_test,unweighted,0.20838698744773865
47-8,47,8,1,0,0.004652665,fast_test,unweighted,0.20838698744773865
47-9,47,9,1,0,0.019399753,fast_test,unweighted,0.20838698744773865
47-10,47,10,1,0,0.0052906657,fast_test,unweighted,0.20838698744773865
47-11,47,11,1,0,0.0096057495,fast_test,unweighted,0.20838698744773865
47-12,47,12,1,0,0.0073942733,fast_test,unweighted,0.20838698744773865
48-0,48,0,5,0,0.20813861,fast_test,unweighted,0.1712287962436676
48-1,48,1,5,0,0.44101027,fast_test,unweighted,0.1712287962436676
48-2,48,2,5,0,0.15536614,fast_test,unweighted,0.1712287962436676
48-3,48,3,5,0,0.4701366,fast_test,unweighted,0.1712287962436676
48-4,48,4,5,0,0.30207714,fast_test,unweighted,0.1712287962436676
48-5,48,5,5,0,0.024393285,fast_test,unweighted,0.1712287962436676
48-6,48,6,5,0,0.54326487,fast_test,unweighted,0.1712287962436676
48-7,48,7,5,0,0.29966,fast_test,unweighted,0.1712287962436676
48-8,48,8,5,0,0.2951467,fast_test,unweighted,0.1712287962436676
48-9,48,9,5,0,0.481278,fast_test,unweighted,0.1712287962436676
48-10,48,10,5,0,0.022276785,fast_test,unweighted,0.1712287962436676
48-11,48,11,5,0,0.2388274,fast_test,unweighted,0.1712287962436676
48-12,48,12,5,0,0.42315698,fast_test,unweighted,0.1712287962436676
49-0,49,0,3,0,0.0052407677,fast_test,unweighted,0.21808862686157227
49-1,49,1,3,0,0.003095228,fast_test,unweighted,0.21808862686157227
49-2,49,2,3,0,0.001238982,fast_test,unweighted,0.21808862686157227
49-3,49,3,3,0,0.01210042,fast_test,unweighted,0.21808862686157227
49-4,49,4,3,0,0.001611085,fast_test,unweighted,0.21808862686157227
49-5,49,5,3,0,0.006121058,fast_test,unweighted,0.21808862686157227
49-6,49,6,3,0,0.00093975494,fast_test,unweighted,0.21808862686157227
49-7,49,7,3,0,0.0040392033,fast_test,unweighted,0.21808862686157227
49-8,49,8,3,0,0.001091688,fast_test,unweighted,0.21808862686157227
49-9,49,9,3,0,0.0066491077,fast_test,unweighted,0.21808862686157227
49-10,49,10,3,0,0.0013680826,fast_test,unweighted,0.21808862686157227
49-11,49,11,3,0,0.0014150188,fast_test,unweighted,0.21808862686157227
49-12,49,12,3,0,0.0040916493,fast_test,unweighted,0.21808862686157227
50-0,50,0,2,0,0.054857157,fast_test,unweighted,0.20516107976436615
50-1,50,1,2,0,0.107153945,fast_test,unweighted,0.20516107976436615
50-2,50,2,2,0,0.1376682,fast_test,unweighted,0.20516107976436615
50-3,50,3,2,0,0.17193413,fast_test,unweighted,0.20516107976436615
50-4,50,4,2,0,0.04557079,fast_test,unweighted,0.20516107976436615
50-5,50,5,2,0,0.08341477,fast_test,unweighted,0.20516107976436615
50-6,50,6,2,0,0.030888876,fast_test,unweighted,0.20516107976436615
50-7,50,7,2,1,0.054988563,fast_test,unweighted,0.20516107976436615
50-8,50,8,2,1,0.18751147,fast_test,unweighted,0.20516107976436615
50-9,50,9,2,1,0.20602219,fast_test,unweighted,0.20516107976436615
50-10,50,10,2,0,0.019633029,fast_test,unweighted,0.20516107976436615
50-11,50,11,2,0,0.01990262,fast_test,unweighted,0.20516107976436615
50-12,50,12,2,0,0.06203246,fast_test,unweighted,0.20516107976436615
51-0,51,0,2,0,0.017214801,fast_test,unweighted,0.20516107976436615
51-1,51,1,2,0,0.034243353,fast_test,unweighted,0.20516107976436615
51-2,51,2,2,0,0.035554886,fast_test,unweighted,0.20516107976436615
51-3,51,3,2,0,0.039273404,fast_test,unweighted,0.20516107976436615
51-4,51,4,2,0,0.017628627,fast_test,unweighted,0.20516107976436615
51-5,51,5,2,0,0.025985697,fast_test,unweighted,0.20516107976436615
51-6,51,6,2,0,0.01157212,fast_test,unweighted,0.20516107976436615
51-7,51,7,2,0,0.012632703,fast_test,unweighted,0.20516107976436615
51-8,51,8,2,0,0.05967662,fast_test,unweighted,0.20516107976436615
51-9,51,9,2,0,0.057751864,fast_test,unweighted,0.20516107976436615
51-10,51,10,2,0,0.0057792105,fast_test,unweighted,0.20516107976436615
51-11,51,11,2,0,0.00785473,fast_test,unweighted,0.20516107976436615
51-12,51,12,2,0,0.018501129,fast_test,unweighted,0.20516107976436615
52-0,52,0,5,1,0.05664372,fast_test,unweighted,0.1712287962436676
52-1,52,1,5,1,0.12496211,fast_test,unweighted,0.1712287962436676
52-2,52,2,5,0,0.03907769,fast_test,unweighted,0.1712287962436676
52-3,52,3,5,1,0.18774492,fast_test,unweighted,0.1712287962436676
52-4,52,4,5,1,0.06852964,fast_test,unweighted,0.1712287962436676
52-5,52,5,5,1,0.03506709,fast_test,unweighted,0.1712287962436676
52-6,52,6,5,0,0.14190872,fast_test,unweighted,0.1712287962436676
52-7,52,7,5,1,0.08943301,fast_test,unweighted,0.1712287962436676
52-8,52,8,5,0,0.051046517,fast_test,unweighted,0.1712287962436676
52-9,52,9,5,1,0.13249019,fast_test,unweighted,0.1712287962436676
52-10,52,10,5,0,0.034130286,fast_test,unweighted,0.1712287962436676
52-11,52,11,5,1,0.051974196,fast_test,unweighted,0.1712287962436676
52-12,52,12,5,0,0.0918316,fast_test,unweighted,0.1712287962436676
53-0,53,0,3,1,0.39420703,fast_test,unweighted,0.21808862686157227
53-1,53,1,3,0,0.019806268,fast_test,unweighted,0.21808862686157227
53-2,53,2,3,0,0.007725871,fast_test,unweighted,0.21808862686157227
53-3,53,3,3,1,0.61485165,fast_test,unweighted,0.21808862686157227
53-4,53,4,3,0,0.012496447,fast_test,unweighted,0.21808862686157227
53-5,53,5,3,1,0.49157548,fast_test,unweighted,0.21808862686157227
53-6,53,6,3,1,0.097082786,fast_test,unweighted,0.21808862686157227
53-7,53,7,3,1,0.37653777,fast_test,unweighted,0.21808862686157227
53-8,53,8,3,1,0.1274177,fast_test,unweighted,0.21808862686157227
53-9,53,9,3,0,0.043441564,fast_test,unweighted,0.21808862686157227
53-10,53,10,3,1,0.074802,fast_test,unweighted,0.21808862686157227
53-11,53,11,3,1,0.16541056,fast_test,unweighted,0.21808862686157227
53-12,53,12,3,1,0.35574344,fast_test,unweighted,0.21808862686157227
54-0,54,0,3,0,0.05628426,fast_test,unweighted,0.21808862686157227
54-1,54,1,3,0,0.04136128,fast_test,unweighted,0.21808862686157227
54-2,54,2,3,0,0.012771922,fast_test,unweighted,0.21808862686157227
54-3,54,3,3,0,0.14723107,fast_test,unweighted,0.21808862686157227
54-4,54,4,3,0,0.016862106,fast_test,unweighted,0.21808862686157227
54-5,54,5,3,0,0.09396176,fast_test,unweighted,0.21808862686157227
54-6,54,6,3,0,0.010711423,fast_test,unweighted,0.21808862686157227
54-7,54,7,3,0,0.06637313,fast_test,unweighted,0.21808862686157227
54-8,54,8,3,0,0.01899803,fast_test,unweighted,0.21808862686157227
54-9,54,9,3,0,0.082964145,fast_test,unweighted,0.21808862686157227
54-10,54,10,3,0,0.01633432,fast_test,unweighted,0.21808862686157227
54-11,54,11,3,0,0.020774556,fast_test,unweighted,0.21808862686157227
54-12,54,12,3,0,0.060439456,fast_test,unweighted,0.21808862686157227
55-0,55,0,5,0,0.13485773,fast_test,unweighted,0.1712287962436676
55-1,55,1,5,0,0.30063474,fast_test,unweighted,0.1712287962436676
55-2,55,2,5,0,0.09495712,fast_test,unweighted,0.1712287962436676
55-3,55,3,5,0,0.2952835,fast_test,unweighted,0.1712287962436676
55-4,55,4,5,0,0.1302396,fast_test,unweighted,0.1712287962436676
55-5,55,5,5,0,0.13218872,fast_test,unweighted,0.1712287962436676
55-6,55,6,5,0,0.29504102,fast_test,unweighted,0.1712287962436676
55-7,55,7,5,0,0.26083118,fast_test,unweighted,0.1712287962436676
55-8,55,8,5,0,0.19541873,fast_test,unweighted,0.1712287962436676
55-9,55,9,5,0,0.31493688,fast_test,unweighted,0.1712287962436676
55-10,55,10,5,0,0.10161613,fast_test,unweighted,0.1712287962436676
55-11,55,11,5,0,0.1382118,fast_test,unweighted,0.1712287962436676
55-12,55,12,5,0,0.21557447,fast_test,unweighted,0.1712287962436676
56-0,56,0,1,1,0.081162535,fast_test,unweighted,0.20838698744773865
56-1,56,1,1,1,0.10335192,fast_test,unweighted,0.20838698744773865
56-2,56,2,1,1,0.055370644,fast_test,unweighted,0.20838698744773865
56-3,56,3,1,1,0.050715078,fast_test,unweighted,0.20838698744773865
56-4,56,4,1,1,0.02363541,fast_test,unweighted,0.20838698744773865
56-5,56,5,1,1,0.025935007,fast_test,unweighted,0.20838698744773865
56-6,56,6,1,1,0.033172987,fast_test,unweighted,0.20838698744773865
56-7,56,7,1,1,0.06329854,fast_test,unweighted,0.20838698744773865
56-8,56,8,1,0,0.03129998,fast_test,unweighted,0.20838698744773865
56-9,56,9,1,0,0.08484247,fast_test,unweighted,0.20838698744773865
56-10,56,10,1,1,0.024323693,fast_test,unweighted,0.20838698744773865
56-11,56,11,1,1,0.06843445,fast_test,unweighted,0.20838698744773865
56-12,56,12,1,1,0.047487706,fast_test,unweighted,0.20838698744773865
57-0,57,0,3,0,0.110383704,fast_test,unweighted,0.21808862686157227
57-1,57,1,3,0,0.06751651,fast_test,unweighted,0.21808862686157227
57-2,57,2,3,0,0.020538941,fast_test,unweighted,0.21808862686157227
57-3,57,3,3,0,0.2246456,fast_test,unweighted,0.21808862686157227
57-4,57,4,3,0,0.033508755,fast_test,unweighted,0.21808862686157227
57-5,57,5,3,1,0.59778154,fast_test,unweighted,0.21808862686157227
57-6,57,6,3,0,0.018198589,fast_test,unweighted,0.21808862686157227
57-7,57,7,3,0,0.104881406,fast_test,unweighted,0.21808862686157227
57-8,57,8,3,0,0.028078163,fast_test,unweighted,0.21808862686157227
57-9,57,9,3,0,0.13181019,fast_test,unweighted,0.21808862686157227
57-10,57,10,3,0,0.024861362,fast_test,unweighted,0.21808862686157227
57-11,57,11,3,0,0.032244463,fast_test,unweighted,0.21808862686157227
57-12,57,12,3,0,0.09681004,fast_test,unweighted,0.21808862686157227
58-0,58,0,2,1,0.3310431,fast_test,unweighted,0.20516107976436615
58-1,58,1,2,1,0.69716614,fast_test,unweighted,0.20516107976436615
58-2,58,2,2,1,0.7931967,fast_test,unweighted,0.20516107976436615
58-3,58,3,2,1,0.55051297,fast_test,unweighted,0.20516107976436615
58-4,58,4,2,1,0.3170885,fast_test,unweighted,0.20516107976436615
58-5,58,5,2,1,0.6233497,fast_test,unweighted,0.20516107976436615
58-6,58,6,2,1,0.19470377,fast_test,unweighted,0.20516107976436615
58-7,58,7,2,1,0.47528374,fast_test,unweighted,0.20516107976436615
58-8,58,8,2,1,0.8277474,fast_test,unweighted,0.20516107976436615
58-9,58,9,2,1,0.7790791,fast_test,unweighted,0.20516107976436615
58-10,58,10,2,1,0.26422578,fast_test,unweighted,0.20516107976436615
58-11,58,11,2,1,0.2654558,fast_test,unweighted,0.20516107976436615
58-12,58,12,2,1,0.5953237,fast_test,unweighted,0.20516107976436615
59-0,59,0,2,1,0.064898185,fast_test,unweighted,0.20516107976436615
59-1,59,1,2,1,0.12381066,fast_test,unweighted,0.20516107976436615
59-2,59,2,2,1,0.15646552,fast_test,unweighted,0.20516107976436615
59-3,59,3,2,1,0.14043719,fast_test,unweighted,0.20516107976436615
59-4,59,4,2,1,0.042218726,fast_test,unweighted,0.20516107976436615
59-5,59,5,2,1,0.07285953,fast_test,unweighted,0.20516107976436615
59-6,59,6,2,1,0.035707813,fast_test,unweighted,0.20516107976436615
59-7,59,7,2,1,0.062990576,fast_test,unweighted,0.20516107976436615
59-8,59,8,2,1,0.2001926,fast_test,unweighted,0.20516107976436615
59-9,59,9,2,0,0.20444809,fast_test,unweighted,0.20516107976436615
59-10,59,10,2,1,0.022168424,fast_test,unweighted,0.20516107976436615
59-11,59,11,2,1,0.02304993,fast_test,unweighted,0.20516107976436615
59-12,59,12,2,1,0.06965426,fast_test,unweighted,0.20516107976436615
60-0,60,0,1,0,0.024390573,fast_test,unweighted,0.20838698744773865
60-1,60,1,1,0,0.030849319,fast_test,unweighted,0.20838698744773865
60-2,60,2,1,0,0.016609589,fast_test,unweighted,0.20838698744773865
60-3,60,3,1,0,0.01642445,fast_test,unweighted,0.20838698744773865
60-4,60,4,1,0,0.006804805,fast_test,unweighted,0.20838698744773865
60-5,60,5,1,0,0.0072902646,fast_test,unweighted,0.20838698744773865
60-6,60,6,1,0,0.009070441,fast_test,unweighted,0.20838698744773865
60-7,60,7,1,1,0.34417567,fast_test,unweighted,0.20838698744773865
60-8,60,8,1,1,0.20460446,fast_test,unweighted,0.20838698744773865
60-9,60,9,1,0,0.0261945,fast_test,unweighted,0.20838698744773865
60-10,60,10,1,0,0.0082910685,fast_test,unweighted,0.20838698744773865
60-11,60,11,1,1,0.36595702,fast_test,unweighted,0.20838698744773865
60-12,60,12,1,0,0.013322258,fast_test,unweighted,0.20838698744773865
61-0,61,0,1,0,0.072086796,fast_test,unweighted,0.20838698744773865
61-1,61,1,1,0,0.09001047,fast_test,unweighted,0.20838698744773865
61-2,61,2,1,1,0.39196092,fast_test,unweighted,0.20838698744773865
61-3,61,3,1,0,0.04938899,fast_test,unweighted,0.20838698744773865
61-4,61,4,1,0,0.02084651,fast_test,unweighted,0.20838698744773865
61-5,61,5,1,0,0.02205405,fast_test,unweighted,0.20838698744773865
61-6,61,6,1,0,0.028253915,fast_test,unweighted,0.20838698744773865
61-7,61,7,1,1,0.38013658,fast_test,unweighted,0.20838698744773865
61-8,61,8,1,0,0.027201843,fast_test,unweighted,0.20838698744773865
61-9,61,9,1,0,0.08754434,fast_test,unweighted,0.20838698744773865
61-10,61,10,1,1,0.102316156,fast_test,unweighted,0.20838698744773865
61-11,61,11,1,1,0.39997682,fast_test,unweighted,0.20838698744773865
61-12,61,12,1,0,0.040683247,fast_test,unweighted,0.20838698744773865
62-0,62,0,5,0,0.0005685488,fast_test,unweighted,0.1712287962436676
62-1,62,1,5,0,0.0013164888,fast_test,unweighted,0.1712287962436676
62-2,62,2,5,0,0.0005489154,fast_test,unweighted,0.1712287962436676
62-3,62,3,5,0,0.002026251,fast_test,unweighted,0.1712287962436676
62-4,62,4,5,0,0.00066572387,fast_test,unweighted,0.1712287962436676
62-5,62,5,5,0,0.000761775,fast_test,unweighted,0.1712287962436676
62-6,62,6,5,0,0.001761136,fast_test,unweighted,0.1712287962436676
62-7,62,7,5,0,0.0010397701,fast_test,unweighted,0.1712287962436676
62-8,62,8,5,0,0.0012048383,fast_test,unweighted,0.1712287962436676
62-9,62,9,5,0,0.0014077814,fast_test,unweighted,0.1712287962436676
62-10,62,10,5,0,0.0005439135,fast_test,unweighted,0.1712287962436676
62-11,62,11,5,1,0.84685355,fast_test,unweighted,0.1712287962436676
62-12,62,12,5,0,0.0011358816,fast_test,unweighted,0.1712287962436676
63-0,63,0,1,0,0.10971567,fast_test,unweighted,0.20838698744773865
63-1,63,1,1,0,0.13913293,fast_test,unweighted,0.20838698744773865
63-2,63,2,1,0,0.0774451,fast_test,unweighted,0.20838698744773865
63-3,63,3,1,0,0.06927378,fast_test,unweighted,0.20838698744773865
63-4,63,4,1,0,0.033469148,fast_test,unweighted,0.20838698744773865
63-5,63,5,1,0,0.037077826,fast_test,unweighted,0.20838698744773865
63-6,63,6,1,0,0.04535295,fast_test,unweighted,0.20838698744773865
63-7,63,7,1,0,0.0805344,fast_test,unweighted,0.20838698744773865
63-8,63,8,1,0,0.043692816,fast_test,unweighted,0.20838698744773865
63-9,63,9,1,0,0.13661388,fast_test,unweighted,0.20838698744773865
63-10,63,10,1,0,0.032055203,fast_test,unweighted,0.20838698744773865
63-11,63,11,1,0,0.0855333,fast_test,unweighted,0.20838698744773865
63-12,63,12,1,0,0.06617198,fast_test,unweighted,0.20838698744773865
64-0,64,0,5,0,0.04328853,fast_test,unweighted,0.1712287962436676
64-1,64,1,5,0,0.10356032,fast_test,unweighted,0.1712287962436676
64-2,64,2,5,0,0.0451928,fast_test,unweighted,0.1712287962436676
64-3,64,3,5,0,0.16309716,fast_test,unweighted,0.1712287962436676
64-4,64,4,5,0,0.04090655,fast_test,unweighted,0.1712287962436676
64-5,64,5,5,1,0.0642219,fast_test,unweighted,0.1712287962436676
64-6,64,6,5,1,0.23522697,fast_test,unweighted,0.1712287962436676
64-7,64,7,5,0,0.09130358,fast_test,unweighted,0.1712287962436676
64-8,64,8,5,0,0.07794365,fast_test,unweighted,0.1712287962436676
64-9,64,9,5,0,0.1244082,fast_test,unweighted,0.1712287962436676
64-10,64,10,5,1,0.050861094,fast_test,unweighted,0.1712287962436676
64-11,64,11,5,1,0.07395312,fast_test,unweighted,0.1712287962436676
64-12,64,12,5,0,0.09892925,fast_test,unweighted,0.1712287962436676
65-0,65,0,2,0,0.01940835,fast_test,unweighted,0.20516107976436615
65-1,65,1,2,0,0.047044545,fast_test,unweighted,0.20516107976436615
65-2,65,2,2,0,0.05910775,fast_test,unweighted,0.20516107976436615
65-3,65,3,2,0,0.05044269,fast_test,unweighted,0.20516107976436615
65-4,65,4,2,0,0.013971684,fast_test,unweighted,0.20516107976436615
65-5,65,5,2,0,0.03454649,fast_test,unweighted,0.20516107976436615
65-6,65,6,2,0,0.016363697,fast_test,unweighted,0.20516107976436615
65-7,65,7,2,0,0.013572086,fast_test,unweighted,0.20516107976436615
65-8,65,8,2,0,0.082350105,fast_test,unweighted,0.20516107976436615
65-9,65,9,2,1,0.52402365,fast_test,unweighted,0.20516107976436615
65-10,65,10,2,0,0.009793059,fast_test,unweighted,0.20516107976436615
65-11,65,11,2,0,0.009709422,fast_test,unweighted,0.20516107976436615
65-12,65,12,2,0,0.025607822,fast_test,unweighted,0.20516107976436615
66-0,66,0,4,0,0.08202505,fast_test,unweighted,0.30763813853263855
66-1,66,1,4,0,0.11593006,fast_test,unweighted,0.30763813853263855
66-2,66,2,4,0,0.3254448,fast_test,unweighted,0.30763813853263855
66-3,66,3,4,0,0.18235955,fast_test,unweighted,0.30763813853263855
66-4,66,4,4,0,0.04538429,fast_test,unweighted,0.30763813853263855
66-5,66,5,4,0,0.06974473,fast_test,unweighted,0.30763813853263855
66-6,66,6,4,1,0.10318141,fast_test,unweighted,0.30763813853263855
66-7,66,7,4,0,0.075702354,fast_test,unweighted,0.30763813853263855
66-8,66,8,4,0,0.20157166,fast_test,unweighted,0.30763813853263855
66-9,66,9,4,0,0.28572747,fast_test,unweighted,0.30763813853263855
66-10,66,10,4,0,0.04674679,fast_test,unweighted,0.30763813853263855
66-11,66,11,4,0,0.13788353,fast_test,unweighted,0.30763813853263855
66-12,66,12,4,0,0.13454942,fast_test,unweighted,0.30763813853263855
67-0,67,0,4,0,0.0012114513,fast_test,unweighted,0.30763813853263855
67-1,67,1,4,0,0.0010553056,fast_test,unweighted,0.30763813853263855
67-2,67,2,4,0,0.003646763,fast_test,unweighted,0.30763813853263855
67-3,67,3,4,0,0.0017489443,fast_test,unweighted,0.30763813853263855
67-4,67,4,4,0,0.0007704437,fast_test,unweighted,0.30763813853263855
67-5,67,5,4,0,0.0006084206,fast_test,unweighted,0.30763813853263855
67-6,67,6,4,1,0.85858595,fast_test,unweighted,0.30763813853263855
67-7,67,7,4,0,0.0009966874,fast_test,unweighted,0.30763813853263855
67-8,67,8,4,1,0.9049226,fast_test,unweighted,0.30763813853263855
67-9,67,9,4,0,0.0036330528,fast_test,unweighted,0.30763813853263855
67-10,67,10,4,1,0.67447627,fast_test,unweighted,0.30763813853263855
67-11,67,11,4,1,0.8736606,fast_test,unweighted,0.30763813853263855
67-12,67,12,4,0,0.0013507277,fast_test,unweighted,0.30763813853263855
68-0,68,0,3,0,0.0040128403,fast_test,unweighted,0.21808862686157227
68-1,68,1,3,0,0.0021310435,fast_test,unweighted,0.21808862686157227
68-2,68,2,3,0,0.0008972829,fast_test,unweighted,0.21808862686157227
68-3,68,3,3,0,0.007336049,fast_test,unweighted,0.21808862686157227
68-4,68,4,3,0,0.001323734,fast_test,unweighted,0.21808862686157227
68-5,68,5,3,0,0.0043633617,fast_test,unweighted,0.21808862686157227
68-6,68,6,3,0,0.0006560229,fast_test,unweighted,0.21808862686157227
68-7,68,7,3,0,0.0030643197,fast_test,unweighted,0.21808862686157227
68-8,68,8,3,0,0.0007110091,fast_test,unweighted,0.21808862686157227
68-9,68,9,3,0,0.004545188,fast_test,unweighted,0.21808862686157227
68-10,68,10,3,0,0.001021784,fast_test,unweighted,0.21808862686157227
68-11,68,11,3,0,0.0010494497,fast_test,unweighted,0.21808862686157227
68-12,68,12,3,0,0.0027415468,fast_test,unweighted,0.21808862686157227
69-0,69,0,3,0,0.06733117,fast_test,unweighted,0.21808862686157227
69-1,69,1,3,0,0.046287216,fast_test,unweighted,0.21808862686157227
69-2,69,2,3,0,0.014519428,fast_test,unweighted,0.21808862686157227
69-3,69,3,3,0,0.16443934,fast_test,unweighted,0.21808862686157227
69-4,69,4,3,0,0.021268297,fast_test,unweighted,0.21808862686157227
69-5,69,5,3,1,0.1651981,fast_test,unweighted,0.21808862686157227
69-6,69,6,3,0,0.012148039,fast_test,unweighted,0.21808862686157227
69-7,69,7,3,0,0.07646719,fast_test,unweighted,0.21808862686157227
69-8,69,8,3,0,0.02113677,fast_test,unweighted,0.21808862686157227
69-9,69,9,3,0,0.10001465,fast_test,unweighted,0.21808862686157227
69-10,69,10,3,0,0.021765983,fast_test,unweighted,0.21808862686157227
69-11,69,11,3,0,0.023021208,fast_test,unweighted,0.21808862686157227
69-12,69,12,3,1,0.096946485,fast_test,unweighted,0.21808862686157227
70-0,70,0,1,1,0.030044695,fast_test,unweighted,0.20838698744773865
70-1,70,1,1,1,0.03403968,fast_test,unweighted,0.20838698744773865
70-2,70,2,1,1,0.024617897,fast_test,unweighted,0.20838698744773865
70-3,70,3,1,0,0.6751651,fast_test,unweighted,0.20838698744773865
70-4,70,4,1,0,0.45745477,fast_test,unweighted,0.20838698744773865
70-5,70,5,1,0,0.45972678,fast_test,unweighted,0.20838698744773865
70-6,70,6,1,0,0.4664221,fast_test,unweighted,0.20838698744773865
70-7,70,7,1,0,0.63573533,fast_test,unweighted,0.20838698744773865
70-8,70,8,1,0,0.4494622,fast_test,unweighted,0.20838698744773865
70-9,70,9,1,1,0.046075925,fast_test,unweighted,0.20838698744773865
70-10,70,10,1,0,0.31626546,fast_test,unweighted,0.20838698744773865
70-11,70,11,1,0,0.67383,fast_test,unweighted,0.20838698744773865
70-12,70,12,1,0,0.59584564,fast_test,unweighted,0.20838698744773865
71-0,71,0,2,0,0.0022663341,fast_test,unweighted,0.20516107976436615
71-1,71,1,2,0,0.005233216,fast_test,unweighted,0.20516107976436615
71-2,71,2,2,0,0.006249528,fast_test,unweighted,0.20516107976436615
71-3,71,3,2,0,0.0073010735,fast_test,unweighted,0.20516107976436615
71-4,71,4,2,0,0.0019457383,fast_test,unweighted,0.20516107976436615
71-5,71,5,2,0,0.0044804337,fast_test,unweighted,0.20516107976436615
71-6,71,6,2,0,0.00174688,fast_test,unweighted,0.20516107976436615
71-7,71,7,2,0,0.0018642987,fast_test,unweighted,0.20516107976436615
71-8,71,8,2,0,0.008627069,fast_test,unweighted,0.20516107976436615
71-9,71,9,2,1,0.8164043,fast_test,unweighted,0.20516107976436615
71-10,71,10,2,0,0.0011654955,fast_test,unweighted,0.20516107976436615
71-11,71,11,2,0,0.0010223677,fast_test,unweighted,0.20516107976436615
71-12,71,12,2,0,0.0026847993,fast_test,unweighted,0.20516107976436615
72-0,72,0,5,0,0.11753049,fast_test,unweighted,0.1712287962436676
72-1,72,1,5,1,0.014632945,fast_test,unweighted,0.1712287962436676
72-2,72,2,5,0,0.097748086,fast_test,unweighted,0.1712287962436676
72-3,72,3,5,0,0.31307673,fast_test,unweighted,0.1712287962436676
72-4,72,4,5,0,0.121490106,fast_test,unweighted,0.1712287962436676
72-5,72,5,5,0,0.037005447,fast_test,unweighted,0.1712287962436676
72-6,72,6,5,0,0.28282672,fast_test,unweighted,0.1712287962436676
72-7,72,7,5,0,0.18081406,fast_test,unweighted,0.1712287962436676
72-8,72,8,5,0,0.14789003,fast_test,unweighted,0.1712287962436676
72-9,72,9,5,1,0.015633233,fast_test,unweighted,0.1712287962436676
72-10,72,10,5,0,0.028244399,fast_test,unweighted,0.1712287962436676
72-11,72,11,5,0,0.097748086,fast_test,unweighted,0.1712287962436676
72-12,72,12,5,0,0.22007275,fast_test,unweighted,0.1712287962436676
73-0,73,0,1,0,0.050866596,fast_test,unweighted,0.20838698744773865
73-1,73,1,1,0,0.063877285,fast_test,unweighted,0.20838698744773865
73-2,73,2,1,0,0.032770164,fast_test,unweighted,0.20838698744773865
73-3,73,3,1,0,0.030993583,fast_test,unweighted,0.20838698744773865
73-4,73,4,1,0,0.014474622,fast_test,unweighted,0.20838698744773865
73-5,73,5,1,0,0.015156401,fast_test,unweighted,0.20838698744773865
73-6,73,6,1,0,0.019213742,fast_test,unweighted,0.20838698744773865
73-7,73,7,1,0,0.03234407,fast_test,unweighted,0.20838698744773865
73-8,73,8,1,0,0.019075397,fast_test,unweighted,0.20838698744773865
73-9,73,9,1,0,0.054519266,fast_test,unweighted,0.20838698744773865
73-10,73,10,1,0,0.01383558,fast_test,unweighted,0.20838698744773865
73-11,73,11,1,0,0.03882749,fast_test,unweighted,0.20838698744773865
73-12,73,12,1,0,0.02908292,fast_test,unweighted,0.20838698744773865
74-0,74,0,4,0,0.013397998,fast_test,unweighted,0.30763813853263855
74-1,74,1,4,0,0.01912502,fast_test,unweighted,0.30763813853263855
74-2,74,2,4,0,0.061640274,fast_test,unweighted,0.30763813853263855
74-3,74,3,4,0,0.025681095,fast_test,unweighted,0.30763813853263855
74-4,74,4,4,0,0.006946071,fast_test,unweighted,0.30763813853263855
74-5,74,5,4,0,0.011465521,fast_test,unweighted,0.30763813853263855
74-6,74,6,4,0,0.019945504,fast_test,unweighted,0.30763813853263855
74-7,74,7,4,0,0.011500574,fast_test,unweighted,0.30763813853263855
74-8,74,8,4,0,0.027865116,fast_test,unweighted,0.30763813853263855
74-9,74,9,4,0,0.051461,fast_test,unweighted,0.30763813853263855
74-10,74,10,4,0,0.012785131,fast_test,unweighted,0.30763813853263855
74-11,74,11,4,0,0.02171643,fast_test,unweighted,0.30763813853263855
74-12,74,12,4,0,0.020830384,fast_test,unweighted,0.30763813853263855
75-0,75,0,3,0,0.032031562,fast_test,unweighted,0.21808862686157227
75-1,75,1,3,0,0.02335824,fast_test,unweighted,0.21808862686157227
75-2,75,2,3,0,0.008204209,fast_test,unweighted,0.21808862686157227
75-3,75,3,3,0,0.06363099,fast_test,unweighted,0.21808862686157227
75-4,75,4,3,0,0.009943608,fast_test,unweighted,0.21808862686157227
75-5,75,5,3,0,0.049650017,fast_test,unweighted,0.21808862686157227
75-6,75,6,3,0,0.0069394466,fast_test,unweighted,0.21808862686157227
75-7,75,7,3,0,0.03423941,fast_test,unweighted,0.21808862686157227
75-8,75,8,3,1,0.12089916,fast_test,unweighted,0.21808862686157227
75-9,75,9,3,1,0.48842594,fast_test,unweighted,0.21808862686157227
75-10,75,10,3,0,0.010836011,fast_test,unweighted,0.21808862686157227
75-11,75,11,3,0,0.010797684,fast_test,unweighted,0.21808862686157227
75-12,75,12,3,0,0.027559407,fast_test,unweighted,0.21808862686157227
76-0,76,0,5,0,0.00093808793,fast_test,unweighted,0.1712287962436676
76-1,76,1,5,0,0.0019592775,fast_test,unweighted,0.1712287962436676
76-2,76,2,5,0,0.0006518109,fast_test,unweighted,0.1712287962436676
76-3,76,3,5,0,0.0029283436,fast_test,unweighted,0.1712287962436676
76-4,76,4,5,0,0.0011738407,fast_test,unweighted,0.1712287962436676
76-5,76,5,5,0,0.0012154921,fast_test,unweighted,0.1712287962436676
76-6,76,6,5,0,0.002395867,fast_test,unweighted,0.1712287962436676
76-7,76,7,5,0,0.0014180074,fast_test,unweighted,0.1712287962436676
76-8,76,8,5,0,0.00081942516,fast_test,unweighted,0.1712287962436676
76-9,76,9,5,0,0.002120191,fast_test,unweighted,0.1712287962436676
76-10,76,10,5,0,0.00085111253,fast_test,unweighted,0.1712287962436676
76-11,76,11,5,0,0.00068640395,fast_test,unweighted,0.1712287962436676
76-12,76,12,5,0,0.0015914935,fast_test,unweighted,0.1712287962436676
77-0,77,0,3,1,0.0662751,fast_test,unweighted,0.21808862686157227
77-1,77,1,3,1,0.045058813,fast_test,unweighted,0.21808862686157227
77-2,77,2,3,0,0.03496938,fast_test,unweighted,0.21808862686157227
77-3,77,3,3,0,0.33154532,fast_test,unweighted,0.21808862686157227
77-4,77,4,3,1,0.021747993,fast_test,unweighted,0.21808862686157227
77-5,77,5,3,1,0.08743504,fast_test,unweighted,0.21808862686157227
77-6,77,6,3,0,0.02837434,fast_test,unweighted,0.21808862686157227
77-7,77,7,3,0,0.16852918,fast_test,unweighted,0.21808862686157227
77-8,77,8,3,0,0.053018965,fast_test,unweighted,0.21808862686157227
77-9,77,9,3,1,0.0923319,fast_test,unweighted,0.21808862686157227
77-10,77,10,3,1,0.01977308,fast_test,unweighted,0.21808862686157227
77-11,77,11,3,1,0.019900303,fast_test,unweighted,0.21808862686157227
77-12,77,12,3,1,0.060631726,fast_test,unweighted,0.21808862686157227
78-0,78,0,1,0,0.09200742,fast_test,unweighted,0.20838698744773865
78-1,78,1,1,1,0.35508478,fast_test,unweighted,0.20838698744773865
78-2,78,2,1,0,0.056871332,fast_test,unweighted,0.20838698744773865
78-3,78,3,1,0,0.058077537,fast_test,unweighted,0.20838698744773865
78-4,78,4,1,0,0.026768934,fast_test,unweighted,0.20838698744773865
78-5,78,5,1,0,0.026946891,fast_test,unweighted,0.20838698744773865
78-6,78,6,1,1,0.12103851,fast_test,unweighted,0.20838698744773865
78-7,78,7,1,0,0.05777596,fast_test,unweighted,0.20838698744773865
78-8,78,8,1,0,0.03425333,fast_test,unweighted,0.20838698744773865
78-9,78,9,1,1,0.34242007,fast_test,unweighted,0.20838698744773865
78-10,78,10,1,0,0.02384446,fast_test,unweighted,0.20838698744773865
78-11,78,11,1,1,0.22055773,fast_test,unweighted,0.20838698744773865
78-12,78,12,1,0,0.051387787,fast_test,unweighted,0.20838698744773865
79-0,79,0,3,0,0.01570505,fast_test,unweighted,0.21808862686157227
79-1,79,1,3,0,0.010677586,fast_test,unweighted,0.21808862686157227
79-2,79,2,3,0,0.004314028,fast_test,unweighted,0.21808862686157227
79-3,79,3,3,0,0.0427174,fast_test,unweighted,0.21808862686157227
79-4,79,4,3,0,0.00707179,fast_test,unweighted,0.21808862686157227
79-5,79,5,3,0,0.021780893,fast_test,unweighted,0.21808862686157227
79-6,79,6,3,0,0.0032061904,fast_test,unweighted,0.21808862686157227
79-7,79,7,3,0,0.016606683,fast_test,unweighted,0.21808862686157227
79-8,79,8,3,0,0.0039208694,fast_test,unweighted,0.21808862686157227
79-9,79,9,3,0,0.022738738,fast_test,unweighted,0.21808862686157227
79-10,79,10,3,0,0.0043377024,fast_test,unweighted,0.21808862686157227
79-11,79,11,3,0,0.005037507,fast_test,unweighted,0.21808862686157227
79-12,79,12,3,0,0.014467073,fast_test,unweighted,0.21808862686157227
80-0,80,0,1,1,0.82511455,fast_test,unweighted,0.20838698744773865
80-1,80,1,1,1,0.84740645,fast_test,unweighted,0.20838698744773865
80-2,80,2,1,0,0.0050098873,fast_test,unweighted,0.20838698744773865
80-3,80,3,1,0,0.0058265626,fast_test,unweighted,0.20838698744773865
80-4,80,4,1,0,0.0029051683,fast_test,unweighted,0.20838698744773865
80-5,80,5,1,1,0.5484207,fast_test,unweighted,0.20838698744773865
80-6,80,6,1,0,0.0024471066,fast_test,unweighted,0.20838698744773865
80-7,80,7,1,0,0.004637486,fast_test,unweighted,0.20838698744773865
80-8,80,8,1,0,0.0023862887,fast_test,unweighted,0.20838698744773865
80-9,80,9,1,0,0.008347781,fast_test,unweighted,0.20838698744773865
80-10,80,10,1,1,0.395915,fast_test,unweighted,0.20838698744773865
80-11,80,11,1,0,0.0048547816,fast_test,unweighted,0.20838698744773865
80-12,80,12,1,1,0.6784442,fast_test,unweighted,0.20838698744773865
81-0,81,0,1,0,0.06644883,fast_test,unweighted,0.20838698744773865
81-1,81,1,1,0,0.07491056,fast_test,unweighted,0.20838698744773865
81-2,81,2,1,0,0.040928386,fast_test,unweighted,0.20838698744773865
81-3,81,3,1,0,0.041717276,fast_test,unweighted,0.20838698744773865
81-4,81,4,1,0,0.019213425,fast_test,unweighted,0.20838698744773865
81-5,81,5,1,0,0.018124139,fast_test,unweighted,0.20838698744773865
81-6,81,6,1,0,0.023013338,fast_test,unweighted,0.20838698744773865
81-7,81,7,1,0,0.049462214,fast_test,unweighted,0.20838698744773865
81-8,81,8,1,0,0.022850914,fast_test,unweighted,0.20838698744773865
81-9,81,9,1,0,0.072829664,fast_test,unweighted,0.20838698744773865
81-10,81,10,1,0,0.019397477,fast_test,unweighted,0.20838698744773865
81-11,81,11,1,0,0.044258412,fast_test,unweighted,0.20838698744773865
81-12,81,12,1,0,0.034353495,fast_test,unweighted,0.20838698744773865
82-0,82,0,5,0,0.006350796,fast_test,unweighted,0.1712287962436676
82-1,82,1,5,0,0.0149063505,fast_test,unweighted,0.1712287962436676
82-2,82,2,5,0,0.0057983934,fast_test,unweighted,0.1712287962436676
82-3,82,3,5,0,0.027416168,fast_test,unweighted,0.1712287962436676
82-4,82,4,5,0,0.0061201616,fast_test,unweighted,0.1712287962436676
82-5,82,5,5,0,0.0066647725,fast_test,unweighted,0.1712287962436676
82-6,82,6,5,1,0.27448785,fast_test,unweighted,0.1712287962436676
82-7,82,7,5,0,0.012230861,fast_test,unweighted,0.1712287962436676
82-8,82,8,5,1,0.14789003,fast_test,unweighted,0.1712287962436676
82-9,82,9,5,0,0.015925018,fast_test,unweighted,0.1712287962436676
82-10,82,10,5,0,0.004174294,fast_test,unweighted,0.1712287962436676
82-11,82,11,5,0,0.0059323874,fast_test,unweighted,0.1712287962436676
82-12,82,12,5,0,0.014108552,fast_test,unweighted,0.1712287962436676
83-0,83,0,3,0,0.016569074,fast_test,unweighted,0.21808862686157227
83-1,83,1,3,0,0.010745107,fast_test,unweighted,0.21808862686157227
83-2,83,2,3,0,0.0039787213,fast_test,unweighted,0.21808862686157227
83-3,83,3,3,0,0.041334134,fast_test,unweighted,0.21808862686157227
83-4,83,4,3,0,0.0067798547,fast_test,unweighted,0.21808862686157227
83-5,83,5,3,0,0.0216407,fast_test,unweighted,0.21808862686157227
83-6,83,6,3,0,0.0031851637,fast_test,unweighted,0.21808862686157227
83-7,83,7,3,0,0.016862717,fast_test,unweighted,0.21808862686157227
83-8,83,8,3,0,0.0037679616,fast_test,unweighted,0.21808862686157227
83-9,83,9,3,0,0.022268225,fast_test,unweighted,0.21808862686157227
83-10,83,10,3,0,0.004402643,fast_test,unweighted,0.21808862686157227
83-11,83,11,3,0,0.0053148083,fast_test,unweighted,0.21808862686157227
83-12,83,12,3,0,0.015465288,fast_test,unweighted,0.21808862686157227
84-0,84,0,5,0,0.0007821558,fast_test,unweighted,0.1712287962436676
84-1,84,1,5,0,0.0018715505,fast_test,unweighted,0.1712287962436676
84-2,84,2,5,1,0.75787514,fast_test,unweighted,0.1712287962436676
84-3,84,3,5,1,0.9325842,fast_test,unweighted,0.1712287962436676
84-4,84,4,5,0,0.0012361923,fast_test,unweighted,0.1712287962436676
84-5,84,5,5,0,0.0011187823,fast_test,unweighted,0.1712287962436676
84-6,84,6,5,1,0.9204058,fast_test,unweighted,0.1712287962436676
84-7,84,7,5,0,0.0015142362,fast_test,unweighted,0.1712287962436676
84-8,84,8,5,1,0.790641,fast_test,unweighted,0.1712287962436676
84-9,84,9,5,0,0.0016782847,fast_test,unweighted,0.1712287962436676
84-10,84,10,5,1,0.14138557,fast_test,unweighted,0.1712287962436676
84-11,84,11,5,0,0.00078937656,fast_test,unweighted,0.1712287962436676
84-12,84,12,5,1,0.8907588,fast_test,unweighted,0.1712287962436676
85-0,85,0,1,0,0.04431443,fast_test,unweighted,0.20838698744773865
85-1,85,1,1,0,0.05415145,fast_test,unweighted,0.20838698744773865
85-2,85,2,1,0,0.03117676,fast_test,unweighted,0.20838698744773865
85-3,85,3,1,0,0.033741575,fast_test,unweighted,0.20838698744773865
85-4,85,4,1,0,0.018613352,fast_test,unweighted,0.20838698744773865
85-5,85,5,1,0,0.012116111,fast_test,unweighted,0.20838698744773865
85-6,85,6,1,0,0.015639069,fast_test,unweighted,0.20838698744773865
85-7,85,7,1,0,0.02929077,fast_test,unweighted,0.20838698744773865
85-8,85,8,1,0,0.015255404,fast_test,unweighted,0.20838698744773865
85-9,85,9,1,0,0.04256072,fast_test,unweighted,0.20838698744773865
85-10,85,10,1,0,0.017230306,fast_test,unweighted,0.20838698744773865
85-11,85,11,1,0,0.030627549,fast_test,unweighted,0.20838698744773865
85-12,85,12,1,0,0.029146088,fast_test,unweighted,0.20838698744773865
86-0,86,0,1,0,0.2426879,fast_test,unweighted,0.20838698744773865
86-1,86,1,1,0,0.2910791,fast_test,unweighted,0.20838698744773865
86-2,86,2,1,1,0.15084547,fast_test,unweighted,0.20838698744773865
86-3,86,3,1,0,0.18373808,fast_test,unweighted,0.20838698744773865
86-4,86,4,1,0,0.09009028,fast_test,unweighted,0.20838698744773865
86-5,86,5,1,0,0.09105583,fast_test,unweighted,0.20838698744773865
86-6,86,6,1,0,0.10645281,fast_test,unweighted,0.20838698744773865
86-7,86,7,1,1,0.13659112,fast_test,unweighted,0.20838698744773865
86-8,86,8,1,0,0.10467343,fast_test,unweighted,0.20838698744773865
86-9,86,9,1,0,0.29192266,fast_test,unweighted,0.20838698744773865
86-10,86,10,1,0,0.06848142,fast_test,unweighted,0.20838698744773865
86-11,86,11,1,0,0.19540395,fast_test,unweighted,0.20838698744773865
86-12,86,12,1,0,0.15555826,fast_test,unweighted,0.20838698744773865
87-0,87,0,4,0,0.0016086211,fast_test,unweighted,0.30763813853263855
87-1,87,1,4,0,0.0014013554,fast_test,unweighted,0.30763813853263855
87-2,87,2,4,0,0.004838473,fast_test,unweighted,0.30763813853263855
87-3,87,3,4,0,0.0022858602,fast_test,unweighted,0.30763813853263855
87-4,87,4,4,0,0.0009890853,fast_test,unweighted,0.30763813853263855
87-5,87,5,4,0,0.00075400574,fast_test,unweighted,0.30763813853263855
87-6,87,6,4,0,0.0016140714,fast_test,unweighted,0.30763813853263855
87-7,87,7,4,0,0.001323541,fast_test,unweighted,0.30763813853263855
87-8,87,8,4,0,0.003879417,fast_test,unweighted,0.30763813853263855
87-9,87,9,4,0,0.004417443,fast_test,unweighted,0.30763813853263855
87-10,87,10,4,0,0.0012535481,fast_test,unweighted,0.30763813853263855
87-11,87,11,4,0,0.0016730162,fast_test,unweighted,0.30763813853263855
87-12,87,12,4,0,0.001793477,fast_test,unweighted,0.30763813853263855
88-0,88,0,5,0,0.0066835564,fast_test,unweighted,0.1712287962436676
88-1,88,1,5,0,0.015680324,fast_test,unweighted,0.1712287962436676
88-2,88,2,5,0,0.0061023957,fast_test,unweighted,0.1712287962436676
88-3,88,3,5,0,0.02210464,fast_test,unweighted,0.1712287962436676
88-4,88,4,5,0,0.008717592,fast_test,unweighted,0.1712287962436676
88-5,88,5,5,0,0.0069850534,fast_test,unweighted,0.1712287962436676
88-6,88,6,5,1,0.62820804,fast_test,unweighted,0.1712287962436676
88-7,88,7,5,1,0.47108844,fast_test,unweighted,0.1712287962436676
88-8,88,8,5,0,0.011027234,fast_test,unweighted,0.1712287962436676
88-9,88,9,5,1,0.55363375,fast_test,unweighted,0.1712287962436676
88-10,88,10,5,0,0.005138365,fast_test,unweighted,0.1712287962436676
88-11,88,11,5,0,0.0067425906,fast_test,unweighted,0.1712287962436676
88-12,88,12,5,0,0.014279235,fast_test,unweighted,0.1712287962436676
89-0,89,0,1,0,0.013160278,fast_test,unweighted,0.20838698744773865
89-1,89,1,1,0,0.015080014,fast_test,unweighted,0.20838698744773865
89-2,89,2,1,0,0.006928991,fast_test,unweighted,0.20838698744773865
89-3,89,3,1,0,0.0073392647,fast_test,unweighted,0.20838698744773865
89-4,89,4,1,0,0.0036870367,fast_test,unweighted,0.20838698744773865
89-5,89,5,1,0,0.0032329548,fast_test,unweighted,0.20838698744773865
89-6,89,6,1,1,0.62529767,fast_test,unweighted,0.20838698744773865
89-7,89,7,1,0,0.0077004405,fast_test,unweighted,0.20838698744773865
89-8,89,8,1,1,0.6177905,fast_test,unweighted,0.20838698744773865
89-9,89,9,1,0,0.014098957,fast_test,unweighted,0.20838698744773865
89-10,89,10,1,1,0.4811338,fast_test,unweighted,0.20838698744773865
89-11,89,11,1,0,0.00836717,fast_test,unweighted,0.20838698744773865
89-12,89,12,1,0,0.00629549,fast_test,unweighted,0.20838698744773865
90-0,90,0,3,0,0.04739426,fast_test,unweighted,0.21808862686157227
90-1,90,1,3,0,0.04118872,fast_test,unweighted,0.21808862686157227
90-2,90,2,3,0,0.014419215,fast_test,unweighted,0.21808862686157227
90-3,90,3,3,0,0.08754047,fast_test,unweighted,0.21808862686157227
90-4,90,4,3,0,0.024598954,fast_test,unweighted,0.21808862686157227
90-5,90,5,3,0,0.07565687,fast_test,unweighted,0.21808862686157227
90-6,90,6,3,1,0.018717637,fast_test,unweighted,0.21808862686157227
90-7,90,7,3,0,0.06283413,fast_test,unweighted,0.21808862686157227
90-8,90,8,3,0,0.016348124,fast_test,unweighted,0.21808862686157227
90-9,90,9,3,0,0.08051167,fast_test,unweighted,0.21808862686157227
90-10,90,10,3,0,0.013806553,fast_test,unweighted,0.21808862686157227
90-11,90,11,3,1,0.032672245,fast_test,unweighted,0.21808862686157227
90-12,90,12,3,0,0.056465294,fast_test,unweighted,0.21808862686157227
91-0,91,0,3,1,0.058673944,fast_test,unweighted,0.21808862686157227
91-1,91,1,3,0,0.09110551,fast_test,unweighted,0.21808862686157227
91-2,91,2,3,0,0.029365415,fast_test,unweighted,0.21808862686157227
91-3,91,3,3,0,0.2173453,fast_test,unweighted,0.21808862686157227
91-4,91,4,3,0,0.04223615,fast_test,unweighted,0.21808862686157227
91-5,91,5,3,0,0.13757421,fast_test,unweighted,0.21808862686157227
91-6,91,6,3,0,0.026883157,fast_test,unweighted,0.21808862686157227
91-7,91,7,3,0,0.104780085,fast_test,unweighted,0.21808862686157227
91-8,91,8,3,0,0.03203571,fast_test,unweighted,0.21808862686157227
91-9,91,9,3,0,0.13722137,fast_test,unweighted,0.21808862686157227
91-10,91,10,3,1,0.016023792,fast_test,unweighted,0.21808862686157227
91-11,91,11,3,0,0.047091857,fast_test,unweighted,0.21808862686157227
91-12,91,12,3,1,0.05883776,fast_test,unweighted,0.21808862686157227
92-0,92,0,5,0,0.19256726,fast_test,unweighted,0.1712287962436676
92-1,92,1,5,0,0.38839057,fast_test,unweighted,0.1712287962436676
92-2,92,2,5,0,0.1947474,fast_test,unweighted,0.1712287962436676
92-3,92,3,5,0,0.5443061,fast_test,unweighted,0.1712287962436676
92-4,92,4,5,0,0.24679777,fast_test,unweighted,0.1712287962436676
92-5,92,5,5,1,0.05287003,fast_test,unweighted,0.1712287962436676
92-6,92,6,5,0,0.48527503,fast_test,unweighted,0.1712287962436676
92-7,92,7,5,0,0.3369857,fast_test,unweighted,0.1712287962436676
92-8,92,8,5,1,0.12620038,fast_test,unweighted,0.1712287962436676
92-9,92,9,5,0,0.331604,fast_test,unweighted,0.1712287962436676
92-10,92,10,5,0,0.14053081,fast_test,unweighted,0.1712287962436676
92-11,92,11,5,0,0.22008827,fast_test,unweighted,0.1712287962436676
92-12,92,12,5,0,0.4171275,fast_test,unweighted,0.1712287962436676
93-0,93,0,5,0,0.23677054,fast_test,unweighted,0.1712287962436676
93-1,93,1,5,0,0.42225254,fast_test,unweighted,0.1712287962436676
93-2,93,2,5,0,0.16956246,fast_test,unweighted,0.1712287962436676
93-3,93,3,5,0,0.4840719,fast_test,unweighted,0.1712287962436676
93-4,93,4,5,0,0.21813749,fast_test,unweighted,0.1712287962436676
93-5,93,5,5,0,0.089260474,fast_test,unweighted,0.1712287962436676
93-6,93,6,5,0,0.5287908,fast_test,unweighted,0.1712287962436676
93-7,93,7,5,0,0.38328585,fast_test,unweighted,0.1712287962436676
93-8,93,8,5,0,0.30178463,fast_test,unweighted,0.1712287962436676
93-9,93,9,5,0,0.43871105,fast_test,unweighted,0.1712287962436676
93-10,93,10,5,1,0.007815512,fast_test,unweighted,0.1712287962436676
93-11,93,11,5,0,0.2321023,fast_test,unweighted,0.1712287962436676
93-12,93,12,5,0,0.39834273,fast_test,unweighted,0.1712287962436676
94-0,94,0,1,0,0.019102188,fast_test,unweighted,0.20838698744773865
94-1,94,1,1,0,0.022367582,fast_test,unweighted,0.20838698744773865
94-2,94,2,1,1,0.5983309,fast_test,unweighted,0.20838698744773865
94-3,94,3,1,0,0.016471883,fast_test,unweighted,0.20838698744773865
94-4,94,4,1,0,0.005258288,fast_test,unweighted,0.20838698744773865
94-5,94,5,1,0,0.005133634,fast_test,unweighted,0.20838698744773865
94-6,94,6,1,0,0.0065362235,fast_test,unweighted,0.20838698744773865
94-7,94,7,1,0,0.012024945,fast_test,unweighted,0.20838698744773865
94-8,94,8,1,1,0.38312817,fast_test,unweighted,0.20838698744773865
94-9,94,9,1,0,0.020523217,fast_test,unweighted,0.20838698744773865
94-10,94,10,1,0,0.006445751,fast_test,unweighted,0.20838698744773865
94-11,94,11,1,0,0.013223251,fast_test,unweighted,0.20838698744773865
94-12,94,12,1,0,0.009611631,fast_test,unweighted,0.20838698744773865
95-0,95,0,2,1,0.13499005,fast_test,unweighted,0.20516107976436615
95-1,95,1,2,0,0.03515409,fast_test,unweighted,0.20516107976436615
95-2,95,2,2,0,0.04353092,fast_test,unweighted,0.20516107976436615
95-3,95,3,2,1,0.3131162,fast_test,unweighted,0.20516107976436615
95-4,95,4,2,0,0.010112855,fast_test,unweighted,0.20516107976436615
95-5,95,5,2,1,0.30348983,fast_test,unweighted,0.20516107976436615
95-6,95,6,2,1,0.053696197,fast_test,unweighted,0.20516107976436615
95-7,95,7,2,0,0.018976705,fast_test,unweighted,0.20516107976436615
95-8,95,8,2,1,0.5261896,fast_test,unweighted,0.20516107976436615
95-9,95,9,2,1,0.33508775,fast_test,unweighted,0.20516107976436615
95-10,95,10,2,1,0.07561995,fast_test,unweighted,0.20516107976436615
95-11,95,11,2,1,0.07606275,fast_test,unweighted,0.20516107976436615
95-12,95,12,2,0,0.020747487,fast_test,unweighted,0.20516107976436615
96-0,96,0,4,1,0.0012114513,fast_test,unweighted,0.30763813853263855
96-1,96,1,4,1,0.0010553056,fast_test,unweighted,0.30763813853263855
96-2,96,2,4,1,0.0037721202,fast_test,unweighted,0.30763813853263855
96-3,96,3,4,1,0.0018091825,fast_test,unweighted,0.30763813853263855
96-4,96,4,4,1,0.0007704437,fast_test,unweighted,0.30763813853263855
96-5,96,5,4,1,0.0005766928,fast_test,unweighted,0.30763813853263855
96-6,96,6,4,1,0.0013042378,fast_test,unweighted,0.30763813853263855
96-7,96,7,4,1,0.0009311022,fast_test,unweighted,0.30763813853263855
96-8,96,8,4,1,0.0030761857,fast_test,unweighted,0.30763813853263855
96-9,96,9,4,1,0.0033290852,fast_test,unweighted,0.30763813853263855
96-10,96,10,4,1,0.0010941421,fast_test,unweighted,0.30763813853263855
96-11,96,11,4,1,0.0013111145,fast_test,unweighted,0.30763813853263855
96-12,96,12,4,0,0.8823091,fast_test,unweighted,0.30763813853263855
97-0,97,0,4,0,0.11091953,fast_test,unweighted,0.30763813853263855
97-1,97,1,4,0,0.1517579,fast_test,unweighted,0.30763813853263855
97-2,97,2,4,0,0.38291585,fast_test,unweighted,0.30763813853263855
97-3,97,3,4,0,0.23485865,fast_test,unweighted,0.30763813853263855
97-4,97,4,4,0,0.081736505,fast_test,unweighted,0.30763813853263855
97-5,97,5,4,0,0.092797264,fast_test,unweighted,0.30763813853263855
97-6,97,6,4,0,0.15885897,fast_test,unweighted,0.30763813853263855
97-7,97,7,4,0,0.10084632,fast_test,unweighted,0.30763813853263855
97-8,97,8,4,0,0.2224496,fast_test,unweighted,0.30763813853263855
97-9,97,9,4,1,0.3378582,fast_test,unweighted,0.30763813853263855
97-10,97,10,4,1,0.048304066,fast_test,unweighted,0.30763813853263855
97-11,97,11,4,0,0.1711325,fast_test,unweighted,0.30763813853263855
97-12,97,12,4,0,0.17221035,fast_test,unweighted,0.30763813853263855
98-0,98,0,1,0,0.042106092,fast_test,unweighted,0.20838698744773865
98-1,98,1,1,1,0.84481776,fast_test,unweighted,0.20838698744773865
98-2,98,2,1,0,0.017400822,fast_test,unweighted,0.20838698744773865
98-3,98,3,1,0,0.025779953,fast_test,unweighted,0.20838698744773865
98-4,98,4,1,0,0.012060374,fast_test,unweighted,0.20838698744773865
98-5,98,5,1,0,0.010845143,fast_test,unweighted,0.20838698744773865
98-6,98,6,1,0,0.010282428,fast_test,unweighted,0.20838698744773865
98-7,98,7,1,0,0.027401565,fast_test,unweighted,0.20838698744773865
98-8,98,8,1,0,0.014110993,fast_test,unweighted,0.20838698744773865
98-9,98,9,1,0,0.04515961,fast_test,unweighted,0.20838698744773865
98-10,98,10,1,0,0.014254229,fast_test,unweighted,0.20838698744773865
98-11,98,11,1,0,0.027740004,fast_test,unweighted,0.20838698744773865
98-12,98,12,1,1,0.6825374,fast_test,unweighted,0.20838698744773865
99-0,99,0,1,0,0.087526225,fast_test,unweighted,0.20838698744773865
99-1,99,1,1,0,0.116958134,fast_test,unweighted,0.20838698744773865
99-2,99,2,1,0,0.061184924,fast_test,unweighted,0.20838698744773865
99-3,99,3,1,0,0.06301523,fast_test,unweighted,0.20838698744773865
99-4,99,4,1,0,0.03126596,fast_test,unweighted,0.20838698744773865
99-5,99,5,1,1,0.034898117,fast_test,unweighted,0.20838698744773865
99-6,99,6,1,0,0.034296703,fast_test,unweighted,0.20838698744773865
99-7,99,7,1,0,0.062458303,fast_test,unweighted,0.20838698744773865
99-8,99,8,1,0,0.033667132,fast_test,unweighted,0.20838698744773865
99-9,99,9,1,0,0.10584963,fast_test,unweighted,0.20838698744773865
99-10,99,10,1,0,0.02302202,fast_test,unweighted,0.20838698744773865
99-11,99,11,1,0,0.06881429,fast_test,unweighted,0.20838698744773865
99-12,99,12,1,0,0.052079134,fast_test,unweighted,0.20838698744773865
100-0,100,0,3,0,0.0052407677,fast_test,unweighted,0.21808862686157227
100-1,100,1,3,0,0.0032263924,fast_test,unweighted,0.21808862686157227
100-2,100,2,3,0,0.001238982,fast_test,unweighted,0.21808862686157227
100-3,100,3,3,1,0.94210804,fast_test,unweighted,0.21808862686157227
100-4,100,4,3,1,0.728222,fast_test,unweighted,0.21808862686157227
100-5,100,5,3,0,0.0067364937,fast_test,unweighted,0.21808862686157227
100-6,100,6,3,1,0.5051049,fast_test,unweighted,0.21808862686157227
100-7,100,7,3,0,0.005178735,fast_test,unweighted,0.21808862686157227
100-8,100,8,3,1,0.5550827,fast_test,unweighted,0.21808862686157227
100-9,100,9,3,0,0.0066491077,fast_test,unweighted,0.21808862686157227
100-10,100,10,3,0,0.0015185949,fast_test,unweighted,0.21808862686157227
100-11,100,11,3,1,0.65293735,fast_test,unweighted,0.21808862686157227
100-12,100,12,3,1,0.8292976,fast_test,unweighted,0.21808862686157227
101-0,101,0,4,0,0.0016283597,fast_test,unweighted,0.30763813853263855
101-1,101,1,4,0,0.0012454262,fast_test,unweighted,0.30763813853263855
101-2,101,2,4,0,0.004357611,fast_test,unweighted,0.30763813853263855
101-3,101,3,4,0,0.0021764268,fast_test,unweighted,0.30763813853263855
101-4,101,4,4,0,0.0011937591,fast_test,unweighted,0.30763813853263855
101-5,101,5,4,0,0.00080056937,fast_test,unweighted,0.30763813853263855
101-6,101,6,4,0,0.0017629695,fast_test,unweighted,0.30763813853263855
101-7,101,7,4,0,0.0015669351,fast_test,unweighted,0.30763813853263855
101-8,101,8,4,0,0.0034145487,fast_test,unweighted,0.30763813853263855
101-9,101,9,4,0,0.0050810613,fast_test,unweighted,0.30763813853263855
101-10,101,10,4,0,0.0014259476,fast_test,unweighted,0.30763813853263855
101-11,101,11,4,0,0.0016973626,fast_test,unweighted,0.30763813853263855
101-12,101,12,4,0,0.0022693553,fast_test,unweighted,0.30763813853263855
102-0,102,0,4,0,0.08925996,fast_test,unweighted,0.30763813853263855
102-1,102,1,4,0,0.1169372,fast_test,unweighted,0.30763813853263855
102-2,102,2,4,1,0.34328964,fast_test,unweighted,0.30763813853263855
102-3,102,3,4,1,0.20403719,fast_test,unweighted,0.30763813853263855
102-4,102,4,4,1,0.06889747,fast_test,unweighted,0.30763813853263855
102-5,102,5,4,0,0.07338328,fast_test,unweighted,0.30763813853263855
102-6,102,6,4,0,0.12232297,fast_test,unweighted,0.30763813853263855
102-7,102,7,4,0,0.0990786,fast_test,unweighted,0.30763813853263855
102-8,102,8,4,1,0.23188303,fast_test,unweighted,0.30763813853263855
102-9,102,9,4,0,0.29402432,fast_test,unweighted,0.30763813853263855
102-10,102,10,4,1,0.052391224,fast_test,unweighted,0.30763813853263855
102-11,102,11,4,1,0.15946794,fast_test,unweighted,0.30763813853263855
102-12,102,12,4,0,0.1369786,fast_test,unweighted,0.30763813853263855
103-0,103,0,1,0,0.012972462,fast_test,unweighted,0.20838698744773865
103-1,103,1,1,0,0.014363016,fast_test,unweighted,0.20838698744773865
103-2,103,2,1,1,0.7696424,fast_test,unweighted,0.20838698744773865
103-3,103,3,1,0,0.010297939,fast_test,unweighted,0.20838698744773865
103-4,103,4,1,0,0.0051314933,fast_test,unweighted,0.20838698744773865
103-5,103,5,1,1,0.59921545,fast_test,unweighted,0.20838698744773865
103-6,103,6,1,0,0.0055042366,fast_test,unweighted,0.20838698744773865
103-7,103,7,1,0,0.007492752,fast_test,unweighted,0.20838698744773865
103-8,103,8,1,0,0.0039631114,fast_test,unweighted,0.20838698744773865
103-9,103,9,1,0,0.013427958,fast_test,unweighted,0.20838698744773865
103-10,103,10,1,1,0.45363376,fast_test,unweighted,0.20838698744773865
103-11,103,11,1,1,0.7819031,fast_test,unweighted,0.20838698744773865
103-12,103,12,1,0,0.008739574,fast_test,unweighted,0.20838698744773865
104-0,104,0,4,0,0.0837044,fast_test,unweighted,0.30763813853263855
104-1,104,1,4,0,0.11593006,fast_test,unweighted,0.30763813853263855
104-2,104,2,4,0,0.31262842,fast_test,unweighted,0.30763813853263855
104-3,104,3,4,0,0.1489153,fast_test,unweighted,0.30763813853263855
104-4,104,4,4,1,0.049335822,fast_test,unweighted,0.30763813853263855
104-5,104,5,4,0,0.055096123,fast_test,unweighted,0.30763813853263855
104-6,104,6,4,0,0.12159502,fast_test,unweighted,0.30763813853263855
104-7,104,7,4,0,0.09911579,fast_test,unweighted,0.30763813853263855
104-8,104,8,4,0,0.18126631,fast_test,unweighted,0.30763813853263855
104-9,104,9,4,0,0.2360242,fast_test,unweighted,0.30763813853263855
104-10,104,10,4,0,0.045959234,fast_test,unweighted,0.30763813853263855
104-11,104,11,4,1,0.11327213,fast_test,unweighted,0.30763813853263855
104-12,104,12,4,0,0.13454942,fast_test,unweighted,0.30763813853263855
105-0,105,0,5,0,0.00061102374,fast_test,unweighted,0.1712287962436676
105-1,105,1,5,0,0.0014147614,fast_test,unweighted,0.1712287962436676
105-2,105,2,5,0,0.0005899244,fast_test,unweighted,0.1712287962436676
105-3,105,3,5,0,0.00217739,fast_test,unweighted,0.1712287962436676
105-4,105,4,5,0,0.00072628475,fast_test,unweighted,0.1712287962436676
105-5,105,5,5,0,0.0007427973,fast_test,unweighted,0.1712287962436676
105-6,105,6,5,0,0.0018643456,fast_test,unweighted,0.1712287962436676
105-7,105,7,5,0,0.0011174094,fast_test,unweighted,0.1712287962436676
105-8,105,8,5,0,0.00064744113,fast_test,unweighted,0.1712287962436676
105-9,105,9,5,0,0.0013950499,fast_test,unweighted,0.1712287962436676
105-10,105,10,5,0,0.00064229855,fast_test,unweighted,0.1712287962436676
105-11,105,11,5,0,0.00057757844,fast_test,unweighted,0.1712287962436676
105-12,105,12,5,0,0.0012206888,fast_test,unweighted,0.1712287962436676
106-0,106,0,3,0,0.124764115,fast_test,unweighted,0.21808862686157227
106-1,106,1,3,0,0.09110551,fast_test,unweighted,0.21808862686157227
106-2,106,2,3,0,0.033082705,fast_test,unweighted,0.21808862686157227
106-3,106,3,3,0,0.2898239,fast_test,unweighted,0.21808862686157227
106-4,106,4,3,0,0.04223615,fast_test,unweighted,0.21808862686157227
106-5,106,5,3,0,0.17034638,fast_test,unweighted,0.21808862686157227
106-6,106,6,3,0,0.02337653,fast_test,unweighted,0.21808862686157227
106-7,106,7,3,0,0.14163059,fast_test,unweighted,0.21808862686157227
106-8,106,8,3,0,0.03831729,fast_test,unweighted,0.21808862686157227
106-9,106,9,3,0,0.17469676,fast_test,unweighted,0.21808862686157227
106-10,106,10,3,0,0.030421576,fast_test,unweighted,0.21808862686157227
106-11,106,11,3,0,0.047091857,fast_test,unweighted,0.21808862686157227
106-12,106,12,3,0,0.12801813,fast_test,unweighted,0.21808862686157227
107-0,107,0,3,0,0.07952831,fast_test,unweighted,0.21808862686157227
107-1,107,1,3,0,0.056285486,fast_test,unweighted,0.21808862686157227
107-2,107,2,3,0,0.014023254,fast_test,unweighted,0.21808862686157227
107-3,107,3,3,0,0.13420011,fast_test,unweighted,0.21808862686157227
107-4,107,4,3,0,0.024903556,fast_test,unweighted,0.21808862686157227
107-5,107,5,3,0,0.0838656,fast_test,unweighted,0.21808862686157227
107-6,107,6,3,0,0.014887183,fast_test,unweighted,0.21808862686157227
107-7,107,7,3,0,0.065254726,fast_test,unweighted,0.21808862686157227
107-8,107,8,3,0,0.02339421,fast_test,unweighted,0.21808862686157227
107-9,107,9,3,0,0.07614189,fast_test,unweighted,0.21808862686157227
107-10,107,10,3,0,0.022445181,fast_test,unweighted,0.21808862686157227
107-11,107,11,3,0,0.02743776,fast_test,unweighted,0.21808862686157227
107-12,107,12,3,0,0.07575348,fast_test,unweighted,0.21808862686157227
108-0,108,0,4,0,0.21875753,fast_test,unweighted,0.30763813853263855
108-1,108,1,4,0,0.31118798,fast_test,unweighted,0.30763813853263855
108-2,108,2,4,0,0.61814123,fast_test,unweighted,0.30763813853263855
108-3,108,3,4,0,0.33994204,fast_test,unweighted,0.30763813853263855
108-4,108,4,4,0,0.12709717,fast_test,unweighted,0.30763813853263855
108-5,108,5,4,0,0.14921781,fast_test,unweighted,0.30763813853263855
108-6,108,6,4,0,0.3280819,fast_test,unweighted,0.30763813853263855
108-7,108,7,4,0,0.1909339,fast_test,unweighted,0.30763813853263855
108-8,108,8,4,0,0.4504312,fast_test,unweighted,0.30763813853263855
108-9,108,9,4,0,0.46406132,fast_test,unweighted,0.30763813853263855
108-10,108,10,4,0,0.10274089,fast_test,unweighted,0.30763813853263855
108-11,108,11,4,1,0.0030288717,fast_test,unweighted,0.30763813853263855
108-12,108,12,4,0,0.34069103,fast_test,unweighted,0.30763813853263855
109-0,109,0,3,0,0.2415,fast_test,unweighted,0.21808862686157227
109-1,109,1,3,1,0.08307424,fast_test,unweighted,0.21808862686157227
109-2,109,2,3,0,0.058694173,fast_test,unweighted,0.21808862686157227
109-3,109,3,3,0,0.45186266,fast_test,unweighted,0.21808862686157227
109-4,109,4,3,0,0.08827747,fast_test,unweighted,0.21808862686157227
109-5,109,5,3,0,0.30302492,fast_test,unweighted,0.21808862686157227
109-6,109,6,3,0,0.04774074,fast_test,unweighted,0.21808862686157227
109-7,109,7,3,0,0.25800276,fast_test,unweighted,0.21808862686157227
109-8,109,8,3,0,0.07678196,fast_test,unweighted,0.21808862686157227
109-9,109,9,3,0,0.31127867,fast_test,unweighted,0.21808862686157227
109-10,109,10,3,0,0.04959025,fast_test,unweighted,0.21808862686157227
109-11,109,11,3,0,0.09367363,fast_test,unweighted,0.21808862686157227
109-12,109,12,3,0,0.21536358,fast_test,unweighted,0.21808862686157227
110-0,110,0,3,0,0.04739426,fast_test,unweighted,0.21808862686157227
110-1,110,1,3,0,0.039030153,fast_test,unweighted,0.21808862686157227
110-2,110,2,3,0,0.011354196,fast_test,unweighted,0.21808862686157227
110-3,110,3,3,0,0.09362743,fast_test,unweighted,0.21808862686157227
110-4,110,4,3,0,0.02618121,fast_test,unweighted,0.21808862686157227
110-5,110,5,3,0,0.083784215,fast_test,unweighted,0.21808862686157227
110-6,110,6,3,0,0.010188654,fast_test,unweighted,0.21808862686157227
110-7,110,7,3,0,0.06630089,fast_test,unweighted,0.21808862686157227
110-8,110,8,3,0,0.016348124,fast_test,unweighted,0.21808862686157227
110-9,110,9,3,0,0.05380717,fast_test,unweighted,0.21808862686157227
110-10,110,10,3,0,0.015054581,fast_test,unweighted,0.21808862686157227
110-11,110,11,3,0,0.018834848,fast_test,unweighted,0.21808862686157227
110-12,110,12,3,0,0.056465294,fast_test,unweighted,0.21808862686157227
111-0,111,0,1,0,0.11607561,fast_test,unweighted,0.20838698744773865
111-1,111,1,1,0,0.1462905,fast_test,unweighted,0.20838698744773865
111-2,111,2,1,0,0.08191364,fast_test,unweighted,0.20838698744773865
111-3,111,3,1,0,0.08962804,fast_test,unweighted,0.20838698744773865
111-4,111,4,1,0,0.042315375,fast_test,unweighted,0.20838698744773865
111-5,111,5,1,0,0.03807577,fast_test,unweighted,0.20838698744773865
111-6,111,6,1,0,0.045710042,fast_test,unweighted,0.20838698744773865
111-7,111,7,1,0,0.0726976,fast_test,unweighted,0.20838698744773865
111-8,111,8,1,0,0.054169763,fast_test,unweighted,0.20838698744773865
111-9,111,9,1,0,0.13946237,fast_test,unweighted,0.20838698744773865
111-10,111,10,1,0,0.0348648,fast_test,unweighted,0.20838698744773865
111-11,111,11,1,0,0.10439513,fast_test,unweighted,0.20838698744773865
111-12,111,12,1,1,0.087635815,fast_test,unweighted,0.20838698744773865
112-0,112,0,2,0,0.023512896,fast_test,unweighted,0.20516107976436615
112-1,112,1,2,0,0.049967714,fast_test,unweighted,0.20516107976436615
112-2,112,2,2,0,0.06334361,fast_test,unweighted,0.20516107976436615
112-3,112,3,2,0,0.08051043,fast_test,unweighted,0.20516107976436615
112-4,112,4,2,0,0.017363058,fast_test,unweighted,0.20516107976436615
112-5,112,5,2,0,0.038602676,fast_test,unweighted,0.20516107976436615
112-6,112,6,2,0,0.017936502,fast_test,unweighted,0.20516107976436615
112-7,112,7,2,0,0.018432107,fast_test,unweighted,0.20516107976436615
112-8,112,8,2,1,0.52892447,fast_test,unweighted,0.20516107976436615
112-9,112,9,2,0,0.08028549,fast_test,unweighted,0.20516107976436615
112-10,112,10,2,1,0.06855235,fast_test,unweighted,0.20516107976436615
112-11,112,11,2,0,0.010649567,fast_test,unweighted,0.20516107976436615
112-12,112,12,2,0,0.02804378,fast_test,unweighted,0.20516107976436615
113-0,113,0,5,0,0.0007553805,fast_test,unweighted,0.1712287962436676
113-1,113,1,5,0,0.0018376522,fast_test,unweighted,0.1712287962436676
113-2,113,2,5,0,0.00059061195,fast_test,unweighted,0.1712287962436676
113-3,113,3,5,0,0.00286207,fast_test,unweighted,0.1712287962436676
113-4,113,4,5,0,0.0009337532,fast_test,unweighted,0.1712287962436676
113-5,113,5,5,0,0.0009159052,fast_test,unweighted,0.1712287962436676
113-6,113,6,5,0,0.0047378326,fast_test,unweighted,0.1712287962436676
113-7,113,7,5,0,0.0011897411,fast_test,unweighted,0.1712287962436676
113-8,113,8,5,0,0.00086673716,fast_test,unweighted,0.1712287962436676
113-9,113,9,5,0,0.0014724012,fast_test,unweighted,0.1712287962436676
113-10,113,10,5,1,0.020499015,fast_test,unweighted,0.1712287962436676
113-11,113,11,5,0,0.0007481716,fast_test,unweighted,0.1712287962436676
113-12,113,12,5,0,0.0015902196,fast_test,unweighted,0.1712287962436676
114-0,114,0,2,0,0.3263243,fast_test,unweighted,0.20516107976436615
114-1,114,1,2,0,0.692632,fast_test,unweighted,0.20516107976436615
114-2,114,2,2,0,0.7598732,fast_test,unweighted,0.20516107976436615
114-3,114,3,2,0,0.58591187,fast_test,unweighted,0.20516107976436615
114-4,114,4,2,0,0.31247568,fast_test,unweighted,0.20516107976436615
114-5,114,5,2,0,0.6148295,fast_test,unweighted,0.20516107976436615
114-6,114,6,2,0,0.15520203,fast_test,unweighted,0.20516107976436615
114-7,114,7,2,0,0.3435539,fast_test,unweighted,0.20516107976436615
114-8,114,8,2,1,0.008431475,fast_test,unweighted,0.20516107976436615
114-9,114,9,2,0,0.8164043,fast_test,unweighted,0.20516107976436615
114-10,114,10,2,0,0.2600891,fast_test,unweighted,0.20516107976436615
114-11,114,11,2,0,0.26130673,fast_test,unweighted,0.20516107976436615
114-12,114,12,2,0,0.54827374,fast_test,unweighted,0.20516107976436615
115-0,115,0,3,0,0.1575425,fast_test,unweighted,0.21808862686157227
115-1,115,1,3,0,0.11705248,fast_test,unweighted,0.21808862686157227
115-2,115,2,3,0,0.03598559,fast_test,unweighted,0.21808862686157227
115-3,115,3,3,0,0.27271125,fast_test,unweighted,0.21808862686157227
115-4,115,4,3,0,0.054935623,fast_test,unweighted,0.21808862686157227
115-5,115,5,3,0,0.16238557,fast_test,unweighted,0.21808862686157227
115-6,115,6,3,0,0.030752067,fast_test,unweighted,0.21808862686157227
115-7,115,7,3,0,0.12934805,fast_test,unweighted,0.21808862686157227
115-8,115,8,3,0,0.050573777,fast_test,unweighted,0.21808862686157227
115-9,115,9,3,0,0.15138046,fast_test,unweighted,0.21808862686157227
115-10,115,10,3,0,0.044946,fast_test,unweighted,0.21808862686157227
115-11,115,11,3,0,0.05795977,fast_test,unweighted,0.21808862686157227
115-12,115,12,3,0,0.15350755,fast_test,unweighted,0.21808862686157227
116-0,116,0,1,1,0.21830034,fast_test,unweighted,0.20838698744773865
116-1,116,1,1,1,0.2519546,fast_test,unweighted,0.20838698744773865
116-2,116,2,1,1,0.14562137,fast_test,unweighted,0.20838698744773865
116-3,116,3,1,0,0.090546384,fast_test,unweighted,0.20838698744773865
116-4,116,4,1,0,0.043690123,fast_test,unweighted,0.20838698744773865
116-5,116,5,1,0,0.04621572,fast_test,unweighted,0.20838698744773865
116-6,116,6,1,1,0.09274102,fast_test,unweighted,0.20838698744773865
116-7,116,7,1,0,0.08910233,fast_test,unweighted,0.20838698744773865
116-8,116,8,1,1,0.08831628,fast_test,unweighted,0.20838698744773865
116-9,116,9,1,0,0.168637,fast_test,unweighted,0.20838698744773865
116-10,116,10,1,1,0.057137918,fast_test,unweighted,0.20838698744773865
116-11,116,11,1,0,0.10329885,fast_test,unweighted,0.20838698744773865
116-12,116,12,1,1,0.13278528,fast_test,unweighted,0.20838698744773865
117-0,117,0,2,0,0.0031262971,fast_test,unweighted,0.20516107976436615
117-1,117,1,2,0,0.007926167,fast_test,unweighted,0.20516107976436615
117-2,117,2,2,0,0.011708344,fast_test,unweighted,0.20516107976436615
117-3,117,3,2,0,0.0069638286,fast_test,unweighted,0.20516107976436615
117-4,117,4,2,0,0.0040440136,fast_test,unweighted,0.20516107976436615
117-5,117,5,2,0,0.0056375396,fast_test,unweighted,0.20516107976436615
117-6,117,6,2,0,0.002164669,fast_test,unweighted,0.20516107976436615
117-7,117,7,2,0,0.0031428642,fast_test,unweighted,0.20516107976436615
117-8,117,8,2,0,0.012361177,fast_test,unweighted,0.20516107976436615
117-9,117,9,2,0,0.010255477,fast_test,unweighted,0.20516107976436615
117-10,117,10,2,0,0.0012792393,fast_test,unweighted,0.20516107976436615
117-11,117,11,2,0,0.0014851835,fast_test,unweighted,0.20516107976436615
117-12,117,12,2,0,0.003528723,fast_test,unweighted,0.20516107976436615
118-0,118,0,4,0,0.0016086211,fast_test,unweighted,0.30763813853263855
118-1,118,1,4,0,0.0014013554,fast_test,unweighted,0.30763813853263855
118-2,118,2,4,0,0.0050045894,fast_test,unweighted,0.30763813853263855
118-3,118,3,4,1,0.748067,fast_test,unweighted,0.30763813853263855
118-4,118,4,4,0,0.0010231789,fast_test,unweighted,0.30763813853263855
118-5,118,5,4,0,0.000765919,fast_test,unweighted,0.30763813853263855
118-6,118,6,4,0,0.0017317745,fast_test,unweighted,0.30763813853263855
118-7,118,7,4,0,0.0013573102,fast_test,unweighted,0.30763813853263855
118-8,118,8,4,1,0.8002823,fast_test,unweighted,0.30763813853263855
118-9,118,9,4,0,0.004204535,fast_test,unweighted,0.30763813853263855
118-10,118,10,4,0,0.001322465,fast_test,unweighted,0.30763813853263855
118-11,118,11,4,0,0.0017409017,fast_test,unweighted,0.30763813853263855
118-12,118,12,4,0,0.001793477,fast_test,unweighted,0.30763813853263855
119-0,119,0,1,0,0.2583048,fast_test,unweighted,0.20838698744773865
119-1,119,1,1,0,0.33948454,fast_test,unweighted,0.20838698744773865
119-2,119,2,1,0,0.16755381,fast_test,unweighted,0.20838698744773865
119-3,119,3,1,0,0.2247295,fast_test,unweighted,0.20838698744773865
119-4,119,4,1,0,0.115117945,fast_test,unweighted,0.20838698744773865
119-5,119,5,1,0,0.10612453,fast_test,unweighted,0.20838698744773865
119-6,119,6,1,0,0.11259386,fast_test,unweighted,0.20838698744773865
119-7,119,7,1,0,0.16841121,fast_test,unweighted,0.20838698744773865
119-8,119,8,1,0,0.11081934,fast_test,unweighted,0.20838698744773865
119-9,119,9,1,0,0.34334704,fast_test,unweighted,0.20838698744773865
119-10,119,10,1,0,0.054608457,fast_test,unweighted,0.20838698744773865
119-11,119,11,1,0,0.22260232,fast_test,unweighted,0.20838698744773865
119-12,119,12,1,0,0.17253134,fast_test,unweighted,0.20838698744773865
120-0,120,0,3,0,0.0040128403,fast_test,unweighted,0.21808862686157227
120-1,120,1,3,1,0.8252744,fast_test,unweighted,0.21808862686157227
120-2,120,2,3,1,0.58057946,fast_test,unweighted,0.21808862686157227
120-3,120,3,3,0,0.008245517,fast_test,unweighted,0.21808862686157227
120-4,120,4,3,1,0.755297,fast_test,unweighted,0.21808862686157227
120-5,120,5,3,0,0.0043633617,fast_test,unweighted,0.21808862686157227
120-6,120,6,3,0,0.0006560229,fast_test,unweighted,0.21808862686157227
120-7,120,7,3,0,0.0033990813,fast_test,unweighted,0.21808862686157227
120-8,120,8,3,0,0.0008223354,fast_test,unweighted,0.21808862686157227
120-9,120,9,3,0,0.004141509,fast_test,unweighted,0.21808862686157227
120-10,120,10,3,0,0.0012092924,fast_test,unweighted,0.21808862686157227
120-11,120,11,3,0,0.0010494497,fast_test,unweighted,0.21808862686157227
120-12,120,12,3,0,0.0030789669,fast_test,unweighted,0.21808862686157227
121-0,121,0,2,0,0.01745914,fast_test,unweighted,0.20516107976436615
121-1,121,1,2,0,0.032224968,fast_test,unweighted,0.20516107976436615
121-2,121,2,2,0,0.042674903,fast_test,unweighted,0.20516107976436615
121-3,121,3,2,0,0.05346898,fast_test,unweighted,0.20516107976436615
121-4,121,4,2,0,0.017269121,fast_test,unweighted,0.20516107976436615
121-5,121,5,2,0,0.024441717,fast_test,unweighted,0.20516107976436615
121-6,121,6,2,0,0.011425457,fast_test,unweighted,0.20516107976436615
121-7,121,7,2,0,0.01653655,fast_test,unweighted,0.20516107976436615
121-8,121,8,2,0,0.058749534,fast_test,unweighted,0.20516107976436615
121-9,121,9,2,0,0.055823393,fast_test,unweighted,0.20516107976436615
121-10,121,10,2,0,0.006928132,fast_test,unweighted,0.20516107976436615
121-11,121,11,2,0,0.007763967,fast_test,unweighted,0.20516107976436615
121-12,121,12,2,0,0.018201325,fast_test,unweighted,0.20516107976436615
122-0,122,0,5,0,0.0010306902,fast_test,unweighted,0.1712287962436676
122-1,122,1,5,0,0.0023161464,fast_test,unweighted,0.1712287962436676
122-2,122,2,5,0,0.00084719236,fast_test,unweighted,0.1712287962436676
122-3,122,3,5,0,0.0030199098,fast_test,unweighted,0.1712287962436676
122-4,122,4,5,0,0.0017585543,fast_test,unweighted,0.1712287962436676
122-5,122,5,5,0,0.0014751238,fast_test,unweighted,0.1712287962436676
122-6,122,6,5,0,0.0032515174,fast_test,unweighted,0.1712287962436676
122-7,122,7,5,0,0.001897078,fast_test,unweighted,0.1712287962436676
122-8,122,8,5,0,0.0011187525,fast_test,unweighted,0.1712287962436676
122-9,122,9,5,0,0.0023887644,fast_test,unweighted,0.1712287962436676
122-10,122,10,5,0,0.0010484162,fast_test,unweighted,0.1712287962436676
122-11,122,11,5,0,0.00084515277,fast_test,unweighted,0.1712287962436676
122-12,122,12,5,0,0.0022049085,fast_test,unweighted,0.1712287962436676
123-0,123,0,5,0,0.3824244,fast_test,unweighted,0.1712287962436676
123-1,123,1,5,0,0.6074646,fast_test,unweighted,0.1712287962436676
123-2,123,2,5,0,0.35873234,fast_test,unweighted,0.1712287962436676
123-3,123,3,5,0,0.62427586,fast_test,unweighted,0.1712287962436676
123-4,123,4,5,0,0.35746607,fast_test,unweighted,0.1712287962436676
123-5,123,5,5,0,0.26943746,fast_test,unweighted,0.1712287962436676
123-6,123,6,5,0,0.6742147,fast_test,unweighted,0.1712287962436676
123-7,123,7,5,0,0.5326122,fast_test,unweighted,0.1712287962436676
123-8,123,8,5,0,0.43798897,fast_test,unweighted,0.1712287962436676
123-9,123,9,5,0,0.62335336,fast_test,unweighted,0.1712287962436676
123-10,123,10,5,0,0.18999223,fast_test,unweighted,0.1712287962436676
123-11,123,11,5,0,0.3829451,fast_test,unweighted,0.1712287962436676
123-12,123,12,5,0,0.54862094,fast_test,unweighted,0.1712287962436676
124-0,124,0,3,0,0.18168436,fast_test,unweighted,0.21808862686157227
124-1,124,1,3,0,0.09476289,fast_test,unweighted,0.21808862686157227
124-2,124,2,3,0,0.034859415,fast_test,unweighted,0.21808862686157227
124-3,124,3,3,0,0.22181875,fast_test,unweighted,0.21808862686157227
124-4,124,4,3,0,0.04294534,fast_test,unweighted,0.21808862686157227
124-5,124,5,3,0,0.19894035,fast_test,unweighted,0.21808862686157227
124-6,124,6,3,0,0.02858245,fast_test,unweighted,0.21808862686157227
124-7,124,7,3,0,0.14375824,fast_test,unweighted,0.21808862686157227
124-8,124,8,3,0,0.03990259,fast_test,unweighted,0.21808862686157227
124-9,124,9,3,0,0.19646558,fast_test,unweighted,0.21808862686157227
124-10,124,10,3,0,0.032060105,fast_test,unweighted,0.21808862686157227
124-11,124,11,3,0,0.049582362,fast_test,unweighted,0.21808862686157227
124-12,124,12,3,0,0.13418578,fast_test,unweighted,0.21808862686157227
125-0,125,0,5,1,0.69645524,fast_test,unweighted,0.1712287962436676
125-1,125,1,5,1,0.8815891,fast_test,unweighted,0.1712287962436676
125-2,125,2,5,1,0.7330834,fast_test,unweighted,0.1712287962436676
125-3,125,3,5,1,0.892267,fast_test,unweighted,0.1712287962436676
125-4,125,4,5,1,0.78926975,fast_test,unweighted,0.1712287962436676
125-5,125,5,5,1,0.17971516,fast_test,unweighted,0.1712287962436676
125-6,125,6,5,0,0.0027532396,fast_test,unweighted,0.1712287962436676
125-7,125,7,5,1,0.8633349,fast_test,unweighted,0.1712287962436676
125-8,125,8,5,1,0.7865009,fast_test,unweighted,0.1712287962436676
125-9,125,9,5,1,0.8406818,fast_test,unweighted,0.1712287962436676
125-10,125,10,5,0,0.0009908321,fast_test,unweighted,0.1712287962436676
125-11,125,11,5,1,0.7441885,fast_test,unweighted,0.1712287962436676
125-12,125,12,5,1,0.8881867,fast_test,unweighted,0.1712287962436676
126-0,126,0,1,0,0.2546734,fast_test,unweighted,0.20838698744773865
126-1,126,1,1,0,0.3352277,fast_test,unweighted,0.20838698744773865
126-2,126,2,1,0,0.20410165,fast_test,unweighted,0.20838698744773865
126-3,126,3,1,0,0.17126775,fast_test,unweighted,0.20838698744773865
126-4,126,4,1,0,0.08487717,fast_test,unweighted,0.20838698744773865
126-5,126,5,1,0,0.104331635,fast_test,unweighted,0.20838698744773865
126-6,126,6,1,0,0.11070519,fast_test,unweighted,0.20838698744773865
126-7,126,7,1,0,0.20533805,fast_test,unweighted,0.20838698744773865
126-8,126,8,1,0,0.108956784,fast_test,unweighted,0.20838698744773865
126-9,126,9,1,0,0.26673853,fast_test,unweighted,0.20838698744773865
126-10,126,10,1,0,0.05363366,fast_test,unweighted,0.20838698744773865
126-11,126,11,1,0,0.21932441,fast_test,unweighted,0.20838698744773865
126-12,126,12,1,0,0.16331583,fast_test,unweighted,0.20838698744773865
127-0,127,0,2,0,0.15869492,fast_test,unweighted,0.20516107976436615
127-1,127,1,2,0,0.25019586,fast_test,unweighted,0.20516107976436615
127-2,127,2,2,0,0.30407646,fast_test,unweighted,0.20516107976436615
127-3,127,3,2,0,0.30142173,fast_test,unweighted,0.20516107976436615
127-4,127,4,2,0,0.11449216,fast_test,unweighted,0.20516107976436615
127-5,127,5,2,0,0.1996055,fast_test,unweighted,0.20516107976436615
127-6,127,6,2,0,0.06789397,fast_test,unweighted,0.20516107976436615
127-7,127,7,2,0,0.13536844,fast_test,unweighted,0.20516107976436615
127-8,127,8,2,1,0.13178962,fast_test,unweighted,0.20516107976436615
127-9,127,9,2,0,0.38606784,fast_test,unweighted,0.20516107976436615
127-10,127,10,2,0,0.035810146,fast_test,unweighted,0.20516107976436615
127-11,127,11,2,1,0.013546446,fast_test,unweighted,0.20516107976436615
127-12,127,12,2,0,0.14692014,fast_test,unweighted,0.20516107976436615
128-0,128,0,5,0,0.41632482,fast_test,unweighted,0.1712287962436676
128-1,128,1,5,0,0.6447218,fast_test,unweighted,0.1712287962436676
128-2,128,2,5,0,0.32526696,fast_test,unweighted,0.1712287962436676
128-3,128,3,5,0,0.759456,fast_test,unweighted,0.1712287962436676
128-4,128,4,5,0,0.41159335,fast_test,unweighted,0.1712287962436676
128-5,128,5,5,0,0.05389294,fast_test,unweighted,0.1712287962436676
128-6,128,6,5,0,0.7265227,fast_test,unweighted,0.1712287962436676
128-7,128,7,5,0,0.5382051,fast_test,unweighted,0.1712287962436676
128-8,128,8,5,0,0.5029149,fast_test,unweighted,0.1712287962436676
128-9,128,9,5,0,0.60647297,fast_test,unweighted,0.1712287962436676
128-10,128,10,5,0,0.041297503,fast_test,unweighted,0.1712287962436676
128-11,128,11,5,0,0.4190639,fast_test,unweighted,0.1712287962436676
128-12,128,12,5,0,0.61651415,fast_test,unweighted,0.1712287962436676
129-0,129,0,2,0,0.008908133,fast_test,unweighted,0.20516107976436615
129-1,129,1,2,1,0.41671774,fast_test,unweighted,0.20516107976436615
129-2,129,2,2,0,0.023720171,fast_test,unweighted,0.20516107976436615
129-3,129,3,2,0,0.034094647,fast_test,unweighted,0.20516107976436615
129-4,129,4,2,0,0.008287439,fast_test,unweighted,0.20516107976436615
129-5,129,5,2,0,0.009923578,fast_test,unweighted,0.20516107976436615
129-6,129,6,2,0,0.0056936843,fast_test,unweighted,0.20516107976436615
129-7,129,7,2,0,0.006024033,fast_test,unweighted,0.20516107976436615
129-8,129,8,2,0,0.031208172,fast_test,unweighted,0.20516107976436615
129-9,129,9,2,0,0.034536872,fast_test,unweighted,0.20516107976436615
129-10,129,10,2,0,0.0038862498,fast_test,unweighted,0.20516107976436615
129-11,129,11,2,0,0.003910785,fast_test,unweighted,0.20516107976436615
129-12,129,12,2,0,0.008552781,fast_test,unweighted,0.20516107976436615
130-0,130,0,5,0,0.00062922435,fast_test,unweighted,0.1712287962436676
130-1,130,1,5,0,0.0014357911,fast_test,unweighted,0.1712287962436676
130-2,130,2,5,0,0.00045005337,fast_test,unweighted,0.1712287962436676
130-3,130,3,5,0,0.002264614,fast_test,unweighted,0.1712287962436676
130-4,130,4,5,0,0.000937433,fast_test,unweighted,0.1712287962436676
130-5,130,5,5,0,0.0008905555,fast_test,unweighted,0.1712287962436676
130-6,130,6,5,0,0.0017823838,fast_test,unweighted,0.1712287962436676
130-7,130,7,5,0,0.0010546492,fast_test,unweighted,0.1712287962436676
130-8,130,8,5,0,0.00060935784,fast_test,unweighted,0.1712287962436676
130-9,130,9,5,0,0.0015353442,fast_test,unweighted,0.1712287962436676
130-10,130,10,5,0,0.0009963504,fast_test,unweighted,0.1712287962436676
130-11,130,11,5,0,0.0005104201,fast_test,unweighted,0.1712287962436676
130-12,130,12,5,0,0.0011837329,fast_test,unweighted,0.1712287962436676
131-0,131,0,4,1,0.15365337,fast_test,unweighted,0.30763813853263855
131-1,131,1,4,1,0.19229665,fast_test,unweighted,0.30763813853263855
131-2,131,2,4,1,0.4365208,fast_test,unweighted,0.30763813853263855
131-3,131,3,4,1,0.27530393,fast_test,unweighted,0.30763813853263855
131-4,131,4,4,1,0.09978618,fast_test,unweighted,0.30763813853263855
131-5,131,5,4,1,0.119810656,fast_test,unweighted,0.30763813853263855
131-6,131,6,4,0,0.14474113,fast_test,unweighted,0.30763813853263855
131-7,131,7,4,1,0.16265611,fast_test,unweighted,0.30763813853263855
131-8,131,8,4,1,0.28260413,fast_test,unweighted,0.30763813853263855
131-9,131,9,4,1,0.39938214,fast_test,unweighted,0.30763813853263855
131-10,131,10,4,1,0.07918086,fast_test,unweighted,0.30763813853263855
131-11,131,11,4,1,0.2155317,fast_test,unweighted,0.30763813853263855
131-12,131,12,4,1,0.2162915,fast_test,unweighted,0.30763813853263855
132-0,132,0,3,0,0.058673944,fast_test,unweighted,0.21808862686157227
132-1,132,1,3,0,0.040219072,fast_test,unweighted,0.21808862686157227
132-2,132,2,3,0,0.013752433,fast_test,unweighted,0.21808862686157227
132-3,132,3,3,0,0.14524071,fast_test,unweighted,0.21808862686157227
132-4,132,4,3,1,0.058965784,fast_test,unweighted,0.21808862686157227
132-5,132,5,3,0,0.060924858,fast_test,unweighted,0.21808862686157227
132-6,132,6,3,1,0.024258452,fast_test,unweighted,0.21808862686157227
132-7,132,7,3,1,0.14163059,fast_test,unweighted,0.21808862686157227
132-8,132,8,3,0,0.018302515,fast_test,unweighted,0.21808862686157227
132-9,132,9,3,0,0.08285521,fast_test,unweighted,0.21808862686157227
132-10,132,10,3,0,0.019641308,fast_test,unweighted,0.21808862686157227
132-11,132,11,3,0,0.019939417,fast_test,unweighted,0.21808862686157227
132-12,132,12,3,1,0.12801813,fast_test,unweighted,0.21808862686157227
133-0,133,0,2,0,0.044213086,fast_test,unweighted,0.20516107976436615
133-1,133,1,2,0,0.09746052,fast_test,unweighted,0.20516107976436615
133-2,133,2,2,0,0.09602274,fast_test,unweighted,0.20516107976436615
133-3,133,3,2,0,0.11704621,fast_test,unweighted,0.20516107976436615
133-4,133,4,2,0,0.03107787,fast_test,unweighted,0.20516107976436615
133-5,133,5,2,0,0.07467778,fast_test,unweighted,0.20516107976436615
133-6,133,6,2,0,0.027436145,fast_test,unweighted,0.20516107976436615
133-7,133,7,2,0,0.03383136,fast_test,unweighted,0.20516107976436615
133-8,133,8,2,0,0.18751147,fast_test,unweighted,0.20516107976436615
133-9,133,9,2,0,0.13873293,fast_test,unweighted,0.20516107976436615
133-10,133,10,2,0,0.01428184,fast_test,unweighted,0.20516107976436615
133-11,133,11,2,0,0.016517213,fast_test,unweighted,0.20516107976436615
133-12,133,12,2,0,0.0609154,fast_test,unweighted,0.20516107976436615
134-0,134,0,5,0,0.0010306902,fast_test,unweighted,0.1712287962436676
134-1,134,1,5,0,0.0023481874,fast_test,unweighted,0.1712287962436676
134-2,134,2,5,0,0.00071850856,fast_test,unweighted,0.1712287962436676
134-3,134,3,5,0,0.0034306324,fast_test,unweighted,0.1712287962436676
134-4,134,4,5,0,0.0014562821,fast_test,unweighted,0.1712287962436676
134-5,134,5,5,0,0.0014751238,fast_test,unweighted,0.1712287962436676
134-6,134,6,5,0,0.0032515174,fast_test,unweighted,0.1712287962436676
134-7,134,7,5,0,0.001674888,fast_test,unweighted,0.1712287962436676
134-8,134,8,5,0,0.0011187525,fast_test,unweighted,0.1712287962436676
134-9,134,9,5,0,0.0024765886,fast_test,unweighted,0.1712287962436676
134-10,134,10,5,0,0.0010763776,fast_test,unweighted,0.1712287962436676
134-11,134,11,5,0,0.00084515277,fast_test,unweighted,0.1712287962436676
134-12,134,12,5,0,0.0020379976,fast_test,unweighted,0.1712287962436676
135-0,135,0,1,0,0.117515326,fast_test,unweighted,0.20838698744773865
135-1,135,1,1,0,0.12999122,fast_test,unweighted,0.20838698744773865
135-2,135,2,1,0,0.072771385,fast_test,unweighted,0.20838698744773865
135-3,135,3,1,0,0.07435299,fast_test,unweighted,0.20838698744773865
135-4,135,4,1,0,0.034885135,fast_test,unweighted,0.20838698744773865
135-5,135,5,1,0,0.032937195,fast_test,unweighted,0.20838698744773865
135-6,135,6,1,0,0.04240442,fast_test,unweighted,0.20838698744773865
135-7,135,7,1,0,0.0765182,fast_test,unweighted,0.20838698744773865
135-8,135,8,1,0,0.04039451,fast_test,unweighted,0.20838698744773865
135-9,135,9,1,0,0.123813525,fast_test,unweighted,0.20838698744773865
135-10,135,10,1,0,0.029671188,fast_test,unweighted,0.20838698744773865
135-11,135,11,1,0,0.07949865,fast_test,unweighted,0.20838698744773865
135-12,135,12,1,0,0.062220518,fast_test,unweighted,0.20838698744773865
136-0,136,0,4,0,0.0011581464,fast_test,unweighted,0.30763813853263855
136-1,136,1,4,0,0.0010088639,fast_test,unweighted,0.30763813853263855
136-2,136,2,4,0,0.0034866747,fast_test,unweighted,0.30763813853263855
136-3,136,3,4,0,0.0017027452,fast_test,unweighted,0.30763813853263855
136-4,136,4,4,0,0.0007365289,fast_test,unweighted,0.30763813853263855
136-5,136,5,4,0,0.00053292373,fast_test,unweighted,0.30763813853263855
136-6,136,6,4,1,0.22987269,fast_test,unweighted,0.30763813853263855
136-7,136,7,4,0,0.0009528229,fast_test,unweighted,0.30763813853263855
136-8,136,8,4,0,0.0029410715,fast_test,unweighted,0.30763813853263855
136-9,136,9,4,0,0.0030293108,fast_test,unweighted,0.30763813853263855
136-10,136,10,4,0,0.0010459931,fast_test,unweighted,0.30763813853263855
136-11,136,11,4,0,0.0012534293,fast_test,unweighted,0.30763813853263855
136-12,136,12,4,0,0.0013970481,fast_test,unweighted,0.30763813853263855
137-0,137,0,4,1,0.0032793402,fast_test,unweighted,0.30763813853263855
137-1,137,1,4,0,0.32470468,fast_test,unweighted,0.30763813853263855
137-2,137,2,4,0,0.62942374,fast_test,unweighted,0.30763813853263855
137-3,137,3,4,0,0.35605684,fast_test,unweighted,0.30763813853263855
137-4,137,4,4,0,0.13417533,fast_test,unweighted,0.30763813853263855
137-5,137,5,4,1,0.0015702344,fast_test,unweighted,0.30763813853263855
137-6,137,6,4,0,0.3526996,fast_test,unweighted,0.30763813853263855
137-7,137,7,4,0,0.3045733,fast_test,unweighted,0.30763813853263855
137-8,137,8,4,0,0.45497763,fast_test,unweighted,0.30763813853263855
137-9,137,9,4,1,0.0116637405,fast_test,unweighted,0.30763813853263855
137-10,137,10,4,0,0.13586456,fast_test,unweighted,0.30763813853263855
137-11,137,11,4,0,0.38294458,fast_test,unweighted,0.30763813853263855
137-12,137,12,4,1,0.00389152,fast_test,unweighted,0.30763813853263855
138-0,138,0,5,1,0.69645524,fast_test,unweighted,0.1712287962436676
138-1,138,1,5,0,0.0022344314,fast_test,unweighted,0.1712287962436676
138-2,138,2,5,0,0.00082129345,fast_test,unweighted,0.1712287962436676
138-3,138,3,5,0,0.0035542885,fast_test,unweighted,0.1712287962436676
138-4,138,4,5,0,0.001208381,fast_test,unweighted,0.1712287962436676
138-5,138,5,5,0,0.0014031669,fast_test,unweighted,0.1712287962436676
138-6,138,6,5,0,0.002895938,fast_test,unweighted,0.1712287962436676
138-7,138,7,5,0,0.0016826998,fast_test,unweighted,0.1712287962436676
138-8,138,8,5,0,0.0009724921,fast_test,unweighted,0.1712287962436676
138-9,138,9,5,0,0.0023782437,fast_test,unweighted,0.1712287962436676
138-10,138,10,5,0,0.0010100924,fast_test,unweighted,0.1712287962436676
138-11,138,11,5,0,0.00080439856,fast_test,unweighted,0.1712287962436676
138-12,138,12,5,1,0.8865179,fast_test,unweighted,0.1712287962436676
139-0,139,0,5,0,0.00081077626,fast_test,unweighted,0.1712287962436676
139-1,139,1,5,0,0.0019399566,fast_test,unweighted,0.1712287962436676
139-2,139,2,5,0,0.0012524053,fast_test,unweighted,0.1712287962436676
139-3,139,3,5,0,0.00318162,fast_test,unweighted,0.1712287962436676
139-4,139,4,5,0,0.0009971344,fast_test,unweighted,0.1712287962436676
139-5,139,5,5,0,0.0011597063,fast_test,unweighted,0.1712287962436676
139-6,139,6,5,0,0.0026707305,fast_test,unweighted,0.1712287962436676
139-7,139,7,5,0,0.0015696028,fast_test,unweighted,0.1712287962436676
139-8,139,8,5,0,0.00093596755,fast_test,unweighted,0.1712287962436676
139-9,139,9,5,0,0.0017396392,fast_test,unweighted,0.1712287962436676
139-10,139,10,5,0,0.0009230416,fast_test,unweighted,0.1712287962436676
139-11,139,11,5,0,0.00081826106,fast_test,unweighted,0.1712287962436676
139-12,139,12,5,0,0.0015626678,fast_test,unweighted,0.1712287962436676
140-0,140,0,4,0,0.0012114513,fast_test,unweighted,0.30763813853263855
140-1,140,1,4,0,0.0010553056,fast_test,unweighted,0.30763813853263855
140-2,140,2,4,0,0.0039789504,fast_test,unweighted,0.30763813853263855
140-3,140,3,4,0,0.0018091825,fast_test,unweighted,0.30763813853263855
140-4,140,4,4,0,0.0007447653,fast_test,unweighted,0.30763813853263855
140-5,140,5,4,0,0.0005766928,fast_test,unweighted,0.30763813853263855
140-6,140,6,4,1,0.85858595,fast_test,unweighted,0.30763813853263855
140-7,140,7,4,0,0.0010221257,fast_test,unweighted,0.30763813853263855
140-8,140,8,4,0,0.0030761857,fast_test,unweighted,0.30763813853263855
140-9,140,9,4,0,0.0033290852,fast_test,unweighted,0.30763813853263855
140-10,140,10,4,0,0.0010941421,fast_test,unweighted,0.30763813853263855
140-11,140,11,4,0,0.0013111145,fast_test,unweighted,0.30763813853263855
140-12,140,12,4,1,0.86976504,fast_test,unweighted,0.30763813853263855
141-0,141,0,1,0,0.012850372,fast_test,unweighted,0.20838698744773865
141-1,141,1,1,0,0.014363016,fast_test,unweighted,0.20838698744773865
141-2,141,2,1,0,0.0069251833,fast_test,unweighted,0.20838698744773865
141-3,141,3,1,0,0.007006459,fast_test,unweighted,0.20838698744773865
141-4,141,4,1,0,0.0035652062,fast_test,unweighted,0.20838698744773865
141-5,141,5,1,1,0.6472103,fast_test,unweighted,0.20838698744773865
141-6,141,6,1,0,0.0039340486,fast_test,unweighted,0.20838698744773865
141-7,141,7,1,0,0.007492752,fast_test,unweighted,0.20838698744773865
141-8,141,8,1,0,0.0039631114,fast_test,unweighted,0.20838698744773865
141-9,141,9,1,0,0.013427958,fast_test,unweighted,0.20838698744773865
141-10,141,10,1,0,0.0044110534,fast_test,unweighted,0.20838698744773865
141-11,141,11,1,0,0.008169201,fast_test,unweighted,0.20838698744773865
141-12,141,12,1,0,0.006003798,fast_test,unweighted,0.20838698744773865
142-0,142,0,1,0,0.09541116,fast_test,unweighted,0.20838698744773865
142-1,142,1,1,0,0.12332526,fast_test,unweighted,0.20838698744773865
142-2,142,2,1,0,0.06854398,fast_test,unweighted,0.20838698744773865
142-3,142,3,1,0,0.06158015,fast_test,unweighted,0.20838698744773865
142-4,142,4,1,0,0.027833177,fast_test,unweighted,0.20838698744773865
142-5,142,5,1,0,0.027437665,fast_test,unweighted,0.20838698744773865
142-6,142,6,1,0,0.039080646,fast_test,unweighted,0.20838698744773865
142-7,142,7,1,0,0.061514765,fast_test,unweighted,0.20838698744773865
142-8,142,8,1,0,0.03981368,fast_test,unweighted,0.20838698744773865
142-9,142,9,1,0,0.100953095,fast_test,unweighted,0.20838698744773865
142-10,142,10,1,0,0.026044974,fast_test,unweighted,0.20838698744773865
142-11,142,11,1,0,0.07821043,fast_test,unweighted,0.20838698744773865
142-12,142,12,1,0,0.0572586,fast_test,unweighted,0.20838698744773865
143-0,143,0,1,0,0.83162963,fast_test,unweighted,0.20838698744773865
143-1,143,1,1,0,0.8569331,fast_test,unweighted,0.20838698744773865
143-2,143,2,1,0,0.7469405,fast_test,unweighted,0.20838698744773865
143-3,143,3,1,0,0.7528346,fast_test,unweighted,0.20838698744773865
143-4,143,4,1,0,0.56041676,fast_test,unweighted,0.20838698744773865
143-5,143,5,1,1,0.0019330481,fast_test,unweighted,0.20838698744773865
143-6,143,6,1,0,0.57050145,fast_test,unweighted,0.20838698744773865
143-7,143,7,1,0,0.72050226,fast_test,unweighted,0.20838698744773865
143-8,143,8,1,0,0.5579328,fast_test,unweighted,0.20838698744773865
143-9,143,9,1,0,0.8499593,fast_test,unweighted,0.20838698744773865
143-10,143,10,1,0,0.41253608,fast_test,unweighted,0.20838698744773865
143-11,143,11,1,0,0.7584079,fast_test,unweighted,0.20838698744773865
143-12,143,12,1,0,0.69446105,fast_test,unweighted,0.20838698744773865
144-0,144,0,4,0,0.003162285,fast_test,unweighted,0.30763813853263855
144-1,144,1,4,0,0.0025798623,fast_test,unweighted,0.30763813853263855
144-2,144,2,4,0,0.009584982,fast_test,unweighted,0.30763813853263855
144-3,144,3,4,0,0.0038952816,fast_test,unweighted,0.30763813853263855
144-4,144,4,4,0,0.0021830238,fast_test,unweighted,0.30763813853263855
144-5,144,5,4,0,0.0012563141,fast_test,unweighted,0.30763813853263855
144-6,144,6,4,0,0.0030690609,fast_test,unweighted,0.30763813853263855
144-7,144,7,4,0,0.0024808035,fast_test,unweighted,0.30763813853263855
144-8,144,8,4,0,0.006355243,fast_test,unweighted,0.30763813853263855
144-9,144,9,4,0,0.008347075,fast_test,unweighted,0.30763813853263855
144-10,144,10,4,0,0.0022903068,fast_test,unweighted,0.30763813853263855
144-11,144,11,4,0,0.0028936656,fast_test,unweighted,0.30763813853263855
144-12,144,12,4,0,0.0031920292,fast_test,unweighted,0.30763813853263855
145-0,145,0,2,0,0.13255855,fast_test,unweighted,0.20516107976436615
145-1,145,1,2,0,0.25019586,fast_test,unweighted,0.20516107976436615
145-2,145,2,2,0,0.30165476,fast_test,unweighted,0.20516107976436615
145-3,145,3,2,0,0.30717343,fast_test,unweighted,0.20516107976436615
145-4,145,4,2,0,0.09074129,fast_test,unweighted,0.20516107976436615
145-5,145,5,2,0,0.1996055,fast_test,unweighted,0.20516107976436615
145-6,145,6,2,0,0.06717171,fast_test,unweighted,0.20516107976436615
145-7,145,7,2,0,0.13403156,fast_test,unweighted,0.20516107976436615
145-8,145,8,2,0,0.37253797,fast_test,unweighted,0.20516107976436615
145-9,145,9,2,0,0.38335285,fast_test,unweighted,0.20516107976436615
145-10,145,10,2,1,0.0118417945,fast_test,unweighted,0.20516107976436615
145-11,145,11,2,0,0.038988538,fast_test,unweighted,0.20516107976436615
145-12,145,12,2,0,0.13783497,fast_test,unweighted,0.20516107976436615
146-0,146,0,5,0,0.41719922,fast_test,unweighted,0.1712287962436676
146-1,146,1,5,0,0.63028795,fast_test,unweighted,0.1712287962436676
146-2,146,2,5,0,0.37961364,fast_test,unweighted,0.1712287962436676
146-3,146,3,5,0,0.6884689,fast_test,unweighted,0.1712287962436676
146-4,146,4,5,0,0.3965531,fast_test,unweighted,0.1712287962436676
146-5,146,5,5,0,0.052077014,fast_test,unweighted,0.1712287962436676
146-6,146,6,5,1,0.25014293,fast_test,unweighted,0.1712287962436676
146-7,146,7,5,0,0.58639044,fast_test,unweighted,0.1712287962436676
146-8,146,8,5,0,0.49916852,fast_test,unweighted,0.1712287962436676
146-9,146,9,5,0,0.6457915,fast_test,unweighted,0.1712287962436676
146-10,146,10,5,0,0.04759321,fast_test,unweighted,0.1712287962436676
146-11,146,11,5,0,0.40393817,fast_test,unweighted,0.1712287962436676
146-12,146,12,5,0,0.6016424,fast_test,unweighted,0.1712287962436676
147-0,147,0,1,1,0.83162963,fast_test,unweighted,0.20838698744773865
147-1,147,1,1,0,0.0089599285,fast_test,unweighted,0.20838698744773865
147-2,147,2,1,0,0.004274503,fast_test,unweighted,0.20838698744773865
147-3,147,3,1,0,0.0055076727,fast_test,unweighted,0.20838698744773865
147-4,147,4,1,0,0.0030653558,fast_test,unweighted,0.20838698744773865
147-5,147,5,1,0,0.002269827,fast_test,unweighted,0.20838698744773865
147-6,147,6,1,1,0.5874219,fast_test,unweighted,0.20838698744773865
147-7,147,7,1,0,0.005972653,fast_test,unweighted,0.20838698744773865
147-8,147,8,1,0,0.0024855223,fast_test,unweighted,0.20838698744773865
147-9,147,9,1,0,0.009821477,fast_test,unweighted,0.20838698744773865
147-10,147,10,1,0,0.0033974743,fast_test,unweighted,0.20838698744773865
147-11,147,11,1,0,0.0059338026,fast_test,unweighted,0.20838698744773865
147-12,147,12,1,1,0.69446105,fast_test,unweighted,0.20838698744773865
148-0,148,0,2,0,0.3310431,fast_test,unweighted,0.20516107976436615
148-1,148,1,2,0,0.69716614,fast_test,unweighted,0.20516107976436615
148-2,148,2,2,0,0.5366745,fast_test,unweighted,0.20516107976436615
148-3,148,3,2,0,0.59109086,fast_test,unweighted,0.20516107976436615
148-4,148,4,2,1,0.002776257,fast_test,unweighted,0.20516107976436615
148-5,148,5,2,0,0.35756877,fast_test,unweighted,0.20516107976436615
148-6,148,6,2,0,0.15802678,fast_test,unweighted,0.20516107976436615
148-7,148,7,2,0,0.29875338,fast_test,unweighted,0.20516107976436615
148-8,148,8,2,0,0.8277474,fast_test,unweighted,0.20516107976436615
148-9,148,9,2,0,0.6357953,fast_test,unweighted,0.20516107976436615
148-10,148,10,2,0,0.19026275,fast_test,unweighted,0.20516107976436615
148-11,148,11,2,0,0.2654558,fast_test,unweighted,0.20516107976436615
148-12,148,12,2,0,0.4904593,fast_test,unweighted,0.20516107976436615
149-0,149,0,1,0,0.09541116,fast_test,unweighted,0.20838698744773865
149-1,149,1,1,1,0.11124478,fast_test,unweighted,0.20838698744773865
149-2,149,2,1,1,0.06727157,fast_test,unweighted,0.20838698744773865
149-3,149,3,1,1,0.06708981,fast_test,unweighted,0.20838698744773865
149-4,149,4,1,1,0.029298747,fast_test,unweighted,0.20838698744773865
149-5,149,5,1,1,0.02810092,fast_test,unweighted,0.20838698744773865
149-6,149,6,1,1,0.034296703,fast_test,unweighted,0.20838698744773865
149-7,149,7,1,1,0.0674236,fast_test,unweighted,0.20838698744773865
149-8,149,8,1,1,0.041055497,fast_test,unweighted,0.20838698744773865
149-9,149,9,1,1,0.10584963,fast_test,unweighted,0.20838698744773865
149-10,149,10,1,0,0.027237317,fast_test,unweighted,0.20838698744773865
149-11,149,11,1,0,0.07821043,fast_test,unweighted,0.20838698744773865
149-12,149,12,1,1,0.052079134,fast_test,unweighted,0.20838698744773865
150-0,150,0,4,0,0.0012114513,fast_test,unweighted,0.30763813853263855
150-1,150,1,4,0,0.0010553056,fast_test,unweighted,0.30763813853263855
150-2,150,2,4,0,0.003646763,fast_test,unweighted,0.30763813853263855
150-3,150,3,4,0,0.0017810719,fast_test,unweighted,0.30763813853263855
150-4,150,4,4,0,0.0007447653,fast_test,unweighted,0.30763813853263855
150-5,150,5,4,0,0.0005574684,fast_test,unweighted,0.30763813853263855
150-6,150,6,4,0,0.0012155575,fast_test,unweighted,0.30763813853263855
150-7,150,7,4,0,0.0009966874,fast_test,unweighted,0.30763813853263855
150-8,150,8,4,0,0.0030761857,fast_test,unweighted,0.30763813853263855
150-9,150,9,4,0,0.003168466,fast_test,unweighted,0.30763813853263855
150-10,150,10,4,0,0.0010941421,fast_test,unweighted,0.30763813853263855
150-11,150,11,4,0,0.0013111145,fast_test,unweighted,0.30763813853263855
150-12,150,12,4,0,0.0013851897,fast_test,unweighted,0.30763813853263855
151-0,151,0,2,1,0.28221896,fast_test,unweighted,0.20516107976436615
151-1,151,1,2,1,0.429727,fast_test,unweighted,0.20516107976436615
151-2,151,2,2,1,0.51184034,fast_test,unweighted,0.20516107976436615
151-3,151,3,2,0,0.0482602,fast_test,unweighted,0.20516107976436615
151-4,151,4,2,0,0.012425154,fast_test,unweighted,0.20516107976436615
151-5,151,5,2,0,0.021612046,fast_test,unweighted,0.20516107976436615
151-6,151,6,2,0,0.00936741,fast_test,unweighted,0.20516107976436615
151-7,151,7,2,0,0.013556192,fast_test,unweighted,0.20516107976436615
151-8,151,8,2,0,0.04504437,fast_test,unweighted,0.20516107976436615
151-9,151,9,2,1,0.59122926,fast_test,unweighted,0.20516107976436615
151-10,151,10,2,1,0.087095164,fast_test,unweighted,0.20516107976436615
151-11,151,11,2,0,0.005747919,fast_test,unweighted,0.20516107976436615
151-12,151,12,2,0,0.015372543,fast_test,unweighted,0.20516107976436615
152-0,152,0,4,0,0.77197653,fast_test,unweighted,0.30763813853263855
152-1,152,1,4,0,0.81192666,fast_test,unweighted,0.30763813853263855
152-2,152,2,4,0,0.94085515,fast_test,unweighted,0.30763813853263855
152-3,152,3,4,0,0.8544144,fast_test,unweighted,0.30763813853263855
152-4,152,4,4,0,0.62606066,fast_test,unweighted,0.30763813853263855
152-5,152,5,4,0,0.70360935,fast_test,unweighted,0.30763813853263855
152-6,152,6,4,0,0.8185792,fast_test,unweighted,0.30763813853263855
152-7,152,7,4,0,0.7128424,fast_test,unweighted,0.30763813853263855
152-8,152,8,4,0,0.86961573,fast_test,unweighted,0.30763813853263855
152-9,152,9,4,0,0.9302255,fast_test,unweighted,0.30763813853263855
152-10,152,10,4,0,0.6019492,fast_test,unweighted,0.30763813853263855
152-11,152,11,4,0,0.8384951,fast_test,unweighted,0.30763813853263855
152-12,152,12,4,0,0.8324201,fast_test,unweighted,0.30763813853263855
153-0,153,0,4,0,0.0016086211,fast_test,unweighted,0.30763813853263855
153-1,153,1,4,0,0.0014013554,fast_test,unweighted,0.30763813853263855
153-2,153,2,4,0,0.004838473,fast_test,unweighted,0.30763813853263855
153-3,153,3,4,0,0.0022858602,fast_test,unweighted,0.30763813853263855
153-4,153,4,4,0,0.0009890853,fast_test,unweighted,0.30763813853263855
153-5,153,5,4,0,0.000765919,fast_test,unweighted,0.30763813853263855
153-6,153,6,4,0,0.0017317745,fast_test,unweighted,0.30763813853263855
153-7,153,7,4,0,0.0012364745,fast_test,unweighted,0.30763813853263855
153-8,153,8,4,0,0.003879417,fast_test,unweighted,0.30763813853263855
153-9,153,9,4,0,0.004270732,fast_test,unweighted,0.30763813853263855
153-10,153,10,4,0,0.0012535481,fast_test,unweighted,0.30763813853263855
153-11,153,11,4,0,0.0017409017,fast_test,unweighted,0.30763813853263855
153-12,153,12,4,0,0.001793477,fast_test,unweighted,0.30763813853263855
154-0,154,0,1,0,0.04670275,fast_test,unweighted,0.20838698744773865
154-1,154,1,1,1,0.8499828,fast_test,unweighted,0.20838698744773865
154-2,154,2,1,1,0.73824286,fast_test,unweighted,0.20838698744773865
154-3,154,3,1,0,0.02651309,fast_test,unweighted,0.20838698744773865
154-4,154,4,1,1,0.5715431,fast_test,unweighted,0.20838698744773865
154-5,154,5,1,1,0.5530292,fast_test,unweighted,0.20838698744773865
154-6,154,6,1,1,0.55320835,fast_test,unweighted,0.20838698744773865
154-7,154,7,1,0,0.027439129,fast_test,unweighted,0.20838698744773865
154-8,154,8,1,1,0.5404176,fast_test,unweighted,0.20838698744773865
154-9,154,9,1,1,0.83766854,fast_test,unweighted,0.20838698744773865
154-10,154,10,1,1,0.39034835,fast_test,unweighted,0.20838698744773865
154-11,154,11,1,1,0.7431111,fast_test,unweighted,0.20838698744773865
154-12,154,12,1,1,0.67684066,fast_test,unweighted,0.20838698744773865
155-0,155,0,5,0,0.08383448,fast_test,unweighted,0.1712287962436676
155-1,155,1,5,1,0.38839057,fast_test,unweighted,0.1712287962436676
155-2,155,2,5,0,0.08696299,fast_test,unweighted,0.1712287962436676
155-3,155,3,5,0,0.22467113,fast_test,unweighted,0.1712287962436676
155-4,155,4,5,0,0.11439946,fast_test,unweighted,0.1712287962436676
155-5,155,5,5,0,0.05287003,fast_test,unweighted,0.1712287962436676
155-6,155,6,5,0,0.27567074,fast_test,unweighted,0.1712287962436676
155-7,155,7,5,0,0.17875725,fast_test,unweighted,0.1712287962436676
155-8,155,8,5,0,0.12620038,fast_test,unweighted,0.1712287962436676
155-9,155,9,5,0,0.21223563,fast_test,unweighted,0.1712287962436676
155-10,155,10,5,0,0.04733738,fast_test,unweighted,0.1712287962436676
155-11,155,11,5,0,0.095419556,fast_test,unweighted,0.1712287962436676
155-12,155,12,5,0,0.1876095,fast_test,unweighted,0.1712287962436676
156-0,156,0,2,1,0.0023957347,fast_test,unweighted,0.20516107976436615
156-1,156,1,2,1,0.005653718,fast_test,unweighted,0.20516107976436615
156-2,156,2,2,1,0.006233752,fast_test,unweighted,0.20516107976436615
156-3,156,3,2,1,0.008539803,fast_test,unweighted,0.20516107976436615
156-4,156,4,2,1,0.0019867255,fast_test,unweighted,0.20516107976436615
156-5,156,5,2,1,0.0038413429,fast_test,unweighted,0.20516107976436615
156-6,156,6,2,1,0.0017306274,fast_test,unweighted,0.20516107976436615
156-7,156,7,2,1,0.0023472146,fast_test,unweighted,0.20516107976436615
156-8,156,8,2,1,0.009522945,fast_test,unweighted,0.20516107976436615
156-9,156,9,2,1,0.009584824,fast_test,unweighted,0.20516107976436615
156-10,156,10,2,1,0.0010896433,fast_test,unweighted,0.20516107976436615
156-11,156,11,2,1,0.0011048933,fast_test,unweighted,0.20516107976436615
156-12,156,12,2,0,0.58483124,fast_test,unweighted,0.20516107976436615
157-0,157,0,1,0,0.008704568,fast_test,unweighted,0.20838698744773865
157-1,157,1,1,0,0.008604436,fast_test,unweighted,0.20838698744773865
157-2,157,2,1,0,0.0041487017,fast_test,unweighted,0.20838698744773865
157-3,157,3,1,0,0.0046532126,fast_test,unweighted,0.20838698744773865
157-4,157,4,1,0,0.0029051683,fast_test,unweighted,0.20838698744773865
157-5,157,5,1,0,0.0019270447,fast_test,unweighted,0.20838698744773865
157-6,157,6,1,1,0.15708216,fast_test,unweighted,0.20838698744773865
157-7,157,7,1,0,0.005892912,fast_test,unweighted,0.20838698744773865
157-8,157,8,1,0,0.0023862887,fast_test,unweighted,0.20838698744773865
157-9,157,9,1,0,0.008041205,fast_test,unweighted,0.20838698744773865
157-10,157,10,1,0,0.0027176568,fast_test,unweighted,0.20838698744773865
157-11,157,11,1,0,0.0048547816,fast_test,unweighted,0.20838698744773865
157-12,157,12,1,0,0.0037374937,fast_test,unweighted,0.20838698744773865
158-0,158,0,5,1,0.04372967,fast_test,unweighted,0.1712287962436676
158-1,158,1,5,1,0.10631243,fast_test,unweighted,0.1712287962436676
158-2,158,2,5,1,0.041036908,fast_test,unweighted,0.1712287962436676
158-3,158,3,5,1,0.16978444,fast_test,unweighted,0.1712287962436676
158-4,158,4,5,1,0.03950208,fast_test,unweighted,0.1712287962436676
158-5,158,5,5,0,0.12972964,fast_test,unweighted,0.1712287962436676
158-6,158,6,5,0,0.38761213,fast_test,unweighted,0.1712287962436676
158-7,158,7,5,1,0.09396888,fast_test,unweighted,0.1712287962436676
158-8,158,8,5,1,0.065700345,fast_test,unweighted,0.1712287962436676
158-9,158,9,5,1,0.112861976,fast_test,unweighted,0.1712287962436676
158-10,158,10,5,1,0.020524783,fast_test,unweighted,0.1712287962436676
158-11,158,11,5,1,0.046358544,fast_test,unweighted,0.1712287962436676
158-12,158,12,5,1,0.09724184,fast_test,unweighted,0.1712287962436676
159-0,159,0,4,0,0.0012169264,fast_test,unweighted,0.30763813853263855
159-1,159,1,4,0,0.0009350205,fast_test,unweighted,0.30763813853263855
159-2,159,2,4,0,0.003274078,fast_test,unweighted,0.30763813853263855
159-3,159,3,4,0,0.0016031074,fast_test,unweighted,0.30763813853263855
159-4,159,4,4,0,0.00094633107,fast_test,unweighted,0.30763813853263855
159-5,159,5,4,0,0.00050033897,fast_test,unweighted,0.30763813853263855
159-6,159,6,4,0,0.0011433733,fast_test,unweighted,0.30763813853263855
159-7,159,7,4,0,0.0011281972,fast_test,unweighted,0.30763813853263855
159-8,159,8,4,0,0.00263155,fast_test,unweighted,0.30763813853263855
159-9,159,9,4,0,0.0032880642,fast_test,unweighted,0.30763813853263855
159-10,159,10,4,0,0.0009097124,fast_test,unweighted,0.30763813853263855
159-11,159,11,4,0,0.001169493,fast_test,unweighted,0.30763813853263855
159-12,159,12,4,0,0.0012082113,fast_test,unweighted,0.30763813853263855
160-0,160,0,4,0,0.0012114513,fast_test,unweighted,0.30763813853263855
160-1,160,1,4,0,0.0010553056,fast_test,unweighted,0.30763813853263855
160-2,160,2,4,0,0.003646763,fast_test,unweighted,0.30763813853263855
160-3,160,3,4,0,0.0017217678,fast_test,unweighted,0.30763813853263855
160-4,160,4,4,0,0.0007447653,fast_test,unweighted,0.30763813853263855
160-5,160,5,4,0,0.0005574684,fast_test,unweighted,0.30763813853263855
160-6,160,6,4,0,0.0012155575,fast_test,unweighted,0.30763813853263855
160-7,160,7,4,0,0.0010221257,fast_test,unweighted,0.30763813853263855
160-8,160,8,4,0,0.0030761857,fast_test,unweighted,0.30763813853263855
160-9,160,9,4,0,0.0032184038,fast_test,unweighted,0.30763813853263855
160-10,160,10,4,0,0.0010371113,fast_test,unweighted,0.30763813853263855
160-11,160,11,4,0,0.0013111145,fast_test,unweighted,0.30763813853263855
160-12,160,12,4,0,0.0013507277,fast_test,unweighted,0.30763813853263855
161-0,161,0,2,0,0.027355859,fast_test,unweighted,0.20516107976436615
161-1,161,1,2,0,0.04698022,fast_test,unweighted,0.20516107976436615
161-2,161,2,2,0,0.055475164,fast_test,unweighted,0.20516107976436615
161-3,161,3,2,0,0.07095515,fast_test,unweighted,0.20516107976436615
161-4,161,4,2,0,0.013942154,fast_test,unweighted,0.20516107976436615
161-5,161,5,2,0,0.03513935,fast_test,unweighted,0.20516107976436615
161-6,161,6,2,0,0.015788976,fast_test,unweighted,0.20516107976436615
161-7,161,7,2,0,0.015203142,fast_test,unweighted,0.20516107976436615
161-8,161,8,2,1,0.56246305,fast_test,unweighted,0.20516107976436615
161-9,161,9,2,0,0.05334422,fast_test,unweighted,0.20516107976436615
161-10,161,10,2,0,0.009069909,fast_test,unweighted,0.20516107976436615
161-11,161,11,2,0,0.009433955,fast_test,unweighted,0.20516107976436615
161-12,161,12,2,0,0.024716591,fast_test,unweighted,0.20516107976436615
162-0,162,0,2,0,0.020075902,fast_test,unweighted,0.20516107976436615
162-1,162,1,2,0,0.04086784,fast_test,unweighted,0.20516107976436615
162-2,162,2,2,0,0.05630136,fast_test,unweighted,0.20516107976436615
162-3,162,3,2,0,0.052619763,fast_test,unweighted,0.20516107976436615
162-4,162,4,2,0,0.013598981,fast_test,unweighted,0.20516107976436615
162-5,162,5,2,0,0.0209984,fast_test,unweighted,0.20516107976436615
162-6,162,6,2,0,0.013451218,fast_test,unweighted,0.20516107976436615
162-7,162,7,2,0,0.02155109,fast_test,unweighted,0.20516107976436615
162-8,162,8,2,0,0.08265185,fast_test,unweighted,0.20516107976436615
162-9,162,9,2,0,0.08028775,fast_test,unweighted,0.20516107976436615
162-10,162,10,2,0,0.008144596,fast_test,unweighted,0.20516107976436615
162-11,162,11,2,0,0.009322044,fast_test,unweighted,0.20516107976436615
162-12,162,12,2,0,0.0242108,fast_test,unweighted,0.20516107976436615
163-0,163,0,2,1,0.020907782,fast_test,unweighted,0.20516107976436615
163-1,163,1,2,1,0.0459573,fast_test,unweighted,0.20516107976436615
163-2,163,2,2,1,0.059205458,fast_test,unweighted,0.20516107976436615
163-3,163,3,2,1,0.07277732,fast_test,unweighted,0.20516107976436615
163-4,163,4,2,1,0.021576285,fast_test,unweighted,0.20516107976436615
163-5,163,5,2,1,0.034053724,fast_test,unweighted,0.20516107976436615
163-6,163,6,2,1,0.016452396,fast_test,unweighted,0.20516107976436615
163-7,163,7,2,0,0.22361363,fast_test,unweighted,0.20516107976436615
163-8,163,8,2,1,0.08102719,fast_test,unweighted,0.20516107976436615
163-9,163,9,2,1,0.07316097,fast_test,unweighted,0.20516107976436615
163-10,163,10,2,1,0.009608408,fast_test,unweighted,0.20516107976436615
163-11,163,11,2,1,0.009946176,fast_test,unweighted,0.20516107976436615
163-12,163,12,2,1,0.025383772,fast_test,unweighted,0.20516107976436615
164-0,164,0,4,0,0.017900914,fast_test,unweighted,0.30763813853263855
164-1,164,1,4,0,0.021643335,fast_test,unweighted,0.30763813853263855
164-2,164,2,4,0,0.0724037,fast_test,unweighted,0.30763813853263855
164-3,164,3,4,0,0.03204833,fast_test,unweighted,0.30763813853263855
164-4,164,4,4,0,0.009254013,fast_test,unweighted,0.30763813853263855
164-5,164,5,4,0,0.012518685,fast_test,unweighted,0.30763813853263855
164-6,164,6,4,1,0.36901218,fast_test,unweighted,0.30763813853263855
164-7,164,7,4,0,0.017422581,fast_test,unweighted,0.30763813853263855
164-8,164,8,4,0,0.039581526,fast_test,unweighted,0.30763813853263855
164-9,164,9,4,0,0.057985473,fast_test,unweighted,0.30763813853263855
164-10,164,10,4,0,0.0156079605,fast_test,unweighted,0.30763813853263855
164-11,164,11,4,0,0.025816139,fast_test,unweighted,0.30763813853263855
164-12,164,12,4,0,0.026090093,fast_test,unweighted,0.30763813853263855
165-0,165,0,1,0,0.009087416,fast_test,unweighted,0.20838698744773865
165-1,165,1,1,0,0.0089599285,fast_test,unweighted,0.20838698744773865
165-2,165,2,1,0,0.004326148,fast_test,unweighted,0.20838698744773865
165-3,165,3,1,0,0.004519533,fast_test,unweighted,0.20838698744773865
165-4,165,4,1,0,0.0023444113,fast_test,unweighted,0.20838698744773865
165-5,165,5,1,0,0.0019330481,fast_test,unweighted,0.20838698744773865
165-6,165,6,1,0,0.002548863,fast_test,unweighted,0.20838698744773865
165-7,165,7,1,0,0.005924227,fast_test,unweighted,0.20838698744773865
165-8,165,8,1,0,0.0024855223,fast_test,unweighted,0.20838698744773865
165-9,165,9,1,0,0.008373625,fast_test,unweighted,0.20838698744773865
165-10,165,10,1,0,0.002827197,fast_test,unweighted,0.20838698744773865
165-11,165,11,1,0,0.005056147,fast_test,unweighted,0.20838698744773865
165-12,165,12,1,0,0.00388798,fast_test,unweighted,0.20838698744773865
166-0,166,0,3,0,0.07744456,fast_test,unweighted,0.21808862686157227
166-1,166,1,3,0,0.06427516,fast_test,unweighted,0.21808862686157227
166-2,166,2,3,0,0.0187436,fast_test,unweighted,0.21808862686157227
166-3,166,3,3,0,0.1393225,fast_test,unweighted,0.21808862686157227
166-4,166,4,3,0,0.023365846,fast_test,unweighted,0.21808862686157227
166-5,166,5,3,0,0.082701534,fast_test,unweighted,0.21808862686157227
166-6,166,6,3,0,0.015895467,fast_test,unweighted,0.21808862686157227
166-7,166,7,3,0,0.06663605,fast_test,unweighted,0.21808862686157227
166-8,166,8,3,0,0.028621677,fast_test,unweighted,0.21808862686157227
166-9,166,9,3,0,0.079791956,fast_test,unweighted,0.21808862686157227
166-10,166,10,3,0,0.019791134,fast_test,unweighted,0.21808862686157227
166-11,166,11,3,0,0.032672245,fast_test,unweighted,0.21808862686157227
166-12,166,12,3,0,0.07744358,fast_test,unweighted,0.21808862686157227
167-0,167,0,1,0,0.09541116,fast_test,unweighted,0.20838698744773865
167-1,167,1,1,0,0.12332526,fast_test,unweighted,0.20838698744773865
167-2,167,2,1,0,0.07877251,fast_test,unweighted,0.20838698744773865
167-3,167,3,1,0,0.07214112,fast_test,unweighted,0.20838698744773865
167-4,167,4,1,0,0.0328089,fast_test,unweighted,0.20838698744773865
167-5,167,5,1,0,0.03234504,fast_test,unweighted,0.20838698744773865
167-6,167,6,1,0,0.04187886,fast_test,unweighted,0.20838698744773865
167-7,167,7,1,0,0.061514765,fast_test,unweighted,0.20838698744773865
167-8,167,8,1,1,0.033667132,fast_test,unweighted,0.20838698744773865
167-9,167,9,1,0,0.12253957,fast_test,unweighted,0.20838698744773865
167-10,167,10,1,0,0.027237317,fast_test,unweighted,0.20838698744773865
167-11,167,11,1,0,0.07821043,fast_test,unweighted,0.20838698744773865
167-12,167,12,1,0,0.05854537,fast_test,unweighted,0.20838698744773865
168-0,168,0,1,1,0.87511635,fast_test,unweighted,0.20838698744773865
168-1,168,1,1,0,0.014363016,fast_test,unweighted,0.20838698744773865
168-2,168,2,1,0,0.0067648212,fast_test,unweighted,0.20838698744773865
168-3,168,3,1,0,0.007233908,fast_test,unweighted,0.20838698744773865
168-4,168,4,1,0,0.0035652062,fast_test,unweighted,0.20838698744773865
168-5,168,5,1,0,0.003228244,fast_test,unweighted,0.20838698744773865
168-6,168,6,1,1,0.62867093,fast_test,unweighted,0.20838698744773865
168-7,168,7,1,0,0.0075181276,fast_test,unweighted,0.20838698744773865
168-8,168,8,1,1,0.62009925,fast_test,unweighted,0.20838698744773865
168-9,168,9,1,0,0.013427958,fast_test,unweighted,0.20838698744773865
168-10,168,10,1,0,0.004496512,fast_test,unweighted,0.20838698744773865
168-11,168,11,1,0,0.008169201,fast_test,unweighted,0.20838698744773865
168-12,168,12,1,0,0.006146234,fast_test,unweighted,0.20838698744773865
169-0,169,0,5,0,0.5299945,fast_test,unweighted,0.1712287962436676
169-1,169,1,5,0,0.78536606,fast_test,unweighted,0.1712287962436676
169-2,169,2,5,0,0.5696258,fast_test,unweighted,0.1712287962436676
169-3,169,3,5,0,0.8027799,fast_test,unweighted,0.1712287962436676
169-4,169,4,5,0,0.5211632,fast_test,unweighted,0.1712287962436676
169-5,169,5,5,0,0.09549809,fast_test,unweighted,0.1712287962436676
169-6,169,6,5,0,0.84159964,fast_test,unweighted,0.1712287962436676
169-7,169,7,5,0,0.647142,fast_test,unweighted,0.1712287962436676
169-8,169,8,5,0,0.6285377,fast_test,unweighted,0.1712287962436676
169-9,169,9,5,0,0.75376374,fast_test,unweighted,0.1712287962436676
169-10,169,10,5,1,0.0006384772,fast_test,unweighted,0.1712287962436676
169-11,169,11,5,0,0.5884355,fast_test,unweighted,0.1712287962436676
169-12,169,12,5,0,0.7635435,fast_test,unweighted,0.1712287962436676
170-0,170,0,3,0,0.06492727,fast_test,unweighted,0.21808862686157227
170-1,170,1,3,0,0.04477261,fast_test,unweighted,0.21808862686157227
170-2,170,2,3,0,0.01381345,fast_test,unweighted,0.21808862686157227
170-3,170,3,3,0,0.11808405,fast_test,unweighted,0.21808862686157227
170-4,170,4,3,0,0.028527185,fast_test,unweighted,0.21808862686157227
170-5,170,5,3,0,0.06740097,fast_test,unweighted,0.21808862686157227
170-6,170,6,3,0,0.011071957,fast_test,unweighted,0.21808862686157227
170-7,170,7,3,0,0.050429814,fast_test,unweighted,0.21808862686157227
170-8,170,8,3,0,0.020156175,fast_test,unweighted,0.21808862686157227
170-9,170,9,3,0,0.063414074,fast_test,unweighted,0.21808862686157227
170-10,170,10,3,0,0.021918273,fast_test,unweighted,0.21808862686157227
170-11,170,11,3,0,0.02225016,fast_test,unweighted,0.21808862686157227
170-12,170,12,3,0,0.059627183,fast_test,unweighted,0.21808862686157227
171-0,171,0,3,0,0.14969502,fast_test,unweighted,0.21808862686157227
171-1,171,1,3,1,0.045058813,fast_test,unweighted,0.21808862686157227
171-2,171,2,3,0,0.03496938,fast_test,unweighted,0.21808862686157227
171-3,171,3,3,0,0.33154532,fast_test,unweighted,0.21808862686157227
171-4,171,4,3,0,0.05202977,fast_test,unweighted,0.21808862686157227
171-5,171,5,3,0,0.19484028,fast_test,unweighted,0.21808862686157227
171-6,171,6,3,0,0.02837434,fast_test,unweighted,0.21808862686157227
171-7,171,7,3,0,0.16852918,fast_test,unweighted,0.21808862686157227
171-8,171,8,3,0,0.04829885,fast_test,unweighted,0.21808862686157227
171-9,171,9,3,0,0.21635054,fast_test,unweighted,0.21808862686157227
171-10,171,10,3,0,0.03806307,fast_test,unweighted,0.21808862686157227
171-11,171,11,3,0,0.055371977,fast_test,unweighted,0.21808862686157227
171-12,171,12,3,0,0.13558152,fast_test,unweighted,0.21808862686157227
172-0,172,0,1,0,0.07736534,fast_test,unweighted,0.20838698744773865
172-1,172,1,1,1,0.3180173,fast_test,unweighted,0.20838698744773865
172-2,172,2,1,0,0.05457057,fast_test,unweighted,0.20838698744773865
172-3,172,3,1,0,0.057467695,fast_test,unweighted,0.20838698744773865
172-4,172,4,1,0,0.026118211,fast_test,unweighted,0.20838698744773865
172-5,172,5,1,0,0.021762623,fast_test,unweighted,0.20838698744773865
172-6,172,6,1,0,0.030930204,fast_test,unweighted,0.20838698744773865
172-7,172,7,1,0,0.058223408,fast_test,unweighted,0.20838698744773865
172-8,172,8,1,0,0.02978153,fast_test,unweighted,0.20838698744773865
172-9,172,9,1,0,0.08195409,fast_test,unweighted,0.20838698744773865
172-10,172,10,1,0,0.023092508,fast_test,unweighted,0.20838698744773865
172-11,172,11,1,0,0.0597504,fast_test,unweighted,0.20838698744773865
172-12,172,12,1,0,0.04598553,fast_test,unweighted,0.20838698744773865
173-0,173,0,2,0,0.06380998,fast_test,unweighted,0.20516107976436615
173-1,173,1,2,0,0.121648274,fast_test,unweighted,0.20516107976436615
173-2,173,2,2,0,0.15115932,fast_test,unweighted,0.20516107976436615
173-3,173,3,2,0,0.18411577,fast_test,unweighted,0.20516107976436615
173-4,173,4,2,0,0.05143912,fast_test,unweighted,0.20516107976436615
173-5,173,5,2,0,0.09379896,fast_test,unweighted,0.20516107976436615
173-6,173,6,2,1,0.039492838,fast_test,unweighted,0.20516107976436615
173-7,173,7,2,0,0.06300009,fast_test,unweighted,0.20516107976436615
173-8,173,8,2,1,0.42134413,fast_test,unweighted,0.20516107976436615
173-9,173,9,2,0,0.20122388,fast_test,unweighted,0.20516107976436615
173-10,173,10,2,0,0.024619283,fast_test,unweighted,0.20516107976436615
173-11,173,11,2,0,0.024862852,fast_test,unweighted,0.20516107976436615
173-12,173,12,2,1,0.16022535,fast_test,unweighted,0.20516107976436615
174-0,174,0,5,0,0.00081077626,fast_test,unweighted,0.1712287962436676
174-1,174,1,5,0,0.0019399566,fast_test,unweighted,0.1712287962436676
174-2,174,2,5,0,0.0008232849,fast_test,unweighted,0.1712287962436676
174-3,174,3,5,0,0.0040413197,fast_test,unweighted,0.1712287962436676
174-4,174,4,5,0,0.0012814057,fast_test,unweighted,0.1712287962436676
174-5,174,5,5,0,0.001017328,fast_test,unweighted,0.1712287962436676
174-6,174,6,5,1,0.9329579,fast_test,unweighted,0.1712287962436676
174-7,174,7,5,0,0.0012769495,fast_test,unweighted,0.1712287962436676
174-8,174,8,5,0,0.00093596755,fast_test,unweighted,0.1712287962436676
174-9,174,9,5,0,0.0020341189,fast_test,unweighted,0.1712287962436676
174-10,174,10,5,1,0.17796174,fast_test,unweighted,0.1712287962436676
174-11,174,11,5,0,0.00081826106,fast_test,unweighted,0.1712287962436676
174-12,174,12,5,0,0.001740537,fast_test,unweighted,0.1712287962436676
175-0,175,0,1,0,0.008800242,fast_test,unweighted,0.20838698744773865
175-1,175,1,1,1,0.8569331,fast_test,unweighted,0.20838698744773865
175-2,175,2,1,0,0.004638963,fast_test,unweighted,0.20838698744773865
175-3,175,3,1,0,0.0046924804,fast_test,unweighted,0.20838698744773865
175-4,175,4,1,0,0.0025142913,fast_test,unweighted,0.20838698744773865
175-5,175,5,1,0,0.002007219,fast_test,unweighted,0.20838698744773865
175-6,175,6,1,0,0.0024678034,fast_test,unweighted,0.20838698744773865
175-7,175,7,1,0,0.0051445677,fast_test,unweighted,0.20838698744773865
175-8,175,8,1,0,0.0024721632,fast_test,unweighted,0.20838698744773865
175-9,175,9,1,0,0.008692764,fast_test,unweighted,0.20838698744773865
175-10,175,10,1,0,0.0030154525,fast_test,unweighted,0.20838698744773865
175-11,175,11,1,0,0.005056147,fast_test,unweighted,0.20838698744773865
175-12,175,12,1,0,0.0038926976,fast_test,unweighted,0.20838698744773865
176-0,176,0,2,0,0.01940835,fast_test,unweighted,0.20516107976436615
176-1,176,1,2,0,0.047044545,fast_test,unweighted,0.20516107976436615
176-2,176,2,2,0,0.058229208,fast_test,unweighted,0.20516107976436615
176-3,176,3,2,0,0.05044269,fast_test,unweighted,0.20516107976436615
176-4,176,4,2,0,0.021916341,fast_test,unweighted,0.20516107976436615
176-5,176,5,2,0,0.022501873,fast_test,unweighted,0.20516107976436615
176-6,176,6,2,0,0.014970314,fast_test,unweighted,0.20516107976436615
176-7,176,7,2,0,0.022728978,fast_test,unweighted,0.20516107976436615
176-8,176,8,2,0,0.08089658,fast_test,unweighted,0.20516107976436615
176-9,176,9,2,0,0.05599875,fast_test,unweighted,0.20516107976436615
176-10,176,10,2,0,0.009617633,fast_test,unweighted,0.20516107976436615
176-11,176,11,2,0,0.009892206,fast_test,unweighted,0.20516107976436615
176-12,176,12,2,0,0.025607822,fast_test,unweighted,0.20516107976436615
177-0,177,0,3,0,0.25589797,fast_test,unweighted,0.21808862686157227
177-1,177,1,3,1,0.08307424,fast_test,unweighted,0.21808862686157227
177-2,177,2,3,1,0.024485974,fast_test,unweighted,0.21808862686157227
177-3,177,3,3,0,0.39112997,fast_test,unweighted,0.21808862686157227
177-4,177,4,3,0,0.08827747,fast_test,unweighted,0.21808862686157227
177-5,177,5,3,1,0.15303342,fast_test,unweighted,0.21808862686157227
177-6,177,6,3,0,0.04774074,fast_test,unweighted,0.21808862686157227
177-7,177,7,3,0,0.20201597,fast_test,unweighted,0.21808862686157227
177-8,177,8,3,0,0.07678196,fast_test,unweighted,0.21808862686157227
177-9,177,9,3,1,0.12457072,fast_test,unweighted,0.21808862686157227
177-10,177,10,3,1,0.027192153,fast_test,unweighted,0.21808862686157227
177-11,177,11,3,0,0.09367363,fast_test,unweighted,0.21808862686157227
177-12,177,12,3,0,0.23519237,fast_test,unweighted,0.21808862686157227
178-0,178,0,5,0,0.0070005194,fast_test,unweighted,0.1712287962436676
178-1,178,1,5,0,0.016416887,fast_test,unweighted,0.1712287962436676
178-2,178,2,5,0,0.006391972,fast_test,unweighted,0.1712287962436676
178-3,178,3,5,0,0.019912697,fast_test,unweighted,0.1712287962436676
178-4,178,4,5,0,0.006760213,fast_test,unweighted,0.1712287962436676
178-5,178,5,5,0,0.006999389,fast_test,unweighted,0.1712287962436676
178-6,178,6,5,0,0.02259616,fast_test,unweighted,0.1712287962436676
178-7,178,7,5,0,0.012841327,fast_test,unweighted,0.1712287962436676
178-8,178,8,5,0,0.0075659007,fast_test,unweighted,0.1712287962436676
178-9,178,9,5,0,0.013930764,fast_test,unweighted,0.1712287962436676
178-10,178,10,5,0,0.0052706855,fast_test,unweighted,0.1712287962436676
178-11,178,11,5,0,0.00653959,fast_test,unweighted,0.1712287962436676
178-12,178,12,5,0,0.014281564,fast_test,unweighted,0.1712287962436676
179-0,179,0,1,0,0.010657351,fast_test,unweighted,0.20838698744773865
179-1,179,1,1,0,0.0089599285,fast_test,unweighted,0.20838698744773865
179-2,179,2,1,0,0.0054446044,fast_test,unweighted,0.20838698744773865
179-3,179,3,1,0,0.0048462586,fast_test,unweighted,0.20838698744773865
179-4,179,4,1,0,0.0025142913,fast_test,unweighted,0.20838698744773865
179-5,179,5,1,0,0.002269827,fast_test,unweighted,0.20838698744773865
179-6,179,6,1,0,0.0024678034,fast_test,unweighted,0.20838698744773865
179-7,179,7,1,0,0.0062685036,fast_test,unweighted,0.20838698744773865
179-8,179,8,1,0,0.0024855223,fast_test,unweighted,0.20838698744773865
179-9,179,9,1,0,0.010527432,fast_test,unweighted,0.20838698744773865
179-10,179,10,1,0,0.00281542,fast_test,unweighted,0.20838698744773865
179-11,179,11,1,0,0.0059338026,fast_test,unweighted,0.20838698744773865
179-12,179,12,1,0,0.0038926976,fast_test,unweighted,0.20838698744773865
180-0,180,0,5,0,0.0010643689,fast_test,unweighted,0.1712287962436676
180-1,180,1,5,1,0.8815891,fast_test,unweighted,0.1712287962436676
180-2,180,2,5,1,0.7292215,fast_test,unweighted,0.1712287962436676
180-3,180,3,5,1,0.892267,fast_test,unweighted,0.1712287962436676
180-4,180,4,5,0,0.001459273,fast_test,unweighted,0.1712287962436676
180-5,180,5,5,1,0.14014304,fast_test,unweighted,0.1712287962436676
180-6,180,6,5,0,0.0028537794,fast_test,unweighted,0.1712287962436676
180-7,180,7,5,0,0.0016826998,fast_test,unweighted,0.1712287962436676
180-8,180,8,5,1,0.7865009,fast_test,unweighted,0.1712287962436676
180-9,180,9,5,1,0.88842016,fast_test,unweighted,0.1712287962436676
180-10,180,10,5,0,0.0009991437,fast_test,unweighted,0.1712287962436676
180-11,180,11,5,0,0.00080439856,fast_test,unweighted,0.1712287962436676
180-12,180,12,5,1,0.87145394,fast_test,unweighted,0.1712287962436676
181-0,181,0,4,0,0.0012169264,fast_test,unweighted,0.30763813853263855
181-1,181,1,4,1,0.84546006,fast_test,unweighted,0.30763813853263855
181-2,181,2,4,0,0.0031966162,fast_test,unweighted,0.30763813853263855
181-3,181,3,4,0,0.0017469274,fast_test,unweighted,0.30763813853263855
181-4,181,4,4,0,0.00081840367,fast_test,unweighted,0.30763813853263855
181-5,181,5,4,0,0.00050033897,fast_test,unweighted,0.30763813853263855
181-6,181,6,4,0,0.0012459779,fast_test,unweighted,0.30763813853263855
181-7,181,7,4,0,0.001176492,fast_test,unweighted,0.30763813853263855
181-8,181,8,4,0,0.0026991668,fast_test,unweighted,0.30763813853263855
181-9,181,9,4,0,0.0033034426,fast_test,unweighted,0.30763813853263855
181-10,181,10,4,0,0.0010025874,fast_test,unweighted,0.30763813853263855
181-11,181,11,4,0,0.001169493,fast_test,unweighted,0.30763813853263855
181-12,181,12,4,0,0.0012268481,fast_test,unweighted,0.30763813853263855
182-0,182,0,4,0,0.0012114513,fast_test,unweighted,0.30763813853263855
182-1,182,1,4,1,0.84101313,fast_test,unweighted,0.30763813853263855
182-2,182,2,4,0,0.0037721202,fast_test,unweighted,0.30763813853263855
182-3,182,3,4,0,0.0017489443,fast_test,unweighted,0.30763813853263855
182-4,182,4,4,0,0.0007447653,fast_test,unweighted,0.30763813853263855
182-5,182,5,4,1,0.7494049,fast_test,unweighted,0.30763813853263855
182-6,182,6,4,0,0.0013302604,fast_test,unweighted,0.30763813853263855
182-7,182,7,4,0,0.0010221257,fast_test,unweighted,0.30763813853263855
182-8,182,8,4,0,0.003464997,fast_test,unweighted,0.30763813853263855
182-9,182,9,4,0,0.0032184038,fast_test,unweighted,0.30763813853263855
182-10,182,10,4,0,0.0010941421,fast_test,unweighted,0.30763813853263855
182-11,182,11,4,0,0.0013111145,fast_test,unweighted,0.30763813853263855
182-12,182,12,4,1,0.8823091,fast_test,unweighted,0.30763813853263855
183-0,183,0,2,0,0.0023957347,fast_test,unweighted,0.20516107976436615
183-1,183,1,2,0,0.005653718,fast_test,unweighted,0.20516107976436615
183-2,183,2,2,0,0.006233752,fast_test,unweighted,0.20516107976436615
183-3,183,3,2,0,0.005325232,fast_test,unweighted,0.20516107976436615
183-4,183,4,2,0,0.0020568713,fast_test,unweighted,0.20516107976436615
183-5,183,5,2,0,0.0038413429,fast_test,unweighted,0.20516107976436615
183-6,183,6,2,0,0.001517099,fast_test,unweighted,0.20516107976436615
183-7,183,7,2,0,0.0016577517,fast_test,unweighted,0.20516107976436615
183-8,183,8,2,0,0.00883398,fast_test,unweighted,0.20516107976436615
183-9,183,9,2,0,0.009023724,fast_test,unweighted,0.20516107976436615
183-10,183,10,2,0,0.00104315,fast_test,unweighted,0.20516107976436615
183-11,183,11,2,0,0.0011048933,fast_test,unweighted,0.20516107976436615
183-12,183,12,2,0,0.0027775562,fast_test,unweighted,0.20516107976436615
184-0,184,0,4,0,0.10118915,fast_test,unweighted,0.30763813853263855
184-1,184,1,4,0,0.11111785,fast_test,unweighted,0.30763813853263855
184-2,184,2,4,0,0.3024445,fast_test,unweighted,0.30763813853263855
184-3,184,3,4,0,0.17659757,fast_test,unweighted,0.30763813853263855
184-4,184,4,4,0,0.059717145,fast_test,unweighted,0.30763813853263855
184-5,184,5,4,0,0.066704966,fast_test,unweighted,0.30763813853263855
184-6,184,6,4,0,0.11719971,fast_test,unweighted,0.30763813853263855
184-7,184,7,4,0,0.09681846,fast_test,unweighted,0.30763813853263855
184-8,184,8,4,0,0.18340066,fast_test,unweighted,0.30763813853263855
184-9,184,9,4,0,0.27575135,fast_test,unweighted,0.30763813853263855
184-10,184,10,4,0,0.03920748,fast_test,unweighted,0.30763813853263855
184-11,184,11,4,0,0.1351937,fast_test,unweighted,0.30763813853263855
184-12,184,12,4,0,0.13719775,fast_test,unweighted,0.30763813853263855
185-0,185,0,2,0,0.020075902,fast_test,unweighted,0.20516107976436615
185-1,185,1,2,1,0.4663019,fast_test,unweighted,0.20516107976436615
185-2,185,2,2,0,0.05650458,fast_test,unweighted,0.20516107976436615
185-3,185,3,2,0,0.05413247,fast_test,unweighted,0.20516107976436615
185-4,185,4,2,0,0.018560087,fast_test,unweighted,0.20516107976436615
185-5,185,5,2,0,0.030862017,fast_test,unweighted,0.20516107976436615
185-6,185,6,2,0,0.013501984,fast_test,unweighted,0.20516107976436615
185-7,185,7,2,0,0.02155109,fast_test,unweighted,0.20516107976436615
185-8,185,8,2,0,0.08265185,fast_test,unweighted,0.20516107976436615
185-9,185,9,2,0,0.06580375,fast_test,unweighted,0.20516107976436615
185-10,185,10,2,0,0.009708711,fast_test,unweighted,0.20516107976436615
185-11,185,11,2,0,0.009322044,fast_test,unweighted,0.20516107976436615
185-12,185,12,2,0,0.028056717,fast_test,unweighted,0.20516107976436615
186-0,186,0,2,0,0.044109214,fast_test,unweighted,0.20516107976436615
186-1,186,1,2,0,0.08572538,fast_test,unweighted,0.20516107976436615
186-2,186,2,2,0,0.107589334,fast_test,unweighted,0.20516107976436615
186-3,186,3,2,0,0.13296922,fast_test,unweighted,0.20516107976436615
186-4,186,4,2,0,0.037857797,fast_test,unweighted,0.20516107976436615
186-5,186,5,2,0,0.06572094,fast_test,unweighted,0.20516107976436615
186-6,186,6,2,1,0.06488691,fast_test,unweighted,0.20516107976436615
186-7,186,7,2,0,0.04369699,fast_test,unweighted,0.20516107976436615
186-8,186,8,2,0,0.14648293,fast_test,unweighted,0.20516107976436615
186-9,186,9,2,1,0.5228786,fast_test,unweighted,0.20516107976436615
186-10,186,10,2,1,0.07992819,fast_test,unweighted,0.20516107976436615
186-11,186,11,2,0,0.017702669,fast_test,unweighted,0.20516107976436615
186-12,186,12,2,0,0.048249416,fast_test,unweighted,0.20516107976436615
187-0,187,0,5,0,0.0005685488,fast_test,unweighted,0.1712287962436676
187-1,187,1,5,0,0.0013164888,fast_test,unweighted,0.1712287962436676
187-2,187,2,5,0,0.0005374272,fast_test,unweighted,0.1712287962436676
187-3,187,3,5,0,0.002711494,fast_test,unweighted,0.1712287962436676
187-4,187,4,5,0,0.0008397111,fast_test,unweighted,0.1712287962436676
187-5,187,5,5,0,0.000761775,fast_test,unweighted,0.1712287962436676
187-6,187,6,5,0,0.0017061708,fast_test,unweighted,0.1712287962436676
187-7,187,7,5,0,0.0010679375,fast_test,unweighted,0.1712287962436676
187-8,187,8,5,1,0.8706274,fast_test,unweighted,0.1712287962436676
187-9,187,9,5,0,0.0012266309,fast_test,unweighted,0.1712287962436676
187-10,187,10,5,1,0.25032496,fast_test,unweighted,0.1712287962436676
187-11,187,11,5,0,0.0005374272,fast_test,unweighted,0.1712287962436676
187-12,187,12,5,0,0.0012042021,fast_test,unweighted,0.1712287962436676
188-0,188,0,2,0,0.13112581,fast_test,unweighted,0.20516107976436615
188-1,188,1,2,0,0.25019586,fast_test,unweighted,0.20516107976436615
188-2,188,2,2,0,0.30165476,fast_test,unweighted,0.20516107976436615
188-3,188,3,2,0,0.2720429,fast_test,unweighted,0.20516107976436615
188-4,188,4,2,0,0.11449216,fast_test,unweighted,0.20516107976436615
188-5,188,5,2,0,0.1531156,fast_test,unweighted,0.20516107976436615
188-6,188,6,2,0,0.06881819,fast_test,unweighted,0.20516107976436615
188-7,188,7,2,0,0.09105039,fast_test,unweighted,0.20516107976436615
188-8,188,8,2,0,0.3682605,fast_test,unweighted,0.20516107976436615
188-9,188,9,2,0,0.38606784,fast_test,unweighted,0.20516107976436615
188-10,188,10,2,0,0.026416166,fast_test,unweighted,0.20516107976436615
188-11,188,11,2,0,0.038988538,fast_test,unweighted,0.20516107976436615
188-12,188,12,2,0,0.14511047,fast_test,unweighted,0.20516107976436615
189-0,189,0,5,0,0.0007821558,fast_test,unweighted,0.1712287962436676
189-1,189,1,5,0,0.0018715505,fast_test,unweighted,0.1712287962436676
189-2,189,2,5,0,0.000633535,fast_test,unweighted,0.1712287962436676
189-3,189,3,5,0,0.0027633654,fast_test,unweighted,0.1712287962436676
189-4,189,4,5,0,0.00085678557,fast_test,unweighted,0.1712287962436676
189-5,189,5,5,0,0.0010970404,fast_test,unweighted,0.1712287962436676
189-6,189,6,5,0,0.0018918404,fast_test,unweighted,0.1712287962436676
189-7,189,7,5,0,0.0011278641,fast_test,unweighted,0.1712287962436676
189-8,189,8,5,0,0.00090293173,fast_test,unweighted,0.1712287962436676
189-9,189,9,5,0,0.002001257,fast_test,unweighted,0.1712287962436676
189-10,189,10,5,0,0.0007815169,fast_test,unweighted,0.1712287962436676
189-11,189,11,5,0,0.00078937656,fast_test,unweighted,0.1712287962436676
189-12,189,12,5,0,0.001646537,fast_test,unweighted,0.1712287962436676
190-0,190,0,4,0,0.77197653,fast_test,unweighted,0.30763813853263855
190-1,190,1,4,0,0.81192666,fast_test,unweighted,0.30763813853263855
190-2,190,2,4,0,0.9403694,fast_test,unweighted,0.30763813853263855
190-3,190,3,4,0,0.8810469,fast_test,unweighted,0.30763813853263855
190-4,190,4,4,0,0.628094,fast_test,unweighted,0.30763813853263855
190-5,190,5,4,0,0.70541954,fast_test,unweighted,0.30763813853263855
190-6,190,6,4,0,0.82520646,fast_test,unweighted,0.30763813853263855
190-7,190,7,4,0,0.7128424,fast_test,unweighted,0.30763813853263855
190-8,190,8,4,0,0.86961573,fast_test,unweighted,0.30763813853263855
190-9,190,9,4,1,0.0050810613,fast_test,unweighted,0.30763813853263855
190-10,190,10,4,0,0.6059893,fast_test,unweighted,0.30763813853263855
190-11,190,11,4,0,0.8384951,fast_test,unweighted,0.30763813853263855
190-12,190,12,4,0,0.8324201,fast_test,unweighted,0.30763813853263855
191-0,191,0,3,0,0.0052407677,fast_test,unweighted,0.21808862686157227
191-1,191,1,3,0,0.0032263924,fast_test,unweighted,0.21808862686157227
191-2,191,2,3,1,0.56955945,fast_test,unweighted,0.21808862686157227
191-3,191,3,3,0,0.012480387,fast_test,unweighted,0.21808862686157227
191-4,191,4,3,0,0.0020559349,fast_test,unweighted,0.21808862686157227
191-5,191,5,3,1,0.90174663,fast_test,unweighted,0.21808862686157227
191-6,191,6,3,0,0.00093975494,fast_test,unweighted,0.21808862686157227
191-7,191,7,3,0,0.0049728253,fast_test,unweighted,0.21808862686157227
191-8,191,8,3,1,0.56983685,fast_test,unweighted,0.21808862686157227
191-9,191,9,3,1,0.89518124,fast_test,unweighted,0.21808862686157227
191-10,191,10,3,1,0.40306485,fast_test,unweighted,0.21808862686157227
191-11,191,11,3,1,0.64986974,fast_test,unweighted,0.21808862686157227
191-12,191,12,3,0,0.0038886634,fast_test,unweighted,0.21808862686157227
192-0,192,0,4,0,0.08659774,fast_test,unweighted,0.30763813853263855
192-1,192,1,4,0,0.10859042,fast_test,unweighted,0.30763813853263855
192-2,192,2,4,0,0.26889208,fast_test,unweighted,0.30763813853263855
192-3,192,3,4,0,0.15279657,fast_test,unweighted,0.30763813853263855
192-4,192,4,4,0,0.05742483,fast_test,unweighted,0.30763813853263855
192-5,192,5,4,0,0.057161864,fast_test,unweighted,0.30763813853263855
192-6,192,6,4,0,0.11287952,fast_test,unweighted,0.30763813853263855
192-7,192,7,4,0,0.08435741,fast_test,unweighted,0.30763813853263855
192-8,192,8,4,0,0.16806848,fast_test,unweighted,0.30763813853263855
192-9,192,9,4,0,0.26918954,fast_test,unweighted,0.30763813853263855
192-10,192,10,4,0,0.039033044,fast_test,unweighted,0.30763813853263855
192-11,192,11,4,0,0.1322001,fast_test,unweighted,0.30763813853263855
192-12,192,12,4,0,0.13664924,fast_test,unweighted,0.30763813853263855
193-0,193,0,2,0,0.0023957347,fast_test,unweighted,0.20516107976436615
193-1,193,1,2,0,0.005653718,fast_test,unweighted,0.20516107976436615
193-2,193,2,2,0,0.006233752,fast_test,unweighted,0.20516107976436615
193-3,193,3,2,0,0.005325232,fast_test,unweighted,0.20516107976436615
193-4,193,4,2,0,0.0020568713,fast_test,unweighted,0.20516107976436615
193-5,193,5,2,0,0.004161001,fast_test,unweighted,0.20516107976436615
193-6,193,6,2,0,0.0017306274,fast_test,unweighted,0.20516107976436615
193-7,193,7,2,0,0.0019035737,fast_test,unweighted,0.20516107976436615
193-8,193,8,2,0,0.00930723,fast_test,unweighted,0.20516107976436615
193-9,193,9,2,0,0.0091680065,fast_test,unweighted,0.20516107976436615
193-10,193,10,2,0,0.0009813762,fast_test,unweighted,0.20516107976436615
193-11,193,11,2,0,0.0011048933,fast_test,unweighted,0.20516107976436615
193-12,193,12,2,0,0.002563904,fast_test,unweighted,0.20516107976436615
194-0,194,0,5,0,0.00062922435,fast_test,unweighted,0.1712287962436676
194-1,194,1,5,0,0.0014291846,fast_test,unweighted,0.1712287962436676
194-2,194,2,5,0,0.0005211438,fast_test,unweighted,0.1712287962436676
194-3,194,3,5,0,0.0026435065,fast_test,unweighted,0.1712287962436676
194-4,194,4,5,0,0.00077860785,fast_test,unweighted,0.1712287962436676
194-5,194,5,5,0,0.0008905555,fast_test,unweighted,0.1712287962436676
194-6,194,6,5,0,0.0017823838,fast_test,unweighted,0.1712287962436676
194-7,194,7,5,0,0.0010546492,fast_test,unweighted,0.1712287962436676
194-8,194,8,5,0,0.00060935784,fast_test,unweighted,0.1712287962436676
194-9,194,9,5,0,0.0015353442,fast_test,unweighted,0.1712287962436676
194-10,194,10,5,0,0.0006329266,fast_test,unweighted,0.1712287962436676
194-11,194,11,5,0,0.0005104201,fast_test,unweighted,0.1712287962436676
194-12,194,12,5,0,0.0011837329,fast_test,unweighted,0.1712287962436676
195-0,195,0,4,0,0.009098256,fast_test,unweighted,0.30763813853263855
195-1,195,1,4,1,0.30875254,fast_test,unweighted,0.30763813853263855
195-2,195,2,4,1,0.6077184,fast_test,unweighted,0.30763813853263855
195-3,195,3,4,1,0.37213013,fast_test,unweighted,0.30763813853263855
195-4,195,4,4,0,0.005913322,fast_test,unweighted,0.30763813853263855
195-5,195,5,4,1,0.16493452,fast_test,unweighted,0.30763813853263855
195-6,195,6,4,1,0.31337264,fast_test,unweighted,0.30763813853263855
195-7,195,7,4,0,0.010088476,fast_test,unweighted,0.30763813853263855
195-8,195,8,4,0,0.01971088,fast_test,unweighted,0.30763813853263855
195-9,195,9,4,1,0.5626956,fast_test,unweighted,0.30763813853263855
195-10,195,10,4,1,0.11472276,fast_test,unweighted,0.30763813853263855
195-11,195,11,4,0,0.014428502,fast_test,unweighted,0.30763813853263855
195-12,195,12,4,1,0.3267006,fast_test,unweighted,0.30763813853263855
196-0,196,0,2,0,0.02342423,fast_test,unweighted,0.20516107976436615
196-1,196,1,2,0,0.061429225,fast_test,unweighted,0.20516107976436615
196-2,196,2,2,0,0.07408954,fast_test,unweighted,0.20516107976436615
196-3,196,3,2,0,0.09206544,fast_test,unweighted,0.20516107976436615
196-4,196,4,2,0,0.027694933,fast_test,unweighted,0.20516107976436615
196-5,196,5,2,1,0.21233174,fast_test,unweighted,0.20516107976436615
196-6,196,6,2,0,0.018444136,fast_test,unweighted,0.20516107976436615
196-7,196,7,2,0,0.028594743,fast_test,unweighted,0.20516107976436615
196-8,196,8,2,0,0.101678066,fast_test,unweighted,0.20516107976436615
196-9,196,9,2,0,0.067067906,fast_test,unweighted,0.20516107976436615
196-10,196,10,2,0,0.012678933,fast_test,unweighted,0.20516107976436615
196-11,196,11,2,1,0.05813626,fast_test,unweighted,0.20516107976436615
196-12,196,12,2,0,0.029304953,fast_test,unweighted,0.20516107976436615
197-0,197,0,1,0,0.078579284,fast_test,unweighted,0.20838698744773865
197-1,197,1,1,0,0.09701453,fast_test,unweighted,0.20838698744773865
197-2,197,2,1,0,0.05399544,fast_test,unweighted,0.20838698744773865
197-3,197,3,1,0,0.04999654,fast_test,unweighted,0.20838698744773865
197-4,197,4,1,0,0.025253056,fast_test,unweighted,0.20838698744773865
197-5,197,5,1,0,0.024696661,fast_test,unweighted,0.20838698744773865
197-6,197,6,1,0,0.03068567,fast_test,unweighted,0.20838698744773865
197-7,197,7,1,0,0.055753913,fast_test,unweighted,0.20838698744773865
197-8,197,8,1,0,0.029683247,fast_test,unweighted,0.20838698744773865
197-9,197,9,1,0,0.09223796,fast_test,unweighted,0.20838698744773865
197-10,197,10,1,0,0.02384446,fast_test,unweighted,0.20838698744773865
197-11,197,11,1,0,0.0597504,fast_test,unweighted,0.20838698744773865
197-12,197,12,1,0,0.044482995,fast_test,unweighted,0.20838698744773865
198-0,198,0,4,0,0.0012114513,fast_test,unweighted,0.30763813853263855
198-1,198,1,4,0,0.0010553056,fast_test,unweighted,0.30763813853263855
198-2,198,2,4,0,0.0035902031,fast_test,unweighted,0.30763813853263855
198-3,198,3,4,0,0.0017217678,fast_test,unweighted,0.30763813853263855
198-4,198,4,4,0,0.000842505,fast_test,unweighted,0.30763813853263855
198-5,198,5,4,0,0.0005487956,fast_test,unweighted,0.30763813853263855
198-6,198,6,4,0,0.0012155575,fast_test,unweighted,0.30763813853263855
198-7,198,7,4,0,0.0009311022,fast_test,unweighted,0.30763813853263855
198-8,198,8,4,0,0.0030761857,fast_test,unweighted,0.30763813853263855
198-9,198,9,4,0,0.003168466,fast_test,unweighted,0.30763813853263855
198-10,198,10,4,0,0.0009934594,fast_test,unweighted,0.30763813853263855
198-11,198,11,4,0,0.0013111145,fast_test,unweighted,0.30763813853263855
198-12,198,12,4,0,0.0013507277,fast_test,unweighted,0.30763813853263855
199-0,199,0,4,1,0.066765234,fast_test,unweighted,0.30763813853263855
199-1,199,1,4,0,0.12202982,fast_test,unweighted,0.30763813853263855
199-2,199,2,4,1,0.22839847,fast_test,unweighted,0.30763813853263855
199-3,199,3,4,1,0.104887545,fast_test,unweighted,0.30763813853263855
199-4,199,4,4,0,0.06363508,fast_test,unweighted,0.30763813853263855
199-5,199,5,4,1,0.0433855,fast_test,unweighted,0.30763813853263855
199-6,199,6,4,1,0.08010174,fast_test,unweighted,0.30763813853263855
199-7,199,7,4,0,0.10391335,fast_test,unweighted,0.30763813853263855
199-8,199,8,4,1,0.11759593,fast_test,unweighted,0.30763813853263855
199-9,199,9,4,0,0.29710445,fast_test,unweighted,0.30763813853263855
199-10,199,10,4,1,0.034846414,fast_test,unweighted,0.30763813853263855
199-11,199,11,4,1,0.089280404,fast_test,unweighted,0.30763813853263855
199-12,199,12,4,1,0.092438854,fast_test,unweighted,0.30763813853263855
200-0,200,0,5,0,0.01712692,fast_test,unweighted,0.1712287962436676
200-1,200,1,5,0,0.039276488,fast_test,unweighted,0.1712287962436676
200-2,200,2,5,0,0.016475337,fast_test,unweighted,0.1712287962436676
200-3,200,3,5,0,0.04939449,fast_test,unweighted,0.1712287962436676
200-4,200,4,5,0,0.0132317655,fast_test,unweighted,0.1712287962436676
200-5,200,5,5,0,0.012536548,fast_test,unweighted,0.1712287962436676
200-6,200,6,5,0,0.04650997,fast_test,unweighted,0.1712287962436676
200-7,200,7,5,1,0.5379871,fast_test,unweighted,0.1712287962436676
200-8,200,8,5,0,0.019798508,fast_test,unweighted,0.1712287962436676
200-9,200,9,5,0,0.030193113,fast_test,unweighted,0.1712287962436676
200-10,200,10,5,0,0.009777914,fast_test,unweighted,0.1712287962436676
200-11,200,11,5,0,0.016068883,fast_test,unweighted,0.1712287962436676
200-12,200,12,5,0,0.032150686,fast_test,unweighted,0.1712287962436676
201-0,201,0,3,0,0.011194402,fast_test,unweighted,0.21808862686157227
201-1,201,1,3,0,0.007042953,fast_test,unweighted,0.21808862686157227
201-2,201,2,3,0,0.0025372934,fast_test,unweighted,0.21808862686157227
201-3,201,3,3,0,0.02186472,fast_test,unweighted,0.21808862686157227
201-4,201,4,3,0,0.0050922465,fast_test,unweighted,0.21808862686157227
201-5,201,5,3,0,0.013874259,fast_test,unweighted,0.21808862686157227
201-6,201,6,3,0,0.001980005,fast_test,unweighted,0.21808862686157227
201-7,201,7,3,0,0.011487359,fast_test,unweighted,0.21808862686157227
201-8,201,8,3,0,0.0023818302,fast_test,unweighted,0.21808862686157227
201-9,201,9,3,1,0.6166728,fast_test,unweighted,0.21808862686157227
201-10,201,10,3,0,0.0033001911,fast_test,unweighted,0.21808862686157227
201-11,201,11,3,0,0.0032267037,fast_test,unweighted,0.21808862686157227
201-12,201,12,3,0,0.008622442,fast_test,unweighted,0.21808862686157227
202-0,202,0,4,0,0.056240987,fast_test,unweighted,0.30763813853263855
202-1,202,1,4,0,0.06552291,fast_test,unweighted,0.30763813853263855
202-2,202,2,4,0,0.19561994,fast_test,unweighted,0.30763813853263855
202-3,202,3,4,0,0.09404645,fast_test,unweighted,0.30763813853263855
202-4,202,4,4,0,0.030032607,fast_test,unweighted,0.30763813853263855
202-5,202,5,4,0,0.038543735,fast_test,unweighted,0.30763813853263855
202-6,202,6,4,0,0.071176924,fast_test,unweighted,0.30763813853263855
202-7,202,7,4,0,0.062512614,fast_test,unweighted,0.30763813853263855
202-8,202,8,4,0,0.11632339,fast_test,unweighted,0.30763813853263855
202-9,202,9,4,0,0.1645528,fast_test,unweighted,0.30763813853263855
202-10,202,10,4,0,0.02412588,fast_test,unweighted,0.30763813853263855
202-11,202,11,4,0,0.08061576,fast_test,unweighted,0.30763813853263855
202-12,202,12,4,0,0.09273314,fast_test,unweighted,0.30763813853263855
203-0,203,0,3,1,0.008782699,fast_test,unweighted,0.21808862686157227
203-1,203,1,3,0,0.7638526,fast_test,unweighted,0.21808862686157227
203-2,203,2,3,0,0.49037352,fast_test,unweighted,0.21808862686157227
203-3,203,3,3,1,0.020023465,fast_test,unweighted,0.21808862686157227
203-4,203,4,3,0,0.682092,fast_test,unweighted,0.21808862686157227
203-5,203,5,3,0,0.8672023,fast_test,unweighted,0.21808862686157227
203-6,203,6,3,1,0.0015807165,fast_test,unweighted,0.21808862686157227
203-7,203,7,3,0,0.83949745,fast_test,unweighted,0.21808862686157227
203-8,203,8,3,0,0.5182472,fast_test,unweighted,0.21808862686157227
203-9,203,9,3,1,0.012041379,fast_test,unweighted,0.21808862686157227
203-10,203,10,3,1,0.0024032465,fast_test,unweighted,0.21808862686157227
203-11,203,11,3,0,0.5910763,fast_test,unweighted,0.21808862686157227
203-12,203,12,3,0,0.80199504,fast_test,unweighted,0.21808862686157227
204-0,204,0,5,0,0.0007964825,fast_test,unweighted,0.1712287962436676
204-1,204,1,5,0,0.0019592775,fast_test,unweighted,0.1712287962436676
204-2,204,2,5,0,0.0007113893,fast_test,unweighted,0.1712287962436676
204-3,204,3,5,0,0.0029086235,fast_test,unweighted,0.1712287962436676
204-4,204,4,5,0,0.0009932872,fast_test,unweighted,0.1712287962436676
204-5,204,5,5,0,0.0012154921,fast_test,unweighted,0.1712287962436676
204-6,204,6,5,0,0.0023219713,fast_test,unweighted,0.1712287962436676
204-7,204,7,5,0,0.0014180074,fast_test,unweighted,0.1712287962436676
204-8,204,8,5,0,0.0008029413,fast_test,unweighted,0.1712287962436676
204-9,204,9,5,0,0.0020950513,fast_test,unweighted,0.1712287962436676
204-10,204,10,5,0,0.00085111253,fast_test,unweighted,0.1712287962436676
204-11,204,11,5,0,0.00068640395,fast_test,unweighted,0.1712287962436676
204-12,204,12,5,0,0.001479804,fast_test,unweighted,0.1712287962436676
205-0,205,0,3,0,0.01570505,fast_test,unweighted,0.21808862686157227
205-1,205,1,3,0,0.010677586,fast_test,unweighted,0.21808862686157227
205-2,205,2,3,0,0.0038222224,fast_test,unweighted,0.21808862686157227
205-3,205,3,3,0,0.029849393,fast_test,unweighted,0.21808862686157227
205-4,205,4,3,0,0.0050382237,fast_test,unweighted,0.21808862686157227
205-5,205,5,3,0,0.021370338,fast_test,unweighted,0.21808862686157227
205-6,205,6,3,0,0.0030913844,fast_test,unweighted,0.21808862686157227
205-7,205,7,3,0,0.016606683,fast_test,unweighted,0.21808862686157227
205-8,205,8,3,0,0.0040284526,fast_test,unweighted,0.21808862686157227
205-9,205,9,3,0,0.015906818,fast_test,unweighted,0.21808862686157227
205-10,205,10,3,0,0.0049772398,fast_test,unweighted,0.21808862686157227
205-11,205,11,3,1,0.19631156,fast_test,unweighted,0.21808862686157227
205-12,205,12,3,0,0.013420487,fast_test,unweighted,0.21808862686157227
206-0,206,0,1,0,0.009656244,fast_test,unweighted,0.20838698744773865
206-1,206,1,1,0,0.010905398,fast_test,unweighted,0.20838698744773865
206-2,206,2,1,0,0.005212433,fast_test,unweighted,0.20838698744773865
206-3,206,3,1,0,0.0056879376,fast_test,unweighted,0.20838698744773865
206-4,206,4,1,0,0.0026727836,fast_test,unweighted,0.20838698744773865
206-5,206,5,1,0,0.003061459,fast_test,unweighted,0.20838698744773865
206-6,206,6,1,0,0.0029588677,fast_test,unweighted,0.20838698744773865
206-7,206,7,1,0,0.005659567,fast_test,unweighted,0.20838698744773865
206-8,206,8,1,0,0.002937209,fast_test,unweighted,0.20838698744773865
206-9,206,9,1,0,0.010193099,fast_test,unweighted,0.20838698744773865
206-10,206,10,1,0,0.0033938822,fast_test,unweighted,0.20838698744773865
206-11,206,11,1,0,0.0061506885,fast_test,unweighted,0.20838698744773865
206-12,206,12,1,0,0.00473084,fast_test,unweighted,0.20838698744773865
207-0,207,0,2,0,0.003144634,fast_test,unweighted,0.20516107976436615
207-1,207,1,2,0,0.0056038657,fast_test,unweighted,0.20516107976436615
207-2,207,2,2,0,0.0066916747,fast_test,unweighted,0.20516107976436615
207-3,207,3,2,0,0.0081061,fast_test,unweighted,0.20516107976436615
207-4,207,4,2,0,0.002776257,fast_test,unweighted,0.20516107976436615
207-5,207,5,2,1,0.6592555,fast_test,unweighted,0.20516107976436615
207-6,207,6,2,0,0.001948088,fast_test,unweighted,0.20516107976436615
207-7,207,7,2,1,0.5758882,fast_test,unweighted,0.20516107976436615
207-8,207,8,2,0,0.008844863,fast_test,unweighted,0.20516107976436615
207-9,207,9,2,0,0.0073859626,fast_test,unweighted,0.20516107976436615
207-10,207,10,2,0,0.0009808205,fast_test,unweighted,0.20516107976436615
207-11,207,11,2,0,0.0010483809,fast_test,unweighted,0.20516107976436615
207-12,207,12,2,0,0.0027527106,fast_test,unweighted,0.20516107976436615
208-0,208,0,3,0,0.049975272,fast_test,unweighted,0.21808862686157227
208-1,208,1,3,0,0.03512039,fast_test,unweighted,0.21808862686157227
208-2,208,2,3,0,0.011438309,fast_test,unweighted,0.21808862686157227
208-3,208,3,3,0,0.11792537,fast_test,unweighted,0.21808862686157227
208-4,208,4,3,0,0.020203505,fast_test,unweighted,0.21808862686157227
208-5,208,5,3,0,0.06418353,fast_test,unweighted,0.21808862686157227
208-6,208,6,3,0,0.008530781,fast_test,unweighted,0.21808862686157227
208-7,208,7,3,0,0.055131808,fast_test,unweighted,0.21808862686157227
208-8,208,8,3,0,0.015342402,fast_test,unweighted,0.21808862686157227
208-9,208,9,3,1,0.42669788,fast_test,unweighted,0.21808862686157227
208-10,208,10,3,0,0.016352702,fast_test,unweighted,0.21808862686157227
208-11,208,11,3,0,0.016218042,fast_test,unweighted,0.21808862686157227
208-12,208,12,3,0,0.04803107,fast_test,unweighted,0.21808862686157227
209-0,209,0,1,0,0.11607561,fast_test,unweighted,0.20838698744773865
209-1,209,1,1,0,0.1462905,fast_test,unweighted,0.20838698744773865
209-2,209,2,1,0,0.08015693,fast_test,unweighted,0.20838698744773865
209-3,209,3,1,0,0.07357966,fast_test,unweighted,0.20838698744773865
209-4,209,4,1,0,0.034738086,fast_test,unweighted,0.20838698744773865
209-5,209,5,1,0,0.033018284,fast_test,unweighted,0.20838698744773865
209-6,209,6,1,0,0.044691954,fast_test,unweighted,0.20838698744773865
209-7,209,7,1,0,0.08357998,fast_test,unweighted,0.20838698744773865
209-8,209,8,1,0,0.044037405,fast_test,unweighted,0.20838698744773865
209-9,209,9,1,0,0.12265516,fast_test,unweighted,0.20838698744773865
209-10,209,10,1,0,0.029151842,fast_test,unweighted,0.20838698744773865
209-11,209,11,1,0,0.089963675,fast_test,unweighted,0.20838698744773865
209-12,209,12,1,0,0.06627725,fast_test,unweighted,0.20838698744773865
210-0,210,0,1,0,0.23828468,fast_test,unweighted,0.20838698744773865
210-1,210,1,1,1,0.063877285,fast_test,unweighted,0.20838698744773865
210-2,210,2,1,1,0.033526193,fast_test,unweighted,0.20838698744773865
210-3,210,3,1,0,0.19307615,fast_test,unweighted,0.20838698744773865
210-4,210,4,1,0,0.09994083,fast_test,unweighted,0.20838698744773865
210-5,210,5,1,0,0.09358439,fast_test,unweighted,0.20838698744773865
210-6,210,6,1,0,0.093989655,fast_test,unweighted,0.20838698744773865
210-7,210,7,1,0,0.1925406,fast_test,unweighted,0.20838698744773865
210-8,210,8,1,1,0.021009658,fast_test,unweighted,0.20838698744773865
210-9,210,9,1,0,0.25163332,fast_test,unweighted,0.20838698744773865
210-10,210,10,1,1,0.014101039,fast_test,unweighted,0.20838698744773865
210-11,210,11,1,1,0.03882749,fast_test,unweighted,0.20838698744773865
210-12,210,12,1,1,0.028424142,fast_test,unweighted,0.20838698744773865
211-0,211,0,4,1,0.08202505,fast_test,unweighted,0.30763813853263855
211-1,211,1,4,1,0.11593006,fast_test,unweighted,0.30763813853263855
211-2,211,2,4,1,0.31262842,fast_test,unweighted,0.30763813853263855
211-3,211,3,4,1,0.15002072,fast_test,unweighted,0.30763813853263855
211-4,211,4,4,1,0.06124608,fast_test,unweighted,0.30763813853263855
211-5,211,5,4,0,0.05518019,fast_test,unweighted,0.30763813853263855
211-6,211,6,4,1,0.11684129,fast_test,unweighted,0.30763813853263855
211-7,211,7,4,1,0.09911579,fast_test,unweighted,0.30763813853263855
211-8,211,8,4,1,0.20157166,fast_test,unweighted,0.30763813853263855
211-9,211,9,4,1,0.2780796,fast_test,unweighted,0.30763813853263855
211-10,211,10,4,1,0.04691144,fast_test,unweighted,0.30763813853263855
211-11,211,11,4,0,0.11327213,fast_test,unweighted,0.30763813853263855
211-12,211,12,4,1,0.13497953,fast_test,unweighted,0.30763813853263855
212-0,212,0,1,0,0.1233382,fast_test,unweighted,0.20838698744773865
212-1,212,1,1,0,0.15799591,fast_test,unweighted,0.20838698744773865
212-2,212,2,1,0,0.089384034,fast_test,unweighted,0.20838698744773865
212-3,212,3,1,0,0.08048588,fast_test,unweighted,0.20838698744773865
212-4,212,4,1,0,0.03712531,fast_test,unweighted,0.20838698744773865
212-5,212,5,1,1,0.028685268,fast_test,unweighted,0.20838698744773865
212-6,212,6,1,0,0.052621283,fast_test,unweighted,0.20838698744773865
212-7,212,7,1,0,0.09317978,fast_test,unweighted,0.20838698744773865
212-8,212,8,1,1,0.034363136,fast_test,unweighted,0.20838698744773865
212-9,212,9,1,0,0.14949578,fast_test,unweighted,0.20838698744773865
212-10,212,10,1,1,0.024304181,fast_test,unweighted,0.20838698744773865
212-11,212,11,1,0,0.1016687,fast_test,unweighted,0.20838698744773865
212-12,212,12,1,0,0.074943505,fast_test,unweighted,0.20838698744773865
213-0,213,0,4,1,0.0016207666,fast_test,unweighted,0.30763813853263855
213-1,213,1,4,1,0.0013725281,fast_test,unweighted,0.30763813853263855
213-2,213,2,4,1,0.0052299923,fast_test,unweighted,0.30763813853263855
213-3,213,3,4,1,0.0021248793,fast_test,unweighted,0.30763813853263855
213-4,213,4,4,1,0.0011937591,fast_test,unweighted,0.30763813853263855
213-5,213,5,4,1,0.0006665365,fast_test,unweighted,0.30763813853263855
213-6,213,6,4,1,0.0016178311,fast_test,unweighted,0.30763813853263855
213-7,213,7,4,1,0.0015669351,fast_test,unweighted,0.30763813853263855
213-8,213,8,4,1,0.0034145487,fast_test,unweighted,0.30763813853263855
213-9,213,9,4,1,0.0057904106,fast_test,unweighted,0.30763813853263855
213-10,213,10,4,1,0.0012688834,fast_test,unweighted,0.30763813853263855
213-11,213,11,4,1,0.001557617,fast_test,unweighted,0.30763813853263855
213-12,213,12,4,1,0.0018006593,fast_test,unweighted,0.30763813853263855
214-0,214,0,3,0,0.12532644,fast_test,unweighted,0.21808862686157227
214-1,214,1,3,0,0.06268031,fast_test,unweighted,0.21808862686157227
214-2,214,2,3,0,0.018999178,fast_test,unweighted,0.21808862686157227
214-3,214,3,3,0,0.22320224,fast_test,unweighted,0.21808862686157227
214-4,214,4,3,0,0.039295,fast_test,unweighted,0.21808862686157227
214-5,214,5,3,0,0.11918383,fast_test,unweighted,0.21808862686157227
214-6,214,6,3,0,0.015436984,fast_test,unweighted,0.21808862686157227
214-7,214,7,3,0,0.1027244,fast_test,unweighted,0.21808862686157227
214-8,214,8,3,0,0.026906997,fast_test,unweighted,0.21808862686157227
214-9,214,9,3,0,0.10405941,fast_test,unweighted,0.21808862686157227
214-10,214,10,3,0,0.026081195,fast_test,unweighted,0.21808862686157227
214-11,214,11,3,0,0.022248542,fast_test,unweighted,0.21808862686157227
214-12,214,12,3,0,0.08252563,fast_test,unweighted,0.21808862686157227
215-0,215,0,1,0,0.026965713,fast_test,unweighted,0.20838698744773865
215-1,215,1,1,0,0.027655173,fast_test,unweighted,0.20838698744773865
215-2,215,2,1,0,0.014057373,fast_test,unweighted,0.20838698744773865
215-3,215,3,1,0,0.016270416,fast_test,unweighted,0.20838698744773865
215-4,215,4,1,0,0.0067403656,fast_test,unweighted,0.20838698744773865
215-5,215,5,1,0,0.006434715,fast_test,unweighted,0.20838698744773865
215-6,215,6,1,0,0.008071358,fast_test,unweighted,0.20838698744773865
215-7,215,7,1,0,0.016651573,fast_test,unweighted,0.20838698744773865
215-8,215,8,1,0,0.009517666,fast_test,unweighted,0.20838698744773865
215-9,215,9,1,0,0.026439976,fast_test,unweighted,0.20838698744773865
215-10,215,10,1,0,0.0075000636,fast_test,unweighted,0.20838698744773865
215-11,215,11,1,0,0.015804404,fast_test,unweighted,0.20838698744773865
215-12,215,12,1,0,0.013322258,fast_test,unweighted,0.20838698744773865
216-0,216,0,1,0,0.035703342,fast_test,unweighted,0.20838698744773865
216-1,216,1,1,0,0.04041939,fast_test,unweighted,0.20838698744773865
216-2,216,2,1,0,0.020964632,fast_test,unweighted,0.20838698744773865
216-3,216,3,1,0,0.021417798,fast_test,unweighted,0.20838698744773865
216-4,216,4,1,0,0.008900029,fast_test,unweighted,0.20838698744773865
216-5,216,5,1,0,0.009410634,fast_test,unweighted,0.20838698744773865
216-6,216,6,1,0,0.010652923,fast_test,unweighted,0.20838698744773865
216-7,216,7,1,0,0.02191684,fast_test,unweighted,0.20838698744773865
216-8,216,8,1,0,0.011607117,fast_test,unweighted,0.20838698744773865
216-9,216,9,1,0,0.034371767,fast_test,unweighted,0.20838698744773865
216-10,216,10,1,0,0.010219274,fast_test,unweighted,0.20838698744773865
216-11,216,11,1,0,0.020807415,fast_test,unweighted,0.20838698744773865
216-12,216,12,1,0,0.017553555,fast_test,unweighted,0.20838698744773865
217-0,217,0,2,0,0.14271155,fast_test,unweighted,0.20516107976436615
217-1,217,1,2,0,0.13568693,fast_test,unweighted,0.20516107976436615
217-2,217,2,2,0,0.2851013,fast_test,unweighted,0.20516107976436615
217-3,217,3,2,0,0.33571094,fast_test,unweighted,0.20516107976436615
217-4,217,4,2,0,0.07583208,fast_test,unweighted,0.20516107976436615
217-5,217,5,2,0,0.16649069,fast_test,unweighted,0.20516107976436615
217-6,217,6,2,0,0.039432377,fast_test,unweighted,0.20516107976436615
217-7,217,7,2,0,0.14810583,fast_test,unweighted,0.20516107976436615
217-8,217,8,2,0,0.3846733,fast_test,unweighted,0.20516107976436615
217-9,217,9,2,0,0.2795405,fast_test,unweighted,0.20516107976436615
217-10,217,10,2,0,0.036681756,fast_test,unweighted,0.20516107976436615
217-11,217,11,2,0,0.026456496,fast_test,unweighted,0.20516107976436615
217-12,217,12,2,0,0.13211015,fast_test,unweighted,0.20516107976436615
218-0,218,0,1,0,0.12842193,fast_test,unweighted,0.20838698744773865
218-1,218,1,1,0,0.12615825,fast_test,unweighted,0.20838698744773865
218-2,218,2,1,0,0.07426796,fast_test,unweighted,0.20838698744773865
218-3,218,3,1,0,0.07978991,fast_test,unweighted,0.20838698744773865
218-4,218,4,1,0,0.033299573,fast_test,unweighted,0.20838698744773865
218-5,218,5,1,0,0.031534266,fast_test,unweighted,0.20838698744773865
218-6,218,6,1,0,0.04485696,fast_test,unweighted,0.20838698744773865
218-7,218,7,1,0,0.07993596,fast_test,unweighted,0.20838698744773865
218-8,218,8,1,0,0.04354911,fast_test,unweighted,0.20838698744773865
218-9,218,9,1,0,0.12013756,fast_test,unweighted,0.20838698744773865
218-10,218,10,1,0,0.03215301,fast_test,unweighted,0.20838698744773865
218-11,218,11,1,0,0.07611814,fast_test,unweighted,0.20838698744773865
218-12,218,12,1,0,0.06478711,fast_test,unweighted,0.20838698744773865
219-0,219,0,2,0,0.026669491,fast_test,unweighted,0.20516107976436615
219-1,219,1,2,0,0.02491972,fast_test,unweighted,0.20516107976436615
219-2,219,2,2,0,0.038366687,fast_test,unweighted,0.20516107976436615
219-3,219,3,2,0,0.06367737,fast_test,unweighted,0.20516107976436615
219-4,219,4,2,0,0.012574294,fast_test,unweighted,0.20516107976436615
219-5,219,5,2,0,0.018574355,fast_test,unweighted,0.20516107976436615
219-6,219,6,2,0,0.00906928,fast_test,unweighted,0.20516107976436615
219-7,219,7,2,0,0.021650463,fast_test,unweighted,0.20516107976436615
219-8,219,8,2,0,0.07497108,fast_test,unweighted,0.20516107976436615
219-9,219,9,2,0,0.057743378,fast_test,unweighted,0.20516107976436615
219-10,219,10,2,0,0.0073602246,fast_test,unweighted,0.20516107976436615
219-11,219,11,2,0,0.005967995,fast_test,unweighted,0.20516107976436615
219-12,219,12,2,0,0.01644914,fast_test,unweighted,0.20516107976436615
220-0,220,0,2,1,0.0033137687,fast_test,unweighted,0.20516107976436615
220-1,220,1,2,0,0.47237813,fast_test,unweighted,0.20516107976436615
220-2,220,2,2,1,0.006751139,fast_test,unweighted,0.20516107976436615
220-3,220,3,2,1,0.008917438,fast_test,unweighted,0.20516107976436615
220-4,220,4,2,0,0.4910265,fast_test,unweighted,0.20516107976436615
220-5,220,5,2,0,0.6544351,fast_test,unweighted,0.20516107976436615
220-6,220,6,2,0,0.21593615,fast_test,unweighted,0.20516107976436615
220-7,220,7,2,0,0.57065654,fast_test,unweighted,0.20516107976436615
220-8,220,8,2,0,0.84869087,fast_test,unweighted,0.20516107976436615
220-9,220,9,2,0,0.84381044,fast_test,unweighted,0.20516107976436615
220-10,220,10,2,1,0.0010896433,fast_test,unweighted,0.20516107976436615
220-11,220,11,2,1,0.00086628884,fast_test,unweighted,0.20516107976436615
220-12,220,12,2,1,0.0027775562,fast_test,unweighted,0.20516107976436615
221-0,221,0,4,0,0.111781836,fast_test,unweighted,0.30763813853263855
221-1,221,1,4,0,0.10244304,fast_test,unweighted,0.30763813853263855
221-2,221,2,4,1,0.43804064,fast_test,unweighted,0.30763813853263855
221-3,221,3,4,0,0.19423003,fast_test,unweighted,0.30763813853263855
221-4,221,4,4,0,0.05002421,fast_test,unweighted,0.30763813853263855
221-5,221,5,4,1,0.106688894,fast_test,unweighted,0.30763813853263855
221-6,221,6,4,0,0.1037686,fast_test,unweighted,0.30763813853263855
221-7,221,7,4,0,0.10526805,fast_test,unweighted,0.30763813853263855
221-8,221,8,4,0,0.19290209,fast_test,unweighted,0.30763813853263855
221-9,221,9,4,1,0.38579452,fast_test,unweighted,0.30763813853263855
221-10,221,10,4,0,0.042325895,fast_test,unweighted,0.30763813853263855
221-11,221,11,4,0,0.118328065,fast_test,unweighted,0.30763813853263855
221-12,221,12,4,0,0.14110816,fast_test,unweighted,0.30763813853263855
222-0,222,0,4,1,0.10521612,fast_test,unweighted,0.30763813853263855
222-1,222,1,4,1,0.09862519,fast_test,unweighted,0.30763813853263855
222-2,222,2,4,1,0.2768363,fast_test,unweighted,0.30763813853263855
222-3,222,3,4,1,0.19022357,fast_test,unweighted,0.30763813853263855
222-4,222,4,4,1,0.048055332,fast_test,unweighted,0.30763813853263855
222-5,222,5,4,0,0.07870154,fast_test,unweighted,0.30763813853263855
222-6,222,6,4,1,0.122279234,fast_test,unweighted,0.30763813853263855
222-7,222,7,4,1,0.09904227,fast_test,unweighted,0.30763813853263855
222-8,222,8,4,1,0.17903921,fast_test,unweighted,0.30763813853263855
222-9,222,9,4,1,0.24337868,fast_test,unweighted,0.30763813853263855
222-10,222,10,4,1,0.04165487,fast_test,unweighted,0.30763813853263855
222-11,222,11,4,1,0.11399337,fast_test,unweighted,0.30763813853263855
222-12,222,12,4,1,0.133078,fast_test,unweighted,0.30763813853263855
223-0,223,0,3,0,0.5210615,fast_test,unweighted,0.21808862686157227
223-1,223,1,3,0,0.31001142,fast_test,unweighted,0.21808862686157227
223-2,223,2,3,0,0.11941432,fast_test,unweighted,0.21808862686157227
223-3,223,3,3,0,0.6705351,fast_test,unweighted,0.21808862686157227
223-4,223,4,3,0,0.22128962,fast_test,unweighted,0.21808862686157227
223-5,223,5,3,0,0.47925422,fast_test,unweighted,0.21808862686157227
223-6,223,6,3,1,0.012501656,fast_test,unweighted,0.21808862686157227
223-7,223,7,3,0,0.45208582,fast_test,unweighted,0.21808862686157227
223-8,223,8,3,1,0.020779874,fast_test,unweighted,0.21808862686157227
223-9,223,9,3,1,0.06692286,fast_test,unweighted,0.21808862686157227
223-10,223,10,3,0,0.08191143,fast_test,unweighted,0.21808862686157227
223-11,223,11,3,1,0.019474726,fast_test,unweighted,0.21808862686157227
223-12,223,12,3,0,0.40012512,fast_test,unweighted,0.21808862686157227
224-0,224,0,4,0,0.0033370196,fast_test,unweighted,0.30763813853263855
224-1,224,1,4,0,0.002880681,fast_test,unweighted,0.30763813853263855
224-2,224,2,4,0,0.009701745,fast_test,unweighted,0.30763813853263855
224-3,224,3,4,0,0.0052014,fast_test,unweighted,0.30763813853263855
224-4,224,4,4,0,0.0021838488,fast_test,unweighted,0.30763813853263855
224-5,224,5,4,0,0.0014381483,fast_test,unweighted,0.30763813853263855
224-6,224,6,4,0,0.0037073568,fast_test,unweighted,0.30763813853263855
224-7,224,7,4,0,0.002629506,fast_test,unweighted,0.30763813853263855
224-8,224,8,4,0,0.0067052227,fast_test,unweighted,0.30763813853263855
224-9,224,9,4,0,0.010328045,fast_test,unweighted,0.30763813853263855
224-10,224,10,4,0,0.0025516758,fast_test,unweighted,0.30763813853263855
224-11,224,11,4,0,0.0029919012,fast_test,unweighted,0.30763813853263855
224-12,224,12,4,0,0.0038366767,fast_test,unweighted,0.30763813853263855
225-0,225,0,2,0,0.057125717,fast_test,unweighted,0.20516107976436615
225-1,225,1,2,0,0.06317489,fast_test,unweighted,0.20516107976436615
225-2,225,2,2,0,0.11636829,fast_test,unweighted,0.20516107976436615
225-3,225,3,2,0,0.14301746,fast_test,unweighted,0.20516107976436615
225-4,225,4,2,0,0.04601078,fast_test,unweighted,0.20516107976436615
225-5,225,5,2,0,0.047563672,fast_test,unweighted,0.20516107976436615
225-6,225,6,2,0,0.024679508,fast_test,unweighted,0.20516107976436615
225-7,225,7,2,0,0.04919651,fast_test,unweighted,0.20516107976436615
225-8,225,8,2,0,0.15595412,fast_test,unweighted,0.20516107976436615
225-9,225,9,2,0,0.11197314,fast_test,unweighted,0.20516107976436615
225-10,225,10,2,0,0.020057121,fast_test,unweighted,0.20516107976436615
225-11,225,11,2,0,0.015717462,fast_test,unweighted,0.20516107976436615
225-12,225,12,2,0,0.051767148,fast_test,unweighted,0.20516107976436615
226-0,226,0,3,0,0.021176418,fast_test,unweighted,0.21808862686157227
226-1,226,1,3,0,0.010835587,fast_test,unweighted,0.21808862686157227
226-2,226,2,3,0,0.0037744273,fast_test,unweighted,0.21808862686157227
226-3,226,3,3,0,0.0432411,fast_test,unweighted,0.21808862686157227
226-4,226,4,3,0,0.006678933,fast_test,unweighted,0.21808862686157227
226-5,226,5,3,0,0.020047763,fast_test,unweighted,0.21808862686157227
226-6,226,6,3,0,0.0028449206,fast_test,unweighted,0.21808862686157227
226-7,226,7,3,0,0.017534766,fast_test,unweighted,0.21808862686157227
226-8,226,8,3,0,0.0034718697,fast_test,unweighted,0.21808862686157227
226-9,226,9,3,0,0.017499676,fast_test,unweighted,0.21808862686157227
226-10,226,10,3,0,0.0052345446,fast_test,unweighted,0.21808862686157227
226-11,226,11,3,0,0.0034840899,fast_test,unweighted,0.21808862686157227
226-12,226,12,3,0,0.0107272705,fast_test,unweighted,0.21808862686157227
227-0,227,0,2,0,0.027510758,fast_test,unweighted,0.20516107976436615
227-1,227,1,2,0,0.044129778,fast_test,unweighted,0.20516107976436615
227-2,227,2,2,0,0.0571551,fast_test,unweighted,0.20516107976436615
227-3,227,3,2,0,0.07091173,fast_test,unweighted,0.20516107976436615
227-4,227,4,2,0,0.021126755,fast_test,unweighted,0.20516107976436615
227-5,227,5,2,1,0.27853414,fast_test,unweighted,0.20516107976436615
227-6,227,6,2,0,0.015554926,fast_test,unweighted,0.20516107976436615
227-7,227,7,2,0,0.02321431,fast_test,unweighted,0.20516107976436615
227-8,227,8,2,1,0.50376576,fast_test,unweighted,0.20516107976436615
227-9,227,9,2,0,0.05829886,fast_test,unweighted,0.20516107976436615
227-10,227,10,2,0,0.0096033,fast_test,unweighted,0.20516107976436615
227-11,227,11,2,0,0.007870282,fast_test,unweighted,0.20516107976436615
227-12,227,12,2,0,0.02520858,fast_test,unweighted,0.20516107976436615
228-0,228,0,2,1,0.15962382,fast_test,unweighted,0.20516107976436615
228-1,228,1,2,0,0.0959415,fast_test,unweighted,0.20516107976436615
228-2,228,2,2,1,0.30955526,fast_test,unweighted,0.20516107976436615
228-3,228,3,2,1,0.36230588,fast_test,unweighted,0.20516107976436615
228-4,228,4,2,1,0.1264765,fast_test,unweighted,0.20516107976436615
228-5,228,5,2,0,0.09379896,fast_test,unweighted,0.20516107976436615
228-6,228,6,2,1,0.04355157,fast_test,unweighted,0.20516107976436615
228-7,228,7,2,0,0.06731908,fast_test,unweighted,0.20516107976436615
228-8,228,8,2,0,0.21148886,fast_test,unweighted,0.20516107976436615
228-9,228,9,2,0,0.18490176,fast_test,unweighted,0.20516107976436615
228-10,228,10,2,1,0.05020329,fast_test,unweighted,0.20516107976436615
228-11,228,11,2,0,0.024513405,fast_test,unweighted,0.20516107976436615
228-12,228,12,2,0,0.06991257,fast_test,unweighted,0.20516107976436615
229-0,229,0,3,1,0.16482632,fast_test,unweighted,0.21808862686157227
229-1,229,1,3,0,0.03359033,fast_test,unweighted,0.21808862686157227
229-2,229,2,3,0,0.014693088,fast_test,unweighted,0.21808862686157227
229-3,229,3,3,0,0.16443934,fast_test,unweighted,0.21808862686157227
229-4,229,4,3,1,0.049022496,fast_test,unweighted,0.21808862686157227
229-5,229,5,3,1,0.1445053,fast_test,unweighted,0.21808862686157227
229-6,229,6,3,0,0.012169179,fast_test,unweighted,0.21808862686157227
229-7,229,7,3,0,0.08106776,fast_test,unweighted,0.21808862686157227
229-8,229,8,3,0,0.02113677,fast_test,unweighted,0.21808862686157227
229-9,229,9,3,0,0.09472126,fast_test,unweighted,0.21808862686157227
229-10,229,10,3,0,0.02070469,fast_test,unweighted,0.21808862686157227
229-11,229,11,3,0,0.01666661,fast_test,unweighted,0.21808862686157227
229-12,229,12,3,0,0.067517385,fast_test,unweighted,0.21808862686157227
230-0,230,0,4,0,0.010613434,fast_test,unweighted,0.30763813853263855
230-1,230,1,4,0,0.011725832,fast_test,unweighted,0.30763813853263855
230-2,230,2,4,0,0.039346486,fast_test,unweighted,0.30763813853263855
230-3,230,3,4,0,0.02149737,fast_test,unweighted,0.30763813853263855
230-4,230,4,4,0,0.005913322,fast_test,unweighted,0.30763813853263855
230-5,230,5,4,0,0.005912327,fast_test,unweighted,0.30763813853263855
230-6,230,6,4,0,0.013235433,fast_test,unweighted,0.30763813853263855
230-7,230,7,4,0,0.010132549,fast_test,unweighted,0.30763813853263855
230-8,230,8,4,0,0.01971088,fast_test,unweighted,0.30763813853263855
230-9,230,9,4,0,0.029354978,fast_test,unweighted,0.30763813853263855
230-10,230,10,4,0,0.008699641,fast_test,unweighted,0.30763813853263855
230-11,230,11,4,0,0.011913613,fast_test,unweighted,0.30763813853263855
230-12,230,12,4,0,0.015635274,fast_test,unweighted,0.30763813853263855
231-0,231,0,1,0,0.015980583,fast_test,unweighted,0.20838698744773865
231-1,231,1,1,0,0.021523336,fast_test,unweighted,0.20838698744773865
231-2,231,2,1,0,0.008428684,fast_test,unweighted,0.20838698744773865
231-3,231,3,1,0,0.008611675,fast_test,unweighted,0.20838698744773865
231-4,231,4,1,0,0.0044438248,fast_test,unweighted,0.20838698744773865
231-5,231,5,1,0,0.0046297004,fast_test,unweighted,0.20838698744773865
231-6,231,6,1,0,0.0057961205,fast_test,unweighted,0.20838698744773865
231-7,231,7,1,0,0.008949679,fast_test,unweighted,0.20838698744773865
231-8,231,8,1,0,0.004721512,fast_test,unweighted,0.20838698744773865
231-9,231,9,1,0,0.019399753,fast_test,unweighted,0.20838698744773865
231-10,231,10,1,0,0.0052821506,fast_test,unweighted,0.20838698744773865
231-11,231,11,1,1,0.72629875,fast_test,unweighted,0.20838698744773865
231-12,231,12,1,0,0.009248729,fast_test,unweighted,0.20838698744773865
232-0,232,0,2,0,0.1905335,fast_test,unweighted,0.20516107976436615
232-1,232,1,2,0,0.27209142,fast_test,unweighted,0.20516107976436615
232-2,232,2,2,0,0.35715875,fast_test,unweighted,0.20516107976436615
232-3,232,3,2,0,0.4243005,fast_test,unweighted,0.20516107976436615
232-4,232,4,2,0,0.12895882,fast_test,unweighted,0.20516107976436615
232-5,232,5,2,0,0.18733348,fast_test,unweighted,0.20516107976436615
232-6,232,6,2,0,0.052444894,fast_test,unweighted,0.20516107976436615
232-7,232,7,2,0,0.17172448,fast_test,unweighted,0.20516107976436615
232-8,232,8,2,0,0.42710367,fast_test,unweighted,0.20516107976436615
232-9,232,9,2,0,0.39659813,fast_test,unweighted,0.20516107976436615
232-10,232,10,2,0,0.051276498,fast_test,unweighted,0.20516107976436615
232-11,232,11,2,0,0.04295218,fast_test,unweighted,0.20516107976436615
232-12,232,12,2,0,0.15130422,fast_test,unweighted,0.20516107976436615
233-0,233,0,5,0,0.08427338,fast_test,unweighted,0.1712287962436676
233-1,233,1,5,0,0.19467106,fast_test,unweighted,0.1712287962436676
233-2,233,2,5,0,0.08541211,fast_test,unweighted,0.1712287962436676
233-3,233,3,5,0,0.3251841,fast_test,unweighted,0.1712287962436676
233-4,233,4,5,0,0.07754611,fast_test,unweighted,0.1712287962436676
233-5,233,5,5,0,0.051892605,fast_test,unweighted,0.1712287962436676
233-6,233,6,5,0,0.19398336,fast_test,unweighted,0.1712287962436676
233-7,233,7,5,0,0.18906206,fast_test,unweighted,0.1712287962436676
233-8,233,8,5,0,0.12279795,fast_test,unweighted,0.1712287962436676
233-9,233,9,5,0,0.20896193,fast_test,unweighted,0.1712287962436676
233-10,233,10,5,0,0.040277414,fast_test,unweighted,0.1712287962436676
233-11,233,11,5,0,0.08541211,fast_test,unweighted,0.1712287962436676
233-12,233,12,5,0,0.1375755,fast_test,unweighted,0.1712287962436676
234-0,234,0,3,0,0.00690171,fast_test,unweighted,0.21808862686157227
234-1,234,1,3,0,0.002846854,fast_test,unweighted,0.21808862686157227
234-2,234,2,3,0,0.0011655859,fast_test,unweighted,0.21808862686157227
234-3,234,3,3,0,0.01202248,fast_test,unweighted,0.21808862686157227
234-4,234,4,3,0,0.0015367235,fast_test,unweighted,0.21808862686157227
234-5,234,5,3,0,0.00540908,fast_test,unweighted,0.21808862686157227
234-6,234,6,3,0,0.0009914653,fast_test,unweighted,0.21808862686157227
234-7,234,7,3,0,0.005352722,fast_test,unweighted,0.21808862686157227
234-8,234,8,3,0,0.001091688,fast_test,unweighted,0.21808862686157227
234-9,234,9,3,0,0.0052253804,fast_test,unweighted,0.21808862686157227
234-10,234,10,3,0,0.0014097992,fast_test,unweighted,0.21808862686157227
234-11,234,11,3,1,0.6317133,fast_test,unweighted,0.21808862686157227
234-12,234,12,3,0,0.0040916493,fast_test,unweighted,0.21808862686157227
235-0,235,0,3,0,0.08079594,fast_test,unweighted,0.21808862686157227
235-1,235,1,3,0,0.036529034,fast_test,unweighted,0.21808862686157227
235-2,235,2,3,0,0.011722831,fast_test,unweighted,0.21808862686157227
235-3,235,3,3,0,0.15028885,fast_test,unweighted,0.21808862686157227
235-4,235,4,3,0,0.02139752,fast_test,unweighted,0.21808862686157227
235-5,235,5,3,0,0.0711564,fast_test,unweighted,0.21808862686157227
235-6,235,6,3,0,0.011155101,fast_test,unweighted,0.21808862686157227
235-7,235,7,3,0,0.0697606,fast_test,unweighted,0.21808862686157227
235-8,235,8,3,0,0.018608063,fast_test,unweighted,0.21808862686157227
235-9,235,9,3,0,0.072052516,fast_test,unweighted,0.21808862686157227
235-10,235,10,3,0,0.016244609,fast_test,unweighted,0.21808862686157227
235-11,235,11,3,0,0.015738735,fast_test,unweighted,0.21808862686157227
235-12,235,12,3,0,0.049311183,fast_test,unweighted,0.21808862686157227
236-0,236,0,3,1,0.08573864,fast_test,unweighted,0.21808862686157227
236-1,236,1,3,1,0.03638311,fast_test,unweighted,0.21808862686157227
236-2,236,2,3,1,0.012593835,fast_test,unweighted,0.21808862686157227
236-3,236,3,3,1,0.13816687,fast_test,unweighted,0.21808862686157227
236-4,236,4,3,1,0.015500147,fast_test,unweighted,0.21808862686157227
236-5,236,5,3,1,0.051287044,fast_test,unweighted,0.21808862686157227
236-6,236,6,3,1,0.0104827825,fast_test,unweighted,0.21808862686157227
236-7,236,7,3,1,0.06916149,fast_test,unweighted,0.21808862686157227
236-8,236,8,3,1,0.016817044,fast_test,unweighted,0.21808862686157227
236-9,236,9,3,1,0.056250144,fast_test,unweighted,0.21808862686157227
236-10,236,10,3,1,0.016902328,fast_test,unweighted,0.21808862686157227
236-11,236,11,3,1,0.011158046,fast_test,unweighted,0.21808862686157227
236-12,236,12,3,1,0.051610176,fast_test,unweighted,0.21808862686157227
237-0,237,0,1,0,0.12436376,fast_test,unweighted,0.20838698744773865
237-1,237,1,1,0,0.12615825,fast_test,unweighted,0.20838698744773865
237-2,237,2,1,0,0.067488916,fast_test,unweighted,0.20838698744773865
237-3,237,3,1,0,0.07978991,fast_test,unweighted,0.20838698744773865
237-4,237,4,1,0,0.033299573,fast_test,unweighted,0.20838698744773865
237-5,237,5,1,0,0.031534266,fast_test,unweighted,0.20838698744773865
237-6,237,6,1,0,0.040075496,fast_test,unweighted,0.20838698744773865
237-7,237,7,1,0,0.07993596,fast_test,unweighted,0.20838698744773865
237-8,237,8,1,0,0.043691237,fast_test,unweighted,0.20838698744773865
237-9,237,9,1,0,0.12013756,fast_test,unweighted,0.20838698744773865
237-10,237,10,1,0,0.03215301,fast_test,unweighted,0.20838698744773865
237-11,237,11,1,0,0.07611814,fast_test,unweighted,0.20838698744773865
237-12,237,12,1,0,0.05931285,fast_test,unweighted,0.20838698744773865
238-0,238,0,2,1,0.61682993,fast_test,unweighted,0.20516107976436615
238-1,238,1,2,0,0.0048315832,fast_test,unweighted,0.20516107976436615
238-2,238,2,2,1,0.7896666,fast_test,unweighted,0.20516107976436615
238-3,238,3,2,0,0.008256208,fast_test,unweighted,0.20516107976436615
238-4,238,4,2,0,0.0027074867,fast_test,unweighted,0.20516107976436615
238-5,238,5,2,1,0.6183155,fast_test,unweighted,0.20516107976436615
238-6,238,6,2,0,0.0015666584,fast_test,unweighted,0.20516107976436615
238-7,238,7,2,0,0.0024136307,fast_test,unweighted,0.20516107976436615
238-8,238,8,2,0,0.008431475,fast_test,unweighted,0.20516107976436615
238-9,238,9,2,0,0.00887455,fast_test,unweighted,0.20516107976436615
238-10,238,10,2,0,0.0008624023,fast_test,unweighted,0.20516107976436615
238-11,238,11,2,0,0.0008194303,fast_test,unweighted,0.20516107976436615
238-12,238,12,2,0,0.0025704193,fast_test,unweighted,0.20516107976436615
239-0,239,0,4,1,0.1620049,fast_test,unweighted,0.30763813853263855
239-1,239,1,4,1,0.17279468,fast_test,unweighted,0.30763813853263855
239-2,239,2,4,1,0.37435713,fast_test,unweighted,0.30763813853263855
239-3,239,3,4,1,0.27653798,fast_test,unweighted,0.30763813853263855
239-4,239,4,4,0,0.04548679,fast_test,unweighted,0.30763813853263855
239-5,239,5,4,0,0.07047732,fast_test,unweighted,0.30763813853263855
239-6,239,6,4,1,0.15825269,fast_test,unweighted,0.30763813853263855
239-7,239,7,4,0,0.09622732,fast_test,unweighted,0.30763813853263855
239-8,239,8,4,0,0.17783096,fast_test,unweighted,0.30763813853263855
239-9,239,9,4,0,0.27381283,fast_test,unweighted,0.30763813853263855
239-10,239,10,4,0,0.038458485,fast_test,unweighted,0.30763813853263855
239-11,239,11,4,1,0.1672978,fast_test,unweighted,0.30763813853263855
239-12,239,12,4,1,0.21297643,fast_test,unweighted,0.30763813853263855
240-0,240,0,1,0,0.82177204,fast_test,unweighted,0.20838698744773865
240-1,240,1,1,0,0.8298101,fast_test,unweighted,0.20838698744773865
240-2,240,2,1,0,0.71122944,fast_test,unweighted,0.20838698744773865
240-3,240,3,1,0,0.7173941,fast_test,unweighted,0.20838698744773865
240-4,240,4,1,0,0.5199254,fast_test,unweighted,0.20838698744773865
240-5,240,5,1,0,0.51567817,fast_test,unweighted,0.20838698744773865
240-6,240,6,1,0,0.52240074,fast_test,unweighted,0.20838698744773865
240-7,240,7,1,0,0.67301285,fast_test,unweighted,0.20838698744773865
240-8,240,8,1,0,0.5024549,fast_test,unweighted,0.20838698744773865
240-9,240,9,1,0,0.82178915,fast_test,unweighted,0.20838698744773865
240-10,240,10,1,0,0.3702098,fast_test,unweighted,0.20838698744773865
240-11,240,11,1,0,0.7136616,fast_test,unweighted,0.20838698744773865
240-12,240,12,1,0,0.65204525,fast_test,unweighted,0.20838698744773865
241-0,241,0,5,0,0.0009139708,fast_test,unweighted,0.1712287962436676
241-1,241,1,5,0,0.0019592775,fast_test,unweighted,0.1712287962436676
241-2,241,2,5,0,0.0007113893,fast_test,unweighted,0.1712287962436676
241-3,241,3,5,0,0.0036057334,fast_test,unweighted,0.1712287962436676
241-4,241,4,5,0,0.0012339349,fast_test,unweighted,0.1712287962436676
241-5,241,5,5,0,0.0012154921,fast_test,unweighted,0.1712287962436676
241-6,241,6,5,0,0.002395867,fast_test,unweighted,0.1712287962436676
241-7,241,7,5,0,0.0026894994,fast_test,unweighted,0.1712287962436676
241-8,241,8,5,0,0.00081942516,fast_test,unweighted,0.1712287962436676
241-9,241,9,5,0,0.0018534855,fast_test,unweighted,0.1712287962436676
241-10,241,10,5,0,0.00085111253,fast_test,unweighted,0.1712287962436676
241-11,241,11,5,0,0.0005612484,fast_test,unweighted,0.1712287962436676
241-12,241,12,5,0,0.0013671741,fast_test,unweighted,0.1712287962436676
242-0,242,0,5,0,0.056022804,fast_test,unweighted,0.1712287962436676
242-1,242,1,5,0,0.1585842,fast_test,unweighted,0.1712287962436676
242-2,242,2,5,0,0.06726434,fast_test,unweighted,0.1712287962436676
242-3,242,3,5,0,0.27119803,fast_test,unweighted,0.1712287962436676
242-4,242,4,5,0,0.08909258,fast_test,unweighted,0.1712287962436676
242-5,242,5,5,1,0.0068367645,fast_test,unweighted,0.1712287962436676
242-6,242,6,5,0,0.24001613,fast_test,unweighted,0.1712287962436676
242-7,242,7,5,0,0.1993946,fast_test,unweighted,0.1712287962436676
242-8,242,8,5,0,0.09755408,fast_test,unweighted,0.1712287962436676
242-9,242,9,5,0,0.1677495,fast_test,unweighted,0.1712287962436676
242-10,242,10,5,0,0.03217174,fast_test,unweighted,0.1712287962436676
242-11,242,11,5,0,0.044206556,fast_test,unweighted,0.1712287962436676
242-12,242,12,5,0,0.14737497,fast_test,unweighted,0.1712287962436676
243-0,243,0,5,0,0.17562862,fast_test,unweighted,0.1712287962436676
243-1,243,1,5,0,0.29551515,fast_test,unweighted,0.1712287962436676
243-2,243,2,5,0,0.15371932,fast_test,unweighted,0.1712287962436676
243-3,243,3,5,0,0.45301428,fast_test,unweighted,0.1712287962436676
243-4,243,4,5,0,0.18196289,fast_test,unweighted,0.1712287962436676
243-5,243,5,5,0,0.0582118,fast_test,unweighted,0.1712287962436676
243-6,243,6,5,1,0.02316382,fast_test,unweighted,0.1712287962436676
243-7,243,7,5,0,0.28177753,fast_test,unweighted,0.1712287962436676
243-8,243,8,5,0,0.19065763,fast_test,unweighted,0.1712287962436676
243-9,243,9,5,0,0.30968165,fast_test,unweighted,0.1712287962436676
243-10,243,10,5,0,0.040882055,fast_test,unweighted,0.1712287962436676
243-11,243,11,5,0,0.09251427,fast_test,unweighted,0.1712287962436676
243-12,243,12,5,0,0.27361056,fast_test,unweighted,0.1712287962436676
244-0,244,0,1,0,0.079288416,fast_test,unweighted,0.20838698744773865
244-1,244,1,1,1,0.55657446,fast_test,unweighted,0.20838698744773865
244-2,244,2,1,0,0.04837325,fast_test,unweighted,0.20838698744773865
244-3,244,3,1,0,0.04938899,fast_test,unweighted,0.20838698744773865
244-4,244,4,1,0,0.022419054,fast_test,unweighted,0.20838698744773865
244-5,244,5,1,0,0.01975201,fast_test,unweighted,0.20838698744773865
244-6,244,6,1,0,0.028253915,fast_test,unweighted,0.20838698744773865
244-7,244,7,1,0,0.050647616,fast_test,unweighted,0.20838698744773865
244-8,244,8,1,0,0.027111832,fast_test,unweighted,0.20838698744773865
244-9,244,9,1,0,0.084799685,fast_test,unweighted,0.20838698744773865
244-10,244,10,1,0,0.019931825,fast_test,unweighted,0.20838698744773865
244-11,244,11,1,0,0.048015058,fast_test,unweighted,0.20838698744773865
244-12,244,12,1,0,0.040683247,fast_test,unweighted,0.20838698744773865
245-0,245,0,5,1,0.017498119,fast_test,unweighted,0.1712287962436676
245-1,245,1,5,1,0.040575325,fast_test,unweighted,0.1712287962436676
245-2,245,2,5,1,0.013051637,fast_test,unweighted,0.1712287962436676
245-3,245,3,5,1,0.058037587,fast_test,unweighted,0.1712287962436676
245-4,245,4,5,0,0.04072461,fast_test,unweighted,0.1712287962436676
245-5,245,5,5,1,0.01233107,fast_test,unweighted,0.1712287962436676
245-6,245,6,5,0,0.10678134,fast_test,unweighted,0.1712287962436676
245-7,245,7,5,0,0.093131356,fast_test,unweighted,0.1712287962436676
245-8,245,8,5,1,0.016930358,fast_test,unweighted,0.1712287962436676
245-9,245,9,5,0,0.11770181,fast_test,unweighted,0.1712287962436676
245-10,245,10,5,1,0.009346791,fast_test,unweighted,0.1712287962436676
245-11,245,11,5,0,0.027078295,fast_test,unweighted,0.1712287962436676
245-12,245,12,5,1,0.02805602,fast_test,unweighted,0.1712287962436676
246-0,246,0,5,0,0.10213562,fast_test,unweighted,0.1712287962436676
246-1,246,1,5,1,0.10356032,fast_test,unweighted,0.1712287962436676
246-2,246,2,5,1,0.040148478,fast_test,unweighted,0.1712287962436676
246-3,246,3,5,1,0.15966068,fast_test,unweighted,0.1712287962436676
246-4,246,4,5,0,0.096998304,fast_test,unweighted,0.1712287962436676
246-5,246,5,5,0,0.07050122,fast_test,unweighted,0.1712287962436676
246-6,246,6,5,1,0.15184887,fast_test,unweighted,0.1712287962436676
246-7,246,7,5,0,0.15559937,fast_test,unweighted,0.1712287962436676
246-8,246,8,5,1,0.066639416,fast_test,unweighted,0.1712287962436676
246-9,246,9,5,0,0.17781638,fast_test,unweighted,0.1712287962436676
246-10,246,10,5,1,0.023834223,fast_test,unweighted,0.1712287962436676
246-11,246,11,5,1,0.039181285,fast_test,unweighted,0.1712287962436676
246-12,246,12,5,1,0.09668857,fast_test,unweighted,0.1712287962436676
247-0,247,0,4,0,0.016386954,fast_test,unweighted,0.30763813853263855
247-1,247,1,4,0,0.018498912,fast_test,unweighted,0.30763813853263855
247-2,247,2,4,0,0.061640274,fast_test,unweighted,0.30763813853263855
247-3,247,3,4,0,0.032369167,fast_test,unweighted,0.30763813853263855
247-4,247,4,4,0,0.009466593,fast_test,unweighted,0.30763813853263855
247-5,247,5,4,0,0.011465521,fast_test,unweighted,0.30763813853263855
247-6,247,6,4,0,0.019945504,fast_test,unweighted,0.30763813853263855
247-7,247,7,4,0,0.014607137,fast_test,unweighted,0.30763813853263855
247-8,247,8,4,0,0.027865116,fast_test,unweighted,0.30763813853263855
247-9,247,9,4,0,0.051461,fast_test,unweighted,0.30763813853263855
247-10,247,10,4,0,0.012785131,fast_test,unweighted,0.30763813853263855
247-11,247,11,4,0,0.01767782,fast_test,unweighted,0.30763813853263855
247-12,247,12,4,0,0.021351214,fast_test,unweighted,0.30763813853263855
248-0,248,0,2,1,0.07569091,fast_test,unweighted,0.20516107976436615
248-1,248,1,2,1,0.100275114,fast_test,unweighted,0.20516107976436615
248-2,248,2,2,0,0.16375852,fast_test,unweighted,0.20516107976436615
248-3,248,3,2,0,0.19899707,fast_test,unweighted,0.20516107976436615
248-4,248,4,2,0,0.054773483,fast_test,unweighted,0.20516107976436615
248-5,248,5,2,0,0.099216856,fast_test,unweighted,0.20516107976436615
248-6,248,6,2,0,0.03806926,fast_test,unweighted,0.20516107976436615
248-7,248,7,2,0,0.07138486,fast_test,unweighted,0.20516107976436615
248-8,248,8,2,0,0.2110511,fast_test,unweighted,0.20516107976436615
248-9,248,9,2,0,0.21687274,fast_test,unweighted,0.20516107976436615
248-10,248,10,2,0,0.02365644,fast_test,unweighted,0.20516107976436615
248-11,248,11,2,0,0.021467505,fast_test,unweighted,0.20516107976436615
248-12,248,12,2,0,0.07508994,fast_test,unweighted,0.20516107976436615
249-0,249,0,3,0,0.31593168,fast_test,unweighted,0.21808862686157227
249-1,249,1,3,0,0.1454378,fast_test,unweighted,0.21808862686157227
249-2,249,2,3,0,0.047623545,fast_test,unweighted,0.21808862686157227
249-3,249,3,3,0,0.45186266,fast_test,unweighted,0.21808862686157227
249-4,249,4,3,0,0.086618505,fast_test,unweighted,0.21808862686157227
249-5,249,5,3,0,0.25743958,fast_test,unweighted,0.21808862686157227
249-6,249,6,3,0,0.045214582,fast_test,unweighted,0.21808862686157227
249-7,249,7,3,0,0.27244985,fast_test,unweighted,0.21808862686157227
249-8,249,8,3,0,0.07799667,fast_test,unweighted,0.21808862686157227
249-9,249,9,3,0,0.25846052,fast_test,unweighted,0.21808862686157227
249-10,249,10,3,0,0.060229607,fast_test,unweighted,0.21808862686157227
249-11,249,11,3,0,0.06461486,fast_test,unweighted,0.21808862686157227
249-12,249,12,3,0,0.21536358,fast_test,unweighted,0.21808862686157227
250-0,250,0,3,1,0.49343756,fast_test,unweighted,0.21808862686157227
250-1,250,1,3,1,0.30851105,fast_test,unweighted,0.21808862686157227
250-2,250,2,3,0,0.004004962,fast_test,unweighted,0.21808862686157227
250-3,250,3,3,1,0.6449423,fast_test,unweighted,0.21808862686157227
250-4,250,4,3,1,0.2200817,fast_test,unweighted,0.21808862686157227
250-5,250,5,3,0,0.020297429,fast_test,unweighted,0.21808862686157227
250-6,250,6,3,0,0.003348386,fast_test,unweighted,0.21808862686157227
250-7,250,7,3,1,0.44141123,fast_test,unweighted,0.21808862686157227
250-8,250,8,3,1,0.14147766,fast_test,unweighted,0.21808862686157227
250-9,250,9,3,1,0.48803538,fast_test,unweighted,0.21808862686157227
250-10,250,10,3,1,0.081007645,fast_test,unweighted,0.21808862686157227
250-11,250,11,3,1,0.14620344,fast_test,unweighted,0.21808862686157227
250-12,250,12,3,1,0.3939993,fast_test,unweighted,0.21808862686157227
251-0,251,0,4,0,0.011837169,fast_test,unweighted,0.30763813853263855
251-1,251,1,4,0,0.010295378,fast_test,unweighted,0.30763813853263855
251-2,251,2,4,0,0.039346486,fast_test,unweighted,0.30763813853263855
251-3,251,3,4,1,0.46040967,fast_test,unweighted,0.30763813853263855
251-4,251,4,4,0,0.004820906,fast_test,unweighted,0.30763813853263855
251-5,251,5,4,0,0.0057728086,fast_test,unweighted,0.30763813853263855
251-6,251,6,4,0,0.0131780375,fast_test,unweighted,0.30763813853263855
251-7,251,7,4,0,0.010132549,fast_test,unweighted,0.30763813853263855
251-8,251,8,4,0,0.01971088,fast_test,unweighted,0.30763813853263855
251-9,251,9,4,0,0.03334442,fast_test,unweighted,0.30763813853263855
251-10,251,10,4,0,0.00940208,fast_test,unweighted,0.30763813853263855
251-11,251,11,4,0,0.011734537,fast_test,unweighted,0.30763813853263855
251-12,251,12,4,0,0.01551167,fast_test,unweighted,0.30763813853263855
252-0,252,0,5,0,0.00790154,fast_test,unweighted,0.1712287962436676
252-1,252,1,5,0,0.0149063505,fast_test,unweighted,0.1712287962436676
252-2,252,2,5,0,0.0059323874,fast_test,unweighted,0.1712287962436676
252-3,252,3,5,0,0.030699708,fast_test,unweighted,0.1712287962436676
252-4,252,4,5,0,0.0062765726,fast_test,unweighted,0.1712287962436676
252-5,252,5,5,1,0.032633778,fast_test,unweighted,0.1712287962436676
252-6,252,6,5,0,0.022504615,fast_test,unweighted,0.1712287962436676
252-7,252,7,5,1,0.2485627,fast_test,unweighted,0.1712287962436676
252-8,252,8,5,0,0.0105038155,fast_test,unweighted,0.1712287962436676
252-9,252,9,5,0,0.016588401,fast_test,unweighted,0.1712287962436676
252-10,252,10,5,0,0.004817823,fast_test,unweighted,0.1712287962436676
252-11,252,11,5,0,0.004484098,fast_test,unweighted,0.1712287962436676
252-12,252,12,5,0,0.020650724,fast_test,unweighted,0.1712287962436676
253-0,253,0,3,0,0.029096328,fast_test,unweighted,0.21808862686157227
253-1,253,1,3,0,0.013793618,fast_test,unweighted,0.21808862686157227
253-2,253,2,3,0,0.0050684,fast_test,unweighted,0.21808862686157227
253-3,253,3,3,0,0.051638942,fast_test,unweighted,0.21808862686157227
253-4,253,4,3,0,0.0062063662,fast_test,unweighted,0.21808862686157227
253-5,253,5,3,0,0.027378432,fast_test,unweighted,0.21808862686157227
253-6,253,6,3,0,0.0046691434,fast_test,unweighted,0.21808862686157227
253-7,253,7,3,0,0.022271505,fast_test,unweighted,0.21808862686157227
253-8,253,8,3,0,0.0049535153,fast_test,unweighted,0.21808862686157227
253-9,253,9,3,0,0.029035166,fast_test,unweighted,0.21808862686157227
253-10,253,10,3,0,0.0074010873,fast_test,unweighted,0.21808862686157227
253-11,253,11,3,0,0.0047391434,fast_test,unweighted,0.21808862686157227
253-12,253,12,3,0,0.01710102,fast_test,unweighted,0.21808862686157227
254-0,254,0,5,0,0.0009144189,fast_test,unweighted,0.1712287962436676
254-1,254,1,5,0,0.0018715505,fast_test,unweighted,0.1712287962436676
254-2,254,2,5,0,0.0007942232,fast_test,unweighted,0.1712287962436676
254-3,254,3,5,0,0.0038753874,fast_test,unweighted,0.1712287962436676
254-4,254,4,5,0,0.00096194167,fast_test,unweighted,0.1712287962436676
254-5,254,5,5,0,0.0010970404,fast_test,unweighted,0.1712287962436676
254-6,254,6,5,0,0.0026276107,fast_test,unweighted,0.1712287962436676
254-7,254,7,5,0,0.0016052986,fast_test,unweighted,0.1712287962436676
254-8,254,8,5,0,0.00090293173,fast_test,unweighted,0.1712287962436676
254-9,254,9,5,0,0.0016782847,fast_test,unweighted,0.1712287962436676
254-10,254,10,5,0,0.00089046167,fast_test,unweighted,0.1712287962436676
254-11,254,11,5,0,0.000633535,fast_test,unweighted,0.1712287962436676
254-12,254,12,5,0,0.001679151,fast_test,unweighted,0.1712287962436676
255-0,255,0,1,0,0.2791521,fast_test,unweighted,0.20838698744773865
255-1,255,1,1,0,0.2669706,fast_test,unweighted,0.20838698744773865
255-2,255,2,1,0,0.1807242,fast_test,unweighted,0.20838698744773865
255-3,255,3,1,0,0.18373808,fast_test,unweighted,0.20838698744773865
255-4,255,4,1,0,0.08333617,fast_test,unweighted,0.20838698744773865
255-5,255,5,1,0,0.078358516,fast_test,unweighted,0.20838698744773865
255-6,255,6,1,0,0.10871765,fast_test,unweighted,0.20838698744773865
255-7,255,7,1,0,0.18237504,fast_test,unweighted,0.20838698744773865
255-8,255,8,1,0,0.10939092,fast_test,unweighted,0.20838698744773865
255-9,255,9,1,0,0.26284382,fast_test,unweighted,0.20838698744773865
255-10,255,10,1,0,0.06919957,fast_test,unweighted,0.20838698744773865
255-11,255,11,1,0,0.17222165,fast_test,unweighted,0.20838698744773865
255-12,255,12,1,1,0.10980434,fast_test,unweighted,0.20838698744773865
256-0,256,0,3,0,0.1778353,fast_test,unweighted,0.21808862686157227
256-1,256,1,3,0,0.09110551,fast_test,unweighted,0.21808862686157227
256-2,256,2,3,1,0.012711674,fast_test,unweighted,0.21808862686157227
256-3,256,3,3,1,0.14524071,fast_test,unweighted,0.21808862686157227
256-4,256,4,3,0,0.058965784,fast_test,unweighted,0.21808862686157227
256-5,256,5,3,1,0.060924858,fast_test,unweighted,0.21808862686157227
256-6,256,6,3,1,0.0111917425,fast_test,unweighted,0.21808862686157227
256-7,256,7,3,1,0.0687594,fast_test,unweighted,0.21808862686157227
256-8,256,8,3,1,0.018302515,fast_test,unweighted,0.21808862686157227
256-9,256,9,3,1,0.060489763,fast_test,unweighted,0.21808862686157227
256-10,256,10,3,0,0.030421576,fast_test,unweighted,0.21808862686157227
256-11,256,11,3,1,0.013856916,fast_test,unweighted,0.21808862686157227
256-12,256,12,3,0,0.11543035,fast_test,unweighted,0.21808862686157227
257-0,257,0,3,0,0.51340204,fast_test,unweighted,0.21808862686157227
257-1,257,1,3,0,0.3258058,fast_test,unweighted,0.21808862686157227
257-2,257,2,3,0,0.12728968,fast_test,unweighted,0.21808862686157227
257-3,257,3,3,0,0.692242,fast_test,unweighted,0.21808862686157227
257-4,257,4,3,0,0.23409744,fast_test,unweighted,0.21808862686157227
257-5,257,5,3,0,0.43472657,fast_test,unweighted,0.21808862686157227
257-6,257,6,3,0,0.11700888,fast_test,unweighted,0.21808862686157227
257-7,257,7,3,0,0.46118727,fast_test,unweighted,0.21808862686157227
257-8,257,8,3,0,0.16340625,fast_test,unweighted,0.21808862686157227
257-9,257,9,3,0,0.43687412,fast_test,unweighted,0.21808862686157227
257-10,257,10,3,0,0.08715633,fast_test,unweighted,0.21808862686157227
257-11,257,11,3,0,0.19418891,fast_test,unweighted,0.21808862686157227
257-12,257,12,3,0,0.3227827,fast_test,unweighted,0.21808862686157227
258-0,258,0,5,1,0.5505507,fast_test,unweighted,0.1712287962436676
258-1,258,1,5,0,0.0026299187,fast_test,unweighted,0.1712287962436676
258-2,258,2,5,0,0.0010195649,fast_test,unweighted,0.1712287962436676
258-3,258,3,5,0,0.00488961,fast_test,unweighted,0.1712287962436676
258-4,258,4,5,0,0.0018329761,fast_test,unweighted,0.1712287962436676
258-5,258,5,5,0,0.001545167,fast_test,unweighted,0.1712287962436676
258-6,258,6,5,1,0.7854262,fast_test,unweighted,0.1712287962436676
258-7,258,7,5,0,0.0022692753,fast_test,unweighted,0.1712287962436676
258-8,258,8,5,0,0.0012712495,fast_test,unweighted,0.1712287962436676
258-9,258,9,5,1,0.7059057,fast_test,unweighted,0.1712287962436676
258-10,258,10,5,0,0.0012040776,fast_test,unweighted,0.1712287962436676
258-11,258,11,5,0,0.000983359,fast_test,unweighted,0.1712287962436676
258-12,258,12,5,0,0.0023304503,fast_test,unweighted,0.1712287962436676
259-0,259,0,1,0,0.2791521,fast_test,unweighted,0.20838698744773865
259-1,259,1,1,0,0.30358195,fast_test,unweighted,0.20838698744773865
259-2,259,2,1,0,0.17907138,fast_test,unweighted,0.20838698744773865
259-3,259,3,1,0,0.19212094,fast_test,unweighted,0.20838698744773865
259-4,259,4,1,0,0.09296482,fast_test,unweighted,0.20838698744773865
259-5,259,5,1,0,0.078358516,fast_test,unweighted,0.20838698744773865
259-6,259,6,1,0,0.112113245,fast_test,unweighted,0.20838698744773865
259-7,259,7,1,0,0.19753356,fast_test,unweighted,0.20838698744773865
259-8,259,8,1,0,0.114276186,fast_test,unweighted,0.20838698744773865
259-9,259,9,1,0,0.2867253,fast_test,unweighted,0.20838698744773865
259-10,259,10,1,0,0.06919957,fast_test,unweighted,0.20838698744773865
259-11,259,11,1,0,0.21291977,fast_test,unweighted,0.20838698744773865
259-12,259,12,1,0,0.16666137,fast_test,unweighted,0.20838698744773865
260-0,260,0,3,0,0.005345408,fast_test,unweighted,0.21808862686157227
260-1,260,1,3,0,0.0024058027,fast_test,unweighted,0.21808862686157227
260-2,260,2,3,0,0.00082969357,fast_test,unweighted,0.21808862686157227
260-3,260,3,3,0,0.009206556,fast_test,unweighted,0.21808862686157227
260-4,260,4,3,0,0.0015214507,fast_test,unweighted,0.21808862686157227
260-5,260,5,3,0,0.0043633617,fast_test,unweighted,0.21808862686157227
260-6,260,6,3,0,0.0006688977,fast_test,unweighted,0.21808862686157227
260-7,260,7,3,0,0.003647236,fast_test,unweighted,0.21808862686157227
260-8,260,8,3,0,0.0008384722,fast_test,unweighted,0.21808862686157227
260-9,260,9,3,0,0.004458034,fast_test,unweighted,0.21808862686157227
260-10,260,10,3,1,0.4208834,fast_test,unweighted,0.21808862686157227
260-11,260,11,3,0,0.0010494497,fast_test,unweighted,0.21808862686157227
260-12,260,12,3,0,0.0030789669,fast_test,unweighted,0.21808862686157227
261-0,261,0,3,1,0.28599003,fast_test,unweighted,0.21808862686157227
261-1,261,1,3,0,0.039030153,fast_test,unweighted,0.21808862686157227
261-2,261,2,3,0,0.012954457,fast_test,unweighted,0.21808862686157227
261-3,261,3,3,0,0.13801934,fast_test,unweighted,0.21808862686157227
261-4,261,4,3,0,0.02618121,fast_test,unweighted,0.21808862686157227
261-5,261,5,3,0,0.07565687,fast_test,unweighted,0.21808862686157227
261-6,261,6,3,0,0.010188654,fast_test,unweighted,0.21808862686157227
261-7,261,7,3,0,0.06733299,fast_test,unweighted,0.21808862686157227
261-8,261,8,3,0,0.016348124,fast_test,unweighted,0.21808862686157227
261-9,261,9,3,0,0.05380717,fast_test,unweighted,0.21808862686157227
261-10,261,10,3,0,0.016431067,fast_test,unweighted,0.21808862686157227
261-11,261,11,3,0,0.01084518,fast_test,unweighted,0.21808862686157227
261-12,261,12,3,0,0.050220653,fast_test,unweighted,0.21808862686157227
262-0,262,0,5,1,0.24324857,fast_test,unweighted,0.1712287962436676
262-1,262,1,5,1,0.42335674,fast_test,unweighted,0.1712287962436676
262-2,262,2,5,1,0.2247906,fast_test,unweighted,0.1712287962436676
262-3,262,3,5,1,0.5814853,fast_test,unweighted,0.1712287962436676
262-4,262,4,5,1,0.17919715,fast_test,unweighted,0.1712287962436676
262-5,262,5,5,0,0.0011736215,fast_test,unweighted,0.1712287962436676
262-6,262,6,5,0,0.0029618992,fast_test,unweighted,0.1712287962436676
262-7,262,7,5,1,0.48329443,fast_test,unweighted,0.1712287962436676
262-8,262,8,5,0,0.0010069319,fast_test,unweighted,0.1712287962436676
262-9,262,9,5,0,0.0021105283,fast_test,unweighted,0.1712287962436676
262-10,262,10,5,1,0.017552897,fast_test,unweighted,0.1712287962436676
262-11,262,11,5,1,0.20160988,fast_test,unweighted,0.1712287962436676
262-12,262,12,5,0,0.0042683035,fast_test,unweighted,0.1712287962436676
263-0,263,0,4,0,0.004567551,fast_test,unweighted,0.30763813853263855
263-1,263,1,4,0,0.003039164,fast_test,unweighted,0.30763813853263855
263-2,263,2,4,0,0.011880222,fast_test,unweighted,0.30763813853263855
263-3,263,3,4,0,0.0054828124,fast_test,unweighted,0.30763813853263855
263-4,263,4,4,0,0.0028419974,fast_test,unweighted,0.30763813853263855
263-5,263,5,4,0,0.0017246125,fast_test,unweighted,0.30763813853263855
263-6,263,6,4,0,0.003894022,fast_test,unweighted,0.30763813853263855
263-7,263,7,4,0,0.002991206,fast_test,unweighted,0.30763813853263855
263-8,263,8,4,0,0.007979607,fast_test,unweighted,0.30763813853263855
263-9,263,9,4,0,0.011736252,fast_test,unweighted,0.30763813853263855
263-10,263,10,4,0,0.0031320327,fast_test,unweighted,0.30763813853263855
263-11,263,11,4,0,0.0034032788,fast_test,unweighted,0.30763813853263855
263-12,263,12,4,0,0.0040445533,fast_test,unweighted,0.30763813853263855
264-0,264,0,4,1,0.1540014,fast_test,unweighted,0.30763813853263855
264-1,264,1,4,0,0.07813681,fast_test,unweighted,0.30763813853263855
264-2,264,2,4,1,0.41109955,fast_test,unweighted,0.30763813853263855
264-3,264,3,4,1,0.24123791,fast_test,unweighted,0.30763813853263855
264-4,264,4,4,1,0.08308118,fast_test,unweighted,0.30763813853263855
264-5,264,5,4,1,0.09580105,fast_test,unweighted,0.30763813853263855
264-6,264,6,4,1,0.15849745,fast_test,unweighted,0.30763813853263855
264-7,264,7,4,1,0.13180025,fast_test,unweighted,0.30763813853263855
264-8,264,8,4,1,0.24954687,fast_test,unweighted,0.30763813853263855
264-9,264,9,4,1,0.349079,fast_test,unweighted,0.30763813853263855
264-10,264,10,4,1,0.06268752,fast_test,unweighted,0.30763813853263855
264-11,264,11,4,1,0.18660276,fast_test,unweighted,0.30763813853263855
264-12,264,12,4,1,0.19628425,fast_test,unweighted,0.30763813853263855
265-0,265,0,3,0,0.07602265,fast_test,unweighted,0.21808862686157227
265-1,265,1,3,0,0.03156655,fast_test,unweighted,0.21808862686157227
265-2,265,2,3,1,0.076531895,fast_test,unweighted,0.21808862686157227
265-3,265,3,3,0,0.1421357,fast_test,unweighted,0.21808862686157227
265-4,265,4,3,0,0.023151232,fast_test,unweighted,0.21808862686157227
265-5,265,5,3,0,0.07306949,fast_test,unweighted,0.21808862686157227
265-6,265,6,3,0,0.009758067,fast_test,unweighted,0.21808862686157227
265-7,265,7,3,0,0.06284874,fast_test,unweighted,0.21808862686157227
265-8,265,8,3,0,0.017700588,fast_test,unweighted,0.21808862686157227
265-9,265,9,3,0,0.06257759,fast_test,unweighted,0.21808862686157227
265-10,265,10,3,0,0.016455816,fast_test,unweighted,0.21808862686157227
265-11,265,11,3,0,0.014208059,fast_test,unweighted,0.21808862686157227
265-12,265,12,3,0,0.049855765,fast_test,unweighted,0.21808862686157227
266-0,266,0,5,0,0.0006695856,fast_test,unweighted,0.1712287962436676
266-1,266,1,5,0,0.0014357911,fast_test,unweighted,0.1712287962436676
266-2,266,2,5,0,0.0005211438,fast_test,unweighted,0.1712287962436676
266-3,266,3,5,1,0.9565288,fast_test,unweighted,0.1712287962436676
266-4,266,4,5,1,0.77213866,fast_test,unweighted,0.1712287962436676
266-5,266,5,5,0,0.0008905555,fast_test,unweighted,0.1712287962436676
266-6,266,6,5,1,0.9469322,fast_test,unweighted,0.1712287962436676
266-7,266,7,5,0,0.0020445045,fast_test,unweighted,0.1712287962436676
266-8,266,8,5,1,0.8503602,fast_test,unweighted,0.1712287962436676
266-9,266,9,5,0,0.0015353442,fast_test,unweighted,0.1712287962436676
266-10,266,10,5,1,0.23446856,fast_test,unweighted,0.1712287962436676
266-11,266,11,5,1,0.8046304,fast_test,unweighted,0.1712287962436676
266-12,266,12,5,0,0.0011837329,fast_test,unweighted,0.1712287962436676
267-0,267,0,5,0,0.00790154,fast_test,unweighted,0.1712287962436676
267-1,267,1,5,0,0.0145380255,fast_test,unweighted,0.1712287962436676
267-2,267,2,5,0,0.005946631,fast_test,unweighted,0.1712287962436676
267-3,267,3,5,0,0.023611076,fast_test,unweighted,0.1712287962436676
267-4,267,4,5,0,0.005438558,fast_test,unweighted,0.1712287962436676
267-5,267,5,5,0,0.004814407,fast_test,unweighted,0.1712287962436676
267-6,267,6,5,1,0.32231447,fast_test,unweighted,0.1712287962436676
267-7,267,7,5,0,0.01276921,fast_test,unweighted,0.1712287962436676
267-8,267,8,5,0,0.0072043906,fast_test,unweighted,0.1712287962436676
267-9,267,9,5,0,0.012646026,fast_test,unweighted,0.1712287962436676
267-10,267,10,5,0,0.004661427,fast_test,unweighted,0.1712287962436676
267-11,267,11,5,0,0.004484098,fast_test,unweighted,0.1712287962436676
267-12,267,12,5,0,0.012964906,fast_test,unweighted,0.1712287962436676
268-0,268,0,3,0,0.02322407,fast_test,unweighted,0.21808862686157227
268-1,268,1,3,0,0.0076235263,fast_test,unweighted,0.21808862686157227
268-2,268,2,3,0,0.0031747662,fast_test,unweighted,0.21808862686157227
268-3,268,3,3,0,0.03947346,fast_test,unweighted,0.21808862686157227
268-4,268,4,3,0,0.0044903345,fast_test,unweighted,0.21808862686157227
268-5,268,5,3,0,0.015655056,fast_test,unweighted,0.21808862686157227
268-6,268,6,3,0,0.003348386,fast_test,unweighted,0.21808862686157227
268-7,268,7,3,0,0.017753704,fast_test,unweighted,0.21808862686157227
268-8,268,8,3,0,0.0040284526,fast_test,unweighted,0.21808862686157227
268-9,268,9,3,0,0.015029741,fast_test,unweighted,0.21808862686157227
268-10,268,10,3,0,0.004560073,fast_test,unweighted,0.21808862686157227
268-11,268,11,3,0,0.0035282248,fast_test,unweighted,0.21808862686157227
268-12,268,12,3,0,0.013420487,fast_test,unweighted,0.21808862686157227
269-0,269,0,3,0,0.06017442,fast_test,unweighted,0.21808862686157227
269-1,269,1,3,0,0.044586107,fast_test,unweighted,0.21808862686157227
269-2,269,2,3,0,0.014953244,fast_test,unweighted,0.21808862686157227
269-3,269,3,3,0,0.1650455,fast_test,unweighted,0.21808862686157227
269-4,269,4,3,1,0.23951893,fast_test,unweighted,0.21808862686157227
269-5,269,5,3,0,0.08221688,fast_test,unweighted,0.21808862686157227
269-6,269,6,3,0,0.012771735,fast_test,unweighted,0.21808862686157227
269-7,269,7,3,0,0.074446864,fast_test,unweighted,0.21808862686157227
269-8,269,8,3,0,0.018508837,fast_test,unweighted,0.21808862686157227
269-9,269,9,3,0,0.064291894,fast_test,unweighted,0.21808862686157227
269-10,269,10,3,0,0.017455246,fast_test,unweighted,0.21808862686157227
269-11,269,11,3,0,0.014827643,fast_test,unweighted,0.21808862686157227
269-12,269,12,3,0,0.06061433,fast_test,unweighted,0.21808862686157227
270-0,270,0,1,0,0.008477196,fast_test,unweighted,0.20838698744773865
270-1,270,1,1,0,0.0089599285,fast_test,unweighted,0.20838698744773865
270-2,270,2,1,0,0.0050715944,fast_test,unweighted,0.20838698744773865
270-3,270,3,1,0,0.004514059,fast_test,unweighted,0.20838698744773865
270-4,270,4,1,0,0.002895229,fast_test,unweighted,0.20838698744773865
270-5,270,5,1,0,0.001930701,fast_test,unweighted,0.20838698744773865
270-6,270,6,1,0,0.003043066,fast_test,unweighted,0.20838698744773865
270-7,270,7,1,0,0.004911165,fast_test,unweighted,0.20838698744773865
270-8,270,8,1,0,0.0024855223,fast_test,unweighted,0.20838698744773865
270-9,270,9,1,0,0.009821477,fast_test,unweighted,0.20838698744773865
270-10,270,10,1,0,0.0033974743,fast_test,unweighted,0.20838698744773865
270-11,270,11,1,1,0.7526485,fast_test,unweighted,0.20838698744773865
270-12,270,12,1,0,0.004738694,fast_test,unweighted,0.20838698744773865
271-0,271,0,4,0,0.086024635,fast_test,unweighted,0.30763813853263855
271-1,271,1,4,0,0.096448176,fast_test,unweighted,0.30763813853263855
271-2,271,2,4,0,0.2736371,fast_test,unweighted,0.30763813853263855
271-3,271,3,4,0,0.1603763,fast_test,unweighted,0.30763813853263855
271-4,271,4,4,0,0.03856169,fast_test,unweighted,0.30763813853263855
271-5,271,5,4,0,0.05799249,fast_test,unweighted,0.30763813853263855
271-6,271,6,4,0,0.102500185,fast_test,unweighted,0.30763813853263855
271-7,271,7,4,0,0.08425881,fast_test,unweighted,0.30763813853263855
271-8,271,8,4,0,0.14612338,fast_test,unweighted,0.30763813853263855
271-9,271,9,4,0,0.23757622,fast_test,unweighted,0.30763813853263855
271-10,271,10,4,0,0.03316051,fast_test,unweighted,0.30763813853263855
271-11,271,11,4,0,0.09407453,fast_test,unweighted,0.30763813853263855
271-12,271,12,4,0,0.11307783,fast_test,unweighted,0.30763813853263855
272-0,272,0,2,0,0.06671143,fast_test,unweighted,0.20516107976436615
272-1,272,1,2,0,0.09746052,fast_test,unweighted,0.20516107976436615
272-2,272,2,2,1,0.14078192,fast_test,unweighted,0.20516107976436615
272-3,272,3,2,0,0.18868183,fast_test,unweighted,0.20516107976436615
272-4,272,4,2,0,0.04810284,fast_test,unweighted,0.20516107976436615
272-5,272,5,2,1,0.08231188,fast_test,unweighted,0.20516107976436615
272-6,272,6,2,0,0.03201649,fast_test,unweighted,0.20516107976436615
272-7,272,7,2,1,0.05545385,fast_test,unweighted,0.20516107976436615
272-8,272,8,2,1,0.17725609,fast_test,unweighted,0.20516107976436615
272-9,272,9,2,0,0.13699146,fast_test,unweighted,0.20516107976436615
272-10,272,10,2,1,0.019355627,fast_test,unweighted,0.20516107976436615
272-11,272,11,2,1,0.019402063,fast_test,unweighted,0.20516107976436615
272-12,272,12,2,0,0.0687839,fast_test,unweighted,0.20516107976436615
273-0,273,0,1,0,0.64969486,fast_test,unweighted,0.20838698744773865
273-1,273,1,1,0,0.6786521,fast_test,unweighted,0.20838698744773865
273-2,273,2,1,0,0.51515776,fast_test,unweighted,0.20838698744773865
273-3,273,3,1,1,0.034459934,fast_test,unweighted,0.20838698744773865
273-4,273,4,1,0,0.32214963,fast_test,unweighted,0.20838698744773865
273-5,273,5,1,0,0.3204345,fast_test,unweighted,0.20838698744773865
273-6,273,6,1,0,0.31834704,fast_test,unweighted,0.20838698744773865
273-7,273,7,1,0,0.50173247,fast_test,unweighted,0.20838698744773865
273-8,273,8,1,0,0.31822228,fast_test,unweighted,0.20838698744773865
273-9,273,9,1,0,0.657934,fast_test,unweighted,0.20838698744773865
273-10,273,10,1,0,0.1666145,fast_test,unweighted,0.20838698744773865
273-11,273,11,1,0,0.52273816,fast_test,unweighted,0.20838698744773865
273-12,273,12,1,0,0.4529395,fast_test,unweighted,0.20838698744773865
274-0,274,0,1,0,0.123324305,fast_test,unweighted,0.20838698744773865
274-1,274,1,1,0,0.1379586,fast_test,unweighted,0.20838698744773865
274-2,274,2,1,0,0.075906225,fast_test,unweighted,0.20838698744773865
274-3,274,3,1,0,0.070405394,fast_test,unweighted,0.20838698744773865
274-4,274,4,1,0,0.033299573,fast_test,unweighted,0.20838698744773865
274-5,274,5,1,0,0.035160244,fast_test,unweighted,0.20838698744773865
274-6,274,6,1,0,0.04485696,fast_test,unweighted,0.20838698744773865
274-7,274,7,1,0,0.07992726,fast_test,unweighted,0.20838698744773865
274-8,274,8,1,0,0.04354911,fast_test,unweighted,0.20838698744773865
274-9,274,9,1,0,0.12115386,fast_test,unweighted,0.20838698744773865
274-10,274,10,1,0,0.032758262,fast_test,unweighted,0.20838698744773865
274-11,274,11,1,0,0.07611814,fast_test,unweighted,0.20838698744773865
274-12,274,12,1,1,0.2625787,fast_test,unweighted,0.20838698744773865
275-0,275,0,5,1,0.020293633,fast_test,unweighted,0.1712287962436676
275-1,275,1,5,0,0.11115623,fast_test,unweighted,0.1712287962436676
275-2,275,2,5,0,0.044615388,fast_test,unweighted,0.1712287962436676
275-3,275,3,5,1,0.06687383,fast_test,unweighted,0.1712287962436676
275-4,275,4,5,1,0.021015516,fast_test,unweighted,0.1712287962436676
275-5,275,5,5,0,0.027710767,fast_test,unweighted,0.1712287962436676
275-6,275,6,5,1,0.05807528,fast_test,unweighted,0.1712287962436676
275-7,275,7,5,0,0.14662154,fast_test,unweighted,0.1712287962436676
275-8,275,8,5,0,0.06886439,fast_test,unweighted,0.1712287962436676
275-9,275,9,5,0,0.08540502,fast_test,unweighted,0.1712287962436676
275-10,275,10,5,0,0.022105757,fast_test,unweighted,0.1712287962436676
275-11,275,11,5,0,0.043545444,fast_test,unweighted,0.1712287962436676
275-12,275,12,5,0,0.12050966,fast_test,unweighted,0.1712287962436676
276-0,276,0,1,1,0.8058817,fast_test,unweighted,0.20838698744773865
276-1,276,1,1,1,0.8217989,fast_test,unweighted,0.20838698744773865
276-2,276,2,1,1,0.6972281,fast_test,unweighted,0.20838698744773865
276-3,276,3,1,1,0.7035671,fast_test,unweighted,0.20838698744773865
276-4,276,4,1,1,0.5027828,fast_test,unweighted,0.20838698744773865
276-5,276,5,1,1,0.50542676,fast_test,unweighted,0.20838698744773865
276-6,276,6,1,1,0.5268893,fast_test,unweighted,0.20838698744773865
276-7,276,7,1,1,0.65804935,fast_test,unweighted,0.20838698744773865
276-8,276,8,1,1,0.48565117,fast_test,unweighted,0.20838698744773865
276-9,276,9,1,1,0.82724625,fast_test,unweighted,0.20838698744773865
276-10,276,10,1,1,0.34468848,fast_test,unweighted,0.20838698744773865
276-11,276,11,1,1,0.6997284,fast_test,unweighted,0.20838698744773865
276-12,276,12,1,1,0.6339727,fast_test,unweighted,0.20838698744773865
277-0,277,0,4,0,0.09299006,fast_test,unweighted,0.30763813853263855
277-1,277,1,4,0,0.10874928,fast_test,unweighted,0.30763813853263855
277-2,277,2,4,0,0.29918206,fast_test,unweighted,0.30763813853263855
277-3,277,3,4,0,0.17310514,fast_test,unweighted,0.30763813853263855
277-4,277,4,4,0,0.0411106,fast_test,unweighted,0.30763813853263855
277-5,277,5,4,1,0.052691765,fast_test,unweighted,0.30763813853263855
277-6,277,6,4,0,0.12161433,fast_test,unweighted,0.30763813853263855
277-7,277,7,4,0,0.094750516,fast_test,unweighted,0.30763813853263855
277-8,277,8,4,1,0.14483465,fast_test,unweighted,0.30763813853263855
277-9,277,9,4,0,0.25176886,fast_test,unweighted,0.30763813853263855
277-10,277,10,4,0,0.04481964,fast_test,unweighted,0.30763813853263855
277-11,277,11,4,0,0.11847264,fast_test,unweighted,0.30763813853263855
277-12,277,12,4,0,0.121191055,fast_test,unweighted,0.30763813853263855
278-0,278,0,5,1,0.0128160855,fast_test,unweighted,0.1712287962436676
278-1,278,1,5,0,0.4160703,fast_test,unweighted,0.1712287962436676
278-2,278,2,5,0,0.21440344,fast_test,unweighted,0.1712287962436676
278-3,278,3,5,0,0.5847621,fast_test,unweighted,0.1712287962436676
278-4,278,4,5,0,0.28490722,fast_test,unweighted,0.1712287962436676
278-5,278,5,5,1,0.010912611,fast_test,unweighted,0.1712287962436676
278-6,278,6,5,0,0.54905474,fast_test,unweighted,0.1712287962436676
278-7,278,7,5,0,0.41854885,fast_test,unweighted,0.1712287962436676
278-8,278,8,5,0,0.30178463,fast_test,unweighted,0.1712287962436676
278-9,278,9,5,0,0.43871105,fast_test,unweighted,0.1712287962436676
278-10,278,10,5,1,0.007815512,fast_test,unweighted,0.1712287962436676
278-11,278,11,5,0,0.2276073,fast_test,unweighted,0.1712287962436676
278-12,278,12,5,0,0.44468692,fast_test,unweighted,0.1712287962436676
279-0,279,0,1,0,0.008119841,fast_test,unweighted,0.20838698744773865
279-1,279,1,1,0,0.008604436,fast_test,unweighted,0.20838698744773865
279-2,279,2,1,0,0.0043127486,fast_test,unweighted,0.20838698744773865
279-3,279,3,1,0,0.0045055323,fast_test,unweighted,0.20838698744773865
279-4,279,4,1,0,0.0024076952,fast_test,unweighted,0.20838698744773865
279-5,279,5,1,0,0.0018558308,fast_test,unweighted,0.20838698744773865
279-6,279,6,1,0,0.0026477957,fast_test,unweighted,0.20838698744773865
279-7,279,7,1,0,0.0045998357,fast_test,unweighted,0.20838698744773865
279-8,279,8,1,0,0.0023862887,fast_test,unweighted,0.20838698744773865
279-9,279,9,1,0,0.010387515,fast_test,unweighted,0.20838698744773865
279-10,279,10,1,0,0.0027030508,fast_test,unweighted,0.20838698744773865
279-11,279,11,1,0,0.0050466014,fast_test,unweighted,0.20838698744773865
279-12,279,12,1,0,0.0037374937,fast_test,unweighted,0.20838698744773865
280-0,280,0,3,0,0.005242988,fast_test,unweighted,0.21808862686157227
280-1,280,1,3,0,0.0021728054,fast_test,unweighted,0.21808862686157227
280-2,280,2,3,0,0.00082969357,fast_test,unweighted,0.21808862686157227
280-3,280,3,3,0,0.008992217,fast_test,unweighted,0.21808862686157227
280-4,280,4,3,0,0.0012982702,fast_test,unweighted,0.21808862686157227
280-5,280,5,3,0,0.0042796796,fast_test,unweighted,0.21808862686157227
280-6,280,6,3,0,0.0006688977,fast_test,unweighted,0.21808862686157227
280-7,280,7,3,0,0.003647236,fast_test,unweighted,0.21808862686157227
280-8,280,8,3,0,0.0008384722,fast_test,unweighted,0.21808862686157227
280-9,280,9,3,0,0.0042225015,fast_test,unweighted,0.21808862686157227
280-10,280,10,3,0,0.0012092924,fast_test,unweighted,0.21808862686157227
280-11,280,11,3,0,0.00092939736,fast_test,unweighted,0.21808862686157227
280-12,280,12,3,1,0.8437676,fast_test,unweighted,0.21808862686157227
281-0,281,0,4,0,0.0020231022,fast_test,unweighted,0.30763813853263855
281-1,281,1,4,0,0.001357201,fast_test,unweighted,0.30763813853263855
281-2,281,2,4,0,0.005188216,fast_test,unweighted,0.30763813853263855
281-3,281,3,4,0,0.0025428315,fast_test,unweighted,0.30763813853263855
281-4,281,4,4,0,0.0011937591,fast_test,unweighted,0.30763813853263855
281-5,281,5,4,0,0.00080056937,fast_test,unweighted,0.30763813853263855
281-6,281,6,4,0,0.0017831968,fast_test,unweighted,0.30763813853263855
281-7,281,7,4,0,0.0013633975,fast_test,unweighted,0.30763813853263855
281-8,281,8,4,0,0.0037607122,fast_test,unweighted,0.30763813853263855
281-9,281,9,4,0,0.0050810613,fast_test,unweighted,0.30763813853263855
281-10,281,10,4,0,0.0014259476,fast_test,unweighted,0.30763813853263855
281-11,281,11,4,0,0.0016973626,fast_test,unweighted,0.30763813853263855
281-12,281,12,4,0,0.0022511745,fast_test,unweighted,0.30763813853263855
282-0,282,0,1,1,0.36717823,fast_test,unweighted,0.20838698744773865
282-1,282,1,1,0,0.068245165,fast_test,unweighted,0.20838698744773865
282-2,282,2,1,0,0.035090696,fast_test,unweighted,0.20838698744773865
282-3,282,3,1,1,0.24411978,fast_test,unweighted,0.20838698744773865
282-4,282,4,1,0,0.015374679,fast_test,unweighted,0.20838698744773865
282-5,282,5,1,0,0.016098175,fast_test,unweighted,0.20838698744773865
282-6,282,6,1,0,0.02107601,fast_test,unweighted,0.20838698744773865
282-7,282,7,1,0,0.038299266,fast_test,unweighted,0.20838698744773865
282-8,282,8,1,0,0.020446671,fast_test,unweighted,0.20838698744773865
282-9,282,9,1,0,0.06478347,fast_test,unweighted,0.20838698744773865
282-10,282,10,1,1,0.056345016,fast_test,unweighted,0.20838698744773865
282-11,282,11,1,0,0.036002837,fast_test,unweighted,0.20838698744773865
282-12,282,12,1,0,0.030446606,fast_test,unweighted,0.20838698744773865
283-0,283,0,1,1,0.8755685,fast_test,unweighted,0.20838698744773865
283-1,283,1,1,0,0.014228028,fast_test,unweighted,0.20838698744773865
283-2,283,2,1,1,0.77335274,fast_test,unweighted,0.20838698744773865
283-3,283,3,1,1,0.77516705,fast_test,unweighted,0.20838698744773865
283-4,283,4,1,0,0.0035994006,fast_test,unweighted,0.20838698744773865
283-5,283,5,1,0,0.0031560746,fast_test,unweighted,0.20838698744773865
283-6,283,6,1,1,0.6001068,fast_test,unweighted,0.20838698744773865
283-7,283,7,1,0,0.007517249,fast_test,unweighted,0.20838698744773865
283-8,283,8,1,0,0.0039631114,fast_test,unweighted,0.20838698744773865
283-9,283,9,1,1,0.8761093,fast_test,unweighted,0.20838698744773865
283-10,283,10,1,0,0.0043961145,fast_test,unweighted,0.20838698744773865
283-11,283,11,1,1,0.7802631,fast_test,unweighted,0.20838698744773865
283-12,283,12,1,0,0.0062863473,fast_test,unweighted,0.20838698744773865
284-0,284,0,4,0,0.0034855336,fast_test,unweighted,0.30763813853263855
284-1,284,1,4,0,0.0028889587,fast_test,unweighted,0.30763813853263855
284-2,284,2,4,0,0.009456279,fast_test,unweighted,0.30763813853263855
284-3,284,3,4,0,0.0052844486,fast_test,unweighted,0.30763813853263855
284-4,284,4,4,0,0.0021011932,fast_test,unweighted,0.30763813853263855
284-5,284,5,4,0,0.0015702344,fast_test,unweighted,0.30763813853263855
284-6,284,6,4,0,0.0036081036,fast_test,unweighted,0.30763813853263855
284-7,284,7,4,0,0.0029429484,fast_test,unweighted,0.30763813853263855
284-8,284,8,4,0,0.0077922405,fast_test,unweighted,0.30763813853263855
284-9,284,9,4,0,0.0086962525,fast_test,unweighted,0.30763813853263855
284-10,284,10,4,0,0.002738865,fast_test,unweighted,0.30763813853263855
284-11,284,11,4,0,0.0031982437,fast_test,unweighted,0.30763813853263855
284-12,284,12,4,0,0.00389152,fast_test,unweighted,0.30763813853263855
285-0,285,0,2,0,0.06713005,fast_test,unweighted,0.20516107976436615
285-1,285,1,2,0,0.10798322,fast_test,unweighted,0.20516107976436615
285-2,285,2,2,0,0.13829874,fast_test,unweighted,0.20516107976436615
285-3,285,3,2,0,0.17105763,fast_test,unweighted,0.20516107976436615
285-4,285,4,2,0,0.0407048,fast_test,unweighted,0.20516107976436615
285-5,285,5,2,0,0.08267662,fast_test,unweighted,0.20516107976436615
285-6,285,6,2,0,0.03577247,fast_test,unweighted,0.20516107976436615
285-7,285,7,2,0,0.06001809,fast_test,unweighted,0.20516107976436615
285-8,285,8,2,0,0.18317465,fast_test,unweighted,0.20516107976436615
285-9,285,9,2,0,0.1865009,fast_test,unweighted,0.20516107976436615
285-10,285,10,2,1,0.036440864,fast_test,unweighted,0.20516107976436615
285-11,285,11,2,0,0.021962404,fast_test,unweighted,0.20516107976436615
285-12,285,12,2,0,0.062126152,fast_test,unweighted,0.20516107976436615
286-0,286,0,3,0,0.026629545,fast_test,unweighted,0.21808862686157227
286-1,286,1,3,0,0.010368138,fast_test,unweighted,0.21808862686157227
286-2,286,2,3,1,0.10391264,fast_test,unweighted,0.21808862686157227
286-3,286,3,3,1,0.6413605,fast_test,unweighted,0.21808862686157227
286-4,286,4,3,0,0.005052658,fast_test,unweighted,0.21808862686157227
286-5,286,5,3,0,0.021352705,fast_test,unweighted,0.21808862686157227
286-6,286,6,3,0,0.0035256408,fast_test,unweighted,0.21808862686157227
286-7,286,7,3,0,0.019258142,fast_test,unweighted,0.21808862686157227
286-8,286,8,3,0,0.0037548498,fast_test,unweighted,0.21808862686157227
286-9,286,9,3,0,0.024567837,fast_test,unweighted,0.21808862686157227
286-10,286,10,3,0,0.0048011667,fast_test,unweighted,0.21808862686157227
286-11,286,11,3,0,0.0049907137,fast_test,unweighted,0.21808862686157227
286-12,286,12,3,0,0.015223924,fast_test,unweighted,0.21808862686157227
287-0,287,0,4,0,0.013326557,fast_test,unweighted,0.30763813853263855
287-1,287,1,4,1,0.3637591,fast_test,unweighted,0.30763813853263855
287-2,287,2,4,0,0.04904069,fast_test,unweighted,0.30763813853263855
287-3,287,3,4,1,0.49517938,fast_test,unweighted,0.30763813853263855
287-4,287,4,4,0,0.005919329,fast_test,unweighted,0.30763813853263855
287-5,287,5,4,0,0.008468891,fast_test,unweighted,0.30763813853263855
287-6,287,6,4,1,0.37936378,fast_test,unweighted,0.30763813853263855
287-7,287,7,4,1,0.33006534,fast_test,unweighted,0.30763813853263855
287-8,287,8,4,0,0.025557412,fast_test,unweighted,0.30763813853263855
287-9,287,9,4,0,0.041623913,fast_test,unweighted,0.30763813853263855
287-10,287,10,4,1,0.1676768,fast_test,unweighted,0.30763813853263855
287-11,287,11,4,1,0.3942284,fast_test,unweighted,0.30763813853263855
287-12,287,12,4,1,0.38313255,fast_test,unweighted,0.30763813853263855
288-0,288,0,5,0,0.0009064479,fast_test,unweighted,0.1712287962436676
288-1,288,1,5,0,0.0019592775,fast_test,unweighted,0.1712287962436676
288-2,288,2,5,0,0.00067102775,fast_test,unweighted,0.1712287962436676
288-3,288,3,5,0,0.0036057334,fast_test,unweighted,0.1712287962436676
288-4,288,4,5,0,0.0011738407,fast_test,unweighted,0.1712287962436676
288-5,288,5,5,0,0.0012154921,fast_test,unweighted,0.1712287962436676
288-6,288,6,5,0,0.0023219713,fast_test,unweighted,0.1712287962436676
288-7,288,7,5,0,0.00145693,fast_test,unweighted,0.1712287962436676
288-8,288,8,5,0,0.00081942516,fast_test,unweighted,0.1712287962436676
288-9,288,9,5,0,0.002120191,fast_test,unweighted,0.1712287962436676
288-10,288,10,5,0,0.00085111253,fast_test,unweighted,0.1712287962436676
288-11,288,11,5,0,0.0007008223,fast_test,unweighted,0.1712287962436676
288-12,288,12,5,0,0.0015233947,fast_test,unweighted,0.1712287962436676
289-0,289,0,2,0,0.0745888,fast_test,unweighted,0.20516107976436615
289-1,289,1,2,0,0.12020686,fast_test,unweighted,0.20516107976436615
289-2,289,2,2,0,0.15517265,fast_test,unweighted,0.20516107976436615
289-3,289,3,2,0,0.18705903,fast_test,unweighted,0.20516107976436615
289-4,289,4,2,0,0.041950777,fast_test,unweighted,0.20516107976436615
289-5,289,5,2,0,0.09169304,fast_test,unweighted,0.20516107976436615
289-6,289,6,2,0,0.035791233,fast_test,unweighted,0.20516107976436615
289-7,289,7,2,0,0.06399743,fast_test,unweighted,0.20516107976436615
289-8,289,8,2,0,0.20058045,fast_test,unweighted,0.20516107976436615
289-9,289,9,2,0,0.20618874,fast_test,unweighted,0.20516107976436615
289-10,289,10,2,0,0.0219731,fast_test,unweighted,0.20516107976436615
289-11,289,11,2,0,0.020162089,fast_test,unweighted,0.20516107976436615
289-12,289,12,2,0,0.0690701,fast_test,unweighted,0.20516107976436615
290-0,290,0,3,0,0.12403116,fast_test,unweighted,0.21808862686157227
290-1,290,1,3,0,0.056285486,fast_test,unweighted,0.21808862686157227
290-2,290,2,3,0,0.01973978,fast_test,unweighted,0.21808862686157227
290-3,290,3,3,0,0.20051228,fast_test,unweighted,0.21808862686157227
290-4,290,4,3,0,0.037214074,fast_test,unweighted,0.21808862686157227
290-5,290,5,3,0,0.10768007,fast_test,unweighted,0.21808862686157227
290-6,290,6,3,0,0.014913017,fast_test,unweighted,0.21808862686157227
290-7,290,7,3,0,0.09909865,fast_test,unweighted,0.21808862686157227
290-8,290,8,3,0,0.026748696,fast_test,unweighted,0.21808862686157227
290-9,290,9,3,0,0.113931604,fast_test,unweighted,0.21808862686157227
290-10,290,10,3,0,0.024931263,fast_test,unweighted,0.21808862686157227
290-11,290,11,3,0,0.025030786,fast_test,unweighted,0.21808862686157227
290-12,290,12,3,0,0.07730083,fast_test,unweighted,0.21808862686157227
291-0,291,0,3,0,0.36063498,fast_test,unweighted,0.21808862686157227
291-1,291,1,3,0,0.13889176,fast_test,unweighted,0.21808862686157227
291-2,291,2,3,0,0.049173642,fast_test,unweighted,0.21808862686157227
291-3,291,3,3,0,0.54369426,fast_test,unweighted,0.21808862686157227
291-4,291,4,3,0,0.08956693,fast_test,unweighted,0.21808862686157227
291-5,291,5,3,0,0.37842965,fast_test,unweighted,0.21808862686157227
291-6,291,6,3,0,0.046453763,fast_test,unweighted,0.21808862686157227
291-7,291,7,3,0,0.34400144,fast_test,unweighted,0.21808862686157227
291-8,291,8,3,0,0.11250057,fast_test,unweighted,0.21808862686157227
291-9,291,9,3,0,0.38437298,fast_test,unweighted,0.21808862686157227
291-10,291,10,3,0,0.08408232,fast_test,unweighted,0.21808862686157227
291-11,291,11,3,0,0.10488548,fast_test,unweighted,0.21808862686157227
291-12,291,12,3,0,0.2668019,fast_test,unweighted,0.21808862686157227
292-0,292,0,5,1,0.12497128,fast_test,unweighted,0.1712287962436676
292-1,292,1,5,0,0.022072947,fast_test,unweighted,0.1712287962436676
292-2,292,2,5,0,0.012055211,fast_test,unweighted,0.1712287962436676
292-3,292,3,5,0,0.04912221,fast_test,unweighted,0.1712287962436676
292-4,292,4,5,0,0.010610595,fast_test,unweighted,0.1712287962436676
292-5,292,5,5,0,0.012661873,fast_test,unweighted,0.1712287962436676
292-6,292,6,5,0,0.030469531,fast_test,unweighted,0.1712287962436676
292-7,292,7,5,0,0.025472103,fast_test,unweighted,0.1712287962436676
292-8,292,8,5,0,0.015074803,fast_test,unweighted,0.1712287962436676
292-9,292,9,5,0,0.023569645,fast_test,unweighted,0.1712287962436676
292-10,292,10,5,0,0.008697038,fast_test,unweighted,0.1712287962436676
292-11,292,11,5,0,0.008417581,fast_test,unweighted,0.1712287962436676
292-12,292,12,5,0,0.027247032,fast_test,unweighted,0.1712287962436676
293-0,293,0,4,0,0.0028679236,fast_test,unweighted,0.30763813853263855
293-1,293,1,4,0,0.00193641,fast_test,unweighted,0.30763813853263855
293-2,293,2,4,0,0.0069416156,fast_test,unweighted,0.30763813853263855
293-3,293,3,4,0,0.0034052623,fast_test,unweighted,0.30763813853263855
293-4,293,4,4,0,0.0015486373,fast_test,unweighted,0.30763813853263855
293-5,293,5,4,0,0.0010563844,fast_test,unweighted,0.30763813853263855
293-6,293,6,4,0,0.002514332,fast_test,unweighted,0.30763813853263855
293-7,293,7,4,0,0.0020833495,fast_test,unweighted,0.30763813853263855
293-8,293,8,4,0,0.0052985083,fast_test,unweighted,0.30763813853263855
293-9,293,9,4,0,0.0069462815,fast_test,unweighted,0.30763813853263855
293-10,293,10,4,0,0.0018685396,fast_test,unweighted,0.30763813853263855
293-11,293,11,4,0,0.0021939091,fast_test,unweighted,0.30763813853263855
293-12,293,12,4,0,0.0026540337,fast_test,unweighted,0.30763813853263855
294-0,294,0,3,0,0.621284,fast_test,unweighted,0.21808862686157227
294-1,294,1,3,0,0.3963223,fast_test,unweighted,0.21808862686157227
294-2,294,2,3,0,0.18145494,fast_test,unweighted,0.21808862686157227
294-3,294,3,3,0,0.7437532,fast_test,unweighted,0.21808862686157227
294-4,294,4,3,0,0.25450894,fast_test,unweighted,0.21808862686157227
294-5,294,5,3,0,0.5868291,fast_test,unweighted,0.21808862686157227
294-6,294,6,3,0,0.14674225,fast_test,unweighted,0.21808862686157227
294-7,294,7,3,0,0.5466882,fast_test,unweighted,0.21808862686157227
294-8,294,8,3,0,0.20905878,fast_test,unweighted,0.21808862686157227
294-9,294,9,3,0,0.5550778,fast_test,unweighted,0.21808862686157227
294-10,294,10,3,0,0.105405405,fast_test,unweighted,0.21808862686157227
294-11,294,11,3,0,0.19582386,fast_test,unweighted,0.21808862686157227
294-12,294,12,3,0,0.48070413,fast_test,unweighted,0.21808862686157227
295-0,295,0,1,1,0.40710482,fast_test,unweighted,0.20838698744773865
295-1,295,1,1,0,0.12212855,fast_test,unweighted,0.20838698744773865
295-2,295,2,1,0,0.07639717,fast_test,unweighted,0.20838698744773865
295-3,295,3,1,0,0.07946001,fast_test,unweighted,0.20838698744773865
295-4,295,4,1,0,0.032457992,fast_test,unweighted,0.20838698744773865
295-5,295,5,1,0,0.0353977,fast_test,unweighted,0.20838698744773865
295-6,295,6,1,1,0.150989,fast_test,unweighted,0.20838698744773865
295-7,295,7,1,0,0.0782318,fast_test,unweighted,0.20838698744773865
295-8,295,8,1,0,0.042450905,fast_test,unweighted,0.20838698744773865
295-9,295,9,1,0,0.12835304,fast_test,unweighted,0.20838698744773865
295-10,295,10,1,0,0.03157703,fast_test,unweighted,0.20838698744773865
295-11,295,11,1,0,0.074277624,fast_test,unweighted,0.20838698744773865
295-12,295,12,1,0,0.06320184,fast_test,unweighted,0.20838698744773865
296-0,296,0,3,0,0.11755642,fast_test,unweighted,0.21808862686157227
296-1,296,1,3,0,0.04827709,fast_test,unweighted,0.21808862686157227
296-2,296,2,3,0,0.016881753,fast_test,unweighted,0.21808862686157227
296-3,296,3,3,0,0.19758259,fast_test,unweighted,0.21808862686157227
296-4,296,4,3,0,0.027843604,fast_test,unweighted,0.21808862686157227
296-5,296,5,3,1,0.60741186,fast_test,unweighted,0.21808862686157227
296-6,296,6,3,0,0.014951777,fast_test,unweighted,0.21808862686157227
296-7,296,7,3,0,0.08934294,fast_test,unweighted,0.21808862686157227
296-8,296,8,3,0,0.02392971,fast_test,unweighted,0.21808862686157227
296-9,296,9,3,0,0.09410928,fast_test,unweighted,0.21808862686157227
296-10,296,10,3,0,0.020240227,fast_test,unweighted,0.21808862686157227
296-11,296,11,3,0,0.02138047,fast_test,unweighted,0.21808862686157227
296-12,296,12,3,0,0.0722018,fast_test,unweighted,0.21808862686157227
297-0,297,0,3,0,0.11855832,fast_test,unweighted,0.21808862686157227
297-1,297,1,3,0,0.045487694,fast_test,unweighted,0.21808862686157227
297-2,297,2,3,0,0.016343592,fast_test,unweighted,0.21808862686157227
297-3,297,3,3,0,0.22058403,fast_test,unweighted,0.21808862686157227
297-4,297,4,3,0,0.028426694,fast_test,unweighted,0.21808862686157227
297-5,297,5,3,0,0.11908694,fast_test,unweighted,0.21808862686157227
297-6,297,6,3,0,0.016738487,fast_test,unweighted,0.21808862686157227
297-7,297,7,3,0,0.10326925,fast_test,unweighted,0.21808862686157227
297-8,297,8,3,0,0.026693122,fast_test,unweighted,0.21808862686157227
297-9,297,9,3,0,0.09275704,fast_test,unweighted,0.21808862686157227
297-10,297,10,3,0,0.025557434,fast_test,unweighted,0.21808862686157227
297-11,297,11,3,0,0.021492548,fast_test,unweighted,0.21808862686157227
297-12,297,12,3,0,0.08170473,fast_test,unweighted,0.21808862686157227
298-0,298,0,5,1,0.0008712706,fast_test,unweighted,0.1712287962436676
298-1,298,1,5,1,0.0017724471,fast_test,unweighted,0.1712287962436676
298-2,298,2,5,1,0.00075276545,fast_test,unweighted,0.1712287962436676
298-3,298,3,5,1,0.003673685,fast_test,unweighted,0.1712287962436676
298-4,298,4,5,1,0.0009337532,fast_test,unweighted,0.1712287962436676
298-5,298,5,5,1,0.0010441039,fast_test,unweighted,0.1712287962436676
298-6,298,6,5,1,0.0025426247,fast_test,unweighted,0.1712287962436676
298-7,298,7,5,1,0.0014340264,fast_test,unweighted,0.1712287962436676
298-8,298,8,5,1,0.0008865622,fast_test,unweighted,0.1712287962436676
298-9,298,9,5,1,0.0016208831,fast_test,unweighted,0.1712287962436676
298-10,298,10,5,1,0.00082440826,fast_test,unweighted,0.1712287962436676
298-11,298,11,5,1,0.00059061195,fast_test,unweighted,0.1712287962436676
298-12,298,12,5,1,0.0015902196,fast_test,unweighted,0.1712287962436676
299-0,299,0,4,0,0.07735035,fast_test,unweighted,0.30763813853263855
299-1,299,1,4,1,0.14667615,fast_test,unweighted,0.30763813853263855
299-2,299,2,4,0,0.23833981,fast_test,unweighted,0.30763813853263855
299-3,299,3,4,1,0.22774129,fast_test,unweighted,0.30763813853263855
299-4,299,4,4,1,0.06184399,fast_test,unweighted,0.30763813853263855
299-5,299,5,4,0,0.04701743,fast_test,unweighted,0.30763813853263855
299-6,299,6,4,0,0.087071806,fast_test,unweighted,0.30763813853263855
299-7,299,7,4,0,0.069666035,fast_test,unweighted,0.30763813853263855
299-8,299,8,4,0,0.13564909,fast_test,unweighted,0.30763813853263855
299-9,299,9,4,1,0.33579594,fast_test,unweighted,0.30763813853263855
299-10,299,10,4,0,0.026573563,fast_test,unweighted,0.30763813853263855
299-11,299,11,4,0,0.077433325,fast_test,unweighted,0.30763813853263855
299-12,299,12,4,0,0.09420412,fast_test,unweighted,0.30763813853263855
300-0,300,0,5,0,0.0006695856,fast_test,unweighted,0.1712287962436676
300-1,300,1,5,1,0.91779304,fast_test,unweighted,0.1712287962436676
300-2,300,2,5,1,0.8077002,fast_test,unweighted,0.1712287962436676
300-3,300,3,5,1,0.9540727,fast_test,unweighted,0.1712287962436676
300-4,300,4,5,1,0.77213866,fast_test,unweighted,0.1712287962436676
300-5,300,5,5,1,0.25096613,fast_test,unweighted,0.1712287962436676
300-6,300,6,5,1,0.9469322,fast_test,unweighted,0.1712287962436676
300-7,300,7,5,1,0.90668267,fast_test,unweighted,0.1712287962436676
300-8,300,8,5,1,0.8503602,fast_test,unweighted,0.1712287962436676
300-9,300,9,5,1,0.9241079,fast_test,unweighted,0.1712287962436676
300-10,300,10,5,1,0.23446856,fast_test,unweighted,0.1712287962436676
300-11,300,11,5,1,0.7139416,fast_test,unweighted,0.1712287962436676
300-12,300,12,5,1,0.91404384,fast_test,unweighted,0.1712287962436676
301-0,301,0,2,0,0.032122966,fast_test,unweighted,0.20516107976436615
301-1,301,1,2,0,0.048774045,fast_test,unweighted,0.20516107976436615
301-2,301,2,2,0,0.06892035,fast_test,unweighted,0.20516107976436615
301-3,301,3,2,0,0.09650586,fast_test,unweighted,0.20516107976436615
301-4,301,4,2,0,0.022925524,fast_test,unweighted,0.20516107976436615
301-5,301,5,2,1,0.31111312,fast_test,unweighted,0.20516107976436615
301-6,301,6,2,0,0.016412145,fast_test,unweighted,0.20516107976436615
301-7,301,7,2,0,0.029619023,fast_test,unweighted,0.20516107976436615
301-8,301,8,2,0,0.10881232,fast_test,unweighted,0.20516107976436615
301-9,301,9,2,0,0.09584841,fast_test,unweighted,0.20516107976436615
301-10,301,10,2,0,0.009131279,fast_test,unweighted,0.20516107976436615
301-11,301,11,2,0,0.009188622,fast_test,unweighted,0.20516107976436615
301-12,301,12,2,0,0.033867173,fast_test,unweighted,0.20516107976436615
302-0,302,0,4,1,0.14529295,fast_test,unweighted,0.30763813853263855
302-1,302,1,4,1,0.14667615,fast_test,unweighted,0.30763813853263855
302-2,302,2,4,1,0.37553877,fast_test,unweighted,0.30763813853263855
302-3,302,3,4,0,0.12895748,fast_test,unweighted,0.30763813853263855
302-4,302,4,4,1,0.08043574,fast_test,unweighted,0.30763813853263855
302-5,302,5,4,0,0.05086239,fast_test,unweighted,0.30763813853263855
302-6,302,6,4,1,0.17219976,fast_test,unweighted,0.30763813853263855
302-7,302,7,4,1,0.13362959,fast_test,unweighted,0.30763813853263855
302-8,302,8,4,0,0.12980212,fast_test,unweighted,0.30763813853263855
302-9,302,9,4,1,0.3581169,fast_test,unweighted,0.30763813853263855
302-10,302,10,4,0,0.026573563,fast_test,unweighted,0.30763813853263855
302-11,302,11,4,1,0.16800132,fast_test,unweighted,0.30763813853263855
302-12,302,12,4,1,0.17813538,fast_test,unweighted,0.30763813853263855
303-0,303,0,5,0,0.08296985,fast_test,unweighted,0.1712287962436676
303-1,303,1,5,0,0.14698622,fast_test,unweighted,0.1712287962436676
303-2,303,2,5,0,0.05246185,fast_test,unweighted,0.1712287962436676
303-3,303,3,5,0,0.23421027,fast_test,unweighted,0.1712287962436676
303-4,303,4,5,0,0.08193333,fast_test,unweighted,0.1712287962436676
303-5,303,5,5,0,0.07066181,fast_test,unweighted,0.1712287962436676
303-6,303,6,5,0,0.20685759,fast_test,unweighted,0.1712287962436676
303-7,303,7,5,0,0.13024402,fast_test,unweighted,0.1712287962436676
303-8,303,8,5,0,0.07750268,fast_test,unweighted,0.1712287962436676
303-9,303,9,5,0,0.16113454,fast_test,unweighted,0.1712287962436676
303-10,303,10,5,0,0.05102016,fast_test,unweighted,0.1712287962436676
303-11,303,11,5,0,0.058292527,fast_test,unweighted,0.1712287962436676
303-12,303,12,5,1,0.5524172,fast_test,unweighted,0.1712287962436676
304-0,304,0,1,1,0.13207541,fast_test,unweighted,0.20838698744773865
304-1,304,1,1,0,0.11701084,fast_test,unweighted,0.20838698744773865
304-2,304,2,1,0,0.072027475,fast_test,unweighted,0.20838698744773865
304-3,304,3,1,0,0.077215575,fast_test,unweighted,0.20838698744773865
304-4,304,4,1,1,0.029644204,fast_test,unweighted,0.20838698744773865
304-5,304,5,1,1,0.032811616,fast_test,unweighted,0.20838698744773865
304-6,304,6,1,0,0.040565662,fast_test,unweighted,0.20838698744773865
304-7,304,7,1,1,0.077063724,fast_test,unweighted,0.20838698744773865
304-8,304,8,1,0,0.04262831,fast_test,unweighted,0.20838698744773865
304-9,304,9,1,1,0.12894773,fast_test,unweighted,0.20838698744773865
304-10,304,10,1,1,0.029344862,fast_test,unweighted,0.20838698744773865
304-11,304,11,1,1,0.07884239,fast_test,unweighted,0.20838698744773865
304-12,304,12,1,0,0.0636073,fast_test,unweighted,0.20838698744773865
305-0,305,0,1,0,0.5042358,fast_test,unweighted,0.20838698744773865
305-1,305,1,1,0,0.53377753,fast_test,unweighted,0.20838698744773865
305-2,305,2,1,0,0.368003,fast_test,unweighted,0.20838698744773865
305-3,305,3,1,0,0.37804547,fast_test,unweighted,0.20838698744773865
305-4,305,4,1,0,0.23484647,fast_test,unweighted,0.20838698744773865
305-5,305,5,1,0,0.20534469,fast_test,unweighted,0.20838698744773865
305-6,305,6,1,0,0.20660894,fast_test,unweighted,0.20838698744773865
305-7,305,7,1,0,0.3662754,fast_test,unweighted,0.20838698744773865
305-8,305,8,1,0,0.20369282,fast_test,unweighted,0.20838698744773865
305-9,305,9,1,0,0.5170027,fast_test,unweighted,0.20838698744773865
305-10,305,10,1,0,0.10022729,fast_test,unweighted,0.20838698744773865
305-11,305,11,1,0,0.40932378,fast_test,unweighted,0.20838698744773865
305-12,305,12,1,0,0.31212163,fast_test,unweighted,0.20838698744773865
306-0,306,0,5,0,0.039253023,fast_test,unweighted,0.1712287962436676
306-1,306,1,5,0,0.0720768,fast_test,unweighted,0.1712287962436676
306-2,306,2,5,0,0.02803842,fast_test,unweighted,0.1712287962436676
306-3,306,3,5,0,0.11847947,fast_test,unweighted,0.1712287962436676
306-4,306,4,5,0,0.027298493,fast_test,unweighted,0.1712287962436676
306-5,306,5,5,0,0.018698184,fast_test,unweighted,0.1712287962436676
306-6,306,6,5,0,0.1029377,fast_test,unweighted,0.1712287962436676
306-7,306,7,5,0,0.060503192,fast_test,unweighted,0.1712287962436676
306-8,306,8,5,0,0.04375856,fast_test,unweighted,0.1712287962436676
306-9,306,9,5,0,0.078515865,fast_test,unweighted,0.1712287962436676
306-10,306,10,5,0,0.014599595,fast_test,unweighted,0.1712287962436676
306-11,306,11,5,0,0.020254103,fast_test,unweighted,0.1712287962436676
306-12,306,12,5,0,0.06419996,fast_test,unweighted,0.1712287962436676
307-0,307,0,3,1,0.5682491,fast_test,unweighted,0.21808862686157227
307-1,307,1,3,1,0.39963096,fast_test,unweighted,0.21808862686157227
307-2,307,2,3,0,0.010314602,fast_test,unweighted,0.21808862686157227
307-3,307,3,3,0,0.1175087,fast_test,unweighted,0.21808862686157227
307-4,307,4,3,0,0.01229328,fast_test,unweighted,0.21808862686157227
307-5,307,5,3,1,0.5880973,fast_test,unweighted,0.21808862686157227
307-6,307,6,3,0,0.0077670086,fast_test,unweighted,0.21808862686157227
307-7,307,7,3,0,0.058328655,fast_test,unweighted,0.21808862686157227
307-8,307,8,3,0,0.014752235,fast_test,unweighted,0.21808862686157227
307-9,307,9,3,0,0.04232775,fast_test,unweighted,0.21808862686157227
307-10,307,10,3,1,0.15083192,fast_test,unweighted,0.21808862686157227
307-11,307,11,3,0,0.01501491,fast_test,unweighted,0.21808862686157227
307-12,307,12,3,0,0.03962011,fast_test,unweighted,0.21808862686157227
308-0,308,0,3,0,0.016767526,fast_test,unweighted,0.21808862686157227
308-1,308,1,3,0,0.0073901936,fast_test,unweighted,0.21808862686157227
308-2,308,2,3,0,0.0033061851,fast_test,unweighted,0.21808862686157227
308-3,308,3,3,0,0.029838018,fast_test,unweighted,0.21808862686157227
308-4,308,4,3,0,0.0040961457,fast_test,unweighted,0.21808862686157227
308-5,308,5,3,0,0.015384153,fast_test,unweighted,0.21808862686157227
308-6,308,6,3,0,0.0025089611,fast_test,unweighted,0.21808862686157227
308-7,308,7,3,0,0.012575347,fast_test,unweighted,0.21808862686157227
308-8,308,8,3,0,0.0027618876,fast_test,unweighted,0.21808862686157227
308-9,308,9,3,1,0.45586634,fast_test,unweighted,0.21808862686157227
308-10,308,10,3,0,0.0034097782,fast_test,unweighted,0.21808862686157227
308-11,308,11,3,0,0.002819466,fast_test,unweighted,0.21808862686157227
308-12,308,12,3,0,0.010077849,fast_test,unweighted,0.21808862686157227
309-0,309,0,2,1,0.36400124,fast_test,unweighted,0.20516107976436615
309-1,309,1,2,0,0.023642844,fast_test,unweighted,0.20516107976436615
309-2,309,2,2,0,0.04460266,fast_test,unweighted,0.20516107976436615
309-3,309,3,2,0,0.060835656,fast_test,unweighted,0.20516107976436615
309-4,309,4,2,0,0.01769365,fast_test,unweighted,0.20516107976436615
309-5,309,5,2,0,0.02415638,fast_test,unweighted,0.20516107976436615
309-6,309,6,2,0,0.011664852,fast_test,unweighted,0.20516107976436615
309-7,309,7,2,0,0.018174,fast_test,unweighted,0.20516107976436615
309-8,309,8,2,0,0.065742664,fast_test,unweighted,0.20516107976436615
309-9,309,9,2,0,0.050265864,fast_test,unweighted,0.20516107976436615
309-10,309,10,2,0,0.00707396,fast_test,unweighted,0.20516107976436615
309-11,309,11,2,0,0.007118476,fast_test,unweighted,0.20516107976436615
309-12,309,12,2,0,0.018648334,fast_test,unweighted,0.20516107976436615
310-0,310,0,5,0,0.8676008,fast_test,unweighted,0.1712287962436676
310-1,310,1,5,1,0.0013297783,fast_test,unweighted,0.1712287962436676
310-2,310,2,5,0,0.84685355,fast_test,unweighted,0.1712287962436676
310-3,310,3,5,1,0.0040019825,fast_test,unweighted,0.1712287962436676
310-4,310,4,5,0,0.7752187,fast_test,unweighted,0.1712287962436676
310-5,310,5,5,0,0.27471793,fast_test,unweighted,0.1712287962436676
310-6,310,6,5,0,0.9563062,fast_test,unweighted,0.1712287962436676
310-7,310,7,5,1,0.002464581,fast_test,unweighted,0.1712287962436676
310-8,310,8,5,0,0.88990664,fast_test,unweighted,0.1712287962436676
310-9,310,9,5,0,0.9304839,fast_test,unweighted,0.1712287962436676
310-10,310,10,5,1,0.00058873673,fast_test,unweighted,0.1712287962436676
310-11,310,11,5,1,0.0005407278,fast_test,unweighted,0.1712287962436676
310-12,310,12,5,0,0.947772,fast_test,unweighted,0.1712287962436676
311-0,311,0,2,0,0.0034611118,fast_test,unweighted,0.20516107976436615
311-1,311,1,2,0,0.005653718,fast_test,unweighted,0.20516107976436615
311-2,311,2,2,1,0.5377582,fast_test,unweighted,0.20516107976436615
311-3,311,3,2,0,0.008539803,fast_test,unweighted,0.20516107976436615
311-4,311,4,2,0,0.0019867255,fast_test,unweighted,0.20516107976436615
311-5,311,5,2,0,0.0038413429,fast_test,unweighted,0.20516107976436615
311-6,311,6,2,0,0.0017306274,fast_test,unweighted,0.20516107976436615
311-7,311,7,2,0,0.002605208,fast_test,unweighted,0.20516107976436615
311-8,311,8,2,0,0.00930723,fast_test,unweighted,0.20516107976436615
311-9,311,9,2,0,0.007536972,fast_test,unweighted,0.20516107976436615
311-10,311,10,2,0,0.0009813762,fast_test,unweighted,0.20516107976436615
311-11,311,11,2,0,0.00086628884,fast_test,unweighted,0.20516107976436615
311-12,311,12,2,0,0.0027775562,fast_test,unweighted,0.20516107976436615
312-0,312,0,3,0,0.12403116,fast_test,unweighted,0.21808862686157227
312-1,312,1,3,0,0.05247419,fast_test,unweighted,0.21808862686157227
312-2,312,2,3,0,0.017995624,fast_test,unweighted,0.21808862686157227
312-3,312,3,3,0,0.19474767,fast_test,unweighted,0.21808862686157227
312-4,312,4,3,0,0.02534787,fast_test,unweighted,0.21808862686157227
312-5,312,5,3,0,0.105982915,fast_test,unweighted,0.21808862686157227
312-6,312,6,3,0,0.014913017,fast_test,unweighted,0.21808862686157227
312-7,312,7,3,0,0.09635555,fast_test,unweighted,0.21808862686157227
312-8,312,8,3,0,0.026748696,fast_test,unweighted,0.21808862686157227
312-9,312,9,3,0,0.086200535,fast_test,unweighted,0.21808862686157227
312-10,312,10,3,0,0.021542232,fast_test,unweighted,0.21808862686157227
312-11,312,11,3,0,0.019105328,fast_test,unweighted,0.21808862686157227
312-12,312,12,3,0,0.07730083,fast_test,unweighted,0.21808862686157227
313-0,313,0,4,0,0.0016283597,fast_test,unweighted,0.30763813853263855
313-1,313,1,4,0,0.0012396165,fast_test,unweighted,0.30763813853263855
313-2,313,2,4,0,0.004357611,fast_test,unweighted,0.30763813853263855
313-3,313,3,4,0,0.0023524852,fast_test,unweighted,0.30763813853263855
313-4,313,4,4,0,0.0010079386,fast_test,unweighted,0.30763813853263855
313-5,313,5,4,0,0.0006665365,fast_test,unweighted,0.30763813853263855
313-6,313,6,4,0,0.0017629695,fast_test,unweighted,0.30763813853263855
313-7,313,7,4,0,0.0012823475,fast_test,unweighted,0.30763813853263855
313-8,313,8,4,0,0.0034145487,fast_test,unweighted,0.30763813853263855
313-9,313,9,4,0,0.004482123,fast_test,unweighted,0.30763813853263855
313-10,313,10,4,0,0.0012688834,fast_test,unweighted,0.30763813853263855
313-11,313,11,4,0,0.0014386873,fast_test,unweighted,0.30763813853263855
313-12,313,12,4,0,0.0016871257,fast_test,unweighted,0.30763813853263855
314-0,314,0,1,1,0.4350605,fast_test,unweighted,0.20838698744773865
314-1,314,1,1,1,0.45916277,fast_test,unweighted,0.20838698744773865
314-2,314,2,1,1,0.28139848,fast_test,unweighted,0.20838698744773865
314-3,314,3,1,1,0.29423064,fast_test,unweighted,0.20838698744773865
314-4,314,4,1,1,0.17550595,fast_test,unweighted,0.20838698744773865
314-5,314,5,1,1,0.14805222,fast_test,unweighted,0.20838698744773865
314-6,314,6,1,0,0.0043108976,fast_test,unweighted,0.20838698744773865
314-7,314,7,1,1,0.26369575,fast_test,unweighted,0.20838698744773865
314-8,314,8,1,1,0.14745289,fast_test,unweighted,0.20838698744773865
314-9,314,9,1,1,0.43703258,fast_test,unweighted,0.20838698744773865
314-10,314,10,1,0,0.004916854,fast_test,unweighted,0.20838698744773865
314-11,314,11,1,1,0.29675105,fast_test,unweighted,0.20838698744773865
314-12,314,12,1,0,0.006792746,fast_test,unweighted,0.20838698744773865
315-0,315,0,2,0,0.0044677374,fast_test,unweighted,0.20516107976436615
315-1,315,1,2,0,0.006850471,fast_test,unweighted,0.20516107976436615
315-2,315,2,2,0,0.010572603,fast_test,unweighted,0.20516107976436615
315-3,315,3,2,0,0.0135668265,fast_test,unweighted,0.20516107976436615
315-4,315,4,2,0,0.0028194217,fast_test,unweighted,0.20516107976436615
315-5,315,5,2,0,0.0045915223,fast_test,unweighted,0.20516107976436615
315-6,315,6,2,0,0.0025187957,fast_test,unweighted,0.20516107976436615
315-7,315,7,2,0,0.0031641948,fast_test,unweighted,0.20516107976436615
315-8,315,8,2,0,0.014180283,fast_test,unweighted,0.20516107976436615
315-9,315,9,2,0,0.009947768,fast_test,unweighted,0.20516107976436615
315-10,315,10,2,0,0.001189464,fast_test,unweighted,0.20516107976436615
315-11,315,11,2,0,0.0015414365,fast_test,unweighted,0.20516107976436615
315-12,315,12,2,0,0.003442266,fast_test,unweighted,0.20516107976436615
316-0,316,0,2,0,0.020814998,fast_test,unweighted,0.20516107976436615
316-1,316,1,2,0,0.03243567,fast_test,unweighted,0.20516107976436615
316-2,316,2,2,0,0.042674903,fast_test,unweighted,0.20516107976436615
316-3,316,3,2,0,0.053658567,fast_test,unweighted,0.20516107976436615
316-4,316,4,2,0,0.013147167,fast_test,unweighted,0.20516107976436615
316-5,316,5,2,0,0.024281638,fast_test,unweighted,0.20516107976436615
316-6,316,6,2,0,0.011383299,fast_test,unweighted,0.20516107976436615
316-7,316,7,2,0,0.017738136,fast_test,unweighted,0.20516107976436615
316-8,316,8,2,0,0.06203454,fast_test,unweighted,0.20516107976436615
316-9,316,9,2,0,0.047856707,fast_test,unweighted,0.20516107976436615
316-10,316,10,2,0,0.006928132,fast_test,unweighted,0.20516107976436615
316-11,316,11,2,0,0.0059867282,fast_test,unweighted,0.20516107976436615
316-12,316,12,2,0,0.014594944,fast_test,unweighted,0.20516107976436615
317-0,317,0,1,0,0.13238709,fast_test,unweighted,0.20838698744773865
317-1,317,1,1,0,0.14246024,fast_test,unweighted,0.20838698744773865
317-2,317,2,1,0,0.082707725,fast_test,unweighted,0.20838698744773865
317-3,317,3,1,0,0.085123554,fast_test,unweighted,0.20838698744773865
317-4,317,4,1,0,0.04671163,fast_test,unweighted,0.20838698744773865
317-5,317,5,1,0,0.03846269,fast_test,unweighted,0.20838698744773865
317-6,317,6,1,0,0.048549585,fast_test,unweighted,0.20838698744773865
317-7,317,7,1,0,0.085345894,fast_test,unweighted,0.20838698744773865
317-8,317,8,1,0,0.046626497,fast_test,unweighted,0.20838698744773865
317-9,317,9,1,0,0.14102392,fast_test,unweighted,0.20838698744773865
317-10,317,10,1,0,0.034307934,fast_test,unweighted,0.20838698744773865
317-11,317,11,1,0,0.11161073,fast_test,unweighted,0.20838698744773865
317-12,317,12,1,0,0.07080737,fast_test,unweighted,0.20838698744773865
318-0,318,0,1,0,0.115155935,fast_test,unweighted,0.20838698744773865
318-1,318,1,1,0,0.113152765,fast_test,unweighted,0.20838698744773865
318-2,318,2,1,0,0.07213469,fast_test,unweighted,0.20838698744773865
318-3,318,3,1,0,0.06415576,fast_test,unweighted,0.20838698744773865
318-4,318,4,1,0,0.02984847,fast_test,unweighted,0.20838698744773865
318-5,318,5,1,0,0.032732286,fast_test,unweighted,0.20838698744773865
318-6,318,6,1,0,0.035056386,fast_test,unweighted,0.20838698744773865
318-7,318,7,1,0,0.072306424,fast_test,unweighted,0.20838698744773865
318-8,318,8,1,0,0.038607083,fast_test,unweighted,0.20838698744773865
318-9,318,9,1,0,0.12271806,fast_test,unweighted,0.20838698744773865
318-10,318,10,1,0,0.026785126,fast_test,unweighted,0.20838698744773865
318-11,318,11,1,0,0.06696763,fast_test,unweighted,0.20838698744773865
318-12,318,12,1,0,0.059027042,fast_test,unweighted,0.20838698744773865
319-0,319,0,2,0,0.0033137687,fast_test,unweighted,0.20516107976436615
319-1,319,1,2,0,0.005219982,fast_test,unweighted,0.20516107976436615
319-2,319,2,2,0,0.006751139,fast_test,unweighted,0.20516107976436615
319-3,319,3,2,0,0.008539803,fast_test,unweighted,0.20516107976436615
319-4,319,4,2,0,0.0019867255,fast_test,unweighted,0.20516107976436615
319-5,319,5,2,0,0.0038413429,fast_test,unweighted,0.20516107976436615
319-6,319,6,2,0,0.0017306274,fast_test,unweighted,0.20516107976436615
319-7,319,7,2,0,0.002605208,fast_test,unweighted,0.20516107976436615
319-8,319,8,2,0,0.00930723,fast_test,unweighted,0.20516107976436615
319-9,319,9,2,0,0.0091680065,fast_test,unweighted,0.20516107976436615
319-10,319,10,2,0,0.0009813762,fast_test,unweighted,0.20516107976436615
319-11,319,11,2,0,0.00086628884,fast_test,unweighted,0.20516107976436615
319-12,319,12,2,0,0.0027775562,fast_test,unweighted,0.20516107976436615
320-0,320,0,4,0,0.15638264,fast_test,unweighted,0.30763813853263855
320-1,320,1,4,1,0.070149966,fast_test,unweighted,0.30763813853263855
320-2,320,2,4,0,0.423238,fast_test,unweighted,0.30763813853263855
320-3,320,3,4,0,0.2670399,fast_test,unweighted,0.30763813853263855
320-4,320,4,4,1,0.025653437,fast_test,unweighted,0.30763813853263855
320-5,320,5,4,0,0.1079115,fast_test,unweighted,0.30763813853263855
320-6,320,6,4,1,0.07088754,fast_test,unweighted,0.30763813853263855
320-7,320,7,4,1,0.061394252,fast_test,unweighted,0.30763813853263855
320-8,320,8,4,0,0.25279656,fast_test,unweighted,0.30763813853263855
320-9,320,9,4,1,0.14332916,fast_test,unweighted,0.30763813853263855
320-10,320,10,4,0,0.060908508,fast_test,unweighted,0.30763813853263855
320-11,320,11,4,0,0.19783668,fast_test,unweighted,0.30763813853263855
320-12,320,12,4,0,0.19802906,fast_test,unweighted,0.30763813853263855
321-0,321,0,4,1,0.003010727,fast_test,unweighted,0.30763813853263855
321-1,321,1,4,0,0.31118798,fast_test,unweighted,0.30763813853263855
321-2,321,2,4,0,0.6201916,fast_test,unweighted,0.30763813853263855
321-3,321,3,4,0,0.4366501,fast_test,unweighted,0.30763813853263855
321-4,321,4,4,0,0.18954228,fast_test,unweighted,0.30763813853263855
321-5,321,5,4,0,0.20740156,fast_test,unweighted,0.30763813853263855
321-6,321,6,4,0,0.33813944,fast_test,unweighted,0.30763813853263855
321-7,321,7,4,0,0.28160605,fast_test,unweighted,0.30763813853263855
321-8,321,8,4,0,0.4504312,fast_test,unweighted,0.30763813853263855
321-9,321,9,4,0,0.56581116,fast_test,unweighted,0.30763813853263855
321-10,321,10,4,0,0.13130663,fast_test,unweighted,0.30763813853263855
321-11,321,11,4,0,0.2687333,fast_test,unweighted,0.30763813853263855
321-12,321,12,4,0,0.34069103,fast_test,unweighted,0.30763813853263855
322-0,322,0,2,0,0.15869492,fast_test,unweighted,0.20516107976436615
322-1,322,1,2,0,0.25019586,fast_test,unweighted,0.20516107976436615
322-2,322,2,2,1,0.099750265,fast_test,unweighted,0.20516107976436615
322-3,322,3,2,0,0.3563754,fast_test,unweighted,0.20516107976436615
322-4,322,4,2,0,0.08971377,fast_test,unweighted,0.20516107976436615
322-5,322,5,2,0,0.1996055,fast_test,unweighted,0.20516107976436615
322-6,322,6,2,1,0.021000508,fast_test,unweighted,0.20516107976436615
322-7,322,7,2,0,0.13707611,fast_test,unweighted,0.20516107976436615
322-8,322,8,2,0,0.37253797,fast_test,unweighted,0.20516107976436615
322-9,322,9,2,1,0.08665971,fast_test,unweighted,0.20516107976436615
322-10,322,10,2,0,0.037937302,fast_test,unweighted,0.20516107976436615
322-11,322,11,2,0,0.03314381,fast_test,unweighted,0.20516107976436615
322-12,322,12,2,0,0.14511047,fast_test,unweighted,0.20516107976436615
323-0,323,0,5,0,0.00068365055,fast_test,unweighted,0.1712287962436676
323-1,323,1,5,0,0.0014357911,fast_test,unweighted,0.1712287962436676
323-2,323,2,5,0,0.0005211438,fast_test,unweighted,0.1712287962436676
323-3,323,3,5,0,0.0025892241,fast_test,unweighted,0.1712287962436676
323-4,323,4,5,0,0.00077860785,fast_test,unweighted,0.1712287962436676
323-5,323,5,5,0,0.0008905555,fast_test,unweighted,0.1712287962436676
323-6,323,6,5,0,0.0017273772,fast_test,unweighted,0.1712287962436676
323-7,323,7,5,0,0.0010836088,fast_test,unweighted,0.1712287962436676
323-8,323,8,5,0,0.0010052162,fast_test,unweighted,0.1712287962436676
323-9,323,9,5,0,0.0014014728,fast_test,unweighted,0.1712287962436676
323-10,323,10,5,0,0.0006329266,fast_test,unweighted,0.1712287962436676
323-11,323,11,5,0,0.00045005337,fast_test,unweighted,0.1712287962436676
323-12,323,12,5,0,0.0020014828,fast_test,unweighted,0.1712287962436676
324-0,324,0,4,1,0.27158803,fast_test,unweighted,0.30763813853263855
324-1,324,1,4,1,0.29669893,fast_test,unweighted,0.30763813853263855
324-2,324,2,4,1,0.5982101,fast_test,unweighted,0.30763813853263855
324-3,324,3,4,1,0.41988033,fast_test,unweighted,0.30763813853263855
324-4,324,4,4,1,0.17472897,fast_test,unweighted,0.30763813853263855
324-5,324,5,4,1,0.19432677,fast_test,unweighted,0.30763813853263855
324-6,324,6,4,1,0.31269795,fast_test,unweighted,0.30763813853263855
324-7,324,7,4,1,0.23544775,fast_test,unweighted,0.30763813853263855
324-8,324,8,4,1,0.41871932,fast_test,unweighted,0.30763813853263855
324-9,324,9,4,1,0.5507485,fast_test,unweighted,0.30763813853263855
324-10,324,10,4,1,0.11819831,fast_test,unweighted,0.30763813853263855
324-11,324,11,4,1,0.27902633,fast_test,unweighted,0.30763813853263855
324-12,324,12,4,1,0.31614175,fast_test,unweighted,0.30763813853263855
325-0,325,0,2,0,0.08198966,fast_test,unweighted,0.20516107976436615
325-1,325,1,2,0,0.13904922,fast_test,unweighted,0.20516107976436615
325-2,325,2,2,0,0.1768049,fast_test,unweighted,0.20516107976436615
325-3,325,3,2,0,0.23659863,fast_test,unweighted,0.20516107976436615
325-4,325,4,2,0,0.043137096,fast_test,unweighted,0.20516107976436615
325-5,325,5,2,0,0.097127646,fast_test,unweighted,0.20516107976436615
325-6,325,6,2,0,0.030255085,fast_test,unweighted,0.20516107976436615
325-7,325,7,2,0,0.082215,fast_test,unweighted,0.20516107976436615
325-8,325,8,2,0,0.24363561,fast_test,unweighted,0.20516107976436615
325-9,325,9,2,0,0.18009463,fast_test,unweighted,0.20516107976436615
325-10,325,10,2,0,0.019059887,fast_test,unweighted,0.20516107976436615
325-11,325,11,2,0,0.015151256,fast_test,unweighted,0.20516107976436615
325-12,325,12,2,0,0.053654745,fast_test,unweighted,0.20516107976436615
326-0,326,0,4,0,0.83320343,fast_test,unweighted,0.30763813853263855
326-1,326,1,4,0,0.84101313,fast_test,unweighted,0.30763813853263855
326-2,326,2,4,0,0.95164406,fast_test,unweighted,0.30763813853263855
326-3,326,3,4,0,0.9102092,fast_test,unweighted,0.30763813853263855
326-4,326,4,4,0,0.6446818,fast_test,unweighted,0.30763813853263855
326-5,326,5,4,0,0.7494049,fast_test,unweighted,0.30763813853263855
326-6,326,6,4,0,0.85858595,fast_test,unweighted,0.30763813853263855
326-7,326,7,4,1,0.0011976236,fast_test,unweighted,0.30763813853263855
326-8,326,8,4,0,0.92200786,fast_test,unweighted,0.30763813853263855
326-9,326,9,4,0,0.9384937,fast_test,unweighted,0.30763813853263855
326-10,326,10,4,0,0.6976241,fast_test,unweighted,0.30763813853263855
326-11,326,11,4,0,0.8249771,fast_test,unweighted,0.30763813853263855
326-12,326,12,4,0,0.8629117,fast_test,unweighted,0.30763813853263855
327-0,327,0,4,0,0.08671075,fast_test,unweighted,0.30763813853263855
327-1,327,1,4,0,0.096448176,fast_test,unweighted,0.30763813853263855
327-2,327,2,4,0,0.2736371,fast_test,unweighted,0.30763813853263855
327-3,327,3,4,0,0.1603763,fast_test,unweighted,0.30763813853263855
327-4,327,4,4,0,0.03856169,fast_test,unweighted,0.30763813853263855
327-5,327,5,4,0,0.05751928,fast_test,unweighted,0.30763813853263855
327-6,327,6,4,0,0.102500185,fast_test,unweighted,0.30763813853263855
327-7,327,7,4,0,0.08425881,fast_test,unweighted,0.30763813853263855
327-8,327,8,4,0,0.17398767,fast_test,unweighted,0.30763813853263855
327-9,327,9,4,0,0.23757622,fast_test,unweighted,0.30763813853263855
327-10,327,10,4,0,0.03316051,fast_test,unweighted,0.30763813853263855
327-11,327,11,4,1,0.09513342,fast_test,unweighted,0.30763813853263855
327-12,327,12,4,0,0.11307783,fast_test,unweighted,0.30763813853263855
328-0,328,0,4,0,0.016386954,fast_test,unweighted,0.30763813853263855
328-1,328,1,4,0,0.018498912,fast_test,unweighted,0.30763813853263855
328-2,328,2,4,0,0.061640274,fast_test,unweighted,0.30763813853263855
328-3,328,3,4,0,0.031323332,fast_test,unweighted,0.30763813853263855
328-4,328,4,4,0,0.006946071,fast_test,unweighted,0.30763813853263855
328-5,328,5,4,0,0.011465521,fast_test,unweighted,0.30763813853263855
328-6,328,6,4,0,0.019945504,fast_test,unweighted,0.30763813853263855
328-7,328,7,4,0,0.014607137,fast_test,unweighted,0.30763813853263855
328-8,328,8,4,0,0.027865116,fast_test,unweighted,0.30763813853263855
328-9,328,9,4,0,0.051461,fast_test,unweighted,0.30763813853263855
328-10,328,10,4,0,0.012785131,fast_test,unweighted,0.30763813853263855
328-11,328,11,4,0,0.01767782,fast_test,unweighted,0.30763813853263855
328-12,328,12,4,0,0.020830384,fast_test,unweighted,0.30763813853263855
329-0,329,0,1,0,0.030476976,fast_test,unweighted,0.20838698744773865
329-1,329,1,1,0,0.03339158,fast_test,unweighted,0.20838698744773865
329-2,329,2,1,0,0.017840724,fast_test,unweighted,0.20838698744773865
329-3,329,3,1,1,0.52300304,fast_test,unweighted,0.20838698744773865
329-4,329,4,1,0,0.008364511,fast_test,unweighted,0.20838698744773865
329-5,329,5,1,0,0.0080861235,fast_test,unweighted,0.20838698744773865
329-6,329,6,1,0,0.010063811,fast_test,unweighted,0.20838698744773865
329-7,329,7,1,0,0.018250791,fast_test,unweighted,0.20838698744773865
329-8,329,8,1,0,0.009649702,fast_test,unweighted,0.20838698744773865
329-9,329,9,1,0,0.03163778,fast_test,unweighted,0.20838698744773865
329-10,329,10,1,0,0.009879674,fast_test,unweighted,0.20838698744773865
329-11,329,11,1,0,0.019840166,fast_test,unweighted,0.20838698744773865
329-12,329,12,1,0,0.015103558,fast_test,unweighted,0.20838698744773865
330-0,330,0,4,1,0.026969574,fast_test,unweighted,0.30763813853263855
330-1,330,1,4,0,0.19238286,fast_test,unweighted,0.30763813853263855
330-2,330,2,4,1,0.101574264,fast_test,unweighted,0.30763813853263855
330-3,330,3,4,0,0.29012057,fast_test,unweighted,0.30763813853263855
330-4,330,4,4,1,0.01565117,fast_test,unweighted,0.30763813853263855
330-5,330,5,4,0,0.11213297,fast_test,unweighted,0.30763813853263855
330-6,330,6,4,1,0.035233058,fast_test,unweighted,0.30763813853263855
330-7,330,7,4,1,0.028555043,fast_test,unweighted,0.30763813853263855
330-8,330,8,4,1,0.05171076,fast_test,unweighted,0.30763813853263855
330-9,330,9,4,0,0.38691238,fast_test,unweighted,0.30763813853263855
330-10,330,10,4,0,0.067891546,fast_test,unweighted,0.30763813853263855
330-11,330,11,4,0,0.2060316,fast_test,unweighted,0.30763813853263855
330-12,330,12,4,1,0.036142677,fast_test,unweighted,0.30763813853263855
331-0,331,0,4,1,0.9215164,fast_test,unweighted,0.30763813853263855
331-1,331,1,4,1,0.92346364,fast_test,unweighted,0.30763813853263855
331-2,331,2,4,1,0.9776363,fast_test,unweighted,0.30763813853263855
331-3,331,3,4,1,0.9531703,fast_test,unweighted,0.30763813853263855
331-4,331,4,4,1,0.8247046,fast_test,unweighted,0.30763813853263855
331-5,331,5,4,1,0.8647853,fast_test,unweighted,0.30763813853263855
331-6,331,6,4,0,0.0012459779,fast_test,unweighted,0.30763813853263855
331-7,331,7,4,0,0.0009776028,fast_test,unweighted,0.30763813853263855
331-8,331,8,4,1,0.94826317,fast_test,unweighted,0.30763813853263855
331-9,331,9,4,1,0.97343034,fast_test,unweighted,0.30763813853263855
331-10,331,10,4,1,0.80835706,fast_test,unweighted,0.30763813853263855
331-11,331,11,4,1,0.9207874,fast_test,unweighted,0.30763813853263855
331-12,331,12,4,0,0.0012268481,fast_test,unweighted,0.30763813853263855
332-0,332,0,3,0,0.02465083,fast_test,unweighted,0.21808862686157227
332-1,332,1,3,0,0.0095858285,fast_test,unweighted,0.21808862686157227
332-2,332,2,3,0,0.0038222224,fast_test,unweighted,0.21808862686157227
332-3,332,3,3,0,0.03947346,fast_test,unweighted,0.21808862686157227
332-4,332,4,3,0,0.004688006,fast_test,unweighted,0.21808862686157227
332-5,332,5,3,0,0.020297429,fast_test,unweighted,0.21808862686157227
332-6,332,6,3,0,0.0035214182,fast_test,unweighted,0.21808862686157227
332-7,332,7,3,0,0.017753704,fast_test,unweighted,0.21808862686157227
332-8,332,8,3,0,0.0039208694,fast_test,unweighted,0.21808862686157227
332-9,332,9,3,0,0.022738738,fast_test,unweighted,0.21808862686157227
332-10,332,10,3,0,0.0053007305,fast_test,unweighted,0.21808862686157227
332-11,332,11,3,0,0.0035282248,fast_test,unweighted,0.21808862686157227
332-12,332,12,3,0,0.013420487,fast_test,unweighted,0.21808862686157227
333-0,333,0,2,1,0.07688241,fast_test,unweighted,0.20516107976436615
333-1,333,1,2,0,0.09778459,fast_test,unweighted,0.20516107976436615
333-2,333,2,2,0,0.15573713,fast_test,unweighted,0.20516107976436615
333-3,333,3,2,0,0.17031975,fast_test,unweighted,0.20516107976436615
333-4,333,4,2,0,0.04837658,fast_test,unweighted,0.20516107976436615
333-5,333,5,2,1,0.096781455,fast_test,unweighted,0.20516107976436615
333-6,333,6,2,1,0.03571021,fast_test,unweighted,0.20516107976436615
333-7,333,7,2,0,0.061320264,fast_test,unweighted,0.20516107976436615
333-8,333,8,2,0,0.198792,fast_test,unweighted,0.20516107976436615
333-9,333,9,2,0,0.13585456,fast_test,unweighted,0.20516107976436615
333-10,333,10,2,1,0.022738697,fast_test,unweighted,0.20516107976436615
333-11,333,11,2,0,0.010324303,fast_test,unweighted,0.20516107976436615
333-12,333,12,2,0,0.059630174,fast_test,unweighted,0.20516107976436615
334-0,334,0,1,0,0.10199261,fast_test,unweighted,0.20838698744773865
334-1,334,1,1,0,0.12026822,fast_test,unweighted,0.20838698744773865
334-2,334,2,1,1,0.09132287,fast_test,unweighted,0.20838698744773865
334-3,334,3,1,1,0.09396452,fast_test,unweighted,0.20838698744773865
334-4,334,4,1,0,0.027910126,fast_test,unweighted,0.20838698744773865
334-5,334,5,1,0,0.028685268,fast_test,unweighted,0.20838698744773865
334-6,334,6,1,0,0.03500525,fast_test,unweighted,0.20838698744773865
334-7,334,7,1,0,0.064606965,fast_test,unweighted,0.20838698744773865
334-8,334,8,1,0,0.034363136,fast_test,unweighted,0.20838698744773865
334-9,334,9,1,0,0.10121109,fast_test,unweighted,0.20838698744773865
334-10,334,10,1,0,0.023503311,fast_test,unweighted,0.20838698744773865
334-11,334,11,1,0,0.07018413,fast_test,unweighted,0.20838698744773865
334-12,334,12,1,0,0.051434025,fast_test,unweighted,0.20838698744773865
335-0,335,0,2,0,0.0030589986,fast_test,unweighted,0.20516107976436615
335-1,335,1,2,0,0.005219982,fast_test,unweighted,0.20516107976436615
335-2,335,2,2,0,0.006233752,fast_test,unweighted,0.20516107976436615
335-3,335,3,2,0,0.0074924505,fast_test,unweighted,0.20516107976436615
335-4,335,4,2,0,0.0017790959,fast_test,unweighted,0.20516107976436615
335-5,335,5,2,1,0.3749565,fast_test,unweighted,0.20516107976436615
335-6,335,6,2,0,0.0017306274,fast_test,unweighted,0.20516107976436615
335-7,335,7,2,1,0.3431788,fast_test,unweighted,0.20516107976436615
335-8,335,8,2,0,0.00930723,fast_test,unweighted,0.20516107976436615
335-9,335,9,2,0,0.0091680065,fast_test,unweighted,0.20516107976436615
335-10,335,10,2,0,0.0009813762,fast_test,unweighted,0.20516107976436615
335-11,335,11,2,0,0.00086628884,fast_test,unweighted,0.20516107976436615
335-12,335,12,2,0,0.002563904,fast_test,unweighted,0.20516107976436615
336-0,336,0,2,0,0.06736958,fast_test,unweighted,0.20516107976436615
336-1,336,1,2,0,0.10798322,fast_test,unweighted,0.20516107976436615
336-2,336,2,2,0,0.13829874,fast_test,unweighted,0.20516107976436615
336-3,336,3,2,0,0.17105763,fast_test,unweighted,0.20516107976436615
336-4,336,4,2,0,0.045775805,fast_test,unweighted,0.20516107976436615
336-5,336,5,2,0,0.082966685,fast_test,unweighted,0.20516107976436615
336-6,336,6,2,0,0.03577247,fast_test,unweighted,0.20516107976436615
336-7,336,7,2,0,0.056913264,fast_test,unweighted,0.20516107976436615
336-8,336,8,2,0,0.18317465,fast_test,unweighted,0.20516107976436615
336-9,336,9,2,0,0.18418904,fast_test,unweighted,0.20516107976436615
336-10,336,10,2,0,0.021452546,fast_test,unweighted,0.20516107976436615
336-11,336,11,2,0,0.021827951,fast_test,unweighted,0.20516107976436615
336-12,336,12,2,0,0.062977165,fast_test,unweighted,0.20516107976436615
337-0,337,0,1,0,0.16028476,fast_test,unweighted,0.20838698744773865
337-1,337,1,1,0,0.175474,fast_test,unweighted,0.20838698744773865
337-2,337,2,1,0,0.08876254,fast_test,unweighted,0.20838698744773865
337-3,337,3,1,0,0.10615018,fast_test,unweighted,0.20838698744773865
337-4,337,4,1,0,0.04258071,fast_test,unweighted,0.20838698744773865
337-5,337,5,1,0,0.04198468,fast_test,unweighted,0.20838698744773865
337-6,337,6,1,0,0.05979925,fast_test,unweighted,0.20838698744773865
337-7,337,7,1,0,0.10560279,fast_test,unweighted,0.20838698744773865
337-8,337,8,1,0,0.0582789,fast_test,unweighted,0.20838698744773865
337-9,337,9,1,0,0.14852451,fast_test,unweighted,0.20838698744773865
337-10,337,10,1,0,0.037039116,fast_test,unweighted,0.20838698744773865
337-11,337,11,1,0,0.09583389,fast_test,unweighted,0.20838698744773865
337-12,337,12,1,0,0.0848935,fast_test,unweighted,0.20838698744773865
338-0,338,0,5,0,0.00069400086,fast_test,unweighted,0.1712287962436676
338-1,338,1,5,0,0.0014357911,fast_test,unweighted,0.1712287962436676
338-2,338,2,5,0,0.0005211438,fast_test,unweighted,0.1712287962436676
338-3,338,3,5,0,0.0026435065,fast_test,unweighted,0.1712287962436676
338-4,338,4,5,0,0.00077860785,fast_test,unweighted,0.1712287962436676
338-5,338,5,5,0,0.0008905555,fast_test,unweighted,0.1712287962436676
338-6,338,6,5,0,0.0017823838,fast_test,unweighted,0.1712287962436676
338-7,338,7,5,0,0.0010836088,fast_test,unweighted,0.1712287962436676
338-8,338,8,5,0,0.00060935784,fast_test,unweighted,0.1712287962436676
338-9,338,9,5,0,0.0014226753,fast_test,unweighted,0.1712287962436676
338-10,338,10,5,1,0.2188313,fast_test,unweighted,0.1712287962436676
338-11,338,11,5,0,0.00045005337,fast_test,unweighted,0.1712287962436676
338-12,338,12,5,0,0.0011330621,fast_test,unweighted,0.1712287962436676
339-0,339,0,4,1,0.0012729901,fast_test,unweighted,0.30763813853263855
339-1,339,1,4,1,0.0010553056,fast_test,unweighted,0.30763813853263855
339-2,339,2,4,1,0.0037721202,fast_test,unweighted,0.30763813853263855
339-3,339,3,4,1,0.0017489443,fast_test,unweighted,0.30763813853263855
339-4,339,4,4,1,0.000842505,fast_test,unweighted,0.30763813853263855
339-5,339,5,4,1,0.0005766928,fast_test,unweighted,0.30763813853263855
339-6,339,6,4,1,0.0014496378,fast_test,unweighted,0.30763813853263855
339-7,339,7,4,1,0.0010425255,fast_test,unweighted,0.30763813853263855
339-8,339,8,4,1,0.003464997,fast_test,unweighted,0.30763813853263855
339-9,339,9,4,1,0.003168466,fast_test,unweighted,0.30763813853263855
339-10,339,10,4,1,0.0009934594,fast_test,unweighted,0.30763813853263855
339-11,339,11,4,1,0.001209516,fast_test,unweighted,0.30763813853263855
339-12,339,12,4,1,0.0013851897,fast_test,unweighted,0.30763813853263855
340-0,340,0,4,0,0.071257666,fast_test,unweighted,0.30763813853263855
340-1,340,1,4,0,0.083186746,fast_test,unweighted,0.30763813853263855
340-2,340,2,4,0,0.22936915,fast_test,unweighted,0.30763813853263855
340-3,340,3,4,0,0.13470155,fast_test,unweighted,0.30763813853263855
340-4,340,4,4,0,0.04080926,fast_test,unweighted,0.30763813853263855
340-5,340,5,4,0,0.04931835,fast_test,unweighted,0.30763813853263855
340-6,340,6,4,0,0.097203694,fast_test,unweighted,0.30763813853263855
340-7,340,7,4,0,0.07299119,fast_test,unweighted,0.30763813853263855
340-8,340,8,4,0,0.14855936,fast_test,unweighted,0.30763813853263855
340-9,340,9,4,0,0.20115864,fast_test,unweighted,0.30763813853263855
340-10,340,10,4,0,0.031152708,fast_test,unweighted,0.30763813853263855
340-11,340,11,4,0,0.09513342,fast_test,unweighted,0.30763813853263855
340-12,340,12,4,1,0.11647097,fast_test,unweighted,0.30763813853263855
341-0,341,0,5,1,0.76196235,fast_test,unweighted,0.1712287962436676
341-1,341,1,5,1,0.8702117,fast_test,unweighted,0.1712287962436676
341-2,341,2,5,1,0.7105426,fast_test,unweighted,0.1712287962436676
341-3,341,3,5,0,0.0035317622,fast_test,unweighted,0.1712287962436676
341-4,341,4,5,1,0.6783417,fast_test,unweighted,0.1712287962436676
341-5,341,5,5,1,0.1647897,fast_test,unweighted,0.1712287962436676
341-6,341,6,5,1,0.9106556,fast_test,unweighted,0.1712287962436676
341-7,341,7,5,1,0.85237694,fast_test,unweighted,0.1712287962436676
341-8,341,8,5,1,0.75372016,fast_test,unweighted,0.1712287962436676
341-9,341,9,5,1,0.82890326,fast_test,unweighted,0.1712287962436676
341-10,341,10,5,0,0.00085111253,fast_test,unweighted,0.1712287962436676
341-11,341,11,5,1,0.6089947,fast_test,unweighted,0.1712287962436676
341-12,341,12,5,1,0.861912,fast_test,unweighted,0.1712287962436676
342-0,342,0,5,0,0.0009351564,fast_test,unweighted,0.1712287962436676
342-1,342,1,5,0,0.0019022868,fast_test,unweighted,0.1712287962436676
342-2,342,2,5,0,0.0008232849,fast_test,unweighted,0.1712287962436676
342-3,342,3,5,0,0.0040413197,fast_test,unweighted,0.1712287962436676
342-4,342,4,5,0,0.0012814057,fast_test,unweighted,0.1712287962436676
342-5,342,5,5,0,0.0011597063,fast_test,unweighted,0.1712287962436676
342-6,342,6,5,0,0.0027235756,fast_test,unweighted,0.1712287962436676
342-7,342,7,5,0,0.0016639892,fast_test,unweighted,0.1712287962436676
342-8,342,8,5,0,0.00093596755,fast_test,unweighted,0.1712287962436676
342-9,342,9,5,0,0.0020743941,fast_test,unweighted,0.1712287962436676
342-10,342,10,5,0,0.00088486134,fast_test,unweighted,0.1712287962436676
342-11,342,11,5,1,0.7389658,fast_test,unweighted,0.1712287962436676
342-12,342,12,5,1,0.8739559,fast_test,unweighted,0.1712287962436676
343-0,343,0,2,0,0.076072335,fast_test,unweighted,0.20516107976436615
343-1,343,1,2,0,0.122571744,fast_test,unweighted,0.20516107976436615
343-2,343,2,2,0,0.15798531,fast_test,unweighted,0.20516107976436615
343-3,343,3,2,0,0.19435558,fast_test,unweighted,0.20516107976436615
343-4,343,4,2,0,0.041104436,fast_test,unweighted,0.20516107976436615
343-5,343,5,2,0,0.0955202,fast_test,unweighted,0.20516107976436615
343-6,343,6,2,0,0.03571021,fast_test,unweighted,0.20516107976436615
343-7,343,7,2,0,0.06385679,fast_test,unweighted,0.20516107976436615
343-8,343,8,2,0,0.20884132,fast_test,unweighted,0.20516107976436615
343-9,343,9,2,0,0.18795069,fast_test,unweighted,0.20516107976436615
343-10,343,10,2,0,0.022418417,fast_test,unweighted,0.20516107976436615
343-11,343,11,2,1,0.016600797,fast_test,unweighted,0.20516107976436615
343-12,343,12,2,0,0.0704012,fast_test,unweighted,0.20516107976436615
344-0,344,0,2,0,0.076072335,fast_test,unweighted,0.20516107976436615
344-1,344,1,2,0,0.122571744,fast_test,unweighted,0.20516107976436615
344-2,344,2,2,0,0.15798531,fast_test,unweighted,0.20516107976436615
344-3,344,3,2,0,0.19031943,fast_test,unweighted,0.20516107976436615
344-4,344,4,2,0,0.041104436,fast_test,unweighted,0.20516107976436615
344-5,344,5,2,0,0.0955202,fast_test,unweighted,0.20516107976436615
344-6,344,6,2,0,0.03571021,fast_test,unweighted,0.20516107976436615
344-7,344,7,2,0,0.06385679,fast_test,unweighted,0.20516107976436615
344-8,344,8,2,0,0.20020378,fast_test,unweighted,0.20516107976436615
344-9,344,9,2,0,0.18795069,fast_test,unweighted,0.20516107976436615
344-10,344,10,2,0,0.022418417,fast_test,unweighted,0.20516107976436615
344-11,344,11,2,0,0.019792832,fast_test,unweighted,0.20516107976436615
344-12,344,12,2,0,0.0704012,fast_test,unweighted,0.20516107976436615
345-0,345,0,2,0,0.07138771,fast_test,unweighted,0.20516107976436615
345-1,345,1,2,0,0.11412717,fast_test,unweighted,0.20516107976436615
345-2,345,2,2,0,0.1476212,fast_test,unweighted,0.20516107976436615
345-3,345,3,2,0,0.18166874,fast_test,unweighted,0.20516107976436615
345-4,345,4,2,0,0.039529655,fast_test,unweighted,0.20516107976436615
345-5,345,5,2,0,0.08782755,fast_test,unweighted,0.20516107976436615
345-6,345,6,2,0,0.035714727,fast_test,unweighted,0.20516107976436615
345-7,345,7,2,0,0.06300242,fast_test,unweighted,0.20516107976436615
345-8,345,8,2,0,0.19791092,fast_test,unweighted,0.20516107976436615
345-9,345,9,2,0,0.18181671,fast_test,unweighted,0.20516107976436615
345-10,345,10,2,0,0.020978902,fast_test,unweighted,0.20516107976436615
345-11,345,11,2,0,0.019248221,fast_test,unweighted,0.20516107976436615
345-12,345,12,2,0,0.066800386,fast_test,unweighted,0.20516107976436615
346-0,346,0,5,0,0.0005445905,fast_test,unweighted,0.1712287962436676
346-1,346,1,5,0,0.0014092522,fast_test,unweighted,0.1712287962436676
346-2,346,2,5,0,0.0005702268,fast_test,unweighted,0.1712287962436676
346-3,346,3,5,0,0.0028416677,fast_test,unweighted,0.1712287962436676
346-4,346,4,5,0,0.0007126657,fast_test,unweighted,0.1712287962436676
346-5,346,5,5,0,0.0008154841,fast_test,unweighted,0.1712287962436676
346-6,346,6,5,0,0.0018294253,fast_test,unweighted,0.1712287962436676
346-7,346,7,5,0,0.0011261657,fast_test,unweighted,0.1712287962436676
346-8,346,8,5,0,0.0006295501,fast_test,unweighted,0.1712287962436676
346-9,346,9,5,0,0.0011927538,fast_test,unweighted,0.1712287962436676
346-10,346,10,5,1,0.26326114,fast_test,unweighted,0.1712287962436676
346-11,346,11,5,0,0.00047979204,fast_test,unweighted,0.1712287962436676
346-12,346,12,5,0,0.00119781,fast_test,unweighted,0.1712287962436676
347-0,347,0,3,1,0.62176955,fast_test,unweighted,0.21808862686157227
347-1,347,1,3,0,0.007042953,fast_test,unweighted,0.21808862686157227
347-2,347,2,3,0,0.0026587674,fast_test,unweighted,0.21808862686157227
347-3,347,3,3,0,0.028061181,fast_test,unweighted,0.21808862686157227
347-4,347,4,3,0,0.0037634575,fast_test,unweighted,0.21808862686157227
347-5,347,5,3,0,0.013874259,fast_test,unweighted,0.21808862686157227
347-6,347,6,3,0,0.0022394613,fast_test,unweighted,0.21808862686157227
347-7,347,7,3,0,0.011511329,fast_test,unweighted,0.21808862686157227
347-8,347,8,3,0,0.0024569086,fast_test,unweighted,0.21808862686157227
347-9,347,9,3,0,0.015061039,fast_test,unweighted,0.21808862686157227
347-10,347,10,3,1,0.11847856,fast_test,unweighted,0.21808862686157227
347-11,347,11,3,1,0.17379236,fast_test,unweighted,0.21808862686157227
347-12,347,12,3,0,0.009298382,fast_test,unweighted,0.21808862686157227
348-0,348,0,1,0,0.2672693,fast_test,unweighted,0.20838698744773865
348-1,348,1,1,0,0.2669706,fast_test,unweighted,0.20838698744773865
348-2,348,2,1,0,0.15893942,fast_test,unweighted,0.20838698744773865
348-3,348,3,1,0,0.18542427,fast_test,unweighted,0.20838698744773865
348-4,348,4,1,0,0.08002474,fast_test,unweighted,0.20838698744773865
348-5,348,5,1,0,0.08746689,fast_test,unweighted,0.20838698744773865
348-6,348,6,1,0,0.09841953,fast_test,unweighted,0.20838698744773865
348-7,348,7,1,0,0.18237504,fast_test,unweighted,0.20838698744773865
348-8,348,8,1,0,0.10467343,fast_test,unweighted,0.20838698744773865
348-9,348,9,1,0,0.25620022,fast_test,unweighted,0.20838698744773865
348-10,348,10,1,0,0.068699084,fast_test,unweighted,0.20838698744773865
348-11,348,11,1,0,0.17222165,fast_test,unweighted,0.20838698744773865
348-12,348,12,1,0,0.15104236,fast_test,unweighted,0.20838698744773865
349-0,349,0,2,0,0.009592513,fast_test,unweighted,0.20516107976436615
349-1,349,1,2,0,0.014882744,fast_test,unweighted,0.20516107976436615
349-2,349,2,2,1,0.47291565,fast_test,unweighted,0.20516107976436615
349-3,349,3,2,0,0.022908617,fast_test,unweighted,0.20516107976436615
349-4,349,4,2,0,0.0057636993,fast_test,unweighted,0.20516107976436615
349-5,349,5,2,0,0.010743963,fast_test,unweighted,0.20516107976436615
349-6,349,6,2,0,0.0032875733,fast_test,unweighted,0.20516107976436615
349-7,349,7,2,0,0.006686609,fast_test,unweighted,0.20516107976436615
349-8,349,8,2,0,0.023306416,fast_test,unweighted,0.20516107976436615
349-9,349,9,2,0,0.021525072,fast_test,unweighted,0.20516107976436615
349-10,349,10,2,0,0.0024361522,fast_test,unweighted,0.20516107976436615
349-11,349,11,2,0,0.0019406418,fast_test,unweighted,0.20516107976436615
349-12,349,12,2,0,0.0051737577,fast_test,unweighted,0.20516107976436615
350-0,350,0,3,0,0.08952217,fast_test,unweighted,0.21808862686157227
350-1,350,1,3,0,0.04761402,fast_test,unweighted,0.21808862686157227
350-2,350,2,3,0,0.013969878,fast_test,unweighted,0.21808862686157227
350-3,350,3,3,0,0.16202152,fast_test,unweighted,0.21808862686157227
350-4,350,4,3,0,0.027542125,fast_test,unweighted,0.21808862686157227
350-5,350,5,3,0,0.08609342,fast_test,unweighted,0.21808862686157227
350-6,350,6,3,0,0.012735574,fast_test,unweighted,0.21808862686157227
350-7,350,7,3,0,0.07419678,fast_test,unweighted,0.21808862686157227
350-8,350,8,3,0,0.021080034,fast_test,unweighted,0.21808862686157227
350-9,350,9,3,0,0.07198204,fast_test,unweighted,0.21808862686157227
350-10,350,10,3,0,0.017362546,fast_test,unweighted,0.21808862686157227
350-11,350,11,3,0,0.02044576,fast_test,unweighted,0.21808862686157227
350-12,350,12,3,0,0.059005488,fast_test,unweighted,0.21808862686157227
351-0,351,0,4,1,0.086042486,fast_test,unweighted,0.30763813853263855
351-1,351,1,4,0,0.10265863,fast_test,unweighted,0.30763813853263855
351-2,351,2,4,1,0.27546924,fast_test,unweighted,0.30763813853263855
351-3,351,3,4,0,0.17701969,fast_test,unweighted,0.30763813853263855
351-4,351,4,4,1,0.04920558,fast_test,unweighted,0.30763813853263855
351-5,351,5,4,1,0.058497082,fast_test,unweighted,0.30763813853263855
351-6,351,6,4,1,0.100781806,fast_test,unweighted,0.30763813853263855
351-7,351,7,4,1,0.08233159,fast_test,unweighted,0.30763813853263855
351-8,351,8,4,1,0.15813124,fast_test,unweighted,0.30763813853263855
351-9,351,9,4,1,0.23604567,fast_test,unweighted,0.30763813853263855
351-10,351,10,4,0,0.04481964,fast_test,unweighted,0.30763813853263855
351-11,351,11,4,0,0.0962913,fast_test,unweighted,0.30763813853263855
351-12,351,12,4,1,0.11413297,fast_test,unweighted,0.30763813853263855
352-0,352,0,3,0,0.08451266,fast_test,unweighted,0.21808862686157227
352-1,352,1,3,0,0.037452515,fast_test,unweighted,0.21808862686157227
352-2,352,2,3,0,0.010156462,fast_test,unweighted,0.21808862686157227
352-3,352,3,3,0,0.1515474,fast_test,unweighted,0.21808862686157227
352-4,352,4,3,0,0.016967993,fast_test,unweighted,0.21808862686157227
352-5,352,5,3,0,0.07688648,fast_test,unweighted,0.21808862686157227
352-6,352,6,3,0,0.009538334,fast_test,unweighted,0.21808862686157227
352-7,352,7,3,0,0.0687594,fast_test,unweighted,0.21808862686157227
352-8,352,8,3,0,0.018302515,fast_test,unweighted,0.21808862686157227
352-9,352,9,3,0,0.08285521,fast_test,unweighted,0.21808862686157227
352-10,352,10,3,0,0.017202938,fast_test,unweighted,0.21808862686157227
352-11,352,11,3,0,0.018439213,fast_test,unweighted,0.21808862686157227
352-12,352,12,3,0,0.055589065,fast_test,unweighted,0.21808862686157227
353-0,353,0,2,0,0.04140436,fast_test,unweighted,0.20516107976436615
353-1,353,1,2,0,0.06278932,fast_test,unweighted,0.20516107976436615
353-2,353,2,2,0,0.08867668,fast_test,unweighted,0.20516107976436615
353-3,353,3,2,0,0.124452434,fast_test,unweighted,0.20516107976436615
353-4,353,4,2,0,0.018775715,fast_test,unweighted,0.20516107976436615
353-5,353,5,2,0,0.04768325,fast_test,unweighted,0.20516107976436615
353-6,353,6,2,0,0.018843587,fast_test,unweighted,0.20516107976436615
353-7,353,7,2,0,0.03775789,fast_test,unweighted,0.20516107976436615
353-8,353,8,2,1,0.3806974,fast_test,unweighted,0.20516107976436615
353-9,353,9,2,0,0.121235766,fast_test,unweighted,0.20516107976436615
353-10,353,10,2,0,0.013462284,fast_test,unweighted,0.20516107976436615
353-11,353,11,2,0,0.013546446,fast_test,unweighted,0.20516107976436615
353-12,353,12,2,0,0.025247041,fast_test,unweighted,0.20516107976436615
354-0,354,0,3,0,0.0799764,fast_test,unweighted,0.21808862686157227
354-1,354,1,3,0,0.03590188,fast_test,unweighted,0.21808862686157227
354-2,354,2,3,0,0.011475816,fast_test,unweighted,0.21808862686157227
354-3,354,3,3,0,0.1384334,fast_test,unweighted,0.21808862686157227
354-4,354,4,3,0,0.017513307,fast_test,unweighted,0.21808862686157227
354-5,354,5,3,0,0.07101727,fast_test,unweighted,0.21808862686157227
354-6,354,6,3,0,0.009465846,fast_test,unweighted,0.21808862686157227
354-7,354,7,3,0,0.061064668,fast_test,unweighted,0.21808862686157227
354-8,354,8,3,0,0.01717464,fast_test,unweighted,0.21808862686157227
354-9,354,9,3,0,0.06080072,fast_test,unweighted,0.21808862686157227
354-10,354,10,3,0,0.018192789,fast_test,unweighted,0.21808862686157227
354-11,354,11,3,0,0.01378443,fast_test,unweighted,0.21808862686157227
354-12,354,12,3,0,0.047530256,fast_test,unweighted,0.21808862686157227
355-0,355,0,2,0,0.0033137687,fast_test,unweighted,0.20516107976436615
355-1,355,1,2,0,0.005219982,fast_test,unweighted,0.20516107976436615
355-2,355,2,2,0,0.0049031787,fast_test,unweighted,0.20516107976436615
355-3,355,3,2,0,0.008917438,fast_test,unweighted,0.20516107976436615
355-4,355,4,2,0,0.0020568713,fast_test,unweighted,0.20516107976436615
355-5,355,5,2,0,0.0038413429,fast_test,unweighted,0.20516107976436615
355-6,355,6,2,0,0.0017306274,fast_test,unweighted,0.20516107976436615
355-7,355,7,2,1,0.3431788,fast_test,unweighted,0.20516107976436615
355-8,355,8,2,0,0.00930723,fast_test,unweighted,0.20516107976436615
355-9,355,9,2,0,0.0063454276,fast_test,unweighted,0.20516107976436615
355-10,355,10,2,0,0.00104315,fast_test,unweighted,0.20516107976436615
355-11,355,11,2,0,0.00086628884,fast_test,unweighted,0.20516107976436615
355-12,355,12,2,0,0.002563904,fast_test,unweighted,0.20516107976436615
356-0,356,0,5,0,0.0010643689,fast_test,unweighted,0.1712287962436676
356-1,356,1,5,0,0.0022344314,fast_test,unweighted,0.1712287962436676
356-2,356,2,5,1,0.62454325,fast_test,unweighted,0.1712287962436676
356-3,356,3,5,0,0.004075615,fast_test,unweighted,0.1712287962436676
356-4,356,4,5,0,0.001208381,fast_test,unweighted,0.1712287962436676
356-5,356,5,5,1,0.17683709,fast_test,unweighted,0.1712287962436676
356-6,356,6,5,0,0.0024210105,fast_test,unweighted,0.1712287962436676
356-7,356,7,5,0,0.0017579306,fast_test,unweighted,0.1712287962436676
356-8,356,8,5,0,0.0009888484,fast_test,unweighted,0.1712287962436676
356-9,356,9,5,0,0.0021320954,fast_test,unweighted,0.1712287962436676
356-10,356,10,5,0,0.0010189475,fast_test,unweighted,0.1712287962436676
356-11,356,11,5,0,0.00068299903,fast_test,unweighted,0.1712287962436676
356-12,356,12,5,0,0.0017726166,fast_test,unweighted,0.1712287962436676
357-0,357,0,5,0,0.0009021492,fast_test,unweighted,0.1712287962436676
357-1,357,1,5,0,0.0014256985,fast_test,unweighted,0.1712287962436676
357-2,357,2,5,0,0.0007942232,fast_test,unweighted,0.1712287962436676
357-3,357,3,5,0,0.0038753874,fast_test,unweighted,0.1712287962436676
357-4,357,4,5,0,0.0009432449,fast_test,unweighted,0.1712287962436676
357-5,357,5,5,0,0.0010970404,fast_test,unweighted,0.1712287962436676
357-6,357,6,5,0,0.0026275308,fast_test,unweighted,0.1712287962436676
357-7,357,7,5,0,0.0016052986,fast_test,unweighted,0.1712287962436676
357-8,357,8,5,0,0.00090293173,fast_test,unweighted,0.1712287962436676
357-9,357,9,5,0,0.0015245527,fast_test,unweighted,0.1712287962436676
357-10,357,10,5,0,0.00089046167,fast_test,unweighted,0.1712287962436676
357-11,357,11,5,0,0.000633535,fast_test,unweighted,0.1712287962436676
357-12,357,12,5,0,0.001646537,fast_test,unweighted,0.1712287962436676
358-0,358,0,3,1,0.5459479,fast_test,unweighted,0.21808862686157227
358-1,358,1,3,0,0.039027266,fast_test,unweighted,0.21808862686157227
358-2,358,2,3,0,0.01520402,fast_test,unweighted,0.21808862686157227
358-3,358,3,3,0,0.15514758,fast_test,unweighted,0.21808862686157227
358-4,358,4,3,0,0.02010195,fast_test,unweighted,0.21808862686157227
358-5,358,5,3,0,0.07998144,fast_test,unweighted,0.21808862686157227
358-6,358,6,3,0,0.012890872,fast_test,unweighted,0.21808862686157227
358-7,358,7,3,0,0.07130822,fast_test,unweighted,0.21808862686157227
358-8,358,8,3,0,0.017295629,fast_test,unweighted,0.21808862686157227
358-9,358,9,3,0,0.059218496,fast_test,unweighted,0.21808862686157227
358-10,358,10,3,0,0.017519813,fast_test,unweighted,0.21808862686157227
358-11,358,11,3,0,0.019593244,fast_test,unweighted,0.21808862686157227
358-12,358,12,3,0,0.0580223,fast_test,unweighted,0.21808862686157227
359-0,359,0,5,0,0.0010436833,fast_test,unweighted,0.1712287962436676
359-1,359,1,5,0,0.0022344314,fast_test,unweighted,0.1712287962436676
359-2,359,2,5,0,0.00082129345,fast_test,unweighted,0.1712287962436676
359-3,359,3,5,1,0.9350145,fast_test,unweighted,0.1712287962436676
359-4,359,4,5,0,0.0011849001,fast_test,unweighted,0.1712287962436676
359-5,359,5,5,0,0.0014031669,fast_test,unweighted,0.1712287962436676
359-6,359,6,5,0,0.0028066623,fast_test,unweighted,0.1712287962436676
359-7,359,7,5,0,0.0017288751,fast_test,unweighted,0.1712287962436676
359-8,359,8,5,0,0.0016296462,fast_test,unweighted,0.1712287962436676
359-9,359,9,5,0,0.002174306,fast_test,unweighted,0.1712287962436676
359-10,359,10,5,0,0.0010100924,fast_test,unweighted,0.1712287962436676
359-11,359,11,5,0,0.00068299903,fast_test,unweighted,0.1712287962436676
359-12,359,12,5,0,0.0018885084,fast_test,unweighted,0.1712287962436676
360-0,360,0,5,0,0.6466977,fast_test,unweighted,0.1712287962436676
360-1,360,1,5,0,0.8815891,fast_test,unweighted,0.1712287962436676
360-2,360,2,5,0,0.7330834,fast_test,unweighted,0.1712287962436676
360-3,360,3,5,0,0.93143016,fast_test,unweighted,0.1712287962436676
360-4,360,4,5,0,0.68891555,fast_test,unweighted,0.1712287962436676
360-5,360,5,5,0,0.17683709,fast_test,unweighted,0.1712287962436676
360-6,360,6,5,0,0.91919756,fast_test,unweighted,0.1712287962436676
360-7,360,7,5,0,0.87421757,fast_test,unweighted,0.1712287962436676
360-8,360,8,5,0,0.7865009,fast_test,unweighted,0.1712287962436676
360-9,360,9,5,0,0.83803284,fast_test,unweighted,0.1712287962436676
360-10,360,10,5,0,0.15152958,fast_test,unweighted,0.1712287962436676
360-11,360,11,5,0,0.62454325,fast_test,unweighted,0.1712287962436676
360-12,360,12,5,0,0.87145394,fast_test,unweighted,0.1712287962436676
361-0,361,0,5,0,0.0155914035,fast_test,unweighted,0.1712287962436676
361-1,361,1,5,0,0.029212574,fast_test,unweighted,0.1712287962436676
361-2,361,2,5,0,0.012601201,fast_test,unweighted,0.1712287962436676
361-3,361,3,5,0,0.054372586,fast_test,unweighted,0.1712287962436676
361-4,361,4,5,0,0.010610595,fast_test,unweighted,0.1712287962436676
361-5,361,5,5,0,0.012348312,fast_test,unweighted,0.1712287962436676
361-6,361,6,5,0,0.043834414,fast_test,unweighted,0.1712287962436676
361-7,361,7,5,0,0.025472103,fast_test,unweighted,0.1712287962436676
361-8,361,8,5,0,0.015074803,fast_test,unweighted,0.1712287962436676
361-9,361,9,5,0,0.023569645,fast_test,unweighted,0.1712287962436676
361-10,361,10,5,0,0.009729886,fast_test,unweighted,0.1712287962436676
361-11,361,11,5,0,0.008417581,fast_test,unweighted,0.1712287962436676
361-12,361,12,5,0,0.027247032,fast_test,unweighted,0.1712287962436676
362-0,362,0,2,1,0.5183206,fast_test,unweighted,0.20516107976436615
362-1,362,1,2,1,0.7290932,fast_test,unweighted,0.20516107976436615
362-2,362,2,2,1,0.7637537,fast_test,unweighted,0.20516107976436615
362-3,362,3,2,1,0.8293649,fast_test,unweighted,0.20516107976436615
362-4,362,4,2,0,0.0019951987,fast_test,unweighted,0.20516107976436615
362-5,362,5,2,0,0.0035663634,fast_test,unweighted,0.20516107976436615
362-6,362,6,2,0,0.0019395521,fast_test,unweighted,0.20516107976436615
362-7,362,7,2,1,0.60029155,fast_test,unweighted,0.20516107976436615
362-8,362,8,2,1,0.84164375,fast_test,unweighted,0.20516107976436615
362-9,362,9,2,1,0.8195882,fast_test,unweighted,0.20516107976436615
362-10,362,10,2,1,0.26422578,fast_test,unweighted,0.20516107976436615
362-11,362,11,2,1,0.13398248,fast_test,unweighted,0.20516107976436615
362-12,362,12,2,1,0.6138551,fast_test,unweighted,0.20516107976436615
363-0,363,0,1,1,0.43994716,fast_test,unweighted,0.20838698744773865
363-1,363,1,1,1,0.46690264,fast_test,unweighted,0.20838698744773865
363-2,363,2,1,1,0.30763683,fast_test,unweighted,0.20838698744773865
363-3,363,3,1,1,0.3173987,fast_test,unweighted,0.20838698744773865
363-4,363,4,1,1,0.13515335,fast_test,unweighted,0.20838698744773865
363-5,363,5,1,1,0.16797817,fast_test,unweighted,0.20838698744773865
363-6,363,6,1,0,0.036558792,fast_test,unweighted,0.20838698744773865
363-7,363,7,1,1,0.31460607,fast_test,unweighted,0.20838698744773865
363-8,363,8,1,1,0.16656378,fast_test,unweighted,0.20838698744773865
363-9,363,9,1,1,0.45542625,fast_test,unweighted,0.20838698744773865
363-10,363,10,1,1,0.07860618,fast_test,unweighted,0.20838698744773865
363-11,363,11,1,1,0.25811857,fast_test,unweighted,0.20838698744773865
363-12,363,12,1,1,0.25950563,fast_test,unweighted,0.20838698744773865
364-0,364,0,5,0,0.8420244,fast_test,unweighted,0.1712287962436676
364-1,364,1,5,0,0.91779304,fast_test,unweighted,0.1712287962436676
364-2,364,2,5,0,0.8077002,fast_test,unweighted,0.1712287962436676
364-3,364,3,5,0,0.9540727,fast_test,unweighted,0.1712287962436676
364-4,364,4,5,0,0.7260873,fast_test,unweighted,0.1712287962436676
364-5,364,5,5,0,0.247291,fast_test,unweighted,0.1712287962436676
364-6,364,6,5,0,0.9469322,fast_test,unweighted,0.1712287962436676
364-7,364,7,5,1,0.0020445045,fast_test,unweighted,0.1712287962436676
364-8,364,8,5,0,0.8503602,fast_test,unweighted,0.1712287962436676
364-9,364,9,5,0,0.9241079,fast_test,unweighted,0.1712287962436676
364-10,364,10,5,1,0.0006329266,fast_test,unweighted,0.1712287962436676
364-11,364,11,5,1,0.0005211438,fast_test,unweighted,0.1712287962436676
364-12,364,12,5,0,0.91404384,fast_test,unweighted,0.1712287962436676
365-0,365,0,2,0,0.05657881,fast_test,unweighted,0.20516107976436615
365-1,365,1,2,0,0.09036729,fast_test,unweighted,0.20516107976436615
365-2,365,2,2,1,0.13799682,fast_test,unweighted,0.20516107976436615
365-3,365,3,2,0,0.14485905,fast_test,unweighted,0.20516107976436615
365-4,365,4,2,0,0.030885505,fast_test,unweighted,0.20516107976436615
365-5,365,5,2,0,0.07080619,fast_test,unweighted,0.20516107976436615
365-6,365,6,2,0,0.026364679,fast_test,unweighted,0.20516107976436615
365-7,365,7,2,1,0.056000046,fast_test,unweighted,0.20516107976436615
365-8,365,8,2,0,0.15770553,fast_test,unweighted,0.20516107976436615
365-9,365,9,2,0,0.16252753,fast_test,unweighted,0.20516107976436615
365-10,365,10,2,0,0.016091991,fast_test,unweighted,0.20516107976436615
365-11,365,11,2,0,0.016130723,fast_test,unweighted,0.20516107976436615
365-12,365,12,2,0,0.051954117,fast_test,unweighted,0.20516107976436615
366-0,366,0,3,1,0.08451266,fast_test,unweighted,0.21808862686157227
366-1,366,1,3,0,0.09110551,fast_test,unweighted,0.21808862686157227
366-2,366,2,3,0,0.023761533,fast_test,unweighted,0.21808862686157227
366-3,366,3,3,1,0.14178766,fast_test,unweighted,0.21808862686157227
366-4,366,4,3,0,0.040654875,fast_test,unweighted,0.21808862686157227
366-5,366,5,3,0,0.17034638,fast_test,unweighted,0.21808862686157227
366-6,366,6,3,0,0.026883157,fast_test,unweighted,0.21808862686157227
366-7,366,7,3,0,0.15142077,fast_test,unweighted,0.21808862686157227
366-8,366,8,3,0,0.03831729,fast_test,unweighted,0.21808862686157227
366-9,366,9,3,0,0.17469676,fast_test,unweighted,0.21808862686157227
366-10,366,10,3,0,0.024351265,fast_test,unweighted,0.21808862686157227
366-11,366,11,3,0,0.030485122,fast_test,unweighted,0.21808862686157227
366-12,366,12,3,0,0.08787544,fast_test,unweighted,0.21808862686157227
367-0,367,0,3,1,0.3685721,fast_test,unweighted,0.21808862686157227
367-1,367,1,3,0,0.040451694,fast_test,unweighted,0.21808862686157227
367-2,367,2,3,0,0.011919244,fast_test,unweighted,0.21808862686157227
367-3,367,3,3,0,0.1340797,fast_test,unweighted,0.21808862686157227
367-4,367,4,3,0,0.02332514,fast_test,unweighted,0.21808862686157227
367-5,367,5,3,1,0.36279103,fast_test,unweighted,0.21808862686157227
367-6,367,6,3,1,0.06449316,fast_test,unweighted,0.21808862686157227
367-7,367,7,3,0,0.062936574,fast_test,unweighted,0.21808862686157227
367-8,367,8,3,1,0.09778532,fast_test,unweighted,0.21808862686157227
367-9,367,9,3,1,0.37976983,fast_test,unweighted,0.21808862686157227
367-10,367,10,3,0,0.018890807,fast_test,unweighted,0.21808862686157227
367-11,367,11,3,0,0.013924885,fast_test,unweighted,0.21808862686157227
367-12,367,12,3,0,0.05398303,fast_test,unweighted,0.21808862686157227
368-0,368,0,2,1,0.04316778,fast_test,unweighted,0.20516107976436615
368-1,368,1,2,1,0.06677363,fast_test,unweighted,0.20516107976436615
368-2,368,2,2,1,0.09322476,fast_test,unweighted,0.20516107976436615
368-3,368,3,2,1,0.11526537,fast_test,unweighted,0.20516107976436615
368-4,368,4,2,1,0.020061249,fast_test,unweighted,0.20516107976436615
368-5,368,5,2,1,0.050760914,fast_test,unweighted,0.20516107976436615
368-6,368,6,2,1,0.013211392,fast_test,unweighted,0.20516107976436615
368-7,368,7,2,1,0.040279344,fast_test,unweighted,0.20516107976436615
368-8,368,8,2,1,0.13178983,fast_test,unweighted,0.20516107976436615
368-9,368,9,2,1,0.09215668,fast_test,unweighted,0.20516107976436615
368-10,368,10,2,1,0.012512828,fast_test,unweighted,0.20516107976436615
368-11,368,11,2,1,0.008881712,fast_test,unweighted,0.20516107976436615
368-12,368,12,2,1,0.026956432,fast_test,unweighted,0.20516107976436615
369-0,369,0,5,0,0.019794876,fast_test,unweighted,0.1712287962436676
369-1,369,1,5,0,0.03865992,fast_test,unweighted,0.1712287962436676
369-2,369,2,5,0,0.014641934,fast_test,unweighted,0.1712287962436676
369-3,369,3,5,0,0.065438084,fast_test,unweighted,0.1712287962436676
369-4,369,4,5,0,0.021464696,fast_test,unweighted,0.1712287962436676
369-5,369,5,5,0,0.01660454,fast_test,unweighted,0.1712287962436676
369-6,369,6,5,0,0.05807528,fast_test,unweighted,0.1712287962436676
369-7,369,7,5,0,0.033520717,fast_test,unweighted,0.1712287962436676
369-8,369,8,5,0,0.019905193,fast_test,unweighted,0.1712287962436676
369-9,369,9,5,0,0.040388107,fast_test,unweighted,0.1712287962436676
369-10,369,10,5,0,0.012741342,fast_test,unweighted,0.1712287962436676
369-11,369,11,5,0,0.009882767,fast_test,unweighted,0.1712287962436676
369-12,369,12,5,0,0.034823827,fast_test,unweighted,0.1712287962436676
370-0,370,0,2,0,0.12196783,fast_test,unweighted,0.20516107976436615
370-1,370,1,2,0,0.18235251,fast_test,unweighted,0.20516107976436615
370-2,370,2,2,0,0.24968854,fast_test,unweighted,0.20516107976436615
370-3,370,3,2,1,0.17105763,fast_test,unweighted,0.20516107976436615
370-4,370,4,2,0,0.06487624,fast_test,unweighted,0.20516107976436615
370-5,370,5,2,0,0.16607197,fast_test,unweighted,0.20516107976436615
370-6,370,6,2,0,0.04463654,fast_test,unweighted,0.20516107976436615
370-7,370,7,2,0,0.12669383,fast_test,unweighted,0.20516107976436615
370-8,370,8,2,0,0.3428235,fast_test,unweighted,0.20516107976436615
370-9,370,9,2,0,0.24702036,fast_test,unweighted,0.20516107976436615
370-10,370,10,2,0,0.036440864,fast_test,unweighted,0.20516107976436615
370-11,370,11,2,0,0.022460828,fast_test,unweighted,0.20516107976436615
370-12,370,12,2,0,0.112704866,fast_test,unweighted,0.20516107976436615
371-0,371,0,2,0,0.01754881,fast_test,unweighted,0.20516107976436615
371-1,371,1,2,0,0.028148117,fast_test,unweighted,0.20516107976436615
371-2,371,2,2,0,0.06361423,fast_test,unweighted,0.20516107976436615
371-3,371,3,2,0,0.070289016,fast_test,unweighted,0.20516107976436615
371-4,371,4,2,0,0.018560087,fast_test,unweighted,0.20516107976436615
371-5,371,5,2,1,0.41446003,fast_test,unweighted,0.20516107976436615
371-6,371,6,2,0,0.013739258,fast_test,unweighted,0.20516107976436615
371-7,371,7,2,0,0.025721176,fast_test,unweighted,0.20516107976436615
371-8,371,8,2,0,0.08816367,fast_test,unweighted,0.20516107976436615
371-9,371,9,2,0,0.078715846,fast_test,unweighted,0.20516107976436615
371-10,371,10,2,0,0.009263881,fast_test,unweighted,0.20516107976436615
371-11,371,11,2,0,0.006652812,fast_test,unweighted,0.20516107976436615
371-12,371,12,2,0,0.018314535,fast_test,unweighted,0.20516107976436615
372-0,372,0,5,0,0.04674153,fast_test,unweighted,0.1712287962436676
372-1,372,1,5,0,0.11126859,fast_test,unweighted,0.1712287962436676
372-2,372,2,5,0,0.032743465,fast_test,unweighted,0.1712287962436676
372-3,372,3,5,0,0.1227841,fast_test,unweighted,0.1712287962436676
372-4,372,4,5,0,0.044492077,fast_test,unweighted,0.1712287962436676
372-5,372,5,5,0,0.027393017,fast_test,unweighted,0.1712287962436676
372-6,372,6,5,0,0.14692158,fast_test,unweighted,0.1712287962436676
372-7,372,7,5,0,0.09419811,fast_test,unweighted,0.1712287962436676
372-8,372,8,5,0,0.05983104,fast_test,unweighted,0.1712287962436676
372-9,372,9,5,0,0.120753296,fast_test,unweighted,0.1712287962436676
372-10,372,10,5,0,0.022058124,fast_test,unweighted,0.1712287962436676
372-11,372,11,5,0,0.032743465,fast_test,unweighted,0.1712287962436676
372-12,372,12,5,0,0.09112808,fast_test,unweighted,0.1712287962436676
373-0,373,0,3,0,0.013565563,fast_test,unweighted,0.21808862686157227
373-1,373,1,3,0,0.004922609,fast_test,unweighted,0.21808862686157227
373-2,373,2,3,1,0.37826052,fast_test,unweighted,0.21808862686157227
373-3,373,3,3,0,0.026529072,fast_test,unweighted,0.21808862686157227
373-4,373,4,3,0,0.0033058,fast_test,unweighted,0.21808862686157227
373-5,373,5,3,0,0.010661942,fast_test,unweighted,0.21808862686157227
373-6,373,6,3,0,0.002024236,fast_test,unweighted,0.21808862686157227
373-7,373,7,3,0,0.010872719,fast_test,unweighted,0.21808862686157227
373-8,373,8,3,0,0.0022975556,fast_test,unweighted,0.21808862686157227
373-9,373,9,3,0,0.014228337,fast_test,unweighted,0.21808862686157227
373-10,373,10,3,1,0.27273774,fast_test,unweighted,0.21808862686157227
373-11,373,11,3,0,0.002274891,fast_test,unweighted,0.21808862686157227
373-12,373,12,3,0,0.008781457,fast_test,unweighted,0.21808862686157227
374-0,374,0,1,0,0.093041226,fast_test,unweighted,0.20838698744773865
374-1,374,1,1,0,0.10902791,fast_test,unweighted,0.20838698744773865
374-2,374,2,1,1,0.47892588,fast_test,unweighted,0.20838698744773865
374-3,374,3,1,0,0.05638817,fast_test,unweighted,0.20838698744773865
374-4,374,4,1,1,0.26183864,fast_test,unweighted,0.20838698744773865
374-5,374,5,1,0,0.025267534,fast_test,unweighted,0.20838698744773865
374-6,374,6,1,0,0.032048576,fast_test,unweighted,0.20838698744773865
374-7,374,7,1,1,0.4460454,fast_test,unweighted,0.20838698744773865
374-8,374,8,1,0,0.03154981,fast_test,unweighted,0.20838698744773865
374-9,374,9,1,1,0.6561019,fast_test,unweighted,0.20838698744773865
374-10,374,10,1,1,0.19544521,fast_test,unweighted,0.20838698744773865
374-11,374,11,1,0,0.061847463,fast_test,unweighted,0.20838698744773865
374-12,374,12,1,0,0.049245223,fast_test,unweighted,0.20838698744773865
375-0,375,0,4,0,0.0029105989,fast_test,unweighted,0.30763813853263855
375-1,375,1,4,0,0.0022179647,fast_test,unweighted,0.30763813853263855
375-2,375,2,4,0,0.007904285,fast_test,unweighted,0.30763813853263855
375-3,375,3,4,0,0.0044056727,fast_test,unweighted,0.30763813853263855
375-4,375,4,4,0,0.0016573737,fast_test,unweighted,0.30763813853263855
375-5,375,5,4,0,0.0012331078,fast_test,unweighted,0.30763813853263855
375-6,375,6,4,0,0.0030130122,fast_test,unweighted,0.30763813853263855
375-7,375,7,4,0,0.0024525917,fast_test,unweighted,0.30763813853263855
375-8,375,8,4,0,0.00656092,fast_test,unweighted,0.30763813853263855
375-9,375,9,4,0,0.0071043284,fast_test,unweighted,0.30763813853263855
375-10,375,10,4,0,0.0022184416,fast_test,unweighted,0.30763813853263855
375-11,375,11,4,0,0.002670569,fast_test,unweighted,0.30763813853263855
375-12,375,12,4,0,0.0032572143,fast_test,unweighted,0.30763813853263855
376-0,376,0,2,1,0.6218717,fast_test,unweighted,0.20516107976436615
376-1,376,1,2,0,0.0049540373,fast_test,unweighted,0.20516107976436615
376-2,376,2,2,0,0.006407688,fast_test,unweighted,0.20516107976436615
376-3,376,3,2,0,0.008464719,fast_test,unweighted,0.20516107976436615
376-4,376,4,2,0,0.0019271519,fast_test,unweighted,0.20516107976436615
376-5,376,5,2,0,0.0026905125,fast_test,unweighted,0.20516107976436615
376-6,376,6,2,0,0.0016064981,fast_test,unweighted,0.20516107976436615
376-7,376,7,2,0,0.0024185013,fast_test,unweighted,0.20516107976436615
376-8,376,8,2,0,0.008644374,fast_test,unweighted,0.20516107976436615
376-9,376,9,2,0,0.008565661,fast_test,unweighted,0.20516107976436615
376-10,376,10,2,0,0.0009311754,fast_test,unweighted,0.20516107976436615
376-11,376,11,2,0,0.00084028416,fast_test,unweighted,0.20516107976436615
376-12,376,12,2,0,0.0027529947,fast_test,unweighted,0.20516107976436615
377-0,377,0,4,0,0.022093702,fast_test,unweighted,0.30763813853263855
377-1,377,1,4,0,0.03040325,fast_test,unweighted,0.30763813853263855
377-2,377,2,4,0,0.101574264,fast_test,unweighted,0.30763813853263855
377-3,377,3,4,0,0.052719798,fast_test,unweighted,0.30763813853263855
377-4,377,4,4,0,0.011895289,fast_test,unweighted,0.30763813853263855
377-5,377,5,4,0,0.01453978,fast_test,unweighted,0.30763813853263855
377-6,377,6,4,0,0.03274968,fast_test,unweighted,0.30763813853263855
377-7,377,7,4,0,0.02499134,fast_test,unweighted,0.30763813853263855
377-8,377,8,4,0,0.04624194,fast_test,unweighted,0.30763813853263855
377-9,377,9,4,0,0.080248035,fast_test,unweighted,0.30763813853263855
377-10,377,10,4,0,0.020480102,fast_test,unweighted,0.30763813853263855
377-11,377,11,4,0,0.029069424,fast_test,unweighted,0.30763813853263855
377-12,377,12,4,0,0.034182806,fast_test,unweighted,0.30763813853263855
378-0,378,0,2,0,0.002145452,fast_test,unweighted,0.20516107976436615
378-1,378,1,2,0,0.0053354385,fast_test,unweighted,0.20516107976436615
378-2,378,2,2,0,0.0072058844,fast_test,unweighted,0.20516107976436615
378-3,378,3,2,0,0.0080603715,fast_test,unweighted,0.20516107976436615
378-4,378,4,2,0,0.0019867255,fast_test,unweighted,0.20516107976436615
378-5,378,5,2,0,0.0038413429,fast_test,unweighted,0.20516107976436615
378-6,378,6,2,0,0.0017306274,fast_test,unweighted,0.20516107976436615
378-7,378,7,2,0,0.002605208,fast_test,unweighted,0.20516107976436615
378-8,378,8,2,0,0.00930723,fast_test,unweighted,0.20516107976436615
378-9,378,9,2,0,0.0076129953,fast_test,unweighted,0.20516107976436615
378-10,378,10,2,0,0.0010567659,fast_test,unweighted,0.20516107976436615
378-11,378,11,2,0,0.00086628884,fast_test,unweighted,0.20516107976436615
378-12,378,12,2,0,0.0026207678,fast_test,unweighted,0.20516107976436615
379-0,379,0,5,0,0.0006686026,fast_test,unweighted,0.1712287962436676
379-1,379,1,5,0,0.0014092522,fast_test,unweighted,0.1712287962436676
379-2,379,2,5,1,0.8582467,fast_test,unweighted,0.1712287962436676
379-3,379,3,5,0,0.0029022705,fast_test,unweighted,0.1712287962436676
379-4,379,4,5,0,0.0007126657,fast_test,unweighted,0.1712287962436676
379-5,379,5,5,0,0.0008154841,fast_test,unweighted,0.1712287962436676
379-6,379,6,5,0,0.0018294253,fast_test,unweighted,0.1712287962436676
379-7,379,7,5,0,0.0025987618,fast_test,unweighted,0.1712287962436676
379-8,379,8,5,0,0.0006295501,fast_test,unweighted,0.1712287962436676
379-9,379,9,5,0,0.0013130708,fast_test,unweighted,0.1712287962436676
379-10,379,10,5,0,0.0006171789,fast_test,unweighted,0.1712287962436676
379-11,379,11,5,0,0.00047979204,fast_test,unweighted,0.1712287962436676
379-12,379,12,5,0,0.001215935,fast_test,unweighted,0.1712287962436676
380-0,380,0,1,0,0.4694661,fast_test,unweighted,0.20838698744773865
380-1,380,1,1,0,0.5014161,fast_test,unweighted,0.20838698744773865
380-2,380,2,1,0,0.2825998,fast_test,unweighted,0.20838698744773865
380-3,380,3,1,0,0.34566346,fast_test,unweighted,0.20838698744773865
380-4,380,4,1,0,0.15726274,fast_test,unweighted,0.20838698744773865
380-5,380,5,1,0,0.1851243,fast_test,unweighted,0.20838698744773865
380-6,380,6,1,0,0.1894442,fast_test,unweighted,0.20838698744773865
380-7,380,7,1,0,0.34524593,fast_test,unweighted,0.20838698744773865
380-8,380,8,1,0,0.18671334,fast_test,unweighted,0.20838698744773865
380-9,380,9,1,0,0.42259747,fast_test,unweighted,0.20838698744773865
380-10,380,10,1,0,0.091919616,fast_test,unweighted,0.20838698744773865
380-11,380,11,1,0,0.29360405,fast_test,unweighted,0.20838698744773865
380-12,380,12,1,0,0.23387067,fast_test,unweighted,0.20838698744773865
381-0,381,0,4,0,0.0016207666,fast_test,unweighted,0.30763813853263855
381-1,381,1,4,0,0.0012454262,fast_test,unweighted,0.30763813853263855
381-2,381,2,4,0,0.0044423277,fast_test,unweighted,0.30763813853263855
381-3,381,3,4,0,0.0023524852,fast_test,unweighted,0.30763813853263855
381-4,381,4,4,0,0.0010079386,fast_test,unweighted,0.30763813853263855
381-5,381,5,4,0,0.0006665365,fast_test,unweighted,0.30763813853263855
381-6,381,6,4,0,0.0015521765,fast_test,unweighted,0.30763813853263855
381-7,381,7,4,0,0.001250179,fast_test,unweighted,0.30763813853263855
381-8,381,8,4,0,0.0034145487,fast_test,unweighted,0.30763813853263855
381-9,381,9,4,0,0.0043762056,fast_test,unweighted,0.30763813853263855
381-10,381,10,4,0,0.0011138757,fast_test,unweighted,0.30763813853263855
381-11,381,11,4,0,0.0014386873,fast_test,unweighted,0.30763813853263855
381-12,381,12,4,0,0.0016615086,fast_test,unweighted,0.30763813853263855
382-0,382,0,1,0,0.0100701265,fast_test,unweighted,0.20838698744773865
382-1,382,1,1,0,0.011047866,fast_test,unweighted,0.20838698744773865
382-2,382,2,1,0,0.005077741,fast_test,unweighted,0.20838698744773865
382-3,382,3,1,0,0.0055076727,fast_test,unweighted,0.20838698744773865
382-4,382,4,1,0,0.0030653558,fast_test,unweighted,0.20838698744773865
382-5,382,5,1,0,0.0019330481,fast_test,unweighted,0.20838698744773865
382-6,382,6,1,0,0.003043066,fast_test,unweighted,0.20838698744773865
382-7,382,7,1,0,0.004790677,fast_test,unweighted,0.20838698744773865
382-8,382,8,1,0,0.002961633,fast_test,unweighted,0.20838698744773865
382-9,382,9,1,0,0.008976461,fast_test,unweighted,0.20838698744773865
382-10,382,10,1,0,0.003368536,fast_test,unweighted,0.20838698744773865
382-11,382,11,1,0,0.005255881,fast_test,unweighted,0.20838698744773865
382-12,382,12,1,0,0.004744439,fast_test,unweighted,0.20838698744773865
383-0,383,0,5,0,0.76034015,fast_test,unweighted,0.1712287962436676
383-1,383,1,5,1,0.0019592775,fast_test,unweighted,0.1712287962436676
383-2,383,2,5,1,0.0007113893,fast_test,unweighted,0.1712287962436676
383-3,383,3,5,0,0.9258466,fast_test,unweighted,0.1712287962436676
383-4,383,4,5,1,0.0011738407,fast_test,unweighted,0.1712287962436676
383-5,383,5,5,1,0.0011904978,fast_test,unweighted,0.1712287962436676
383-6,383,6,5,1,0.002395867,fast_test,unweighted,0.1712287962436676
383-7,383,7,5,1,0.0013774282,fast_test,unweighted,0.1712287962436676
383-8,383,8,5,1,0.00081942516,fast_test,unweighted,0.1712287962436676
383-9,383,9,5,1,0.002120191,fast_test,unweighted,0.1712287962436676
383-10,383,10,5,1,0.0013111108,fast_test,unweighted,0.1712287962436676
383-11,383,11,5,1,0.00064212835,fast_test,unweighted,0.1712287962436676
383-12,383,12,5,1,0.0015233947,fast_test,unweighted,0.1712287962436676
384-0,384,0,2,1,0.3310431,fast_test,unweighted,0.20516107976436615
384-1,384,1,2,1,0.69716614,fast_test,unweighted,0.20516107976436615
384-2,384,2,2,1,0.7637537,fast_test,unweighted,0.20516107976436615
384-3,384,3,2,1,0.8293649,fast_test,unweighted,0.20516107976436615
384-4,384,4,2,0,0.002482182,fast_test,unweighted,0.20516107976436615
384-5,384,5,2,0,0.0026238607,fast_test,unweighted,0.20516107976436615
384-6,384,6,2,0,0.0018914687,fast_test,unweighted,0.20516107976436615
384-7,384,7,2,1,0.5758882,fast_test,unweighted,0.20516107976436615
384-8,384,8,2,1,0.84164375,fast_test,unweighted,0.20516107976436615
384-9,384,9,2,0,0.00887455,fast_test,unweighted,0.20516107976436615
384-10,384,10,2,1,0.26422578,fast_test,unweighted,0.20516107976436615
384-11,384,11,2,1,0.10974714,fast_test,unweighted,0.20516107976436615
384-12,384,12,2,1,0.6138551,fast_test,unweighted,0.20516107976436615
385-0,385,0,1,0,0.028138053,fast_test,unweighted,0.20838698744773865
385-1,385,1,1,0,0.041555803,fast_test,unweighted,0.20838698744773865
385-2,385,2,1,0,0.020246834,fast_test,unweighted,0.20838698744773865
385-3,385,3,1,0,0.01521902,fast_test,unweighted,0.20838698744773865
385-4,385,4,1,0,0.00780463,fast_test,unweighted,0.20838698744773865
385-5,385,5,1,0,0.0066782054,fast_test,unweighted,0.20838698744773865
385-6,385,6,1,0,0.011717728,fast_test,unweighted,0.20838698744773865
385-7,385,7,1,0,0.01621646,fast_test,unweighted,0.20838698744773865
385-8,385,8,1,0,0.008196445,fast_test,unweighted,0.20838698744773865
385-9,385,9,1,0,0.027183117,fast_test,unweighted,0.20838698744773865
385-10,385,10,1,0,0.009549138,fast_test,unweighted,0.20838698744773865
385-11,385,11,1,0,0.016635247,fast_test,unweighted,0.20838698744773865
385-12,385,12,1,0,0.012826382,fast_test,unweighted,0.20838698744773865
386-0,386,0,2,0,0.077623084,fast_test,unweighted,0.20516107976436615
386-1,386,1,2,0,0.12318577,fast_test,unweighted,0.20516107976436615
386-2,386,2,2,0,0.15506604,fast_test,unweighted,0.20516107976436615
386-3,386,3,2,0,0.19091664,fast_test,unweighted,0.20516107976436615
386-4,386,4,2,0,0.044993695,fast_test,unweighted,0.20516107976436615
386-5,386,5,2,0,0.09535144,fast_test,unweighted,0.20516107976436615
386-6,386,6,2,0,0.04201079,fast_test,unweighted,0.20516107976436615
386-7,386,7,2,0,0.0692357,fast_test,unweighted,0.20516107976436615
386-8,386,8,2,0,0.20713876,fast_test,unweighted,0.20516107976436615
386-9,386,9,2,0,0.21142384,fast_test,unweighted,0.20516107976436615
386-10,386,10,2,0,0.025259066,fast_test,unweighted,0.20516107976436615
386-11,386,11,2,0,0.02362597,fast_test,unweighted,0.20516107976436615
386-12,386,12,2,0,0.071642935,fast_test,unweighted,0.20516107976436615
387-0,387,0,5,0,0.00051641726,fast_test,unweighted,0.1712287962436676
387-1,387,1,5,0,0.0013364073,fast_test,unweighted,0.1712287962436676
387-2,387,2,5,0,0.0005407278,fast_test,unweighted,0.1712287962436676
387-3,387,3,5,0,0.002711494,fast_test,unweighted,0.1712287962436676
387-4,387,4,5,0,0.00067580293,fast_test,unweighted,0.1712287962436676
387-5,387,5,5,0,0.00077330717,fast_test,unweighted,0.1712287962436676
387-6,387,6,5,0,0.0017348982,fast_test,unweighted,0.1712287962436676
387-7,387,7,5,0,0.0010679375,fast_test,unweighted,0.1712287962436676
387-8,387,8,5,0,0.00059698365,fast_test,unweighted,0.1712287962436676
387-9,387,9,5,0,0.0012451913,fast_test,unweighted,0.1712287962436676
387-10,387,10,5,0,0.0005941138,fast_test,unweighted,0.1712287962436676
387-11,387,11,5,0,0.00045496927,fast_test,unweighted,0.1712287962436676
387-12,387,12,5,0,0.0011358816,fast_test,unweighted,0.1712287962436676
388-0,388,0,2,0,0.011977694,fast_test,unweighted,0.20516107976436615
388-1,388,1,2,0,0.021832863,fast_test,unweighted,0.20516107976436615
388-2,388,2,2,0,0.044391725,fast_test,unweighted,0.20516107976436615
388-3,388,3,2,0,0.055594835,fast_test,unweighted,0.20516107976436615
388-4,388,4,2,0,0.009185015,fast_test,unweighted,0.20516107976436615
388-5,388,5,2,0,0.025479352,fast_test,unweighted,0.20516107976436615
388-6,388,6,2,0,0.0122140115,fast_test,unweighted,0.20516107976436615
388-7,388,7,2,0,0.018289333,fast_test,unweighted,0.20516107976436615
388-8,388,8,2,0,0.062799126,fast_test,unweighted,0.20516107976436615
388-9,388,9,2,0,0.04006289,fast_test,unweighted,0.20516107976436615
388-10,388,10,2,0,0.0068261917,fast_test,unweighted,0.20516107976436615
388-11,388,11,2,0,0.005378567,fast_test,unweighted,0.20516107976436615
388-12,388,12,2,0,0.017667074,fast_test,unweighted,0.20516107976436615
389-0,389,0,2,0,0.017457316,fast_test,unweighted,0.20516107976436615
389-1,389,1,2,0,0.030869903,fast_test,unweighted,0.20516107976436615
389-2,389,2,2,0,0.043014966,fast_test,unweighted,0.20516107976436615
389-3,389,3,2,0,0.071338825,fast_test,unweighted,0.20516107976436615
389-4,389,4,2,0,0.013185574,fast_test,unweighted,0.20516107976436615
389-5,389,5,2,0,0.033353094,fast_test,unweighted,0.20516107976436615
389-6,389,6,2,0,0.015879447,fast_test,unweighted,0.20516107976436615
389-7,389,7,2,0,0.022695556,fast_test,unweighted,0.20516107976436615
389-8,389,8,2,0,0.079439595,fast_test,unweighted,0.20516107976436615
389-9,389,9,2,0,0.059659045,fast_test,unweighted,0.20516107976436615
389-10,389,10,2,0,0.0092715565,fast_test,unweighted,0.20516107976436615
389-11,389,11,2,0,0.007870282,fast_test,unweighted,0.20516107976436615
389-12,389,12,2,0,0.024856929,fast_test,unweighted,0.20516107976436615
390-0,390,0,5,0,0.0009200322,fast_test,unweighted,0.1712287962436676
390-1,390,1,5,0,0.0018715505,fast_test,unweighted,0.1712287962436676
390-2,390,2,5,1,0.7427377,fast_test,unweighted,0.1712287962436676
390-3,390,3,5,0,0.003823539,fast_test,unweighted,0.1712287962436676
390-4,390,4,5,0,0.0009432449,fast_test,unweighted,0.1712287962436676
390-5,390,5,5,0,0.0011119572,fast_test,unweighted,0.1712287962436676
390-6,390,6,5,0,0.0026275308,fast_test,unweighted,0.1712287962436676
390-7,390,7,5,0,0.0016052986,fast_test,unweighted,0.1712287962436676
390-8,390,8,5,0,0.0019060532,fast_test,unweighted,0.1712287962436676
390-9,390,9,5,0,0.0016782847,fast_test,unweighted,0.1712287962436676
390-10,390,10,5,0,0.00087054993,fast_test,unweighted,0.1712287962436676
390-11,390,11,5,0,0.0007787837,fast_test,unweighted,0.1712287962436676
390-12,390,12,5,0,0.001679151,fast_test,unweighted,0.1712287962436676
391-0,391,0,1,0,0.009158422,fast_test,unweighted,0.20838698744773865
391-1,391,1,1,0,0.010802549,fast_test,unweighted,0.20838698744773865
391-2,391,2,1,1,0.8499248,fast_test,unweighted,0.20838698744773865
391-3,391,3,1,0,0.005393587,fast_test,unweighted,0.20838698744773865
391-4,391,4,1,0,0.0026727836,fast_test,unweighted,0.20838698744773865
391-5,391,5,1,0,0.002308045,fast_test,unweighted,0.20838698744773865
391-6,391,6,1,1,0.730938,fast_test,unweighted,0.20838698744773865
391-7,391,7,1,1,0.82875335,fast_test,unweighted,0.20838698744773865
391-8,391,8,1,0,0.002937209,fast_test,unweighted,0.20838698744773865
391-9,391,9,1,0,0.010746553,fast_test,unweighted,0.20838698744773865
391-10,391,10,1,0,0.0033067742,fast_test,unweighted,0.20838698744773865
391-11,391,11,1,0,0.006194616,fast_test,unweighted,0.20838698744773865
391-12,391,12,1,0,0.004625235,fast_test,unweighted,0.20838698744773865
392-0,392,0,4,0,0.15571165,fast_test,unweighted,0.30763813853263855
392-1,392,1,4,0,0.17067449,fast_test,unweighted,0.30763813853263855
392-2,392,2,4,0,0.42095003,fast_test,unweighted,0.30763813853263855
392-3,392,3,4,0,0.26094714,fast_test,unweighted,0.30763813853263855
392-4,392,4,4,0,0.0672031,fast_test,unweighted,0.30763813853263855
392-5,392,5,4,0,0.109069206,fast_test,unweighted,0.30763813853263855
392-6,392,6,4,0,0.19376196,fast_test,unweighted,0.30763813853263855
392-7,392,7,4,0,0.15595287,fast_test,unweighted,0.30763813853263855
392-8,392,8,4,0,0.23516117,fast_test,unweighted,0.30763813853263855
392-9,392,9,4,0,0.37250108,fast_test,unweighted,0.30763813853263855
392-10,392,10,4,0,0.060896747,fast_test,unweighted,0.30763813853263855
392-11,392,11,4,0,0.19620147,fast_test,unweighted,0.30763813853263855
392-12,392,12,4,0,0.18520917,fast_test,unweighted,0.30763813853263855
393-0,393,0,3,0,0.12532644,fast_test,unweighted,0.21808862686157227
393-1,393,1,3,0,0.053668488,fast_test,unweighted,0.21808862686157227
393-2,393,2,3,0,0.018999178,fast_test,unweighted,0.21808862686157227
393-3,393,3,3,0,0.20558125,fast_test,unweighted,0.21808862686157227
393-4,393,4,3,0,0.030757613,fast_test,unweighted,0.21808862686157227
393-5,393,5,3,1,0.57628655,fast_test,unweighted,0.21808862686157227
393-6,393,6,3,0,0.015504958,fast_test,unweighted,0.21808862686157227
393-7,393,7,3,0,0.1027244,fast_test,unweighted,0.21808862686157227
393-8,393,8,3,0,0.026906997,fast_test,unweighted,0.21808862686157227
393-9,393,9,3,0,0.099820964,fast_test,unweighted,0.21808862686157227
393-10,393,10,3,0,0.026081195,fast_test,unweighted,0.21808862686157227
393-11,393,11,3,0,0.022248542,fast_test,unweighted,0.21808862686157227
393-12,393,12,3,0,0.08252563,fast_test,unweighted,0.21808862686157227
394-0,394,0,4,0,0.0016340144,fast_test,unweighted,0.30763813853263855
394-1,394,1,4,0,0.0013336196,fast_test,unweighted,0.30763813853263855
394-2,394,2,4,0,0.004927074,fast_test,unweighted,0.30763813853263855
394-3,394,3,4,0,0.0022858602,fast_test,unweighted,0.30763813853263855
394-4,394,4,4,0,0.0009890853,fast_test,unweighted,0.30763813853263855
394-5,394,5,4,0,0.00083469483,fast_test,unweighted,0.30763813853263855
394-6,394,6,4,0,0.0017317745,fast_test,unweighted,0.30763813853263855
394-7,394,7,4,0,0.001323541,fast_test,unweighted,0.30763813853263855
394-8,394,8,4,0,0.003879417,fast_test,unweighted,0.30763813853263855
394-9,394,9,4,0,0.004204535,fast_test,unweighted,0.30763813853263855
394-10,394,10,4,0,0.0012535481,fast_test,unweighted,0.30763813853263855
394-11,394,11,4,0,0.0016060524,fast_test,unweighted,0.30763813853263855
394-12,394,12,4,0,0.001793477,fast_test,unweighted,0.30763813853263855
395-0,395,0,2,0,0.02467178,fast_test,unweighted,0.20516107976436615
395-1,395,1,2,0,0.032269742,fast_test,unweighted,0.20516107976436615
395-2,395,2,2,0,0.050373703,fast_test,unweighted,0.20516107976436615
395-3,395,3,2,0,0.060835656,fast_test,unweighted,0.20516107976436615
395-4,395,4,2,0,0.01975245,fast_test,unweighted,0.20516107976436615
395-5,395,5,2,1,0.402575,fast_test,unweighted,0.20516107976436615
395-6,395,6,2,0,0.013300721,fast_test,unweighted,0.20516107976436615
395-7,395,7,2,1,0.31752712,fast_test,unweighted,0.20516107976436615
395-8,395,8,2,0,0.071939096,fast_test,unweighted,0.20516107976436615
395-9,395,9,2,0,0.064781986,fast_test,unweighted,0.20516107976436615
395-10,395,10,2,1,0.1051992,fast_test,unweighted,0.20516107976436615
395-11,395,11,2,0,0.00812808,fast_test,unweighted,0.20516107976436615
395-12,395,12,2,0,0.021258235,fast_test,unweighted,0.20516107976436615
396-0,396,0,4,0,0.08925996,fast_test,unweighted,0.30763813853263855
396-1,396,1,4,0,0.09862519,fast_test,unweighted,0.30763813853263855
396-2,396,2,4,0,0.3166144,fast_test,unweighted,0.30763813853263855
396-3,396,3,4,0,0.18382384,fast_test,unweighted,0.30763813853263855
396-4,396,4,4,0,0.048055332,fast_test,unweighted,0.30763813853263855
396-5,396,5,4,0,0.07038262,fast_test,unweighted,0.30763813853263855
396-6,396,6,4,0,0.12232297,fast_test,unweighted,0.30763813853263855
396-7,396,7,4,0,0.09904227,fast_test,unweighted,0.30763813853263855
396-8,396,8,4,0,0.17903921,fast_test,unweighted,0.30763813853263855
396-9,396,9,4,0,0.27846164,fast_test,unweighted,0.30763813853263855
396-10,396,10,4,0,0.03965766,fast_test,unweighted,0.30763813853263855
396-11,396,11,4,0,0.11399337,fast_test,unweighted,0.30763813853263855
396-12,396,12,4,0,0.133078,fast_test,unweighted,0.30763813853263855
397-0,397,0,2,0,0.002987518,fast_test,unweighted,0.20516107976436615
397-1,397,1,2,0,0.005219982,fast_test,unweighted,0.20516107976436615
397-2,397,2,2,1,0.75011325,fast_test,unweighted,0.20516107976436615
397-3,397,3,2,0,0.008539803,fast_test,unweighted,0.20516107976436615
397-4,397,4,2,0,0.0019867255,fast_test,unweighted,0.20516107976436615
397-5,397,5,2,0,0.0038413429,fast_test,unweighted,0.20516107976436615
397-6,397,6,2,0,0.0018077055,fast_test,unweighted,0.20516107976436615
397-7,397,7,2,0,0.002605208,fast_test,unweighted,0.20516107976436615
397-8,397,8,2,0,0.00930723,fast_test,unweighted,0.20516107976436615
397-9,397,9,2,0,0.009584824,fast_test,unweighted,0.20516107976436615
397-10,397,10,2,0,0.00104315,fast_test,unweighted,0.20516107976436615
397-11,397,11,2,0,0.00086628884,fast_test,unweighted,0.20516107976436615
397-12,397,12,2,0,0.0027775562,fast_test,unweighted,0.20516107976436615
398-0,398,0,5,0,0.8420244,fast_test,unweighted,0.1712287962436676
398-1,398,1,5,0,0.92456776,fast_test,unweighted,0.1712287962436676
398-2,398,2,5,1,0.00045005337,fast_test,unweighted,0.1712287962436676
398-3,398,3,5,0,0.95773345,fast_test,unweighted,0.1712287962436676
398-4,398,4,5,1,0.00079039455,fast_test,unweighted,0.1712287962436676
398-5,398,5,5,0,0.247291,fast_test,unweighted,0.1712287962436676
398-6,398,6,5,1,0.0014944394,fast_test,unweighted,0.1712287962436676
398-7,398,7,5,1,0.0010836088,fast_test,unweighted,0.1712287962436676
398-8,398,8,5,1,0.00060935784,fast_test,unweighted,0.1712287962436676
398-9,398,9,5,1,0.0014014728,fast_test,unweighted,0.1712287962436676
398-10,398,10,5,1,0.0006329266,fast_test,unweighted,0.1712287962436676
398-11,398,11,5,1,0.00045005337,fast_test,unweighted,0.1712287962436676
398-12,398,12,5,0,0.9245488,fast_test,unweighted,0.1712287962436676
399-0,399,0,4,0,0.08540076,fast_test,unweighted,0.30763813853263855
399-1,399,1,4,0,0.07426928,fast_test,unweighted,0.30763813853263855
399-2,399,2,4,1,0.16770701,fast_test,unweighted,0.30763813853263855
399-3,399,3,4,1,0.09534073,fast_test,unweighted,0.30763813853263855
399-4,399,4,4,0,0.03826762,fast_test,unweighted,0.30763813853263855
399-5,399,5,4,0,0.052530468,fast_test,unweighted,0.30763813853263855
399-6,399,6,4,1,0.05946234,fast_test,unweighted,0.30763813853263855
399-7,399,7,4,0,0.09345079,fast_test,unweighted,0.30763813853263855
399-8,399,8,4,0,0.14189188,fast_test,unweighted,0.30763813853263855
399-9,399,9,4,0,0.23202151,fast_test,unweighted,0.30763813853263855
399-10,399,10,4,0,0.03189694,fast_test,unweighted,0.30763813853263855
399-11,399,11,4,0,0.08620518,fast_test,unweighted,0.30763813853263855
399-12,399,12,4,0,0.109112725,fast_test,unweighted,0.30763813853263855
400-0,400,0,4,0,0.13940445,fast_test,unweighted,0.30763813853263855
400-1,400,1,4,0,0.12895925,fast_test,unweighted,0.30763813853263855
400-2,400,2,4,0,0.38709012,fast_test,unweighted,0.30763813853263855
400-3,400,3,4,0,0.20255676,fast_test,unweighted,0.30763813853263855
400-4,400,4,4,0,0.064570665,fast_test,unweighted,0.30763813853263855
400-5,400,5,4,0,0.09281751,fast_test,unweighted,0.30763813853263855
400-6,400,6,4,1,0.09726321,fast_test,unweighted,0.30763813853263855
400-7,400,7,4,0,0.13180025,fast_test,unweighted,0.30763813853263855
400-8,400,8,4,0,0.21674086,fast_test,unweighted,0.30763813853263855
400-9,400,9,4,0,0.349079,fast_test,unweighted,0.30763813853263855
400-10,400,10,4,0,0.055737738,fast_test,unweighted,0.30763813853263855
400-11,400,11,4,0,0.14827654,fast_test,unweighted,0.30763813853263855
400-12,400,12,4,0,0.17993961,fast_test,unweighted,0.30763813853263855
401-0,401,0,2,0,0.018724326,fast_test,unweighted,0.20516107976436615
401-1,401,1,2,0,0.023757879,fast_test,unweighted,0.20516107976436615
401-2,401,2,2,0,0.030934533,fast_test,unweighted,0.20516107976436615
401-3,401,3,2,0,0.03887964,fast_test,unweighted,0.20516107976436615
401-4,401,4,2,0,0.012164313,fast_test,unweighted,0.20516107976436615
401-5,401,5,2,0,0.020726334,fast_test,unweighted,0.20516107976436615
401-6,401,6,2,0,0.0060888235,fast_test,unweighted,0.20516107976436615
401-7,401,7,2,0,0.012808455,fast_test,unweighted,0.20516107976436615
401-8,401,8,2,0,0.046676368,fast_test,unweighted,0.20516107976436615
401-9,401,9,2,0,0.033472683,fast_test,unweighted,0.20516107976436615
401-10,401,10,2,0,0.00555737,fast_test,unweighted,0.20516107976436615
401-11,401,11,2,0,0.003589891,fast_test,unweighted,0.20516107976436615
401-12,401,12,2,0,0.012132147,fast_test,unweighted,0.20516107976436615
402-0,402,0,4,1,0.8457685,fast_test,unweighted,0.30763813853263855
402-1,402,1,4,1,0.84101313,fast_test,unweighted,0.30763813853263855
402-2,402,2,4,1,0.9542964,fast_test,unweighted,0.30763813853263855
402-3,402,3,4,0,0.0019085883,fast_test,unweighted,0.30763813853263855
402-4,402,4,4,0,0.0007704437,fast_test,unweighted,0.30763813853263855
402-5,402,5,4,0,0.0005574684,fast_test,unweighted,0.30763813853263855
402-6,402,6,4,0,0.0013302604,fast_test,unweighted,0.30763813853263855
402-7,402,7,4,1,0.818065,fast_test,unweighted,0.30763813853263855
402-8,402,8,4,0,0.003464997,fast_test,unweighted,0.30763813853263855
402-9,402,9,4,0,0.0033290852,fast_test,unweighted,0.30763813853263855
402-10,402,10,4,0,0.0010371113,fast_test,unweighted,0.30763813853263855
402-11,402,11,4,0,0.001209516,fast_test,unweighted,0.30763813853263855
402-12,402,12,4,0,0.0013851897,fast_test,unweighted,0.30763813853263855
403-0,403,0,4,0,0.22462119,fast_test,unweighted,0.30763813853263855
403-1,403,1,4,0,0.24677716,fast_test,unweighted,0.30763813853263855
403-2,403,2,4,0,0.5307316,fast_test,unweighted,0.30763813853263855
403-3,403,3,4,1,0.25332758,fast_test,unweighted,0.30763813853263855
403-4,403,4,4,0,0.1384066,fast_test,unweighted,0.30763813853263855
403-5,403,5,4,1,0.10124166,fast_test,unweighted,0.30763813853263855
403-6,403,6,4,0,0.26777473,fast_test,unweighted,0.30763813853263855
403-7,403,7,4,0,0.22794789,fast_test,unweighted,0.30763813853263855
403-8,403,8,4,0,0.36497483,fast_test,unweighted,0.30763813853263855
403-9,403,9,4,1,0.37540177,fast_test,unweighted,0.30763813853263855
403-10,403,10,4,0,0.08383878,fast_test,unweighted,0.30763813853263855
403-11,403,11,4,0,0.23900007,fast_test,unweighted,0.30763813853263855
403-12,403,12,4,0,0.28850418,fast_test,unweighted,0.30763813853263855
404-0,404,0,3,0,0.028124508,fast_test,unweighted,0.21808862686157227
404-1,404,1,3,0,0.013771193,fast_test,unweighted,0.21808862686157227
404-2,404,2,3,1,0.12728968,fast_test,unweighted,0.21808862686157227
404-3,404,3,3,0,0.050572112,fast_test,unweighted,0.21808862686157227
404-4,404,4,3,1,0.17702702,fast_test,unweighted,0.21808862686157227
404-5,404,5,3,0,0.024595875,fast_test,unweighted,0.21808862686157227
404-6,404,6,3,1,0.103989586,fast_test,unweighted,0.21808862686157227
404-7,404,7,3,0,0.021525288,fast_test,unweighted,0.21808862686157227
404-8,404,8,3,1,0.1553744,fast_test,unweighted,0.21808862686157227
404-9,404,9,3,0,0.028065331,fast_test,unweighted,0.21808862686157227
404-10,404,10,3,0,0.0059846058,fast_test,unweighted,0.21808862686157227
404-11,404,11,3,0,0.005346861,fast_test,unweighted,0.21808862686157227
404-12,404,12,3,0,0.017552871,fast_test,unweighted,0.21808862686157227
405-0,405,0,3,1,0.081789166,fast_test,unweighted,0.21808862686157227
405-1,405,1,3,0,0.19227175,fast_test,unweighted,0.21808862686157227
405-2,405,2,3,1,0.011615561,fast_test,unweighted,0.21808862686157227
405-3,405,3,3,1,0.16651851,fast_test,unweighted,0.21808862686157227
405-4,405,4,3,1,0.020790206,fast_test,unweighted,0.21808862686157227
405-5,405,5,3,1,0.08400628,fast_test,unweighted,0.21808862686157227
405-6,405,6,3,0,0.08086034,fast_test,unweighted,0.21808862686157227
405-7,405,7,3,0,0.36234295,fast_test,unweighted,0.21808862686157227
405-8,405,8,3,0,0.10952504,fast_test,unweighted,0.21808862686157227
405-9,405,9,3,0,0.3951969,fast_test,unweighted,0.21808862686157227
405-10,405,10,3,0,0.057887714,fast_test,unweighted,0.21808862686157227
405-11,405,11,3,0,0.10950956,fast_test,unweighted,0.21808862686157227
405-12,405,12,3,0,0.28715265,fast_test,unweighted,0.21808862686157227
406-0,406,0,4,0,0.8457685,fast_test,unweighted,0.30763813853263855
406-1,406,1,4,1,0.0010553056,fast_test,unweighted,0.30763813853263855
406-2,406,2,4,1,0.0039789504,fast_test,unweighted,0.30763813853263855
406-3,406,3,4,1,0.0017489443,fast_test,unweighted,0.30763813853263855
406-4,406,4,4,0,0.7325054,fast_test,unweighted,0.30763813853263855
406-5,406,5,4,1,0.0005766928,fast_test,unweighted,0.30763813853263855
406-6,406,6,4,0,0.8728526,fast_test,unweighted,0.30763813853263855
406-7,406,7,4,0,0.8437196,fast_test,unweighted,0.30763813853263855
406-8,406,8,4,0,0.9049226,fast_test,unweighted,0.30763813853263855
406-9,406,9,4,1,0.003847954,fast_test,unweighted,0.30763813853263855
406-10,406,10,4,1,0.0009934594,fast_test,unweighted,0.30763813853263855
406-11,406,11,4,1,0.001209516,fast_test,unweighted,0.30763813853263855
406-12,406,12,4,0,0.86976504,fast_test,unweighted,0.30763813853263855
407-0,407,0,3,1,0.9025422,fast_test,unweighted,0.21808862686157227
407-1,407,1,3,0,0.003095228,fast_test,unweighted,0.21808862686157227
407-2,407,2,3,0,0.0011655859,fast_test,unweighted,0.21808862686157227
407-3,407,3,3,1,0.9447262,fast_test,unweighted,0.21808862686157227
407-4,407,4,3,0,0.0020559349,fast_test,unweighted,0.21808862686157227
407-5,407,5,3,0,0.006121058,fast_test,unweighted,0.21808862686157227
407-6,407,6,3,0,0.00093975494,fast_test,unweighted,0.21808862686157227
407-7,407,7,3,1,0.8589824,fast_test,unweighted,0.21808862686157227
407-8,407,8,3,0,0.001091688,fast_test,unweighted,0.21808862686157227
407-9,407,9,3,0,0.0066491077,fast_test,unweighted,0.21808862686157227
407-10,407,10,3,0,0.0014845436,fast_test,unweighted,0.21808862686157227
407-11,407,11,3,1,0.5254246,fast_test,unweighted,0.21808862686157227
407-12,407,12,3,0,0.0040916493,fast_test,unweighted,0.21808862686157227
408-0,408,0,4,1,0.83320343,fast_test,unweighted,0.30763813853263855
408-1,408,1,4,1,0.8487693,fast_test,unweighted,0.30763813853263855
408-2,408,2,4,1,0.95164406,fast_test,unweighted,0.30763813853263855
408-3,408,3,4,1,0.9007503,fast_test,unweighted,0.30763813853263855
408-4,408,4,4,0,0.000842505,fast_test,unweighted,0.30763813853263855
408-5,408,5,4,0,0.0005766928,fast_test,unweighted,0.30763813853263855
408-6,408,6,4,0,0.0014496378,fast_test,unweighted,0.30763813853263855
408-7,408,7,4,1,0.8437196,fast_test,unweighted,0.30763813853263855
408-8,408,8,4,1,0.9180842,fast_test,unweighted,0.30763813853263855
408-9,408,9,4,1,0.9384937,fast_test,unweighted,0.30763813853263855
408-10,408,10,4,0,0.0010941421,fast_test,unweighted,0.30763813853263855
408-11,408,11,4,1,0.8736606,fast_test,unweighted,0.30763813853263855
408-12,408,12,4,1,0.86976504,fast_test,unweighted,0.30763813853263855
409-0,409,0,2,0,0.16380246,fast_test,unweighted,0.20516107976436615
409-1,409,1,2,0,0.18304838,fast_test,unweighted,0.20516107976436615
409-2,409,2,2,0,0.27065277,fast_test,unweighted,0.20516107976436615
409-3,409,3,2,1,0.18411577,fast_test,unweighted,0.20516107976436615
409-4,409,4,2,0,0.10205855,fast_test,unweighted,0.20516107976436615
409-5,409,5,2,0,0.19031574,fast_test,unweighted,0.20516107976436615
409-6,409,6,2,0,0.035844103,fast_test,unweighted,0.20516107976436615
409-7,409,7,2,0,0.1723976,fast_test,unweighted,0.20516107976436615
409-8,409,8,2,0,0.42826024,fast_test,unweighted,0.20516107976436615
409-9,409,9,2,0,0.35640842,fast_test,unweighted,0.20516107976436615
409-10,409,10,2,0,0.051506847,fast_test,unweighted,0.20516107976436615
409-11,409,11,2,0,0.036276795,fast_test,unweighted,0.20516107976436615
409-12,409,12,2,0,0.15191197,fast_test,unweighted,0.20516107976436615
410-0,410,0,5,1,0.0008378133,fast_test,unweighted,0.1712287962436676
410-1,410,1,5,1,0.0020334066,fast_test,unweighted,0.1712287962436676
410-2,410,2,5,1,0.00082129345,fast_test,unweighted,0.1712287962436676
410-3,410,3,5,1,0.0056544095,fast_test,unweighted,0.1712287962436676
410-4,410,4,5,1,0.001208381,fast_test,unweighted,0.1712287962436676
410-5,410,5,5,1,0.001375906,fast_test,unweighted,0.1712287962436676
410-6,410,6,5,1,0.0024210105,fast_test,unweighted,0.1712287962436676
410-7,410,7,5,1,0.0017579306,fast_test,unweighted,0.1712287962436676
410-8,410,8,5,1,0.0009888484,fast_test,unweighted,0.1712287962436676
410-9,410,9,5,1,0.002174306,fast_test,unweighted,0.1712287962436676
410-10,410,10,5,1,0.0010270806,fast_test,unweighted,0.1712287962436676
410-11,410,11,5,1,0.00069654087,fast_test,unweighted,0.1712287962436676
410-12,410,12,5,0,0.8736388,fast_test,unweighted,0.1712287962436676
411-0,411,0,1,0,0.07370817,fast_test,unweighted,0.20838698744773865
411-1,411,1,1,0,0.0871466,fast_test,unweighted,0.20838698744773865
411-2,411,2,1,0,0.04754487,fast_test,unweighted,0.20838698744773865
411-3,411,3,1,1,0.06343157,fast_test,unweighted,0.20838698744773865
411-4,411,4,1,0,0.022502523,fast_test,unweighted,0.20838698744773865
411-5,411,5,1,0,0.02166612,fast_test,unweighted,0.20838698744773865
411-6,411,6,1,0,0.027021723,fast_test,unweighted,0.20838698744773865
411-7,411,7,1,0,0.05679871,fast_test,unweighted,0.20838698744773865
411-8,411,8,1,0,0.02844587,fast_test,unweighted,0.20838698744773865
411-9,411,9,1,0,0.068101145,fast_test,unweighted,0.20838698744773865
411-10,411,10,1,0,0.017785037,fast_test,unweighted,0.20838698744773865
411-11,411,11,1,0,0.042516865,fast_test,unweighted,0.20838698744773865
411-12,411,12,1,0,0.03802529,fast_test,unweighted,0.20838698744773865
412-0,412,0,4,0,0.0016340144,fast_test,unweighted,0.30763813853263855
412-1,412,1,4,0,0.0013336196,fast_test,unweighted,0.30763813853263855
412-2,412,2,4,0,0.0050045894,fast_test,unweighted,0.30763813853263855
412-3,412,3,4,0,0.0023219194,fast_test,unweighted,0.30763813853263855
412-4,412,4,4,0,0.0009890853,fast_test,unweighted,0.30763813853263855
412-5,412,5,4,0,0.00074039126,fast_test,unweighted,0.30763813853263855
412-6,412,6,4,0,0.0017317745,fast_test,unweighted,0.30763813853263855
412-7,412,7,4,0,0.0013843904,fast_test,unweighted,0.30763813853263855
412-8,412,8,4,0,0.003879417,fast_test,unweighted,0.30763813853263855
412-9,412,9,4,0,0.004204535,fast_test,unweighted,0.30763813853263855
412-10,412,10,4,0,0.0012535481,fast_test,unweighted,0.30763813853263855
412-11,412,11,4,0,0.0016060524,fast_test,unweighted,0.30763813853263855
412-12,412,12,4,0,0.001793477,fast_test,unweighted,0.30763813853263855
413-0,413,0,1,0,0.027218213,fast_test,unweighted,0.20838698744773865
413-1,413,1,1,0,0.027655173,fast_test,unweighted,0.20838698744773865
413-2,413,2,1,1,0.24976002,fast_test,unweighted,0.20838698744773865
413-3,413,3,1,0,0.016270416,fast_test,unweighted,0.20838698744773865
413-4,413,4,1,0,0.0075375927,fast_test,unweighted,0.20838698744773865
413-5,413,5,1,0,0.0070604584,fast_test,unweighted,0.20838698744773865
413-6,413,6,1,0,0.011245711,fast_test,unweighted,0.20838698744773865
413-7,413,7,1,0,0.016649637,fast_test,unweighted,0.20838698744773865
413-8,413,8,1,0,0.008796374,fast_test,unweighted,0.20838698744773865
413-9,413,9,1,0,0.029225009,fast_test,unweighted,0.20838698744773865
413-10,413,10,1,0,0.0082910685,fast_test,unweighted,0.20838698744773865
413-11,413,11,1,0,0.015804404,fast_test,unweighted,0.20838698744773865
413-12,413,12,1,0,0.013322258,fast_test,unweighted,0.20838698744773865
414-0,414,0,5,0,0.008314874,fast_test,unweighted,0.1712287962436676
414-1,414,1,5,0,0.012451084,fast_test,unweighted,0.1712287962436676
414-2,414,2,5,0,0.0062583527,fast_test,unweighted,0.1712287962436676
414-3,414,3,5,0,0.028118378,fast_test,unweighted,0.1712287962436676
414-4,414,4,5,0,0.006454062,fast_test,unweighted,0.1712287962436676
414-5,414,5,5,0,0.00668248,fast_test,unweighted,0.1712287962436676
414-6,414,6,5,0,0.023074597,fast_test,unweighted,0.1712287962436676
414-7,414,7,5,0,0.013403994,fast_test,unweighted,0.1712287962436676
414-8,414,8,5,0,0.0075646513,fast_test,unweighted,0.1712287962436676
414-9,414,9,5,0,0.016750969,fast_test,unweighted,0.1712287962436676
414-10,414,10,5,0,0.005138365,fast_test,unweighted,0.1712287962436676
414-11,414,11,5,0,0.0047195205,fast_test,unweighted,0.1712287962436676
414-12,414,12,5,0,0.0139262,fast_test,unweighted,0.1712287962436676
415-0,415,0,2,0,0.018448781,fast_test,unweighted,0.20516107976436615
415-1,415,1,2,0,0.040330015,fast_test,unweighted,0.20516107976436615
415-2,415,2,2,0,0.057198253,fast_test,unweighted,0.20516107976436615
415-3,415,3,2,0,0.06998087,fast_test,unweighted,0.20516107976436615
415-4,415,4,2,0,0.0128648495,fast_test,unweighted,0.20516107976436615
415-5,415,5,2,0,0.030365698,fast_test,unweighted,0.20516107976436615
415-6,415,6,2,0,0.009279601,fast_test,unweighted,0.20516107976436615
415-7,415,7,2,0,0.023899863,fast_test,unweighted,0.20516107976436615
415-8,415,8,2,0,0.08229431,fast_test,unweighted,0.20516107976436615
415-9,415,9,2,0,0.060700063,fast_test,unweighted,0.20516107976436615
415-10,415,10,2,1,0.088115826,fast_test,unweighted,0.20516107976436615
415-11,415,11,2,0,0.0061068395,fast_test,unweighted,0.20516107976436615
415-12,415,12,2,0,0.024189392,fast_test,unweighted,0.20516107976436615
416-0,416,0,2,0,0.07812336,fast_test,unweighted,0.20516107976436615
416-1,416,1,2,1,0.116687104,fast_test,unweighted,0.20516107976436615
416-2,416,2,2,0,0.16433059,fast_test,unweighted,0.20516107976436615
416-3,416,3,2,0,0.19948383,fast_test,unweighted,0.20516107976436615
416-4,416,4,2,1,0.049925976,fast_test,unweighted,0.20516107976436615
416-5,416,5,2,1,0.088923804,fast_test,unweighted,0.20516107976436615
416-6,416,6,2,1,0.03862913,fast_test,unweighted,0.20516107976436615
416-7,416,7,2,1,0.06918311,fast_test,unweighted,0.20516107976436615
416-8,416,8,2,1,0.20007981,fast_test,unweighted,0.20516107976436615
416-9,416,9,2,0,0.14685252,fast_test,unweighted,0.20516107976436615
416-10,416,10,2,1,0.021896968,fast_test,unweighted,0.20516107976436615
416-11,416,11,2,1,0.021794846,fast_test,unweighted,0.20516107976436615
416-12,416,12,2,0,0.060365457,fast_test,unweighted,0.20516107976436615
417-0,417,0,3,0,0.04392741,fast_test,unweighted,0.21808862686157227
417-1,417,1,3,0,0.023393577,fast_test,unweighted,0.21808862686157227
417-2,417,2,3,1,0.02267032,fast_test,unweighted,0.21808862686157227
417-3,417,3,3,0,0.13266636,fast_test,unweighted,0.21808862686157227
417-4,417,4,3,0,0.014799223,fast_test,unweighted,0.21808862686157227
417-5,417,5,3,0,0.07132688,fast_test,unweighted,0.21808862686157227
417-6,417,6,3,0,0.010188654,fast_test,unweighted,0.21808862686157227
417-7,417,7,3,0,0.06733299,fast_test,unweighted,0.21808862686157227
417-8,417,8,3,0,0.016348124,fast_test,unweighted,0.21808862686157227
417-9,417,9,3,0,0.07332734,fast_test,unweighted,0.21808862686157227
417-10,417,10,3,0,0.016431067,fast_test,unweighted,0.21808862686157227
417-11,417,11,3,0,0.01084518,fast_test,unweighted,0.21808862686157227
417-12,417,12,3,0,0.05355084,fast_test,unweighted,0.21808862686157227
418-0,418,0,2,0,0.0020295428,fast_test,unweighted,0.20516107976436615
418-1,418,1,2,0,0.003539877,fast_test,unweighted,0.20516107976436615
418-2,418,2,2,0,0.004638974,fast_test,unweighted,0.20516107976436615
418-3,418,3,2,0,0.007906353,fast_test,unweighted,0.20516107976436615
418-4,418,4,2,0,0.0019457383,fast_test,unweighted,0.20516107976436615
418-5,418,5,2,0,0.00347809,fast_test,unweighted,0.20516107976436615
418-6,418,6,2,0,0.001370392,fast_test,unweighted,0.20516107976436615
418-7,418,7,2,0,0.002358572,fast_test,unweighted,0.20516107976436615
418-8,418,8,2,0,0.008431475,fast_test,unweighted,0.20516107976436615
418-9,418,9,2,0,0.0072038313,fast_test,unweighted,0.20516107976436615
418-10,418,10,2,0,0.0009080678,fast_test,unweighted,0.20516107976436615
418-11,418,11,2,0,0.0008194303,fast_test,unweighted,0.20516107976436615
418-12,418,12,2,0,0.0023726625,fast_test,unweighted,0.20516107976436615
419-0,419,0,3,0,0.06151622,fast_test,unweighted,0.21808862686157227
419-1,419,1,3,0,0.032349296,fast_test,unweighted,0.21808862686157227
419-2,419,2,3,0,0.011300987,fast_test,unweighted,0.21808862686157227
419-3,419,3,3,0,0.15391544,fast_test,unweighted,0.21808862686157227
419-4,419,4,3,0,0.01927679,fast_test,unweighted,0.21808862686157227
419-5,419,5,3,0,0.08400628,fast_test,unweighted,0.21808862686157227
419-6,419,6,3,0,0.011757226,fast_test,unweighted,0.21808862686157227
419-7,419,7,3,0,0.07628737,fast_test,unweighted,0.21808862686157227
419-8,419,8,3,0,0.020156175,fast_test,unweighted,0.21808862686157227
419-9,419,9,3,0,0.06692286,fast_test,unweighted,0.21808862686157227
419-10,419,10,3,0,0.018909167,fast_test,unweighted,0.21808862686157227
419-11,419,11,3,0,0.015411949,fast_test,unweighted,0.21808862686157227
419-12,419,12,3,0,0.059627183,fast_test,unweighted,0.21808862686157227
420-0,420,0,4,0,0.017416777,fast_test,unweighted,0.30763813853263855
420-1,420,1,4,1,0.17067449,fast_test,unweighted,0.30763813853263855
420-2,420,2,4,0,0.063274115,fast_test,unweighted,0.30763813853263855
420-3,420,3,4,0,0.031141184,fast_test,unweighted,0.30763813853263855
420-4,420,4,4,0,0.009466593,fast_test,unweighted,0.30763813853263855
420-5,420,5,4,0,0.011021526,fast_test,unweighted,0.30763813853263855
420-6,420,6,4,0,0.019181695,fast_test,unweighted,0.30763813853263855
420-7,420,7,4,1,0.13719259,fast_test,unweighted,0.30763813853263855
420-8,420,8,4,0,0.027865116,fast_test,unweighted,0.30763813853263855
420-9,420,9,4,0,0.051461,fast_test,unweighted,0.30763813853263855
420-10,420,10,4,0,0.013339976,fast_test,unweighted,0.30763813853263855
420-11,420,11,4,0,0.01767782,fast_test,unweighted,0.30763813853263855
420-12,420,12,4,0,0.021351214,fast_test,unweighted,0.30763813853263855
421-0,421,0,1,0,0.18802598,fast_test,unweighted,0.20838698744773865
421-1,421,1,1,0,0.2067685,fast_test,unweighted,0.20838698744773865
421-2,421,2,1,0,0.12014808,fast_test,unweighted,0.20838698744773865
421-3,421,3,1,0,0.1400833,fast_test,unweighted,0.20838698744773865
421-4,421,4,1,0,0.059139233,fast_test,unweighted,0.20838698744773865
421-5,421,5,1,0,0.064867765,fast_test,unweighted,0.20838698744773865
421-6,421,6,1,1,0.08946515,fast_test,unweighted,0.20838698744773865
421-7,421,7,1,0,0.13898905,fast_test,unweighted,0.20838698744773865
421-8,421,8,1,0,0.08539845,fast_test,unweighted,0.20838698744773865
421-9,421,9,1,0,0.19777149,fast_test,unweighted,0.20838698744773865
421-10,421,10,1,0,0.050679766,fast_test,unweighted,0.20838698744773865
421-11,421,11,1,0,0.13069224,fast_test,unweighted,0.20838698744773865
421-12,421,12,1,0,0.11407023,fast_test,unweighted,0.20838698744773865
422-0,422,0,1,0,0.11014488,fast_test,unweighted,0.20838698744773865
422-1,422,1,1,0,0.106128275,fast_test,unweighted,0.20838698744773865
422-2,422,2,1,0,0.07006555,fast_test,unweighted,0.20838698744773865
422-3,422,3,1,0,0.07214112,fast_test,unweighted,0.20838698744773865
422-4,422,4,1,0,0.027833177,fast_test,unweighted,0.20838698744773865
422-5,422,5,1,0,0.027437665,fast_test,unweighted,0.20838698744773865
422-6,422,6,1,0,0.04187886,fast_test,unweighted,0.20838698744773865
422-7,422,7,1,0,0.07331065,fast_test,unweighted,0.20838698744773865
422-8,422,8,1,0,0.03981368,fast_test,unweighted,0.20838698744773865
422-9,422,9,1,0,0.11643248,fast_test,unweighted,0.20838698744773865
422-10,422,10,1,0,0.026044974,fast_test,unweighted,0.20838698744773865
422-11,422,11,1,0,0.06387295,fast_test,unweighted,0.20838698744773865
422-12,422,12,1,0,0.0572586,fast_test,unweighted,0.20838698744773865
423-0,423,0,3,1,0.5324075,fast_test,unweighted,0.21808862686157227
423-1,423,1,3,1,0.31395012,fast_test,unweighted,0.21808862686157227
423-2,423,2,3,0,0.0028094195,fast_test,unweighted,0.21808862686157227
423-3,423,3,3,0,0.029608473,fast_test,unweighted,0.21808862686157227
423-4,423,4,3,1,0.21856572,fast_test,unweighted,0.21808862686157227
423-5,423,5,3,0,0.011922109,fast_test,unweighted,0.21808862686157227
423-6,423,6,3,0,0.0022658221,fast_test,unweighted,0.21808862686157227
423-7,423,7,3,1,0.4392292,fast_test,unweighted,0.21808862686157227
423-8,423,8,3,0,0.002494299,fast_test,unweighted,0.21808862686157227
423-9,423,9,3,0,0.015903197,fast_test,unweighted,0.21808862686157227
423-10,423,10,3,0,0.0034952546,fast_test,unweighted,0.21808862686157227
423-11,423,11,3,0,0.0025463135,fast_test,unweighted,0.21808862686157227
423-12,423,12,3,0,0.010234826,fast_test,unweighted,0.21808862686157227
424-0,424,0,4,0,0.26112235,fast_test,unweighted,0.30763813853263855
424-1,424,1,4,0,0.27974716,fast_test,unweighted,0.30763813853263855
424-2,424,2,4,0,0.5760718,fast_test,unweighted,0.30763813853263855
424-3,424,3,4,0,0.3998924,fast_test,unweighted,0.30763813853263855
424-4,424,4,4,0,0.16194594,fast_test,unweighted,0.30763813853263855
424-5,424,5,4,0,0.14657503,fast_test,unweighted,0.30763813853263855
424-6,424,6,4,1,0.013706156,fast_test,unweighted,0.30763813853263855
424-7,424,7,4,0,0.21940354,fast_test,unweighted,0.30763813853263855
424-8,424,8,4,0,0.35571694,fast_test,unweighted,0.30763813853263855
424-9,424,9,4,0,0.52589077,fast_test,unweighted,0.30763813853263855
424-10,424,10,4,0,0.10900475,fast_test,unweighted,0.30763813853263855
424-11,424,11,4,0,0.26102644,fast_test,unweighted,0.30763813853263855
424-12,424,12,4,0,0.2967329,fast_test,unweighted,0.30763813853263855
425-0,425,0,3,0,0.015107794,fast_test,unweighted,0.21808862686157227
425-1,425,1,3,0,0.006650566,fast_test,unweighted,0.21808862686157227
425-2,425,2,3,0,0.0026678499,fast_test,unweighted,0.21808862686157227
425-3,425,3,3,0,0.026529072,fast_test,unweighted,0.21808862686157227
425-4,425,4,3,0,0.0033058,fast_test,unweighted,0.21808862686157227
425-5,425,5,3,0,0.010661942,fast_test,unweighted,0.21808862686157227
425-6,425,6,3,0,0.002024236,fast_test,unweighted,0.21808862686157227
425-7,425,7,3,0,0.010186899,fast_test,unweighted,0.21808862686157227
425-8,425,8,3,0,0.0022975556,fast_test,unweighted,0.21808862686157227
425-9,425,9,3,0,0.012769079,fast_test,unweighted,0.21808862686157227
425-10,425,10,3,0,0.0028927883,fast_test,unweighted,0.21808862686157227
425-11,425,11,3,0,0.002274891,fast_test,unweighted,0.21808862686157227
425-12,425,12,3,0,0.008142781,fast_test,unweighted,0.21808862686157227
426-0,426,0,2,0,0.0040079416,fast_test,unweighted,0.20516107976436615
426-1,426,1,2,0,0.0045584133,fast_test,unweighted,0.20516107976436615
426-2,426,2,2,0,0.007986249,fast_test,unweighted,0.20516107976436615
426-3,426,3,2,0,0.009327273,fast_test,unweighted,0.20516107976436615
426-4,426,4,2,0,0.0026408024,fast_test,unweighted,0.20516107976436615
426-5,426,5,2,1,0.33415076,fast_test,unweighted,0.20516107976436615
426-6,426,6,2,0,0.002158417,fast_test,unweighted,0.20516107976436615
426-7,426,7,2,0,0.0031641948,fast_test,unweighted,0.20516107976436615
426-8,426,8,2,0,0.011408218,fast_test,unweighted,0.20516107976436615
426-9,426,9,2,1,0.48129123,fast_test,unweighted,0.20516107976436615
426-10,426,10,2,0,0.0013653361,fast_test,unweighted,0.20516107976436615
426-11,426,11,2,0,0.0010082979,fast_test,unweighted,0.20516107976436615
426-12,426,12,2,0,0.002850239,fast_test,unweighted,0.20516107976436615
427-0,427,0,1,0,0.41430867,fast_test,unweighted,0.20838698744773865
427-1,427,1,1,0,0.44329277,fast_test,unweighted,0.20838698744773865
427-2,427,2,1,0,0.3188747,fast_test,unweighted,0.20838698744773865
427-3,427,3,1,1,0.078140326,fast_test,unweighted,0.20838698744773865
427-4,427,4,1,0,0.12725694,fast_test,unweighted,0.20838698744773865
427-5,427,5,1,0,0.15721823,fast_test,unweighted,0.20838698744773865
427-6,427,6,1,0,0.18017337,fast_test,unweighted,0.20838698744773865
427-7,427,7,1,0,0.2946621,fast_test,unweighted,0.20838698744773865
427-8,427,8,1,0,0.15389745,fast_test,unweighted,0.20838698744773865
427-9,427,9,1,0,0.36382183,fast_test,unweighted,0.20838698744773865
427-10,427,10,1,0,0.066500396,fast_test,unweighted,0.20838698744773865
427-11,427,11,1,0,0.24751721,fast_test,unweighted,0.20838698744773865
427-12,427,12,1,0,0.239724,fast_test,unweighted,0.20838698744773865
