id,case_id,rater_id,y_true,predicted_probability,fold
1-0,1,0,0,0.12169316,3
1-1,1,1,0,0.08780243,3
1-2,1,2,0,0.032327995,3
1-3,1,3,0,0.2676423,3
1-4,1,4,0,0.04404443,3
1-5,1,5,0,0.14603746,3
1-6,1,6,0,0.029457582,3
1-7,1,7,0,0.06247298,3
1-8,1,8,0,0.03206267,3
1-9,1,9,0,0.14945708,3
1-10,1,10,0,0.048614454,3
1-11,1,11,1,0.07585076,3
1-12,1,12,0,0.10111602,3
2-0,2,0,1,0.13167699,5
2-1,2,1,1,0.4114167,5
2-2,2,2,1,0.07597248,5
2-3,2,3,0,0.083390586,5
2-4,2,4,0,0.034982778,5
2-5,2,5,1,0.013163262,5
2-6,2,6,0,0.094929196,5
2-7,2,7,1,0.3361459,5
2-8,2,8,1,0.18087193,5
2-9,2,9,0,0.07576784,5
2-10,2,10,0,0.009294444,5
2-11,2,11,1,0.098411895,5
2-12,2,12,1,0.19138587,5
3-0,3,0,0,0.11440833,3
3-1,3,1,0,0.10273482,3
3-2,3,2,0,0.03020879,3
3-3,3,3,0,0.35838252,3
3-4,3,4,0,0.04118986,3
3-5,3,5,0,0.13752355,3
3-6,3,6,1,0.042110536,3
3-7,3,7,0,0.055672072,3
3-8,3,8,0,0.029639617,3
3-9,3,9,0,0.16576041,3
3-10,3,10,0,0.03758203,3
3-11,3,11,0,0.030211603,3
3-12,3,12,0,0.09492992,3
4-0,4,0,0,0.02941616,4
4-1,4,1,0,0.057547886,4
4-2,4,2,0,0.1258894,4
4-3,4,3,1,0.5896964,4
4-4,4,4,0,0.020907762,4
4-5,4,5,1,0.25825715,4
4-6,4,6,1,0.38658258,4
4-7,4,7,0,0.044980206,4
4-8,4,8,1,0.5480024,4
4-9,4,9,0,0.11855915,4
4-10,4,10,0,0.02448938,4
4-11,4,11,1,0.5277848,4
4-12,4,12,1,0.44112965,4
5-0,5,0,0,0.10868569,4
5-1,5,1,0,0.20378228,4
5-2,5,2,0,0.48802334,4
5-3,5,3,0,0.33664107,4
5-4,5,4,0,0.0871448,4
5-5,5,5,0,0.09688167,4
5-6,5,6,1,0.13381742,4
5-7,5,7,0,0.13359118,4
5-8,5,8,0,0.28319395,4
5-9,5,9,0,0.39808595,4
5-10,5,10,0,0.047633722,4
5-11,5,11,0,0.2241799,4
5-12,5,12,0,0.18599007,4
6-0,6,0,0,0.5362396,1
6-1,6,1,0,0.5750586,1
6-2,6,2,0,0.3949499,1
6-3,6,3,0,0.35591018,1
6-4,6,4,0,0.21204597,1
6-5,6,5,0,0.28368682,1
6-6,6,6,1,0.03967327,1
6-7,6,7,0,0.38934934,1
6-8,6,8,0,0.20955418,1
6-9,6,9,0,0.60714054,1
6-10,6,10,1,0.029970761,1
6-11,6,11,1,0.07252394,1
6-12,6,12,0,0.2356142,1
7-0,7,0,0,0.041452788,4
7-1,7,1,0,0.069111854,4
7-2,7,2,0,0.21495746,4
7-3,7,3,0,0.16354446,4
7-4,7,4,0,0.03217557,4
7-5,7,5,0,0.03279666,4
7-6,7,6,1,0.29953578,4
7-7,7,7,0,0.040513325,4
7-8,7,8,0,0.10439328,4
7-9,7,9,0,0.1731472,4
7-10,7,10,1,0.111858174,4
7-11,7,11,0,0.07952117,4
7-12,7,12,0,0.075320326,4
8-0,8,0,0,0.086463295,3
8-1,8,1,0,0.07999496,3
8-2,8,2,0,0.015110362,3
8-3,8,3,0,0.17263654,3
8-4,8,4,0,0.025478078,3
8-5,8,5,0,0.08746497,3
8-6,8,6,0,0.017085647,3
8-7,8,7,0,0.049124684,3
8-8,8,8,0,0.020561928,3
8-9,8,9,0,0.106871605,3
8-10,8,10,0,0.029829843,3
8-11,8,11,0,0.018415477,3
8-12,8,12,0,0.058826406,3
9-0,9,0,0,0.14449358,3
9-1,9,1,0,0.14849369,3
9-2,9,2,0,0.038775448,3
9-3,9,3,0,0.2902066,3
9-4,9,4,1,0.10317342,3
9-5,9,5,1,0.20175771,3
9-6,9,6,0,0.045095965,3
9-7,9,7,0,0.07225591,3
9-8,9,8,1,0.055450622,3
9-9,9,9,1,0.24815324,3
9-10,9,10,1,0.030497823,3
9-11,9,11,0,0.059202496,3
9-12,9,12,0,0.14594872,3
10-0,10,0,0,0.1497057,3
10-1,10,1,1,0.25381777,3
10-2,10,2,0,0.033419795,3
10-3,10,3,0,0.3827104,3
10-4,10,4,0,0.045513317,3
10-5,10,5,1,0.3060715,3
10-6,10,6,0,0.035733044,3
10-7,10,7,0,0.0937736,3
10-8,10,8,1,0.07808941,3
10-9,10,9,0,0.18253253,3
10-10,10,10,1,0.05312011,3
10-11,10,11,0,0.042916834,3
10-12,10,12,1,0.21597809,3
11-0,11,0,0,0.027725143,5
11-1,11,1,0,0.07415776,5
11-2,11,2,0,0.013863075,5
11-3,11,3,0,0.070718795,5
11-4,11,4,0,0.027658343,5
11-5,11,5,0,0.008335653,5
11-6,11,6,0,0.094929196,5
11-7,11,7,0,0.07320051,5
11-8,11,8,0,0.03849442,5
11-9,11,9,1,0.42131707,5
11-10,11,10,0,0.006980101,5
11-11,11,11,0,0.015699655,5
11-12,11,12,0,0.08405926,5
12-0,12,0,0,0.11157081,3
12-1,12,1,0,0.14701426,3
12-2,12,2,0,0.029000517,3
12-3,12,3,0,0.2439924,3
12-4,12,4,0,0.0573598,3
12-5,12,5,0,0.16067167,3
12-6,12,6,0,0.02744684,3
12-7,12,7,0,0.1365571,3
12-8,12,8,0,0.04851847,3
12-9,12,9,0,0.24392624,3
12-10,12,10,0,0.023788044,3
12-11,12,11,0,0.03702478,3
12-12,12,12,0,0.14511022,3
13-0,13,0,0,0.29686064,2
13-1,13,1,0,0.59101874,2
13-2,13,2,0,0.5719311,2
13-3,13,3,0,0.74182534,2
13-4,13,4,0,0.3439841,2
13-5,13,5,0,0.42803553,2
13-6,13,6,0,0.10942518,2
13-7,13,7,0,0.3750146,2
13-8,13,8,0,0.762783,2
13-9,13,9,0,0.7128196,2
13-10,13,10,0,0.12787366,2
13-11,13,11,0,0.1568194,2
13-12,13,12,0,0.43277082,2
14-0,14,0,0,0.06694478,4
14-1,14,1,0,0.1109804,4
14-2,14,2,0,0.27077883,4
14-3,14,3,0,0.15621954,4
14-4,14,4,0,0.04474841,4
14-5,14,5,0,0.03748904,4
14-6,14,6,0,0.09895522,4
14-7,14,7,0,0.100753896,4
14-8,14,8,0,0.1559787,4
14-9,14,9,0,0.2311701,4
14-10,14,10,0,0.047471713,4
14-11,14,11,0,0.13285959,4
14-12,14,12,0,0.13119254,4
15-0,15,0,1,0.10955736,3
15-1,15,1,1,0.09832382,3
15-2,15,2,1,0.028811773,3
15-3,15,3,1,0.38534933,3
15-4,15,4,1,0.046654057,3
15-5,15,5,1,0.13183837,3
15-6,15,6,1,0.025806092,3
15-7,15,7,1,0.08154595,3
15-8,15,8,1,0.028268155,3
15-9,15,9,0,0.36048877,3
15-10,15,10,1,0.035856646,3
15-11,15,11,1,0.03302317,3
15-12,15,12,1,0.09082015,3
16-0,16,0,0,0.13167699,5
16-1,16,1,0,0.41606036,5
16-2,16,2,0,0.098411895,5
16-3,16,3,0,0.27113855,5
16-4,16,4,0,0.18801847,5
16-5,16,5,0,0.016168984,5
16-6,16,6,0,0.4031535,5
16-7,16,7,0,0.33224696,5
16-8,16,8,0,0.1834826,5
16-9,16,9,0,0.42131707,5
16-10,16,10,0,0.009594959,5
16-11,16,11,0,0.098411895,5
16-12,16,12,0,0.26480788,5
17-0,17,0,0,0.49245358,1
17-1,17,1,0,0.5472191,1
17-2,17,2,0,0.40862575,1
17-3,17,3,1,0.102440566,1
17-4,17,4,0,0.19128343,1
17-5,17,5,1,0.0498198,1
17-6,17,6,1,0.04606004,1
17-7,17,7,0,0.32810727,1
17-8,17,8,1,0.043564286,1
17-9,17,9,0,0.63362736,1
17-10,17,10,1,0.034852263,1
17-11,17,11,1,0.08054667,1
17-12,17,12,1,0.07139891,1
18-0,18,0,0,0.25994956,5
18-1,18,1,0,0.6188536,5
18-2,18,2,0,0.23093116,5
18-3,18,3,0,0.5006528,5
18-4,18,4,0,0.3974142,5
18-5,18,5,0,0.037763707,5
18-6,18,6,0,0.7400038,5
18-7,18,7,0,0.5280151,5
18-8,18,8,0,0.41218492,5
18-9,18,9,0,0.6269871,5
18-10,18,10,0,0.027601447,5
18-11,18,11,0,0.2689448,5
18-12,18,12,0,0.59811103,5
19-0,19,0,0,0.11752064,2
19-1,19,1,0,0.2633761,2
19-2,19,2,0,0.31644192,2
19-3,19,3,0,0.33468652,2
19-4,19,4,0,0.09350428,2
19-5,19,5,0,0.117838524,2
19-6,19,6,0,0.06458712,2
19-7,19,7,0,0.06604339,2
19-8,19,8,0,0.3525813,2
19-9,19,9,0,0.373546,2
19-10,19,10,0,0.043727446,2
19-11,19,11,0,0.04980341,2
19-12,19,12,0,0.12413788,2
20-0,20,0,0,0.03319709,5
20-1,20,1,0,0.09804175,5
20-2,20,2,0,0.016246209,5
20-3,20,3,0,0.08206245,5
20-4,20,4,0,0.030414693,5
20-5,20,5,0,0.009351759,5
20-6,20,6,0,0.1409203,5
20-7,20,7,0,0.10316492,5
20-8,20,8,0,0.04572472,5
20-9,20,9,0,0.101146735,5
20-10,20,10,0,0.007973249,5
20-11,20,11,0,0.02128991,5
20-12,20,12,0,0.1033245,5
21-0,21,0,0,0.03884411,5
21-1,21,1,0,0.11210242,5
21-2,21,2,0,0.025219673,5
21-3,21,3,0,0.11401905,5
21-4,21,4,0,0.0368412,5
21-5,21,5,0,0.010251427,5
21-6,21,6,0,0.11711268,5
21-7,21,7,0,0.08164395,5
21-8,21,8,0,0.048199657,5
21-9,21,9,0,0.11427025,5
21-10,21,10,0,0.009484105,5
21-11,21,11,0,0.027907709,5
21-12,21,12,0,0.08381306,5
22-0,22,0,0,0.35649958,1
22-1,22,1,0,0.39685896,1
22-2,22,2,1,0.15222375,1
22-3,22,3,0,0.19679885,1
22-4,22,4,0,0.09723785,1
22-5,22,5,0,0.13429742,1
22-6,22,6,0,0.11209559,1
22-7,22,7,0,0.15666334,1
22-8,22,8,0,0.110690095,1
22-9,22,9,0,0.37570927,1
22-10,22,10,0,0.03887194,1
22-11,22,11,0,0.2571115,1
22-12,22,12,0,0.15509805,1
23-0,23,0,0,0.5362396,1
23-1,23,1,0,0.59274894,1
23-2,23,2,0,0.41404164,1
23-3,23,3,1,0.091148004,1
23-4,23,4,0,0.28061506,1
23-5,23,5,0,0.28368682,1
23-6,23,6,0,0.21539858,1
23-7,23,7,0,0.3740499,1
23-8,23,8,0,0.21708596,1
23-9,23,9,0,0.60714054,1
23-10,23,10,0,0.073260374,1
23-11,23,11,0,0.4294221,1
23-12,23,12,0,0.28788206,1
24-0,24,0,0,0.46659774,1
24-1,24,1,0,0.48393953,1
24-2,24,2,0,0.2969808,1
24-3,24,3,0,0.26572764,1
24-4,24,4,0,0.14325303,1
24-5,24,5,0,0.20607188,1
24-6,24,6,1,0.10128122,1
24-7,24,7,0,0.22539939,1
24-8,24,8,0,0.14314081,1
24-9,24,9,0,0.49892586,1
24-10,24,10,0,0.050167367,1
24-11,24,11,0,0.3293495,1
24-12,24,12,0,0.20431611,1
25-0,25,0,0,0.12235906,2
25-1,25,1,0,0.23175773,2
25-2,25,2,0,0.25359893,2
25-3,25,3,0,0.3679805,2
25-4,25,4,0,0.056512415,2
25-5,25,5,0,0.10327227,2
25-6,25,6,0,0.054660056,2
25-7,25,7,0,0.06685518,2
25-8,25,8,0,0.35947213,2
25-9,25,9,0,0.30838493,2
25-10,25,10,0,0.021268902,2
25-11,25,11,0,0.043354187,2
25-12,25,12,0,0.12565465,2
26-0,26,0,0,0.29439184,1
26-1,26,1,0,0.2943404,1
26-2,26,2,0,0.20201851,1
26-3,26,3,0,0.21251799,1
26-4,26,4,0,0.06569848,1
26-5,26,5,0,0.10908949,1
26-6,26,6,0,0.10602828,1
26-7,26,7,0,0.15881035,1
26-8,26,8,0,0.09357382,1
26-9,26,9,0,0.2883728,1
26-10,26,10,0,0.047299907,1
26-11,26,11,0,0.17986563,1
26-12,26,12,0,0.14564438,1
27-0,27,0,0,0.111144155,1
27-1,27,1,0,0.11419883,1
27-2,27,2,0,0.06314075,1
27-3,27,3,0,0.073796466,1
27-4,27,4,0,0.022335025,1
27-5,27,5,0,0.03594676,1
27-6,27,6,0,0.03327979,1
27-7,27,7,0,0.037444796,1
27-8,27,8,0,0.030378137,1
27-9,27,9,0,0.12040672,1
27-10,27,10,1,0.07178587,1
27-11,27,11,0,0.06259937,1
27-12,27,12,0,0.04277792,1
28-0,28,0,0,0.22480063,2
28-1,28,1,0,0.42981297,2
28-2,28,2,1,0.24488877,2
28-3,28,3,0,0.6081766,2
28-4,28,4,1,0.054294873,2
28-5,28,5,1,0.08532718,2
28-6,28,6,0,0.06411417,2
28-7,28,7,0,0.22235176,2
28-8,28,8,0,0.57979405,2
28-9,28,9,0,0.60530096,2
28-10,28,10,0,0.07395121,2
28-11,28,11,0,0.073513314,2
28-12,28,12,0,0.26105776,2
29-0,29,0,1,0.14547598,3
29-1,29,1,1,0.15335023,3
29-2,29,2,0,0.049589485,3
29-3,29,3,1,0.29184178,3
29-4,29,4,0,0.07298085,3
29-5,29,5,1,0.14242324,3
29-6,29,6,1,0.037993956,3
29-7,29,7,1,0.14021935,3
29-8,29,8,1,0.040333495,3
29-9,29,9,1,0.17570114,3
29-10,29,10,0,0.029235631,3
29-11,29,11,1,0.060413133,3
29-12,29,12,1,0.15073675,3
30-0,30,0,0,0.030092489,2
30-1,30,1,0,0.059871934,2
30-2,30,2,0,0.09359929,2
30-3,30,3,0,0.062951565,2
30-4,30,4,0,0.020115344,2
30-5,30,5,0,0.024079995,2
30-6,30,6,0,0.017807834,2
30-7,30,7,0,0.02193604,2
30-8,30,8,0,0.10973421,2
30-9,30,9,0,0.099555075,2
30-10,30,10,0,0.008654084,2
30-11,30,11,0,0.011223332,2
30-12,30,12,0,0.028910063,2
31-0,31,0,0,0.045453217,4
31-1,31,1,0,0.06561989,4
31-2,31,2,0,0.20572479,4
31-3,31,3,0,0.11563824,4
31-4,31,4,0,0.023913594,4
31-5,31,5,0,0.026449488,4
31-6,31,6,0,0.061031573,4
31-7,31,7,0,0.06076185,4
31-8,31,8,0,0.10088768,4
31-9,31,9,0,0.15842213,4
31-10,31,10,0,0.02798808,4
31-11,31,11,0,0.07682638,4
31-12,31,12,0,0.08096685,4
32-0,32,0,1,0.16116706,2
32-1,32,1,0,0.24986644,2
32-2,32,2,0,0.39483622,2
32-3,32,3,1,0.50510013,2
32-4,32,4,1,0.17201859,2
32-5,32,5,1,0.19171725,2
32-6,32,6,0,0.060925692,2
32-7,32,7,0,0.1185451,2
32-8,32,8,1,0.58882266,2
32-9,32,9,1,0.546644,2
32-10,32,10,1,0.049848963,2
32-11,32,11,1,0.062621355,2
32-12,32,12,1,0.22723457,2
33-0,33,0,0,0.23013978,3
33-1,33,1,0,0.21029203,3
33-2,33,2,0,0.05772003,3
33-3,33,3,0,0.57675487,3
33-4,33,4,0,0.10636765,3
33-5,33,5,0,0.3480512,3
33-6,33,6,0,0.051859662,3
33-7,33,7,0,0.1852945,3
33-8,33,8,0,0.08986663,3
33-9,33,9,0,0.36420062,3
33-10,33,10,1,0.047385238,3
33-11,33,11,1,0.09130688,3
33-12,33,12,1,0.25025475,3
34-0,34,0,1,0.13209511,4
34-1,34,1,1,0.28819224,4
34-2,34,2,0,0.24657796,4
34-3,34,3,1,0.38369548,4
34-4,34,4,0,0.026174657,4
34-5,34,5,1,0.09668886,4
34-6,34,6,0,0.07241427,4
34-7,34,7,0,0.0722714,4
34-8,34,8,1,0.3106856,4
34-9,34,9,1,0.5535976,4
34-10,34,10,0,0.03527465,4
34-11,34,11,1,0.3218562,4
34-12,34,12,0,0.08299727,4
35-0,35,0,0,0.039630555,4
35-1,35,1,0,0.07794907,4
35-2,35,2,0,0.20891656,4
35-3,35,3,0,0.10732294,4
35-4,35,4,0,0.024611045,4
35-5,35,5,1,0.21340324,4
35-6,35,6,1,0.2803106,4
35-7,35,7,0,0.06288333,4
35-8,35,8,1,0.48041296,4
35-9,35,9,0,0.12161561,4
35-10,35,10,1,0.10311735,4
35-11,35,11,0,0.096030876,4
35-12,35,12,0,0.072839566,4
36-0,36,0,0,0.019210406,5
36-1,36,1,1,0.723682,5
36-2,36,2,0,0.010932093,5
36-3,36,3,1,0.61390144,5
36-4,36,4,0,0.014360424,5
36-5,36,5,1,0.04261677,5
36-6,36,6,0,0.06506946,5
36-7,36,7,0,0.049799424,5
36-8,36,8,1,0.51778454,5
36-9,36,9,1,0.73055243,5
36-10,36,10,1,0.031555776,5
36-11,36,11,1,0.30256096,5
36-12,36,12,1,0.6279789,5
37-0,37,0,0,0.03595509,5
37-1,37,1,1,0.22296835,5
37-2,37,2,0,0.022754373,5
37-3,37,3,0,0.10385123,5
37-4,37,4,0,0.0366442,5
37-5,37,5,1,0.009075576,5
37-6,37,6,1,0.21926686,5
37-7,37,7,0,0.106292956,5
37-8,37,8,0,0.050106633,5
37-9,37,9,0,0.11264852,5
37-10,37,10,0,0.008213503,5
37-11,37,11,0,0.031502157,5
37-12,37,12,1,0.17639992,5
38-0,38,0,0,0.12069704,3
38-1,38,1,0,0.1084604,3
38-2,38,2,1,0.07117023,3
38-3,38,3,0,0.26608038,3
38-4,38,4,0,0.036362395,3
38-5,38,5,1,0.24251373,3
38-6,38,6,0,0.029191365,3
38-7,38,7,0,0.09012562,3
38-8,38,8,0,0.037704237,3
38-9,38,9,0,0.1992377,3
38-10,38,10,0,0.048183713,3
38-11,38,11,0,0.036701668,3
38-12,38,12,0,0.10026908,3
39-0,39,0,0,0.032953892,4
39-1,39,1,0,0.06357252,4
39-2,39,2,0,0.22068106,4
39-3,39,3,0,0.09470217,4
39-4,39,4,0,0.025096694,4
39-5,39,5,0,0.025590802,4
39-6,39,6,0,0.05627322,4
39-7,39,7,0,0.04868887,4
39-8,39,8,0,0.09485431,4
39-9,39,9,0,0.13952471,4
39-10,39,10,0,0.026389634,4
39-11,39,11,1,0.42527393,4
39-12,39,12,0,0.069338664,4
40-0,40,0,0,0.16116706,2
40-1,40,1,0,0.35796636,2
40-2,40,2,0,0.5415829,2
40-3,40,3,0,0.39395332,2
40-4,40,4,0,0.1073083,2
40-5,40,5,0,0.19171725,2
40-6,40,6,0,0.054796927,2
40-7,40,7,0,0.10944342,2
40-8,40,8,0,0.5514384,2
40-9,40,9,0,0.33388913,2
40-10,40,10,0,0.049848963,2
40-11,40,11,0,0.062621355,2
40-12,40,12,0,0.2023544,2
41-0,41,0,0,0.17691015,3
41-1,41,1,1,0.10264402,3
41-2,41,2,0,0.061781943,3
41-3,41,3,1,0.3087489,3
41-4,41,4,0,0.10031712,3
41-5,41,5,1,0.1807554,3
41-6,41,6,1,0.024060072,3
41-7,41,7,1,0.09065823,3
41-8,41,8,0,0.06081034,3
41-9,41,9,1,0.13819386,3
41-10,41,10,1,0.028859325,3
41-11,41,11,1,0.039901394,3
41-12,41,12,1,0.1233691,3
42-0,42,0,0,0.39391795,1
42-1,42,1,0,0.43564576,1
42-2,42,2,0,0.25801602,1
42-3,42,3,0,0.22327082,1
42-4,42,4,0,0.10599531,1
42-5,42,5,0,0.1760479,1
42-6,42,6,0,0.10920173,1
42-7,42,7,0,0.16428609,1
42-8,42,8,0,0.12561403,1
42-9,42,9,0,0.39327943,1
42-10,42,10,0,0.04287493,1
42-11,42,11,0,0.28544044,1
42-12,42,12,0,0.17719822,1
43-0,43,0,0,0.017185686,5
43-1,43,1,0,0.051798455,5
43-2,43,2,0,0.010803019,5
43-3,43,3,0,0.05658632,5
43-4,43,4,0,0.014360424,5
43-5,43,5,0,0.004540593,5
43-6,43,6,0,0.06506946,5
43-7,43,7,0,0.049799424,5
43-8,43,8,1,0.41218492,5
43-9,43,9,0,0.05286958,5
43-10,43,10,0,0.00426867,5
43-11,43,11,0,0.01150463,5
43-12,43,12,0,0.03984818,5
44-0,44,0,0,0.4229627,1
44-1,44,1,1,0.39289027,1
44-2,44,2,0,0.2648589,1
44-3,44,3,0,0.31831515,1
44-4,44,4,0,0.09028597,1
44-5,44,5,0,0.16619928,1
44-6,44,6,0,0.16495907,1
44-7,44,7,0,0.25463042,1
44-8,44,8,0,0.15708166,1
44-9,44,9,0,0.41551277,1
44-10,44,10,0,0.13101378,1
44-11,44,11,0,0.26384604,1
44-12,44,12,0,0.22778334,1
45-0,45,0,0,0.06461559,2
45-1,45,1,0,0.11713729,2
45-2,45,2,0,0.13490401,2
45-3,45,3,0,0.14448231,2
45-4,45,4,0,0.0275203,2
45-5,45,5,0,0.05563914,2
45-6,45,6,0,0.026594812,2
45-7,45,7,0,0.030117325,2
45-8,45,8,0,0.18181257,2
45-9,45,9,0,0.19775097,2
45-10,45,10,0,0.01757694,2
45-11,45,11,0,0.019822614,2
45-12,45,12,0,0.059448786,2
46-0,46,0,0,0.036160246,5
46-1,46,1,0,0.10703896,5
46-2,46,2,0,0.023974584,5
46-3,46,3,0,0.10671784,5
46-4,46,4,0,0.025905386,5
46-5,46,5,0,0.008337883,5
46-6,46,6,0,0.10114644,5
46-7,46,7,0,0.060606048,5
46-8,46,8,0,0.040486783,5
46-9,46,9,0,0.096734665,5
46-10,46,10,0,0.008628382,5
46-11,46,11,0,0.027252777,5
46-12,46,12,0,0.07479557,5
47-0,47,0,0,0.1519832,1
47-1,47,1,0,0.13278985,1
47-2,47,2,0,0.0689842,1
47-3,47,3,0,0.091148004,1
47-4,47,4,0,0.025818784,1
47-5,47,5,0,0.041052777,1
47-6,47,6,0,0.03967327,1
47-7,47,7,0,0.06532892,1
47-8,47,8,0,0.037509978,1
47-9,47,9,0,0.13984881,1
47-10,47,10,0,0.029970761,1
47-11,47,11,0,0.07003387,1
47-12,47,12,0,0.061725885,1
48-0,48,0,0,0.21303464,5
48-1,48,1,0,0.5555183,5
48-2,48,2,0,0.12371863,5
48-3,48,3,0,0.39381748,5
48-4,48,4,0,0.29830503,5
48-5,48,5,0,0.02174944,5
48-6,48,6,0,0.5535226,5
48-7,48,7,0,0.37170562,5
48-8,48,8,0,0.2725225,5
48-9,48,9,0,0.6185414,5
48-10,48,10,0,0.023732128,5
48-11,48,11,0,0.17014326,5
48-12,48,12,0,0.39414155,5
49-0,49,0,0,0.1254119,3
49-1,49,1,0,0.11275857,3
49-2,49,2,0,0.038636897,3
49-3,49,3,0,0.3827104,3
49-4,49,4,0,0.03792493,3
49-5,49,5,0,0.15037274,3
49-6,49,6,0,0.030455492,3
49-7,49,7,0,0.083100736,3
49-8,49,8,0,0.03314581,3
49-9,49,9,0,0.18253253,3
49-10,49,10,0,0.031510647,3
49-11,49,11,0,0.038544822,3
49-12,49,12,0,0.104280606,3
50-0,50,0,0,0.19846244,2
50-1,50,1,0,0.40000832,2
50-2,50,2,0,0.51308507,2
50-3,50,3,0,0.57340574,2
50-4,50,4,0,0.193414,2
50-5,50,5,0,0.2445149,2
50-6,50,6,0,0.06215935,2
50-7,50,7,1,0.1172464,2
50-8,50,8,1,0.39852294,2
50-9,50,9,1,0.45630762,2
50-10,50,10,0,0.06373966,2
50-11,50,11,0,0.066280365,2
50-12,50,12,0,0.23806919,2
51-0,51,0,0,0.05546122,2
51-1,51,1,0,0.10134799,2
51-2,51,2,0,0.11821881,2
51-3,51,3,0,0.11315271,2
51-4,51,4,0,0.030480862,2
51-5,51,5,0,0.03979414,2
51-6,51,6,0,0.023187635,2
51-7,51,7,0,0.02571608,2
51-8,51,8,0,0.1540346,2
51-9,51,9,0,0.17601748,2
51-10,51,10,0,0.010326062,2
51-11,51,11,0,0.017688114,2
51-12,51,12,0,0.048390422,2
52-0,52,0,1,0.017185686,5
52-1,52,1,1,0.051798455,5
52-2,52,2,0,0.25633648,5
52-3,52,3,1,0.057230763,5
52-4,52,4,1,0.016565733,5
52-5,52,5,1,0.004540593,5
52-6,52,6,0,0.7634963,5
52-7,52,7,1,0.049799424,5
52-8,52,8,0,0.44300276,5
52-9,52,9,1,0.05286958,5
52-10,52,10,0,0.052349508,5
52-11,52,11,1,0.01150463,5
52-12,52,12,0,0.6279789,5
53-0,53,0,1,0.16447635,3
53-1,53,1,0,0.10983767,3
53-2,53,2,0,0.037554774,3
53-3,53,3,1,0.5142698,3
53-4,53,4,0,0.044247463,3
53-5,53,5,1,0.3060715,3
53-6,53,6,1,0.05858845,3
53-7,53,7,1,0.14752418,3
53-8,53,8,1,0.07808941,3
53-9,53,9,0,0.20150714,3
53-10,53,10,1,0.05312011,3
53-11,53,11,1,0.086958386,3
53-12,53,12,1,0.21597809,3
54-0,54,0,0,0.14186068,3
54-1,54,1,0,0.14753023,3
54-2,54,2,0,0.03710826,3
54-3,54,3,0,0.468442,3
54-4,54,4,0,0.04908189,3
54-5,54,5,0,0.23045515,3
54-6,54,6,0,0.03521274,3
54-7,54,7,0,0.13293697,3
54-8,54,8,0,0.04314639,3
54-9,54,9,0,0.24815324,3
54-10,54,10,0,0.030497823,3
54-11,54,11,0,0.05673636,3
54-12,54,12,0,0.16653273,3
55-0,55,0,0,0.034256484,5
55-1,55,1,0,0.10490912,5
55-2,55,2,0,0.019527381,5
55-3,55,3,0,0.098348446,5
55-4,55,4,0,0.02896594,5
55-5,55,5,0,0.009658798,5
55-6,55,6,0,0.09589632,5
55-7,55,7,0,0.0882957,5
55-8,55,8,0,0.046707567,5
55-9,55,9,0,0.10695463,5
55-10,55,10,0,0.008414748,5
55-11,55,11,0,0.02218162,5
55-12,55,12,0,0.055852287,5
56-0,56,0,1,0.4634109,1
56-1,56,1,1,0.50635004,1
56-2,56,2,1,0.3160355,1
56-3,56,3,1,0.27638763,1
56-4,56,4,1,0.1361005,1
56-5,56,5,1,0.22112843,1
56-6,56,6,1,0.15479104,1
56-7,56,7,1,0.29725987,1
56-8,56,8,0,0.12544994,1
56-9,56,9,0,0.3706744,1
56-10,56,10,1,0.05775972,1
56-11,56,11,1,0.34674484,1
56-12,56,12,1,0.22249377,1
57-0,57,0,0,0.14186068,3
57-1,57,1,0,0.14989483,3
57-2,57,2,0,0.037781473,3
57-3,57,3,0,0.47309563,3
57-4,57,4,0,0.051618706,3
57-5,57,5,1,0.24197195,3
57-6,57,6,0,0.050378177,3
57-7,57,7,0,0.13293697,3
57-8,57,8,0,0.055450622,3
57-9,57,9,0,0.24815324,3
57-10,57,10,0,0.030497823,3
57-11,57,11,0,0.06602284,3
57-12,57,12,0,0.1901673,3
58-0,58,0,1,0.27979884,2
58-1,58,1,1,0.59101874,2
58-2,58,2,1,0.75695384,2
58-3,58,3,1,0.50333637,2
58-4,58,4,1,0.19531736,2
58-5,58,5,1,0.38377503,2
58-6,58,6,1,0.10942518,2
58-7,58,7,1,0.36070833,2
58-8,58,8,1,0.762783,2
58-9,58,9,1,0.70799637,2
58-10,58,10,1,0.15505219,2
58-11,58,11,1,0.1568194,2
58-12,58,12,1,0.43277082,2
59-0,59,0,1,0.19846244,2
59-1,59,1,1,0.3910441,2
59-2,59,2,1,0.5073038,2
59-3,59,3,1,0.37544608,2
59-4,59,4,1,0.13565396,2
59-5,59,5,1,0.14317411,2
59-6,59,6,1,0.06025242,2
59-7,59,7,1,0.19812924,2
59-8,59,8,1,0.56544596,2
59-9,59,9,0,0.41852972,2
59-10,59,10,1,0.05438745,2
59-11,59,11,1,0.06399729,2
59-12,59,12,1,0.20409569,2
60-0,60,0,0,0.2255659,1
60-1,60,1,0,0.24855871,1
60-2,60,2,0,0.14969361,1
60-3,60,3,0,0.18544778,1
60-4,60,4,0,0.045099743,1
60-5,60,5,0,0.09944805,1
60-6,60,6,0,0.08115769,1
60-7,60,7,1,0.22701125,1
60-8,60,8,1,0.15763946,1
60-9,60,9,0,0.20599122,1
60-10,60,10,0,0.044253644,1
60-11,60,11,1,0.29636356,1
60-12,60,12,0,0.102866195,1
61-0,61,0,0,0.313942,1
61-1,61,1,0,0.3270473,1
61-2,61,2,1,0.45825967,1
61-3,61,3,0,0.22525457,1
61-4,61,4,0,0.07082242,1
61-5,61,5,0,0.13068503,1
61-6,61,6,0,0.11671005,1
61-7,61,7,1,0.36111915,1
61-8,61,8,0,0.09571177,1
61-9,61,9,0,0.40423924,1
61-10,61,10,1,0.06643745,1
61-11,61,11,1,0.41197282,1
61-12,61,12,0,0.13712253,1
62-0,62,0,0,0.020461597,5
62-1,62,1,0,0.05782668,5
62-2,62,2,0,0.012121255,5
62-3,62,3,0,0.060939495,5
62-4,62,4,0,0.017107153,5
62-5,62,5,0,0.0050985944,5
62-6,62,6,0,0.07252402,5
62-7,62,7,0,0.055608634,5
62-8,62,8,0,0.026070677,5
62-9,62,9,0,0.0590147,5
62-10,62,10,0,0.0047934107,5
62-11,62,11,1,0.29348895,5
62-12,62,12,0,0.045064885,5
63-0,63,0,0,0.14042453,1
63-1,63,1,0,0.12160053,1
63-2,63,2,0,0.066365585,1
63-3,63,3,0,0.07966477,1
63-4,63,4,0,0.023588337,1
63-5,63,5,0,0.040605053,1
63-6,63,6,0,0.03656315,1
63-7,63,7,0,0.060333896,1
63-8,63,8,0,0.03361103,1
63-9,63,9,0,0.1281526,1
63-10,63,10,0,0.027556079,1
63-11,63,11,0,0.0609175,1
63-12,63,12,0,0.056989636,1
64-0,64,0,0,0.030626733,5
64-1,64,1,0,0.08983598,5
64-2,64,2,0,0.02331726,5
64-3,64,3,0,0.10681741,5
64-4,64,4,0,0.024655726,5
64-5,64,5,1,0.025766,5
64-6,64,6,1,0.6399179,5
64-7,64,7,0,0.08498552,5
64-8,64,8,0,0.04211286,5
64-9,64,9,0,0.11446691,5
64-10,64,10,1,0.021470446,5
64-11,64,11,1,0.21978454,5
64-12,64,12,0,0.07194006,5
65-0,65,0,0,0.09232854,2
65-1,65,1,0,0.18931836,2
65-2,65,2,0,0.2747372,2
65-3,65,3,0,0.21871953,2
65-4,65,4,0,0.04630386,2
65-5,65,5,0,0.0885375,2
65-6,65,6,0,0.048215937,2
65-7,65,7,0,0.038612198,2
65-8,65,8,0,0.33599567,2
65-9,65,9,1,0.7135052,2
65-10,65,10,0,0.026167592,2
65-11,65,11,0,0.037377227,2
65-12,65,12,0,0.11061528,2
66-0,66,0,0,0.10249392,4
66-1,66,1,0,0.25433287,4
66-2,66,2,0,0.5481187,4
66-3,66,3,0,0.3101463,4
66-4,66,4,0,0.08628602,4
66-5,66,5,0,0.116500705,4
66-6,66,6,1,0.14988586,4
66-7,66,7,0,0.11643072,4
66-8,66,8,0,0.3449217,4
66-9,66,9,0,0.5071006,4
66-10,66,10,0,0.055105917,4
66-11,66,11,0,0.28842628,4
66-12,66,12,0,0.23084585,4
67-0,67,0,0,0.030169174,4
67-1,67,1,0,0.051337633,4
67-2,67,2,0,0.1482084,4
67-3,67,3,0,0.095215745,4
67-4,67,4,0,0.018144911,4
67-5,67,5,0,0.023114128,4
67-6,67,6,1,0.40080157,4
67-7,67,7,0,0.042134188,4
67-8,67,8,1,0.5480024,4
67-9,67,9,0,0.14059795,4
67-10,67,10,1,0.15021516,4
67-11,67,11,1,0.5277848,4
67-12,67,12,0,0.05078939,4
68-0,68,0,0,0.07099892,3
68-1,68,1,0,0.060985506,3
68-2,68,2,0,0.022573153,3
68-3,68,3,0,0.1703668,3
68-4,68,4,0,0.020978712,3
68-5,68,5,0,0.08364851,3
68-6,68,6,0,0.016285319,3
68-7,68,7,0,0.0468952,3
68-8,68,8,0,0.013615251,3
68-9,68,9,0,0.10230328,3
68-10,68,10,0,0.021681549,3
68-11,68,11,0,0.021766527,3
68-12,68,12,0,0.05618264,3
69-0,69,0,0,0.11440833,3
69-1,69,1,0,0.10273482,3
69-2,69,2,0,0.03020879,3
69-3,69,3,0,0.35838252,3
69-4,69,4,0,0.03429642,3
69-5,69,5,1,0.31779316,3
69-6,69,6,0,0.02752119,3
69-7,69,7,0,0.08527539,3
69-8,69,8,0,0.030316526,3
69-9,69,9,0,0.18973991,3
69-10,69,10,0,0.04547778,3
69-11,69,11,0,0.03461711,3
69-12,69,12,1,0.1632706,3
70-0,70,0,1,0.21046504,1
70-1,70,1,1,0.19122703,1
70-2,70,2,1,0.111367755,1
70-3,70,3,0,0.39615056,1
70-4,70,4,0,0.17325233,1
70-5,70,5,0,0.22090575,1
70-6,70,6,0,0.20320036,1
70-7,70,7,0,0.37197036,1
70-8,70,8,0,0.20481728,1
70-9,70,9,1,0.2276317,1
70-10,70,10,0,0.0640876,1
70-11,70,11,0,0.41145977,1
70-12,70,12,0,0.28902018,1
71-0,71,0,0,0.030092489,2
71-1,71,1,0,0.059871934,2
71-2,71,2,0,0.1022713,2
71-3,71,3,0,0.09764021,2
71-4,71,4,0,0.014972178,2
71-5,71,5,0,0.026303936,2
71-6,71,6,0,0.018062953,2
71-7,71,7,0,0.017163962,2
71-8,71,8,0,0.13251978,2
71-9,71,9,1,0.7199561,2
71-10,71,10,0,0.010774942,2
71-11,71,11,0,0.011223332,2
71-12,71,12,0,0.034719937,2
72-0,72,0,0,0.34602934,5
72-1,72,1,1,0.05782668,5
72-2,72,2,0,0.29348895,5
72-3,72,3,0,0.60146356,5
72-4,72,4,0,0.4152097,5
72-5,72,5,0,0.041532725,5
72-6,72,6,0,0.713887,5
72-7,72,7,0,0.6516189,5
72-8,72,8,0,0.5047482,5
72-9,72,9,1,0.0590147,5
72-10,72,10,0,0.042671386,5
72-11,72,11,0,0.29348895,5
72-12,72,12,0,0.62693363,5
73-0,73,0,0,0.33884883,1
73-1,73,1,0,0.34864455,1
73-2,73,2,0,0.2086909,1
73-3,73,3,0,0.22175923,1
73-4,73,4,0,0.07415265,1
73-5,73,5,0,0.13707088,1
73-6,73,6,0,0.11631608,1
73-7,73,7,0,0.14547423,1
73-8,73,8,0,0.11509841,1
73-9,73,9,0,0.32011506,1
73-10,73,10,0,0.055311374,1
73-11,73,11,0,0.22174828,1
73-12,73,12,0,0.1797675,1
74-0,74,0,0,0.063150555,4
74-1,74,1,0,0.141833,4
74-2,74,2,0,0.34270078,4
74-3,74,3,0,0.16473249,4
74-4,74,4,0,0.03584505,4
74-5,74,5,0,0.060058005,4
74-6,74,6,0,0.11061232,4
74-7,74,7,0,0.0735735,4
74-8,74,8,0,0.18969263,4
74-9,74,9,0,0.28260255,4
74-10,74,10,0,0.028606111,4
74-11,74,11,0,0.1697766,4
74-12,74,12,0,0.11986977,4
75-0,75,0,0,0.1254119,3
75-1,75,1,0,0.11275857,3
75-2,75,2,0,0.033419795,3
75-3,75,3,0,0.3350454,3
75-4,75,4,0,0.03792493,3
75-5,75,5,0,0.17470986,3
75-6,75,6,0,0.030455492,3
75-7,75,7,0,0.0937736,3
75-8,75,8,1,0.06271904,3
75-9,75,9,1,0.34799558,3
75-10,75,10,0,0.05022775,3
75-11,75,11,0,0.038544822,3
75-12,75,12,0,0.104280606,3
76-0,76,0,0,0.03319709,5
76-1,76,1,0,0.09804175,5
76-2,76,2,0,0.016055409,5
76-3,76,3,0,0.08206245,5
76-4,76,4,0,0.030414693,5
76-5,76,5,0,0.009351759,5
76-6,76,6,0,0.13251634,5
76-7,76,7,0,0.10316492,5
76-8,76,8,0,0.047803763,5
76-9,76,9,0,0.08984555,5
76-10,76,10,0,0.011325356,5
76-11,76,11,0,0.02128991,5
76-12,76,12,0,0.1033245,5
77-0,77,0,1,0.11440833,3
77-1,77,1,1,0.10273482,3
77-2,77,2,0,0.046155225,3
77-3,77,3,0,0.5278992,3
77-4,77,4,1,0.03429642,3
77-5,77,5,1,0.13752355,3
77-6,77,6,0,0.04130498,3
77-7,77,7,0,0.15452605,3
77-8,77,8,0,0.078190014,3
77-9,77,9,1,0.16576041,3
77-10,77,10,1,0.03758203,3
77-11,77,11,1,0.030211603,3
77-12,77,12,1,0.09492992,3
78-0,78,0,0,0.5828798,1
78-1,78,1,1,0.34940898,1
78-2,78,2,0,0.37698328,1
78-3,78,3,0,0.3837359,1
78-4,78,4,0,0.18964763,1
78-5,78,5,0,0.24992539,1
78-6,78,6,1,0.11969904,1
78-7,78,7,0,0.3110248,1
78-8,78,8,0,0.19519457,1
78-9,78,9,1,0.36316094,1
78-10,78,10,0,0.07268983,1
78-11,78,11,1,0.1933906,1
78-12,78,12,0,0.29936948,1
79-0,79,0,0,0.10955736,3
79-1,79,1,0,0.09832382,3
79-2,79,2,0,0.035741046,3
79-3,79,3,0,0.34724307,3
79-4,79,4,0,0.0393056,3
79-5,79,5,0,0.13183837,3
79-6,79,6,0,0.026245099,3
79-7,79,7,0,0.08154595,3
79-8,79,8,0,0.033928808,3
79-9,79,9,0,0.15912332,3
79-10,79,10,0,0.026643286,3
79-11,79,11,0,0.03302317,3
79-12,79,12,0,0.09082015,3
80-0,80,0,1,0.32571536,1
80-1,80,1,1,0.39289027,1
80-2,80,2,0,0.054020416,1
80-3,80,3,0,0.06635362,1
80-4,80,4,0,0.018097378,1
80-5,80,5,1,0.14770158,1
80-6,80,6,0,0.029213756,1
80-7,80,7,0,0.04844675,1
80-8,80,8,0,0.026708106,1
80-9,80,9,0,0.10486824,1
80-10,80,10,1,0.032636072,1
80-11,80,11,0,0.048305154,1
80-12,80,12,1,0.16071475,1
81-0,81,0,0,0.32394058,1
81-1,81,1,0,0.2943404,1
81-2,81,2,0,0.15919589,1
81-3,81,3,0,0.19625002,1
81-4,81,4,0,0.06044945,1
81-5,81,5,0,0.10908949,1
81-6,81,6,0,0.09629599,1
81-7,81,7,0,0.15881035,1
81-8,81,8,0,0.08758567,1
81-9,81,9,0,0.26059213,1
81-10,81,10,0,0.049208745,1
81-11,81,11,0,0.17986563,1
81-12,81,12,0,0.1388128,1
82-0,82,0,0,0.020461597,5
82-1,82,1,0,0.05782668,5
82-2,82,2,0,0.012121255,5
82-3,82,3,0,0.06384861,5
82-4,82,4,0,0.017107153,5
82-5,82,5,0,0.0050985944,5
82-6,82,6,1,0.713887,5
82-7,82,7,0,0.055608634,5
82-8,82,8,1,0.5047482,5
82-9,82,9,0,0.0590147,5
82-10,82,10,0,0.0047934107,5
82-11,82,11,0,0.013529475,5
82-12,82,12,0,0.053816915,5
83-0,83,0,0,0.11507163,3
83-1,83,1,0,0.09950813,3
83-2,83,2,0,0.02876914,3
83-3,83,3,0,0.3478745,3
83-4,83,4,0,0.041114327,3
83-5,83,5,0,0.1358406,3
83-6,83,6,0,0.02732142,3
83-7,83,7,0,0.08502473,3
83-8,83,8,0,0.030979075,3
83-9,83,9,0,0.1667138,3
83-10,83,10,0,0.029045574,3
83-11,83,11,0,0.03430591,3
83-12,83,12,0,0.11550353,3
84-0,84,0,0,0.020461597,5
84-1,84,1,0,0.05782668,5
84-2,84,2,1,0.30161813,5
84-3,84,3,1,0.60146356,5
84-4,84,4,0,0.018573964,5
84-5,84,5,0,0.0050985944,5
84-6,84,6,1,0.713887,5
84-7,84,7,0,0.055608634,5
84-8,84,8,1,0.4301697,5
84-9,84,9,0,0.056187436,5
84-10,84,10,1,0.029652262,5
84-11,84,11,0,0.013529475,5
84-12,84,12,1,0.62693363,5
85-0,85,0,0,0.4229627,1
85-1,85,1,0,0.42025352,1
85-2,85,2,0,0.2648589,1
85-3,85,3,0,0.31831515,1
85-4,85,4,0,0.09963142,1
85-5,85,5,0,0.16619928,1
85-6,85,6,0,0.16495907,1
85-7,85,7,0,0.2504997,1
85-8,85,8,0,0.15708166,1
85-9,85,9,0,0.40839913,1
85-10,85,10,0,0.12091867,1
85-11,85,11,0,0.26384604,1
85-12,85,12,0,0.24330473,1
86-0,86,0,0,0.28041956,1
86-1,86,1,0,0.28381455,1
86-2,86,2,1,0.34552446,1
86-3,86,3,0,0.20407195,1
86-4,86,4,0,0.06262341,1
86-5,86,5,0,0.104210004,1
86-6,86,6,0,0.0936543,1
86-7,86,7,1,0.28232738,1
86-8,86,8,0,0.09393572,1
86-9,86,9,0,0.34147924,1
86-10,86,10,0,0.052669965,1
86-11,86,11,0,0.17073952,1
86-12,86,12,0,0.15593399,1
87-0,87,0,0,0.07482522,4
87-1,87,1,0,0.1749615,4
87-2,87,2,0,0.40083268,4
87-3,87,3,0,0.18543911,4
87-4,87,4,0,0.044158436,4
87-5,87,5,0,0.056422073,4
87-6,87,6,0,0.11567754,4
87-7,87,7,0,0.13543151,4
87-8,87,8,0,0.22785763,4
87-9,87,9,0,0.33574727,4
87-10,87,10,0,0.03486475,4
87-11,87,11,0,0.17569162,4
87-12,87,12,0,0.14529103,4
88-0,88,0,0,0.09226009,5
88-1,88,1,0,0.32685152,5
88-2,88,2,0,0.07424104,5
88-3,88,3,0,0.2145663,5
88-4,88,4,0,0.12379692,5
88-5,88,5,0,0.013110889,5
88-6,88,6,1,0.13588566,5
88-7,88,7,1,0.08239566,5
88-8,88,8,0,0.16187873,5
88-9,88,9,1,0.15201364,5
88-10,88,10,0,0.009481951,5
88-11,88,11,0,0.10026344,5
88-12,88,12,0,0.20329344,5
89-0,89,0,0,0.2543376,1
89-1,89,1,0,0.27920592,1
89-2,89,2,0,0.150063,1
89-3,89,3,0,0.17928316,1
89-4,89,4,0,0.0524102,1
89-5,89,5,0,0.10217973,1
89-6,89,6,1,0.14046592,1
89-7,89,7,0,0.13003829,1
89-8,89,8,1,0.1518223,1
89-9,89,9,0,0.2914325,1
89-10,89,10,1,0.039530702,1
89-11,89,11,0,0.1701746,1
89-12,89,12,0,0.13528076,1
90-0,90,0,0,0.14449358,3
90-1,90,1,0,0.17787986,3
90-2,90,2,0,0.052735478,3
90-3,90,3,0,0.3646903,3
90-4,90,4,0,0.07424428,3
90-5,90,5,0,0.19998582,3
90-6,90,6,1,0.050378177,3
90-7,90,7,0,0.13407797,3
90-8,90,8,0,0.05161099,3
90-9,90,9,0,0.24609955,3
90-10,90,10,0,0.032514796,3
90-11,90,11,1,0.06602284,3
90-12,90,12,0,0.17565833,3
91-0,91,0,1,0.11426357,3
91-1,91,1,0,0.17793275,3
91-2,91,2,0,0.045738913,3
91-3,91,3,0,0.4183475,3
91-4,91,4,0,0.06651549,3
91-5,91,5,0,0.17399509,3
91-6,91,6,0,0.06112727,3
91-7,91,7,0,0.11447761,3
91-8,91,8,0,0.04096596,3
91-9,91,9,0,0.20499118,3
91-10,91,10,1,0.027023083,3
91-11,91,11,0,0.07982943,3
91-12,91,12,1,0.11138633,3
92-0,92,0,0,0.04255162,5
92-1,92,1,0,0.15069601,5
92-2,92,2,0,0.03231988,5
92-3,92,3,0,0.16691217,5
92-4,92,4,0,0.053455193,5
92-5,92,5,1,0.010212756,5
92-6,92,6,0,0.14907089,5
92-7,92,7,0,0.11982614,5
92-8,92,8,1,0.08129821,5
92-9,92,9,0,0.11997215,5
92-10,92,10,0,0.009208822,5
92-11,92,11,0,0.043848705,5
92-12,92,12,0,0.15541893,5
93-0,93,0,0,0.03884411,5
93-1,93,1,0,0.11210242,5
93-2,93,2,0,0.023536276,5
93-3,93,3,0,0.11401905,5
93-4,93,4,0,0.032024585,5
93-5,93,5,0,0.010251427,5
93-6,93,6,0,0.13098414,5
93-7,93,7,0,0.101932175,5
93-8,93,8,0,0.048199657,5
93-9,93,9,0,0.11427025,5
93-10,93,10,1,0.019047799,5
93-11,93,11,0,0.027907709,5
93-12,93,12,0,0.08381306,5
94-0,94,0,0,0.13602011,1
94-1,94,1,0,0.14619479,1
94-2,94,2,1,0.50520694,1
94-3,94,3,0,0.100958034,1
94-4,94,4,0,0.02157684,1
94-5,94,5,0,0.04574252,1
94-6,94,6,0,0.044207677,1
94-7,94,7,0,0.06265244,1
94-8,94,8,1,0.28295022,1
94-9,94,9,0,0.11888865,1
94-10,94,10,0,0.029241614,1
94-11,94,11,0,0.0819792,1
94-12,94,12,0,0.056641873,1
95-0,95,0,1,0.17036738,2
95-1,95,1,0,0.22162493,2
95-2,95,2,0,0.30704498,2
95-3,95,3,1,0.39940944,2
95-4,95,4,0,0.052466903,2
95-5,95,5,1,0.22535197,2
95-6,95,6,1,0.054796927,2
95-7,95,7,0,0.10310629,2
95-8,95,8,1,0.5514384,2
95-9,95,9,1,0.39428505,2
95-10,95,10,1,0.060211856,2
95-11,95,11,1,0.062621355,2
95-12,95,12,0,0.13618006,2
96-0,96,0,1,0.032953892,4
96-1,96,1,1,0.06357252,4
96-2,96,2,1,0.20192046,4
96-3,96,3,1,0.1315178,4
96-4,96,4,1,0.020410985,4
96-5,96,5,1,0.025590802,4
96-6,96,6,1,0.05627322,4
96-7,96,7,1,0.03451975,4
96-8,96,8,1,0.09485431,4
96-9,96,9,1,0.13952471,4
96-10,96,10,1,0.030522188,4
96-11,96,11,1,0.0793631,4
96-12,96,12,0,0.41653723,4
97-0,97,0,0,0.11150767,4
97-1,97,1,0,0.25510252,4
97-2,97,2,0,0.52435076,4
97-3,97,3,0,0.38511935,4
97-4,97,4,0,0.10540318,4
97-5,97,5,0,0.11691862,4
97-6,97,6,0,0.19586927,4
97-7,97,7,0,0.1313975,4
97-8,97,8,0,0.32053035,4
97-9,97,9,1,0.4973597,4
97-10,97,10,1,0.05658123,4
97-11,97,11,0,0.28492993,4
97-12,97,12,0,0.22900207,4
98-0,98,0,0,0.26959875,1
98-1,98,1,1,0.49680582,1
98-2,98,2,0,0.13056056,1
98-3,98,3,0,0.14488673,1
98-4,98,4,0,0.040310558,1
98-5,98,5,0,0.07546477,1
98-6,98,6,0,0.06681875,1
98-7,98,7,0,0.11018051,1
98-8,98,8,0,0.07680501,1
98-9,98,9,0,0.2485626,1
98-10,98,10,0,0.045339614,1
98-11,98,11,0,0.122093916,1
98-12,98,12,1,0.23569877,1
99-0,99,0,0,0.34696594,1
99-1,99,1,0,0.4321677,1
99-2,99,2,0,0.24819918,1
99-3,99,3,0,0.2870164,1
99-4,99,4,0,0.09384163,1
99-5,99,5,1,0.1686982,1
99-6,99,6,0,0.1498232,1
99-7,99,7,0,0.2062812,1
99-8,99,8,0,0.12382955,1
99-9,99,9,0,0.38064384,1
99-10,99,10,0,0.06540055,1
99-11,99,11,0,0.24577403,1
99-12,99,12,0,0.20812632,1
100-0,100,0,0,0.12169316,3
100-1,100,1,0,0.13139516,3
100-2,100,2,0,0.038362738,3
100-3,100,3,1,0.5142698,3
100-4,100,4,1,0.13356072,3
100-5,100,5,0,0.17614383,3
100-6,100,6,1,0.061077695,3
100-7,100,7,0,0.090895556,3
100-8,100,8,1,0.06436827,3
100-9,100,9,0,0.17746371,3
100-10,100,10,0,0.05070276,3
100-11,100,11,1,0.09352009,3
100-12,100,12,1,0.22356632,3
101-0,101,0,0,0.065341786,4
101-1,101,1,0,0.088401206,4
101-2,101,2,0,0.26343325,4
101-3,101,3,0,0.14854598,4
101-4,101,4,0,0.02918063,4
101-5,101,5,0,0.040295355,4
101-6,101,6,0,0.07950723,4
101-7,101,7,0,0.075549476,4
101-8,101,8,0,0.12213659,4
101-9,101,9,0,0.19291091,4
101-10,101,10,0,0.041409675,4
101-11,101,11,0,0.10636185,4
101-12,101,12,0,0.10437353,4
102-0,102,0,0,0.036024988,4
102-1,102,1,0,0.07042883,4
102-2,102,2,1,0.70277184,4
102-3,102,3,1,0.5232032,4
102-4,102,4,1,0.19737133,4
102-5,102,5,0,0.03224116,4
102-6,102,6,0,0.060760047,4
102-7,102,7,0,0.05875477,4
102-8,102,8,1,0.4980996,4
102-9,102,9,0,0.17515983,4
102-10,102,10,1,0.09816009,4
102-11,102,11,1,0.44993487,4
102-12,102,12,0,0.08475948,4
103-0,103,0,0,0.34792295,1
103-1,103,1,0,0.33534852,1
103-2,103,2,1,0.39914033,1
103-3,103,3,0,0.27458948,1
103-4,103,4,0,0.0777041,1
103-5,103,5,1,0.25811657,1
103-6,103,6,0,0.1392982,1
103-7,103,7,0,0.1816562,1
103-8,103,8,0,0.13050506,1
103-9,103,9,0,0.34884375,1
103-10,103,10,1,0.075507544,1
103-11,103,11,1,0.38768038,1
103-12,103,12,0,0.20365079,1
104-0,104,0,0,0.069163136,4
104-1,104,1,0,0.16765629,4
104-2,104,2,0,0.38766554,4
104-3,104,3,0,0.17895675,4
104-4,104,4,1,0.06723781,4
104-5,104,5,0,0.04569846,4
104-6,104,6,0,0.1217364,4
104-7,104,7,0,0.16324067,4
104-8,104,8,0,0.24191724,4
104-9,104,9,0,0.26756397,4
104-10,104,10,0,0.034486003,4
104-11,104,11,1,0.17819792,4
104-12,104,12,0,0.13086738,4
105-0,105,0,0,0.017716257,5
105-1,105,1,0,0.051798455,5
105-2,105,2,0,0.010803019,5
105-3,105,3,0,0.053057343,5
105-4,105,4,0,0.014805064,5
105-5,105,5,0,0.0043260437,5
105-6,105,6,0,0.06506946,5
105-7,105,7,0,0.049799424,5
105-8,105,8,0,0.020838384,5
105-9,105,9,0,0.05278842,5
105-10,105,10,0,0.004154754,5
105-11,105,11,0,0.01150463,5
105-12,105,12,0,0.040310126,5
106-0,106,0,0,0.16926727,3
106-1,106,1,0,0.17932622,3
106-2,106,2,0,0.06547341,3
106-3,106,3,0,0.5278992,3
106-4,106,4,0,0.06710762,3
106-5,106,5,0,0.24197021,3
106-6,106,6,0,0.04130498,3
106-7,106,7,0,0.15452605,3
106-8,106,8,0,0.06505387,3
106-9,106,9,0,0.28162348,3
106-10,106,10,0,0.04857959,3
106-11,106,11,0,0.08052987,3
106-12,106,12,0,0.22537003,3
107-0,107,0,0,0.19384225,3
107-1,107,1,0,0.18456444,3
107-2,107,2,0,0.03579524,3
107-3,107,3,0,0.37569657,3
107-4,107,4,0,0.06499232,3
107-5,107,5,0,0.19517846,3
107-6,107,6,0,0.04516574,3
107-7,107,7,0,0.1319267,3
107-8,107,8,0,0.047454264,3
107-9,107,9,0,0.17805685,3
107-10,107,10,0,0.042141724,3
107-11,107,11,0,0.07091369,3
107-12,107,12,0,0.17381853,3
108-0,108,0,0,0.07875972,4
108-1,108,1,0,0.24073565,4
108-2,108,2,0,0.46703395,4
108-3,108,3,0,0.19113751,4
108-4,108,4,0,0.060074236,4
108-5,108,5,0,0.069732495,4
108-6,108,6,0,0.13752079,4
108-7,108,7,0,0.12243884,4
108-8,108,8,0,0.30347475,4
108-9,108,9,0,0.24959,4
108-10,108,10,0,0.024719348,4
108-11,108,11,1,0.28492993,4
108-12,108,12,0,0.17067589,4
109-0,109,0,0,0.16793598,3
109-1,109,1,1,0.1522609,3
109-2,109,2,0,0.045738913,3
109-3,109,3,0,0.52050364,3
109-4,109,4,0,0.06651549,3
109-5,109,5,0,0.24023248,3
109-6,109,6,0,0.04093054,3
109-7,109,7,0,0.1532893,3
109-8,109,8,0,0.06313208,3
109-9,109,9,0,0.27970603,3
109-10,109,10,0,0.03257676,3
109-11,109,11,0,0.07982943,3
109-12,109,12,0,0.16197728,3
110-0,110,0,0,0.15032732,3
110-1,110,1,0,0.15989837,3
110-2,110,2,0,0.042170826,3
110-3,110,3,0,0.37811407,3
110-4,110,4,0,0.08070194,3
110-5,110,5,0,0.26487577,3
110-6,110,6,0,0.039426357,3
110-7,110,7,0,0.14492509,3
110-8,110,8,0,0.05732253,3
110-9,110,9,0,0.18134649,3
110-10,110,10,0,0.035005886,3
110-11,110,11,0,0.065637,3
110-12,110,12,0,0.19216469,3
111-0,111,0,0,0.3833497,1
111-1,111,1,0,0.4247425,1
111-2,111,2,0,0.2672002,1
111-3,111,3,0,0.2828989,1
111-4,111,4,0,0.11633534,1
111-5,111,5,0,0.16968831,1
111-6,111,6,0,0.124087766,1
111-7,111,7,0,0.17249712,1
111-8,111,8,0,0.15571769,1
111-9,111,9,0,0.4394566,1
111-10,111,10,0,0.052288495,1
111-11,111,11,0,0.3030619,1
111-12,111,12,1,0.13625985,1
112-0,112,0,0,0.14349948,2
112-1,112,1,0,0.30637494,2
112-2,112,2,0,0.41256914,2
112-3,112,3,0,0.42922595,2
112-4,112,4,0,0.077244855,2
112-5,112,5,0,0.16371952,2
112-6,112,6,0,0.071286626,2
112-7,112,7,0,0.09361679,2
112-8,112,8,1,0.6129626,2
112-9,112,9,0,0.41467273,2
112-10,112,10,1,0.06567046,2
112-11,112,11,0,0.06980025,2
112-12,112,12,0,0.19378003,2
113-0,113,0,0,0.020461597,5
113-1,113,1,0,0.05782668,5
113-2,113,2,0,0.012008442,5
113-3,113,3,0,0.060939495,5
113-4,113,4,0,0.017107153,5
113-5,113,5,0,0.0050069955,5
113-6,113,6,0,0.08183747,5
113-7,113,7,0,0.049475443,5
113-8,113,8,0,0.023352243,5
113-9,113,9,0,0.056187436,5
113-10,113,10,1,0.042671386,5
113-11,113,11,0,0.013529475,5
113-12,113,12,0,0.044550978,5
114-0,114,0,0,0.14079654,2
114-1,114,1,0,0.33052188,2
114-2,114,2,0,0.4670121,2
114-3,114,3,0,0.3566707,2
114-4,114,4,0,0.09420886,2
114-5,114,5,0,0.17234786,2
114-6,114,6,0,0.04758101,2
114-7,114,7,0,0.09877424,2
114-8,114,8,1,0.39090365,2
114-9,114,9,0,0.4720941,2
114-10,114,10,0,0.05368664,2
114-11,114,11,0,0.05585053,2
114-12,114,12,0,0.18343173,2
115-0,115,0,0,0.1548069,3
115-1,115,1,0,0.1659948,3
115-2,115,2,0,0.04244073,3
115-3,115,3,0,0.39850643,3
115-4,115,4,0,0.05447606,3
115-5,115,5,0,0.15193523,3
115-6,115,6,0,0.039851382,3
115-7,115,7,0,0.106301226,3
115-8,115,8,0,0.059700616,3
115-9,115,9,0,0.1444988,3
115-10,115,10,0,0.04462926,3
115-11,115,11,0,0.07053391,3
115-12,115,12,0,0.16060323,3
116-0,116,0,1,0.5695971,1
116-1,116,1,1,0.6171364,1
116-2,116,2,1,0.43634814,1
116-3,116,3,0,0.20268047,1
116-4,116,4,0,0.0747524,1
116-5,116,5,0,0.10266164,1
116-6,116,6,1,0.23399018,1
116-7,116,7,0,0.123812065,1
116-8,116,8,1,0.2218232,1
116-9,116,9,0,0.30665573,1
116-10,116,10,1,0.08641374,1
116-11,116,11,0,0.15110914,1
116-12,116,12,1,0.33531702,1
117-0,117,0,0,0.051511563,2
117-1,117,1,0,0.1162103,2
117-2,117,2,0,0.16226737,2
117-3,117,3,0,0.11315271,2
117-4,117,4,0,0.029993922,2
117-5,117,5,0,0.03837891,2
117-6,117,6,0,0.021875262,2
117-7,117,7,0,0.034937434,2
117-8,117,8,0,0.15655816,2
117-9,117,9,0,0.14012143,2
117-10,117,10,0,0.01350316,2
117-11,117,11,0,0.01661233,2
117-12,117,12,0,0.049193658,2
118-0,118,0,0,0.02941616,4
118-1,118,1,0,0.050083544,4
118-2,118,2,0,0.16279648,4
118-3,118,3,1,0.61796695,4
118-4,118,4,0,0.01768654,4
118-5,118,5,0,0.019988855,4
118-6,118,6,0,0.045959882,4
118-7,118,7,0,0.044980206,4
118-8,118,8,1,0.5845376,4
118-9,118,9,0,0.087179475,4
118-10,118,10,0,0.02103013,4
118-11,118,11,0,0.061491836,4
118-12,118,12,0,0.04954799,4
119-0,119,0,0,0.44540045,1
119-1,119,1,0,0.48393953,1
119-2,119,2,0,0.2679364,1
119-3,119,3,0,0.33379814,1
119-4,119,4,0,0.14325303,1
119-5,119,5,0,0.20607188,1
119-6,119,6,0,0.15136464,1
119-7,119,7,0,0.21216069,1
119-8,119,8,0,0.14314081,1
119-9,119,9,0,0.5719245,1
119-10,119,10,0,0.04629368,1
119-11,119,11,0,0.3293495,1
119-12,119,12,0,0.25114623,1
120-0,120,0,0,0.07333445,3
120-1,120,1,1,0.2499054,3
120-2,120,2,1,0.058035713,3
120-3,120,3,0,0.24508397,3
120-4,120,4,1,0.1195626,3
120-5,120,5,0,0.09676681,3
120-6,120,6,0,0.017439658,3
120-7,120,7,0,0.05546252,3
120-8,120,8,0,0.019509226,3
120-9,120,9,0,0.09357362,3
120-10,120,10,0,0.031313784,3
120-11,120,11,0,0.021227485,3
120-12,120,12,0,0.073837,3
121-0,121,0,0,0.08425145,2
121-1,121,1,0,0.17013597,2
121-2,121,2,0,0.23657899,2
121-3,121,3,0,0.249144,2
121-4,121,4,0,0.053056136,2
121-5,121,5,0,0.070060626,2
121-6,121,6,0,0.038457878,2
121-7,121,7,0,0.06740843,2
121-8,121,8,0,0.2498615,2
121-9,121,9,0,0.27582806,2
121-10,121,10,0,0.023388349,2
121-11,121,11,0,0.029485255,2
121-12,121,12,0,0.088977,2
122-0,122,0,0,0.027681459,5
122-1,122,1,0,0.08757596,5
122-2,122,2,0,0.015886296,5
122-3,122,3,0,0.070718795,5
122-4,122,4,0,0.028087081,5
122-5,122,5,0,0.007514499,5
122-6,122,6,0,0.094801776,5
122-7,122,7,0,0.07309992,5
122-8,122,8,0,0.038439542,5
122-9,122,9,0,0.0891854,5
122-10,122,10,0,0.006861158,5
122-11,122,11,0,0.018769061,5
122-12,122,12,0,0.08417535,5
123-0,123,0,0,0.25695083,5
123-1,123,1,0,0.61553997,5
123-2,123,2,0,0.2284497,5
123-3,123,3,0,0.49714655,5
123-4,123,4,0,0.31323868,5
123-5,123,5,0,0.03268734,5
123-6,123,6,0,0.69562095,5
123-7,123,7,0,0.6314301,5
123-8,123,8,0,0.40879112,5
123-9,123,9,0,0.6206383,5
123-10,123,10,0,0.022879215,5
123-11,123,11,0,0.2661963,5
123-12,123,12,0,0.50023687,5
124-0,124,0,0,0.20861886,3
124-1,124,1,0,0.14753023,3
124-2,124,2,0,0.04515189,3
124-3,124,3,0,0.35544142,3
124-4,124,4,0,0.051618706,3
124-5,124,5,0,0.22113211,3
124-6,124,6,0,0.045524325,3
124-7,124,7,0,0.13293697,3
124-8,124,8,0,0.042265616,3
124-9,124,9,0,0.26848122,3
124-10,124,10,0,0.038282253,3
124-11,124,11,0,0.059079237,3
124-12,124,12,0,0.17682417,3
125-0,125,0,1,0.14775564,5
125-1,125,1,1,0.4489117,5
125-2,125,2,1,0.113894105,5
125-3,125,3,1,0.29839432,5
125-4,125,4,1,0.2116173,5
125-5,125,5,1,0.014970454,5
125-6,125,6,0,0.114338554,5
125-7,125,7,1,0.37331164,5
125-8,125,8,1,0.1952205,5
125-9,125,9,1,0.375697,5
125-10,125,10,0,0.009294444,5
125-11,125,11,1,0.124438554,5
125-12,125,12,1,0.36708486,5
126-0,126,0,0,0.42146942,1
126-1,126,1,0,0.4361603,1
126-2,126,2,0,0.27622494,1
126-3,126,3,0,0.24639048,1
126-4,126,4,0,0.10874238,1
126-5,126,5,0,0.18482909,1
126-6,126,6,0,0.13237253,1
126-7,126,7,0,0.24766524,1
126-8,126,8,0,0.12769951,1
126-9,126,9,0,0.38441953,1
126-10,126,10,0,0.044272203,1
126-11,126,11,0,0.3026949,1
126-12,126,12,0,0.1838124,1
127-0,127,0,0,0.23134728,2
127-1,127,1,0,0.35085166,2
127-2,127,2,0,0.47727358,2
127-3,127,3,0,0.40889984,2
127-4,127,4,0,0.15651056,2
127-5,127,5,0,0.1869447,2
127-6,127,6,0,0.051759392,2
127-7,127,7,0,0.17674954,2
127-8,127,8,1,0.28375673,2
127-9,127,9,0,0.49706247,2
127-10,127,10,0,0.040448558,2
127-11,127,11,1,0.030720444,2
127-12,127,12,0,0.20432056,2
128-0,128,0,0,0.08504215,5
128-1,128,1,0,0.30396518,5
128-2,128,2,0,0.04797594,5
128-3,128,3,0,0.24283408,5
128-4,128,4,0,0.09223054,5
128-5,128,5,0,0.008081921,5
128-6,128,6,0,0.29505536,5
128-7,128,7,0,0.16648068,5
128-8,128,8,0,0.11506567,5
128-9,128,9,0,0.24041317,5
128-10,128,10,0,0.0070950543,5
128-11,128,11,0,0.070799544,5
128-12,128,12,0,0.18301491,5
129-0,129,0,0,0.01610002,2
129-1,129,1,1,0.67843854,2
129-2,129,2,0,0.039178044,2
129-3,129,3,0,0.041606884,2
129-4,129,4,0,0.0071794954,2
129-5,129,5,0,0.0071429485,2
129-6,129,6,0,0.0069300155,2
129-7,129,7,0,0.007881101,2
129-8,129,8,0,0.046063732,2
129-9,129,9,0,0.04835125,2
129-10,129,10,0,0.004434868,2
129-11,129,11,0,0.0046233153,2
129-12,129,12,0,0.011950165,2
130-0,130,0,0,0.033145074,5
130-1,130,1,0,0.09804175,5
130-2,130,2,0,0.016055409,5
130-3,130,3,0,0.082971506,5
130-4,130,4,0,0.034777954,5
130-5,130,5,0,0.009351759,5
130-6,130,6,0,0.13251634,5
130-7,130,7,0,0.10316492,5
130-8,130,8,0,0.047803763,5
130-9,130,9,0,0.09996829,5
130-10,130,10,0,0.011964068,5
130-11,130,11,0,0.02128991,5
130-12,130,12,0,0.1033245,5
131-0,131,0,1,0.11242091,4
131-1,131,1,1,0.2237376,4
131-2,131,2,1,0.43520534,4
131-3,131,3,1,0.26282373,4
131-4,131,4,1,0.090214655,4
131-5,131,5,1,0.10025686,4
131-6,131,6,0,0.12717897,4
131-7,131,7,1,0.19944066,4
131-8,131,8,1,0.3016131,4
131-9,131,9,1,0.3348207,4
131-10,131,10,1,0.052505326,4
131-11,131,11,1,0.24250957,4
131-12,131,12,1,0.19181031,4
132-0,132,0,0,0.11440833,3
132-1,132,1,0,0.10273482,3
132-2,132,2,0,0.03494275,3
132-3,132,3,0,0.35838252,3
132-4,132,4,1,0.09643745,3
132-5,132,5,0,0.11527529,3
132-6,132,6,1,0.042110536,3
132-7,132,7,1,0.15452605,3
132-8,132,8,0,0.030403193,3
132-9,132,9,0,0.16576041,3
132-10,132,10,0,0.04547778,3
132-11,132,11,0,0.03461711,3
132-12,132,12,1,0.22537003,3
133-0,133,0,0,0.11212227,2
133-1,133,1,0,0.2825449,2
133-2,133,2,0,0.23841865,2
133-3,133,3,0,0.2538353,2
133-4,133,4,0,0.06762338,2
133-5,133,5,0,0.14349474,2
133-6,133,6,0,0.040333413,2
133-7,133,7,0,0.075891584,2
133-8,133,8,0,0.465059,2
133-9,133,9,0,0.25957382,2
133-10,133,10,0,0.030631943,2
133-11,133,11,0,0.04590553,2
133-12,133,12,0,0.15271086,2
134-0,134,0,0,0.03762464,5
134-1,134,1,0,0.19945207,5
134-2,134,2,0,0.024214126,5
134-3,134,3,0,0.110711366,5
134-4,134,4,0,0.03788806,5
134-5,134,5,0,0.0102809435,5
134-6,134,6,0,0.122966364,5
134-7,134,7,0,0.06474288,5
134-8,134,8,0,0.054335296,5
134-9,134,9,0,0.14036275,5
134-10,134,10,0,0.009269353,5
134-11,134,11,0,0.04212877,5
134-12,134,12,0,0.07894066,5
135-0,135,0,0,0.109036036,1
135-1,135,1,0,0.10054429,1
135-2,135,2,0,0.051983833,1
135-3,135,3,0,0.06467226,1
135-4,135,4,0,0.017114682,1
135-5,135,5,0,0.029821087,1
135-6,135,6,0,0.030002827,1
135-7,135,7,0,0.05077301,1
135-8,135,8,0,0.027604412,1
135-9,135,9,0,0.10609884,1
135-10,135,10,0,0.022010623,1
135-11,135,11,0,0.051085312,1
135-12,135,12,0,0.043410357,1
136-0,136,0,0,0.02941616,4
136-1,136,1,0,0.050083544,4
136-2,136,2,0,0.14494948,4
136-3,136,3,0,0.090151,4
136-4,136,4,0,0.01768654,4
136-5,136,5,0,0.017546648,4
136-6,136,6,1,0.40080157,4
136-7,136,7,0,0.041095182,4
136-8,136,8,0,0.077122025,4
136-9,136,9,0,0.09230117,4
136-10,136,10,0,0.02448938,4
136-11,136,11,0,0.061491836,4
136-12,136,12,0,0.062420126,4
137-0,137,0,1,0.10868569,4
137-1,137,1,0,0.18880595,4
137-2,137,2,0,0.46988592,4
137-3,137,3,0,0.243936,4
137-4,137,4,0,0.056758072,4
137-5,137,5,1,0.09039922,4
137-6,137,6,0,0.14355716,4
137-7,137,7,0,0.18122272,4
137-8,137,8,0,0.24848802,4
137-9,137,9,1,0.44817945,4
137-10,137,10,0,0.046892226,4
137-11,137,11,0,0.21234329,4
137-12,137,12,1,0.18599007,4
138-0,138,0,1,0.20792517,5
138-1,138,1,0,0.09804175,5
138-2,138,2,0,0.017522719,5
138-3,138,3,0,0.082971506,5
138-4,138,4,0,0.030414693,5
138-5,138,5,0,0.009351759,5
138-6,138,6,0,0.13251634,5
138-7,138,7,0,0.10316492,5
138-8,138,8,0,0.047803763,5
138-9,138,9,0,0.13825408,5
138-10,138,10,0,0.011325356,5
138-11,138,11,0,0.02128991,5
138-12,138,12,1,0.4557678,5
139-0,139,0,0,0.020461597,5
139-1,139,1,0,0.05782668,5
139-2,139,2,0,0.013529475,5
139-3,139,3,0,0.060939495,5
139-4,139,4,0,0.017107153,5
139-5,139,5,0,0.0050985944,5
139-6,139,6,0,0.07252402,5
139-7,139,7,0,0.055608634,5
139-8,139,8,0,0.023048138,5
139-9,139,9,0,0.056187436,5
139-10,139,10,0,0.005468582,5
139-11,139,11,0,0.013529475,5
139-12,139,12,0,0.043382663,5
140-0,140,0,0,0.02941616,4
140-1,140,1,0,0.050083544,4
140-2,140,2,0,0.1801761,4
140-3,140,3,0,0.10523231,4
140-4,140,4,0,0.015789503,4
140-5,140,5,0,0.019988855,4
140-6,140,6,1,0.40080157,4
140-7,140,7,0,0.044980206,4
140-8,140,8,0,0.077122025,4
140-9,140,9,0,0.11855915,4
140-10,140,10,0,0.02448938,4
140-11,140,11,0,0.061491836,4
140-12,140,12,1,0.48259372,4
141-0,141,0,0,0.29952714,1
141-1,141,1,0,0.30788562,1
141-2,141,2,0,0.19264525,1
141-3,141,3,0,0.1920777,1
141-4,141,4,0,0.05818404,1
141-5,141,5,1,0.2523085,1
141-6,141,6,0,0.09860622,1
141-7,141,7,0,0.16368014,1
141-8,141,8,0,0.11686786,1
141-9,141,9,0,0.3208091,1
141-10,141,10,0,0.04854797,1
141-11,141,11,0,0.1914638,1
141-12,141,12,0,0.14211535,1
142-0,142,0,0,0.27987808,1
142-1,142,1,0,0.32659706,1
142-2,142,2,0,0.17268369,1
142-3,142,3,0,0.17038906,1
142-4,142,4,0,0.05307141,1
142-5,142,5,0,0.093155704,1
142-6,142,6,0,0.08405408,1
142-7,142,7,0,0.10009722,1
142-8,142,8,0,0.09856859,1
142-9,142,9,0,0.25447607,1
142-10,142,10,0,0.037068967,1
142-11,142,11,0,0.20283231,1
142-12,142,12,0,0.10367624,1
143-0,143,0,0,0.39905652,1
143-1,143,1,0,0.4707963,1
143-2,143,2,0,0.29827034,1
143-3,143,3,0,0.31500968,1
143-4,143,4,0,0.11948756,1
143-5,143,5,1,0.16619928,1
143-6,143,6,0,0.14173535,1
143-7,143,7,0,0.26441482,1
143-8,143,8,0,0.14295088,1
143-9,143,9,0,0.4857586,1
143-10,143,10,0,0.04539401,1
143-11,143,11,0,0.31163752,1
143-12,143,12,0,0.23954436,1
144-0,144,0,0,0.057171658,4
144-1,144,1,0,0.08899736,4
144-2,144,2,0,0.26215723,4
144-3,144,3,0,0.11856156,4
144-4,144,4,0,0.025409052,4
144-5,144,5,0,0.028002601,4
144-6,144,6,0,0.07039393,4
144-7,144,7,0,0.06726627,4
144-8,144,8,0,0.11302335,4
144-9,144,9,0,0.14235525,4
144-10,144,10,0,0.03322215,4
144-11,144,11,0,0.094043404,4
144-12,144,12,0,0.085011974,4
145-0,145,0,0,0.15704457,2
145-1,145,1,0,0.33913526,2
145-2,145,2,0,0.4445036,2
145-3,145,3,0,0.38436493,2
145-4,145,4,0,0.10446573,2
145-5,145,5,0,0.17919084,2
145-6,145,6,0,0.047788195,2
145-7,145,7,0,0.15933557,2
145-8,145,8,0,0.511101,2
145-9,145,9,0,0.46668765,2
145-10,145,10,1,0.024927033,2
145-11,145,11,0,0.053234488,2
145-12,145,12,0,0.15336147,2
146-0,146,0,0,0.09226009,5
146-1,146,1,0,0.32685152,5
146-2,146,2,0,0.07629631,5
146-3,146,3,0,0.20963158,5
146-4,146,4,0,0.08934385,5
146-5,146,5,0,0.010071633,5
146-6,146,6,1,0.10654006,5
146-7,146,7,0,0.2498543,5
146-8,146,8,0,0.12863734,5
146-9,146,9,0,0.33162117,5
146-10,146,10,0,0.012865486,5
146-11,146,11,0,0.09399779,5
146-12,146,12,0,0.19855246,5
147-0,147,0,1,0.47427058,1
147-1,147,1,0,0.42025352,1
147-2,147,2,0,0.27365968,1
147-3,147,3,0,0.31831515,1
147-4,147,4,0,0.09702794,1
147-5,147,5,0,0.16619928,1
147-6,147,6,1,0.2015107,1
147-7,147,7,0,0.25463042,1
147-8,147,8,0,0.15708166,1
147-9,147,9,0,0.43492973,1
147-10,147,10,0,0.1422758,1
147-11,147,11,0,0.26384604,1
147-12,147,12,1,0.29968676,1
148-0,148,0,0,0.26296338,2
148-1,148,1,0,0.5626496,2
148-2,148,2,0,0.5316156,2
148-3,148,3,0,0.5522434,2
148-4,148,4,1,0.045369327,2
148-5,148,5,0,0.18350632,2
148-6,148,6,0,0.09675917,2
148-7,148,7,0,0.18633606,2
148-8,148,8,0,0.7450154,2
148-9,148,9,0,0.5360048,2
148-10,148,10,0,0.115459494,2
148-11,148,11,0,0.14456479,2
148-12,148,12,0,0.3516497,2
149-0,149,0,0,0.5362396,1
149-1,149,1,1,0.13096082,1
149-2,149,2,1,0.07623097,1
149-3,149,3,1,0.091148004,1
149-4,149,4,1,0.025818784,1
149-5,149,5,1,0.041052777,1
149-6,149,6,1,0.04080417,1
149-7,149,7,1,0.06667782,1
149-8,149,8,1,0.04407526,1
149-9,149,9,1,0.13793802,1
149-10,149,10,0,0.07636681,1
149-11,149,11,0,0.4294221,1
149-12,149,12,1,0.061725885,1
150-0,150,0,0,0.030169174,4
150-1,150,1,0,0.051337633,4
150-2,150,2,0,0.1482084,4
150-3,150,3,0,0.09231088,4
150-4,150,4,0,0.01522976,4
150-5,150,5,0,0.018001458,4
150-6,150,6,0,0.042904034,4
150-7,150,7,0,0.04403388,4
150-8,150,8,0,0.08419825,4
150-9,150,9,0,0.094507225,4
150-10,150,10,0,0.025119543,4
150-11,150,11,0,0.063012645,4
150-12,150,12,0,0.05694511,4
151-0,151,0,1,0.25230023,2
151-1,151,1,1,0.40000832,2
151-2,151,2,1,0.5546699,2
151-3,151,3,0,0.4094367,2
151-4,151,4,0,0.093344755,2
151-5,151,5,0,0.1427789,2
151-6,151,6,0,0.07299817,2
151-7,151,7,0,0.12874272,2
151-8,151,8,0,0.39852294,2
151-9,151,9,1,0.6102658,2
151-10,151,10,1,0.06545423,2
151-11,151,11,0,0.053406682,2
151-12,151,12,0,0.17656247,2
152-0,152,0,0,0.10249392,4
152-1,152,1,0,0.25433287,4
152-2,152,2,0,0.5650171,4
152-3,152,3,0,0.23991717,4
152-4,152,4,0,0.06714703,4
152-5,152,5,0,0.08989499,4
152-6,152,6,0,0.15068483,4
152-7,152,7,0,0.122692905,4
152-8,152,8,0,0.31528467,4
152-9,152,9,0,0.453932,4
152-10,152,10,0,0.041310307,4
152-11,152,11,0,0.2856288,4
152-12,152,12,0,0.18534097,4
153-0,153,0,0,0.032226052,4
153-1,153,1,0,0.063239925,4
153-2,153,2,0,0.17566854,4
153-3,153,3,0,0.09274129,4
153-4,153,4,0,0.017320981,4
153-5,153,5,0,0.025451519,4
153-6,153,6,0,0.05450022,4
153-7,153,7,0,0.030729303,4
153-8,153,8,0,0.09147249,4
153-9,153,9,0,0.121122934,4
153-10,153,10,0,0.02393845,4
153-11,153,11,0,0.07895488,4
153-12,153,12,0,0.059615508,4
154-0,154,0,0,0.16649543,1
154-1,154,1,1,0.5787375,1
154-2,154,2,1,0.37747553,1
154-3,154,3,0,0.10070834,1
154-4,154,4,1,0.21189499,1
154-5,154,5,1,0.26894704,1
154-6,154,6,1,0.19376431,1
154-7,154,7,0,0.064414375,1
154-8,154,8,1,0.2513769,1
154-9,154,9,1,0.53204346,1
154-10,154,10,1,0.06683314,1
154-11,154,11,1,0.41145977,1
154-12,154,12,1,0.32725257,1
155-0,155,0,0,0.28457165,5
155-1,155,1,1,0.051798455,5
155-2,155,2,0,0.25633648,5
155-3,155,3,0,0.5320975,5
155-4,155,4,0,0.4279316,5
155-5,155,5,0,0.037414912,5
155-6,155,6,0,0.7244237,5
155-7,155,7,0,0.6633675,5
155-8,155,8,0,0.44300276,5
155-9,155,9,0,0.65594345,5
155-10,155,10,0,0.042854443,5
155-11,155,11,0,0.2944171,5
155-12,155,12,0,0.5381596,5
156-0,156,0,1,0.06849869,2
156-1,156,1,1,0.1344168,2
156-2,156,2,1,0.18326725,2
156-3,156,3,1,0.20556638,2
156-4,156,4,1,0.03078043,2
156-5,156,5,1,0.051116306,2
156-6,156,6,1,0.033054173,2
156-7,156,7,1,0.04920858,2
156-8,156,8,1,0.2517685,2
156-9,156,9,1,0.19940524,2
156-10,156,10,1,0.021963486,2
156-11,156,11,1,0.022879658,2
156-12,156,12,0,0.40942287,2
157-0,157,0,0,0.4229627,1
157-1,157,1,0,0.42025352,1
157-2,157,2,0,0.27757496,1
157-3,157,3,0,0.30957523,1
157-4,157,4,0,0.09963142,1
157-5,157,5,0,0.14940289,1
157-6,157,6,1,0.13467114,1
157-7,157,7,0,0.25463042,1
157-8,157,8,0,0.15708166,1
157-9,157,9,0,0.43492973,1
157-10,157,10,0,0.1285426,1
157-11,157,11,0,0.26384604,1
157-12,157,12,0,0.22778334,1
158-0,158,0,1,0.017185686,5
158-1,158,1,1,0.051798455,5
158-2,158,2,1,0.010803019,5
158-3,158,3,1,0.057230763,5
158-4,158,4,1,0.014360424,5
158-5,158,5,0,0.037414912,5
158-6,158,6,0,0.7244237,5
158-7,158,7,1,0.049799424,5
158-8,158,8,1,0.020566318,5
158-9,158,9,1,0.05286958,5
158-10,158,10,1,0.00426867,5
158-11,158,11,1,0.01150463,5
158-12,158,12,1,0.03984818,5
159-0,159,0,0,0.059750676,4
159-1,159,1,0,0.1109804,4
159-2,159,2,0,0.31525752,4
159-3,159,3,0,0.21780889,4
159-4,159,4,0,0.04474841,4
159-5,159,5,0,0.046067934,4
159-6,159,6,0,0.083406895,4
159-7,159,7,0,0.07119245,4
159-8,159,8,0,0.1549536,4
159-9,159,9,0,0.1784885,4
159-10,159,10,0,0.047471713,4
159-11,159,11,0,0.13285959,4
159-12,159,12,0,0.106516145,4
160-0,160,0,0,0.028748749,4
160-1,160,1,0,0.048970878,4
160-2,160,2,0,0.1420444,4
160-3,160,3,0,0.07840133,4
160-4,160,4,0,0.0154263405,4
160-5,160,5,0,0.017143784,4
160-6,160,6,0,0.039912622,4
160-7,160,7,0,0.04397567,4
160-8,160,8,0,0.07545639,4
160-9,160,9,0,0.10359067,4
160-10,160,10,0,0.021744855,4
160-11,160,11,0,0.060141772,4
160-12,160,12,0,0.048446618,4
161-0,161,0,0,0.09483771,2
161-1,161,1,0,0.13867685,2
161-2,161,2,0,0.18873796,2
161-3,161,3,0,0.21153025,2
161-4,161,4,0,0.031876907,2
161-5,161,5,0,0.06417176,2
161-6,161,6,0,0.034228787,2
161-7,161,7,0,0.036763236,2
161-8,161,8,1,0.77291036,2
161-9,161,9,0,0.1703113,2
161-10,161,10,0,0.019596292,2
161-11,161,11,0,0.023701573,2
161-12,161,12,0,0.073187,2
162-0,162,0,0,0.09023915,2
162-1,162,1,0,0.17303053,2
162-2,162,2,0,0.24027677,2
162-3,162,3,0,0.21854863,2
162-4,162,4,0,0.044281475,2
162-5,162,5,0,0.05167982,2
162-6,162,6,0,0.04010508,2
162-7,162,7,0,0.068352595,2
162-8,162,8,0,0.27846164,2
162-9,162,9,0,0.2870489,2
162-10,162,10,0,0.02563837,2
162-11,162,11,0,0.030474517,2
162-12,162,12,0,0.090641566,2
163-0,163,0,1,0.14349948,2
163-1,163,1,1,0.30637494,2
163-2,163,2,1,0.46921176,2
163-3,163,3,1,0.42922595,2
163-4,163,4,1,0.111231215,2
163-5,163,5,1,0.12478806,2
163-6,163,6,1,0.071286626,2
163-7,163,7,0,0.2047197,2
163-8,163,8,1,0.45165494,2
163-9,163,9,1,0.41467273,2
163-10,163,10,1,0.047262993,2
163-11,163,11,1,0.062053423,2
163-12,163,12,1,0.181233,2
164-0,164,0,0,0.032226052,4
164-1,164,1,0,0.063239925,4
164-2,164,2,0,0.20101947,4
164-3,164,3,0,0.09274129,4
164-4,164,4,0,0.017320981,4
164-5,164,5,0,0.025451519,4
164-6,164,6,1,0.24834014,4
164-7,164,7,0,0.046867765,4
164-8,164,8,0,0.09147249,4
164-9,164,9,0,0.1388537,4
164-10,164,10,0,0.02393845,4
164-11,164,11,0,0.07895488,4
164-12,164,12,0,0.059615508,4
165-0,165,0,0,0.109036036,1
165-1,165,1,0,0.10054429,1
165-2,165,2,0,0.052633967,1
165-3,165,3,0,0.06717073,1
165-4,165,4,0,0.017615734,1
165-5,165,5,0,0.029821087,1
165-6,165,6,0,0.029213756,1
165-7,165,7,0,0.047622517,1
165-8,165,8,0,0.026708106,1
165-9,165,9,0,0.10609884,1
165-10,165,10,0,0.02077812,1
165-11,165,11,0,0.048305154,1
165-12,165,12,0,0.042153012,1
166-0,166,0,0,0.18373096,3
166-1,166,1,0,0.18280864,3
166-2,166,2,0,0.048100285,3
166-3,166,3,0,0.44509587,3
166-4,166,4,0,0.057433378,3
166-5,166,5,0,0.18714423,3
166-6,166,6,0,0.043892987,3
166-7,166,7,0,0.12166756,3
166-8,166,8,0,0.06511125,3
166-9,166,9,0,0.21985929,3
166-10,166,10,0,0.034956638,3
166-11,166,11,0,0.082286075,3
166-12,166,12,0,0.16927521,3
167-0,167,0,0,0.5362396,1
167-1,167,1,0,0.59274894,1
167-2,167,2,0,0.4633527,1
167-3,167,3,0,0.4332667,1
167-4,167,4,0,0.22446805,1
167-5,167,5,0,0.28368682,1
167-6,167,6,0,0.21539858,1
167-7,167,7,0,0.27939507,1
167-8,167,8,1,0.037509978,1
167-9,167,9,0,0.60714054,1
167-10,167,10,0,0.07636681,1
167-11,167,11,0,0.4294221,1
167-12,167,12,0,0.30440196,1
168-0,168,0,1,0.5215542,1
168-1,168,1,0,0.33006218,1
168-2,168,2,0,0.19533093,1
168-3,168,3,0,0.24370492,1
168-4,168,4,0,0.06403912,1
168-5,168,5,0,0.14343879,1
168-6,168,6,1,0.16720192,1
168-7,168,7,0,0.16959988,1
168-8,168,8,1,0.15218197,1
168-9,168,9,0,0.34345463,1
168-10,168,10,0,0.057612807,1
168-11,168,11,0,0.21044937,1
168-12,168,12,0,0.16648184,1
169-0,169,0,0,0.21303464,5
169-1,169,1,0,0.5555183,5
169-2,169,2,0,0.15785123,5
169-3,169,3,0,0.39381748,5
169-4,169,4,0,0.23398659,5
169-5,169,5,0,0.02174944,5
169-6,169,6,0,0.5535226,5
169-7,169,7,0,0.37170562,5
169-8,169,8,0,0.2725225,5
169-9,169,9,0,0.56044513,5
169-10,169,10,1,0.0063223434,5
169-11,169,11,0,0.17014326,5
169-12,169,12,0,0.39127794,5
170-0,170,0,0,0.11440833,3
170-1,170,1,0,0.10273482,3
170-2,170,2,0,0.03020879,3
170-3,170,3,0,0.31221485,3
170-4,170,4,0,0.04118986,3
170-5,170,5,0,0.11527529,3
170-6,170,6,0,0.019758618,3
170-7,170,7,0,0.055672072,3
170-8,170,8,0,0.029639617,3
170-9,170,9,0,0.10562174,3
170-10,170,10,0,0.04547778,3
170-11,170,11,0,0.03461711,3
170-12,170,12,0,0.09492992,3
171-0,171,0,0,0.14186068,3
171-1,171,1,1,0.15129304,3
171-2,171,2,0,0.03710826,3
171-3,171,3,0,0.468442,3
171-4,171,4,0,0.051618706,3
171-5,171,5,0,0.19876625,3
171-6,171,6,0,0.03521274,3
171-7,171,7,0,0.13293697,3
171-8,171,8,0,0.04447819,3
171-9,171,9,0,0.2790852,3
171-10,171,10,0,0.030497823,3
171-11,171,11,0,0.05673636,3
171-12,171,12,0,0.14236414,3
172-0,172,0,0,0.22965218,1
172-1,172,1,1,0.4106511,1
172-2,172,2,0,0.12947866,1
172-3,172,3,0,0.15007754,1
172-4,172,4,0,0.041490216,1
172-5,172,5,0,0.06765893,1
172-6,172,6,0,0.06681875,1
172-7,172,7,0,0.11018051,1
172-8,172,8,0,0.060661852,1
172-9,172,9,0,0.2108332,1
172-10,172,10,0,0.045264386,1
172-11,172,11,0,0.11511328,1
172-12,172,12,0,0.104523264,1
173-0,173,0,0,0.11752064,2
173-1,173,1,0,0.2633761,2
173-2,173,2,0,0.3574972,2
173-3,173,3,0,0.37334368,2
173-4,173,4,0,0.09350428,2
173-5,173,5,0,0.117838524,2
173-6,173,6,1,0.049103756,2
173-7,173,7,0,0.114826165,2
173-8,173,8,1,0.5569797,2
173-9,173,9,0,0.373546,2
173-10,173,10,0,0.03722819,2
173-11,173,11,0,0.04980341,2
173-12,173,12,1,0.2065879,2
174-0,174,0,0,0.040977865,5
174-1,174,1,0,0.117767274,5
174-2,174,2,0,0.02722773,5
174-3,174,3,0,0.13324302,5
174-4,174,4,0,0.038869396,5
174-5,174,5,0,0.010012091,5
174-6,174,6,1,0.60546285,5
174-7,174,7,0,0.096533425,5
174-8,174,8,0,0.054519802,5
174-9,174,9,0,0.11985865,5
174-10,174,10,1,0.022002006,5
174-11,174,11,0,0.029774362,5
174-12,174,12,0,0.10013223,5
175-0,175,0,0,0.106904216,1
175-1,175,1,1,0.80249065,1
175-2,175,2,0,0.04882928,1
175-3,175,3,0,0.056845978,1
175-4,175,4,0,0.016479595,1
175-5,175,5,0,0.027883813,1
175-6,175,6,0,0.025561206,1
175-7,175,7,0,0.039550226,1
175-8,175,8,0,0.026342794,1
175-9,175,9,0,0.101312496,1
175-10,175,10,0,0.018447265,1
175-11,175,11,0,0.046567503,1
175-12,175,12,0,0.04144693,1
176-0,176,0,0,0.10213632,2
176-1,176,1,0,0.22162493,2
176-2,176,2,0,0.267372,2
176-3,176,3,0,0.23842663,2
176-4,176,4,0,0.07650969,2
176-5,176,5,0,0.054489482,2
176-6,176,6,0,0.0397088,2
176-7,176,7,0,0.09435957,2
176-8,176,8,0,0.30217245,2
176-9,176,9,0,0.25103155,2
176-10,176,10,0,0.03555405,2
176-11,176,11,0,0.040066905,2
176-12,176,12,0,0.13167283,2
177-0,177,0,0,0.17212036,3
177-1,177,1,1,0.10273482,3
177-2,177,2,1,0.03020879,3
177-3,177,3,0,0.42558,3
177-4,177,4,0,0.06710762,3
177-5,177,5,1,0.13752355,3
177-6,177,6,0,0.04130498,3
177-7,177,7,0,0.11544391,3
177-8,177,8,0,0.06505387,3
177-9,177,9,1,0.13928802,3
177-10,177,10,1,0.027060697,3
177-11,177,11,0,0.08052987,3
177-12,177,12,0,0.22537003,3
178-0,178,0,0,0.038961027,5
178-1,178,1,0,0.11520441,5
178-2,178,2,0,0.025012622,5
178-3,178,3,0,0.1143353,5
178-4,178,4,0,0.03178408,5
178-5,178,5,0,0.009579448,5
178-6,178,6,0,0.11719945,5
178-7,178,7,0,0.09238829,5
178-8,178,8,0,0.048733916,5
178-9,178,9,0,0.104383275,5
178-10,178,10,0,0.008975723,5
178-11,178,11,0,0.032064844,5
178-12,178,12,0,0.078792095,5
179-0,179,0,0,0.10797256,1
179-1,179,1,0,0.09711924,1
179-2,179,2,0,0.05012081,1
179-3,179,3,0,0.062384438,1
179-4,179,4,0,0.016479595,1
179-5,179,5,0,0.029504636,1
179-6,179,6,0,0.028413903,1
179-7,179,7,0,0.04146791,1
179-8,179,8,0,0.025726348,1
179-9,179,9,0,0.10233141,1
179-10,179,10,0,0.021673843,1
179-11,179,11,0,0.047802225,1
179-12,179,12,0,0.04144693,1
180-0,180,0,0,0.1811257,5
180-1,180,1,1,0.11637931,5
180-2,180,2,1,0.02627997,5
180-3,180,3,1,0.11835935,5
180-4,180,4,0,0.22726397,5
180-5,180,5,1,0.010492808,5
180-6,180,6,0,0.576909,5
180-7,180,7,0,0.44356897,5
180-8,180,8,1,0.064301305,5
180-9,180,9,1,0.11861878,5
180-10,180,10,0,0.014081325,5
180-11,180,11,0,0.15233156,5
180-12,180,12,1,0.09965497,5
181-0,181,0,0,0.04900809,4
181-1,181,1,1,0.32278115,4
181-2,181,2,0,0.24329977,4
181-3,181,3,0,0.17965975,4
181-4,181,4,0,0.035901684,4
181-5,181,5,0,0.036591977,4
181-6,181,6,0,0.079987526,4
181-7,181,7,0,0.075549476,4
181-8,181,8,0,0.12213659,4
181-9,181,9,0,0.19291091,4
181-10,181,10,0,0.039368626,4
181-11,181,11,0,0.10754372,4
181-12,181,12,0,0.09210118,4
182-0,182,0,0,0.026961522,4
182-1,182,1,1,0.65025765,4
182-2,182,2,0,0.15094285,4
182-3,182,3,0,0.08570332,4
182-4,182,4,0,0.014455011,4
182-5,182,5,1,0.41428685,4
182-6,182,6,0,0.04359049,4
182-7,182,7,0,0.042272486,4
182-8,182,8,0,0.07719847,4
182-9,182,9,0,0.097618304,4
182-10,182,10,0,0.022436367,4
182-11,182,11,0,0.0565165,4
182-12,182,12,1,0.6536221,4
183-0,183,0,0,0.12789488,2
183-1,183,1,0,0.26381183,2
183-2,183,2,0,0.325953,2
183-3,183,3,0,0.2340497,2
183-4,183,4,0,0.06668947,2
183-5,183,5,0,0.1040174,2
183-6,183,6,0,0.054001223,2
183-7,183,7,0,0.054733906,2
183-8,183,8,0,0.36260238,2
183-9,183,9,0,0.34276617,2
183-10,183,10,0,0.044339478,2
183-11,183,11,0,0.049909774,2
183-12,183,12,0,0.14948332,2
184-0,184,0,0,0.10026725,4
184-1,184,1,0,0.21703762,4
184-2,184,2,0,0.4815358,4
184-3,184,3,0,0.33641598,4
184-4,184,4,0,0.087064624,4
184-5,184,5,0,0.09679351,4
184-6,184,6,0,0.1446564,4
184-7,184,7,0,0.14734,4
184-8,184,8,0,0.29255256,4
184-9,184,9,0,0.32605007,4
184-10,184,10,0,0.046797384,4
184-11,184,11,0,0.23340899,4
184-12,184,12,0,0.2207577,4
185-0,185,0,0,0.029158788,2
185-1,185,1,1,0.4557865,2
185-2,185,2,0,0.08293826,2
185-3,185,3,0,0.071245626,2
185-4,185,4,0,0.017677298,2
185-5,185,5,0,0.020733962,2
185-6,185,6,0,0.015211477,2
185-7,185,7,0,0.020062136,2
185-8,185,8,0,0.093253076,2
185-9,185,9,0,0.08528251,2
185-10,185,10,0,0.010538668,2
185-11,185,11,0,0.009958048,2
185-12,185,12,0,0.030905794,2
186-0,186,0,0,0.17133309,2
186-1,186,1,0,0.30676985,2
186-2,186,2,0,0.42380595,2
186-3,186,3,0,0.4255946,2
186-4,186,4,0,0.11314319,2
186-5,186,5,0,0.14373381,2
186-6,186,6,1,0.05684117,2
186-7,186,7,0,0.13904648,2
186-8,186,8,0,0.4684305,2
186-9,186,9,1,0.5235323,2
186-10,186,10,1,0.06192076,2
186-11,186,11,0,0.0513012,2
186-12,186,12,0,0.16638301,2
187-0,187,0,0,0.020461597,5
187-1,187,1,0,0.05782668,5
187-2,187,2,0,0.013529475,5
187-3,187,3,0,0.06384861,5
187-4,187,4,0,0.018573964,5
187-5,187,5,0,0.0050985944,5
187-6,187,6,0,0.074572526,5
187-7,187,7,0,0.052227728,5
187-8,187,8,1,0.4301697,5
187-9,187,9,0,0.056273494,5
187-10,187,10,1,0.042671386,5
187-11,187,11,0,0.013529475,5
187-12,187,12,0,0.053816915,5
188-0,188,0,0,0.2018892,2
188-1,188,1,0,0.39615268,2
188-2,188,2,0,0.5126526,2
188-3,188,3,0,0.38047817,2
188-4,188,4,0,0.19022681,2
188-5,188,5,0,0.13963047,2
188-6,188,6,0,0.06469687,2
188-7,188,7,0,0.10402948,2
188-8,188,8,0,0.56497616,2
188-9,188,9,0,0.53665906,2
188-10,188,10,0,0.027667211,2
188-11,188,11,0,0.06529144,2
188-12,188,12,0,0.22126392,2
189-0,189,0,0,0.020461597,5
189-1,189,1,0,0.05782668,5
189-2,189,2,0,0.012008442,5
189-3,189,3,0,0.060939495,5
189-4,189,4,0,0.017107153,5
189-5,189,5,0,0.0050985944,5
189-6,189,6,0,0.07022893,5
189-7,189,7,0,0.048184503,5
189-8,189,8,0,0.023048138,5
189-9,189,9,0,0.0590147,5
189-10,189,10,0,0.0047934107,5
189-11,189,11,0,0.013529475,5
189-12,189,12,0,0.044550978,5
190-0,190,0,0,0.17520459,4
190-1,190,1,0,0.35216647,4
190-2,190,2,0,0.6430004,4
190-3,190,3,0,0.49000207,4
190-4,190,4,0,0.13559483,4
190-5,190,5,0,0.17366277,4
190-6,190,6,0,0.2722471,4
190-7,190,7,0,0.2100077,4
190-8,190,8,0,0.42855188,4
190-9,190,9,1,0.17044146,4
190-10,190,10,0,0.074365735,4
190-11,190,11,0,0.38921705,4
190-12,190,12,0,0.30180472,4
191-0,191,0,0,0.10955736,3
191-1,191,1,0,0.1138794,3
191-2,191,2,1,0.07097475,3
191-3,191,3,0,0.38534933,3
191-4,191,4,0,0.0393056,3
191-5,191,5,1,0.31779316,3
191-6,191,6,0,0.026245099,3
191-7,191,7,0,0.08154595,3
191-8,191,8,1,0.078190014,3
191-9,191,9,1,0.28162348,3
191-10,191,10,1,0.04857959,3
191-11,191,11,1,0.08052987,3
191-12,191,12,0,0.09082015,3
192-0,192,0,0,0.059838355,4
192-1,192,1,0,0.17430075,4
192-2,192,2,0,0.28688344,4
192-3,192,3,0,0.15733118,4
192-4,192,4,0,0.0650087,4
192-5,192,5,0,0.052855384,4
192-6,192,6,0,0.09596956,4
192-7,192,7,0,0.10237747,4
192-8,192,8,0,0.22485365,4
192-9,192,9,0,0.3397052,4
192-10,192,10,0,0.04220283,4
192-11,192,11,0,0.19769943,4
192-12,192,12,0,0.18001603,4
193-0,193,0,0,0.1895846,2
193-1,193,1,0,0.34912246,2
193-2,193,2,0,0.44255427,2
193-3,193,3,0,0.33916378,2
193-4,193,4,0,0.0971288,2
193-5,193,5,0,0.17693539,2
193-6,193,6,0,0.07199971,2
193-7,193,7,0,0.11378943,2
193-8,193,8,0,0.51128155,2
193-9,193,9,0,0.48596117,2
193-10,193,10,0,0.055274967,2
193-11,193,11,0,0.0679146,2
193-12,193,12,0,0.1903791,2
194-0,194,0,0,0.023214618,5
194-1,194,1,0,0.09821793,5
194-2,194,2,0,0.012976352,5
194-3,194,3,0,0.0689824,5
194-4,194,4,0,0.018685408,5
194-5,194,5,0,0.0060558203,5
194-6,194,6,0,0.08631462,5
194-7,194,7,0,0.06641298,5
194-8,194,8,0,0.030111756,5
194-9,194,9,0,0.075678594,5
194-10,194,10,0,0.0076547577,5
194-11,194,11,0,0.01505772,5
194-12,194,12,0,0.07200833,5
195-0,195,0,0,0.094952226,4
195-1,195,1,1,0.16573763,4
195-2,195,2,1,0.36070892,4
195-3,195,3,1,0.16265774,4
195-4,195,4,0,0.08335854,4
195-5,195,5,1,0.040931277,4
195-6,195,6,1,0.09162067,4
195-7,195,7,0,0.18313326,4
195-8,195,8,0,0.2722783,4
195-9,195,9,1,0.32622662,4
195-10,195,10,1,0.030475793,4
195-11,195,11,0,0.22789398,4
195-12,195,12,1,0.11700768,4
196-0,196,0,0,0.022414446,2
196-1,196,1,0,0.036480222,2
196-2,196,2,0,0.06563814,2
196-3,196,3,0,0.069588594,2
196-4,196,4,0,0.012456186,2
196-5,196,5,1,0.2420609,2
196-6,196,6,0,0.00956917,2
196-7,196,7,0,0.014868083,2
196-8,196,8,0,0.08130337,2
196-9,196,9,0,0.060425192,2
196-10,196,10,0,0.0063316906,2
196-11,196,11,1,0.08707016,2
196-12,196,12,0,0.017963594,2
197-0,197,0,0,0.44540045,1
197-1,197,1,0,0.48393953,1
197-2,197,2,0,0.31652167,1
197-3,197,3,0,0.2836616,1
197-4,197,4,0,0.14325303,1
197-5,197,5,0,0.20607188,1
197-6,197,6,0,0.16485101,1
197-7,197,7,0,0.2729099,1
197-8,197,8,0,0.14314081,1
197-9,197,9,0,0.49892586,1
197-10,197,10,0,0.069250815,1
197-11,197,11,0,0.3293495,1
197-12,197,12,0,0.20431611,1
198-0,198,0,0,0.032401174,4
198-1,198,1,0,0.06357252,4
198-2,198,2,0,0.14657205,4
198-3,198,3,0,0.08804613,4
198-4,198,4,0,0.025096694,4
198-5,198,5,0,0.017591372,4
198-6,198,6,0,0.04823743,4
198-7,198,7,0,0.03163476,4
198-8,198,8,0,0.08878777,4
198-9,198,9,0,0.09544957,4
198-10,198,10,0,0.021666177,4
198-11,198,11,0,0.0793631,4
198-12,198,12,0,0.053547893,4
199-0,199,0,1,0.31145498,4
199-1,199,1,0,0.06357252,4
199-2,199,2,1,0.77367955,4
199-3,199,3,1,0.4537753,4
199-4,199,4,0,0.025096694,4
199-5,199,5,1,0.22720028,4
199-6,199,6,1,0.35820407,4
199-7,199,7,0,0.04868887,4
199-8,199,8,1,0.5315819,4
199-9,199,9,0,0.1598613,4
199-10,199,10,1,0.12668397,4
199-11,199,11,1,0.48156235,4
199-12,199,12,1,0.46203807,4
200-0,200,0,0,0.020461597,5
200-1,200,1,0,0.05782668,5
200-2,200,2,0,0.013529475,5
200-3,200,3,0,0.060939495,5
200-4,200,4,0,0.017107153,5
200-5,200,5,0,0.0050069955,5
200-6,200,6,0,0.070676394,5
200-7,200,7,1,0.6516189,5
200-8,200,8,0,0.023048138,5
200-9,200,9,0,0.056187436,5
200-10,200,10,0,0.0047934107,5
200-11,200,11,0,0.011723163,5
200-12,200,12,0,0.045064885,5
201-0,201,0,0,0.12169316,3
201-1,201,1,0,0.10936814,3
201-2,201,2,0,0.032327995,3
201-3,201,3,0,0.32743785,3
201-4,201,4,0,0.04404443,3
201-5,201,5,0,0.14603746,3
201-6,201,6,0,0.022275839,3
201-7,201,7,0,0.090895556,3
201-8,201,8,0,0.032528974,3
201-9,201,9,1,0.3513886,3
201-10,201,10,0,0.049309216,3
201-11,201,11,0,0.037831422,3
201-12,201,12,0,0.10111602,3
202-0,202,0,0,0.09152301,4
202-1,202,1,0,0.25048622,4
202-2,202,2,0,0.518657,4
202-3,202,3,0,0.22128855,4
202-4,202,4,0,0.07102088,4
202-5,202,5,0,0.114418864,4
202-6,202,6,0,0.18369623,4
202-7,202,7,0,0.20207164,4
202-8,202,8,0,0.29450396,4
202-9,202,9,0,0.3204093,4
202-10,202,10,0,0.04455366,4
202-11,202,11,0,0.28987858,4
202-12,202,12,0,0.2649346,4
203-0,203,0,1,0.07099892,3
203-1,203,1,0,0.18529296,3
203-2,203,2,0,0.047949843,3
203-3,203,3,1,0.23868747,3
203-4,203,4,0,0.101940796,3
203-5,203,5,0,0.2511198,3
203-6,203,6,1,0.016285319,3
203-7,203,7,0,0.16834144,3
203-8,203,8,0,0.061625406,3
203-9,203,9,1,0.12687239,3
203-10,203,10,1,0.021681549,3
203-11,203,11,0,0.07687959,3
203-12,203,12,0,0.17483832,3
204-0,204,0,0,0.033145074,5
204-1,204,1,0,0.09804175,5
204-2,204,2,0,0.017522719,5
204-3,204,3,0,0.08206245,5
204-4,204,4,0,0.030414693,5
204-5,204,5,0,0.009351759,5
204-6,204,6,0,0.1409203,5
204-7,204,7,0,0.10316492,5
204-8,204,8,0,0.04572472,5
204-9,204,9,0,0.09996829,5
204-10,204,10,0,0.011325356,5
204-11,204,11,0,0.02128991,5
204-12,204,12,0,0.077493005,5
205-0,205,0,0,0.10955736,3
205-1,205,1,0,0.09832382,3
205-2,205,2,0,0.028811773,3
205-3,205,3,0,0.30183536,3
205-4,205,4,0,0.032716747,3
205-5,205,5,0,0.13183837,3
205-6,205,6,0,0.026245099,3
205-7,205,7,0,0.08154595,3
205-8,205,8,0,0.028268155,3
205-9,205,9,0,0.13354124,3
205-10,205,10,0,0.048302006,3
205-11,205,11,1,0.08993897,3
205-12,205,12,0,0.09082015,3
206-0,206,0,0,0.111144155,1
206-1,206,1,0,0.11419883,1
206-2,206,2,0,0.06314075,1
206-3,206,3,0,0.0640081,1
206-4,206,4,0,0.017272675,1
206-5,206,5,0,0.03980471,1
206-6,206,6,0,0.026782291,1
206-7,206,7,0,0.047391213,1
206-8,206,8,0,0.030378137,1
206-9,206,9,0,0.12040672,1
206-10,206,10,0,0.022400329,1
206-11,206,11,0,0.06259937,1
206-12,206,12,0,0.054251954,1
207-0,207,0,0,0.024033066,2
207-1,207,1,0,0.037868444,2
207-2,207,2,0,0.06637056,2
207-3,207,3,0,0.06508291,2
207-4,207,4,0,0.01160355,2
207-5,207,5,1,0.5917974,2
207-6,207,6,0,0.0108578475,2
207-7,207,7,1,0.56780267,2
207-8,207,8,0,0.07610126,2
207-9,207,9,0,0.056476846,2
207-10,207,10,0,0.0055503068,2
207-11,207,11,0,0.006145922,2
207-12,207,12,0,0.023489894,2
208-0,208,0,0,0.07428503,3
208-1,208,1,0,0.07999496,3
208-2,208,2,0,0.022799194,3
208-3,208,3,0,0.24766576,3
208-4,208,4,0,0.025478078,3
208-5,208,5,0,0.08746497,3
208-6,208,6,0,0.017085647,3
208-7,208,7,0,0.06865264,3
208-8,208,8,0,0.023590287,3
208-9,208,9,1,0.29011804,3
208-10,208,10,0,0.029829843,3
208-11,208,11,0,0.027236026,3
208-12,208,12,0,0.075603485,3
209-0,209,0,0,0.3024469,1
209-1,209,1,0,0.3197242,1
209-2,209,2,0,0.18429098,1
209-3,209,3,0,0.18187612,1
209-4,209,4,0,0.06865131,1
209-5,209,5,0,0.10006392,1
209-6,209,6,0,0.09063021,1
209-7,209,7,0,0.17294256,1
209-8,209,8,0,0.09114566,1
209-9,209,9,0,0.25675157,1
209-10,209,10,0,0.047720894,1
209-11,209,11,0,0.20923634,1
209-12,209,12,0,0.13086677,1
210-0,210,0,0,0.3015565,1
210-1,210,1,1,0.49746883,1
210-2,210,2,1,0.3283485,1
210-3,210,3,0,0.21830653,1
210-4,210,4,0,0.067832425,1
210-5,210,5,0,0.11246317,1
210-6,210,6,0,0.09931817,1
210-7,210,7,0,0.16480385,1
210-8,210,8,1,0.19294076,1
210-9,210,9,0,0.29545227,1
210-10,210,10,1,0.058526397,1
210-11,210,11,1,0.34141624,1
210-12,210,12,1,0.21493177,1
211-0,211,0,1,0.13209511,4
211-1,211,1,1,0.28819224,4
211-2,211,2,1,0.57291657,4
211-3,211,3,1,0.32856584,4
211-4,211,4,1,0.1410601,4
211-5,211,5,0,0.032856088,4
211-6,211,6,1,0.19308649,4
211-7,211,7,1,0.21878749,4
211-8,211,8,1,0.37112507,4
211-9,211,9,1,0.50050414,4
211-10,211,10,1,0.059044607,4
211-11,211,11,0,0.09667189,4
211-12,211,12,1,0.2852183,4
212-0,212,0,0,0.44540045,1
212-1,212,1,0,0.48393953,1
212-2,212,2,0,0.2969808,1
212-3,212,3,0,0.2836616,1
212-4,212,4,0,0.12778166,1
212-5,212,5,1,0.103564546,1
212-6,212,6,0,0.15136464,1
212-7,212,7,0,0.2729099,1
212-8,212,8,1,0.088756405,1
212-9,212,9,0,0.47757474,1
212-10,212,10,1,0.04741591,1
212-11,212,11,0,0.3293495,1
212-12,212,12,0,0.20431611,1
213-0,213,0,1,0.04322045,4
213-1,213,1,1,0.09149907,4
213-2,213,2,1,0.26809403,4
213-3,213,3,1,0.11523336,4
213-4,213,4,1,0.026174657,4
213-5,213,5,1,0.032856088,4
213-6,213,6,1,0.07241427,4
213-7,213,7,1,0.0722714,4
213-8,213,8,1,0.11042491,4
213-9,213,9,1,0.20297165,4
213-10,213,10,1,0.03527465,4
213-11,213,11,1,0.09667189,4
213-12,213,12,1,0.09208771,4
214-0,214,0,0,0.14275923,3
214-1,214,1,0,0.10264402,3
214-2,214,2,0,0.025637755,3
214-3,214,3,0,0.42747855,3
214-4,214,4,0,0.04614152,3
214-5,214,5,0,0.14431004,3
214-6,214,6,0,0.021372473,3
214-7,214,7,0,0.115923725,3
214-8,214,8,0,0.035360526,3
214-9,214,9,0,0.13819386,3
214-10,214,10,0,0.028859325,3
214-11,214,11,0,0.025873205,3
214-12,214,12,0,0.09615278,3
215-0,215,0,0,0.2540798,1
215-1,215,1,0,0.1853787,1
215-2,215,2,0,0.113067746,1
215-3,215,3,0,0.16346368,1
215-4,215,4,0,0.03919981,1
215-5,215,5,0,0.07593465,1
215-6,215,6,0,0.057660766,1
215-7,215,7,0,0.11319336,1
215-8,215,8,0,0.09086697,1
215-9,215,9,0,0.23096031,1
215-10,215,10,0,0.030259646,1
215-11,215,11,0,0.10277463,1
215-12,215,12,0,0.102866195,1
216-0,216,0,0,0.1356381,1
216-1,216,1,0,0.11419883,1
216-2,216,2,0,0.06314075,1
216-3,216,3,0,0.069743186,1
216-4,216,4,0,0.017878463,1
216-5,216,5,0,0.03594676,1
216-6,216,6,0,0.026879976,1
216-7,216,7,0,0.047391213,1
216-8,216,8,0,0.030378137,1
216-9,216,9,0,0.09835031,1
216-10,216,10,0,0.0219284,1
216-11,216,11,0,0.045948334,1
216-12,216,12,0,0.04277792,1
217-0,217,0,0,0.20046517,2
217-1,217,1,0,0.2042956,2
217-2,217,2,0,0.4650454,2
217-3,217,3,0,0.48208207,2
217-4,217,4,0,0.08582829,2
217-5,217,5,0,0.17482251,2
217-6,217,6,0,0.049402915,2
217-7,217,7,0,0.18634047,2
217-8,217,8,0,0.5226376,2
217-9,217,9,0,0.35753003,2
217-10,217,10,0,0.046310756,2
217-11,217,11,0,0.027830016,2
217-12,217,12,0,0.18225087,2
218-0,218,0,0,0.15551977,1
218-1,218,1,0,0.090423085,1
218-2,218,2,0,0.053010218,1
218-3,218,3,0,0.085193366,1
218-4,218,4,0,0.017311165,1
218-5,218,5,0,0.027472826,1
218-6,218,6,0,0.03223981,1
218-7,218,7,0,0.045931205,1
218-8,218,8,0,0.029426087,1
218-9,218,9,0,0.0895121,1
218-10,218,10,0,0.021235362,1
218-11,218,11,0,0.044530727,1
218-12,218,12,0,0.041453887,1
219-0,219,0,0,0.20785116,2
219-1,219,1,0,0.17912924,2
219-2,219,2,0,0.2860445,2
219-3,219,3,0,0.36764413,2
219-4,219,4,0,0.05666275,2
219-5,219,5,0,0.077143274,2
219-6,219,6,0,0.05667644,2
219-7,219,7,0,0.12287662,2
219-8,219,8,0,0.39852294,2
219-9,219,9,0,0.3525798,2
219-10,219,10,0,0.036223944,2
219-11,219,11,0,0.027910994,2
219-12,219,12,0,0.11777976,2
220-0,220,0,1,0.11016452,2
220-1,220,1,0,0.27778545,2
220-2,220,2,1,0.23572747,2
220-3,220,3,1,0.2681961,2
220-4,220,4,0,0.24136207,2
220-5,220,5,0,0.31668523,2
220-6,220,6,0,0.08708128,2
220-7,220,7,0,0.28691447,2
220-8,220,8,0,0.7277892,2
220-9,220,9,0,0.66749555,2
220-10,220,10,1,0.027109297,2
220-11,220,11,1,0.020158712,2
220-12,220,12,1,0.088595025,2
221-0,221,0,0,0.08109137,4
221-1,221,1,0,0.099023856,4
221-2,221,2,1,0.53747773,4
221-3,221,3,0,0.19790463,4
221-4,221,4,0,0.03541922,4
221-5,221,5,1,0.09271546,4
221-6,221,6,0,0.067060895,4
221-7,221,7,0,0.14841078,4
221-8,221,8,0,0.21147914,4
221-9,221,9,1,0.38651043,4
221-10,221,10,0,0.030475793,4
221-11,221,11,0,0.09756146,4
221-12,221,12,0,0.11700768,4
222-0,222,0,1,0.09663661,4
222-1,222,1,1,0.11696871,4
222-2,222,2,1,0.33530912,4
222-3,222,3,1,0.33440807,4
222-4,222,4,1,0.040029876,4
222-5,222,5,0,0.1264193,4
222-6,222,6,1,0.14819807,4
222-7,222,7,1,0.17441167,4
222-8,222,8,1,0.24534601,4
222-9,222,9,1,0.23692973,4
222-10,222,10,1,0.04356828,4
222-11,222,11,1,0.115275,4
222-12,222,12,1,0.13840105,4
223-0,223,0,0,0.29887798,3
223-1,223,1,0,0.17142841,3
223-2,223,2,0,0.0438094,3
223-3,223,3,0,0.626564,3
223-4,223,4,0,0.09178196,3
223-5,223,5,0,0.23209378,3
223-6,223,6,1,0.03399501,3
223-7,223,7,0,0.2293912,3
223-8,223,8,1,0.0384531,3
223-9,223,9,1,0.14945708,3
223-10,223,10,0,0.046116486,3
223-11,223,11,1,0.032557588,3
223-12,223,12,0,0.24222754,3
224-0,224,0,0,0.14171968,4
224-1,224,1,0,0.16617398,4
224-2,224,2,0,0.5062625,4
224-3,224,3,0,0.37096494,4
224-4,224,4,0,0.08652253,4
224-5,224,5,0,0.07153492,4
224-6,224,6,0,0.16934866,4
224-7,224,7,0,0.20448636,4
224-8,224,8,0,0.2875436,4
224-9,224,9,0,0.39620712,4
224-10,224,10,0,0.046840806,4
224-11,224,11,0,0.14757931,4
224-12,224,12,0,0.22092514,4
225-0,225,0,0,0.083537534,2
225-1,225,1,0,0.087577194,2
225-2,225,2,0,0.2114686,2
225-3,225,3,0,0.22308974,2
225-4,225,4,0,0.043829758,2
225-5,225,5,0,0.034525305,2
225-6,225,6,0,0.031021012,2
225-7,225,7,0,0.06888254,2
225-8,225,8,0,0.22082983,2
225-9,225,9,0,0.1652659,2
225-10,225,10,0,0.01884081,2
225-11,225,11,0,0.015369063,2
225-12,225,12,0,0.064283356,2
226-0,226,0,0,0.13690433,3
226-1,226,1,0,0.10273482,3
226-2,226,2,0,0.03020879,3
226-3,226,3,0,0.41437438,3
226-4,226,4,0,0.04118986,3
226-5,226,5,0,0.13752355,3
226-6,226,6,0,0.025741639,3
226-7,226,7,0,0.099849634,3
226-8,226,8,0,0.030403193,3
226-9,226,9,0,0.13928802,3
226-10,226,10,0,0.04547778,3
226-11,226,11,0,0.025737634,3
226-12,226,12,0,0.085805155,3
227-0,227,0,0,0.15355512,2
227-1,227,1,0,0.19533828,2
227-2,227,2,0,0.31127307,2
227-3,227,3,0,0.29329896,2
227-4,227,4,0,0.0779202,2
227-5,227,5,1,0.22398315,2
227-6,227,6,0,0.04659984,2
227-7,227,7,0,0.12440423,2
227-8,227,8,1,0.5514384,2
227-9,227,9,0,0.26503256,2
227-10,227,10,0,0.03922897,2
227-11,227,11,0,0.022719106,2
227-12,227,12,0,0.16000646,2
228-0,228,0,1,0.24419923,2
228-1,228,1,0,0.12819049,2
228-2,228,2,1,0.4973702,2
228-3,228,3,1,0.51445234,2
228-4,228,4,1,0.17201859,2
228-5,228,5,0,0.098640025,2
228-6,228,6,1,0.054796927,2
228-7,228,7,0,0.12440423,2
228-8,228,8,0,0.38432077,2
228-9,228,9,0,0.26503256,2
228-10,228,10,1,0.060211856,2
228-11,228,11,0,0.03694692,2
228-12,228,12,0,0.102307424,2
229-0,229,0,1,0.29887798,3
229-1,229,1,0,0.09059235,3
229-2,229,2,0,0.033419795,3
229-3,229,3,0,0.3827104,3
229-4,229,4,1,0.09178196,3
229-5,229,5,1,0.23209378,3
229-6,229,6,0,0.030455492,3
229-7,229,7,0,0.12104582,3
229-8,229,8,0,0.03314581,3
229-9,229,9,0,0.18253253,3
229-10,229,10,0,0.041543193,3
229-11,229,11,0,0.028687792,3
229-12,229,12,0,0.122292615,3
230-0,230,0,0,0.056208033,4
230-1,230,1,0,0.07720129,4
230-2,230,2,0,0.23768029,4
230-3,230,3,0,0.17277646,4
230-4,230,4,0,0.030747797,4
230-5,230,5,0,0.02543847,4
230-6,230,6,0,0.070842825,4
230-7,230,7,0,0.06428323,4
230-8,230,8,0,0.107495286,4
230-9,230,9,0,0.14016928,4
230-10,230,10,0,0.033661123,4
230-11,230,11,0,0.06969025,4
230-12,230,12,0,0.09677659,4
231-0,231,0,0,0.20917715,1
231-1,231,1,0,0.19122703,1
231-2,231,2,0,0.10515749,1
231-3,231,3,0,0.13739263,1
231-4,231,4,0,0.03626996,1
231-5,231,5,0,0.061046503,1
231-6,231,6,0,0.0653095,1
231-7,231,7,0,0.099932946,1
231-8,231,8,0,0.06791603,1
231-9,231,9,0,0.20067367,1
231-10,231,10,0,0.05280107,1
231-11,231,11,1,0.41145977,1
231-12,231,12,0,0.09384491,1
232-0,232,0,0,0.17148145,2
232-1,232,1,0,0.25767228,2
232-2,232,2,0,0.33398423,2
232-3,232,3,0,0.34786272,2
232-4,232,4,0,0.07480167,2
232-5,232,5,0,0.096471824,2
232-6,232,6,0,0.05823736,2
232-7,232,7,0,0.099108234,2
232-8,232,8,0,0.3422398,2
232-9,232,9,0,0.32750297,2
232-10,232,10,0,0.03922313,2
232-11,232,11,0,0.03508147,2
232-12,232,12,0,0.12109932,2
233-0,233,0,0,0.14094213,5
233-1,233,1,0,0.43129453,5
233-2,233,2,0,0.12858592,5
233-3,233,3,0,0.47178006,5
233-4,233,4,0,0.1708136,5
233-5,233,5,0,0.016254846,5
233-6,233,6,0,0.41629723,5
233-7,233,7,0,0.4636432,5
233-8,233,8,0,0.2330017,5
233-9,233,9,0,0.43980742,5
233-10,233,10,0,0.01323298,5
233-11,233,11,0,0.12858592,5
233-12,233,12,0,0.24237566,5
234-0,234,0,0,0.14538637,3
234-1,234,1,0,0.10936814,3
234-2,234,2,0,0.032327995,3
234-3,234,3,0,0.4246116,3
234-4,234,4,0,0.03669154,3
234-5,234,5,0,0.122607626,3
234-6,234,6,0,0.027556377,3
234-7,234,7,0,0.12598354,3
234-8,234,8,0,0.033464972,3
234-9,234,9,0,0.14945708,3
234-10,234,10,0,0.040197052,3
234-11,234,11,1,0.066133216,3
234-12,234,12,0,0.10111602,3
235-0,235,0,0,0.20303258,3
235-1,235,1,0,0.093980454,3
235-2,235,2,0,0.02287443,3
235-3,235,3,0,0.4599419,3
235-4,235,4,0,0.048760794,3
235-5,235,5,0,0.1342052,3
235-6,235,6,0,0.034069937,3
235-7,235,7,0,0.1456464,3
235-8,235,8,0,0.0409036,3
235-9,235,9,0,0.17814407,3
235-10,235,10,0,0.029503355,3
235-11,235,11,0,0.032926466,3
235-12,235,12,0,0.10696428,3
236-0,236,0,1,0.14020173,3
236-1,236,1,1,0.10530965,3
236-2,236,2,1,0.03102876,3
236-3,236,3,1,0.36475983,3
236-4,236,4,1,0.035223313,3
236-5,236,5,1,0.11812303,3
236-6,236,6,1,0.028270334,3
236-7,236,7,1,0.10236038,3
236-8,236,8,1,0.031139327,3
236-9,236,9,1,0.14263335,3
236-10,236,10,1,0.046692252,3
236-11,236,11,1,0.026439562,3
236-12,236,12,1,0.097330324,3
237-0,237,0,0,0.46686277,1
237-1,237,1,0,0.3703307,1
237-2,237,2,0,0.24849297,1
237-3,237,3,0,0.35016644,1
237-4,237,4,0,0.10187261,1
237-5,237,5,0,0.15900066,1
237-6,237,6,0,0.10230434,1
237-7,237,7,0,0.24766524,1
237-8,237,8,0,0.12506315,1
237-9,237,9,0,0.38441953,1
237-10,237,10,0,0.044272203,1
237-11,237,11,0,0.2314719,1
237-12,237,12,0,0.15808354,1
238-0,238,0,1,0.65489674,2
238-1,238,1,0,0.031399887,2
238-2,238,2,1,0.86195403,2
238-3,238,3,0,0.07036175,2
238-4,238,4,0,0.01160355,2
238-5,238,5,1,0.54679173,2
238-6,238,6,0,0.009367729,2
238-7,238,7,0,0.01717147,2
238-8,238,8,0,0.06808972,2
238-9,238,9,0,0.05946843,2
238-10,238,10,0,0.004865951,2
238-11,238,11,0,0.0049859234,2
238-12,238,12,0,0.018968066,2
239-0,239,0,1,0.14730278,4
239-1,239,1,1,0.18565089,4
239-2,239,2,1,0.38592565,4
239-3,239,3,1,0.32198593,4
239-4,239,4,0,0.04428441,4
239-5,239,5,0,0.093346275,4
239-6,239,6,1,0.102743566,4
239-7,239,7,0,0.18127044,4
239-8,239,8,0,0.25413564,4
239-9,239,9,0,0.35571036,4
239-10,239,10,0,0.038618144,4
239-11,239,11,1,0.13893853,4
239-12,239,12,1,0.1992516,4
240-0,240,0,0,0.39140937,1
240-1,240,1,0,0.34226164,1
240-2,240,2,0,0.24524984,1
240-3,240,3,0,0.29611805,1
240-4,240,4,0,0.08136943,1
240-5,240,5,0,0.1261485,1
240-6,240,6,0,0.10513023,1
240-7,240,7,0,0.2377106,1
240-8,240,8,0,0.113090426,1
240-9,240,9,0,0.33136907,1
240-10,240,10,0,0.03677873,1
240-11,240,11,0,0.19018933,1
240-12,240,12,0,0.15509805,1
241-0,241,0,0,0.050462145,5
241-1,241,1,0,0.099199995,5
241-2,241,2,0,0.017522719,5
241-3,241,3,0,0.09133531,5
241-4,241,4,0,0.034777954,5
241-5,241,5,0,0.009351759,5
241-6,241,6,0,0.13251634,5
241-7,241,7,0,0.0964079,5
241-8,241,8,0,0.047803763,5
241-9,241,9,0,0.08984555,5
241-10,241,10,0,0.011325356,5
241-11,241,11,0,0.016055409,5
241-12,241,12,0,0.06826439,5
242-0,242,0,0,0.28026935,5
242-1,242,1,0,0.63910836,5
242-2,242,2,0,0.24651755,5
242-3,242,3,0,0.66313255,5
242-4,242,4,0,0.4152097,5
242-5,242,5,1,0.004815542,5
242-6,242,6,0,0.7539461,5
242-7,242,7,0,0.73886627,5
242-8,242,8,0,0.4301697,5
242-9,242,9,0,0.64407486,5
242-10,242,10,0,0.02999972,5
242-11,242,11,0,0.19889152,5
242-12,242,12,0,0.5251691,5
243-0,243,0,0,0.26548108,5
243-1,243,1,0,0.54784936,5
243-2,243,2,0,0.21978454,5
243-3,243,3,0,0.5792503,5
243-4,243,4,0,0.332546,5
243-5,243,5,0,0.029397724,5
243-6,243,6,1,0.10979805,5
243-7,243,7,0,0.6017194,5
243-8,243,8,0,0.34967026,5
243-9,243,9,0,0.55319375,5
243-10,243,10,0,0.021470446,5
243-11,243,11,0,0.14617735,5
243-12,243,12,0,0.4344157,5
244-0,244,0,0,0.34508574,1
244-1,244,1,1,0.6151339,1
244-2,244,2,0,0.22105022,1
244-3,244,3,0,0.24118777,1
244-4,244,4,0,0.08192076,1
244-5,244,5,0,0.108688846,1
244-6,244,6,0,0.12515326,1
244-7,244,7,0,0.18267457,1
244-8,244,8,0,0.11492909,1
244-9,244,9,0,0.34407386,1
244-10,244,10,0,0.055224508,1
244-11,244,11,0,0.16721135,1
244-12,244,12,0,0.16734962,1
245-0,245,0,1,0.06935863,5
245-1,245,1,1,0.22982055,5
245-2,245,2,1,0.039372258,5
245-3,245,3,1,0.17887215,5
245-4,245,4,0,0.03788806,5
245-5,245,5,1,0.009704425,5
245-6,245,6,0,0.091251336,5
245-7,245,7,0,0.11675332,5
245-8,245,8,1,0.06175011,5
245-9,245,9,0,0.14194232,5
245-10,245,10,1,0.007686647,5
245-11,245,11,0,0.021473927,5
245-12,245,12,1,0.10151736,5
246-0,246,0,0,0.24062696,5
246-1,246,1,1,0.11637931,5
246-2,246,2,1,0.02658898,5
246-3,246,3,1,0.12909466,5
246-4,246,4,0,0.22726397,5
246-5,246,5,0,0.020054132,5
246-6,246,6,1,0.16234167,5
246-7,246,7,0,0.48557714,5
246-8,246,8,1,0.064301305,5
246-9,246,9,0,0.430673,5
246-10,246,10,1,0.014080537,5
246-11,246,11,1,0.02627997,5
246-12,246,12,1,0.09965497,5
247-0,247,0,0,0.08066799,4
247-1,247,1,0,0.12279908,4
247-2,247,2,0,0.34270078,4
247-3,247,3,0,0.23465496,4
247-4,247,4,0,0.053907298,4
247-5,247,5,0,0.060058005,4
247-6,247,6,0,0.11061232,4
247-7,247,7,0,0.12799522,4
247-8,247,8,0,0.18969263,4
247-9,247,9,0,0.28260255,4
247-10,247,10,0,0.029326426,4
247-11,247,11,0,0.10353743,4
247-12,247,12,0,0.13658744,4
248-0,248,0,1,0.25312018,2
248-1,248,1,1,0.33052188,2
248-2,248,2,0,0.3574972,2
248-3,248,3,0,0.37592125,2
248-4,248,4,0,0.09350428,2
248-5,248,5,0,0.100021325,2
248-6,248,6,0,0.06458712,2
248-7,248,7,0,0.14779511,2
248-8,248,8,0,0.39090365,2
248-9,248,9,0,0.373546,2
248-10,248,10,0,0.04424443,2
248-11,248,11,0,0.027833216,2
248-12,248,12,0,0.15996058,2
249-0,249,0,0,0.23672752,3
249-1,249,1,0,0.121510915,3
249-2,249,2,0,0.0295249,3
249-3,249,3,0,0.52050364,3
249-4,249,4,0,0.06527489,3
249-5,249,5,0,0.17399509,3
249-6,249,6,0,0.032082576,3
249-7,249,7,0,0.21158703,3
249-8,249,8,0,0.06313208,3
249-9,249,9,0,0.20499118,3
249-10,249,10,0,0.048142496,3
249-11,249,11,0,0.04017514,3
249-12,249,12,0,0.16197728,3
250-0,250,0,1,0.22867182,3
250-1,250,1,1,0.17142841,3
250-2,250,2,0,0.032327995,3
250-3,250,3,1,0.5142698,3
250-4,250,4,1,0.09178196,3
250-5,250,5,0,0.14603746,3
250-6,250,6,0,0.03456838,3
250-7,250,7,1,0.20415798,3
250-8,250,8,1,0.061753754,3
250-9,250,9,1,0.2707065,3
250-10,250,10,1,0.046116486,3
250-11,250,11,1,0.05417489,3
250-12,250,12,1,0.21597809,3
251-0,251,0,0,0.15182064,4
251-1,251,1,0,0.15119627,4
251-2,251,2,0,0.46468115,4
251-3,251,3,1,0.4157483,4
251-4,251,4,0,0.05790079,4
251-5,251,5,0,0.057237186,4
251-6,251,6,0,0.1484712,4
251-7,251,7,0,0.17539759,4
251-8,251,8,0,0.24996915,4
251-9,251,9,0,0.3571268,4
251-10,251,10,0,0.05388065,4
251-11,251,11,0,0.13291456,4
251-12,251,12,0,0.2339801,4
252-0,252,0,0,0.045093585,5
252-1,252,1,0,0.11637931,5
252-2,252,2,0,0.029077657,5
252-3,252,3,0,0.14991315,5
252-4,252,4,0,0.035378855,5
252-5,252,5,1,0.016826335,5
252-6,252,6,0,0.18808042,5
252-7,252,7,1,0.56908077,5
252-8,252,8,0,0.0822377,5
252-9,252,9,0,0.1199878,5
252-10,252,10,0,0.014080537,5
252-11,252,11,0,0.02452757,5
252-12,252,12,0,0.14649943,5
253-0,253,0,0,0.08538521,3
253-1,253,1,0,0.063024536,3
253-2,253,2,0,0.017970668,3
253-3,253,3,0,0.24511701,3
253-4,253,4,0,0.021711048,3
253-5,253,5,0,0.086375594,3
253-6,253,6,0,0.020752246,3
253-7,253,7,0,0.06685201,3
253-8,253,8,0,0.019327616,3
253-9,253,9,0,0.105568446,3
253-10,253,10,0,0.02901572,3
253-11,253,11,0,0.016073309,3
253-12,253,12,0,0.05807103,3
254-0,254,0,0,0.026678652,5
254-1,254,1,0,0.05782668,5
254-2,254,2,0,0.012265879,5
254-3,254,3,0,0.07472549,5
254-4,254,4,0,0.017107153,5
254-5,254,5,0,0.0050985944,5
254-6,254,6,0,0.07252402,5
254-7,254,7,0,0.052227728,5
254-8,254,8,0,0.023048138,5
254-9,254,9,0,0.056187436,5
254-10,254,10,0,0.005468582,5
254-11,254,11,0,0.012008442,5
254-12,254,12,0,0.045064885,5
255-0,255,0,0,0.16369341,1
255-1,255,1,0,0.12614927,1
255-2,255,2,0,0.07129796,1
255-3,255,3,0,0.08533882,1
255-4,255,4,0,0.024760148,1
255-5,255,5,0,0.03692828,1
255-6,255,6,0,0.03701114,1
255-7,255,7,0,0.05916543,1
255-8,255,8,0,0.035477545,1
255-9,255,9,0,0.13290933,1
255-10,255,10,0,0.027940754,1
255-11,255,11,0,0.060318746,1
255-12,255,12,1,0.3140916,1
256-0,256,0,0,0.23844783,3
256-1,256,1,0,0.17932622,3
256-2,256,2,1,0.03020879,3
256-3,256,3,1,0.35838252,3
256-4,256,4,0,0.09643745,3
256-5,256,5,1,0.11527529,3
256-6,256,6,1,0.032307208,3
256-7,256,7,1,0.099849634,3
256-8,256,8,1,0.030316526,3
256-9,256,9,1,0.13928802,3
256-10,256,10,0,0.04857959,3
256-11,256,11,1,0.025737634,3
256-12,256,12,0,0.1632706,3
257-0,257,0,0,0.23898591,3
257-1,257,1,0,0.17976238,3
257-2,257,2,0,0.046285756,3
257-3,257,3,0,0.6334667,3
257-4,257,4,0,0.09669575,3
257-5,257,5,0,0.17579289,3
257-6,257,6,0,0.061846178,3
257-7,257,7,0,0.21367274,3
257-8,257,8,0,0.08024818,3
257-9,257,9,0,0.20702899,3
257-10,257,10,0,0.048716623,3
257-11,257,11,0,0.08074938,3
257-12,257,12,0,0.12494096,3
258-0,258,0,1,0.42062077,5
258-1,258,1,0,0.051798455,5
258-2,258,2,0,0.010932093,5
258-3,258,3,0,0.055957865,5
258-4,258,4,0,0.016565733,5
258-5,258,5,0,0.004540593,5
258-6,258,6,1,0.7539461,5
258-7,258,7,0,0.04675416,5
258-8,258,8,0,0.020566318,5
258-9,258,9,1,0.64407486,5
258-10,258,10,0,0.0046444708,5
258-11,258,11,0,0.010803019,5
258-12,258,12,0,0.040310126,5
259-0,259,0,0,0.37405404,1
259-1,259,1,0,0.34219256,1
259-2,259,2,0,0.1812156,1
259-3,259,3,0,0.2358792,1
259-4,259,4,0,0.06569848,1
259-5,259,5,0,0.094818905,1
259-6,259,6,0,0.10128122,1
259-7,259,7,0,0.18680012,1
259-8,259,8,0,0.111704625,1
259-9,259,9,0,0.30694753,1
259-10,259,10,0,0.0501129,1
259-11,259,11,0,0.18993023,1
259-12,259,12,0,0.17388994,1
260-0,260,0,0,0.16557,3
260-1,260,1,0,0.12508231,3
260-2,260,2,0,0.029018305,3
260-3,260,3,0,0.40833533,3
260-4,260,4,0,0.042159732,3
260-5,260,5,0,0.13894556,3
260-6,260,6,0,0.027558401,3
260-7,260,7,0,0.11712745,3
260-8,260,8,0,0.03238626,3
260-9,260,9,0,0.17038532,3
260-10,260,10,1,0.04414074,3
260-11,260,11,0,0.03529119,3
260-12,260,12,0,0.11853458,3
261-0,261,0,1,0.23533954,3
261-1,261,1,0,0.1084604,3
261-2,261,2,0,0.037046157,3
261-3,261,3,0,0.4115697,3
261-4,261,4,0,0.04365232,3
261-5,261,5,0,0.14487493,3
261-6,261,6,0,0.029191365,3
261-7,261,7,0,0.105433285,3
261-8,261,8,0,0.0314342,3
261-9,261,9,0,0.14671765,3
261-10,261,10,0,0.048183713,3
261-11,261,11,0,0.027302613,3
261-12,261,12,0,0.10026908,3
262-0,262,0,1,0.34602934,5
262-1,262,1,1,0.72538996,5
262-2,262,2,1,0.29348895,5
262-3,262,3,1,0.682196,5
262-4,262,4,1,0.34618044,5
262-5,262,5,0,0.0055447957,5
262-6,262,6,0,0.074572526,5
262-7,262,7,1,0.73886627,5
262-8,262,8,0,0.023048138,5
262-9,262,9,0,0.0590147,5
262-10,262,10,1,0.042671386,5
262-11,262,11,1,0.24429405,5
262-12,262,12,0,0.059763286,5
263-0,263,0,0,0.15182064,4
263-1,263,1,0,0.15119627,4
263-2,263,2,0,0.46468115,4
263-3,263,3,0,0.2988649,4
263-4,263,4,0,0.07437542,4
263-5,263,5,0,0.082657665,4
263-6,263,6,0,0.14988586,4
263-7,263,7,0,0.17539759,4
263-8,263,8,0,0.27594078,4
263-9,263,9,0,0.3571268,4
263-10,263,10,0,0.048849348,4
263-11,263,11,0,0.13478784,4
263-12,263,12,0,0.17831008,4
264-0,264,0,1,0.1316358,4
264-1,264,1,0,0.20906614,4
264-2,264,2,1,0.48647806,4
264-3,264,3,1,0.25987685,4
264-4,264,4,1,0.061415575,4
264-5,264,5,1,0.07132581,4
264-6,264,6,1,0.12551096,4
264-7,264,7,1,0.14841078,4
264-8,264,8,1,0.23470315,4
264-9,264,9,1,0.32622662,4
264-10,264,10,1,0.046117093,4
264-11,264,11,1,0.19099686,4
264-12,264,12,1,0.18160462,4
265-0,265,0,0,0.111387596,3
265-1,265,1,0,0.06863689,3
265-2,265,2,1,0.04957606,3
265-3,265,3,0,0.35390133,3
265-4,265,4,0,0.0334665,3
265-5,265,5,0,0.112642325,3
265-6,265,6,0,0.021885222,3
265-7,265,7,0,0.08775184,3
265-8,265,8,0,0.02578047,3
265-9,265,9,0,0.118449286,3
265-10,265,10,0,0.029897451,3
265-11,265,11,0,0.021463418,3
265-12,265,12,0,0.07645063,3
266-0,266,0,0,0.050462145,5
266-1,266,1,0,0.099199995,5
266-2,266,2,0,0.017522719,5
266-3,266,3,1,0.5000737,5
266-4,266,4,1,0.24557936,5
266-5,266,5,0,0.009351759,5
266-6,266,6,1,0.5594012,5
266-7,266,7,0,0.0964079,5
266-8,266,8,1,0.27727008,5
266-9,266,9,0,0.101146735,5
266-10,266,10,1,0.023208812,5
266-11,266,11,1,0.14599119,5
266-12,266,12,0,0.1033245,5
267-0,267,0,0,0.08128522,5
267-1,267,1,0,0.1924149,5
267-2,267,2,0,0.048554808,5
267-3,267,3,0,0.19827135,5
267-4,267,4,0,0.048851497,5
267-5,267,5,0,0.008591097,5
267-6,267,6,1,0.23289977,5
267-7,267,7,0,0.16804302,5
267-8,267,8,0,0.08022222,5
267-9,267,9,0,0.14587495,5
267-10,267,10,0,0.008099754,5
267-11,267,11,0,0.033438154,5
267-12,267,12,0,0.11391682,5
268-0,268,0,0,0.14598516,3
268-1,268,1,0,0.088188566,3
268-2,268,2,0,0.025974315,3
268-3,268,3,0,0.37575823,3
268-4,268,4,0,0.02826413,3
268-5,268,5,0,0.092710175,3
268-6,268,6,0,0.03472931,3
268-7,268,7,0,0.1067767,3
268-8,268,8,0,0.03221233,3
268-9,268,9,0,0.11506885,3
268-10,268,10,0,0.04038309,3
268-11,268,11,0,0.027681299,3
268-12,268,12,0,0.101554155,3
269-0,269,0,0,0.08530911,3
269-1,269,1,0,0.10273482,3
269-2,269,2,0,0.03020879,3
269-3,269,3,0,0.39696774,3
269-4,269,4,1,0.09643745,3
269-5,269,5,0,0.13752355,3
269-6,269,6,0,0.02752119,3
269-7,269,7,0,0.099849634,3
269-8,269,8,0,0.030652782,3
269-9,269,9,0,0.13928802,3
269-10,269,10,0,0.027060697,3
269-11,269,11,0,0.025737634,3
269-12,269,12,0,0.09492992,3
270-0,270,0,0,0.10815581,1
270-1,270,1,0,0.09711924,1
270-2,270,2,0,0.051069457,1
270-3,270,3,0,0.06354968,1
270-4,270,4,0,0.01876163,1
270-5,270,5,0,0.028402612,1
270-6,270,6,0,0.02900817,1
270-7,270,7,0,0.049551122,1
270-8,270,8,0,0.025726348,1
270-9,270,9,0,0.10506063,1
270-10,270,10,0,0.023020577,1
270-11,270,11,1,0.65071595,1
270-12,270,12,0,0.04259483,1
271-0,271,0,0,0.097159244,4
271-1,271,1,0,0.15302637,4
271-2,271,2,0,0.4679316,4
271-3,271,3,0,0.32343414,4
271-4,271,4,0,0.042859484,4
271-5,271,5,0,0.08196135,4
271-6,271,6,0,0.13074984,4
271-7,271,7,0,0.16990378,4
271-8,271,8,0,0.23953676,4
271-9,271,9,0,0.36013108,4
271-10,271,10,0,0.03736841,4
271-11,271,11,0,0.116478935,4
271-12,271,12,0,0.14063217,4
272-0,272,0,0,0.10785117,2
272-1,272,1,0,0.16277426,2
272-2,272,2,1,0.5058361,2
272-3,272,3,0,0.27218857,2
272-4,272,4,0,0.05331035,2
272-5,272,5,1,0.18467514,2
272-6,272,6,0,0.04172297,2
272-7,272,7,1,0.18492691,2
272-8,272,8,1,0.52030426,2
272-9,272,9,0,0.19887109,2
272-10,272,10,1,0.04852729,2
272-11,272,11,1,0.045178965,2
272-12,272,12,0,0.09723948,2
273-0,273,0,0,0.60930234,1
273-1,273,1,0,0.57770485,1
273-2,273,2,0,0.41974974,1
273-3,273,3,1,0.08106764,1
273-4,273,4,0,0.17877325,1
273-5,273,5,0,0.28848255,1
273-6,273,6,0,0.17553103,1
273-7,273,7,0,0.4097585,1
273-8,273,8,0,0.2211034,1
273-9,273,9,0,0.5220097,1
273-10,273,10,0,0.07368055,1
273-11,273,11,0,0.33959502,1
273-12,273,12,0,0.29010898,1
274-0,274,0,0,0.49176407,1
274-1,274,1,0,0.47612098,1
274-2,274,2,0,0.3283485,1
274-3,274,3,0,0.26933923,1
274-4,274,4,0,0.122490615,1
274-5,274,5,0,0.21507037,1
274-6,274,6,0,0.15845098,1
274-7,274,7,0,0.30635527,1
274-8,274,8,0,0.1511819,1
274-9,274,9,0,0.47518143,1
274-10,274,10,0,0.0578733,1
274-11,274,11,0,0.26108512,1
274-12,274,12,1,0.17857605,1
275-0,275,0,1,0.2657975,5
275-1,275,1,0,0.08983598,5
275-2,275,2,0,0.02131079,5
275-3,275,3,1,0.5792503,5
275-4,275,4,1,0.332546,5
275-5,275,5,0,0.007851951,5
275-6,275,6,1,0.6399179,5
275-7,275,7,0,0.09211677,5
275-8,275,8,0,0.037301682,5
275-9,275,9,0,0.08260423,5
275-10,275,10,0,0.007943516,5
275-11,275,11,0,0.02106179,5
275-12,275,12,0,0.08487601,5
276-0,276,0,1,0.61719114,1
276-1,276,1,1,0.58886224,1
276-2,276,2,1,0.42787197,1
276-3,276,3,1,0.4919302,1
276-4,276,4,1,0.18865736,1
276-5,276,5,1,0.29535773,1
276-6,276,6,1,0.24633439,1
276-7,276,7,1,0.41782662,1
276-8,276,8,1,0.2268848,1
276-9,276,9,1,0.62058973,1
276-10,276,10,1,0.10045074,1
276-11,276,11,1,0.3415859,1
276-12,276,12,1,0.3165485,1
277-0,277,0,0,0.122661196,4
277-1,277,1,0,0.20425694,4
277-2,277,2,0,0.4882233,4
277-3,277,3,0,0.31419203,4
277-4,277,4,0,0.05657494,4
277-5,277,5,1,0.06925813,4
277-6,277,6,0,0.17275104,4
277-7,277,7,0,0.18950488,4
277-8,277,8,1,0.29276752,4
277-9,277,9,0,0.357167,4
277-10,277,10,0,0.040048562,4
277-11,277,11,0,0.16871211,4
277-12,277,12,0,0.16386506,4
278-0,278,0,1,0.106294766,5
278-1,278,1,0,0.1388598,5
278-2,278,2,0,0.03373919,5
278-3,278,3,0,0.20690869,5
278-4,278,4,0,0.05191851,5
278-5,278,5,1,0.013934637,5
278-6,278,6,0,0.16995373,5
278-7,278,7,0,0.11910408,5
278-8,278,8,0,0.05550829,5
278-9,278,9,0,0.14952329,5
278-10,278,10,1,0.011805402,5
278-11,278,11,0,0.034846902,5
278-12,278,12,0,0.1267466,5
279-0,279,0,0,0.20439675,1
279-1,279,1,0,0.19122703,1
279-2,279,2,0,0.099433765,1
279-3,279,3,0,0.12518792,1
279-4,279,4,0,0.035001546,1
279-5,279,5,0,0.061046503,1
279-6,279,6,0,0.063359596,1
279-7,279,7,0,0.099932946,1
279-8,279,8,0,0.060161047,1
279-9,279,9,0,0.19943058,1
279-10,279,10,0,0.046912964,1
279-11,279,11,0,0.0967182,1
279-12,279,12,0,0.09200059,1
280-0,280,0,0,0.16220945,3
280-1,280,1,0,0.09994008,3
280-2,280,2,0,0.028421704,3
280-3,280,3,0,0.41173863,3
280-4,280,4,0,0.03575232,3
280-5,280,5,0,0.13640636,3
280-6,280,6,0,0.02699098,3
280-7,280,7,0,0.114615105,3
280-8,280,8,0,0.03236338,3
280-9,280,9,0,0.14177322,3
280-10,280,10,0,0.047010656,3
280-11,280,11,0,0.029219253,3
280-12,280,12,1,0.18039183,3
281-0,281,0,0,0.06920484,4
281-1,281,1,0,0.07920857,4
281-2,281,2,0,0.26707694,4
281-3,281,3,0,0.17905343,4
281-4,281,4,0,0.026094219,4
281-5,281,5,0,0.035908077,4
281-6,281,6,0,0.07946969,4
281-7,281,7,0,0.074855655,4
281-8,281,8,0,0.13967587,4
281-9,281,9,0,0.17044146,4
281-10,281,10,0,0.04167355,4
281-11,281,11,0,0.09488385,4
281-12,281,12,0,0.107642725,4
282-0,282,0,1,0.59139955,1
282-1,282,1,0,0.30788562,1
282-2,282,2,0,0.17977767,1
282-3,282,3,1,0.39868346,1
282-4,282,4,0,0.05818404,1
282-5,282,5,0,0.10814829,1
282-6,282,6,0,0.10641771,1
282-7,282,7,0,0.16353679,1
282-8,282,8,0,0.09668145,1
282-9,282,9,0,0.3208091,1
282-10,282,10,1,0.058449425,1
282-11,282,11,0,0.14954872,1
282-12,282,12,0,0.14211535,1
283-0,283,0,1,0.59139955,1
283-1,283,1,0,0.33566612,1
283-2,283,2,1,0.37996414,1
283-3,283,3,1,0.41075164,1
283-4,283,4,0,0.07586816,1
283-5,283,5,0,0.1395531,1
283-6,283,6,1,0.16342205,1
283-7,283,7,0,0.19642578,1
283-8,283,8,0,0.14436403,1
283-9,283,9,1,0.5193624,1
283-10,283,10,0,0.06341212,1
283-11,283,11,1,0.31481853,1
283-12,283,12,0,0.20814599,1
284-0,284,0,0,0.097159244,4
284-1,284,1,0,0.15302637,4
284-2,284,2,0,0.33793333,4
284-3,284,3,0,0.3186817,4
284-4,284,4,0,0.051945228,4
284-5,284,5,0,0.0655583,4
284-6,284,6,0,0.12455849,4
284-7,284,7,0,0.1754984,4
284-8,284,8,0,0.24674267,4
284-9,284,9,0,0.2500521,4
284-10,284,10,0,0.03736841,4
284-11,284,11,0,0.11407785,4
284-12,284,12,0,0.14063217,4
285-0,285,0,0,0.18256657,2
285-1,285,1,0,0.23189175,2
285-2,285,2,0,0.3574972,2
285-3,285,3,0,0.39800388,2
285-4,285,4,0,0.06442191,2
285-5,285,5,0,0.117838524,2
285-6,285,6,0,0.06458712,2
285-7,285,7,0,0.14779511,2
285-8,285,8,0,0.39090365,2
285-9,285,9,0,0.373546,2
285-10,285,10,1,0.05368664,2
285-11,285,11,0,0.027833216,2
285-12,285,12,0,0.14919809,2
286-0,286,0,0,0.171841,3
286-1,286,1,0,0.11275857,3
286-2,286,2,1,0.0438094,3
286-3,286,3,1,0.626564,3
286-4,286,4,0,0.03792493,3
286-5,286,5,0,0.15037274,3
286-6,286,6,0,0.035733044,3
286-7,286,7,0,0.12104582,3
286-8,286,8,0,0.03314581,3
286-9,286,9,0,0.18253253,3
286-10,286,10,0,0.041543193,3
286-11,286,11,0,0.033656873,3
286-12,286,12,0,0.104280606,3
287-0,287,0,0,0.058836535,4
287-1,287,1,1,0.28819224,4
287-2,287,2,0,0.24657796,4
287-3,287,3,1,0.41711017,4
287-4,287,4,0,0.023352977,4
287-5,287,5,0,0.032856088,4
287-6,287,6,1,0.2134448,4
287-7,287,7,1,0.27997386,4
287-8,287,8,0,0.12398191,4
287-9,287,9,0,0.17338055,4
287-10,287,10,1,0.06563284,4
287-11,287,11,1,0.29076955,4
287-12,287,12,1,0.24809283,4
288-0,288,0,0,0.037140153,5
288-1,288,1,0,0.09804175,5
288-2,288,2,0,0.016246209,5
288-3,288,3,0,0.09133531,5
288-4,288,4,0,0.030414693,5
288-5,288,5,0,0.009351759,5
288-6,288,6,0,0.1409203,5
288-7,288,7,0,0.10108368,5
288-8,288,8,0,0.047803763,5
288-9,288,9,0,0.08984555,5
288-10,288,10,0,0.011325356,5
288-11,288,11,0,0.017522719,5
288-12,288,12,0,0.07835576,5
289-0,289,0,0,0.036531005,2
289-1,289,1,0,0.059871934,2
289-2,289,2,0,0.1022713,2
289-3,289,3,0,0.09764021,2
289-4,289,4,0,0.013887431,2
289-5,289,5,0,0.021876603,2
289-6,289,6,0,0.017807834,2
289-7,289,7,0,0.024555419,2
289-8,289,8,0,0.10973421,2
289-9,289,9,0,0.099555075,2
289-10,289,10,0,0.009189885,2
289-11,289,11,0,0.0075892312,2
289-12,289,12,0,0.028910063,2
290-0,290,0,0,0.24735041,3
290-1,290,1,0,0.1593705,3
290-2,290,2,0,0.049461182,3
290-3,290,3,0,0.5399466,3
290-4,290,4,0,0.07275538,3
290-5,290,5,0,0.21688566,3
290-6,290,6,0,0.03748119,3
290-7,290,7,0,0.1915968,3
290-8,290,8,0,0.066802084,3
290-9,290,9,0,0.25380448,3
290-10,290,10,0,0.044117317,3
290-11,290,11,0,0.051331792,3
290-12,290,12,0,0.1498219,3
291-0,291,0,0,0.20382185,3
291-1,291,1,0,0.09207191,3
291-2,291,2,0,0.02237424,3
291-3,291,3,0,0.46855497,3
291-4,291,4,0,0.04701118,3
291-5,291,5,0,0.20107852,3
291-6,291,6,0,0.024462063,3
291-7,291,7,0,0.18250525,3
291-8,291,8,0,0.05476825,3
291-9,291,9,0,0.24272604,3
291-10,291,10,0,0.029643135,3
291-11,291,11,0,0.048516545,3
291-12,291,12,0,0.13882336,3
292-0,292,0,1,0.16773736,5
292-1,292,1,0,0.09472468,5
292-2,292,2,0,0.024257168,5
292-3,292,3,0,0.12486918,5
292-4,292,4,0,0.031185756,5
292-5,292,5,0,0.010201517,5
292-6,292,6,0,0.11308614,5
292-7,292,7,0,0.11578351,5
292-8,292,8,0,0.055833045,5
292-9,292,9,0,0.09659305,5
292-10,292,10,0,0.009434583,5
292-11,292,11,0,0.021885993,5
292-12,292,12,0,0.08038524,5
293-0,293,0,0,0.056208033,4
293-1,293,1,0,0.06320877,4
293-2,293,2,0,0.23768029,4
293-3,293,3,0,0.1572664,4
293-4,293,4,0,0.022272173,4
293-5,293,5,0,0.027516263,4
293-6,293,6,0,0.055437222,4
293-7,293,7,0,0.05874665,4
293-8,293,8,0,0.107495286,4
293-9,293,9,0,0.14016928,4
293-10,293,10,0,0.030905511,4
293-11,293,11,0,0.06264565,4
293-12,293,12,0,0.0793804,4
294-0,294,0,0,0.2941161,3
294-1,294,1,0,0.17962222,3
294-2,294,2,0,0.060785607,3
294-3,294,3,0,0.530805,3
294-4,294,4,0,0.070501655,3
294-5,294,5,0,0.2477755,3
294-6,294,6,0,0.0443002,3
294-7,294,7,0,0.20188993,3
294-8,294,8,0,0.06081034,3
294-9,294,9,0,0.21699777,3
294-10,294,10,0,0.035678625,3
294-11,294,11,0,0.04305101,3
294-12,294,12,0,0.16942105,3
295-0,295,0,1,0.3528559,1
295-1,295,1,0,0.42998442,1
295-2,295,2,0,0.31652167,1
295-3,295,3,0,0.37380096,1
295-4,295,4,0,0.12027752,1
295-5,295,5,0,0.20607188,1
295-6,295,6,1,0.113777705,1
295-7,295,7,0,0.27712357,1
295-8,295,8,0,0.14314081,1
295-9,295,9,0,0.49892586,1
295-10,295,10,0,0.055093627,1
295-11,295,11,0,0.25398618,1
295-12,295,12,0,0.20431611,1
296-0,296,0,0,0.308418,3
296-1,296,1,0,0.121510915,3
296-2,296,2,0,0.045738913,3
296-3,296,3,0,0.61429316,3
296-4,296,4,0,0.06651549,3
296-5,296,5,1,0.20784467,3
296-6,296,6,0,0.060140815,3
296-7,296,7,0,0.21158703,3
296-8,296,8,0,0.06313208,3
296-9,296,9,0,0.20499118,3
296-10,296,10,0,0.03257676,3
296-11,296,11,0,0.04017514,3
296-12,296,12,0,0.15925996,3
297-0,297,0,0,0.1497057,3
297-1,297,1,0,0.09059235,3
297-2,297,2,0,0.02673202,3
297-3,297,3,0,0.42219144,3
297-4,297,4,0,0.03792493,3
297-5,297,5,0,0.15037274,3
297-6,297,6,0,0.030455492,3
297-7,297,7,0,0.10962621,3
297-8,297,8,0,0.03314581,3
297-9,297,9,0,0.1538756,3
297-10,297,10,0,0.031510647,3
297-11,297,11,0,0.028687792,3
297-12,297,12,0,0.104280606,3
298-0,298,0,1,0.021498058,5
298-1,298,1,1,0.057738382,5
298-2,298,2,1,0.012265879,5
298-3,298,3,1,0.07472549,5
298-4,298,4,1,0.017107153,5
298-5,298,5,1,0.0050985944,5
298-6,298,6,1,0.07252402,5
298-7,298,7,1,0.055608634,5
298-8,298,8,1,0.023048138,5
298-9,298,9,1,0.056187436,5
298-10,298,10,1,0.0047934107,5
298-11,298,11,1,0.012008442,5
298-12,298,12,1,0.044550978,5
299-0,299,0,0,0.16969162,4
299-1,299,1,1,0.18880595,4
299-2,299,2,0,0.5082239,4
299-3,299,3,1,0.29147017,4
299-4,299,4,1,0.056758072,4
299-5,299,5,0,0.09039922,4
299-6,299,6,0,0.17210801,4
299-7,299,7,0,0.19455405,4
299-8,299,8,0,0.30668494,4
299-9,299,9,1,0.36194143,4
299-10,299,10,0,0.043843087,4
299-11,299,11,0,0.177111,4
299-12,299,12,0,0.19397596,4
300-0,300,0,0,0.042824414,5
300-1,300,1,1,0.4114167,5
300-2,300,2,1,0.101063296,5
300-3,300,3,1,0.3435116,5
300-4,300,4,1,0.14264515,5
300-5,300,5,1,0.013163262,5
300-6,300,6,1,0.39416724,5
300-7,300,7,1,0.32398325,5
300-8,300,8,1,0.17793302,5
300-9,300,9,1,0.42449698,5
300-10,300,10,1,0.015719032,5
300-11,300,11,1,0.07597248,5
300-12,300,12,1,0.25757453,5
301-0,301,0,0,0.11092217,2
301-1,301,1,0,0.16921476,2
301-2,301,2,0,0.23540008,2
301-3,301,3,0,0.2784783,2
301-4,301,4,0,0.05576937,2
301-5,301,5,1,0.240737,2
301-6,301,6,0,0.043222714,2
301-7,301,7,0,0.074388616,2
301-8,301,8,0,0.27990627,2
301-9,301,9,0,0.261258,2
301-10,301,10,0,0.020661155,2
301-11,301,11,0,0.021071332,2
301-12,301,12,0,0.10004219,2
302-0,302,0,1,0.24927689,4
302-1,302,1,1,0.30522403,4
302-2,302,2,1,0.625894,4
302-3,302,3,0,0.20615685,4
302-4,302,4,1,0.14124525,4
302-5,302,5,0,0.07013253,4
302-6,302,6,1,0.27807772,4
302-7,302,7,1,0.28175217,4
302-8,302,8,0,0.21116483,4
302-9,302,9,1,0.57823837,4
302-10,302,10,0,0.029326426,4
302-11,302,11,1,0.3167189,4
302-12,302,12,1,0.31360158,4
303-0,303,0,0,0.042824414,5
303-1,303,1,0,0.08757596,5
303-2,303,2,0,0.01369988,5
303-3,303,3,0,0.10187087,5
303-4,303,4,0,0.023070589,5
303-5,303,5,0,0.0074996846,5
303-6,303,6,0,0.1048834,5
303-7,303,7,0,0.074352264,5
303-8,303,8,0,0.03506283,5
303-9,303,9,0,0.09038275,5
303-10,303,10,0,0.006768379,5
303-11,303,11,0,0.015699655,5
303-12,303,12,1,0.18518281,5
304-0,304,0,1,0.26771954,1
304-1,304,1,0,0.4106511,1
304-2,304,2,0,0.29166648,1
304-3,304,3,0,0.31898028,1
304-4,304,4,1,0.038436487,1
304-5,304,5,1,0.070092276,1
304-6,304,6,0,0.11792622,1
304-7,304,7,1,0.107090525,1
304-8,304,8,0,0.1534347,1
304-9,304,9,1,0.21422769,1
304-10,304,10,1,0.044328094,1
304-11,304,11,1,0.109045185,1
304-12,304,12,0,0.21581851,1
305-0,305,0,0,0.49176407,1
305-1,305,1,0,0.47612098,1
305-2,305,2,0,0.3283485,1
305-3,305,3,0,0.32545137,1
305-4,305,4,0,0.122490615,1
305-5,305,5,0,0.21507037,1
305-6,305,6,0,0.15845098,1
305-7,305,7,0,0.30188277,1
305-8,305,8,0,0.1511819,1
305-9,305,9,0,0.512458,1
305-10,305,10,0,0.0578733,1
305-11,305,11,0,0.26108512,1
305-12,305,12,0,0.21493177,1
306-0,306,0,0,0.034126412,5
306-1,306,1,0,0.08970346,5
306-2,306,2,0,0.02131079,5
306-3,306,3,0,0.10681741,5
306-4,306,4,0,0.024655726,5
306-5,306,5,0,0.007851951,5
306-6,306,6,0,0.10979805,5
306-7,306,7,0,0.08498552,5
306-8,306,8,0,0.037301682,5
306-9,306,9,0,0.091617696,5
306-10,306,10,0,0.007849447,5
306-11,306,11,0,0.019882986,5
306-12,306,12,0,0.07114249,5
307-0,307,0,1,0.22990203,3
307-1,307,1,1,0.19754091,3
307-2,307,2,0,0.05291671,3
307-3,307,3,0,0.5549764,3
307-4,307,4,0,0.055591907,3
307-5,307,5,1,0.26642147,3
307-6,307,6,0,0.040168162,3
307-7,307,7,0,0.21045959,3
307-8,307,8,0,0.066517934,3
307-9,307,9,0,0.2007812,3
307-10,307,10,1,0.042974,3
307-11,307,11,0,0.06765928,3
307-12,307,12,0,0.1573841,3
308-0,308,0,0,0.14538637,3
308-1,308,1,0,0.10936814,3
308-2,308,2,0,0.039006803,3
308-3,308,3,0,0.37463036,3
308-4,308,4,0,0.03669154,3
308-5,308,5,0,0.14603746,3
308-6,308,6,0,0.029457582,3
308-7,308,7,0,0.090895556,3
308-8,308,8,0,0.033464972,3
308-9,308,9,1,0.2707065,3
308-10,308,10,0,0.030479252,3
308-11,308,11,0,0.02774616,3
308-12,308,12,0,0.10111602,3
309-0,309,0,1,0.2848169,2
309-1,309,1,0,0.119902045,2
309-2,309,2,0,0.24488877,2
309-3,309,3,0,0.2819619,2
309-4,309,4,0,0.054294873,2
309-5,309,5,0,0.07027666,2
309-6,309,6,0,0.03834855,2
309-7,309,7,0,0.07015959,2
309-8,309,8,0,0.27434042,2
309-9,309,9,0,0.23612508,2
309-10,309,10,0,0.0257391,2
309-11,309,11,0,0.026247386,2
309-12,309,12,0,0.09097391,2
310-0,310,0,0,0.43228772,5
310-1,310,1,1,0.07431127,5
310-2,310,2,0,0.29348895,5
310-3,310,3,1,0.07472549,5
310-4,310,4,0,0.34618044,5
310-5,310,5,0,0.041532725,5
310-6,310,6,0,0.7539461,5
310-7,310,7,1,0.05818345,5
310-8,310,8,0,0.5047482,5
310-9,310,9,0,0.64407486,5
310-10,310,10,1,0.005468582,5
310-11,310,11,1,0.012265879,5
310-12,310,12,0,0.6746268,5
311-0,311,0,0,0.026075236,2
311-1,311,1,0,0.03403982,2
311-2,311,2,1,0.84326136,2
311-3,311,3,0,0.06508291,2
311-4,311,4,0,0.009593686,2
311-5,311,5,0,0.011859294,2
311-6,311,6,0,0.009367729,2
311-7,311,7,0,0.014192026,2
311-8,311,8,0,0.06808972,2
311-9,311,9,0,0.05854879,2
311-10,311,10,0,0.0050277244,2
311-11,311,11,0,0.0049859234,2
311-12,311,12,0,0.018968066,2
312-0,312,0,0,0.24735041,3
312-1,312,1,0,0.1593705,3
312-2,312,2,0,0.041788343,3
312-3,312,3,0,0.49242872,3
312-4,312,4,0,0.05737646,3
312-5,312,5,0,0.21688566,3
312-6,312,6,0,0.038111042,3
312-7,312,7,0,0.16511478,3
312-8,312,8,0,0.066802084,3
312-9,312,9,0,0.20631765,3
312-10,312,10,0,0.035541784,3
312-11,312,11,0,0.04127977,3
312-12,312,12,0,0.1498219,3
313-0,313,0,0,0.08083471,4
313-1,313,1,0,0.08119648,4
313-2,313,2,0,0.31525752,4
313-3,313,3,0,0.23760626,4
313-4,313,4,0,0.03254308,4
313-5,313,5,0,0.046067934,4
313-6,313,6,0,0.09895522,4
313-7,313,7,0,0.08739612,4
313-8,313,8,0,0.1559787,4
313-9,313,9,0,0.19698386,4
313-10,313,10,0,0.051625736,4
313-11,313,11,0,0.09127085,4
313-12,313,12,0,0.099088244,4
314-0,314,0,1,0.6036984,1
314-1,314,1,1,0.66234106,1
314-2,314,2,1,0.3949499,1
314-3,314,3,1,0.4777583,1
314-4,314,4,1,0.19113056,1
314-5,314,5,1,0.27178803,1
314-6,314,6,0,0.038053766,1
314-7,314,7,1,0.40409172,1
314-8,314,8,1,0.21708596,1
314-9,314,9,1,0.60714054,1
314-10,314,10,0,0.029095491,1
314-11,314,11,1,0.34216624,1
314-12,314,12,0,0.058102846,1
315-0,315,0,0,0.016828908,2
315-1,315,1,0,0.023416394,2
315-2,315,2,0,0.0441174,2
315-3,315,3,0,0.050457228,2
315-4,315,4,0,0.0071794954,2
315-5,315,5,0,0.008919132,2
315-6,315,6,0,0.0075830165,2
315-7,315,7,0,0.009891781,2
315-8,315,8,0,0.051603187,2
315-9,315,9,0,0.046800736,2
315-10,315,10,0,0.0039271037,2
315-11,315,11,0,0.0050006686,2
315-12,315,12,0,0.012875403,2
316-0,316,0,0,0.08757136,2
316-1,316,1,0,0.13315322,2
316-2,316,2,0,0.18523067,2
316-3,316,3,0,0.19400345,2
316-4,316,4,0,0.030453743,2
316-5,316,5,0,0.05133851,2
316-6,316,6,0,0.030040722,2
316-7,316,7,0,0.051251203,2
316-8,316,8,0,0.20121287,2
316-9,316,9,0,0.18411678,2
316-10,316,10,0,0.01860298,2
316-11,316,11,0,0.015199766,2
316-12,316,12,0,0.056228336,2
317-0,317,0,0,0.147801,1
317-1,317,1,0,0.12727025,1
317-2,317,2,0,0.06966418,1
317-3,317,3,0,0.0884652,1
317-4,317,4,0,0.024817275,1
317-5,317,5,0,0.0397799,1
317-6,317,6,0,0.038441457,1
317-7,317,7,0,0.06139733,1
317-8,317,8,0,0.0363428,1
317-9,317,9,0,0.13408117,1
317-10,317,10,0,0.029031092,1
317-11,317,11,0,0.061174918,1
317-12,317,12,0,0.056332387,1
318-0,318,0,0,0.4782423,1
318-1,318,1,0,0.42998442,1
318-2,318,2,0,0.35555917,1
318-3,318,3,0,0.26572764,1
318-4,318,4,0,0.11855553,1
318-5,318,5,0,0.19454657,1
318-6,318,6,0,0.13155021,1
318-7,318,7,0,0.29290885,1
318-8,318,8,0,0.14314081,1
318-9,318,9,0,0.49892586,1
318-10,318,10,0,0.050167367,1
318-11,318,11,0,0.25398618,1
318-12,318,12,0,0.21966492,1
319-0,319,0,0,0.04128174,2
319-1,319,1,0,0.055343386,2
319-2,319,2,0,0.1022713,2
319-3,319,3,0,0.10524426,2
319-4,319,4,0,0.013887431,2
319-5,319,5,0,0.021876603,2
319-6,319,6,0,0.017807834,2
319-7,319,7,0,0.024555419,2
319-8,319,8,0,0.10973421,2
319-9,319,9,0,0.099555075,2
319-10,319,10,0,0.009189885,2
319-11,319,11,0,0.0075892312,2
319-12,319,12,0,0.032703362,2
320-0,320,0,0,0.2887117,4
320-1,320,1,1,0.087547116,4
320-2,320,2,0,0.6933414,4
320-3,320,3,0,0.5874005,4
320-4,320,4,1,0.025395824,4
320-5,320,5,0,0.2087442,4
320-6,320,6,1,0.07745641,4
320-7,320,7,1,0.07294995,4
320-8,320,8,0,0.5001091,4
320-9,320,9,1,0.12811074,4
320-10,320,10,0,0.08985938,4
320-11,320,11,0,0.4086319,4
320-12,320,12,0,0.43524978,4
321-0,321,0,1,0.03952128,4
321-1,321,1,0,0.47786334,4
321-2,321,2,0,0.7770541,4
321-3,321,3,0,0.61796695,4
321-4,321,4,0,0.28169706,4
321-5,321,5,0,0.25825715,4
321-6,321,6,0,0.38658258,4
321-7,321,7,0,0.43876892,4
321-8,321,8,0,0.5480024,4
321-9,321,9,0,0.7071987,4
321-10,321,10,0,0.14005986,4
321-11,321,11,0,0.34041294,4
321-12,321,12,0,0.44112965,4
322-0,322,0,0,0.2551766,2
322-1,322,1,0,0.3808904,2
322-2,322,2,1,0.33398423,2
322-3,322,3,0,0.52670056,2
322-4,322,4,0,0.12923466,2
322-5,322,5,0,0.20743462,2
322-6,322,6,1,0.05823736,2
322-7,322,7,0,0.20303287,2
322-8,322,8,0,0.5491244,2
322-9,322,9,1,0.26761162,2
322-10,322,10,0,0.054869868,2
322-11,322,11,0,0.040025037,2
322-12,322,12,0,0.21039182,2
323-0,323,0,0,0.037198197,5
323-1,323,1,0,0.09804175,5
323-2,323,2,0,0.017522719,5
323-3,323,3,0,0.116171196,5
323-4,323,4,0,0.030414693,5
323-5,323,5,0,0.009351759,5
323-6,323,6,0,0.1409203,5
323-7,323,7,0,0.10108368,5
323-8,323,8,0,0.04599294,5
323-9,323,9,0,0.08984555,5
323-10,323,10,0,0.011325356,5
323-11,323,11,0,0.016055409,5
323-12,323,12,0,0.10858182,5
324-0,324,0,1,0.1426769,4
324-1,324,1,1,0.20378228,4
324-2,324,2,1,0.5082239,4
324-3,324,3,1,0.31883872,4
324-4,324,4,1,0.0871448,4
324-5,324,5,1,0.09039922,4
324-6,324,6,1,0.16022721,4
324-7,324,7,1,0.20342694,4
324-8,324,8,1,0.3143674,4
324-9,324,9,1,0.39808595,4
324-10,324,10,1,0.04437488,4
324-11,324,11,1,0.16372068,4
324-12,324,12,1,0.19595553,4
325-0,325,0,0,0.13896014,2
325-1,325,1,0,0.24400443,2
325-2,325,2,0,0.28482234,2
325-3,325,3,0,0.33300582,2
325-4,325,4,0,0.048194516,2
325-5,325,5,0,0.090314366,2
325-6,325,6,0,0.048138063,2
325-7,325,7,0,0.09279974,2
325-8,325,8,0,0.3260565,2
325-9,325,9,0,0.24700546,2
325-10,325,10,0,0.023530966,2
325-11,325,11,0,0.020226581,2
325-12,325,12,0,0.08839236,2
326-0,326,0,0,0.26339716,4
326-1,326,1,0,0.3772572,4
326-2,326,2,0,0.69761765,4
326-3,326,3,0,0.57277477,4
326-4,326,4,0,0.12752168,4
326-5,326,5,0,0.18976086,4
326-6,326,6,0,0.30777466,4
326-7,326,7,1,0.058505185,4
326-8,326,8,0,0.52586323,4
326-9,326,9,0,0.5961943,4
326-10,326,10,0,0.100934535,4
326-11,326,11,0,0.2553051,4
326-12,326,12,0,0.35264036,4
327-0,327,0,0,0.1426769,4
327-1,327,1,0,0.20378228,4
327-2,327,2,0,0.5082239,4
327-3,327,3,0,0.37279806,4
327-4,327,4,0,0.06499192,4
327-5,327,5,0,0.09039922,4
327-6,327,6,0,0.16375872,4
327-7,327,7,0,0.20106468,4
327-8,327,8,0,0.31122017,4
327-9,327,9,0,0.39808595,4
327-10,327,10,0,0.04437488,4
327-11,327,11,1,0.21234329,4
327-12,327,12,0,0.19595553,4
328-0,328,0,0,0.039667875,4
328-1,328,1,0,0.054375615,4
328-2,328,2,0,0.17648098,4
328-3,328,3,0,0.11368484,4
328-4,328,4,0,0.01771834,4
328-5,328,5,0,0.025590802,4
328-6,328,6,0,0.05627322,4
328-7,328,7,0,0.0551296,4
328-8,328,8,0,0.09485431,4
328-9,328,9,0,0.13952471,4
328-10,328,10,0,0.024214376,4
328-11,328,11,0,0.052260946,4
328-12,328,12,0,0.060277235,4
329-0,329,0,0,0.24895813,1
329-1,329,1,0,0.23170544,1
329-2,329,2,0,0.13252665,1
329-3,329,3,1,0.28960246,1
329-4,329,4,0,0.04722075,1
329-5,329,5,0,0.074004196,1
329-6,329,6,0,0.074324325,1
329-7,329,7,0,0.118545145,1
329-8,329,8,0,0.07019082,1
329-9,329,9,0,0.24255192,1
329-10,329,10,0,0.051587753,1
329-11,329,11,0,0.12068063,1
329-12,329,12,0,0.11573886,1
330-0,330,0,1,0.09794782,4
330-1,330,1,0,0.21695647,4
330-2,330,2,1,0.46473488,4
330-3,330,3,0,0.33088446,4
330-4,330,4,1,0.06984657,4
330-5,330,5,0,0.08406114,4
330-6,330,6,1,0.15402573,4
330-7,330,7,1,0.20040877,4
330-8,330,8,1,0.27428016,4
330-9,330,9,0,0.36651233,4
330-10,330,10,0,0.043091428,4
330-11,330,11,0,0.18838668,4
330-12,330,12,1,0.1881072,4
331-0,331,0,1,0.22406054,4
331-1,331,1,1,0.36282122,4
331-2,331,2,1,0.64193904,4
331-3,331,3,1,0.45416364,4
331-4,331,4,1,0.10616296,4
331-5,331,5,1,0.13651264,4
331-6,331,6,0,0.079987526,4
331-7,331,7,0,0.07352377,4
331-8,331,8,1,0.3664246,4
331-9,331,9,1,0.55479765,4
331-10,331,10,1,0.07898402,4
331-11,331,11,1,0.23231155,4
331-12,331,12,0,0.09107168,4
332-0,332,0,0,0.15113127,3
332-1,332,1,0,0.09832382,3
332-2,332,2,0,0.028811773,3
332-3,332,3,0,0.34724307,3
332-4,332,4,0,0.032716747,3
332-5,332,5,0,0.13183837,3
332-6,332,6,0,0.033773188,3
332-7,332,7,0,0.095549345,3
332-8,332,8,0,0.033928808,3
332-9,332,9,0,0.15912332,3
332-10,332,10,0,0.04340625,3
332-11,332,11,0,0.024542157,3
332-12,332,12,0,0.09082015,3
333-0,333,0,1,0.23134728,2
333-1,333,1,0,0.17422022,2
333-2,333,2,0,0.2718667,2
333-3,333,3,0,0.25454316,2
333-4,333,4,0,0.05677967,2
333-5,333,5,1,0.2093639,2
333-6,333,6,1,0.051759392,2
333-7,333,7,0,0.075709194,2
333-8,333,8,0,0.28375673,2
333-9,333,9,0,0.2155958,2
333-10,333,10,1,0.052985396,2
333-11,333,11,0,0.016261969,2
333-12,333,12,0,0.0913273,2
334-0,334,0,0,0.25833878,1
334-1,334,1,0,0.22653519,1
334-2,334,2,1,0.2736737,1
334-3,334,3,1,0.28960246,1
334-4,334,4,0,0.048555404,1
334-5,334,5,0,0.07793485,1
334-6,334,6,0,0.076128066,1
334-7,334,7,0,0.118545145,1
334-8,334,8,0,0.07019082,1
334-9,334,9,0,0.24255192,1
334-10,334,10,0,0.051672902,1
334-11,334,11,0,0.12730362,1
334-12,334,12,0,0.10705601,1
335-0,335,0,0,0.083537534,2
335-1,335,1,0,0.12765479,2
335-2,335,2,0,0.18326725,2
335-3,335,3,0,0.17383493,2
335-4,335,4,0,0.02347928,2
335-5,335,5,1,0.356678,2
335-6,335,6,0,0.033054173,2
335-7,335,7,1,0.37120825,2
335-8,335,8,0,0.22082983,2
335-9,335,9,0,0.19940524,2
335-10,335,10,0,0.01884081,2
335-11,335,11,0,0.015369063,2
335-12,335,12,0,0.064283356,2
336-0,336,0,0,0.09499952,2
336-1,336,1,0,0.14421752,2
336-2,336,2,0,0.22088742,2
336-3,336,3,0,0.25198606,2
336-4,336,4,0,0.051032096,2
336-5,336,5,0,0.05841342,2
336-6,336,6,0,0.037525836,2
336-7,336,7,0,0.06358752,2
336-8,336,8,0,0.24952745,2
336-9,336,9,0,0.18508221,2
336-10,336,10,0,0.023044094,2
336-11,336,11,0,0.021464506,2
336-12,336,12,0,0.088444054,2
337-0,337,0,0,0.23441687,1
337-1,337,1,0,0.1878277,1
337-2,337,2,0,0.10557281,1
337-3,337,3,0,0.17360988,1
337-4,337,4,0,0.03163083,1
337-5,337,5,0,0.06260103,1
337-6,337,6,0,0.06885687,1
337-7,337,7,0,0.10797849,1
337-8,337,8,0,0.05998597,1
337-9,337,9,0,0.18093333,1
337-10,337,10,0,0.02984664,1
337-11,337,11,0,0.08866193,1
337-12,337,12,0,0.06928761,1
338-0,338,0,0,0.037140153,5
338-1,338,1,0,0.09804175,5
338-2,338,2,0,0.017522719,5
338-3,338,3,0,0.09133531,5
338-4,338,4,0,0.030414693,5
338-5,338,5,0,0.009351759,5
338-6,338,6,0,0.13251634,5
338-7,338,7,0,0.10108368,5
338-8,338,8,0,0.047803763,5
338-9,338,9,0,0.08971303,5
338-10,338,10,1,0.017559608,5
338-11,338,11,0,0.016055409,5
338-12,338,12,0,0.07835576,5
339-0,339,0,1,0.03952128,4
339-1,339,1,1,0.051337633,4
339-2,339,2,1,0.16637857,4
339-3,339,3,1,0.095215745,4
339-4,339,4,1,0.021447785,4
339-5,339,5,1,0.020505643,4
339-6,339,6,1,0.04967549,4
339-7,339,7,1,0.049631674,4
339-8,339,8,1,0.08754553,4
339-9,339,9,1,0.094507225,4
339-10,339,10,1,0.020280426,4
339-11,339,11,1,0.04367909,4
339-12,339,12,1,0.05694511,4
340-0,340,0,0,0.12453453,4
340-1,340,1,0,0.21691139,4
340-2,340,2,0,0.46030715,4
340-3,340,3,0,0.33398372,4
340-4,340,4,0,0.07317313,4
340-5,340,5,0,0.09461735,4
340-6,340,6,0,0.17824307,4
340-7,340,7,0,0.17286728,4
340-8,340,8,0,0.26650006,4
340-9,340,9,0,0.35309744,4
340-10,340,10,0,0.044421513,4
340-11,340,11,0,0.22181754,4
340-12,340,12,1,0.26184,4
341-0,341,0,1,0.2545598,5
341-1,341,1,1,0.5322749,5
341-2,341,2,1,0.14749463,5
341-3,341,3,0,0.116171196,5
341-4,341,4,1,0.24557936,5
341-5,341,5,1,0.021797631,5
341-6,341,6,1,0.5594012,5
341-7,341,7,1,0.50828815,5
341-8,341,8,1,0.27727008,5
341-9,341,9,1,0.471989,5
341-10,341,10,0,0.011325356,5
341-11,341,11,1,0.12042352,5
341-12,341,12,1,0.37461245,5
342-0,342,0,0,0.021498058,5
342-1,342,1,0,0.057738382,5
342-2,342,2,0,0.012265879,5
342-3,342,3,0,0.06384861,5
342-4,342,4,0,0.018573964,5
342-5,342,5,0,0.0050985944,5
342-6,342,6,0,0.07252402,5
342-7,342,7,0,0.052227728,5
342-8,342,8,0,0.023048138,5
342-9,342,9,0,0.0590147,5
342-10,342,10,0,0.0047934107,5
342-11,342,11,1,0.24429405,5
342-12,342,12,1,0.5251691,5
343-0,343,0,0,0.18806837,2
343-1,343,1,0,0.27922603,2
343-2,343,2,0,0.41784608,2
343-3,343,3,0,0.46029198,2
343-4,343,4,0,0.07694456,2
343-5,343,5,0,0.14698613,2
343-6,343,6,0,0.068364255,2
343-7,343,7,0,0.14669563,2
343-8,343,8,0,0.49568546,2
343-9,343,9,0,0.32335788,2
343-10,343,10,0,0.056351162,2
343-11,343,11,1,0.07089753,2
343-12,343,12,0,0.1844803,2
344-0,344,0,0,0.14271821,2
344-1,344,1,0,0.21779057,2
344-2,344,2,0,0.34139723,2
344-3,344,3,0,0.31691363,2
344-4,344,4,0,0.06083752,2
344-5,344,5,0,0.11151812,2
344-6,344,6,0,0.060925692,2
344-7,344,7,0,0.11308335,2
344-8,344,8,0,0.37618273,2
344-9,344,9,0,0.26563004,2
344-10,344,10,0,0.041344076,2
344-11,344,11,0,0.025970845,2
344-12,344,12,0,0.14042862,2
345-0,345,0,0,0.12457608,2
345-1,345,1,0,0.1922454,2
345-2,345,2,0,0.267372,2
345-3,345,3,0,0.32177514,2
345-4,345,4,0,0.052466903,2
345-5,345,5,0,0.08119275,2
345-6,345,6,0,0.055966772,2
345-7,345,7,0,0.098276466,2
345-8,345,8,0,0.34013802,2
345-9,345,9,0,0.23616779,2
345-10,345,10,0,0.029468408,2
345-11,345,11,0,0.022283686,2
345-12,345,12,0,0.12253593,2
346-0,346,0,0,0.020461597,5
346-1,346,1,0,0.057738382,5
346-2,346,2,0,0.012265879,5
346-3,346,3,0,0.07472549,5
346-4,346,4,0,0.017107153,5
346-5,346,5,0,0.0050985944,5
346-6,346,6,0,0.07252402,5
346-7,346,7,0,0.052227728,5
346-8,346,8,0,0.023048138,5
346-9,346,9,0,0.056187436,5
346-10,346,10,1,0.042671386,5
346-11,346,11,0,0.012008442,5
346-12,346,12,0,0.045064885,5
347-0,347,0,1,0.3082337,3
347-1,347,1,0,0.10936814,3
347-2,347,2,0,0.032327995,3
347-3,347,3,0,0.4246116,3
347-4,347,4,0,0.03669154,3
347-5,347,5,0,0.14603746,3
347-6,347,6,0,0.035478726,3
347-7,347,7,0,0.11059762,3
347-8,347,8,0,0.041521125,3
347-9,347,9,0,0.17746371,3
347-10,347,10,1,0.04810292,3
347-11,347,11,1,0.038090996,3
347-12,347,12,0,0.10111602,3
348-0,348,0,0,0.41417468,1
348-1,348,1,0,0.34240386,1
348-2,348,2,0,0.19598624,1
348-3,348,3,0,0.3247205,1
348-4,348,4,0,0.072206706,1
348-5,348,5,0,0.131646,1
348-6,348,6,0,0.12078554,1
348-7,348,7,0,0.20684269,1
348-8,348,8,0,0.12296479,1
348-9,348,9,0,0.35603094,1
348-10,348,10,0,0.056867532,1
348-11,348,11,0,0.17274854,1
348-12,348,12,0,0.15338309,1
349-0,349,0,0,0.028414825,2
349-1,349,1,0,0.040621296,2
349-2,349,2,1,0.622892,2
349-3,349,3,0,0.06905317,2
349-4,349,4,0,0.010100661,2
349-5,349,5,0,0.015553524,2
349-6,349,6,0,0.010615872,2
349-7,349,7,0,0.016190942,2
349-8,349,8,0,0.07127229,2
349-9,349,9,0,0.065201096,2
349-10,349,10,0,0.006396992,2
349-11,349,11,0,0.005289118,2
349-12,349,12,0,0.018081598,2
350-0,350,0,0,0.16055089,3
350-1,350,1,0,0.14701426,3
350-2,350,2,0,0.029000517,3
350-3,350,3,0,0.49743557,3
350-4,350,4,0,0.056607362,3
350-5,350,5,0,0.15879233,3
350-6,350,6,0,0.0363393,3
350-7,350,7,0,0.1365571,3
350-8,350,8,0,0.042341128,3
350-9,350,9,0,0.13695951,3
350-10,350,10,0,0.023788044,3
350-11,350,11,0,0.03702478,3
350-12,350,12,0,0.11024625,3
351-0,351,0,1,0.14738713,4
351-1,351,1,0,0.18548933,4
351-2,351,2,1,0.55699027,4
351-3,351,3,0,0.33336937,4
351-4,351,4,1,0.08483614,4
351-5,351,5,1,0.11544335,4
351-6,351,6,1,0.16945834,4
351-7,351,7,1,0.2157224,4
351-8,351,8,1,0.33058545,4
351-9,351,9,1,0.407223,4
351-10,351,10,0,0.049294345,4
351-11,351,11,0,0.12710133,4
351-12,351,12,1,0.22891529,4
352-0,352,0,0,0.13124089,3
352-1,352,1,0,0.09832382,3
352-2,352,2,0,0.023024164,3
352-3,352,3,0,0.38534933,3
352-4,352,4,0,0.025338871,3
352-5,352,5,0,0.13183837,3
352-6,352,6,0,0.02454598,3
352-7,352,7,0,0.095549345,3
352-8,352,8,0,0.028268155,3
352-9,352,9,0,0.15912332,3
352-10,352,10,0,0.035856646,3
352-11,352,11,0,0.028814461,3
352-12,352,12,0,0.09082015,3
353-0,353,0,0,0.13442785,2
353-1,353,1,0,0.20226292,2
353-2,353,2,0,0.27706352,2
353-3,353,3,0,0.32309094,2
353-4,353,4,0,0.04646288,2
353-5,353,5,0,0.08720798,2
353-6,353,6,0,0.0464083,2
353-7,353,7,0,0.089616306,2
353-8,353,8,1,0.5127214,2
353-9,353,9,0,0.30566856,2
353-10,353,10,0,0.035242252,2
353-11,353,11,0,0.036691546,2
353-12,353,12,0,0.085345864,2
354-0,354,0,0,0.10768469,3
354-1,354,1,0,0.06384,3
354-2,354,2,0,0.018214528,3
354-3,354,3,0,0.29564795,3
354-4,354,4,0,0.022004524,3
354-5,354,5,0,0.08746497,3
354-6,354,6,0,0.016613724,3
354-7,354,7,0,0.06865264,3
354-8,354,8,0,0.020334044,3
354-9,354,9,0,0.092108674,3
354-10,354,10,0,0.029829843,3
354-11,354,11,0,0.016291844,3
354-12,354,12,0,0.058826406,3
355-0,355,0,0,0.1767118,2
355-1,355,1,0,0.22489032,2
355-2,355,2,0,0.25221267,2
355-3,355,3,0,0.38852397,2
355-4,355,4,0,0.06442191,2
355-5,355,5,0,0.09650118,2
355-6,355,6,0,0.062227845,2
355-7,355,7,1,0.17828454,2
355-8,355,8,0,0.3814857,2
355-9,355,9,0,0.22723229,2
355-10,355,10,0,0.042594403,2
355-11,355,11,0,0.027833216,2
355-12,355,12,0,0.11988206,2
356-0,356,0,0,0.032989804,5
356-1,356,1,0,0.08757596,5
356-2,356,2,1,0.05818963,5
356-3,356,3,0,0.10187087,5
356-4,356,4,0,0.022760822,5
356-5,356,5,1,0.01082295,5
356-6,356,6,0,0.07587356,5
356-7,356,7,0,0.07894263,5
356-8,356,8,0,0.037858933,5
356-9,356,9,0,0.07565435,5
356-10,356,10,0,0.006943463,5
356-11,356,11,0,0.01369988,5
356-12,356,12,0,0.05962385,5
357-0,357,0,0,0.05418176,5
357-1,357,1,0,0.10808679,5
357-2,357,2,0,0.03220367,5
357-3,357,3,0,0.19911604,5
357-4,357,4,0,0.037086874,5
357-5,357,5,0,0.009826487,5
357-6,357,6,0,0.16988295,5
357-7,357,7,0,0.11675332,5
357-8,357,8,0,0.054335296,5
357-9,357,9,0,0.11018661,5
357-10,357,10,0,0.011139396,5
357-11,357,11,0,0.023607323,5
357-12,357,12,0,0.07880974,5
358-0,358,0,1,0.29887798,3
358-1,358,1,0,0.11275857,3
358-2,358,2,0,0.033419795,3
358-3,358,3,0,0.3827104,3
358-4,358,4,0,0.03792493,3
358-5,358,5,0,0.15037274,3
358-6,358,6,0,0.035141055,3
358-7,358,7,0,0.10962621,3
358-8,358,8,0,0.03314581,3
358-9,358,9,0,0.12806107,3
358-10,358,10,0,0.041543193,3
358-11,358,11,0,0.033656873,3
358-12,358,12,0,0.104280606,3
359-0,359,0,0,0.027647162,5
359-1,359,1,0,0.07418156,5
359-2,359,2,0,0.012976352,5
359-3,359,3,1,0.4677163,5
359-4,359,4,0,0.019261355,5
359-5,359,5,0,0.0060558203,5
359-6,359,6,0,0.092099585,5
359-7,359,7,0,0.06501942,5
359-8,359,8,0,0.030542683,5
359-9,359,9,0,0.06593303,5
359-10,359,10,0,0.0076547577,5
359-11,359,11,0,0.011533372,5
359-12,359,12,0,0.07200833,5
360-0,360,0,0,0.054971877,5
360-1,360,1,0,0.20269339,5
360-2,360,2,0,0.048554808,5
360-3,360,3,0,0.21050268,5
360-4,360,4,0,0.048851497,5
360-5,360,5,0,0.010519929,5
360-6,360,6,0,0.17839673,5
360-7,360,7,0,0.16804302,5
360-8,360,8,0,0.08022222,5
360-9,360,9,0,0.14587495,5
360-10,360,10,0,0.008099754,5
360-11,360,11,0,0.033438154,5
360-12,360,12,0,0.11391682,5
361-0,361,0,0,0.01917987,5
361-1,361,1,0,0.05171885,5
361-2,361,2,0,0.01150463,5
361-3,361,3,0,0.057230763,5
361-4,361,4,0,0.014805064,5
361-5,361,5,0,0.004540593,5
361-6,361,6,0,0.06506946,5
361-7,361,7,0,0.04675416,5
361-8,361,8,0,0.020566318,5
361-9,361,9,0,0.048887946,5
361-10,361,10,0,0.0043200133,5
361-11,361,11,0,0.010385236,5
361-12,361,12,0,0.03984818,5
362-0,362,0,1,0.43162954,2
362-1,362,1,1,0.63456804,2
362-2,362,2,1,0.7285212,2
362-3,362,3,1,0.7693059,2
362-4,362,4,0,0.014972178,2
362-5,362,5,0,0.021876603,2
362-6,362,6,0,0.018535992,2
362-7,362,7,1,0.44895348,2
362-8,362,8,1,0.789284,2
362-9,362,9,1,0.7199561,2
362-10,362,10,1,0.15137069,2
362-11,362,11,1,0.07389072,2
362-12,362,12,1,0.47968584,2
363-0,363,0,1,0.58593225,1
363-1,363,1,1,0.5608893,1
363-2,363,2,1,0.37747553,1
363-3,363,3,1,0.38869396,1
363-4,363,4,1,0.16306859,1
363-5,363,5,1,0.26894704,1
363-6,363,6,0,0.0653095,1
363-7,363,7,1,0.3864712,1
363-8,363,8,1,0.20481728,1
363-9,363,9,1,0.5932845,1
363-10,363,10,1,0.0640876,1
363-11,363,11,1,0.3030009,1
363-12,363,12,1,0.28902018,1
364-0,364,0,0,0.11391612,5
364-1,364,1,0,0.29993,5
364-2,364,2,0,0.06446559,5
364-3,364,3,0,0.24283408,5
364-4,364,4,0,0.09223054,5
364-5,364,5,0,0.007942651,5
364-6,364,6,0,0.2987131,5
364-7,364,7,1,0.0890193,5
364-8,364,8,0,0.11506567,5
364-9,364,9,0,0.30855393,5
364-10,364,10,1,0.010226053,5
364-11,364,11,1,0.017638052,5
364-12,364,12,0,0.18301491,5
365-0,365,0,0,0.26757872,2
365-1,365,1,0,0.387236,2
365-2,365,2,1,0.24688959,2
365-3,365,3,0,0.53338253,2
365-4,365,4,0,0.13310575,2
365-5,365,5,0,0.240737,2
365-6,365,6,0,0.06606203,2
365-7,365,7,1,0.074471265,2
365-8,365,8,0,0.55215675,2
365-9,365,9,0,0.5453813,2
365-10,365,10,0,0.05829865,2
365-11,365,11,0,0.05656064,2
365-12,365,12,0,0.23516272,2
366-0,366,0,1,0.21308863,3
366-1,366,1,0,0.14442736,3
366-2,366,2,0,0.021826547,3
366-3,366,3,1,0.47979647,3
366-4,366,4,0,0.045760985,3
366-5,366,5,0,0.19483206,3
366-6,366,6,0,0.04754377,3
366-7,366,7,0,0.17311084,3
366-8,366,8,0,0.05163588,3
366-9,366,9,0,0.24011412,3
366-10,366,10,0,0.029235631,3
366-11,366,11,0,0.03086919,3
366-12,366,12,0,0.096055664,3
367-0,367,0,1,0.20680232,3
367-1,367,1,0,0.16873448,3
367-2,367,2,0,0.03710826,3
367-3,367,3,0,0.468442,3
367-4,367,4,0,0.07500652,3
367-5,367,5,1,0.19701411,3
367-6,367,6,1,0.03614167,3
367-7,367,7,0,0.17973939,3
367-8,367,8,1,0.050434664,3
367-9,367,9,1,0.24609955,3
367-10,367,10,0,0.035704434,3
367-11,367,11,0,0.03314693,3
367-12,367,12,0,0.19048417,3
368-0,368,0,1,0.080460936,2
368-1,368,1,1,0.12860474,2
368-2,368,2,1,0.18239339,2
368-3,368,3,1,0.19280736,2
368-4,368,4,1,0.029339628,2
368-5,368,5,1,0.050425176,2
368-6,368,6,1,0.026462942,2
368-7,368,7,1,0.050339364,2
368-8,368,8,1,0.19819032,2
368-9,368,9,1,0.17841564,2
368-10,368,10,1,0.017441709,2
368-11,368,11,1,0.013976493,2
368-12,368,12,1,0.054224044,2
369-0,369,0,0,0.13109832,5
369-1,369,1,0,0.33981866,5
369-2,369,2,0,0.08996352,5
369-3,369,3,0,0.30957448,5
369-4,369,4,0,0.14321429,5
369-5,369,5,0,0.010514973,5
369-6,369,6,0,0.30834588,5
369-7,369,7,0,0.28803235,5
369-8,369,8,0,0.12892388,5
369-9,369,9,0,0.34174356,5
369-10,369,10,0,0.012560423,5
369-11,369,11,0,0.06772978,5
369-12,369,12,0,0.19612935,5
370-0,370,0,0,0.12193677,2
370-1,370,1,0,0.22079249,2
370-2,370,2,0,0.29986966,2
370-3,370,3,1,0.5517049,2
370-4,370,4,0,0.043835443,2
370-5,370,5,0,0.08908117,2
370-6,370,6,0,0.05823736,2
370-7,370,7,0,0.099108234,2
370-8,370,8,0,0.3422398,2
370-9,370,9,0,0.2627562,2
370-10,370,10,0,0.03922313,2
370-11,370,11,0,0.021719692,2
370-12,370,12,0,0.118932284,2
371-0,371,0,0,0.13330197,2
371-1,371,1,0,0.18575184,2
371-2,371,2,0,0.411213,2
371-3,371,3,0,0.3896963,2
371-4,371,4,0,0.09455277,2
371-5,371,5,1,0.17253983,2
371-6,371,6,0,0.045926116,2
371-7,371,7,0,0.14512073,2
371-8,371,8,0,0.43441898,2
371-9,371,9,0,0.38641524,2
371-10,371,10,0,0.042489696,2
371-11,371,11,0,0.027968468,2
371-12,371,12,0,0.114886455,2
372-0,372,0,0,0.03884411,5
372-1,372,1,0,0.1119411,5
372-2,372,2,0,0.023536276,5
372-3,372,3,0,0.11401905,5
372-4,372,4,0,0.032024585,5
372-5,372,5,0,0.009474815,5
372-6,372,6,0,0.13098414,5
372-7,372,7,0,0.104533486,5
372-8,372,8,0,0.048199657,5
372-9,372,9,0,0.11427025,5
372-10,372,10,0,0.009484105,5
372-11,372,11,0,0.023536276,5
372-12,372,12,0,0.08381306,5
373-0,373,0,0,0.14598516,3
373-1,373,1,0,0.088188566,3
373-2,373,2,1,0.0438094,3
373-3,373,3,0,0.41500422,3
373-4,373,4,0,0.036861982,3
373-5,373,5,0,0.12312615,3
373-6,373,6,0,0.029595453,3
373-7,373,7,0,0.1067767,3
373-8,373,8,0,0.03221233,3
373-9,373,9,0,0.17636424,3
373-10,373,10,1,0.046116486,3
373-11,373,11,0,0.027681299,3
373-12,373,12,0,0.101554155,3
374-0,374,0,0,0.11241812,1
374-1,374,1,0,0.11092038,1
374-2,374,2,1,0.49415818,1
374-3,374,3,0,0.08594174,1
374-4,374,4,1,0.1729427,1
374-5,374,5,0,0.034826454,1
374-6,374,6,0,0.03223981,1
374-7,374,7,1,0.4916757,1
374-8,374,8,0,0.036131755,1
374-9,374,9,1,0.6293111,1
374-10,374,10,1,0.087068304,1
374-11,374,11,0,0.055407412,1
374-12,374,12,0,0.052592278,1
375-0,375,0,0,0.10808264,4
375-1,375,1,0,0.12601839,4
375-2,375,2,0,0.34938896,4
375-3,375,3,0,0.3467419,4
375-4,375,4,0,0.047907773,4
375-5,375,5,0,0.05302136,4
375-6,375,6,0,0.14884572,4
375-7,375,7,0,0.17743172,4
375-8,375,8,0,0.25299484,4
375-9,375,9,0,0.25969717,4
375-10,375,10,0,0.036675654,4
375-11,375,11,0,0.12838876,4
375-12,375,12,0,0.17576289,4
376-0,376,0,1,0.34352398,2
376-1,376,1,0,0.065934576,2
376-2,376,2,0,0.1280175,2
376-3,376,3,0,0.14148858,2
376-4,376,4,0,0.017234748,2
376-5,376,5,0,0.01782146,2
376-6,376,6,0,0.020791546,2
376-7,376,7,0,0.030394807,2
376-8,376,8,0,0.13306622,2
376-9,376,9,0,0.11550644,2
376-10,376,10,0,0.011218889,2
376-11,376,11,0,0.009268131,2
376-12,376,12,0,0.042870224,2
377-0,377,0,0,0.027677482,4
377-1,377,1,0,0.043944426,4
377-2,377,2,0,0.16279648,4
377-3,377,3,0,0.10523231,4
377-4,377,4,0,0.01768654,4
377-5,377,5,0,0.01494651,4
377-6,377,6,0,0.045959882,4
377-7,377,7,0,0.045316786,4
377-8,377,8,0,0.077122025,4
377-9,377,9,0,0.10580627,4
377-10,377,10,0,0.019402003,4
377-11,377,11,0,0.04260368,4
377-12,377,12,0,0.04954799,4
378-0,378,0,0,0.02328226,2
378-1,378,1,0,0.055343386,2
378-2,378,2,0,0.11021087,2
378-3,378,3,0,0.09764021,2
378-4,378,4,0,0.013887431,2
378-5,378,5,0,0.021876603,2
378-6,378,6,0,0.017807834,2
378-7,378,7,0,0.024555419,2
378-8,378,8,0,0.10973421,2
378-9,378,9,0,0.08005751,2
378-10,378,10,0,0.009040766,2
378-11,378,11,0,0.0075892312,2
378-12,378,12,0,0.028910063,2
379-0,379,0,0,0.021532204,5
379-1,379,1,0,0.057738382,5
379-2,379,2,1,0.29348895,5
379-3,379,3,0,0.06313463,5
379-4,379,4,0,0.017107153,5
379-5,379,5,0,0.0050985944,5
379-6,379,6,0,0.07252402,5
379-7,379,7,0,0.05818345,5
379-8,379,8,0,0.023048138,5
379-9,379,9,0,0.056187436,5
379-10,379,10,0,0.004851032,5
379-11,379,11,0,0.012008442,5
379-12,379,12,0,0.044550978,5
380-0,380,0,0,0.32979444,1
380-1,380,1,0,0.31040347,1
380-2,380,2,0,0.17522097,1
380-3,380,3,0,0.22554295,1
380-4,380,4,0,0.06389759,1
380-5,380,5,0,0.11671498,1
380-6,380,6,0,0.10842726,1
380-7,380,7,0,0.1704923,1
380-8,380,8,0,0.101137295,1
380-9,380,9,0,0.30066168,1
380-10,380,10,0,0.053764734,1
380-11,380,11,0,0.15479407,1
380-12,380,12,0,0.13470745,1
381-0,381,0,0,0.04070005,4
381-1,381,1,0,0.08072756,4
381-2,381,2,0,0.20883384,4
381-3,381,3,0,0.17981754,4
381-4,381,4,0,0.023352977,4
381-5,381,5,0,0.032856088,4
381-6,381,6,0,0.05106433,4
381-7,381,7,0,0.05999585,4
381-8,381,8,0,0.11042491,4
381-9,381,9,0,0.13161422,4
381-10,381,10,0,0.028764836,4
381-11,381,11,0,0.06555431,4
381-12,381,12,0,0.06183491,4
382-0,382,0,0,0.48964038,1
382-1,382,1,0,0.45974335,1
382-2,382,2,0,0.2648589,1
382-3,382,3,0,0.31831515,1
382-4,382,4,0,0.09702794,1
382-5,382,5,0,0.16619928,1
382-6,382,6,0,0.17395627,1
382-7,382,7,0,0.24427338,1
382-8,382,8,0,0.15899912,1
382-9,382,9,0,0.42772684,1
382-10,382,10,0,0.13119783,1
382-11,382,11,0,0.23109943,1
382-12,382,12,0,0.23165523,1
383-0,383,0,0,0.30529928,5
383-1,383,1,1,0.09804175,5
383-2,383,2,1,0.017522719,5
383-3,383,3,0,0.5097961,5
383-4,383,4,1,0.030414693,5
383-5,383,5,1,0.010655175,5
383-6,383,6,1,0.13251634,5
383-7,383,7,1,0.10316492,5
383-8,383,8,1,0.047803763,5
383-9,383,9,1,0.08984555,5
383-10,383,10,1,0.011964068,5
383-11,383,11,1,0.016055409,5
383-12,383,12,1,0.07835576,5
384-0,384,0,1,0.27979884,2
384-1,384,1,1,0.59101874,2
384-2,384,2,1,0.7285212,2
384-3,384,3,1,0.7693059,2
384-4,384,4,0,0.020115344,2
384-5,384,5,0,0.01483599,2
384-6,384,6,0,0.018535992,2
384-7,384,7,1,0.39383015,2
384-8,384,8,1,0.789284,2
384-9,384,9,0,0.099555075,2
384-10,384,10,1,0.15505219,2
384-11,384,11,1,0.07026736,2
384-12,384,12,1,0.47968584,2
385-0,385,0,0,0.16649543,1
385-1,385,1,0,0.14951988,1
385-2,385,2,0,0.08093307,1
385-3,385,3,0,0.10850984,1
385-4,385,4,0,0.02646059,1
385-5,385,5,0,0.046456117,1
385-6,385,6,0,0.04606004,1
385-7,385,7,0,0.07352621,1
385-8,385,8,0,0.049292106,1
385-9,385,9,0,0.15730694,1
385-10,385,10,0,0.03383942,1
385-11,385,11,0,0.075908236,1
385-12,385,12,0,0.06724874,1
386-0,386,0,0,0.08634593,2
386-1,386,1,0,0.13867685,2
386-2,386,2,0,0.20035602,2
386-3,386,3,0,0.22941527,2
386-4,386,4,0,0.031876907,2
386-5,386,5,0,0.05289767,2
386-6,386,6,0,0.036504682,2
386-7,386,7,0,0.07123653,2
386-8,386,8,0,0.22710998,2
386-9,386,9,0,0.20057943,2
386-10,386,10,0,0.022753255,2
386-11,386,11,0,0.015925571,2
386-12,386,12,0,0.073187,2
387-0,387,0,0,0.020461597,5
387-1,387,1,0,0.057738382,5
387-2,387,2,0,0.012265879,5
387-3,387,3,0,0.06384861,5
387-4,387,4,0,0.017107153,5
387-5,387,5,0,0.0050985944,5
387-6,387,6,0,0.07252402,5
387-7,387,7,0,0.052227728,5
387-8,387,8,0,0.023048138,5
387-9,387,9,0,0.056187436,5
387-10,387,10,0,0.0047934107,5
387-11,387,11,0,0.012008442,5
387-12,387,12,0,0.045064885,5
388-0,388,0,0,0.082436986,2
388-1,388,1,0,0.13894467,2
388-2,388,2,0,0.3315454,2
388-3,388,3,0,0.34686255,2
388-4,388,4,0,0.038004834,2
388-5,388,5,0,0.09001242,2
388-6,388,6,0,0.058449253,2
388-7,388,7,0,0.10873234,2
388-8,388,8,0,0.36588475,2
388-9,388,9,0,0.25711104,2
388-10,388,10,0,0.032870445,2
388-11,388,11,0,0.024877558,2
388-12,388,12,0,0.111167155,2
389-0,389,0,0,0.052737575,2
389-1,389,1,0,0.087577194,2
389-2,389,2,0,0.15165935,2
389-3,389,3,0,0.20556638,2
389-4,389,4,0,0.02347928,2
389-5,389,5,0,0.051116306,2
389-6,389,6,0,0.033054173,2
389-7,389,7,0,0.05471536,2
389-8,389,8,0,0.22082983,2
389-9,389,9,0,0.1652659,2
389-10,389,10,0,0.01884081,2
389-11,389,11,0,0.015369063,2
389-12,389,12,0,0.070773445,2
390-0,390,0,0,0.021532204,5
390-1,390,1,0,0.05782668,5
390-2,390,2,1,0.24651755,5
390-3,390,3,0,0.06313463,5
390-4,390,4,0,0.017107153,5
390-5,390,5,0,0.0055447957,5
390-6,390,6,0,0.074572526,5
390-7,390,7,0,0.052227728,5
390-8,390,8,0,0.026070677,5
390-9,390,9,0,0.056187436,5
390-10,390,10,0,0.004851032,5
390-11,390,11,0,0.012121255,5
390-12,390,12,0,0.045064885,5
391-0,391,0,0,0.10554044,1
391-1,391,1,0,0.09277201,1
391-2,391,2,1,0.4004504,1
391-3,391,3,0,0.062470138,1
391-4,391,4,0,0.014700829,1
391-5,391,5,0,0.027656721,1
391-6,391,6,1,0.2674248,1
391-7,391,7,1,0.46272612,1
391-8,391,8,0,0.025831578,1
391-9,391,9,0,0.09713296,1
391-10,391,10,0,0.021098182,1
391-11,391,11,0,0.040665563,1
391-12,391,12,0,0.04220871,1
392-0,392,0,0,0.20591585,4
392-1,392,1,0,0.30522403,4
392-2,392,2,0,0.625894,4
392-3,392,3,0,0.4370825,4
392-4,392,4,0,0.092309125,4
392-5,392,5,0,0.14518198,4
392-6,392,6,0,0.27807772,4
392-7,392,7,0,0.31403193,4
392-8,392,8,0,0.37643725,4
392-9,392,9,0,0.5170674,4
392-10,392,10,0,0.069867745,4
392-11,392,11,0,0.2547989,4
392-12,392,12,0,0.22188126,4
393-0,393,0,0,0.17008823,3
393-1,393,1,0,0.080098055,3
393-2,393,2,0,0.03101197,3
393-3,393,3,0,0.41332954,3
393-4,393,4,0,0.040451128,3
393-5,393,5,1,0.22325864,3
393-6,393,6,0,0.028613374,3
393-7,393,7,0,0.14482793,3
393-8,393,8,0,0.045204386,3
393-9,393,9,0,0.14482774,3
393-10,393,10,0,0.035253968,3
393-11,393,11,0,0.027285956,3
393-12,393,12,0,0.11721253,3
394-0,394,0,0,0.039667875,4
394-1,394,1,0,0.044795685,4
394-2,394,2,0,0.16986437,4
394-3,394,3,0,0.08972243,4
394-4,394,4,0,0.01771834,4
394-5,394,5,0,0.025590802,4
394-6,394,6,0,0.05627322,4
394-7,394,7,0,0.04868887,4
394-8,394,8,0,0.09485431,4
394-9,394,9,0,0.10260226,4
394-10,394,10,0,0.024214376,4
394-11,394,11,0,0.052260946,4
394-12,394,12,0,0.060277235,4
395-0,395,0,0,0.20128573,2
395-1,395,1,0,0.24872176,2
395-2,395,2,0,0.3798684,2
395-3,395,3,0,0.38550135,2
395-4,395,4,0,0.10243276,2
395-5,395,5,1,0.18461016,2
395-6,395,6,0,0.07213863,2
395-7,395,7,1,0.22437285,2
395-8,395,8,0,0.42796278,2
395-9,395,9,0,0.44131145,2
395-10,395,10,1,0.060939424,2
395-11,395,11,0,0.04821286,2
395-12,395,12,0,0.15814011,2
396-0,396,0,0,0.06172096,4
396-1,396,1,0,0.10383969,4
396-2,396,2,0,0.44371212,4
396-3,396,3,0,0.21634485,4
396-4,396,4,0,0.03519256,4
396-5,396,5,0,0.07490656,4
396-6,396,6,0,0.12086948,4
396-7,396,7,0,0.15222974,4
396-8,396,8,0,0.21650846,4
396-9,396,9,0,0.2775304,4
396-10,396,10,0,0.032076582,4
396-11,396,11,0,0.1023141,4
396-12,396,12,0,0.122579046,4
397-0,397,0,0,0.072921544,2
397-1,397,1,0,0.12765479,2
397-2,397,2,1,0.6999626,2
397-3,397,3,0,0.20556638,2
397-4,397,4,0,0.03078043,2
397-5,397,5,0,0.051116306,2
397-6,397,6,0,0.035254817,2
397-7,397,7,0,0.05471536,2
397-8,397,8,0,0.22082983,2
397-9,397,9,0,0.19940524,2
397-10,397,10,0,0.020261792,2
397-11,397,11,0,0.015369063,2
397-12,397,12,0,0.070773445,2
398-0,398,0,0,0.2545598,5
398-1,398,1,0,0.6059702,5
398-2,398,2,1,0.016055409,5
398-3,398,3,0,0.5097961,5
398-4,398,4,1,0.030414693,5
398-5,398,5,0,0.021797631,5
398-6,398,6,1,0.12172806,5
398-7,398,7,1,0.10108368,5
398-8,398,8,1,0.047803763,5
398-9,398,9,1,0.08984555,5
398-10,398,10,1,0.011325356,5
398-11,398,11,1,0.016055409,5
398-12,398,12,0,0.4557678,5
399-0,399,0,0,0.039667875,4
399-1,399,1,0,0.044795685,4
399-2,399,2,1,0.69761765,4
399-3,399,3,1,0.5582781,4
399-4,399,4,0,0.01771834,4
399-5,399,5,0,0.021854987,4
399-6,399,6,1,0.30777466,4
399-7,399,7,0,0.058505185,4
399-8,399,8,0,0.09485431,4
399-9,399,9,0,0.13952471,4
399-10,399,10,0,0.024214376,4
399-11,399,11,0,0.052260946,4
399-12,399,12,0,0.069338664,4
400-0,400,0,0,0.0851174,4
400-1,400,1,0,0.10383969,4
400-2,400,2,0,0.44371212,4
400-3,400,3,0,0.16175337,4
400-4,400,4,0,0.03519256,4
400-5,400,5,0,0.05718499,4
400-6,400,6,1,0.17999303,4
400-7,400,7,0,0.15222974,4
400-8,400,8,0,0.21650846,4
400-9,400,9,0,0.3379472,4
400-10,400,10,0,0.032076582,4
400-11,400,11,0,0.1023141,4
400-12,400,12,0,0.122579046,4
401-0,401,0,0,0.032702707,2
401-1,401,1,0,0.040621296,2
401-2,401,2,0,0.067026004,2
401-3,401,3,0,0.06905317,2
401-4,401,4,0,0.013250245,2
401-5,401,5,0,0.018396076,2
401-6,401,6,0,0.010615872,2
401-7,401,7,0,0.016190942,2
401-8,401,8,0,0.079256766,2
401-9,401,9,0,0.065201096,2
401-10,401,10,0,0.0074106674,2
401-11,401,11,0,0.005289118,2
401-12,401,12,0,0.02136659,2
402-0,402,0,1,0.58140165,4
402-1,402,1,1,0.6563137,4
402-2,402,2,1,0.8894812,4
402-3,402,3,0,0.12005275,4
402-4,402,4,0,0.018144911,4
402-5,402,5,0,0.018001458,4
402-6,402,6,0,0.04967549,4
402-7,402,7,1,0.64169616,4
402-8,402,8,0,0.08754553,4
402-9,402,9,0,0.12130888,4
402-10,402,10,0,0.022827363,4
402-11,402,11,0,0.04367909,4
402-12,402,12,0,0.05694511,4
403-0,403,0,0,0.18334237,4
403-1,403,1,0,0.27236846,4
403-2,403,2,0,0.58231056,4
403-3,403,3,1,0.33440807,4
403-4,403,4,0,0.11408896,4
403-5,403,5,1,0.085172616,4
403-6,403,6,0,0.22736132,4
403-7,403,7,0,0.25231335,4
403-8,403,8,0,0.34633934,4
403-9,403,9,1,0.420759,4
403-10,403,10,0,0.052204367,4
403-11,403,11,0,0.19130673,4
403-12,403,12,0,0.26470056,4
404-0,404,0,0,0.14538637,3
404-1,404,1,0,0.13139516,3
404-2,404,2,1,0.0438094,3
404-3,404,3,0,0.37463036,3
404-4,404,4,1,0.06376808,3
404-5,404,5,0,0.14603746,3
404-6,404,6,1,0.03930248,3
404-7,404,7,0,0.11059762,3
404-8,404,8,1,0.06537159,3
404-9,404,9,0,0.17746371,3
404-10,404,10,0,0.040197052,3
404-11,404,11,0,0.032557588,3
404-12,404,12,0,0.10111602,3
405-0,405,0,1,0.10128382,3
405-1,405,1,0,0.122528374,3
405-2,405,2,1,0.023024164,3
405-3,405,3,1,0.38534933,3
405-4,405,4,1,0.032716747,3
405-5,405,5,1,0.13183837,3
405-6,405,6,0,0.067941114,3
405-7,405,7,0,0.23413658,3
405-8,405,8,0,0.06347702,3
405-9,405,9,0,0.28162348,3
405-10,405,10,0,0.04857959,3
405-11,405,11,0,0.057600178,3
405-12,405,12,0,0.1632706,3
406-0,406,0,0,0.49598005,4
406-1,406,1,1,0.051337633,4
406-2,406,2,1,0.1840565,4
406-3,406,3,1,0.095215745,4
406-4,406,4,0,0.3594379,4
406-5,406,5,1,0.020505643,4
406-6,406,6,0,0.52995455,4
406-7,406,7,0,0.5684014,4
406-8,406,8,0,0.6329535,4
406-9,406,9,1,0.12130888,4
406-10,406,10,1,0.020280426,4
406-11,406,11,1,0.04367909,4
406-12,406,12,0,0.5638859,4
407-0,407,0,1,0.3020139,3
407-1,407,1,0,0.10936814,3
407-2,407,2,0,0.032327995,3
407-3,407,3,1,0.60711336,3
407-4,407,4,0,0.04404443,3
407-5,407,5,0,0.14603746,3
407-6,407,6,0,0.028966438,3
407-7,407,7,1,0.2384622,3
407-8,407,8,0,0.032528974,3
407-9,407,9,0,0.17746371,3
407-10,407,10,0,0.040197052,3
407-11,407,11,1,0.038090996,3
407-12,407,12,0,0.10111602,3
408-0,408,0,1,0.36750555,4
408-1,408,1,1,0.5299885,4
408-2,408,2,1,0.7802662,4
408-3,408,3,1,0.62235737,4
408-4,408,4,0,0.020429332,4
408-5,408,5,0,0.019531032,4
408-6,408,6,0,0.04626375,4
408-7,408,7,1,0.48542044,4
408-8,408,8,1,0.5890567,4
408-9,408,9,1,0.71104306,4
408-10,408,10,0,0.023930995,4
408-11,408,11,1,0.5324274,4
408-12,408,12,1,0.48724893,4
409-0,409,0,0,0.1359866,2
409-1,409,1,0,0.15947877,2
409-2,409,2,0,0.23833212,2
409-3,409,3,1,0.6645047,2
409-4,409,4,0,0.05819852,2
409-5,409,5,0,0.10160805,2
409-6,409,6,0,0.052036874,2
409-7,409,7,0,0.10269614,2
409-8,409,8,0,0.35531515,2
409-9,409,9,0,0.30539918,2
409-10,409,10,0,0.041274063,2
409-11,409,11,0,0.028721195,2
409-12,409,12,0,0.124610506,2
410-0,410,0,1,0.027681459,5
410-1,410,1,1,0.074269176,5
410-2,410,2,1,0.015886296,5
410-3,410,3,1,0.08933835,5
410-4,410,4,1,0.023070589,5
410-5,410,5,1,0.0074996846,5
410-6,410,6,1,0.076074824,5
410-7,410,7,1,0.074352264,5
410-8,410,8,1,0.03506283,5
410-9,410,9,1,0.07668534,5
410-10,410,10,1,0.008644672,5
410-11,410,11,1,0.013863075,5
410-12,410,12,0,0.18518281,5
411-0,411,0,0,0.3314865,1
411-1,411,1,0,0.3015043,1
411-2,411,2,0,0.20602745,1
411-3,411,3,1,0.38655755,1
411-4,411,4,0,0.067832425,1
411-5,411,5,0,0.123612784,1
411-6,411,6,0,0.104441725,1
411-7,411,7,0,0.19360685,1
411-8,411,8,0,0.0973904,1
411-9,411,9,0,0.28524223,1
411-10,411,10,0,0.049331807,1
411-11,411,11,0,0.15156431,1
411-12,411,12,0,0.14418098,1
412-0,412,0,0,0.12659001,4
412-1,412,1,0,0.15709727,4
412-2,412,2,0,0.49481428,4
412-3,412,3,0,0.30458447,4
412-4,412,4,0,0.061068896,4
412-5,412,5,0,0.08508215,4
412-6,412,6,0,0.15757518,4
412-7,412,7,0,0.18746834,4
412-8,412,8,0,0.26592395,4
412-9,412,9,0,0.29934913,4
412-10,412,10,0,0.04114047,4
412-11,412,11,0,0.15994528,4
412-12,412,12,0,0.17431645,4
413-0,413,0,0,0.28280184,1
413-1,413,1,0,0.19635583,1
413-2,413,2,1,0.27411178,1
413-3,413,3,0,0.16346368,1
413-4,413,4,0,0.052342672,1
413-5,413,5,0,0.07699038,1
413-6,413,6,0,0.08115769,1
413-7,413,7,0,0.1274191,1
413-8,413,8,0,0.074791275,1
413-9,413,9,0,0.25992727,1
413-10,413,10,0,0.044253644,1
413-11,413,11,0,0.10277463,1
413-12,413,12,0,0.102866195,1
414-0,414,0,0,0.115862906,5
414-1,414,1,0,0.23649116,5
414-2,414,2,0,0.06446559,5
414-3,414,3,0,0.23744579,5
414-4,414,4,0,0.093708135,5
414-5,414,5,0,0.007942651,5
414-6,414,6,0,0.2987131,5
414-7,414,7,0,0.26188782,5
414-8,414,8,0,0.11506567,5
414-9,414,9,0,0.30855393,5
414-10,414,10,0,0.0073061422,5
414-11,414,11,0,0.04797594,5
414-12,414,12,0,0.18301491,5
415-0,415,0,0,0.022717657,2
415-1,415,1,0,0.041450735,2
415-2,415,2,0,0.06835618,2
415-3,415,3,0,0.06905317,2
415-4,415,4,0,0.010059745,2
415-5,415,5,0,0.015160253,2
415-6,415,6,0,0.010995956,2
415-7,415,7,0,0.016190942,2
415-8,415,8,0,0.07127229,2
415-9,415,9,0,0.0673032,2
415-10,415,10,1,0.081736,2
415-11,415,11,0,0.005289118,2
415-12,415,12,0,0.020246474,2
416-0,416,0,0,0.2750683,2
416-1,416,1,1,0.29762152,2
416-2,416,2,0,0.50802535,2
416-3,416,3,0,0.523131,2
416-4,416,4,1,0.112519555,2
416-5,416,5,1,0.13847627,2
416-6,416,6,1,0.068015195,2
416-7,416,7,1,0.18127285,2
416-8,416,8,1,0.44420016,2
416-9,416,9,0,0.36112872,2
416-10,416,10,1,0.038310613,2
416-11,416,11,1,0.041844446,2
416-12,416,12,0,0.17947441,2
417-0,417,0,0,0.08748977,3
417-1,417,1,0,0.084468335,3
417-2,417,2,1,0.06595364,3
417-3,417,3,0,0.36475983,3
417-4,417,4,0,0.035223313,3
417-5,417,5,0,0.14083342,3
417-6,417,6,0,0.027798418,3
417-7,417,7,0,0.10236038,3
417-8,417,8,0,0.031139327,3
417-9,417,9,0,0.16961628,3
417-10,417,10,0,0.046692252,3
417-11,417,11,0,0.026439562,3
417-12,417,12,0,0.097330324,3
418-0,418,0,0,0.02328226,2
418-1,418,1,0,0.037514955,2
418-2,418,2,0,0.077021375,2
418-3,418,3,0,0.10524426,2
418-4,418,4,0,0.014972178,2
418-5,418,5,0,0.021876603,2
418-6,418,6,0,0.016931208,2
418-7,418,7,0,0.024555419,2
418-8,418,8,0,0.10973421,2
418-9,418,9,0,0.08005751,2
418-10,418,10,0,0.009189885,2
418-11,418,11,0,0.0075892312,2
418-12,418,12,0,0.028910063,2
419-0,419,0,0,0.09536493,3
419-1,419,1,0,0.08780243,3
419-2,419,2,0,0.025852866,3
419-3,419,3,0,0.37463036,3
419-4,419,4,0,0.028992644,3
419-5,419,5,0,0.14603746,3
419-6,419,6,0,0.029457582,3
419-7,419,7,0,0.10631868,3
419-8,419,8,0,0.03206267,3
419-9,419,9,0,0.14945708,3
419-10,419,10,0,0.040197052,3
419-11,419,11,0,0.02774616,3
419-12,419,12,0,0.10111602,3
420-0,420,0,0,0.068242796,4
420-1,420,1,1,0.3719907,4
420-2,420,2,0,0.26568493,4
420-3,420,3,0,0.15636937,4
420-4,420,4,0,0.03217557,4
420-5,420,5,0,0.03127749,4
420-6,420,6,0,0.06894171,4
420-7,420,7,1,0.33324537,4
420-8,420,8,0,0.10988119,4
420-9,420,9,0,0.1731472,4
420-10,420,10,0,0.03531044,4
420-11,420,11,0,0.06475238,4
420-12,420,12,0,0.086435124,4
421-0,421,0,0,0.29265213,1
421-1,421,1,0,0.27052024,1
421-2,421,2,0,0.17205915,1
421-3,421,3,0,0.25261644,1
421-4,421,4,0,0.060726766,1
421-5,421,5,0,0.11445573,1
421-6,421,6,1,0.14291604,1
421-7,421,7,0,0.17945787,1
421-8,421,8,0,0.13051422,1
421-9,421,9,0,0.2825156,1
421-10,421,10,0,0.04548744,1
421-11,421,11,0,0.1544135,1
421-12,421,12,0,0.13472083,1
422-0,422,0,0,0.33261383,1
422-1,422,1,0,0.27052024,1
422-2,422,2,0,0.21703544,1
422-3,422,3,0,0.25261644,1
422-4,422,4,0,0.060726766,1
422-5,422,5,0,0.10311848,1
422-6,422,6,0,0.11671005,1
422-7,422,7,0,0.17945787,1
422-8,422,8,0,0.10521182,1
422-9,422,9,0,0.30444905,1
422-10,422,10,0,0.04548744,1
422-11,422,11,0,0.1544135,1
422-12,422,12,0,0.13472083,1
423-0,423,0,1,0.31108162,3
423-1,423,1,1,0.17976238,3
423-2,423,2,0,0.032036692,3
423-3,423,3,0,0.4115697,3
423-4,423,4,1,0.09669575,3
423-5,423,5,0,0.121605046,3
423-6,423,6,0,0.029191365,3
423-7,423,7,1,0.21367274,3
423-8,423,8,0,0.0314342,3
423-9,423,9,0,0.17431618,3
423-10,423,10,0,0.039837755,3
423-11,423,11,0,0.027302613,3
423-12,423,12,0,0.11767922,3
424-0,424,0,0,0.13270234,4
424-1,424,1,0,0.17317422,4
424-2,424,2,0,0.44371212,4
424-3,424,3,0,0.27016953,4
424-4,424,4,0,0.064533316,4
424-5,424,5,0,0.043056864,4
424-6,424,6,1,0.17999303,4
424-7,424,7,0,0.15222974,4
424-8,424,8,0,0.21650846,4
424-9,424,9,0,0.2775304,4
424-10,424,10,0,0.032076582,4
424-11,424,11,0,0.1023141,4
424-12,424,12,0,0.122579046,4
425-0,425,0,0,0.1442281,3
425-1,425,1,0,0.1084604,3
425-2,425,2,0,0.037046157,3
425-3,425,3,0,0.4115697,3
425-4,425,4,0,0.036362395,3
425-5,425,5,0,0.121605046,3
425-6,425,6,0,0.029191365,3
425-7,425,7,0,0.105433285,3
425-8,425,8,0,0.0314342,3
425-9,425,9,0,0.17431618,3
425-10,425,10,0,0.039837755,3
425-11,425,11,0,0.027302613,3
425-12,425,12,0,0.10026908,3
426-0,426,0,0,0.06481326,2
426-1,426,1,0,0.06570146,2
426-2,426,2,0,0.14101513,2
426-3,426,3,0,0.14807431,2
426-4,426,4,0,0.022178596,2
426-5,426,5,1,0.22120424,2
426-6,426,6,0,0.02264925,2
426-7,426,7,0,0.03828219,2
426-8,426,8,0,0.15655816,2
426-9,426,9,1,0.5085082,2
426-10,426,10,0,0.015943037,2
426-11,426,11,0,0.011147198,2
426-12,426,12,0,0.046684336,2
427-0,427,0,0,0.5215542,1
427-1,427,1,0,0.5043801,1
427-2,427,2,0,0.33689314,1
427-3,427,3,1,0.22537856,1
427-4,427,4,0,0.13605255,1
427-5,427,5,0,0.2523085,1
427-6,427,6,0,0.17957124,1
427-7,427,7,0,0.3080093,1
427-8,427,8,0,0.15218197,1
427-9,427,9,0,0.48632872,1
427-10,427,10,0,0.058449425,1
427-11,427,11,0,0.2842019,1
427-12,427,12,0,0.23255911,1
