id,case_id,rater_id,y_true,predicted_probability,fold
1-0,1,0,0,0.05382829,3
1-1,1,1,0,0.033251062,3
1-2,1,2,0,0.016389221,3
1-3,1,3,0,0.10710165,3
1-4,1,4,0,0.021168329,3
1-5,1,5,0,0.07844925,3
1-6,1,6,0,0.014681262,3
1-7,1,7,0,0.02787972,3
1-8,1,8,0,0.022708945,3
1-9,1,9,0,0.05751574,3
1-10,1,10,0,0.020028297,3
1-11,1,11,1,0.062150523,3
1-12,1,12,0,0.044878174,3
2-0,2,0,1,0.06290936,5
2-1,2,1,1,0.18835747,5
2-2,2,2,1,0.036945995,5
2-3,2,3,0,0.040585037,5
2-4,2,4,0,0.02231549,5
2-5,2,5,1,0.013664712,5
2-6,2,6,0,0.0432405,5
2-7,2,7,1,0.1362909,5
2-8,2,8,1,0.06254242,5
2-9,2,9,0,0.022675084,5
2-10,2,10,0,0.0059195734,5
2-11,2,11,1,0.05566624,5
2-12,2,12,1,0.08617708,5
3-0,3,0,0,0.051681608,3
3-1,3,1,0,0.04398302,3
3-2,3,2,0,0.015549391,3
3-3,3,3,0,0.14407979,3
3-4,3,4,0,0.020484384,3
3-5,3,5,0,0.07477374,3
3-6,3,6,1,0.02315292,3
3-7,3,7,0,0.022755858,3
3-8,3,8,0,0.021363355,3
3-9,3,9,0,0.072694674,3
3-10,3,10,0,0.01693497,3
3-11,3,11,0,0.029486837,3
3-12,3,12,0,0.04307217,3
4-0,4,0,0,0.010178877,4
4-1,4,1,0,0.022224635,4
4-2,4,2,0,0.0381407,4
4-3,4,3,1,0.32537556,4
4-4,4,4,0,0.009716686,4
4-5,4,5,1,0.16572022,4
4-6,4,6,1,0.20740788,4
4-7,4,7,0,0.019169744,4
4-8,4,8,1,0.3214212,4
4-9,4,9,0,0.043390118,4
4-10,4,10,0,0.008484746,4
4-11,4,11,1,0.31576192,4
4-12,4,12,1,0.23964989,4
5-0,5,0,0,0.0362444,4
5-1,5,1,0,0.07116893,4
5-2,5,2,0,0.16593538,4
5-3,5,3,0,0.113914736,4
5-4,5,4,0,0.037111294,4
5-5,5,5,0,0.046259157,4
5-6,5,6,1,0.052197207,4
5-7,5,7,0,0.06023884,4
5-8,5,8,0,0.123407006,4
5-9,5,9,0,0.148454,4
5-10,5,10,0,0.025945436,4
5-11,5,11,0,0.09156035,4
5-12,5,12,0,0.0734072,4
6-0,6,0,0,0.2671388,1
6-1,6,1,0,0.28558937,1
6-2,6,2,0,0.18320559,1
6-3,6,3,0,0.16254582,1
6-4,6,4,0,0.10881104,1
6-5,6,5,0,0.12745713,1
6-6,6,6,1,0.01486661,1
6-7,6,7,0,0.17324099,1
6-8,6,8,0,0.09527633,1
6-9,6,9,0,0.30245537,1
6-10,6,10,1,0.011320754,1
6-11,6,11,1,0.032620773,1
6-12,6,12,0,0.106709726,1
7-0,7,0,0,0.013222996,4
7-1,7,1,0,0.02457392,4
7-2,7,2,0,0.06182707,4
7-3,7,3,0,0.04440409,4
7-4,7,4,0,0.0132992305,4
7-5,7,5,0,0.016513053,4
7-6,7,6,1,0.13798809,4
7-7,7,7,0,0.01862544,4
7-8,7,8,0,0.03860702,4
7-9,7,9,0,0.058652736,4
7-10,7,10,1,0.07812474,4
7-11,7,11,0,0.028594023,4
7-12,7,12,0,0.024570333,4
8-0,8,0,0,0.043414883,3
8-1,8,1,0,0.030106865,3
8-2,8,2,0,0.008242332,3
8-3,8,3,0,0.0662921,3
8-4,8,4,0,0.013195648,3
8-5,8,5,0,0.048750505,3
8-6,8,6,0,0.009114757,3
8-7,8,7,0,0.019667063,3
8-8,8,8,0,0.014191632,3
8-9,8,9,0,0.04596939,3
8-10,8,10,0,0.012039291,3
8-11,8,11,0,0.018497977,3
8-12,8,12,0,0.02706696,3
9-0,9,0,0,0.06183992,3
9-1,9,1,0,0.06155921,3
9-2,9,2,0,0.018300314,3
9-3,9,3,0,0.10973197,3
9-4,9,4,1,0.043997757,3
9-5,9,5,1,0.11249044,3
9-6,9,6,0,0.020750796,3
9-7,9,7,0,0.028534528,3
9-8,9,8,1,0.036274944,3
9-9,9,9,1,0.10886885,3
9-10,9,10,1,0.02202213,3
9-11,9,11,0,0.04415874,3
9-12,9,12,0,0.059333593,3
10-0,10,0,0,0.08257206,3
10-1,10,1,1,0.12912753,3
10-2,10,2,0,0.019278575,3
10-3,10,3,0,0.1744654,3
10-4,10,4,0,0.024878934,3
10-5,10,5,1,0.19502924,3
10-6,10,6,0,0.019386157,3
10-7,10,7,0,0.04768537,3
10-8,10,8,1,0.061567873,3
10-9,10,9,0,0.08804535,3
10-10,10,10,1,0.038122352,3
10-11,10,11,0,0.042546935,3
10-12,10,12,1,0.10506254,3
11-0,11,0,0,0.009802885,5
11-1,11,1,0,0.021485643,5
11-2,11,2,0,0.0063256454,5
11-3,11,3,0,0.03094541,5
11-4,11,4,0,0.015684593,5
11-5,11,5,0,0.005149786,5
11-6,11,6,0,0.0432405,5
11-7,11,7,0,0.02266704,5
11-8,11,8,0,0.010673664,5
11-9,11,9,1,0.19930036,5
11-10,11,10,0,0.0044807508,5
11-11,11,11,0,0.007881541,5
11-12,11,12,0,0.024996277,5
12-0,12,0,0,0.05186093,3
12-1,12,1,0,0.058844183,3
12-2,12,2,0,0.015712423,3
12-3,12,3,0,0.09482066,3
12-4,12,4,0,0.026030432,3
12-5,12,5,0,0.08989553,3
12-6,12,6,0,0.014820115,3
12-7,12,7,0,0.05740905,3
12-8,12,8,0,0.04081676,3
12-9,12,9,0,0.09779598,3
12-10,12,10,0,0.017167993,3
12-11,12,11,0,0.03562156,3
12-12,12,12,0,0.061191168,3
13-0,13,0,0,0.14704342,2
13-1,13,1,0,0.39552832,2
13-2,13,2,0,0.29756364,2
13-3,13,3,0,0.4583542,2
13-4,13,4,0,0.16766466,2
13-5,13,5,0,0.318833,2
13-6,13,6,0,0.083083175,2
13-7,13,7,0,0.2059957,2
13-8,13,8,0,0.5065527,2
13-9,13,9,0,0.4656079,2
13-10,13,10,0,0.07496142,2
13-11,13,11,0,0.09416954,2
13-12,13,12,0,0.26190805,2
14-0,14,0,0,0.02044595,4
14-1,14,1,0,0.03613071,4
14-2,14,2,0,0.07645786,4
14-3,14,3,0,0.040248964,4
14-4,14,4,0,0.0178068,4
14-5,14,5,0,0.018146925,4
14-6,14,6,0,0.031196618,4
14-7,14,7,0,0.039136127,4
14-8,14,8,0,0.050066862,4
14-9,14,9,0,0.08026991,4
14-10,14,10,0,0.01387204,4
14-11,14,11,0,0.044767044,4
14-12,14,12,0,0.039087925,4
15-0,15,0,1,0.051681608,3
15-1,15,1,1,0.044798683,3
15-2,15,2,1,0.015846498,3
15-3,15,3,1,0.15763253,3
15-4,15,4,1,0.021898653,3
15-5,15,5,1,0.07477374,3
15-6,15,6,1,0.013443974,3
15-7,15,7,1,0.03873342,3
15-8,15,8,1,0.021363355,3
15-9,15,9,0,0.17165698,3
15-10,15,10,1,0.017027693,3
15-11,15,11,1,0.029763758,3
15-12,15,12,1,0.0433017,3
16-0,16,0,0,0.06290936,5
16-1,16,1,0,0.19438916,5
16-2,16,2,0,0.05566624,5
16-3,16,3,0,0.17306554,5
16-4,16,4,0,0.11178539,5
16-5,16,5,0,0.015040848,5
16-6,16,6,0,0.2370373,5
16-7,16,7,0,0.13454089,5
16-8,16,8,0,0.06342459,5
16-9,16,9,0,0.19930036,5
16-10,16,10,0,0.011412549,5
16-11,16,11,0,0.05566624,5
16-12,16,12,0,0.11809496,5
17-0,17,0,0,0.22844723,1
17-1,17,1,0,0.25590014,1
17-2,17,2,0,0.17772996,1
17-3,17,3,1,0.03894837,1
17-4,17,4,0,0.09022797,1
17-5,17,5,1,0.022250501,1
17-6,17,6,1,0.018272117,1
17-7,17,7,0,0.13397287,1
17-8,17,8,1,0.017479789,1
17-9,17,9,0,0.29534477,1
17-10,17,10,1,0.014224672,1
17-11,17,11,1,0.03872562,1
17-12,17,12,1,0.031092644,1
18-0,18,0,0,0.19919568,5
18-1,18,1,0,0.46166366,5
18-2,18,2,0,0.18489262,5
18-3,18,3,0,0.4460762,5
18-4,18,4,0,0.36720762,5
18-5,18,5,0,0.064113215,5
18-6,18,6,0,0.6234889,5
18-7,18,7,0,0.33776158,5
18-8,18,8,0,0.23964915,5
18-9,18,9,0,0.4681544,5
18-10,18,10,0,0.04743811,5
18-11,18,11,0,0.22570175,5
18-12,18,12,0,0.4190381,5
19-0,19,0,0,0.04452784,2
19-1,19,1,0,0.10785572,2
19-2,19,2,0,0.12857838,2
19-3,19,3,0,0.12242953,2
19-4,19,4,0,0.042890996,2
19-5,19,5,0,0.062933005,2
19-6,19,6,0,0.024863454,2
19-7,19,7,0,0.030465664,2
19-8,19,8,0,0.13790956,2
19-9,19,9,0,0.14960343,2
19-10,19,10,0,0.02002987,2
19-11,19,11,0,0.019053422,2
19-12,19,12,0,0.045608573,2
20-0,20,0,0,0.018425304,5
20-1,20,1,0,0.042833485,5
20-2,20,2,0,0.012112647,5
20-3,20,3,0,0.056552947,5
20-4,20,4,0,0.023095142,5
20-5,20,5,0,0.0071266936,5
20-6,20,6,0,0.07853959,5
20-7,20,7,0,0.037626974,5
20-8,20,8,0,0.015940389,5
20-9,20,9,0,0.045463253,5
20-10,20,10,0,0.007506427,5
20-11,20,11,0,0.015518735,5
20-12,20,12,0,0.03903839,5
21-0,21,0,0,0.0139977345,5
21-1,21,1,0,0.035448723,5
21-2,21,2,0,0.010970618,5
21-3,21,3,0,0.04580317,5
21-4,21,4,0,0.018907083,5
21-5,21,5,0,0.005396599,5
21-6,21,6,0,0.047484007,5
21-7,21,7,0,0.024793893,5
21-8,21,8,0,0.012668337,5
21-9,21,9,0,0.036526393,5
21-10,21,10,0,0.0060961605,5
21-11,21,11,0,0.012668539,5
21-12,21,12,0,0.024979431,5
22-0,22,0,0,0.15223925,1
22-1,22,1,0,0.16887003,1
22-2,22,2,1,0.06458993,1
22-3,22,3,0,0.0899399,1
22-4,22,4,0,0.05096481,1
22-5,22,5,0,0.056323316,1
22-6,22,6,0,0.052717153,1
22-7,22,7,0,0.075063616,1
22-8,22,8,0,0.051758222,1
22-9,22,9,0,0.14498843,1
22-10,22,10,0,0.02498876,1
22-11,22,11,0,0.11594085,1
22-12,22,12,0,0.07526352,1
23-0,23,0,0,0.2671388,1
23-1,23,1,0,0.30727285,1
23-2,23,2,0,0.1969979,1
23-3,23,3,1,0.034798793,1
23-4,23,4,0,0.13675414,1
23-5,23,5,0,0.12745713,1
23-6,23,6,0,0.10294041,1
23-7,23,7,0,0.16392122,1
23-8,23,8,0,0.101165496,1
23-9,23,9,0,0.3047454,1
23-10,23,10,0,0.043695144,1
23-11,23,11,0,0.21286203,1
23-12,23,12,0,0.13101415,1
24-0,24,0,0,0.21144426,1
24-1,24,1,0,0.21488234,1
24-2,24,2,0,0.12895502,1
24-3,24,3,0,0.12069201,1
24-4,24,4,0,0.07262448,1
24-5,24,5,0,0.08809489,1
24-6,24,6,1,0.03533013,1
24-7,24,7,0,0.10808183,1
24-8,24,8,0,0.067893915,1
24-9,24,9,0,0.21107192,1
24-10,24,10,0,0.031232113,1
24-11,24,11,0,0.1524715,1
24-12,24,12,0,0.09977492,1
25-0,25,0,0,0.04371373,2
25-1,25,1,0,0.104683354,2
25-2,25,2,0,0.097184025,2
25-3,25,3,0,0.1355305,2
25-4,25,4,0,0.02587375,2
25-5,25,5,0,0.06055794,2
25-6,25,6,0,0.021482194,2
25-7,25,7,0,0.029367996,2
25-8,25,8,0,0.13227308,2
25-9,25,9,0,0.12207279,2
25-10,25,10,0,0.010410898,2
25-11,25,11,0,0.01693005,2
25-12,25,12,0,0.04342448,2
26-0,26,0,0,0.10653808,1
26-1,26,1,0,0.11330937,1
26-2,26,2,0,0.08811067,1
26-3,26,3,0,0.08235935,1
26-4,26,4,0,0.032440577,1
26-5,26,5,0,0.04494594,1
26-6,26,6,0,0.038027547,1
26-7,26,7,0,0.063502945,1
26-8,26,8,0,0.033995047,1
26-9,26,9,0,0.100409426,1
26-10,26,10,0,0.02284758,1
26-11,26,11,0,0.07692412,1
26-12,26,12,0,0.05620597,1
27-0,27,0,0,0.040356833,1
27-1,27,1,0,0.044068057,1
27-2,27,2,0,0.026066266,1
27-3,27,3,0,0.026946615,1
27-4,27,4,0,0.011404901,1
27-5,27,5,0,0.016149191,1
27-6,27,6,0,0.01251548,1
27-7,27,7,0,0.018911118,1
27-8,27,8,0,0.011650436,1
27-9,27,9,0,0.043120295,1
27-10,27,10,1,0.049056213,1
27-11,27,11,0,0.027700396,1
27-12,27,12,0,0.018035803,1
28-0,28,0,0,0.097300455,2
28-1,28,1,0,0.23120384,2
28-2,28,2,1,0.105645865,2
28-3,28,3,0,0.29789278,2
28-4,28,4,1,0.0297567,2
28-5,28,5,1,0.055171292,2
28-6,28,6,0,0.033911362,2
28-7,28,7,0,0.10277148,2
28-8,28,8,0,0.28389063,2
28-9,28,9,0,0.31907457,2
28-10,28,10,0,0.035009984,2
28-11,28,11,0,0.035890914,2
28-12,28,12,0,0.12252524,2
29-0,29,0,1,0.06336635,3
29-1,29,1,1,0.0649527,3
29-2,29,2,0,0.024493396,3
29-3,29,3,1,0.112299085,3
29-4,29,4,0,0.031715665,3
29-5,29,5,1,0.07246417,3
29-6,29,6,1,0.018674897,3
29-7,29,7,1,0.06007355,3
29-8,29,8,1,0.033334967,3
29-9,29,9,1,0.06877136,3
29-10,29,10,0,0.021234544,3
29-11,29,11,1,0.046922088,3
29-12,29,12,1,0.06503534,3
30-0,30,0,0,0.01219801,2
30-1,30,1,0,0.024216104,2
30-2,30,2,0,0.03450994,2
30-3,30,3,0,0.02177119,2
30-4,30,4,0,0.009904009,2
30-5,30,5,0,0.013650177,2
30-6,30,6,0,0.0063506793,2
30-7,30,7,0,0.010022405,2
30-8,30,8,0,0.03538839,2
30-9,30,9,0,0.034613613,2
30-10,30,10,0,0.0040799514,2
30-11,30,11,0,0.004467778,2
30-12,30,12,0,0.011290304,2
31-0,31,0,0,0.015630282,4
31-1,31,1,0,0.025138581,4
31-2,31,2,0,0.06319226,4
31-3,31,3,0,0.03386872,4
31-4,31,4,0,0.010607072,4
31-5,31,5,0,0.0148359,4
31-6,31,6,0,0.022991259,4
31-7,31,7,0,0.028497394,4
31-8,31,8,0,0.039372306,4
31-9,31,9,0,0.06082211,4
31-10,31,10,0,0.010397225,4
31-11,31,11,0,0.030542362,4
31-12,31,12,0,0.029842539,4
32-0,32,0,1,0.06968711,2
32-1,32,1,0,0.09692687,2
32-2,32,2,0,0.15989698,2
32-3,32,3,1,0.20514643,2
32-4,32,4,1,0.06755801,2
32-5,32,5,1,0.10535059,2
32-6,32,6,0,0.022323132,2
32-7,32,7,0,0.047504928,2
32-8,32,8,1,0.2858766,2
32-9,32,9,1,0.29210672,2
32-10,32,10,1,0.022523697,2
32-11,32,11,1,0.029090676,2
32-12,32,12,1,0.10510815,2
33-0,33,0,0,0.14178294,3
33-1,33,1,0,0.11322363,3
33-2,33,2,0,0.03560613,3
33-3,33,3,0,0.31841537,3
33-4,33,4,0,0.055497166,3
33-5,33,5,0,0.26791623,3
33-6,33,6,0,0.030116156,3
33-7,33,7,0,0.09667454,3
33-8,33,8,0,0.0768028,3
33-9,33,9,0,0.1982322,3
33-10,33,10,1,0.031638935,3
33-11,33,11,1,0.08035116,3
33-12,33,12,1,0.1309648,3
34-0,34,0,1,0.046218727,4
34-1,34,1,1,0.093297794,4
34-2,34,2,0,0.07080268,4
34-3,34,3,1,0.12283308,4
34-4,34,4,0,0.011141534,4
34-5,34,5,1,0.04162461,4
34-6,34,6,0,0.024134252,4
34-7,34,7,0,0.0306797,4
34-8,34,8,1,0.117905505,4
34-9,34,9,1,0.2429,4
34-10,34,10,0,0.011909829,4
34-11,34,11,1,0.124011084,4
34-12,34,12,0,0.027868764,4
35-0,35,0,0,0.012605023,4
35-1,35,1,0,0.026659917,4
35-2,35,2,0,0.05907362,4
35-3,35,3,0,0.028411923,4
35-4,35,4,0,0.00983858,4
35-5,35,5,1,0.11217171,4
35-6,35,6,1,0.122406565,4
35-7,35,7,0,0.02444654,4
35-8,35,8,1,0.26981786,4
35-9,35,9,0,0.040794317,4
35-10,35,10,1,0.05315113,4
35-11,35,11,0,0.033195306,4
35-12,35,12,0,0.023434656,4
36-0,36,0,0,0.008548574,5
36-1,36,1,1,0.5701286,5
36-2,36,2,0,0.0061783018,5
36-3,36,3,1,0.5849402,5
36-4,36,4,0,0.010687888,5
36-5,36,5,1,0.07253283,5
36-6,36,6,0,0.036414318,5
36-7,36,7,0,0.01950437,5
36-8,36,8,1,0.3470133,5
36-9,36,9,1,0.57651114,5
36-10,36,10,1,0.053874172,5
36-11,36,11,1,0.26853505,5
36-12,36,12,1,0.44941336,5
37-0,37,0,0,0.013161664,5
37-1,37,1,1,0.07628549,5
37-2,37,2,0,0.010165698,5
37-3,37,3,0,0.044555876,5
37-4,37,4,0,0.018911121,5
37-5,37,5,1,0.008162392,5
37-6,37,6,1,0.09661241,5
37-7,37,7,0,0.03432504,5
37-8,37,8,0,0.013241351,5
37-9,37,9,0,0.036632083,5
37-10,37,10,0,0.005276001,5
37-11,37,11,0,0.015456651,5
37-12,37,12,1,0.06200277,5
38-0,38,0,0,0.05361684,3
38-1,38,1,0,0.046488795,3
38-2,38,2,1,0.03871123,3
38-3,38,3,0,0.1003025,3
38-4,38,4,0,0.014657757,3
38-5,38,5,1,0.13907176,3
38-6,38,6,0,0.014342975,3
38-7,38,7,0,0.04020433,3
38-8,38,8,0,0.024588373,3
38-9,38,9,0,0.0816168,3
38-10,38,10,0,0.019742738,3
38-11,38,11,0,0.030905,3
38-12,38,12,0,0.04470022,3
39-0,39,0,0,0.011255264,4
39-1,39,1,0,0.02416232,4
39-2,39,2,0,0.06653973,4
39-3,39,3,0,0.027579483,4
39-4,39,4,0,0.0113203,4
39-5,39,5,0,0.014253888,4
39-6,39,6,0,0.019211384,4
39-7,39,7,0,0.020873493,4
39-8,39,8,0,0.032875497,4
39-9,39,9,0,0.049685266,4
39-10,39,10,0,0.009188552,4
39-11,39,11,1,0.2481277,4
39-12,39,12,0,0.02387115,4
40-0,40,0,0,0.06968711,2
40-1,40,1,0,0.17465666,2
40-2,40,2,0,0.26713035,2
40-3,40,3,0,0.14379609,2
40-4,40,4,0,0.040081352,2
40-5,40,5,0,0.1044784,2
40-6,40,6,0,0.02775918,2
40-7,40,7,0,0.047894955,2
40-8,40,8,0,0.25087774,2
40-9,40,9,0,0.13178562,2
40-10,40,10,0,0.022320114,2
40-11,40,11,0,0.028829485,2
40-12,40,12,0,0.08390444,2
41-0,41,0,0,0.08689726,3
41-1,41,1,1,0.043861892,3
41-2,41,2,0,0.03477885,3
41-3,41,3,1,0.11069686,3
41-4,41,4,0,0.04497605,3
41-5,41,5,1,0.098725885,3
41-6,41,6,1,0.012502433,3
41-7,41,7,1,0.04074953,3
41-8,41,8,0,0.046334412,3
41-9,41,9,1,0.05649114,3
41-10,41,10,1,0.017950375,3
41-11,41,11,1,0.030899242,3
41-12,41,12,1,0.050697163,3
42-0,42,0,0,0.15631527,1
42-1,42,1,0,0.1733003,1
42-2,42,2,0,0.099745475,1
42-3,42,3,0,0.09252999,1
42-4,42,4,0,0.048716247,1
42-5,42,5,0,0.06811104,1
42-6,42,6,0,0.046754926,1
42-7,42,7,0,0.07506634,1
42-8,42,8,0,0.053313166,1
42-9,42,9,0,0.13604076,1
42-10,42,10,0,0.023843229,1
42-11,42,11,0,0.11918165,1
42-12,42,12,0,0.077466935,1
43-0,43,0,0,0.008087779,5
43-1,43,1,0,0.01921244,5
43-2,43,2,0,0.006115242,5
43-3,43,3,0,0.028678905,5
43-4,43,4,0,0.010642163,5
43-5,43,5,0,0.0034487299,5
43-6,43,6,0,0.036414318,5
43-7,43,7,0,0.01950437,5
43-8,43,8,1,0.23964915,5
43-9,43,9,0,0.019806648,5
43-10,43,10,0,0.0034537464,5
43-11,43,11,0,0.0072861146,5
43-12,43,12,0,0.014269487,5
44-0,44,0,0,0.17369193,1
44-1,44,1,1,0.23547116,1
44-2,44,2,0,0.117863335,1
44-3,44,3,0,0.13066189,1
44-4,44,4,0,0.04737575,1
44-5,44,5,0,0.073052905,1
44-6,44,6,0,0.0645694,1
44-7,44,7,0,0.1154732,1
44-8,44,8,0,0.061896004,1
44-9,44,9,0,0.16548677,1
44-10,44,10,0,0.050929595,1
44-11,44,11,0,0.12998547,1
44-12,44,12,0,0.1009147,1
45-0,45,0,0,0.020705571,2
45-1,45,1,0,0.04566126,2
45-2,45,2,0,0.04540084,2
45-3,45,3,0,0.042984102,2
45-4,45,4,0,0.011594148,2
45-5,45,5,0,0.028916452,2
45-6,45,6,0,0.009897026,2
45-7,45,7,0,0.012365136,2
45-8,45,8,0,0.0578655,2
45-9,45,9,0,0.07180587,2
45-10,45,10,0,0.006818247,2
45-11,45,11,0,0.007481777,2
45-12,45,12,0,0.019918969,2
46-0,46,0,0,0.013926069,5
46-1,46,1,0,0.037003085,5
46-2,46,2,0,0.011311486,5
46-3,46,3,0,0.04690398,5
46-4,46,4,0,0.013317231,5
46-5,46,5,0,0.00485801,5
46-6,46,6,0,0.04672306,5
46-7,46,7,0,0.020885034,5
46-8,46,8,0,0.010607643,5
46-9,46,9,0,0.032446727,5
46-10,46,10,0,0.006050619,5
46-11,46,11,0,0.013236772,5
46-12,46,12,0,0.025379226,5
47-0,47,0,0,0.055203836,1
47-1,47,1,0,0.05205002,1
47-2,47,2,0,0.028114695,1
47-3,47,3,0,0.035520073,1
47-4,47,4,0,0.01363534,1
47-5,47,5,0,0.018945094,1
47-6,47,6,0,0.01486661,1
47-7,47,7,0,0.027181225,1
47-8,47,8,0,0.013920733,1
47-9,47,9,0,0.052513894,1
47-10,47,10,0,0.011320754,1
47-11,47,11,0,0.030977039,1
47-12,47,12,0,0.02483189,1
48-0,48,0,0,0.12538679,5
48-1,48,1,0,0.33549708,5
48-2,48,2,0,0.07256091,5
48-3,48,3,0,0.30408922,5
48-4,48,4,0,0.2144032,5
48-5,48,5,0,0.02439994,5
48-6,48,6,0,0.39097157,5
48-7,48,7,0,0.1851899,5
48-8,48,8,0,0.12084604,5
48-9,48,9,0,0.37566748,5
48-10,48,10,0,0.028936347,5
48-11,48,11,0,0.11746724,5
48-12,48,12,0,0.22130692,5
49-0,49,0,0,0.057918243,3
49-1,49,1,0,0.05024874,3
49-2,49,2,0,0.020226024,3
49-3,49,3,0,0.16218595,3
49-4,49,4,0,0.016027508,3
49-5,49,5,0,0.08424337,3
49-6,49,6,0,0.01584658,3
49-7,49,7,0,0.032483783,3
49-8,49,8,0,0.024495622,3
49-9,49,9,0,0.08124978,3
49-10,49,10,0,0.01780524,3
49-11,49,11,0,0.03378966,3
49-12,49,12,0,0.048578903,3
50-0,50,0,0,0.09768379,2
50-1,50,1,0,0.2141961,2
50-2,50,2,0,0.2481369,2
50-3,50,3,0,0.27413553,2
50-4,50,4,0,0.08166887,2
50-5,50,5,0,0.14919378,2
50-6,50,6,0,0.03314671,2
50-7,50,7,1,0.04846822,2
50-8,50,8,1,0.15196829,2
50-9,50,9,1,0.20909749,2
50-10,50,10,0,0.030666906,2
50-11,50,11,0,0.031276193,2
50-12,50,12,0,0.112343855,2
51-0,51,0,0,0.021350428,2
51-1,51,1,0,0.046274796,2
51-2,51,2,0,0.04672484,2
51-3,51,3,0,0.04017262,2
51-4,51,4,0,0.01689644,2
51-5,51,5,0,0.02548867,2
51-6,51,6,0,0.009922004,2
51-7,51,7,0,0.012753609,2
51-8,51,8,0,0.06113463,2
51-9,51,9,0,0.07228376,2
51-10,51,10,0,0.005361104,2
51-11,51,11,0,0.007914263,2
51-12,51,12,0,0.01996874,2
52-0,52,0,1,0.008087779,5
52-1,52,1,1,0.01921244,5
52-2,52,2,0,0.20594566,5
52-3,52,3,1,0.028967865,5
52-4,52,4,1,0.011995828,5
52-5,52,5,1,0.0034487299,5
52-6,52,6,0,0.65205055,5
52-7,52,7,1,0.01950437,5
52-8,52,8,0,0.2629054,5
52-9,52,9,1,0.019806648,5
52-10,52,10,0,0.08208749,5
52-11,52,11,1,0.0072861146,5
52-12,52,12,0,0.44941336,5
53-0,53,0,1,0.08492663,3
53-1,53,1,0,0.049084295,3
53-2,53,2,0,0.019540811,3
53-3,53,3,1,0.25083557,3
53-4,53,4,0,0.022097137,3
53-5,53,5,1,0.19502924,3
53-6,53,6,1,0.030532565,3
53-7,53,7,1,0.07298956,3
53-8,53,8,1,0.061567873,3
53-9,53,9,0,0.08599661,3
53-10,53,10,1,0.03845384,3
53-11,53,11,1,0.07811258,3
53-12,53,12,1,0.10591203,3
54-0,54,0,0,0.07327104,3
54-1,54,1,0,0.06501328,3
54-2,54,2,0,0.020428883,3
54-3,54,3,0,0.20134759,3
54-4,54,4,0,0.021698693,3
54-5,54,5,0,0.14931394,3
54-6,54,6,0,0.018684609,3
54-7,54,7,0,0.060049944,3
54-8,54,8,0,0.034994796,3
54-9,54,9,0,0.10886885,3
54-10,54,10,0,0.021725444,3
54-11,54,11,0,0.04803531,3
54-12,54,12,0,0.08165169,3
55-0,55,0,0,0.012840058,5
55-1,55,1,0,0.033669602,5
55-2,55,2,0,0.008542828,5
55-3,55,3,0,0.04350096,5
55-4,55,4,0,0.01502761,5
55-5,55,5,0,0.005229,5
55-6,55,6,0,0.044145327,5
55-7,55,7,0,0.025914533,5
55-8,55,8,0,0.012917816,5
55-9,55,9,0,0.034695126,5
55-10,55,10,0,0.0055174883,5
55-11,55,11,0,0.01026353,5
55-12,55,12,0,0.020588854,5
56-0,56,0,1,0.22559659,1
56-1,56,1,1,0.24587639,1
56-2,56,2,1,0.14992185,1
56-3,56,3,1,0.13341355,1
56-4,56,4,1,0.07377397,1
56-5,56,5,1,0.10320537,1
56-6,56,6,1,0.07697357,1
56-7,56,7,1,0.13353573,1
56-8,56,8,0,0.052660782,1
56-9,56,9,0,0.16514353,1
56-10,56,10,1,0.03859504,1
56-11,56,11,1,0.17385985,1
56-12,56,12,1,0.11663255,1
57-0,57,0,0,0.06829136,3
57-1,57,1,0,0.065828554,3
57-2,57,2,0,0.020697441,3
57-3,57,3,0,0.20350042,3
57-4,57,4,0,0.020147804,3
57-5,57,5,1,0.13495013,3
57-6,57,6,0,0.02439503,3
57-7,57,7,0,0.060049944,3
57-8,57,8,0,0.036274944,3
57-9,57,9,0,0.10886885,3
57-10,57,10,0,0.02202213,3
57-11,57,11,0,0.051231485,3
57-12,57,12,0,0.08585077,3
58-0,58,0,1,0.14557119,2
58-1,58,1,1,0.39552832,2
58-2,58,2,1,0.5290971,2
58-3,58,3,1,0.2371002,2
58-4,58,4,1,0.0794076,2
58-5,58,5,1,0.26342997,2
58-6,58,6,1,0.083083175,2
58-7,58,7,1,0.19872151,2
58-8,58,8,1,0.5065527,2
58-9,58,9,1,0.45953575,2
58-10,58,10,1,0.09350154,2
58-11,58,11,1,0.09416954,2
58-12,58,12,1,0.26190805,2
59-0,59,0,1,0.098964915,2
59-1,59,1,1,0.22079286,2
59-2,59,2,1,0.24659559,2
59-3,59,3,1,0.15359287,2
59-4,59,4,1,0.057692133,2
59-5,59,5,1,0.09243095,2
59-6,59,6,1,0.03175663,2
59-7,59,7,1,0.09125734,2
59-8,59,8,1,0.25886804,2
59-9,59,9,0,0.1845809,2
59-10,59,10,1,0.026690274,2
59-11,59,11,1,0.03102633,2
59-12,59,12,1,0.09519533,2
60-0,60,0,0,0.083793,1
60-1,60,1,0,0.098278955,1
60-2,60,2,0,0.067418486,1
60-3,60,3,0,0.06956717,1
60-4,60,4,0,0.02266385,1
60-5,60,5,0,0.043899953,1
60-6,60,6,0,0.02951311,1
60-7,60,7,1,0.09030357,1
60-8,60,8,1,0.07882133,1
60-9,60,9,0,0.07117735,1
60-10,60,10,0,0.020630557,1
60-11,60,11,1,0.13344781,1
60-12,60,12,0,0.041694455,1
61-0,61,0,0,0.112092644,1
61-1,61,1,0,0.12708801,1
61-2,61,2,1,0.35494378,1
61-3,61,3,0,0.08652545,1
61-4,61,4,0,0.03147146,1
61-5,61,5,0,0.054693613,1
61-6,61,6,0,0.040305912,1
61-7,61,7,1,0.24761827,1
61-8,61,8,0,0.03356836,1
61-9,61,9,0,0.15287195,1
61-10,61,10,1,0.06615563,1
61-11,61,11,1,0.2989767,1
61-12,61,12,0,0.05531737,1
62-0,62,0,0,0.010973727,5
62-1,62,1,0,0.022977456,5
62-2,62,2,0,0.007192266,5
62-3,62,3,0,0.036590364,5
62-4,62,4,0,0.013597134,5
62-5,62,5,0,0.0038974595,5
62-6,62,6,0,0.040975947,5
62-7,62,7,0,0.021996057,5
62-8,62,8,0,0.011571035,5
62-9,62,9,0,0.023685299,5
62-10,62,10,0,0.0040639457,5
62-11,62,11,1,0.22570175,5
62-12,62,12,0,0.016929414,5
63-0,63,0,0,0.051213235,1
63-1,63,1,0,0.048087057,1
63-2,63,2,0,0.028056344,1
63-3,63,3,0,0.029411497,1
63-4,63,4,0,0.01287707,1
63-5,63,5,0,0.018279761,1
63-6,63,6,0,0.013693804,1
63-7,63,7,0,0.025061646,1
63-8,63,8,0,0.012106378,1
63-9,63,9,0,0.048517417,1
63-10,63,10,0,0.010456097,1
63-11,63,11,0,0.027560556,1
63-12,63,12,0,0.022891207,1
64-0,64,0,0,0.01283932,5
64-1,64,1,0,0.03212479,5
64-2,64,2,0,0.01150271,5
64-3,64,3,0,0.048115037,5
64-4,64,4,0,0.014871947,5
64-5,64,5,1,0.04244069,5
64-6,64,6,1,0.51528907,5
64-7,64,7,0,0.0286802,5
64-8,64,8,0,0.0147297345,5
64-9,64,9,0,0.038718473,5
64-10,64,10,1,0.035868853,5
64-11,64,11,1,0.173055,5
64-12,64,12,0,0.023767807,5
65-0,65,0,0,0.03367397,2
65-1,65,1,0,0.07683908,2
65-2,65,2,0,0.12232722,2
65-3,65,3,0,0.070654064,2
65-4,65,4,0,0.019582141,2
65-5,65,5,0,0.05258869,2
65-6,65,6,0,0.019215139,2
65-7,65,7,0,0.01774013,2
65-8,65,8,0,0.13219959,2
65-9,65,9,1,0.5086447,2
65-10,65,10,0,0.012222661,2
65-11,65,11,0,0.01587809,2
65-12,65,12,0,0.03971123,2
66-0,66,0,0,0.04884105,4
66-1,66,1,0,0.106814265,4
66-2,66,2,0,0.2866938,4
66-3,66,3,0,0.13410057,4
66-4,66,4,0,0.039950307,4
66-5,66,5,0,0.06527944,4
66-6,66,6,1,0.04923552,4
66-7,66,7,0,0.0613591,4
66-8,66,8,0,0.1864017,4
66-9,66,9,0,0.2548705,4
66-10,66,10,0,0.032118104,4
66-11,66,11,0,0.1719583,4
66-12,66,12,0,0.105952784,4
67-0,67,0,0,0.010178877,4
67-1,67,1,0,0.019549418,4
67-2,67,2,0,0.045369297,4
67-3,67,3,0,0.028525878,4
67-4,67,4,0,0.00763858,4
67-5,67,5,0,0.012746227,4
67-6,67,6,1,0.22974859,4
67-7,67,7,0,0.018198214,4
67-8,67,8,1,0.3214212,4
67-9,67,9,0,0.051025745,4
67-10,67,10,1,0.09700763,4
67-11,67,11,1,0.31576192,4
67-12,67,12,0,0.018065372,4
68-0,68,0,0,0.035403825,3
68-1,68,1,0,0.027305748,3
68-2,68,2,0,0.010926166,3
68-3,68,3,0,0.0662921,3
68-4,68,4,0,0.010186971,3
68-5,68,5,0,0.048750505,3
68-6,68,6,0,0.009114757,3
68-7,68,7,0,0.019667063,3
68-8,68,8,0,0.013942173,3
68-9,68,9,0,0.04596939,3
68-10,68,10,0,0.010535168,3
68-11,68,11,0,0.018760834,3
68-12,68,12,0,0.02706696,3
69-0,69,0,0,0.051681608,3
69-1,69,1,0,0.04420606,3
69-2,69,2,0,0.0153374905,3
69-3,69,3,0,0.14473364,3
69-4,69,4,0,0.014107756,3
69-5,69,5,1,0.19502924,3
69-6,69,6,0,0.013616173,3
69-7,69,7,0,0.03821784,3
69-8,69,8,0,0.02107391,3
69-9,69,9,0,0.07774984,3
69-10,69,10,0,0.018747492,3
69-11,69,11,0,0.029363925,3
69-12,69,12,1,0.080831446,3
70-0,70,0,1,0.0711938,1
70-1,70,1,1,0.06809916,1
70-2,70,2,1,0.04181804,1
70-3,70,3,0,0.18314162,1
70-4,70,4,0,0.08566712,1
70-5,70,5,0,0.092261694,1
70-6,70,6,0,0.094759375,1
70-7,70,7,0,0.16047235,1
70-8,70,8,0,0.09311088,1
70-9,70,9,1,0.07992941,1
70-10,70,10,0,0.038345456,1
70-11,70,11,0,0.19515786,1
70-12,70,12,0,0.12815154,1
71-0,71,0,0,0.01219801,2
71-1,71,1,0,0.024216104,2
71-2,71,2,0,0.03558972,2
71-3,71,3,0,0.03191286,2
71-4,71,4,0,0.00695501,2
71-5,71,5,0,0.015268892,2
71-6,71,6,0,0.0063506793,2
71-7,71,7,0,0.0074195676,2
71-8,71,8,0,0.042833887,2
71-9,71,9,1,0.4788917,2
71-10,71,10,0,0.004471985,2
71-11,71,11,0,0.004467778,2
71-12,71,12,0,0.012380478,2
72-0,72,0,0,0.27792895,5
72-1,72,1,1,0.022977456,5
72-2,72,2,0,0.22570175,5
72-3,72,3,0,0.55733603,5
72-4,72,4,0,0.36609924,5
72-5,72,5,0,0.06463991,5
72-6,72,6,0,0.5922277,5
72-7,72,7,0,0.43227717,5
72-8,72,8,0,0.3195424,5
72-9,72,9,1,0.023685299,5
72-10,72,10,0,0.06151485,5
72-11,72,11,0,0.22570175,5
72-12,72,12,0,0.4190381,5
73-0,73,0,0,0.13704525,1
73-1,73,1,0,0.14780545,1
73-2,73,2,0,0.090907216,1
73-3,73,3,0,0.08875213,1
73-4,73,4,0,0.036944304,1
73-5,73,5,0,0.061691858,1
73-6,73,6,0,0.04390355,1
73-7,73,7,0,0.06830796,1
73-8,73,8,0,0.043855123,1
73-9,73,9,0,0.11743972,1
73-10,73,10,0,0.030002335,1
73-11,73,11,0,0.10324425,1
73-12,73,12,0,0.07539264,1
74-0,74,0,0,0.0209253,4
74-1,74,1,0,0.046596557,4
74-2,74,2,0,0.101313055,4
74-3,74,3,0,0.048524562,4
74-4,74,4,0,0.014837664,4
74-5,74,5,0,0.027749907,4
74-6,74,6,0,0.037224114,4
74-7,74,7,0,0.030163499,4
74-8,74,8,0,0.065635085,4
74-9,74,9,0,0.09304362,4
74-10,74,10,0,0.014420589,4
74-11,74,11,0,0.06102116,4
74-12,74,12,0,0.041510303,4
75-0,75,0,0,0.062896036,3
75-1,75,1,0,0.05460553,3
75-2,75,2,0,0.019278575,3
75-3,75,3,0,0.13428079,3
75-4,75,4,0,0.01747175,3
75-5,75,5,0,0.10868868,3
75-6,75,6,0,0.017274804,3
75-7,75,7,0,0.04768537,3
75-8,75,8,1,0.045587573,3
75-9,75,9,1,0.17038067,3
75-10,75,10,0,0.023543866,3
75-11,75,11,0,0.03677465,3
75-12,75,12,0,0.052521873,3
76-0,76,0,0,0.018425304,5
76-1,76,1,0,0.042833485,5
76-2,76,2,0,0.011861211,5
76-3,76,3,0,0.056552947,5
76-4,76,4,0,0.023095142,5
76-5,76,5,0,0.0071266936,5
76-6,76,6,0,0.07079515,5
76-7,76,7,0,0.038578242,5
76-8,76,8,0,0.017366841,5
76-9,76,9,0,0.042137653,5
76-10,76,10,0,0.009347744,5
76-11,76,11,0,0.015518735,5
76-12,76,12,0,0.039689224,5
77-0,77,0,1,0.051681608,3
77-1,77,1,1,0.044798683,3
77-2,77,2,0,0.025923971,3
77-3,77,3,0,0.25083557,3
77-4,77,4,1,0.014107756,3
77-5,77,5,1,0.07477374,3
77-6,77,6,0,0.022760943,3
77-7,77,7,0,0.07298956,3
77-8,77,8,0,0.05849925,3
77-9,77,9,1,0.072694674,3
77-10,77,10,1,0.017027693,3
77-11,77,11,1,0.029646207,3
77-12,77,12,1,0.0433017,3
78-0,78,0,0,0.27175716,1
78-1,78,1,1,0.14813888,1
78-2,78,2,0,0.1720249,1
78-3,78,3,0,0.16970731,1
78-4,78,4,0,0.08698927,1
78-5,78,5,0,0.102862164,1
78-6,78,6,1,0.042192772,1
78-7,78,7,0,0.12082475,1
78-8,78,8,0,0.084961765,1
78-9,78,9,1,0.14529304,1
78-10,78,10,0,0.043768417,1
78-11,78,11,1,0.08159579,1
78-12,78,12,0,0.13812084,1
79-0,79,0,0,0.051681608,3
79-1,79,1,0,0.044798683,3
79-2,79,2,0,0.017304061,3
79-3,79,3,0,0.14646737,3
79-4,79,4,0,0.020117966,3
79-5,79,5,0,0.07477374,3
79-6,79,6,0,0.013804625,3
79-7,79,7,0,0.03873342,3
79-8,79,8,0,0.023674697,3
79-9,79,9,0,0.072694674,3
79-10,79,10,0,0.014302296,3
79-11,79,11,0,0.029763758,3
79-12,79,12,0,0.0433017,3
80-0,80,0,1,0.19328207,1
80-1,80,1,1,0.22924069,1
80-2,80,2,0,0.022251815,1
80-3,80,3,0,0.025105288,1
80-4,80,4,0,0.010271011,1
80-5,80,5,1,0.086410694,1
80-6,80,6,0,0.01145509,1
80-7,80,7,0,0.021004071,1
80-8,80,8,0,0.010710807,1
80-9,80,9,0,0.03724596,1
80-10,80,10,1,0.030600255,1
80-11,80,11,0,0.022961902,1
80-12,80,12,1,0.098184764,1
81-0,81,0,0,0.124124125,1
81-1,81,1,0,0.11330937,1
81-2,81,2,0,0.0595954,1
81-3,81,3,0,0.07333333,1
81-4,81,4,0,0.029087039,1
81-5,81,5,0,0.04494594,1
81-6,81,6,0,0.03333867,1
81-7,81,7,0,0.063502945,1
81-8,81,8,0,0.031941026,1
81-9,81,9,0,0.08835773,1
81-10,81,10,0,0.024228085,1
81-11,81,11,0,0.07692412,1
81-12,81,12,0,0.053102534,1
82-0,82,0,0,0.010973727,5
82-1,82,1,0,0.022977456,5
82-2,82,2,0,0.007192266,5
82-3,82,3,0,0.034577228,5
82-4,82,4,0,0.013597134,5
82-5,82,5,0,0.0038974595,5
82-6,82,6,1,0.5901143,5
82-7,82,7,0,0.021996057,5
82-8,82,8,1,0.3195424,5
82-9,82,9,0,0.023685299,5
82-10,82,10,0,0.0040639457,5
82-11,82,11,0,0.008567585,5
82-12,82,12,0,0.021273095,5
83-0,83,0,0,0.055346806,3
83-1,83,1,0,0.04307458,3
83-2,83,2,0,0.015783723,3
83-3,83,3,0,0.1403065,3
83-4,83,4,0,0.020991918,3
83-5,83,5,0,0.075936586,3
83-6,83,6,0,0.014686498,3
83-7,83,7,0,0.040015705,3
83-8,83,8,0,0.022795402,3
83-9,83,9,0,0.07172158,3
83-10,83,10,0,0.01470264,3
83-11,83,11,0,0.029622609,3
83-12,83,12,0,0.047008317,3
84-0,84,0,0,0.010973727,5
84-1,84,1,0,0.022977456,5
84-2,84,2,1,0.24494632,5
84-3,84,3,1,0.55733603,5
84-4,84,4,0,0.013541534,5
84-5,84,5,0,0.003967379,5
84-6,84,6,1,0.5901143,5
84-7,84,7,0,0.021996057,5
84-8,84,8,1,0.23964915,5
84-9,84,9,0,0.025343942,5
84-10,84,10,1,0.04743811,5
84-11,84,11,0,0.008567585,5
84-12,84,12,1,0.4190381,5
85-0,85,0,0,0.16574632,1
85-1,85,1,0,0.18314397,1
85-2,85,2,0,0.11212506,1
85-3,85,3,0,0.12672283,1
85-4,85,4,0,0.052774128,1
85-5,85,5,0,0.06932483,1
85-6,85,6,0,0.06124561,1
85-7,85,7,0,0.107775085,1
85-8,85,8,0,0.058701217,1
85-9,85,9,0,0.15542643,1
85-10,85,10,0,0.042509343,1
85-11,85,11,0,0.12373984,1
85-12,85,12,0,0.1030618,1
86-0,86,0,0,0.09745426,1
86-1,86,1,0,0.10371522,1
86-2,86,2,1,0.153006,1
86-3,86,3,0,0.07431433,1
86-4,86,4,0,0.029466186,1
86-5,86,5,0,0.041226983,1
86-6,86,6,0,0.030284498,1
86-7,86,7,1,0.10444523,1
86-8,86,8,0,0.030710194,1
86-9,86,9,0,0.13133544,1
86-10,86,10,0,0.021989575,1
86-11,86,11,0,0.068022005,1
86-12,86,12,0,0.057014897,1
87-0,87,0,0,0.026269106,4
87-1,87,1,0,0.059036788,4
87-2,87,2,0,0.12642416,4
87-3,87,3,0,0.056982994,4
87-4,87,4,0,0.018656436,4
87-5,87,5,0,0.027066382,4
87-6,87,6,0,0.041763574,4
87-7,87,7,0,0.05233814,4
87-8,87,8,0,0.08381215,4
87-9,87,9,0,0.11637066,4
87-10,87,10,0,0.01787205,4
87-11,87,11,0,0.06861941,4
87-12,87,12,0,0.052667644,4
88-0,88,0,0,0.038658626,5
88-1,88,1,0,0.13121043,5
88-2,88,2,0,0.033588856,5
88-3,88,3,0,0.123853534,5
88-4,88,4,0,0.0701962,5
88-5,88,5,0,0.011682957,5
88-6,88,6,1,0.059523243,5
88-7,88,7,1,0.025514115,5
88-8,88,8,0,0.06342318,5
88-9,88,9,1,0.04944119,5
88-10,88,10,0,0.010398766,5
88-11,88,11,0,0.060707036,5
88-12,88,12,0,0.08241454,5
89-0,89,0,0,0.08636095,1
89-1,89,1,0,0.10124183,1
89-2,89,2,0,0.055455513,1
89-3,89,3,0,0.06320055,1
89-4,89,4,0,0.023406293,1
89-5,89,5,0,0.03961096,1
89-6,89,6,1,0.067775965,1
89-7,89,7,0,0.048513424,1
89-8,89,8,1,0.07882133,1
89-9,89,9,0,0.09919203,1
89-10,89,10,1,0.025873177,1
89-11,89,11,0,0.06838259,1
89-12,89,12,0,0.047919888,1
90-0,90,0,0,0.06183992,3
90-1,90,1,0,0.07290765,3
90-2,90,2,0,0.029539848,3
90-3,90,3,0,0.12682328,3
90-4,90,4,0,0.030406931,3
90-5,90,5,0,0.10464013,3
90-6,90,6,1,0.02439503,3
90-7,90,7,0,0.054781336,3
90-8,90,8,0,0.03264125,3
90-9,90,9,0,0.10054559,3
90-10,90,10,0,0.019737475,3
90-11,90,11,1,0.051231485,3
90-12,90,12,0,0.07182278,3
91-0,91,0,1,0.05069274,3
91-1,91,1,0,0.08200559,3
91-2,91,2,0,0.025322836,3
91-3,91,3,0,0.16573803,3
91-4,91,4,0,0.025497237,3
91-5,91,5,0,0.09001239,3
91-6,91,6,0,0.029827826,3
91-7,91,7,0,0.043400194,3
91-8,91,8,0,0.039461214,3
91-9,91,9,0,0.08703719,3
91-10,91,10,1,0.013934505,3
91-11,91,11,0,0.062931076,3
91-12,91,12,1,0.045865554,3
92-0,92,0,0,0.0160621,5
92-1,92,1,0,0.053750414,5
92-2,92,2,0,0.013806897,5
92-3,92,3,0,0.07983329,5
92-4,92,4,0,0.026925731,5
92-5,92,5,1,0.007417629,5
92-6,92,6,0,0.07232601,5
92-7,92,7,0,0.039356906,5
92-8,92,8,1,0.020931602,5
92-9,92,9,0,0.04286534,5
92-10,92,10,0,0.0066465256,5
92-11,92,11,0,0.021658339,5
92-12,92,12,0,0.051773448,5
93-0,93,0,0,0.0139977345,5
93-1,93,1,0,0.035448723,5
93-2,93,2,0,0.009340647,5
93-3,93,3,0,0.04580317,5
93-4,93,4,0,0.015266955,5
93-5,93,5,0,0.005396599,5
93-6,93,6,0,0.054968372,5
93-7,93,7,0,0.029708019,5
93-8,93,8,0,0.012668337,5
93-9,93,9,0,0.036526393,5
93-10,93,10,1,0.023015793,5
93-11,93,11,0,0.012668539,5
93-12,93,12,0,0.024979431,5
94-0,94,0,0,0.049587425,1
94-1,94,1,0,0.05728961,1
94-2,94,2,1,0.2825426,1
94-3,94,3,0,0.039766114,1
94-4,94,4,0,0.011681394,1
94-5,94,5,0,0.021179967,1
94-6,94,6,0,0.017617175,1
94-7,94,7,0,0.027899921,1
94-8,94,8,1,0.15672629,1
94-9,94,9,0,0.042904623,1
94-10,94,10,0,0.011708626,1
94-11,94,11,0,0.039560143,1
94-12,94,12,0,0.024687642,1
95-0,95,0,1,0.071484305,2
95-1,95,1,0,0.08379155,2
95-2,95,2,0,0.10890404,2
95-3,95,3,1,0.14778073,2
95-4,95,4,0,0.02154879,2
95-5,95,5,1,0.13407148,2
95-6,95,6,1,0.02775918,2
95-7,95,7,0,0.040134765,2
95-8,95,8,1,0.25087774,2
95-9,95,9,1,0.17032672,2
95-10,95,10,1,0.028266467,2
95-11,95,11,1,0.028829485,2
95-12,95,12,0,0.04341714,2
96-0,96,0,1,0.010885126,4
96-1,96,1,1,0.023377739,4
96-2,96,2,1,0.058516126,4
96-3,96,3,1,0.037246678,4
96-4,96,4,1,0.008492901,4
96-5,96,5,1,0.013786505,4
96-6,96,6,1,0.018584507,4
96-7,96,7,1,0.01585431,4
96-8,96,8,1,0.031817216,4
96-9,96,9,1,0.0481128,4
96-10,96,10,1,0.01007694,4
96-11,96,11,1,0.02950543,4
96-12,96,12,0,0.2406258,4
97-0,97,0,0,0.05275885,4
97-1,97,1,0,0.12854512,4
97-2,97,2,0,0.25077313,4
97-3,97,3,0,0.18588367,4
97-4,97,4,0,0.06476129,4
97-5,97,5,0,0.07931063,4
97-6,97,6,0,0.10479513,4
97-7,97,7,0,0.07597573,4
97-8,97,8,0,0.17700346,4
97-9,97,9,1,0.1946459,4
97-10,97,10,1,0.028339485,4
97-11,97,11,0,0.16397494,4
97-12,97,12,0,0.12650312,4
98-0,98,0,0,0.10345875,1
98-1,98,1,1,0.22500405,1
98-2,98,2,0,0.05283043,1
98-3,98,3,0,0.051885445,1
98-4,98,4,0,0.020542141,1
98-5,98,5,0,0.03313816,1
98-6,98,6,0,0.02320207,1
98-7,98,7,0,0.042992506,1
98-8,98,8,0,0.028182115,1
98-9,98,9,0,0.09410024,1
98-10,98,10,0,0.018131442,1
98-11,98,11,0,0.054681964,1
98-12,98,12,1,0.11488517,1
99-0,99,0,0,0.130191,1
99-1,99,1,0,0.18175566,1
99-2,99,2,0,0.09627695,1
99-3,99,3,0,0.10906479,1
99-4,99,4,0,0.042930048,1
99-5,99,5,1,0.068107925,1
99-6,99,6,0,0.05113412,1
99-7,99,7,0,0.08056915,1
99-8,99,8,0,0.043784536,1
99-9,99,9,0,0.13739735,1
99-10,99,10,0,0.030105127,1
99-11,99,11,0,0.10243269,1
99-12,99,12,0,0.08201053,1
100-0,100,0,0,0.05382829,3
100-1,100,1,0,0.052633967,3
100-2,100,2,0,0.018985162,3
100-3,100,3,1,0.24644907,3
100-4,100,4,1,0.0570031,3
100-5,100,5,0,0.097115524,3
100-6,100,6,1,0.030106908,3
100-7,100,7,0,0.040001795,3
100-8,100,8,1,0.04496176,3
100-9,100,9,0,0.07564455,3
100-10,100,10,0,0.020825094,3
100-11,100,11,1,0.076438375,3
100-12,100,12,1,0.10370901,3
101-0,101,0,0,0.020431794,4
101-1,101,1,0,0.030656353,4
101-2,101,2,0,0.07640794,4
101-3,101,3,0,0.040684458,4
101-4,101,4,0,0.012247942,4
101-5,101,5,0,0.020222912,4
101-6,101,6,0,0.026449341,4
101-7,101,7,0,0.032487806,4
101-8,101,8,0,0.042074367,4
101-9,101,9,0,0.06921127,4
101-10,101,10,0,0.014669216,4
101-11,101,11,0,0.0380358,4
101-12,101,12,0,0.03591177,4
102-0,102,0,0,0.011727577,4
102-1,102,1,0,0.024828691,4
102-2,102,2,1,0.3522195,4
102-3,102,3,1,0.2393549,4
102-4,102,4,1,0.09695755,4
102-5,102,5,0,0.017194653,4
102-6,102,6,0,0.019743979,4
102-7,102,7,0,0.022755042,4
102-8,102,8,1,0.29578343,4
102-9,102,9,0,0.060688835,4
102-10,102,10,1,0.05156466,4
102-11,102,11,1,0.2878836,4
102-12,102,12,0,0.026488433,4
103-0,103,0,0,0.12536599,1
103-1,103,1,0,0.12801357,1
103-2,103,2,1,0.20168342,1
103-3,103,3,0,0.1094252,1
103-4,103,4,0,0.036425494,1
103-5,103,5,1,0.112344086,1
103-6,103,6,0,0.05020048,1
103-7,103,7,0,0.07058904,1
103-8,103,8,0,0.047512986,1
103-9,103,9,0,0.12549737,1
103-10,103,10,1,0.050337914,1
103-11,103,11,1,0.19694096,1
103-12,103,12,0,0.08429973,1
104-0,104,0,0,0.029084528,4
104-1,104,1,0,0.059988875,4
104-2,104,2,0,0.12652355,4
104-3,104,3,0,0.06070229,4
104-4,104,4,1,0.028699221,4
104-5,104,5,0,0.02420944,4
104-6,104,6,0,0.04926063,4
104-7,104,7,0,0.07127794,4
104-8,104,8,0,0.1064189,4
104-9,104,9,0,0.10281173,4
104-10,104,10,0,0.016883882,4
104-11,104,11,1,0.06512897,4
104-12,104,12,0,0.055064235,4
105-0,105,0,0,0.0096657425,5
105-1,105,1,0,0.019583259,5
105-2,105,2,0,0.006115242,5
105-3,105,3,0,0.03232894,5
105-4,105,4,0,0.012469719,5
105-5,105,5,0,0.0035862017,5
105-6,105,6,0,0.036414318,5
105-7,105,7,0,0.01950437,5
105-8,105,8,0,0.008190567,5
105-9,105,9,0,0.020196332,5
105-10,105,10,0,0.003999733,5
105-11,105,11,0,0.0072861146,5
105-12,105,12,0,0.01441542,5
106-0,106,0,0,0.08281056,3
106-1,106,1,0,0.0838366,3
106-2,106,2,0,0.03328158,3
106-3,106,3,0,0.25083557,3
106-4,106,4,0,0.026102405,3
106-5,106,5,0,0.13907176,3
106-6,106,6,0,0.022760943,3
106-7,106,7,0,0.07298956,3
106-8,106,8,0,0.045587573,3
106-9,106,9,0,0.1333292,3
106-10,106,10,0,0.030976798,3
106-11,106,11,0,0.06436603,3
106-12,106,12,0,0.10591203,3
107-0,107,0,0,0.10025785,3
107-1,107,1,0,0.09710154,3
107-2,107,2,0,0.02042601,3
107-3,107,3,0,0.17652865,3
107-4,107,4,0,0.029177442,3
107-5,107,5,0,0.110107005,3
107-6,107,6,0,0.02653409,3
107-7,107,7,0,0.053918242,3
107-8,107,8,0,0.047857903,3
107-9,107,9,0,0.09048341,3
107-10,107,10,0,0.0335182,3
107-11,107,11,0,0.06663169,3
107-12,107,12,0,0.09355682,3
108-0,108,0,0,0.027738236,4
108-1,108,1,0,0.07920755,4
108-2,108,2,0,0.15608561,4
108-3,108,3,0,0.059391744,4
108-4,108,4,0,0.023133058,4
108-5,108,5,0,0.030064344,4
108-6,108,6,0,0.04999538,4
108-7,108,7,0,0.044905316,4
108-8,108,8,0,0.11060948,4
108-9,108,9,0,0.08202706,4
108-10,108,10,0,0.014942599,4
108-11,108,11,1,0.16397494,4
108-12,108,12,0,0.066065945,4
109-0,109,0,0,0.08100001,3
109-1,109,1,1,0.06829751,3
109-2,109,2,0,0.025322836,3
109-3,109,3,0,0.24126054,3
109-4,109,4,0,0.025701579,3
109-5,109,5,0,0.13913563,3
109-6,109,6,0,0.022410251,3
109-7,109,7,0,0.07192189,3
109-8,109,8,0,0.04490132,3
109-9,109,9,0,0.13057134,3
109-10,109,10,0,0.022637466,3
109-11,109,11,0,0.062931076,3
109-12,109,12,0,0.079060435,3
110-0,110,0,0,0.073748775,3
110-1,110,1,0,0.07951376,3
110-2,110,2,0,0.0237433,3
110-3,110,3,0,0.15519264,3
110-4,110,4,0,0.03860279,3
110-5,110,5,0,0.16318393,3
110-6,110,6,0,0.022512501,3
110-7,110,7,0,0.07173281,3
110-8,110,8,0,0.041702706,3
110-9,110,9,0,0.079963684,3
110-10,110,10,0,0.027231378,3
110-11,110,11,0,0.05718662,3
110-12,110,12,0,0.09222462,3
111-0,111,0,0,0.15631527,1
111-1,111,1,0,0.1733003,1
111-2,111,2,0,0.109329514,1
111-3,111,3,0,0.124638475,1
111-4,111,4,0,0.05773269,1
111-5,111,5,0,0.06811104,1
111-6,111,6,0,0.05429927,1
111-7,111,7,0,0.07726166,1
111-8,111,8,0,0.07381059,1
111-9,111,9,0,0.17006758,1
111-10,111,10,0,0.033431686,1
111-11,111,11,0,0.1428264,1
111-12,111,12,1,0.05526673,1
112-0,112,0,0,0.056063343,2
112-1,112,1,0,0.13359098,2
112-2,112,2,0,0.17403337,2
112-3,112,3,0,0.16612516,2
112-4,112,4,0,0.03472888,2
112-5,112,5,0,0.09200011,2
112-6,112,6,0,0.035129342,2
112-7,112,7,0,0.03963206,2
112-8,112,8,1,0.30448297,2
112-9,112,9,0,0.17972156,2
112-10,112,10,1,0.031370156,2
112-11,112,11,0,0.029020738,2
112-12,112,12,0,0.071154885,2
113-0,113,0,0,0.010973727,5
113-1,113,1,0,0.022977456,5
113-2,113,2,0,0.0076276395,5
113-3,113,3,0,0.036590364,5
113-4,113,4,0,0.013597134,5
113-5,113,5,0,0.003913617,5
113-6,113,6,0,0.054296754,5
113-7,113,7,0,0.022780212,5
113-8,113,8,0,0.0092505505,5
113-9,113,9,0,0.025343942,5
113-10,113,10,1,0.06151485,5
113-11,113,11,0,0.008567585,5
113-12,113,12,0,0.016758448,5
114-0,114,0,0,0.06914941,2
114-1,114,1,0,0.17809844,2
114-2,114,2,0,0.22454786,2
114-3,114,3,0,0.14277431,2
114-4,114,4,0,0.039762314,2
114-5,114,5,0,0.10589559,2
114-6,114,6,0,0.026971946,2
114-7,114,7,0,0.04898615,2
114-8,114,8,1,0.14904876,2
114-9,114,9,0,0.24058577,2
114-10,114,10,0,0.02892462,2
114-11,114,11,0,0.02950035,2
114-12,114,12,0,0.08574368,2
115-0,115,0,0,0.077105924,3
115-1,115,1,0,0.081492394,3
115-2,115,2,0,0.024593132,3
115-3,115,3,0,0.16155672,3
115-4,115,4,0,0.023746328,3
115-5,115,5,0,0.08747231,3
115-6,115,6,0,0.022854347,3
115-7,115,7,0,0.042777557,3
115-8,115,8,0,0.043849006,3
115-9,115,9,0,0.069992326,3
115-10,115,10,0,0.033347726,3
115-11,115,11,0,0.060556863,3
115-12,115,12,0,0.080290824,3
116-0,116,0,1,0.29678896,1
116-1,116,1,1,0.33844194,1
116-2,116,2,1,0.23702188,1
116-3,116,3,0,0.09196284,1
116-4,116,4,0,0.04303315,1
116-5,116,5,0,0.053214565,1
116-6,116,6,1,0.12301039,1
116-7,116,7,0,0.05727242,1
116-8,116,8,1,0.11968084,1
116-9,116,9,0,0.14506409,1
116-10,116,10,1,0.060768187,1
116-11,116,11,0,0.079167224,1
116-12,116,12,1,0.18692522,1
117-0,117,0,0,0.020613937,2
117-1,117,1,0,0.04950962,2
117-2,117,2,0,0.06501598,2
117-3,117,3,0,0.03859695,2
117-4,117,4,0,0.016509624,2
117-5,117,5,0,0.024474258,2
117-6,117,6,0,0.009629604,2
117-7,117,7,0,0.01723886,2
117-8,117,8,0,0.058240127,2
117-9,117,9,0,0.055585187,2
117-10,117,10,0,0.0064415834,2
117-11,117,11,0,0.0072084945,2
117-12,117,12,0,0.019386053,2
118-0,118,0,0,0.010178877,4
118-1,118,1,0,0.019549418,4
118-2,118,2,0,0.049572706,4
118-3,118,3,1,0.34347585,4
118-4,118,4,0,0.00763858,4
118-5,118,5,0,0.011510325,4
118-6,118,6,0,0.016418573,4
118-7,118,7,0,0.019169744,4
118-8,118,8,1,0.39789572,4
118-9,118,9,0,0.03094427,4
118-10,118,10,0,0.007374191,4
118-11,118,11,0,0.02384278,4
118-12,118,12,0,0.018065372,4
119-0,119,0,0,0.20025358,1
119-1,119,1,0,0.21488234,1
119-2,119,2,0,0.11325263,1
119-3,119,3,0,0.15557487,1
119-4,119,4,0,0.07262448,1
119-5,119,5,0,0.08809489,1
119-6,119,6,0,0.06973658,1
119-7,119,7,0,0.10165638,1
119-8,119,8,0,0.067893915,1
119-9,119,9,0,0.25777,1
119-10,119,10,0,0.030458923,1
119-11,119,11,0,0.1524715,1
119-12,119,12,0,0.12456225,1
120-0,120,0,0,0.03768718,3
120-1,120,1,1,0.1271343,3
120-2,120,2,1,0.030704392,3
120-3,120,3,0,0.098361306,3
120-4,120,4,1,0.052030087,3
120-5,120,5,0,0.0558385,3
120-6,120,6,0,0.0099724345,3
120-7,120,7,0,0.02783415,3
120-8,120,8,0,0.01640014,3
120-9,120,9,0,0.040306296,3
120-10,120,10,0,0.013883945,3
120-11,120,11,0,0.020100348,3
120-12,120,12,0,0.032590896,3
121-0,121,0,0,0.032871034,2
121-1,121,1,0,0.07774013,2
121-2,121,2,0,0.10022634,2
121-3,121,3,0,0.09528501,2
121-4,121,4,0,0.028606549,2
121-5,121,5,0,0.04346428,2
121-6,121,6,0,0.01599068,2
121-7,121,7,0,0.031336833,2
121-8,121,8,0,0.10109083,2
121-9,121,9,0,0.119944,2
121-10,121,10,0,0.0108415885,2
121-11,121,11,0,0.013401434,2
121-12,121,12,0,0.03456796,2
122-0,122,0,0,0.009856621,5
122-1,122,1,0,0.028786661,5
122-2,122,2,0,0.008157888,5
122-3,122,3,0,0.031199694,5
122-4,122,4,0,0.016013805,5
122-5,122,5,0,0.004395975,5
122-6,122,6,0,0.042718153,5
122-7,122,7,0,0.022387406,5
122-8,122,8,0,0.010540394,5
122-9,122,9,0,0.02898395,5
122-10,122,10,0,0.0044807508,5
122-11,122,11,0,0.009849912,5
122-12,122,12,0,0.024996277,5
123-0,123,0,0,0.19910274,5
123-1,123,1,0,0.45283112,5
123-2,123,2,0,0.17958876,5
123-3,123,3,0,0.44583696,5
123-4,123,4,0,0.28189316,5
123-5,123,5,0,0.055135276,5
123-6,123,6,0,0.5904041,5
123-7,123,7,0,0.43042624,5
123-8,123,8,0,0.23986761,5
123-9,123,9,0,0.4605392,5
123-10,123,10,0,0.03940044,5
123-11,123,11,0,0.21954252,5
123-12,123,12,0,0.32517898,5
124-0,124,0,0,0.11051819,3
124-1,124,1,0,0.06925979,3
124-2,124,2,0,0.033444464,3
124-3,124,3,0,0.15241775,3
124-4,124,4,0,0.023689074,3
124-5,124,5,0,0.1581355,3
124-6,124,6,0,0.032952677,3
124-7,124,7,0,0.063994445,3
124-8,124,8,0,0.037358925,3
124-9,124,9,0,0.14147604,3
124-10,124,10,0,0.037417807,3
124-11,124,11,0,0.06374874,3
124-12,124,12,0,0.109883346,3
125-0,125,0,1,0.08245482,5
125-1,125,1,1,0.23672776,5
125-2,125,2,1,0.073185645,5
125-3,125,3,1,0.2174152,5
125-4,125,4,1,0.14741611,5
125-5,125,5,1,0.018135212,5
125-6,125,6,0,0.0494571,5
125-7,125,7,1,0.17848934,5
125-8,125,8,1,0.07791641,5
125-9,125,9,1,0.17765638,5
125-10,125,10,0,0.0059195734,5
125-11,125,11,1,0.07427021,5
125-12,125,12,1,0.17152947,5
126-0,126,0,0,0.22486947,1
126-1,126,1,0,0.22523206,1
126-2,126,2,0,0.14459726,1
126-3,126,3,0,0.13803512,1
126-4,126,4,0,0.067634605,1
126-5,126,5,0,0.09698731,1
126-6,126,6,0,0.07543748,1
126-7,126,7,0,0.12634206,1
126-8,126,8,0,0.07345609,1
126-9,126,9,0,0.1833334,1
126-10,126,10,0,0.034783598,1
126-11,126,11,0,0.16374542,1
126-12,126,12,0,0.11023365,1
127-0,127,0,0,0.100727044,2
127-1,127,1,0,0.17866318,2
127-2,127,2,0,0.20807065,2
127-3,127,3,0,0.15579887,2
127-4,127,4,0,0.063242234,2
127-5,127,5,0,0.10708393,2
127-6,127,6,0,0.027380379,2
127-7,127,7,0,0.075119995,2
127-8,127,8,1,0.11359437,2
127-9,127,9,0,0.23152944,2
127-10,127,10,0,0.019336443,2
127-11,127,11,1,0.0125000905,2
127-12,127,12,0,0.092042364,2
128-0,128,0,0,0.03636643,5
128-1,128,1,0,0.11523798,5
128-2,128,2,0,0.02069297,5
128-3,128,3,0,0.15192781,5
128-4,128,4,0,0.04211486,5
128-5,128,5,0,0.00687858,5
128-6,128,6,0,0.13366418,5
128-7,128,7,0,0.053548515,5
128-8,128,8,0,0.032445587,5
128-9,128,9,0,0.08125662,5
128-10,128,10,0,0.007506875,5
128-11,128,11,0,0.03402981,5
128-12,128,12,0,0.06764086,5
129-0,129,0,0,0.008892578,2
129-1,129,1,1,0.5894255,2
129-2,129,2,0,0.020896494,2
129-3,129,3,0,0.019681875,2
129-4,129,4,0,0.004756184,2
129-5,129,5,0,0.006268952,2
129-6,129,6,0,0.003668706,2
129-7,129,7,0,0.005041823,2
129-8,129,8,0,0.021292146,2
129-9,129,9,0,0.024675302,2
129-10,129,10,0,0.0026991514,2
129-11,129,11,0,0.0027543553,2
129-12,129,12,0,0.0069883745,2
130-0,130,0,0,0.018235965,5
130-1,130,1,0,0.042833485,5
130-2,130,2,0,0.011861211,5
130-3,130,3,0,0.057696424,5
130-4,130,4,0,0.026289474,5
130-5,130,5,0,0.0072541228,5
130-6,130,6,0,0.07079515,5
130-7,130,7,0,0.038578242,5
130-8,130,8,0,0.017366841,5
130-9,130,9,0,0.04412538,5
130-10,130,10,0,0.0099106375,5
130-11,130,11,0,0.015518735,5
130-12,130,12,0,0.03903839,5
131-0,131,0,1,0.04365398,4
131-1,131,1,1,0.09089146,4
131-2,131,2,1,0.15568282,4
131-3,131,3,1,0.089624576,4
131-4,131,4,1,0.04380218,4
131-5,131,5,1,0.055165783,4
131-6,131,6,0,0.047309004,4
131-7,131,7,1,0.10007302,4
131-8,131,8,1,0.15078169,4
131-9,131,9,1,0.12992327,4
131-10,131,10,1,0.034192465,4
131-11,131,11,1,0.11515589,4
131-12,131,12,1,0.090175584,4
132-0,132,0,0,0.051681608,3
132-1,132,1,0,0.044798683,3
132-2,132,2,0,0.017786428,3
132-3,132,3,0,0.14646737,3
132-4,132,4,1,0.0435471,3
132-5,132,5,0,0.056622207,3
132-6,132,6,1,0.02315292,3
132-7,132,7,1,0.07298956,3
132-8,132,8,0,0.021363355,3
132-9,132,9,0,0.072694674,3
132-10,132,10,0,0.019109432,3
132-11,132,11,0,0.029763758,3
132-12,132,12,1,0.10591203,3
133-0,133,0,0,0.05257148,2
133-1,133,1,0,0.1456677,2
133-2,133,2,0,0.107800834,2
133-3,133,3,0,0.10252874,2
133-4,133,4,0,0.028731652,2
133-5,133,5,0,0.08592476,2
133-6,133,6,0,0.02307979,2
133-7,133,7,0,0.037211146,2
133-8,133,8,0,0.21236801,2
133-9,133,9,0,0.11728196,2
133-10,133,10,0,0.016522434,2
133-11,133,11,0,0.023342125,2
133-12,133,12,0,0.06665355,2
134-0,134,0,0,0.012928655,5
134-1,134,1,0,0.066747114,5
134-2,134,2,0,0.009966537,5
134-3,134,3,0,0.043075465,5
134-4,134,4,0,0.0169525,5
134-5,134,5,0,0.005897067,5
134-6,134,6,0,0.05887841,5
134-7,134,7,0,0.023761865,5
134-8,134,8,0,0.01543128,5
134-9,134,9,0,0.04613601,5
134-10,134,10,0,0.0074753817,5
134-11,134,11,0,0.019885259,5
134-12,134,12,0,0.028009377,5
135-0,135,0,0,0.044285893,1
135-1,135,1,0,0.043884337,1
135-2,135,2,0,0.024561822,1
135-3,135,3,0,0.027405083,1
135-4,135,4,0,0.010844259,1
135-5,135,5,0,0.015020024,1
135-6,135,6,0,0.013529253,1
135-7,135,7,0,0.024763945,1
135-8,135,8,0,0.012129262,1
135-9,135,9,0,0.042940352,1
135-10,135,10,0,0.009860535,1
135-11,135,11,0,0.026388815,1
135-12,135,12,0,0.021169383,1
136-0,136,0,0,0.010178877,4
136-1,136,1,0,0.019549418,4
136-2,136,2,0,0.045369297,4
136-3,136,3,0,0.025743334,4
136-4,136,4,0,0.00763858,4
136-5,136,5,0,0.010498673,4
136-6,136,6,1,0.22974859,4
136-7,136,7,0,0.018198214,4
136-8,136,8,0,0.027962072,4
136-9,136,9,0,0.033124458,4
136-10,136,10,0,0.008484746,4
136-11,136,11,0,0.02384278,4
136-12,136,12,0,0.021279251,4
137-0,137,0,1,0.03442801,4
137-1,137,1,0,0.06619425,4
137-2,137,2,0,0.1572522,4
137-3,137,3,0,0.07685146,4
137-4,137,4,0,0.023568142,4
137-5,137,5,1,0.04069762,4
137-6,137,6,0,0.05864873,4
137-7,137,7,0,0.075441934,4
137-8,137,8,0,0.10511612,4
137-9,137,9,1,0.17417215,4
137-10,137,10,0,0.020618532,4
137-11,137,11,0,0.08719976,4
137-12,137,12,1,0.0698634,4
138-0,138,0,1,0.12200776,5
138-1,138,1,0,0.042833485,5
138-2,138,2,0,0.012826164,5
138-3,138,3,0,0.058162656,5
138-4,138,4,0,0.023815941,5
138-5,138,5,0,0.0072541228,5
138-6,138,6,0,0.07079515,5
138-7,138,7,0,0.038578242,5
138-8,138,8,0,0.017366841,5
138-9,138,9,0,0.05700546,5
138-10,138,10,0,0.009347744,5
138-11,138,11,0,0.015518735,5
138-12,138,12,1,0.20552287,5
139-0,139,0,0,0.010973727,5
139-1,139,1,0,0.022977456,5
139-2,139,2,0,0.008567585,5
139-3,139,3,0,0.036590364,5
139-4,139,4,0,0.013597134,5
139-5,139,5,0,0.0038974595,5
139-6,139,6,0,0.040975947,5
139-7,139,7,0,0.021996057,5
139-8,139,8,0,0.00942226,5
139-9,139,9,0,0.025343942,5
139-10,139,10,0,0.004846431,5
139-11,139,11,0,0.008567585,5
139-12,139,12,0,0.016758448,5
140-0,140,0,0,0.010178877,4
140-1,140,1,0,0.019549418,4
140-2,140,2,0,0.054669466,4
140-3,140,3,0,0.031219795,4
140-4,140,4,0,0.00723712,4
140-5,140,5,0,0.011510325,4
140-6,140,6,1,0.22767864,4
140-7,140,7,0,0.019169744,4
140-8,140,8,0,0.027962072,4
140-9,140,9,0,0.043390118,4
140-10,140,10,0,0.008484746,4
140-11,140,11,0,0.02384278,4
140-12,140,12,1,0.27380195,4
141-0,141,0,0,0.10500819,1
141-1,141,1,0,0.11602543,1
141-2,141,2,0,0.07628001,1
141-3,141,3,0,0.06712639,1
141-4,141,4,0,0.025891034,1
141-5,141,5,1,0.10993828,1
141-6,141,6,0,0.034206845,1
141-7,141,7,0,0.064729616,1
141-8,141,8,0,0.043479428,1
141-9,141,9,0,0.11371416,1
141-10,141,10,0,0.023559278,1
141-11,141,11,0,0.08014434,1
141-12,141,12,0,0.054703943,1
142-0,142,0,0,0.11210057,1
142-1,142,1,0,0.13153799,1
142-2,142,2,0,0.077266894,1
142-3,142,3,0,0.071497,1
142-4,142,4,0,0.027755925,1
142-5,142,5,0,0.040776037,1
142-6,142,6,0,0.033135377,1
142-7,142,7,0,0.04996743,1
142-8,142,8,0,0.036797248,1
142-9,142,9,0,0.09269021,1
142-10,142,10,0,0.021119494,1
142-11,142,11,0,0.08960191,1
142-12,142,12,0,0.048533984,1
143-0,143,0,0,0.21693677,1
143-1,143,1,0,0.25590014,1
143-2,143,2,0,0.15739083,1
143-3,143,3,0,0.17499304,1
143-4,143,4,0,0.07359664,1
143-5,143,5,1,0.073052905,1
143-6,143,6,0,0.08302692,1
143-7,143,7,0,0.13397287,1
143-8,143,8,0,0.08156413,1
143-9,143,9,0,0.25159553,1
143-10,143,10,0,0.03422508,1
143-11,143,11,0,0.17337547,1
143-12,143,12,0,0.12825368,1
144-0,144,0,0,0.018987108,4
144-1,144,1,0,0.03261893,4
144-2,144,2,0,0.07847244,4
144-3,144,3,0,0.03411468,4
144-4,144,4,0,0.011375204,4
144-5,144,5,0,0.015148489,4
144-6,144,6,0,0.024134252,4
144-7,144,7,0,0.027391316,4
144-8,144,8,0,0.039345272,4
144-9,144,9,0,0.051029857,4
144-10,144,10,0,0.010813184,4
144-11,144,11,0,0.03513841,4
144-12,144,12,0,0.027868764,4
145-0,145,0,0,0.07221686,2
145-1,145,1,0,0.173603,2
145-2,145,2,0,0.19507898,2
145-3,145,3,0,0.1470496,2
145-4,145,4,0,0.041184276,2
145-5,145,5,0,0.103794836,2
145-6,145,6,0,0.025310218,2
145-7,145,7,0,0.06969898,2
145-8,145,8,0,0.22511442,2
145-9,145,9,0,0.20930153,2
145-10,145,10,1,0.010280889,2
145-11,145,11,0,0.024836652,2
145-12,145,12,0,0.06934107,2
146-0,146,0,0,0.038658626,5
146-1,146,1,0,0.13121043,5
146-2,146,2,0,0.037909616,5
146-3,146,3,0,0.11086598,5
146-4,146,4,0,0.04498134,5
146-5,146,5,0,0.008790146,5
146-6,146,6,1,0.04735845,5
146-7,146,7,0,0.08552367,5
146-8,146,8,0,0.041062444,5
146-9,146,9,0,0.13479252,5
146-10,146,10,0,0.0126541555,5
146-11,146,11,0,0.045896426,5
146-12,146,12,0,0.0734083,5
147-0,147,0,1,0.21693677,1
147-1,147,1,0,0.18314397,1
147-2,147,2,0,0.1165898,1
147-3,147,3,0,0.12672283,1
147-4,147,4,0,0.051866412,1
147-5,147,5,0,0.070709325,1
147-6,147,6,1,0.09028875,1
147-7,147,7,0,0.10983683,1
147-8,147,8,0,0.058701217,1
147-9,147,9,0,0.18454862,1
147-10,147,10,0,0.055719927,1
147-11,147,11,0,0.12606384,1
147-12,147,12,1,0.12825368,1
148-0,148,0,0,0.13427795,2
148-1,148,1,0,0.36698225,2
148-2,148,2,0,0.26889703,2
148-3,148,3,0,0.2580249,2
148-4,148,4,1,0.020397475,2
148-5,148,5,0,0.11420175,2
148-6,148,6,0,0.071272925,2
148-7,148,7,0,0.091602795,2
148-8,148,8,0,0.47630775,2
148-9,148,9,0,0.27516595,2
148-10,148,10,0,0.06698741,2
148-11,148,11,0,0.08433854,2
148-12,148,12,0,0.19345403,2
149-0,149,0,0,0.2671388,1
149-1,149,1,1,0.05205002,1
149-2,149,2,1,0.03218813,1
149-3,149,3,1,0.035520073,1
149-4,149,4,1,0.01363534,1
149-5,149,5,1,0.018553918,1
149-6,149,6,1,0.014937582,1
149-7,149,7,1,0.027749157,1
149-8,149,8,1,0.016907802,1
149-9,149,9,1,0.05093975,1
149-10,149,10,0,0.04656008,1
149-11,149,11,0,0.21286203,1
149-12,149,12,1,0.02483189,1
150-0,150,0,0,0.010178877,4
150-1,150,1,0,0.019549418,4
150-2,150,2,0,0.045369297,4
150-3,150,3,0,0.025743334,4
150-4,150,4,0,0.0069155386,4
150-5,150,5,0,0.010498673,4
150-6,150,6,0,0.01459138,4
150-7,150,7,0,0.018201755,4
150-8,150,8,0,0.028652934,4
150-9,150,9,0,0.033124458,4
150-10,150,10,0,0.008698687,4
150-11,150,11,0,0.02384278,4
150-12,150,12,0,0.019490857,4
151-0,151,0,1,0.1287398,2
151-1,151,1,1,0.22795115,2
151-2,151,2,1,0.28960666,2
151-3,151,3,0,0.15907422,2
151-4,151,4,0,0.04510458,2
151-5,151,5,0,0.08654184,2
151-6,151,6,0,0.029288016,2
151-7,151,7,0,0.05564984,2
151-8,151,8,0,0.15635213,2
151-9,151,9,1,0.35544246,2
151-10,151,10,1,0.032042615,2
151-11,151,11,0,0.02176568,2
151-12,151,12,0,0.064194,2
152-0,152,0,0,0.04884105,4
152-1,152,1,0,0.106814265,4
152-2,152,2,0,0.23942327,4
152-3,152,3,0,0.097614154,4
152-4,152,4,0,0.034921788,4
152-5,152,5,0,0.0552033,4
152-6,152,6,0,0.0678739,4
152-7,152,7,0,0.065392874,4
152-8,152,8,0,0.14832176,4
152-9,152,9,0,0.20579748,4
152-10,152,10,0,0.025475107,4
152-11,152,11,0,0.13935795,4
152-12,152,12,0,0.09151074,4
153-0,153,0,0,0.011437592,4
153-1,153,1,0,0.024222704,4
153-2,153,2,0,0.05345964,4
153-3,153,3,0,0.027648173,4
153-4,153,4,0,0.008135052,4
153-5,153,5,0,0.014289871,4
153-6,153,6,0,0.019259641,4
153-7,153,7,0,0.015073102,4
153-8,153,8,0,0.03233421,4
153-9,153,9,0,0.044957574,4
153-10,153,10,0,0.008425063,4
153-11,153,11,0,0.03056494,4
153-12,153,12,0,0.021131512,4
154-0,154,0,0,0.06413755,1
154-1,154,1,1,0.28448248,1
154-2,154,2,1,0.16488354,1
154-3,154,3,0,0.03940346,1
154-4,154,4,1,0.10471772,1
154-5,154,5,1,0.11393271,1
154-6,154,6,1,0.08920609,1
154-7,154,7,0,0.034033637,1
154-8,154,8,1,0.118919365,1
154-9,154,9,1,0.23741175,1
154-10,154,10,1,0.040874645,1
154-11,154,11,1,0.19515786,1
154-12,154,12,1,0.14536397,1
155-0,155,0,0,0.21972637,5
155-1,155,1,1,0.01921244,5
155-2,155,2,0,0.20594566,5
155-3,155,3,0,0.47680286,5
155-4,155,4,0,0.39638907,5
155-5,155,5,0,0.061874878,5
155-6,155,6,0,0.6196633,5
155-7,155,7,0,0.46284744,5
155-8,155,8,0,0.2629054,5
155-9,155,9,0,0.49903163,5
155-10,155,10,0,0.0690544,5
155-11,155,11,0,0.24804594,5
155-12,155,12,0,0.36343735,5
156-0,156,0,1,0.025015982,2
156-1,156,1,1,0.053085335,2
156-2,156,2,1,0.0704049,2
156-3,156,3,1,0.06754187,2
156-4,156,4,1,0.013936929,2
156-5,156,5,1,0.028810412,2
156-6,156,6,1,0.012187828,2
156-7,156,7,1,0.021531748,2
156-8,156,8,1,0.087704636,2
156-9,156,9,1,0.07378368,2
156-10,156,10,1,0.008515904,2
156-11,156,11,1,0.008689041,2
156-12,156,12,0,0.23918968,2
157-0,157,0,0,0.17369193,1
157-1,157,1,0,0.19173189,1
157-2,157,2,0,0.12179849,1
157-3,157,3,0,0.12711473,1
157-4,157,4,0,0.055665392,1
157-5,157,5,0,0.061466098,1
157-6,157,6,1,0.07810189,1
157-7,157,7,0,0.1154732,1
157-8,157,8,0,0.061896004,1
157-9,157,9,0,0.18823363,1
157-10,157,10,0,0.049911607,1
157-11,157,11,0,0.12998547,1
157-12,157,12,0,0.1009147,1
158-0,158,0,1,0.008087779,5
158-1,158,1,1,0.01921244,5
158-2,158,2,1,0.006115242,5
158-3,158,3,1,0.028967865,5
158-4,158,4,1,0.010642163,5
158-5,158,5,0,0.061874878,5
158-6,158,6,0,0.6196633,5
158-7,158,7,1,0.01950437,5
158-8,158,8,1,0.008342774,5
158-9,158,9,1,0.019806648,5
158-10,158,10,1,0.0034537464,5
158-11,158,11,1,0.0072861146,5
158-12,158,12,1,0.014269487,5
159-0,159,0,0,0.018586611,4
159-1,159,1,0,0.03613071,4
159-2,159,2,0,0.0892996,4
159-3,159,3,0,0.057122886,4
159-4,159,4,0,0.018177697,4
159-5,159,5,0,0.021422021,4
159-6,159,6,0,0.02625395,4
159-7,159,7,0,0.03162698,4
159-8,159,8,0,0.049947403,4
159-9,159,9,0,0.0616528,4
159-10,159,10,0,0.01387204,4
159-11,159,11,0,0.044767044,4
159-12,159,12,0,0.03254327,4
160-0,160,0,0,0.010596349,4
160-1,160,1,0,0.019549418,4
160-2,160,2,0,0.047161277,4
160-3,160,3,0,0.024461236,4
160-4,160,4,0,0.007534861,4
160-5,160,5,0,0.010929119,4
160-6,160,6,0,0.015187045,4
160-7,160,7,0,0.019169744,4
160-8,160,8,0,0.027962072,4
160-9,160,9,0,0.041699685,4
160-10,160,10,0,0.0077615944,4
160-11,160,11,0,0.02384278,4
160-12,160,12,0,0.018800147,4
161-0,161,0,0,0.03288214,2
161-1,161,1,0,0.05350519,2
161-2,161,2,0,0.07095148,2
161-3,161,3,0,0.06806785,2
161-4,161,4,0,0.013813574,2
161-5,161,5,0,0.032380056,2
161-6,161,6,0,0.012288435,2
161-7,161,7,0,0.015253978,2
161-8,161,8,1,0.5163186,2
161-9,161,9,0,0.058082756,2
161-10,161,10,0,0.00852543,2
161-11,161,11,0,0.008998614,2
161-12,161,12,0,0.024408523,2
162-0,162,0,0,0.03781392,2
162-1,162,1,0,0.09040504,2
162-2,162,2,0,0.11400373,2
162-3,162,3,0,0.08344808,2
162-4,162,4,0,0.022029106,2
162-5,162,5,0,0.03299344,2
162-6,162,6,0,0.019049546,2
162-7,162,7,0,0.03577761,2
162-8,162,8,0,0.118817866,2
162-9,162,9,0,0.14240864,2
162-10,162,10,0,0.013225349,2
162-11,162,11,0,0.015448563,2
162-12,162,12,0,0.039718214,2
163-0,163,0,1,0.056063343,2
163-1,163,1,1,0.13359098,2
163-2,163,2,1,0.21850814,2
163-3,163,3,1,0.16612516,2
163-4,163,4,1,0.05355184,2
163-5,163,5,1,0.07361116,2
163-6,163,6,1,0.035129342,2
163-7,163,7,0,0.08543452,2
163-8,163,8,1,0.18595935,2
163-9,163,9,1,0.17972156,2
163-10,163,10,1,0.022014482,2
163-11,163,11,1,0.024706507,2
163-12,163,12,1,0.063882336,2
164-0,164,0,0,0.011437592,4
164-1,164,1,0,0.024222704,4
164-2,164,2,0,0.06055239,4
164-3,164,3,0,0.027648173,4
164-4,164,4,0,0.008135052,4
164-5,164,5,0,0.014289871,4
164-6,164,6,1,0.1053974,4
164-7,164,7,0,0.020525621,4
164-8,164,8,0,0.03233421,4
164-9,164,9,0,0.05045836,4
164-10,164,10,0,0.008425063,4
164-11,164,11,0,0.03056494,4
164-12,164,12,0,0.021131512,4
165-0,165,0,0,0.039630942,1
165-1,165,1,0,0.03926986,1
165-2,165,2,0,0.021341136,1
165-3,165,3,0,0.024834482,1
165-4,165,4,0,0.009845718,1
165-5,165,5,0,0.013177647,1
165-6,165,6,0,0.01145509,1
165-7,165,7,0,0.021133265,1
165-8,165,8,0,0.010710807,1
165-9,165,9,0,0.03842115,1
165-10,165,10,0,0.008705062,1
165-11,165,11,0,0.022961902,1
165-12,165,12,0,0.018682418,1
166-0,166,0,0,0.08909181,3
166-1,166,1,0,0.0845748,3
166-2,166,2,0,0.025474066,3
166-3,166,3,0,0.1806312,3
166-4,166,4,0,0.024448205,3
166-5,166,5,0,0.100978404,3
166-6,166,6,0,0.023159446,3
166-7,166,7,0,0.049042515,3
166-8,166,8,0,0.046366747,3
166-9,166,9,0,0.09331293,3
166-10,166,10,0,0.023394084,3
166-11,166,11,0,0.06494492,3
166-12,166,12,0,0.08051292,3
167-0,167,0,0,0.2671388,1
167-1,167,1,0,0.30727285,1
167-2,167,2,0,0.22826979,1
167-3,167,3,0,0.21788433,1
167-4,167,4,0,0.115430124,1
167-5,167,5,0,0.12745713,1
167-6,167,6,0,0.10294041,1
167-7,167,7,0,0.13376325,1
167-8,167,8,1,0.013920733,1
167-9,167,9,0,0.3047454,1
167-10,167,10,0,0.04656008,1
167-11,167,11,0,0.21286203,1
167-12,167,12,0,0.13877355,1
168-0,168,0,1,0.24574608,1
168-1,168,1,0,0.13029593,1
168-2,168,2,0,0.079509236,1
168-3,168,3,0,0.09772513,1
168-4,168,4,0,0.029444741,1
168-5,168,5,0,0.060019832,1
168-6,168,6,1,0.07830743,1
168-7,168,7,0,0.0703349,1
168-8,168,8,1,0.07203334,1
168-9,168,9,0,0.12774146,1
168-10,168,10,0,0.029126806,1
168-11,168,11,0,0.090453304,1
168-12,168,12,0,0.06579902,1
169-0,169,0,0,0.12538679,5
169-1,169,1,0,0.33549708,5
169-2,169,2,0,0.108091414,5
169-3,169,3,0,0.30408922,5
169-4,169,4,0,0.1519238,5
169-5,169,5,0,0.02439994,5
169-6,169,6,0,0.39097157,5
169-7,169,7,0,0.1851899,5
169-8,169,8,0,0.12084604,5
169-9,169,9,0,0.34009242,5
169-10,169,10,1,0.0034659735,5
169-11,169,11,0,0.11746724,5
169-12,169,12,0,0.21766986,5
170-0,170,0,0,0.051681608,3
170-1,170,1,0,0.044798683,3
170-2,170,2,0,0.015549391,3
170-3,170,3,0,0.10996162,3
170-4,170,4,0,0.020484384,3
170-5,170,5,0,0.056622207,3
170-6,170,6,0,0.011553362,3
170-7,170,7,0,0.022755858,3
170-8,170,8,0,0.021363355,3
170-9,170,9,0,0.04639878,3
170-10,170,10,0,0.019109432,3
170-11,170,11,0,0.029763758,3
170-12,170,12,0,0.04307217,3
171-0,171,0,0,0.07761237,3
171-1,171,1,1,0.06739223,3
171-2,171,2,0,0.02183125,3
171-3,171,3,0,0.21247551,3
171-4,171,4,0,0.023689074,3
171-5,171,5,0,0.11623918,3
171-6,171,6,0,0.019630501,3
171-7,171,7,0,0.063994445,3
171-8,171,8,0,0.037358925,3
171-9,171,9,0,0.14147604,3
171-10,171,10,0,0.023214694,3
171-11,171,11,0,0.051233616,3
171-12,171,12,0,0.069293454,3
172-0,172,0,0,0.079592966,1
172-1,172,1,1,0.16887003,1
172-2,172,2,0,0.049362928,1
172-3,172,3,0,0.055476524,1
172-4,172,4,0,0.02173,1
172-5,172,5,0,0.026624694,1
172-6,172,6,0,0.02320207,1
172-7,172,7,0,0.042992506,1
172-8,172,8,0,0.020278858,1
172-9,172,9,0,0.06913429,1
172-10,172,10,0,0.018077431,1
172-11,172,11,0,0.047906183,1
172-12,172,12,0,0.038536217,1
173-0,173,0,0,0.04452784,2
173-1,173,1,0,0.10785572,2
173-2,173,2,0,0.1390855,2
173-3,173,3,0,0.13251059,2
173-4,173,4,0,0.042890996,2
173-5,173,5,0,0.062933005,2
173-6,173,6,1,0.028168466,2
173-7,173,7,0,0.04791198,2
173-8,173,8,1,0.28705588,2
173-9,173,9,0,0.14960343,2
173-10,173,10,0,0.016708275,2
173-11,173,11,0,0.019053422,2
173-12,173,12,1,0.10647084,2
174-0,174,0,0,0.01603737,5
174-1,174,1,0,0.040784337,5
174-2,174,2,0,0.0124949645,5
174-3,174,3,0,0.06049649,5
174-4,174,4,0,0.021154726,5
174-5,174,5,0,0.004973118,5
174-6,174,6,1,0.36478558,5
174-7,174,7,0,0.028799621,5
174-8,174,8,0,0.0142791215,5
174-9,174,9,0,0.042032674,5
174-10,174,10,1,0.02278492,5
174-11,174,11,0,0.01427933,5
174-12,174,12,0,0.028908681,5
175-0,175,0,0,0.03816327,1
175-1,175,1,1,0.5966409,1
175-2,175,2,0,0.019676883,1
175-3,175,3,0,0.02147319,1
175-4,175,4,0,0.009189816,1
175-5,175,5,0,0.012009998,1
175-6,175,6,0,0.010436371,1
175-7,175,7,0,0.019557906,1
175-8,175,8,0,0.0108390525,1
175-9,175,9,0,0.035449587,1
175-10,175,10,0,0.008181422,1
175-11,175,11,0,0.022961902,1
175-12,175,12,0,0.017585605,1
176-0,176,0,0,0.035456967,2
176-1,176,1,0,0.08379155,2
176-2,176,2,0,0.09904015,2
176-3,176,3,0,0.07528937,2
176-4,176,4,0,0.03254857,2
176-5,176,5,0,0.029300695,2
176-6,176,6,0,0.015786562,2
176-7,176,7,0,0.036404934,2
176-8,176,8,0,0.10576903,2
176-9,176,9,0,0.08743685,2
176-10,176,10,0,0.012663775,2
176-11,176,11,0,0.014480745,2
176-12,176,12,0,0.042543158,2
177-0,177,0,0,0.08492663,3
177-1,177,1,1,0.04420606,3
177-2,177,2,1,0.0153374905,3
177-3,177,3,0,0.17299919,3
177-4,177,4,0,0.026102405,3
177-5,177,5,1,0.073815234,3
177-6,177,6,0,0.022760943,3
177-7,177,7,0,0.044410918,3
177-8,177,8,0,0.045587573,3
177-9,177,9,1,0.055230603,3
177-10,177,10,1,0.014107152,3
177-11,177,11,0,0.06436603,3
177-12,177,12,0,0.10591203,3
178-0,178,0,0,0.015911125,5
178-1,178,1,0,0.040035415,5
178-2,178,2,0,0.011790697,5
178-3,178,3,0,0.05293815,5
178-4,178,4,0,0.016884143,5
178-5,178,5,0,0.005440454,5
178-6,178,6,0,0.05383314,5
178-7,178,7,0,0.02903007,5
178-8,178,8,0,0.013357491,5
178-9,178,9,0,0.036508266,5
178-10,178,10,0,0.00630475,5
178-11,178,11,0,0.01583986,5
178-12,178,12,0,0.02620842,5
179-0,179,0,0,0.039305754,1
179-1,179,1,0,0.037379663,1
179-2,179,2,0,0.020518035,1
179-3,179,3,0,0.022904184,1
179-4,179,4,0,0.009189816,1
179-5,179,5,0,0.013066566,1
179-6,179,6,0,0.01101889,1
179-7,179,7,0,0.02039408,1
179-8,179,8,0,0.010710807,1
179-9,179,9,0,0.037832413,1
179-10,179,10,0,0.008408257,1
179-11,179,11,0,0.023940053,1
179-12,179,12,0,0.017585605,1
180-0,180,0,0,0.08996022,5
180-1,180,1,1,0.03886039,5
180-2,180,2,1,0.012156031,5
180-3,180,3,1,0.05055994,5
180-4,180,4,0,0.14247029,5
180-5,180,5,1,0.0056268703,5
180-6,180,6,0,0.32663542,5
180-7,180,7,0,0.19016469,5
180-8,180,8,1,0.016634865,5
180-9,180,9,1,0.04003747,5
180-10,180,10,0,0.014398189,5
180-11,180,11,0,0.07426342,5
180-12,180,12,1,0.028092843,5
181-0,181,0,0,0.015894782,4
181-1,181,1,1,0.122644514,4
181-2,181,2,0,0.06981437,4
181-3,181,3,0,0.04912938,4
181-4,181,4,0,0.0152261695,4
181-5,181,5,0,0.018327223,4
181-6,181,6,0,0.026838055,4
181-7,181,7,0,0.03282827,4
181-8,181,8,0,0.042074367,4
181-9,181,9,0,0.06927531,4
181-10,181,10,0,0.012761205,4
181-11,181,11,0,0.038432088,4
181-12,181,12,0,0.029826537,4
182-0,182,0,0,0.010010342,4
182-1,182,1,1,0.51012427,4
182-2,182,2,0,0.048784055,4
182-3,182,3,0,0.02806217,4
182-4,182,4,0,0.0071169394,4
182-5,182,5,1,0.3796531,4
182-6,182,6,0,0.016403709,4
182-7,182,7,0,0.01885884,4
182-8,182,8,0,0.030051826,4
182-9,182,9,0,0.03946219,4
182-10,182,10,0,0.008554443,4
182-11,182,11,0,0.023453357,4
182-12,182,12,1,0.5361039,4
183-0,183,0,0,0.056499716,2
183-1,183,1,0,0.1302983,2
183-2,183,2,0,0.16205934,2
183-3,183,3,0,0.0985487,2
183-4,183,4,0,0.03318378,2
183-5,183,5,0,0.070418164,2
183-6,183,6,0,0.028081145,2
183-7,183,7,0,0.030545676,2
183-8,183,8,0,0.16613667,2
183-9,183,9,0,0.168078,2
183-10,183,10,0,0.021034375,2
183-11,183,11,0,0.023698946,2
183-12,183,12,0,0.062184438,2
184-0,184,0,0,0.035436977,4
184-1,184,1,0,0.07447534,4
184-2,184,2,0,0.16160423,4
184-3,184,3,0,0.11076104,4
184-4,184,4,0,0.03628529,4
184-5,184,5,0,0.0448836,4
184-6,184,6,0,0.051128753,4
184-7,184,7,0,0.06504253,4
184-8,184,8,0,0.11887691,4
184-9,184,9,0,0.11610697,4
184-10,184,10,0,0.023884116,4
184-11,184,11,0,0.09549438,4
184-12,184,12,0,0.08890546,4
185-0,185,0,0,0.01214089,2
185-1,185,1,1,0.30980456,2
185-2,185,2,0,0.033554092,2
185-3,185,3,0,0.023422858,2
185-4,185,4,0,0.009835293,2
185-5,185,5,0,0.013385316,2
185-6,185,6,0,0.0059543843,2
185-7,185,7,0,0.0098117115,2
185-8,185,8,0,0.033906218,2
185-9,185,9,0,0.03033035,2
185-10,185,10,0,0.0048726792,2
185-11,185,11,0,0.004524184,2
185-12,185,12,0,0.012801313,2
186-0,186,0,0,0.09690112,2
186-1,186,1,0,0.1906373,2
186-2,186,2,0,0.2334808,2
186-3,186,3,0,0.22113615,2
186-4,186,4,0,0.07046147,2
186-5,186,5,0,0.113489255,2
186-6,186,6,1,0.030909788,2
186-7,186,7,0,0.08494304,2
186-8,186,8,0,0.2501877,2
186-9,186,9,1,0.27233794,2
186-10,186,10,1,0.028255818,2
186-11,186,11,0,0.033076562,2
186-12,186,12,0,0.089794114,2
187-0,187,0,0,0.010973727,5
187-1,187,1,0,0.022977456,5
187-2,187,2,0,0.008567585,5
187-3,187,3,0,0.034577228,5
187-4,187,4,0,0.013541534,5
187-5,187,5,0,0.0038974595,5
187-6,187,6,0,0.045285366,5
187-7,187,7,0,0.023619331,5
187-8,187,8,1,0.23964915,5
187-9,187,9,0,0.025334414,5
187-10,187,10,1,0.06151485,5
187-11,187,11,0,0.008567585,5
187-12,187,12,0,0.021273095,5
188-0,188,0,0,0.0968001,2
188-1,188,1,0,0.22207877,2
188-2,188,2,0,0.24798396,2
188-3,188,3,0,0.15275045,2
188-4,188,4,0,0.08138964,2
188-5,188,5,0,0.08872704,2
188-6,188,6,0,0.035373654,2
188-7,188,7,0,0.05196169,2
188-8,188,8,0,0.2704737,2
188-9,188,9,0,0.2726616,2
188-10,188,10,0,0.016309697,2
188-11,188,11,0,0.031480554,2
188-12,188,12,0,0.10045771,2
189-0,189,0,0,0.010973727,5
189-1,189,1,0,0.022977456,5
189-2,189,2,0,0.0076276395,5
189-3,189,3,0,0.036590364,5
189-4,189,4,0,0.013597134,5
189-5,189,5,0,0.0038974595,5
189-6,189,6,0,0.043710083,5
189-7,189,7,0,0.022780212,5
189-8,189,8,0,0.00942226,5
189-9,189,9,0,0.023685299,5
189-10,189,10,0,0.0040639457,5
189-11,189,11,0,0.008567585,5
189-12,189,12,0,0.016758448,5
190-0,190,0,0,0.077796966,4
190-1,190,1,0,0.16068502,4
190-2,190,2,0,0.31043845,4
190-3,190,3,0,0.22859913,4
190-4,190,4,0,0.060171984,4
190-5,190,5,0,0.10113623,4
190-6,190,6,0,0.12691367,4
190-7,190,7,0,0.10311821,4
190-8,190,8,0,0.22354709,4
190-9,190,9,1,0.060012758,4
190-10,190,10,0,0.055546526,4
190-11,190,11,0,0.20848128,4
190-12,190,12,0,0.14692095,4
191-0,191,0,0,0.051681608,3
191-1,191,1,0,0.048655443,3
191-2,191,2,1,0.03871123,3
191-3,191,3,0,0.15763253,3
191-4,191,4,0,0.020117966,3
191-5,191,5,1,0.19502924,3
191-6,191,6,0,0.013804625,3
191-7,191,7,0,0.03873342,3
191-8,191,8,1,0.05849925,3
191-9,191,9,1,0.1333292,3
191-10,191,10,1,0.030976798,3
191-11,191,11,1,0.06436603,3
191-12,191,12,0,0.04307217,3
192-0,192,0,0,0.02468631,4
192-1,192,1,0,0.062386807,4
192-2,192,2,0,0.09193773,4
192-3,192,3,0,0.055274922,4
192-4,192,4,0,0.0308894,4
192-5,192,5,0,0.027233943,4
192-6,192,6,0,0.038016185,4
192-7,192,7,0,0.045044936,4
192-8,192,8,0,0.08682176,4
192-9,192,9,0,0.1260078,4
192-10,192,10,0,0.019168448,4
192-11,192,11,0,0.082910106,4
192-12,192,12,0,0.07247178,4
193-0,193,0,0,0.10078084,2
193-1,193,1,0,0.22193295,2
193-2,193,2,0,0.24912725,2
193-3,193,3,0,0.1694505,2
193-4,193,4,0,0.06351789,2
193-5,193,5,0,0.1358864,2
193-6,193,6,0,0.048085235,2
193-7,193,7,0,0.06920672,2
193-8,193,8,0,0.27699003,2
193-9,193,9,0,0.28535786,2
193-10,193,10,0,0.033648632,2
193-11,193,11,0,0.04017125,2
193-12,193,12,0,0.097030446,2
194-0,194,0,0,0.0073413462,5
194-1,194,1,0,0.025185011,5
194-2,194,2,0,0.005990236,5
194-3,194,3,0,0.02863235,5
194-4,194,4,0,0.010439991,5
194-5,194,5,0,0.0035969268,5
194-6,194,6,0,0.036273975,5
194-7,194,7,0,0.019438086,5
194-8,194,8,0,0.008655713,5
194-9,194,9,0,0.020565871,5
194-10,194,10,0,0.0044328393,5
194-11,194,11,0,0.0072583063,5
194-12,194,12,0,0.018808981,5
195-0,195,0,0,0.032861475,4
195-1,195,1,1,0.06441988,4
195-2,195,2,1,0.13035175,4
195-3,195,3,1,0.059988793,4
195-4,195,4,0,0.036652483,4
195-5,195,5,1,0.02391395,4
195-6,195,6,1,0.039809976,4
195-7,195,7,0,0.07387977,4
195-8,195,8,0,0.11004729,4
195-9,195,9,1,0.12982705,4
195-10,195,10,1,0.016707523,4
195-11,195,11,0,0.09626491,4
195-12,195,12,1,0.05422018,4
196-0,196,0,0,0.010553342,2
196-1,196,1,0,0.018370919,2
196-2,196,2,0,0.027489405,2
196-3,196,3,0,0.025901705,2
196-4,196,4,0,0.007486928,2
196-5,196,5,1,0.18724856,2
196-6,196,6,0,0.0044596493,2
196-7,196,7,0,0.007820546,2
196-8,196,8,0,0.03345712,2
196-9,196,9,0,0.023594273,2
196-10,196,10,0,0.0031722002,2
196-11,196,11,1,0.06276547,2
196-12,196,12,0,0.008537801,2
197-0,197,0,0,0.20025358,1
197-1,197,1,0,0.21488234,1
197-2,197,2,0,0.13959543,1
197-3,197,3,0,0.12666051,1
197-4,197,4,0,0.07262448,1
197-5,197,5,0,0.08809489,1
197-6,197,6,0,0.07721804,1
197-7,197,7,0,0.11455172,1
197-8,197,8,0,0.067893915,1
197-9,197,9,0,0.21107192,1
197-10,197,10,0,0.046470545,1
197-11,197,11,0,0.1524715,1
197-12,197,12,0,0.09977492,1
198-0,198,0,0,0.010662369,4
198-1,198,1,0,0.022600727,4
198-2,198,2,0,0.041501783,4
198-3,198,3,0,0.024258694,4
198-4,198,4,0,0.010724013,4
198-5,198,5,0,0.009644664,4
198-6,198,6,0,0.01554783,4
198-7,198,7,0,0.015028738,4
198-8,198,8,0,0.03018588,4
198-9,198,9,0,0.03221765,4
198-10,198,10,0,0.007498708,4
198-11,198,11,0,0.028530702,4
198-12,198,12,0,0.018834574,4
199-0,199,0,1,0.17967202,4
199-1,199,1,0,0.023377739,4
199-2,199,2,1,0.51129395,4
199-3,199,3,1,0.22527209,4
199-4,199,4,0,0.011097339,4
199-5,199,5,1,0.15672542,4
199-6,199,6,1,0.22187182,4
199-7,199,7,0,0.020193497,4
199-8,199,8,1,0.3329541,4
199-9,199,9,0,0.057795804,4
199-10,199,10,1,0.14066039,4
199-11,199,11,1,0.3158014,4
199-12,199,12,1,0.28520408,4
200-0,200,0,0,0.010973727,5
200-1,200,1,0,0.022977456,5
200-2,200,2,0,0.008567585,5
200-3,200,3,0,0.036590364,5
200-4,200,4,0,0.013597134,5
200-5,200,5,0,0.003913617,5
200-6,200,6,0,0.040975947,5
200-7,200,7,1,0.43227717,5
200-8,200,8,0,0.00942226,5
200-9,200,9,0,0.025343942,5
200-10,200,10,0,0.0040639457,5
200-11,200,11,0,0.008320141,5
200-12,200,12,0,0.016929414,5
201-0,201,0,0,0.05382829,3
201-1,201,1,0,0.046673514,3
201-2,201,2,0,0.016389221,3
201-3,201,3,0,0.11619759,3
201-4,201,4,0,0.021168329,3
201-5,201,5,0,0.07844925,3
201-6,201,6,0,0.013451945,3
201-7,201,7,0,0.040001795,3
201-8,201,8,0,0.023609817,3
201-9,201,9,1,0.16834393,3
201-10,201,10,0,0.020825094,3
201-11,201,11,0,0.032578975,3
201-12,201,12,0,0.044878174,3
202-0,202,0,0,0.038493503,4
202-1,202,1,0,0.10185397,4
202-2,202,2,0,0.206576,4
202-3,202,3,0,0.0776957,4
202-4,202,4,0,0.03018179,4
202-5,202,5,0,0.062484477,4
202-6,202,6,0,0.08209851,4
202-7,202,7,0,0.09147331,4
202-8,202,8,0,0.14358012,4
202-9,202,9,0,0.12568146,4
202-10,202,10,0,0.030146994,4
202-11,202,11,0,0.142015,4
202-12,202,12,0,0.12789382,4
203-0,203,0,1,0.035403825,3
203-1,203,1,0,0.090744674,3
203-2,203,2,0,0.027991006,3
203-3,203,3,1,0.092379145,3
203-4,203,4,0,0.046021696,3
203-5,203,5,0,0.14710945,3
203-6,203,6,1,0.009114757,3
203-7,203,7,0,0.077638276,3
203-8,203,8,0,0.047410075,3
203-9,203,9,1,0.050585505,3
203-10,203,10,1,0.010535168,3
203-11,203,11,0,0.06699191,3
203-12,203,12,0,0.086885974,3
204-0,204,0,0,0.018235965,5
204-1,204,1,0,0.042833485,5
204-2,204,2,0,0.012826164,5
204-3,204,3,0,0.056552947,5
204-4,204,4,0,0.023095142,5
204-5,204,5,0,0.0072541228,5
204-6,204,6,0,0.07917477,5
204-7,204,7,0,0.037626974,5
204-8,204,8,0,0.015940389,5
204-9,204,9,0,0.04412538,5
204-10,204,10,0,0.009347744,5
204-11,204,11,0,0.015518735,5
204-12,204,12,0,0.029750986,5
205-0,205,0,0,0.051681608,3
205-1,205,1,0,0.044798683,3
205-2,205,2,0,0.015549391,3
205-3,205,3,0,0.10996162,3
205-4,205,4,0,0.014107756,3
205-5,205,5,0,0.07477374,3
205-6,205,6,0,0.013804625,3
205-7,205,7,0,0.03873342,3
205-8,205,8,0,0.021363355,3
205-9,205,9,0,0.054235786,3
205-10,205,10,0,0.019224385,3
205-11,205,11,1,0.07524698,3
205-12,205,12,0,0.04307217,3
206-0,206,0,0,0.040356833,1
206-1,206,1,0,0.044068057,1
206-2,206,2,0,0.026066266,1
206-3,206,3,0,0.023903422,1
206-4,206,4,0,0.0092717055,1
206-5,206,5,0,0.01823065,1
206-6,206,6,0,0.010923754,1
206-7,206,7,0,0.020400671,1
206-8,206,8,0,0.011650436,1
206-9,206,9,0,0.043120295,1
206-10,206,10,0,0.008723948,1
206-11,206,11,0,0.027700396,1
206-12,206,12,0,0.021770775,1
207-0,207,0,0,0.012102084,2
207-1,207,1,0,0.020114705,2
207-2,207,2,0,0.029232798,2
207-3,207,3,0,0.025901705,2
207-4,207,4,0,0.007486928,2
207-5,207,5,1,0.5376157,2
207-6,207,6,0,0.0058432366,2
207-7,207,7,1,0.43513414,2
207-8,207,8,0,0.03345712,2
207-9,207,9,0,0.023594273,2
207-10,207,10,0,0.003524259,2
207-11,207,11,0,0.003237046,2
207-12,207,12,0,0.010974779,2
208-0,208,0,0,0.035403825,3
208-1,208,1,0,0.030337615,3
208-2,208,2,0,0.011247519,3
208-3,208,3,0,0.09304145,3
208-4,208,4,0,0.013298561,3
208-5,208,5,0,0.04911693,3
208-6,208,6,0,0.009186139,3
208-7,208,7,0,0.028156655,3
208-8,208,8,0,0.022148613,3
208-9,208,9,1,0.13978508,3
208-10,208,10,0,0.012090124,3
208-11,208,11,0,0.026837835,3
208-12,208,12,0,0.030073129,3
209-0,209,0,0,0.11043552,1
209-1,209,1,0,0.12708801,1
209-2,209,2,0,0.07498374,1
209-3,209,3,0,0.06821699,1
209-4,209,4,0,0.03147146,1
209-5,209,5,0,0.038846422,1
209-6,209,6,0,0.033725247,1
209-7,209,7,0,0.07218759,1
209-8,209,8,0,0.03343677,1
209-9,209,9,0,0.087102264,1
209-10,209,10,0,0.023599861,1
209-11,209,11,0,0.0919971,1
209-12,209,12,0,0.05444809,1
210-0,210,0,0,0.107797444,1
210-1,210,1,1,0.2306176,1
210-2,210,2,1,0.150877,1
210-3,210,3,0,0.08335958,1
210-4,210,4,0,0.032856263,1
210-5,210,5,0,0.04551433,1
210-6,210,6,0,0.03376546,1
210-7,210,7,0,0.06429022,1
210-8,210,8,1,0.10084255,1
210-9,210,9,0,0.101604596,1
210-10,210,10,1,0.038143873,1
210-11,210,11,1,0.1645946,1
210-12,210,12,1,0.108243234,1
211-0,211,0,1,0.04997984,4
211-1,211,1,1,0.10048639,4
211-2,211,2,1,0.2080429,4
211-3,211,3,1,0.10877128,4
211-4,211,4,1,0.055827174,4
211-5,211,5,0,0.016849281,4
211-6,211,6,1,0.06929661,4
211-7,211,7,1,0.08110775,4
211-8,211,8,1,0.17842665,4
211-9,211,9,1,0.207167,4
211-10,211,10,1,0.035063088,4
211-11,211,11,0,0.03513841,4
211-12,211,12,1,0.11366315,4
212-0,212,0,0,0.20025358,1
212-1,212,1,0,0.21488234,1
212-2,212,2,0,0.12895502,1
212-3,212,3,0,0.12666051,1
212-4,212,4,0,0.064075194,1
212-5,212,5,1,0.043766182,1
212-6,212,6,0,0.06973658,1
212-7,212,7,0,0.11455172,1
212-8,212,8,1,0.033092774,1
212-9,212,9,0,0.19576836,1
212-10,212,10,1,0.024434965,1
212-11,212,11,0,0.1524715,1
212-12,212,12,0,0.09977492,1
213-0,213,0,1,0.013879458,4
213-1,213,1,1,0.031966966,4
213-2,213,2,1,0.076976925,4
213-3,213,3,1,0.031152116,4
213-4,213,4,1,0.010804553,4
213-5,213,5,1,0.01650713,4
213-6,213,6,1,0.023647731,4
213-7,213,7,1,0.030065298,4
213-8,213,8,1,0.03856423,4
213-9,213,9,1,0.06910359,4
213-10,213,10,1,0.011666804,4
213-11,213,11,1,0.03443788,4
213-12,213,12,1,0.030027922,4
214-0,214,0,0,0.06904507,3
214-1,214,1,0,0.043861892,3
214-2,214,2,0,0.013438695,3
214-3,214,3,0,0.16344954,3
214-4,214,4,0,0.02217456,3
214-5,214,5,0,0.07727615,3
214-6,214,6,0,0.010516858,3
214-7,214,7,0,0.047530763,3
214-8,214,8,0,0.023444364,3
214-9,214,9,0,0.057030022,3
214-10,214,10,0,0.017950375,3
214-11,214,11,0,0.024117013,3
214-12,214,12,0,0.043484814,3
215-0,215,0,0,0.09965416,1
215-1,215,1,0,0.070488006,1
215-2,215,2,0,0.044267714,1
215-3,215,3,0,0.061275046,1
215-4,215,4,0,0.02029763,1
215-5,215,5,0,0.031513035,1
215-6,215,6,0,0.021796461,1
215-7,215,7,0,0.04701293,1
215-8,215,8,0,0.036010783,1
215-9,215,9,0,0.080909915,1
215-10,215,10,0,0.015142941,1
215-11,215,11,0,0.04411245,1
215-12,215,12,0,0.041694455,1
216-0,216,0,0,0.048457757,1
216-1,216,1,0,0.044068057,1
216-2,216,2,0,0.026066266,1
216-3,216,3,0,0.026475705,1
216-4,216,4,0,0.009436851,1
216-5,216,5,0,0.016149191,1
216-6,216,6,0,0.010504584,1
216-7,216,7,0,0.020400671,1
216-8,216,8,0,0.011650436,1
216-9,216,9,0,0.034989074,1
216-10,216,10,0,0.008523279,1
216-11,216,11,0,0.021061268,1
216-12,216,12,0,0.018035803,1
217-0,217,0,0,0.089754604,2
217-1,217,1,0,0.09526557,2
217-2,217,2,0,0.19925648,2
217-3,217,3,0,0.1904664,2
217-4,217,4,0,0.03368154,2
217-5,217,5,0,0.09591061,2
217-6,217,6,0,0.025969513,2
217-7,217,7,0,0.08682809,2
217-8,217,8,0,0.23329814,2
217-9,217,9,0,0.14678136,2
217-10,217,10,0,0.020573666,2
217-11,217,11,0,0.013281022,2
217-12,217,12,0,0.07458248,2
218-0,218,0,0,0.055629935,1
218-1,218,1,0,0.03537083,1
218-2,218,2,0,0.023120131,1
218-3,218,3,0,0.03262309,1
218-4,218,4,0,0.009436851,1
218-5,218,5,0,0.012901732,1
218-6,218,6,0,0.01251548,1
218-7,218,7,0,0.020400671,1
218-8,218,8,0,0.011650436,1
218-9,218,9,0,0.033735443,1
218-10,218,10,0,0.008523279,1
218-11,218,11,0,0.021061268,1
218-12,218,12,0,0.018035803,1
219-0,219,0,0,0.08022058,2
219-1,219,1,0,0.078972,2
219-2,219,2,0,0.11580842,2
219-3,219,3,0,0.1385299,2
219-4,219,4,0,0.029616956,2
219-5,219,5,0,0.045953013,2
219-6,219,6,0,0.023446325,2
219-7,219,7,0,0.054445487,2
219-8,219,8,0,0.15610091,2
219-9,219,9,0,0.15333459,2
219-10,219,10,0,0.015921663,2
219-11,219,11,0,0.013030342,2
219-12,219,12,0,0.040752366,2
220-0,220,0,1,0.048360676,2
220-1,220,1,0,0.13853788,2
220-2,220,2,1,0.10650767,2
220-3,220,3,1,0.112504825,2
220-4,220,4,0,0.10286491,2
220-5,220,5,0,0.21408874,2
220-6,220,6,0,0.064179204,2
220-7,220,7,0,0.15128198,2
220-8,220,8,0,0.47308502,2
220-9,220,9,0,0.4240906,2
220-10,220,10,1,0.013849125,2
220-11,220,11,1,0.009611223,2
220-12,220,12,1,0.037172243,2
221-0,221,0,0,0.036118574,4
221-1,221,1,0,0.039595626,4
221-2,221,2,1,0.19940318,4
221-3,221,3,0,0.075521976,4
221-4,221,4,0,0.019083565,4
221-5,221,5,1,0.045692604,4
221-6,221,6,0,0.029168682,4
221-7,221,7,0,0.06302265,4
221-8,221,8,0,0.08823438,4
221-9,221,9,1,0.14805838,4
221-10,221,10,0,0.016707523,4
221-11,221,11,0,0.045246016,4
221-12,221,12,0,0.05422018,4
222-0,222,0,1,0.036524218,4
222-1,222,1,1,0.04203252,4
222-2,222,2,1,0.10516619,4
222-3,222,3,1,0.11268645,4
222-4,222,4,1,0.018971168,4
222-5,222,5,0,0.07889384,4
222-6,222,6,1,0.05263543,4
222-7,222,7,1,0.06302265,4
222-8,222,8,1,0.08823438,4
222-9,222,9,1,0.08053774,4
222-10,222,10,1,0.02263794,4
222-11,222,11,1,0.048013292,4
222-12,222,12,1,0.054817565,4
223-0,223,0,0,0.16133273,3
223-1,223,1,0,0.08205064,3
223-2,223,2,0,0.025337605,3
223-3,223,3,0,0.33340648,3
223-4,223,4,0,0.042948056,3
223-5,223,5,0,0.13734733,3
223-6,223,6,1,0.016051514,3
223-7,223,7,0,0.1233065,3
223-8,223,8,1,0.028885545,3
223-9,223,9,1,0.05648222,3
223-10,223,10,0,0.030279694,3
223-11,223,11,1,0.031055683,3
223-12,223,12,0,0.12645088,3
224-0,224,0,0,0.047893517,4
224-1,224,1,0,0.056922656,4
224-2,224,2,0,0.17158738,4
224-3,224,3,0,0.12822989,4
224-4,224,4,0,0.034981716,4
224-5,224,5,0,0.034626115,4
224-6,224,6,0,0.06544208,4
224-7,224,7,0,0.08162727,4
224-8,224,8,0,0.11500487,4
224-9,224,9,0,0.14463592,4
224-10,224,10,0,0.023144225,4
224-11,224,11,0,0.05938666,4
224-12,224,12,0,0.08515423,4
225-0,225,0,0,0.032403313,2
225-1,225,1,0,0.034847833,2
225-2,225,2,0,0.07415884,2
225-3,225,3,0,0.07040217,2
225-4,225,4,0,0.020053925,2
225-5,225,5,0,0.019167745,2
225-6,225,6,0,0.010840607,2
225-7,225,7,0,0.026967755,2
225-8,225,8,0,0.07215422,2
225-9,225,9,0,0.058577955,2
225-10,225,10,0,0.0080713695,2
225-11,225,11,0,0.006501592,2
225-12,225,12,0,0.023942243,2
226-0,226,0,0,0.06810437,3
226-1,226,1,0,0.044798683,3
226-2,226,2,0,0.015549391,3
226-3,226,3,0,0.16045015,3
226-4,226,4,0,0.020484384,3
226-5,226,5,0,0.07477374,3
226-6,226,6,0,0.011191041,3
226-7,226,7,0,0.041354433,3
226-8,226,8,0,0.021363355,3
226-9,226,9,0,0.055230603,3
226-10,226,10,0,0.019109432,3
226-11,226,11,0,0.023122484,3
226-12,226,12,0,0.03314703,3
227-0,227,0,0,0.050700855,2
227-1,227,1,0,0.07776714,2
227-2,227,2,0,0.11133242,2
227-3,227,3,0,0.10485693,2
227-4,227,4,0,0.033338062,2
227-5,227,5,1,0.13370527,2
227-6,227,6,0,0.01734386,2
227-7,227,7,0,0.051053137,2
227-8,227,8,1,0.25262728,2
227-9,227,9,0,0.09045226,2
227-10,227,10,0,0.014544796,2
227-11,227,11,0,0.008979783,2
227-12,227,12,0,0.051942725,2
228-0,228,0,1,0.10730775,2
228-1,228,1,0,0.04973225,2
228-2,228,2,1,0.22204943,2
228-3,228,3,1,0.2125207,2
228-4,228,4,1,0.06755801,2
228-5,228,5,0,0.049145404,2
228-6,228,6,1,0.02801096,2
228-7,228,7,0,0.051053137,2
228-8,228,8,0,0.14736179,2
228-9,228,9,0,0.09045226,2
228-10,228,10,1,0.028522706,2
228-11,228,11,0,0.0131041845,2
228-12,228,12,0,0.035211258,2
229-0,229,0,1,0.16453509,3
229-1,229,1,0,0.03614911,3
229-2,229,2,0,0.018184908,3
229-3,229,3,0,0.16341296,3
229-4,229,4,1,0.0435471,3
229-5,229,5,1,0.13907176,3
229-6,229,6,0,0.01584658,3
229-7,229,7,0,0.05800098,3
229-8,229,8,0,0.024495622,3
229-9,229,9,0,0.08192434,3
229-10,229,10,0,0.01953696,3
229-11,229,11,0,0.028381571,3
229-12,229,12,0,0.05319474,3
230-0,230,0,0,0.017561246,4
230-1,230,1,0,0.027201068,4
230-2,230,2,0,0.06768788,4
230-3,230,3,0,0.04807605,4
230-4,230,4,0,0.013209725,4
230-5,230,5,0,0.013599256,4
230-6,230,6,0,0.023652505,4
230-7,230,7,0,0.02619666,4
230-8,230,8,0,0.03755843,4
230-9,230,9,0,0.04775673,4
230-10,230,10,0,0.01135424,4
230-11,230,11,0,0.02542944,4
230-12,230,12,0,0.032371033,4
231-0,231,0,0,0.0714664,1
231-1,231,1,0,0.07016437,1
231-2,231,2,0,0.03873342,1
231-3,231,3,0,0.046585243,1
231-4,231,4,0,0.017884031,1
231-5,231,5,0,0.024199804,1
231-6,231,6,0,0.022338398,1
231-7,231,7,0,0.038265727,1
231-8,231,8,0,0.024741482,1
231-9,231,9,0,0.068695694,1
231-10,231,10,0,0.019223046,1
231-11,231,11,1,0.19515786,1
231-12,231,12,0,0.034922134,1
232-0,232,0,0,0.06016483,2
232-1,232,1,0,0.112208046,2
232-2,232,2,0,0.12675403,2
232-3,232,3,0,0.12621623,2
232-4,232,4,0,0.03288521,2
232-5,232,5,0,0.05399113,2
232-6,232,6,0,0.021869987,2
232-7,232,7,0,0.040999122,2
232-8,232,8,0,0.120754994,2
232-9,232,9,0,0.1254606,2
232-10,232,10,0,0.014976482,2
232-11,232,11,0,0.013079054,2
232-12,232,12,0,0.038920384,2
233-0,233,0,0,0.07826064,5
233-1,233,1,0,0.21444935,5
233-2,233,2,0,0.07222919,5
233-3,233,3,0,0.3446022,5
233-4,233,4,0,0.1113838,5
233-5,233,5,0,0.019821437,5
233-6,233,6,0,0.2509618,5
233-7,233,7,0,0.21045093,5
233-8,233,8,0,0.088930435,5
233-9,233,9,0,0.22095126,5
233-10,233,10,0,0.017821541,5
233-11,233,11,0,0.07222919,5
233-12,233,12,0,0.11316495,5
234-0,234,0,0,0.07215903,3
234-1,234,1,0,0.045825347,3
234-2,234,2,0,0.016437164,3
234-3,234,3,0,0.16625707,3
234-4,234,4,0,0.01484907,3
234-5,234,5,0,0.059462853,3
234-6,234,6,0,0.012487847,3
234-7,234,7,0,0.05860088,3
234-8,234,8,0,0.023609817,3
234-9,234,9,0,0.05648222,3
234-10,234,10,0,0.01784827,3
234-11,234,11,1,0.059606306,3
234-12,234,12,0,0.045116875,3
235-0,235,0,0,0.100531295,3
235-1,235,1,0,0.04397665,3
235-2,235,2,0,0.0141630815,3
235-3,235,3,0,0.19966285,3
235-4,235,4,0,0.021943381,3
235-5,235,5,0,0.078336515,3
235-6,235,6,0,0.018492883,3
235-7,235,7,0,0.073800646,3
235-8,235,8,0,0.034641616,3
235-9,235,9,0,0.07762259,3
235-10,235,10,0,0.02179692,3
235-11,235,11,0,0.03227946,3
235-12,235,12,0,0.04728451,3
236-0,236,0,1,0.06894467,3
236-1,236,1,1,0.04372876,3
236-2,236,2,1,0.015752215,3
236-3,236,3,1,0.14333364,3
236-4,236,4,1,0.014107756,3
236-5,236,5,1,0.056622207,3
236-6,236,6,1,0.013722327,3
236-7,236,7,1,0.04111474,3
236-8,236,8,1,0.021236952,3
236-9,236,9,1,0.055230603,3
236-10,236,10,1,0.018996106,3
236-11,236,11,1,0.023122484,3
236-12,236,12,1,0.042822946,3
237-0,237,0,0,0.25706774,1
237-1,237,1,0,0.18502347,1
237-2,237,2,0,0.12726846,1
237-3,237,3,0,0.19714698,1
237-4,237,4,0,0.06642526,1
237-5,237,5,0,0.07989341,1
237-6,237,6,0,0.062080696,1
237-7,237,7,0,0.12634206,1
237-8,237,8,0,0.07065984,1
237-9,237,9,0,0.1833334,1
237-10,237,10,0,0.034783598,1
237-11,237,11,0,0.12347215,1
237-12,237,12,0,0.096764624,1
238-0,238,0,1,0.54188466,2
238-1,238,1,0,0.017803915,2
238-2,238,2,1,0.7430363,2
238-3,238,3,0,0.027547255,2
238-4,238,4,0,0.007486928,2
238-5,238,5,1,0.4840984,2
238-6,238,6,0,0.0046036686,2
238-7,238,7,0,0.01001959,2
238-8,238,8,0,0.026920896,2
238-9,238,9,0,0.026326448,2
238-10,238,10,0,0.003014402,2
238-11,238,11,0,0.0027153548,2
238-12,238,12,0,0.008812363,2
239-0,239,0,1,0.059860677,4
239-1,239,1,1,0.0715603,4
239-2,239,2,1,0.13510355,4
239-3,239,3,1,0.11673871,4
239-4,239,4,0,0.022588948,4
239-5,239,5,0,0.041858587,4
239-6,239,6,1,0.044558775,4
239-7,239,7,0,0.080218755,4
239-8,239,8,0,0.11159637,4
239-9,239,9,0,0.14189385,4
239-10,239,10,0,0.018455012,4
239-11,239,11,1,0.063409165,4
239-12,239,12,1,0.087273054,4
240-0,240,0,0,0.1737796,1
240-1,240,1,0,0.1337079,1
240-2,240,2,0,0.106324255,1
240-3,240,3,0,0.13722096,1
240-4,240,4,0,0.04376627,1
240-5,240,5,0,0.051119212,1
240-6,240,6,0,0.048892736,1
240-7,240,7,0,0.09768416,1
240-8,240,8,0,0.051758222,1
240-9,240,9,0,0.12801209,1
240-10,240,10,0,0.02312682,1
240-11,240,11,0,0.08288645,1
240-12,240,12,0,0.07526352,1
241-0,241,0,0,0.02439088,5
241-1,241,1,0,0.04413399,5
241-2,241,2,0,0.012826164,5
241-3,241,3,0,0.060371824,5
241-4,241,4,0,0.02549577,5
241-5,241,5,0,0.0071266936,5
241-6,241,6,0,0.07079515,5
241-7,241,7,0,0.044154413,5
241-8,241,8,0,0.017366841,5
241-9,241,9,0,0.042137653,5
241-10,241,10,0,0.009347744,5
241-11,241,11,0,0.011861211,5
241-12,241,12,0,0.031785473,5
242-0,242,0,0,0.23118241,5
242-1,242,1,0,0.46527454,5
242-2,242,2,0,0.18645345,5
242-3,242,3,0,0.62382865,5
242-4,242,4,0,0.36720762,5
242-5,242,5,1,0.003969505,5
242-6,242,6,0,0.6255395,5
242-7,242,7,0,0.5618513,5
242-8,242,8,0,0.23964915,5
242-9,242,9,0,0.47301129,5
242-10,242,10,0,0.04790677,5
242-11,242,11,0,0.14923581,5
242-12,242,12,0,0.3353341,5
243-0,243,0,0,0.20901258,5
243-1,243,1,0,0.373872,5
243-2,243,2,0,0.173055,5
243-3,243,3,0,0.53581196,5
243-4,243,4,0,0.295998,5
243-5,243,5,0,0.04992929,5
243-6,243,6,1,0.053114448,5
243-7,243,7,0,0.38857365,5
243-8,243,8,0,0.18879391,5
243-9,243,9,0,0.3811723,5
243-10,243,10,0,0.035868853,5
243-11,243,11,0,0.10229159,5
243-12,243,12,0,0.2658965,5
244-0,244,0,0,0.16576199,1
244-1,244,1,1,0.3741773,1
244-2,244,2,0,0.10895905,1
244-3,244,3,0,0.11407638,1
244-4,244,4,0,0.046755776,1
244-5,244,5,0,0.052180104,1
244-6,244,6,0,0.051967453,1
244-7,244,7,0,0.08835475,1
244-8,244,8,0,0.04884022,1
244-9,244,9,0,0.14953683,1
244-10,244,10,0,0.032304578,1
244-11,244,11,0,0.08254139,1
244-12,244,12,0,0.078857556,1
245-0,245,0,1,0.028590858,5
245-1,245,1,1,0.083226405,5
245-2,245,2,1,0.018570378,5
245-3,245,3,1,0.090250626,5
245-4,245,4,0,0.017380616,5
245-5,245,5,1,0.006147501,5
245-6,245,6,0,0.047135197,5
245-7,245,7,0,0.03945577,5
245-8,245,8,1,0.01848712,5
245-9,245,9,0,0.04753181,5
245-10,245,10,1,0.007575051,5
245-11,245,11,0,0.008796001,5
245-12,245,12,1,0.03803046,5
246-0,246,0,0,0.113333136,5
246-1,246,1,1,0.03886039,5
246-2,246,2,1,0.012280619,5
246-3,246,3,1,0.058413964,5
246-4,246,4,0,0.14247029,5
246-5,246,5,0,0.02062001,5
246-6,246,6,1,0.06916278,5
246-7,246,7,0,0.20504822,5
246-8,246,8,1,0.016634865,5
246-9,246,9,0,0.18809335,5
246-10,246,10,1,0.00809231,5
246-11,246,11,1,0.012156031,5
246-12,246,12,1,0.028092843,5
247-0,247,0,0,0.026933046,4
247-1,247,1,0,0.041611407,4
247-2,247,2,0,0.101313055,4
247-3,247,3,0,0.07033141,4
247-4,247,4,0,0.022428859,4
247-5,247,5,0,0.027749907,4
247-6,247,6,0,0.037224114,4
247-7,247,7,0,0.046551213,4
247-8,247,8,0,0.065635085,4
247-9,247,9,0,0.09304362,4
247-10,247,10,0,0.015095816,4
247-11,247,11,0,0.037106138,4
247-12,247,12,0,0.045787957,4
248-0,248,0,1,0.1373024,2
248-1,248,1,1,0.17809844,2
248-2,248,2,0,0.1390855,2
248-3,248,3,0,0.15323573,2
248-4,248,4,0,0.042890996,2
248-5,248,5,0,0.057792548,2
248-6,248,6,0,0.024863454,2
248-7,248,7,0,0.06533915,2
248-8,248,8,0,0.14904876,2
248-9,248,9,0,0.14960343,2
248-10,248,10,0,0.01667241,2
248-11,248,11,0,0.011845393,2
248-12,248,12,0,0.05547851,2
249-0,249,0,0,0.12489692,3
249-1,249,1,0,0.05164773,3
249-2,249,2,0,0.016225988,3
249-3,249,3,0,0.24126054,3
249-4,249,4,0,0.025267556,3
249-5,249,5,0,0.090685695,3
249-6,249,6,0,0.015680686,3
249-7,249,7,0,0.0945223,3
249-8,249,8,0,0.04490132,3
249-9,249,9,0,0.08703719,3
249-10,249,10,0,0.030262137,3
249-11,249,11,0,0.036869526,3
249-12,249,12,0,0.079060435,3
250-0,250,0,1,0.124962315,3
250-1,250,1,1,0.08205064,3
250-2,250,2,0,0.016702088,3
250-3,250,3,1,0.24644907,3
250-4,250,4,1,0.042948056,3
250-5,250,5,0,0.07844925,3
250-6,250,6,0,0.016480947,3
250-7,250,7,1,0.09464291,3
250-8,250,8,1,0.04496176,3
250-9,250,9,1,0.13063926,3
250-10,250,10,1,0.030279694,3
250-11,250,11,1,0.053890243,3
250-12,250,12,1,0.10370901,3
251-0,251,0,0,0.04808241,4
251-1,251,1,0,0.048241783,4
251-2,251,2,0,0.13939708,4
251-3,251,3,1,0.18602799,4
251-4,251,4,0,0.021806372,4
251-5,251,5,0,0.026676355,4
251-6,251,6,0,0.048715957,4
251-7,251,7,0,0.061380338,4
251-8,251,8,0,0.08599532,4
251-9,251,9,0,0.116789,4
251-10,251,10,0,0.025906397,4
251-11,251,11,0,0.04969452,4
251-12,251,12,0,0.09192685,4
252-0,252,0,0,0.017485391,5
252-1,252,1,0,0.03886039,5
252-2,252,2,0,0.01403481,5
252-3,252,3,0,0.06801436,5
252-4,252,4,0,0.019129222,5
252-5,252,5,1,0.01794392,5
252-6,252,6,0,0.07617195,5
252-7,252,7,1,0.3041472,5
252-8,252,8,0,0.022690566,5
252-9,252,9,0,0.040665545,5
252-10,252,10,0,0.00809231,5
252-11,252,11,0,0.010351779,5
252-12,252,12,0,0.0381124,5
253-0,253,0,0,0.043414883,3
253-1,253,1,0,0.027305748,3
253-2,253,2,0,0.00970266,3
253-3,253,3,0,0.092379145,3
253-4,253,4,0,0.010186971,3
253-5,253,5,0,0.048750505,3
253-6,253,6,0,0.010108969,3
253-7,253,7,0,0.027942015,3
253-8,253,8,0,0.014191632,3
253-9,253,9,0,0.04596939,3
253-10,253,10,0,0.011996443,3
253-11,253,11,0,0.015829159,3
253-12,253,12,0,0.02706696,3
254-0,254,0,0,0.012675711,5
254-1,254,1,0,0.022977456,5
254-2,254,2,0,0.0072663575,5
254-3,254,3,0,0.040891677,5
254-4,254,4,0,0.013597134,5
254-5,254,5,0,0.0038974595,5
254-6,254,6,0,0.040975947,5
254-7,254,7,0,0.02341851,5
254-8,254,8,0,0.00942226,5
254-9,254,9,0,0.025343942,5
254-10,254,10,0,0.004846431,5
254-11,254,11,0,0.0076276395,5
254-12,254,12,0,0.016929414,5
255-0,255,0,0,0.060799427,1
255-1,255,1,0,0.049800184,1
255-2,255,2,0,0.030021062,1
255-3,255,3,0,0.033136364,1
255-4,255,4,0,0.013299299,1
255-5,255,5,0,0.015949473,1
255-6,255,6,0,0.014142443,1
255-7,255,7,0,0.024999978,1
255-8,255,8,0,0.01352275,1
255-9,255,9,0,0.050245065,1
255-10,255,10,0,0.010767412,1
255-11,255,11,0,0.026731778,1
255-12,255,12,1,0.18512161,1
256-0,256,0,0,0.12755251,3
256-1,256,1,0,0.0838366,3
256-2,256,2,1,0.015630614,3
256-3,256,3,1,0.14473364,3
256-4,256,4,0,0.0435471,3
256-5,256,5,1,0.056622207,3
256-6,256,6,1,0.01528732,3
256-7,256,7,1,0.040805448,3
256-8,256,8,1,0.02107391,3
256-9,256,9,1,0.054235786,3
256-10,256,10,0,0.030976798,3
256-11,256,11,1,0.023122484,3
256-12,256,12,0,0.080831446,3
257-0,257,0,0,0.12755251,3
257-1,257,1,0,0.0838366,3
257-2,257,2,0,0.025923971,3
257-3,257,3,0,0.33864522,3
257-4,257,4,0,0.0435471,3
257-5,257,5,0,0.092004254,3
257-6,257,6,0,0.030532565,3
257-7,257,7,0,0.09589076,3
257-8,257,8,0,0.061567873,3
257-9,257,9,0,0.088969655,3
257-10,257,10,0,0.030976798,3
257-11,257,11,0,0.06436603,3
257-12,257,12,0,0.055675004,3
258-0,258,0,1,0.33757108,5
258-1,258,1,0,0.019583259,5
258-2,258,2,0,0.0061783018,5
258-3,258,3,0,0.03396267,5
258-4,258,4,0,0.012047297,5
258-5,258,5,0,0.0034487299,5
258-6,258,6,1,0.6255395,5
258-7,258,7,0,0.020769123,5
258-8,258,8,0,0.008342774,5
258-9,258,9,1,0.47301129,5
258-10,258,10,0,0.0041192244,5
258-11,258,11,0,0.006115242,5
258-12,258,12,0,0.01441542,5
259-0,259,0,0,0.15806705,1
259-1,259,1,0,0.1473993,1
259-2,259,2,0,0.072448015,1
259-3,259,3,0,0.098901235,1
259-4,259,4,0,0.032440577,1
259-5,259,5,0,0.036778856,1
259-6,259,6,0,0.03533013,1
259-7,259,7,0,0.08248566,1
259-8,259,8,0,0.042758707,1
259-9,259,9,0,0.11211913,1
259-10,259,10,0,0.025107313,1
259-11,259,11,0,0.085235864,1
259-12,259,12,0,0.07367848,1
260-0,260,0,0,0.07727055,3
260-1,260,1,0,0.049245987,3
260-2,260,2,0,0.015128014,3
260-3,260,3,0,0.15810698,3
260-4,260,4,0,0.020991918,3
260-5,260,5,0,0.075936586,3
260-6,260,6,0,0.014075725,3
260-7,260,7,0,0.05621824,3
260-8,260,8,0,0.023699619,3
260-9,260,9,0,0.07172158,3
260-10,260,10,1,0.032359924,3
260-11,260,11,0,0.030307598,3
260-12,260,12,0,0.048824947,3
261-0,261,0,1,0.12451891,3
261-1,261,1,0,0.046488795,3
261-2,261,2,0,0.018477168,3
261-3,261,3,0,0.1602492,3
261-4,261,4,0,0.02089732,3
261-5,261,5,0,0.077502996,3
261-6,261,6,0,0.014342975,3
261-7,261,7,0,0.042920455,3
261-8,261,8,0,0.022189856,3
261-9,261,9,0,0.057290677,3
261-10,261,10,0,0.01985052,3
261-11,261,11,0,0.024015384,3
261-12,261,12,0,0.04470022,3
262-0,262,0,1,0.27792895,5
262-1,262,1,1,0.5431958,5
262-2,262,2,1,0.22570175,5
262-3,262,3,1,0.6424873,5
262-4,262,4,1,0.31080946,5
262-5,262,5,0,0.00448569,5
262-6,262,6,0,0.045285366,5
262-7,262,7,1,0.5618513,5
262-8,262,8,0,0.00942226,5
262-9,262,9,0,0.023685299,5
262-10,262,10,1,0.06151485,5
262-11,262,11,1,0.18489262,5
262-12,262,12,0,0.022775648,5
263-0,263,0,0,0.049052402,4
263-1,263,1,0,0.048241783,4
263-2,263,2,0,0.13939708,4
263-3,263,3,0,0.088059336,4
263-4,263,4,0,0.028451912,4
263-5,263,5,0,0.0351505,4
263-6,263,6,0,0.04923552,4
263-7,263,7,0,0.061380338,4
263-8,263,8,0,0.10809373,4
263-9,263,9,0,0.116789,4
263-10,263,10,0,0.023668813,4
263-11,263,11,0,0.04969452,4
263-12,263,12,0,0.057713512,4
264-0,264,0,1,0.062122095,4
264-1,264,1,0,0.0757754,4
264-2,264,2,1,0.19536453,4
264-3,264,3,1,0.0963162,4
264-4,264,4,1,0.032289688,4
264-5,264,5,1,0.03865664,4
264-6,264,6,1,0.05263543,4
264-7,264,7,1,0.06302265,4
264-8,264,8,1,0.102783136,4
264-9,264,9,1,0.13093634,4
264-10,264,10,1,0.027011313,4
264-11,264,11,1,0.09406977,4
264-12,264,12,1,0.08473259,4
265-0,265,0,0,0.059428994,3
265-1,265,1,0,0.029747844,3
265-2,265,2,1,0.027991006,3
265-3,265,3,0,0.13545983,3
265-4,265,4,0,0.018276047,3
265-5,265,5,0,0.06659574,3
265-6,265,6,0,0.011304408,3
265-7,265,7,0,0.038478363,3
265-8,265,8,0,0.01964782,3
265-9,265,9,0,0.051950626,3
265-10,265,10,0,0.014606415,3
265-11,265,11,0,0.021900931,3
265-12,265,12,0,0.037286036,3
266-0,266,0,0,0.02439088,5
266-1,266,1,0,0.04413399,5
266-2,266,2,0,0.012826164,5
266-3,266,3,1,0.3712571,5
266-4,266,4,1,0.14812808,5
266-5,266,5,0,0.0071266936,5
266-6,266,6,1,0.33051357,5
266-7,266,7,0,0.044154413,5
266-8,266,8,1,0.09710058,5
266-9,266,9,0,0.045463253,5
266-10,266,10,1,0.0223218,5
266-11,266,11,1,0.08363727,5
266-12,266,12,0,0.039689224,5
267-0,267,0,0,0.04066263,5
267-1,267,1,0,0.07514811,5
267-2,267,2,0,0.026526792,5
267-3,267,3,0,0.10655694,5
267-4,267,4,0,0.028220123,5
267-5,267,5,0,0.00667843,5
267-6,267,6,1,0.1096272,5
267-7,267,7,0,0.0690446,5
267-8,267,8,0,0.027261892,5
267-9,267,9,0,0.05847231,5
267-10,267,10,0,0.009484024,5
267-11,267,11,0,0.01641674,5
267-12,267,12,0,0.046353325,5
268-0,268,0,0,0.07578153,3
268-1,268,1,0,0.034993984,3
268-2,268,2,0,0.013151109,3
268-3,268,3,0,0.15630881,3
268-4,268,4,0,0.013378629,3
268-5,268,5,0,0.054230943,3
268-6,268,6,0,0.01703115,3
268-7,268,7,0,0.045326196,3
268-8,268,8,0,0.023462111,3
268-9,268,9,0,0.051930774,3
268-10,268,10,0,0.01860695,3
268-11,268,11,0,0.026230328,3
268-12,268,12,0,0.047200784,3
269-0,269,0,0,0.043862123,3
269-1,269,1,0,0.044798683,3
269-2,269,2,0,0.015549391,3
269-3,269,3,0,0.15763253,3
269-4,269,4,1,0.0435471,3
269-5,269,5,0,0.07477374,3
269-6,269,6,0,0.013804625,3
269-7,269,7,0,0.041354433,3
269-8,269,8,0,0.021363355,3
269-9,269,9,0,0.054235786,3
269-10,269,10,0,0.014302296,3
269-11,269,11,0,0.023122484,3
269-12,269,12,0,0.0433017,3
270-0,270,0,0,0.03839428,1
270-1,270,1,0,0.037379663,1
270-2,270,2,0,0.022477537,1
270-3,270,3,0,0.02508573,1
270-4,270,4,0,0.011657213,1
270-5,270,5,0,0.0137491925,1
270-6,270,6,0,0.013091167,1
270-7,270,7,0,0.024569152,1
270-8,270,8,0,0.010710807,1
270-9,270,9,0,0.03850449,1
270-10,270,10,0,0.010517418,1
270-11,270,11,1,0.45110607,1
270-12,270,12,0,0.019481905,1
271-0,271,0,0,0.04019484,4
271-1,271,1,0,0.059830762,4
271-2,271,2,0,0.16266872,4
271-3,271,3,0,0.118953004,4
271-4,271,4,0,0.02227626,4
271-5,271,5,0,0.04131922,4
271-6,271,6,0,0.05253493,4
271-7,271,7,0,0.0741075,4
271-8,271,8,0,0.104761116,4
271-9,271,9,0,0.13786869,4
271-10,271,10,0,0.019303843,4
271-11,271,11,0,0.05258109,4
271-12,271,12,0,0.062276687,4
272-0,272,0,0,0.038310006,2
272-1,272,1,0,0.07131396,2
272-2,272,2,1,0.23873556,2
272-3,272,3,0,0.09901854,2
272-4,272,4,0,0.02507843,2
272-5,272,5,1,0.10522048,2
272-6,272,6,0,0.019257449,2
272-7,272,7,1,0.08439432,2
272-8,272,8,1,0.22778292,2
272-9,272,9,0,0.07175937,2
272-10,272,10,1,0.02169792,2
272-11,272,11,1,0.020547308,2
272-12,272,12,0,0.036212448,2
273-0,273,0,0,0.40164864,1
273-1,273,1,0,0.35262704,1
273-2,273,2,0,0.25295016,1
273-3,273,3,1,0.030251635,1
273-4,273,4,0,0.11563078,1
273-5,273,5,0,0.16778514,1
273-6,273,6,0,0.10152679,1
273-7,273,7,0,0.23338106,1
273-8,273,8,0,0.13445665,1
273-9,273,9,0,0.28971645,1
273-10,273,10,0,0.056213714,1
273-11,273,11,0,0.19136418,1
273-12,273,12,0,0.17042334,1
274-0,274,0,0,0.21717717,1
274-1,274,1,0,0.1925365,1
274-2,274,2,0,0.13580729,1
274-3,274,3,0,0.11491942,1
274-4,274,4,0,0.057027634,1
274-5,274,5,0,0.0855653,1
274-6,274,6,0,0.06769503,1
274-7,274,7,0,0.12082475,1
274-8,274,8,0,0.06402977,1
274-9,274,9,0,0.18116826,1
274-10,274,10,0,0.032889795,1
274-11,274,11,0,0.10651172,1
274-12,274,12,1,0.07049391,1
275-0,275,0,1,0.20894882,5
275-1,275,1,0,0.03212479,5
275-2,275,2,0,0.010242181,5
275-3,275,3,1,0.53581196,5
275-4,275,4,1,0.2969936,5
275-5,275,5,0,0.0051105595,5
275-6,275,6,1,0.5174728,5
275-7,275,7,0,0.03632084,5
275-8,275,8,0,0.0120015135,5
275-9,275,9,0,0.02957949,5
275-10,275,10,0,0.0057950243,5
275-11,275,11,0,0.010138065,5
275-12,275,12,0,0.028436067,5
276-0,276,0,1,0.40321323,1
276-1,276,1,1,0.35705435,1
276-2,276,2,1,0.2541816,1
276-3,276,3,1,0.312996,1
276-4,276,4,1,0.117574304,1
276-5,276,5,1,0.1686956,1
276-6,276,6,1,0.14874974,1
276-7,276,7,1,0.23454712,1
276-8,276,8,1,0.13521563,1
276-9,276,9,1,0.37846455,1
276-10,276,10,1,0.08153352,1
276-11,276,11,1,0.19437473,1
276-12,276,12,1,0.18290585,1
277-0,277,0,0,0.05101563,4
277-1,277,1,0,0.080702595,4
277-2,277,2,0,0.17962597,4
277-3,277,3,0,0.11673871,4
277-4,277,4,0,0.027278995,4
277-5,277,5,1,0.03398686,4
277-6,277,6,0,0.07382238,4
277-7,277,7,0,0.086423114,4
277-8,277,8,1,0.1248707,4
277-9,277,9,0,0.15555596,4
277-10,277,10,0,0.024003316,4
277-11,277,11,0,0.07768531,4
277-12,277,12,0,0.07267476,4
278-0,278,0,1,0.039449207,5
278-1,278,1,0,0.04610252,5
278-2,278,2,0,0.015814347,5
278-3,278,3,0,0.10106735,5
278-4,278,4,0,0.026278004,5
278-5,278,5,1,0.009806307,5
278-6,278,6,0,0.082208045,5
278-7,278,7,0,0.0424333,5
278-8,278,8,0,0.016879465,5
278-9,278,9,0,0.054277502,5
278-10,278,10,1,0.010902133,5
278-11,278,11,0,0.017781306,5
278-12,278,12,0,0.047256403,5
279-0,279,0,0,0.06744513,1
279-1,279,1,0,0.06809916,1
279-2,279,2,0,0.03550442,1
279-3,279,3,0,0.040582743,1
279-4,279,4,0,0.0168913,1
279-5,279,5,0,0.02370274,1
279-6,279,6,0,0.021339836,1
279-7,279,7,0,0.038265727,1
279-8,279,8,0,0.020399142,1
279-9,279,9,0,0.06895944,1
279-10,279,10,0,0.015403009,1
279-11,279,11,0,0.040537167,1
279-12,279,12,0,0.034212563,1
280-0,280,0,0,0.077560954,3
280-1,280,1,0,0.044920452,3
280-2,280,2,0,0.015885968,3
280-3,280,3,0,0.15544236,3
280-4,280,4,0,0.017520798,3
280-5,280,5,0,0.07907436,3
280-6,280,6,0,0.014781747,3
280-7,280,7,0,0.053898156,3
280-8,280,8,0,0.023551365,3
280-9,280,9,0,0.06384855,3
280-10,280,10,0,0.019937688,3
280-11,280,11,0,0.030068845,3
280-12,280,12,1,0.088227496,3
281-0,281,0,0,0.02251886,4
281-1,281,1,0,0.029071052,4
281-2,281,2,0,0.084417745,4
281-3,281,3,0,0.054276317,4
281-4,281,4,0,0.011099626,4
281-5,281,5,0,0.019166484,4
281-6,281,6,0,0.027671726,4
281-7,281,7,0,0.030990954,4
281-8,281,8,0,0.049537785,4
281-9,281,9,0,0.060012758,4
281-10,281,10,0,0.01426885,4
281-11,281,11,0,0.035825413,4
281-12,281,12,0,0.03701307,4
282-0,282,0,1,0.31182072,1
282-1,282,1,0,0.11602543,1
282-2,282,2,0,0.07035116,1
282-3,282,3,1,0.19520777,1
282-4,282,4,0,0.025891034,1
282-5,282,5,0,0.043607626,1
282-6,282,6,0,0.03639249,1
282-7,282,7,0,0.06646892,1
282-8,282,8,0,0.03416872,1
282-9,282,9,0,0.11371416,1
282-10,282,10,1,0.037013188,1
282-11,282,11,0,0.058132507,1
282-12,282,12,0,0.054703943,1
283-0,283,0,1,0.316747,1
283-1,283,1,0,0.13143492,1
283-2,283,2,1,0.176006,1
283-3,283,3,1,0.21677388,1
283-4,283,4,0,0.0349103,1
283-5,283,5,0,0.05971268,1
283-6,283,6,1,0.07364564,1
283-7,283,7,0,0.086213775,1
283-8,283,8,0,0.05857873,1
283-9,283,9,1,0.21892667,1
283-10,283,10,0,0.0323046,1
283-11,283,11,1,0.14151748,1
283-12,283,12,0,0.08483092,1
284-0,284,0,0,0.03821076,4
284-1,284,1,0,0.05693492,4
284-2,284,2,0,0.10928222,4
284-3,284,3,0,0.11354121,4
284-4,284,4,0,0.023285065,4
284-5,284,5,0,0.03405614,4
284-6,284,6,0,0.04824992,4
284-7,284,7,0,0.07308005,4
284-8,284,8,0,0.101974964,4
284-9,284,9,0,0.09118804,4
284-10,284,10,0,0.018030295,4
284-11,284,11,0,0.05001747,4
284-12,284,12,0,0.059165735,4
285-0,285,0,0,0.062482942,2
285-1,285,1,0,0.09653159,2
285-2,285,2,0,0.13519762,2
285-3,285,3,0,0.14255248,2
285-4,285,4,0,0.027863178,2
285-5,285,5,0,0.06102295,2
285-6,285,6,0,0.024079144,2
285-7,285,7,0,0.06336101,2
285-8,285,8,0,0.14492926,2
285-9,285,9,0,0.14547122,2
285-10,285,10,1,0.028015884,2
285-11,285,11,0,0.0114669055,2
285-12,285,12,0,0.04819272,2
286-0,286,0,0,0.0909539,3
286-1,286,1,0,0.053621333,3
286-2,286,2,1,0.025697608,3
286-3,286,3,1,0.3366319,3
286-4,286,4,0,0.01747175,3
286-5,286,5,0,0.091264464,3
286-6,286,6,0,0.019386157,3
286-7,286,7,0,0.06298538,3
286-8,286,8,0,0.02668226,3
286-9,286,9,0,0.08804535,3
286-10,286,10,0,0.020989383,3
286-11,286,11,0,0.03663046,3
286-12,286,12,0,0.052798983,3
287-0,287,0,0,0.018041573,4
287-1,287,1,1,0.09154781,4
287-2,287,2,0,0.069442324,4
287-3,287,3,1,0.13493872,4
287-4,287,4,0,0.00987888,4
287-5,287,5,0,0.01650713,4
287-6,287,6,1,0.072732486,4
287-7,287,7,1,0.11943078,4
287-8,287,8,0,0.042625476,4
287-9,287,9,0,0.05849429,4
287-10,287,10,1,0.03424815,4
287-11,287,11,1,0.10567952,4
287-12,287,12,1,0.086728685,4
288-0,288,0,0,0.019118695,5
288-1,288,1,0,0.042833485,5
288-2,288,2,0,0.012112647,5
288-3,288,3,0,0.060371824,5
288-4,288,4,0,0.023095142,5
288-5,288,5,0,0.0071266936,5
288-6,288,6,0,0.07917477,5
288-7,288,7,0,0.041731376,5
288-8,288,8,0,0.017366841,5
288-9,288,9,0,0.042137653,5
288-10,288,10,0,0.009347744,5
288-11,288,11,0,0.012826164,5
288-12,288,12,0,0.03037,5
289-0,289,0,0,0.015560905,2
289-1,289,1,0,0.024216104,2
289-2,289,2,0,0.03558972,2
289-3,289,3,0,0.03191286,2
289-4,289,4,0,0.0068542995,2
289-5,289,5,0,0.013226903,2
289-6,289,6,0,0.0063506793,2
289-7,289,7,0,0.010612803,2
289-8,289,8,0,0.03538839,2
289-9,289,9,0,0.034613613,2
289-10,289,10,0,0.003989992,2
289-11,289,11,0,0.0032742897,2
289-12,289,12,0,0.011290304,2
290-0,290,0,0,0.13319573,3
290-1,290,1,0,0.07706527,3
290-2,290,2,0,0.027853535,3
290-3,290,3,0,0.25772014,3
290-4,290,4,0,0.03618929,3
290-5,290,5,0,0.12851869,3
290-6,290,6,0,0.020186974,3
290-7,290,7,0,0.10009857,3
290-8,290,8,0,0.05231141,3
290-9,290,9,0,0.122477435,3
290-10,290,10,0,0.030962931,3
290-11,290,11,0,0.051317513,3
290-12,290,12,0,0.074574284,3
291-0,291,0,0,0.10733582,3
291-1,291,1,0,0.04097449,3
291-2,291,2,0,0.0134072285,3
291-3,291,3,0,0.2154007,3
291-4,291,4,0,0.020099076,3
291-5,291,5,0,0.11952656,3
291-6,291,6,0,0.013464228,3
291-7,291,7,0,0.083626434,3
291-8,291,8,0,0.03947601,3
291-9,291,9,0,0.11509016,3
291-10,291,10,0,0.023795862,3
291-11,291,11,0,0.049485758,3
291-12,291,12,0,0.07094442,3
292-0,292,0,1,0.08030945,5
292-1,292,1,0,0.030834332,5
292-2,292,2,0,0.011581151,5
292-3,292,3,0,0.06130904,5
292-4,292,4,0,0.01702178,5
292-5,292,5,0,0.0062968205,5
292-6,292,6,0,0.053517494,5
292-7,292,7,0,0.03566915,5
292-8,292,8,0,0.014585971,5
292-9,292,9,0,0.03177634,5
292-10,292,10,0,0.006141697,5
292-11,292,11,0,0.0094941715,5
292-12,292,12,0,0.025162444,5
293-0,293,0,0,0.017927114,4
293-1,293,1,0,0.022674093,4
293-2,293,2,0,0.06768788,4
293-3,293,3,0,0.043237794,4
293-4,293,4,0,0.0096137505,4
293-5,293,5,0,0.014443996,4
293-6,293,6,0,0.019193131,4
293-7,293,7,0,0.024524279,4
293-8,293,8,0,0.03755843,4
293-9,293,9,0,0.047313765,4
293-10,293,10,0,0.010308218,4
293-11,293,11,0,0.023064265,4
293-12,293,12,0,0.026588695,4
294-0,294,0,0,0.16588758,3
294-1,294,1,0,0.085852616,3
294-2,294,2,0,0.033889078,3
294-3,294,3,0,0.26103336,3
294-4,294,4,0,0.027564282,3
294-5,294,5,0,0.14411394,3
294-6,294,6,0,0.02413843,3
294-7,294,7,0,0.096551456,3
294-8,294,8,0,0.046334412,3
294-9,294,9,0,0.09487012,3
294-10,294,10,0,0.02478197,3
294-11,294,11,0,0.040033657,3
294-12,294,12,0,0.0832205,3
295-0,295,0,1,0.14577547,1
295-1,295,1,0,0.17709868,1
295-2,295,2,0,0.13959543,1
295-3,295,3,0,0.18091097,1
295-4,295,4,0,0.060940735,1
295-5,295,5,0,0.08809489,1
295-6,295,6,1,0.0431602,1
295-7,295,7,0,0.12021708,1
295-8,295,8,0,0.067893915,1
295-9,295,9,0,0.21107192,1
295-10,295,10,0,0.03494484,1
295-11,295,11,0,0.11191534,1
295-12,295,12,0,0.09977492,1
296-0,296,0,0,0.16125183,3
296-1,296,1,0,0.05164773,3
296-2,296,2,0,0.025322836,3
296-3,296,3,0,0.30569354,3
296-4,296,4,0,0.025701579,3
296-5,296,5,1,0.11296817,3
296-6,296,6,0,0.029292952,3
296-7,296,7,0,0.0945223,3
296-8,296,8,0,0.04490132,3
296-9,296,9,0,0.08703719,3
296-10,296,10,0,0.022637466,3
296-11,296,11,0,0.036869526,3
296-12,296,12,0,0.07805663,3
297-0,297,0,0,0.08257206,3
297-1,297,1,0,0.038995285,3
297-2,297,2,0,0.014845535,3
297-3,297,3,0,0.1872965,3
297-4,297,4,0,0.01747175,3
297-5,297,5,0,0.091264464,3
297-6,297,6,0,0.017274804,3
297-7,297,7,0,0.05088012,3
297-8,297,8,0,0.02668226,3
297-9,297,9,0,0.06596585,3
297-10,297,10,0,0.019406522,3
297-11,297,11,0,0.030471083,3
297-12,297,12,0,0.052521873,3
298-0,298,0,1,0.01024956,5
298-1,298,1,1,0.022986118,5
298-2,298,2,1,0.0072663575,5
298-3,298,3,1,0.040891677,5
298-4,298,4,1,0.013597134,5
298-5,298,5,1,0.0038974595,5
298-6,298,6,1,0.040975947,5
298-7,298,7,1,0.021996057,5
298-8,298,8,1,0.00942226,5
298-9,298,9,1,0.025343942,5
298-10,298,10,1,0.0040639457,5
298-11,298,11,1,0.0076276395,5
298-12,298,12,1,0.016758448,5
299-0,299,0,0,0.06267226,4
299-1,299,1,1,0.06450246,4
299-2,299,2,0,0.17584163,4
299-3,299,3,1,0.09643549,4
299-4,299,4,1,0.023045653,4
299-5,299,5,0,0.04239469,4
299-6,299,6,0,0.06681613,4
299-7,299,7,0,0.07726286,4
299-8,299,8,0,0.11794955,4
299-9,299,9,1,0.13109228,4
299-10,299,10,0,0.022121381,4
299-11,299,11,0,0.06626895,4
299-12,299,12,0,0.07465478,4
300-0,300,0,0,0.016266882,5
300-1,300,1,1,0.19485798,5
300-2,300,2,1,0.060685456,5
300-3,300,3,1,0.25871888,5
300-4,300,4,1,0.07990754,5
300-5,300,5,1,0.014119838,5
300-6,300,6,1,0.24471126,5
300-7,300,7,1,0.13950334,5
300-8,300,8,1,0.06566727,5
300-9,300,9,1,0.20973256,5
300-10,300,10,1,0.017110681,5
300-11,300,11,1,0.038468696,5
300-12,300,12,1,0.122536704,5
301-0,301,0,0,0.041245203,2
301-1,301,1,0,0.07797685,2
301-2,301,2,0,0.092681624,2
301-3,301,3,0,0.10396684,2
301-4,301,4,0,0.027028337,2
301-5,301,5,1,0.1562921,2
301-6,301,6,0,0.018552402,2
301-7,301,7,0,0.034883223,2
301-8,301,8,0,0.117234625,2
301-9,301,9,0,0.10574122,2
301-10,301,10,0,0.009550609,2
301-11,301,11,0,0.009644231,2
301-12,301,12,0,0.038155027,2
302-0,302,0,1,0.105451345,4
302-1,302,1,1,0.119806446,4
302-2,302,2,1,0.2637819,4
302-3,302,3,0,0.06297471,4
302-4,302,4,1,0.061878633,4
302-5,302,5,0,0.03206861,4
302-6,302,6,1,0.13883446,4
302-7,302,7,1,0.124129646,4
302-8,302,8,0,0.08297644,4
302-9,302,9,1,0.28380147,4
302-10,302,10,0,0.015095816,4
302-11,302,11,1,0.13944411,4
302-12,302,12,1,0.14208412,4
303-0,303,0,0,0.015789568,5
303-1,303,1,0,0.027413588,5
303-2,303,2,0,0.0060169823,5
303-3,303,3,0,0.047716,5
303-4,303,4,0,0.011439706,5
303-5,303,5,0,0.0042379415,5
303-6,303,6,0,0.048508648,5
303-7,303,7,0,0.02517148,5
303-8,303,8,0,0.010370648,5
303-9,303,9,0,0.029125458,5
303-10,303,10,0,0.0045059603,5
303-11,303,11,0,0.0077605247,5
303-12,303,12,1,0.06995847,5
304-0,304,0,1,0.098023534,1
304-1,304,1,0,0.16887003,1
304-2,304,2,0,0.12285247,1
304-3,304,3,0,0.1544531,1
304-4,304,4,1,0.018766519,1
304-5,304,5,1,0.02926741,1
304-6,304,6,0,0.053789143,1
304-7,304,7,1,0.040727675,1
304-8,304,8,0,0.071703106,1
304-9,304,9,1,0.07720099,1
304-10,304,10,1,0.017703848,1
304-11,304,11,1,0.046245817,1
304-12,304,12,0,0.108401805,1
305-0,305,0,0,0.21717717,1
305-1,305,1,0,0.1925365,1
305-2,305,2,0,0.13580729,1
305-3,305,3,0,0.14003381,1
305-4,305,4,0,0.057027634,1
305-5,305,5,0,0.0855653,1
305-6,305,6,0,0.06769503,1
305-7,305,7,0,0.11831304,1
305-8,305,8,0,0.06402977,1
305-9,305,9,0,0.2058081,1
305-10,305,10,0,0.032889795,1
305-11,305,11,0,0.10651172,1
305-12,305,12,0,0.096945606,1
306-0,306,0,0,0.014404652,5
306-1,306,1,0,0.032136787,5
306-2,306,2,0,0.010242181,5
306-3,306,3,0,0.048115037,5
306-4,306,4,0,0.014808597,5
306-5,306,5,0,0.0051105595,5
306-6,306,6,0,0.053114448,5
306-7,306,7,0,0.0286802,5
306-8,306,8,0,0.0120015135,5
306-9,306,9,0,0.033104878,5
306-10,306,10,0,0.0057358537,5
306-11,306,11,0,0.009036901,5
306-12,306,12,0,0.02352946,5
307-0,307,0,1,0.11167053,3
307-1,307,1,1,0.091612376,3
307-2,307,2,0,0.034606993,3
307-3,307,3,0,0.29729715,3
307-4,307,4,0,0.029518088,3
307-5,307,5,1,0.16469203,3
307-6,307,6,0,0.025939796,3
307-7,307,7,0,0.13402168,3
307-8,307,8,0,0.07063857,3
307-9,307,9,0,0.101883605,3
307-10,307,10,1,0.030695163,3
307-11,307,11,0,0.06521117,3
307-12,307,12,0,0.088616185,3
308-0,308,0,0,0.07088218,3
308-1,308,1,0,0.045825347,3
308-2,308,2,0,0.019491522,3
308-3,308,3,0,0.14945945,3
308-4,308,4,0,0.01484907,3
308-5,308,5,0,0.07844925,3
308-6,308,6,0,0.014681262,3
308-7,308,7,0,0.040715314,3
308-8,308,8,0,0.023609817,3
308-9,308,9,1,0.13063926,3
308-10,308,10,0,0.016498307,3
308-11,308,11,0,0.025948629,3
308-12,308,12,0,0.044878174,3
309-0,309,0,1,0.13438188,2
309-1,309,1,0,0.051846348,2
309-2,309,2,0,0.10187041,2
309-3,309,3,0,0.10798612,2
309-4,309,4,0,0.028606549,2
309-5,309,5,0,0.043565158,2
309-6,309,6,0,0.016911551,2
309-7,309,7,0,0.03362293,2
309-8,309,8,0,0.11861238,2
309-9,309,9,0,0.09312689,2
309-10,309,10,0,0.011469391,2
309-11,309,11,0,0.011581615,2
309-12,309,12,0,0.03456796,2
310-0,310,0,0,0.33757108,5
310-1,310,1,1,0.02834075,5
310-2,310,2,0,0.22570175,5
310-3,310,3,1,0.041228056,5
310-4,310,4,0,0.31080946,5
310-5,310,5,0,0.06463991,5
310-6,310,6,0,0.6255395,5
310-7,310,7,1,0.028666768,5
310-8,310,8,0,0.3195424,5
310-9,310,9,0,0.47301129,5
310-10,310,10,1,0.004846431,5
310-11,310,11,1,0.0072663575,5
310-12,310,12,0,0.46258384,5
311-0,311,0,0,0.013044791,2
311-1,311,1,0,0.018370919,2
311-2,311,2,1,0.708695,2
311-3,311,3,0,0.025901705,2
311-4,311,4,0,0.0059258,2
311-5,311,5,0,0.009812786,2
311-6,311,6,0,0.0046036686,2
311-7,311,7,0,0.008024146,2
311-8,311,8,0,0.026920896,2
311-9,311,9,0,0.02393503,2
311-10,311,10,0,0.0028904933,2
311-11,311,11,0,0.0027153548,2
311-12,311,12,0,0.008812363,2
312-0,312,0,0,0.13319573,3
312-1,312,1,0,0.07570868,3
312-2,312,2,0,0.023576166,3
312-3,312,3,0,0.2340213,3
312-4,312,4,0,0.026003668,3
312-5,312,5,0,0.12851869,3
312-6,312,6,0,0.020724708,3
312-7,312,7,0,0.07601092,3
312-8,312,8,0,0.05231141,3
312-9,312,9,0,0.09461837,3
312-10,312,10,0,0.026079476,3
312-11,312,11,0,0.04059626,3
312-12,312,12,0,0.074574284,3
313-0,313,0,0,0.024125773,4
313-1,313,1,0,0.027155982,4
313-2,313,2,0,0.0892996,4
313-3,313,3,0,0.063411884,4
313-4,313,4,0,0.013247495,4
313-5,313,5,0,0.021422021,4
313-6,313,6,0,0.031196618,4
313-7,313,7,0,0.032839946,4
313-8,313,8,0,0.050066862,4
313-9,313,9,0,0.06752391,4
313-10,313,10,0,0.015274127,4
313-11,313,11,0,0.030900557,4
313-12,313,12,0,0.031109052,4
314-0,314,0,1,0.32721123,1
314-1,314,1,1,0.35232267,1
314-2,314,2,1,0.18320559,1
314-3,314,3,1,0.24696213,1
314-4,314,4,1,0.09463671,1
314-5,314,5,1,0.11781917,1
314-6,314,6,0,0.01403898,1
314-7,314,7,1,0.18071032,1
314-8,314,8,1,0.101165496,1
314-9,314,9,1,0.30245537,1
314-10,314,10,0,0.010720558,1
314-11,314,11,1,0.15915646,1
314-12,314,12,0,0.02395113,1
315-0,315,0,0,0.0099248905,2
315-1,315,1,0,0.015258806,2
315-2,315,2,0,0.023576947,2
315-3,315,3,0,0.023974117,2
315-4,315,4,0,0.004756184,2
315-5,315,5,0,0.008177531,2
315-6,315,6,0,0.0039948407,2
315-7,315,7,0,0.0064400514,2
315-8,315,8,0,0.02770073,2
315-9,315,9,0,0.022739226,2
315-10,315,10,0,0.0024423166,2
315-11,315,11,0,0.0030415836,2
315-12,315,12,0,0.0070682415,2
316-0,316,0,0,0.029947003,2
316-1,316,1,0,0.050577823,2
316-2,316,2,0,0.06466415,2
316-3,316,3,0,0.060700774,2
316-4,316,4,0,0.012439458,2
316-5,316,5,0,0.026949693,2
316-6,316,6,0,0.010811796,2
316-7,316,7,0,0.020206643,2
316-8,316,8,0,0.062932156,2
316-9,316,9,0,0.061054215,2
316-10,316,10,0,0.0072352597,2
316-11,316,11,0,0.005768401,2
316-12,316,12,0,0.016568802,2
317-0,317,0,0,0.055203836,1
317-1,317,1,0,0.053656537,1
317-2,317,2,0,0.030421294,1
317-3,317,3,0,0.034798793,1
317-4,317,4,0,0.01398091,1
317-5,317,5,0,0.018553918,1
317-6,317,6,0,0.01486661,1
317-7,317,7,0,0.026265299,1
317-8,317,8,0,0.013920733,1
317-9,317,9,0,0.05093975,1
317-10,317,10,0,0.011320754,1
317-11,317,11,0,0.028434636,1
317-12,317,12,0,0.02395113,1
318-0,318,0,0,0.2226502,1
318-1,318,1,0,0.17709868,1
318-2,318,2,0,0.16283096,1
318-3,318,3,0,0.12300067,1
318-4,318,4,0,0.060089666,1
318-5,318,5,0,0.08101041,1
318-6,318,6,0,0.061535593,1
318-7,318,7,0,0.12764901,1
318-8,318,8,0,0.067893915,1
318-9,318,9,0,0.21107192,1
318-10,318,10,0,0.031232113,1
318-11,318,11,0,0.11191534,1
318-12,318,12,0,0.10609549,1
319-0,319,0,0,0.015985105,2
319-1,319,1,0,0.023472996,2
319-2,319,2,0,0.03558972,2
319-3,319,3,0,0.032914154,2
319-4,319,4,0,0.0068542995,2
319-5,319,5,0,0.013226903,2
319-6,319,6,0,0.0063506793,2
319-7,319,7,0,0.010612803,2
319-8,319,8,0,0.03538839,2
319-9,319,9,0,0.034613613,2
319-10,319,10,0,0.003989992,2
319-11,319,11,0,0.0032742897,2
319-12,319,12,0,0.01165233,2
320-0,320,0,0,0.15409237,4
320-1,320,1,1,0.032188166,4
320-2,320,2,0,0.38213593,4
320-3,320,3,0,0.3345033,4
320-4,320,4,1,0.010880963,4
320-5,320,5,0,0.13387942,4
320-6,320,6,1,0.027172044,4
320-7,320,7,1,0.02999146,4
320-8,320,8,0,0.28099343,4
320-9,320,9,1,0.044568885,4
320-10,320,10,0,0.064387694,4
320-11,320,11,0,0.23571202,4
320-12,320,12,0,0.24395871,4
321-0,321,0,1,0.013203368,4
321-1,321,1,0,0.25260922,4
321-2,321,2,0,0.47479126,4
321-3,321,3,0,0.34347585,4
321-4,321,4,0,0.159066,4
321-5,321,5,0,0.16572022,4
321-6,321,6,0,0.20740788,4
321-7,321,7,0,0.24471682,4
321-8,321,8,0,0.3214212,4
321-9,321,9,0,0.4593745,4
321-10,321,10,0,0.0844049,4
321-11,321,11,0,0.14241807,4
321-12,321,12,0,0.23964989,4
322-0,322,0,0,0.12035093,2
322-1,322,1,0,0.20992647,2
322-2,322,2,1,0.12675403,2
322-3,322,3,0,0.2328001,2
322-4,322,4,0,0.052674856,2
322-5,322,5,0,0.1277706,2
322-6,322,6,1,0.021869987,2
322-7,322,7,0,0.09733358,2
322-8,322,8,0,0.25654644,2
322-9,322,9,1,0.09652084,2
322-10,322,10,0,0.026376786,2
322-11,322,11,0,0.020220932,2
322-12,322,12,0,0.0941551,2
323-0,323,0,0,0.019317027,5
323-1,323,1,0,0.042833485,5
323-2,323,2,0,0.012826164,5
323-3,323,3,0,0.072869875,5
323-4,323,4,0,0.023095142,5
323-5,323,5,0,0.0071266936,5
323-6,323,6,0,0.07917477,5
323-7,323,7,0,0.041731376,5
323-8,323,8,0,0.018402375,5
323-9,323,9,0,0.042137653,5
323-10,323,10,0,0.009347744,5
323-11,323,11,0,0.011861211,5
323-12,323,12,0,0.040911935,5
324-0,324,0,1,0.049765635,4
324-1,324,1,1,0.07116893,4
324-2,324,2,1,0.17739372,4
324-3,324,3,1,0.10602817,4
324-4,324,4,1,0.0363684,4
324-5,324,5,1,0.04283011,4
324-6,324,6,1,0.061445784,4
324-7,324,7,1,0.08789119,4
324-8,324,8,1,0.1535989,4
324-9,324,9,1,0.148454,4
324-10,324,10,1,0.023690442,4
324-11,324,11,1,0.06272878,4
324-12,324,12,1,0.079646535,4
325-0,325,0,0,0.047887765,2
325-1,325,1,0,0.10771668,2
325-2,325,2,0,0.10668638,2
325-3,325,3,0,0.11589403,2
325-4,325,4,0,0.02076185,2
325-5,325,5,0,0.05169431,2
325-6,325,6,0,0.018362455,2
325-7,325,7,0,0.039232068,2
325-8,325,8,0,0.11596616,2
325-9,325,9,0,0.08820966,2
325-10,325,10,0,0.010326807,2
325-11,325,11,0,0.008619593,2
325-12,325,12,0,0.027623758,2
326-0,326,0,0,0.13009211,4
326-1,326,1,0,0.1844082,4
326-2,326,2,0,0.37685046,4
326-3,326,3,0,0.38251692,4
326-4,326,4,0,0.05862114,4
326-5,326,5,0,0.117296465,4
326-6,326,6,0,0.16934459,4
326-7,326,7,1,0.024584748,4
326-8,326,8,0,0.36161754,4
326-9,326,9,0,0.33098766,4
326-10,326,10,0,0.08145708,4
326-11,326,11,0,0.121963605,4
326-12,326,12,0,0.18548182,4
327-0,327,0,0,0.04730489,4
327-1,327,1,0,0.06772529,4
327-2,327,2,0,0.16974957,4
327-3,327,3,0,0.12591365,4
327-4,327,4,0,0.024510477,4
327-5,327,5,0,0.04069762,4
327-6,327,6,0,0.061979808,4
327-7,327,7,0,0.08436269,4
327-8,327,8,0,0.14786014,4
327-9,327,9,0,0.14184187,4
327-10,327,10,0,0.02197679,4
327-11,327,11,1,0.08719976,4
327-12,327,12,0,0.074192874,4
328-0,328,0,0,0.013374482,4
328-1,328,1,0,0.02054419,4
328-2,328,2,0,0.051648784,4
328-3,328,3,0,0.032788556,4
328-4,328,4,0,0.00784677,4
328-5,328,5,0,0.013786505,4
328-6,328,6,0,0.018584507,4
328-7,328,7,0,0.021893706,4
328-8,328,8,0,0.031817216,4
328-9,328,9,0,0.04874393,4
328-10,328,10,0,0.008215547,4
328-11,328,11,0,0.019456493,4
328-12,328,12,0,0.02061257,4
329-0,329,0,0,0.0904901,1
329-1,329,1,0,0.09227253,1
329-2,329,2,0,0.05292774,1
329-3,329,3,1,0.12615177,1
329-4,329,4,0,0.024647173,1
329-5,329,5,0,0.029738108,1
329-6,329,6,0,0.026119635,1
329-7,329,7,0,0.04574579,1
329-8,329,8,0,0.024475578,1
329-9,329,9,0,0.090386,1
329-10,329,10,0,0.019944143,1
329-11,329,11,0,0.051907055,1
329-12,329,12,0,0.04329654,1
330-0,330,0,1,0.040998325,4
330-1,330,1,0,0.067150466,4
330-2,330,2,1,0.16360256,4
330-3,330,3,0,0.0977788,4
330-4,330,4,1,0.034134824,4
330-5,330,5,0,0.03559514,4
330-6,330,6,1,0.06605705,4
330-7,330,7,1,0.09078936,4
330-8,330,8,1,0.1257363,4
330-9,330,9,0,0.12746835,4
330-10,330,10,0,0.019767776,4
330-11,330,11,0,0.069127254,4
330-12,330,12,1,0.07748696,4
331-0,331,0,1,0.092474826,4
331-1,331,1,1,0.14355673,4
331-2,331,2,1,0.27000943,4
331-3,331,3,1,0.17631772,4
331-4,331,4,1,0.040851668,4
331-5,331,5,1,0.06736432,4
331-6,331,6,0,0.026558008,4
331-7,331,7,0,0.029082341,4
331-8,331,8,1,0.15227486,4
331-9,331,9,1,0.25874442,4
331-10,331,10,1,0.038946353,4
331-11,331,11,1,0.08571916,4
331-12,331,12,0,0.02951625,4
332-0,332,0,0,0.07513792,3
332-1,332,1,0,0.04398302,3
332-2,332,2,0,0.015549391,3
332-3,332,3,0,0.14407979,3
332-4,332,4,0,0.014107756,3
332-5,332,5,0,0.07477374,3
332-6,332,6,0,0.016375192,3
332-7,332,7,0,0.041354433,3
332-8,332,8,0,0.023674697,3
332-9,332,9,0,0.072694674,3
332-10,332,10,0,0.019109432,3
332-11,332,11,0,0.023122484,3
332-12,332,12,0,0.04307217,3
333-0,333,0,1,0.100727044,2
333-1,333,1,0,0.07388932,2
333-2,333,2,0,0.10588042,2
333-3,333,3,0,0.083506964,2
333-4,333,4,0,0.02553755,2
333-5,333,5,1,0.12845016,2
333-6,333,6,1,0.027380379,2
333-7,333,7,0,0.033702426,2
333-8,333,8,0,0.11359437,2
333-9,333,9,0,0.07669965,2
333-10,333,10,1,0.024714189,2
333-11,333,11,0,0.0069668097,2
333-12,333,12,0,0.03026645,2
334-0,334,0,0,0.0965018,1
334-1,334,1,0,0.09032145,1
334-2,334,2,1,0.112790786,1
334-3,334,3,1,0.12615177,1
334-4,334,4,0,0.026564369,1
334-5,334,5,0,0.03257551,1
334-6,334,6,0,0.026242904,1
334-7,334,7,0,0.04574579,1
334-8,334,8,0,0.024475578,1
334-9,334,9,0,0.09305968,1
334-10,334,10,0,0.02000362,1
334-11,334,11,0,0.053759206,1
334-12,334,12,0,0.04178892,1
335-0,335,0,0,0.032403313,2
335-1,335,1,0,0.05251299,2
335-2,335,2,0,0.0704049,2
335-3,335,3,0,0.06366984,2
335-4,335,4,0,0.011685968,2
335-5,335,5,1,0.2406227,2
335-6,335,6,0,0.012187828,2
335-7,335,7,1,0.2134388,2
335-8,335,8,0,0.07215422,2
335-9,335,9,0,0.07378368,2
335-10,335,10,0,0.0080713695,2
335-11,335,11,0,0.006501592,2
335-12,335,12,0,0.023942243,2
336-0,336,0,0,0.034930468,2
336-1,336,1,0,0.056516904,2
336-2,336,2,0,0.07765368,2
336-3,336,3,0,0.0787721,2
336-4,336,4,0,0.021995148,2
336-5,336,5,0,0.031066349,2
336-6,336,6,0,0.013072127,2
336-7,336,7,0,0.024687365,2
336-8,336,8,0,0.077485204,2
336-9,336,9,0,0.061467092,2
336-10,336,10,0,0.008758419,2
336-11,336,11,0,0.0086013,2
336-12,336,12,0,0.028403217,2
337-0,337,0,0,0.1150508,1
337-1,337,1,0,0.08713464,1
337-2,337,2,0,0.049581934,1
337-3,337,3,0,0.07919189,1
337-4,337,4,0,0.02181706,1
337-5,337,5,0,0.030122159,1
337-6,337,6,0,0.02884818,1
337-7,337,7,0,0.053190753,1
337-8,337,8,0,0.027204113,1
337-9,337,9,0,0.07334246,1
337-10,337,10,0,0.017219465,1
337-11,337,11,0,0.04259529,1
337-12,337,12,0,0.03880862,1
338-0,338,0,0,0.019118695,5
338-1,338,1,0,0.042833485,5
338-2,338,2,0,0.012826164,5
338-3,338,3,0,0.060371824,5
338-4,338,4,0,0.023095142,5
338-5,338,5,0,0.0071266936,5
338-6,338,6,0,0.07079515,5
338-7,338,7,0,0.041731376,5
338-8,338,8,0,0.017366841,5
338-9,338,9,0,0.04171499,5
338-10,338,10,1,0.01888125,5
338-11,338,11,0,0.011861211,5
338-12,338,12,0,0.03037,5
339-0,339,0,1,0.013203368,4
339-1,339,1,1,0.019549418,4
339-2,339,2,1,0.049572706,4
339-3,339,3,1,0.028525878,4
339-4,339,4,1,0.009716686,4
339-5,339,5,1,0.011510325,4
339-6,339,6,1,0.016871618,4
339-7,339,7,1,0.019696258,4
339-8,339,8,1,0.030547377,4
339-9,339,9,1,0.033124458,4
339-10,339,10,1,0.007190485,4
339-11,339,11,1,0.016527332,4
339-12,339,12,1,0.019490857,4
340-0,340,0,0,0.037848383,4
340-1,340,1,0,0.071520284,4
340-2,340,2,0,0.13939708,4
340-3,340,3,0,0.103919655,4
340-4,340,4,0,0.028451912,4
340-5,340,5,0,0.04088144,4
340-6,340,6,0,0.07011565,4
340-7,340,7,0,0.061380338,4
340-8,340,8,0,0.10809373,4
340-9,340,9,0,0.116789,4
340-10,340,10,0,0.020568589,4
340-11,340,11,0,0.074971616,4
340-12,340,12,1,0.12615147,4
341-0,341,0,1,0.14447674,5
341-1,341,1,1,0.27728114,5
341-2,341,2,1,0.085278906,5
341-3,341,3,0,0.072869875,5
341-4,341,4,1,0.14812808,5
341-5,341,5,1,0.018870493,5
341-6,341,6,1,0.33051357,5
341-7,341,7,1,0.22004536,5
341-8,341,8,1,0.09560202,5
341-9,341,9,1,0.24566258,5
341-10,341,10,0,0.009508491,5
341-11,341,11,1,0.06922404,5
341-12,341,12,1,0.17324053,5
342-0,342,0,0,0.01024956,5
342-1,342,1,0,0.022986118,5
342-2,342,2,0,0.0072663575,5
342-3,342,3,0,0.034577228,5
342-4,342,4,0,0.013541534,5
342-5,342,5,0,0.0038974595,5
342-6,342,6,0,0.040975947,5
342-7,342,7,0,0.02341851,5
342-8,342,8,0,0.00942226,5
342-9,342,9,0,0.023685299,5
342-10,342,10,0,0.0040639457,5
342-11,342,11,1,0.18489262,5
342-12,342,12,1,0.3353341,5
343-0,343,0,0,0.08336952,2
343-1,343,1,0,0.13450353,2
343-2,343,2,0,0.18627875,2
343-3,343,3,0,0.19578336,2
343-4,343,4,0,0.038283218,2
343-5,343,5,0,0.08513859,2
343-6,343,6,0,0.034869686,2
343-7,343,7,0,0.06959037,2
343-8,343,8,0,0.2414001,2
343-9,343,9,0,0.14295548,2
343-10,343,10,0,0.023461467,2
343-11,343,11,1,0.037367612,2
343-12,343,12,0,0.06902492,2
344-0,344,0,0,0.052359287,2
344-1,344,1,0,0.08804064,2
344-2,344,2,0,0.12543707,2
344-3,344,3,0,0.10871797,2
344-4,344,4,0,0.025366277,2
344-5,344,5,0,0.05672933,2
344-6,344,6,0,0.022323132,2
344-7,344,7,0,0.04655267,2
344-8,344,8,0,0.13558447,2
344-9,344,9,0,0.09562874,2
344-10,344,10,0,0.014829412,2
344-11,344,11,0,0.010267235,2
344-12,344,12,0,0.04439101,2
345-0,345,0,0,0.044962972,2
345-1,345,1,0,0.07600824,2
345-2,345,2,0,0.09904015,2
345-3,345,3,0,0.10358423,2
345-4,345,4,0,0.02154879,2
345-5,345,5,0,0.04338406,2
345-6,345,6,0,0.020527817,2
345-7,345,7,0,0.039324142,2
345-8,345,8,0,0.11621655,2
345-9,345,9,0,0.0822373,2
345-10,345,10,0,0.011405203,2
345-11,345,11,0,0.00884294,2
345-12,345,12,0,0.038075056,2
346-0,346,0,0,0.010973727,5
346-1,346,1,0,0.022986118,5
346-2,346,2,0,0.0072663575,5
346-3,346,3,0,0.040891677,5
346-4,346,4,0,0.013597134,5
346-5,346,5,0,0.0038974595,5
346-6,346,6,0,0.040975947,5
346-7,346,7,0,0.02341851,5
346-8,346,8,0,0.00942226,5
346-9,346,9,0,0.025343942,5
346-10,346,10,1,0.06151485,5
346-11,346,11,0,0.0076276395,5
346-12,346,12,0,0.016929414,5
347-0,347,0,1,0.16133273,3
347-1,347,1,0,0.046673514,3
347-2,347,2,0,0.016437164,3
347-3,347,3,0,0.16893962,3
347-4,347,4,0,0.01484907,3
347-5,347,5,0,0.07844925,3
347-6,347,6,0,0.016428016,3
347-7,347,7,0,0.045150567,3
347-8,347,8,0,0.031474072,3
347-9,347,9,0,0.07564455,3
347-10,347,10,1,0.030279694,3
347-11,347,11,1,0.03759092,3
347-12,347,12,0,0.045116875,3
348-0,348,0,0,0.16244097,1
348-1,348,1,0,0.1291781,1
348-2,348,2,0,0.07345553,1
348-3,348,3,0,0.1288364,1
348-4,348,4,0,0.03345915,1
348-5,348,5,0,0.050487544,1
348-6,348,6,0,0.040976096,1
348-7,348,7,0,0.08262753,1
348-8,348,8,0,0.042911142,1
348-9,348,9,0,0.12664236,1
348-10,348,10,0,0.025117613,1
348-11,348,11,0,0.06840659,1
348-12,348,12,0,0.057832245,1
349-0,349,0,0,0.012710657,2
349-1,349,1,0,0.019047393,2
349-2,349,2,1,0.3575551,2
349-3,349,3,0,0.024541305,2
349-4,349,4,0,0.0054114996,2
349-5,349,5,0,0.010428549,2
349-6,349,6,0,0.0042748684,2
349-7,349,7,0,0.008056952,2
349-8,349,8,0,0.026538389,2
349-9,349,9,0,0.024825163,2
349-10,349,10,0,0.0030841846,2
349-11,349,11,0,0.002548652,2
349-12,349,12,0,0.006967361,2
350-0,350,0,0,0.079964295,3
350-1,350,1,0,0.058844183,3
350-2,350,2,0,0.015292102,3
350-3,350,3,0,0.21529666,3
350-4,350,4,0,0.026006421,3
350-5,350,5,0,0.08989553,3
350-6,350,6,0,0.017778674,3
350-7,350,7,0,0.05740905,3
350-8,350,8,0,0.028466381,3
350-9,350,9,0,0.056330197,3
350-10,350,10,0,0.017403563,3
350-11,350,11,0,0.036101013,3
350-12,350,12,0,0.052568607,3
351-0,351,0,1,0.059767988,4
351-1,351,1,0,0.06301105,4
351-2,351,2,1,0.23010504,4
351-3,351,3,0,0.12518539,4
351-4,351,4,1,0.042544883,4
351-5,351,5,1,0.06298844,4
351-6,351,6,1,0.07755587,4
351-7,351,7,1,0.10974758,4
351-8,351,8,1,0.18613791,4
351-9,351,9,1,0.17464606,4
351-10,351,10,0,0.021990877,4
351-11,351,11,0,0.048967727,4
351-12,351,12,1,0.10977383,4
352-0,352,0,0,0.06933491,3
352-1,352,1,0,0.04398302,3
352-2,352,2,0,0.011963392,3
352-3,352,3,0,0.15763253,3
352-4,352,4,0,0.011901893,3
352-5,352,5,0,0.07477374,3
352-6,352,6,0,0.011191041,3
352-7,352,7,0,0.041354433,3
352-8,352,8,0,0.021363355,3
352-9,352,9,0,0.072694674,3
352-10,352,10,0,0.01693497,3
352-11,352,11,0,0.029646207,3
352-12,352,12,0,0.0433017,3
353-0,353,0,0,0.045750037,2
353-1,353,1,0,0.086133145,2
353-2,353,2,0,0.10220561,2
353-3,353,3,0,0.117481396,2
353-4,353,4,0,0.019809838,2
353-5,353,5,0,0.049395468,2
353-6,353,6,0,0.017518502,2
353-7,353,7,0,0.037905946,2
353-8,353,8,1,0.25223893,2
353-9,353,9,0,0.116434835,2
353-10,353,10,0,0.013818304,2
353-11,353,11,0,0.014097724,2
353-12,353,12,0,0.026365573,2
354-0,354,0,0,0.048146907,3
354-1,354,1,0,0.027515652,3
354-2,354,2,0,0.009876549,3
354-3,354,3,0,0.10187955,3
354-4,354,4,0,0.010186971,3
354-5,354,5,0,0.04911693,3
354-6,354,6,0,0.00814591,3
354-7,354,7,0,0.028156655,3
354-8,354,8,0,0.014302201,3
354-9,354,9,0,0.037870478,3
354-10,354,10,0,0.012090124,3
354-11,354,11,0,0.015829159,3
354-12,354,12,0,0.027370986,3
355-0,355,0,0,0.062482942,2
355-1,355,1,0,0.09460071,2
355-2,355,2,0,0.09554625,2
355-3,355,3,0,0.14255248,2
355-4,355,4,0,0.027863178,2
355-5,355,5,0,0.05485926,2
355-6,355,6,0,0.024079144,2
355-7,355,7,1,0.09321904,2
355-8,355,8,0,0.14492926,2
355-9,355,9,0,0.08707026,2
355-10,355,10,0,0.016142214,2
355-11,355,11,0,0.0114669055,2
355-12,355,12,0,0.044199508,2
356-0,356,0,0,0.012612812,5
356-1,356,1,0,0.028202383,5
356-2,356,2,1,0.026517179,5
356-3,356,3,0,0.04945158,5
356-4,356,4,0,0.011313856,5
356-5,356,5,1,0.009344808,5
356-6,356,6,0,0.034530956,5
356-7,356,7,0,0.025577202,5
356-8,356,8,0,0.010540394,5
356-9,356,9,0,0.022332234,5
356-10,356,10,0,0.004638417,5
356-11,356,11,0,0.006110977,5
356-12,356,12,0,0.018453104,5
357-0,357,0,0,0.019908004,5
357-1,357,1,0,0.034220465,5
357-2,357,2,0,0.015110674,5
357-3,357,3,0,0.09694394,5
357-4,357,4,0,0.01621046,5
357-5,357,5,0,0.005467942,5
357-6,357,6,0,0.07729184,5
357-7,357,7,0,0.03979257,5
357-8,357,8,0,0.015566335,5
357-9,357,9,0,0.03526216,5
357-10,357,10,0,0.009026351,5
357-11,357,11,0,0.009926197,5
357-12,357,12,0,0.026810851,5
358-0,358,0,1,0.16453509,3
358-1,358,1,0,0.04976294,3
358-2,358,2,0,0.018184908,3
358-3,358,3,0,0.16341296,3
358-4,358,4,0,0.016027508,3
358-5,358,5,0,0.08424337,3
358-6,358,6,0,0.017323693,3
358-7,358,7,0,0.04680584,3
358-8,358,8,0,0.024495622,3
358-9,358,9,0,0.05722548,3
358-10,358,10,0,0.019430846,3
358-11,358,11,0,0.033950783,3
358-12,358,12,0,0.048996672,3
359-0,359,0,0,0.008959484,5
359-1,359,1,0,0.020334097,5
359-2,359,2,0,0.005990236,5
359-3,359,3,1,0.36926508,5
359-4,359,4,0,0.012732145,5
359-5,359,5,0,0.0036078792,5
359-6,359,6,0,0.041571587,5
359-7,359,7,0,0.021496393,5
359-8,359,8,0,0.009368698,5
359-9,359,9,0,0.021587921,5
359-10,359,10,0,0.004357522,5
359-11,359,11,0,0.005984467,5
359-12,359,12,0,0.018493958,5
360-0,360,0,0,0.025815623,5
360-1,360,1,0,0.0878376,5
360-2,360,2,0,0.026526792,5
360-3,360,3,0,0.12500657,5
360-4,360,4,0,0.028220123,5
360-5,360,5,0,0.009006731,5
360-6,360,6,0,0.106756486,5
360-7,360,7,0,0.0690446,5
360-8,360,8,0,0.027261892,5
360-9,360,9,0,0.05847231,5
360-10,360,10,0,0.009484024,5
360-11,360,11,0,0.01641674,5
360-12,360,12,0,0.046353325,5
361-0,361,0,0,0.008718725,5
361-1,361,1,0,0.019590667,5
361-2,361,2,0,0.0072861146,5
361-3,361,3,0,0.029521305,5
361-4,361,4,0,0.012469719,5
361-5,361,5,0,0.0034487299,5
361-6,361,6,0,0.036414318,5
361-7,361,7,0,0.020769123,5
361-8,361,8,0,0.008342774,5
361-9,361,9,0,0.022361908,5
361-10,361,10,0,0.0034894578,5
361-11,361,11,0,0.006715787,5
361-12,361,12,0,0.014269487,5
362-0,362,0,1,0.2628583,2
362-1,362,1,1,0.46131352,2
362-2,362,2,1,0.47229442,2
362-3,362,3,1,0.5151169,2
362-4,362,4,0,0.00695501,2
362-5,362,5,0,0.013226903,2
362-6,362,6,0,0.006724737,2
362-7,362,7,1,0.2661753,2
362-8,362,8,1,0.5486865,2
362-9,362,9,1,0.4788917,2
362-10,362,10,1,0.092451975,2
362-11,362,11,1,0.040289517,2
362-12,362,12,1,0.28277332,2
363-0,363,0,1,0.3035901,1
363-1,363,1,1,0.2637948,1
363-2,363,2,1,0.16488354,1
363-3,363,3,1,0.17772797,1
363-4,363,4,1,0.08059922,1
363-5,363,5,1,0.11393271,1
363-6,363,6,0,0.022338398,1
363-7,363,7,1,0.16750269,1
363-8,363,8,1,0.09311088,1
363-9,363,9,1,0.27987787,1
363-10,363,10,1,0.038345456,1
363-11,363,11,1,0.13908464,1
363-12,363,12,1,0.12815154,1
364-0,364,0,0,0.05293032,5
364-1,364,1,0,0.112666495,5
364-2,364,2,0,0.031724893,5
364-3,364,3,0,0.15192781,5
364-4,364,4,0,0.04211486,5
364-5,364,5,0,0.0067772227,5
364-6,364,6,0,0.13540459,5
364-7,364,7,1,0.03006266,5
364-8,364,8,0,0.032445587,5
364-9,364,9,0,0.1184435,5
364-10,364,10,1,0.00634553,5
364-11,364,11,1,0.008595577,5
364-12,364,12,0,0.06764086,5
365-0,365,0,0,0.12815906,2
365-1,365,1,0,0.21446311,2
365-2,365,2,1,0.10597155,2
365-3,365,3,0,0.23768239,2
365-4,365,4,0,0.054933872,2
365-5,365,5,0,0.1562921,2
365-6,365,6,0,0.035800803,2
365-7,365,7,1,0.038397122,2
365-8,365,8,0,0.28145057,2
365-9,365,9,0,0.28335953,2
365-10,365,10,0,0.028284067,2
365-11,365,11,0,0.02734352,2
365-12,365,12,0,0.11301614,2
366-0,366,0,1,0.10112091,3
366-1,366,1,0,0.06258905,3
366-2,366,2,0,0.012643169,3
366-3,366,3,1,0.19535308,3
366-4,366,4,0,0.018514447,3
366-5,366,5,0,0.10721817,3
366-6,366,6,0,0.023014126,3
366-7,366,7,0,0.07534713,3
366-8,366,8,0,0.035398908,3
366-9,366,9,0,0.103746496,3
366-10,366,10,0,0.021234544,3
366-11,366,11,0,0.029231321,3
366-12,366,12,0,0.041393023,3
367-0,367,0,1,0.10882406,3
367-1,367,1,0,0.080579184,3
367-2,367,2,0,0.020428883,3
367-3,367,3,0,0.20134759,3
367-4,367,4,0,0.033414204,3
367-5,367,5,1,0.12089065,3
367-6,367,6,1,0.020162763,3
367-7,367,7,0,0.100265354,3
367-8,367,8,1,0.051070683,3
367-9,367,9,1,0.11761958,3
367-10,367,10,0,0.027234593,3
367-11,367,11,0,0.03192328,3
367-12,367,12,0,0.10342286,3
368-0,368,0,1,0.029178806,2
368-1,368,1,1,0.049561467,2
368-2,368,2,1,0.06446667,2
368-3,368,3,1,0.061168537,2
368-4,368,4,1,0.012156449,2
368-5,368,5,1,0.026864082,2
368-6,368,6,1,0.009087944,2
368-7,368,7,1,0.020142002,2
368-8,368,8,1,0.0627396,2
368-9,368,9,1,0.0597321,2
368-10,368,10,1,0.006930268,2
368-11,368,11,1,0.0054159286,2
368-12,368,12,1,0.016193395,2
369-0,369,0,0,0.05979925,5
369-1,369,1,0,0.13617314,5
369-2,369,2,0,0.04357287,5
369-3,369,3,0,0.19191903,5
369-4,369,4,0,0.07393601,5
369-5,369,5,0,0.008745169,5
369-6,369,6,0,0.16906184,5
369-7,369,7,0,0.107762404,5
369-8,369,8,0,0.042353302,5
369-9,369,9,0,0.13901526,5
369-10,369,10,0,0.012824769,5
369-11,369,11,0,0.027557615,5
369-12,369,12,0,0.08716337,5
370-0,370,0,0,0.045422,2
370-1,370,1,0,0.09380952,2
370-2,370,2,0,0.11114013,2
370-3,370,3,1,0.25754222,2
370-4,370,4,0,0.019909082,2
370-5,370,5,0,0.05658421,2
370-6,370,6,0,0.021869987,2
370-7,370,7,0,0.040999122,2
370-8,370,8,0,0.120754994,2
370-9,370,9,0,0.092715815,2
370-10,370,10,0,0.014976482,2
370-11,370,11,0,0.009020774,2
370-12,370,12,0,0.038920384,2
371-0,371,0,0,0.048155807,2
371-1,371,1,0,0.085066475,2
371-2,371,2,0,0.16518733,2
371-3,371,3,0,0.13790059,2
371-4,371,4,0,0.042008344,2
371-5,371,5,1,0.11256156,2
371-6,371,6,0,0.020207455,2
371-7,371,7,0,0.06186587,2
371-8,371,8,0,0.17809388,2
371-9,371,9,0,0.15327086,2
371-10,371,10,0,0.01870414,2
371-11,371,11,0,0.012819785,2
371-12,371,12,0,0.04229563,2
372-0,372,0,0,0.0139977345,5
372-1,372,1,0,0.035461914,5
372-2,372,2,0,0.009340647,5
372-3,372,3,0,0.04580317,5
372-4,372,4,0,0.015266955,5
372-5,372,5,0,0.0043460885,5
372-6,372,6,0,0.054968372,5
372-7,372,7,0,0.031333923,5
372-8,372,8,0,0.012668337,5
372-9,372,9,0,0.036526393,5
372-10,372,10,0,0.0060961605,5
372-11,372,11,0,0.009340647,5
372-12,372,12,0,0.024979431,5
373-0,373,0,0,0.07444573,3
373-1,373,1,0,0.034993984,3
373-2,373,2,1,0.025923971,3
373-3,373,3,0,0.17078234,3
373-4,373,4,0,0.015505002,3
373-5,373,5,0,0.06196553,3
373-6,373,6,0,0.015172311,3
373-7,373,7,0,0.045326196,3
373-8,373,8,0,0.023462111,3
373-9,373,9,0,0.07942702,3
373-10,373,10,1,0.030976798,3
373-11,373,11,0,0.026230328,3
373-12,373,12,0,0.047451224,3
374-0,374,0,0,0.044141654,1
374-1,374,1,0,0.045465942,1
374-2,374,2,1,0.30832934,1
374-3,374,3,0,0.03538576,1
374-4,374,4,1,0.10407655,1
374-5,374,5,0,0.016676914,1
374-6,374,6,0,0.01292602,1
374-7,374,7,1,0.30830687,1
374-8,374,8,0,0.015377286,1
374-9,374,9,1,0.3880143,1
374-10,374,10,1,0.06851182,1
374-11,374,11,0,0.02614271,1
374-12,374,12,0,0.022478,1
375-0,375,0,0,0.03947742,4
375-1,375,1,0,0.044462893,4
375-2,375,2,0,0.10948206,4
375-3,375,3,0,0.1240301,4
375-4,375,4,0,0.020827932,4
375-5,375,5,0,0.026907576,4
375-6,375,6,0,0.056794357,4
375-7,375,7,0,0.071401194,4
375-8,375,8,0,0.099608414,4
375-9,375,9,0,0.08986909,4
375-10,375,10,0,0.019285336,4
375-11,375,11,0,0.051615708,4
375-12,375,12,0,0.07008943,4
376-0,376,0,1,0.24116214,2
376-1,376,1,0,0.028809024,2
376-2,376,2,0,0.04505625,2
376-3,376,3,0,0.044303346,2
376-4,376,4,0,0.008197596,2
376-5,376,5,0,0.0106677385,2
376-6,376,6,0,0.007660802,2
376-7,376,7,0,0.013064487,2
376-8,376,8,0,0.043312963,2
376-9,376,9,0,0.041277252,2
376-10,376,10,0,0.004815462,2
376-11,376,11,0,0.0038359293,2
376-12,376,12,0,0.015234243,2
377-0,377,0,0,0.009727856,4
377-1,377,1,0,0.017843958,4
377-2,377,2,0,0.049572706,4
377-3,377,3,0,0.031219795,4
377-4,377,4,0,0.00763858,4
377-5,377,5,0,0.008774886,4
377-6,377,6,0,0.016418573,4
377-7,377,7,0,0.019217081,4
377-8,377,8,0,0.027962072,4
377-9,377,9,0,0.04010649,4
377-10,377,10,0,0.006817207,4
377-11,377,11,0,0.016527332,4
377-12,377,12,0,0.018065372,4
378-0,378,0,0,0.010525201,2
378-1,378,1,0,0.023472996,2
378-2,378,2,0,0.03782686,2
378-3,378,3,0,0.03191286,2
378-4,378,4,0,0.0068542995,2
378-5,378,5,0,0.013226903,2
378-6,378,6,0,0.0063506793,2
378-7,378,7,0,0.010612803,2
378-8,378,8,0,0.03538839,2
378-9,378,9,0,0.027215416,2
378-10,378,10,0,0.0041463757,2
378-11,378,11,0,0.0032742897,2
378-12,378,12,0,0.011290304,2
379-0,379,0,0,0.010245652,5
379-1,379,1,0,0.022986118,5
379-2,379,2,1,0.22570175,5
379-3,379,3,0,0.03423429,5
379-4,379,4,0,0.013597134,5
379-5,379,5,0,0.0038974595,5
379-6,379,6,0,0.040975947,5
379-7,379,7,0,0.028666768,5
379-8,379,8,0,0.00942226,5
379-9,379,9,0,0.025343942,5
379-10,379,10,0,0.00410594,5
379-11,379,11,0,0.0076276395,5
379-12,379,12,0,0.016758448,5
380-0,380,0,0,0.1392961,1
380-1,380,1,0,0.13417947,1
380-2,380,2,0,0.07708207,1
380-3,380,3,0,0.09815977,1
380-4,380,4,0,0.035057805,1
380-5,380,5,0,0.05399107,1
380-6,380,6,0,0.04252628,1
380-7,380,7,0,0.07581336,1
380-8,380,8,0,0.03916277,1
380-9,380,9,0,0.119222954,1
380-10,380,10,0,0.028964486,1
380-11,380,11,0,0.07106334,1
380-12,380,12,0,0.057437375,1
381-0,381,0,0,0.013231249,4
381-1,381,1,0,0.027937556,4
381-2,381,2,0,0.059270326,4
381-3,381,3,0,0.04934907,4
381-4,381,4,0,0.00987888,4
381-5,381,5,0,0.01650713,4
381-6,381,6,0,0.017278342,4
381-7,381,7,0,0.025128495,4
381-8,381,8,0,0.03856423,4
381-9,381,9,0,0.044266492,4
381-10,381,10,0,0.009667198,4
381-11,381,11,0,0.023691474,4
381-12,381,12,0,0.021794835,4
382-0,382,0,0,0.22509147,1
382-1,382,1,0,0.22389534,1
382-2,382,2,0,0.117863335,1
382-3,382,3,0,0.13309614,1
382-4,382,4,0,0.05471082,1
382-5,382,5,0,0.073052905,1
382-6,382,6,0,0.07400599,1
382-7,382,7,0,0.11195394,1
382-8,382,8,0,0.06314219,1
382-9,382,9,0,0.18545216,1
382-10,382,10,0,0.051832367,1
382-11,382,11,0,0.108551085,1
382-12,382,12,0,0.10286031,1
383-0,383,0,0,0.16104992,5
383-1,383,1,1,0.042833485,5
383-2,383,2,1,0.012826164,5
383-3,383,3,0,0.3881664,5
383-4,383,4,1,0.023095142,5
383-5,383,5,1,0.008260965,5
383-6,383,6,1,0.07137255,5
383-7,383,7,1,0.037626974,5
383-8,383,8,1,0.01766302,5
383-9,383,9,1,0.042137653,5
383-10,383,10,1,0.010080956,5
383-11,383,11,1,0.011861211,5
383-12,383,12,1,0.030880962,5
384-0,384,0,1,0.14557119,2
384-1,384,1,1,0.39552832,2
384-2,384,2,1,0.47229442,2
384-3,384,3,1,0.5151169,2
384-4,384,4,0,0.010557391,2
384-5,384,5,0,0.009512619,2
384-6,384,6,0,0.0071698963,2
384-7,384,7,1,0.2344651,2
384-8,384,8,1,0.5486865,2
384-9,384,9,0,0.03683647,2
384-10,384,10,1,0.09350154,2
384-11,384,11,1,0.039054,2
384-12,384,12,1,0.28277332,2
385-0,385,0,0,0.061708905,1
385-1,385,1,0,0.06219548,1
385-2,385,2,0,0.03477397,1
385-3,385,3,0,0.04120116,1
385-4,385,4,0,0.01452776,1
385-5,385,5,0,0.020808138,1
385-6,385,6,0,0.018657463,1
385-7,385,7,0,0.03149064,1
385-8,385,8,0,0.020885138,1
385-9,385,9,0,0.059073325,1
385-10,385,10,0,0.0131890485,1
385-11,385,11,0,0.036603015,1
385-12,385,12,0,0.02937563,1
386-0,386,0,0,0.032951307,2
386-1,386,1,0,0.05396359,2
386-2,386,2,0,0.07231201,2
386-3,386,3,0,0.073359616,2
386-4,386,4,0,0.013936929,2
386-5,386,5,0,0.029299486,2
386-6,386,6,0,0.012956756,2
386-7,386,7,0,0.028155884,2
386-8,386,8,0,0.07215422,2
386-9,386,9,0,0.07450411,2
386-10,386,10,0,0.008898518,2
386-11,386,11,0,0.006501592,2
386-12,386,12,0,0.02462412,2
387-0,387,0,0,0.010973727,5
387-1,387,1,0,0.022986118,5
387-2,387,2,0,0.0072663575,5
387-3,387,3,0,0.034577228,5
387-4,387,4,0,0.013597134,5
387-5,387,5,0,0.0038974595,5
387-6,387,6,0,0.040975947,5
387-7,387,7,0,0.02341851,5
387-8,387,8,0,0.00942226,5
387-9,387,9,0,0.025343942,5
387-10,387,10,0,0.0040639457,5
387-11,387,11,0,0.0076276395,5
387-12,387,12,0,0.016929414,5
388-0,388,0,0,0.028890144,2
388-1,388,1,0,0.051947117,2
388-2,388,2,0,0.11595593,2
388-3,388,3,0,0.11033433,2
388-4,388,4,0,0.017519478,2
388-5,388,5,0,0.04713813,2
388-6,388,6,0,0.02045356,2
388-7,388,7,0,0.04274258,2
388-8,388,8,0,0.1254464,2
388-9,388,9,0,0.088173464,2
388-10,388,10,0,0.012230383,2
388-11,388,11,0,0.0093976455,2
388-12,388,12,0,0.03680445,2
389-0,389,0,0,0.020710353,2
389-1,389,1,0,0.034847833,2
389-2,389,2,0,0.055013806,2
389-3,389,3,0,0.06754187,2
389-4,389,4,0,0.011685968,2
389-5,389,5,0,0.028810412,2
389-6,389,6,0,0.012187828,2
389-7,389,7,0,0.021927422,2
389-8,389,8,0,0.07215422,2
389-9,389,9,0,0.058577955,2
389-10,389,10,0,0.0080713695,2
389-11,389,11,0,0.006501592,2
389-12,389,12,0,0.02421114,2
390-0,390,0,0,0.010245652,5
390-1,390,1,0,0.022977456,5
390-2,390,2,1,0.18645345,5
390-3,390,3,0,0.03423429,5
390-4,390,4,0,0.013597134,5
390-5,390,5,0,0.00448569,5
390-6,390,6,0,0.045664936,5
390-7,390,7,0,0.02341851,5
390-8,390,8,0,0.011571035,5
390-9,390,9,0,0.025343942,5
390-10,390,10,0,0.00410594,5
390-11,390,11,0,0.007192266,5
390-12,390,12,0,0.016929414,5
391-0,391,0,0,0.045477234,1
391-1,391,1,0,0.041220237,1
391-2,391,2,1,0.2154551,1
391-3,391,3,0,0.028735299,1
391-4,391,4,0,0.009538546,1
391-5,391,5,0,0.015545131,1
391-6,391,6,1,0.15744723,1
391-7,391,7,1,0.2599782,1
391-8,391,8,0,0.012339964,1
391-9,391,9,0,0.03811953,1
391-10,391,10,0,0.010168794,1
391-11,391,11,0,0.023218345,1
391-12,391,12,0,0.021478007,1
392-0,392,0,0,0.08297323,4
392-1,392,1,0,0.119806446,4
392-2,392,2,0,0.2637819,4
392-3,392,3,0,0.17402545,4
392-4,392,4,0,0.035720542,4
392-5,392,5,0,0.07363614,4
392-6,392,6,0,0.13883446,4
392-7,392,7,0,0.15714462,4
392-8,392,8,0,0.16936806,4
392-9,392,9,0,0.22775929,4
392-10,392,10,0,0.037522517,4
392-11,392,11,0,0.1177236,4
392-12,392,12,0,0.10066545,4
393-0,393,0,0,0.09120637,3
393-1,393,1,0,0.036112674,3
393-2,393,2,0,0.018099077,3
393-3,393,3,0,0.17815486,3
393-4,393,4,0,0.017797228,3
393-5,393,5,1,0.13674001,3
393-6,393,6,0,0.016406203,3
393-7,393,7,0,0.06442438,3
393-8,393,8,0,0.032065265,3
393-9,393,9,0,0.061735094,3
393-10,393,10,0,0.023528332,3
393-11,393,11,0,0.02644198,3
393-12,393,12,0,0.057956968,3
394-0,394,0,0,0.013194953,4
394-1,394,1,0,0.016681865,4
394-2,394,2,0,0.048663877,4
394-3,394,3,0,0.02509124,4
394-4,394,4,0,0.007740858,4
394-5,394,5,0,0.013786505,4
394-6,394,6,0,0.018584507,4
394-7,394,7,0,0.020193497,4
394-8,394,8,0,0.031817216,4
394-9,394,9,0,0.03494883,4
394-10,394,10,0,0.008215547,4
394-11,394,11,0,0.019456493,4
394-12,394,12,0,0.02061257,4
395-0,395,0,0,0.07363222,2
395-1,395,1,0,0.10906458,2
395-2,395,2,0,0.15396456,2
395-3,395,3,0,0.13844547,2
395-4,395,4,0,0.047404874,2
395-5,395,5,1,0.13614653,2
395-6,395,6,0,0.028661186,2
395-7,395,7,1,0.110876225,2
395-8,395,8,0,0.19483624,2
395-9,395,9,0,0.19389099,2
395-10,395,10,1,0.030853396,2
395-11,395,11,0,0.018084737,2
395-12,395,12,0,0.052757602,2
396-0,396,0,0,0.024075117,4
396-1,396,1,0,0.03794678,4
396-2,396,2,0,0.15004753,4
396-3,396,3,0,0.07776858,4
396-4,396,4,0,0.017087096,4
396-5,396,5,0,0.037689533,4
396-6,396,6,0,0.046490278,4
396-7,396,7,0,0.060550407,4
396-8,396,8,0,0.08486271,4
396-9,396,9,0,0.10661384,4
396-10,396,10,0,0.015995909,4
396-11,396,11,0,0.043372504,4
396-12,396,12,0,0.051995315,4
397-0,397,0,0,0.030819857,2
397-1,397,1,0,0.05251299,2
397-2,397,2,1,0.43652967,2
397-3,397,3,0,0.06754187,2
397-4,397,4,0,0.013936929,2
397-5,397,5,0,0.028810412,2
397-6,397,6,0,0.0124018295,2
397-7,397,7,0,0.021927422,2
397-8,397,8,0,0.07215422,2
397-9,397,9,0,0.07378368,2
397-10,397,10,0,0.0081635155,2
397-11,397,11,0,0.006501592,2
397-12,397,12,0,0.02421114,2
398-0,398,0,0,0.14447674,5
398-1,398,1,0,0.3141214,5
398-2,398,2,1,0.011861211,5
398-3,398,3,0,0.3881664,5
398-4,398,4,1,0.023095142,5
398-5,398,5,0,0.018870493,5
398-6,398,6,1,0.06929546,5
398-7,398,7,1,0.041731376,5
398-8,398,8,1,0.017366841,5
398-9,398,9,1,0.042137653,5
398-10,398,10,1,0.009508491,5
398-11,398,11,1,0.011861211,5
398-12,398,12,0,0.20834753,5
399-0,399,0,0,0.013642557,4
399-1,399,1,0,0.01724567,4
399-2,399,2,1,0.37685046,4
399-3,399,3,1,0.30766264,4
399-4,399,4,0,0.008004952,4
399-5,399,5,0,0.012512051,4
399-6,399,6,1,0.17100154,4
399-7,399,7,0,0.024584748,4
399-8,399,8,0,0.032875497,4
399-9,399,9,0,0.049685266,4
399-10,399,10,0,0.0084956875,4
399-11,399,11,0,0.020112177,4
399-12,399,12,0,0.02387115,4
400-0,400,0,0,0.034609303,4
400-1,400,1,0,0.03794678,4
400-2,400,2,0,0.15004753,4
400-3,400,3,0,0.052708536,4
400-4,400,4,0,0.017087096,4
400-5,400,5,0,0.030833699,4
400-6,400,6,1,0.08121443,4
400-7,400,7,0,0.060550407,4
400-8,400,8,0,0.08486271,4
400-9,400,9,0,0.12688008,4
400-10,400,10,0,0.015995909,4
400-11,400,11,0,0.043372504,4
400-12,400,12,0,0.051995315,4
401-0,401,0,0,0.014977538,2
401-1,401,1,0,0.019047393,2
401-2,401,2,0,0.026554938,2
401-3,401,3,0,0.024541305,2
401-4,401,4,0,0.00765663,2
401-5,401,5,0,0.0118750455,2
401-6,401,6,0,0.0042748684,2
401-7,401,7,0,0.008056952,2
401-8,401,8,0,0.03096081,2
401-9,401,9,0,0.024825163,2
401-10,401,10,0,0.003447378,2
401-11,401,11,0,0.002548652,2
401-12,401,12,0,0.008841453,2
402-0,402,0,1,0.47199163,4
402-1,402,1,1,0.51012427,4
402-2,402,2,1,0.75036484,4
402-3,402,3,0,0.03449811,4
402-4,402,4,0,0.00763858,4
402-5,402,5,0,0.010498673,4
402-6,402,6,0,0.016678078,4
402-7,402,7,1,0.5089287,4
402-8,402,8,0,0.030547377,4
402-9,402,9,0,0.043390118,4
402-10,402,10,0,0.0077631213,4
402-11,402,11,0,0.016527332,4
402-12,402,12,0,0.019490857,4
403-0,403,0,0,0.08465466,4
403-1,403,1,0,0.12790553,4
403-2,403,2,0,0.2757895,4
403-3,403,3,1,0.11268645,4
403-4,403,4,0,0.06441561,4
403-5,403,5,1,0.03865664,4
403-6,403,6,0,0.11740345,4
403-7,403,7,0,0.13325724,4
403-8,403,8,0,0.1811342,4
403-9,403,9,1,0.16103058,4
403-10,403,10,0,0.043133307,4
403-11,403,11,0,0.09744254,4
403-12,403,12,0,0.1378895,4
404-0,404,0,0,0.07215903,3
404-1,404,1,0,0.052633967,3
404-2,404,2,1,0.025337605,3
404-3,404,3,0,0.15192036,3
404-4,404,4,1,0.025736876,3
404-5,404,5,0,0.07844925,3
404-6,404,6,1,0.02223667,3
404-7,404,7,0,0.045150567,3
404-8,404,8,1,0.04496176,3
404-9,404,9,0,0.07564455,3
404-10,404,10,0,0.017945912,3
404-11,404,11,0,0.030570151,3
404-12,404,12,0,0.045116875,3
405-0,405,0,1,0.057951946,3
405-1,405,1,0,0.05283991,3
405-2,405,2,1,0.0121928295,3
405-3,405,3,1,0.15763253,3
405-4,405,4,1,0.014107756,3
405-5,405,5,1,0.07477374,3
405-6,405,6,0,0.03753824,3
405-7,405,7,0,0.11905628,3
405-8,405,8,0,0.045587573,3
405-9,405,9,0,0.1333292,3
405-10,405,10,0,0.030976798,3
405-11,405,11,0,0.055828873,3
405-12,405,12,0,0.080831446,3
406-0,406,0,0,0.37246686,4
406-1,406,1,1,0.019549418,4
406-2,406,2,1,0.054669466,4
406-3,406,3,1,0.028525878,4
406-4,406,4,0,0.25996852,4
406-5,406,5,1,0.011510325,4
406-6,406,6,0,0.43279108,4
406-7,406,7,0,0.45225424,4
406-8,406,8,0,0.47915584,4
406-9,406,9,1,0.043798033,4
406-10,406,10,1,0.007189069,4
406-11,406,11,1,0.016527332,4
406-12,406,12,0,0.41293332,4
407-0,407,0,1,0.16133273,3
407-1,407,1,0,0.046673514,3
407-2,407,2,0,0.016702088,3
407-3,407,3,1,0.30582047,3
407-4,407,4,0,0.021168329,3
407-5,407,5,0,0.07844925,3
407-6,407,6,0,0.014298041,3
407-7,407,7,1,0.1233065,3
407-8,407,8,0,0.022708945,3
407-9,407,9,0,0.07564455,3
407-10,407,10,0,0.017945912,3
407-11,407,11,1,0.03759092,3
407-12,407,12,0,0.045116875,3
408-0,408,0,1,0.22261725,4
408-1,408,1,1,0.32508832,4
408-2,408,2,1,0.50824416,4
408-3,408,3,1,0.37426975,4
408-4,408,4,0,0.009716686,4
408-5,408,5,0,0.011510325,4
408-6,408,6,0,0.016871618,4
408-7,408,7,1,0.34072098,4
408-8,408,8,1,0.43037033,4
408-9,408,9,1,0.49276033,4
408-10,408,10,0,0.008484746,4
408-11,408,11,1,0.3453783,4
408-12,408,12,1,0.30121526,4
409-0,409,0,0,0.078765035,2
409-1,409,1,0,0.08867293,2
409-2,409,2,0,0.12449062,2
409-3,409,3,1,0.42634624,2
409-4,409,4,0,0.03409412,2
409-5,409,5,0,0.079289496,2
409-6,409,6,0,0.026440881,2
409-7,409,7,0,0.061720558,2
409-8,409,8,0,0.17917006,2
409-9,409,9,0,0.15687643,2
409-10,409,10,0,0.024285723,2
409-11,409,11,0,0.01593979,2
409-12,409,12,0,0.0627539,2
410-0,410,0,1,0.00971092,5
410-1,410,1,1,0.021555116,5
410-2,410,2,1,0.007925728,5
410-3,410,3,1,0.045910615,5
410-4,410,4,1,0.011439706,5
410-5,410,5,1,0.0042379415,5
410-6,410,6,1,0.03432417,5
410-7,410,7,1,0.02517148,5
410-8,410,8,1,0.010370648,5
410-9,410,9,1,0.022909764,5
410-10,410,10,1,0.0057507427,5
410-11,410,11,1,0.0061453017,5
410-12,410,12,0,0.07108665,5
411-0,411,0,0,0.12556218,1
411-1,411,1,0,0.11574249,1
411-2,411,2,0,0.08403201,1
411-3,411,3,1,0.19477569,1
411-4,411,4,0,0.032856263,1
411-5,411,5,0,0.0509474,1
411-6,411,6,0,0.035781477,1
411-7,411,7,0,0.08348728,1
411-8,411,8,0,0.034429945,1
411-9,411,9,0,0.094011255,1
411-10,411,10,0,0.023143286,1
411-11,411,11,0,0.06007646,1
411-12,411,12,0,0.053768266,1
412-0,412,0,0,0.04345441,4
412-1,412,1,0,0.04893656,4
412-2,412,2,0,0.1729529,4
412-3,412,3,0,0.09934772,4
412-4,412,4,0,0.022980742,4
412-5,412,5,0,0.039953597,4
412-6,412,6,0,0.060853377,4
412-7,412,7,0,0.07456683,4
412-8,412,8,0,0.10388474,4
412-9,412,9,0,0.09296424,4
412-10,412,10,0,0.020287817,4
412-11,412,11,0,0.0567663,4
412-12,412,12,0,0.06473784,4
413-0,413,0,0,0.11023058,1
413-1,413,1,0,0.07192451,1
413-2,413,2,1,0.11497241,1
413-3,413,3,0,0.061275046,1
413-4,413,4,0,0.027298676,1
413-5,413,5,0,0.033666078,1
413-6,413,6,0,0.030128274,1
413-7,413,7,0,0.05493993,1
413-8,413,8,0,0.028073702,1
413-9,413,9,0,0.09628271,1
413-10,413,10,0,0.020630557,1
413-11,413,11,0,0.04411245,1
413-12,413,12,0,0.041694455,1
414-0,414,0,0,0.054221723,5
414-1,414,1,0,0.07896739,5
414-2,414,2,0,0.031724893,5
414-3,414,3,0,0.14732482,5
414-4,414,4,0,0.042722,5
414-5,414,5,0,0.0067772227,5
414-6,414,6,0,0.13643157,5
414-7,414,7,0,0.08214646,5
414-8,414,8,0,0.032445587,5
414-9,414,9,0,0.1184435,5
414-10,414,10,0,0.0077812797,5
414-11,414,11,0,0.02069297,5
414-12,414,12,0,0.06764086,5
415-0,415,0,0,0.009960494,2
415-1,415,1,0,0.01938854,2
415-2,415,2,0,0.027026843,2
415-3,415,3,0,0.024541305,2
415-4,415,4,0,0.005442787,2
415-5,415,5,0,0.010311107,2
415-6,415,6,0,0.0043526073,2
415-7,415,7,0,0.008056952,2
415-8,415,8,0,0.026538389,2
415-9,415,9,0,0.024965864,2
415-10,415,10,1,0.042322747,2
415-11,415,11,0,0.002548652,2
415-12,415,12,0,0.008741727,2
416-0,416,0,0,0.12523668,2
416-1,416,1,1,0.13517039,2
416-2,416,2,0,0.23891366,2
416-3,416,3,0,0.22668508,2
416-4,416,4,1,0.05036172,2
416-5,416,5,1,0.07661917,2
416-6,416,6,1,0.03161893,2
416-7,416,7,1,0.07719834,2
416-8,416,8,1,0.17810898,2
416-9,416,9,0,0.15923597,2
416-10,416,10,1,0.019686101,2
416-11,416,11,1,0.01932008,2
416-12,416,12,0,0.070968404,2
417-0,417,0,0,0.043862123,3
417-1,417,1,0,0.031897347,3
417-2,417,2,1,0.03337047,3
417-3,417,3,0,0.14333364,3
417-4,417,4,0,0.014107756,3
417-5,417,5,0,0.074355334,3
417-6,417,6,0,0.013363797,3
417-7,417,7,0,0.04111474,3
417-8,417,8,0,0.021236952,3
417-9,417,9,0,0.07100804,3
417-10,417,10,0,0.018996106,3
417-11,417,11,0,0.023122484,3
417-12,417,12,0,0.04305121,3
418-0,418,0,0,0.010525201,2
418-1,418,1,0,0.015715867,2
418-2,418,2,0,0.027250925,2
418-3,418,3,0,0.032914154,2
418-4,418,4,0,0.00695501,2
418-5,418,5,0,0.013226903,2
418-6,418,6,0,0.0057552317,2
418-7,418,7,0,0.010612803,2
418-8,418,8,0,0.03538839,2
418-9,418,9,0,0.027215416,2
418-10,418,10,0,0.003989992,2
418-11,418,11,0,0.0032742897,2
418-12,418,12,0,0.011290304,2
419-0,419,0,0,0.049865507,3
419-1,419,1,0,0.033251062,3
419-2,419,2,0,0.0126120215,3
419-3,419,3,0,0.14945945,3
419-4,419,4,0,0.0137143135,3
419-5,419,5,0,0.07844925,3
419-6,419,6,0,0.014681262,3
419-7,419,7,0,0.04346438,3
419-8,419,8,0,0.022708945,3
419-9,419,9,0,0.05648222,3
419-10,419,10,0,0.01784827,3
419-11,419,11,0,0.025948629,3
419-12,419,12,0,0.044878174,3
420-0,420,0,0,0.021323444,4
420-1,420,1,1,0.15642095,4
420-2,420,2,0,0.07696988,4
420-3,420,3,0,0.04275477,4
420-4,420,4,0,0.0132992305,4
420-5,420,5,0,0.015882494,4
420-6,420,6,0,0.022857266,4
420-7,420,7,1,0.14961457,4
420-8,420,8,0,0.03727272,4
420-9,420,9,0,0.059195254,4
420-10,420,10,0,0.011014132,4
420-11,420,11,0,0.022981962,4
420-12,420,12,0,0.02751697,4
421-0,421,0,0,0.10682244,1
421-1,421,1,0,0.09222107,1
421-2,421,2,0,0.06286193,1
421-3,421,3,0,0.09937662,1
421-4,421,4,0,0.027305128,1
421-5,421,5,0,0.04656738,1
421-6,421,6,1,0.06456065,1
421-7,421,7,0,0.07445429,1
421-8,421,8,0,0.050538167,1
421-9,421,9,0,0.09128382,1
421-10,421,10,0,0.022610378,1
421-11,421,11,0,0.06043847,1
421-12,421,12,0,0.05444809,1
422-0,422,0,0,0.12895423,1
422-1,422,1,0,0.09222107,1
422-2,422,2,0,0.08761305,1
422-3,422,3,0,0.09937662,1
422-4,422,4,0,0.027305128,1
422-5,422,5,0,0.038846422,1
422-6,422,6,0,0.040305912,1
422-7,422,7,0,0.07358418,1
422-8,422,8,0,0.03803442,1
422-9,422,9,0,0.10697708,1
422-10,422,10,0,0.023011131,1
422-11,422,11,0,0.06043847,1
422-12,422,12,0,0.05444809,1
423-0,423,0,1,0.16453509,3
423-1,423,1,1,0.0838366,3
423-2,423,2,0,0.016463157,3
423-3,423,3,0,0.16285376,3
423-4,423,4,1,0.0435471,3
423-5,423,5,0,0.058730986,3
423-6,423,6,0,0.014342975,3
423-7,423,7,1,0.09589076,3
423-8,423,8,0,0.022189856,3
423-9,423,9,0,0.0753542,3
423-10,423,10,0,0.01768949,3
423-11,423,11,0,0.024015384,3
423-12,423,12,0,0.048806164,3
424-0,424,0,0,0.052684527,4
424-1,424,1,0,0.06285036,4
424-2,424,2,0,0.15004753,4
424-3,424,3,0,0.094047695,4
424-4,424,4,0,0.030499792,4
424-5,424,5,0,0.022902552,4
424-6,424,6,1,0.08121443,4
424-7,424,7,0,0.060550407,4
424-8,424,8,0,0.08486271,4
424-9,424,9,0,0.10661384,4
424-10,424,10,0,0.015995909,4
424-11,424,11,0,0.043372504,4
424-12,424,12,0,0.051995315,4
425-0,425,0,0,0.07188104,3
425-1,425,1,0,0.046488795,3
425-2,425,2,0,0.018477168,3
425-3,425,3,0,0.16285376,3
425-4,425,4,0,0.014657757,3
425-5,425,5,0,0.058730986,3
425-6,425,6,0,0.014342975,3
425-7,425,7,0,0.04368367,3
425-8,425,8,0,0.022189856,3
425-9,425,9,0,0.07402532,3
425-10,425,10,0,0.017593235,3
425-11,425,11,0,0.024015384,3
425-12,425,12,0,0.04470022,3
426-0,426,0,0,0.026729036,2
426-1,426,1,0,0.029270608,2
426-2,426,2,0,0.057938453,2
426-3,426,3,0,0.05436336,2
426-4,426,4,0,0.011272885,2
426-5,426,5,1,0.13035709,2
426-6,426,6,0,0.00980376,2
426-7,426,7,0,0.01784293,2
426-8,426,8,0,0.058240127,2
426-9,426,9,1,0.24798954,2
426-10,426,10,0,0.0070646442,2
426-11,426,11,0,0.00521793,2
426-12,426,12,0,0.01916969,2
427-0,427,0,0,0.24574608,1
427-1,427,1,0,0.22096865,1
427-2,427,2,0,0.14754137,1
427-3,427,3,1,0.086666524,1
427-4,427,4,0,0.06134118,1
427-5,427,5,0,0.10993828,1
427-6,427,6,0,0.08370968,1
427-7,427,7,0,0.1349044,1
427-8,427,8,0,0.07203334,1
427-9,427,9,0,0.18532604,1
427-10,427,10,0,0.037013188,1
427-11,427,11,0,0.11799311,1
427-12,427,12,0,0.11038867,1
