id,case_id,rater_id,fold,error-rating,d_probability,probability_source_ai,run,threshold_youden
1-0,1,0,3,0,0.05382829,nested_test,unweighted,0.1947115957736969
1-1,1,1,3,0,0.033251062,nested_test,unweighted,0.1947115957736969
1-2,1,2,3,0,0.016389221,nested_test,unweighted,0.1947115957736969
1-3,1,3,3,0,0.10710165,nested_test,unweighted,0.1947115957736969
1-4,1,4,3,0,0.021168329,nested_test,unweighted,0.1947115957736969
1-5,1,5,3,0,0.07844925,nested_test,unweighted,0.1947115957736969
1-6,1,6,3,0,0.014681262,nested_test,unweighted,0.1947115957736969
1-7,1,7,3,0,0.02787972,nested_test,unweighted,0.1947115957736969
1-8,1,8,3,0,0.022708945,nested_test,unweighted,0.1947115957736969
1-9,1,9,3,0,0.05751574,nested_test,unweighted,0.1947115957736969
1-10,1,10,3,0,0.020028297,nested_test,unweighted,0.1947115957736969
1-11,1,11,3,1,0.062150523,nested_test,unweighted,0.1947115957736969
1-12,1,12,3,0,0.044878174,nested_test,unweighted,0.1947115957736969
2-0,2,0,5,1,0.06290936,nested_test,unweighted,0.24960972368717194
2-1,2,1,5,1,0.18835747,nested_test,unweighted,0.24960972368717194
2-2,2,2,5,1,0.036945995,nested_test,unweighted,0.24960972368717194
2-3,2,3,5,0,0.040585037,nested_test,unweighted,0.24960972368717194
2-4,2,4,5,0,0.02231549,nested_test,unweighted,0.24960972368717194
2-5,2,5,5,1,0.013664712,nested_test,unweighted,0.24960972368717194
2-6,2,6,5,0,0.0432405,nested_test,unweighted,0.24960972368717194
2-7,2,7,5,1,0.1362909,nested_test,unweighted,0.24960972368717194
2-8,2,8,5,1,0.06254242,nested_test,unweighted,0.24960972368717194
2-9,2,9,5,0,0.022675084,nested_test,unweighted,0.24960972368717194
2-10,2,10,5,0,0.0059195734,nested_test,unweighted,0.24960972368717194
2-11,2,11,5,1,0.05566624,nested_test,unweighted,0.24960972368717194
2-12,2,12,5,1,0.08617708,nested_test,unweighted,0.24960972368717194
3-0,3,0,3,0,0.051681608,nested_test,unweighted,0.1947115957736969
3-1,3,1,3,0,0.04398302,nested_test,unweighted,0.1947115957736969
3-2,3,2,3,0,0.015549391,nested_test,unweighted,0.1947115957736969
3-3,3,3,3,0,0.14407979,nested_test,unweighted,0.1947115957736969
3-4,3,4,3,0,0.020484384,nested_test,unweighted,0.1947115957736969
3-5,3,5,3,0,0.07477374,nested_test,unweighted,0.1947115957736969
3-6,3,6,3,1,0.02315292,nested_test,unweighted,0.1947115957736969
3-7,3,7,3,0,0.022755858,nested_test,unweighted,0.1947115957736969
3-8,3,8,3,0,0.021363355,nested_test,unweighted,0.1947115957736969
3-9,3,9,3,0,0.072694674,nested_test,unweighted,0.1947115957736969
3-10,3,10,3,0,0.01693497,nested_test,unweighted,0.1947115957736969
3-11,3,11,3,0,0.029486837,nested_test,unweighted,0.1947115957736969
3-12,3,12,3,0,0.04307217,nested_test,unweighted,0.1947115957736969
4-0,4,0,4,0,0.010178877,nested_test,unweighted,0.2913484275341034
4-1,4,1,4,0,0.022224635,nested_test,unweighted,0.2913484275341034
4-2,4,2,4,0,0.0381407,nested_test,unweighted,0.2913484275341034
4-3,4,3,4,1,0.32537556,nested_test,unweighted,0.2913484275341034
4-4,4,4,4,0,0.009716686,nested_test,unweighted,0.2913484275341034
4-5,4,5,4,1,0.16572022,nested_test,unweighted,0.2913484275341034
4-6,4,6,4,1,0.20740788,nested_test,unweighted,0.2913484275341034
4-7,4,7,4,0,0.019169744,nested_test,unweighted,0.2913484275341034
4-8,4,8,4,1,0.3214212,nested_test,unweighted,0.2913484275341034
4-9,4,9,4,0,0.043390118,nested_test,unweighted,0.2913484275341034
4-10,4,10,4,0,0.008484746,nested_test,unweighted,0.2913484275341034
4-11,4,11,4,1,0.31576192,nested_test,unweighted,0.2913484275341034
4-12,4,12,4,1,0.23964989,nested_test,unweighted,0.2913484275341034
5-0,5,0,4,0,0.0362444,nested_test,unweighted,0.2913484275341034
5-1,5,1,4,0,0.07116893,nested_test,unweighted,0.2913484275341034
5-2,5,2,4,0,0.16593538,nested_test,unweighted,0.2913484275341034
5-3,5,3,4,0,0.113914736,nested_test,unweighted,0.2913484275341034
5-4,5,4,4,0,0.037111294,nested_test,unweighted,0.2913484275341034
5-5,5,5,4,0,0.046259157,nested_test,unweighted,0.2913484275341034
5-6,5,6,4,1,0.052197207,nested_test,unweighted,0.2913484275341034
5-7,5,7,4,0,0.06023884,nested_test,unweighted,0.2913484275341034
5-8,5,8,4,0,0.123407006,nested_test,unweighted,0.2913484275341034
5-9,5,9,4,0,0.148454,nested_test,unweighted,0.2913484275341034
5-10,5,10,4,0,0.025945436,nested_test,unweighted,0.2913484275341034
5-11,5,11,4,0,0.09156035,nested_test,unweighted,0.2913484275341034
5-12,5,12,4,0,0.0734072,nested_test,unweighted,0.2913484275341034
6-0,6,0,1,0,0.2671388,nested_test,unweighted,0.2802690267562866
6-1,6,1,1,0,0.28558937,nested_test,unweighted,0.2802690267562866
6-2,6,2,1,0,0.18320559,nested_test,unweighted,0.2802690267562866
6-3,6,3,1,0,0.16254582,nested_test,unweighted,0.2802690267562866
6-4,6,4,1,0,0.10881104,nested_test,unweighted,0.2802690267562866
6-5,6,5,1,0,0.12745713,nested_test,unweighted,0.2802690267562866
6-6,6,6,1,1,0.01486661,nested_test,unweighted,0.2802690267562866
6-7,6,7,1,0,0.17324099,nested_test,unweighted,0.2802690267562866
6-8,6,8,1,0,0.09527633,nested_test,unweighted,0.2802690267562866
6-9,6,9,1,0,0.30245537,nested_test,unweighted,0.2802690267562866
6-10,6,10,1,1,0.011320754,nested_test,unweighted,0.2802690267562866
6-11,6,11,1,1,0.032620773,nested_test,unweighted,0.2802690267562866
6-12,6,12,1,0,0.106709726,nested_test,unweighted,0.2802690267562866
7-0,7,0,4,0,0.013222996,nested_test,unweighted,0.2913484275341034
7-1,7,1,4,0,0.02457392,nested_test,unweighted,0.2913484275341034
7-2,7,2,4,0,0.06182707,nested_test,unweighted,0.2913484275341034
7-3,7,3,4,0,0.04440409,nested_test,unweighted,0.2913484275341034
7-4,7,4,4,0,0.0132992305,nested_test,unweighted,0.2913484275341034
7-5,7,5,4,0,0.016513053,nested_test,unweighted,0.2913484275341034
7-6,7,6,4,1,0.13798809,nested_test,unweighted,0.2913484275341034
7-7,7,7,4,0,0.01862544,nested_test,unweighted,0.2913484275341034
7-8,7,8,4,0,0.03860702,nested_test,unweighted,0.2913484275341034
7-9,7,9,4,0,0.058652736,nested_test,unweighted,0.2913484275341034
7-10,7,10,4,1,0.07812474,nested_test,unweighted,0.2913484275341034
7-11,7,11,4,0,0.028594023,nested_test,unweighted,0.2913484275341034
7-12,7,12,4,0,0.024570333,nested_test,unweighted,0.2913484275341034
8-0,8,0,3,0,0.043414883,nested_test,unweighted,0.1947115957736969
8-1,8,1,3,0,0.030106865,nested_test,unweighted,0.1947115957736969
8-2,8,2,3,0,0.008242332,nested_test,unweighted,0.1947115957736969
8-3,8,3,3,0,0.0662921,nested_test,unweighted,0.1947115957736969
8-4,8,4,3,0,0.013195648,nested_test,unweighted,0.1947115957736969
8-5,8,5,3,0,0.048750505,nested_test,unweighted,0.1947115957736969
8-6,8,6,3,0,0.009114757,nested_test,unweighted,0.1947115957736969
8-7,8,7,3,0,0.019667063,nested_test,unweighted,0.1947115957736969
8-8,8,8,3,0,0.014191632,nested_test,unweighted,0.1947115957736969
8-9,8,9,3,0,0.04596939,nested_test,unweighted,0.1947115957736969
8-10,8,10,3,0,0.012039291,nested_test,unweighted,0.1947115957736969
8-11,8,11,3,0,0.018497977,nested_test,unweighted,0.1947115957736969
8-12,8,12,3,0,0.02706696,nested_test,unweighted,0.1947115957736969
9-0,9,0,3,0,0.06183992,nested_test,unweighted,0.1947115957736969
9-1,9,1,3,0,0.06155921,nested_test,unweighted,0.1947115957736969
9-2,9,2,3,0,0.018300314,nested_test,unweighted,0.1947115957736969
9-3,9,3,3,0,0.10973197,nested_test,unweighted,0.1947115957736969
9-4,9,4,3,1,0.043997757,nested_test,unweighted,0.1947115957736969
9-5,9,5,3,1,0.11249044,nested_test,unweighted,0.1947115957736969
9-6,9,6,3,0,0.020750796,nested_test,unweighted,0.1947115957736969
9-7,9,7,3,0,0.028534528,nested_test,unweighted,0.1947115957736969
9-8,9,8,3,1,0.036274944,nested_test,unweighted,0.1947115957736969
9-9,9,9,3,1,0.10886885,nested_test,unweighted,0.1947115957736969
9-10,9,10,3,1,0.02202213,nested_test,unweighted,0.1947115957736969
9-11,9,11,3,0,0.04415874,nested_test,unweighted,0.1947115957736969
9-12,9,12,3,0,0.059333593,nested_test,unweighted,0.1947115957736969
10-0,10,0,3,0,0.08257206,nested_test,unweighted,0.1947115957736969
10-1,10,1,3,1,0.12912753,nested_test,unweighted,0.1947115957736969
10-2,10,2,3,0,0.019278575,nested_test,unweighted,0.1947115957736969
10-3,10,3,3,0,0.1744654,nested_test,unweighted,0.1947115957736969
10-4,10,4,3,0,0.024878934,nested_test,unweighted,0.1947115957736969
10-5,10,5,3,1,0.19502924,nested_test,unweighted,0.1947115957736969
10-6,10,6,3,0,0.019386157,nested_test,unweighted,0.1947115957736969
10-7,10,7,3,0,0.04768537,nested_test,unweighted,0.1947115957736969
10-8,10,8,3,1,0.061567873,nested_test,unweighted,0.1947115957736969
10-9,10,9,3,0,0.08804535,nested_test,unweighted,0.1947115957736969
10-10,10,10,3,1,0.038122352,nested_test,unweighted,0.1947115957736969
10-11,10,11,3,0,0.042546935,nested_test,unweighted,0.1947115957736969
10-12,10,12,3,1,0.10506254,nested_test,unweighted,0.1947115957736969
11-0,11,0,5,0,0.009802885,nested_test,unweighted,0.24960972368717194
11-1,11,1,5,0,0.021485643,nested_test,unweighted,0.24960972368717194
11-2,11,2,5,0,0.0063256454,nested_test,unweighted,0.24960972368717194
11-3,11,3,5,0,0.03094541,nested_test,unweighted,0.24960972368717194
11-4,11,4,5,0,0.015684593,nested_test,unweighted,0.24960972368717194
11-5,11,5,5,0,0.005149786,nested_test,unweighted,0.24960972368717194
11-6,11,6,5,0,0.0432405,nested_test,unweighted,0.24960972368717194
11-7,11,7,5,0,0.02266704,nested_test,unweighted,0.24960972368717194
11-8,11,8,5,0,0.010673664,nested_test,unweighted,0.24960972368717194
11-9,11,9,5,1,0.19930036,nested_test,unweighted,0.24960972368717194
11-10,11,10,5,0,0.0044807508,nested_test,unweighted,0.24960972368717194
11-11,11,11,5,0,0.007881541,nested_test,unweighted,0.24960972368717194
11-12,11,12,5,0,0.024996277,nested_test,unweighted,0.24960972368717194
12-0,12,0,3,0,0.05186093,nested_test,unweighted,0.1947115957736969
12-1,12,1,3,0,0.058844183,nested_test,unweighted,0.1947115957736969
12-2,12,2,3,0,0.015712423,nested_test,unweighted,0.1947115957736969
12-3,12,3,3,0,0.09482066,nested_test,unweighted,0.1947115957736969
12-4,12,4,3,0,0.026030432,nested_test,unweighted,0.1947115957736969
12-5,12,5,3,0,0.08989553,nested_test,unweighted,0.1947115957736969
12-6,12,6,3,0,0.014820115,nested_test,unweighted,0.1947115957736969
12-7,12,7,3,0,0.05740905,nested_test,unweighted,0.1947115957736969
12-8,12,8,3,0,0.04081676,nested_test,unweighted,0.1947115957736969
12-9,12,9,3,0,0.09779598,nested_test,unweighted,0.1947115957736969
12-10,12,10,3,0,0.017167993,nested_test,unweighted,0.1947115957736969
12-11,12,11,3,0,0.03562156,nested_test,unweighted,0.1947115957736969
12-12,12,12,3,0,0.061191168,nested_test,unweighted,0.1947115957736969
13-0,13,0,2,0,0.14704342,nested_test,unweighted,0.2061617523431778
13-1,13,1,2,0,0.39552832,nested_test,unweighted,0.2061617523431778
13-2,13,2,2,0,0.29756364,nested_test,unweighted,0.2061617523431778
13-3,13,3,2,0,0.4583542,nested_test,unweighted,0.2061617523431778
13-4,13,4,2,0,0.16766466,nested_test,unweighted,0.2061617523431778
13-5,13,5,2,0,0.318833,nested_test,unweighted,0.2061617523431778
13-6,13,6,2,0,0.083083175,nested_test,unweighted,0.2061617523431778
13-7,13,7,2,0,0.2059957,nested_test,unweighted,0.2061617523431778
13-8,13,8,2,0,0.5065527,nested_test,unweighted,0.2061617523431778
13-9,13,9,2,0,0.4656079,nested_test,unweighted,0.2061617523431778
13-10,13,10,2,0,0.07496142,nested_test,unweighted,0.2061617523431778
13-11,13,11,2,0,0.09416954,nested_test,unweighted,0.2061617523431778
13-12,13,12,2,0,0.26190805,nested_test,unweighted,0.2061617523431778
14-0,14,0,4,0,0.02044595,nested_test,unweighted,0.2913484275341034
14-1,14,1,4,0,0.03613071,nested_test,unweighted,0.2913484275341034
14-2,14,2,4,0,0.07645786,nested_test,unweighted,0.2913484275341034
14-3,14,3,4,0,0.040248964,nested_test,unweighted,0.2913484275341034
14-4,14,4,4,0,0.0178068,nested_test,unweighted,0.2913484275341034
14-5,14,5,4,0,0.018146925,nested_test,unweighted,0.2913484275341034
14-6,14,6,4,0,0.031196618,nested_test,unweighted,0.2913484275341034
14-7,14,7,4,0,0.039136127,nested_test,unweighted,0.2913484275341034
14-8,14,8,4,0,0.050066862,nested_test,unweighted,0.2913484275341034
14-9,14,9,4,0,0.08026991,nested_test,unweighted,0.2913484275341034
14-10,14,10,4,0,0.01387204,nested_test,unweighted,0.2913484275341034
14-11,14,11,4,0,0.044767044,nested_test,unweighted,0.2913484275341034
14-12,14,12,4,0,0.039087925,nested_test,unweighted,0.2913484275341034
15-0,15,0,3,1,0.051681608,nested_test,unweighted,0.1947115957736969
15-1,15,1,3,1,0.044798683,nested_test,unweighted,0.1947115957736969
15-2,15,2,3,1,0.015846498,nested_test,unweighted,0.1947115957736969
15-3,15,3,3,1,0.15763253,nested_test,unweighted,0.1947115957736969
15-4,15,4,3,1,0.021898653,nested_test,unweighted,0.1947115957736969
15-5,15,5,3,1,0.07477374,nested_test,unweighted,0.1947115957736969
15-6,15,6,3,1,0.013443974,nested_test,unweighted,0.1947115957736969
15-7,15,7,3,1,0.03873342,nested_test,unweighted,0.1947115957736969
15-8,15,8,3,1,0.021363355,nested_test,unweighted,0.1947115957736969
15-9,15,9,3,0,0.17165698,nested_test,unweighted,0.1947115957736969
15-10,15,10,3,1,0.017027693,nested_test,unweighted,0.1947115957736969
15-11,15,11,3,1,0.029763758,nested_test,unweighted,0.1947115957736969
15-12,15,12,3,1,0.0433017,nested_test,unweighted,0.1947115957736969
16-0,16,0,5,0,0.06290936,nested_test,unweighted,0.24960972368717194
16-1,16,1,5,0,0.19438916,nested_test,unweighted,0.24960972368717194
16-2,16,2,5,0,0.05566624,nested_test,unweighted,0.24960972368717194
16-3,16,3,5,0,0.17306554,nested_test,unweighted,0.24960972368717194
16-4,16,4,5,0,0.11178539,nested_test,unweighted,0.24960972368717194
16-5,16,5,5,0,0.015040848,nested_test,unweighted,0.24960972368717194
16-6,16,6,5,0,0.2370373,nested_test,unweighted,0.24960972368717194
16-7,16,7,5,0,0.13454089,nested_test,unweighted,0.24960972368717194
16-8,16,8,5,0,0.06342459,nested_test,unweighted,0.24960972368717194
16-9,16,9,5,0,0.19930036,nested_test,unweighted,0.24960972368717194
16-10,16,10,5,0,0.011412549,nested_test,unweighted,0.24960972368717194
16-11,16,11,5,0,0.05566624,nested_test,unweighted,0.24960972368717194
16-12,16,12,5,0,0.11809496,nested_test,unweighted,0.24960972368717194
17-0,17,0,1,0,0.22844723,nested_test,unweighted,0.2802690267562866
17-1,17,1,1,0,0.25590014,nested_test,unweighted,0.2802690267562866
17-2,17,2,1,0,0.17772996,nested_test,unweighted,0.2802690267562866
17-3,17,3,1,1,0.03894837,nested_test,unweighted,0.2802690267562866
17-4,17,4,1,0,0.09022797,nested_test,unweighted,0.2802690267562866
17-5,17,5,1,1,0.022250501,nested_test,unweighted,0.2802690267562866
17-6,17,6,1,1,0.018272117,nested_test,unweighted,0.2802690267562866
17-7,17,7,1,0,0.13397287,nested_test,unweighted,0.2802690267562866
17-8,17,8,1,1,0.017479789,nested_test,unweighted,0.2802690267562866
17-9,17,9,1,0,0.29534477,nested_test,unweighted,0.2802690267562866
17-10,17,10,1,1,0.014224672,nested_test,unweighted,0.2802690267562866
17-11,17,11,1,1,0.03872562,nested_test,unweighted,0.2802690267562866
17-12,17,12,1,1,0.031092644,nested_test,unweighted,0.2802690267562866
18-0,18,0,5,0,0.19919568,nested_test,unweighted,0.24960972368717194
18-1,18,1,5,0,0.46166366,nested_test,unweighted,0.24960972368717194
18-2,18,2,5,0,0.18489262,nested_test,unweighted,0.24960972368717194
18-3,18,3,5,0,0.4460762,nested_test,unweighted,0.24960972368717194
18-4,18,4,5,0,0.36720762,nested_test,unweighted,0.24960972368717194
18-5,18,5,5,0,0.064113215,nested_test,unweighted,0.24960972368717194
18-6,18,6,5,0,0.6234889,nested_test,unweighted,0.24960972368717194
18-7,18,7,5,0,0.33776158,nested_test,unweighted,0.24960972368717194
18-8,18,8,5,0,0.23964915,nested_test,unweighted,0.24960972368717194
18-9,18,9,5,0,0.4681544,nested_test,unweighted,0.24960972368717194
18-10,18,10,5,0,0.04743811,nested_test,unweighted,0.24960972368717194
18-11,18,11,5,0,0.22570175,nested_test,unweighted,0.24960972368717194
18-12,18,12,5,0,0.4190381,nested_test,unweighted,0.24960972368717194
19-0,19,0,2,0,0.04452784,nested_test,unweighted,0.2061617523431778
19-1,19,1,2,0,0.10785572,nested_test,unweighted,0.2061617523431778
19-2,19,2,2,0,0.12857838,nested_test,unweighted,0.2061617523431778
19-3,19,3,2,0,0.12242953,nested_test,unweighted,0.2061617523431778
19-4,19,4,2,0,0.042890996,nested_test,unweighted,0.2061617523431778
19-5,19,5,2,0,0.062933005,nested_test,unweighted,0.2061617523431778
19-6,19,6,2,0,0.024863454,nested_test,unweighted,0.2061617523431778
19-7,19,7,2,0,0.030465664,nested_test,unweighted,0.2061617523431778
19-8,19,8,2,0,0.13790956,nested_test,unweighted,0.2061617523431778
19-9,19,9,2,0,0.14960343,nested_test,unweighted,0.2061617523431778
19-10,19,10,2,0,0.02002987,nested_test,unweighted,0.2061617523431778
19-11,19,11,2,0,0.019053422,nested_test,unweighted,0.2061617523431778
19-12,19,12,2,0,0.045608573,nested_test,unweighted,0.2061617523431778
20-0,20,0,5,0,0.018425304,nested_test,unweighted,0.24960972368717194
20-1,20,1,5,0,0.042833485,nested_test,unweighted,0.24960972368717194
20-2,20,2,5,0,0.012112647,nested_test,unweighted,0.24960972368717194
20-3,20,3,5,0,0.056552947,nested_test,unweighted,0.24960972368717194
20-4,20,4,5,0,0.023095142,nested_test,unweighted,0.24960972368717194
20-5,20,5,5,0,0.0071266936,nested_test,unweighted,0.24960972368717194
20-6,20,6,5,0,0.07853959,nested_test,unweighted,0.24960972368717194
20-7,20,7,5,0,0.037626974,nested_test,unweighted,0.24960972368717194
20-8,20,8,5,0,0.015940389,nested_test,unweighted,0.24960972368717194
20-9,20,9,5,0,0.045463253,nested_test,unweighted,0.24960972368717194
20-10,20,10,5,0,0.007506427,nested_test,unweighted,0.24960972368717194
20-11,20,11,5,0,0.015518735,nested_test,unweighted,0.24960972368717194
20-12,20,12,5,0,0.03903839,nested_test,unweighted,0.24960972368717194
21-0,21,0,5,0,0.0139977345,nested_test,unweighted,0.24960972368717194
21-1,21,1,5,0,0.035448723,nested_test,unweighted,0.24960972368717194
21-2,21,2,5,0,0.010970618,nested_test,unweighted,0.24960972368717194
21-3,21,3,5,0,0.04580317,nested_test,unweighted,0.24960972368717194
21-4,21,4,5,0,0.018907083,nested_test,unweighted,0.24960972368717194
21-5,21,5,5,0,0.005396599,nested_test,unweighted,0.24960972368717194
21-6,21,6,5,0,0.047484007,nested_test,unweighted,0.24960972368717194
21-7,21,7,5,0,0.024793893,nested_test,unweighted,0.24960972368717194
21-8,21,8,5,0,0.012668337,nested_test,unweighted,0.24960972368717194
21-9,21,9,5,0,0.036526393,nested_test,unweighted,0.24960972368717194
21-10,21,10,5,0,0.0060961605,nested_test,unweighted,0.24960972368717194
21-11,21,11,5,0,0.012668539,nested_test,unweighted,0.24960972368717194
21-12,21,12,5,0,0.024979431,nested_test,unweighted,0.24960972368717194
22-0,22,0,1,0,0.15223925,nested_test,unweighted,0.2802690267562866
22-1,22,1,1,0,0.16887003,nested_test,unweighted,0.2802690267562866
22-2,22,2,1,1,0.06458993,nested_test,unweighted,0.2802690267562866
22-3,22,3,1,0,0.0899399,nested_test,unweighted,0.2802690267562866
22-4,22,4,1,0,0.05096481,nested_test,unweighted,0.2802690267562866
22-5,22,5,1,0,0.056323316,nested_test,unweighted,0.2802690267562866
22-6,22,6,1,0,0.052717153,nested_test,unweighted,0.2802690267562866
22-7,22,7,1,0,0.075063616,nested_test,unweighted,0.2802690267562866
22-8,22,8,1,0,0.051758222,nested_test,unweighted,0.2802690267562866
22-9,22,9,1,0,0.14498843,nested_test,unweighted,0.2802690267562866
22-10,22,10,1,0,0.02498876,nested_test,unweighted,0.2802690267562866
22-11,22,11,1,0,0.11594085,nested_test,unweighted,0.2802690267562866
22-12,22,12,1,0,0.07526352,nested_test,unweighted,0.2802690267562866
23-0,23,0,1,0,0.2671388,nested_test,unweighted,0.2802690267562866
23-1,23,1,1,0,0.30727285,nested_test,unweighted,0.2802690267562866
23-2,23,2,1,0,0.1969979,nested_test,unweighted,0.2802690267562866
23-3,23,3,1,1,0.034798793,nested_test,unweighted,0.2802690267562866
23-4,23,4,1,0,0.13675414,nested_test,unweighted,0.2802690267562866
23-5,23,5,1,0,0.12745713,nested_test,unweighted,0.2802690267562866
23-6,23,6,1,0,0.10294041,nested_test,unweighted,0.2802690267562866
23-7,23,7,1,0,0.16392122,nested_test,unweighted,0.2802690267562866
23-8,23,8,1,0,0.101165496,nested_test,unweighted,0.2802690267562866
23-9,23,9,1,0,0.3047454,nested_test,unweighted,0.2802690267562866
23-10,23,10,1,0,0.043695144,nested_test,unweighted,0.2802690267562866
23-11,23,11,1,0,0.21286203,nested_test,unweighted,0.2802690267562866
23-12,23,12,1,0,0.13101415,nested_test,unweighted,0.2802690267562866
24-0,24,0,1,0,0.21144426,nested_test,unweighted,0.2802690267562866
24-1,24,1,1,0,0.21488234,nested_test,unweighted,0.2802690267562866
24-2,24,2,1,0,0.12895502,nested_test,unweighted,0.2802690267562866
24-3,24,3,1,0,0.12069201,nested_test,unweighted,0.2802690267562866
24-4,24,4,1,0,0.07262448,nested_test,unweighted,0.2802690267562866
24-5,24,5,1,0,0.08809489,nested_test,unweighted,0.2802690267562866
24-6,24,6,1,1,0.03533013,nested_test,unweighted,0.2802690267562866
24-7,24,7,1,0,0.10808183,nested_test,unweighted,0.2802690267562866
24-8,24,8,1,0,0.067893915,nested_test,unweighted,0.2802690267562866
24-9,24,9,1,0,0.21107192,nested_test,unweighted,0.2802690267562866
24-10,24,10,1,0,0.031232113,nested_test,unweighted,0.2802690267562866
24-11,24,11,1,0,0.1524715,nested_test,unweighted,0.2802690267562866
24-12,24,12,1,0,0.09977492,nested_test,unweighted,0.2802690267562866
25-0,25,0,2,0,0.04371373,nested_test,unweighted,0.2061617523431778
25-1,25,1,2,0,0.104683354,nested_test,unweighted,0.2061617523431778
25-2,25,2,2,0,0.097184025,nested_test,unweighted,0.2061617523431778
25-3,25,3,2,0,0.1355305,nested_test,unweighted,0.2061617523431778
25-4,25,4,2,0,0.02587375,nested_test,unweighted,0.2061617523431778
25-5,25,5,2,0,0.06055794,nested_test,unweighted,0.2061617523431778
25-6,25,6,2,0,0.021482194,nested_test,unweighted,0.2061617523431778
25-7,25,7,2,0,0.029367996,nested_test,unweighted,0.2061617523431778
25-8,25,8,2,0,0.13227308,nested_test,unweighted,0.2061617523431778
25-9,25,9,2,0,0.12207279,nested_test,unweighted,0.2061617523431778
25-10,25,10,2,0,0.010410898,nested_test,unweighted,0.2061617523431778
25-11,25,11,2,0,0.01693005,nested_test,unweighted,0.2061617523431778
25-12,25,12,2,0,0.04342448,nested_test,unweighted,0.2061617523431778
26-0,26,0,1,0,0.10653808,nested_test,unweighted,0.2802690267562866
26-1,26,1,1,0,0.11330937,nested_test,unweighted,0.2802690267562866
26-2,26,2,1,0,0.08811067,nested_test,unweighted,0.2802690267562866
26-3,26,3,1,0,0.08235935,nested_test,unweighted,0.2802690267562866
26-4,26,4,1,0,0.032440577,nested_test,unweighted,0.2802690267562866
26-5,26,5,1,0,0.04494594,nested_test,unweighted,0.2802690267562866
26-6,26,6,1,0,0.038027547,nested_test,unweighted,0.2802690267562866
26-7,26,7,1,0,0.063502945,nested_test,unweighted,0.2802690267562866
26-8,26,8,1,0,0.033995047,nested_test,unweighted,0.2802690267562866
26-9,26,9,1,0,0.100409426,nested_test,unweighted,0.2802690267562866
26-10,26,10,1,0,0.02284758,nested_test,unweighted,0.2802690267562866
26-11,26,11,1,0,0.07692412,nested_test,unweighted,0.2802690267562866
26-12,26,12,1,0,0.05620597,nested_test,unweighted,0.2802690267562866
27-0,27,0,1,0,0.040356833,nested_test,unweighted,0.2802690267562866
27-1,27,1,1,0,0.044068057,nested_test,unweighted,0.2802690267562866
27-2,27,2,1,0,0.026066266,nested_test,unweighted,0.2802690267562866
27-3,27,3,1,0,0.026946615,nested_test,unweighted,0.2802690267562866
27-4,27,4,1,0,0.011404901,nested_test,unweighted,0.2802690267562866
27-5,27,5,1,0,0.016149191,nested_test,unweighted,0.2802690267562866
27-6,27,6,1,0,0.01251548,nested_test,unweighted,0.2802690267562866
27-7,27,7,1,0,0.018911118,nested_test,unweighted,0.2802690267562866
27-8,27,8,1,0,0.011650436,nested_test,unweighted,0.2802690267562866
27-9,27,9,1,0,0.043120295,nested_test,unweighted,0.2802690267562866
27-10,27,10,1,1,0.049056213,nested_test,unweighted,0.2802690267562866
27-11,27,11,1,0,0.027700396,nested_test,unweighted,0.2802690267562866
27-12,27,12,1,0,0.018035803,nested_test,unweighted,0.2802690267562866
28-0,28,0,2,0,0.097300455,nested_test,unweighted,0.2061617523431778
28-1,28,1,2,0,0.23120384,nested_test,unweighted,0.2061617523431778
28-2,28,2,2,1,0.105645865,nested_test,unweighted,0.2061617523431778
28-3,28,3,2,0,0.29789278,nested_test,unweighted,0.2061617523431778
28-4,28,4,2,1,0.0297567,nested_test,unweighted,0.2061617523431778
28-5,28,5,2,1,0.055171292,nested_test,unweighted,0.2061617523431778
28-6,28,6,2,0,0.033911362,nested_test,unweighted,0.2061617523431778
28-7,28,7,2,0,0.10277148,nested_test,unweighted,0.2061617523431778
28-8,28,8,2,0,0.28389063,nested_test,unweighted,0.2061617523431778
28-9,28,9,2,0,0.31907457,nested_test,unweighted,0.2061617523431778
28-10,28,10,2,0,0.035009984,nested_test,unweighted,0.2061617523431778
28-11,28,11,2,0,0.035890914,nested_test,unweighted,0.2061617523431778
28-12,28,12,2,0,0.12252524,nested_test,unweighted,0.2061617523431778
29-0,29,0,3,1,0.06336635,nested_test,unweighted,0.1947115957736969
29-1,29,1,3,1,0.0649527,nested_test,unweighted,0.1947115957736969
29-2,29,2,3,0,0.024493396,nested_test,unweighted,0.1947115957736969
29-3,29,3,3,1,0.112299085,nested_test,unweighted,0.1947115957736969
29-4,29,4,3,0,0.031715665,nested_test,unweighted,0.1947115957736969
29-5,29,5,3,1,0.07246417,nested_test,unweighted,0.1947115957736969
29-6,29,6,3,1,0.018674897,nested_test,unweighted,0.1947115957736969
29-7,29,7,3,1,0.06007355,nested_test,unweighted,0.1947115957736969
29-8,29,8,3,1,0.033334967,nested_test,unweighted,0.1947115957736969
29-9,29,9,3,1,0.06877136,nested_test,unweighted,0.1947115957736969
29-10,29,10,3,0,0.021234544,nested_test,unweighted,0.1947115957736969
29-11,29,11,3,1,0.046922088,nested_test,unweighted,0.1947115957736969
29-12,29,12,3,1,0.06503534,nested_test,unweighted,0.1947115957736969
30-0,30,0,2,0,0.01219801,nested_test,unweighted,0.2061617523431778
30-1,30,1,2,0,0.024216104,nested_test,unweighted,0.2061617523431778
30-2,30,2,2,0,0.03450994,nested_test,unweighted,0.2061617523431778
30-3,30,3,2,0,0.02177119,nested_test,unweighted,0.2061617523431778
30-4,30,4,2,0,0.009904009,nested_test,unweighted,0.2061617523431778
30-5,30,5,2,0,0.013650177,nested_test,unweighted,0.2061617523431778
30-6,30,6,2,0,0.0063506793,nested_test,unweighted,0.2061617523431778
30-7,30,7,2,0,0.010022405,nested_test,unweighted,0.2061617523431778
30-8,30,8,2,0,0.03538839,nested_test,unweighted,0.2061617523431778
30-9,30,9,2,0,0.034613613,nested_test,unweighted,0.2061617523431778
30-10,30,10,2,0,0.0040799514,nested_test,unweighted,0.2061617523431778
30-11,30,11,2,0,0.004467778,nested_test,unweighted,0.2061617523431778
30-12,30,12,2,0,0.011290304,nested_test,unweighted,0.2061617523431778
31-0,31,0,4,0,0.015630282,nested_test,unweighted,0.2913484275341034
31-1,31,1,4,0,0.025138581,nested_test,unweighted,0.2913484275341034
31-2,31,2,4,0,0.06319226,nested_test,unweighted,0.2913484275341034
31-3,31,3,4,0,0.03386872,nested_test,unweighted,0.2913484275341034
31-4,31,4,4,0,0.010607072,nested_test,unweighted,0.2913484275341034
31-5,31,5,4,0,0.0148359,nested_test,unweighted,0.2913484275341034
31-6,31,6,4,0,0.022991259,nested_test,unweighted,0.2913484275341034
31-7,31,7,4,0,0.028497394,nested_test,unweighted,0.2913484275341034
31-8,31,8,4,0,0.039372306,nested_test,unweighted,0.2913484275341034
31-9,31,9,4,0,0.06082211,nested_test,unweighted,0.2913484275341034
31-10,31,10,4,0,0.010397225,nested_test,unweighted,0.2913484275341034
31-11,31,11,4,0,0.030542362,nested_test,unweighted,0.2913484275341034
31-12,31,12,4,0,0.029842539,nested_test,unweighted,0.2913484275341034
32-0,32,0,2,1,0.06968711,nested_test,unweighted,0.2061617523431778
32-1,32,1,2,0,0.09692687,nested_test,unweighted,0.2061617523431778
32-2,32,2,2,0,0.15989698,nested_test,unweighted,0.2061617523431778
32-3,32,3,2,1,0.20514643,nested_test,unweighted,0.2061617523431778
32-4,32,4,2,1,0.06755801,nested_test,unweighted,0.2061617523431778
32-5,32,5,2,1,0.10535059,nested_test,unweighted,0.2061617523431778
32-6,32,6,2,0,0.022323132,nested_test,unweighted,0.2061617523431778
32-7,32,7,2,0,0.047504928,nested_test,unweighted,0.2061617523431778
32-8,32,8,2,1,0.2858766,nested_test,unweighted,0.2061617523431778
32-9,32,9,2,1,0.29210672,nested_test,unweighted,0.2061617523431778
32-10,32,10,2,1,0.022523697,nested_test,unweighted,0.2061617523431778
32-11,32,11,2,1,0.029090676,nested_test,unweighted,0.2061617523431778
32-12,32,12,2,1,0.10510815,nested_test,unweighted,0.2061617523431778
33-0,33,0,3,0,0.14178294,nested_test,unweighted,0.1947115957736969
33-1,33,1,3,0,0.11322363,nested_test,unweighted,0.1947115957736969
33-2,33,2,3,0,0.03560613,nested_test,unweighted,0.1947115957736969
33-3,33,3,3,0,0.31841537,nested_test,unweighted,0.1947115957736969
33-4,33,4,3,0,0.055497166,nested_test,unweighted,0.1947115957736969
33-5,33,5,3,0,0.26791623,nested_test,unweighted,0.1947115957736969
33-6,33,6,3,0,0.030116156,nested_test,unweighted,0.1947115957736969
33-7,33,7,3,0,0.09667454,nested_test,unweighted,0.1947115957736969
33-8,33,8,3,0,0.0768028,nested_test,unweighted,0.1947115957736969
33-9,33,9,3,0,0.1982322,nested_test,unweighted,0.1947115957736969
33-10,33,10,3,1,0.031638935,nested_test,unweighted,0.1947115957736969
33-11,33,11,3,1,0.08035116,nested_test,unweighted,0.1947115957736969
33-12,33,12,3,1,0.1309648,nested_test,unweighted,0.1947115957736969
34-0,34,0,4,1,0.046218727,nested_test,unweighted,0.2913484275341034
34-1,34,1,4,1,0.093297794,nested_test,unweighted,0.2913484275341034
34-2,34,2,4,0,0.07080268,nested_test,unweighted,0.2913484275341034
34-3,34,3,4,1,0.12283308,nested_test,unweighted,0.2913484275341034
34-4,34,4,4,0,0.011141534,nested_test,unweighted,0.2913484275341034
34-5,34,5,4,1,0.04162461,nested_test,unweighted,0.2913484275341034
34-6,34,6,4,0,0.024134252,nested_test,unweighted,0.2913484275341034
34-7,34,7,4,0,0.0306797,nested_test,unweighted,0.2913484275341034
34-8,34,8,4,1,0.117905505,nested_test,unweighted,0.2913484275341034
34-9,34,9,4,1,0.2429,nested_test,unweighted,0.2913484275341034
34-10,34,10,4,0,0.011909829,nested_test,unweighted,0.2913484275341034
34-11,34,11,4,1,0.124011084,nested_test,unweighted,0.2913484275341034
34-12,34,12,4,0,0.027868764,nested_test,unweighted,0.2913484275341034
35-0,35,0,4,0,0.012605023,nested_test,unweighted,0.2913484275341034
35-1,35,1,4,0,0.026659917,nested_test,unweighted,0.2913484275341034
35-2,35,2,4,0,0.05907362,nested_test,unweighted,0.2913484275341034
35-3,35,3,4,0,0.028411923,nested_test,unweighted,0.2913484275341034
35-4,35,4,4,0,0.00983858,nested_test,unweighted,0.2913484275341034
35-5,35,5,4,1,0.11217171,nested_test,unweighted,0.2913484275341034
35-6,35,6,4,1,0.122406565,nested_test,unweighted,0.2913484275341034
35-7,35,7,4,0,0.02444654,nested_test,unweighted,0.2913484275341034
35-8,35,8,4,1,0.26981786,nested_test,unweighted,0.2913484275341034
35-9,35,9,4,0,0.040794317,nested_test,unweighted,0.2913484275341034
35-10,35,10,4,1,0.05315113,nested_test,unweighted,0.2913484275341034
35-11,35,11,4,0,0.033195306,nested_test,unweighted,0.2913484275341034
35-12,35,12,4,0,0.023434656,nested_test,unweighted,0.2913484275341034
36-0,36,0,5,0,0.008548574,nested_test,unweighted,0.24960972368717194
36-1,36,1,5,1,0.5701286,nested_test,unweighted,0.24960972368717194
36-2,36,2,5,0,0.0061783018,nested_test,unweighted,0.24960972368717194
36-3,36,3,5,1,0.5849402,nested_test,unweighted,0.24960972368717194
36-4,36,4,5,0,0.010687888,nested_test,unweighted,0.24960972368717194
36-5,36,5,5,1,0.07253283,nested_test,unweighted,0.24960972368717194
36-6,36,6,5,0,0.036414318,nested_test,unweighted,0.24960972368717194
36-7,36,7,5,0,0.01950437,nested_test,unweighted,0.24960972368717194
36-8,36,8,5,1,0.3470133,nested_test,unweighted,0.24960972368717194
36-9,36,9,5,1,0.57651114,nested_test,unweighted,0.24960972368717194
36-10,36,10,5,1,0.053874172,nested_test,unweighted,0.24960972368717194
36-11,36,11,5,1,0.26853505,nested_test,unweighted,0.24960972368717194
36-12,36,12,5,1,0.44941336,nested_test,unweighted,0.24960972368717194
37-0,37,0,5,0,0.013161664,nested_test,unweighted,0.24960972368717194
37-1,37,1,5,1,0.07628549,nested_test,unweighted,0.24960972368717194
37-2,37,2,5,0,0.010165698,nested_test,unweighted,0.24960972368717194
37-3,37,3,5,0,0.044555876,nested_test,unweighted,0.24960972368717194
37-4,37,4,5,0,0.018911121,nested_test,unweighted,0.24960972368717194
37-5,37,5,5,1,0.008162392,nested_test,unweighted,0.24960972368717194
37-6,37,6,5,1,0.09661241,nested_test,unweighted,0.24960972368717194
37-7,37,7,5,0,0.03432504,nested_test,unweighted,0.24960972368717194
37-8,37,8,5,0,0.013241351,nested_test,unweighted,0.24960972368717194
37-9,37,9,5,0,0.036632083,nested_test,unweighted,0.24960972368717194
37-10,37,10,5,0,0.005276001,nested_test,unweighted,0.24960972368717194
37-11,37,11,5,0,0.015456651,nested_test,unweighted,0.24960972368717194
37-12,37,12,5,1,0.06200277,nested_test,unweighted,0.24960972368717194
38-0,38,0,3,0,0.05361684,nested_test,unweighted,0.1947115957736969
38-1,38,1,3,0,0.046488795,nested_test,unweighted,0.1947115957736969
38-2,38,2,3,1,0.03871123,nested_test,unweighted,0.1947115957736969
38-3,38,3,3,0,0.1003025,nested_test,unweighted,0.1947115957736969
38-4,38,4,3,0,0.014657757,nested_test,unweighted,0.1947115957736969
38-5,38,5,3,1,0.13907176,nested_test,unweighted,0.1947115957736969
38-6,38,6,3,0,0.014342975,nested_test,unweighted,0.1947115957736969
38-7,38,7,3,0,0.04020433,nested_test,unweighted,0.1947115957736969
38-8,38,8,3,0,0.024588373,nested_test,unweighted,0.1947115957736969
38-9,38,9,3,0,0.0816168,nested_test,unweighted,0.1947115957736969
38-10,38,10,3,0,0.019742738,nested_test,unweighted,0.1947115957736969
38-11,38,11,3,0,0.030905,nested_test,unweighted,0.1947115957736969
38-12,38,12,3,0,0.04470022,nested_test,unweighted,0.1947115957736969
39-0,39,0,4,0,0.011255264,nested_test,unweighted,0.2913484275341034
39-1,39,1,4,0,0.02416232,nested_test,unweighted,0.2913484275341034
39-2,39,2,4,0,0.06653973,nested_test,unweighted,0.2913484275341034
39-3,39,3,4,0,0.027579483,nested_test,unweighted,0.2913484275341034
39-4,39,4,4,0,0.0113203,nested_test,unweighted,0.2913484275341034
39-5,39,5,4,0,0.014253888,nested_test,unweighted,0.2913484275341034
39-6,39,6,4,0,0.019211384,nested_test,unweighted,0.2913484275341034
39-7,39,7,4,0,0.020873493,nested_test,unweighted,0.2913484275341034
39-8,39,8,4,0,0.032875497,nested_test,unweighted,0.2913484275341034
39-9,39,9,4,0,0.049685266,nested_test,unweighted,0.2913484275341034
39-10,39,10,4,0,0.009188552,nested_test,unweighted,0.2913484275341034
39-11,39,11,4,1,0.2481277,nested_test,unweighted,0.2913484275341034
39-12,39,12,4,0,0.02387115,nested_test,unweighted,0.2913484275341034
40-0,40,0,2,0,0.06968711,nested_test,unweighted,0.2061617523431778
40-1,40,1,2,0,0.17465666,nested_test,unweighted,0.2061617523431778
40-2,40,2,2,0,0.26713035,nested_test,unweighted,0.2061617523431778
40-3,40,3,2,0,0.14379609,nested_test,unweighted,0.2061617523431778
40-4,40,4,2,0,0.040081352,nested_test,unweighted,0.2061617523431778
40-5,40,5,2,0,0.1044784,nested_test,unweighted,0.2061617523431778
40-6,40,6,2,0,0.02775918,nested_test,unweighted,0.2061617523431778
40-7,40,7,2,0,0.047894955,nested_test,unweighted,0.2061617523431778
40-8,40,8,2,0,0.25087774,nested_test,unweighted,0.2061617523431778
40-9,40,9,2,0,0.13178562,nested_test,unweighted,0.2061617523431778
40-10,40,10,2,0,0.022320114,nested_test,unweighted,0.2061617523431778
40-11,40,11,2,0,0.028829485,nested_test,unweighted,0.2061617523431778
40-12,40,12,2,0,0.08390444,nested_test,unweighted,0.2061617523431778
41-0,41,0,3,0,0.08689726,nested_test,unweighted,0.1947115957736969
41-1,41,1,3,1,0.043861892,nested_test,unweighted,0.1947115957736969
41-2,41,2,3,0,0.03477885,nested_test,unweighted,0.1947115957736969
41-3,41,3,3,1,0.11069686,nested_test,unweighted,0.1947115957736969
41-4,41,4,3,0,0.04497605,nested_test,unweighted,0.1947115957736969
41-5,41,5,3,1,0.098725885,nested_test,unweighted,0.1947115957736969
41-6,41,6,3,1,0.012502433,nested_test,unweighted,0.1947115957736969
41-7,41,7,3,1,0.04074953,nested_test,unweighted,0.1947115957736969
41-8,41,8,3,0,0.046334412,nested_test,unweighted,0.1947115957736969
41-9,41,9,3,1,0.05649114,nested_test,unweighted,0.1947115957736969
41-10,41,10,3,1,0.017950375,nested_test,unweighted,0.1947115957736969
41-11,41,11,3,1,0.030899242,nested_test,unweighted,0.1947115957736969
41-12,41,12,3,1,0.050697163,nested_test,unweighted,0.1947115957736969
42-0,42,0,1,0,0.15631527,nested_test,unweighted,0.2802690267562866
42-1,42,1,1,0,0.1733003,nested_test,unweighted,0.2802690267562866
42-2,42,2,1,0,0.099745475,nested_test,unweighted,0.2802690267562866
42-3,42,3,1,0,0.09252999,nested_test,unweighted,0.2802690267562866
42-4,42,4,1,0,0.048716247,nested_test,unweighted,0.2802690267562866
42-5,42,5,1,0,0.06811104,nested_test,unweighted,0.2802690267562866
42-6,42,6,1,0,0.046754926,nested_test,unweighted,0.2802690267562866
42-7,42,7,1,0,0.07506634,nested_test,unweighted,0.2802690267562866
42-8,42,8,1,0,0.053313166,nested_test,unweighted,0.2802690267562866
42-9,42,9,1,0,0.13604076,nested_test,unweighted,0.2802690267562866
42-10,42,10,1,0,0.023843229,nested_test,unweighted,0.2802690267562866
42-11,42,11,1,0,0.11918165,nested_test,unweighted,0.2802690267562866
42-12,42,12,1,0,0.077466935,nested_test,unweighted,0.2802690267562866
43-0,43,0,5,0,0.008087779,nested_test,unweighted,0.24960972368717194
43-1,43,1,5,0,0.01921244,nested_test,unweighted,0.24960972368717194
43-2,43,2,5,0,0.006115242,nested_test,unweighted,0.24960972368717194
43-3,43,3,5,0,0.028678905,nested_test,unweighted,0.24960972368717194
43-4,43,4,5,0,0.010642163,nested_test,unweighted,0.24960972368717194
43-5,43,5,5,0,0.0034487299,nested_test,unweighted,0.24960972368717194
43-6,43,6,5,0,0.036414318,nested_test,unweighted,0.24960972368717194
43-7,43,7,5,0,0.01950437,nested_test,unweighted,0.24960972368717194
43-8,43,8,5,1,0.23964915,nested_test,unweighted,0.24960972368717194
43-9,43,9,5,0,0.019806648,nested_test,unweighted,0.24960972368717194
43-10,43,10,5,0,0.0034537464,nested_test,unweighted,0.24960972368717194
43-11,43,11,5,0,0.0072861146,nested_test,unweighted,0.24960972368717194
43-12,43,12,5,0,0.014269487,nested_test,unweighted,0.24960972368717194
44-0,44,0,1,0,0.17369193,nested_test,unweighted,0.2802690267562866
44-1,44,1,1,1,0.23547116,nested_test,unweighted,0.2802690267562866
44-2,44,2,1,0,0.117863335,nested_test,unweighted,0.2802690267562866
44-3,44,3,1,0,0.13066189,nested_test,unweighted,0.2802690267562866
44-4,44,4,1,0,0.04737575,nested_test,unweighted,0.2802690267562866
44-5,44,5,1,0,0.073052905,nested_test,unweighted,0.2802690267562866
44-6,44,6,1,0,0.0645694,nested_test,unweighted,0.2802690267562866
44-7,44,7,1,0,0.1154732,nested_test,unweighted,0.2802690267562866
44-8,44,8,1,0,0.061896004,nested_test,unweighted,0.2802690267562866
44-9,44,9,1,0,0.16548677,nested_test,unweighted,0.2802690267562866
44-10,44,10,1,0,0.050929595,nested_test,unweighted,0.2802690267562866
44-11,44,11,1,0,0.12998547,nested_test,unweighted,0.2802690267562866
44-12,44,12,1,0,0.1009147,nested_test,unweighted,0.2802690267562866
45-0,45,0,2,0,0.020705571,nested_test,unweighted,0.2061617523431778
45-1,45,1,2,0,0.04566126,nested_test,unweighted,0.2061617523431778
45-2,45,2,2,0,0.04540084,nested_test,unweighted,0.2061617523431778
45-3,45,3,2,0,0.042984102,nested_test,unweighted,0.2061617523431778
45-4,45,4,2,0,0.011594148,nested_test,unweighted,0.2061617523431778
45-5,45,5,2,0,0.028916452,nested_test,unweighted,0.2061617523431778
45-6,45,6,2,0,0.009897026,nested_test,unweighted,0.2061617523431778
45-7,45,7,2,0,0.012365136,nested_test,unweighted,0.2061617523431778
45-8,45,8,2,0,0.0578655,nested_test,unweighted,0.2061617523431778
45-9,45,9,2,0,0.07180587,nested_test,unweighted,0.2061617523431778
45-10,45,10,2,0,0.006818247,nested_test,unweighted,0.2061617523431778
45-11,45,11,2,0,0.007481777,nested_test,unweighted,0.2061617523431778
45-12,45,12,2,0,0.019918969,nested_test,unweighted,0.2061617523431778
46-0,46,0,5,0,0.013926069,nested_test,unweighted,0.24960972368717194
46-1,46,1,5,0,0.037003085,nested_test,unweighted,0.24960972368717194
46-2,46,2,5,0,0.011311486,nested_test,unweighted,0.24960972368717194
46-3,46,3,5,0,0.04690398,nested_test,unweighted,0.24960972368717194
46-4,46,4,5,0,0.013317231,nested_test,unweighted,0.24960972368717194
46-5,46,5,5,0,0.00485801,nested_test,unweighted,0.24960972368717194
46-6,46,6,5,0,0.04672306,nested_test,unweighted,0.24960972368717194
46-7,46,7,5,0,0.020885034,nested_test,unweighted,0.24960972368717194
46-8,46,8,5,0,0.010607643,nested_test,unweighted,0.24960972368717194
46-9,46,9,5,0,0.032446727,nested_test,unweighted,0.24960972368717194
46-10,46,10,5,0,0.006050619,nested_test,unweighted,0.24960972368717194
46-11,46,11,5,0,0.013236772,nested_test,unweighted,0.24960972368717194
46-12,46,12,5,0,0.025379226,nested_test,unweighted,0.24960972368717194
47-0,47,0,1,0,0.055203836,nested_test,unweighted,0.2802690267562866
47-1,47,1,1,0,0.05205002,nested_test,unweighted,0.2802690267562866
47-2,47,2,1,0,0.028114695,nested_test,unweighted,0.2802690267562866
47-3,47,3,1,0,0.035520073,nested_test,unweighted,0.2802690267562866
47-4,47,4,1,0,0.01363534,nested_test,unweighted,0.2802690267562866
47-5,47,5,1,0,0.018945094,nested_test,unweighted,0.2802690267562866
47-6,47,6,1,0,0.01486661,nested_test,unweighted,0.2802690267562866
47-7,47,7,1,0,0.027181225,nested_test,unweighted,0.2802690267562866
47-8,47,8,1,0,0.013920733,nested_test,unweighted,0.2802690267562866
47-9,47,9,1,0,0.052513894,nested_test,unweighted,0.2802690267562866
47-10,47,10,1,0,0.011320754,nested_test,unweighted,0.2802690267562866
47-11,47,11,1,0,0.030977039,nested_test,unweighted,0.2802690267562866
47-12,47,12,1,0,0.02483189,nested_test,unweighted,0.2802690267562866
48-0,48,0,5,0,0.12538679,nested_test,unweighted,0.24960972368717194
48-1,48,1,5,0,0.33549708,nested_test,unweighted,0.24960972368717194
48-2,48,2,5,0,0.07256091,nested_test,unweighted,0.24960972368717194
48-3,48,3,5,0,0.30408922,nested_test,unweighted,0.24960972368717194
48-4,48,4,5,0,0.2144032,nested_test,unweighted,0.24960972368717194
48-5,48,5,5,0,0.02439994,nested_test,unweighted,0.24960972368717194
48-6,48,6,5,0,0.39097157,nested_test,unweighted,0.24960972368717194
48-7,48,7,5,0,0.1851899,nested_test,unweighted,0.24960972368717194
48-8,48,8,5,0,0.12084604,nested_test,unweighted,0.24960972368717194
48-9,48,9,5,0,0.37566748,nested_test,unweighted,0.24960972368717194
48-10,48,10,5,0,0.028936347,nested_test,unweighted,0.24960972368717194
48-11,48,11,5,0,0.11746724,nested_test,unweighted,0.24960972368717194
48-12,48,12,5,0,0.22130692,nested_test,unweighted,0.24960972368717194
49-0,49,0,3,0,0.057918243,nested_test,unweighted,0.1947115957736969
49-1,49,1,3,0,0.05024874,nested_test,unweighted,0.1947115957736969
49-2,49,2,3,0,0.020226024,nested_test,unweighted,0.1947115957736969
49-3,49,3,3,0,0.16218595,nested_test,unweighted,0.1947115957736969
49-4,49,4,3,0,0.016027508,nested_test,unweighted,0.1947115957736969
49-5,49,5,3,0,0.08424337,nested_test,unweighted,0.1947115957736969
49-6,49,6,3,0,0.01584658,nested_test,unweighted,0.1947115957736969
49-7,49,7,3,0,0.032483783,nested_test,unweighted,0.1947115957736969
49-8,49,8,3,0,0.024495622,nested_test,unweighted,0.1947115957736969
49-9,49,9,3,0,0.08124978,nested_test,unweighted,0.1947115957736969
49-10,49,10,3,0,0.01780524,nested_test,unweighted,0.1947115957736969
49-11,49,11,3,0,0.03378966,nested_test,unweighted,0.1947115957736969
49-12,49,12,3,0,0.048578903,nested_test,unweighted,0.1947115957736969
50-0,50,0,2,0,0.09768379,nested_test,unweighted,0.2061617523431778
50-1,50,1,2,0,0.2141961,nested_test,unweighted,0.2061617523431778
50-2,50,2,2,0,0.2481369,nested_test,unweighted,0.2061617523431778
50-3,50,3,2,0,0.27413553,nested_test,unweighted,0.2061617523431778
50-4,50,4,2,0,0.08166887,nested_test,unweighted,0.2061617523431778
50-5,50,5,2,0,0.14919378,nested_test,unweighted,0.2061617523431778
50-6,50,6,2,0,0.03314671,nested_test,unweighted,0.2061617523431778
50-7,50,7,2,1,0.04846822,nested_test,unweighted,0.2061617523431778
50-8,50,8,2,1,0.15196829,nested_test,unweighted,0.2061617523431778
50-9,50,9,2,1,0.20909749,nested_test,unweighted,0.2061617523431778
50-10,50,10,2,0,0.030666906,nested_test,unweighted,0.2061617523431778
50-11,50,11,2,0,0.031276193,nested_test,unweighted,0.2061617523431778
50-12,50,12,2,0,0.112343855,nested_test,unweighted,0.2061617523431778
51-0,51,0,2,0,0.021350428,nested_test,unweighted,0.2061617523431778
51-1,51,1,2,0,0.046274796,nested_test,unweighted,0.2061617523431778
51-2,51,2,2,0,0.04672484,nested_test,unweighted,0.2061617523431778
51-3,51,3,2,0,0.04017262,nested_test,unweighted,0.2061617523431778
51-4,51,4,2,0,0.01689644,nested_test,unweighted,0.2061617523431778
51-5,51,5,2,0,0.02548867,nested_test,unweighted,0.2061617523431778
51-6,51,6,2,0,0.009922004,nested_test,unweighted,0.2061617523431778
51-7,51,7,2,0,0.012753609,nested_test,unweighted,0.2061617523431778
51-8,51,8,2,0,0.06113463,nested_test,unweighted,0.2061617523431778
51-9,51,9,2,0,0.07228376,nested_test,unweighted,0.2061617523431778
51-10,51,10,2,0,0.005361104,nested_test,unweighted,0.2061617523431778
51-11,51,11,2,0,0.007914263,nested_test,unweighted,0.2061617523431778
51-12,51,12,2,0,0.01996874,nested_test,unweighted,0.2061617523431778
52-0,52,0,5,1,0.008087779,nested_test,unweighted,0.24960972368717194
52-1,52,1,5,1,0.01921244,nested_test,unweighted,0.24960972368717194
52-2,52,2,5,0,0.20594566,nested_test,unweighted,0.24960972368717194
52-3,52,3,5,1,0.028967865,nested_test,unweighted,0.24960972368717194
52-4,52,4,5,1,0.011995828,nested_test,unweighted,0.24960972368717194
52-5,52,5,5,1,0.0034487299,nested_test,unweighted,0.24960972368717194
52-6,52,6,5,0,0.65205055,nested_test,unweighted,0.24960972368717194
52-7,52,7,5,1,0.01950437,nested_test,unweighted,0.24960972368717194
52-8,52,8,5,0,0.2629054,nested_test,unweighted,0.24960972368717194
52-9,52,9,5,1,0.019806648,nested_test,unweighted,0.24960972368717194
52-10,52,10,5,0,0.08208749,nested_test,unweighted,0.24960972368717194
52-11,52,11,5,1,0.0072861146,nested_test,unweighted,0.24960972368717194
52-12,52,12,5,0,0.44941336,nested_test,unweighted,0.24960972368717194
53-0,53,0,3,1,0.08492663,nested_test,unweighted,0.1947115957736969
53-1,53,1,3,0,0.049084295,nested_test,unweighted,0.1947115957736969
53-2,53,2,3,0,0.019540811,nested_test,unweighted,0.1947115957736969
53-3,53,3,3,1,0.25083557,nested_test,unweighted,0.1947115957736969
53-4,53,4,3,0,0.022097137,nested_test,unweighted,0.1947115957736969
53-5,53,5,3,1,0.19502924,nested_test,unweighted,0.1947115957736969
53-6,53,6,3,1,0.030532565,nested_test,unweighted,0.1947115957736969
53-7,53,7,3,1,0.07298956,nested_test,unweighted,0.1947115957736969
53-8,53,8,3,1,0.061567873,nested_test,unweighted,0.1947115957736969
53-9,53,9,3,0,0.08599661,nested_test,unweighted,0.1947115957736969
53-10,53,10,3,1,0.03845384,nested_test,unweighted,0.1947115957736969
53-11,53,11,3,1,0.07811258,nested_test,unweighted,0.1947115957736969
53-12,53,12,3,1,0.10591203,nested_test,unweighted,0.1947115957736969
54-0,54,0,3,0,0.07327104,nested_test,unweighted,0.1947115957736969
54-1,54,1,3,0,0.06501328,nested_test,unweighted,0.1947115957736969
54-2,54,2,3,0,0.020428883,nested_test,unweighted,0.1947115957736969
54-3,54,3,3,0,0.20134759,nested_test,unweighted,0.1947115957736969
54-4,54,4,3,0,0.021698693,nested_test,unweighted,0.1947115957736969
54-5,54,5,3,0,0.14931394,nested_test,unweighted,0.1947115957736969
54-6,54,6,3,0,0.018684609,nested_test,unweighted,0.1947115957736969
54-7,54,7,3,0,0.060049944,nested_test,unweighted,0.1947115957736969
54-8,54,8,3,0,0.034994796,nested_test,unweighted,0.1947115957736969
54-9,54,9,3,0,0.10886885,nested_test,unweighted,0.1947115957736969
54-10,54,10,3,0,0.021725444,nested_test,unweighted,0.1947115957736969
54-11,54,11,3,0,0.04803531,nested_test,unweighted,0.1947115957736969
54-12,54,12,3,0,0.08165169,nested_test,unweighted,0.1947115957736969
55-0,55,0,5,0,0.012840058,nested_test,unweighted,0.24960972368717194
55-1,55,1,5,0,0.033669602,nested_test,unweighted,0.24960972368717194
55-2,55,2,5,0,0.008542828,nested_test,unweighted,0.24960972368717194
55-3,55,3,5,0,0.04350096,nested_test,unweighted,0.24960972368717194
55-4,55,4,5,0,0.01502761,nested_test,unweighted,0.24960972368717194
55-5,55,5,5,0,0.005229,nested_test,unweighted,0.24960972368717194
55-6,55,6,5,0,0.044145327,nested_test,unweighted,0.24960972368717194
55-7,55,7,5,0,0.025914533,nested_test,unweighted,0.24960972368717194
55-8,55,8,5,0,0.012917816,nested_test,unweighted,0.24960972368717194
55-9,55,9,5,0,0.034695126,nested_test,unweighted,0.24960972368717194
55-10,55,10,5,0,0.0055174883,nested_test,unweighted,0.24960972368717194
55-11,55,11,5,0,0.01026353,nested_test,unweighted,0.24960972368717194
55-12,55,12,5,0,0.020588854,nested_test,unweighted,0.24960972368717194
56-0,56,0,1,1,0.22559659,nested_test,unweighted,0.2802690267562866
56-1,56,1,1,1,0.24587639,nested_test,unweighted,0.2802690267562866
56-2,56,2,1,1,0.14992185,nested_test,unweighted,0.2802690267562866
56-3,56,3,1,1,0.13341355,nested_test,unweighted,0.2802690267562866
56-4,56,4,1,1,0.07377397,nested_test,unweighted,0.2802690267562866
56-5,56,5,1,1,0.10320537,nested_test,unweighted,0.2802690267562866
56-6,56,6,1,1,0.07697357,nested_test,unweighted,0.2802690267562866
56-7,56,7,1,1,0.13353573,nested_test,unweighted,0.2802690267562866
56-8,56,8,1,0,0.052660782,nested_test,unweighted,0.2802690267562866
56-9,56,9,1,0,0.16514353,nested_test,unweighted,0.2802690267562866
56-10,56,10,1,1,0.03859504,nested_test,unweighted,0.2802690267562866
56-11,56,11,1,1,0.17385985,nested_test,unweighted,0.2802690267562866
56-12,56,12,1,1,0.11663255,nested_test,unweighted,0.2802690267562866
57-0,57,0,3,0,0.06829136,nested_test,unweighted,0.1947115957736969
57-1,57,1,3,0,0.065828554,nested_test,unweighted,0.1947115957736969
57-2,57,2,3,0,0.020697441,nested_test,unweighted,0.1947115957736969
57-3,57,3,3,0,0.20350042,nested_test,unweighted,0.1947115957736969
57-4,57,4,3,0,0.020147804,nested_test,unweighted,0.1947115957736969
57-5,57,5,3,1,0.13495013,nested_test,unweighted,0.1947115957736969
57-6,57,6,3,0,0.02439503,nested_test,unweighted,0.1947115957736969
57-7,57,7,3,0,0.060049944,nested_test,unweighted,0.1947115957736969
57-8,57,8,3,0,0.036274944,nested_test,unweighted,0.1947115957736969
57-9,57,9,3,0,0.10886885,nested_test,unweighted,0.1947115957736969
57-10,57,10,3,0,0.02202213,nested_test,unweighted,0.1947115957736969
57-11,57,11,3,0,0.051231485,nested_test,unweighted,0.1947115957736969
57-12,57,12,3,0,0.08585077,nested_test,unweighted,0.1947115957736969
58-0,58,0,2,1,0.14557119,nested_test,unweighted,0.2061617523431778
58-1,58,1,2,1,0.39552832,nested_test,unweighted,0.2061617523431778
58-2,58,2,2,1,0.5290971,nested_test,unweighted,0.2061617523431778
58-3,58,3,2,1,0.2371002,nested_test,unweighted,0.2061617523431778
58-4,58,4,2,1,0.0794076,nested_test,unweighted,0.2061617523431778
58-5,58,5,2,1,0.26342997,nested_test,unweighted,0.2061617523431778
58-6,58,6,2,1,0.083083175,nested_test,unweighted,0.2061617523431778
58-7,58,7,2,1,0.19872151,nested_test,unweighted,0.2061617523431778
58-8,58,8,2,1,0.5065527,nested_test,unweighted,0.2061617523431778
58-9,58,9,2,1,0.45953575,nested_test,unweighted,0.2061617523431778
58-10,58,10,2,1,0.09350154,nested_test,unweighted,0.2061617523431778
58-11,58,11,2,1,0.09416954,nested_test,unweighted,0.2061617523431778
58-12,58,12,2,1,0.26190805,nested_test,unweighted,0.2061617523431778
59-0,59,0,2,1,0.098964915,nested_test,unweighted,0.2061617523431778
59-1,59,1,2,1,0.22079286,nested_test,unweighted,0.2061617523431778
59-2,59,2,2,1,0.24659559,nested_test,unweighted,0.2061617523431778
59-3,59,3,2,1,0.15359287,nested_test,unweighted,0.2061617523431778
59-4,59,4,2,1,0.057692133,nested_test,unweighted,0.2061617523431778
59-5,59,5,2,1,0.09243095,nested_test,unweighted,0.2061617523431778
59-6,59,6,2,1,0.03175663,nested_test,unweighted,0.2061617523431778
59-7,59,7,2,1,0.09125734,nested_test,unweighted,0.2061617523431778
59-8,59,8,2,1,0.25886804,nested_test,unweighted,0.2061617523431778
59-9,59,9,2,0,0.1845809,nested_test,unweighted,0.2061617523431778
59-10,59,10,2,1,0.026690274,nested_test,unweighted,0.2061617523431778
59-11,59,11,2,1,0.03102633,nested_test,unweighted,0.2061617523431778
59-12,59,12,2,1,0.09519533,nested_test,unweighted,0.2061617523431778
60-0,60,0,1,0,0.083793,nested_test,unweighted,0.2802690267562866
60-1,60,1,1,0,0.098278955,nested_test,unweighted,0.2802690267562866
60-2,60,2,1,0,0.067418486,nested_test,unweighted,0.2802690267562866
60-3,60,3,1,0,0.06956717,nested_test,unweighted,0.2802690267562866
60-4,60,4,1,0,0.02266385,nested_test,unweighted,0.2802690267562866
60-5,60,5,1,0,0.043899953,nested_test,unweighted,0.2802690267562866
60-6,60,6,1,0,0.02951311,nested_test,unweighted,0.2802690267562866
60-7,60,7,1,1,0.09030357,nested_test,unweighted,0.2802690267562866
60-8,60,8,1,1,0.07882133,nested_test,unweighted,0.2802690267562866
60-9,60,9,1,0,0.07117735,nested_test,unweighted,0.2802690267562866
60-10,60,10,1,0,0.020630557,nested_test,unweighted,0.2802690267562866
60-11,60,11,1,1,0.13344781,nested_test,unweighted,0.2802690267562866
60-12,60,12,1,0,0.041694455,nested_test,unweighted,0.2802690267562866
61-0,61,0,1,0,0.112092644,nested_test,unweighted,0.2802690267562866
61-1,61,1,1,0,0.12708801,nested_test,unweighted,0.2802690267562866
61-2,61,2,1,1,0.35494378,nested_test,unweighted,0.2802690267562866
61-3,61,3,1,0,0.08652545,nested_test,unweighted,0.2802690267562866
61-4,61,4,1,0,0.03147146,nested_test,unweighted,0.2802690267562866
61-5,61,5,1,0,0.054693613,nested_test,unweighted,0.2802690267562866
61-6,61,6,1,0,0.040305912,nested_test,unweighted,0.2802690267562866
61-7,61,7,1,1,0.24761827,nested_test,unweighted,0.2802690267562866
61-8,61,8,1,0,0.03356836,nested_test,unweighted,0.2802690267562866
61-9,61,9,1,0,0.15287195,nested_test,unweighted,0.2802690267562866
61-10,61,10,1,1,0.06615563,nested_test,unweighted,0.2802690267562866
61-11,61,11,1,1,0.2989767,nested_test,unweighted,0.2802690267562866
61-12,61,12,1,0,0.05531737,nested_test,unweighted,0.2802690267562866
62-0,62,0,5,0,0.010973727,nested_test,unweighted,0.24960972368717194
62-1,62,1,5,0,0.022977456,nested_test,unweighted,0.24960972368717194
62-2,62,2,5,0,0.007192266,nested_test,unweighted,0.24960972368717194
62-3,62,3,5,0,0.036590364,nested_test,unweighted,0.24960972368717194
62-4,62,4,5,0,0.013597134,nested_test,unweighted,0.24960972368717194
62-5,62,5,5,0,0.0038974595,nested_test,unweighted,0.24960972368717194
62-6,62,6,5,0,0.040975947,nested_test,unweighted,0.24960972368717194
62-7,62,7,5,0,0.021996057,nested_test,unweighted,0.24960972368717194
62-8,62,8,5,0,0.011571035,nested_test,unweighted,0.24960972368717194
62-9,62,9,5,0,0.023685299,nested_test,unweighted,0.24960972368717194
62-10,62,10,5,0,0.0040639457,nested_test,unweighted,0.24960972368717194
62-11,62,11,5,1,0.22570175,nested_test,unweighted,0.24960972368717194
62-12,62,12,5,0,0.016929414,nested_test,unweighted,0.24960972368717194
63-0,63,0,1,0,0.051213235,nested_test,unweighted,0.2802690267562866
63-1,63,1,1,0,0.048087057,nested_test,unweighted,0.2802690267562866
63-2,63,2,1,0,0.028056344,nested_test,unweighted,0.2802690267562866
63-3,63,3,1,0,0.029411497,nested_test,unweighted,0.2802690267562866
63-4,63,4,1,0,0.01287707,nested_test,unweighted,0.2802690267562866
63-5,63,5,1,0,0.018279761,nested_test,unweighted,0.2802690267562866
63-6,63,6,1,0,0.013693804,nested_test,unweighted,0.2802690267562866
63-7,63,7,1,0,0.025061646,nested_test,unweighted,0.2802690267562866
63-8,63,8,1,0,0.012106378,nested_test,unweighted,0.2802690267562866
63-9,63,9,1,0,0.048517417,nested_test,unweighted,0.2802690267562866
63-10,63,10,1,0,0.010456097,nested_test,unweighted,0.2802690267562866
63-11,63,11,1,0,0.027560556,nested_test,unweighted,0.2802690267562866
63-12,63,12,1,0,0.022891207,nested_test,unweighted,0.2802690267562866
64-0,64,0,5,0,0.01283932,nested_test,unweighted,0.24960972368717194
64-1,64,1,5,0,0.03212479,nested_test,unweighted,0.24960972368717194
64-2,64,2,5,0,0.01150271,nested_test,unweighted,0.24960972368717194
64-3,64,3,5,0,0.048115037,nested_test,unweighted,0.24960972368717194
64-4,64,4,5,0,0.014871947,nested_test,unweighted,0.24960972368717194
64-5,64,5,5,1,0.04244069,nested_test,unweighted,0.24960972368717194
64-6,64,6,5,1,0.51528907,nested_test,unweighted,0.24960972368717194
64-7,64,7,5,0,0.0286802,nested_test,unweighted,0.24960972368717194
64-8,64,8,5,0,0.0147297345,nested_test,unweighted,0.24960972368717194
64-9,64,9,5,0,0.038718473,nested_test,unweighted,0.24960972368717194
64-10,64,10,5,1,0.035868853,nested_test,unweighted,0.24960972368717194
64-11,64,11,5,1,0.173055,nested_test,unweighted,0.24960972368717194
64-12,64,12,5,0,0.023767807,nested_test,unweighted,0.24960972368717194
65-0,65,0,2,0,0.03367397,nested_test,unweighted,0.2061617523431778
65-1,65,1,2,0,0.07683908,nested_test,unweighted,0.2061617523431778
65-2,65,2,2,0,0.12232722,nested_test,unweighted,0.2061617523431778
65-3,65,3,2,0,0.070654064,nested_test,unweighted,0.2061617523431778
65-4,65,4,2,0,0.019582141,nested_test,unweighted,0.2061617523431778
65-5,65,5,2,0,0.05258869,nested_test,unweighted,0.2061617523431778
65-6,65,6,2,0,0.019215139,nested_test,unweighted,0.2061617523431778
65-7,65,7,2,0,0.01774013,nested_test,unweighted,0.2061617523431778
65-8,65,8,2,0,0.13219959,nested_test,unweighted,0.2061617523431778
65-9,65,9,2,1,0.5086447,nested_test,unweighted,0.2061617523431778
65-10,65,10,2,0,0.012222661,nested_test,unweighted,0.2061617523431778
65-11,65,11,2,0,0.01587809,nested_test,unweighted,0.2061617523431778
65-12,65,12,2,0,0.03971123,nested_test,unweighted,0.2061617523431778
66-0,66,0,4,0,0.04884105,nested_test,unweighted,0.2913484275341034
66-1,66,1,4,0,0.106814265,nested_test,unweighted,0.2913484275341034
66-2,66,2,4,0,0.2866938,nested_test,unweighted,0.2913484275341034
66-3,66,3,4,0,0.13410057,nested_test,unweighted,0.2913484275341034
66-4,66,4,4,0,0.039950307,nested_test,unweighted,0.2913484275341034
66-5,66,5,4,0,0.06527944,nested_test,unweighted,0.2913484275341034
66-6,66,6,4,1,0.04923552,nested_test,unweighted,0.2913484275341034
66-7,66,7,4,0,0.0613591,nested_test,unweighted,0.2913484275341034
66-8,66,8,4,0,0.1864017,nested_test,unweighted,0.2913484275341034
66-9,66,9,4,0,0.2548705,nested_test,unweighted,0.2913484275341034
66-10,66,10,4,0,0.032118104,nested_test,unweighted,0.2913484275341034
66-11,66,11,4,0,0.1719583,nested_test,unweighted,0.2913484275341034
66-12,66,12,4,0,0.105952784,nested_test,unweighted,0.2913484275341034
67-0,67,0,4,0,0.010178877,nested_test,unweighted,0.2913484275341034
67-1,67,1,4,0,0.019549418,nested_test,unweighted,0.2913484275341034
67-2,67,2,4,0,0.045369297,nested_test,unweighted,0.2913484275341034
67-3,67,3,4,0,0.028525878,nested_test,unweighted,0.2913484275341034
67-4,67,4,4,0,0.00763858,nested_test,unweighted,0.2913484275341034
67-5,67,5,4,0,0.012746227,nested_test,unweighted,0.2913484275341034
67-6,67,6,4,1,0.22974859,nested_test,unweighted,0.2913484275341034
67-7,67,7,4,0,0.018198214,nested_test,unweighted,0.2913484275341034
67-8,67,8,4,1,0.3214212,nested_test,unweighted,0.2913484275341034
67-9,67,9,4,0,0.051025745,nested_test,unweighted,0.2913484275341034
67-10,67,10,4,1,0.09700763,nested_test,unweighted,0.2913484275341034
67-11,67,11,4,1,0.31576192,nested_test,unweighted,0.2913484275341034
67-12,67,12,4,0,0.018065372,nested_test,unweighted,0.2913484275341034
68-0,68,0,3,0,0.035403825,nested_test,unweighted,0.1947115957736969
68-1,68,1,3,0,0.027305748,nested_test,unweighted,0.1947115957736969
68-2,68,2,3,0,0.010926166,nested_test,unweighted,0.1947115957736969
68-3,68,3,3,0,0.0662921,nested_test,unweighted,0.1947115957736969
68-4,68,4,3,0,0.010186971,nested_test,unweighted,0.1947115957736969
68-5,68,5,3,0,0.048750505,nested_test,unweighted,0.1947115957736969
68-6,68,6,3,0,0.009114757,nested_test,unweighted,0.1947115957736969
68-7,68,7,3,0,0.019667063,nested_test,unweighted,0.1947115957736969
68-8,68,8,3,0,0.013942173,nested_test,unweighted,0.1947115957736969
68-9,68,9,3,0,0.04596939,nested_test,unweighted,0.1947115957736969
68-10,68,10,3,0,0.010535168,nested_test,unweighted,0.1947115957736969
68-11,68,11,3,0,0.018760834,nested_test,unweighted,0.1947115957736969
68-12,68,12,3,0,0.02706696,nested_test,unweighted,0.1947115957736969
69-0,69,0,3,0,0.051681608,nested_test,unweighted,0.1947115957736969
69-1,69,1,3,0,0.04420606,nested_test,unweighted,0.1947115957736969
69-2,69,2,3,0,0.0153374905,nested_test,unweighted,0.1947115957736969
69-3,69,3,3,0,0.14473364,nested_test,unweighted,0.1947115957736969
69-4,69,4,3,0,0.014107756,nested_test,unweighted,0.1947115957736969
69-5,69,5,3,1,0.19502924,nested_test,unweighted,0.1947115957736969
69-6,69,6,3,0,0.013616173,nested_test,unweighted,0.1947115957736969
69-7,69,7,3,0,0.03821784,nested_test,unweighted,0.1947115957736969
69-8,69,8,3,0,0.02107391,nested_test,unweighted,0.1947115957736969
69-9,69,9,3,0,0.07774984,nested_test,unweighted,0.1947115957736969
69-10,69,10,3,0,0.018747492,nested_test,unweighted,0.1947115957736969
69-11,69,11,3,0,0.029363925,nested_test,unweighted,0.1947115957736969
69-12,69,12,3,1,0.080831446,nested_test,unweighted,0.1947115957736969
70-0,70,0,1,1,0.0711938,nested_test,unweighted,0.2802690267562866
70-1,70,1,1,1,0.06809916,nested_test,unweighted,0.2802690267562866
70-2,70,2,1,1,0.04181804,nested_test,unweighted,0.2802690267562866
70-3,70,3,1,0,0.18314162,nested_test,unweighted,0.2802690267562866
70-4,70,4,1,0,0.08566712,nested_test,unweighted,0.2802690267562866
70-5,70,5,1,0,0.092261694,nested_test,unweighted,0.2802690267562866
70-6,70,6,1,0,0.094759375,nested_test,unweighted,0.2802690267562866
70-7,70,7,1,0,0.16047235,nested_test,unweighted,0.2802690267562866
70-8,70,8,1,0,0.09311088,nested_test,unweighted,0.2802690267562866
70-9,70,9,1,1,0.07992941,nested_test,unweighted,0.2802690267562866
70-10,70,10,1,0,0.038345456,nested_test,unweighted,0.2802690267562866
70-11,70,11,1,0,0.19515786,nested_test,unweighted,0.2802690267562866
70-12,70,12,1,0,0.12815154,nested_test,unweighted,0.2802690267562866
71-0,71,0,2,0,0.01219801,nested_test,unweighted,0.2061617523431778
71-1,71,1,2,0,0.024216104,nested_test,unweighted,0.2061617523431778
71-2,71,2,2,0,0.03558972,nested_test,unweighted,0.2061617523431778
71-3,71,3,2,0,0.03191286,nested_test,unweighted,0.2061617523431778
71-4,71,4,2,0,0.00695501,nested_test,unweighted,0.2061617523431778
71-5,71,5,2,0,0.015268892,nested_test,unweighted,0.2061617523431778
71-6,71,6,2,0,0.0063506793,nested_test,unweighted,0.2061617523431778
71-7,71,7,2,0,0.0074195676,nested_test,unweighted,0.2061617523431778
71-8,71,8,2,0,0.042833887,nested_test,unweighted,0.2061617523431778
71-9,71,9,2,1,0.4788917,nested_test,unweighted,0.2061617523431778
71-10,71,10,2,0,0.004471985,nested_test,unweighted,0.2061617523431778
71-11,71,11,2,0,0.004467778,nested_test,unweighted,0.2061617523431778
71-12,71,12,2,0,0.012380478,nested_test,unweighted,0.2061617523431778
72-0,72,0,5,0,0.27792895,nested_test,unweighted,0.24960972368717194
72-1,72,1,5,1,0.022977456,nested_test,unweighted,0.24960972368717194
72-2,72,2,5,0,0.22570175,nested_test,unweighted,0.24960972368717194
72-3,72,3,5,0,0.55733603,nested_test,unweighted,0.24960972368717194
72-4,72,4,5,0,0.36609924,nested_test,unweighted,0.24960972368717194
72-5,72,5,5,0,0.06463991,nested_test,unweighted,0.24960972368717194
72-6,72,6,5,0,0.5922277,nested_test,unweighted,0.24960972368717194
72-7,72,7,5,0,0.43227717,nested_test,unweighted,0.24960972368717194
72-8,72,8,5,0,0.3195424,nested_test,unweighted,0.24960972368717194
72-9,72,9,5,1,0.023685299,nested_test,unweighted,0.24960972368717194
72-10,72,10,5,0,0.06151485,nested_test,unweighted,0.24960972368717194
72-11,72,11,5,0,0.22570175,nested_test,unweighted,0.24960972368717194
72-12,72,12,5,0,0.4190381,nested_test,unweighted,0.24960972368717194
73-0,73,0,1,0,0.13704525,nested_test,unweighted,0.2802690267562866
73-1,73,1,1,0,0.14780545,nested_test,unweighted,0.2802690267562866
73-2,73,2,1,0,0.090907216,nested_test,unweighted,0.2802690267562866
73-3,73,3,1,0,0.08875213,nested_test,unweighted,0.2802690267562866
73-4,73,4,1,0,0.036944304,nested_test,unweighted,0.2802690267562866
73-5,73,5,1,0,0.061691858,nested_test,unweighted,0.2802690267562866
73-6,73,6,1,0,0.04390355,nested_test,unweighted,0.2802690267562866
73-7,73,7,1,0,0.06830796,nested_test,unweighted,0.2802690267562866
73-8,73,8,1,0,0.043855123,nested_test,unweighted,0.2802690267562866
73-9,73,9,1,0,0.11743972,nested_test,unweighted,0.2802690267562866
73-10,73,10,1,0,0.030002335,nested_test,unweighted,0.2802690267562866
73-11,73,11,1,0,0.10324425,nested_test,unweighted,0.2802690267562866
73-12,73,12,1,0,0.07539264,nested_test,unweighted,0.2802690267562866
74-0,74,0,4,0,0.0209253,nested_test,unweighted,0.2913484275341034
74-1,74,1,4,0,0.046596557,nested_test,unweighted,0.2913484275341034
74-2,74,2,4,0,0.101313055,nested_test,unweighted,0.2913484275341034
74-3,74,3,4,0,0.048524562,nested_test,unweighted,0.2913484275341034
74-4,74,4,4,0,0.014837664,nested_test,unweighted,0.2913484275341034
74-5,74,5,4,0,0.027749907,nested_test,unweighted,0.2913484275341034
74-6,74,6,4,0,0.037224114,nested_test,unweighted,0.2913484275341034
74-7,74,7,4,0,0.030163499,nested_test,unweighted,0.2913484275341034
74-8,74,8,4,0,0.065635085,nested_test,unweighted,0.2913484275341034
74-9,74,9,4,0,0.09304362,nested_test,unweighted,0.2913484275341034
74-10,74,10,4,0,0.014420589,nested_test,unweighted,0.2913484275341034
74-11,74,11,4,0,0.06102116,nested_test,unweighted,0.2913484275341034
74-12,74,12,4,0,0.041510303,nested_test,unweighted,0.2913484275341034
75-0,75,0,3,0,0.062896036,nested_test,unweighted,0.1947115957736969
75-1,75,1,3,0,0.05460553,nested_test,unweighted,0.1947115957736969
75-2,75,2,3,0,0.019278575,nested_test,unweighted,0.1947115957736969
75-3,75,3,3,0,0.13428079,nested_test,unweighted,0.1947115957736969
75-4,75,4,3,0,0.01747175,nested_test,unweighted,0.1947115957736969
75-5,75,5,3,0,0.10868868,nested_test,unweighted,0.1947115957736969
75-6,75,6,3,0,0.017274804,nested_test,unweighted,0.1947115957736969
75-7,75,7,3,0,0.04768537,nested_test,unweighted,0.1947115957736969
75-8,75,8,3,1,0.045587573,nested_test,unweighted,0.1947115957736969
75-9,75,9,3,1,0.17038067,nested_test,unweighted,0.1947115957736969
75-10,75,10,3,0,0.023543866,nested_test,unweighted,0.1947115957736969
75-11,75,11,3,0,0.03677465,nested_test,unweighted,0.1947115957736969
75-12,75,12,3,0,0.052521873,nested_test,unweighted,0.1947115957736969
76-0,76,0,5,0,0.018425304,nested_test,unweighted,0.24960972368717194
76-1,76,1,5,0,0.042833485,nested_test,unweighted,0.24960972368717194
76-2,76,2,5,0,0.011861211,nested_test,unweighted,0.24960972368717194
76-3,76,3,5,0,0.056552947,nested_test,unweighted,0.24960972368717194
76-4,76,4,5,0,0.023095142,nested_test,unweighted,0.24960972368717194
76-5,76,5,5,0,0.0071266936,nested_test,unweighted,0.24960972368717194
76-6,76,6,5,0,0.07079515,nested_test,unweighted,0.24960972368717194
76-7,76,7,5,0,0.038578242,nested_test,unweighted,0.24960972368717194
76-8,76,8,5,0,0.017366841,nested_test,unweighted,0.24960972368717194
76-9,76,9,5,0,0.042137653,nested_test,unweighted,0.24960972368717194
76-10,76,10,5,0,0.009347744,nested_test,unweighted,0.24960972368717194
76-11,76,11,5,0,0.015518735,nested_test,unweighted,0.24960972368717194
76-12,76,12,5,0,0.039689224,nested_test,unweighted,0.24960972368717194
77-0,77,0,3,1,0.051681608,nested_test,unweighted,0.1947115957736969
77-1,77,1,3,1,0.044798683,nested_test,unweighted,0.1947115957736969
77-2,77,2,3,0,0.025923971,nested_test,unweighted,0.1947115957736969
77-3,77,3,3,0,0.25083557,nested_test,unweighted,0.1947115957736969
77-4,77,4,3,1,0.014107756,nested_test,unweighted,0.1947115957736969
77-5,77,5,3,1,0.07477374,nested_test,unweighted,0.1947115957736969
77-6,77,6,3,0,0.022760943,nested_test,unweighted,0.1947115957736969
77-7,77,7,3,0,0.07298956,nested_test,unweighted,0.1947115957736969
77-8,77,8,3,0,0.05849925,nested_test,unweighted,0.1947115957736969
77-9,77,9,3,1,0.072694674,nested_test,unweighted,0.1947115957736969
77-10,77,10,3,1,0.017027693,nested_test,unweighted,0.1947115957736969
77-11,77,11,3,1,0.029646207,nested_test,unweighted,0.1947115957736969
77-12,77,12,3,1,0.0433017,nested_test,unweighted,0.1947115957736969
78-0,78,0,1,0,0.27175716,nested_test,unweighted,0.2802690267562866
78-1,78,1,1,1,0.14813888,nested_test,unweighted,0.2802690267562866
78-2,78,2,1,0,0.1720249,nested_test,unweighted,0.2802690267562866
78-3,78,3,1,0,0.16970731,nested_test,unweighted,0.2802690267562866
78-4,78,4,1,0,0.08698927,nested_test,unweighted,0.2802690267562866
78-5,78,5,1,0,0.102862164,nested_test,unweighted,0.2802690267562866
78-6,78,6,1,1,0.042192772,nested_test,unweighted,0.2802690267562866
78-7,78,7,1,0,0.12082475,nested_test,unweighted,0.2802690267562866
78-8,78,8,1,0,0.084961765,nested_test,unweighted,0.2802690267562866
78-9,78,9,1,1,0.14529304,nested_test,unweighted,0.2802690267562866
78-10,78,10,1,0,0.043768417,nested_test,unweighted,0.2802690267562866
78-11,78,11,1,1,0.08159579,nested_test,unweighted,0.2802690267562866
78-12,78,12,1,0,0.13812084,nested_test,unweighted,0.2802690267562866
79-0,79,0,3,0,0.051681608,nested_test,unweighted,0.1947115957736969
79-1,79,1,3,0,0.044798683,nested_test,unweighted,0.1947115957736969
79-2,79,2,3,0,0.017304061,nested_test,unweighted,0.1947115957736969
79-3,79,3,3,0,0.14646737,nested_test,unweighted,0.1947115957736969
79-4,79,4,3,0,0.020117966,nested_test,unweighted,0.1947115957736969
79-5,79,5,3,0,0.07477374,nested_test,unweighted,0.1947115957736969
79-6,79,6,3,0,0.013804625,nested_test,unweighted,0.1947115957736969
79-7,79,7,3,0,0.03873342,nested_test,unweighted,0.1947115957736969
79-8,79,8,3,0,0.023674697,nested_test,unweighted,0.1947115957736969
79-9,79,9,3,0,0.072694674,nested_test,unweighted,0.1947115957736969
79-10,79,10,3,0,0.014302296,nested_test,unweighted,0.1947115957736969
79-11,79,11,3,0,0.029763758,nested_test,unweighted,0.1947115957736969
79-12,79,12,3,0,0.0433017,nested_test,unweighted,0.1947115957736969
80-0,80,0,1,1,0.19328207,nested_test,unweighted,0.2802690267562866
80-1,80,1,1,1,0.22924069,nested_test,unweighted,0.2802690267562866
80-2,80,2,1,0,0.022251815,nested_test,unweighted,0.2802690267562866
80-3,80,3,1,0,0.025105288,nested_test,unweighted,0.2802690267562866
80-4,80,4,1,0,0.010271011,nested_test,unweighted,0.2802690267562866
80-5,80,5,1,1,0.086410694,nested_test,unweighted,0.2802690267562866
80-6,80,6,1,0,0.01145509,nested_test,unweighted,0.2802690267562866
80-7,80,7,1,0,0.021004071,nested_test,unweighted,0.2802690267562866
80-8,80,8,1,0,0.010710807,nested_test,unweighted,0.2802690267562866
80-9,80,9,1,0,0.03724596,nested_test,unweighted,0.2802690267562866
80-10,80,10,1,1,0.030600255,nested_test,unweighted,0.2802690267562866
80-11,80,11,1,0,0.022961902,nested_test,unweighted,0.2802690267562866
80-12,80,12,1,1,0.098184764,nested_test,unweighted,0.2802690267562866
81-0,81,0,1,0,0.124124125,nested_test,unweighted,0.2802690267562866
81-1,81,1,1,0,0.11330937,nested_test,unweighted,0.2802690267562866
81-2,81,2,1,0,0.0595954,nested_test,unweighted,0.2802690267562866
81-3,81,3,1,0,0.07333333,nested_test,unweighted,0.2802690267562866
81-4,81,4,1,0,0.029087039,nested_test,unweighted,0.2802690267562866
81-5,81,5,1,0,0.04494594,nested_test,unweighted,0.2802690267562866
81-6,81,6,1,0,0.03333867,nested_test,unweighted,0.2802690267562866
81-7,81,7,1,0,0.063502945,nested_test,unweighted,0.2802690267562866
81-8,81,8,1,0,0.031941026,nested_test,unweighted,0.2802690267562866
81-9,81,9,1,0,0.08835773,nested_test,unweighted,0.2802690267562866
81-10,81,10,1,0,0.024228085,nested_test,unweighted,0.2802690267562866
81-11,81,11,1,0,0.07692412,nested_test,unweighted,0.2802690267562866
81-12,81,12,1,0,0.053102534,nested_test,unweighted,0.2802690267562866
82-0,82,0,5,0,0.010973727,nested_test,unweighted,0.24960972368717194
82-1,82,1,5,0,0.022977456,nested_test,unweighted,0.24960972368717194
82-2,82,2,5,0,0.007192266,nested_test,unweighted,0.24960972368717194
82-3,82,3,5,0,0.034577228,nested_test,unweighted,0.24960972368717194
82-4,82,4,5,0,0.013597134,nested_test,unweighted,0.24960972368717194
82-5,82,5,5,0,0.0038974595,nested_test,unweighted,0.24960972368717194
82-6,82,6,5,1,0.5901143,nested_test,unweighted,0.24960972368717194
82-7,82,7,5,0,0.021996057,nested_test,unweighted,0.24960972368717194
82-8,82,8,5,1,0.3195424,nested_test,unweighted,0.24960972368717194
82-9,82,9,5,0,0.023685299,nested_test,unweighted,0.24960972368717194
82-10,82,10,5,0,0.0040639457,nested_test,unweighted,0.24960972368717194
82-11,82,11,5,0,0.008567585,nested_test,unweighted,0.24960972368717194
82-12,82,12,5,0,0.021273095,nested_test,unweighted,0.24960972368717194
83-0,83,0,3,0,0.055346806,nested_test,unweighted,0.1947115957736969
83-1,83,1,3,0,0.04307458,nested_test,unweighted,0.1947115957736969
83-2,83,2,3,0,0.015783723,nested_test,unweighted,0.1947115957736969
83-3,83,3,3,0,0.1403065,nested_test,unweighted,0.1947115957736969
83-4,83,4,3,0,0.020991918,nested_test,unweighted,0.1947115957736969
83-5,83,5,3,0,0.075936586,nested_test,unweighted,0.1947115957736969
83-6,83,6,3,0,0.014686498,nested_test,unweighted,0.1947115957736969
83-7,83,7,3,0,0.040015705,nested_test,unweighted,0.1947115957736969
83-8,83,8,3,0,0.022795402,nested_test,unweighted,0.1947115957736969
83-9,83,9,3,0,0.07172158,nested_test,unweighted,0.1947115957736969
83-10,83,10,3,0,0.01470264,nested_test,unweighted,0.1947115957736969
83-11,83,11,3,0,0.029622609,nested_test,unweighted,0.1947115957736969
83-12,83,12,3,0,0.047008317,nested_test,unweighted,0.1947115957736969
84-0,84,0,5,0,0.010973727,nested_test,unweighted,0.24960972368717194
84-1,84,1,5,0,0.022977456,nested_test,unweighted,0.24960972368717194
84-2,84,2,5,1,0.24494632,nested_test,unweighted,0.24960972368717194
84-3,84,3,5,1,0.55733603,nested_test,unweighted,0.24960972368717194
84-4,84,4,5,0,0.013541534,nested_test,unweighted,0.24960972368717194
84-5,84,5,5,0,0.003967379,nested_test,unweighted,0.24960972368717194
84-6,84,6,5,1,0.5901143,nested_test,unweighted,0.24960972368717194
84-7,84,7,5,0,0.021996057,nested_test,unweighted,0.24960972368717194
84-8,84,8,5,1,0.23964915,nested_test,unweighted,0.24960972368717194
84-9,84,9,5,0,0.025343942,nested_test,unweighted,0.24960972368717194
84-10,84,10,5,1,0.04743811,nested_test,unweighted,0.24960972368717194
84-11,84,11,5,0,0.008567585,nested_test,unweighted,0.24960972368717194
84-12,84,12,5,1,0.4190381,nested_test,unweighted,0.24960972368717194
85-0,85,0,1,0,0.16574632,nested_test,unweighted,0.2802690267562866
85-1,85,1,1,0,0.18314397,nested_test,unweighted,0.2802690267562866
85-2,85,2,1,0,0.11212506,nested_test,unweighted,0.2802690267562866
85-3,85,3,1,0,0.12672283,nested_test,unweighted,0.2802690267562866
85-4,85,4,1,0,0.052774128,nested_test,unweighted,0.2802690267562866
85-5,85,5,1,0,0.06932483,nested_test,unweighted,0.2802690267562866
85-6,85,6,1,0,0.06124561,nested_test,unweighted,0.2802690267562866
85-7,85,7,1,0,0.107775085,nested_test,unweighted,0.2802690267562866
85-8,85,8,1,0,0.058701217,nested_test,unweighted,0.2802690267562866
85-9,85,9,1,0,0.15542643,nested_test,unweighted,0.2802690267562866
85-10,85,10,1,0,0.042509343,nested_test,unweighted,0.2802690267562866
85-11,85,11,1,0,0.12373984,nested_test,unweighted,0.2802690267562866
85-12,85,12,1,0,0.1030618,nested_test,unweighted,0.2802690267562866
86-0,86,0,1,0,0.09745426,nested_test,unweighted,0.2802690267562866
86-1,86,1,1,0,0.10371522,nested_test,unweighted,0.2802690267562866
86-2,86,2,1,1,0.153006,nested_test,unweighted,0.2802690267562866
86-3,86,3,1,0,0.07431433,nested_test,unweighted,0.2802690267562866
86-4,86,4,1,0,0.029466186,nested_test,unweighted,0.2802690267562866
86-5,86,5,1,0,0.041226983,nested_test,unweighted,0.2802690267562866
86-6,86,6,1,0,0.030284498,nested_test,unweighted,0.2802690267562866
86-7,86,7,1,1,0.10444523,nested_test,unweighted,0.2802690267562866
86-8,86,8,1,0,0.030710194,nested_test,unweighted,0.2802690267562866
86-9,86,9,1,0,0.13133544,nested_test,unweighted,0.2802690267562866
86-10,86,10,1,0,0.021989575,nested_test,unweighted,0.2802690267562866
86-11,86,11,1,0,0.068022005,nested_test,unweighted,0.2802690267562866
86-12,86,12,1,0,0.057014897,nested_test,unweighted,0.2802690267562866
87-0,87,0,4,0,0.026269106,nested_test,unweighted,0.2913484275341034
87-1,87,1,4,0,0.059036788,nested_test,unweighted,0.2913484275341034
87-2,87,2,4,0,0.12642416,nested_test,unweighted,0.2913484275341034
87-3,87,3,4,0,0.056982994,nested_test,unweighted,0.2913484275341034
87-4,87,4,4,0,0.018656436,nested_test,unweighted,0.2913484275341034
87-5,87,5,4,0,0.027066382,nested_test,unweighted,0.2913484275341034
87-6,87,6,4,0,0.041763574,nested_test,unweighted,0.2913484275341034
87-7,87,7,4,0,0.05233814,nested_test,unweighted,0.2913484275341034
87-8,87,8,4,0,0.08381215,nested_test,unweighted,0.2913484275341034
87-9,87,9,4,0,0.11637066,nested_test,unweighted,0.2913484275341034
87-10,87,10,4,0,0.01787205,nested_test,unweighted,0.2913484275341034
87-11,87,11,4,0,0.06861941,nested_test,unweighted,0.2913484275341034
87-12,87,12,4,0,0.052667644,nested_test,unweighted,0.2913484275341034
88-0,88,0,5,0,0.038658626,nested_test,unweighted,0.24960972368717194
88-1,88,1,5,0,0.13121043,nested_test,unweighted,0.24960972368717194
88-2,88,2,5,0,0.033588856,nested_test,unweighted,0.24960972368717194
88-3,88,3,5,0,0.123853534,nested_test,unweighted,0.24960972368717194
88-4,88,4,5,0,0.0701962,nested_test,unweighted,0.24960972368717194
88-5,88,5,5,0,0.011682957,nested_test,unweighted,0.24960972368717194
88-6,88,6,5,1,0.059523243,nested_test,unweighted,0.24960972368717194
88-7,88,7,5,1,0.025514115,nested_test,unweighted,0.24960972368717194
88-8,88,8,5,0,0.06342318,nested_test,unweighted,0.24960972368717194
88-9,88,9,5,1,0.04944119,nested_test,unweighted,0.24960972368717194
88-10,88,10,5,0,0.010398766,nested_test,unweighted,0.24960972368717194
88-11,88,11,5,0,0.060707036,nested_test,unweighted,0.24960972368717194
88-12,88,12,5,0,0.08241454,nested_test,unweighted,0.24960972368717194
89-0,89,0,1,0,0.08636095,nested_test,unweighted,0.2802690267562866
89-1,89,1,1,0,0.10124183,nested_test,unweighted,0.2802690267562866
89-2,89,2,1,0,0.055455513,nested_test,unweighted,0.2802690267562866
89-3,89,3,1,0,0.06320055,nested_test,unweighted,0.2802690267562866
89-4,89,4,1,0,0.023406293,nested_test,unweighted,0.2802690267562866
89-5,89,5,1,0,0.03961096,nested_test,unweighted,0.2802690267562866
89-6,89,6,1,1,0.067775965,nested_test,unweighted,0.2802690267562866
89-7,89,7,1,0,0.048513424,nested_test,unweighted,0.2802690267562866
89-8,89,8,1,1,0.07882133,nested_test,unweighted,0.2802690267562866
89-9,89,9,1,0,0.09919203,nested_test,unweighted,0.2802690267562866
89-10,89,10,1,1,0.025873177,nested_test,unweighted,0.2802690267562866
89-11,89,11,1,0,0.06838259,nested_test,unweighted,0.2802690267562866
89-12,89,12,1,0,0.047919888,nested_test,unweighted,0.2802690267562866
90-0,90,0,3,0,0.06183992,nested_test,unweighted,0.1947115957736969
90-1,90,1,3,0,0.07290765,nested_test,unweighted,0.1947115957736969
90-2,90,2,3,0,0.029539848,nested_test,unweighted,0.1947115957736969
90-3,90,3,3,0,0.12682328,nested_test,unweighted,0.1947115957736969
90-4,90,4,3,0,0.030406931,nested_test,unweighted,0.1947115957736969
90-5,90,5,3,0,0.10464013,nested_test,unweighted,0.1947115957736969
90-6,90,6,3,1,0.02439503,nested_test,unweighted,0.1947115957736969
90-7,90,7,3,0,0.054781336,nested_test,unweighted,0.1947115957736969
90-8,90,8,3,0,0.03264125,nested_test,unweighted,0.1947115957736969
90-9,90,9,3,0,0.10054559,nested_test,unweighted,0.1947115957736969
90-10,90,10,3,0,0.019737475,nested_test,unweighted,0.1947115957736969
90-11,90,11,3,1,0.051231485,nested_test,unweighted,0.1947115957736969
90-12,90,12,3,0,0.07182278,nested_test,unweighted,0.1947115957736969
91-0,91,0,3,1,0.05069274,nested_test,unweighted,0.1947115957736969
91-1,91,1,3,0,0.08200559,nested_test,unweighted,0.1947115957736969
91-2,91,2,3,0,0.025322836,nested_test,unweighted,0.1947115957736969
91-3,91,3,3,0,0.16573803,nested_test,unweighted,0.1947115957736969
91-4,91,4,3,0,0.025497237,nested_test,unweighted,0.1947115957736969
91-5,91,5,3,0,0.09001239,nested_test,unweighted,0.1947115957736969
91-6,91,6,3,0,0.029827826,nested_test,unweighted,0.1947115957736969
91-7,91,7,3,0,0.043400194,nested_test,unweighted,0.1947115957736969
91-8,91,8,3,0,0.039461214,nested_test,unweighted,0.1947115957736969
91-9,91,9,3,0,0.08703719,nested_test,unweighted,0.1947115957736969
91-10,91,10,3,1,0.013934505,nested_test,unweighted,0.1947115957736969
91-11,91,11,3,0,0.062931076,nested_test,unweighted,0.1947115957736969
91-12,91,12,3,1,0.045865554,nested_test,unweighted,0.1947115957736969
92-0,92,0,5,0,0.0160621,nested_test,unweighted,0.24960972368717194
92-1,92,1,5,0,0.053750414,nested_test,unweighted,0.24960972368717194
92-2,92,2,5,0,0.013806897,nested_test,unweighted,0.24960972368717194
92-3,92,3,5,0,0.07983329,nested_test,unweighted,0.24960972368717194
92-4,92,4,5,0,0.026925731,nested_test,unweighted,0.24960972368717194
92-5,92,5,5,1,0.007417629,nested_test,unweighted,0.24960972368717194
92-6,92,6,5,0,0.07232601,nested_test,unweighted,0.24960972368717194
92-7,92,7,5,0,0.039356906,nested_test,unweighted,0.24960972368717194
92-8,92,8,5,1,0.020931602,nested_test,unweighted,0.24960972368717194
92-9,92,9,5,0,0.04286534,nested_test,unweighted,0.24960972368717194
92-10,92,10,5,0,0.0066465256,nested_test,unweighted,0.24960972368717194
92-11,92,11,5,0,0.021658339,nested_test,unweighted,0.24960972368717194
92-12,92,12,5,0,0.051773448,nested_test,unweighted,0.24960972368717194
93-0,93,0,5,0,0.0139977345,nested_test,unweighted,0.24960972368717194
93-1,93,1,5,0,0.035448723,nested_test,unweighted,0.24960972368717194
93-2,93,2,5,0,0.009340647,nested_test,unweighted,0.24960972368717194
93-3,93,3,5,0,0.04580317,nested_test,unweighted,0.24960972368717194
93-4,93,4,5,0,0.015266955,nested_test,unweighted,0.24960972368717194
93-5,93,5,5,0,0.005396599,nested_test,unweighted,0.24960972368717194
93-6,93,6,5,0,0.054968372,nested_test,unweighted,0.24960972368717194
93-7,93,7,5,0,0.029708019,nested_test,unweighted,0.24960972368717194
93-8,93,8,5,0,0.012668337,nested_test,unweighted,0.24960972368717194
93-9,93,9,5,0,0.036526393,nested_test,unweighted,0.24960972368717194
93-10,93,10,5,1,0.023015793,nested_test,unweighted,0.24960972368717194
93-11,93,11,5,0,0.012668539,nested_test,unweighted,0.24960972368717194
93-12,93,12,5,0,0.024979431,nested_test,unweighted,0.24960972368717194
94-0,94,0,1,0,0.049587425,nested_test,unweighted,0.2802690267562866
94-1,94,1,1,0,0.05728961,nested_test,unweighted,0.2802690267562866
94-2,94,2,1,1,0.2825426,nested_test,unweighted,0.2802690267562866
94-3,94,3,1,0,0.039766114,nested_test,unweighted,0.2802690267562866
94-4,94,4,1,0,0.011681394,nested_test,unweighted,0.2802690267562866
94-5,94,5,1,0,0.021179967,nested_test,unweighted,0.2802690267562866
94-6,94,6,1,0,0.017617175,nested_test,unweighted,0.2802690267562866
94-7,94,7,1,0,0.027899921,nested_test,unweighted,0.2802690267562866
94-8,94,8,1,1,0.15672629,nested_test,unweighted,0.2802690267562866
94-9,94,9,1,0,0.042904623,nested_test,unweighted,0.2802690267562866
94-10,94,10,1,0,0.011708626,nested_test,unweighted,0.2802690267562866
94-11,94,11,1,0,0.039560143,nested_test,unweighted,0.2802690267562866
94-12,94,12,1,0,0.024687642,nested_test,unweighted,0.2802690267562866
95-0,95,0,2,1,0.071484305,nested_test,unweighted,0.2061617523431778
95-1,95,1,2,0,0.08379155,nested_test,unweighted,0.2061617523431778
95-2,95,2,2,0,0.10890404,nested_test,unweighted,0.2061617523431778
95-3,95,3,2,1,0.14778073,nested_test,unweighted,0.2061617523431778
95-4,95,4,2,0,0.02154879,nested_test,unweighted,0.2061617523431778
95-5,95,5,2,1,0.13407148,nested_test,unweighted,0.2061617523431778
95-6,95,6,2,1,0.02775918,nested_test,unweighted,0.2061617523431778
95-7,95,7,2,0,0.040134765,nested_test,unweighted,0.2061617523431778
95-8,95,8,2,1,0.25087774,nested_test,unweighted,0.2061617523431778
95-9,95,9,2,1,0.17032672,nested_test,unweighted,0.2061617523431778
95-10,95,10,2,1,0.028266467,nested_test,unweighted,0.2061617523431778
95-11,95,11,2,1,0.028829485,nested_test,unweighted,0.2061617523431778
95-12,95,12,2,0,0.04341714,nested_test,unweighted,0.2061617523431778
96-0,96,0,4,1,0.010885126,nested_test,unweighted,0.2913484275341034
96-1,96,1,4,1,0.023377739,nested_test,unweighted,0.2913484275341034
96-2,96,2,4,1,0.058516126,nested_test,unweighted,0.2913484275341034
96-3,96,3,4,1,0.037246678,nested_test,unweighted,0.2913484275341034
96-4,96,4,4,1,0.008492901,nested_test,unweighted,0.2913484275341034
96-5,96,5,4,1,0.013786505,nested_test,unweighted,0.2913484275341034
96-6,96,6,4,1,0.018584507,nested_test,unweighted,0.2913484275341034
96-7,96,7,4,1,0.01585431,nested_test,unweighted,0.2913484275341034
96-8,96,8,4,1,0.031817216,nested_test,unweighted,0.2913484275341034
96-9,96,9,4,1,0.0481128,nested_test,unweighted,0.2913484275341034
96-10,96,10,4,1,0.01007694,nested_test,unweighted,0.2913484275341034
96-11,96,11,4,1,0.02950543,nested_test,unweighted,0.2913484275341034
96-12,96,12,4,0,0.2406258,nested_test,unweighted,0.2913484275341034
97-0,97,0,4,0,0.05275885,nested_test,unweighted,0.2913484275341034
97-1,97,1,4,0,0.12854512,nested_test,unweighted,0.2913484275341034
97-2,97,2,4,0,0.25077313,nested_test,unweighted,0.2913484275341034
97-3,97,3,4,0,0.18588367,nested_test,unweighted,0.2913484275341034
97-4,97,4,4,0,0.06476129,nested_test,unweighted,0.2913484275341034
97-5,97,5,4,0,0.07931063,nested_test,unweighted,0.2913484275341034
97-6,97,6,4,0,0.10479513,nested_test,unweighted,0.2913484275341034
97-7,97,7,4,0,0.07597573,nested_test,unweighted,0.2913484275341034
97-8,97,8,4,0,0.17700346,nested_test,unweighted,0.2913484275341034
97-9,97,9,4,1,0.1946459,nested_test,unweighted,0.2913484275341034
97-10,97,10,4,1,0.028339485,nested_test,unweighted,0.2913484275341034
97-11,97,11,4,0,0.16397494,nested_test,unweighted,0.2913484275341034
97-12,97,12,4,0,0.12650312,nested_test,unweighted,0.2913484275341034
98-0,98,0,1,0,0.10345875,nested_test,unweighted,0.2802690267562866
98-1,98,1,1,1,0.22500405,nested_test,unweighted,0.2802690267562866
98-2,98,2,1,0,0.05283043,nested_test,unweighted,0.2802690267562866
98-3,98,3,1,0,0.051885445,nested_test,unweighted,0.2802690267562866
98-4,98,4,1,0,0.020542141,nested_test,unweighted,0.2802690267562866
98-5,98,5,1,0,0.03313816,nested_test,unweighted,0.2802690267562866
98-6,98,6,1,0,0.02320207,nested_test,unweighted,0.2802690267562866
98-7,98,7,1,0,0.042992506,nested_test,unweighted,0.2802690267562866
98-8,98,8,1,0,0.028182115,nested_test,unweighted,0.2802690267562866
98-9,98,9,1,0,0.09410024,nested_test,unweighted,0.2802690267562866
98-10,98,10,1,0,0.018131442,nested_test,unweighted,0.2802690267562866
98-11,98,11,1,0,0.054681964,nested_test,unweighted,0.2802690267562866
98-12,98,12,1,1,0.11488517,nested_test,unweighted,0.2802690267562866
99-0,99,0,1,0,0.130191,nested_test,unweighted,0.2802690267562866
99-1,99,1,1,0,0.18175566,nested_test,unweighted,0.2802690267562866
99-2,99,2,1,0,0.09627695,nested_test,unweighted,0.2802690267562866
99-3,99,3,1,0,0.10906479,nested_test,unweighted,0.2802690267562866
99-4,99,4,1,0,0.042930048,nested_test,unweighted,0.2802690267562866
99-5,99,5,1,1,0.068107925,nested_test,unweighted,0.2802690267562866
99-6,99,6,1,0,0.05113412,nested_test,unweighted,0.2802690267562866
99-7,99,7,1,0,0.08056915,nested_test,unweighted,0.2802690267562866
99-8,99,8,1,0,0.043784536,nested_test,unweighted,0.2802690267562866
99-9,99,9,1,0,0.13739735,nested_test,unweighted,0.2802690267562866
99-10,99,10,1,0,0.030105127,nested_test,unweighted,0.2802690267562866
99-11,99,11,1,0,0.10243269,nested_test,unweighted,0.2802690267562866
99-12,99,12,1,0,0.08201053,nested_test,unweighted,0.2802690267562866
100-0,100,0,3,0,0.05382829,nested_test,unweighted,0.1947115957736969
100-1,100,1,3,0,0.052633967,nested_test,unweighted,0.1947115957736969
100-2,100,2,3,0,0.018985162,nested_test,unweighted,0.1947115957736969
100-3,100,3,3,1,0.24644907,nested_test,unweighted,0.1947115957736969
100-4,100,4,3,1,0.0570031,nested_test,unweighted,0.1947115957736969
100-5,100,5,3,0,0.097115524,nested_test,unweighted,0.1947115957736969
100-6,100,6,3,1,0.030106908,nested_test,unweighted,0.1947115957736969
100-7,100,7,3,0,0.040001795,nested_test,unweighted,0.1947115957736969
100-8,100,8,3,1,0.04496176,nested_test,unweighted,0.1947115957736969
100-9,100,9,3,0,0.07564455,nested_test,unweighted,0.1947115957736969
100-10,100,10,3,0,0.020825094,nested_test,unweighted,0.1947115957736969
100-11,100,11,3,1,0.076438375,nested_test,unweighted,0.1947115957736969
100-12,100,12,3,1,0.10370901,nested_test,unweighted,0.1947115957736969
101-0,101,0,4,0,0.020431794,nested_test,unweighted,0.2913484275341034
101-1,101,1,4,0,0.030656353,nested_test,unweighted,0.2913484275341034
101-2,101,2,4,0,0.07640794,nested_test,unweighted,0.2913484275341034
101-3,101,3,4,0,0.040684458,nested_test,unweighted,0.2913484275341034
101-4,101,4,4,0,0.012247942,nested_test,unweighted,0.2913484275341034
101-5,101,5,4,0,0.020222912,nested_test,unweighted,0.2913484275341034
101-6,101,6,4,0,0.026449341,nested_test,unweighted,0.2913484275341034
101-7,101,7,4,0,0.032487806,nested_test,unweighted,0.2913484275341034
101-8,101,8,4,0,0.042074367,nested_test,unweighted,0.2913484275341034
101-9,101,9,4,0,0.06921127,nested_test,unweighted,0.2913484275341034
101-10,101,10,4,0,0.014669216,nested_test,unweighted,0.2913484275341034
101-11,101,11,4,0,0.0380358,nested_test,unweighted,0.2913484275341034
101-12,101,12,4,0,0.03591177,nested_test,unweighted,0.2913484275341034
102-0,102,0,4,0,0.011727577,nested_test,unweighted,0.2913484275341034
102-1,102,1,4,0,0.024828691,nested_test,unweighted,0.2913484275341034
102-2,102,2,4,1,0.3522195,nested_test,unweighted,0.2913484275341034
102-3,102,3,4,1,0.2393549,nested_test,unweighted,0.2913484275341034
102-4,102,4,4,1,0.09695755,nested_test,unweighted,0.2913484275341034
102-5,102,5,4,0,0.017194653,nested_test,unweighted,0.2913484275341034
102-6,102,6,4,0,0.019743979,nested_test,unweighted,0.2913484275341034
102-7,102,7,4,0,0.022755042,nested_test,unweighted,0.2913484275341034
102-8,102,8,4,1,0.29578343,nested_test,unweighted,0.2913484275341034
102-9,102,9,4,0,0.060688835,nested_test,unweighted,0.2913484275341034
102-10,102,10,4,1,0.05156466,nested_test,unweighted,0.2913484275341034
102-11,102,11,4,1,0.2878836,nested_test,unweighted,0.2913484275341034
102-12,102,12,4,0,0.026488433,nested_test,unweighted,0.2913484275341034
103-0,103,0,1,0,0.12536599,nested_test,unweighted,0.2802690267562866
103-1,103,1,1,0,0.12801357,nested_test,unweighted,0.2802690267562866
103-2,103,2,1,1,0.20168342,nested_test,unweighted,0.2802690267562866
103-3,103,3,1,0,0.1094252,nested_test,unweighted,0.2802690267562866
103-4,103,4,1,0,0.036425494,nested_test,unweighted,0.2802690267562866
103-5,103,5,1,1,0.112344086,nested_test,unweighted,0.2802690267562866
103-6,103,6,1,0,0.05020048,nested_test,unweighted,0.2802690267562866
103-7,103,7,1,0,0.07058904,nested_test,unweighted,0.2802690267562866
103-8,103,8,1,0,0.047512986,nested_test,unweighted,0.2802690267562866
103-9,103,9,1,0,0.12549737,nested_test,unweighted,0.2802690267562866
103-10,103,10,1,1,0.050337914,nested_test,unweighted,0.2802690267562866
103-11,103,11,1,1,0.19694096,nested_test,unweighted,0.2802690267562866
103-12,103,12,1,0,0.08429973,nested_test,unweighted,0.2802690267562866
104-0,104,0,4,0,0.029084528,nested_test,unweighted,0.2913484275341034
104-1,104,1,4,0,0.059988875,nested_test,unweighted,0.2913484275341034
104-2,104,2,4,0,0.12652355,nested_test,unweighted,0.2913484275341034
104-3,104,3,4,0,0.06070229,nested_test,unweighted,0.2913484275341034
104-4,104,4,4,1,0.028699221,nested_test,unweighted,0.2913484275341034
104-5,104,5,4,0,0.02420944,nested_test,unweighted,0.2913484275341034
104-6,104,6,4,0,0.04926063,nested_test,unweighted,0.2913484275341034
104-7,104,7,4,0,0.07127794,nested_test,unweighted,0.2913484275341034
104-8,104,8,4,0,0.1064189,nested_test,unweighted,0.2913484275341034
104-9,104,9,4,0,0.10281173,nested_test,unweighted,0.2913484275341034
104-10,104,10,4,0,0.016883882,nested_test,unweighted,0.2913484275341034
104-11,104,11,4,1,0.06512897,nested_test,unweighted,0.2913484275341034
104-12,104,12,4,0,0.055064235,nested_test,unweighted,0.2913484275341034
105-0,105,0,5,0,0.0096657425,nested_test,unweighted,0.24960972368717194
105-1,105,1,5,0,0.019583259,nested_test,unweighted,0.24960972368717194
105-2,105,2,5,0,0.006115242,nested_test,unweighted,0.24960972368717194
105-3,105,3,5,0,0.03232894,nested_test,unweighted,0.24960972368717194
105-4,105,4,5,0,0.012469719,nested_test,unweighted,0.24960972368717194
105-5,105,5,5,0,0.0035862017,nested_test,unweighted,0.24960972368717194
105-6,105,6,5,0,0.036414318,nested_test,unweighted,0.24960972368717194
105-7,105,7,5,0,0.01950437,nested_test,unweighted,0.24960972368717194
105-8,105,8,5,0,0.008190567,nested_test,unweighted,0.24960972368717194
105-9,105,9,5,0,0.020196332,nested_test,unweighted,0.24960972368717194
105-10,105,10,5,0,0.003999733,nested_test,unweighted,0.24960972368717194
105-11,105,11,5,0,0.0072861146,nested_test,unweighted,0.24960972368717194
105-12,105,12,5,0,0.01441542,nested_test,unweighted,0.24960972368717194
106-0,106,0,3,0,0.08281056,nested_test,unweighted,0.1947115957736969
106-1,106,1,3,0,0.0838366,nested_test,unweighted,0.1947115957736969
106-2,106,2,3,0,0.03328158,nested_test,unweighted,0.1947115957736969
106-3,106,3,3,0,0.25083557,nested_test,unweighted,0.1947115957736969
106-4,106,4,3,0,0.026102405,nested_test,unweighted,0.1947115957736969
106-5,106,5,3,0,0.13907176,nested_test,unweighted,0.1947115957736969
106-6,106,6,3,0,0.022760943,nested_test,unweighted,0.1947115957736969
106-7,106,7,3,0,0.07298956,nested_test,unweighted,0.1947115957736969
106-8,106,8,3,0,0.045587573,nested_test,unweighted,0.1947115957736969
106-9,106,9,3,0,0.1333292,nested_test,unweighted,0.1947115957736969
106-10,106,10,3,0,0.030976798,nested_test,unweighted,0.1947115957736969
106-11,106,11,3,0,0.06436603,nested_test,unweighted,0.1947115957736969
106-12,106,12,3,0,0.10591203,nested_test,unweighted,0.1947115957736969
107-0,107,0,3,0,0.10025785,nested_test,unweighted,0.1947115957736969
107-1,107,1,3,0,0.09710154,nested_test,unweighted,0.1947115957736969
107-2,107,2,3,0,0.02042601,nested_test,unweighted,0.1947115957736969
107-3,107,3,3,0,0.17652865,nested_test,unweighted,0.1947115957736969
107-4,107,4,3,0,0.029177442,nested_test,unweighted,0.1947115957736969
107-5,107,5,3,0,0.110107005,nested_test,unweighted,0.1947115957736969
107-6,107,6,3,0,0.02653409,nested_test,unweighted,0.1947115957736969
107-7,107,7,3,0,0.053918242,nested_test,unweighted,0.1947115957736969
107-8,107,8,3,0,0.047857903,nested_test,unweighted,0.1947115957736969
107-9,107,9,3,0,0.09048341,nested_test,unweighted,0.1947115957736969
107-10,107,10,3,0,0.0335182,nested_test,unweighted,0.1947115957736969
107-11,107,11,3,0,0.06663169,nested_test,unweighted,0.1947115957736969
107-12,107,12,3,0,0.09355682,nested_test,unweighted,0.1947115957736969
108-0,108,0,4,0,0.027738236,nested_test,unweighted,0.2913484275341034
108-1,108,1,4,0,0.07920755,nested_test,unweighted,0.2913484275341034
108-2,108,2,4,0,0.15608561,nested_test,unweighted,0.2913484275341034
108-3,108,3,4,0,0.059391744,nested_test,unweighted,0.2913484275341034
108-4,108,4,4,0,0.023133058,nested_test,unweighted,0.2913484275341034
108-5,108,5,4,0,0.030064344,nested_test,unweighted,0.2913484275341034
108-6,108,6,4,0,0.04999538,nested_test,unweighted,0.2913484275341034
108-7,108,7,4,0,0.044905316,nested_test,unweighted,0.2913484275341034
108-8,108,8,4,0,0.11060948,nested_test,unweighted,0.2913484275341034
108-9,108,9,4,0,0.08202706,nested_test,unweighted,0.2913484275341034
108-10,108,10,4,0,0.014942599,nested_test,unweighted,0.2913484275341034
108-11,108,11,4,1,0.16397494,nested_test,unweighted,0.2913484275341034
108-12,108,12,4,0,0.066065945,nested_test,unweighted,0.2913484275341034
109-0,109,0,3,0,0.08100001,nested_test,unweighted,0.1947115957736969
109-1,109,1,3,1,0.06829751,nested_test,unweighted,0.1947115957736969
109-2,109,2,3,0,0.025322836,nested_test,unweighted,0.1947115957736969
109-3,109,3,3,0,0.24126054,nested_test,unweighted,0.1947115957736969
109-4,109,4,3,0,0.025701579,nested_test,unweighted,0.1947115957736969
109-5,109,5,3,0,0.13913563,nested_test,unweighted,0.1947115957736969
109-6,109,6,3,0,0.022410251,nested_test,unweighted,0.1947115957736969
109-7,109,7,3,0,0.07192189,nested_test,unweighted,0.1947115957736969
109-8,109,8,3,0,0.04490132,nested_test,unweighted,0.1947115957736969
109-9,109,9,3,0,0.13057134,nested_test,unweighted,0.1947115957736969
109-10,109,10,3,0,0.022637466,nested_test,unweighted,0.1947115957736969
109-11,109,11,3,0,0.062931076,nested_test,unweighted,0.1947115957736969
109-12,109,12,3,0,0.079060435,nested_test,unweighted,0.1947115957736969
110-0,110,0,3,0,0.073748775,nested_test,unweighted,0.1947115957736969
110-1,110,1,3,0,0.07951376,nested_test,unweighted,0.1947115957736969
110-2,110,2,3,0,0.0237433,nested_test,unweighted,0.1947115957736969
110-3,110,3,3,0,0.15519264,nested_test,unweighted,0.1947115957736969
110-4,110,4,3,0,0.03860279,nested_test,unweighted,0.1947115957736969
110-5,110,5,3,0,0.16318393,nested_test,unweighted,0.1947115957736969
110-6,110,6,3,0,0.022512501,nested_test,unweighted,0.1947115957736969
110-7,110,7,3,0,0.07173281,nested_test,unweighted,0.1947115957736969
110-8,110,8,3,0,0.041702706,nested_test,unweighted,0.1947115957736969
110-9,110,9,3,0,0.079963684,nested_test,unweighted,0.1947115957736969
110-10,110,10,3,0,0.027231378,nested_test,unweighted,0.1947115957736969
110-11,110,11,3,0,0.05718662,nested_test,unweighted,0.1947115957736969
110-12,110,12,3,0,0.09222462,nested_test,unweighted,0.1947115957736969
111-0,111,0,1,0,0.15631527,nested_test,unweighted,0.2802690267562866
111-1,111,1,1,0,0.1733003,nested_test,unweighted,0.2802690267562866
111-2,111,2,1,0,0.109329514,nested_test,unweighted,0.2802690267562866
111-3,111,3,1,0,0.124638475,nested_test,unweighted,0.2802690267562866
111-4,111,4,1,0,0.05773269,nested_test,unweighted,0.2802690267562866
111-5,111,5,1,0,0.06811104,nested_test,unweighted,0.2802690267562866
111-6,111,6,1,0,0.05429927,nested_test,unweighted,0.2802690267562866
111-7,111,7,1,0,0.07726166,nested_test,unweighted,0.2802690267562866
111-8,111,8,1,0,0.07381059,nested_test,unweighted,0.2802690267562866
111-9,111,9,1,0,0.17006758,nested_test,unweighted,0.2802690267562866
111-10,111,10,1,0,0.033431686,nested_test,unweighted,0.2802690267562866
111-11,111,11,1,0,0.1428264,nested_test,unweighted,0.2802690267562866
111-12,111,12,1,1,0.05526673,nested_test,unweighted,0.2802690267562866
112-0,112,0,2,0,0.056063343,nested_test,unweighted,0.2061617523431778
112-1,112,1,2,0,0.13359098,nested_test,unweighted,0.2061617523431778
112-2,112,2,2,0,0.17403337,nested_test,unweighted,0.2061617523431778
112-3,112,3,2,0,0.16612516,nested_test,unweighted,0.2061617523431778
112-4,112,4,2,0,0.03472888,nested_test,unweighted,0.2061617523431778
112-5,112,5,2,0,0.09200011,nested_test,unweighted,0.2061617523431778
112-6,112,6,2,0,0.035129342,nested_test,unweighted,0.2061617523431778
112-7,112,7,2,0,0.03963206,nested_test,unweighted,0.2061617523431778
112-8,112,8,2,1,0.30448297,nested_test,unweighted,0.2061617523431778
112-9,112,9,2,0,0.17972156,nested_test,unweighted,0.2061617523431778
112-10,112,10,2,1,0.031370156,nested_test,unweighted,0.2061617523431778
112-11,112,11,2,0,0.029020738,nested_test,unweighted,0.2061617523431778
112-12,112,12,2,0,0.071154885,nested_test,unweighted,0.2061617523431778
113-0,113,0,5,0,0.010973727,nested_test,unweighted,0.24960972368717194
113-1,113,1,5,0,0.022977456,nested_test,unweighted,0.24960972368717194
113-2,113,2,5,0,0.0076276395,nested_test,unweighted,0.24960972368717194
113-3,113,3,5,0,0.036590364,nested_test,unweighted,0.24960972368717194
113-4,113,4,5,0,0.013597134,nested_test,unweighted,0.24960972368717194
113-5,113,5,5,0,0.003913617,nested_test,unweighted,0.24960972368717194
113-6,113,6,5,0,0.054296754,nested_test,unweighted,0.24960972368717194
113-7,113,7,5,0,0.022780212,nested_test,unweighted,0.24960972368717194
113-8,113,8,5,0,0.0092505505,nested_test,unweighted,0.24960972368717194
113-9,113,9,5,0,0.025343942,nested_test,unweighted,0.24960972368717194
113-10,113,10,5,1,0.06151485,nested_test,unweighted,0.24960972368717194
113-11,113,11,5,0,0.008567585,nested_test,unweighted,0.24960972368717194
113-12,113,12,5,0,0.016758448,nested_test,unweighted,0.24960972368717194
114-0,114,0,2,0,0.06914941,nested_test,unweighted,0.2061617523431778
114-1,114,1,2,0,0.17809844,nested_test,unweighted,0.2061617523431778
114-2,114,2,2,0,0.22454786,nested_test,unweighted,0.2061617523431778
114-3,114,3,2,0,0.14277431,nested_test,unweighted,0.2061617523431778
114-4,114,4,2,0,0.039762314,nested_test,unweighted,0.2061617523431778
114-5,114,5,2,0,0.10589559,nested_test,unweighted,0.2061617523431778
114-6,114,6,2,0,0.026971946,nested_test,unweighted,0.2061617523431778
114-7,114,7,2,0,0.04898615,nested_test,unweighted,0.2061617523431778
114-8,114,8,2,1,0.14904876,nested_test,unweighted,0.2061617523431778
114-9,114,9,2,0,0.24058577,nested_test,unweighted,0.2061617523431778
114-10,114,10,2,0,0.02892462,nested_test,unweighted,0.2061617523431778
114-11,114,11,2,0,0.02950035,nested_test,unweighted,0.2061617523431778
114-12,114,12,2,0,0.08574368,nested_test,unweighted,0.2061617523431778
115-0,115,0,3,0,0.077105924,nested_test,unweighted,0.1947115957736969
115-1,115,1,3,0,0.081492394,nested_test,unweighted,0.1947115957736969
115-2,115,2,3,0,0.024593132,nested_test,unweighted,0.1947115957736969
115-3,115,3,3,0,0.16155672,nested_test,unweighted,0.1947115957736969
115-4,115,4,3,0,0.023746328,nested_test,unweighted,0.1947115957736969
115-5,115,5,3,0,0.08747231,nested_test,unweighted,0.1947115957736969
115-6,115,6,3,0,0.022854347,nested_test,unweighted,0.1947115957736969
115-7,115,7,3,0,0.042777557,nested_test,unweighted,0.1947115957736969
115-8,115,8,3,0,0.043849006,nested_test,unweighted,0.1947115957736969
115-9,115,9,3,0,0.069992326,nested_test,unweighted,0.1947115957736969
115-10,115,10,3,0,0.033347726,nested_test,unweighted,0.1947115957736969
115-11,115,11,3,0,0.060556863,nested_test,unweighted,0.1947115957736969
115-12,115,12,3,0,0.080290824,nested_test,unweighted,0.1947115957736969
116-0,116,0,1,1,0.29678896,nested_test,unweighted,0.2802690267562866
116-1,116,1,1,1,0.33844194,nested_test,unweighted,0.2802690267562866
116-2,116,2,1,1,0.23702188,nested_test,unweighted,0.2802690267562866
116-3,116,3,1,0,0.09196284,nested_test,unweighted,0.2802690267562866
116-4,116,4,1,0,0.04303315,nested_test,unweighted,0.2802690267562866
116-5,116,5,1,0,0.053214565,nested_test,unweighted,0.2802690267562866
116-6,116,6,1,1,0.12301039,nested_test,unweighted,0.2802690267562866
116-7,116,7,1,0,0.05727242,nested_test,unweighted,0.2802690267562866
116-8,116,8,1,1,0.11968084,nested_test,unweighted,0.2802690267562866
116-9,116,9,1,0,0.14506409,nested_test,unweighted,0.2802690267562866
116-10,116,10,1,1,0.060768187,nested_test,unweighted,0.2802690267562866
116-11,116,11,1,0,0.079167224,nested_test,unweighted,0.2802690267562866
116-12,116,12,1,1,0.18692522,nested_test,unweighted,0.2802690267562866
117-0,117,0,2,0,0.020613937,nested_test,unweighted,0.2061617523431778
117-1,117,1,2,0,0.04950962,nested_test,unweighted,0.2061617523431778
117-2,117,2,2,0,0.06501598,nested_test,unweighted,0.2061617523431778
117-3,117,3,2,0,0.03859695,nested_test,unweighted,0.2061617523431778
117-4,117,4,2,0,0.016509624,nested_test,unweighted,0.2061617523431778
117-5,117,5,2,0,0.024474258,nested_test,unweighted,0.2061617523431778
117-6,117,6,2,0,0.009629604,nested_test,unweighted,0.2061617523431778
117-7,117,7,2,0,0.01723886,nested_test,unweighted,0.2061617523431778
117-8,117,8,2,0,0.058240127,nested_test,unweighted,0.2061617523431778
117-9,117,9,2,0,0.055585187,nested_test,unweighted,0.2061617523431778
117-10,117,10,2,0,0.0064415834,nested_test,unweighted,0.2061617523431778
117-11,117,11,2,0,0.0072084945,nested_test,unweighted,0.2061617523431778
117-12,117,12,2,0,0.019386053,nested_test,unweighted,0.2061617523431778
118-0,118,0,4,0,0.010178877,nested_test,unweighted,0.2913484275341034
118-1,118,1,4,0,0.019549418,nested_test,unweighted,0.2913484275341034
118-2,118,2,4,0,0.049572706,nested_test,unweighted,0.2913484275341034
118-3,118,3,4,1,0.34347585,nested_test,unweighted,0.2913484275341034
118-4,118,4,4,0,0.00763858,nested_test,unweighted,0.2913484275341034
118-5,118,5,4,0,0.011510325,nested_test,unweighted,0.2913484275341034
118-6,118,6,4,0,0.016418573,nested_test,unweighted,0.2913484275341034
118-7,118,7,4,0,0.019169744,nested_test,unweighted,0.2913484275341034
118-8,118,8,4,1,0.39789572,nested_test,unweighted,0.2913484275341034
118-9,118,9,4,0,0.03094427,nested_test,unweighted,0.2913484275341034
118-10,118,10,4,0,0.007374191,nested_test,unweighted,0.2913484275341034
118-11,118,11,4,0,0.02384278,nested_test,unweighted,0.2913484275341034
118-12,118,12,4,0,0.018065372,nested_test,unweighted,0.2913484275341034
119-0,119,0,1,0,0.20025358,nested_test,unweighted,0.2802690267562866
119-1,119,1,1,0,0.21488234,nested_test,unweighted,0.2802690267562866
119-2,119,2,1,0,0.11325263,nested_test,unweighted,0.2802690267562866
119-3,119,3,1,0,0.15557487,nested_test,unweighted,0.2802690267562866
119-4,119,4,1,0,0.07262448,nested_test,unweighted,0.2802690267562866
119-5,119,5,1,0,0.08809489,nested_test,unweighted,0.2802690267562866
119-6,119,6,1,0,0.06973658,nested_test,unweighted,0.2802690267562866
119-7,119,7,1,0,0.10165638,nested_test,unweighted,0.2802690267562866
119-8,119,8,1,0,0.067893915,nested_test,unweighted,0.2802690267562866
119-9,119,9,1,0,0.25777,nested_test,unweighted,0.2802690267562866
119-10,119,10,1,0,0.030458923,nested_test,unweighted,0.2802690267562866
119-11,119,11,1,0,0.1524715,nested_test,unweighted,0.2802690267562866
119-12,119,12,1,0,0.12456225,nested_test,unweighted,0.2802690267562866
120-0,120,0,3,0,0.03768718,nested_test,unweighted,0.1947115957736969
120-1,120,1,3,1,0.1271343,nested_test,unweighted,0.1947115957736969
120-2,120,2,3,1,0.030704392,nested_test,unweighted,0.1947115957736969
120-3,120,3,3,0,0.098361306,nested_test,unweighted,0.1947115957736969
120-4,120,4,3,1,0.052030087,nested_test,unweighted,0.1947115957736969
120-5,120,5,3,0,0.0558385,nested_test,unweighted,0.1947115957736969
120-6,120,6,3,0,0.0099724345,nested_test,unweighted,0.1947115957736969
120-7,120,7,3,0,0.02783415,nested_test,unweighted,0.1947115957736969
120-8,120,8,3,0,0.01640014,nested_test,unweighted,0.1947115957736969
120-9,120,9,3,0,0.040306296,nested_test,unweighted,0.1947115957736969
120-10,120,10,3,0,0.013883945,nested_test,unweighted,0.1947115957736969
120-11,120,11,3,0,0.020100348,nested_test,unweighted,0.1947115957736969
120-12,120,12,3,0,0.032590896,nested_test,unweighted,0.1947115957736969
121-0,121,0,2,0,0.032871034,nested_test,unweighted,0.2061617523431778
121-1,121,1,2,0,0.07774013,nested_test,unweighted,0.2061617523431778
121-2,121,2,2,0,0.10022634,nested_test,unweighted,0.2061617523431778
121-3,121,3,2,0,0.09528501,nested_test,unweighted,0.2061617523431778
121-4,121,4,2,0,0.028606549,nested_test,unweighted,0.2061617523431778
121-5,121,5,2,0,0.04346428,nested_test,unweighted,0.2061617523431778
121-6,121,6,2,0,0.01599068,nested_test,unweighted,0.2061617523431778
121-7,121,7,2,0,0.031336833,nested_test,unweighted,0.2061617523431778
121-8,121,8,2,0,0.10109083,nested_test,unweighted,0.2061617523431778
121-9,121,9,2,0,0.119944,nested_test,unweighted,0.2061617523431778
121-10,121,10,2,0,0.0108415885,nested_test,unweighted,0.2061617523431778
121-11,121,11,2,0,0.013401434,nested_test,unweighted,0.2061617523431778
121-12,121,12,2,0,0.03456796,nested_test,unweighted,0.2061617523431778
122-0,122,0,5,0,0.009856621,nested_test,unweighted,0.24960972368717194
122-1,122,1,5,0,0.028786661,nested_test,unweighted,0.24960972368717194
122-2,122,2,5,0,0.008157888,nested_test,unweighted,0.24960972368717194
122-3,122,3,5,0,0.031199694,nested_test,unweighted,0.24960972368717194
122-4,122,4,5,0,0.016013805,nested_test,unweighted,0.24960972368717194
122-5,122,5,5,0,0.004395975,nested_test,unweighted,0.24960972368717194
122-6,122,6,5,0,0.042718153,nested_test,unweighted,0.24960972368717194
122-7,122,7,5,0,0.022387406,nested_test,unweighted,0.24960972368717194
122-8,122,8,5,0,0.010540394,nested_test,unweighted,0.24960972368717194
122-9,122,9,5,0,0.02898395,nested_test,unweighted,0.24960972368717194
122-10,122,10,5,0,0.0044807508,nested_test,unweighted,0.24960972368717194
122-11,122,11,5,0,0.009849912,nested_test,unweighted,0.24960972368717194
122-12,122,12,5,0,0.024996277,nested_test,unweighted,0.24960972368717194
123-0,123,0,5,0,0.19910274,nested_test,unweighted,0.24960972368717194
123-1,123,1,5,0,0.45283112,nested_test,unweighted,0.24960972368717194
123-2,123,2,5,0,0.17958876,nested_test,unweighted,0.24960972368717194
123-3,123,3,5,0,0.44583696,nested_test,unweighted,0.24960972368717194
123-4,123,4,5,0,0.28189316,nested_test,unweighted,0.24960972368717194
123-5,123,5,5,0,0.055135276,nested_test,unweighted,0.24960972368717194
123-6,123,6,5,0,0.5904041,nested_test,unweighted,0.24960972368717194
123-7,123,7,5,0,0.43042624,nested_test,unweighted,0.24960972368717194
123-8,123,8,5,0,0.23986761,nested_test,unweighted,0.24960972368717194
123-9,123,9,5,0,0.4605392,nested_test,unweighted,0.24960972368717194
123-10,123,10,5,0,0.03940044,nested_test,unweighted,0.24960972368717194
123-11,123,11,5,0,0.21954252,nested_test,unweighted,0.24960972368717194
123-12,123,12,5,0,0.32517898,nested_test,unweighted,0.24960972368717194
124-0,124,0,3,0,0.11051819,nested_test,unweighted,0.1947115957736969
124-1,124,1,3,0,0.06925979,nested_test,unweighted,0.1947115957736969
124-2,124,2,3,0,0.033444464,nested_test,unweighted,0.1947115957736969
124-3,124,3,3,0,0.15241775,nested_test,unweighted,0.1947115957736969
124-4,124,4,3,0,0.023689074,nested_test,unweighted,0.1947115957736969
124-5,124,5,3,0,0.1581355,nested_test,unweighted,0.1947115957736969
124-6,124,6,3,0,0.032952677,nested_test,unweighted,0.1947115957736969
124-7,124,7,3,0,0.063994445,nested_test,unweighted,0.1947115957736969
124-8,124,8,3,0,0.037358925,nested_test,unweighted,0.1947115957736969
124-9,124,9,3,0,0.14147604,nested_test,unweighted,0.1947115957736969
124-10,124,10,3,0,0.037417807,nested_test,unweighted,0.1947115957736969
124-11,124,11,3,0,0.06374874,nested_test,unweighted,0.1947115957736969
124-12,124,12,3,0,0.109883346,nested_test,unweighted,0.1947115957736969
125-0,125,0,5,1,0.08245482,nested_test,unweighted,0.24960972368717194
125-1,125,1,5,1,0.23672776,nested_test,unweighted,0.24960972368717194
125-2,125,2,5,1,0.073185645,nested_test,unweighted,0.24960972368717194
125-3,125,3,5,1,0.2174152,nested_test,unweighted,0.24960972368717194
125-4,125,4,5,1,0.14741611,nested_test,unweighted,0.24960972368717194
125-5,125,5,5,1,0.018135212,nested_test,unweighted,0.24960972368717194
125-6,125,6,5,0,0.0494571,nested_test,unweighted,0.24960972368717194
125-7,125,7,5,1,0.17848934,nested_test,unweighted,0.24960972368717194
125-8,125,8,5,1,0.07791641,nested_test,unweighted,0.24960972368717194
125-9,125,9,5,1,0.17765638,nested_test,unweighted,0.24960972368717194
125-10,125,10,5,0,0.0059195734,nested_test,unweighted,0.24960972368717194
125-11,125,11,5,1,0.07427021,nested_test,unweighted,0.24960972368717194
125-12,125,12,5,1,0.17152947,nested_test,unweighted,0.24960972368717194
126-0,126,0,1,0,0.22486947,nested_test,unweighted,0.2802690267562866
126-1,126,1,1,0,0.22523206,nested_test,unweighted,0.2802690267562866
126-2,126,2,1,0,0.14459726,nested_test,unweighted,0.2802690267562866
126-3,126,3,1,0,0.13803512,nested_test,unweighted,0.2802690267562866
126-4,126,4,1,0,0.067634605,nested_test,unweighted,0.2802690267562866
126-5,126,5,1,0,0.09698731,nested_test,unweighted,0.2802690267562866
126-6,126,6,1,0,0.07543748,nested_test,unweighted,0.2802690267562866
126-7,126,7,1,0,0.12634206,nested_test,unweighted,0.2802690267562866
126-8,126,8,1,0,0.07345609,nested_test,unweighted,0.2802690267562866
126-9,126,9,1,0,0.1833334,nested_test,unweighted,0.2802690267562866
126-10,126,10,1,0,0.034783598,nested_test,unweighted,0.2802690267562866
126-11,126,11,1,0,0.16374542,nested_test,unweighted,0.2802690267562866
126-12,126,12,1,0,0.11023365,nested_test,unweighted,0.2802690267562866
127-0,127,0,2,0,0.100727044,nested_test,unweighted,0.2061617523431778
127-1,127,1,2,0,0.17866318,nested_test,unweighted,0.2061617523431778
127-2,127,2,2,0,0.20807065,nested_test,unweighted,0.2061617523431778
127-3,127,3,2,0,0.15579887,nested_test,unweighted,0.2061617523431778
127-4,127,4,2,0,0.063242234,nested_test,unweighted,0.2061617523431778
127-5,127,5,2,0,0.10708393,nested_test,unweighted,0.2061617523431778
127-6,127,6,2,0,0.027380379,nested_test,unweighted,0.2061617523431778
127-7,127,7,2,0,0.075119995,nested_test,unweighted,0.2061617523431778
127-8,127,8,2,1,0.11359437,nested_test,unweighted,0.2061617523431778
127-9,127,9,2,0,0.23152944,nested_test,unweighted,0.2061617523431778
127-10,127,10,2,0,0.019336443,nested_test,unweighted,0.2061617523431778
127-11,127,11,2,1,0.0125000905,nested_test,unweighted,0.2061617523431778
127-12,127,12,2,0,0.092042364,nested_test,unweighted,0.2061617523431778
128-0,128,0,5,0,0.03636643,nested_test,unweighted,0.24960972368717194
128-1,128,1,5,0,0.11523798,nested_test,unweighted,0.24960972368717194
128-2,128,2,5,0,0.02069297,nested_test,unweighted,0.24960972368717194
128-3,128,3,5,0,0.15192781,nested_test,unweighted,0.24960972368717194
128-4,128,4,5,0,0.04211486,nested_test,unweighted,0.24960972368717194
128-5,128,5,5,0,0.00687858,nested_test,unweighted,0.24960972368717194
128-6,128,6,5,0,0.13366418,nested_test,unweighted,0.24960972368717194
128-7,128,7,5,0,0.053548515,nested_test,unweighted,0.24960972368717194
128-8,128,8,5,0,0.032445587,nested_test,unweighted,0.24960972368717194
128-9,128,9,5,0,0.08125662,nested_test,unweighted,0.24960972368717194
128-10,128,10,5,0,0.007506875,nested_test,unweighted,0.24960972368717194
128-11,128,11,5,0,0.03402981,nested_test,unweighted,0.24960972368717194
128-12,128,12,5,0,0.06764086,nested_test,unweighted,0.24960972368717194
129-0,129,0,2,0,0.008892578,nested_test,unweighted,0.2061617523431778
129-1,129,1,2,1,0.5894255,nested_test,unweighted,0.2061617523431778
129-2,129,2,2,0,0.020896494,nested_test,unweighted,0.2061617523431778
129-3,129,3,2,0,0.019681875,nested_test,unweighted,0.2061617523431778
129-4,129,4,2,0,0.004756184,nested_test,unweighted,0.2061617523431778
129-5,129,5,2,0,0.006268952,nested_test,unweighted,0.2061617523431778
129-6,129,6,2,0,0.003668706,nested_test,unweighted,0.2061617523431778
129-7,129,7,2,0,0.005041823,nested_test,unweighted,0.2061617523431778
129-8,129,8,2,0,0.021292146,nested_test,unweighted,0.2061617523431778
129-9,129,9,2,0,0.024675302,nested_test,unweighted,0.2061617523431778
129-10,129,10,2,0,0.0026991514,nested_test,unweighted,0.2061617523431778
129-11,129,11,2,0,0.0027543553,nested_test,unweighted,0.2061617523431778
129-12,129,12,2,0,0.0069883745,nested_test,unweighted,0.2061617523431778
130-0,130,0,5,0,0.018235965,nested_test,unweighted,0.24960972368717194
130-1,130,1,5,0,0.042833485,nested_test,unweighted,0.24960972368717194
130-2,130,2,5,0,0.011861211,nested_test,unweighted,0.24960972368717194
130-3,130,3,5,0,0.057696424,nested_test,unweighted,0.24960972368717194
130-4,130,4,5,0,0.026289474,nested_test,unweighted,0.24960972368717194
130-5,130,5,5,0,0.0072541228,nested_test,unweighted,0.24960972368717194
130-6,130,6,5,0,0.07079515,nested_test,unweighted,0.24960972368717194
130-7,130,7,5,0,0.038578242,nested_test,unweighted,0.24960972368717194
130-8,130,8,5,0,0.017366841,nested_test,unweighted,0.24960972368717194
130-9,130,9,5,0,0.04412538,nested_test,unweighted,0.24960972368717194
130-10,130,10,5,0,0.0099106375,nested_test,unweighted,0.24960972368717194
130-11,130,11,5,0,0.015518735,nested_test,unweighted,0.24960972368717194
130-12,130,12,5,0,0.03903839,nested_test,unweighted,0.24960972368717194
131-0,131,0,4,1,0.04365398,nested_test,unweighted,0.2913484275341034
131-1,131,1,4,1,0.09089146,nested_test,unweighted,0.2913484275341034
131-2,131,2,4,1,0.15568282,nested_test,unweighted,0.2913484275341034
131-3,131,3,4,1,0.089624576,nested_test,unweighted,0.2913484275341034
131-4,131,4,4,1,0.04380218,nested_test,unweighted,0.2913484275341034
131-5,131,5,4,1,0.055165783,nested_test,unweighted,0.2913484275341034
131-6,131,6,4,0,0.047309004,nested_test,unweighted,0.2913484275341034
131-7,131,7,4,1,0.10007302,nested_test,unweighted,0.2913484275341034
131-8,131,8,4,1,0.15078169,nested_test,unweighted,0.2913484275341034
131-9,131,9,4,1,0.12992327,nested_test,unweighted,0.2913484275341034
131-10,131,10,4,1,0.034192465,nested_test,unweighted,0.2913484275341034
131-11,131,11,4,1,0.11515589,nested_test,unweighted,0.2913484275341034
131-12,131,12,4,1,0.090175584,nested_test,unweighted,0.2913484275341034
132-0,132,0,3,0,0.051681608,nested_test,unweighted,0.1947115957736969
132-1,132,1,3,0,0.044798683,nested_test,unweighted,0.1947115957736969
132-2,132,2,3,0,0.017786428,nested_test,unweighted,0.1947115957736969
132-3,132,3,3,0,0.14646737,nested_test,unweighted,0.1947115957736969
132-4,132,4,3,1,0.0435471,nested_test,unweighted,0.1947115957736969
132-5,132,5,3,0,0.056622207,nested_test,unweighted,0.1947115957736969
132-6,132,6,3,1,0.02315292,nested_test,unweighted,0.1947115957736969
132-7,132,7,3,1,0.07298956,nested_test,unweighted,0.1947115957736969
132-8,132,8,3,0,0.021363355,nested_test,unweighted,0.1947115957736969
132-9,132,9,3,0,0.072694674,nested_test,unweighted,0.1947115957736969
132-10,132,10,3,0,0.019109432,nested_test,unweighted,0.1947115957736969
132-11,132,11,3,0,0.029763758,nested_test,unweighted,0.1947115957736969
132-12,132,12,3,1,0.10591203,nested_test,unweighted,0.1947115957736969
133-0,133,0,2,0,0.05257148,nested_test,unweighted,0.2061617523431778
133-1,133,1,2,0,0.1456677,nested_test,unweighted,0.2061617523431778
133-2,133,2,2,0,0.107800834,nested_test,unweighted,0.2061617523431778
133-3,133,3,2,0,0.10252874,nested_test,unweighted,0.2061617523431778
133-4,133,4,2,0,0.028731652,nested_test,unweighted,0.2061617523431778
133-5,133,5,2,0,0.08592476,nested_test,unweighted,0.2061617523431778
133-6,133,6,2,0,0.02307979,nested_test,unweighted,0.2061617523431778
133-7,133,7,2,0,0.037211146,nested_test,unweighted,0.2061617523431778
133-8,133,8,2,0,0.21236801,nested_test,unweighted,0.2061617523431778
133-9,133,9,2,0,0.11728196,nested_test,unweighted,0.2061617523431778
133-10,133,10,2,0,0.016522434,nested_test,unweighted,0.2061617523431778
133-11,133,11,2,0,0.023342125,nested_test,unweighted,0.2061617523431778
133-12,133,12,2,0,0.06665355,nested_test,unweighted,0.2061617523431778
134-0,134,0,5,0,0.012928655,nested_test,unweighted,0.24960972368717194
134-1,134,1,5,0,0.066747114,nested_test,unweighted,0.24960972368717194
134-2,134,2,5,0,0.009966537,nested_test,unweighted,0.24960972368717194
134-3,134,3,5,0,0.043075465,nested_test,unweighted,0.24960972368717194
134-4,134,4,5,0,0.0169525,nested_test,unweighted,0.24960972368717194
134-5,134,5,5,0,0.005897067,nested_test,unweighted,0.24960972368717194
134-6,134,6,5,0,0.05887841,nested_test,unweighted,0.24960972368717194
134-7,134,7,5,0,0.023761865,nested_test,unweighted,0.24960972368717194
134-8,134,8,5,0,0.01543128,nested_test,unweighted,0.24960972368717194
134-9,134,9,5,0,0.04613601,nested_test,unweighted,0.24960972368717194
134-10,134,10,5,0,0.0074753817,nested_test,unweighted,0.24960972368717194
134-11,134,11,5,0,0.019885259,nested_test,unweighted,0.24960972368717194
134-12,134,12,5,0,0.028009377,nested_test,unweighted,0.24960972368717194
135-0,135,0,1,0,0.044285893,nested_test,unweighted,0.2802690267562866
135-1,135,1,1,0,0.043884337,nested_test,unweighted,0.2802690267562866
135-2,135,2,1,0,0.024561822,nested_test,unweighted,0.2802690267562866
135-3,135,3,1,0,0.027405083,nested_test,unweighted,0.2802690267562866
135-4,135,4,1,0,0.010844259,nested_test,unweighted,0.2802690267562866
135-5,135,5,1,0,0.015020024,nested_test,unweighted,0.2802690267562866
135-6,135,6,1,0,0.013529253,nested_test,unweighted,0.2802690267562866
135-7,135,7,1,0,0.024763945,nested_test,unweighted,0.2802690267562866
135-8,135,8,1,0,0.012129262,nested_test,unweighted,0.2802690267562866
135-9,135,9,1,0,0.042940352,nested_test,unweighted,0.2802690267562866
135-10,135,10,1,0,0.009860535,nested_test,unweighted,0.2802690267562866
135-11,135,11,1,0,0.026388815,nested_test,unweighted,0.2802690267562866
135-12,135,12,1,0,0.021169383,nested_test,unweighted,0.2802690267562866
136-0,136,0,4,0,0.010178877,nested_test,unweighted,0.2913484275341034
136-1,136,1,4,0,0.019549418,nested_test,unweighted,0.2913484275341034
136-2,136,2,4,0,0.045369297,nested_test,unweighted,0.2913484275341034
136-3,136,3,4,0,0.025743334,nested_test,unweighted,0.2913484275341034
136-4,136,4,4,0,0.00763858,nested_test,unweighted,0.2913484275341034
136-5,136,5,4,0,0.010498673,nested_test,unweighted,0.2913484275341034
136-6,136,6,4,1,0.22974859,nested_test,unweighted,0.2913484275341034
136-7,136,7,4,0,0.018198214,nested_test,unweighted,0.2913484275341034
136-8,136,8,4,0,0.027962072,nested_test,unweighted,0.2913484275341034
136-9,136,9,4,0,0.033124458,nested_test,unweighted,0.2913484275341034
136-10,136,10,4,0,0.008484746,nested_test,unweighted,0.2913484275341034
136-11,136,11,4,0,0.02384278,nested_test,unweighted,0.2913484275341034
136-12,136,12,4,0,0.021279251,nested_test,unweighted,0.2913484275341034
137-0,137,0,4,1,0.03442801,nested_test,unweighted,0.2913484275341034
137-1,137,1,4,0,0.06619425,nested_test,unweighted,0.2913484275341034
137-2,137,2,4,0,0.1572522,nested_test,unweighted,0.2913484275341034
137-3,137,3,4,0,0.07685146,nested_test,unweighted,0.2913484275341034
137-4,137,4,4,0,0.023568142,nested_test,unweighted,0.2913484275341034
137-5,137,5,4,1,0.04069762,nested_test,unweighted,0.2913484275341034
137-6,137,6,4,0,0.05864873,nested_test,unweighted,0.2913484275341034
137-7,137,7,4,0,0.075441934,nested_test,unweighted,0.2913484275341034
137-8,137,8,4,0,0.10511612,nested_test,unweighted,0.2913484275341034
137-9,137,9,4,1,0.17417215,nested_test,unweighted,0.2913484275341034
137-10,137,10,4,0,0.020618532,nested_test,unweighted,0.2913484275341034
137-11,137,11,4,0,0.08719976,nested_test,unweighted,0.2913484275341034
137-12,137,12,4,1,0.0698634,nested_test,unweighted,0.2913484275341034
138-0,138,0,5,1,0.12200776,nested_test,unweighted,0.24960972368717194
138-1,138,1,5,0,0.042833485,nested_test,unweighted,0.24960972368717194
138-2,138,2,5,0,0.012826164,nested_test,unweighted,0.24960972368717194
138-3,138,3,5,0,0.058162656,nested_test,unweighted,0.24960972368717194
138-4,138,4,5,0,0.023815941,nested_test,unweighted,0.24960972368717194
138-5,138,5,5,0,0.0072541228,nested_test,unweighted,0.24960972368717194
138-6,138,6,5,0,0.07079515,nested_test,unweighted,0.24960972368717194
138-7,138,7,5,0,0.038578242,nested_test,unweighted,0.24960972368717194
138-8,138,8,5,0,0.017366841,nested_test,unweighted,0.24960972368717194
138-9,138,9,5,0,0.05700546,nested_test,unweighted,0.24960972368717194
138-10,138,10,5,0,0.009347744,nested_test,unweighted,0.24960972368717194
138-11,138,11,5,0,0.015518735,nested_test,unweighted,0.24960972368717194
138-12,138,12,5,1,0.20552287,nested_test,unweighted,0.24960972368717194
139-0,139,0,5,0,0.010973727,nested_test,unweighted,0.24960972368717194
139-1,139,1,5,0,0.022977456,nested_test,unweighted,0.24960972368717194
139-2,139,2,5,0,0.008567585,nested_test,unweighted,0.24960972368717194
139-3,139,3,5,0,0.036590364,nested_test,unweighted,0.24960972368717194
139-4,139,4,5,0,0.013597134,nested_test,unweighted,0.24960972368717194
139-5,139,5,5,0,0.0038974595,nested_test,unweighted,0.24960972368717194
139-6,139,6,5,0,0.040975947,nested_test,unweighted,0.24960972368717194
139-7,139,7,5,0,0.021996057,nested_test,unweighted,0.24960972368717194
139-8,139,8,5,0,0.00942226,nested_test,unweighted,0.24960972368717194
139-9,139,9,5,0,0.025343942,nested_test,unweighted,0.24960972368717194
139-10,139,10,5,0,0.004846431,nested_test,unweighted,0.24960972368717194
139-11,139,11,5,0,0.008567585,nested_test,unweighted,0.24960972368717194
139-12,139,12,5,0,0.016758448,nested_test,unweighted,0.24960972368717194
140-0,140,0,4,0,0.010178877,nested_test,unweighted,0.2913484275341034
140-1,140,1,4,0,0.019549418,nested_test,unweighted,0.2913484275341034
140-2,140,2,4,0,0.054669466,nested_test,unweighted,0.2913484275341034
140-3,140,3,4,0,0.031219795,nested_test,unweighted,0.2913484275341034
140-4,140,4,4,0,0.00723712,nested_test,unweighted,0.2913484275341034
140-5,140,5,4,0,0.011510325,nested_test,unweighted,0.2913484275341034
140-6,140,6,4,1,0.22767864,nested_test,unweighted,0.2913484275341034
140-7,140,7,4,0,0.019169744,nested_test,unweighted,0.2913484275341034
140-8,140,8,4,0,0.027962072,nested_test,unweighted,0.2913484275341034
140-9,140,9,4,0,0.043390118,nested_test,unweighted,0.2913484275341034
140-10,140,10,4,0,0.008484746,nested_test,unweighted,0.2913484275341034
140-11,140,11,4,0,0.02384278,nested_test,unweighted,0.2913484275341034
140-12,140,12,4,1,0.27380195,nested_test,unweighted,0.2913484275341034
141-0,141,0,1,0,0.10500819,nested_test,unweighted,0.2802690267562866
141-1,141,1,1,0,0.11602543,nested_test,unweighted,0.2802690267562866
141-2,141,2,1,0,0.07628001,nested_test,unweighted,0.2802690267562866
141-3,141,3,1,0,0.06712639,nested_test,unweighted,0.2802690267562866
141-4,141,4,1,0,0.025891034,nested_test,unweighted,0.2802690267562866
141-5,141,5,1,1,0.10993828,nested_test,unweighted,0.2802690267562866
141-6,141,6,1,0,0.034206845,nested_test,unweighted,0.2802690267562866
141-7,141,7,1,0,0.064729616,nested_test,unweighted,0.2802690267562866
141-8,141,8,1,0,0.043479428,nested_test,unweighted,0.2802690267562866
141-9,141,9,1,0,0.11371416,nested_test,unweighted,0.2802690267562866
141-10,141,10,1,0,0.023559278,nested_test,unweighted,0.2802690267562866
141-11,141,11,1,0,0.08014434,nested_test,unweighted,0.2802690267562866
141-12,141,12,1,0,0.054703943,nested_test,unweighted,0.2802690267562866
142-0,142,0,1,0,0.11210057,nested_test,unweighted,0.2802690267562866
142-1,142,1,1,0,0.13153799,nested_test,unweighted,0.2802690267562866
142-2,142,2,1,0,0.077266894,nested_test,unweighted,0.2802690267562866
142-3,142,3,1,0,0.071497,nested_test,unweighted,0.2802690267562866
142-4,142,4,1,0,0.027755925,nested_test,unweighted,0.2802690267562866
142-5,142,5,1,0,0.040776037,nested_test,unweighted,0.2802690267562866
142-6,142,6,1,0,0.033135377,nested_test,unweighted,0.2802690267562866
142-7,142,7,1,0,0.04996743,nested_test,unweighted,0.2802690267562866
142-8,142,8,1,0,0.036797248,nested_test,unweighted,0.2802690267562866
142-9,142,9,1,0,0.09269021,nested_test,unweighted,0.2802690267562866
142-10,142,10,1,0,0.021119494,nested_test,unweighted,0.2802690267562866
142-11,142,11,1,0,0.08960191,nested_test,unweighted,0.2802690267562866
142-12,142,12,1,0,0.048533984,nested_test,unweighted,0.2802690267562866
143-0,143,0,1,0,0.21693677,nested_test,unweighted,0.2802690267562866
143-1,143,1,1,0,0.25590014,nested_test,unweighted,0.2802690267562866
143-2,143,2,1,0,0.15739083,nested_test,unweighted,0.2802690267562866
143-3,143,3,1,0,0.17499304,nested_test,unweighted,0.2802690267562866
143-4,143,4,1,0,0.07359664,nested_test,unweighted,0.2802690267562866
143-5,143,5,1,1,0.073052905,nested_test,unweighted,0.2802690267562866
143-6,143,6,1,0,0.08302692,nested_test,unweighted,0.2802690267562866
143-7,143,7,1,0,0.13397287,nested_test,unweighted,0.2802690267562866
143-8,143,8,1,0,0.08156413,nested_test,unweighted,0.2802690267562866
143-9,143,9,1,0,0.25159553,nested_test,unweighted,0.2802690267562866
143-10,143,10,1,0,0.03422508,nested_test,unweighted,0.2802690267562866
143-11,143,11,1,0,0.17337547,nested_test,unweighted,0.2802690267562866
143-12,143,12,1,0,0.12825368,nested_test,unweighted,0.2802690267562866
144-0,144,0,4,0,0.018987108,nested_test,unweighted,0.2913484275341034
144-1,144,1,4,0,0.03261893,nested_test,unweighted,0.2913484275341034
144-2,144,2,4,0,0.07847244,nested_test,unweighted,0.2913484275341034
144-3,144,3,4,0,0.03411468,nested_test,unweighted,0.2913484275341034
144-4,144,4,4,0,0.011375204,nested_test,unweighted,0.2913484275341034
144-5,144,5,4,0,0.015148489,nested_test,unweighted,0.2913484275341034
144-6,144,6,4,0,0.024134252,nested_test,unweighted,0.2913484275341034
144-7,144,7,4,0,0.027391316,nested_test,unweighted,0.2913484275341034
144-8,144,8,4,0,0.039345272,nested_test,unweighted,0.2913484275341034
144-9,144,9,4,0,0.051029857,nested_test,unweighted,0.2913484275341034
144-10,144,10,4,0,0.010813184,nested_test,unweighted,0.2913484275341034
144-11,144,11,4,0,0.03513841,nested_test,unweighted,0.2913484275341034
144-12,144,12,4,0,0.027868764,nested_test,unweighted,0.2913484275341034
145-0,145,0,2,0,0.07221686,nested_test,unweighted,0.2061617523431778
145-1,145,1,2,0,0.173603,nested_test,unweighted,0.2061617523431778
145-2,145,2,2,0,0.19507898,nested_test,unweighted,0.2061617523431778
145-3,145,3,2,0,0.1470496,nested_test,unweighted,0.2061617523431778
145-4,145,4,2,0,0.041184276,nested_test,unweighted,0.2061617523431778
145-5,145,5,2,0,0.103794836,nested_test,unweighted,0.2061617523431778
145-6,145,6,2,0,0.025310218,nested_test,unweighted,0.2061617523431778
145-7,145,7,2,0,0.06969898,nested_test,unweighted,0.2061617523431778
145-8,145,8,2,0,0.22511442,nested_test,unweighted,0.2061617523431778
145-9,145,9,2,0,0.20930153,nested_test,unweighted,0.2061617523431778
145-10,145,10,2,1,0.010280889,nested_test,unweighted,0.2061617523431778
145-11,145,11,2,0,0.024836652,nested_test,unweighted,0.2061617523431778
145-12,145,12,2,0,0.06934107,nested_test,unweighted,0.2061617523431778
146-0,146,0,5,0,0.038658626,nested_test,unweighted,0.24960972368717194
146-1,146,1,5,0,0.13121043,nested_test,unweighted,0.24960972368717194
146-2,146,2,5,0,0.037909616,nested_test,unweighted,0.24960972368717194
146-3,146,3,5,0,0.11086598,nested_test,unweighted,0.24960972368717194
146-4,146,4,5,0,0.04498134,nested_test,unweighted,0.24960972368717194
146-5,146,5,5,0,0.008790146,nested_test,unweighted,0.24960972368717194
146-6,146,6,5,1,0.04735845,nested_test,unweighted,0.24960972368717194
146-7,146,7,5,0,0.08552367,nested_test,unweighted,0.24960972368717194
146-8,146,8,5,0,0.041062444,nested_test,unweighted,0.24960972368717194
146-9,146,9,5,0,0.13479252,nested_test,unweighted,0.24960972368717194
146-10,146,10,5,0,0.0126541555,nested_test,unweighted,0.24960972368717194
146-11,146,11,5,0,0.045896426,nested_test,unweighted,0.24960972368717194
146-12,146,12,5,0,0.0734083,nested_test,unweighted,0.24960972368717194
147-0,147,0,1,1,0.21693677,nested_test,unweighted,0.2802690267562866
147-1,147,1,1,0,0.18314397,nested_test,unweighted,0.2802690267562866
147-2,147,2,1,0,0.1165898,nested_test,unweighted,0.2802690267562866
147-3,147,3,1,0,0.12672283,nested_test,unweighted,0.2802690267562866
147-4,147,4,1,0,0.051866412,nested_test,unweighted,0.2802690267562866
147-5,147,5,1,0,0.070709325,nested_test,unweighted,0.2802690267562866
147-6,147,6,1,1,0.09028875,nested_test,unweighted,0.2802690267562866
147-7,147,7,1,0,0.10983683,nested_test,unweighted,0.2802690267562866
147-8,147,8,1,0,0.058701217,nested_test,unweighted,0.2802690267562866
147-9,147,9,1,0,0.18454862,nested_test,unweighted,0.2802690267562866
147-10,147,10,1,0,0.055719927,nested_test,unweighted,0.2802690267562866
147-11,147,11,1,0,0.12606384,nested_test,unweighted,0.2802690267562866
147-12,147,12,1,1,0.12825368,nested_test,unweighted,0.2802690267562866
148-0,148,0,2,0,0.13427795,nested_test,unweighted,0.2061617523431778
148-1,148,1,2,0,0.36698225,nested_test,unweighted,0.2061617523431778
148-2,148,2,2,0,0.26889703,nested_test,unweighted,0.2061617523431778
148-3,148,3,2,0,0.2580249,nested_test,unweighted,0.2061617523431778
148-4,148,4,2,1,0.020397475,nested_test,unweighted,0.2061617523431778
148-5,148,5,2,0,0.11420175,nested_test,unweighted,0.2061617523431778
148-6,148,6,2,0,0.071272925,nested_test,unweighted,0.2061617523431778
148-7,148,7,2,0,0.091602795,nested_test,unweighted,0.2061617523431778
148-8,148,8,2,0,0.47630775,nested_test,unweighted,0.2061617523431778
148-9,148,9,2,0,0.27516595,nested_test,unweighted,0.2061617523431778
148-10,148,10,2,0,0.06698741,nested_test,unweighted,0.2061617523431778
148-11,148,11,2,0,0.08433854,nested_test,unweighted,0.2061617523431778
148-12,148,12,2,0,0.19345403,nested_test,unweighted,0.2061617523431778
149-0,149,0,1,0,0.2671388,nested_test,unweighted,0.2802690267562866
149-1,149,1,1,1,0.05205002,nested_test,unweighted,0.2802690267562866
149-2,149,2,1,1,0.03218813,nested_test,unweighted,0.2802690267562866
149-3,149,3,1,1,0.035520073,nested_test,unweighted,0.2802690267562866
149-4,149,4,1,1,0.01363534,nested_test,unweighted,0.2802690267562866
149-5,149,5,1,1,0.018553918,nested_test,unweighted,0.2802690267562866
149-6,149,6,1,1,0.014937582,nested_test,unweighted,0.2802690267562866
149-7,149,7,1,1,0.027749157,nested_test,unweighted,0.2802690267562866
149-8,149,8,1,1,0.016907802,nested_test,unweighted,0.2802690267562866
149-9,149,9,1,1,0.05093975,nested_test,unweighted,0.2802690267562866
149-10,149,10,1,0,0.04656008,nested_test,unweighted,0.2802690267562866
149-11,149,11,1,0,0.21286203,nested_test,unweighted,0.2802690267562866
149-12,149,12,1,1,0.02483189,nested_test,unweighted,0.2802690267562866
150-0,150,0,4,0,0.010178877,nested_test,unweighted,0.2913484275341034
150-1,150,1,4,0,0.019549418,nested_test,unweighted,0.2913484275341034
150-2,150,2,4,0,0.045369297,nested_test,unweighted,0.2913484275341034
150-3,150,3,4,0,0.025743334,nested_test,unweighted,0.2913484275341034
150-4,150,4,4,0,0.0069155386,nested_test,unweighted,0.2913484275341034
150-5,150,5,4,0,0.010498673,nested_test,unweighted,0.2913484275341034
150-6,150,6,4,0,0.01459138,nested_test,unweighted,0.2913484275341034
150-7,150,7,4,0,0.018201755,nested_test,unweighted,0.2913484275341034
150-8,150,8,4,0,0.028652934,nested_test,unweighted,0.2913484275341034
150-9,150,9,4,0,0.033124458,nested_test,unweighted,0.2913484275341034
150-10,150,10,4,0,0.008698687,nested_test,unweighted,0.2913484275341034
150-11,150,11,4,0,0.02384278,nested_test,unweighted,0.2913484275341034
150-12,150,12,4,0,0.019490857,nested_test,unweighted,0.2913484275341034
151-0,151,0,2,1,0.1287398,nested_test,unweighted,0.2061617523431778
151-1,151,1,2,1,0.22795115,nested_test,unweighted,0.2061617523431778
151-2,151,2,2,1,0.28960666,nested_test,unweighted,0.2061617523431778
151-3,151,3,2,0,0.15907422,nested_test,unweighted,0.2061617523431778
151-4,151,4,2,0,0.04510458,nested_test,unweighted,0.2061617523431778
151-5,151,5,2,0,0.08654184,nested_test,unweighted,0.2061617523431778
151-6,151,6,2,0,0.029288016,nested_test,unweighted,0.2061617523431778
151-7,151,7,2,0,0.05564984,nested_test,unweighted,0.2061617523431778
151-8,151,8,2,0,0.15635213,nested_test,unweighted,0.2061617523431778
151-9,151,9,2,1,0.35544246,nested_test,unweighted,0.2061617523431778
151-10,151,10,2,1,0.032042615,nested_test,unweighted,0.2061617523431778
151-11,151,11,2,0,0.02176568,nested_test,unweighted,0.2061617523431778
151-12,151,12,2,0,0.064194,nested_test,unweighted,0.2061617523431778
152-0,152,0,4,0,0.04884105,nested_test,unweighted,0.2913484275341034
152-1,152,1,4,0,0.106814265,nested_test,unweighted,0.2913484275341034
152-2,152,2,4,0,0.23942327,nested_test,unweighted,0.2913484275341034
152-3,152,3,4,0,0.097614154,nested_test,unweighted,0.2913484275341034
152-4,152,4,4,0,0.034921788,nested_test,unweighted,0.2913484275341034
152-5,152,5,4,0,0.0552033,nested_test,unweighted,0.2913484275341034
152-6,152,6,4,0,0.0678739,nested_test,unweighted,0.2913484275341034
152-7,152,7,4,0,0.065392874,nested_test,unweighted,0.2913484275341034
152-8,152,8,4,0,0.14832176,nested_test,unweighted,0.2913484275341034
152-9,152,9,4,0,0.20579748,nested_test,unweighted,0.2913484275341034
152-10,152,10,4,0,0.025475107,nested_test,unweighted,0.2913484275341034
152-11,152,11,4,0,0.13935795,nested_test,unweighted,0.2913484275341034
152-12,152,12,4,0,0.09151074,nested_test,unweighted,0.2913484275341034
153-0,153,0,4,0,0.011437592,nested_test,unweighted,0.2913484275341034
153-1,153,1,4,0,0.024222704,nested_test,unweighted,0.2913484275341034
153-2,153,2,4,0,0.05345964,nested_test,unweighted,0.2913484275341034
153-3,153,3,4,0,0.027648173,nested_test,unweighted,0.2913484275341034
153-4,153,4,4,0,0.008135052,nested_test,unweighted,0.2913484275341034
153-5,153,5,4,0,0.014289871,nested_test,unweighted,0.2913484275341034
153-6,153,6,4,0,0.019259641,nested_test,unweighted,0.2913484275341034
153-7,153,7,4,0,0.015073102,nested_test,unweighted,0.2913484275341034
153-8,153,8,4,0,0.03233421,nested_test,unweighted,0.2913484275341034
153-9,153,9,4,0,0.044957574,nested_test,unweighted,0.2913484275341034
153-10,153,10,4,0,0.008425063,nested_test,unweighted,0.2913484275341034
153-11,153,11,4,0,0.03056494,nested_test,unweighted,0.2913484275341034
153-12,153,12,4,0,0.021131512,nested_test,unweighted,0.2913484275341034
154-0,154,0,1,0,0.06413755,nested_test,unweighted,0.2802690267562866
154-1,154,1,1,1,0.28448248,nested_test,unweighted,0.2802690267562866
154-2,154,2,1,1,0.16488354,nested_test,unweighted,0.2802690267562866
154-3,154,3,1,0,0.03940346,nested_test,unweighted,0.2802690267562866
154-4,154,4,1,1,0.10471772,nested_test,unweighted,0.2802690267562866
154-5,154,5,1,1,0.11393271,nested_test,unweighted,0.2802690267562866
154-6,154,6,1,1,0.08920609,nested_test,unweighted,0.2802690267562866
154-7,154,7,1,0,0.034033637,nested_test,unweighted,0.2802690267562866
154-8,154,8,1,1,0.118919365,nested_test,unweighted,0.2802690267562866
154-9,154,9,1,1,0.23741175,nested_test,unweighted,0.2802690267562866
154-10,154,10,1,1,0.040874645,nested_test,unweighted,0.2802690267562866
154-11,154,11,1,1,0.19515786,nested_test,unweighted,0.2802690267562866
154-12,154,12,1,1,0.14536397,nested_test,unweighted,0.2802690267562866
155-0,155,0,5,0,0.21972637,nested_test,unweighted,0.24960972368717194
155-1,155,1,5,1,0.01921244,nested_test,unweighted,0.24960972368717194
155-2,155,2,5,0,0.20594566,nested_test,unweighted,0.24960972368717194
155-3,155,3,5,0,0.47680286,nested_test,unweighted,0.24960972368717194
155-4,155,4,5,0,0.39638907,nested_test,unweighted,0.24960972368717194
155-5,155,5,5,0,0.061874878,nested_test,unweighted,0.24960972368717194
155-6,155,6,5,0,0.6196633,nested_test,unweighted,0.24960972368717194
155-7,155,7,5,0,0.46284744,nested_test,unweighted,0.24960972368717194
155-8,155,8,5,0,0.2629054,nested_test,unweighted,0.24960972368717194
155-9,155,9,5,0,0.49903163,nested_test,unweighted,0.24960972368717194
155-10,155,10,5,0,0.0690544,nested_test,unweighted,0.24960972368717194
155-11,155,11,5,0,0.24804594,nested_test,unweighted,0.24960972368717194
155-12,155,12,5,0,0.36343735,nested_test,unweighted,0.24960972368717194
156-0,156,0,2,1,0.025015982,nested_test,unweighted,0.2061617523431778
156-1,156,1,2,1,0.053085335,nested_test,unweighted,0.2061617523431778
156-2,156,2,2,1,0.0704049,nested_test,unweighted,0.2061617523431778
156-3,156,3,2,1,0.06754187,nested_test,unweighted,0.2061617523431778
156-4,156,4,2,1,0.013936929,nested_test,unweighted,0.2061617523431778
156-5,156,5,2,1,0.028810412,nested_test,unweighted,0.2061617523431778
156-6,156,6,2,1,0.012187828,nested_test,unweighted,0.2061617523431778
156-7,156,7,2,1,0.021531748,nested_test,unweighted,0.2061617523431778
156-8,156,8,2,1,0.087704636,nested_test,unweighted,0.2061617523431778
156-9,156,9,2,1,0.07378368,nested_test,unweighted,0.2061617523431778
156-10,156,10,2,1,0.008515904,nested_test,unweighted,0.2061617523431778
156-11,156,11,2,1,0.008689041,nested_test,unweighted,0.2061617523431778
156-12,156,12,2,0,0.23918968,nested_test,unweighted,0.2061617523431778
157-0,157,0,1,0,0.17369193,nested_test,unweighted,0.2802690267562866
157-1,157,1,1,0,0.19173189,nested_test,unweighted,0.2802690267562866
157-2,157,2,1,0,0.12179849,nested_test,unweighted,0.2802690267562866
157-3,157,3,1,0,0.12711473,nested_test,unweighted,0.2802690267562866
157-4,157,4,1,0,0.055665392,nested_test,unweighted,0.2802690267562866
157-5,157,5,1,0,0.061466098,nested_test,unweighted,0.2802690267562866
157-6,157,6,1,1,0.07810189,nested_test,unweighted,0.2802690267562866
157-7,157,7,1,0,0.1154732,nested_test,unweighted,0.2802690267562866
157-8,157,8,1,0,0.061896004,nested_test,unweighted,0.2802690267562866
157-9,157,9,1,0,0.18823363,nested_test,unweighted,0.2802690267562866
157-10,157,10,1,0,0.049911607,nested_test,unweighted,0.2802690267562866
157-11,157,11,1,0,0.12998547,nested_test,unweighted,0.2802690267562866
157-12,157,12,1,0,0.1009147,nested_test,unweighted,0.2802690267562866
158-0,158,0,5,1,0.008087779,nested_test,unweighted,0.24960972368717194
158-1,158,1,5,1,0.01921244,nested_test,unweighted,0.24960972368717194
158-2,158,2,5,1,0.006115242,nested_test,unweighted,0.24960972368717194
158-3,158,3,5,1,0.028967865,nested_test,unweighted,0.24960972368717194
158-4,158,4,5,1,0.010642163,nested_test,unweighted,0.24960972368717194
158-5,158,5,5,0,0.061874878,nested_test,unweighted,0.24960972368717194
158-6,158,6,5,0,0.6196633,nested_test,unweighted,0.24960972368717194
158-7,158,7,5,1,0.01950437,nested_test,unweighted,0.24960972368717194
158-8,158,8,5,1,0.008342774,nested_test,unweighted,0.24960972368717194
158-9,158,9,5,1,0.019806648,nested_test,unweighted,0.24960972368717194
158-10,158,10,5,1,0.0034537464,nested_test,unweighted,0.24960972368717194
158-11,158,11,5,1,0.0072861146,nested_test,unweighted,0.24960972368717194
158-12,158,12,5,1,0.014269487,nested_test,unweighted,0.24960972368717194
159-0,159,0,4,0,0.018586611,nested_test,unweighted,0.2913484275341034
159-1,159,1,4,0,0.03613071,nested_test,unweighted,0.2913484275341034
159-2,159,2,4,0,0.0892996,nested_test,unweighted,0.2913484275341034
159-3,159,3,4,0,0.057122886,nested_test,unweighted,0.2913484275341034
159-4,159,4,4,0,0.018177697,nested_test,unweighted,0.2913484275341034
159-5,159,5,4,0,0.021422021,nested_test,unweighted,0.2913484275341034
159-6,159,6,4,0,0.02625395,nested_test,unweighted,0.2913484275341034
159-7,159,7,4,0,0.03162698,nested_test,unweighted,0.2913484275341034
159-8,159,8,4,0,0.049947403,nested_test,unweighted,0.2913484275341034
159-9,159,9,4,0,0.0616528,nested_test,unweighted,0.2913484275341034
159-10,159,10,4,0,0.01387204,nested_test,unweighted,0.2913484275341034
159-11,159,11,4,0,0.044767044,nested_test,unweighted,0.2913484275341034
159-12,159,12,4,0,0.03254327,nested_test,unweighted,0.2913484275341034
160-0,160,0,4,0,0.010596349,nested_test,unweighted,0.2913484275341034
160-1,160,1,4,0,0.019549418,nested_test,unweighted,0.2913484275341034
160-2,160,2,4,0,0.047161277,nested_test,unweighted,0.2913484275341034
160-3,160,3,4,0,0.024461236,nested_test,unweighted,0.2913484275341034
160-4,160,4,4,0,0.007534861,nested_test,unweighted,0.2913484275341034
160-5,160,5,4,0,0.010929119,nested_test,unweighted,0.2913484275341034
160-6,160,6,4,0,0.015187045,nested_test,unweighted,0.2913484275341034
160-7,160,7,4,0,0.019169744,nested_test,unweighted,0.2913484275341034
160-8,160,8,4,0,0.027962072,nested_test,unweighted,0.2913484275341034
160-9,160,9,4,0,0.041699685,nested_test,unweighted,0.2913484275341034
160-10,160,10,4,0,0.0077615944,nested_test,unweighted,0.2913484275341034
160-11,160,11,4,0,0.02384278,nested_test,unweighted,0.2913484275341034
160-12,160,12,4,0,0.018800147,nested_test,unweighted,0.2913484275341034
161-0,161,0,2,0,0.03288214,nested_test,unweighted,0.2061617523431778
161-1,161,1,2,0,0.05350519,nested_test,unweighted,0.2061617523431778
161-2,161,2,2,0,0.07095148,nested_test,unweighted,0.2061617523431778
161-3,161,3,2,0,0.06806785,nested_test,unweighted,0.2061617523431778
161-4,161,4,2,0,0.013813574,nested_test,unweighted,0.2061617523431778
161-5,161,5,2,0,0.032380056,nested_test,unweighted,0.2061617523431778
161-6,161,6,2,0,0.012288435,nested_test,unweighted,0.2061617523431778
161-7,161,7,2,0,0.015253978,nested_test,unweighted,0.2061617523431778
161-8,161,8,2,1,0.5163186,nested_test,unweighted,0.2061617523431778
161-9,161,9,2,0,0.058082756,nested_test,unweighted,0.2061617523431778
161-10,161,10,2,0,0.00852543,nested_test,unweighted,0.2061617523431778
161-11,161,11,2,0,0.008998614,nested_test,unweighted,0.2061617523431778
161-12,161,12,2,0,0.024408523,nested_test,unweighted,0.2061617523431778
162-0,162,0,2,0,0.03781392,nested_test,unweighted,0.2061617523431778
162-1,162,1,2,0,0.09040504,nested_test,unweighted,0.2061617523431778
162-2,162,2,2,0,0.11400373,nested_test,unweighted,0.2061617523431778
162-3,162,3,2,0,0.08344808,nested_test,unweighted,0.2061617523431778
162-4,162,4,2,0,0.022029106,nested_test,unweighted,0.2061617523431778
162-5,162,5,2,0,0.03299344,nested_test,unweighted,0.2061617523431778
162-6,162,6,2,0,0.019049546,nested_test,unweighted,0.2061617523431778
162-7,162,7,2,0,0.03577761,nested_test,unweighted,0.2061617523431778
162-8,162,8,2,0,0.118817866,nested_test,unweighted,0.2061617523431778
162-9,162,9,2,0,0.14240864,nested_test,unweighted,0.2061617523431778
162-10,162,10,2,0,0.013225349,nested_test,unweighted,0.2061617523431778
162-11,162,11,2,0,0.015448563,nested_test,unweighted,0.2061617523431778
162-12,162,12,2,0,0.039718214,nested_test,unweighted,0.2061617523431778
163-0,163,0,2,1,0.056063343,nested_test,unweighted,0.2061617523431778
163-1,163,1,2,1,0.13359098,nested_test,unweighted,0.2061617523431778
163-2,163,2,2,1,0.21850814,nested_test,unweighted,0.2061617523431778
163-3,163,3,2,1,0.16612516,nested_test,unweighted,0.2061617523431778
163-4,163,4,2,1,0.05355184,nested_test,unweighted,0.2061617523431778
163-5,163,5,2,1,0.07361116,nested_test,unweighted,0.2061617523431778
163-6,163,6,2,1,0.035129342,nested_test,unweighted,0.2061617523431778
163-7,163,7,2,0,0.08543452,nested_test,unweighted,0.2061617523431778
163-8,163,8,2,1,0.18595935,nested_test,unweighted,0.2061617523431778
163-9,163,9,2,1,0.17972156,nested_test,unweighted,0.2061617523431778
163-10,163,10,2,1,0.022014482,nested_test,unweighted,0.2061617523431778
163-11,163,11,2,1,0.024706507,nested_test,unweighted,0.2061617523431778
163-12,163,12,2,1,0.063882336,nested_test,unweighted,0.2061617523431778
164-0,164,0,4,0,0.011437592,nested_test,unweighted,0.2913484275341034
164-1,164,1,4,0,0.024222704,nested_test,unweighted,0.2913484275341034
164-2,164,2,4,0,0.06055239,nested_test,unweighted,0.2913484275341034
164-3,164,3,4,0,0.027648173,nested_test,unweighted,0.2913484275341034
164-4,164,4,4,0,0.008135052,nested_test,unweighted,0.2913484275341034
164-5,164,5,4,0,0.014289871,nested_test,unweighted,0.2913484275341034
164-6,164,6,4,1,0.1053974,nested_test,unweighted,0.2913484275341034
164-7,164,7,4,0,0.020525621,nested_test,unweighted,0.2913484275341034
164-8,164,8,4,0,0.03233421,nested_test,unweighted,0.2913484275341034
164-9,164,9,4,0,0.05045836,nested_test,unweighted,0.2913484275341034
164-10,164,10,4,0,0.008425063,nested_test,unweighted,0.2913484275341034
164-11,164,11,4,0,0.03056494,nested_test,unweighted,0.2913484275341034
164-12,164,12,4,0,0.021131512,nested_test,unweighted,0.2913484275341034
165-0,165,0,1,0,0.039630942,nested_test,unweighted,0.2802690267562866
165-1,165,1,1,0,0.03926986,nested_test,unweighted,0.2802690267562866
165-2,165,2,1,0,0.021341136,nested_test,unweighted,0.2802690267562866
165-3,165,3,1,0,0.024834482,nested_test,unweighted,0.2802690267562866
165-4,165,4,1,0,0.009845718,nested_test,unweighted,0.2802690267562866
165-5,165,5,1,0,0.013177647,nested_test,unweighted,0.2802690267562866
165-6,165,6,1,0,0.01145509,nested_test,unweighted,0.2802690267562866
165-7,165,7,1,0,0.021133265,nested_test,unweighted,0.2802690267562866
165-8,165,8,1,0,0.010710807,nested_test,unweighted,0.2802690267562866
165-9,165,9,1,0,0.03842115,nested_test,unweighted,0.2802690267562866
165-10,165,10,1,0,0.008705062,nested_test,unweighted,0.2802690267562866
165-11,165,11,1,0,0.022961902,nested_test,unweighted,0.2802690267562866
165-12,165,12,1,0,0.018682418,nested_test,unweighted,0.2802690267562866
166-0,166,0,3,0,0.08909181,nested_test,unweighted,0.1947115957736969
166-1,166,1,3,0,0.0845748,nested_test,unweighted,0.1947115957736969
166-2,166,2,3,0,0.025474066,nested_test,unweighted,0.1947115957736969
166-3,166,3,3,0,0.1806312,nested_test,unweighted,0.1947115957736969
166-4,166,4,3,0,0.024448205,nested_test,unweighted,0.1947115957736969
166-5,166,5,3,0,0.100978404,nested_test,unweighted,0.1947115957736969
166-6,166,6,3,0,0.023159446,nested_test,unweighted,0.1947115957736969
166-7,166,7,3,0,0.049042515,nested_test,unweighted,0.1947115957736969
166-8,166,8,3,0,0.046366747,nested_test,unweighted,0.1947115957736969
166-9,166,9,3,0,0.09331293,nested_test,unweighted,0.1947115957736969
166-10,166,10,3,0,0.023394084,nested_test,unweighted,0.1947115957736969
166-11,166,11,3,0,0.06494492,nested_test,unweighted,0.1947115957736969
166-12,166,12,3,0,0.08051292,nested_test,unweighted,0.1947115957736969
167-0,167,0,1,0,0.2671388,nested_test,unweighted,0.2802690267562866
167-1,167,1,1,0,0.30727285,nested_test,unweighted,0.2802690267562866
167-2,167,2,1,0,0.22826979,nested_test,unweighted,0.2802690267562866
167-3,167,3,1,0,0.21788433,nested_test,unweighted,0.2802690267562866
167-4,167,4,1,0,0.115430124,nested_test,unweighted,0.2802690267562866
167-5,167,5,1,0,0.12745713,nested_test,unweighted,0.2802690267562866
167-6,167,6,1,0,0.10294041,nested_test,unweighted,0.2802690267562866
167-7,167,7,1,0,0.13376325,nested_test,unweighted,0.2802690267562866
167-8,167,8,1,1,0.013920733,nested_test,unweighted,0.2802690267562866
167-9,167,9,1,0,0.3047454,nested_test,unweighted,0.2802690267562866
167-10,167,10,1,0,0.04656008,nested_test,unweighted,0.2802690267562866
167-11,167,11,1,0,0.21286203,nested_test,unweighted,0.2802690267562866
167-12,167,12,1,0,0.13877355,nested_test,unweighted,0.2802690267562866
168-0,168,0,1,1,0.24574608,nested_test,unweighted,0.2802690267562866
168-1,168,1,1,0,0.13029593,nested_test,unweighted,0.2802690267562866
168-2,168,2,1,0,0.079509236,nested_test,unweighted,0.2802690267562866
168-3,168,3,1,0,0.09772513,nested_test,unweighted,0.2802690267562866
168-4,168,4,1,0,0.029444741,nested_test,unweighted,0.2802690267562866
168-5,168,5,1,0,0.060019832,nested_test,unweighted,0.2802690267562866
168-6,168,6,1,1,0.07830743,nested_test,unweighted,0.2802690267562866
168-7,168,7,1,0,0.0703349,nested_test,unweighted,0.2802690267562866
168-8,168,8,1,1,0.07203334,nested_test,unweighted,0.2802690267562866
168-9,168,9,1,0,0.12774146,nested_test,unweighted,0.2802690267562866
168-10,168,10,1,0,0.029126806,nested_test,unweighted,0.2802690267562866
168-11,168,11,1,0,0.090453304,nested_test,unweighted,0.2802690267562866
168-12,168,12,1,0,0.06579902,nested_test,unweighted,0.2802690267562866
169-0,169,0,5,0,0.12538679,nested_test,unweighted,0.24960972368717194
169-1,169,1,5,0,0.33549708,nested_test,unweighted,0.24960972368717194
169-2,169,2,5,0,0.108091414,nested_test,unweighted,0.24960972368717194
169-3,169,3,5,0,0.30408922,nested_test,unweighted,0.24960972368717194
169-4,169,4,5,0,0.1519238,nested_test,unweighted,0.24960972368717194
169-5,169,5,5,0,0.02439994,nested_test,unweighted,0.24960972368717194
169-6,169,6,5,0,0.39097157,nested_test,unweighted,0.24960972368717194
169-7,169,7,5,0,0.1851899,nested_test,unweighted,0.24960972368717194
169-8,169,8,5,0,0.12084604,nested_test,unweighted,0.24960972368717194
169-9,169,9,5,0,0.34009242,nested_test,unweighted,0.24960972368717194
169-10,169,10,5,1,0.0034659735,nested_test,unweighted,0.24960972368717194
169-11,169,11,5,0,0.11746724,nested_test,unweighted,0.24960972368717194
169-12,169,12,5,0,0.21766986,nested_test,unweighted,0.24960972368717194
170-0,170,0,3,0,0.051681608,nested_test,unweighted,0.1947115957736969
170-1,170,1,3,0,0.044798683,nested_test,unweighted,0.1947115957736969
170-2,170,2,3,0,0.015549391,nested_test,unweighted,0.1947115957736969
170-3,170,3,3,0,0.10996162,nested_test,unweighted,0.1947115957736969
170-4,170,4,3,0,0.020484384,nested_test,unweighted,0.1947115957736969
170-5,170,5,3,0,0.056622207,nested_test,unweighted,0.1947115957736969
170-6,170,6,3,0,0.011553362,nested_test,unweighted,0.1947115957736969
170-7,170,7,3,0,0.022755858,nested_test,unweighted,0.1947115957736969
170-8,170,8,3,0,0.021363355,nested_test,unweighted,0.1947115957736969
170-9,170,9,3,0,0.04639878,nested_test,unweighted,0.1947115957736969
170-10,170,10,3,0,0.019109432,nested_test,unweighted,0.1947115957736969
170-11,170,11,3,0,0.029763758,nested_test,unweighted,0.1947115957736969
170-12,170,12,3,0,0.04307217,nested_test,unweighted,0.1947115957736969
171-0,171,0,3,0,0.07761237,nested_test,unweighted,0.1947115957736969
171-1,171,1,3,1,0.06739223,nested_test,unweighted,0.1947115957736969
171-2,171,2,3,0,0.02183125,nested_test,unweighted,0.1947115957736969
171-3,171,3,3,0,0.21247551,nested_test,unweighted,0.1947115957736969
171-4,171,4,3,0,0.023689074,nested_test,unweighted,0.1947115957736969
171-5,171,5,3,0,0.11623918,nested_test,unweighted,0.1947115957736969
171-6,171,6,3,0,0.019630501,nested_test,unweighted,0.1947115957736969
171-7,171,7,3,0,0.063994445,nested_test,unweighted,0.1947115957736969
171-8,171,8,3,0,0.037358925,nested_test,unweighted,0.1947115957736969
171-9,171,9,3,0,0.14147604,nested_test,unweighted,0.1947115957736969
171-10,171,10,3,0,0.023214694,nested_test,unweighted,0.1947115957736969
171-11,171,11,3,0,0.051233616,nested_test,unweighted,0.1947115957736969
171-12,171,12,3,0,0.069293454,nested_test,unweighted,0.1947115957736969
172-0,172,0,1,0,0.079592966,nested_test,unweighted,0.2802690267562866
172-1,172,1,1,1,0.16887003,nested_test,unweighted,0.2802690267562866
172-2,172,2,1,0,0.049362928,nested_test,unweighted,0.2802690267562866
172-3,172,3,1,0,0.055476524,nested_test,unweighted,0.2802690267562866
172-4,172,4,1,0,0.02173,nested_test,unweighted,0.2802690267562866
172-5,172,5,1,0,0.026624694,nested_test,unweighted,0.2802690267562866
172-6,172,6,1,0,0.02320207,nested_test,unweighted,0.2802690267562866
172-7,172,7,1,0,0.042992506,nested_test,unweighted,0.2802690267562866
172-8,172,8,1,0,0.020278858,nested_test,unweighted,0.2802690267562866
172-9,172,9,1,0,0.06913429,nested_test,unweighted,0.2802690267562866
172-10,172,10,1,0,0.018077431,nested_test,unweighted,0.2802690267562866
172-11,172,11,1,0,0.047906183,nested_test,unweighted,0.2802690267562866
172-12,172,12,1,0,0.038536217,nested_test,unweighted,0.2802690267562866
173-0,173,0,2,0,0.04452784,nested_test,unweighted,0.2061617523431778
173-1,173,1,2,0,0.10785572,nested_test,unweighted,0.2061617523431778
173-2,173,2,2,0,0.1390855,nested_test,unweighted,0.2061617523431778
173-3,173,3,2,0,0.13251059,nested_test,unweighted,0.2061617523431778
173-4,173,4,2,0,0.042890996,nested_test,unweighted,0.2061617523431778
173-5,173,5,2,0,0.062933005,nested_test,unweighted,0.2061617523431778
173-6,173,6,2,1,0.028168466,nested_test,unweighted,0.2061617523431778
173-7,173,7,2,0,0.04791198,nested_test,unweighted,0.2061617523431778
173-8,173,8,2,1,0.28705588,nested_test,unweighted,0.2061617523431778
173-9,173,9,2,0,0.14960343,nested_test,unweighted,0.2061617523431778
173-10,173,10,2,0,0.016708275,nested_test,unweighted,0.2061617523431778
173-11,173,11,2,0,0.019053422,nested_test,unweighted,0.2061617523431778
173-12,173,12,2,1,0.10647084,nested_test,unweighted,0.2061617523431778
174-0,174,0,5,0,0.01603737,nested_test,unweighted,0.24960972368717194
174-1,174,1,5,0,0.040784337,nested_test,unweighted,0.24960972368717194
174-2,174,2,5,0,0.0124949645,nested_test,unweighted,0.24960972368717194
174-3,174,3,5,0,0.06049649,nested_test,unweighted,0.24960972368717194
174-4,174,4,5,0,0.021154726,nested_test,unweighted,0.24960972368717194
174-5,174,5,5,0,0.004973118,nested_test,unweighted,0.24960972368717194
174-6,174,6,5,1,0.36478558,nested_test,unweighted,0.24960972368717194
174-7,174,7,5,0,0.028799621,nested_test,unweighted,0.24960972368717194
174-8,174,8,5,0,0.0142791215,nested_test,unweighted,0.24960972368717194
174-9,174,9,5,0,0.042032674,nested_test,unweighted,0.24960972368717194
174-10,174,10,5,1,0.02278492,nested_test,unweighted,0.24960972368717194
174-11,174,11,5,0,0.01427933,nested_test,unweighted,0.24960972368717194
174-12,174,12,5,0,0.028908681,nested_test,unweighted,0.24960972368717194
175-0,175,0,1,0,0.03816327,nested_test,unweighted,0.2802690267562866
175-1,175,1,1,1,0.5966409,nested_test,unweighted,0.2802690267562866
175-2,175,2,1,0,0.019676883,nested_test,unweighted,0.2802690267562866
175-3,175,3,1,0,0.02147319,nested_test,unweighted,0.2802690267562866
175-4,175,4,1,0,0.009189816,nested_test,unweighted,0.2802690267562866
175-5,175,5,1,0,0.012009998,nested_test,unweighted,0.2802690267562866
175-6,175,6,1,0,0.010436371,nested_test,unweighted,0.2802690267562866
175-7,175,7,1,0,0.019557906,nested_test,unweighted,0.2802690267562866
175-8,175,8,1,0,0.0108390525,nested_test,unweighted,0.2802690267562866
175-9,175,9,1,0,0.035449587,nested_test,unweighted,0.2802690267562866
175-10,175,10,1,0,0.008181422,nested_test,unweighted,0.2802690267562866
175-11,175,11,1,0,0.022961902,nested_test,unweighted,0.2802690267562866
175-12,175,12,1,0,0.017585605,nested_test,unweighted,0.2802690267562866
176-0,176,0,2,0,0.035456967,nested_test,unweighted,0.2061617523431778
176-1,176,1,2,0,0.08379155,nested_test,unweighted,0.2061617523431778
176-2,176,2,2,0,0.09904015,nested_test,unweighted,0.2061617523431778
176-3,176,3,2,0,0.07528937,nested_test,unweighted,0.2061617523431778
176-4,176,4,2,0,0.03254857,nested_test,unweighted,0.2061617523431778
176-5,176,5,2,0,0.029300695,nested_test,unweighted,0.2061617523431778
176-6,176,6,2,0,0.015786562,nested_test,unweighted,0.2061617523431778
176-7,176,7,2,0,0.036404934,nested_test,unweighted,0.2061617523431778
176-8,176,8,2,0,0.10576903,nested_test,unweighted,0.2061617523431778
176-9,176,9,2,0,0.08743685,nested_test,unweighted,0.2061617523431778
176-10,176,10,2,0,0.012663775,nested_test,unweighted,0.2061617523431778
176-11,176,11,2,0,0.014480745,nested_test,unweighted,0.2061617523431778
176-12,176,12,2,0,0.042543158,nested_test,unweighted,0.2061617523431778
177-0,177,0,3,0,0.08492663,nested_test,unweighted,0.1947115957736969
177-1,177,1,3,1,0.04420606,nested_test,unweighted,0.1947115957736969
177-2,177,2,3,1,0.0153374905,nested_test,unweighted,0.1947115957736969
177-3,177,3,3,0,0.17299919,nested_test,unweighted,0.1947115957736969
177-4,177,4,3,0,0.026102405,nested_test,unweighted,0.1947115957736969
177-5,177,5,3,1,0.073815234,nested_test,unweighted,0.1947115957736969
177-6,177,6,3,0,0.022760943,nested_test,unweighted,0.1947115957736969
177-7,177,7,3,0,0.044410918,nested_test,unweighted,0.1947115957736969
177-8,177,8,3,0,0.045587573,nested_test,unweighted,0.1947115957736969
177-9,177,9,3,1,0.055230603,nested_test,unweighted,0.1947115957736969
177-10,177,10,3,1,0.014107152,nested_test,unweighted,0.1947115957736969
177-11,177,11,3,0,0.06436603,nested_test,unweighted,0.1947115957736969
177-12,177,12,3,0,0.10591203,nested_test,unweighted,0.1947115957736969
178-0,178,0,5,0,0.015911125,nested_test,unweighted,0.24960972368717194
178-1,178,1,5,0,0.040035415,nested_test,unweighted,0.24960972368717194
178-2,178,2,5,0,0.011790697,nested_test,unweighted,0.24960972368717194
178-3,178,3,5,0,0.05293815,nested_test,unweighted,0.24960972368717194
178-4,178,4,5,0,0.016884143,nested_test,unweighted,0.24960972368717194
178-5,178,5,5,0,0.005440454,nested_test,unweighted,0.24960972368717194
178-6,178,6,5,0,0.05383314,nested_test,unweighted,0.24960972368717194
178-7,178,7,5,0,0.02903007,nested_test,unweighted,0.24960972368717194
178-8,178,8,5,0,0.013357491,nested_test,unweighted,0.24960972368717194
178-9,178,9,5,0,0.036508266,nested_test,unweighted,0.24960972368717194
178-10,178,10,5,0,0.00630475,nested_test,unweighted,0.24960972368717194
178-11,178,11,5,0,0.01583986,nested_test,unweighted,0.24960972368717194
178-12,178,12,5,0,0.02620842,nested_test,unweighted,0.24960972368717194
179-0,179,0,1,0,0.039305754,nested_test,unweighted,0.2802690267562866
179-1,179,1,1,0,0.037379663,nested_test,unweighted,0.2802690267562866
179-2,179,2,1,0,0.020518035,nested_test,unweighted,0.2802690267562866
179-3,179,3,1,0,0.022904184,nested_test,unweighted,0.2802690267562866
179-4,179,4,1,0,0.009189816,nested_test,unweighted,0.2802690267562866
179-5,179,5,1,0,0.013066566,nested_test,unweighted,0.2802690267562866
179-6,179,6,1,0,0.01101889,nested_test,unweighted,0.2802690267562866
179-7,179,7,1,0,0.02039408,nested_test,unweighted,0.2802690267562866
179-8,179,8,1,0,0.010710807,nested_test,unweighted,0.2802690267562866
179-9,179,9,1,0,0.037832413,nested_test,unweighted,0.2802690267562866
179-10,179,10,1,0,0.008408257,nested_test,unweighted,0.2802690267562866
179-11,179,11,1,0,0.023940053,nested_test,unweighted,0.2802690267562866
179-12,179,12,1,0,0.017585605,nested_test,unweighted,0.2802690267562866
180-0,180,0,5,0,0.08996022,nested_test,unweighted,0.24960972368717194
180-1,180,1,5,1,0.03886039,nested_test,unweighted,0.24960972368717194
180-2,180,2,5,1,0.012156031,nested_test,unweighted,0.24960972368717194
180-3,180,3,5,1,0.05055994,nested_test,unweighted,0.24960972368717194
180-4,180,4,5,0,0.14247029,nested_test,unweighted,0.24960972368717194
180-5,180,5,5,1,0.0056268703,nested_test,unweighted,0.24960972368717194
180-6,180,6,5,0,0.32663542,nested_test,unweighted,0.24960972368717194
180-7,180,7,5,0,0.19016469,nested_test,unweighted,0.24960972368717194
180-8,180,8,5,1,0.016634865,nested_test,unweighted,0.24960972368717194
180-9,180,9,5,1,0.04003747,nested_test,unweighted,0.24960972368717194
180-10,180,10,5,0,0.014398189,nested_test,unweighted,0.24960972368717194
180-11,180,11,5,0,0.07426342,nested_test,unweighted,0.24960972368717194
180-12,180,12,5,1,0.028092843,nested_test,unweighted,0.24960972368717194
181-0,181,0,4,0,0.015894782,nested_test,unweighted,0.2913484275341034
181-1,181,1,4,1,0.122644514,nested_test,unweighted,0.2913484275341034
181-2,181,2,4,0,0.06981437,nested_test,unweighted,0.2913484275341034
181-3,181,3,4,0,0.04912938,nested_test,unweighted,0.2913484275341034
181-4,181,4,4,0,0.0152261695,nested_test,unweighted,0.2913484275341034
181-5,181,5,4,0,0.018327223,nested_test,unweighted,0.2913484275341034
181-6,181,6,4,0,0.026838055,nested_test,unweighted,0.2913484275341034
181-7,181,7,4,0,0.03282827,nested_test,unweighted,0.2913484275341034
181-8,181,8,4,0,0.042074367,nested_test,unweighted,0.2913484275341034
181-9,181,9,4,0,0.06927531,nested_test,unweighted,0.2913484275341034
181-10,181,10,4,0,0.012761205,nested_test,unweighted,0.2913484275341034
181-11,181,11,4,0,0.038432088,nested_test,unweighted,0.2913484275341034
181-12,181,12,4,0,0.029826537,nested_test,unweighted,0.2913484275341034
182-0,182,0,4,0,0.010010342,nested_test,unweighted,0.2913484275341034
182-1,182,1,4,1,0.51012427,nested_test,unweighted,0.2913484275341034
182-2,182,2,4,0,0.048784055,nested_test,unweighted,0.2913484275341034
182-3,182,3,4,0,0.02806217,nested_test,unweighted,0.2913484275341034
182-4,182,4,4,0,0.0071169394,nested_test,unweighted,0.2913484275341034
182-5,182,5,4,1,0.3796531,nested_test,unweighted,0.2913484275341034
182-6,182,6,4,0,0.016403709,nested_test,unweighted,0.2913484275341034
182-7,182,7,4,0,0.01885884,nested_test,unweighted,0.2913484275341034
182-8,182,8,4,0,0.030051826,nested_test,unweighted,0.2913484275341034
182-9,182,9,4,0,0.03946219,nested_test,unweighted,0.2913484275341034
182-10,182,10,4,0,0.008554443,nested_test,unweighted,0.2913484275341034
182-11,182,11,4,0,0.023453357,nested_test,unweighted,0.2913484275341034
182-12,182,12,4,1,0.5361039,nested_test,unweighted,0.2913484275341034
183-0,183,0,2,0,0.056499716,nested_test,unweighted,0.2061617523431778
183-1,183,1,2,0,0.1302983,nested_test,unweighted,0.2061617523431778
183-2,183,2,2,0,0.16205934,nested_test,unweighted,0.2061617523431778
183-3,183,3,2,0,0.0985487,nested_test,unweighted,0.2061617523431778
183-4,183,4,2,0,0.03318378,nested_test,unweighted,0.2061617523431778
183-5,183,5,2,0,0.070418164,nested_test,unweighted,0.2061617523431778
183-6,183,6,2,0,0.028081145,nested_test,unweighted,0.2061617523431778
183-7,183,7,2,0,0.030545676,nested_test,unweighted,0.2061617523431778
183-8,183,8,2,0,0.16613667,nested_test,unweighted,0.2061617523431778
183-9,183,9,2,0,0.168078,nested_test,unweighted,0.2061617523431778
183-10,183,10,2,0,0.021034375,nested_test,unweighted,0.2061617523431778
183-11,183,11,2,0,0.023698946,nested_test,unweighted,0.2061617523431778
183-12,183,12,2,0,0.062184438,nested_test,unweighted,0.2061617523431778
184-0,184,0,4,0,0.035436977,nested_test,unweighted,0.2913484275341034
184-1,184,1,4,0,0.07447534,nested_test,unweighted,0.2913484275341034
184-2,184,2,4,0,0.16160423,nested_test,unweighted,0.2913484275341034
184-3,184,3,4,0,0.11076104,nested_test,unweighted,0.2913484275341034
184-4,184,4,4,0,0.03628529,nested_test,unweighted,0.2913484275341034
184-5,184,5,4,0,0.0448836,nested_test,unweighted,0.2913484275341034
184-6,184,6,4,0,0.051128753,nested_test,unweighted,0.2913484275341034
184-7,184,7,4,0,0.06504253,nested_test,unweighted,0.2913484275341034
184-8,184,8,4,0,0.11887691,nested_test,unweighted,0.2913484275341034
184-9,184,9,4,0,0.11610697,nested_test,unweighted,0.2913484275341034
184-10,184,10,4,0,0.023884116,nested_test,unweighted,0.2913484275341034
184-11,184,11,4,0,0.09549438,nested_test,unweighted,0.2913484275341034
184-12,184,12,4,0,0.08890546,nested_test,unweighted,0.2913484275341034
185-0,185,0,2,0,0.01214089,nested_test,unweighted,0.2061617523431778
185-1,185,1,2,1,0.30980456,nested_test,unweighted,0.2061617523431778
185-2,185,2,2,0,0.033554092,nested_test,unweighted,0.2061617523431778
185-3,185,3,2,0,0.023422858,nested_test,unweighted,0.2061617523431778
185-4,185,4,2,0,0.009835293,nested_test,unweighted,0.2061617523431778
185-5,185,5,2,0,0.013385316,nested_test,unweighted,0.2061617523431778
185-6,185,6,2,0,0.0059543843,nested_test,unweighted,0.2061617523431778
185-7,185,7,2,0,0.0098117115,nested_test,unweighted,0.2061617523431778
185-8,185,8,2,0,0.033906218,nested_test,unweighted,0.2061617523431778
185-9,185,9,2,0,0.03033035,nested_test,unweighted,0.2061617523431778
185-10,185,10,2,0,0.0048726792,nested_test,unweighted,0.2061617523431778
185-11,185,11,2,0,0.004524184,nested_test,unweighted,0.2061617523431778
185-12,185,12,2,0,0.012801313,nested_test,unweighted,0.2061617523431778
186-0,186,0,2,0,0.09690112,nested_test,unweighted,0.2061617523431778
186-1,186,1,2,0,0.1906373,nested_test,unweighted,0.2061617523431778
186-2,186,2,2,0,0.2334808,nested_test,unweighted,0.2061617523431778
186-3,186,3,2,0,0.22113615,nested_test,unweighted,0.2061617523431778
186-4,186,4,2,0,0.07046147,nested_test,unweighted,0.2061617523431778
186-5,186,5,2,0,0.113489255,nested_test,unweighted,0.2061617523431778
186-6,186,6,2,1,0.030909788,nested_test,unweighted,0.2061617523431778
186-7,186,7,2,0,0.08494304,nested_test,unweighted,0.2061617523431778
186-8,186,8,2,0,0.2501877,nested_test,unweighted,0.2061617523431778
186-9,186,9,2,1,0.27233794,nested_test,unweighted,0.2061617523431778
186-10,186,10,2,1,0.028255818,nested_test,unweighted,0.2061617523431778
186-11,186,11,2,0,0.033076562,nested_test,unweighted,0.2061617523431778
186-12,186,12,2,0,0.089794114,nested_test,unweighted,0.2061617523431778
187-0,187,0,5,0,0.010973727,nested_test,unweighted,0.24960972368717194
187-1,187,1,5,0,0.022977456,nested_test,unweighted,0.24960972368717194
187-2,187,2,5,0,0.008567585,nested_test,unweighted,0.24960972368717194
187-3,187,3,5,0,0.034577228,nested_test,unweighted,0.24960972368717194
187-4,187,4,5,0,0.013541534,nested_test,unweighted,0.24960972368717194
187-5,187,5,5,0,0.0038974595,nested_test,unweighted,0.24960972368717194
187-6,187,6,5,0,0.045285366,nested_test,unweighted,0.24960972368717194
187-7,187,7,5,0,0.023619331,nested_test,unweighted,0.24960972368717194
187-8,187,8,5,1,0.23964915,nested_test,unweighted,0.24960972368717194
187-9,187,9,5,0,0.025334414,nested_test,unweighted,0.24960972368717194
187-10,187,10,5,1,0.06151485,nested_test,unweighted,0.24960972368717194
187-11,187,11,5,0,0.008567585,nested_test,unweighted,0.24960972368717194
187-12,187,12,5,0,0.021273095,nested_test,unweighted,0.24960972368717194
188-0,188,0,2,0,0.0968001,nested_test,unweighted,0.2061617523431778
188-1,188,1,2,0,0.22207877,nested_test,unweighted,0.2061617523431778
188-2,188,2,2,0,0.24798396,nested_test,unweighted,0.2061617523431778
188-3,188,3,2,0,0.15275045,nested_test,unweighted,0.2061617523431778
188-4,188,4,2,0,0.08138964,nested_test,unweighted,0.2061617523431778
188-5,188,5,2,0,0.08872704,nested_test,unweighted,0.2061617523431778
188-6,188,6,2,0,0.035373654,nested_test,unweighted,0.2061617523431778
188-7,188,7,2,0,0.05196169,nested_test,unweighted,0.2061617523431778
188-8,188,8,2,0,0.2704737,nested_test,unweighted,0.2061617523431778
188-9,188,9,2,0,0.2726616,nested_test,unweighted,0.2061617523431778
188-10,188,10,2,0,0.016309697,nested_test,unweighted,0.2061617523431778
188-11,188,11,2,0,0.031480554,nested_test,unweighted,0.2061617523431778
188-12,188,12,2,0,0.10045771,nested_test,unweighted,0.2061617523431778
189-0,189,0,5,0,0.010973727,nested_test,unweighted,0.24960972368717194
189-1,189,1,5,0,0.022977456,nested_test,unweighted,0.24960972368717194
189-2,189,2,5,0,0.0076276395,nested_test,unweighted,0.24960972368717194
189-3,189,3,5,0,0.036590364,nested_test,unweighted,0.24960972368717194
189-4,189,4,5,0,0.013597134,nested_test,unweighted,0.24960972368717194
189-5,189,5,5,0,0.0038974595,nested_test,unweighted,0.24960972368717194
189-6,189,6,5,0,0.043710083,nested_test,unweighted,0.24960972368717194
189-7,189,7,5,0,0.022780212,nested_test,unweighted,0.24960972368717194
189-8,189,8,5,0,0.00942226,nested_test,unweighted,0.24960972368717194
189-9,189,9,5,0,0.023685299,nested_test,unweighted,0.24960972368717194
189-10,189,10,5,0,0.0040639457,nested_test,unweighted,0.24960972368717194
189-11,189,11,5,0,0.008567585,nested_test,unweighted,0.24960972368717194
189-12,189,12,5,0,0.016758448,nested_test,unweighted,0.24960972368717194
190-0,190,0,4,0,0.077796966,nested_test,unweighted,0.2913484275341034
190-1,190,1,4,0,0.16068502,nested_test,unweighted,0.2913484275341034
190-2,190,2,4,0,0.31043845,nested_test,unweighted,0.2913484275341034
190-3,190,3,4,0,0.22859913,nested_test,unweighted,0.2913484275341034
190-4,190,4,4,0,0.060171984,nested_test,unweighted,0.2913484275341034
190-5,190,5,4,0,0.10113623,nested_test,unweighted,0.2913484275341034
190-6,190,6,4,0,0.12691367,nested_test,unweighted,0.2913484275341034
190-7,190,7,4,0,0.10311821,nested_test,unweighted,0.2913484275341034
190-8,190,8,4,0,0.22354709,nested_test,unweighted,0.2913484275341034
190-9,190,9,4,1,0.060012758,nested_test,unweighted,0.2913484275341034
190-10,190,10,4,0,0.055546526,nested_test,unweighted,0.2913484275341034
190-11,190,11,4,0,0.20848128,nested_test,unweighted,0.2913484275341034
190-12,190,12,4,0,0.14692095,nested_test,unweighted,0.2913484275341034
191-0,191,0,3,0,0.051681608,nested_test,unweighted,0.1947115957736969
191-1,191,1,3,0,0.048655443,nested_test,unweighted,0.1947115957736969
191-2,191,2,3,1,0.03871123,nested_test,unweighted,0.1947115957736969
191-3,191,3,3,0,0.15763253,nested_test,unweighted,0.1947115957736969
191-4,191,4,3,0,0.020117966,nested_test,unweighted,0.1947115957736969
191-5,191,5,3,1,0.19502924,nested_test,unweighted,0.1947115957736969
191-6,191,6,3,0,0.013804625,nested_test,unweighted,0.1947115957736969
191-7,191,7,3,0,0.03873342,nested_test,unweighted,0.1947115957736969
191-8,191,8,3,1,0.05849925,nested_test,unweighted,0.1947115957736969
191-9,191,9,3,1,0.1333292,nested_test,unweighted,0.1947115957736969
191-10,191,10,3,1,0.030976798,nested_test,unweighted,0.1947115957736969
191-11,191,11,3,1,0.06436603,nested_test,unweighted,0.1947115957736969
191-12,191,12,3,0,0.04307217,nested_test,unweighted,0.1947115957736969
192-0,192,0,4,0,0.02468631,nested_test,unweighted,0.2913484275341034
192-1,192,1,4,0,0.062386807,nested_test,unweighted,0.2913484275341034
192-2,192,2,4,0,0.09193773,nested_test,unweighted,0.2913484275341034
192-3,192,3,4,0,0.055274922,nested_test,unweighted,0.2913484275341034
192-4,192,4,4,0,0.0308894,nested_test,unweighted,0.2913484275341034
192-5,192,5,4,0,0.027233943,nested_test,unweighted,0.2913484275341034
192-6,192,6,4,0,0.038016185,nested_test,unweighted,0.2913484275341034
192-7,192,7,4,0,0.045044936,nested_test,unweighted,0.2913484275341034
192-8,192,8,4,0,0.08682176,nested_test,unweighted,0.2913484275341034
192-9,192,9,4,0,0.1260078,nested_test,unweighted,0.2913484275341034
192-10,192,10,4,0,0.019168448,nested_test,unweighted,0.2913484275341034
192-11,192,11,4,0,0.082910106,nested_test,unweighted,0.2913484275341034
192-12,192,12,4,0,0.07247178,nested_test,unweighted,0.2913484275341034
193-0,193,0,2,0,0.10078084,nested_test,unweighted,0.2061617523431778
193-1,193,1,2,0,0.22193295,nested_test,unweighted,0.2061617523431778
193-2,193,2,2,0,0.24912725,nested_test,unweighted,0.2061617523431778
193-3,193,3,2,0,0.1694505,nested_test,unweighted,0.2061617523431778
193-4,193,4,2,0,0.06351789,nested_test,unweighted,0.2061617523431778
193-5,193,5,2,0,0.1358864,nested_test,unweighted,0.2061617523431778
193-6,193,6,2,0,0.048085235,nested_test,unweighted,0.2061617523431778
193-7,193,7,2,0,0.06920672,nested_test,unweighted,0.2061617523431778
193-8,193,8,2,0,0.27699003,nested_test,unweighted,0.2061617523431778
193-9,193,9,2,0,0.28535786,nested_test,unweighted,0.2061617523431778
193-10,193,10,2,0,0.033648632,nested_test,unweighted,0.2061617523431778
193-11,193,11,2,0,0.04017125,nested_test,unweighted,0.2061617523431778
193-12,193,12,2,0,0.097030446,nested_test,unweighted,0.2061617523431778
194-0,194,0,5,0,0.0073413462,nested_test,unweighted,0.24960972368717194
194-1,194,1,5,0,0.025185011,nested_test,unweighted,0.24960972368717194
194-2,194,2,5,0,0.005990236,nested_test,unweighted,0.24960972368717194
194-3,194,3,5,0,0.02863235,nested_test,unweighted,0.24960972368717194
194-4,194,4,5,0,0.010439991,nested_test,unweighted,0.24960972368717194
194-5,194,5,5,0,0.0035969268,nested_test,unweighted,0.24960972368717194
194-6,194,6,5,0,0.036273975,nested_test,unweighted,0.24960972368717194
194-7,194,7,5,0,0.019438086,nested_test,unweighted,0.24960972368717194
194-8,194,8,5,0,0.008655713,nested_test,unweighted,0.24960972368717194
194-9,194,9,5,0,0.020565871,nested_test,unweighted,0.24960972368717194
194-10,194,10,5,0,0.0044328393,nested_test,unweighted,0.24960972368717194
194-11,194,11,5,0,0.0072583063,nested_test,unweighted,0.24960972368717194
194-12,194,12,5,0,0.018808981,nested_test,unweighted,0.24960972368717194
195-0,195,0,4,0,0.032861475,nested_test,unweighted,0.2913484275341034
195-1,195,1,4,1,0.06441988,nested_test,unweighted,0.2913484275341034
195-2,195,2,4,1,0.13035175,nested_test,unweighted,0.2913484275341034
195-3,195,3,4,1,0.059988793,nested_test,unweighted,0.2913484275341034
195-4,195,4,4,0,0.036652483,nested_test,unweighted,0.2913484275341034
195-5,195,5,4,1,0.02391395,nested_test,unweighted,0.2913484275341034
195-6,195,6,4,1,0.039809976,nested_test,unweighted,0.2913484275341034
195-7,195,7,4,0,0.07387977,nested_test,unweighted,0.2913484275341034
195-8,195,8,4,0,0.11004729,nested_test,unweighted,0.2913484275341034
195-9,195,9,4,1,0.12982705,nested_test,unweighted,0.2913484275341034
195-10,195,10,4,1,0.016707523,nested_test,unweighted,0.2913484275341034
195-11,195,11,4,0,0.09626491,nested_test,unweighted,0.2913484275341034
195-12,195,12,4,1,0.05422018,nested_test,unweighted,0.2913484275341034
196-0,196,0,2,0,0.010553342,nested_test,unweighted,0.2061617523431778
196-1,196,1,2,0,0.018370919,nested_test,unweighted,0.2061617523431778
196-2,196,2,2,0,0.027489405,nested_test,unweighted,0.2061617523431778
196-3,196,3,2,0,0.025901705,nested_test,unweighted,0.2061617523431778
196-4,196,4,2,0,0.007486928,nested_test,unweighted,0.2061617523431778
196-5,196,5,2,1,0.18724856,nested_test,unweighted,0.2061617523431778
196-6,196,6,2,0,0.0044596493,nested_test,unweighted,0.2061617523431778
196-7,196,7,2,0,0.007820546,nested_test,unweighted,0.2061617523431778
196-8,196,8,2,0,0.03345712,nested_test,unweighted,0.2061617523431778
196-9,196,9,2,0,0.023594273,nested_test,unweighted,0.2061617523431778
196-10,196,10,2,0,0.0031722002,nested_test,unweighted,0.2061617523431778
196-11,196,11,2,1,0.06276547,nested_test,unweighted,0.2061617523431778
196-12,196,12,2,0,0.008537801,nested_test,unweighted,0.2061617523431778
197-0,197,0,1,0,0.20025358,nested_test,unweighted,0.2802690267562866
197-1,197,1,1,0,0.21488234,nested_test,unweighted,0.2802690267562866
197-2,197,2,1,0,0.13959543,nested_test,unweighted,0.2802690267562866
197-3,197,3,1,0,0.12666051,nested_test,unweighted,0.2802690267562866
197-4,197,4,1,0,0.07262448,nested_test,unweighted,0.2802690267562866
197-5,197,5,1,0,0.08809489,nested_test,unweighted,0.2802690267562866
197-6,197,6,1,0,0.07721804,nested_test,unweighted,0.2802690267562866
197-7,197,7,1,0,0.11455172,nested_test,unweighted,0.2802690267562866
197-8,197,8,1,0,0.067893915,nested_test,unweighted,0.2802690267562866
197-9,197,9,1,0,0.21107192,nested_test,unweighted,0.2802690267562866
197-10,197,10,1,0,0.046470545,nested_test,unweighted,0.2802690267562866
197-11,197,11,1,0,0.1524715,nested_test,unweighted,0.2802690267562866
197-12,197,12,1,0,0.09977492,nested_test,unweighted,0.2802690267562866
198-0,198,0,4,0,0.010662369,nested_test,unweighted,0.2913484275341034
198-1,198,1,4,0,0.022600727,nested_test,unweighted,0.2913484275341034
198-2,198,2,4,0,0.041501783,nested_test,unweighted,0.2913484275341034
198-3,198,3,4,0,0.024258694,nested_test,unweighted,0.2913484275341034
198-4,198,4,4,0,0.010724013,nested_test,unweighted,0.2913484275341034
198-5,198,5,4,0,0.009644664,nested_test,unweighted,0.2913484275341034
198-6,198,6,4,0,0.01554783,nested_test,unweighted,0.2913484275341034
198-7,198,7,4,0,0.015028738,nested_test,unweighted,0.2913484275341034
198-8,198,8,4,0,0.03018588,nested_test,unweighted,0.2913484275341034
198-9,198,9,4,0,0.03221765,nested_test,unweighted,0.2913484275341034
198-10,198,10,4,0,0.007498708,nested_test,unweighted,0.2913484275341034
198-11,198,11,4,0,0.028530702,nested_test,unweighted,0.2913484275341034
198-12,198,12,4,0,0.018834574,nested_test,unweighted,0.2913484275341034
199-0,199,0,4,1,0.17967202,nested_test,unweighted,0.2913484275341034
199-1,199,1,4,0,0.023377739,nested_test,unweighted,0.2913484275341034
199-2,199,2,4,1,0.51129395,nested_test,unweighted,0.2913484275341034
199-3,199,3,4,1,0.22527209,nested_test,unweighted,0.2913484275341034
199-4,199,4,4,0,0.011097339,nested_test,unweighted,0.2913484275341034
199-5,199,5,4,1,0.15672542,nested_test,unweighted,0.2913484275341034
199-6,199,6,4,1,0.22187182,nested_test,unweighted,0.2913484275341034
199-7,199,7,4,0,0.020193497,nested_test,unweighted,0.2913484275341034
199-8,199,8,4,1,0.3329541,nested_test,unweighted,0.2913484275341034
199-9,199,9,4,0,0.057795804,nested_test,unweighted,0.2913484275341034
199-10,199,10,4,1,0.14066039,nested_test,unweighted,0.2913484275341034
199-11,199,11,4,1,0.3158014,nested_test,unweighted,0.2913484275341034
199-12,199,12,4,1,0.28520408,nested_test,unweighted,0.2913484275341034
200-0,200,0,5,0,0.010973727,nested_test,unweighted,0.24960972368717194
200-1,200,1,5,0,0.022977456,nested_test,unweighted,0.24960972368717194
200-2,200,2,5,0,0.008567585,nested_test,unweighted,0.24960972368717194
200-3,200,3,5,0,0.036590364,nested_test,unweighted,0.24960972368717194
200-4,200,4,5,0,0.013597134,nested_test,unweighted,0.24960972368717194
200-5,200,5,5,0,0.003913617,nested_test,unweighted,0.24960972368717194
200-6,200,6,5,0,0.040975947,nested_test,unweighted,0.24960972368717194
200-7,200,7,5,1,0.43227717,nested_test,unweighted,0.24960972368717194
200-8,200,8,5,0,0.00942226,nested_test,unweighted,0.24960972368717194
200-9,200,9,5,0,0.025343942,nested_test,unweighted,0.24960972368717194
200-10,200,10,5,0,0.0040639457,nested_test,unweighted,0.24960972368717194
200-11,200,11,5,0,0.008320141,nested_test,unweighted,0.24960972368717194
200-12,200,12,5,0,0.016929414,nested_test,unweighted,0.24960972368717194
201-0,201,0,3,0,0.05382829,nested_test,unweighted,0.1947115957736969
201-1,201,1,3,0,0.046673514,nested_test,unweighted,0.1947115957736969
201-2,201,2,3,0,0.016389221,nested_test,unweighted,0.1947115957736969
201-3,201,3,3,0,0.11619759,nested_test,unweighted,0.1947115957736969
201-4,201,4,3,0,0.021168329,nested_test,unweighted,0.1947115957736969
201-5,201,5,3,0,0.07844925,nested_test,unweighted,0.1947115957736969
201-6,201,6,3,0,0.013451945,nested_test,unweighted,0.1947115957736969
201-7,201,7,3,0,0.040001795,nested_test,unweighted,0.1947115957736969
201-8,201,8,3,0,0.023609817,nested_test,unweighted,0.1947115957736969
201-9,201,9,3,1,0.16834393,nested_test,unweighted,0.1947115957736969
201-10,201,10,3,0,0.020825094,nested_test,unweighted,0.1947115957736969
201-11,201,11,3,0,0.032578975,nested_test,unweighted,0.1947115957736969
201-12,201,12,3,0,0.044878174,nested_test,unweighted,0.1947115957736969
202-0,202,0,4,0,0.038493503,nested_test,unweighted,0.2913484275341034
202-1,202,1,4,0,0.10185397,nested_test,unweighted,0.2913484275341034
202-2,202,2,4,0,0.206576,nested_test,unweighted,0.2913484275341034
202-3,202,3,4,0,0.0776957,nested_test,unweighted,0.2913484275341034
202-4,202,4,4,0,0.03018179,nested_test,unweighted,0.2913484275341034
202-5,202,5,4,0,0.062484477,nested_test,unweighted,0.2913484275341034
202-6,202,6,4,0,0.08209851,nested_test,unweighted,0.2913484275341034
202-7,202,7,4,0,0.09147331,nested_test,unweighted,0.2913484275341034
202-8,202,8,4,0,0.14358012,nested_test,unweighted,0.2913484275341034
202-9,202,9,4,0,0.12568146,nested_test,unweighted,0.2913484275341034
202-10,202,10,4,0,0.030146994,nested_test,unweighted,0.2913484275341034
202-11,202,11,4,0,0.142015,nested_test,unweighted,0.2913484275341034
202-12,202,12,4,0,0.12789382,nested_test,unweighted,0.2913484275341034
203-0,203,0,3,1,0.035403825,nested_test,unweighted,0.1947115957736969
203-1,203,1,3,0,0.090744674,nested_test,unweighted,0.1947115957736969
203-2,203,2,3,0,0.027991006,nested_test,unweighted,0.1947115957736969
203-3,203,3,3,1,0.092379145,nested_test,unweighted,0.1947115957736969
203-4,203,4,3,0,0.046021696,nested_test,unweighted,0.1947115957736969
203-5,203,5,3,0,0.14710945,nested_test,unweighted,0.1947115957736969
203-6,203,6,3,1,0.009114757,nested_test,unweighted,0.1947115957736969
203-7,203,7,3,0,0.077638276,nested_test,unweighted,0.1947115957736969
203-8,203,8,3,0,0.047410075,nested_test,unweighted,0.1947115957736969
203-9,203,9,3,1,0.050585505,nested_test,unweighted,0.1947115957736969
203-10,203,10,3,1,0.010535168,nested_test,unweighted,0.1947115957736969
203-11,203,11,3,0,0.06699191,nested_test,unweighted,0.1947115957736969
203-12,203,12,3,0,0.086885974,nested_test,unweighted,0.1947115957736969
204-0,204,0,5,0,0.018235965,nested_test,unweighted,0.24960972368717194
204-1,204,1,5,0,0.042833485,nested_test,unweighted,0.24960972368717194
204-2,204,2,5,0,0.012826164,nested_test,unweighted,0.24960972368717194
204-3,204,3,5,0,0.056552947,nested_test,unweighted,0.24960972368717194
204-4,204,4,5,0,0.023095142,nested_test,unweighted,0.24960972368717194
204-5,204,5,5,0,0.0072541228,nested_test,unweighted,0.24960972368717194
204-6,204,6,5,0,0.07917477,nested_test,unweighted,0.24960972368717194
204-7,204,7,5,0,0.037626974,nested_test,unweighted,0.24960972368717194
204-8,204,8,5,0,0.015940389,nested_test,unweighted,0.24960972368717194
204-9,204,9,5,0,0.04412538,nested_test,unweighted,0.24960972368717194
204-10,204,10,5,0,0.009347744,nested_test,unweighted,0.24960972368717194
204-11,204,11,5,0,0.015518735,nested_test,unweighted,0.24960972368717194
204-12,204,12,5,0,0.029750986,nested_test,unweighted,0.24960972368717194
205-0,205,0,3,0,0.051681608,nested_test,unweighted,0.1947115957736969
205-1,205,1,3,0,0.044798683,nested_test,unweighted,0.1947115957736969
205-2,205,2,3,0,0.015549391,nested_test,unweighted,0.1947115957736969
205-3,205,3,3,0,0.10996162,nested_test,unweighted,0.1947115957736969
205-4,205,4,3,0,0.014107756,nested_test,unweighted,0.1947115957736969
205-5,205,5,3,0,0.07477374,nested_test,unweighted,0.1947115957736969
205-6,205,6,3,0,0.013804625,nested_test,unweighted,0.1947115957736969
205-7,205,7,3,0,0.03873342,nested_test,unweighted,0.1947115957736969
205-8,205,8,3,0,0.021363355,nested_test,unweighted,0.1947115957736969
205-9,205,9,3,0,0.054235786,nested_test,unweighted,0.1947115957736969
205-10,205,10,3,0,0.019224385,nested_test,unweighted,0.1947115957736969
205-11,205,11,3,1,0.07524698,nested_test,unweighted,0.1947115957736969
205-12,205,12,3,0,0.04307217,nested_test,unweighted,0.1947115957736969
206-0,206,0,1,0,0.040356833,nested_test,unweighted,0.2802690267562866
206-1,206,1,1,0,0.044068057,nested_test,unweighted,0.2802690267562866
206-2,206,2,1,0,0.026066266,nested_test,unweighted,0.2802690267562866
206-3,206,3,1,0,0.023903422,nested_test,unweighted,0.2802690267562866
206-4,206,4,1,0,0.0092717055,nested_test,unweighted,0.2802690267562866
206-5,206,5,1,0,0.01823065,nested_test,unweighted,0.2802690267562866
206-6,206,6,1,0,0.010923754,nested_test,unweighted,0.2802690267562866
206-7,206,7,1,0,0.020400671,nested_test,unweighted,0.2802690267562866
206-8,206,8,1,0,0.011650436,nested_test,unweighted,0.2802690267562866
206-9,206,9,1,0,0.043120295,nested_test,unweighted,0.2802690267562866
206-10,206,10,1,0,0.008723948,nested_test,unweighted,0.2802690267562866
206-11,206,11,1,0,0.027700396,nested_test,unweighted,0.2802690267562866
206-12,206,12,1,0,0.021770775,nested_test,unweighted,0.2802690267562866
207-0,207,0,2,0,0.012102084,nested_test,unweighted,0.2061617523431778
207-1,207,1,2,0,0.020114705,nested_test,unweighted,0.2061617523431778
207-2,207,2,2,0,0.029232798,nested_test,unweighted,0.2061617523431778
207-3,207,3,2,0,0.025901705,nested_test,unweighted,0.2061617523431778
207-4,207,4,2,0,0.007486928,nested_test,unweighted,0.2061617523431778
207-5,207,5,2,1,0.5376157,nested_test,unweighted,0.2061617523431778
207-6,207,6,2,0,0.0058432366,nested_test,unweighted,0.2061617523431778
207-7,207,7,2,1,0.43513414,nested_test,unweighted,0.2061617523431778
207-8,207,8,2,0,0.03345712,nested_test,unweighted,0.2061617523431778
207-9,207,9,2,0,0.023594273,nested_test,unweighted,0.2061617523431778
207-10,207,10,2,0,0.003524259,nested_test,unweighted,0.2061617523431778
207-11,207,11,2,0,0.003237046,nested_test,unweighted,0.2061617523431778
207-12,207,12,2,0,0.010974779,nested_test,unweighted,0.2061617523431778
208-0,208,0,3,0,0.035403825,nested_test,unweighted,0.1947115957736969
208-1,208,1,3,0,0.030337615,nested_test,unweighted,0.1947115957736969
208-2,208,2,3,0,0.011247519,nested_test,unweighted,0.1947115957736969
208-3,208,3,3,0,0.09304145,nested_test,unweighted,0.1947115957736969
208-4,208,4,3,0,0.013298561,nested_test,unweighted,0.1947115957736969
208-5,208,5,3,0,0.04911693,nested_test,unweighted,0.1947115957736969
208-6,208,6,3,0,0.009186139,nested_test,unweighted,0.1947115957736969
208-7,208,7,3,0,0.028156655,nested_test,unweighted,0.1947115957736969
208-8,208,8,3,0,0.022148613,nested_test,unweighted,0.1947115957736969
208-9,208,9,3,1,0.13978508,nested_test,unweighted,0.1947115957736969
208-10,208,10,3,0,0.012090124,nested_test,unweighted,0.1947115957736969
208-11,208,11,3,0,0.026837835,nested_test,unweighted,0.1947115957736969
208-12,208,12,3,0,0.030073129,nested_test,unweighted,0.1947115957736969
209-0,209,0,1,0,0.11043552,nested_test,unweighted,0.2802690267562866
209-1,209,1,1,0,0.12708801,nested_test,unweighted,0.2802690267562866
209-2,209,2,1,0,0.07498374,nested_test,unweighted,0.2802690267562866
209-3,209,3,1,0,0.06821699,nested_test,unweighted,0.2802690267562866
209-4,209,4,1,0,0.03147146,nested_test,unweighted,0.2802690267562866
209-5,209,5,1,0,0.038846422,nested_test,unweighted,0.2802690267562866
209-6,209,6,1,0,0.033725247,nested_test,unweighted,0.2802690267562866
209-7,209,7,1,0,0.07218759,nested_test,unweighted,0.2802690267562866
209-8,209,8,1,0,0.03343677,nested_test,unweighted,0.2802690267562866
209-9,209,9,1,0,0.087102264,nested_test,unweighted,0.2802690267562866
209-10,209,10,1,0,0.023599861,nested_test,unweighted,0.2802690267562866
209-11,209,11,1,0,0.0919971,nested_test,unweighted,0.2802690267562866
209-12,209,12,1,0,0.05444809,nested_test,unweighted,0.2802690267562866
210-0,210,0,1,0,0.107797444,nested_test,unweighted,0.2802690267562866
210-1,210,1,1,1,0.2306176,nested_test,unweighted,0.2802690267562866
210-2,210,2,1,1,0.150877,nested_test,unweighted,0.2802690267562866
210-3,210,3,1,0,0.08335958,nested_test,unweighted,0.2802690267562866
210-4,210,4,1,0,0.032856263,nested_test,unweighted,0.2802690267562866
210-5,210,5,1,0,0.04551433,nested_test,unweighted,0.2802690267562866
210-6,210,6,1,0,0.03376546,nested_test,unweighted,0.2802690267562866
210-7,210,7,1,0,0.06429022,nested_test,unweighted,0.2802690267562866
210-8,210,8,1,1,0.10084255,nested_test,unweighted,0.2802690267562866
210-9,210,9,1,0,0.101604596,nested_test,unweighted,0.2802690267562866
210-10,210,10,1,1,0.038143873,nested_test,unweighted,0.2802690267562866
210-11,210,11,1,1,0.1645946,nested_test,unweighted,0.2802690267562866
210-12,210,12,1,1,0.108243234,nested_test,unweighted,0.2802690267562866
211-0,211,0,4,1,0.04997984,nested_test,unweighted,0.2913484275341034
211-1,211,1,4,1,0.10048639,nested_test,unweighted,0.2913484275341034
211-2,211,2,4,1,0.2080429,nested_test,unweighted,0.2913484275341034
211-3,211,3,4,1,0.10877128,nested_test,unweighted,0.2913484275341034
211-4,211,4,4,1,0.055827174,nested_test,unweighted,0.2913484275341034
211-5,211,5,4,0,0.016849281,nested_test,unweighted,0.2913484275341034
211-6,211,6,4,1,0.06929661,nested_test,unweighted,0.2913484275341034
211-7,211,7,4,1,0.08110775,nested_test,unweighted,0.2913484275341034
211-8,211,8,4,1,0.17842665,nested_test,unweighted,0.2913484275341034
211-9,211,9,4,1,0.207167,nested_test,unweighted,0.2913484275341034
211-10,211,10,4,1,0.035063088,nested_test,unweighted,0.2913484275341034
211-11,211,11,4,0,0.03513841,nested_test,unweighted,0.2913484275341034
211-12,211,12,4,1,0.11366315,nested_test,unweighted,0.2913484275341034
212-0,212,0,1,0,0.20025358,nested_test,unweighted,0.2802690267562866
212-1,212,1,1,0,0.21488234,nested_test,unweighted,0.2802690267562866
212-2,212,2,1,0,0.12895502,nested_test,unweighted,0.2802690267562866
212-3,212,3,1,0,0.12666051,nested_test,unweighted,0.2802690267562866
212-4,212,4,1,0,0.064075194,nested_test,unweighted,0.2802690267562866
212-5,212,5,1,1,0.043766182,nested_test,unweighted,0.2802690267562866
212-6,212,6,1,0,0.06973658,nested_test,unweighted,0.2802690267562866
212-7,212,7,1,0,0.11455172,nested_test,unweighted,0.2802690267562866
212-8,212,8,1,1,0.033092774,nested_test,unweighted,0.2802690267562866
212-9,212,9,1,0,0.19576836,nested_test,unweighted,0.2802690267562866
212-10,212,10,1,1,0.024434965,nested_test,unweighted,0.2802690267562866
212-11,212,11,1,0,0.1524715,nested_test,unweighted,0.2802690267562866
212-12,212,12,1,0,0.09977492,nested_test,unweighted,0.2802690267562866
213-0,213,0,4,1,0.013879458,nested_test,unweighted,0.2913484275341034
213-1,213,1,4,1,0.031966966,nested_test,unweighted,0.2913484275341034
213-2,213,2,4,1,0.076976925,nested_test,unweighted,0.2913484275341034
213-3,213,3,4,1,0.031152116,nested_test,unweighted,0.2913484275341034
213-4,213,4,4,1,0.010804553,nested_test,unweighted,0.2913484275341034
213-5,213,5,4,1,0.01650713,nested_test,unweighted,0.2913484275341034
213-6,213,6,4,1,0.023647731,nested_test,unweighted,0.2913484275341034
213-7,213,7,4,1,0.030065298,nested_test,unweighted,0.2913484275341034
213-8,213,8,4,1,0.03856423,nested_test,unweighted,0.2913484275341034
213-9,213,9,4,1,0.06910359,nested_test,unweighted,0.2913484275341034
213-10,213,10,4,1,0.011666804,nested_test,unweighted,0.2913484275341034
213-11,213,11,4,1,0.03443788,nested_test,unweighted,0.2913484275341034
213-12,213,12,4,1,0.030027922,nested_test,unweighted,0.2913484275341034
214-0,214,0,3,0,0.06904507,nested_test,unweighted,0.1947115957736969
214-1,214,1,3,0,0.043861892,nested_test,unweighted,0.1947115957736969
214-2,214,2,3,0,0.013438695,nested_test,unweighted,0.1947115957736969
214-3,214,3,3,0,0.16344954,nested_test,unweighted,0.1947115957736969
214-4,214,4,3,0,0.02217456,nested_test,unweighted,0.1947115957736969
214-5,214,5,3,0,0.07727615,nested_test,unweighted,0.1947115957736969
214-6,214,6,3,0,0.010516858,nested_test,unweighted,0.1947115957736969
214-7,214,7,3,0,0.047530763,nested_test,unweighted,0.1947115957736969
214-8,214,8,3,0,0.023444364,nested_test,unweighted,0.1947115957736969
214-9,214,9,3,0,0.057030022,nested_test,unweighted,0.1947115957736969
214-10,214,10,3,0,0.017950375,nested_test,unweighted,0.1947115957736969
214-11,214,11,3,0,0.024117013,nested_test,unweighted,0.1947115957736969
214-12,214,12,3,0,0.043484814,nested_test,unweighted,0.1947115957736969
215-0,215,0,1,0,0.09965416,nested_test,unweighted,0.2802690267562866
215-1,215,1,1,0,0.070488006,nested_test,unweighted,0.2802690267562866
215-2,215,2,1,0,0.044267714,nested_test,unweighted,0.2802690267562866
215-3,215,3,1,0,0.061275046,nested_test,unweighted,0.2802690267562866
215-4,215,4,1,0,0.02029763,nested_test,unweighted,0.2802690267562866
215-5,215,5,1,0,0.031513035,nested_test,unweighted,0.2802690267562866
215-6,215,6,1,0,0.021796461,nested_test,unweighted,0.2802690267562866
215-7,215,7,1,0,0.04701293,nested_test,unweighted,0.2802690267562866
215-8,215,8,1,0,0.036010783,nested_test,unweighted,0.2802690267562866
215-9,215,9,1,0,0.080909915,nested_test,unweighted,0.2802690267562866
215-10,215,10,1,0,0.015142941,nested_test,unweighted,0.2802690267562866
215-11,215,11,1,0,0.04411245,nested_test,unweighted,0.2802690267562866
215-12,215,12,1,0,0.041694455,nested_test,unweighted,0.2802690267562866
216-0,216,0,1,0,0.048457757,nested_test,unweighted,0.2802690267562866
216-1,216,1,1,0,0.044068057,nested_test,unweighted,0.2802690267562866
216-2,216,2,1,0,0.026066266,nested_test,unweighted,0.2802690267562866
216-3,216,3,1,0,0.026475705,nested_test,unweighted,0.2802690267562866
216-4,216,4,1,0,0.009436851,nested_test,unweighted,0.2802690267562866
216-5,216,5,1,0,0.016149191,nested_test,unweighted,0.2802690267562866
216-6,216,6,1,0,0.010504584,nested_test,unweighted,0.2802690267562866
216-7,216,7,1,0,0.020400671,nested_test,unweighted,0.2802690267562866
216-8,216,8,1,0,0.011650436,nested_test,unweighted,0.2802690267562866
216-9,216,9,1,0,0.034989074,nested_test,unweighted,0.2802690267562866
216-10,216,10,1,0,0.008523279,nested_test,unweighted,0.2802690267562866
216-11,216,11,1,0,0.021061268,nested_test,unweighted,0.2802690267562866
216-12,216,12,1,0,0.018035803,nested_test,unweighted,0.2802690267562866
217-0,217,0,2,0,0.089754604,nested_test,unweighted,0.2061617523431778
217-1,217,1,2,0,0.09526557,nested_test,unweighted,0.2061617523431778
217-2,217,2,2,0,0.19925648,nested_test,unweighted,0.2061617523431778
217-3,217,3,2,0,0.1904664,nested_test,unweighted,0.2061617523431778
217-4,217,4,2,0,0.03368154,nested_test,unweighted,0.2061617523431778
217-5,217,5,2,0,0.09591061,nested_test,unweighted,0.2061617523431778
217-6,217,6,2,0,0.025969513,nested_test,unweighted,0.2061617523431778
217-7,217,7,2,0,0.08682809,nested_test,unweighted,0.2061617523431778
217-8,217,8,2,0,0.23329814,nested_test,unweighted,0.2061617523431778
217-9,217,9,2,0,0.14678136,nested_test,unweighted,0.2061617523431778
217-10,217,10,2,0,0.020573666,nested_test,unweighted,0.2061617523431778
217-11,217,11,2,0,0.013281022,nested_test,unweighted,0.2061617523431778
217-12,217,12,2,0,0.07458248,nested_test,unweighted,0.2061617523431778
218-0,218,0,1,0,0.055629935,nested_test,unweighted,0.2802690267562866
218-1,218,1,1,0,0.03537083,nested_test,unweighted,0.2802690267562866
218-2,218,2,1,0,0.023120131,nested_test,unweighted,0.2802690267562866
218-3,218,3,1,0,0.03262309,nested_test,unweighted,0.2802690267562866
218-4,218,4,1,0,0.009436851,nested_test,unweighted,0.2802690267562866
218-5,218,5,1,0,0.012901732,nested_test,unweighted,0.2802690267562866
218-6,218,6,1,0,0.01251548,nested_test,unweighted,0.2802690267562866
218-7,218,7,1,0,0.020400671,nested_test,unweighted,0.2802690267562866
218-8,218,8,1,0,0.011650436,nested_test,unweighted,0.2802690267562866
218-9,218,9,1,0,0.033735443,nested_test,unweighted,0.2802690267562866
218-10,218,10,1,0,0.008523279,nested_test,unweighted,0.2802690267562866
218-11,218,11,1,0,0.021061268,nested_test,unweighted,0.2802690267562866
218-12,218,12,1,0,0.018035803,nested_test,unweighted,0.2802690267562866
219-0,219,0,2,0,0.08022058,nested_test,unweighted,0.2061617523431778
219-1,219,1,2,0,0.078972,nested_test,unweighted,0.2061617523431778
219-2,219,2,2,0,0.11580842,nested_test,unweighted,0.2061617523431778
219-3,219,3,2,0,0.1385299,nested_test,unweighted,0.2061617523431778
219-4,219,4,2,0,0.029616956,nested_test,unweighted,0.2061617523431778
219-5,219,5,2,0,0.045953013,nested_test,unweighted,0.2061617523431778
219-6,219,6,2,0,0.023446325,nested_test,unweighted,0.2061617523431778
219-7,219,7,2,0,0.054445487,nested_test,unweighted,0.2061617523431778
219-8,219,8,2,0,0.15610091,nested_test,unweighted,0.2061617523431778
219-9,219,9,2,0,0.15333459,nested_test,unweighted,0.2061617523431778
219-10,219,10,2,0,0.015921663,nested_test,unweighted,0.2061617523431778
219-11,219,11,2,0,0.013030342,nested_test,unweighted,0.2061617523431778
219-12,219,12,2,0,0.040752366,nested_test,unweighted,0.2061617523431778
220-0,220,0,2,1,0.048360676,nested_test,unweighted,0.2061617523431778
220-1,220,1,2,0,0.13853788,nested_test,unweighted,0.2061617523431778
220-2,220,2,2,1,0.10650767,nested_test,unweighted,0.2061617523431778
220-3,220,3,2,1,0.112504825,nested_test,unweighted,0.2061617523431778
220-4,220,4,2,0,0.10286491,nested_test,unweighted,0.2061617523431778
220-5,220,5,2,0,0.21408874,nested_test,unweighted,0.2061617523431778
220-6,220,6,2,0,0.064179204,nested_test,unweighted,0.2061617523431778
220-7,220,7,2,0,0.15128198,nested_test,unweighted,0.2061617523431778
220-8,220,8,2,0,0.47308502,nested_test,unweighted,0.2061617523431778
220-9,220,9,2,0,0.4240906,nested_test,unweighted,0.2061617523431778
220-10,220,10,2,1,0.013849125,nested_test,unweighted,0.2061617523431778
220-11,220,11,2,1,0.009611223,nested_test,unweighted,0.2061617523431778
220-12,220,12,2,1,0.037172243,nested_test,unweighted,0.2061617523431778
221-0,221,0,4,0,0.036118574,nested_test,unweighted,0.2913484275341034
221-1,221,1,4,0,0.039595626,nested_test,unweighted,0.2913484275341034
221-2,221,2,4,1,0.19940318,nested_test,unweighted,0.2913484275341034
221-3,221,3,4,0,0.075521976,nested_test,unweighted,0.2913484275341034
221-4,221,4,4,0,0.019083565,nested_test,unweighted,0.2913484275341034
221-5,221,5,4,1,0.045692604,nested_test,unweighted,0.2913484275341034
221-6,221,6,4,0,0.029168682,nested_test,unweighted,0.2913484275341034
221-7,221,7,4,0,0.06302265,nested_test,unweighted,0.2913484275341034
221-8,221,8,4,0,0.08823438,nested_test,unweighted,0.2913484275341034
221-9,221,9,4,1,0.14805838,nested_test,unweighted,0.2913484275341034
221-10,221,10,4,0,0.016707523,nested_test,unweighted,0.2913484275341034
221-11,221,11,4,0,0.045246016,nested_test,unweighted,0.2913484275341034
221-12,221,12,4,0,0.05422018,nested_test,unweighted,0.2913484275341034
222-0,222,0,4,1,0.036524218,nested_test,unweighted,0.2913484275341034
222-1,222,1,4,1,0.04203252,nested_test,unweighted,0.2913484275341034
222-2,222,2,4,1,0.10516619,nested_test,unweighted,0.2913484275341034
222-3,222,3,4,1,0.11268645,nested_test,unweighted,0.2913484275341034
222-4,222,4,4,1,0.018971168,nested_test,unweighted,0.2913484275341034
222-5,222,5,4,0,0.07889384,nested_test,unweighted,0.2913484275341034
222-6,222,6,4,1,0.05263543,nested_test,unweighted,0.2913484275341034
222-7,222,7,4,1,0.06302265,nested_test,unweighted,0.2913484275341034
222-8,222,8,4,1,0.08823438,nested_test,unweighted,0.2913484275341034
222-9,222,9,4,1,0.08053774,nested_test,unweighted,0.2913484275341034
222-10,222,10,4,1,0.02263794,nested_test,unweighted,0.2913484275341034
222-11,222,11,4,1,0.048013292,nested_test,unweighted,0.2913484275341034
222-12,222,12,4,1,0.054817565,nested_test,unweighted,0.2913484275341034
223-0,223,0,3,0,0.16133273,nested_test,unweighted,0.1947115957736969
223-1,223,1,3,0,0.08205064,nested_test,unweighted,0.1947115957736969
223-2,223,2,3,0,0.025337605,nested_test,unweighted,0.1947115957736969
223-3,223,3,3,0,0.33340648,nested_test,unweighted,0.1947115957736969
223-4,223,4,3,0,0.042948056,nested_test,unweighted,0.1947115957736969
223-5,223,5,3,0,0.13734733,nested_test,unweighted,0.1947115957736969
223-6,223,6,3,1,0.016051514,nested_test,unweighted,0.1947115957736969
223-7,223,7,3,0,0.1233065,nested_test,unweighted,0.1947115957736969
223-8,223,8,3,1,0.028885545,nested_test,unweighted,0.1947115957736969
223-9,223,9,3,1,0.05648222,nested_test,unweighted,0.1947115957736969
223-10,223,10,3,0,0.030279694,nested_test,unweighted,0.1947115957736969
223-11,223,11,3,1,0.031055683,nested_test,unweighted,0.1947115957736969
223-12,223,12,3,0,0.12645088,nested_test,unweighted,0.1947115957736969
224-0,224,0,4,0,0.047893517,nested_test,unweighted,0.2913484275341034
224-1,224,1,4,0,0.056922656,nested_test,unweighted,0.2913484275341034
224-2,224,2,4,0,0.17158738,nested_test,unweighted,0.2913484275341034
224-3,224,3,4,0,0.12822989,nested_test,unweighted,0.2913484275341034
224-4,224,4,4,0,0.034981716,nested_test,unweighted,0.2913484275341034
224-5,224,5,4,0,0.034626115,nested_test,unweighted,0.2913484275341034
224-6,224,6,4,0,0.06544208,nested_test,unweighted,0.2913484275341034
224-7,224,7,4,0,0.08162727,nested_test,unweighted,0.2913484275341034
224-8,224,8,4,0,0.11500487,nested_test,unweighted,0.2913484275341034
224-9,224,9,4,0,0.14463592,nested_test,unweighted,0.2913484275341034
224-10,224,10,4,0,0.023144225,nested_test,unweighted,0.2913484275341034
224-11,224,11,4,0,0.05938666,nested_test,unweighted,0.2913484275341034
224-12,224,12,4,0,0.08515423,nested_test,unweighted,0.2913484275341034
225-0,225,0,2,0,0.032403313,nested_test,unweighted,0.2061617523431778
225-1,225,1,2,0,0.034847833,nested_test,unweighted,0.2061617523431778
225-2,225,2,2,0,0.07415884,nested_test,unweighted,0.2061617523431778
225-3,225,3,2,0,0.07040217,nested_test,unweighted,0.2061617523431778
225-4,225,4,2,0,0.020053925,nested_test,unweighted,0.2061617523431778
225-5,225,5,2,0,0.019167745,nested_test,unweighted,0.2061617523431778
225-6,225,6,2,0,0.010840607,nested_test,unweighted,0.2061617523431778
225-7,225,7,2,0,0.026967755,nested_test,unweighted,0.2061617523431778
225-8,225,8,2,0,0.07215422,nested_test,unweighted,0.2061617523431778
225-9,225,9,2,0,0.058577955,nested_test,unweighted,0.2061617523431778
225-10,225,10,2,0,0.0080713695,nested_test,unweighted,0.2061617523431778
225-11,225,11,2,0,0.006501592,nested_test,unweighted,0.2061617523431778
225-12,225,12,2,0,0.023942243,nested_test,unweighted,0.2061617523431778
226-0,226,0,3,0,0.06810437,nested_test,unweighted,0.1947115957736969
226-1,226,1,3,0,0.044798683,nested_test,unweighted,0.1947115957736969
226-2,226,2,3,0,0.015549391,nested_test,unweighted,0.1947115957736969
226-3,226,3,3,0,0.16045015,nested_test,unweighted,0.1947115957736969
226-4,226,4,3,0,0.020484384,nested_test,unweighted,0.1947115957736969
226-5,226,5,3,0,0.07477374,nested_test,unweighted,0.1947115957736969
226-6,226,6,3,0,0.011191041,nested_test,unweighted,0.1947115957736969
226-7,226,7,3,0,0.041354433,nested_test,unweighted,0.1947115957736969
226-8,226,8,3,0,0.021363355,nested_test,unweighted,0.1947115957736969
226-9,226,9,3,0,0.055230603,nested_test,unweighted,0.1947115957736969
226-10,226,10,3,0,0.019109432,nested_test,unweighted,0.1947115957736969
226-11,226,11,3,0,0.023122484,nested_test,unweighted,0.1947115957736969
226-12,226,12,3,0,0.03314703,nested_test,unweighted,0.1947115957736969
227-0,227,0,2,0,0.050700855,nested_test,unweighted,0.2061617523431778
227-1,227,1,2,0,0.07776714,nested_test,unweighted,0.2061617523431778
227-2,227,2,2,0,0.11133242,nested_test,unweighted,0.2061617523431778
227-3,227,3,2,0,0.10485693,nested_test,unweighted,0.2061617523431778
227-4,227,4,2,0,0.033338062,nested_test,unweighted,0.2061617523431778
227-5,227,5,2,1,0.13370527,nested_test,unweighted,0.2061617523431778
227-6,227,6,2,0,0.01734386,nested_test,unweighted,0.2061617523431778
227-7,227,7,2,0,0.051053137,nested_test,unweighted,0.2061617523431778
227-8,227,8,2,1,0.25262728,nested_test,unweighted,0.2061617523431778
227-9,227,9,2,0,0.09045226,nested_test,unweighted,0.2061617523431778
227-10,227,10,2,0,0.014544796,nested_test,unweighted,0.2061617523431778
227-11,227,11,2,0,0.008979783,nested_test,unweighted,0.2061617523431778
227-12,227,12,2,0,0.051942725,nested_test,unweighted,0.2061617523431778
228-0,228,0,2,1,0.10730775,nested_test,unweighted,0.2061617523431778
228-1,228,1,2,0,0.04973225,nested_test,unweighted,0.2061617523431778
228-2,228,2,2,1,0.22204943,nested_test,unweighted,0.2061617523431778
228-3,228,3,2,1,0.2125207,nested_test,unweighted,0.2061617523431778
228-4,228,4,2,1,0.06755801,nested_test,unweighted,0.2061617523431778
228-5,228,5,2,0,0.049145404,nested_test,unweighted,0.2061617523431778
228-6,228,6,2,1,0.02801096,nested_test,unweighted,0.2061617523431778
228-7,228,7,2,0,0.051053137,nested_test,unweighted,0.2061617523431778
228-8,228,8,2,0,0.14736179,nested_test,unweighted,0.2061617523431778
228-9,228,9,2,0,0.09045226,nested_test,unweighted,0.2061617523431778
228-10,228,10,2,1,0.028522706,nested_test,unweighted,0.2061617523431778
228-11,228,11,2,0,0.0131041845,nested_test,unweighted,0.2061617523431778
228-12,228,12,2,0,0.035211258,nested_test,unweighted,0.2061617523431778
229-0,229,0,3,1,0.16453509,nested_test,unweighted,0.1947115957736969
229-1,229,1,3,0,0.03614911,nested_test,unweighted,0.1947115957736969
229-2,229,2,3,0,0.018184908,nested_test,unweighted,0.1947115957736969
229-3,229,3,3,0,0.16341296,nested_test,unweighted,0.1947115957736969
229-4,229,4,3,1,0.0435471,nested_test,unweighted,0.1947115957736969
229-5,229,5,3,1,0.13907176,nested_test,unweighted,0.1947115957736969
229-6,229,6,3,0,0.01584658,nested_test,unweighted,0.1947115957736969
229-7,229,7,3,0,0.05800098,nested_test,unweighted,0.1947115957736969
229-8,229,8,3,0,0.024495622,nested_test,unweighted,0.1947115957736969
229-9,229,9,3,0,0.08192434,nested_test,unweighted,0.1947115957736969
229-10,229,10,3,0,0.01953696,nested_test,unweighted,0.1947115957736969
229-11,229,11,3,0,0.028381571,nested_test,unweighted,0.1947115957736969
229-12,229,12,3,0,0.05319474,nested_test,unweighted,0.1947115957736969
230-0,230,0,4,0,0.017561246,nested_test,unweighted,0.2913484275341034
230-1,230,1,4,0,0.027201068,nested_test,unweighted,0.2913484275341034
230-2,230,2,4,0,0.06768788,nested_test,unweighted,0.2913484275341034
230-3,230,3,4,0,0.04807605,nested_test,unweighted,0.2913484275341034
230-4,230,4,4,0,0.013209725,nested_test,unweighted,0.2913484275341034
230-5,230,5,4,0,0.013599256,nested_test,unweighted,0.2913484275341034
230-6,230,6,4,0,0.023652505,nested_test,unweighted,0.2913484275341034
230-7,230,7,4,0,0.02619666,nested_test,unweighted,0.2913484275341034
230-8,230,8,4,0,0.03755843,nested_test,unweighted,0.2913484275341034
230-9,230,9,4,0,0.04775673,nested_test,unweighted,0.2913484275341034
230-10,230,10,4,0,0.01135424,nested_test,unweighted,0.2913484275341034
230-11,230,11,4,0,0.02542944,nested_test,unweighted,0.2913484275341034
230-12,230,12,4,0,0.032371033,nested_test,unweighted,0.2913484275341034
231-0,231,0,1,0,0.0714664,nested_test,unweighted,0.2802690267562866
231-1,231,1,1,0,0.07016437,nested_test,unweighted,0.2802690267562866
231-2,231,2,1,0,0.03873342,nested_test,unweighted,0.2802690267562866
231-3,231,3,1,0,0.046585243,nested_test,unweighted,0.2802690267562866
231-4,231,4,1,0,0.017884031,nested_test,unweighted,0.2802690267562866
231-5,231,5,1,0,0.024199804,nested_test,unweighted,0.2802690267562866
231-6,231,6,1,0,0.022338398,nested_test,unweighted,0.2802690267562866
231-7,231,7,1,0,0.038265727,nested_test,unweighted,0.2802690267562866
231-8,231,8,1,0,0.024741482,nested_test,unweighted,0.2802690267562866
231-9,231,9,1,0,0.068695694,nested_test,unweighted,0.2802690267562866
231-10,231,10,1,0,0.019223046,nested_test,unweighted,0.2802690267562866
231-11,231,11,1,1,0.19515786,nested_test,unweighted,0.2802690267562866
231-12,231,12,1,0,0.034922134,nested_test,unweighted,0.2802690267562866
232-0,232,0,2,0,0.06016483,nested_test,unweighted,0.2061617523431778
232-1,232,1,2,0,0.112208046,nested_test,unweighted,0.2061617523431778
232-2,232,2,2,0,0.12675403,nested_test,unweighted,0.2061617523431778
232-3,232,3,2,0,0.12621623,nested_test,unweighted,0.2061617523431778
232-4,232,4,2,0,0.03288521,nested_test,unweighted,0.2061617523431778
232-5,232,5,2,0,0.05399113,nested_test,unweighted,0.2061617523431778
232-6,232,6,2,0,0.021869987,nested_test,unweighted,0.2061617523431778
232-7,232,7,2,0,0.040999122,nested_test,unweighted,0.2061617523431778
232-8,232,8,2,0,0.120754994,nested_test,unweighted,0.2061617523431778
232-9,232,9,2,0,0.1254606,nested_test,unweighted,0.2061617523431778
232-10,232,10,2,0,0.014976482,nested_test,unweighted,0.2061617523431778
232-11,232,11,2,0,0.013079054,nested_test,unweighted,0.2061617523431778
232-12,232,12,2,0,0.038920384,nested_test,unweighted,0.2061617523431778
233-0,233,0,5,0,0.07826064,nested_test,unweighted,0.24960972368717194
233-1,233,1,5,0,0.21444935,nested_test,unweighted,0.24960972368717194
233-2,233,2,5,0,0.07222919,nested_test,unweighted,0.24960972368717194
233-3,233,3,5,0,0.3446022,nested_test,unweighted,0.24960972368717194
233-4,233,4,5,0,0.1113838,nested_test,unweighted,0.24960972368717194
233-5,233,5,5,0,0.019821437,nested_test,unweighted,0.24960972368717194
233-6,233,6,5,0,0.2509618,nested_test,unweighted,0.24960972368717194
233-7,233,7,5,0,0.21045093,nested_test,unweighted,0.24960972368717194
233-8,233,8,5,0,0.088930435,nested_test,unweighted,0.24960972368717194
233-9,233,9,5,0,0.22095126,nested_test,unweighted,0.24960972368717194
233-10,233,10,5,0,0.017821541,nested_test,unweighted,0.24960972368717194
233-11,233,11,5,0,0.07222919,nested_test,unweighted,0.24960972368717194
233-12,233,12,5,0,0.11316495,nested_test,unweighted,0.24960972368717194
234-0,234,0,3,0,0.07215903,nested_test,unweighted,0.1947115957736969
234-1,234,1,3,0,0.045825347,nested_test,unweighted,0.1947115957736969
234-2,234,2,3,0,0.016437164,nested_test,unweighted,0.1947115957736969
234-3,234,3,3,0,0.16625707,nested_test,unweighted,0.1947115957736969
234-4,234,4,3,0,0.01484907,nested_test,unweighted,0.1947115957736969
234-5,234,5,3,0,0.059462853,nested_test,unweighted,0.1947115957736969
234-6,234,6,3,0,0.012487847,nested_test,unweighted,0.1947115957736969
234-7,234,7,3,0,0.05860088,nested_test,unweighted,0.1947115957736969
234-8,234,8,3,0,0.023609817,nested_test,unweighted,0.1947115957736969
234-9,234,9,3,0,0.05648222,nested_test,unweighted,0.1947115957736969
234-10,234,10,3,0,0.01784827,nested_test,unweighted,0.1947115957736969
234-11,234,11,3,1,0.059606306,nested_test,unweighted,0.1947115957736969
234-12,234,12,3,0,0.045116875,nested_test,unweighted,0.1947115957736969
235-0,235,0,3,0,0.100531295,nested_test,unweighted,0.1947115957736969
235-1,235,1,3,0,0.04397665,nested_test,unweighted,0.1947115957736969
235-2,235,2,3,0,0.0141630815,nested_test,unweighted,0.1947115957736969
235-3,235,3,3,0,0.19966285,nested_test,unweighted,0.1947115957736969
235-4,235,4,3,0,0.021943381,nested_test,unweighted,0.1947115957736969
235-5,235,5,3,0,0.078336515,nested_test,unweighted,0.1947115957736969
235-6,235,6,3,0,0.018492883,nested_test,unweighted,0.1947115957736969
235-7,235,7,3,0,0.073800646,nested_test,unweighted,0.1947115957736969
235-8,235,8,3,0,0.034641616,nested_test,unweighted,0.1947115957736969
235-9,235,9,3,0,0.07762259,nested_test,unweighted,0.1947115957736969
235-10,235,10,3,0,0.02179692,nested_test,unweighted,0.1947115957736969
235-11,235,11,3,0,0.03227946,nested_test,unweighted,0.1947115957736969
235-12,235,12,3,0,0.04728451,nested_test,unweighted,0.1947115957736969
236-0,236,0,3,1,0.06894467,nested_test,unweighted,0.1947115957736969
236-1,236,1,3,1,0.04372876,nested_test,unweighted,0.1947115957736969
236-2,236,2,3,1,0.015752215,nested_test,unweighted,0.1947115957736969
236-3,236,3,3,1,0.14333364,nested_test,unweighted,0.1947115957736969
236-4,236,4,3,1,0.014107756,nested_test,unweighted,0.1947115957736969
236-5,236,5,3,1,0.056622207,nested_test,unweighted,0.1947115957736969
236-6,236,6,3,1,0.013722327,nested_test,unweighted,0.1947115957736969
236-7,236,7,3,1,0.04111474,nested_test,unweighted,0.1947115957736969
236-8,236,8,3,1,0.021236952,nested_test,unweighted,0.1947115957736969
236-9,236,9,3,1,0.055230603,nested_test,unweighted,0.1947115957736969
236-10,236,10,3,1,0.018996106,nested_test,unweighted,0.1947115957736969
236-11,236,11,3,1,0.023122484,nested_test,unweighted,0.1947115957736969
236-12,236,12,3,1,0.042822946,nested_test,unweighted,0.1947115957736969
237-0,237,0,1,0,0.25706774,nested_test,unweighted,0.2802690267562866
237-1,237,1,1,0,0.18502347,nested_test,unweighted,0.2802690267562866
237-2,237,2,1,0,0.12726846,nested_test,unweighted,0.2802690267562866
237-3,237,3,1,0,0.19714698,nested_test,unweighted,0.2802690267562866
237-4,237,4,1,0,0.06642526,nested_test,unweighted,0.2802690267562866
237-5,237,5,1,0,0.07989341,nested_test,unweighted,0.2802690267562866
237-6,237,6,1,0,0.062080696,nested_test,unweighted,0.2802690267562866
237-7,237,7,1,0,0.12634206,nested_test,unweighted,0.2802690267562866
237-8,237,8,1,0,0.07065984,nested_test,unweighted,0.2802690267562866
237-9,237,9,1,0,0.1833334,nested_test,unweighted,0.2802690267562866
237-10,237,10,1,0,0.034783598,nested_test,unweighted,0.2802690267562866
237-11,237,11,1,0,0.12347215,nested_test,unweighted,0.2802690267562866
237-12,237,12,1,0,0.096764624,nested_test,unweighted,0.2802690267562866
238-0,238,0,2,1,0.54188466,nested_test,unweighted,0.2061617523431778
238-1,238,1,2,0,0.017803915,nested_test,unweighted,0.2061617523431778
238-2,238,2,2,1,0.7430363,nested_test,unweighted,0.2061617523431778
238-3,238,3,2,0,0.027547255,nested_test,unweighted,0.2061617523431778
238-4,238,4,2,0,0.007486928,nested_test,unweighted,0.2061617523431778
238-5,238,5,2,1,0.4840984,nested_test,unweighted,0.2061617523431778
238-6,238,6,2,0,0.0046036686,nested_test,unweighted,0.2061617523431778
238-7,238,7,2,0,0.01001959,nested_test,unweighted,0.2061617523431778
238-8,238,8,2,0,0.026920896,nested_test,unweighted,0.2061617523431778
238-9,238,9,2,0,0.026326448,nested_test,unweighted,0.2061617523431778
238-10,238,10,2,0,0.003014402,nested_test,unweighted,0.2061617523431778
238-11,238,11,2,0,0.0027153548,nested_test,unweighted,0.2061617523431778
238-12,238,12,2,0,0.008812363,nested_test,unweighted,0.2061617523431778
239-0,239,0,4,1,0.059860677,nested_test,unweighted,0.2913484275341034
239-1,239,1,4,1,0.0715603,nested_test,unweighted,0.2913484275341034
239-2,239,2,4,1,0.13510355,nested_test,unweighted,0.2913484275341034
239-3,239,3,4,1,0.11673871,nested_test,unweighted,0.2913484275341034
239-4,239,4,4,0,0.022588948,nested_test,unweighted,0.2913484275341034
239-5,239,5,4,0,0.041858587,nested_test,unweighted,0.2913484275341034
239-6,239,6,4,1,0.044558775,nested_test,unweighted,0.2913484275341034
239-7,239,7,4,0,0.080218755,nested_test,unweighted,0.2913484275341034
239-8,239,8,4,0,0.11159637,nested_test,unweighted,0.2913484275341034
239-9,239,9,4,0,0.14189385,nested_test,unweighted,0.2913484275341034
239-10,239,10,4,0,0.018455012,nested_test,unweighted,0.2913484275341034
239-11,239,11,4,1,0.063409165,nested_test,unweighted,0.2913484275341034
239-12,239,12,4,1,0.087273054,nested_test,unweighted,0.2913484275341034
240-0,240,0,1,0,0.1737796,nested_test,unweighted,0.2802690267562866
240-1,240,1,1,0,0.1337079,nested_test,unweighted,0.2802690267562866
240-2,240,2,1,0,0.106324255,nested_test,unweighted,0.2802690267562866
240-3,240,3,1,0,0.13722096,nested_test,unweighted,0.2802690267562866
240-4,240,4,1,0,0.04376627,nested_test,unweighted,0.2802690267562866
240-5,240,5,1,0,0.051119212,nested_test,unweighted,0.2802690267562866
240-6,240,6,1,0,0.048892736,nested_test,unweighted,0.2802690267562866
240-7,240,7,1,0,0.09768416,nested_test,unweighted,0.2802690267562866
240-8,240,8,1,0,0.051758222,nested_test,unweighted,0.2802690267562866
240-9,240,9,1,0,0.12801209,nested_test,unweighted,0.2802690267562866
240-10,240,10,1,0,0.02312682,nested_test,unweighted,0.2802690267562866
240-11,240,11,1,0,0.08288645,nested_test,unweighted,0.2802690267562866
240-12,240,12,1,0,0.07526352,nested_test,unweighted,0.2802690267562866
241-0,241,0,5,0,0.02439088,nested_test,unweighted,0.24960972368717194
241-1,241,1,5,0,0.04413399,nested_test,unweighted,0.24960972368717194
241-2,241,2,5,0,0.012826164,nested_test,unweighted,0.24960972368717194
241-3,241,3,5,0,0.060371824,nested_test,unweighted,0.24960972368717194
241-4,241,4,5,0,0.02549577,nested_test,unweighted,0.24960972368717194
241-5,241,5,5,0,0.0071266936,nested_test,unweighted,0.24960972368717194
241-6,241,6,5,0,0.07079515,nested_test,unweighted,0.24960972368717194
241-7,241,7,5,0,0.044154413,nested_test,unweighted,0.24960972368717194
241-8,241,8,5,0,0.017366841,nested_test,unweighted,0.24960972368717194
241-9,241,9,5,0,0.042137653,nested_test,unweighted,0.24960972368717194
241-10,241,10,5,0,0.009347744,nested_test,unweighted,0.24960972368717194
241-11,241,11,5,0,0.011861211,nested_test,unweighted,0.24960972368717194
241-12,241,12,5,0,0.031785473,nested_test,unweighted,0.24960972368717194
242-0,242,0,5,0,0.23118241,nested_test,unweighted,0.24960972368717194
242-1,242,1,5,0,0.46527454,nested_test,unweighted,0.24960972368717194
242-2,242,2,5,0,0.18645345,nested_test,unweighted,0.24960972368717194
242-3,242,3,5,0,0.62382865,nested_test,unweighted,0.24960972368717194
242-4,242,4,5,0,0.36720762,nested_test,unweighted,0.24960972368717194
242-5,242,5,5,1,0.003969505,nested_test,unweighted,0.24960972368717194
242-6,242,6,5,0,0.6255395,nested_test,unweighted,0.24960972368717194
242-7,242,7,5,0,0.5618513,nested_test,unweighted,0.24960972368717194
242-8,242,8,5,0,0.23964915,nested_test,unweighted,0.24960972368717194
242-9,242,9,5,0,0.47301129,nested_test,unweighted,0.24960972368717194
242-10,242,10,5,0,0.04790677,nested_test,unweighted,0.24960972368717194
242-11,242,11,5,0,0.14923581,nested_test,unweighted,0.24960972368717194
242-12,242,12,5,0,0.3353341,nested_test,unweighted,0.24960972368717194
243-0,243,0,5,0,0.20901258,nested_test,unweighted,0.24960972368717194
243-1,243,1,5,0,0.373872,nested_test,unweighted,0.24960972368717194
243-2,243,2,5,0,0.173055,nested_test,unweighted,0.24960972368717194
243-3,243,3,5,0,0.53581196,nested_test,unweighted,0.24960972368717194
243-4,243,4,5,0,0.295998,nested_test,unweighted,0.24960972368717194
243-5,243,5,5,0,0.04992929,nested_test,unweighted,0.24960972368717194
243-6,243,6,5,1,0.053114448,nested_test,unweighted,0.24960972368717194
243-7,243,7,5,0,0.38857365,nested_test,unweighted,0.24960972368717194
243-8,243,8,5,0,0.18879391,nested_test,unweighted,0.24960972368717194
243-9,243,9,5,0,0.3811723,nested_test,unweighted,0.24960972368717194
243-10,243,10,5,0,0.035868853,nested_test,unweighted,0.24960972368717194
243-11,243,11,5,0,0.10229159,nested_test,unweighted,0.24960972368717194
243-12,243,12,5,0,0.2658965,nested_test,unweighted,0.24960972368717194
244-0,244,0,1,0,0.16576199,nested_test,unweighted,0.2802690267562866
244-1,244,1,1,1,0.3741773,nested_test,unweighted,0.2802690267562866
244-2,244,2,1,0,0.10895905,nested_test,unweighted,0.2802690267562866
244-3,244,3,1,0,0.11407638,nested_test,unweighted,0.2802690267562866
244-4,244,4,1,0,0.046755776,nested_test,unweighted,0.2802690267562866
244-5,244,5,1,0,0.052180104,nested_test,unweighted,0.2802690267562866
244-6,244,6,1,0,0.051967453,nested_test,unweighted,0.2802690267562866
244-7,244,7,1,0,0.08835475,nested_test,unweighted,0.2802690267562866
244-8,244,8,1,0,0.04884022,nested_test,unweighted,0.2802690267562866
244-9,244,9,1,0,0.14953683,nested_test,unweighted,0.2802690267562866
244-10,244,10,1,0,0.032304578,nested_test,unweighted,0.2802690267562866
244-11,244,11,1,0,0.08254139,nested_test,unweighted,0.2802690267562866
244-12,244,12,1,0,0.078857556,nested_test,unweighted,0.2802690267562866
245-0,245,0,5,1,0.028590858,nested_test,unweighted,0.24960972368717194
245-1,245,1,5,1,0.083226405,nested_test,unweighted,0.24960972368717194
245-2,245,2,5,1,0.018570378,nested_test,unweighted,0.24960972368717194
245-3,245,3,5,1,0.090250626,nested_test,unweighted,0.24960972368717194
245-4,245,4,5,0,0.017380616,nested_test,unweighted,0.24960972368717194
245-5,245,5,5,1,0.006147501,nested_test,unweighted,0.24960972368717194
245-6,245,6,5,0,0.047135197,nested_test,unweighted,0.24960972368717194
245-7,245,7,5,0,0.03945577,nested_test,unweighted,0.24960972368717194
245-8,245,8,5,1,0.01848712,nested_test,unweighted,0.24960972368717194
245-9,245,9,5,0,0.04753181,nested_test,unweighted,0.24960972368717194
245-10,245,10,5,1,0.007575051,nested_test,unweighted,0.24960972368717194
245-11,245,11,5,0,0.008796001,nested_test,unweighted,0.24960972368717194
245-12,245,12,5,1,0.03803046,nested_test,unweighted,0.24960972368717194
246-0,246,0,5,0,0.113333136,nested_test,unweighted,0.24960972368717194
246-1,246,1,5,1,0.03886039,nested_test,unweighted,0.24960972368717194
246-2,246,2,5,1,0.012280619,nested_test,unweighted,0.24960972368717194
246-3,246,3,5,1,0.058413964,nested_test,unweighted,0.24960972368717194
246-4,246,4,5,0,0.14247029,nested_test,unweighted,0.24960972368717194
246-5,246,5,5,0,0.02062001,nested_test,unweighted,0.24960972368717194
246-6,246,6,5,1,0.06916278,nested_test,unweighted,0.24960972368717194
246-7,246,7,5,0,0.20504822,nested_test,unweighted,0.24960972368717194
246-8,246,8,5,1,0.016634865,nested_test,unweighted,0.24960972368717194
246-9,246,9,5,0,0.18809335,nested_test,unweighted,0.24960972368717194
246-10,246,10,5,1,0.00809231,nested_test,unweighted,0.24960972368717194
246-11,246,11,5,1,0.012156031,nested_test,unweighted,0.24960972368717194
246-12,246,12,5,1,0.028092843,nested_test,unweighted,0.24960972368717194
247-0,247,0,4,0,0.026933046,nested_test,unweighted,0.2913484275341034
247-1,247,1,4,0,0.041611407,nested_test,unweighted,0.2913484275341034
247-2,247,2,4,0,0.101313055,nested_test,unweighted,0.2913484275341034
247-3,247,3,4,0,0.07033141,nested_test,unweighted,0.2913484275341034
247-4,247,4,4,0,0.022428859,nested_test,unweighted,0.2913484275341034
247-5,247,5,4,0,0.027749907,nested_test,unweighted,0.2913484275341034
247-6,247,6,4,0,0.037224114,nested_test,unweighted,0.2913484275341034
247-7,247,7,4,0,0.046551213,nested_test,unweighted,0.2913484275341034
247-8,247,8,4,0,0.065635085,nested_test,unweighted,0.2913484275341034
247-9,247,9,4,0,0.09304362,nested_test,unweighted,0.2913484275341034
247-10,247,10,4,0,0.015095816,nested_test,unweighted,0.2913484275341034
247-11,247,11,4,0,0.037106138,nested_test,unweighted,0.2913484275341034
247-12,247,12,4,0,0.045787957,nested_test,unweighted,0.2913484275341034
248-0,248,0,2,1,0.1373024,nested_test,unweighted,0.2061617523431778
248-1,248,1,2,1,0.17809844,nested_test,unweighted,0.2061617523431778
248-2,248,2,2,0,0.1390855,nested_test,unweighted,0.2061617523431778
248-3,248,3,2,0,0.15323573,nested_test,unweighted,0.2061617523431778
248-4,248,4,2,0,0.042890996,nested_test,unweighted,0.2061617523431778
248-5,248,5,2,0,0.057792548,nested_test,unweighted,0.2061617523431778
248-6,248,6,2,0,0.024863454,nested_test,unweighted,0.2061617523431778
248-7,248,7,2,0,0.06533915,nested_test,unweighted,0.2061617523431778
248-8,248,8,2,0,0.14904876,nested_test,unweighted,0.2061617523431778
248-9,248,9,2,0,0.14960343,nested_test,unweighted,0.2061617523431778
248-10,248,10,2,0,0.01667241,nested_test,unweighted,0.2061617523431778
248-11,248,11,2,0,0.011845393,nested_test,unweighted,0.2061617523431778
248-12,248,12,2,0,0.05547851,nested_test,unweighted,0.2061617523431778
249-0,249,0,3,0,0.12489692,nested_test,unweighted,0.1947115957736969
249-1,249,1,3,0,0.05164773,nested_test,unweighted,0.1947115957736969
249-2,249,2,3,0,0.016225988,nested_test,unweighted,0.1947115957736969
249-3,249,3,3,0,0.24126054,nested_test,unweighted,0.1947115957736969
249-4,249,4,3,0,0.025267556,nested_test,unweighted,0.1947115957736969
249-5,249,5,3,0,0.090685695,nested_test,unweighted,0.1947115957736969
249-6,249,6,3,0,0.015680686,nested_test,unweighted,0.1947115957736969
249-7,249,7,3,0,0.0945223,nested_test,unweighted,0.1947115957736969
249-8,249,8,3,0,0.04490132,nested_test,unweighted,0.1947115957736969
249-9,249,9,3,0,0.08703719,nested_test,unweighted,0.1947115957736969
249-10,249,10,3,0,0.030262137,nested_test,unweighted,0.1947115957736969
249-11,249,11,3,0,0.036869526,nested_test,unweighted,0.1947115957736969
249-12,249,12,3,0,0.079060435,nested_test,unweighted,0.1947115957736969
250-0,250,0,3,1,0.124962315,nested_test,unweighted,0.1947115957736969
250-1,250,1,3,1,0.08205064,nested_test,unweighted,0.1947115957736969
250-2,250,2,3,0,0.016702088,nested_test,unweighted,0.1947115957736969
250-3,250,3,3,1,0.24644907,nested_test,unweighted,0.1947115957736969
250-4,250,4,3,1,0.042948056,nested_test,unweighted,0.1947115957736969
250-5,250,5,3,0,0.07844925,nested_test,unweighted,0.1947115957736969
250-6,250,6,3,0,0.016480947,nested_test,unweighted,0.1947115957736969
250-7,250,7,3,1,0.09464291,nested_test,unweighted,0.1947115957736969
250-8,250,8,3,1,0.04496176,nested_test,unweighted,0.1947115957736969
250-9,250,9,3,1,0.13063926,nested_test,unweighted,0.1947115957736969
250-10,250,10,3,1,0.030279694,nested_test,unweighted,0.1947115957736969
250-11,250,11,3,1,0.053890243,nested_test,unweighted,0.1947115957736969
250-12,250,12,3,1,0.10370901,nested_test,unweighted,0.1947115957736969
251-0,251,0,4,0,0.04808241,nested_test,unweighted,0.2913484275341034
251-1,251,1,4,0,0.048241783,nested_test,unweighted,0.2913484275341034
251-2,251,2,4,0,0.13939708,nested_test,unweighted,0.2913484275341034
251-3,251,3,4,1,0.18602799,nested_test,unweighted,0.2913484275341034
251-4,251,4,4,0,0.021806372,nested_test,unweighted,0.2913484275341034
251-5,251,5,4,0,0.026676355,nested_test,unweighted,0.2913484275341034
251-6,251,6,4,0,0.048715957,nested_test,unweighted,0.2913484275341034
251-7,251,7,4,0,0.061380338,nested_test,unweighted,0.2913484275341034
251-8,251,8,4,0,0.08599532,nested_test,unweighted,0.2913484275341034
251-9,251,9,4,0,0.116789,nested_test,unweighted,0.2913484275341034
251-10,251,10,4,0,0.025906397,nested_test,unweighted,0.2913484275341034
251-11,251,11,4,0,0.04969452,nested_test,unweighted,0.2913484275341034
251-12,251,12,4,0,0.09192685,nested_test,unweighted,0.2913484275341034
252-0,252,0,5,0,0.017485391,nested_test,unweighted,0.24960972368717194
252-1,252,1,5,0,0.03886039,nested_test,unweighted,0.24960972368717194
252-2,252,2,5,0,0.01403481,nested_test,unweighted,0.24960972368717194
252-3,252,3,5,0,0.06801436,nested_test,unweighted,0.24960972368717194
252-4,252,4,5,0,0.019129222,nested_test,unweighted,0.24960972368717194
252-5,252,5,5,1,0.01794392,nested_test,unweighted,0.24960972368717194
252-6,252,6,5,0,0.07617195,nested_test,unweighted,0.24960972368717194
252-7,252,7,5,1,0.3041472,nested_test,unweighted,0.24960972368717194
252-8,252,8,5,0,0.022690566,nested_test,unweighted,0.24960972368717194
252-9,252,9,5,0,0.040665545,nested_test,unweighted,0.24960972368717194
252-10,252,10,5,0,0.00809231,nested_test,unweighted,0.24960972368717194
252-11,252,11,5,0,0.010351779,nested_test,unweighted,0.24960972368717194
252-12,252,12,5,0,0.0381124,nested_test,unweighted,0.24960972368717194
253-0,253,0,3,0,0.043414883,nested_test,unweighted,0.1947115957736969
253-1,253,1,3,0,0.027305748,nested_test,unweighted,0.1947115957736969
253-2,253,2,3,0,0.00970266,nested_test,unweighted,0.1947115957736969
253-3,253,3,3,0,0.092379145,nested_test,unweighted,0.1947115957736969
253-4,253,4,3,0,0.010186971,nested_test,unweighted,0.1947115957736969
253-5,253,5,3,0,0.048750505,nested_test,unweighted,0.1947115957736969
253-6,253,6,3,0,0.010108969,nested_test,unweighted,0.1947115957736969
253-7,253,7,3,0,0.027942015,nested_test,unweighted,0.1947115957736969
253-8,253,8,3,0,0.014191632,nested_test,unweighted,0.1947115957736969
253-9,253,9,3,0,0.04596939,nested_test,unweighted,0.1947115957736969
253-10,253,10,3,0,0.011996443,nested_test,unweighted,0.1947115957736969
253-11,253,11,3,0,0.015829159,nested_test,unweighted,0.1947115957736969
253-12,253,12,3,0,0.02706696,nested_test,unweighted,0.1947115957736969
254-0,254,0,5,0,0.012675711,nested_test,unweighted,0.24960972368717194
254-1,254,1,5,0,0.022977456,nested_test,unweighted,0.24960972368717194
254-2,254,2,5,0,0.0072663575,nested_test,unweighted,0.24960972368717194
254-3,254,3,5,0,0.040891677,nested_test,unweighted,0.24960972368717194
254-4,254,4,5,0,0.013597134,nested_test,unweighted,0.24960972368717194
254-5,254,5,5,0,0.0038974595,nested_test,unweighted,0.24960972368717194
254-6,254,6,5,0,0.040975947,nested_test,unweighted,0.24960972368717194
254-7,254,7,5,0,0.02341851,nested_test,unweighted,0.24960972368717194
254-8,254,8,5,0,0.00942226,nested_test,unweighted,0.24960972368717194
254-9,254,9,5,0,0.025343942,nested_test,unweighted,0.24960972368717194
254-10,254,10,5,0,0.004846431,nested_test,unweighted,0.24960972368717194
254-11,254,11,5,0,0.0076276395,nested_test,unweighted,0.24960972368717194
254-12,254,12,5,0,0.016929414,nested_test,unweighted,0.24960972368717194
255-0,255,0,1,0,0.060799427,nested_test,unweighted,0.2802690267562866
255-1,255,1,1,0,0.049800184,nested_test,unweighted,0.2802690267562866
255-2,255,2,1,0,0.030021062,nested_test,unweighted,0.2802690267562866
255-3,255,3,1,0,0.033136364,nested_test,unweighted,0.2802690267562866
255-4,255,4,1,0,0.013299299,nested_test,unweighted,0.2802690267562866
255-5,255,5,1,0,0.015949473,nested_test,unweighted,0.2802690267562866
255-6,255,6,1,0,0.014142443,nested_test,unweighted,0.2802690267562866
255-7,255,7,1,0,0.024999978,nested_test,unweighted,0.2802690267562866
255-8,255,8,1,0,0.01352275,nested_test,unweighted,0.2802690267562866
255-9,255,9,1,0,0.050245065,nested_test,unweighted,0.2802690267562866
255-10,255,10,1,0,0.010767412,nested_test,unweighted,0.2802690267562866
255-11,255,11,1,0,0.026731778,nested_test,unweighted,0.2802690267562866
255-12,255,12,1,1,0.18512161,nested_test,unweighted,0.2802690267562866
256-0,256,0,3,0,0.12755251,nested_test,unweighted,0.1947115957736969
256-1,256,1,3,0,0.0838366,nested_test,unweighted,0.1947115957736969
256-2,256,2,3,1,0.015630614,nested_test,unweighted,0.1947115957736969
256-3,256,3,3,1,0.14473364,nested_test,unweighted,0.1947115957736969
256-4,256,4,3,0,0.0435471,nested_test,unweighted,0.1947115957736969
256-5,256,5,3,1,0.056622207,nested_test,unweighted,0.1947115957736969
256-6,256,6,3,1,0.01528732,nested_test,unweighted,0.1947115957736969
256-7,256,7,3,1,0.040805448,nested_test,unweighted,0.1947115957736969
256-8,256,8,3,1,0.02107391,nested_test,unweighted,0.1947115957736969
256-9,256,9,3,1,0.054235786,nested_test,unweighted,0.1947115957736969
256-10,256,10,3,0,0.030976798,nested_test,unweighted,0.1947115957736969
256-11,256,11,3,1,0.023122484,nested_test,unweighted,0.1947115957736969
256-12,256,12,3,0,0.080831446,nested_test,unweighted,0.1947115957736969
257-0,257,0,3,0,0.12755251,nested_test,unweighted,0.1947115957736969
257-1,257,1,3,0,0.0838366,nested_test,unweighted,0.1947115957736969
257-2,257,2,3,0,0.025923971,nested_test,unweighted,0.1947115957736969
257-3,257,3,3,0,0.33864522,nested_test,unweighted,0.1947115957736969
257-4,257,4,3,0,0.0435471,nested_test,unweighted,0.1947115957736969
257-5,257,5,3,0,0.092004254,nested_test,unweighted,0.1947115957736969
257-6,257,6,3,0,0.030532565,nested_test,unweighted,0.1947115957736969
257-7,257,7,3,0,0.09589076,nested_test,unweighted,0.1947115957736969
257-8,257,8,3,0,0.061567873,nested_test,unweighted,0.1947115957736969
257-9,257,9,3,0,0.088969655,nested_test,unweighted,0.1947115957736969
257-10,257,10,3,0,0.030976798,nested_test,unweighted,0.1947115957736969
257-11,257,11,3,0,0.06436603,nested_test,unweighted,0.1947115957736969
257-12,257,12,3,0,0.055675004,nested_test,unweighted,0.1947115957736969
258-0,258,0,5,1,0.33757108,nested_test,unweighted,0.24960972368717194
258-1,258,1,5,0,0.019583259,nested_test,unweighted,0.24960972368717194
258-2,258,2,5,0,0.0061783018,nested_test,unweighted,0.24960972368717194
258-3,258,3,5,0,0.03396267,nested_test,unweighted,0.24960972368717194
258-4,258,4,5,0,0.012047297,nested_test,unweighted,0.24960972368717194
258-5,258,5,5,0,0.0034487299,nested_test,unweighted,0.24960972368717194
258-6,258,6,5,1,0.6255395,nested_test,unweighted,0.24960972368717194
258-7,258,7,5,0,0.020769123,nested_test,unweighted,0.24960972368717194
258-8,258,8,5,0,0.008342774,nested_test,unweighted,0.24960972368717194
258-9,258,9,5,1,0.47301129,nested_test,unweighted,0.24960972368717194
258-10,258,10,5,0,0.0041192244,nested_test,unweighted,0.24960972368717194
258-11,258,11,5,0,0.006115242,nested_test,unweighted,0.24960972368717194
258-12,258,12,5,0,0.01441542,nested_test,unweighted,0.24960972368717194
259-0,259,0,1,0,0.15806705,nested_test,unweighted,0.2802690267562866
259-1,259,1,1,0,0.1473993,nested_test,unweighted,0.2802690267562866
259-2,259,2,1,0,0.072448015,nested_test,unweighted,0.2802690267562866
259-3,259,3,1,0,0.098901235,nested_test,unweighted,0.2802690267562866
259-4,259,4,1,0,0.032440577,nested_test,unweighted,0.2802690267562866
259-5,259,5,1,0,0.036778856,nested_test,unweighted,0.2802690267562866
259-6,259,6,1,0,0.03533013,nested_test,unweighted,0.2802690267562866
259-7,259,7,1,0,0.08248566,nested_test,unweighted,0.2802690267562866
259-8,259,8,1,0,0.042758707,nested_test,unweighted,0.2802690267562866
259-9,259,9,1,0,0.11211913,nested_test,unweighted,0.2802690267562866
259-10,259,10,1,0,0.025107313,nested_test,unweighted,0.2802690267562866
259-11,259,11,1,0,0.085235864,nested_test,unweighted,0.2802690267562866
259-12,259,12,1,0,0.07367848,nested_test,unweighted,0.2802690267562866
260-0,260,0,3,0,0.07727055,nested_test,unweighted,0.1947115957736969
260-1,260,1,3,0,0.049245987,nested_test,unweighted,0.1947115957736969
260-2,260,2,3,0,0.015128014,nested_test,unweighted,0.1947115957736969
260-3,260,3,3,0,0.15810698,nested_test,unweighted,0.1947115957736969
260-4,260,4,3,0,0.020991918,nested_test,unweighted,0.1947115957736969
260-5,260,5,3,0,0.075936586,nested_test,unweighted,0.1947115957736969
260-6,260,6,3,0,0.014075725,nested_test,unweighted,0.1947115957736969
260-7,260,7,3,0,0.05621824,nested_test,unweighted,0.1947115957736969
260-8,260,8,3,0,0.023699619,nested_test,unweighted,0.1947115957736969
260-9,260,9,3,0,0.07172158,nested_test,unweighted,0.1947115957736969
260-10,260,10,3,1,0.032359924,nested_test,unweighted,0.1947115957736969
260-11,260,11,3,0,0.030307598,nested_test,unweighted,0.1947115957736969
260-12,260,12,3,0,0.048824947,nested_test,unweighted,0.1947115957736969
261-0,261,0,3,1,0.12451891,nested_test,unweighted,0.1947115957736969
261-1,261,1,3,0,0.046488795,nested_test,unweighted,0.1947115957736969
261-2,261,2,3,0,0.018477168,nested_test,unweighted,0.1947115957736969
261-3,261,3,3,0,0.1602492,nested_test,unweighted,0.1947115957736969
261-4,261,4,3,0,0.02089732,nested_test,unweighted,0.1947115957736969
261-5,261,5,3,0,0.077502996,nested_test,unweighted,0.1947115957736969
261-6,261,6,3,0,0.014342975,nested_test,unweighted,0.1947115957736969
261-7,261,7,3,0,0.042920455,nested_test,unweighted,0.1947115957736969
261-8,261,8,3,0,0.022189856,nested_test,unweighted,0.1947115957736969
261-9,261,9,3,0,0.057290677,nested_test,unweighted,0.1947115957736969
261-10,261,10,3,0,0.01985052,nested_test,unweighted,0.1947115957736969
261-11,261,11,3,0,0.024015384,nested_test,unweighted,0.1947115957736969
261-12,261,12,3,0,0.04470022,nested_test,unweighted,0.1947115957736969
262-0,262,0,5,1,0.27792895,nested_test,unweighted,0.24960972368717194
262-1,262,1,5,1,0.5431958,nested_test,unweighted,0.24960972368717194
262-2,262,2,5,1,0.22570175,nested_test,unweighted,0.24960972368717194
262-3,262,3,5,1,0.6424873,nested_test,unweighted,0.24960972368717194
262-4,262,4,5,1,0.31080946,nested_test,unweighted,0.24960972368717194
262-5,262,5,5,0,0.00448569,nested_test,unweighted,0.24960972368717194
262-6,262,6,5,0,0.045285366,nested_test,unweighted,0.24960972368717194
262-7,262,7,5,1,0.5618513,nested_test,unweighted,0.24960972368717194
262-8,262,8,5,0,0.00942226,nested_test,unweighted,0.24960972368717194
262-9,262,9,5,0,0.023685299,nested_test,unweighted,0.24960972368717194
262-10,262,10,5,1,0.06151485,nested_test,unweighted,0.24960972368717194
262-11,262,11,5,1,0.18489262,nested_test,unweighted,0.24960972368717194
262-12,262,12,5,0,0.022775648,nested_test,unweighted,0.24960972368717194
263-0,263,0,4,0,0.049052402,nested_test,unweighted,0.2913484275341034
263-1,263,1,4,0,0.048241783,nested_test,unweighted,0.2913484275341034
263-2,263,2,4,0,0.13939708,nested_test,unweighted,0.2913484275341034
263-3,263,3,4,0,0.088059336,nested_test,unweighted,0.2913484275341034
263-4,263,4,4,0,0.028451912,nested_test,unweighted,0.2913484275341034
263-5,263,5,4,0,0.0351505,nested_test,unweighted,0.2913484275341034
263-6,263,6,4,0,0.04923552,nested_test,unweighted,0.2913484275341034
263-7,263,7,4,0,0.061380338,nested_test,unweighted,0.2913484275341034
263-8,263,8,4,0,0.10809373,nested_test,unweighted,0.2913484275341034
263-9,263,9,4,0,0.116789,nested_test,unweighted,0.2913484275341034
263-10,263,10,4,0,0.023668813,nested_test,unweighted,0.2913484275341034
263-11,263,11,4,0,0.04969452,nested_test,unweighted,0.2913484275341034
263-12,263,12,4,0,0.057713512,nested_test,unweighted,0.2913484275341034
264-0,264,0,4,1,0.062122095,nested_test,unweighted,0.2913484275341034
264-1,264,1,4,0,0.0757754,nested_test,unweighted,0.2913484275341034
264-2,264,2,4,1,0.19536453,nested_test,unweighted,0.2913484275341034
264-3,264,3,4,1,0.0963162,nested_test,unweighted,0.2913484275341034
264-4,264,4,4,1,0.032289688,nested_test,unweighted,0.2913484275341034
264-5,264,5,4,1,0.03865664,nested_test,unweighted,0.2913484275341034
264-6,264,6,4,1,0.05263543,nested_test,unweighted,0.2913484275341034
264-7,264,7,4,1,0.06302265,nested_test,unweighted,0.2913484275341034
264-8,264,8,4,1,0.102783136,nested_test,unweighted,0.2913484275341034
264-9,264,9,4,1,0.13093634,nested_test,unweighted,0.2913484275341034
264-10,264,10,4,1,0.027011313,nested_test,unweighted,0.2913484275341034
264-11,264,11,4,1,0.09406977,nested_test,unweighted,0.2913484275341034
264-12,264,12,4,1,0.08473259,nested_test,unweighted,0.2913484275341034
265-0,265,0,3,0,0.059428994,nested_test,unweighted,0.1947115957736969
265-1,265,1,3,0,0.029747844,nested_test,unweighted,0.1947115957736969
265-2,265,2,3,1,0.027991006,nested_test,unweighted,0.1947115957736969
265-3,265,3,3,0,0.13545983,nested_test,unweighted,0.1947115957736969
265-4,265,4,3,0,0.018276047,nested_test,unweighted,0.1947115957736969
265-5,265,5,3,0,0.06659574,nested_test,unweighted,0.1947115957736969
265-6,265,6,3,0,0.011304408,nested_test,unweighted,0.1947115957736969
265-7,265,7,3,0,0.038478363,nested_test,unweighted,0.1947115957736969
265-8,265,8,3,0,0.01964782,nested_test,unweighted,0.1947115957736969
265-9,265,9,3,0,0.051950626,nested_test,unweighted,0.1947115957736969
265-10,265,10,3,0,0.014606415,nested_test,unweighted,0.1947115957736969
265-11,265,11,3,0,0.021900931,nested_test,unweighted,0.1947115957736969
265-12,265,12,3,0,0.037286036,nested_test,unweighted,0.1947115957736969
266-0,266,0,5,0,0.02439088,nested_test,unweighted,0.24960972368717194
266-1,266,1,5,0,0.04413399,nested_test,unweighted,0.24960972368717194
266-2,266,2,5,0,0.012826164,nested_test,unweighted,0.24960972368717194
266-3,266,3,5,1,0.3712571,nested_test,unweighted,0.24960972368717194
266-4,266,4,5,1,0.14812808,nested_test,unweighted,0.24960972368717194
266-5,266,5,5,0,0.0071266936,nested_test,unweighted,0.24960972368717194
266-6,266,6,5,1,0.33051357,nested_test,unweighted,0.24960972368717194
266-7,266,7,5,0,0.044154413,nested_test,unweighted,0.24960972368717194
266-8,266,8,5,1,0.09710058,nested_test,unweighted,0.24960972368717194
266-9,266,9,5,0,0.045463253,nested_test,unweighted,0.24960972368717194
266-10,266,10,5,1,0.0223218,nested_test,unweighted,0.24960972368717194
266-11,266,11,5,1,0.08363727,nested_test,unweighted,0.24960972368717194
266-12,266,12,5,0,0.039689224,nested_test,unweighted,0.24960972368717194
267-0,267,0,5,0,0.04066263,nested_test,unweighted,0.24960972368717194
267-1,267,1,5,0,0.07514811,nested_test,unweighted,0.24960972368717194
267-2,267,2,5,0,0.026526792,nested_test,unweighted,0.24960972368717194
267-3,267,3,5,0,0.10655694,nested_test,unweighted,0.24960972368717194
267-4,267,4,5,0,0.028220123,nested_test,unweighted,0.24960972368717194
267-5,267,5,5,0,0.00667843,nested_test,unweighted,0.24960972368717194
267-6,267,6,5,1,0.1096272,nested_test,unweighted,0.24960972368717194
267-7,267,7,5,0,0.0690446,nested_test,unweighted,0.24960972368717194
267-8,267,8,5,0,0.027261892,nested_test,unweighted,0.24960972368717194
267-9,267,9,5,0,0.05847231,nested_test,unweighted,0.24960972368717194
267-10,267,10,5,0,0.009484024,nested_test,unweighted,0.24960972368717194
267-11,267,11,5,0,0.01641674,nested_test,unweighted,0.24960972368717194
267-12,267,12,5,0,0.046353325,nested_test,unweighted,0.24960972368717194
268-0,268,0,3,0,0.07578153,nested_test,unweighted,0.1947115957736969
268-1,268,1,3,0,0.034993984,nested_test,unweighted,0.1947115957736969
268-2,268,2,3,0,0.013151109,nested_test,unweighted,0.1947115957736969
268-3,268,3,3,0,0.15630881,nested_test,unweighted,0.1947115957736969
268-4,268,4,3,0,0.013378629,nested_test,unweighted,0.1947115957736969
268-5,268,5,3,0,0.054230943,nested_test,unweighted,0.1947115957736969
268-6,268,6,3,0,0.01703115,nested_test,unweighted,0.1947115957736969
268-7,268,7,3,0,0.045326196,nested_test,unweighted,0.1947115957736969
268-8,268,8,3,0,0.023462111,nested_test,unweighted,0.1947115957736969
268-9,268,9,3,0,0.051930774,nested_test,unweighted,0.1947115957736969
268-10,268,10,3,0,0.01860695,nested_test,unweighted,0.1947115957736969
268-11,268,11,3,0,0.026230328,nested_test,unweighted,0.1947115957736969
268-12,268,12,3,0,0.047200784,nested_test,unweighted,0.1947115957736969
269-0,269,0,3,0,0.043862123,nested_test,unweighted,0.1947115957736969
269-1,269,1,3,0,0.044798683,nested_test,unweighted,0.1947115957736969
269-2,269,2,3,0,0.015549391,nested_test,unweighted,0.1947115957736969
269-3,269,3,3,0,0.15763253,nested_test,unweighted,0.1947115957736969
269-4,269,4,3,1,0.0435471,nested_test,unweighted,0.1947115957736969
269-5,269,5,3,0,0.07477374,nested_test,unweighted,0.1947115957736969
269-6,269,6,3,0,0.013804625,nested_test,unweighted,0.1947115957736969
269-7,269,7,3,0,0.041354433,nested_test,unweighted,0.1947115957736969
269-8,269,8,3,0,0.021363355,nested_test,unweighted,0.1947115957736969
269-9,269,9,3,0,0.054235786,nested_test,unweighted,0.1947115957736969
269-10,269,10,3,0,0.014302296,nested_test,unweighted,0.1947115957736969
269-11,269,11,3,0,0.023122484,nested_test,unweighted,0.1947115957736969
269-12,269,12,3,0,0.0433017,nested_test,unweighted,0.1947115957736969
270-0,270,0,1,0,0.03839428,nested_test,unweighted,0.2802690267562866
270-1,270,1,1,0,0.037379663,nested_test,unweighted,0.2802690267562866
270-2,270,2,1,0,0.022477537,nested_test,unweighted,0.2802690267562866
270-3,270,3,1,0,0.02508573,nested_test,unweighted,0.2802690267562866
270-4,270,4,1,0,0.011657213,nested_test,unweighted,0.2802690267562866
270-5,270,5,1,0,0.0137491925,nested_test,unweighted,0.2802690267562866
270-6,270,6,1,0,0.013091167,nested_test,unweighted,0.2802690267562866
270-7,270,7,1,0,0.024569152,nested_test,unweighted,0.2802690267562866
270-8,270,8,1,0,0.010710807,nested_test,unweighted,0.2802690267562866
270-9,270,9,1,0,0.03850449,nested_test,unweighted,0.2802690267562866
270-10,270,10,1,0,0.010517418,nested_test,unweighted,0.2802690267562866
270-11,270,11,1,1,0.45110607,nested_test,unweighted,0.2802690267562866
270-12,270,12,1,0,0.019481905,nested_test,unweighted,0.2802690267562866
271-0,271,0,4,0,0.04019484,nested_test,unweighted,0.2913484275341034
271-1,271,1,4,0,0.059830762,nested_test,unweighted,0.2913484275341034
271-2,271,2,4,0,0.16266872,nested_test,unweighted,0.2913484275341034
271-3,271,3,4,0,0.118953004,nested_test,unweighted,0.2913484275341034
271-4,271,4,4,0,0.02227626,nested_test,unweighted,0.2913484275341034
271-5,271,5,4,0,0.04131922,nested_test,unweighted,0.2913484275341034
271-6,271,6,4,0,0.05253493,nested_test,unweighted,0.2913484275341034
271-7,271,7,4,0,0.0741075,nested_test,unweighted,0.2913484275341034
271-8,271,8,4,0,0.104761116,nested_test,unweighted,0.2913484275341034
271-9,271,9,4,0,0.13786869,nested_test,unweighted,0.2913484275341034
271-10,271,10,4,0,0.019303843,nested_test,unweighted,0.2913484275341034
271-11,271,11,4,0,0.05258109,nested_test,unweighted,0.2913484275341034
271-12,271,12,4,0,0.062276687,nested_test,unweighted,0.2913484275341034
272-0,272,0,2,0,0.038310006,nested_test,unweighted,0.2061617523431778
272-1,272,1,2,0,0.07131396,nested_test,unweighted,0.2061617523431778
272-2,272,2,2,1,0.23873556,nested_test,unweighted,0.2061617523431778
272-3,272,3,2,0,0.09901854,nested_test,unweighted,0.2061617523431778
272-4,272,4,2,0,0.02507843,nested_test,unweighted,0.2061617523431778
272-5,272,5,2,1,0.10522048,nested_test,unweighted,0.2061617523431778
272-6,272,6,2,0,0.019257449,nested_test,unweighted,0.2061617523431778
272-7,272,7,2,1,0.08439432,nested_test,unweighted,0.2061617523431778
272-8,272,8,2,1,0.22778292,nested_test,unweighted,0.2061617523431778
272-9,272,9,2,0,0.07175937,nested_test,unweighted,0.2061617523431778
272-10,272,10,2,1,0.02169792,nested_test,unweighted,0.2061617523431778
272-11,272,11,2,1,0.020547308,nested_test,unweighted,0.2061617523431778
272-12,272,12,2,0,0.036212448,nested_test,unweighted,0.2061617523431778
273-0,273,0,1,0,0.40164864,nested_test,unweighted,0.2802690267562866
273-1,273,1,1,0,0.35262704,nested_test,unweighted,0.2802690267562866
273-2,273,2,1,0,0.25295016,nested_test,unweighted,0.2802690267562866
273-3,273,3,1,1,0.030251635,nested_test,unweighted,0.2802690267562866
273-4,273,4,1,0,0.11563078,nested_test,unweighted,0.2802690267562866
273-5,273,5,1,0,0.16778514,nested_test,unweighted,0.2802690267562866
273-6,273,6,1,0,0.10152679,nested_test,unweighted,0.2802690267562866
273-7,273,7,1,0,0.23338106,nested_test,unweighted,0.2802690267562866
273-8,273,8,1,0,0.13445665,nested_test,unweighted,0.2802690267562866
273-9,273,9,1,0,0.28971645,nested_test,unweighted,0.2802690267562866
273-10,273,10,1,0,0.056213714,nested_test,unweighted,0.2802690267562866
273-11,273,11,1,0,0.19136418,nested_test,unweighted,0.2802690267562866
273-12,273,12,1,0,0.17042334,nested_test,unweighted,0.2802690267562866
274-0,274,0,1,0,0.21717717,nested_test,unweighted,0.2802690267562866
274-1,274,1,1,0,0.1925365,nested_test,unweighted,0.2802690267562866
274-2,274,2,1,0,0.13580729,nested_test,unweighted,0.2802690267562866
274-3,274,3,1,0,0.11491942,nested_test,unweighted,0.2802690267562866
274-4,274,4,1,0,0.057027634,nested_test,unweighted,0.2802690267562866
274-5,274,5,1,0,0.0855653,nested_test,unweighted,0.2802690267562866
274-6,274,6,1,0,0.06769503,nested_test,unweighted,0.2802690267562866
274-7,274,7,1,0,0.12082475,nested_test,unweighted,0.2802690267562866
274-8,274,8,1,0,0.06402977,nested_test,unweighted,0.2802690267562866
274-9,274,9,1,0,0.18116826,nested_test,unweighted,0.2802690267562866
274-10,274,10,1,0,0.032889795,nested_test,unweighted,0.2802690267562866
274-11,274,11,1,0,0.10651172,nested_test,unweighted,0.2802690267562866
274-12,274,12,1,1,0.07049391,nested_test,unweighted,0.2802690267562866
275-0,275,0,5,1,0.20894882,nested_test,unweighted,0.24960972368717194
275-1,275,1,5,0,0.03212479,nested_test,unweighted,0.24960972368717194
275-2,275,2,5,0,0.010242181,nested_test,unweighted,0.24960972368717194
275-3,275,3,5,1,0.53581196,nested_test,unweighted,0.24960972368717194
275-4,275,4,5,1,0.2969936,nested_test,unweighted,0.24960972368717194
275-5,275,5,5,0,0.0051105595,nested_test,unweighted,0.24960972368717194
275-6,275,6,5,1,0.5174728,nested_test,unweighted,0.24960972368717194
275-7,275,7,5,0,0.03632084,nested_test,unweighted,0.24960972368717194
275-8,275,8,5,0,0.0120015135,nested_test,unweighted,0.24960972368717194
275-9,275,9,5,0,0.02957949,nested_test,unweighted,0.24960972368717194
275-10,275,10,5,0,0.0057950243,nested_test,unweighted,0.24960972368717194
275-11,275,11,5,0,0.010138065,nested_test,unweighted,0.24960972368717194
275-12,275,12,5,0,0.028436067,nested_test,unweighted,0.24960972368717194
276-0,276,0,1,1,0.40321323,nested_test,unweighted,0.2802690267562866
276-1,276,1,1,1,0.35705435,nested_test,unweighted,0.2802690267562866
276-2,276,2,1,1,0.2541816,nested_test,unweighted,0.2802690267562866
276-3,276,3,1,1,0.312996,nested_test,unweighted,0.2802690267562866
276-4,276,4,1,1,0.117574304,nested_test,unweighted,0.2802690267562866
276-5,276,5,1,1,0.1686956,nested_test,unweighted,0.2802690267562866
276-6,276,6,1,1,0.14874974,nested_test,unweighted,0.2802690267562866
276-7,276,7,1,1,0.23454712,nested_test,unweighted,0.2802690267562866
276-8,276,8,1,1,0.13521563,nested_test,unweighted,0.2802690267562866
276-9,276,9,1,1,0.37846455,nested_test,unweighted,0.2802690267562866
276-10,276,10,1,1,0.08153352,nested_test,unweighted,0.2802690267562866
276-11,276,11,1,1,0.19437473,nested_test,unweighted,0.2802690267562866
276-12,276,12,1,1,0.18290585,nested_test,unweighted,0.2802690267562866
277-0,277,0,4,0,0.05101563,nested_test,unweighted,0.2913484275341034
277-1,277,1,4,0,0.080702595,nested_test,unweighted,0.2913484275341034
277-2,277,2,4,0,0.17962597,nested_test,unweighted,0.2913484275341034
277-3,277,3,4,0,0.11673871,nested_test,unweighted,0.2913484275341034
277-4,277,4,4,0,0.027278995,nested_test,unweighted,0.2913484275341034
277-5,277,5,4,1,0.03398686,nested_test,unweighted,0.2913484275341034
277-6,277,6,4,0,0.07382238,nested_test,unweighted,0.2913484275341034
277-7,277,7,4,0,0.086423114,nested_test,unweighted,0.2913484275341034
277-8,277,8,4,1,0.1248707,nested_test,unweighted,0.2913484275341034
277-9,277,9,4,0,0.15555596,nested_test,unweighted,0.2913484275341034
277-10,277,10,4,0,0.024003316,nested_test,unweighted,0.2913484275341034
277-11,277,11,4,0,0.07768531,nested_test,unweighted,0.2913484275341034
277-12,277,12,4,0,0.07267476,nested_test,unweighted,0.2913484275341034
278-0,278,0,5,1,0.039449207,nested_test,unweighted,0.24960972368717194
278-1,278,1,5,0,0.04610252,nested_test,unweighted,0.24960972368717194
278-2,278,2,5,0,0.015814347,nested_test,unweighted,0.24960972368717194
278-3,278,3,5,0,0.10106735,nested_test,unweighted,0.24960972368717194
278-4,278,4,5,0,0.026278004,nested_test,unweighted,0.24960972368717194
278-5,278,5,5,1,0.009806307,nested_test,unweighted,0.24960972368717194
278-6,278,6,5,0,0.082208045,nested_test,unweighted,0.24960972368717194
278-7,278,7,5,0,0.0424333,nested_test,unweighted,0.24960972368717194
278-8,278,8,5,0,0.016879465,nested_test,unweighted,0.24960972368717194
278-9,278,9,5,0,0.054277502,nested_test,unweighted,0.24960972368717194
278-10,278,10,5,1,0.010902133,nested_test,unweighted,0.24960972368717194
278-11,278,11,5,0,0.017781306,nested_test,unweighted,0.24960972368717194
278-12,278,12,5,0,0.047256403,nested_test,unweighted,0.24960972368717194
279-0,279,0,1,0,0.06744513,nested_test,unweighted,0.2802690267562866
279-1,279,1,1,0,0.06809916,nested_test,unweighted,0.2802690267562866
279-2,279,2,1,0,0.03550442,nested_test,unweighted,0.2802690267562866
279-3,279,3,1,0,0.040582743,nested_test,unweighted,0.2802690267562866
279-4,279,4,1,0,0.0168913,nested_test,unweighted,0.2802690267562866
279-5,279,5,1,0,0.02370274,nested_test,unweighted,0.2802690267562866
279-6,279,6,1,0,0.021339836,nested_test,unweighted,0.2802690267562866
279-7,279,7,1,0,0.038265727,nested_test,unweighted,0.2802690267562866
279-8,279,8,1,0,0.020399142,nested_test,unweighted,0.2802690267562866
279-9,279,9,1,0,0.06895944,nested_test,unweighted,0.2802690267562866
279-10,279,10,1,0,0.015403009,nested_test,unweighted,0.2802690267562866
279-11,279,11,1,0,0.040537167,nested_test,unweighted,0.2802690267562866
279-12,279,12,1,0,0.034212563,nested_test,unweighted,0.2802690267562866
280-0,280,0,3,0,0.077560954,nested_test,unweighted,0.1947115957736969
280-1,280,1,3,0,0.044920452,nested_test,unweighted,0.1947115957736969
280-2,280,2,3,0,0.015885968,nested_test,unweighted,0.1947115957736969
280-3,280,3,3,0,0.15544236,nested_test,unweighted,0.1947115957736969
280-4,280,4,3,0,0.017520798,nested_test,unweighted,0.1947115957736969
280-5,280,5,3,0,0.07907436,nested_test,unweighted,0.1947115957736969
280-6,280,6,3,0,0.014781747,nested_test,unweighted,0.1947115957736969
280-7,280,7,3,0,0.053898156,nested_test,unweighted,0.1947115957736969
280-8,280,8,3,0,0.023551365,nested_test,unweighted,0.1947115957736969
280-9,280,9,3,0,0.06384855,nested_test,unweighted,0.1947115957736969
280-10,280,10,3,0,0.019937688,nested_test,unweighted,0.1947115957736969
280-11,280,11,3,0,0.030068845,nested_test,unweighted,0.1947115957736969
280-12,280,12,3,1,0.088227496,nested_test,unweighted,0.1947115957736969
281-0,281,0,4,0,0.02251886,nested_test,unweighted,0.2913484275341034
281-1,281,1,4,0,0.029071052,nested_test,unweighted,0.2913484275341034
281-2,281,2,4,0,0.084417745,nested_test,unweighted,0.2913484275341034
281-3,281,3,4,0,0.054276317,nested_test,unweighted,0.2913484275341034
281-4,281,4,4,0,0.011099626,nested_test,unweighted,0.2913484275341034
281-5,281,5,4,0,0.019166484,nested_test,unweighted,0.2913484275341034
281-6,281,6,4,0,0.027671726,nested_test,unweighted,0.2913484275341034
281-7,281,7,4,0,0.030990954,nested_test,unweighted,0.2913484275341034
281-8,281,8,4,0,0.049537785,nested_test,unweighted,0.2913484275341034
281-9,281,9,4,0,0.060012758,nested_test,unweighted,0.2913484275341034
281-10,281,10,4,0,0.01426885,nested_test,unweighted,0.2913484275341034
281-11,281,11,4,0,0.035825413,nested_test,unweighted,0.2913484275341034
281-12,281,12,4,0,0.03701307,nested_test,unweighted,0.2913484275341034
282-0,282,0,1,1,0.31182072,nested_test,unweighted,0.2802690267562866
282-1,282,1,1,0,0.11602543,nested_test,unweighted,0.2802690267562866
282-2,282,2,1,0,0.07035116,nested_test,unweighted,0.2802690267562866
282-3,282,3,1,1,0.19520777,nested_test,unweighted,0.2802690267562866
282-4,282,4,1,0,0.025891034,nested_test,unweighted,0.2802690267562866
282-5,282,5,1,0,0.043607626,nested_test,unweighted,0.2802690267562866
282-6,282,6,1,0,0.03639249,nested_test,unweighted,0.2802690267562866
282-7,282,7,1,0,0.06646892,nested_test,unweighted,0.2802690267562866
282-8,282,8,1,0,0.03416872,nested_test,unweighted,0.2802690267562866
282-9,282,9,1,0,0.11371416,nested_test,unweighted,0.2802690267562866
282-10,282,10,1,1,0.037013188,nested_test,unweighted,0.2802690267562866
282-11,282,11,1,0,0.058132507,nested_test,unweighted,0.2802690267562866
282-12,282,12,1,0,0.054703943,nested_test,unweighted,0.2802690267562866
283-0,283,0,1,1,0.316747,nested_test,unweighted,0.2802690267562866
283-1,283,1,1,0,0.13143492,nested_test,unweighted,0.2802690267562866
283-2,283,2,1,1,0.176006,nested_test,unweighted,0.2802690267562866
283-3,283,3,1,1,0.21677388,nested_test,unweighted,0.2802690267562866
283-4,283,4,1,0,0.0349103,nested_test,unweighted,0.2802690267562866
283-5,283,5,1,0,0.05971268,nested_test,unweighted,0.2802690267562866
283-6,283,6,1,1,0.07364564,nested_test,unweighted,0.2802690267562866
283-7,283,7,1,0,0.086213775,nested_test,unweighted,0.2802690267562866
283-8,283,8,1,0,0.05857873,nested_test,unweighted,0.2802690267562866
283-9,283,9,1,1,0.21892667,nested_test,unweighted,0.2802690267562866
283-10,283,10,1,0,0.0323046,nested_test,unweighted,0.2802690267562866
283-11,283,11,1,1,0.14151748,nested_test,unweighted,0.2802690267562866
283-12,283,12,1,0,0.08483092,nested_test,unweighted,0.2802690267562866
284-0,284,0,4,0,0.03821076,nested_test,unweighted,0.2913484275341034
284-1,284,1,4,0,0.05693492,nested_test,unweighted,0.2913484275341034
284-2,284,2,4,0,0.10928222,nested_test,unweighted,0.2913484275341034
284-3,284,3,4,0,0.11354121,nested_test,unweighted,0.2913484275341034
284-4,284,4,4,0,0.023285065,nested_test,unweighted,0.2913484275341034
284-5,284,5,4,0,0.03405614,nested_test,unweighted,0.2913484275341034
284-6,284,6,4,0,0.04824992,nested_test,unweighted,0.2913484275341034
284-7,284,7,4,0,0.07308005,nested_test,unweighted,0.2913484275341034
284-8,284,8,4,0,0.101974964,nested_test,unweighted,0.2913484275341034
284-9,284,9,4,0,0.09118804,nested_test,unweighted,0.2913484275341034
284-10,284,10,4,0,0.018030295,nested_test,unweighted,0.2913484275341034
284-11,284,11,4,0,0.05001747,nested_test,unweighted,0.2913484275341034
284-12,284,12,4,0,0.059165735,nested_test,unweighted,0.2913484275341034
285-0,285,0,2,0,0.062482942,nested_test,unweighted,0.2061617523431778
285-1,285,1,2,0,0.09653159,nested_test,unweighted,0.2061617523431778
285-2,285,2,2,0,0.13519762,nested_test,unweighted,0.2061617523431778
285-3,285,3,2,0,0.14255248,nested_test,unweighted,0.2061617523431778
285-4,285,4,2,0,0.027863178,nested_test,unweighted,0.2061617523431778
285-5,285,5,2,0,0.06102295,nested_test,unweighted,0.2061617523431778
285-6,285,6,2,0,0.024079144,nested_test,unweighted,0.2061617523431778
285-7,285,7,2,0,0.06336101,nested_test,unweighted,0.2061617523431778
285-8,285,8,2,0,0.14492926,nested_test,unweighted,0.2061617523431778
285-9,285,9,2,0,0.14547122,nested_test,unweighted,0.2061617523431778
285-10,285,10,2,1,0.028015884,nested_test,unweighted,0.2061617523431778
285-11,285,11,2,0,0.0114669055,nested_test,unweighted,0.2061617523431778
285-12,285,12,2,0,0.04819272,nested_test,unweighted,0.2061617523431778
286-0,286,0,3,0,0.0909539,nested_test,unweighted,0.1947115957736969
286-1,286,1,3,0,0.053621333,nested_test,unweighted,0.1947115957736969
286-2,286,2,3,1,0.025697608,nested_test,unweighted,0.1947115957736969
286-3,286,3,3,1,0.3366319,nested_test,unweighted,0.1947115957736969
286-4,286,4,3,0,0.01747175,nested_test,unweighted,0.1947115957736969
286-5,286,5,3,0,0.091264464,nested_test,unweighted,0.1947115957736969
286-6,286,6,3,0,0.019386157,nested_test,unweighted,0.1947115957736969
286-7,286,7,3,0,0.06298538,nested_test,unweighted,0.1947115957736969
286-8,286,8,3,0,0.02668226,nested_test,unweighted,0.1947115957736969
286-9,286,9,3,0,0.08804535,nested_test,unweighted,0.1947115957736969
286-10,286,10,3,0,0.020989383,nested_test,unweighted,0.1947115957736969
286-11,286,11,3,0,0.03663046,nested_test,unweighted,0.1947115957736969
286-12,286,12,3,0,0.052798983,nested_test,unweighted,0.1947115957736969
287-0,287,0,4,0,0.018041573,nested_test,unweighted,0.2913484275341034
287-1,287,1,4,1,0.09154781,nested_test,unweighted,0.2913484275341034
287-2,287,2,4,0,0.069442324,nested_test,unweighted,0.2913484275341034
287-3,287,3,4,1,0.13493872,nested_test,unweighted,0.2913484275341034
287-4,287,4,4,0,0.00987888,nested_test,unweighted,0.2913484275341034
287-5,287,5,4,0,0.01650713,nested_test,unweighted,0.2913484275341034
287-6,287,6,4,1,0.072732486,nested_test,unweighted,0.2913484275341034
287-7,287,7,4,1,0.11943078,nested_test,unweighted,0.2913484275341034
287-8,287,8,4,0,0.042625476,nested_test,unweighted,0.2913484275341034
287-9,287,9,4,0,0.05849429,nested_test,unweighted,0.2913484275341034
287-10,287,10,4,1,0.03424815,nested_test,unweighted,0.2913484275341034
287-11,287,11,4,1,0.10567952,nested_test,unweighted,0.2913484275341034
287-12,287,12,4,1,0.086728685,nested_test,unweighted,0.2913484275341034
288-0,288,0,5,0,0.019118695,nested_test,unweighted,0.24960972368717194
288-1,288,1,5,0,0.042833485,nested_test,unweighted,0.24960972368717194
288-2,288,2,5,0,0.012112647,nested_test,unweighted,0.24960972368717194
288-3,288,3,5,0,0.060371824,nested_test,unweighted,0.24960972368717194
288-4,288,4,5,0,0.023095142,nested_test,unweighted,0.24960972368717194
288-5,288,5,5,0,0.0071266936,nested_test,unweighted,0.24960972368717194
288-6,288,6,5,0,0.07917477,nested_test,unweighted,0.24960972368717194
288-7,288,7,5,0,0.041731376,nested_test,unweighted,0.24960972368717194
288-8,288,8,5,0,0.017366841,nested_test,unweighted,0.24960972368717194
288-9,288,9,5,0,0.042137653,nested_test,unweighted,0.24960972368717194
288-10,288,10,5,0,0.009347744,nested_test,unweighted,0.24960972368717194
288-11,288,11,5,0,0.012826164,nested_test,unweighted,0.24960972368717194
288-12,288,12,5,0,0.03037,nested_test,unweighted,0.24960972368717194
289-0,289,0,2,0,0.015560905,nested_test,unweighted,0.2061617523431778
289-1,289,1,2,0,0.024216104,nested_test,unweighted,0.2061617523431778
289-2,289,2,2,0,0.03558972,nested_test,unweighted,0.2061617523431778
289-3,289,3,2,0,0.03191286,nested_test,unweighted,0.2061617523431778
289-4,289,4,2,0,0.0068542995,nested_test,unweighted,0.2061617523431778
289-5,289,5,2,0,0.013226903,nested_test,unweighted,0.2061617523431778
289-6,289,6,2,0,0.0063506793,nested_test,unweighted,0.2061617523431778
289-7,289,7,2,0,0.010612803,nested_test,unweighted,0.2061617523431778
289-8,289,8,2,0,0.03538839,nested_test,unweighted,0.2061617523431778
289-9,289,9,2,0,0.034613613,nested_test,unweighted,0.2061617523431778
289-10,289,10,2,0,0.003989992,nested_test,unweighted,0.2061617523431778
289-11,289,11,2,0,0.0032742897,nested_test,unweighted,0.2061617523431778
289-12,289,12,2,0,0.011290304,nested_test,unweighted,0.2061617523431778
290-0,290,0,3,0,0.13319573,nested_test,unweighted,0.1947115957736969
290-1,290,1,3,0,0.07706527,nested_test,unweighted,0.1947115957736969
290-2,290,2,3,0,0.027853535,nested_test,unweighted,0.1947115957736969
290-3,290,3,3,0,0.25772014,nested_test,unweighted,0.1947115957736969
290-4,290,4,3,0,0.03618929,nested_test,unweighted,0.1947115957736969
290-5,290,5,3,0,0.12851869,nested_test,unweighted,0.1947115957736969
290-6,290,6,3,0,0.020186974,nested_test,unweighted,0.1947115957736969
290-7,290,7,3,0,0.10009857,nested_test,unweighted,0.1947115957736969
290-8,290,8,3,0,0.05231141,nested_test,unweighted,0.1947115957736969
290-9,290,9,3,0,0.122477435,nested_test,unweighted,0.1947115957736969
290-10,290,10,3,0,0.030962931,nested_test,unweighted,0.1947115957736969
290-11,290,11,3,0,0.051317513,nested_test,unweighted,0.1947115957736969
290-12,290,12,3,0,0.074574284,nested_test,unweighted,0.1947115957736969
291-0,291,0,3,0,0.10733582,nested_test,unweighted,0.1947115957736969
291-1,291,1,3,0,0.04097449,nested_test,unweighted,0.1947115957736969
291-2,291,2,3,0,0.0134072285,nested_test,unweighted,0.1947115957736969
291-3,291,3,3,0,0.2154007,nested_test,unweighted,0.1947115957736969
291-4,291,4,3,0,0.020099076,nested_test,unweighted,0.1947115957736969
291-5,291,5,3,0,0.11952656,nested_test,unweighted,0.1947115957736969
291-6,291,6,3,0,0.013464228,nested_test,unweighted,0.1947115957736969
291-7,291,7,3,0,0.083626434,nested_test,unweighted,0.1947115957736969
291-8,291,8,3,0,0.03947601,nested_test,unweighted,0.1947115957736969
291-9,291,9,3,0,0.11509016,nested_test,unweighted,0.1947115957736969
291-10,291,10,3,0,0.023795862,nested_test,unweighted,0.1947115957736969
291-11,291,11,3,0,0.049485758,nested_test,unweighted,0.1947115957736969
291-12,291,12,3,0,0.07094442,nested_test,unweighted,0.1947115957736969
292-0,292,0,5,1,0.08030945,nested_test,unweighted,0.24960972368717194
292-1,292,1,5,0,0.030834332,nested_test,unweighted,0.24960972368717194
292-2,292,2,5,0,0.011581151,nested_test,unweighted,0.24960972368717194
292-3,292,3,5,0,0.06130904,nested_test,unweighted,0.24960972368717194
292-4,292,4,5,0,0.01702178,nested_test,unweighted,0.24960972368717194
292-5,292,5,5,0,0.0062968205,nested_test,unweighted,0.24960972368717194
292-6,292,6,5,0,0.053517494,nested_test,unweighted,0.24960972368717194
292-7,292,7,5,0,0.03566915,nested_test,unweighted,0.24960972368717194
292-8,292,8,5,0,0.014585971,nested_test,unweighted,0.24960972368717194
292-9,292,9,5,0,0.03177634,nested_test,unweighted,0.24960972368717194
292-10,292,10,5,0,0.006141697,nested_test,unweighted,0.24960972368717194
292-11,292,11,5,0,0.0094941715,nested_test,unweighted,0.24960972368717194
292-12,292,12,5,0,0.025162444,nested_test,unweighted,0.24960972368717194
293-0,293,0,4,0,0.017927114,nested_test,unweighted,0.2913484275341034
293-1,293,1,4,0,0.022674093,nested_test,unweighted,0.2913484275341034
293-2,293,2,4,0,0.06768788,nested_test,unweighted,0.2913484275341034
293-3,293,3,4,0,0.043237794,nested_test,unweighted,0.2913484275341034
293-4,293,4,4,0,0.0096137505,nested_test,unweighted,0.2913484275341034
293-5,293,5,4,0,0.014443996,nested_test,unweighted,0.2913484275341034
293-6,293,6,4,0,0.019193131,nested_test,unweighted,0.2913484275341034
293-7,293,7,4,0,0.024524279,nested_test,unweighted,0.2913484275341034
293-8,293,8,4,0,0.03755843,nested_test,unweighted,0.2913484275341034
293-9,293,9,4,0,0.047313765,nested_test,unweighted,0.2913484275341034
293-10,293,10,4,0,0.010308218,nested_test,unweighted,0.2913484275341034
293-11,293,11,4,0,0.023064265,nested_test,unweighted,0.2913484275341034
293-12,293,12,4,0,0.026588695,nested_test,unweighted,0.2913484275341034
294-0,294,0,3,0,0.16588758,nested_test,unweighted,0.1947115957736969
294-1,294,1,3,0,0.085852616,nested_test,unweighted,0.1947115957736969
294-2,294,2,3,0,0.033889078,nested_test,unweighted,0.1947115957736969
294-3,294,3,3,0,0.26103336,nested_test,unweighted,0.1947115957736969
294-4,294,4,3,0,0.027564282,nested_test,unweighted,0.1947115957736969
294-5,294,5,3,0,0.14411394,nested_test,unweighted,0.1947115957736969
294-6,294,6,3,0,0.02413843,nested_test,unweighted,0.1947115957736969
294-7,294,7,3,0,0.096551456,nested_test,unweighted,0.1947115957736969
294-8,294,8,3,0,0.046334412,nested_test,unweighted,0.1947115957736969
294-9,294,9,3,0,0.09487012,nested_test,unweighted,0.1947115957736969
294-10,294,10,3,0,0.02478197,nested_test,unweighted,0.1947115957736969
294-11,294,11,3,0,0.040033657,nested_test,unweighted,0.1947115957736969
294-12,294,12,3,0,0.0832205,nested_test,unweighted,0.1947115957736969
295-0,295,0,1,1,0.14577547,nested_test,unweighted,0.2802690267562866
295-1,295,1,1,0,0.17709868,nested_test,unweighted,0.2802690267562866
295-2,295,2,1,0,0.13959543,nested_test,unweighted,0.2802690267562866
295-3,295,3,1,0,0.18091097,nested_test,unweighted,0.2802690267562866
295-4,295,4,1,0,0.060940735,nested_test,unweighted,0.2802690267562866
295-5,295,5,1,0,0.08809489,nested_test,unweighted,0.2802690267562866
295-6,295,6,1,1,0.0431602,nested_test,unweighted,0.2802690267562866
295-7,295,7,1,0,0.12021708,nested_test,unweighted,0.2802690267562866
295-8,295,8,1,0,0.067893915,nested_test,unweighted,0.2802690267562866
295-9,295,9,1,0,0.21107192,nested_test,unweighted,0.2802690267562866
295-10,295,10,1,0,0.03494484,nested_test,unweighted,0.2802690267562866
295-11,295,11,1,0,0.11191534,nested_test,unweighted,0.2802690267562866
295-12,295,12,1,0,0.09977492,nested_test,unweighted,0.2802690267562866
296-0,296,0,3,0,0.16125183,nested_test,unweighted,0.1947115957736969
296-1,296,1,3,0,0.05164773,nested_test,unweighted,0.1947115957736969
296-2,296,2,3,0,0.025322836,nested_test,unweighted,0.1947115957736969
296-3,296,3,3,0,0.30569354,nested_test,unweighted,0.1947115957736969
296-4,296,4,3,0,0.025701579,nested_test,unweighted,0.1947115957736969
296-5,296,5,3,1,0.11296817,nested_test,unweighted,0.1947115957736969
296-6,296,6,3,0,0.029292952,nested_test,unweighted,0.1947115957736969
296-7,296,7,3,0,0.0945223,nested_test,unweighted,0.1947115957736969
296-8,296,8,3,0,0.04490132,nested_test,unweighted,0.1947115957736969
296-9,296,9,3,0,0.08703719,nested_test,unweighted,0.1947115957736969
296-10,296,10,3,0,0.022637466,nested_test,unweighted,0.1947115957736969
296-11,296,11,3,0,0.036869526,nested_test,unweighted,0.1947115957736969
296-12,296,12,3,0,0.07805663,nested_test,unweighted,0.1947115957736969
297-0,297,0,3,0,0.08257206,nested_test,unweighted,0.1947115957736969
297-1,297,1,3,0,0.038995285,nested_test,unweighted,0.1947115957736969
297-2,297,2,3,0,0.014845535,nested_test,unweighted,0.1947115957736969
297-3,297,3,3,0,0.1872965,nested_test,unweighted,0.1947115957736969
297-4,297,4,3,0,0.01747175,nested_test,unweighted,0.1947115957736969
297-5,297,5,3,0,0.091264464,nested_test,unweighted,0.1947115957736969
297-6,297,6,3,0,0.017274804,nested_test,unweighted,0.1947115957736969
297-7,297,7,3,0,0.05088012,nested_test,unweighted,0.1947115957736969
297-8,297,8,3,0,0.02668226,nested_test,unweighted,0.1947115957736969
297-9,297,9,3,0,0.06596585,nested_test,unweighted,0.1947115957736969
297-10,297,10,3,0,0.019406522,nested_test,unweighted,0.1947115957736969
297-11,297,11,3,0,0.030471083,nested_test,unweighted,0.1947115957736969
297-12,297,12,3,0,0.052521873,nested_test,unweighted,0.1947115957736969
298-0,298,0,5,1,0.01024956,nested_test,unweighted,0.24960972368717194
298-1,298,1,5,1,0.022986118,nested_test,unweighted,0.24960972368717194
298-2,298,2,5,1,0.0072663575,nested_test,unweighted,0.24960972368717194
298-3,298,3,5,1,0.040891677,nested_test,unweighted,0.24960972368717194
298-4,298,4,5,1,0.013597134,nested_test,unweighted,0.24960972368717194
298-5,298,5,5,1,0.0038974595,nested_test,unweighted,0.24960972368717194
298-6,298,6,5,1,0.040975947,nested_test,unweighted,0.24960972368717194
298-7,298,7,5,1,0.021996057,nested_test,unweighted,0.24960972368717194
298-8,298,8,5,1,0.00942226,nested_test,unweighted,0.24960972368717194
298-9,298,9,5,1,0.025343942,nested_test,unweighted,0.24960972368717194
298-10,298,10,5,1,0.0040639457,nested_test,unweighted,0.24960972368717194
298-11,298,11,5,1,0.0076276395,nested_test,unweighted,0.24960972368717194
298-12,298,12,5,1,0.016758448,nested_test,unweighted,0.24960972368717194
299-0,299,0,4,0,0.06267226,nested_test,unweighted,0.2913484275341034
299-1,299,1,4,1,0.06450246,nested_test,unweighted,0.2913484275341034
299-2,299,2,4,0,0.17584163,nested_test,unweighted,0.2913484275341034
299-3,299,3,4,1,0.09643549,nested_test,unweighted,0.2913484275341034
299-4,299,4,4,1,0.023045653,nested_test,unweighted,0.2913484275341034
299-5,299,5,4,0,0.04239469,nested_test,unweighted,0.2913484275341034
299-6,299,6,4,0,0.06681613,nested_test,unweighted,0.2913484275341034
299-7,299,7,4,0,0.07726286,nested_test,unweighted,0.2913484275341034
299-8,299,8,4,0,0.11794955,nested_test,unweighted,0.2913484275341034
299-9,299,9,4,1,0.13109228,nested_test,unweighted,0.2913484275341034
299-10,299,10,4,0,0.022121381,nested_test,unweighted,0.2913484275341034
299-11,299,11,4,0,0.06626895,nested_test,unweighted,0.2913484275341034
299-12,299,12,4,0,0.07465478,nested_test,unweighted,0.2913484275341034
300-0,300,0,5,0,0.016266882,nested_test,unweighted,0.24960972368717194
300-1,300,1,5,1,0.19485798,nested_test,unweighted,0.24960972368717194
300-2,300,2,5,1,0.060685456,nested_test,unweighted,0.24960972368717194
300-3,300,3,5,1,0.25871888,nested_test,unweighted,0.24960972368717194
300-4,300,4,5,1,0.07990754,nested_test,unweighted,0.24960972368717194
300-5,300,5,5,1,0.014119838,nested_test,unweighted,0.24960972368717194
300-6,300,6,5,1,0.24471126,nested_test,unweighted,0.24960972368717194
300-7,300,7,5,1,0.13950334,nested_test,unweighted,0.24960972368717194
300-8,300,8,5,1,0.06566727,nested_test,unweighted,0.24960972368717194
300-9,300,9,5,1,0.20973256,nested_test,unweighted,0.24960972368717194
300-10,300,10,5,1,0.017110681,nested_test,unweighted,0.24960972368717194
300-11,300,11,5,1,0.038468696,nested_test,unweighted,0.24960972368717194
300-12,300,12,5,1,0.122536704,nested_test,unweighted,0.24960972368717194
301-0,301,0,2,0,0.041245203,nested_test,unweighted,0.2061617523431778
301-1,301,1,2,0,0.07797685,nested_test,unweighted,0.2061617523431778
301-2,301,2,2,0,0.092681624,nested_test,unweighted,0.2061617523431778
301-3,301,3,2,0,0.10396684,nested_test,unweighted,0.2061617523431778
301-4,301,4,2,0,0.027028337,nested_test,unweighted,0.2061617523431778
301-5,301,5,2,1,0.1562921,nested_test,unweighted,0.2061617523431778
301-6,301,6,2,0,0.018552402,nested_test,unweighted,0.2061617523431778
301-7,301,7,2,0,0.034883223,nested_test,unweighted,0.2061617523431778
301-8,301,8,2,0,0.117234625,nested_test,unweighted,0.2061617523431778
301-9,301,9,2,0,0.10574122,nested_test,unweighted,0.2061617523431778
301-10,301,10,2,0,0.009550609,nested_test,unweighted,0.2061617523431778
301-11,301,11,2,0,0.009644231,nested_test,unweighted,0.2061617523431778
301-12,301,12,2,0,0.038155027,nested_test,unweighted,0.2061617523431778
302-0,302,0,4,1,0.105451345,nested_test,unweighted,0.2913484275341034
302-1,302,1,4,1,0.119806446,nested_test,unweighted,0.2913484275341034
302-2,302,2,4,1,0.2637819,nested_test,unweighted,0.2913484275341034
302-3,302,3,4,0,0.06297471,nested_test,unweighted,0.2913484275341034
302-4,302,4,4,1,0.061878633,nested_test,unweighted,0.2913484275341034
302-5,302,5,4,0,0.03206861,nested_test,unweighted,0.2913484275341034
302-6,302,6,4,1,0.13883446,nested_test,unweighted,0.2913484275341034
302-7,302,7,4,1,0.124129646,nested_test,unweighted,0.2913484275341034
302-8,302,8,4,0,0.08297644,nested_test,unweighted,0.2913484275341034
302-9,302,9,4,1,0.28380147,nested_test,unweighted,0.2913484275341034
302-10,302,10,4,0,0.015095816,nested_test,unweighted,0.2913484275341034
302-11,302,11,4,1,0.13944411,nested_test,unweighted,0.2913484275341034
302-12,302,12,4,1,0.14208412,nested_test,unweighted,0.2913484275341034
303-0,303,0,5,0,0.015789568,nested_test,unweighted,0.24960972368717194
303-1,303,1,5,0,0.027413588,nested_test,unweighted,0.24960972368717194
303-2,303,2,5,0,0.0060169823,nested_test,unweighted,0.24960972368717194
303-3,303,3,5,0,0.047716,nested_test,unweighted,0.24960972368717194
303-4,303,4,5,0,0.011439706,nested_test,unweighted,0.24960972368717194
303-5,303,5,5,0,0.0042379415,nested_test,unweighted,0.24960972368717194
303-6,303,6,5,0,0.048508648,nested_test,unweighted,0.24960972368717194
303-7,303,7,5,0,0.02517148,nested_test,unweighted,0.24960972368717194
303-8,303,8,5,0,0.010370648,nested_test,unweighted,0.24960972368717194
303-9,303,9,5,0,0.029125458,nested_test,unweighted,0.24960972368717194
303-10,303,10,5,0,0.0045059603,nested_test,unweighted,0.24960972368717194
303-11,303,11,5,0,0.0077605247,nested_test,unweighted,0.24960972368717194
303-12,303,12,5,1,0.06995847,nested_test,unweighted,0.24960972368717194
304-0,304,0,1,1,0.098023534,nested_test,unweighted,0.2802690267562866
304-1,304,1,1,0,0.16887003,nested_test,unweighted,0.2802690267562866
304-2,304,2,1,0,0.12285247,nested_test,unweighted,0.2802690267562866
304-3,304,3,1,0,0.1544531,nested_test,unweighted,0.2802690267562866
304-4,304,4,1,1,0.018766519,nested_test,unweighted,0.2802690267562866
304-5,304,5,1,1,0.02926741,nested_test,unweighted,0.2802690267562866
304-6,304,6,1,0,0.053789143,nested_test,unweighted,0.2802690267562866
304-7,304,7,1,1,0.040727675,nested_test,unweighted,0.2802690267562866
304-8,304,8,1,0,0.071703106,nested_test,unweighted,0.2802690267562866
304-9,304,9,1,1,0.07720099,nested_test,unweighted,0.2802690267562866
304-10,304,10,1,1,0.017703848,nested_test,unweighted,0.2802690267562866
304-11,304,11,1,1,0.046245817,nested_test,unweighted,0.2802690267562866
304-12,304,12,1,0,0.108401805,nested_test,unweighted,0.2802690267562866
305-0,305,0,1,0,0.21717717,nested_test,unweighted,0.2802690267562866
305-1,305,1,1,0,0.1925365,nested_test,unweighted,0.2802690267562866
305-2,305,2,1,0,0.13580729,nested_test,unweighted,0.2802690267562866
305-3,305,3,1,0,0.14003381,nested_test,unweighted,0.2802690267562866
305-4,305,4,1,0,0.057027634,nested_test,unweighted,0.2802690267562866
305-5,305,5,1,0,0.0855653,nested_test,unweighted,0.2802690267562866
305-6,305,6,1,0,0.06769503,nested_test,unweighted,0.2802690267562866
305-7,305,7,1,0,0.11831304,nested_test,unweighted,0.2802690267562866
305-8,305,8,1,0,0.06402977,nested_test,unweighted,0.2802690267562866
305-9,305,9,1,0,0.2058081,nested_test,unweighted,0.2802690267562866
305-10,305,10,1,0,0.032889795,nested_test,unweighted,0.2802690267562866
305-11,305,11,1,0,0.10651172,nested_test,unweighted,0.2802690267562866
305-12,305,12,1,0,0.096945606,nested_test,unweighted,0.2802690267562866
306-0,306,0,5,0,0.014404652,nested_test,unweighted,0.24960972368717194
306-1,306,1,5,0,0.032136787,nested_test,unweighted,0.24960972368717194
306-2,306,2,5,0,0.010242181,nested_test,unweighted,0.24960972368717194
306-3,306,3,5,0,0.048115037,nested_test,unweighted,0.24960972368717194
306-4,306,4,5,0,0.014808597,nested_test,unweighted,0.24960972368717194
306-5,306,5,5,0,0.0051105595,nested_test,unweighted,0.24960972368717194
306-6,306,6,5,0,0.053114448,nested_test,unweighted,0.24960972368717194
306-7,306,7,5,0,0.0286802,nested_test,unweighted,0.24960972368717194
306-8,306,8,5,0,0.0120015135,nested_test,unweighted,0.24960972368717194
306-9,306,9,5,0,0.033104878,nested_test,unweighted,0.24960972368717194
306-10,306,10,5,0,0.0057358537,nested_test,unweighted,0.24960972368717194
306-11,306,11,5,0,0.009036901,nested_test,unweighted,0.24960972368717194
306-12,306,12,5,0,0.02352946,nested_test,unweighted,0.24960972368717194
307-0,307,0,3,1,0.11167053,nested_test,unweighted,0.1947115957736969
307-1,307,1,3,1,0.091612376,nested_test,unweighted,0.1947115957736969
307-2,307,2,3,0,0.034606993,nested_test,unweighted,0.1947115957736969
307-3,307,3,3,0,0.29729715,nested_test,unweighted,0.1947115957736969
307-4,307,4,3,0,0.029518088,nested_test,unweighted,0.1947115957736969
307-5,307,5,3,1,0.16469203,nested_test,unweighted,0.1947115957736969
307-6,307,6,3,0,0.025939796,nested_test,unweighted,0.1947115957736969
307-7,307,7,3,0,0.13402168,nested_test,unweighted,0.1947115957736969
307-8,307,8,3,0,0.07063857,nested_test,unweighted,0.1947115957736969
307-9,307,9,3,0,0.101883605,nested_test,unweighted,0.1947115957736969
307-10,307,10,3,1,0.030695163,nested_test,unweighted,0.1947115957736969
307-11,307,11,3,0,0.06521117,nested_test,unweighted,0.1947115957736969
307-12,307,12,3,0,0.088616185,nested_test,unweighted,0.1947115957736969
308-0,308,0,3,0,0.07088218,nested_test,unweighted,0.1947115957736969
308-1,308,1,3,0,0.045825347,nested_test,unweighted,0.1947115957736969
308-2,308,2,3,0,0.019491522,nested_test,unweighted,0.1947115957736969
308-3,308,3,3,0,0.14945945,nested_test,unweighted,0.1947115957736969
308-4,308,4,3,0,0.01484907,nested_test,unweighted,0.1947115957736969
308-5,308,5,3,0,0.07844925,nested_test,unweighted,0.1947115957736969
308-6,308,6,3,0,0.014681262,nested_test,unweighted,0.1947115957736969
308-7,308,7,3,0,0.040715314,nested_test,unweighted,0.1947115957736969
308-8,308,8,3,0,0.023609817,nested_test,unweighted,0.1947115957736969
308-9,308,9,3,1,0.13063926,nested_test,unweighted,0.1947115957736969
308-10,308,10,3,0,0.016498307,nested_test,unweighted,0.1947115957736969
308-11,308,11,3,0,0.025948629,nested_test,unweighted,0.1947115957736969
308-12,308,12,3,0,0.044878174,nested_test,unweighted,0.1947115957736969
309-0,309,0,2,1,0.13438188,nested_test,unweighted,0.2061617523431778
309-1,309,1,2,0,0.051846348,nested_test,unweighted,0.2061617523431778
309-2,309,2,2,0,0.10187041,nested_test,unweighted,0.2061617523431778
309-3,309,3,2,0,0.10798612,nested_test,unweighted,0.2061617523431778
309-4,309,4,2,0,0.028606549,nested_test,unweighted,0.2061617523431778
309-5,309,5,2,0,0.043565158,nested_test,unweighted,0.2061617523431778
309-6,309,6,2,0,0.016911551,nested_test,unweighted,0.2061617523431778
309-7,309,7,2,0,0.03362293,nested_test,unweighted,0.2061617523431778
309-8,309,8,2,0,0.11861238,nested_test,unweighted,0.2061617523431778
309-9,309,9,2,0,0.09312689,nested_test,unweighted,0.2061617523431778
309-10,309,10,2,0,0.011469391,nested_test,unweighted,0.2061617523431778
309-11,309,11,2,0,0.011581615,nested_test,unweighted,0.2061617523431778
309-12,309,12,2,0,0.03456796,nested_test,unweighted,0.2061617523431778
310-0,310,0,5,0,0.33757108,nested_test,unweighted,0.24960972368717194
310-1,310,1,5,1,0.02834075,nested_test,unweighted,0.24960972368717194
310-2,310,2,5,0,0.22570175,nested_test,unweighted,0.24960972368717194
310-3,310,3,5,1,0.041228056,nested_test,unweighted,0.24960972368717194
310-4,310,4,5,0,0.31080946,nested_test,unweighted,0.24960972368717194
310-5,310,5,5,0,0.06463991,nested_test,unweighted,0.24960972368717194
310-6,310,6,5,0,0.6255395,nested_test,unweighted,0.24960972368717194
310-7,310,7,5,1,0.028666768,nested_test,unweighted,0.24960972368717194
310-8,310,8,5,0,0.3195424,nested_test,unweighted,0.24960972368717194
310-9,310,9,5,0,0.47301129,nested_test,unweighted,0.24960972368717194
310-10,310,10,5,1,0.004846431,nested_test,unweighted,0.24960972368717194
310-11,310,11,5,1,0.0072663575,nested_test,unweighted,0.24960972368717194
310-12,310,12,5,0,0.46258384,nested_test,unweighted,0.24960972368717194
311-0,311,0,2,0,0.013044791,nested_test,unweighted,0.2061617523431778
311-1,311,1,2,0,0.018370919,nested_test,unweighted,0.2061617523431778
311-2,311,2,2,1,0.708695,nested_test,unweighted,0.2061617523431778
311-3,311,3,2,0,0.025901705,nested_test,unweighted,0.2061617523431778
311-4,311,4,2,0,0.0059258,nested_test,unweighted,0.2061617523431778
311-5,311,5,2,0,0.009812786,nested_test,unweighted,0.2061617523431778
311-6,311,6,2,0,0.0046036686,nested_test,unweighted,0.2061617523431778
311-7,311,7,2,0,0.008024146,nested_test,unweighted,0.2061617523431778
311-8,311,8,2,0,0.026920896,nested_test,unweighted,0.2061617523431778
311-9,311,9,2,0,0.02393503,nested_test,unweighted,0.2061617523431778
311-10,311,10,2,0,0.0028904933,nested_test,unweighted,0.2061617523431778
311-11,311,11,2,0,0.0027153548,nested_test,unweighted,0.2061617523431778
311-12,311,12,2,0,0.008812363,nested_test,unweighted,0.2061617523431778
312-0,312,0,3,0,0.13319573,nested_test,unweighted,0.1947115957736969
312-1,312,1,3,0,0.07570868,nested_test,unweighted,0.1947115957736969
312-2,312,2,3,0,0.023576166,nested_test,unweighted,0.1947115957736969
312-3,312,3,3,0,0.2340213,nested_test,unweighted,0.1947115957736969
312-4,312,4,3,0,0.026003668,nested_test,unweighted,0.1947115957736969
312-5,312,5,3,0,0.12851869,nested_test,unweighted,0.1947115957736969
312-6,312,6,3,0,0.020724708,nested_test,unweighted,0.1947115957736969
312-7,312,7,3,0,0.07601092,nested_test,unweighted,0.1947115957736969
312-8,312,8,3,0,0.05231141,nested_test,unweighted,0.1947115957736969
312-9,312,9,3,0,0.09461837,nested_test,unweighted,0.1947115957736969
312-10,312,10,3,0,0.026079476,nested_test,unweighted,0.1947115957736969
312-11,312,11,3,0,0.04059626,nested_test,unweighted,0.1947115957736969
312-12,312,12,3,0,0.074574284,nested_test,unweighted,0.1947115957736969
313-0,313,0,4,0,0.024125773,nested_test,unweighted,0.2913484275341034
313-1,313,1,4,0,0.027155982,nested_test,unweighted,0.2913484275341034
313-2,313,2,4,0,0.0892996,nested_test,unweighted,0.2913484275341034
313-3,313,3,4,0,0.063411884,nested_test,unweighted,0.2913484275341034
313-4,313,4,4,0,0.013247495,nested_test,unweighted,0.2913484275341034
313-5,313,5,4,0,0.021422021,nested_test,unweighted,0.2913484275341034
313-6,313,6,4,0,0.031196618,nested_test,unweighted,0.2913484275341034
313-7,313,7,4,0,0.032839946,nested_test,unweighted,0.2913484275341034
313-8,313,8,4,0,0.050066862,nested_test,unweighted,0.2913484275341034
313-9,313,9,4,0,0.06752391,nested_test,unweighted,0.2913484275341034
313-10,313,10,4,0,0.015274127,nested_test,unweighted,0.2913484275341034
313-11,313,11,4,0,0.030900557,nested_test,unweighted,0.2913484275341034
313-12,313,12,4,0,0.031109052,nested_test,unweighted,0.2913484275341034
314-0,314,0,1,1,0.32721123,nested_test,unweighted,0.2802690267562866
314-1,314,1,1,1,0.35232267,nested_test,unweighted,0.2802690267562866
314-2,314,2,1,1,0.18320559,nested_test,unweighted,0.2802690267562866
314-3,314,3,1,1,0.24696213,nested_test,unweighted,0.2802690267562866
314-4,314,4,1,1,0.09463671,nested_test,unweighted,0.2802690267562866
314-5,314,5,1,1,0.11781917,nested_test,unweighted,0.2802690267562866
314-6,314,6,1,0,0.01403898,nested_test,unweighted,0.2802690267562866
314-7,314,7,1,1,0.18071032,nested_test,unweighted,0.2802690267562866
314-8,314,8,1,1,0.101165496,nested_test,unweighted,0.2802690267562866
314-9,314,9,1,1,0.30245537,nested_test,unweighted,0.2802690267562866
314-10,314,10,1,0,0.010720558,nested_test,unweighted,0.2802690267562866
314-11,314,11,1,1,0.15915646,nested_test,unweighted,0.2802690267562866
314-12,314,12,1,0,0.02395113,nested_test,unweighted,0.2802690267562866
315-0,315,0,2,0,0.0099248905,nested_test,unweighted,0.2061617523431778
315-1,315,1,2,0,0.015258806,nested_test,unweighted,0.2061617523431778
315-2,315,2,2,0,0.023576947,nested_test,unweighted,0.2061617523431778
315-3,315,3,2,0,0.023974117,nested_test,unweighted,0.2061617523431778
315-4,315,4,2,0,0.004756184,nested_test,unweighted,0.2061617523431778
315-5,315,5,2,0,0.008177531,nested_test,unweighted,0.2061617523431778
315-6,315,6,2,0,0.0039948407,nested_test,unweighted,0.2061617523431778
315-7,315,7,2,0,0.0064400514,nested_test,unweighted,0.2061617523431778
315-8,315,8,2,0,0.02770073,nested_test,unweighted,0.2061617523431778
315-9,315,9,2,0,0.022739226,nested_test,unweighted,0.2061617523431778
315-10,315,10,2,0,0.0024423166,nested_test,unweighted,0.2061617523431778
315-11,315,11,2,0,0.0030415836,nested_test,unweighted,0.2061617523431778
315-12,315,12,2,0,0.0070682415,nested_test,unweighted,0.2061617523431778
316-0,316,0,2,0,0.029947003,nested_test,unweighted,0.2061617523431778
316-1,316,1,2,0,0.050577823,nested_test,unweighted,0.2061617523431778
316-2,316,2,2,0,0.06466415,nested_test,unweighted,0.2061617523431778
316-3,316,3,2,0,0.060700774,nested_test,unweighted,0.2061617523431778
316-4,316,4,2,0,0.012439458,nested_test,unweighted,0.2061617523431778
316-5,316,5,2,0,0.026949693,nested_test,unweighted,0.2061617523431778
316-6,316,6,2,0,0.010811796,nested_test,unweighted,0.2061617523431778
316-7,316,7,2,0,0.020206643,nested_test,unweighted,0.2061617523431778
316-8,316,8,2,0,0.062932156,nested_test,unweighted,0.2061617523431778
316-9,316,9,2,0,0.061054215,nested_test,unweighted,0.2061617523431778
316-10,316,10,2,0,0.0072352597,nested_test,unweighted,0.2061617523431778
316-11,316,11,2,0,0.005768401,nested_test,unweighted,0.2061617523431778
316-12,316,12,2,0,0.016568802,nested_test,unweighted,0.2061617523431778
317-0,317,0,1,0,0.055203836,nested_test,unweighted,0.2802690267562866
317-1,317,1,1,0,0.053656537,nested_test,unweighted,0.2802690267562866
317-2,317,2,1,0,0.030421294,nested_test,unweighted,0.2802690267562866
317-3,317,3,1,0,0.034798793,nested_test,unweighted,0.2802690267562866
317-4,317,4,1,0,0.01398091,nested_test,unweighted,0.2802690267562866
317-5,317,5,1,0,0.018553918,nested_test,unweighted,0.2802690267562866
317-6,317,6,1,0,0.01486661,nested_test,unweighted,0.2802690267562866
317-7,317,7,1,0,0.026265299,nested_test,unweighted,0.2802690267562866
317-8,317,8,1,0,0.013920733,nested_test,unweighted,0.2802690267562866
317-9,317,9,1,0,0.05093975,nested_test,unweighted,0.2802690267562866
317-10,317,10,1,0,0.011320754,nested_test,unweighted,0.2802690267562866
317-11,317,11,1,0,0.028434636,nested_test,unweighted,0.2802690267562866
317-12,317,12,1,0,0.02395113,nested_test,unweighted,0.2802690267562866
318-0,318,0,1,0,0.2226502,nested_test,unweighted,0.2802690267562866
318-1,318,1,1,0,0.17709868,nested_test,unweighted,0.2802690267562866
318-2,318,2,1,0,0.16283096,nested_test,unweighted,0.2802690267562866
318-3,318,3,1,0,0.12300067,nested_test,unweighted,0.2802690267562866
318-4,318,4,1,0,0.060089666,nested_test,unweighted,0.2802690267562866
318-5,318,5,1,0,0.08101041,nested_test,unweighted,0.2802690267562866
318-6,318,6,1,0,0.061535593,nested_test,unweighted,0.2802690267562866
318-7,318,7,1,0,0.12764901,nested_test,unweighted,0.2802690267562866
318-8,318,8,1,0,0.067893915,nested_test,unweighted,0.2802690267562866
318-9,318,9,1,0,0.21107192,nested_test,unweighted,0.2802690267562866
318-10,318,10,1,0,0.031232113,nested_test,unweighted,0.2802690267562866
318-11,318,11,1,0,0.11191534,nested_test,unweighted,0.2802690267562866
318-12,318,12,1,0,0.10609549,nested_test,unweighted,0.2802690267562866
319-0,319,0,2,0,0.015985105,nested_test,unweighted,0.2061617523431778
319-1,319,1,2,0,0.023472996,nested_test,unweighted,0.2061617523431778
319-2,319,2,2,0,0.03558972,nested_test,unweighted,0.2061617523431778
319-3,319,3,2,0,0.032914154,nested_test,unweighted,0.2061617523431778
319-4,319,4,2,0,0.0068542995,nested_test,unweighted,0.2061617523431778
319-5,319,5,2,0,0.013226903,nested_test,unweighted,0.2061617523431778
319-6,319,6,2,0,0.0063506793,nested_test,unweighted,0.2061617523431778
319-7,319,7,2,0,0.010612803,nested_test,unweighted,0.2061617523431778
319-8,319,8,2,0,0.03538839,nested_test,unweighted,0.2061617523431778
319-9,319,9,2,0,0.034613613,nested_test,unweighted,0.2061617523431778
319-10,319,10,2,0,0.003989992,nested_test,unweighted,0.2061617523431778
319-11,319,11,2,0,0.0032742897,nested_test,unweighted,0.2061617523431778
319-12,319,12,2,0,0.01165233,nested_test,unweighted,0.2061617523431778
320-0,320,0,4,0,0.15409237,nested_test,unweighted,0.2913484275341034
320-1,320,1,4,1,0.032188166,nested_test,unweighted,0.2913484275341034
320-2,320,2,4,0,0.38213593,nested_test,unweighted,0.2913484275341034
320-3,320,3,4,0,0.3345033,nested_test,unweighted,0.2913484275341034
320-4,320,4,4,1,0.010880963,nested_test,unweighted,0.2913484275341034
320-5,320,5,4,0,0.13387942,nested_test,unweighted,0.2913484275341034
320-6,320,6,4,1,0.027172044,nested_test,unweighted,0.2913484275341034
320-7,320,7,4,1,0.02999146,nested_test,unweighted,0.2913484275341034
320-8,320,8,4,0,0.28099343,nested_test,unweighted,0.2913484275341034
320-9,320,9,4,1,0.044568885,nested_test,unweighted,0.2913484275341034
320-10,320,10,4,0,0.064387694,nested_test,unweighted,0.2913484275341034
320-11,320,11,4,0,0.23571202,nested_test,unweighted,0.2913484275341034
320-12,320,12,4,0,0.24395871,nested_test,unweighted,0.2913484275341034
321-0,321,0,4,1,0.013203368,nested_test,unweighted,0.2913484275341034
321-1,321,1,4,0,0.25260922,nested_test,unweighted,0.2913484275341034
321-2,321,2,4,0,0.47479126,nested_test,unweighted,0.2913484275341034
321-3,321,3,4,0,0.34347585,nested_test,unweighted,0.2913484275341034
321-4,321,4,4,0,0.159066,nested_test,unweighted,0.2913484275341034
321-5,321,5,4,0,0.16572022,nested_test,unweighted,0.2913484275341034
321-6,321,6,4,0,0.20740788,nested_test,unweighted,0.2913484275341034
321-7,321,7,4,0,0.24471682,nested_test,unweighted,0.2913484275341034
321-8,321,8,4,0,0.3214212,nested_test,unweighted,0.2913484275341034
321-9,321,9,4,0,0.4593745,nested_test,unweighted,0.2913484275341034
321-10,321,10,4,0,0.0844049,nested_test,unweighted,0.2913484275341034
321-11,321,11,4,0,0.14241807,nested_test,unweighted,0.2913484275341034
321-12,321,12,4,0,0.23964989,nested_test,unweighted,0.2913484275341034
322-0,322,0,2,0,0.12035093,nested_test,unweighted,0.2061617523431778
322-1,322,1,2,0,0.20992647,nested_test,unweighted,0.2061617523431778
322-2,322,2,2,1,0.12675403,nested_test,unweighted,0.2061617523431778
322-3,322,3,2,0,0.2328001,nested_test,unweighted,0.2061617523431778
322-4,322,4,2,0,0.052674856,nested_test,unweighted,0.2061617523431778
322-5,322,5,2,0,0.1277706,nested_test,unweighted,0.2061617523431778
322-6,322,6,2,1,0.021869987,nested_test,unweighted,0.2061617523431778
322-7,322,7,2,0,0.09733358,nested_test,unweighted,0.2061617523431778
322-8,322,8,2,0,0.25654644,nested_test,unweighted,0.2061617523431778
322-9,322,9,2,1,0.09652084,nested_test,unweighted,0.2061617523431778
322-10,322,10,2,0,0.026376786,nested_test,unweighted,0.2061617523431778
322-11,322,11,2,0,0.020220932,nested_test,unweighted,0.2061617523431778
322-12,322,12,2,0,0.0941551,nested_test,unweighted,0.2061617523431778
323-0,323,0,5,0,0.019317027,nested_test,unweighted,0.24960972368717194
323-1,323,1,5,0,0.042833485,nested_test,unweighted,0.24960972368717194
323-2,323,2,5,0,0.012826164,nested_test,unweighted,0.24960972368717194
323-3,323,3,5,0,0.072869875,nested_test,unweighted,0.24960972368717194
323-4,323,4,5,0,0.023095142,nested_test,unweighted,0.24960972368717194
323-5,323,5,5,0,0.0071266936,nested_test,unweighted,0.24960972368717194
323-6,323,6,5,0,0.07917477,nested_test,unweighted,0.24960972368717194
323-7,323,7,5,0,0.041731376,nested_test,unweighted,0.24960972368717194
323-8,323,8,5,0,0.018402375,nested_test,unweighted,0.24960972368717194
323-9,323,9,5,0,0.042137653,nested_test,unweighted,0.24960972368717194
323-10,323,10,5,0,0.009347744,nested_test,unweighted,0.24960972368717194
323-11,323,11,5,0,0.011861211,nested_test,unweighted,0.24960972368717194
323-12,323,12,5,0,0.040911935,nested_test,unweighted,0.24960972368717194
324-0,324,0,4,1,0.049765635,nested_test,unweighted,0.2913484275341034
324-1,324,1,4,1,0.07116893,nested_test,unweighted,0.2913484275341034
324-2,324,2,4,1,0.17739372,nested_test,unweighted,0.2913484275341034
324-3,324,3,4,1,0.10602817,nested_test,unweighted,0.2913484275341034
324-4,324,4,4,1,0.0363684,nested_test,unweighted,0.2913484275341034
324-5,324,5,4,1,0.04283011,nested_test,unweighted,0.2913484275341034
324-6,324,6,4,1,0.061445784,nested_test,unweighted,0.2913484275341034
324-7,324,7,4,1,0.08789119,nested_test,unweighted,0.2913484275341034
324-8,324,8,4,1,0.1535989,nested_test,unweighted,0.2913484275341034
324-9,324,9,4,1,0.148454,nested_test,unweighted,0.2913484275341034
324-10,324,10,4,1,0.023690442,nested_test,unweighted,0.2913484275341034
324-11,324,11,4,1,0.06272878,nested_test,unweighted,0.2913484275341034
324-12,324,12,4,1,0.079646535,nested_test,unweighted,0.2913484275341034
325-0,325,0,2,0,0.047887765,nested_test,unweighted,0.2061617523431778
325-1,325,1,2,0,0.10771668,nested_test,unweighted,0.2061617523431778
325-2,325,2,2,0,0.10668638,nested_test,unweighted,0.2061617523431778
325-3,325,3,2,0,0.11589403,nested_test,unweighted,0.2061617523431778
325-4,325,4,2,0,0.02076185,nested_test,unweighted,0.2061617523431778
325-5,325,5,2,0,0.05169431,nested_test,unweighted,0.2061617523431778
325-6,325,6,2,0,0.018362455,nested_test,unweighted,0.2061617523431778
325-7,325,7,2,0,0.039232068,nested_test,unweighted,0.2061617523431778
325-8,325,8,2,0,0.11596616,nested_test,unweighted,0.2061617523431778
325-9,325,9,2,0,0.08820966,nested_test,unweighted,0.2061617523431778
325-10,325,10,2,0,0.010326807,nested_test,unweighted,0.2061617523431778
325-11,325,11,2,0,0.008619593,nested_test,unweighted,0.2061617523431778
325-12,325,12,2,0,0.027623758,nested_test,unweighted,0.2061617523431778
326-0,326,0,4,0,0.13009211,nested_test,unweighted,0.2913484275341034
326-1,326,1,4,0,0.1844082,nested_test,unweighted,0.2913484275341034
326-2,326,2,4,0,0.37685046,nested_test,unweighted,0.2913484275341034
326-3,326,3,4,0,0.38251692,nested_test,unweighted,0.2913484275341034
326-4,326,4,4,0,0.05862114,nested_test,unweighted,0.2913484275341034
326-5,326,5,4,0,0.117296465,nested_test,unweighted,0.2913484275341034
326-6,326,6,4,0,0.16934459,nested_test,unweighted,0.2913484275341034
326-7,326,7,4,1,0.024584748,nested_test,unweighted,0.2913484275341034
326-8,326,8,4,0,0.36161754,nested_test,unweighted,0.2913484275341034
326-9,326,9,4,0,0.33098766,nested_test,unweighted,0.2913484275341034
326-10,326,10,4,0,0.08145708,nested_test,unweighted,0.2913484275341034
326-11,326,11,4,0,0.121963605,nested_test,unweighted,0.2913484275341034
326-12,326,12,4,0,0.18548182,nested_test,unweighted,0.2913484275341034
327-0,327,0,4,0,0.04730489,nested_test,unweighted,0.2913484275341034
327-1,327,1,4,0,0.06772529,nested_test,unweighted,0.2913484275341034
327-2,327,2,4,0,0.16974957,nested_test,unweighted,0.2913484275341034
327-3,327,3,4,0,0.12591365,nested_test,unweighted,0.2913484275341034
327-4,327,4,4,0,0.024510477,nested_test,unweighted,0.2913484275341034
327-5,327,5,4,0,0.04069762,nested_test,unweighted,0.2913484275341034
327-6,327,6,4,0,0.061979808,nested_test,unweighted,0.2913484275341034
327-7,327,7,4,0,0.08436269,nested_test,unweighted,0.2913484275341034
327-8,327,8,4,0,0.14786014,nested_test,unweighted,0.2913484275341034
327-9,327,9,4,0,0.14184187,nested_test,unweighted,0.2913484275341034
327-10,327,10,4,0,0.02197679,nested_test,unweighted,0.2913484275341034
327-11,327,11,4,1,0.08719976,nested_test,unweighted,0.2913484275341034
327-12,327,12,4,0,0.074192874,nested_test,unweighted,0.2913484275341034
328-0,328,0,4,0,0.013374482,nested_test,unweighted,0.2913484275341034
328-1,328,1,4,0,0.02054419,nested_test,unweighted,0.2913484275341034
328-2,328,2,4,0,0.051648784,nested_test,unweighted,0.2913484275341034
328-3,328,3,4,0,0.032788556,nested_test,unweighted,0.2913484275341034
328-4,328,4,4,0,0.00784677,nested_test,unweighted,0.2913484275341034
328-5,328,5,4,0,0.013786505,nested_test,unweighted,0.2913484275341034
328-6,328,6,4,0,0.018584507,nested_test,unweighted,0.2913484275341034
328-7,328,7,4,0,0.021893706,nested_test,unweighted,0.2913484275341034
328-8,328,8,4,0,0.031817216,nested_test,unweighted,0.2913484275341034
328-9,328,9,4,0,0.04874393,nested_test,unweighted,0.2913484275341034
328-10,328,10,4,0,0.008215547,nested_test,unweighted,0.2913484275341034
328-11,328,11,4,0,0.019456493,nested_test,unweighted,0.2913484275341034
328-12,328,12,4,0,0.02061257,nested_test,unweighted,0.2913484275341034
329-0,329,0,1,0,0.0904901,nested_test,unweighted,0.2802690267562866
329-1,329,1,1,0,0.09227253,nested_test,unweighted,0.2802690267562866
329-2,329,2,1,0,0.05292774,nested_test,unweighted,0.2802690267562866
329-3,329,3,1,1,0.12615177,nested_test,unweighted,0.2802690267562866
329-4,329,4,1,0,0.024647173,nested_test,unweighted,0.2802690267562866
329-5,329,5,1,0,0.029738108,nested_test,unweighted,0.2802690267562866
329-6,329,6,1,0,0.026119635,nested_test,unweighted,0.2802690267562866
329-7,329,7,1,0,0.04574579,nested_test,unweighted,0.2802690267562866
329-8,329,8,1,0,0.024475578,nested_test,unweighted,0.2802690267562866
329-9,329,9,1,0,0.090386,nested_test,unweighted,0.2802690267562866
329-10,329,10,1,0,0.019944143,nested_test,unweighted,0.2802690267562866
329-11,329,11,1,0,0.051907055,nested_test,unweighted,0.2802690267562866
329-12,329,12,1,0,0.04329654,nested_test,unweighted,0.2802690267562866
330-0,330,0,4,1,0.040998325,nested_test,unweighted,0.2913484275341034
330-1,330,1,4,0,0.067150466,nested_test,unweighted,0.2913484275341034
330-2,330,2,4,1,0.16360256,nested_test,unweighted,0.2913484275341034
330-3,330,3,4,0,0.0977788,nested_test,unweighted,0.2913484275341034
330-4,330,4,4,1,0.034134824,nested_test,unweighted,0.2913484275341034
330-5,330,5,4,0,0.03559514,nested_test,unweighted,0.2913484275341034
330-6,330,6,4,1,0.06605705,nested_test,unweighted,0.2913484275341034
330-7,330,7,4,1,0.09078936,nested_test,unweighted,0.2913484275341034
330-8,330,8,4,1,0.1257363,nested_test,unweighted,0.2913484275341034
330-9,330,9,4,0,0.12746835,nested_test,unweighted,0.2913484275341034
330-10,330,10,4,0,0.019767776,nested_test,unweighted,0.2913484275341034
330-11,330,11,4,0,0.069127254,nested_test,unweighted,0.2913484275341034
330-12,330,12,4,1,0.07748696,nested_test,unweighted,0.2913484275341034
331-0,331,0,4,1,0.092474826,nested_test,unweighted,0.2913484275341034
331-1,331,1,4,1,0.14355673,nested_test,unweighted,0.2913484275341034
331-2,331,2,4,1,0.27000943,nested_test,unweighted,0.2913484275341034
331-3,331,3,4,1,0.17631772,nested_test,unweighted,0.2913484275341034
331-4,331,4,4,1,0.040851668,nested_test,unweighted,0.2913484275341034
331-5,331,5,4,1,0.06736432,nested_test,unweighted,0.2913484275341034
331-6,331,6,4,0,0.026558008,nested_test,unweighted,0.2913484275341034
331-7,331,7,4,0,0.029082341,nested_test,unweighted,0.2913484275341034
331-8,331,8,4,1,0.15227486,nested_test,unweighted,0.2913484275341034
331-9,331,9,4,1,0.25874442,nested_test,unweighted,0.2913484275341034
331-10,331,10,4,1,0.038946353,nested_test,unweighted,0.2913484275341034
331-11,331,11,4,1,0.08571916,nested_test,unweighted,0.2913484275341034
331-12,331,12,4,0,0.02951625,nested_test,unweighted,0.2913484275341034
332-0,332,0,3,0,0.07513792,nested_test,unweighted,0.1947115957736969
332-1,332,1,3,0,0.04398302,nested_test,unweighted,0.1947115957736969
332-2,332,2,3,0,0.015549391,nested_test,unweighted,0.1947115957736969
332-3,332,3,3,0,0.14407979,nested_test,unweighted,0.1947115957736969
332-4,332,4,3,0,0.014107756,nested_test,unweighted,0.1947115957736969
332-5,332,5,3,0,0.07477374,nested_test,unweighted,0.1947115957736969
332-6,332,6,3,0,0.016375192,nested_test,unweighted,0.1947115957736969
332-7,332,7,3,0,0.041354433,nested_test,unweighted,0.1947115957736969
332-8,332,8,3,0,0.023674697,nested_test,unweighted,0.1947115957736969
332-9,332,9,3,0,0.072694674,nested_test,unweighted,0.1947115957736969
332-10,332,10,3,0,0.019109432,nested_test,unweighted,0.1947115957736969
332-11,332,11,3,0,0.023122484,nested_test,unweighted,0.1947115957736969
332-12,332,12,3,0,0.04307217,nested_test,unweighted,0.1947115957736969
333-0,333,0,2,1,0.100727044,nested_test,unweighted,0.2061617523431778
333-1,333,1,2,0,0.07388932,nested_test,unweighted,0.2061617523431778
333-2,333,2,2,0,0.10588042,nested_test,unweighted,0.2061617523431778
333-3,333,3,2,0,0.083506964,nested_test,unweighted,0.2061617523431778
333-4,333,4,2,0,0.02553755,nested_test,unweighted,0.2061617523431778
333-5,333,5,2,1,0.12845016,nested_test,unweighted,0.2061617523431778
333-6,333,6,2,1,0.027380379,nested_test,unweighted,0.2061617523431778
333-7,333,7,2,0,0.033702426,nested_test,unweighted,0.2061617523431778
333-8,333,8,2,0,0.11359437,nested_test,unweighted,0.2061617523431778
333-9,333,9,2,0,0.07669965,nested_test,unweighted,0.2061617523431778
333-10,333,10,2,1,0.024714189,nested_test,unweighted,0.2061617523431778
333-11,333,11,2,0,0.0069668097,nested_test,unweighted,0.2061617523431778
333-12,333,12,2,0,0.03026645,nested_test,unweighted,0.2061617523431778
334-0,334,0,1,0,0.0965018,nested_test,unweighted,0.2802690267562866
334-1,334,1,1,0,0.09032145,nested_test,unweighted,0.2802690267562866
334-2,334,2,1,1,0.112790786,nested_test,unweighted,0.2802690267562866
334-3,334,3,1,1,0.12615177,nested_test,unweighted,0.2802690267562866
334-4,334,4,1,0,0.026564369,nested_test,unweighted,0.2802690267562866
334-5,334,5,1,0,0.03257551,nested_test,unweighted,0.2802690267562866
334-6,334,6,1,0,0.026242904,nested_test,unweighted,0.2802690267562866
334-7,334,7,1,0,0.04574579,nested_test,unweighted,0.2802690267562866
334-8,334,8,1,0,0.024475578,nested_test,unweighted,0.2802690267562866
334-9,334,9,1,0,0.09305968,nested_test,unweighted,0.2802690267562866
334-10,334,10,1,0,0.02000362,nested_test,unweighted,0.2802690267562866
334-11,334,11,1,0,0.053759206,nested_test,unweighted,0.2802690267562866
334-12,334,12,1,0,0.04178892,nested_test,unweighted,0.2802690267562866
335-0,335,0,2,0,0.032403313,nested_test,unweighted,0.2061617523431778
335-1,335,1,2,0,0.05251299,nested_test,unweighted,0.2061617523431778
335-2,335,2,2,0,0.0704049,nested_test,unweighted,0.2061617523431778
335-3,335,3,2,0,0.06366984,nested_test,unweighted,0.2061617523431778
335-4,335,4,2,0,0.011685968,nested_test,unweighted,0.2061617523431778
335-5,335,5,2,1,0.2406227,nested_test,unweighted,0.2061617523431778
335-6,335,6,2,0,0.012187828,nested_test,unweighted,0.2061617523431778
335-7,335,7,2,1,0.2134388,nested_test,unweighted,0.2061617523431778
335-8,335,8,2,0,0.07215422,nested_test,unweighted,0.2061617523431778
335-9,335,9,2,0,0.07378368,nested_test,unweighted,0.2061617523431778
335-10,335,10,2,0,0.0080713695,nested_test,unweighted,0.2061617523431778
335-11,335,11,2,0,0.006501592,nested_test,unweighted,0.2061617523431778
335-12,335,12,2,0,0.023942243,nested_test,unweighted,0.2061617523431778
336-0,336,0,2,0,0.034930468,nested_test,unweighted,0.2061617523431778
336-1,336,1,2,0,0.056516904,nested_test,unweighted,0.2061617523431778
336-2,336,2,2,0,0.07765368,nested_test,unweighted,0.2061617523431778
336-3,336,3,2,0,0.0787721,nested_test,unweighted,0.2061617523431778
336-4,336,4,2,0,0.021995148,nested_test,unweighted,0.2061617523431778
336-5,336,5,2,0,0.031066349,nested_test,unweighted,0.2061617523431778
336-6,336,6,2,0,0.013072127,nested_test,unweighted,0.2061617523431778
336-7,336,7,2,0,0.024687365,nested_test,unweighted,0.2061617523431778
336-8,336,8,2,0,0.077485204,nested_test,unweighted,0.2061617523431778
336-9,336,9,2,0,0.061467092,nested_test,unweighted,0.2061617523431778
336-10,336,10,2,0,0.008758419,nested_test,unweighted,0.2061617523431778
336-11,336,11,2,0,0.0086013,nested_test,unweighted,0.2061617523431778
336-12,336,12,2,0,0.028403217,nested_test,unweighted,0.2061617523431778
337-0,337,0,1,0,0.1150508,nested_test,unweighted,0.2802690267562866
337-1,337,1,1,0,0.08713464,nested_test,unweighted,0.2802690267562866
337-2,337,2,1,0,0.049581934,nested_test,unweighted,0.2802690267562866
337-3,337,3,1,0,0.07919189,nested_test,unweighted,0.2802690267562866
337-4,337,4,1,0,0.02181706,nested_test,unweighted,0.2802690267562866
337-5,337,5,1,0,0.030122159,nested_test,unweighted,0.2802690267562866
337-6,337,6,1,0,0.02884818,nested_test,unweighted,0.2802690267562866
337-7,337,7,1,0,0.053190753,nested_test,unweighted,0.2802690267562866
337-8,337,8,1,0,0.027204113,nested_test,unweighted,0.2802690267562866
337-9,337,9,1,0,0.07334246,nested_test,unweighted,0.2802690267562866
337-10,337,10,1,0,0.017219465,nested_test,unweighted,0.2802690267562866
337-11,337,11,1,0,0.04259529,nested_test,unweighted,0.2802690267562866
337-12,337,12,1,0,0.03880862,nested_test,unweighted,0.2802690267562866
338-0,338,0,5,0,0.019118695,nested_test,unweighted,0.24960972368717194
338-1,338,1,5,0,0.042833485,nested_test,unweighted,0.24960972368717194
338-2,338,2,5,0,0.012826164,nested_test,unweighted,0.24960972368717194
338-3,338,3,5,0,0.060371824,nested_test,unweighted,0.24960972368717194
338-4,338,4,5,0,0.023095142,nested_test,unweighted,0.24960972368717194
338-5,338,5,5,0,0.0071266936,nested_test,unweighted,0.24960972368717194
338-6,338,6,5,0,0.07079515,nested_test,unweighted,0.24960972368717194
338-7,338,7,5,0,0.041731376,nested_test,unweighted,0.24960972368717194
338-8,338,8,5,0,0.017366841,nested_test,unweighted,0.24960972368717194
338-9,338,9,5,0,0.04171499,nested_test,unweighted,0.24960972368717194
338-10,338,10,5,1,0.01888125,nested_test,unweighted,0.24960972368717194
338-11,338,11,5,0,0.011861211,nested_test,unweighted,0.24960972368717194
338-12,338,12,5,0,0.03037,nested_test,unweighted,0.24960972368717194
339-0,339,0,4,1,0.013203368,nested_test,unweighted,0.2913484275341034
339-1,339,1,4,1,0.019549418,nested_test,unweighted,0.2913484275341034
339-2,339,2,4,1,0.049572706,nested_test,unweighted,0.2913484275341034
339-3,339,3,4,1,0.028525878,nested_test,unweighted,0.2913484275341034
339-4,339,4,4,1,0.009716686,nested_test,unweighted,0.2913484275341034
339-5,339,5,4,1,0.011510325,nested_test,unweighted,0.2913484275341034
339-6,339,6,4,1,0.016871618,nested_test,unweighted,0.2913484275341034
339-7,339,7,4,1,0.019696258,nested_test,unweighted,0.2913484275341034
339-8,339,8,4,1,0.030547377,nested_test,unweighted,0.2913484275341034
339-9,339,9,4,1,0.033124458,nested_test,unweighted,0.2913484275341034
339-10,339,10,4,1,0.007190485,nested_test,unweighted,0.2913484275341034
339-11,339,11,4,1,0.016527332,nested_test,unweighted,0.2913484275341034
339-12,339,12,4,1,0.019490857,nested_test,unweighted,0.2913484275341034
340-0,340,0,4,0,0.037848383,nested_test,unweighted,0.2913484275341034
340-1,340,1,4,0,0.071520284,nested_test,unweighted,0.2913484275341034
340-2,340,2,4,0,0.13939708,nested_test,unweighted,0.2913484275341034
340-3,340,3,4,0,0.103919655,nested_test,unweighted,0.2913484275341034
340-4,340,4,4,0,0.028451912,nested_test,unweighted,0.2913484275341034
340-5,340,5,4,0,0.04088144,nested_test,unweighted,0.2913484275341034
340-6,340,6,4,0,0.07011565,nested_test,unweighted,0.2913484275341034
340-7,340,7,4,0,0.061380338,nested_test,unweighted,0.2913484275341034
340-8,340,8,4,0,0.10809373,nested_test,unweighted,0.2913484275341034
340-9,340,9,4,0,0.116789,nested_test,unweighted,0.2913484275341034
340-10,340,10,4,0,0.020568589,nested_test,unweighted,0.2913484275341034
340-11,340,11,4,0,0.074971616,nested_test,unweighted,0.2913484275341034
340-12,340,12,4,1,0.12615147,nested_test,unweighted,0.2913484275341034
341-0,341,0,5,1,0.14447674,nested_test,unweighted,0.24960972368717194
341-1,341,1,5,1,0.27728114,nested_test,unweighted,0.24960972368717194
341-2,341,2,5,1,0.085278906,nested_test,unweighted,0.24960972368717194
341-3,341,3,5,0,0.072869875,nested_test,unweighted,0.24960972368717194
341-4,341,4,5,1,0.14812808,nested_test,unweighted,0.24960972368717194
341-5,341,5,5,1,0.018870493,nested_test,unweighted,0.24960972368717194
341-6,341,6,5,1,0.33051357,nested_test,unweighted,0.24960972368717194
341-7,341,7,5,1,0.22004536,nested_test,unweighted,0.24960972368717194
341-8,341,8,5,1,0.09560202,nested_test,unweighted,0.24960972368717194
341-9,341,9,5,1,0.24566258,nested_test,unweighted,0.24960972368717194
341-10,341,10,5,0,0.009508491,nested_test,unweighted,0.24960972368717194
341-11,341,11,5,1,0.06922404,nested_test,unweighted,0.24960972368717194
341-12,341,12,5,1,0.17324053,nested_test,unweighted,0.24960972368717194
342-0,342,0,5,0,0.01024956,nested_test,unweighted,0.24960972368717194
342-1,342,1,5,0,0.022986118,nested_test,unweighted,0.24960972368717194
342-2,342,2,5,0,0.0072663575,nested_test,unweighted,0.24960972368717194
342-3,342,3,5,0,0.034577228,nested_test,unweighted,0.24960972368717194
342-4,342,4,5,0,0.013541534,nested_test,unweighted,0.24960972368717194
342-5,342,5,5,0,0.0038974595,nested_test,unweighted,0.24960972368717194
342-6,342,6,5,0,0.040975947,nested_test,unweighted,0.24960972368717194
342-7,342,7,5,0,0.02341851,nested_test,unweighted,0.24960972368717194
342-8,342,8,5,0,0.00942226,nested_test,unweighted,0.24960972368717194
342-9,342,9,5,0,0.023685299,nested_test,unweighted,0.24960972368717194
342-10,342,10,5,0,0.0040639457,nested_test,unweighted,0.24960972368717194
342-11,342,11,5,1,0.18489262,nested_test,unweighted,0.24960972368717194
342-12,342,12,5,1,0.3353341,nested_test,unweighted,0.24960972368717194
343-0,343,0,2,0,0.08336952,nested_test,unweighted,0.2061617523431778
343-1,343,1,2,0,0.13450353,nested_test,unweighted,0.2061617523431778
343-2,343,2,2,0,0.18627875,nested_test,unweighted,0.2061617523431778
343-3,343,3,2,0,0.19578336,nested_test,unweighted,0.2061617523431778
343-4,343,4,2,0,0.038283218,nested_test,unweighted,0.2061617523431778
343-5,343,5,2,0,0.08513859,nested_test,unweighted,0.2061617523431778
343-6,343,6,2,0,0.034869686,nested_test,unweighted,0.2061617523431778
343-7,343,7,2,0,0.06959037,nested_test,unweighted,0.2061617523431778
343-8,343,8,2,0,0.2414001,nested_test,unweighted,0.2061617523431778
343-9,343,9,2,0,0.14295548,nested_test,unweighted,0.2061617523431778
343-10,343,10,2,0,0.023461467,nested_test,unweighted,0.2061617523431778
343-11,343,11,2,1,0.037367612,nested_test,unweighted,0.2061617523431778
343-12,343,12,2,0,0.06902492,nested_test,unweighted,0.2061617523431778
344-0,344,0,2,0,0.052359287,nested_test,unweighted,0.2061617523431778
344-1,344,1,2,0,0.08804064,nested_test,unweighted,0.2061617523431778
344-2,344,2,2,0,0.12543707,nested_test,unweighted,0.2061617523431778
344-3,344,3,2,0,0.10871797,nested_test,unweighted,0.2061617523431778
344-4,344,4,2,0,0.025366277,nested_test,unweighted,0.2061617523431778
344-5,344,5,2,0,0.05672933,nested_test,unweighted,0.2061617523431778
344-6,344,6,2,0,0.022323132,nested_test,unweighted,0.2061617523431778
344-7,344,7,2,0,0.04655267,nested_test,unweighted,0.2061617523431778
344-8,344,8,2,0,0.13558447,nested_test,unweighted,0.2061617523431778
344-9,344,9,2,0,0.09562874,nested_test,unweighted,0.2061617523431778
344-10,344,10,2,0,0.014829412,nested_test,unweighted,0.2061617523431778
344-11,344,11,2,0,0.010267235,nested_test,unweighted,0.2061617523431778
344-12,344,12,2,0,0.04439101,nested_test,unweighted,0.2061617523431778
345-0,345,0,2,0,0.044962972,nested_test,unweighted,0.2061617523431778
345-1,345,1,2,0,0.07600824,nested_test,unweighted,0.2061617523431778
345-2,345,2,2,0,0.09904015,nested_test,unweighted,0.2061617523431778
345-3,345,3,2,0,0.10358423,nested_test,unweighted,0.2061617523431778
345-4,345,4,2,0,0.02154879,nested_test,unweighted,0.2061617523431778
345-5,345,5,2,0,0.04338406,nested_test,unweighted,0.2061617523431778
345-6,345,6,2,0,0.020527817,nested_test,unweighted,0.2061617523431778
345-7,345,7,2,0,0.039324142,nested_test,unweighted,0.2061617523431778
345-8,345,8,2,0,0.11621655,nested_test,unweighted,0.2061617523431778
345-9,345,9,2,0,0.0822373,nested_test,unweighted,0.2061617523431778
345-10,345,10,2,0,0.011405203,nested_test,unweighted,0.2061617523431778
345-11,345,11,2,0,0.00884294,nested_test,unweighted,0.2061617523431778
345-12,345,12,2,0,0.038075056,nested_test,unweighted,0.2061617523431778
346-0,346,0,5,0,0.010973727,nested_test,unweighted,0.24960972368717194
346-1,346,1,5,0,0.022986118,nested_test,unweighted,0.24960972368717194
346-2,346,2,5,0,0.0072663575,nested_test,unweighted,0.24960972368717194
346-3,346,3,5,0,0.040891677,nested_test,unweighted,0.24960972368717194
346-4,346,4,5,0,0.013597134,nested_test,unweighted,0.24960972368717194
346-5,346,5,5,0,0.0038974595,nested_test,unweighted,0.24960972368717194
346-6,346,6,5,0,0.040975947,nested_test,unweighted,0.24960972368717194
346-7,346,7,5,0,0.02341851,nested_test,unweighted,0.24960972368717194
346-8,346,8,5,0,0.00942226,nested_test,unweighted,0.24960972368717194
346-9,346,9,5,0,0.025343942,nested_test,unweighted,0.24960972368717194
346-10,346,10,5,1,0.06151485,nested_test,unweighted,0.24960972368717194
346-11,346,11,5,0,0.0076276395,nested_test,unweighted,0.24960972368717194
346-12,346,12,5,0,0.016929414,nested_test,unweighted,0.24960972368717194
347-0,347,0,3,1,0.16133273,nested_test,unweighted,0.1947115957736969
347-1,347,1,3,0,0.046673514,nested_test,unweighted,0.1947115957736969
347-2,347,2,3,0,0.016437164,nested_test,unweighted,0.1947115957736969
347-3,347,3,3,0,0.16893962,nested_test,unweighted,0.1947115957736969
347-4,347,4,3,0,0.01484907,nested_test,unweighted,0.1947115957736969
347-5,347,5,3,0,0.07844925,nested_test,unweighted,0.1947115957736969
347-6,347,6,3,0,0.016428016,nested_test,unweighted,0.1947115957736969
347-7,347,7,3,0,0.045150567,nested_test,unweighted,0.1947115957736969
347-8,347,8,3,0,0.031474072,nested_test,unweighted,0.1947115957736969
347-9,347,9,3,0,0.07564455,nested_test,unweighted,0.1947115957736969
347-10,347,10,3,1,0.030279694,nested_test,unweighted,0.1947115957736969
347-11,347,11,3,1,0.03759092,nested_test,unweighted,0.1947115957736969
347-12,347,12,3,0,0.045116875,nested_test,unweighted,0.1947115957736969
348-0,348,0,1,0,0.16244097,nested_test,unweighted,0.2802690267562866
348-1,348,1,1,0,0.1291781,nested_test,unweighted,0.2802690267562866
348-2,348,2,1,0,0.07345553,nested_test,unweighted,0.2802690267562866
348-3,348,3,1,0,0.1288364,nested_test,unweighted,0.2802690267562866
348-4,348,4,1,0,0.03345915,nested_test,unweighted,0.2802690267562866
348-5,348,5,1,0,0.050487544,nested_test,unweighted,0.2802690267562866
348-6,348,6,1,0,0.040976096,nested_test,unweighted,0.2802690267562866
348-7,348,7,1,0,0.08262753,nested_test,unweighted,0.2802690267562866
348-8,348,8,1,0,0.042911142,nested_test,unweighted,0.2802690267562866
348-9,348,9,1,0,0.12664236,nested_test,unweighted,0.2802690267562866
348-10,348,10,1,0,0.025117613,nested_test,unweighted,0.2802690267562866
348-11,348,11,1,0,0.06840659,nested_test,unweighted,0.2802690267562866
348-12,348,12,1,0,0.057832245,nested_test,unweighted,0.2802690267562866
349-0,349,0,2,0,0.012710657,nested_test,unweighted,0.2061617523431778
349-1,349,1,2,0,0.019047393,nested_test,unweighted,0.2061617523431778
349-2,349,2,2,1,0.3575551,nested_test,unweighted,0.2061617523431778
349-3,349,3,2,0,0.024541305,nested_test,unweighted,0.2061617523431778
349-4,349,4,2,0,0.0054114996,nested_test,unweighted,0.2061617523431778
349-5,349,5,2,0,0.010428549,nested_test,unweighted,0.2061617523431778
349-6,349,6,2,0,0.0042748684,nested_test,unweighted,0.2061617523431778
349-7,349,7,2,0,0.008056952,nested_test,unweighted,0.2061617523431778
349-8,349,8,2,0,0.026538389,nested_test,unweighted,0.2061617523431778
349-9,349,9,2,0,0.024825163,nested_test,unweighted,0.2061617523431778
349-10,349,10,2,0,0.0030841846,nested_test,unweighted,0.2061617523431778
349-11,349,11,2,0,0.002548652,nested_test,unweighted,0.2061617523431778
349-12,349,12,2,0,0.006967361,nested_test,unweighted,0.2061617523431778
350-0,350,0,3,0,0.079964295,nested_test,unweighted,0.1947115957736969
350-1,350,1,3,0,0.058844183,nested_test,unweighted,0.1947115957736969
350-2,350,2,3,0,0.015292102,nested_test,unweighted,0.1947115957736969
350-3,350,3,3,0,0.21529666,nested_test,unweighted,0.1947115957736969
350-4,350,4,3,0,0.026006421,nested_test,unweighted,0.1947115957736969
350-5,350,5,3,0,0.08989553,nested_test,unweighted,0.1947115957736969
350-6,350,6,3,0,0.017778674,nested_test,unweighted,0.1947115957736969
350-7,350,7,3,0,0.05740905,nested_test,unweighted,0.1947115957736969
350-8,350,8,3,0,0.028466381,nested_test,unweighted,0.1947115957736969
350-9,350,9,3,0,0.056330197,nested_test,unweighted,0.1947115957736969
350-10,350,10,3,0,0.017403563,nested_test,unweighted,0.1947115957736969
350-11,350,11,3,0,0.036101013,nested_test,unweighted,0.1947115957736969
350-12,350,12,3,0,0.052568607,nested_test,unweighted,0.1947115957736969
351-0,351,0,4,1,0.059767988,nested_test,unweighted,0.2913484275341034
351-1,351,1,4,0,0.06301105,nested_test,unweighted,0.2913484275341034
351-2,351,2,4,1,0.23010504,nested_test,unweighted,0.2913484275341034
351-3,351,3,4,0,0.12518539,nested_test,unweighted,0.2913484275341034
351-4,351,4,4,1,0.042544883,nested_test,unweighted,0.2913484275341034
351-5,351,5,4,1,0.06298844,nested_test,unweighted,0.2913484275341034
351-6,351,6,4,1,0.07755587,nested_test,unweighted,0.2913484275341034
351-7,351,7,4,1,0.10974758,nested_test,unweighted,0.2913484275341034
351-8,351,8,4,1,0.18613791,nested_test,unweighted,0.2913484275341034
351-9,351,9,4,1,0.17464606,nested_test,unweighted,0.2913484275341034
351-10,351,10,4,0,0.021990877,nested_test,unweighted,0.2913484275341034
351-11,351,11,4,0,0.048967727,nested_test,unweighted,0.2913484275341034
351-12,351,12,4,1,0.10977383,nested_test,unweighted,0.2913484275341034
352-0,352,0,3,0,0.06933491,nested_test,unweighted,0.1947115957736969
352-1,352,1,3,0,0.04398302,nested_test,unweighted,0.1947115957736969
352-2,352,2,3,0,0.011963392,nested_test,unweighted,0.1947115957736969
352-3,352,3,3,0,0.15763253,nested_test,unweighted,0.1947115957736969
352-4,352,4,3,0,0.011901893,nested_test,unweighted,0.1947115957736969
352-5,352,5,3,0,0.07477374,nested_test,unweighted,0.1947115957736969
352-6,352,6,3,0,0.011191041,nested_test,unweighted,0.1947115957736969
352-7,352,7,3,0,0.041354433,nested_test,unweighted,0.1947115957736969
352-8,352,8,3,0,0.021363355,nested_test,unweighted,0.1947115957736969
352-9,352,9,3,0,0.072694674,nested_test,unweighted,0.1947115957736969
352-10,352,10,3,0,0.01693497,nested_test,unweighted,0.1947115957736969
352-11,352,11,3,0,0.029646207,nested_test,unweighted,0.1947115957736969
352-12,352,12,3,0,0.0433017,nested_test,unweighted,0.1947115957736969
353-0,353,0,2,0,0.045750037,nested_test,unweighted,0.2061617523431778
353-1,353,1,2,0,0.086133145,nested_test,unweighted,0.2061617523431778
353-2,353,2,2,0,0.10220561,nested_test,unweighted,0.2061617523431778
353-3,353,3,2,0,0.117481396,nested_test,unweighted,0.2061617523431778
353-4,353,4,2,0,0.019809838,nested_test,unweighted,0.2061617523431778
353-5,353,5,2,0,0.049395468,nested_test,unweighted,0.2061617523431778
353-6,353,6,2,0,0.017518502,nested_test,unweighted,0.2061617523431778
353-7,353,7,2,0,0.037905946,nested_test,unweighted,0.2061617523431778
353-8,353,8,2,1,0.25223893,nested_test,unweighted,0.2061617523431778
353-9,353,9,2,0,0.116434835,nested_test,unweighted,0.2061617523431778
353-10,353,10,2,0,0.013818304,nested_test,unweighted,0.2061617523431778
353-11,353,11,2,0,0.014097724,nested_test,unweighted,0.2061617523431778
353-12,353,12,2,0,0.026365573,nested_test,unweighted,0.2061617523431778
354-0,354,0,3,0,0.048146907,nested_test,unweighted,0.1947115957736969
354-1,354,1,3,0,0.027515652,nested_test,unweighted,0.1947115957736969
354-2,354,2,3,0,0.009876549,nested_test,unweighted,0.1947115957736969
354-3,354,3,3,0,0.10187955,nested_test,unweighted,0.1947115957736969
354-4,354,4,3,0,0.010186971,nested_test,unweighted,0.1947115957736969
354-5,354,5,3,0,0.04911693,nested_test,unweighted,0.1947115957736969
354-6,354,6,3,0,0.00814591,nested_test,unweighted,0.1947115957736969
354-7,354,7,3,0,0.028156655,nested_test,unweighted,0.1947115957736969
354-8,354,8,3,0,0.014302201,nested_test,unweighted,0.1947115957736969
354-9,354,9,3,0,0.037870478,nested_test,unweighted,0.1947115957736969
354-10,354,10,3,0,0.012090124,nested_test,unweighted,0.1947115957736969
354-11,354,11,3,0,0.015829159,nested_test,unweighted,0.1947115957736969
354-12,354,12,3,0,0.027370986,nested_test,unweighted,0.1947115957736969
355-0,355,0,2,0,0.062482942,nested_test,unweighted,0.2061617523431778
355-1,355,1,2,0,0.09460071,nested_test,unweighted,0.2061617523431778
355-2,355,2,2,0,0.09554625,nested_test,unweighted,0.2061617523431778
355-3,355,3,2,0,0.14255248,nested_test,unweighted,0.2061617523431778
355-4,355,4,2,0,0.027863178,nested_test,unweighted,0.2061617523431778
355-5,355,5,2,0,0.05485926,nested_test,unweighted,0.2061617523431778
355-6,355,6,2,0,0.024079144,nested_test,unweighted,0.2061617523431778
355-7,355,7,2,1,0.09321904,nested_test,unweighted,0.2061617523431778
355-8,355,8,2,0,0.14492926,nested_test,unweighted,0.2061617523431778
355-9,355,9,2,0,0.08707026,nested_test,unweighted,0.2061617523431778
355-10,355,10,2,0,0.016142214,nested_test,unweighted,0.2061617523431778
355-11,355,11,2,0,0.0114669055,nested_test,unweighted,0.2061617523431778
355-12,355,12,2,0,0.044199508,nested_test,unweighted,0.2061617523431778
356-0,356,0,5,0,0.012612812,nested_test,unweighted,0.24960972368717194
356-1,356,1,5,0,0.028202383,nested_test,unweighted,0.24960972368717194
356-2,356,2,5,1,0.026517179,nested_test,unweighted,0.24960972368717194
356-3,356,3,5,0,0.04945158,nested_test,unweighted,0.24960972368717194
356-4,356,4,5,0,0.011313856,nested_test,unweighted,0.24960972368717194
356-5,356,5,5,1,0.009344808,nested_test,unweighted,0.24960972368717194
356-6,356,6,5,0,0.034530956,nested_test,unweighted,0.24960972368717194
356-7,356,7,5,0,0.025577202,nested_test,unweighted,0.24960972368717194
356-8,356,8,5,0,0.010540394,nested_test,unweighted,0.24960972368717194
356-9,356,9,5,0,0.022332234,nested_test,unweighted,0.24960972368717194
356-10,356,10,5,0,0.004638417,nested_test,unweighted,0.24960972368717194
356-11,356,11,5,0,0.006110977,nested_test,unweighted,0.24960972368717194
356-12,356,12,5,0,0.018453104,nested_test,unweighted,0.24960972368717194
357-0,357,0,5,0,0.019908004,nested_test,unweighted,0.24960972368717194
357-1,357,1,5,0,0.034220465,nested_test,unweighted,0.24960972368717194
357-2,357,2,5,0,0.015110674,nested_test,unweighted,0.24960972368717194
357-3,357,3,5,0,0.09694394,nested_test,unweighted,0.24960972368717194
357-4,357,4,5,0,0.01621046,nested_test,unweighted,0.24960972368717194
357-5,357,5,5,0,0.005467942,nested_test,unweighted,0.24960972368717194
357-6,357,6,5,0,0.07729184,nested_test,unweighted,0.24960972368717194
357-7,357,7,5,0,0.03979257,nested_test,unweighted,0.24960972368717194
357-8,357,8,5,0,0.015566335,nested_test,unweighted,0.24960972368717194
357-9,357,9,5,0,0.03526216,nested_test,unweighted,0.24960972368717194
357-10,357,10,5,0,0.009026351,nested_test,unweighted,0.24960972368717194
357-11,357,11,5,0,0.009926197,nested_test,unweighted,0.24960972368717194
357-12,357,12,5,0,0.026810851,nested_test,unweighted,0.24960972368717194
358-0,358,0,3,1,0.16453509,nested_test,unweighted,0.1947115957736969
358-1,358,1,3,0,0.04976294,nested_test,unweighted,0.1947115957736969
358-2,358,2,3,0,0.018184908,nested_test,unweighted,0.1947115957736969
358-3,358,3,3,0,0.16341296,nested_test,unweighted,0.1947115957736969
358-4,358,4,3,0,0.016027508,nested_test,unweighted,0.1947115957736969
358-5,358,5,3,0,0.08424337,nested_test,unweighted,0.1947115957736969
358-6,358,6,3,0,0.017323693,nested_test,unweighted,0.1947115957736969
358-7,358,7,3,0,0.04680584,nested_test,unweighted,0.1947115957736969
358-8,358,8,3,0,0.024495622,nested_test,unweighted,0.1947115957736969
358-9,358,9,3,0,0.05722548,nested_test,unweighted,0.1947115957736969
358-10,358,10,3,0,0.019430846,nested_test,unweighted,0.1947115957736969
358-11,358,11,3,0,0.033950783,nested_test,unweighted,0.1947115957736969
358-12,358,12,3,0,0.048996672,nested_test,unweighted,0.1947115957736969
359-0,359,0,5,0,0.008959484,nested_test,unweighted,0.24960972368717194
359-1,359,1,5,0,0.020334097,nested_test,unweighted,0.24960972368717194
359-2,359,2,5,0,0.005990236,nested_test,unweighted,0.24960972368717194
359-3,359,3,5,1,0.36926508,nested_test,unweighted,0.24960972368717194
359-4,359,4,5,0,0.012732145,nested_test,unweighted,0.24960972368717194
359-5,359,5,5,0,0.0036078792,nested_test,unweighted,0.24960972368717194
359-6,359,6,5,0,0.041571587,nested_test,unweighted,0.24960972368717194
359-7,359,7,5,0,0.021496393,nested_test,unweighted,0.24960972368717194
359-8,359,8,5,0,0.009368698,nested_test,unweighted,0.24960972368717194
359-9,359,9,5,0,0.021587921,nested_test,unweighted,0.24960972368717194
359-10,359,10,5,0,0.004357522,nested_test,unweighted,0.24960972368717194
359-11,359,11,5,0,0.005984467,nested_test,unweighted,0.24960972368717194
359-12,359,12,5,0,0.018493958,nested_test,unweighted,0.24960972368717194
360-0,360,0,5,0,0.025815623,nested_test,unweighted,0.24960972368717194
360-1,360,1,5,0,0.0878376,nested_test,unweighted,0.24960972368717194
360-2,360,2,5,0,0.026526792,nested_test,unweighted,0.24960972368717194
360-3,360,3,5,0,0.12500657,nested_test,unweighted,0.24960972368717194
360-4,360,4,5,0,0.028220123,nested_test,unweighted,0.24960972368717194
360-5,360,5,5,0,0.009006731,nested_test,unweighted,0.24960972368717194
360-6,360,6,5,0,0.106756486,nested_test,unweighted,0.24960972368717194
360-7,360,7,5,0,0.0690446,nested_test,unweighted,0.24960972368717194
360-8,360,8,5,0,0.027261892,nested_test,unweighted,0.24960972368717194
360-9,360,9,5,0,0.05847231,nested_test,unweighted,0.24960972368717194
360-10,360,10,5,0,0.009484024,nested_test,unweighted,0.24960972368717194
360-11,360,11,5,0,0.01641674,nested_test,unweighted,0.24960972368717194
360-12,360,12,5,0,0.046353325,nested_test,unweighted,0.24960972368717194
361-0,361,0,5,0,0.008718725,nested_test,unweighted,0.24960972368717194
361-1,361,1,5,0,0.019590667,nested_test,unweighted,0.24960972368717194
361-2,361,2,5,0,0.0072861146,nested_test,unweighted,0.24960972368717194
361-3,361,3,5,0,0.029521305,nested_test,unweighted,0.24960972368717194
361-4,361,4,5,0,0.012469719,nested_test,unweighted,0.24960972368717194
361-5,361,5,5,0,0.0034487299,nested_test,unweighted,0.24960972368717194
361-6,361,6,5,0,0.036414318,nested_test,unweighted,0.24960972368717194
361-7,361,7,5,0,0.020769123,nested_test,unweighted,0.24960972368717194
361-8,361,8,5,0,0.008342774,nested_test,unweighted,0.24960972368717194
361-9,361,9,5,0,0.022361908,nested_test,unweighted,0.24960972368717194
361-10,361,10,5,0,0.0034894578,nested_test,unweighted,0.24960972368717194
361-11,361,11,5,0,0.006715787,nested_test,unweighted,0.24960972368717194
361-12,361,12,5,0,0.014269487,nested_test,unweighted,0.24960972368717194
362-0,362,0,2,1,0.2628583,nested_test,unweighted,0.2061617523431778
362-1,362,1,2,1,0.46131352,nested_test,unweighted,0.2061617523431778
362-2,362,2,2,1,0.47229442,nested_test,unweighted,0.2061617523431778
362-3,362,3,2,1,0.5151169,nested_test,unweighted,0.2061617523431778
362-4,362,4,2,0,0.00695501,nested_test,unweighted,0.2061617523431778
362-5,362,5,2,0,0.013226903,nested_test,unweighted,0.2061617523431778
362-6,362,6,2,0,0.006724737,nested_test,unweighted,0.2061617523431778
362-7,362,7,2,1,0.2661753,nested_test,unweighted,0.2061617523431778
362-8,362,8,2,1,0.5486865,nested_test,unweighted,0.2061617523431778
362-9,362,9,2,1,0.4788917,nested_test,unweighted,0.2061617523431778
362-10,362,10,2,1,0.092451975,nested_test,unweighted,0.2061617523431778
362-11,362,11,2,1,0.040289517,nested_test,unweighted,0.2061617523431778
362-12,362,12,2,1,0.28277332,nested_test,unweighted,0.2061617523431778
363-0,363,0,1,1,0.3035901,nested_test,unweighted,0.2802690267562866
363-1,363,1,1,1,0.2637948,nested_test,unweighted,0.2802690267562866
363-2,363,2,1,1,0.16488354,nested_test,unweighted,0.2802690267562866
363-3,363,3,1,1,0.17772797,nested_test,unweighted,0.2802690267562866
363-4,363,4,1,1,0.08059922,nested_test,unweighted,0.2802690267562866
363-5,363,5,1,1,0.11393271,nested_test,unweighted,0.2802690267562866
363-6,363,6,1,0,0.022338398,nested_test,unweighted,0.2802690267562866
363-7,363,7,1,1,0.16750269,nested_test,unweighted,0.2802690267562866
363-8,363,8,1,1,0.09311088,nested_test,unweighted,0.2802690267562866
363-9,363,9,1,1,0.27987787,nested_test,unweighted,0.2802690267562866
363-10,363,10,1,1,0.038345456,nested_test,unweighted,0.2802690267562866
363-11,363,11,1,1,0.13908464,nested_test,unweighted,0.2802690267562866
363-12,363,12,1,1,0.12815154,nested_test,unweighted,0.2802690267562866
364-0,364,0,5,0,0.05293032,nested_test,unweighted,0.24960972368717194
364-1,364,1,5,0,0.112666495,nested_test,unweighted,0.24960972368717194
364-2,364,2,5,0,0.031724893,nested_test,unweighted,0.24960972368717194
364-3,364,3,5,0,0.15192781,nested_test,unweighted,0.24960972368717194
364-4,364,4,5,0,0.04211486,nested_test,unweighted,0.24960972368717194
364-5,364,5,5,0,0.0067772227,nested_test,unweighted,0.24960972368717194
364-6,364,6,5,0,0.13540459,nested_test,unweighted,0.24960972368717194
364-7,364,7,5,1,0.03006266,nested_test,unweighted,0.24960972368717194
364-8,364,8,5,0,0.032445587,nested_test,unweighted,0.24960972368717194
364-9,364,9,5,0,0.1184435,nested_test,unweighted,0.24960972368717194
364-10,364,10,5,1,0.00634553,nested_test,unweighted,0.24960972368717194
364-11,364,11,5,1,0.008595577,nested_test,unweighted,0.24960972368717194
364-12,364,12,5,0,0.06764086,nested_test,unweighted,0.24960972368717194
365-0,365,0,2,0,0.12815906,nested_test,unweighted,0.2061617523431778
365-1,365,1,2,0,0.21446311,nested_test,unweighted,0.2061617523431778
365-2,365,2,2,1,0.10597155,nested_test,unweighted,0.2061617523431778
365-3,365,3,2,0,0.23768239,nested_test,unweighted,0.2061617523431778
365-4,365,4,2,0,0.054933872,nested_test,unweighted,0.2061617523431778
365-5,365,5,2,0,0.1562921,nested_test,unweighted,0.2061617523431778
365-6,365,6,2,0,0.035800803,nested_test,unweighted,0.2061617523431778
365-7,365,7,2,1,0.038397122,nested_test,unweighted,0.2061617523431778
365-8,365,8,2,0,0.28145057,nested_test,unweighted,0.2061617523431778
365-9,365,9,2,0,0.28335953,nested_test,unweighted,0.2061617523431778
365-10,365,10,2,0,0.028284067,nested_test,unweighted,0.2061617523431778
365-11,365,11,2,0,0.02734352,nested_test,unweighted,0.2061617523431778
365-12,365,12,2,0,0.11301614,nested_test,unweighted,0.2061617523431778
366-0,366,0,3,1,0.10112091,nested_test,unweighted,0.1947115957736969
366-1,366,1,3,0,0.06258905,nested_test,unweighted,0.1947115957736969
366-2,366,2,3,0,0.012643169,nested_test,unweighted,0.1947115957736969
366-3,366,3,3,1,0.19535308,nested_test,unweighted,0.1947115957736969
366-4,366,4,3,0,0.018514447,nested_test,unweighted,0.1947115957736969
366-5,366,5,3,0,0.10721817,nested_test,unweighted,0.1947115957736969
366-6,366,6,3,0,0.023014126,nested_test,unweighted,0.1947115957736969
366-7,366,7,3,0,0.07534713,nested_test,unweighted,0.1947115957736969
366-8,366,8,3,0,0.035398908,nested_test,unweighted,0.1947115957736969
366-9,366,9,3,0,0.103746496,nested_test,unweighted,0.1947115957736969
366-10,366,10,3,0,0.021234544,nested_test,unweighted,0.1947115957736969
366-11,366,11,3,0,0.029231321,nested_test,unweighted,0.1947115957736969
366-12,366,12,3,0,0.041393023,nested_test,unweighted,0.1947115957736969
367-0,367,0,3,1,0.10882406,nested_test,unweighted,0.1947115957736969
367-1,367,1,3,0,0.080579184,nested_test,unweighted,0.1947115957736969
367-2,367,2,3,0,0.020428883,nested_test,unweighted,0.1947115957736969
367-3,367,3,3,0,0.20134759,nested_test,unweighted,0.1947115957736969
367-4,367,4,3,0,0.033414204,nested_test,unweighted,0.1947115957736969
367-5,367,5,3,1,0.12089065,nested_test,unweighted,0.1947115957736969
367-6,367,6,3,1,0.020162763,nested_test,unweighted,0.1947115957736969
367-7,367,7,3,0,0.100265354,nested_test,unweighted,0.1947115957736969
367-8,367,8,3,1,0.051070683,nested_test,unweighted,0.1947115957736969
367-9,367,9,3,1,0.11761958,nested_test,unweighted,0.1947115957736969
367-10,367,10,3,0,0.027234593,nested_test,unweighted,0.1947115957736969
367-11,367,11,3,0,0.03192328,nested_test,unweighted,0.1947115957736969
367-12,367,12,3,0,0.10342286,nested_test,unweighted,0.1947115957736969
368-0,368,0,2,1,0.029178806,nested_test,unweighted,0.2061617523431778
368-1,368,1,2,1,0.049561467,nested_test,unweighted,0.2061617523431778
368-2,368,2,2,1,0.06446667,nested_test,unweighted,0.2061617523431778
368-3,368,3,2,1,0.061168537,nested_test,unweighted,0.2061617523431778
368-4,368,4,2,1,0.012156449,nested_test,unweighted,0.2061617523431778
368-5,368,5,2,1,0.026864082,nested_test,unweighted,0.2061617523431778
368-6,368,6,2,1,0.009087944,nested_test,unweighted,0.2061617523431778
368-7,368,7,2,1,0.020142002,nested_test,unweighted,0.2061617523431778
368-8,368,8,2,1,0.0627396,nested_test,unweighted,0.2061617523431778
368-9,368,9,2,1,0.0597321,nested_test,unweighted,0.2061617523431778
368-10,368,10,2,1,0.006930268,nested_test,unweighted,0.2061617523431778
368-11,368,11,2,1,0.0054159286,nested_test,unweighted,0.2061617523431778
368-12,368,12,2,1,0.016193395,nested_test,unweighted,0.2061617523431778
369-0,369,0,5,0,0.05979925,nested_test,unweighted,0.24960972368717194
369-1,369,1,5,0,0.13617314,nested_test,unweighted,0.24960972368717194
369-2,369,2,5,0,0.04357287,nested_test,unweighted,0.24960972368717194
369-3,369,3,5,0,0.19191903,nested_test,unweighted,0.24960972368717194
369-4,369,4,5,0,0.07393601,nested_test,unweighted,0.24960972368717194
369-5,369,5,5,0,0.008745169,nested_test,unweighted,0.24960972368717194
369-6,369,6,5,0,0.16906184,nested_test,unweighted,0.24960972368717194
369-7,369,7,5,0,0.107762404,nested_test,unweighted,0.24960972368717194
369-8,369,8,5,0,0.042353302,nested_test,unweighted,0.24960972368717194
369-9,369,9,5,0,0.13901526,nested_test,unweighted,0.24960972368717194
369-10,369,10,5,0,0.012824769,nested_test,unweighted,0.24960972368717194
369-11,369,11,5,0,0.027557615,nested_test,unweighted,0.24960972368717194
369-12,369,12,5,0,0.08716337,nested_test,unweighted,0.24960972368717194
370-0,370,0,2,0,0.045422,nested_test,unweighted,0.2061617523431778
370-1,370,1,2,0,0.09380952,nested_test,unweighted,0.2061617523431778
370-2,370,2,2,0,0.11114013,nested_test,unweighted,0.2061617523431778
370-3,370,3,2,1,0.25754222,nested_test,unweighted,0.2061617523431778
370-4,370,4,2,0,0.019909082,nested_test,unweighted,0.2061617523431778
370-5,370,5,2,0,0.05658421,nested_test,unweighted,0.2061617523431778
370-6,370,6,2,0,0.021869987,nested_test,unweighted,0.2061617523431778
370-7,370,7,2,0,0.040999122,nested_test,unweighted,0.2061617523431778
370-8,370,8,2,0,0.120754994,nested_test,unweighted,0.2061617523431778
370-9,370,9,2,0,0.092715815,nested_test,unweighted,0.2061617523431778
370-10,370,10,2,0,0.014976482,nested_test,unweighted,0.2061617523431778
370-11,370,11,2,0,0.009020774,nested_test,unweighted,0.2061617523431778
370-12,370,12,2,0,0.038920384,nested_test,unweighted,0.2061617523431778
371-0,371,0,2,0,0.048155807,nested_test,unweighted,0.2061617523431778
371-1,371,1,2,0,0.085066475,nested_test,unweighted,0.2061617523431778
371-2,371,2,2,0,0.16518733,nested_test,unweighted,0.2061617523431778
371-3,371,3,2,0,0.13790059,nested_test,unweighted,0.2061617523431778
371-4,371,4,2,0,0.042008344,nested_test,unweighted,0.2061617523431778
371-5,371,5,2,1,0.11256156,nested_test,unweighted,0.2061617523431778
371-6,371,6,2,0,0.020207455,nested_test,unweighted,0.2061617523431778
371-7,371,7,2,0,0.06186587,nested_test,unweighted,0.2061617523431778
371-8,371,8,2,0,0.17809388,nested_test,unweighted,0.2061617523431778
371-9,371,9,2,0,0.15327086,nested_test,unweighted,0.2061617523431778
371-10,371,10,2,0,0.01870414,nested_test,unweighted,0.2061617523431778
371-11,371,11,2,0,0.012819785,nested_test,unweighted,0.2061617523431778
371-12,371,12,2,0,0.04229563,nested_test,unweighted,0.2061617523431778
372-0,372,0,5,0,0.0139977345,nested_test,unweighted,0.24960972368717194
372-1,372,1,5,0,0.035461914,nested_test,unweighted,0.24960972368717194
372-2,372,2,5,0,0.009340647,nested_test,unweighted,0.24960972368717194
372-3,372,3,5,0,0.04580317,nested_test,unweighted,0.24960972368717194
372-4,372,4,5,0,0.015266955,nested_test,unweighted,0.24960972368717194
372-5,372,5,5,0,0.0043460885,nested_test,unweighted,0.24960972368717194
372-6,372,6,5,0,0.054968372,nested_test,unweighted,0.24960972368717194
372-7,372,7,5,0,0.031333923,nested_test,unweighted,0.24960972368717194
372-8,372,8,5,0,0.012668337,nested_test,unweighted,0.24960972368717194
372-9,372,9,5,0,0.036526393,nested_test,unweighted,0.24960972368717194
372-10,372,10,5,0,0.0060961605,nested_test,unweighted,0.24960972368717194
372-11,372,11,5,0,0.009340647,nested_test,unweighted,0.24960972368717194
372-12,372,12,5,0,0.024979431,nested_test,unweighted,0.24960972368717194
373-0,373,0,3,0,0.07444573,nested_test,unweighted,0.1947115957736969
373-1,373,1,3,0,0.034993984,nested_test,unweighted,0.1947115957736969
373-2,373,2,3,1,0.025923971,nested_test,unweighted,0.1947115957736969
373-3,373,3,3,0,0.17078234,nested_test,unweighted,0.1947115957736969
373-4,373,4,3,0,0.015505002,nested_test,unweighted,0.1947115957736969
373-5,373,5,3,0,0.06196553,nested_test,unweighted,0.1947115957736969
373-6,373,6,3,0,0.015172311,nested_test,unweighted,0.1947115957736969
373-7,373,7,3,0,0.045326196,nested_test,unweighted,0.1947115957736969
373-8,373,8,3,0,0.023462111,nested_test,unweighted,0.1947115957736969
373-9,373,9,3,0,0.07942702,nested_test,unweighted,0.1947115957736969
373-10,373,10,3,1,0.030976798,nested_test,unweighted,0.1947115957736969
373-11,373,11,3,0,0.026230328,nested_test,unweighted,0.1947115957736969
373-12,373,12,3,0,0.047451224,nested_test,unweighted,0.1947115957736969
374-0,374,0,1,0,0.044141654,nested_test,unweighted,0.2802690267562866
374-1,374,1,1,0,0.045465942,nested_test,unweighted,0.2802690267562866
374-2,374,2,1,1,0.30832934,nested_test,unweighted,0.2802690267562866
374-3,374,3,1,0,0.03538576,nested_test,unweighted,0.2802690267562866
374-4,374,4,1,1,0.10407655,nested_test,unweighted,0.2802690267562866
374-5,374,5,1,0,0.016676914,nested_test,unweighted,0.2802690267562866
374-6,374,6,1,0,0.01292602,nested_test,unweighted,0.2802690267562866
374-7,374,7,1,1,0.30830687,nested_test,unweighted,0.2802690267562866
374-8,374,8,1,0,0.015377286,nested_test,unweighted,0.2802690267562866
374-9,374,9,1,1,0.3880143,nested_test,unweighted,0.2802690267562866
374-10,374,10,1,1,0.06851182,nested_test,unweighted,0.2802690267562866
374-11,374,11,1,0,0.02614271,nested_test,unweighted,0.2802690267562866
374-12,374,12,1,0,0.022478,nested_test,unweighted,0.2802690267562866
375-0,375,0,4,0,0.03947742,nested_test,unweighted,0.2913484275341034
375-1,375,1,4,0,0.044462893,nested_test,unweighted,0.2913484275341034
375-2,375,2,4,0,0.10948206,nested_test,unweighted,0.2913484275341034
375-3,375,3,4,0,0.1240301,nested_test,unweighted,0.2913484275341034
375-4,375,4,4,0,0.020827932,nested_test,unweighted,0.2913484275341034
375-5,375,5,4,0,0.026907576,nested_test,unweighted,0.2913484275341034
375-6,375,6,4,0,0.056794357,nested_test,unweighted,0.2913484275341034
375-7,375,7,4,0,0.071401194,nested_test,unweighted,0.2913484275341034
375-8,375,8,4,0,0.099608414,nested_test,unweighted,0.2913484275341034
375-9,375,9,4,0,0.08986909,nested_test,unweighted,0.2913484275341034
375-10,375,10,4,0,0.019285336,nested_test,unweighted,0.2913484275341034
375-11,375,11,4,0,0.051615708,nested_test,unweighted,0.2913484275341034
375-12,375,12,4,0,0.07008943,nested_test,unweighted,0.2913484275341034
376-0,376,0,2,1,0.24116214,nested_test,unweighted,0.2061617523431778
376-1,376,1,2,0,0.028809024,nested_test,unweighted,0.2061617523431778
376-2,376,2,2,0,0.04505625,nested_test,unweighted,0.2061617523431778
376-3,376,3,2,0,0.044303346,nested_test,unweighted,0.2061617523431778
376-4,376,4,2,0,0.008197596,nested_test,unweighted,0.2061617523431778
376-5,376,5,2,0,0.0106677385,nested_test,unweighted,0.2061617523431778
376-6,376,6,2,0,0.007660802,nested_test,unweighted,0.2061617523431778
376-7,376,7,2,0,0.013064487,nested_test,unweighted,0.2061617523431778
376-8,376,8,2,0,0.043312963,nested_test,unweighted,0.2061617523431778
376-9,376,9,2,0,0.041277252,nested_test,unweighted,0.2061617523431778
376-10,376,10,2,0,0.004815462,nested_test,unweighted,0.2061617523431778
376-11,376,11,2,0,0.0038359293,nested_test,unweighted,0.2061617523431778
376-12,376,12,2,0,0.015234243,nested_test,unweighted,0.2061617523431778
377-0,377,0,4,0,0.009727856,nested_test,unweighted,0.2913484275341034
377-1,377,1,4,0,0.017843958,nested_test,unweighted,0.2913484275341034
377-2,377,2,4,0,0.049572706,nested_test,unweighted,0.2913484275341034
377-3,377,3,4,0,0.031219795,nested_test,unweighted,0.2913484275341034
377-4,377,4,4,0,0.00763858,nested_test,unweighted,0.2913484275341034
377-5,377,5,4,0,0.008774886,nested_test,unweighted,0.2913484275341034
377-6,377,6,4,0,0.016418573,nested_test,unweighted,0.2913484275341034
377-7,377,7,4,0,0.019217081,nested_test,unweighted,0.2913484275341034
377-8,377,8,4,0,0.027962072,nested_test,unweighted,0.2913484275341034
377-9,377,9,4,0,0.04010649,nested_test,unweighted,0.2913484275341034
377-10,377,10,4,0,0.006817207,nested_test,unweighted,0.2913484275341034
377-11,377,11,4,0,0.016527332,nested_test,unweighted,0.2913484275341034
377-12,377,12,4,0,0.018065372,nested_test,unweighted,0.2913484275341034
378-0,378,0,2,0,0.010525201,nested_test,unweighted,0.2061617523431778
378-1,378,1,2,0,0.023472996,nested_test,unweighted,0.2061617523431778
378-2,378,2,2,0,0.03782686,nested_test,unweighted,0.2061617523431778
378-3,378,3,2,0,0.03191286,nested_test,unweighted,0.2061617523431778
378-4,378,4,2,0,0.0068542995,nested_test,unweighted,0.2061617523431778
378-5,378,5,2,0,0.013226903,nested_test,unweighted,0.2061617523431778
378-6,378,6,2,0,0.0063506793,nested_test,unweighted,0.2061617523431778
378-7,378,7,2,0,0.010612803,nested_test,unweighted,0.2061617523431778
378-8,378,8,2,0,0.03538839,nested_test,unweighted,0.2061617523431778
378-9,378,9,2,0,0.027215416,nested_test,unweighted,0.2061617523431778
378-10,378,10,2,0,0.0041463757,nested_test,unweighted,0.2061617523431778
378-11,378,11,2,0,0.0032742897,nested_test,unweighted,0.2061617523431778
378-12,378,12,2,0,0.011290304,nested_test,unweighted,0.2061617523431778
379-0,379,0,5,0,0.010245652,nested_test,unweighted,0.24960972368717194
379-1,379,1,5,0,0.022986118,nested_test,unweighted,0.24960972368717194
379-2,379,2,5,1,0.22570175,nested_test,unweighted,0.24960972368717194
379-3,379,3,5,0,0.03423429,nested_test,unweighted,0.24960972368717194
379-4,379,4,5,0,0.013597134,nested_test,unweighted,0.24960972368717194
379-5,379,5,5,0,0.0038974595,nested_test,unweighted,0.24960972368717194
379-6,379,6,5,0,0.040975947,nested_test,unweighted,0.24960972368717194
379-7,379,7,5,0,0.028666768,nested_test,unweighted,0.24960972368717194
379-8,379,8,5,0,0.00942226,nested_test,unweighted,0.24960972368717194
379-9,379,9,5,0,0.025343942,nested_test,unweighted,0.24960972368717194
379-10,379,10,5,0,0.00410594,nested_test,unweighted,0.24960972368717194
379-11,379,11,5,0,0.0076276395,nested_test,unweighted,0.24960972368717194
379-12,379,12,5,0,0.016758448,nested_test,unweighted,0.24960972368717194
380-0,380,0,1,0,0.1392961,nested_test,unweighted,0.2802690267562866
380-1,380,1,1,0,0.13417947,nested_test,unweighted,0.2802690267562866
380-2,380,2,1,0,0.07708207,nested_test,unweighted,0.2802690267562866
380-3,380,3,1,0,0.09815977,nested_test,unweighted,0.2802690267562866
380-4,380,4,1,0,0.035057805,nested_test,unweighted,0.2802690267562866
380-5,380,5,1,0,0.05399107,nested_test,unweighted,0.2802690267562866
380-6,380,6,1,0,0.04252628,nested_test,unweighted,0.2802690267562866
380-7,380,7,1,0,0.07581336,nested_test,unweighted,0.2802690267562866
380-8,380,8,1,0,0.03916277,nested_test,unweighted,0.2802690267562866
380-9,380,9,1,0,0.119222954,nested_test,unweighted,0.2802690267562866
380-10,380,10,1,0,0.028964486,nested_test,unweighted,0.2802690267562866
380-11,380,11,1,0,0.07106334,nested_test,unweighted,0.2802690267562866
380-12,380,12,1,0,0.057437375,nested_test,unweighted,0.2802690267562866
381-0,381,0,4,0,0.013231249,nested_test,unweighted,0.2913484275341034
381-1,381,1,4,0,0.027937556,nested_test,unweighted,0.2913484275341034
381-2,381,2,4,0,0.059270326,nested_test,unweighted,0.2913484275341034
381-3,381,3,4,0,0.04934907,nested_test,unweighted,0.2913484275341034
381-4,381,4,4,0,0.00987888,nested_test,unweighted,0.2913484275341034
381-5,381,5,4,0,0.01650713,nested_test,unweighted,0.2913484275341034
381-6,381,6,4,0,0.017278342,nested_test,unweighted,0.2913484275341034
381-7,381,7,4,0,0.025128495,nested_test,unweighted,0.2913484275341034
381-8,381,8,4,0,0.03856423,nested_test,unweighted,0.2913484275341034
381-9,381,9,4,0,0.044266492,nested_test,unweighted,0.2913484275341034
381-10,381,10,4,0,0.009667198,nested_test,unweighted,0.2913484275341034
381-11,381,11,4,0,0.023691474,nested_test,unweighted,0.2913484275341034
381-12,381,12,4,0,0.021794835,nested_test,unweighted,0.2913484275341034
382-0,382,0,1,0,0.22509147,nested_test,unweighted,0.2802690267562866
382-1,382,1,1,0,0.22389534,nested_test,unweighted,0.2802690267562866
382-2,382,2,1,0,0.117863335,nested_test,unweighted,0.2802690267562866
382-3,382,3,1,0,0.13309614,nested_test,unweighted,0.2802690267562866
382-4,382,4,1,0,0.05471082,nested_test,unweighted,0.2802690267562866
382-5,382,5,1,0,0.073052905,nested_test,unweighted,0.2802690267562866
382-6,382,6,1,0,0.07400599,nested_test,unweighted,0.2802690267562866
382-7,382,7,1,0,0.11195394,nested_test,unweighted,0.2802690267562866
382-8,382,8,1,0,0.06314219,nested_test,unweighted,0.2802690267562866
382-9,382,9,1,0,0.18545216,nested_test,unweighted,0.2802690267562866
382-10,382,10,1,0,0.051832367,nested_test,unweighted,0.2802690267562866
382-11,382,11,1,0,0.108551085,nested_test,unweighted,0.2802690267562866
382-12,382,12,1,0,0.10286031,nested_test,unweighted,0.2802690267562866
383-0,383,0,5,0,0.16104992,nested_test,unweighted,0.24960972368717194
383-1,383,1,5,1,0.042833485,nested_test,unweighted,0.24960972368717194
383-2,383,2,5,1,0.012826164,nested_test,unweighted,0.24960972368717194
383-3,383,3,5,0,0.3881664,nested_test,unweighted,0.24960972368717194
383-4,383,4,5,1,0.023095142,nested_test,unweighted,0.24960972368717194
383-5,383,5,5,1,0.008260965,nested_test,unweighted,0.24960972368717194
383-6,383,6,5,1,0.07137255,nested_test,unweighted,0.24960972368717194
383-7,383,7,5,1,0.037626974,nested_test,unweighted,0.24960972368717194
383-8,383,8,5,1,0.01766302,nested_test,unweighted,0.24960972368717194
383-9,383,9,5,1,0.042137653,nested_test,unweighted,0.24960972368717194
383-10,383,10,5,1,0.010080956,nested_test,unweighted,0.24960972368717194
383-11,383,11,5,1,0.011861211,nested_test,unweighted,0.24960972368717194
383-12,383,12,5,1,0.030880962,nested_test,unweighted,0.24960972368717194
384-0,384,0,2,1,0.14557119,nested_test,unweighted,0.2061617523431778
384-1,384,1,2,1,0.39552832,nested_test,unweighted,0.2061617523431778
384-2,384,2,2,1,0.47229442,nested_test,unweighted,0.2061617523431778
384-3,384,3,2,1,0.5151169,nested_test,unweighted,0.2061617523431778
384-4,384,4,2,0,0.010557391,nested_test,unweighted,0.2061617523431778
384-5,384,5,2,0,0.009512619,nested_test,unweighted,0.2061617523431778
384-6,384,6,2,0,0.0071698963,nested_test,unweighted,0.2061617523431778
384-7,384,7,2,1,0.2344651,nested_test,unweighted,0.2061617523431778
384-8,384,8,2,1,0.5486865,nested_test,unweighted,0.2061617523431778
384-9,384,9,2,0,0.03683647,nested_test,unweighted,0.2061617523431778
384-10,384,10,2,1,0.09350154,nested_test,unweighted,0.2061617523431778
384-11,384,11,2,1,0.039054,nested_test,unweighted,0.2061617523431778
384-12,384,12,2,1,0.28277332,nested_test,unweighted,0.2061617523431778
385-0,385,0,1,0,0.061708905,nested_test,unweighted,0.2802690267562866
385-1,385,1,1,0,0.06219548,nested_test,unweighted,0.2802690267562866
385-2,385,2,1,0,0.03477397,nested_test,unweighted,0.2802690267562866
385-3,385,3,1,0,0.04120116,nested_test,unweighted,0.2802690267562866
385-4,385,4,1,0,0.01452776,nested_test,unweighted,0.2802690267562866
385-5,385,5,1,0,0.020808138,nested_test,unweighted,0.2802690267562866
385-6,385,6,1,0,0.018657463,nested_test,unweighted,0.2802690267562866
385-7,385,7,1,0,0.03149064,nested_test,unweighted,0.2802690267562866
385-8,385,8,1,0,0.020885138,nested_test,unweighted,0.2802690267562866
385-9,385,9,1,0,0.059073325,nested_test,unweighted,0.2802690267562866
385-10,385,10,1,0,0.0131890485,nested_test,unweighted,0.2802690267562866
385-11,385,11,1,0,0.036603015,nested_test,unweighted,0.2802690267562866
385-12,385,12,1,0,0.02937563,nested_test,unweighted,0.2802690267562866
386-0,386,0,2,0,0.032951307,nested_test,unweighted,0.2061617523431778
386-1,386,1,2,0,0.05396359,nested_test,unweighted,0.2061617523431778
386-2,386,2,2,0,0.07231201,nested_test,unweighted,0.2061617523431778
386-3,386,3,2,0,0.073359616,nested_test,unweighted,0.2061617523431778
386-4,386,4,2,0,0.013936929,nested_test,unweighted,0.2061617523431778
386-5,386,5,2,0,0.029299486,nested_test,unweighted,0.2061617523431778
386-6,386,6,2,0,0.012956756,nested_test,unweighted,0.2061617523431778
386-7,386,7,2,0,0.028155884,nested_test,unweighted,0.2061617523431778
386-8,386,8,2,0,0.07215422,nested_test,unweighted,0.2061617523431778
386-9,386,9,2,0,0.07450411,nested_test,unweighted,0.2061617523431778
386-10,386,10,2,0,0.008898518,nested_test,unweighted,0.2061617523431778
386-11,386,11,2,0,0.006501592,nested_test,unweighted,0.2061617523431778
386-12,386,12,2,0,0.02462412,nested_test,unweighted,0.2061617523431778
387-0,387,0,5,0,0.010973727,nested_test,unweighted,0.24960972368717194
387-1,387,1,5,0,0.022986118,nested_test,unweighted,0.24960972368717194
387-2,387,2,5,0,0.0072663575,nested_test,unweighted,0.24960972368717194
387-3,387,3,5,0,0.034577228,nested_test,unweighted,0.24960972368717194
387-4,387,4,5,0,0.013597134,nested_test,unweighted,0.24960972368717194
387-5,387,5,5,0,0.0038974595,nested_test,unweighted,0.24960972368717194
387-6,387,6,5,0,0.040975947,nested_test,unweighted,0.24960972368717194
387-7,387,7,5,0,0.02341851,nested_test,unweighted,0.24960972368717194
387-8,387,8,5,0,0.00942226,nested_test,unweighted,0.24960972368717194
387-9,387,9,5,0,0.025343942,nested_test,unweighted,0.24960972368717194
387-10,387,10,5,0,0.0040639457,nested_test,unweighted,0.24960972368717194
387-11,387,11,5,0,0.0076276395,nested_test,unweighted,0.24960972368717194
387-12,387,12,5,0,0.016929414,nested_test,unweighted,0.24960972368717194
388-0,388,0,2,0,0.028890144,nested_test,unweighted,0.2061617523431778
388-1,388,1,2,0,0.051947117,nested_test,unweighted,0.2061617523431778
388-2,388,2,2,0,0.11595593,nested_test,unweighted,0.2061617523431778
388-3,388,3,2,0,0.11033433,nested_test,unweighted,0.2061617523431778
388-4,388,4,2,0,0.017519478,nested_test,unweighted,0.2061617523431778
388-5,388,5,2,0,0.04713813,nested_test,unweighted,0.2061617523431778
388-6,388,6,2,0,0.02045356,nested_test,unweighted,0.2061617523431778
388-7,388,7,2,0,0.04274258,nested_test,unweighted,0.2061617523431778
388-8,388,8,2,0,0.1254464,nested_test,unweighted,0.2061617523431778
388-9,388,9,2,0,0.088173464,nested_test,unweighted,0.2061617523431778
388-10,388,10,2,0,0.012230383,nested_test,unweighted,0.2061617523431778
388-11,388,11,2,0,0.0093976455,nested_test,unweighted,0.2061617523431778
388-12,388,12,2,0,0.03680445,nested_test,unweighted,0.2061617523431778
389-0,389,0,2,0,0.020710353,nested_test,unweighted,0.2061617523431778
389-1,389,1,2,0,0.034847833,nested_test,unweighted,0.2061617523431778
389-2,389,2,2,0,0.055013806,nested_test,unweighted,0.2061617523431778
389-3,389,3,2,0,0.06754187,nested_test,unweighted,0.2061617523431778
389-4,389,4,2,0,0.011685968,nested_test,unweighted,0.2061617523431778
389-5,389,5,2,0,0.028810412,nested_test,unweighted,0.2061617523431778
389-6,389,6,2,0,0.012187828,nested_test,unweighted,0.2061617523431778
389-7,389,7,2,0,0.021927422,nested_test,unweighted,0.2061617523431778
389-8,389,8,2,0,0.07215422,nested_test,unweighted,0.2061617523431778
389-9,389,9,2,0,0.058577955,nested_test,unweighted,0.2061617523431778
389-10,389,10,2,0,0.0080713695,nested_test,unweighted,0.2061617523431778
389-11,389,11,2,0,0.006501592,nested_test,unweighted,0.2061617523431778
389-12,389,12,2,0,0.02421114,nested_test,unweighted,0.2061617523431778
390-0,390,0,5,0,0.010245652,nested_test,unweighted,0.24960972368717194
390-1,390,1,5,0,0.022977456,nested_test,unweighted,0.24960972368717194
390-2,390,2,5,1,0.18645345,nested_test,unweighted,0.24960972368717194
390-3,390,3,5,0,0.03423429,nested_test,unweighted,0.24960972368717194
390-4,390,4,5,0,0.013597134,nested_test,unweighted,0.24960972368717194
390-5,390,5,5,0,0.00448569,nested_test,unweighted,0.24960972368717194
390-6,390,6,5,0,0.045664936,nested_test,unweighted,0.24960972368717194
390-7,390,7,5,0,0.02341851,nested_test,unweighted,0.24960972368717194
390-8,390,8,5,0,0.011571035,nested_test,unweighted,0.24960972368717194
390-9,390,9,5,0,0.025343942,nested_test,unweighted,0.24960972368717194
390-10,390,10,5,0,0.00410594,nested_test,unweighted,0.24960972368717194
390-11,390,11,5,0,0.007192266,nested_test,unweighted,0.24960972368717194
390-12,390,12,5,0,0.016929414,nested_test,unweighted,0.24960972368717194
391-0,391,0,1,0,0.045477234,nested_test,unweighted,0.2802690267562866
391-1,391,1,1,0,0.041220237,nested_test,unweighted,0.2802690267562866
391-2,391,2,1,1,0.2154551,nested_test,unweighted,0.2802690267562866
391-3,391,3,1,0,0.028735299,nested_test,unweighted,0.2802690267562866
391-4,391,4,1,0,0.009538546,nested_test,unweighted,0.2802690267562866
391-5,391,5,1,0,0.015545131,nested_test,unweighted,0.2802690267562866
391-6,391,6,1,1,0.15744723,nested_test,unweighted,0.2802690267562866
391-7,391,7,1,1,0.2599782,nested_test,unweighted,0.2802690267562866
391-8,391,8,1,0,0.012339964,nested_test,unweighted,0.2802690267562866
391-9,391,9,1,0,0.03811953,nested_test,unweighted,0.2802690267562866
391-10,391,10,1,0,0.010168794,nested_test,unweighted,0.2802690267562866
391-11,391,11,1,0,0.023218345,nested_test,unweighted,0.2802690267562866
391-12,391,12,1,0,0.021478007,nested_test,unweighted,0.2802690267562866
392-0,392,0,4,0,0.08297323,nested_test,unweighted,0.2913484275341034
392-1,392,1,4,0,0.119806446,nested_test,unweighted,0.2913484275341034
392-2,392,2,4,0,0.2637819,nested_test,unweighted,0.2913484275341034
392-3,392,3,4,0,0.17402545,nested_test,unweighted,0.2913484275341034
392-4,392,4,4,0,0.035720542,nested_test,unweighted,0.2913484275341034
392-5,392,5,4,0,0.07363614,nested_test,unweighted,0.2913484275341034
392-6,392,6,4,0,0.13883446,nested_test,unweighted,0.2913484275341034
392-7,392,7,4,0,0.15714462,nested_test,unweighted,0.2913484275341034
392-8,392,8,4,0,0.16936806,nested_test,unweighted,0.2913484275341034
392-9,392,9,4,0,0.22775929,nested_test,unweighted,0.2913484275341034
392-10,392,10,4,0,0.037522517,nested_test,unweighted,0.2913484275341034
392-11,392,11,4,0,0.1177236,nested_test,unweighted,0.2913484275341034
392-12,392,12,4,0,0.10066545,nested_test,unweighted,0.2913484275341034
393-0,393,0,3,0,0.09120637,nested_test,unweighted,0.1947115957736969
393-1,393,1,3,0,0.036112674,nested_test,unweighted,0.1947115957736969
393-2,393,2,3,0,0.018099077,nested_test,unweighted,0.1947115957736969
393-3,393,3,3,0,0.17815486,nested_test,unweighted,0.1947115957736969
393-4,393,4,3,0,0.017797228,nested_test,unweighted,0.1947115957736969
393-5,393,5,3,1,0.13674001,nested_test,unweighted,0.1947115957736969
393-6,393,6,3,0,0.016406203,nested_test,unweighted,0.1947115957736969
393-7,393,7,3,0,0.06442438,nested_test,unweighted,0.1947115957736969
393-8,393,8,3,0,0.032065265,nested_test,unweighted,0.1947115957736969
393-9,393,9,3,0,0.061735094,nested_test,unweighted,0.1947115957736969
393-10,393,10,3,0,0.023528332,nested_test,unweighted,0.1947115957736969
393-11,393,11,3,0,0.02644198,nested_test,unweighted,0.1947115957736969
393-12,393,12,3,0,0.057956968,nested_test,unweighted,0.1947115957736969
394-0,394,0,4,0,0.013194953,nested_test,unweighted,0.2913484275341034
394-1,394,1,4,0,0.016681865,nested_test,unweighted,0.2913484275341034
394-2,394,2,4,0,0.048663877,nested_test,unweighted,0.2913484275341034
394-3,394,3,4,0,0.02509124,nested_test,unweighted,0.2913484275341034
394-4,394,4,4,0,0.007740858,nested_test,unweighted,0.2913484275341034
394-5,394,5,4,0,0.013786505,nested_test,unweighted,0.2913484275341034
394-6,394,6,4,0,0.018584507,nested_test,unweighted,0.2913484275341034
394-7,394,7,4,0,0.020193497,nested_test,unweighted,0.2913484275341034
394-8,394,8,4,0,0.031817216,nested_test,unweighted,0.2913484275341034
394-9,394,9,4,0,0.03494883,nested_test,unweighted,0.2913484275341034
394-10,394,10,4,0,0.008215547,nested_test,unweighted,0.2913484275341034
394-11,394,11,4,0,0.019456493,nested_test,unweighted,0.2913484275341034
394-12,394,12,4,0,0.02061257,nested_test,unweighted,0.2913484275341034
395-0,395,0,2,0,0.07363222,nested_test,unweighted,0.2061617523431778
395-1,395,1,2,0,0.10906458,nested_test,unweighted,0.2061617523431778
395-2,395,2,2,0,0.15396456,nested_test,unweighted,0.2061617523431778
395-3,395,3,2,0,0.13844547,nested_test,unweighted,0.2061617523431778
395-4,395,4,2,0,0.047404874,nested_test,unweighted,0.2061617523431778
395-5,395,5,2,1,0.13614653,nested_test,unweighted,0.2061617523431778
395-6,395,6,2,0,0.028661186,nested_test,unweighted,0.2061617523431778
395-7,395,7,2,1,0.110876225,nested_test,unweighted,0.2061617523431778
395-8,395,8,2,0,0.19483624,nested_test,unweighted,0.2061617523431778
395-9,395,9,2,0,0.19389099,nested_test,unweighted,0.2061617523431778
395-10,395,10,2,1,0.030853396,nested_test,unweighted,0.2061617523431778
395-11,395,11,2,0,0.018084737,nested_test,unweighted,0.2061617523431778
395-12,395,12,2,0,0.052757602,nested_test,unweighted,0.2061617523431778
396-0,396,0,4,0,0.024075117,nested_test,unweighted,0.2913484275341034
396-1,396,1,4,0,0.03794678,nested_test,unweighted,0.2913484275341034
396-2,396,2,4,0,0.15004753,nested_test,unweighted,0.2913484275341034
396-3,396,3,4,0,0.07776858,nested_test,unweighted,0.2913484275341034
396-4,396,4,4,0,0.017087096,nested_test,unweighted,0.2913484275341034
396-5,396,5,4,0,0.037689533,nested_test,unweighted,0.2913484275341034
396-6,396,6,4,0,0.046490278,nested_test,unweighted,0.2913484275341034
396-7,396,7,4,0,0.060550407,nested_test,unweighted,0.2913484275341034
396-8,396,8,4,0,0.08486271,nested_test,unweighted,0.2913484275341034
396-9,396,9,4,0,0.10661384,nested_test,unweighted,0.2913484275341034
396-10,396,10,4,0,0.015995909,nested_test,unweighted,0.2913484275341034
396-11,396,11,4,0,0.043372504,nested_test,unweighted,0.2913484275341034
396-12,396,12,4,0,0.051995315,nested_test,unweighted,0.2913484275341034
397-0,397,0,2,0,0.030819857,nested_test,unweighted,0.2061617523431778
397-1,397,1,2,0,0.05251299,nested_test,unweighted,0.2061617523431778
397-2,397,2,2,1,0.43652967,nested_test,unweighted,0.2061617523431778
397-3,397,3,2,0,0.06754187,nested_test,unweighted,0.2061617523431778
397-4,397,4,2,0,0.013936929,nested_test,unweighted,0.2061617523431778
397-5,397,5,2,0,0.028810412,nested_test,unweighted,0.2061617523431778
397-6,397,6,2,0,0.0124018295,nested_test,unweighted,0.2061617523431778
397-7,397,7,2,0,0.021927422,nested_test,unweighted,0.2061617523431778
397-8,397,8,2,0,0.07215422,nested_test,unweighted,0.2061617523431778
397-9,397,9,2,0,0.07378368,nested_test,unweighted,0.2061617523431778
397-10,397,10,2,0,0.0081635155,nested_test,unweighted,0.2061617523431778
397-11,397,11,2,0,0.006501592,nested_test,unweighted,0.2061617523431778
397-12,397,12,2,0,0.02421114,nested_test,unweighted,0.2061617523431778
398-0,398,0,5,0,0.14447674,nested_test,unweighted,0.24960972368717194
398-1,398,1,5,0,0.3141214,nested_test,unweighted,0.24960972368717194
398-2,398,2,5,1,0.011861211,nested_test,unweighted,0.24960972368717194
398-3,398,3,5,0,0.3881664,nested_test,unweighted,0.24960972368717194
398-4,398,4,5,1,0.023095142,nested_test,unweighted,0.24960972368717194
398-5,398,5,5,0,0.018870493,nested_test,unweighted,0.24960972368717194
398-6,398,6,5,1,0.06929546,nested_test,unweighted,0.24960972368717194
398-7,398,7,5,1,0.041731376,nested_test,unweighted,0.24960972368717194
398-8,398,8,5,1,0.017366841,nested_test,unweighted,0.24960972368717194
398-9,398,9,5,1,0.042137653,nested_test,unweighted,0.24960972368717194
398-10,398,10,5,1,0.009508491,nested_test,unweighted,0.24960972368717194
398-11,398,11,5,1,0.011861211,nested_test,unweighted,0.24960972368717194
398-12,398,12,5,0,0.20834753,nested_test,unweighted,0.24960972368717194
399-0,399,0,4,0,0.013642557,nested_test,unweighted,0.2913484275341034
399-1,399,1,4,0,0.01724567,nested_test,unweighted,0.2913484275341034
399-2,399,2,4,1,0.37685046,nested_test,unweighted,0.2913484275341034
399-3,399,3,4,1,0.30766264,nested_test,unweighted,0.2913484275341034
399-4,399,4,4,0,0.008004952,nested_test,unweighted,0.2913484275341034
399-5,399,5,4,0,0.012512051,nested_test,unweighted,0.2913484275341034
399-6,399,6,4,1,0.17100154,nested_test,unweighted,0.2913484275341034
399-7,399,7,4,0,0.024584748,nested_test,unweighted,0.2913484275341034
399-8,399,8,4,0,0.032875497,nested_test,unweighted,0.2913484275341034
399-9,399,9,4,0,0.049685266,nested_test,unweighted,0.2913484275341034
399-10,399,10,4,0,0.0084956875,nested_test,unweighted,0.2913484275341034
399-11,399,11,4,0,0.020112177,nested_test,unweighted,0.2913484275341034
399-12,399,12,4,0,0.02387115,nested_test,unweighted,0.2913484275341034
400-0,400,0,4,0,0.034609303,nested_test,unweighted,0.2913484275341034
400-1,400,1,4,0,0.03794678,nested_test,unweighted,0.2913484275341034
400-2,400,2,4,0,0.15004753,nested_test,unweighted,0.2913484275341034
400-3,400,3,4,0,0.052708536,nested_test,unweighted,0.2913484275341034
400-4,400,4,4,0,0.017087096,nested_test,unweighted,0.2913484275341034
400-5,400,5,4,0,0.030833699,nested_test,unweighted,0.2913484275341034
400-6,400,6,4,1,0.08121443,nested_test,unweighted,0.2913484275341034
400-7,400,7,4,0,0.060550407,nested_test,unweighted,0.2913484275341034
400-8,400,8,4,0,0.08486271,nested_test,unweighted,0.2913484275341034
400-9,400,9,4,0,0.12688008,nested_test,unweighted,0.2913484275341034
400-10,400,10,4,0,0.015995909,nested_test,unweighted,0.2913484275341034
400-11,400,11,4,0,0.043372504,nested_test,unweighted,0.2913484275341034
400-12,400,12,4,0,0.051995315,nested_test,unweighted,0.2913484275341034
401-0,401,0,2,0,0.014977538,nested_test,unweighted,0.2061617523431778
401-1,401,1,2,0,0.019047393,nested_test,unweighted,0.2061617523431778
401-2,401,2,2,0,0.026554938,nested_test,unweighted,0.2061617523431778
401-3,401,3,2,0,0.024541305,nested_test,unweighted,0.2061617523431778
401-4,401,4,2,0,0.00765663,nested_test,unweighted,0.2061617523431778
401-5,401,5,2,0,0.0118750455,nested_test,unweighted,0.2061617523431778
401-6,401,6,2,0,0.0042748684,nested_test,unweighted,0.2061617523431778
401-7,401,7,2,0,0.008056952,nested_test,unweighted,0.2061617523431778
401-8,401,8,2,0,0.03096081,nested_test,unweighted,0.2061617523431778
401-9,401,9,2,0,0.024825163,nested_test,unweighted,0.2061617523431778
401-10,401,10,2,0,0.003447378,nested_test,unweighted,0.2061617523431778
401-11,401,11,2,0,0.002548652,nested_test,unweighted,0.2061617523431778
401-12,401,12,2,0,0.008841453,nested_test,unweighted,0.2061617523431778
402-0,402,0,4,1,0.47199163,nested_test,unweighted,0.2913484275341034
402-1,402,1,4,1,0.51012427,nested_test,unweighted,0.2913484275341034
402-2,402,2,4,1,0.75036484,nested_test,unweighted,0.2913484275341034
402-3,402,3,4,0,0.03449811,nested_test,unweighted,0.2913484275341034
402-4,402,4,4,0,0.00763858,nested_test,unweighted,0.2913484275341034
402-5,402,5,4,0,0.010498673,nested_test,unweighted,0.2913484275341034
402-6,402,6,4,0,0.016678078,nested_test,unweighted,0.2913484275341034
402-7,402,7,4,1,0.5089287,nested_test,unweighted,0.2913484275341034
402-8,402,8,4,0,0.030547377,nested_test,unweighted,0.2913484275341034
402-9,402,9,4,0,0.043390118,nested_test,unweighted,0.2913484275341034
402-10,402,10,4,0,0.0077631213,nested_test,unweighted,0.2913484275341034
402-11,402,11,4,0,0.016527332,nested_test,unweighted,0.2913484275341034
402-12,402,12,4,0,0.019490857,nested_test,unweighted,0.2913484275341034
403-0,403,0,4,0,0.08465466,nested_test,unweighted,0.2913484275341034
403-1,403,1,4,0,0.12790553,nested_test,unweighted,0.2913484275341034
403-2,403,2,4,0,0.2757895,nested_test,unweighted,0.2913484275341034
403-3,403,3,4,1,0.11268645,nested_test,unweighted,0.2913484275341034
403-4,403,4,4,0,0.06441561,nested_test,unweighted,0.2913484275341034
403-5,403,5,4,1,0.03865664,nested_test,unweighted,0.2913484275341034
403-6,403,6,4,0,0.11740345,nested_test,unweighted,0.2913484275341034
403-7,403,7,4,0,0.13325724,nested_test,unweighted,0.2913484275341034
403-8,403,8,4,0,0.1811342,nested_test,unweighted,0.2913484275341034
403-9,403,9,4,1,0.16103058,nested_test,unweighted,0.2913484275341034
403-10,403,10,4,0,0.043133307,nested_test,unweighted,0.2913484275341034
403-11,403,11,4,0,0.09744254,nested_test,unweighted,0.2913484275341034
403-12,403,12,4,0,0.1378895,nested_test,unweighted,0.2913484275341034
404-0,404,0,3,0,0.07215903,nested_test,unweighted,0.1947115957736969
404-1,404,1,3,0,0.052633967,nested_test,unweighted,0.1947115957736969
404-2,404,2,3,1,0.025337605,nested_test,unweighted,0.1947115957736969
404-3,404,3,3,0,0.15192036,nested_test,unweighted,0.1947115957736969
404-4,404,4,3,1,0.025736876,nested_test,unweighted,0.1947115957736969
404-5,404,5,3,0,0.07844925,nested_test,unweighted,0.1947115957736969
404-6,404,6,3,1,0.02223667,nested_test,unweighted,0.1947115957736969
404-7,404,7,3,0,0.045150567,nested_test,unweighted,0.1947115957736969
404-8,404,8,3,1,0.04496176,nested_test,unweighted,0.1947115957736969
404-9,404,9,3,0,0.07564455,nested_test,unweighted,0.1947115957736969
404-10,404,10,3,0,0.017945912,nested_test,unweighted,0.1947115957736969
404-11,404,11,3,0,0.030570151,nested_test,unweighted,0.1947115957736969
404-12,404,12,3,0,0.045116875,nested_test,unweighted,0.1947115957736969
405-0,405,0,3,1,0.057951946,nested_test,unweighted,0.1947115957736969
405-1,405,1,3,0,0.05283991,nested_test,unweighted,0.1947115957736969
405-2,405,2,3,1,0.0121928295,nested_test,unweighted,0.1947115957736969
405-3,405,3,3,1,0.15763253,nested_test,unweighted,0.1947115957736969
405-4,405,4,3,1,0.014107756,nested_test,unweighted,0.1947115957736969
405-5,405,5,3,1,0.07477374,nested_test,unweighted,0.1947115957736969
405-6,405,6,3,0,0.03753824,nested_test,unweighted,0.1947115957736969
405-7,405,7,3,0,0.11905628,nested_test,unweighted,0.1947115957736969
405-8,405,8,3,0,0.045587573,nested_test,unweighted,0.1947115957736969
405-9,405,9,3,0,0.1333292,nested_test,unweighted,0.1947115957736969
405-10,405,10,3,0,0.030976798,nested_test,unweighted,0.1947115957736969
405-11,405,11,3,0,0.055828873,nested_test,unweighted,0.1947115957736969
405-12,405,12,3,0,0.080831446,nested_test,unweighted,0.1947115957736969
406-0,406,0,4,0,0.37246686,nested_test,unweighted,0.2913484275341034
406-1,406,1,4,1,0.019549418,nested_test,unweighted,0.2913484275341034
406-2,406,2,4,1,0.054669466,nested_test,unweighted,0.2913484275341034
406-3,406,3,4,1,0.028525878,nested_test,unweighted,0.2913484275341034
406-4,406,4,4,0,0.25996852,nested_test,unweighted,0.2913484275341034
406-5,406,5,4,1,0.011510325,nested_test,unweighted,0.2913484275341034
406-6,406,6,4,0,0.43279108,nested_test,unweighted,0.2913484275341034
406-7,406,7,4,0,0.45225424,nested_test,unweighted,0.2913484275341034
406-8,406,8,4,0,0.47915584,nested_test,unweighted,0.2913484275341034
406-9,406,9,4,1,0.043798033,nested_test,unweighted,0.2913484275341034
406-10,406,10,4,1,0.007189069,nested_test,unweighted,0.2913484275341034
406-11,406,11,4,1,0.016527332,nested_test,unweighted,0.2913484275341034
406-12,406,12,4,0,0.41293332,nested_test,unweighted,0.2913484275341034
407-0,407,0,3,1,0.16133273,nested_test,unweighted,0.1947115957736969
407-1,407,1,3,0,0.046673514,nested_test,unweighted,0.1947115957736969
407-2,407,2,3,0,0.016702088,nested_test,unweighted,0.1947115957736969
407-3,407,3,3,1,0.30582047,nested_test,unweighted,0.1947115957736969
407-4,407,4,3,0,0.021168329,nested_test,unweighted,0.1947115957736969
407-5,407,5,3,0,0.07844925,nested_test,unweighted,0.1947115957736969
407-6,407,6,3,0,0.014298041,nested_test,unweighted,0.1947115957736969
407-7,407,7,3,1,0.1233065,nested_test,unweighted,0.1947115957736969
407-8,407,8,3,0,0.022708945,nested_test,unweighted,0.1947115957736969
407-9,407,9,3,0,0.07564455,nested_test,unweighted,0.1947115957736969
407-10,407,10,3,0,0.017945912,nested_test,unweighted,0.1947115957736969
407-11,407,11,3,1,0.03759092,nested_test,unweighted,0.1947115957736969
407-12,407,12,3,0,0.045116875,nested_test,unweighted,0.1947115957736969
408-0,408,0,4,1,0.22261725,nested_test,unweighted,0.2913484275341034
408-1,408,1,4,1,0.32508832,nested_test,unweighted,0.2913484275341034
408-2,408,2,4,1,0.50824416,nested_test,unweighted,0.2913484275341034
408-3,408,3,4,1,0.37426975,nested_test,unweighted,0.2913484275341034
408-4,408,4,4,0,0.009716686,nested_test,unweighted,0.2913484275341034
408-5,408,5,4,0,0.011510325,nested_test,unweighted,0.2913484275341034
408-6,408,6,4,0,0.016871618,nested_test,unweighted,0.2913484275341034
408-7,408,7,4,1,0.34072098,nested_test,unweighted,0.2913484275341034
408-8,408,8,4,1,0.43037033,nested_test,unweighted,0.2913484275341034
408-9,408,9,4,1,0.49276033,nested_test,unweighted,0.2913484275341034
408-10,408,10,4,0,0.008484746,nested_test,unweighted,0.2913484275341034
408-11,408,11,4,1,0.3453783,nested_test,unweighted,0.2913484275341034
408-12,408,12,4,1,0.30121526,nested_test,unweighted,0.2913484275341034
409-0,409,0,2,0,0.078765035,nested_test,unweighted,0.2061617523431778
409-1,409,1,2,0,0.08867293,nested_test,unweighted,0.2061617523431778
409-2,409,2,2,0,0.12449062,nested_test,unweighted,0.2061617523431778
409-3,409,3,2,1,0.42634624,nested_test,unweighted,0.2061617523431778
409-4,409,4,2,0,0.03409412,nested_test,unweighted,0.2061617523431778
409-5,409,5,2,0,0.079289496,nested_test,unweighted,0.2061617523431778
409-6,409,6,2,0,0.026440881,nested_test,unweighted,0.2061617523431778
409-7,409,7,2,0,0.061720558,nested_test,unweighted,0.2061617523431778
409-8,409,8,2,0,0.17917006,nested_test,unweighted,0.2061617523431778
409-9,409,9,2,0,0.15687643,nested_test,unweighted,0.2061617523431778
409-10,409,10,2,0,0.024285723,nested_test,unweighted,0.2061617523431778
409-11,409,11,2,0,0.01593979,nested_test,unweighted,0.2061617523431778
409-12,409,12,2,0,0.0627539,nested_test,unweighted,0.2061617523431778
410-0,410,0,5,1,0.00971092,nested_test,unweighted,0.24960972368717194
410-1,410,1,5,1,0.021555116,nested_test,unweighted,0.24960972368717194
410-2,410,2,5,1,0.007925728,nested_test,unweighted,0.24960972368717194
410-3,410,3,5,1,0.045910615,nested_test,unweighted,0.24960972368717194
410-4,410,4,5,1,0.011439706,nested_test,unweighted,0.24960972368717194
410-5,410,5,5,1,0.0042379415,nested_test,unweighted,0.24960972368717194
410-6,410,6,5,1,0.03432417,nested_test,unweighted,0.24960972368717194
410-7,410,7,5,1,0.02517148,nested_test,unweighted,0.24960972368717194
410-8,410,8,5,1,0.010370648,nested_test,unweighted,0.24960972368717194
410-9,410,9,5,1,0.022909764,nested_test,unweighted,0.24960972368717194
410-10,410,10,5,1,0.0057507427,nested_test,unweighted,0.24960972368717194
410-11,410,11,5,1,0.0061453017,nested_test,unweighted,0.24960972368717194
410-12,410,12,5,0,0.07108665,nested_test,unweighted,0.24960972368717194
411-0,411,0,1,0,0.12556218,nested_test,unweighted,0.2802690267562866
411-1,411,1,1,0,0.11574249,nested_test,unweighted,0.2802690267562866
411-2,411,2,1,0,0.08403201,nested_test,unweighted,0.2802690267562866
411-3,411,3,1,1,0.19477569,nested_test,unweighted,0.2802690267562866
411-4,411,4,1,0,0.032856263,nested_test,unweighted,0.2802690267562866
411-5,411,5,1,0,0.0509474,nested_test,unweighted,0.2802690267562866
411-6,411,6,1,0,0.035781477,nested_test,unweighted,0.2802690267562866
411-7,411,7,1,0,0.08348728,nested_test,unweighted,0.2802690267562866
411-8,411,8,1,0,0.034429945,nested_test,unweighted,0.2802690267562866
411-9,411,9,1,0,0.094011255,nested_test,unweighted,0.2802690267562866
411-10,411,10,1,0,0.023143286,nested_test,unweighted,0.2802690267562866
411-11,411,11,1,0,0.06007646,nested_test,unweighted,0.2802690267562866
411-12,411,12,1,0,0.053768266,nested_test,unweighted,0.2802690267562866
412-0,412,0,4,0,0.04345441,nested_test,unweighted,0.2913484275341034
412-1,412,1,4,0,0.04893656,nested_test,unweighted,0.2913484275341034
412-2,412,2,4,0,0.1729529,nested_test,unweighted,0.2913484275341034
412-3,412,3,4,0,0.09934772,nested_test,unweighted,0.2913484275341034
412-4,412,4,4,0,0.022980742,nested_test,unweighted,0.2913484275341034
412-5,412,5,4,0,0.039953597,nested_test,unweighted,0.2913484275341034
412-6,412,6,4,0,0.060853377,nested_test,unweighted,0.2913484275341034
412-7,412,7,4,0,0.07456683,nested_test,unweighted,0.2913484275341034
412-8,412,8,4,0,0.10388474,nested_test,unweighted,0.2913484275341034
412-9,412,9,4,0,0.09296424,nested_test,unweighted,0.2913484275341034
412-10,412,10,4,0,0.020287817,nested_test,unweighted,0.2913484275341034
412-11,412,11,4,0,0.0567663,nested_test,unweighted,0.2913484275341034
412-12,412,12,4,0,0.06473784,nested_test,unweighted,0.2913484275341034
413-0,413,0,1,0,0.11023058,nested_test,unweighted,0.2802690267562866
413-1,413,1,1,0,0.07192451,nested_test,unweighted,0.2802690267562866
413-2,413,2,1,1,0.11497241,nested_test,unweighted,0.2802690267562866
413-3,413,3,1,0,0.061275046,nested_test,unweighted,0.2802690267562866
413-4,413,4,1,0,0.027298676,nested_test,unweighted,0.2802690267562866
413-5,413,5,1,0,0.033666078,nested_test,unweighted,0.2802690267562866
413-6,413,6,1,0,0.030128274,nested_test,unweighted,0.2802690267562866
413-7,413,7,1,0,0.05493993,nested_test,unweighted,0.2802690267562866
413-8,413,8,1,0,0.028073702,nested_test,unweighted,0.2802690267562866
413-9,413,9,1,0,0.09628271,nested_test,unweighted,0.2802690267562866
413-10,413,10,1,0,0.020630557,nested_test,unweighted,0.2802690267562866
413-11,413,11,1,0,0.04411245,nested_test,unweighted,0.2802690267562866
413-12,413,12,1,0,0.041694455,nested_test,unweighted,0.2802690267562866
414-0,414,0,5,0,0.054221723,nested_test,unweighted,0.24960972368717194
414-1,414,1,5,0,0.07896739,nested_test,unweighted,0.24960972368717194
414-2,414,2,5,0,0.031724893,nested_test,unweighted,0.24960972368717194
414-3,414,3,5,0,0.14732482,nested_test,unweighted,0.24960972368717194
414-4,414,4,5,0,0.042722,nested_test,unweighted,0.24960972368717194
414-5,414,5,5,0,0.0067772227,nested_test,unweighted,0.24960972368717194
414-6,414,6,5,0,0.13643157,nested_test,unweighted,0.24960972368717194
414-7,414,7,5,0,0.08214646,nested_test,unweighted,0.24960972368717194
414-8,414,8,5,0,0.032445587,nested_test,unweighted,0.24960972368717194
414-9,414,9,5,0,0.1184435,nested_test,unweighted,0.24960972368717194
414-10,414,10,5,0,0.0077812797,nested_test,unweighted,0.24960972368717194
414-11,414,11,5,0,0.02069297,nested_test,unweighted,0.24960972368717194
414-12,414,12,5,0,0.06764086,nested_test,unweighted,0.24960972368717194
415-0,415,0,2,0,0.009960494,nested_test,unweighted,0.2061617523431778
415-1,415,1,2,0,0.01938854,nested_test,unweighted,0.2061617523431778
415-2,415,2,2,0,0.027026843,nested_test,unweighted,0.2061617523431778
415-3,415,3,2,0,0.024541305,nested_test,unweighted,0.2061617523431778
415-4,415,4,2,0,0.005442787,nested_test,unweighted,0.2061617523431778
415-5,415,5,2,0,0.010311107,nested_test,unweighted,0.2061617523431778
415-6,415,6,2,0,0.0043526073,nested_test,unweighted,0.2061617523431778
415-7,415,7,2,0,0.008056952,nested_test,unweighted,0.2061617523431778
415-8,415,8,2,0,0.026538389,nested_test,unweighted,0.2061617523431778
415-9,415,9,2,0,0.024965864,nested_test,unweighted,0.2061617523431778
415-10,415,10,2,1,0.042322747,nested_test,unweighted,0.2061617523431778
415-11,415,11,2,0,0.002548652,nested_test,unweighted,0.2061617523431778
415-12,415,12,2,0,0.008741727,nested_test,unweighted,0.2061617523431778
416-0,416,0,2,0,0.12523668,nested_test,unweighted,0.2061617523431778
416-1,416,1,2,1,0.13517039,nested_test,unweighted,0.2061617523431778
416-2,416,2,2,0,0.23891366,nested_test,unweighted,0.2061617523431778
416-3,416,3,2,0,0.22668508,nested_test,unweighted,0.2061617523431778
416-4,416,4,2,1,0.05036172,nested_test,unweighted,0.2061617523431778
416-5,416,5,2,1,0.07661917,nested_test,unweighted,0.2061617523431778
416-6,416,6,2,1,0.03161893,nested_test,unweighted,0.2061617523431778
416-7,416,7,2,1,0.07719834,nested_test,unweighted,0.2061617523431778
416-8,416,8,2,1,0.17810898,nested_test,unweighted,0.2061617523431778
416-9,416,9,2,0,0.15923597,nested_test,unweighted,0.2061617523431778
416-10,416,10,2,1,0.019686101,nested_test,unweighted,0.2061617523431778
416-11,416,11,2,1,0.01932008,nested_test,unweighted,0.2061617523431778
416-12,416,12,2,0,0.070968404,nested_test,unweighted,0.2061617523431778
417-0,417,0,3,0,0.043862123,nested_test,unweighted,0.1947115957736969
417-1,417,1,3,0,0.031897347,nested_test,unweighted,0.1947115957736969
417-2,417,2,3,1,0.03337047,nested_test,unweighted,0.1947115957736969
417-3,417,3,3,0,0.14333364,nested_test,unweighted,0.1947115957736969
417-4,417,4,3,0,0.014107756,nested_test,unweighted,0.1947115957736969
417-5,417,5,3,0,0.074355334,nested_test,unweighted,0.1947115957736969
417-6,417,6,3,0,0.013363797,nested_test,unweighted,0.1947115957736969
417-7,417,7,3,0,0.04111474,nested_test,unweighted,0.1947115957736969
417-8,417,8,3,0,0.021236952,nested_test,unweighted,0.1947115957736969
417-9,417,9,3,0,0.07100804,nested_test,unweighted,0.1947115957736969
417-10,417,10,3,0,0.018996106,nested_test,unweighted,0.1947115957736969
417-11,417,11,3,0,0.023122484,nested_test,unweighted,0.1947115957736969
417-12,417,12,3,0,0.04305121,nested_test,unweighted,0.1947115957736969
418-0,418,0,2,0,0.010525201,nested_test,unweighted,0.2061617523431778
418-1,418,1,2,0,0.015715867,nested_test,unweighted,0.2061617523431778
418-2,418,2,2,0,0.027250925,nested_test,unweighted,0.2061617523431778
418-3,418,3,2,0,0.032914154,nested_test,unweighted,0.2061617523431778
418-4,418,4,2,0,0.00695501,nested_test,unweighted,0.2061617523431778
418-5,418,5,2,0,0.013226903,nested_test,unweighted,0.2061617523431778
418-6,418,6,2,0,0.0057552317,nested_test,unweighted,0.2061617523431778
418-7,418,7,2,0,0.010612803,nested_test,unweighted,0.2061617523431778
418-8,418,8,2,0,0.03538839,nested_test,unweighted,0.2061617523431778
418-9,418,9,2,0,0.027215416,nested_test,unweighted,0.2061617523431778
418-10,418,10,2,0,0.003989992,nested_test,unweighted,0.2061617523431778
418-11,418,11,2,0,0.0032742897,nested_test,unweighted,0.2061617523431778
418-12,418,12,2,0,0.011290304,nested_test,unweighted,0.2061617523431778
419-0,419,0,3,0,0.049865507,nested_test,unweighted,0.1947115957736969
419-1,419,1,3,0,0.033251062,nested_test,unweighted,0.1947115957736969
419-2,419,2,3,0,0.0126120215,nested_test,unweighted,0.1947115957736969
419-3,419,3,3,0,0.14945945,nested_test,unweighted,0.1947115957736969
419-4,419,4,3,0,0.0137143135,nested_test,unweighted,0.1947115957736969
419-5,419,5,3,0,0.07844925,nested_test,unweighted,0.1947115957736969
419-6,419,6,3,0,0.014681262,nested_test,unweighted,0.1947115957736969
419-7,419,7,3,0,0.04346438,nested_test,unweighted,0.1947115957736969
419-8,419,8,3,0,0.022708945,nested_test,unweighted,0.1947115957736969
419-9,419,9,3,0,0.05648222,nested_test,unweighted,0.1947115957736969
419-10,419,10,3,0,0.01784827,nested_test,unweighted,0.1947115957736969
419-11,419,11,3,0,0.025948629,nested_test,unweighted,0.1947115957736969
419-12,419,12,3,0,0.044878174,nested_test,unweighted,0.1947115957736969
420-0,420,0,4,0,0.021323444,nested_test,unweighted,0.2913484275341034
420-1,420,1,4,1,0.15642095,nested_test,unweighted,0.2913484275341034
420-2,420,2,4,0,0.07696988,nested_test,unweighted,0.2913484275341034
420-3,420,3,4,0,0.04275477,nested_test,unweighted,0.2913484275341034
420-4,420,4,4,0,0.0132992305,nested_test,unweighted,0.2913484275341034
420-5,420,5,4,0,0.015882494,nested_test,unweighted,0.2913484275341034
420-6,420,6,4,0,0.022857266,nested_test,unweighted,0.2913484275341034
420-7,420,7,4,1,0.14961457,nested_test,unweighted,0.2913484275341034
420-8,420,8,4,0,0.03727272,nested_test,unweighted,0.2913484275341034
420-9,420,9,4,0,0.059195254,nested_test,unweighted,0.2913484275341034
420-10,420,10,4,0,0.011014132,nested_test,unweighted,0.2913484275341034
420-11,420,11,4,0,0.022981962,nested_test,unweighted,0.2913484275341034
420-12,420,12,4,0,0.02751697,nested_test,unweighted,0.2913484275341034
421-0,421,0,1,0,0.10682244,nested_test,unweighted,0.2802690267562866
421-1,421,1,1,0,0.09222107,nested_test,unweighted,0.2802690267562866
421-2,421,2,1,0,0.06286193,nested_test,unweighted,0.2802690267562866
421-3,421,3,1,0,0.09937662,nested_test,unweighted,0.2802690267562866
421-4,421,4,1,0,0.027305128,nested_test,unweighted,0.2802690267562866
421-5,421,5,1,0,0.04656738,nested_test,unweighted,0.2802690267562866
421-6,421,6,1,1,0.06456065,nested_test,unweighted,0.2802690267562866
421-7,421,7,1,0,0.07445429,nested_test,unweighted,0.2802690267562866
421-8,421,8,1,0,0.050538167,nested_test,unweighted,0.2802690267562866
421-9,421,9,1,0,0.09128382,nested_test,unweighted,0.2802690267562866
421-10,421,10,1,0,0.022610378,nested_test,unweighted,0.2802690267562866
421-11,421,11,1,0,0.06043847,nested_test,unweighted,0.2802690267562866
421-12,421,12,1,0,0.05444809,nested_test,unweighted,0.2802690267562866
422-0,422,0,1,0,0.12895423,nested_test,unweighted,0.2802690267562866
422-1,422,1,1,0,0.09222107,nested_test,unweighted,0.2802690267562866
422-2,422,2,1,0,0.08761305,nested_test,unweighted,0.2802690267562866
422-3,422,3,1,0,0.09937662,nested_test,unweighted,0.2802690267562866
422-4,422,4,1,0,0.027305128,nested_test,unweighted,0.2802690267562866
422-5,422,5,1,0,0.038846422,nested_test,unweighted,0.2802690267562866
422-6,422,6,1,0,0.040305912,nested_test,unweighted,0.2802690267562866
422-7,422,7,1,0,0.07358418,nested_test,unweighted,0.2802690267562866
422-8,422,8,1,0,0.03803442,nested_test,unweighted,0.2802690267562866
422-9,422,9,1,0,0.10697708,nested_test,unweighted,0.2802690267562866
422-10,422,10,1,0,0.023011131,nested_test,unweighted,0.2802690267562866
422-11,422,11,1,0,0.06043847,nested_test,unweighted,0.2802690267562866
422-12,422,12,1,0,0.05444809,nested_test,unweighted,0.2802690267562866
423-0,423,0,3,1,0.16453509,nested_test,unweighted,0.1947115957736969
423-1,423,1,3,1,0.0838366,nested_test,unweighted,0.1947115957736969
423-2,423,2,3,0,0.016463157,nested_test,unweighted,0.1947115957736969
423-3,423,3,3,0,0.16285376,nested_test,unweighted,0.1947115957736969
423-4,423,4,3,1,0.0435471,nested_test,unweighted,0.1947115957736969
423-5,423,5,3,0,0.058730986,nested_test,unweighted,0.1947115957736969
423-6,423,6,3,0,0.014342975,nested_test,unweighted,0.1947115957736969
423-7,423,7,3,1,0.09589076,nested_test,unweighted,0.1947115957736969
423-8,423,8,3,0,0.022189856,nested_test,unweighted,0.1947115957736969
423-9,423,9,3,0,0.0753542,nested_test,unweighted,0.1947115957736969
423-10,423,10,3,0,0.01768949,nested_test,unweighted,0.1947115957736969
423-11,423,11,3,0,0.024015384,nested_test,unweighted,0.1947115957736969
423-12,423,12,3,0,0.048806164,nested_test,unweighted,0.1947115957736969
424-0,424,0,4,0,0.052684527,nested_test,unweighted,0.2913484275341034
424-1,424,1,4,0,0.06285036,nested_test,unweighted,0.2913484275341034
424-2,424,2,4,0,0.15004753,nested_test,unweighted,0.2913484275341034
424-3,424,3,4,0,0.094047695,nested_test,unweighted,0.2913484275341034
424-4,424,4,4,0,0.030499792,nested_test,unweighted,0.2913484275341034
424-5,424,5,4,0,0.022902552,nested_test,unweighted,0.2913484275341034
424-6,424,6,4,1,0.08121443,nested_test,unweighted,0.2913484275341034
424-7,424,7,4,0,0.060550407,nested_test,unweighted,0.2913484275341034
424-8,424,8,4,0,0.08486271,nested_test,unweighted,0.2913484275341034
424-9,424,9,4,0,0.10661384,nested_test,unweighted,0.2913484275341034
424-10,424,10,4,0,0.015995909,nested_test,unweighted,0.2913484275341034
424-11,424,11,4,0,0.043372504,nested_test,unweighted,0.2913484275341034
424-12,424,12,4,0,0.051995315,nested_test,unweighted,0.2913484275341034
425-0,425,0,3,0,0.07188104,nested_test,unweighted,0.1947115957736969
425-1,425,1,3,0,0.046488795,nested_test,unweighted,0.1947115957736969
425-2,425,2,3,0,0.018477168,nested_test,unweighted,0.1947115957736969
425-3,425,3,3,0,0.16285376,nested_test,unweighted,0.1947115957736969
425-4,425,4,3,0,0.014657757,nested_test,unweighted,0.1947115957736969
425-5,425,5,3,0,0.058730986,nested_test,unweighted,0.1947115957736969
425-6,425,6,3,0,0.014342975,nested_test,unweighted,0.1947115957736969
425-7,425,7,3,0,0.04368367,nested_test,unweighted,0.1947115957736969
425-8,425,8,3,0,0.022189856,nested_test,unweighted,0.1947115957736969
425-9,425,9,3,0,0.07402532,nested_test,unweighted,0.1947115957736969
425-10,425,10,3,0,0.017593235,nested_test,unweighted,0.1947115957736969
425-11,425,11,3,0,0.024015384,nested_test,unweighted,0.1947115957736969
425-12,425,12,3,0,0.04470022,nested_test,unweighted,0.1947115957736969
426-0,426,0,2,0,0.026729036,nested_test,unweighted,0.2061617523431778
426-1,426,1,2,0,0.029270608,nested_test,unweighted,0.2061617523431778
426-2,426,2,2,0,0.057938453,nested_test,unweighted,0.2061617523431778
426-3,426,3,2,0,0.05436336,nested_test,unweighted,0.2061617523431778
426-4,426,4,2,0,0.011272885,nested_test,unweighted,0.2061617523431778
426-5,426,5,2,1,0.13035709,nested_test,unweighted,0.2061617523431778
426-6,426,6,2,0,0.00980376,nested_test,unweighted,0.2061617523431778
426-7,426,7,2,0,0.01784293,nested_test,unweighted,0.2061617523431778
426-8,426,8,2,0,0.058240127,nested_test,unweighted,0.2061617523431778
426-9,426,9,2,1,0.24798954,nested_test,unweighted,0.2061617523431778
426-10,426,10,2,0,0.0070646442,nested_test,unweighted,0.2061617523431778
426-11,426,11,2,0,0.00521793,nested_test,unweighted,0.2061617523431778
426-12,426,12,2,0,0.01916969,nested_test,unweighted,0.2061617523431778
427-0,427,0,1,0,0.24574608,nested_test,unweighted,0.2802690267562866
427-1,427,1,1,0,0.22096865,nested_test,unweighted,0.2802690267562866
427-2,427,2,1,0,0.14754137,nested_test,unweighted,0.2802690267562866
427-3,427,3,1,1,0.086666524,nested_test,unweighted,0.2802690267562866
427-4,427,4,1,0,0.06134118,nested_test,unweighted,0.2802690267562866
427-5,427,5,1,0,0.10993828,nested_test,unweighted,0.2802690267562866
427-6,427,6,1,0,0.08370968,nested_test,unweighted,0.2802690267562866
427-7,427,7,1,0,0.1349044,nested_test,unweighted,0.2802690267562866
427-8,427,8,1,0,0.07203334,nested_test,unweighted,0.2802690267562866
427-9,427,9,1,0,0.18532604,nested_test,unweighted,0.2802690267562866
427-10,427,10,1,0,0.037013188,nested_test,unweighted,0.2802690267562866
427-11,427,11,1,0,0.11799311,nested_test,unweighted,0.2802690267562866
427-12,427,12,1,0,0.11038867,nested_test,unweighted,0.2802690267562866
