id,case_id,rater_id,fold,error-rating,d_probability,probability_source_ai,run,threshold_youden
1-0,1,0,3,0,0.16202176,fast_test,weighted,0.4019046127796173
1-1,1,1,3,0,0.093132466,fast_test,weighted,0.4019046127796173
1-2,1,2,3,0,0.038146403,fast_test,weighted,0.4019046127796173
1-3,1,3,3,0,0.2813544,fast_test,weighted,0.4019046127796173
1-4,1,4,3,0,0.043466967,fast_test,weighted,0.4019046127796173
1-5,1,5,3,0,0.23863618,fast_test,weighted,0.4019046127796173
1-6,1,6,3,0,0.032959834,fast_test,weighted,0.4019046127796173
1-7,1,7,3,0,0.11647372,fast_test,weighted,0.4019046127796173
1-8,1,8,3,0,0.042449694,fast_test,weighted,0.4019046127796173
1-9,1,9,3,0,0.18051028,fast_test,weighted,0.4019046127796173
1-10,1,10,3,0,0.041213933,fast_test,weighted,0.4019046127796173
1-11,1,11,3,1,0.08449571,fast_test,weighted,0.4019046127796173
1-12,1,12,3,0,0.16909383,fast_test,weighted,0.4019046127796173
2-0,2,0,5,1,0.83782,fast_test,weighted,0.4379396438598633
2-1,2,1,5,1,0.94302446,fast_test,weighted,0.4379396438598633
2-2,2,2,5,1,0.7667988,fast_test,weighted,0.4379396438598633
2-3,2,3,5,0,0.010444637,fast_test,weighted,0.4379396438598633
2-4,2,4,5,0,0.0023451596,fast_test,weighted,0.4379396438598633
2-5,2,5,5,1,0.1907237,fast_test,weighted,0.4379396438598633
2-6,2,6,5,0,0.008024878,fast_test,weighted,0.4379396438598633
2-7,2,7,5,1,0.9176897,fast_test,weighted,0.4379396438598633
2-8,2,8,5,1,0.86654276,fast_test,weighted,0.4379396438598633
2-9,2,9,5,0,0.0039166706,fast_test,weighted,0.4379396438598633
2-10,2,10,5,0,0.0024464128,fast_test,weighted,0.4379396438598633
2-11,2,11,5,1,0.81532943,fast_test,weighted,0.4379396438598633
2-12,2,12,5,1,0.9001615,fast_test,weighted,0.4379396438598633
3-0,3,0,3,0,0.077358924,fast_test,weighted,0.4019046127796173
3-1,3,1,3,0,0.054509986,fast_test,weighted,0.4019046127796173
3-2,3,2,3,0,0.020557972,fast_test,weighted,0.4019046127796173
3-3,3,3,3,0,0.20291263,fast_test,weighted,0.4019046127796173
3-4,3,4,3,0,0.020177456,fast_test,weighted,0.4019046127796173
3-5,3,5,3,0,0.12665978,fast_test,weighted,0.4019046127796173
3-6,3,6,3,1,0.20454298,fast_test,weighted,0.4019046127796173
3-7,3,7,3,0,0.04957401,fast_test,weighted,0.4019046127796173
3-8,3,8,3,0,0.0137971165,fast_test,weighted,0.4019046127796173
3-9,3,9,3,0,0.11494395,fast_test,weighted,0.4019046127796173
3-10,3,10,3,0,0.022870693,fast_test,weighted,0.4019046127796173
3-11,3,11,3,0,0.019367745,fast_test,weighted,0.4019046127796173
3-12,3,12,3,0,0.0776514,fast_test,weighted,0.4019046127796173
4-0,4,0,4,0,0.0025726638,fast_test,weighted,0.47652116417884827
4-1,4,1,4,0,0.0021922376,fast_test,weighted,0.47652116417884827
4-2,4,2,4,0,0.00973336,fast_test,weighted,0.47652116417884827
4-3,4,3,4,1,0.8671155,fast_test,weighted,0.47652116417884827
4-4,4,4,4,0,0.0016249671,fast_test,weighted,0.47652116417884827
4-5,4,5,4,1,0.6490225,fast_test,weighted,0.47652116417884827
4-6,4,6,4,1,0.79453856,fast_test,weighted,0.47652116417884827
4-7,4,7,4,0,0.0023832414,fast_test,weighted,0.47652116417884827
4-8,4,8,4,1,0.8881276,fast_test,weighted,0.47652116417884827
4-9,4,9,4,0,0.0075832927,fast_test,weighted,0.47652116417884827
4-10,4,10,4,0,0.0024353212,fast_test,weighted,0.47652116417884827
4-11,4,11,4,1,0.81046104,fast_test,weighted,0.47652116417884827
4-12,4,12,4,1,0.82642365,fast_test,weighted,0.47652116417884827
5-0,5,0,4,0,0.14780094,fast_test,weighted,0.47652116417884827
5-1,5,1,4,0,0.24148513,fast_test,weighted,0.47652116417884827
5-2,5,2,4,0,0.5995951,fast_test,weighted,0.47652116417884827
5-3,5,3,4,0,0.33906093,fast_test,weighted,0.47652116417884827
5-4,5,4,4,0,0.103304975,fast_test,weighted,0.47652116417884827
5-5,5,5,4,0,0.12594797,fast_test,weighted,0.47652116417884827
5-6,5,6,4,1,0.35467467,fast_test,weighted,0.47652116417884827
5-7,5,7,4,0,0.13980323,fast_test,weighted,0.47652116417884827
5-8,5,8,4,0,0.32330433,fast_test,weighted,0.47652116417884827
5-9,5,9,4,0,0.48436058,fast_test,weighted,0.47652116417884827
5-10,5,10,4,0,0.067178756,fast_test,weighted,0.47652116417884827
5-11,5,11,4,0,0.23187119,fast_test,weighted,0.47652116417884827
5-12,5,12,4,0,0.25705293,fast_test,weighted,0.47652116417884827
6-0,6,0,1,0,0.7399224,fast_test,weighted,0.47783273458480835
6-1,6,1,1,0,0.7451556,fast_test,weighted,0.47783273458480835
6-2,6,2,1,0,0.48102427,fast_test,weighted,0.47783273458480835
6-3,6,3,1,0,0.52362674,fast_test,weighted,0.47783273458480835
6-4,6,4,1,0,0.27800775,fast_test,weighted,0.47783273458480835
6-5,6,5,1,0,0.33359268,fast_test,weighted,0.47783273458480835
6-6,6,6,1,1,0.044870462,fast_test,weighted,0.47783273458480835
6-7,6,7,1,0,0.58644164,fast_test,weighted,0.47783273458480835
6-8,6,8,1,0,0.26253527,fast_test,weighted,0.47783273458480835
6-9,6,9,1,0,0.7493969,fast_test,weighted,0.47783273458480835
6-10,6,10,1,1,0.034195557,fast_test,weighted,0.47783273458480835
6-11,6,11,1,1,0.077576,fast_test,weighted,0.47783273458480835
6-12,6,12,1,0,0.43051672,fast_test,weighted,0.47783273458480835
7-0,7,0,4,0,0.0383967,fast_test,weighted,0.47652116417884827
7-1,7,1,4,0,0.054168627,fast_test,weighted,0.47652116417884827
7-2,7,2,4,0,0.20910895,fast_test,weighted,0.47652116417884827
7-3,7,3,4,0,0.11961562,fast_test,weighted,0.47652116417884827
7-4,7,4,4,0,0.024989631,fast_test,weighted,0.47652116417884827
7-5,7,5,4,0,0.024829961,fast_test,weighted,0.47652116417884827
7-6,7,6,4,1,0.329671,fast_test,weighted,0.47652116417884827
7-7,7,7,4,0,0.028497448,fast_test,weighted,0.47652116417884827
7-8,7,8,4,0,0.08802782,fast_test,weighted,0.47652116417884827
7-9,7,9,4,0,0.14225787,fast_test,weighted,0.47652116417884827
7-10,7,10,4,1,0.09282585,fast_test,weighted,0.47652116417884827
7-11,7,11,4,0,0.06507689,fast_test,weighted,0.47652116417884827
7-12,7,12,4,0,0.065653056,fast_test,weighted,0.47652116417884827
8-0,8,0,3,0,0.05753735,fast_test,weighted,0.4019046127796173
8-1,8,1,3,0,0.035138775,fast_test,weighted,0.4019046127796173
8-2,8,2,3,0,0.008626796,fast_test,weighted,0.4019046127796173
8-3,8,3,3,0,0.08266999,fast_test,weighted,0.4019046127796173
8-4,8,4,3,0,0.011422909,fast_test,weighted,0.4019046127796173
8-5,8,5,3,0,0.07293815,fast_test,weighted,0.4019046127796173
8-6,8,6,3,0,0.008993096,fast_test,weighted,0.4019046127796173
8-7,8,7,3,0,0.028032798,fast_test,weighted,0.4019046127796173
8-8,8,8,3,0,0.0075824787,fast_test,weighted,0.4019046127796173
8-9,8,9,3,0,0.06064177,fast_test,weighted,0.4019046127796173
8-10,8,10,3,0,0.01247006,fast_test,weighted,0.4019046127796173
8-11,8,11,3,0,0.010289617,fast_test,weighted,0.4019046127796173
8-12,8,12,3,0,0.04264795,fast_test,weighted,0.4019046127796173
9-0,9,0,3,0,0.0925274,fast_test,weighted,0.4019046127796173
9-1,9,1,3,0,0.094369516,fast_test,weighted,0.4019046127796173
9-2,9,2,3,0,0.02996728,fast_test,weighted,0.4019046127796173
9-3,9,3,3,0,0.16664052,fast_test,weighted,0.4019046127796173
9-4,9,4,3,1,0.16719975,fast_test,weighted,0.4019046127796173
9-5,9,5,3,1,0.6028759,fast_test,weighted,0.4019046127796173
9-6,9,6,3,0,0.028812367,fast_test,weighted,0.4019046127796173
9-7,9,7,3,0,0.063709736,fast_test,weighted,0.4019046127796173
9-8,9,8,3,1,0.17420162,fast_test,weighted,0.4019046127796173
9-9,9,9,3,1,0.550059,fast_test,weighted,0.4019046127796173
9-10,9,10,3,1,0.08071624,fast_test,weighted,0.4019046127796173
9-11,9,11,3,0,0.03872337,fast_test,weighted,0.4019046127796173
9-12,9,12,3,0,0.13683176,fast_test,weighted,0.4019046127796173
10-0,10,0,3,0,0.026736686,fast_test,weighted,0.4019046127796173
10-1,10,1,3,1,0.7654612,fast_test,weighted,0.4019046127796173
10-2,10,2,3,0,0.0053144153,fast_test,weighted,0.4019046127796173
10-3,10,3,3,0,0.059054933,fast_test,weighted,0.4019046127796173
10-4,10,4,3,0,0.0055690664,fast_test,weighted,0.4019046127796173
10-5,10,5,3,1,0.90782195,fast_test,weighted,0.4019046127796173
10-6,10,6,3,0,0.004761123,fast_test,weighted,0.4019046127796173
10-7,10,7,3,0,0.016752666,fast_test,weighted,0.4019046127796173
10-8,10,8,3,1,0.5448196,fast_test,weighted,0.4019046127796173
10-9,10,9,3,0,0.029855533,fast_test,weighted,0.4019046127796173
10-10,10,10,3,1,0.26544204,fast_test,weighted,0.4019046127796173
10-11,10,11,3,0,0.004943386,fast_test,weighted,0.4019046127796173
10-12,10,12,3,1,0.8006293,fast_test,weighted,0.4019046127796173
11-0,11,0,5,0,0.0018822325,fast_test,weighted,0.4379396438598633
11-1,11,1,5,0,0.0039899256,fast_test,weighted,0.4379396438598633
11-2,11,2,5,0,0.0013954273,fast_test,weighted,0.4379396438598633
11-3,11,3,5,0,0.005816843,fast_test,weighted,0.4379396438598633
11-4,11,4,5,0,0.0022963372,fast_test,weighted,0.4379396438598633
11-5,11,5,5,0,0.0030018245,fast_test,weighted,0.4379396438598633
11-6,11,6,5,0,0.008024878,fast_test,weighted,0.4379396438598633
11-7,11,7,5,0,0.003437037,fast_test,weighted,0.4379396438598633
11-8,11,8,5,0,0.0021555228,fast_test,weighted,0.4379396438598633
11-9,11,9,5,1,0.94486415,fast_test,weighted,0.4379396438598633
11-10,11,10,5,0,0.0019787664,fast_test,weighted,0.4379396438598633
11-11,11,11,5,0,0.001606873,fast_test,weighted,0.4379396438598633
11-12,11,12,5,0,0.004572115,fast_test,weighted,0.4379396438598633
12-0,12,0,3,0,0.07720843,fast_test,weighted,0.4019046127796173
12-1,12,1,3,0,0.0810334,fast_test,weighted,0.4019046127796173
12-2,12,2,3,0,0.0245687,fast_test,weighted,0.4019046127796173
12-3,12,3,3,0,0.14292166,fast_test,weighted,0.4019046127796173
12-4,12,4,3,0,0.026859948,fast_test,weighted,0.4019046127796173
12-5,12,5,3,0,0.16032785,fast_test,weighted,0.4019046127796173
12-6,12,6,3,0,0.02129717,fast_test,weighted,0.4019046127796173
12-7,12,7,3,0,0.10674937,fast_test,weighted,0.4019046127796173
12-8,12,8,3,0,0.029466566,fast_test,weighted,0.4019046127796173
12-9,12,9,3,0,0.15030183,fast_test,weighted,0.4019046127796173
12-10,12,10,3,0,0.021746755,fast_test,weighted,0.4019046127796173
12-11,12,11,3,0,0.026712462,fast_test,weighted,0.4019046127796173
12-12,12,12,3,0,0.12062517,fast_test,weighted,0.4019046127796173
13-0,13,0,2,0,0.5032041,fast_test,weighted,0.4574896991252899
13-1,13,1,2,0,0.7956579,fast_test,weighted,0.4574896991252899
13-2,13,2,2,0,0.81028175,fast_test,weighted,0.4574896991252899
13-3,13,3,2,0,0.9219199,fast_test,weighted,0.4574896991252899
13-4,13,4,2,0,0.57847863,fast_test,weighted,0.4574896991252899
13-5,13,5,2,0,0.7638269,fast_test,weighted,0.4574896991252899
13-6,13,6,2,0,0.17818525,fast_test,weighted,0.4574896991252899
13-7,13,7,2,0,0.6693837,fast_test,weighted,0.4574896991252899
13-8,13,8,2,0,0.92597055,fast_test,weighted,0.4574896991252899
13-9,13,9,2,0,0.903274,fast_test,weighted,0.4574896991252899
13-10,13,10,2,0,0.31502023,fast_test,weighted,0.4574896991252899
13-11,13,11,2,0,0.38924542,fast_test,weighted,0.4574896991252899
13-12,13,12,2,0,0.68127376,fast_test,weighted,0.4574896991252899
14-0,14,0,4,0,0.0021022144,fast_test,weighted,0.47652116417884827
14-1,14,1,4,0,0.0015979992,fast_test,weighted,0.47652116417884827
14-2,14,2,4,0,0.007657558,fast_test,weighted,0.47652116417884827
14-3,14,3,4,0,0.003869211,fast_test,weighted,0.47652116417884827
14-4,14,4,4,0,0.0013334932,fast_test,weighted,0.47652116417884827
14-5,14,5,4,0,0.0007005135,fast_test,weighted,0.47652116417884827
14-6,14,6,4,0,0.0023908834,fast_test,weighted,0.47652116417884827
14-7,14,7,4,0,0.0020275463,fast_test,weighted,0.47652116417884827
14-8,14,8,4,0,0.0049726507,fast_test,weighted,0.47652116417884827
14-9,14,9,4,0,0.006027966,fast_test,weighted,0.47652116417884827
14-10,14,10,4,0,0.0017153535,fast_test,weighted,0.47652116417884827
14-11,14,11,4,0,0.002101506,fast_test,weighted,0.47652116417884827
14-12,14,12,4,0,0.0027880894,fast_test,weighted,0.47652116417884827
15-0,15,0,3,1,0.16934773,fast_test,weighted,0.4019046127796173
15-1,15,1,3,1,0.1411351,fast_test,weighted,0.4019046127796173
15-2,15,2,3,1,0.046096366,fast_test,weighted,0.4019046127796173
15-3,15,3,3,1,0.4277772,fast_test,weighted,0.4019046127796173
15-4,15,4,3,1,0.051607933,fast_test,weighted,0.4019046127796173
15-5,15,5,3,1,0.27338728,fast_test,weighted,0.4019046127796173
15-6,15,6,3,1,0.039305862,fast_test,weighted,0.4019046127796173
15-7,15,7,3,1,0.1708813,fast_test,weighted,0.4019046127796173
15-8,15,8,3,1,0.050527394,fast_test,weighted,0.4019046127796173
15-9,15,9,3,0,0.35820207,fast_test,weighted,0.4019046127796173
15-10,15,10,3,1,0.042875387,fast_test,weighted,0.4019046127796173
15-11,15,11,3,1,0.057264633,fast_test,weighted,0.4019046127796173
15-12,15,12,3,1,0.19305755,fast_test,weighted,0.4019046127796173
16-0,16,0,5,0,0.0880947,fast_test,weighted,0.4379396438598633
16-1,16,1,5,0,0.25257412,fast_test,weighted,0.4379396438598633
16-2,16,2,5,0,0.09230267,fast_test,weighted,0.4379396438598633
16-3,16,3,5,0,0.15635586,fast_test,weighted,0.4379396438598633
16-4,16,4,5,0,0.1238049,fast_test,weighted,0.4379396438598633
16-5,16,5,5,0,0.049587596,fast_test,weighted,0.4379396438598633
16-6,16,6,5,0,0.29800943,fast_test,weighted,0.4379396438598633
16-7,16,7,5,0,0.16844656,fast_test,weighted,0.4379396438598633
16-8,16,8,5,0,0.13134775,fast_test,weighted,0.4379396438598633
16-9,16,9,5,0,0.25639504,fast_test,weighted,0.4379396438598633
16-10,16,10,5,0,0.019793335,fast_test,weighted,0.4379396438598633
16-11,16,11,5,0,0.09230267,fast_test,weighted,0.4379396438598633
16-12,16,12,5,0,0.18652523,fast_test,weighted,0.4379396438598633
17-0,17,0,1,0,0.93021774,fast_test,weighted,0.47783273458480835
17-1,17,1,1,0,0.93452746,fast_test,weighted,0.47783273458480835
17-2,17,2,1,0,0.8132048,fast_test,weighted,0.47783273458480835
17-3,17,3,1,1,0.009670965,fast_test,weighted,0.47783273458480835
17-4,17,4,1,0,0.6931909,fast_test,weighted,0.47783273458480835
17-5,17,5,1,1,0.0030448907,fast_test,weighted,0.47783273458480835
17-6,17,6,1,1,0.0042434707,fast_test,weighted,0.47783273458480835
17-7,17,7,1,0,0.8526207,fast_test,weighted,0.47783273458480835
17-8,17,8,1,1,0.004042863,fast_test,weighted,0.47783273458480835
17-9,17,9,1,0,0.94352925,fast_test,weighted,0.47783273458480835
17-10,17,10,1,1,0.003471893,fast_test,weighted,0.47783273458480835
17-11,17,11,1,1,0.007354928,fast_test,weighted,0.47783273458480835
17-12,17,12,1,1,0.007475948,fast_test,weighted,0.47783273458480835
18-0,18,0,5,0,0.15985376,fast_test,weighted,0.4379396438598633
18-1,18,1,5,0,0.4038054,fast_test,weighted,0.4379396438598633
18-2,18,2,5,0,0.16572824,fast_test,weighted,0.4379396438598633
18-3,18,3,5,0,0.35141817,fast_test,weighted,0.4379396438598633
18-4,18,4,5,0,0.22054121,fast_test,weighted,0.4379396438598633
18-5,18,5,5,0,0.094594054,fast_test,weighted,0.4379396438598633
18-6,18,6,5,0,0.5086653,fast_test,weighted,0.4379396438598633
18-7,18,7,5,0,0.19370535,fast_test,weighted,0.4379396438598633
18-8,18,8,5,0,0.25130448,fast_test,weighted,0.4379396438598633
18-9,18,9,5,0,0.40866327,fast_test,weighted,0.4379396438598633
18-10,18,10,5,0,0.068874784,fast_test,weighted,0.4379396438598633
18-11,18,11,5,0,0.18479227,fast_test,weighted,0.4379396438598633
18-12,18,12,5,0,0.37211663,fast_test,weighted,0.4379396438598633
19-0,19,0,2,0,0.051474035,fast_test,weighted,0.4574896991252899
19-1,19,1,2,0,0.13855213,fast_test,weighted,0.4574896991252899
19-2,19,2,2,0,0.16811176,fast_test,weighted,0.4574896991252899
19-3,19,3,2,0,0.2207865,fast_test,weighted,0.4574896991252899
19-4,19,4,2,0,0.05269311,fast_test,weighted,0.4574896991252899
19-5,19,5,2,0,0.07959688,fast_test,weighted,0.4574896991252899
19-6,19,6,2,0,0.043722104,fast_test,weighted,0.4574896991252899
19-7,19,7,2,0,0.031529985,fast_test,weighted,0.4574896991252899
19-8,19,8,2,0,0.24766892,fast_test,weighted,0.4574896991252899
19-9,19,9,2,0,0.19246213,fast_test,weighted,0.4574896991252899
19-10,19,10,2,0,0.024756541,fast_test,weighted,0.4574896991252899
19-11,19,11,2,0,0.026131641,fast_test,weighted,0.4574896991252899
19-12,19,12,2,0,0.06880299,fast_test,weighted,0.4574896991252899
20-0,20,0,5,0,0.0018822325,fast_test,weighted,0.4379396438598633
20-1,20,1,5,0,0.0048008002,fast_test,weighted,0.4379396438598633
20-2,20,2,5,0,0.0013954273,fast_test,weighted,0.4379396438598633
20-3,20,3,5,0,0.005816843,fast_test,weighted,0.4379396438598633
20-4,20,4,5,0,0.0017940003,fast_test,weighted,0.4379396438598633
20-5,20,5,5,0,0.0030588505,fast_test,weighted,0.4379396438598633
20-6,20,6,5,0,0.008195243,fast_test,weighted,0.4379396438598633
20-7,20,7,5,0,0.003437037,fast_test,weighted,0.4379396438598633
20-8,20,8,5,0,0.0021837624,fast_test,weighted,0.4379396438598633
20-9,20,9,5,0,0.0047968994,fast_test,weighted,0.4379396438598633
20-10,20,10,5,0,0.0018495886,fast_test,weighted,0.4379396438598633
20-11,20,11,5,0,0.0015459711,fast_test,weighted,0.4379396438598633
20-12,20,12,5,0,0.004572115,fast_test,weighted,0.4379396438598633
21-0,21,0,5,0,0.31825402,fast_test,weighted,0.4379396438598633
21-1,21,1,5,0,0.6124912,fast_test,weighted,0.4379396438598633
21-2,21,2,5,0,0.29191783,fast_test,weighted,0.4379396438598633
21-3,21,3,5,0,0.44605437,fast_test,weighted,0.4379396438598633
21-4,21,4,5,0,0.38838062,fast_test,weighted,0.4379396438598633
21-5,21,5,5,0,0.21443237,fast_test,weighted,0.4379396438598633
21-6,21,6,5,0,0.5849645,fast_test,weighted,0.4379396438598633
21-7,21,7,5,0,0.33417794,fast_test,weighted,0.4379396438598633
21-8,21,8,5,0,0.39748204,fast_test,weighted,0.4379396438598633
21-9,21,9,5,0,0.6172603,fast_test,weighted,0.4379396438598633
21-10,21,10,5,0,0.15674627,fast_test,weighted,0.4379396438598633
21-11,21,11,5,0,0.31225148,fast_test,weighted,0.4379396438598633
21-12,21,12,5,0,0.52295303,fast_test,weighted,0.4379396438598633
22-0,22,0,1,0,0.8012498,fast_test,weighted,0.47783273458480835
22-1,22,1,1,0,0.80728537,fast_test,weighted,0.47783273458480835
22-2,22,2,1,1,0.09903359,fast_test,weighted,0.47783273458480835
22-3,22,3,1,0,0.60900617,fast_test,weighted,0.47783273458480835
22-4,22,4,1,0,0.35301632,fast_test,weighted,0.47783273458480835
22-5,22,5,1,0,0.41808566,fast_test,weighted,0.47783273458480835
22-6,22,6,1,0,0.33812472,fast_test,weighted,0.47783273458480835
22-7,22,7,1,0,0.65198934,fast_test,weighted,0.47783273458480835
22-8,22,8,1,0,0.3310334,fast_test,weighted,0.47783273458480835
22-9,22,9,1,0,0.8110337,fast_test,weighted,0.47783273458480835
22-10,22,10,1,0,0.15620261,fast_test,weighted,0.47783273458480835
22-11,22,11,1,0,0.603426,fast_test,weighted,0.47783273458480835
22-12,22,12,1,0,0.51400435,fast_test,weighted,0.47783273458480835
23-0,23,0,1,0,0.9353287,fast_test,weighted,0.47783273458480835
23-1,23,1,1,0,0.9385207,fast_test,weighted,0.47783273458480835
23-2,23,2,1,0,0.8231975,fast_test,weighted,0.47783273458480835
23-3,23,3,1,1,0.048475184,fast_test,weighted,0.47783273458480835
23-4,23,4,1,0,0.7115081,fast_test,weighted,0.47783273458480835
23-5,23,5,1,0,0.7132362,fast_test,weighted,0.47783273458480835
23-6,23,6,1,0,0.64001834,fast_test,weighted,0.47783273458480835
23-7,23,7,1,0,0.86641794,fast_test,weighted,0.47783273458480835
23-8,23,8,1,0,0.6326474,fast_test,weighted,0.47783273458480835
23-9,23,9,1,0,0.9453266,fast_test,weighted,0.47783273458480835
23-10,23,10,1,0,0.45982644,fast_test,weighted,0.47783273458480835
23-11,23,11,1,0,0.8388447,fast_test,weighted,0.47783273458480835
23-12,23,12,1,0,0.78345746,fast_test,weighted,0.47783273458480835
24-0,24,0,1,0,0.3377812,fast_test,weighted,0.47783273458480835
24-1,24,1,1,0,0.37456384,fast_test,weighted,0.47783273458480835
24-2,24,2,1,0,0.15808673,fast_test,weighted,0.47783273458480835
24-3,24,3,1,0,0.20608664,fast_test,weighted,0.47783273458480835
24-4,24,4,1,0,0.07986246,fast_test,weighted,0.47783273458480835
24-5,24,5,1,0,0.092073545,fast_test,weighted,0.47783273458480835
24-6,24,6,1,1,0.1635879,fast_test,weighted,0.47783273458480835
24-7,24,7,1,0,0.18846314,fast_test,weighted,0.47783273458480835
24-8,24,8,1,0,0.11265105,fast_test,weighted,0.47783273458480835
24-9,24,9,1,0,0.3772595,fast_test,weighted,0.47783273458480835
24-10,24,10,1,0,0.05530076,fast_test,weighted,0.47783273458480835
24-11,24,11,1,0,0.21000068,fast_test,weighted,0.47783273458480835
24-12,24,12,1,0,0.18011335,fast_test,weighted,0.47783273458480835
25-0,25,0,2,0,0.04146428,fast_test,weighted,0.4574896991252899
25-1,25,1,2,0,0.082084045,fast_test,weighted,0.4574896991252899
25-2,25,2,2,0,0.103838906,fast_test,weighted,0.4574896991252899
25-3,25,3,2,0,0.17625839,fast_test,weighted,0.4574896991252899
25-4,25,4,2,0,0.022669733,fast_test,weighted,0.4574896991252899
25-5,25,5,2,0,0.046720415,fast_test,weighted,0.4574896991252899
25-6,25,6,2,0,0.021649811,fast_test,weighted,0.4574896991252899
25-7,25,7,2,0,0.025959238,fast_test,weighted,0.4574896991252899
25-8,25,8,2,0,0.1887393,fast_test,weighted,0.4574896991252899
25-9,25,9,2,0,0.14788543,fast_test,weighted,0.4574896991252899
25-10,25,10,2,0,0.010372434,fast_test,weighted,0.4574896991252899
25-11,25,11,2,0,0.015649958,fast_test,weighted,0.4574896991252899
25-12,25,12,2,0,0.049528595,fast_test,weighted,0.4574896991252899
26-0,26,0,1,0,0.249857,fast_test,weighted,0.47783273458480835
26-1,26,1,1,0,0.28335166,fast_test,weighted,0.47783273458480835
26-2,26,2,1,0,0.118573375,fast_test,weighted,0.47783273458480835
26-3,26,3,1,0,0.1701512,fast_test,weighted,0.47783273458480835
26-4,26,4,1,0,0.05419609,fast_test,weighted,0.47783273458480835
26-5,26,5,1,0,0.06275027,fast_test,weighted,0.47783273458480835
26-6,26,6,1,0,0.079636134,fast_test,weighted,0.47783273458480835
26-7,26,7,1,0,0.16062357,fast_test,weighted,0.47783273458480835
26-8,26,8,1,0,0.077332534,fast_test,weighted,0.47783273458480835
26-9,26,9,1,0,0.2526047,fast_test,weighted,0.47783273458480835
26-10,26,10,1,0,0.042095285,fast_test,weighted,0.47783273458480835
26-11,26,11,1,0,0.14929643,fast_test,weighted,0.47783273458480835
26-12,26,12,1,0,0.12788154,fast_test,weighted,0.47783273458480835
27-0,27,0,1,0,0.08383047,fast_test,weighted,0.47783273458480835
27-1,27,1,1,0,0.091157936,fast_test,weighted,0.47783273458480835
27-2,27,2,1,0,0.030535052,fast_test,weighted,0.47783273458480835
27-3,27,3,1,0,0.045814216,fast_test,weighted,0.47783273458480835
27-4,27,4,1,0,0.016729292,fast_test,weighted,0.47783273458480835
27-5,27,5,1,0,0.016546758,fast_test,weighted,0.47783273458480835
27-6,27,6,1,0,0.024254039,fast_test,weighted,0.47783273458480835
27-7,27,7,1,0,0.04209517,fast_test,weighted,0.47783273458480835
27-8,27,8,1,0,0.023814784,fast_test,weighted,0.47783273458480835
27-9,27,9,1,0,0.09211442,fast_test,weighted,0.47783273458480835
27-10,27,10,1,1,0.09454836,fast_test,weighted,0.47783273458480835
27-11,27,11,1,0,0.04268144,fast_test,weighted,0.47783273458480835
27-12,27,12,1,0,0.040848862,fast_test,weighted,0.47783273458480835
28-0,28,0,2,0,0.29426843,fast_test,weighted,0.4574896991252899
28-1,28,1,2,0,0.5760333,fast_test,weighted,0.4574896991252899
28-2,28,2,2,1,0.23497343,fast_test,weighted,0.4574896991252899
28-3,28,3,2,0,0.8102889,fast_test,weighted,0.4574896991252899
28-4,28,4,2,1,0.0727737,fast_test,weighted,0.4574896991252899
28-5,28,5,2,1,0.1182942,fast_test,weighted,0.4574896991252899
28-6,28,6,2,0,0.06737251,fast_test,weighted,0.4574896991252899
28-7,28,7,2,0,0.39492998,fast_test,weighted,0.4574896991252899
28-8,28,8,2,0,0.8071367,fast_test,weighted,0.4574896991252899
28-9,28,9,2,0,0.78143466,fast_test,weighted,0.4574896991252899
28-10,28,10,2,0,0.16491684,fast_test,weighted,0.4574896991252899
28-11,28,11,2,0,0.16809894,fast_test,weighted,0.4574896991252899
28-12,28,12,2,0,0.40335533,fast_test,weighted,0.4574896991252899
29-0,29,0,3,1,0.114842564,fast_test,weighted,0.4019046127796173
29-1,29,1,3,1,0.09264324,fast_test,weighted,0.4019046127796173
29-2,29,2,3,0,0.06784455,fast_test,weighted,0.4019046127796173
29-3,29,3,3,1,0.202544,fast_test,weighted,0.4019046127796173
29-4,29,4,3,0,0.07458939,fast_test,weighted,0.4019046127796173
29-5,29,5,3,1,0.14680855,fast_test,weighted,0.4019046127796173
29-6,29,6,3,1,0.024791082,fast_test,weighted,0.4019046127796173
29-7,29,7,3,1,0.113520004,fast_test,weighted,0.4019046127796173
29-8,29,8,3,1,0.027847696,fast_test,weighted,0.4019046127796173
29-9,29,9,3,1,0.12877472,fast_test,weighted,0.4019046127796173
29-10,29,10,3,0,0.031863526,fast_test,weighted,0.4019046127796173
29-11,29,11,3,1,0.03636917,fast_test,weighted,0.4019046127796173
29-12,29,12,3,1,0.13178343,fast_test,weighted,0.4019046127796173
30-0,30,0,2,0,0.004474763,fast_test,weighted,0.4574896991252899
30-1,30,1,2,0,0.011662202,fast_test,weighted,0.4574896991252899
30-2,30,2,2,0,0.012488994,fast_test,weighted,0.4574896991252899
30-3,30,3,2,0,0.010234937,fast_test,weighted,0.4574896991252899
30-4,30,4,2,0,0.0044302624,fast_test,weighted,0.4574896991252899
30-5,30,5,2,0,0.006114581,fast_test,weighted,0.4574896991252899
30-6,30,6,2,0,0.0034425799,fast_test,weighted,0.4574896991252899
30-7,30,7,2,0,0.0034034662,fast_test,weighted,0.4574896991252899
30-8,30,8,2,0,0.023553722,fast_test,weighted,0.4574896991252899
30-9,30,9,2,0,0.019030873,fast_test,weighted,0.4574896991252899
30-10,30,10,2,0,0.0016199287,fast_test,weighted,0.4574896991252899
30-11,30,11,2,0,0.0022135328,fast_test,weighted,0.4574896991252899
30-12,30,12,2,0,0.004531782,fast_test,weighted,0.4574896991252899
31-0,31,0,4,0,0.0021233985,fast_test,weighted,0.47652116417884827
31-1,31,1,4,0,0.0016141105,fast_test,weighted,0.47652116417884827
31-2,31,2,4,0,0.007835845,fast_test,weighted,0.47652116417884827
31-3,31,3,4,0,0.004077598,fast_test,weighted,0.47652116417884827
31-4,31,4,4,0,0.0011456863,fast_test,weighted,0.47652116417884827
31-5,31,5,4,0,0.0007241744,fast_test,weighted,0.47652116417884827
31-6,31,6,4,0,0.002342731,fast_test,weighted,0.47652116417884827
31-7,31,7,4,0,0.0020275463,fast_test,weighted,0.47652116417884827
31-8,31,8,4,0,0.0051162844,fast_test,weighted,0.47652116417884827
31-9,31,9,4,0,0.006088469,fast_test,weighted,0.47652116417884827
31-10,31,10,4,0,0.0017918326,fast_test,weighted,0.47652116417884827
31-11,31,11,4,0,0.002101506,fast_test,weighted,0.47652116417884827
31-12,31,12,4,0,0.0029122573,fast_test,weighted,0.47652116417884827
32-0,32,0,2,1,0.09689219,fast_test,weighted,0.4574896991252899
32-1,32,1,2,0,0.30924046,fast_test,weighted,0.4574896991252899
32-2,32,2,2,0,0.42288643,fast_test,weighted,0.4574896991252899
32-3,32,3,2,1,0.46114036,fast_test,weighted,0.4574896991252899
32-4,32,4,2,1,0.08858395,fast_test,weighted,0.4574896991252899
32-5,32,5,2,1,0.17637503,fast_test,weighted,0.4574896991252899
32-6,32,6,2,0,0.091461994,fast_test,weighted,0.4574896991252899
32-7,32,7,2,0,0.16116036,fast_test,weighted,0.4574896991252899
32-8,32,8,2,1,0.5026382,fast_test,weighted,0.4574896991252899
32-9,32,9,2,1,0.4712573,fast_test,weighted,0.4574896991252899
32-10,32,10,2,1,0.04316725,fast_test,weighted,0.4574896991252899
32-11,32,11,2,1,0.049475677,fast_test,weighted,0.4574896991252899
32-12,32,12,2,1,0.14476925,fast_test,weighted,0.4574896991252899
33-0,33,0,3,0,0.16934773,fast_test,weighted,0.4019046127796173
33-1,33,1,3,0,0.1411351,fast_test,weighted,0.4019046127796173
33-2,33,2,3,0,0.046096366,fast_test,weighted,0.4019046127796173
33-3,33,3,3,0,0.41682118,fast_test,weighted,0.4019046127796173
33-4,33,4,3,0,0.051727768,fast_test,weighted,0.4019046127796173
33-5,33,5,3,0,0.30530283,fast_test,weighted,0.4019046127796173
33-6,33,6,3,0,0.039305862,fast_test,weighted,0.4019046127796173
33-7,33,7,3,0,0.17393363,fast_test,weighted,0.4019046127796173
33-8,33,8,3,0,0.051028725,fast_test,weighted,0.4019046127796173
33-9,33,9,3,0,0.25953043,fast_test,weighted,0.4019046127796173
33-10,33,10,3,1,0.038567986,fast_test,weighted,0.4019046127796173
33-11,33,11,3,1,0.098278984,fast_test,weighted,0.4019046127796173
33-12,33,12,3,1,0.2298937,fast_test,weighted,0.4019046127796173
34-0,34,0,4,1,0.3572245,fast_test,weighted,0.47652116417884827
34-1,34,1,4,1,0.52340555,fast_test,weighted,0.47652116417884827
34-2,34,2,4,0,0.15276703,fast_test,weighted,0.47652116417884827
34-3,34,3,4,1,0.642485,fast_test,weighted,0.47652116417884827
34-4,34,4,4,0,0.013024467,fast_test,weighted,0.47652116417884827
34-5,34,5,4,1,0.2736864,fast_test,weighted,0.47652116417884827
34-6,34,6,4,0,0.042017136,fast_test,weighted,0.47652116417884827
34-7,34,7,4,0,0.030323045,fast_test,weighted,0.47652116417884827
34-8,34,8,4,1,0.61320573,fast_test,weighted,0.47652116417884827
34-9,34,9,4,1,0.7733562,fast_test,weighted,0.47652116417884827
34-10,34,10,4,0,0.026963882,fast_test,weighted,0.47652116417884827
34-11,34,11,4,1,0.5075527,fast_test,weighted,0.47652116417884827
34-12,34,12,4,0,0.04608275,fast_test,weighted,0.47652116417884827
35-0,35,0,4,0,0.002066944,fast_test,weighted,0.47652116417884827
35-1,35,1,4,0,0.0016811641,fast_test,weighted,0.47652116417884827
35-2,35,2,4,0,0.00792237,fast_test,weighted,0.47652116417884827
35-3,35,3,4,0,0.003752252,fast_test,weighted,0.47652116417884827
35-4,35,4,4,0,0.0011743881,fast_test,weighted,0.47652116417884827
35-5,35,5,4,1,0.83526945,fast_test,weighted,0.47652116417884827
35-6,35,6,4,1,0.9147098,fast_test,weighted,0.47652116417884827
35-7,35,7,4,0,0.0018456772,fast_test,weighted,0.47652116417884827
35-8,35,8,4,1,0.9560127,fast_test,weighted,0.47652116417884827
35-9,35,9,4,0,0.005493102,fast_test,weighted,0.47652116417884827
35-10,35,10,4,1,0.700599,fast_test,weighted,0.47652116417884827
35-11,35,11,4,0,0.002161135,fast_test,weighted,0.47652116417884827
35-12,35,12,4,0,0.0026686557,fast_test,weighted,0.47652116417884827
36-0,36,0,5,0,0.0020861072,fast_test,weighted,0.4379396438598633
36-1,36,1,5,1,0.8912411,fast_test,weighted,0.4379396438598633
36-2,36,2,5,0,0.0015952901,fast_test,weighted,0.4379396438598633
36-3,36,3,5,1,0.9213964,fast_test,weighted,0.4379396438598633
36-4,36,4,5,0,0.0013674665,fast_test,weighted,0.4379396438598633
36-5,36,5,5,1,0.09189085,fast_test,weighted,0.4379396438598633
36-6,36,6,5,0,0.0069218096,fast_test,weighted,0.4379396438598633
36-7,36,7,5,0,0.0029627103,fast_test,weighted,0.4379396438598633
36-8,36,8,5,1,0.8252864,fast_test,weighted,0.4379396438598633
36-9,36,9,5,1,0.893178,fast_test,weighted,0.4379396438598633
36-10,36,10,5,1,0.07151164,fast_test,weighted,0.4379396438598633
36-11,36,11,5,1,0.69436866,fast_test,weighted,0.4379396438598633
36-12,36,12,5,1,0.8657308,fast_test,weighted,0.4379396438598633
37-0,37,0,5,0,0.35886467,fast_test,weighted,0.4379396438598633
37-1,37,1,5,1,0.050007537,fast_test,weighted,0.4379396438598633
37-2,37,2,5,0,0.38027552,fast_test,weighted,0.4379396438598633
37-3,37,3,5,0,0.5373377,fast_test,weighted,0.4379396438598633
37-4,37,4,5,0,0.47700533,fast_test,weighted,0.4379396438598633
37-5,37,5,5,1,0.018044386,fast_test,weighted,0.4379396438598633
37-6,37,6,5,1,0.06463219,fast_test,weighted,0.4379396438598633
37-7,37,7,5,0,0.6091568,fast_test,weighted,0.4379396438598633
37-8,37,8,5,0,0.488575,fast_test,weighted,0.4379396438598633
37-9,37,9,5,0,0.67864084,fast_test,weighted,0.4379396438598633
37-10,37,10,5,0,0.09458128,fast_test,weighted,0.4379396438598633
37-11,37,11,5,0,0.4056328,fast_test,weighted,0.4379396438598633
37-12,37,12,5,1,0.040080752,fast_test,weighted,0.4379396438598633
38-0,38,0,3,0,0.14492041,fast_test,weighted,0.4019046127796173
38-1,38,1,3,0,0.114197105,fast_test,weighted,0.4019046127796173
38-2,38,2,3,1,0.25970554,fast_test,weighted,0.4019046127796173
38-3,38,3,3,0,0.25549802,fast_test,weighted,0.4019046127796173
38-4,38,4,3,0,0.031608,fast_test,weighted,0.4019046127796173
38-5,38,5,3,1,0.74745727,fast_test,weighted,0.4019046127796173
38-6,38,6,3,0,0.0326327,fast_test,weighted,0.4019046127796173
38-7,38,7,3,0,0.13422288,fast_test,weighted,0.4019046127796173
38-8,38,8,3,0,0.036163755,fast_test,weighted,0.4019046127796173
38-9,38,9,3,0,0.2156692,fast_test,weighted,0.4019046127796173
38-10,38,10,3,0,0.037749633,fast_test,weighted,0.4019046127796173
38-11,38,11,3,0,0.045486942,fast_test,weighted,0.4019046127796173
38-12,38,12,3,0,0.15523373,fast_test,weighted,0.4019046127796173
39-0,39,0,4,0,0.12275932,fast_test,weighted,0.47652116417884827
39-1,39,1,4,0,0.23341185,fast_test,weighted,0.47652116417884827
39-2,39,2,4,0,0.59121305,fast_test,weighted,0.47652116417884827
39-3,39,3,4,0,0.24824396,fast_test,weighted,0.47652116417884827
39-4,39,4,4,0,0.09987638,fast_test,weighted,0.47652116417884827
39-5,39,5,4,0,0.11901315,fast_test,weighted,0.47652116417884827
39-6,39,6,4,0,0.20704411,fast_test,weighted,0.47652116417884827
39-7,39,7,4,0,0.16394113,fast_test,weighted,0.47652116417884827
39-8,39,8,4,0,0.30709112,fast_test,weighted,0.47652116417884827
39-9,39,9,4,0,0.47428855,fast_test,weighted,0.47652116417884827
39-10,39,10,4,0,0.060209975,fast_test,weighted,0.47652116417884827
39-11,39,11,4,1,0.3387751,fast_test,weighted,0.47652116417884827
39-12,39,12,4,0,0.2470869,fast_test,weighted,0.47652116417884827
40-0,40,0,2,0,0.09995739,fast_test,weighted,0.4574896991252899
40-1,40,1,2,0,0.22171114,fast_test,weighted,0.4574896991252899
40-2,40,2,2,0,0.41262075,fast_test,weighted,0.4574896991252899
40-3,40,3,2,0,0.36916077,fast_test,weighted,0.4574896991252899
40-4,40,4,2,0,0.062746875,fast_test,weighted,0.4574896991252899
40-5,40,5,2,0,0.177347,fast_test,weighted,0.4574896991252899
40-6,40,6,2,0,0.041130334,fast_test,weighted,0.4574896991252899
40-7,40,7,2,0,0.08288283,fast_test,weighted,0.4574896991252899
40-8,40,8,2,0,0.49857518,fast_test,weighted,0.4574896991252899
40-9,40,9,2,0,0.33547544,fast_test,weighted,0.4574896991252899
40-10,40,10,2,0,0.044127215,fast_test,weighted,0.4574896991252899
40-11,40,11,2,0,0.049790613,fast_test,weighted,0.4574896991252899
40-12,40,12,2,0,0.1344425,fast_test,weighted,0.4574896991252899
41-0,41,0,3,0,0.6993659,fast_test,weighted,0.4019046127796173
41-1,41,1,3,1,0.13622423,fast_test,weighted,0.4019046127796173
41-2,41,2,3,0,0.33649403,fast_test,weighted,0.4019046127796173
41-3,41,3,3,1,0.35230273,fast_test,weighted,0.4019046127796173
41-4,41,4,3,0,0.38548952,fast_test,weighted,0.4019046127796173
41-5,41,5,3,1,0.29594433,fast_test,weighted,0.4019046127796173
41-6,41,6,3,1,0.039281003,fast_test,weighted,0.4019046127796173
41-7,41,7,3,1,0.17115355,fast_test,weighted,0.4019046127796173
41-8,41,8,3,0,0.37173936,fast_test,weighted,0.4019046127796173
41-9,41,9,3,1,0.1983161,fast_test,weighted,0.4019046127796173
41-10,41,10,3,1,0.052047025,fast_test,weighted,0.4019046127796173
41-11,41,11,3,1,0.057812534,fast_test,weighted,0.4019046127796173
41-12,41,12,3,1,0.20586331,fast_test,weighted,0.4019046127796173
42-0,42,0,1,0,0.5714754,fast_test,weighted,0.47783273458480835
42-1,42,1,1,0,0.63286537,fast_test,weighted,0.47783273458480835
42-2,42,2,1,0,0.3552014,fast_test,weighted,0.47783273458480835
42-3,42,3,1,0,0.3443317,fast_test,weighted,0.47783273458480835
42-4,42,4,1,0,0.15117423,fast_test,weighted,0.47783273458480835
42-5,42,5,1,0,0.22929537,fast_test,weighted,0.47783273458480835
42-6,42,6,1,0,0.15367614,fast_test,weighted,0.47783273458480835
42-7,42,7,1,0,0.39122072,fast_test,weighted,0.47783273458480835
42-8,42,8,1,0,0.17895192,fast_test,weighted,0.47783273458480835
42-9,42,9,1,0,0.58407444,fast_test,weighted,0.47783273458480835
42-10,42,10,1,0,0.09114107,fast_test,weighted,0.47783273458480835
42-11,42,11,1,0,0.3895719,fast_test,weighted,0.47783273458480835
42-12,42,12,1,0,0.30260912,fast_test,weighted,0.47783273458480835
43-0,43,0,5,0,0.014467876,fast_test,weighted,0.4379396438598633
43-1,43,1,5,0,0.04656059,fast_test,weighted,0.4379396438598633
43-2,43,2,5,0,0.01346488,fast_test,weighted,0.4379396438598633
43-3,43,3,5,0,0.06959032,fast_test,weighted,0.4379396438598633
43-4,43,4,5,0,0.011973028,fast_test,weighted,0.4379396438598633
43-5,43,5,5,0,0.016761731,fast_test,weighted,0.4379396438598633
43-6,43,6,5,0,0.06024112,fast_test,weighted,0.4379396438598633
43-7,43,7,5,0,0.023578228,fast_test,weighted,0.4379396438598633
43-8,43,8,5,1,0.5184235,fast_test,weighted,0.4379396438598633
43-9,43,9,5,0,0.047462873,fast_test,weighted,0.4379396438598633
43-10,43,10,5,0,0.010470716,fast_test,weighted,0.4379396438598633
43-11,43,11,5,0,0.014396667,fast_test,weighted,0.4379396438598633
43-12,43,12,5,0,0.032439116,fast_test,weighted,0.4379396438598633
44-0,44,0,1,0,0.019812541,fast_test,weighted,0.47783273458480835
44-1,44,1,1,1,0.93452746,fast_test,weighted,0.47783273458480835
44-2,44,2,1,0,0.007065237,fast_test,weighted,0.47783273458480835
44-3,44,3,1,0,0.009670965,fast_test,weighted,0.47783273458480835
44-4,44,4,1,0,0.0033615876,fast_test,weighted,0.47783273458480835
44-5,44,5,1,0,0.0030448907,fast_test,weighted,0.47783273458480835
44-6,44,6,1,0,0.0042434707,fast_test,weighted,0.47783273458480835
44-7,44,7,1,0,0.011391586,fast_test,weighted,0.47783273458480835
44-8,44,8,1,0,0.004042863,fast_test,weighted,0.47783273458480835
44-9,44,9,1,0,0.017849257,fast_test,weighted,0.47783273458480835
44-10,44,10,1,0,0.004556715,fast_test,weighted,0.47783273458480835
44-11,44,11,1,0,0.007354928,fast_test,weighted,0.47783273458480835
44-12,44,12,1,0,0.007475948,fast_test,weighted,0.47783273458480835
45-0,45,0,2,0,0.0076275384,fast_test,weighted,0.4574896991252899
45-1,45,1,2,0,0.017649887,fast_test,weighted,0.4574896991252899
45-2,45,2,2,0,0.014204927,fast_test,weighted,0.4574896991252899
45-3,45,3,2,0,0.023623155,fast_test,weighted,0.4574896991252899
45-4,45,4,2,0,0.005386307,fast_test,weighted,0.4574896991252899
45-5,45,5,2,0,0.013615321,fast_test,weighted,0.4574896991252899
45-6,45,6,2,0,0.005169175,fast_test,weighted,0.4574896991252899
45-7,45,7,2,0,0.0043473057,fast_test,weighted,0.4574896991252899
45-8,45,8,2,0,0.037212938,fast_test,weighted,0.4574896991252899
45-9,45,9,2,0,0.032509044,fast_test,weighted,0.4574896991252899
45-10,45,10,2,0,0.0038508668,fast_test,weighted,0.4574896991252899
45-11,45,11,2,0,0.0036255196,fast_test,weighted,0.4574896991252899
45-12,45,12,2,0,0.008551334,fast_test,weighted,0.4574896991252899
46-0,46,0,5,0,0.087430075,fast_test,weighted,0.4379396438598633
46-1,46,1,5,0,0.24629675,fast_test,weighted,0.4379396438598633
46-2,46,2,5,0,0.08638547,fast_test,weighted,0.4379396438598633
46-3,46,3,5,0,0.21708365,fast_test,weighted,0.4379396438598633
46-4,46,4,5,0,0.06825719,fast_test,weighted,0.4379396438598633
46-5,46,5,5,0,0.04422908,fast_test,weighted,0.4379396438598633
46-6,46,6,5,0,0.31114507,fast_test,weighted,0.4379396438598633
46-7,46,7,5,0,0.10829279,fast_test,weighted,0.4379396438598633
46-8,46,8,5,0,0.1419496,fast_test,weighted,0.4379396438598633
46-9,46,9,5,0,0.16943085,fast_test,weighted,0.4379396438598633
46-10,46,10,5,0,0.025325825,fast_test,weighted,0.4379396438598633
46-11,46,11,5,0,0.09738796,fast_test,weighted,0.4379396438598633
46-12,46,12,5,0,0.21115324,fast_test,weighted,0.4379396438598633
47-0,47,0,1,0,0.047315784,fast_test,weighted,0.47783273458480835
47-1,47,1,1,0,0.041729134,fast_test,weighted,0.47783273458480835
47-2,47,2,1,0,0.012894811,fast_test,weighted,0.47783273458480835
47-3,47,3,1,0,0.028954407,fast_test,weighted,0.47783273458480835
47-4,47,4,1,0,0.008010584,fast_test,weighted,0.47783273458480835
47-5,47,5,1,0,0.008859766,fast_test,weighted,0.47783273458480835
47-6,47,6,1,0,0.009707578,fast_test,weighted,0.47783273458480835
47-7,47,7,1,0,0.018968996,fast_test,weighted,0.47783273458480835
47-8,47,8,1,0,0.009251058,fast_test,weighted,0.47783273458480835
47-9,47,9,1,0,0.054643884,fast_test,weighted,0.47783273458480835
47-10,47,10,1,0,0.008157799,fast_test,weighted,0.47783273458480835
47-11,47,11,1,0,0.017191237,fast_test,weighted,0.47783273458480835
47-12,47,12,1,0,0.017471258,fast_test,weighted,0.47783273458480835
48-0,48,0,5,0,0.5064258,fast_test,weighted,0.4379396438598633
48-1,48,1,5,0,0.77105755,fast_test,weighted,0.4379396438598633
48-2,48,2,5,0,0.4016903,fast_test,weighted,0.4379396438598633
48-3,48,3,5,0,0.7829722,fast_test,weighted,0.4379396438598633
48-4,48,4,5,0,0.59314394,fast_test,weighted,0.4379396438598633
48-5,48,5,5,0,0.04160901,fast_test,weighted,0.4379396438598633
48-6,48,6,5,0,0.8121086,fast_test,weighted,0.4379396438598633
48-7,48,7,5,0,0.60344875,fast_test,weighted,0.4379396438598633
48-8,48,8,5,0,0.56947464,fast_test,weighted,0.4379396438598633
48-9,48,9,5,0,0.7926101,fast_test,weighted,0.4379396438598633
48-10,48,10,5,0,0.03458602,fast_test,weighted,0.4379396438598633
48-11,48,11,5,0,0.49834526,fast_test,weighted,0.4379396438598633
48-12,48,12,5,0,0.71241534,fast_test,weighted,0.4379396438598633
49-0,49,0,3,0,0.009728177,fast_test,weighted,0.4019046127796173
49-1,49,1,3,0,0.0058491286,fast_test,weighted,0.4019046127796173
49-2,49,2,3,0,0.0021972845,fast_test,weighted,0.4019046127796173
49-3,49,3,3,0,0.023380253,fast_test,weighted,0.4019046127796173
49-4,49,4,3,0,0.0017511718,fast_test,weighted,0.4019046127796173
49-5,49,5,3,0,0.012445509,fast_test,weighted,0.4019046127796173
49-6,49,6,3,0,0.0018305235,fast_test,weighted,0.4019046127796173
49-7,49,7,3,0,0.0069421087,fast_test,weighted,0.4019046127796173
49-8,49,8,3,0,0.0014546161,fast_test,weighted,0.4019046127796173
49-9,49,9,3,0,0.01160255,fast_test,weighted,0.4019046127796173
49-10,49,10,3,0,0.0022150278,fast_test,weighted,0.4019046127796173
49-11,49,11,3,0,0.0018718732,fast_test,weighted,0.4019046127796173
49-12,49,12,3,0,0.0078069633,fast_test,weighted,0.4019046127796173
50-0,50,0,2,0,0.12628633,fast_test,weighted,0.4574896991252899
50-1,50,1,2,0,0.23660612,fast_test,weighted,0.4574896991252899
50-2,50,2,2,0,0.32406518,fast_test,weighted,0.4574896991252899
50-3,50,3,2,0,0.42084497,fast_test,weighted,0.4574896991252899
50-4,50,4,2,0,0.09493202,fast_test,weighted,0.4574896991252899
50-5,50,5,2,0,0.1519442,fast_test,weighted,0.4574896991252899
50-6,50,6,2,0,0.066774786,fast_test,weighted,0.4574896991252899
50-7,50,7,2,1,0.10475761,fast_test,weighted,0.4574896991252899
50-8,50,8,2,1,0.41930753,fast_test,weighted,0.4574896991252899
50-9,50,9,2,1,0.40833703,fast_test,weighted,0.4574896991252899
50-10,50,10,2,0,0.043061502,fast_test,weighted,0.4574896991252899
50-11,50,11,2,0,0.043427054,fast_test,weighted,0.4574896991252899
50-12,50,12,2,0,0.15770188,fast_test,weighted,0.4574896991252899
51-0,51,0,2,0,0.0462847,fast_test,weighted,0.4574896991252899
51-1,51,1,2,0,0.10006778,fast_test,weighted,0.4574896991252899
51-2,51,2,2,0,0.1082461,fast_test,weighted,0.4574896991252899
51-3,51,3,2,0,0.13112453,fast_test,weighted,0.4574896991252899
51-4,51,4,2,0,0.038178258,fast_test,weighted,0.4574896991252899
51-5,51,5,2,0,0.056654744,fast_test,weighted,0.4574896991252899
51-6,51,6,2,0,0.030433401,fast_test,weighted,0.4574896991252899
51-7,51,7,2,0,0.02677122,fast_test,weighted,0.4574896991252899
51-8,51,8,2,0,0.19093773,fast_test,weighted,0.4574896991252899
51-9,51,9,2,0,0.160872,fast_test,weighted,0.4574896991252899
51-10,51,10,2,0,0.012409145,fast_test,weighted,0.4574896991252899
51-11,51,11,2,0,0.01958605,fast_test,weighted,0.4574896991252899
51-12,51,12,2,0,0.05100843,fast_test,weighted,0.4574896991252899
52-0,52,0,5,1,0.112522386,fast_test,weighted,0.4379396438598633
52-1,52,1,5,1,0.27869627,fast_test,weighted,0.4379396438598633
52-2,52,2,5,0,0.08379774,fast_test,weighted,0.4379396438598633
52-3,52,3,5,1,0.349891,fast_test,weighted,0.4379396438598633
52-4,52,4,5,1,0.13619378,fast_test,weighted,0.4379396438598633
52-5,52,5,5,1,0.05399804,fast_test,weighted,0.4379396438598633
52-6,52,6,5,0,0.32700846,fast_test,weighted,0.4379396438598633
52-7,52,7,5,1,0.16582704,fast_test,weighted,0.4379396438598633
52-8,52,8,5,0,0.11552388,fast_test,weighted,0.4379396438598633
52-9,52,9,5,1,0.28276289,fast_test,weighted,0.4379396438598633
52-10,52,10,5,0,0.05169348,fast_test,weighted,0.4379396438598633
52-11,52,11,5,1,0.101658076,fast_test,weighted,0.4379396438598633
52-12,52,12,5,0,0.20737058,fast_test,weighted,0.4379396438598633
53-0,53,0,3,1,0.56486654,fast_test,weighted,0.4019046127796173
53-1,53,1,3,0,0.060318246,fast_test,weighted,0.4019046127796173
53-2,53,2,3,0,0.021909896,fast_test,weighted,0.4019046127796173
53-3,53,3,3,1,0.84477895,fast_test,weighted,0.4019046127796173
53-4,53,4,3,0,0.021327201,fast_test,weighted,0.4019046127796173
53-5,53,5,3,1,0.75580645,fast_test,weighted,0.4019046127796173
53-6,53,6,3,1,0.21622406,fast_test,weighted,0.4019046127796173
53-7,53,7,3,1,0.61585385,fast_test,weighted,0.4019046127796173
53-8,53,8,3,1,0.26271406,fast_test,weighted,0.4019046127796173
53-9,53,9,3,0,0.11711273,fast_test,weighted,0.4019046127796173
53-10,53,10,3,1,0.09425941,fast_test,weighted,0.4019046127796173
53-11,53,11,3,1,0.31299007,fast_test,weighted,0.4019046127796173
53-12,53,12,3,1,0.5525564,fast_test,weighted,0.4019046127796173
54-0,54,0,3,0,0.098782204,fast_test,weighted,0.4019046127796173
54-1,54,1,3,0,0.08357902,fast_test,weighted,0.4019046127796173
54-2,54,2,3,0,0.026509304,fast_test,weighted,0.4019046127796173
54-3,54,3,3,0,0.30972904,fast_test,weighted,0.4019046127796173
54-4,54,4,3,0,0.018133145,fast_test,weighted,0.4019046127796173
54-5,54,5,3,0,0.2122226,fast_test,weighted,0.4019046127796173
54-6,54,6,3,0,0.022985455,fast_test,weighted,0.4019046127796173
54-7,54,7,3,0,0.12000792,fast_test,weighted,0.4019046127796173
54-8,54,8,3,0,0.03958112,fast_test,weighted,0.4019046127796173
54-9,54,9,3,0,0.16949792,fast_test,weighted,0.4019046127796173
54-10,54,10,3,0,0.03773902,fast_test,weighted,0.4019046127796173
54-11,54,11,3,0,0.036936503,fast_test,weighted,0.4019046127796173
54-12,54,12,3,0,0.13339,fast_test,weighted,0.4019046127796173
55-0,55,0,5,0,0.2564634,fast_test,weighted,0.4379396438598633
55-1,55,1,5,0,0.53871506,fast_test,weighted,0.4379396438598633
55-2,55,2,5,0,0.15664847,fast_test,weighted,0.4379396438598633
55-3,55,3,5,0,0.3730275,fast_test,weighted,0.4379396438598633
55-4,55,4,5,0,0.2220409,fast_test,weighted,0.4379396438598633
55-5,55,5,5,0,0.1732812,fast_test,weighted,0.4379396438598633
55-6,55,6,5,0,0.5013889,fast_test,weighted,0.4379396438598633
55-7,55,7,5,0,0.43761963,fast_test,weighted,0.4379396438598633
55-8,55,8,5,0,0.3479576,fast_test,weighted,0.4379396438598633
55-9,55,9,5,0,0.5437158,fast_test,weighted,0.4379396438598633
55-10,55,10,5,0,0.13568066,fast_test,weighted,0.4379396438598633
55-11,55,11,5,0,0.24423282,fast_test,weighted,0.4379396438598633
55-12,55,12,5,0,0.3457102,fast_test,weighted,0.4379396438598633
56-0,56,0,1,1,0.19029766,fast_test,weighted,0.47783273458480835
56-1,56,1,1,1,0.22592764,fast_test,weighted,0.47783273458480835
56-2,56,2,1,1,0.08079436,fast_test,weighted,0.47783273458480835
56-3,56,3,1,1,0.109435335,fast_test,weighted,0.47783273458480835
56-4,56,4,1,1,0.034887362,fast_test,weighted,0.47783273458480835
56-5,56,5,1,1,0.047821674,fast_test,weighted,0.47783273458480835
56-6,56,6,1,1,0.078161195,fast_test,weighted,0.47783273458480835
56-7,56,7,1,1,0.1609903,fast_test,weighted,0.47783273458480835
56-8,56,8,1,0,0.06386166,fast_test,weighted,0.47783273458480835
56-9,56,9,1,0,0.16964972,fast_test,weighted,0.47783273458480835
56-10,56,10,1,1,0.043032195,fast_test,weighted,0.47783273458480835
56-11,56,11,1,1,0.14189579,fast_test,weighted,0.47783273458480835
56-12,56,12,1,1,0.111177415,fast_test,weighted,0.47783273458480835
57-0,57,0,3,0,0.21184291,fast_test,weighted,0.4019046127796173
57-1,57,1,3,0,0.14658238,fast_test,weighted,0.4019046127796173
57-2,57,2,3,0,0.049463492,fast_test,weighted,0.4019046127796173
57-3,57,3,3,0,0.42761138,fast_test,weighted,0.4019046127796173
57-4,57,4,3,0,0.047478743,fast_test,weighted,0.4019046127796173
57-5,57,5,3,1,0.78792745,fast_test,weighted,0.4019046127796173
57-6,57,6,3,0,0.045586906,fast_test,weighted,0.4019046127796173
57-7,57,7,3,0,0.18360323,fast_test,weighted,0.4019046127796173
57-8,57,8,3,0,0.052561518,fast_test,weighted,0.4019046127796173
57-9,57,9,3,0,0.25361845,fast_test,weighted,0.4019046127796173
57-10,57,10,3,0,0.046018608,fast_test,weighted,0.4019046127796173
57-11,57,11,3,0,0.060843118,fast_test,weighted,0.4019046127796173
57-12,57,12,3,0,0.21488473,fast_test,weighted,0.4019046127796173
58-0,58,0,2,1,0.4788414,fast_test,weighted,0.4574896991252899
58-1,58,1,2,1,0.8050582,fast_test,weighted,0.4574896991252899
58-2,58,2,2,1,0.9101069,fast_test,weighted,0.4574896991252899
58-3,58,3,2,1,0.79599947,fast_test,weighted,0.4574896991252899
58-4,58,4,2,1,0.42537975,fast_test,weighted,0.4574896991252899
58-5,58,5,2,1,0.75661343,fast_test,weighted,0.4574896991252899
58-6,58,6,2,1,0.1869652,fast_test,weighted,0.4574896991252899
58-7,58,7,2,1,0.6378809,fast_test,weighted,0.4574896991252899
58-8,58,8,2,1,0.92990416,fast_test,weighted,0.4574896991252899
58-9,58,9,2,1,0.89441395,fast_test,weighted,0.4574896991252899
58-10,58,10,2,1,0.4011969,fast_test,weighted,0.4574896991252899
58-11,58,11,2,1,0.40332136,fast_test,weighted,0.4574896991252899
58-12,58,12,2,1,0.69391173,fast_test,weighted,0.4574896991252899
59-0,59,0,2,1,0.1824152,fast_test,weighted,0.4574896991252899
59-1,59,1,2,1,0.30449757,fast_test,weighted,0.4574896991252899
59-2,59,2,2,1,0.4010536,fast_test,weighted,0.4574896991252899
59-3,59,3,2,1,0.36900872,fast_test,weighted,0.4574896991252899
59-4,59,4,2,1,0.10777318,fast_test,weighted,0.4574896991252899
59-5,59,5,2,1,0.16221489,fast_test,weighted,0.4574896991252899
59-6,59,6,2,1,0.08410638,fast_test,weighted,0.4574896991252899
59-7,59,7,2,1,0.14768438,fast_test,weighted,0.4574896991252899
59-8,59,8,2,1,0.5074296,fast_test,weighted,0.4574896991252899
59-9,59,9,2,0,0.44866475,fast_test,weighted,0.4574896991252899
59-10,59,10,2,1,0.054945495,fast_test,weighted,0.4574896991252899
59-11,59,11,2,1,0.058237974,fast_test,weighted,0.4574896991252899
59-12,59,12,2,1,0.19478406,fast_test,weighted,0.4574896991252899
60-0,60,0,1,0,0.08383047,fast_test,weighted,0.47783273458480835
60-1,60,1,1,0,0.091157936,fast_test,weighted,0.47783273458480835
60-2,60,2,1,0,0.030212032,fast_test,weighted,0.47783273458480835
60-3,60,3,1,0,0.050845478,fast_test,weighted,0.47783273458480835
60-4,60,4,1,0,0.015020468,fast_test,weighted,0.47783273458480835
60-5,60,5,1,0,0.016546758,fast_test,weighted,0.47783273458480835
60-6,60,6,1,0,0.024254039,fast_test,weighted,0.47783273458480835
60-7,60,7,1,1,0.6572713,fast_test,weighted,0.47783273458480835
60-8,60,8,1,1,0.36065397,fast_test,weighted,0.47783273458480835
60-9,60,9,1,0,0.08252386,fast_test,weighted,0.47783273458480835
60-10,60,10,1,0,0.018627908,fast_test,weighted,0.47783273458480835
60-11,60,11,1,1,0.6030019,fast_test,weighted,0.47783273458480835
60-12,60,12,1,0,0.040848862,fast_test,weighted,0.47783273458480835
61-0,61,0,1,0,0.1942754,fast_test,weighted,0.47783273458480835
61-1,61,1,1,0,0.2103976,fast_test,weighted,0.47783273458480835
61-2,61,2,1,1,0.5184157,fast_test,weighted,0.47783273458480835
61-3,61,3,1,0,0.1245262,fast_test,weighted,0.47783273458480835
61-4,61,4,1,0,0.038632326,fast_test,weighted,0.47783273458480835
61-5,61,5,1,0,0.043215353,fast_test,weighted,0.47783273458480835
61-6,61,6,1,0,0.063616514,fast_test,weighted,0.47783273458480835
61-7,61,7,1,1,0.6192989,fast_test,weighted,0.47783273458480835
61-8,61,8,1,0,0.061863087,fast_test,weighted,0.47783273458480835
61-9,61,9,1,0,0.21161257,fast_test,weighted,0.47783273458480835
61-10,61,10,1,1,0.12556067,fast_test,weighted,0.47783273458480835
61-11,61,11,1,1,0.55227554,fast_test,weighted,0.47783273458480835
61-12,61,12,1,0,0.10426595,fast_test,weighted,0.47783273458480835
62-0,62,0,5,0,0.00082340685,fast_test,weighted,0.4379396438598633
62-1,62,1,5,0,0.002020174,fast_test,weighted,0.4379396438598633
62-2,62,2,5,0,0.0010279214,fast_test,weighted,0.4379396438598633
62-3,62,3,5,0,0.0042652967,fast_test,weighted,0.4379396438598633
62-4,62,4,5,0,0.00070664054,fast_test,weighted,0.4379396438598633
62-5,62,5,5,0,0.00125457,fast_test,weighted,0.4379396438598633
62-6,62,6,5,0,0.0031702602,fast_test,weighted,0.4379396438598633
62-7,62,7,5,0,0.0013064954,fast_test,weighted,0.4379396438598633
62-8,62,8,5,0,0.0024779802,fast_test,weighted,0.4379396438598633
62-9,62,9,5,0,0.0020611873,fast_test,weighted,0.4379396438598633
62-10,62,10,5,0,0.00094820117,fast_test,weighted,0.4379396438598633
62-11,62,11,5,1,0.8744102,fast_test,weighted,0.4379396438598633
62-12,62,12,5,0,0.0018963722,fast_test,weighted,0.4379396438598633
63-0,63,0,1,0,0.34264252,fast_test,weighted,0.47783273458480835
63-1,63,1,1,0,0.38584256,fast_test,weighted,0.47783273458480835
63-2,63,2,1,0,0.1662193,fast_test,weighted,0.47783273458480835
63-3,63,3,1,0,0.21284138,fast_test,weighted,0.47783273458480835
63-4,63,4,1,0,0.07842134,fast_test,weighted,0.47783273458480835
63-5,63,5,1,0,0.09413718,fast_test,weighted,0.47783273458480835
63-6,63,6,1,0,0.13248038,fast_test,weighted,0.47783273458480835
63-7,63,7,1,0,0.22633605,fast_test,weighted,0.47783273458480835
63-8,63,8,1,0,0.12909056,fast_test,weighted,0.47783273458480835
63-9,63,9,1,0,0.38627103,fast_test,weighted,0.47783273458480835
63-10,63,10,1,0,0.08085019,fast_test,weighted,0.47783273458480835
63-11,63,11,1,0,0.21501507,fast_test,weighted,0.47783273458480835
63-12,63,12,1,0,0.20919476,fast_test,weighted,0.47783273458480835
64-0,64,0,5,0,0.087430075,fast_test,weighted,0.4379396438598633
64-1,64,1,5,0,0.24629675,fast_test,weighted,0.4379396438598633
64-2,64,2,5,0,0.09738796,fast_test,weighted,0.4379396438598633
64-3,64,3,5,0,0.3289619,fast_test,weighted,0.4379396438598633
64-4,64,4,5,0,0.072113164,fast_test,weighted,0.4379396438598633
64-5,64,5,5,1,0.116004184,fast_test,weighted,0.4379396438598633
64-6,64,6,5,1,0.53314424,fast_test,weighted,0.4379396438598633
64-7,64,7,5,0,0.17278694,fast_test,weighted,0.4379396438598633
64-8,64,8,5,0,0.18404436,fast_test,weighted,0.4379396438598633
64-9,64,9,5,0,0.27051243,fast_test,weighted,0.4379396438598633
64-10,64,10,5,1,0.089486964,fast_test,weighted,0.4379396438598633
64-11,64,11,5,1,0.17727357,fast_test,weighted,0.4379396438598633
64-12,64,12,5,0,0.21115324,fast_test,weighted,0.4379396438598633
65-0,65,0,2,0,0.054402508,fast_test,weighted,0.4574896991252899
65-1,65,1,2,0,0.1413343,fast_test,weighted,0.4574896991252899
65-2,65,2,2,0,0.17216569,fast_test,weighted,0.4574896991252899
65-3,65,3,2,0,0.16061251,fast_test,weighted,0.4574896991252899
65-4,65,4,2,0,0.03737364,fast_test,weighted,0.4574896991252899
65-5,65,5,2,0,0.07821169,fast_test,weighted,0.4574896991252899
65-6,65,6,2,0,0.04578095,fast_test,weighted,0.4574896991252899
65-7,65,7,2,0,0.024614649,fast_test,weighted,0.4574896991252899
65-8,65,8,2,0,0.26405156,fast_test,weighted,0.4574896991252899
65-9,65,9,2,1,0.7740624,fast_test,weighted,0.4574896991252899
65-10,65,10,2,0,0.02386146,fast_test,weighted,0.4574896991252899
65-11,65,11,2,0,0.026980245,fast_test,weighted,0.4574896991252899
65-12,65,12,2,0,0.076739684,fast_test,weighted,0.4574896991252899
66-0,66,0,4,0,0.18270934,fast_test,weighted,0.47652116417884827
66-1,66,1,4,0,0.33125043,fast_test,weighted,0.47652116417884827
66-2,66,2,4,0,0.7010114,fast_test,weighted,0.47652116417884827
66-3,66,3,4,0,0.4406252,fast_test,weighted,0.47652116417884827
66-4,66,4,4,0,0.10351081,fast_test,weighted,0.47652116417884827
66-5,66,5,4,0,0.18016952,fast_test,weighted,0.47652116417884827
66-6,66,6,4,1,0.22068411,fast_test,weighted,0.47652116417884827
66-7,66,7,4,0,0.17252302,fast_test,weighted,0.47652116417884827
66-8,66,8,4,0,0.44959182,fast_test,weighted,0.47652116417884827
66-9,66,9,4,0,0.60614437,fast_test,weighted,0.47652116417884827
66-10,66,10,4,0,0.08535394,fast_test,weighted,0.47652116417884827
66-11,66,11,4,0,0.3173421,fast_test,weighted,0.47652116417884827
66-12,66,12,4,0,0.35192406,fast_test,weighted,0.47652116417884827
67-0,67,0,4,0,0.002066944,fast_test,weighted,0.47652116417884827
67-1,67,1,4,0,0.0016811641,fast_test,weighted,0.47652116417884827
67-2,67,2,4,0,0.00792237,fast_test,weighted,0.47652116417884827
67-3,67,3,4,0,0.0041824724,fast_test,weighted,0.47652116417884827
67-4,67,4,4,0,0.0011743881,fast_test,weighted,0.47652116417884827
67-5,67,5,4,0,0.00077052595,fast_test,weighted,0.47652116417884827
67-6,67,6,4,1,0.9138991,fast_test,weighted,0.47652116417884827
67-7,67,7,4,0,0.001809292,fast_test,weighted,0.47652116417884827
67-8,67,8,4,1,0.95408314,fast_test,weighted,0.47652116417884827
67-9,67,9,4,0,0.0060566496,fast_test,weighted,0.47652116417884827
67-10,67,10,4,1,0.700599,fast_test,weighted,0.47652116417884827
67-11,67,11,4,1,0.919552,fast_test,weighted,0.47652116417884827
67-12,67,12,4,0,0.0026686557,fast_test,weighted,0.47652116417884827
68-0,68,0,3,0,0.0067660618,fast_test,weighted,0.4019046127796173
68-1,68,1,3,0,0.0039743437,fast_test,weighted,0.4019046127796173
68-2,68,2,3,0,0.001585879,fast_test,weighted,0.4019046127796173
68-3,68,3,3,0,0.013926953,fast_test,weighted,0.4019046127796173
68-4,68,4,3,0,0.0014751687,fast_test,weighted,0.4019046127796173
68-5,68,5,3,0,0.009241488,fast_test,weighted,0.4019046127796173
68-6,68,6,3,0,0.001293408,fast_test,weighted,0.4019046127796173
68-7,68,7,3,0,0.0049454183,fast_test,weighted,0.4019046127796173
68-8,68,8,3,0,0.0009733596,fast_test,weighted,0.4019046127796173
68-9,68,9,3,0,0.008434573,fast_test,weighted,0.4019046127796173
68-10,68,10,3,0,0.0018547482,fast_test,weighted,0.4019046127796173
68-11,68,11,3,0,0.0013369336,fast_test,weighted,0.4019046127796173
68-12,68,12,3,0,0.0055306675,fast_test,weighted,0.4019046127796173
69-0,69,0,3,0,0.17279255,fast_test,weighted,0.4019046127796173
69-1,69,1,3,0,0.14117813,fast_test,weighted,0.4019046127796173
69-2,69,2,3,0,0.045459494,fast_test,weighted,0.4019046127796173
69-3,69,3,3,0,0.41690743,fast_test,weighted,0.4019046127796173
69-4,69,4,3,0,0.03777262,fast_test,weighted,0.4019046127796173
69-5,69,5,3,1,0.37618804,fast_test,weighted,0.4019046127796173
69-6,69,6,3,0,0.039156184,fast_test,weighted,0.4019046127796173
69-7,69,7,3,0,0.17093156,fast_test,weighted,0.4019046127796173
69-8,69,8,3,0,0.050544422,fast_test,weighted,0.4019046127796173
69-9,69,9,3,0,0.25959867,fast_test,weighted,0.4019046127796173
69-10,69,10,3,0,0.0490851,fast_test,weighted,0.4019046127796173
69-11,69,11,3,0,0.057283804,fast_test,weighted,0.4019046127796173
69-12,69,12,3,1,0.18500939,fast_test,weighted,0.4019046127796173
70-0,70,0,1,1,0.10903836,fast_test,weighted,0.47783273458480835
70-1,70,1,1,1,0.10628848,fast_test,weighted,0.47783273458480835
70-2,70,2,1,1,0.047368765,fast_test,weighted,0.47783273458480835
70-3,70,3,1,0,0.8176348,fast_test,weighted,0.47783273458480835
70-4,70,4,1,0,0.66765803,fast_test,weighted,0.47783273458480835
70-5,70,5,1,0,0.67686814,fast_test,weighted,0.47783273458480835
70-6,70,6,1,0,0.60242987,fast_test,weighted,0.47783273458480835
70-7,70,7,1,0,0.8541945,fast_test,weighted,0.47783273458480835
70-8,70,8,1,0,0.5947765,fast_test,weighted,0.47783273458480835
70-9,70,9,1,1,0.1415888,fast_test,weighted,0.47783273458480835
70-10,70,10,1,0,0.41238347,fast_test,weighted,0.47783273458480835
70-11,70,11,1,0,0.81605023,fast_test,weighted,0.47783273458480835
70-12,70,12,1,0,0.75713843,fast_test,weighted,0.47783273458480835
71-0,71,0,2,0,0.0036899347,fast_test,weighted,0.4574896991252899
71-1,71,1,2,0,0.008719677,fast_test,weighted,0.4574896991252899
71-2,71,2,2,0,0.01187166,fast_test,weighted,0.4574896991252899
71-3,71,3,2,0,0.013046485,fast_test,weighted,0.4574896991252899
71-4,71,4,2,0,0.0029998275,fast_test,weighted,0.4574896991252899
71-5,71,5,2,0,0.006531738,fast_test,weighted,0.4574896991252899
71-6,71,6,2,0,0.0032351005,fast_test,weighted,0.4574896991252899
71-7,71,7,2,0,0.0030108858,fast_test,weighted,0.4574896991252899
71-8,71,8,2,0,0.017704586,fast_test,weighted,0.4574896991252899
71-9,71,9,2,1,0.9062352,fast_test,weighted,0.4574896991252899
71-10,71,10,2,0,0.0024188235,fast_test,weighted,0.4574896991252899
71-11,71,11,2,0,0.0016510471,fast_test,weighted,0.4574896991252899
71-12,71,12,2,0,0.0043765195,fast_test,weighted,0.4574896991252899
72-0,72,0,5,0,0.26204544,fast_test,weighted,0.4379396438598633
72-1,72,1,5,1,0.040632818,fast_test,weighted,0.4379396438598633
72-2,72,2,5,0,0.19151017,fast_test,weighted,0.4379396438598633
72-3,72,3,5,0,0.52338237,fast_test,weighted,0.4379396438598633
72-4,72,4,5,0,0.24044824,fast_test,weighted,0.4379396438598633
72-5,72,5,5,0,0.048388083,fast_test,weighted,0.4379396438598633
72-6,72,6,5,0,0.485661,fast_test,weighted,0.4379396438598633
72-7,72,7,5,0,0.32814556,fast_test,weighted,0.4379396438598633
72-8,72,8,5,0,0.32286352,fast_test,weighted,0.4379396438598633
72-9,72,9,5,1,0.04142522,fast_test,weighted,0.4379396438598633
72-10,72,10,5,0,0.038048957,fast_test,weighted,0.4379396438598633
72-11,72,11,5,0,0.19151017,fast_test,weighted,0.4379396438598633
72-12,72,12,5,0,0.37994412,fast_test,weighted,0.4379396438598633
73-0,73,0,1,0,0.14685251,fast_test,weighted,0.47783273458480835
73-1,73,1,1,0,0.15873423,fast_test,weighted,0.47783273458480835
73-2,73,2,1,0,0.05456842,fast_test,weighted,0.47783273458480835
73-3,73,3,1,0,0.08087039,fast_test,weighted,0.47783273458480835
73-4,73,4,1,0,0.027887167,fast_test,weighted,0.47783273458480835
73-5,73,5,1,0,0.030229906,fast_test,weighted,0.47783273458480835
73-6,73,6,1,0,0.043565933,fast_test,weighted,0.47783273458480835
73-7,73,7,1,0,0.0752879,fast_test,weighted,0.47783273458480835
73-8,73,8,1,0,0.0432438,fast_test,weighted,0.47783273458480835
73-9,73,9,1,0,0.14471886,fast_test,weighted,0.47783273458480835
73-10,73,10,1,0,0.02622531,fast_test,weighted,0.47783273458480835
73-11,73,11,1,0,0.07629961,fast_test,weighted,0.47783273458480835
73-12,73,12,1,0,0.07388082,fast_test,weighted,0.47783273458480835
74-0,74,0,4,0,0.0383967,fast_test,weighted,0.47652116417884827
74-1,74,1,4,0,0.055199746,fast_test,weighted,0.47652116417884827
74-2,74,2,4,0,0.20910895,fast_test,weighted,0.47652116417884827
74-3,74,3,4,0,0.09653045,fast_test,weighted,0.47652116417884827
74-4,74,4,4,0,0.01781359,fast_test,weighted,0.47652116417884827
74-5,74,5,4,0,0.024829961,fast_test,weighted,0.47652116417884827
74-6,74,6,4,0,0.05845156,fast_test,weighted,0.47652116417884827
74-7,74,7,4,0,0.028497448,fast_test,weighted,0.47652116417884827
74-8,74,8,4,0,0.083784096,fast_test,weighted,0.47652116417884827
74-9,74,9,4,0,0.14225787,fast_test,weighted,0.47652116417884827
74-10,74,10,4,0,0.035551753,fast_test,weighted,0.47652116417884827
74-11,74,11,4,0,0.06690998,fast_test,weighted,0.47652116417884827
74-12,74,12,4,0,0.065653056,fast_test,weighted,0.47652116417884827
75-0,75,0,3,0,0.09833682,fast_test,weighted,0.4019046127796173
75-1,75,1,3,0,0.08075801,fast_test,weighted,0.4019046127796173
75-2,75,2,3,0,0.027924737,fast_test,weighted,0.4019046127796173
75-3,75,3,3,0,0.2161839,fast_test,weighted,0.4019046127796173
75-4,75,4,3,0,0.020571582,fast_test,weighted,0.4019046127796173
75-5,75,5,3,0,0.17209153,fast_test,weighted,0.4019046127796173
75-6,75,6,3,0,0.023462636,fast_test,weighted,0.4019046127796173
75-7,75,7,3,0,0.08859782,fast_test,weighted,0.4019046127796173
75-8,75,8,3,1,0.2536479,fast_test,weighted,0.4019046127796173
75-9,75,9,3,1,0.70555556,fast_test,weighted,0.4019046127796173
75-10,75,10,3,0,0.031541135,fast_test,weighted,0.4019046127796173
75-11,75,11,3,0,0.028690603,fast_test,weighted,0.4019046127796173
75-12,75,12,3,0,0.10331884,fast_test,weighted,0.4019046127796173
76-0,76,0,5,0,0.002010765,fast_test,weighted,0.4379396438598633
76-1,76,1,5,0,0.005709076,fast_test,weighted,0.4379396438598633
76-2,76,2,5,0,0.0023840533,fast_test,weighted,0.4379396438598633
76-3,76,3,5,0,0.01223554,fast_test,weighted,0.4379396438598633
76-4,76,4,5,0,0.0018419753,fast_test,weighted,0.4379396438598633
76-5,76,5,5,0,0.003299589,fast_test,weighted,0.4379396438598633
76-6,76,6,5,0,0.008061339,fast_test,weighted,0.4379396438598633
76-7,76,7,5,0,0.003261138,fast_test,weighted,0.4379396438598633
76-8,76,8,5,0,0.0020563398,fast_test,weighted,0.4379396438598633
76-9,76,9,5,0,0.0046655764,fast_test,weighted,0.4379396438598633
76-10,76,10,5,0,0.0026350266,fast_test,weighted,0.4379396438598633
76-11,76,11,5,0,0.0022638827,fast_test,weighted,0.4379396438598633
76-12,76,12,5,0,0.0049479767,fast_test,weighted,0.4379396438598633
77-0,77,0,3,1,0.10959059,fast_test,weighted,0.4019046127796173
77-1,77,1,3,1,0.07863383,fast_test,weighted,0.4019046127796173
77-2,77,2,3,0,0.094855905,fast_test,weighted,0.4019046127796173
77-3,77,3,3,0,0.6007172,fast_test,weighted,0.4019046127796173
77-4,77,4,3,1,0.020936454,fast_test,weighted,0.4019046127796173
77-5,77,5,3,1,0.18414736,fast_test,weighted,0.4019046127796173
77-6,77,6,3,0,0.08544601,fast_test,weighted,0.4019046127796173
77-7,77,7,3,0,0.3162331,fast_test,weighted,0.4019046127796173
77-8,77,8,3,0,0.10548606,fast_test,weighted,0.4019046127796173
77-9,77,9,3,1,0.16035868,fast_test,weighted,0.4019046127796173
77-10,77,10,3,1,0.037690397,fast_test,weighted,0.4019046127796173
77-11,77,11,3,1,0.03142466,fast_test,weighted,0.4019046127796173
77-12,77,12,3,1,0.116190635,fast_test,weighted,0.4019046127796173
78-0,78,0,1,0,0.25017723,fast_test,weighted,0.47783273458480835
78-1,78,1,1,1,0.60059243,fast_test,weighted,0.47783273458480835
78-2,78,2,1,0,0.09611195,fast_test,weighted,0.47783273458480835
78-3,78,3,1,0,0.15000492,fast_test,weighted,0.47783273458480835
78-4,78,4,1,0,0.052131996,fast_test,weighted,0.47783273458480835
78-5,78,5,1,0,0.052517354,fast_test,weighted,0.47783273458480835
78-6,78,6,1,1,0.16793542,fast_test,weighted,0.47783273458480835
78-7,78,7,1,0,0.13446017,fast_test,weighted,0.47783273458480835
78-8,78,8,1,0,0.07848972,fast_test,weighted,0.47783273458480835
78-9,78,9,1,1,0.6033456,fast_test,weighted,0.47783273458480835
78-10,78,10,1,0,0.048377167,fast_test,weighted,0.47783273458480835
78-11,78,11,1,1,0.37320304,fast_test,weighted,0.47783273458480835
78-12,78,12,1,0,0.1313856,fast_test,weighted,0.47783273458480835
79-0,79,0,3,0,0.031823583,fast_test,weighted,0.4019046127796173
79-1,79,1,3,0,0.023947496,fast_test,weighted,0.4019046127796173
79-2,79,2,3,0,0.0086946655,fast_test,weighted,0.4019046127796173
79-3,79,3,3,0,0.10235162,fast_test,weighted,0.4019046127796173
79-4,79,4,3,0,0.008222337,fast_test,weighted,0.4019046127796173
79-5,79,5,3,0,0.056624003,fast_test,weighted,0.4019046127796173
79-6,79,6,3,0,0.007112119,fast_test,weighted,0.4019046127796173
79-7,79,7,3,0,0.028659027,fast_test,weighted,0.4019046127796173
79-8,79,8,3,0,0.0063245213,fast_test,weighted,0.4019046127796173
79-9,79,9,3,0,0.046291586,fast_test,weighted,0.4019046127796173
79-10,79,10,3,0,0.008320258,fast_test,weighted,0.4019046127796173
79-11,79,11,3,0,0.008518646,fast_test,weighted,0.4019046127796173
79-12,79,12,3,0,0.034488827,fast_test,weighted,0.4019046127796173
80-0,80,0,1,1,0.9295024,fast_test,weighted,0.47783273458480835
80-1,80,1,1,1,0.93452746,fast_test,weighted,0.47783273458480835
80-2,80,2,1,0,0.007065237,fast_test,weighted,0.47783273458480835
80-3,80,3,1,0,0.011887024,fast_test,weighted,0.47783273458480835
80-4,80,4,1,0,0.004472408,fast_test,weighted,0.47783273458480835
80-5,80,5,1,1,0.6992988,fast_test,weighted,0.47783273458480835
80-6,80,6,1,0,0.0042434707,fast_test,weighted,0.47783273458480835
80-7,80,7,1,0,0.008335791,fast_test,weighted,0.47783273458480835
80-8,80,8,1,0,0.004042863,fast_test,weighted,0.47783273458480835
80-9,80,9,1,0,0.017385477,fast_test,weighted,0.47783273458480835
80-10,80,10,1,1,0.43952614,fast_test,weighted,0.47783273458480835
80-11,80,11,1,0,0.007354928,fast_test,weighted,0.47783273458480835
80-12,80,12,1,1,0.77151537,fast_test,weighted,0.47783273458480835
81-0,81,0,1,0,0.2515083,fast_test,weighted,0.47783273458480835
81-1,81,1,1,0,0.246158,fast_test,weighted,0.47783273458480835
81-2,81,2,1,0,0.09484033,fast_test,weighted,0.47783273458480835
81-3,81,3,1,0,0.15266407,fast_test,weighted,0.47783273458480835
81-4,81,4,1,0,0.05359311,fast_test,weighted,0.47783273458480835
81-5,81,5,1,0,0.052447964,fast_test,weighted,0.47783273458480835
81-6,81,6,1,0,0.074296735,fast_test,weighted,0.47783273458480835
81-7,81,7,1,0,0.15256019,fast_test,weighted,0.47783273458480835
81-8,81,8,1,0,0.073010504,fast_test,weighted,0.47783273458480835
81-9,81,9,1,0,0.2503805,fast_test,weighted,0.47783273458480835
81-10,81,10,1,0,0.056230765,fast_test,weighted,0.47783273458480835
81-11,81,11,1,0,0.12651564,fast_test,weighted,0.47783273458480835
81-12,81,12,1,0,0.12391592,fast_test,weighted,0.47783273458480835
82-0,82,0,5,0,0.013381475,fast_test,weighted,0.4379396438598633
82-1,82,1,5,0,0.040632818,fast_test,weighted,0.4379396438598633
82-2,82,2,5,0,0.011698923,fast_test,weighted,0.4379396438598633
82-3,82,3,5,0,0.06285869,fast_test,weighted,0.4379396438598633
82-4,82,4,5,0,0.011073778,fast_test,weighted,0.4379396438598633
82-5,82,5,5,0,0.01492076,fast_test,weighted,0.4379396438598633
82-6,82,6,5,1,0.53778267,fast_test,weighted,0.4379396438598633
82-7,82,7,5,0,0.023484053,fast_test,weighted,0.4379396438598633
82-8,82,8,5,1,0.3700849,fast_test,weighted,0.4379396438598633
82-9,82,9,5,0,0.04142522,fast_test,weighted,0.4379396438598633
82-10,82,10,5,0,0.0068830084,fast_test,weighted,0.4379396438598633
82-11,82,11,5,0,0.012510053,fast_test,weighted,0.4379396438598633
82-12,82,12,5,0,0.032953314,fast_test,weighted,0.4379396438598633
83-0,83,0,3,0,0.043691203,fast_test,weighted,0.4019046127796173
83-1,83,1,3,0,0.032180976,fast_test,weighted,0.4019046127796173
83-2,83,2,3,0,0.011316016,fast_test,weighted,0.4019046127796173
83-3,83,3,3,0,0.13022648,fast_test,weighted,0.4019046127796173
83-4,83,4,3,0,0.011898141,fast_test,weighted,0.4019046127796173
83-5,83,5,3,0,0.07450672,fast_test,weighted,0.4019046127796173
83-6,83,6,3,0,0.009215559,fast_test,weighted,0.4019046127796173
83-7,83,7,3,0,0.040523622,fast_test,weighted,0.4019046127796173
83-8,83,8,3,0,0.00802235,fast_test,weighted,0.4019046127796173
83-9,83,9,3,0,0.06303415,fast_test,weighted,0.4019046127796173
83-10,83,10,3,0,0.010778973,fast_test,weighted,0.4019046127796173
83-11,83,11,3,0,0.011735688,fast_test,weighted,0.4019046127796173
83-12,83,12,3,0,0.045476653,fast_test,weighted,0.4019046127796173
84-0,84,0,5,0,0.0015370168,fast_test,weighted,0.4379396438598633
84-1,84,1,5,0,0.0041912855,fast_test,weighted,0.4379396438598633
84-2,84,2,5,1,0.8235058,fast_test,weighted,0.4379396438598633
84-3,84,3,5,1,0.96116316,fast_test,weighted,0.4379396438598633
84-4,84,4,5,0,0.0021148832,fast_test,weighted,0.4379396438598633
84-5,84,5,5,0,0.0025054323,fast_test,weighted,0.4379396438598633
84-6,84,6,5,1,0.95690256,fast_test,weighted,0.4379396438598633
84-7,84,7,5,0,0.0029627103,fast_test,weighted,0.4379396438598633
84-8,84,8,5,1,0.8700972,fast_test,weighted,0.4379396438598633
84-9,84,9,5,0,0.0031400975,fast_test,weighted,0.4379396438598633
84-10,84,10,5,1,0.15147923,fast_test,weighted,0.4379396438598633
84-11,84,11,5,0,0.0014102255,fast_test,weighted,0.4379396438598633
84-12,84,12,5,1,0.9315679,fast_test,weighted,0.4379396438598633
85-0,85,0,1,0,0.22108048,fast_test,weighted,0.47783273458480835
85-1,85,1,1,0,0.2144482,fast_test,weighted,0.47783273458480835
85-2,85,2,1,0,0.08950928,fast_test,weighted,0.47783273458480835
85-3,85,3,1,0,0.1574881,fast_test,weighted,0.47783273458480835
85-4,85,4,1,0,0.06160057,fast_test,weighted,0.47783273458480835
85-5,85,5,1,0,0.042721104,fast_test,weighted,0.47783273458480835
85-6,85,6,1,0,0.04616445,fast_test,weighted,0.47783273458480835
85-7,85,7,1,0,0.087146655,fast_test,weighted,0.47783273458480835
85-8,85,8,1,0,0.044069786,fast_test,weighted,0.47783273458480835
85-9,85,9,1,0,0.19900368,fast_test,weighted,0.47783273458480835
85-10,85,10,1,0,0.041330706,fast_test,weighted,0.47783273458480835
85-11,85,11,1,0,0.09286317,fast_test,weighted,0.47783273458480835
85-12,85,12,1,0,0.10889682,fast_test,weighted,0.47783273458480835
86-0,86,0,1,0,0.4750328,fast_test,weighted,0.47783273458480835
86-1,86,1,1,0,0.5073361,fast_test,weighted,0.47783273458480835
86-2,86,2,1,1,0.29011294,fast_test,weighted,0.47783273458480835
86-3,86,3,1,0,0.35636148,fast_test,weighted,0.47783273458480835
86-4,86,4,1,0,0.1537045,fast_test,weighted,0.47783273458480835
86-5,86,5,1,0,0.15041302,fast_test,weighted,0.47783273458480835
86-6,86,6,1,0,0.2060077,fast_test,weighted,0.47783273458480835
86-7,86,7,1,1,0.3652328,fast_test,weighted,0.47783273458480835
86-8,86,8,1,0,0.20261261,fast_test,weighted,0.47783273458480835
86-9,86,9,1,0,0.51946473,fast_test,weighted,0.47783273458480835
86-10,86,10,1,0,0.10646344,fast_test,weighted,0.47783273458480835
86-11,86,11,1,0,0.31996232,fast_test,weighted,0.47783273458480835
86-12,86,12,1,0,0.31243187,fast_test,weighted,0.47783273458480835
87-0,87,0,4,0,0.0025726638,fast_test,weighted,0.47652116417884827
87-1,87,1,4,0,0.0021709176,fast_test,weighted,0.47652116417884827
87-2,87,2,4,0,0.0102117,fast_test,weighted,0.47652116417884827
87-3,87,3,4,0,0.004842419,fast_test,weighted,0.47652116417884827
87-4,87,4,4,0,0.0014203198,fast_test,weighted,0.47652116417884827
87-5,87,5,4,0,0.00093899143,fast_test,weighted,0.47652116417884827
87-6,87,6,4,0,0.0029722007,fast_test,weighted,0.47652116417884827
87-7,87,7,4,0,0.002501278,fast_test,weighted,0.47652116417884827
87-8,87,8,4,0,0.007020728,fast_test,weighted,0.47652116417884827
87-9,87,9,4,0,0.0075832927,fast_test,weighted,0.47652116417884827
87-10,87,10,4,0,0.0020530908,fast_test,weighted,0.47652116417884827
87-11,87,11,4,0,0.002763201,fast_test,weighted,0.47652116417884827
87-12,87,12,4,0,0.003445087,fast_test,weighted,0.47652116417884827
88-0,88,0,5,0,0.014467876,fast_test,weighted,0.4379396438598633
88-1,88,1,5,0,0.04656059,fast_test,weighted,0.4379396438598633
88-2,88,2,5,0,0.01346488,fast_test,weighted,0.4379396438598633
88-3,88,3,5,0,0.043151516,fast_test,weighted,0.4379396438598633
88-4,88,4,5,0,0.022061761,fast_test,weighted,0.4379396438598633
88-5,88,5,5,0,0.017338626,fast_test,weighted,0.4379396438598633
88-6,88,6,5,1,0.7685355,fast_test,weighted,0.4379396438598633
88-7,88,7,5,1,0.6098814,fast_test,weighted,0.4379396438598633
88-8,88,8,5,0,0.031543836,fast_test,weighted,0.4379396438598633
88-9,88,9,5,1,0.7257699,fast_test,weighted,0.4379396438598633
88-10,88,10,5,0,0.011225078,fast_test,weighted,0.4379396438598633
88-11,88,11,5,0,0.01633301,fast_test,weighted,0.4379396438598633
88-12,88,12,5,0,0.03572546,fast_test,weighted,0.4379396438598633
89-0,89,0,1,0,0.042209182,fast_test,weighted,0.47783273458480835
89-1,89,1,1,0,0.042979345,fast_test,weighted,0.47783273458480835
89-2,89,2,1,0,0.0133704245,fast_test,weighted,0.47783273458480835
89-3,89,3,1,0,0.0228206,fast_test,weighted,0.47783273458480835
89-4,89,4,1,0,0.007192256,fast_test,weighted,0.47783273458480835
89-5,89,5,1,0,0.0073308144,fast_test,weighted,0.47783273458480835
89-6,89,6,1,1,0.6860582,fast_test,weighted,0.47783273458480835
89-7,89,7,1,0,0.02025778,fast_test,weighted,0.47783273458480835
89-8,89,8,1,1,0.7083774,fast_test,weighted,0.47783273458480835
89-9,89,9,1,0,0.042911056,fast_test,weighted,0.47783273458480835
89-10,89,10,1,1,0.4960448,fast_test,weighted,0.47783273458480835
89-11,89,11,1,0,0.018486371,fast_test,weighted,0.47783273458480835
89-12,89,12,1,0,0.018384662,fast_test,weighted,0.47783273458480835
90-0,90,0,3,0,0.0925274,fast_test,weighted,0.4019046127796173
90-1,90,1,3,0,0.10129412,fast_test,weighted,0.4019046127796173
90-2,90,2,3,0,0.035031684,fast_test,weighted,0.4019046127796173
90-3,90,3,3,0,0.19306363,fast_test,weighted,0.4019046127796173
90-4,90,4,3,0,0.033126473,fast_test,weighted,0.4019046127796173
90-5,90,5,3,0,0.19630125,fast_test,weighted,0.4019046127796173
90-6,90,6,3,1,0.058118034,fast_test,weighted,0.4019046127796173
90-7,90,7,3,0,0.118961185,fast_test,weighted,0.4019046127796173
90-8,90,8,3,0,0.034404535,fast_test,weighted,0.4019046127796173
90-9,90,9,3,0,0.172893,fast_test,weighted,0.4019046127796173
90-10,90,10,3,0,0.02733886,fast_test,weighted,0.4019046127796173
90-11,90,11,3,1,0.083355114,fast_test,weighted,0.4019046127796173
90-12,90,12,3,0,0.14400947,fast_test,weighted,0.4019046127796173
91-0,91,0,3,1,0.114842564,fast_test,weighted,0.4019046127796173
91-1,91,1,3,0,0.17233631,fast_test,weighted,0.4019046127796173
91-2,91,2,3,0,0.061926782,fast_test,weighted,0.4019046127796173
91-3,91,3,3,0,0.45935416,fast_test,weighted,0.4019046127796173
91-4,91,4,3,0,0.05613122,fast_test,weighted,0.4019046127796173
91-5,91,5,3,0,0.31898722,fast_test,weighted,0.4019046127796173
91-6,91,6,3,0,0.059115056,fast_test,weighted,0.4019046127796173
91-7,91,7,3,0,0.21741648,fast_test,weighted,0.4019046127796173
91-8,91,8,3,0,0.06462583,fast_test,weighted,0.4019046127796173
91-9,91,9,3,0,0.2753128,fast_test,weighted,0.4019046127796173
91-10,91,10,3,1,0.024102507,fast_test,weighted,0.4019046127796173
91-11,91,11,3,0,0.094642416,fast_test,weighted,0.4019046127796173
91-12,91,12,3,1,0.13616107,fast_test,weighted,0.4019046127796173
92-0,92,0,5,0,0.30235484,fast_test,weighted,0.4379396438598633
92-1,92,1,5,0,0.6124912,fast_test,weighted,0.4379396438598633
92-2,92,2,5,0,0.29191783,fast_test,weighted,0.4379396438598633
92-3,92,3,5,0,0.69406325,fast_test,weighted,0.4379396438598633
92-4,92,4,5,0,0.4025085,fast_test,weighted,0.4379396438598633
92-5,92,5,5,1,0.08853244,fast_test,weighted,0.4379396438598633
92-6,92,6,5,0,0.6927721,fast_test,weighted,0.4379396438598633
92-7,92,7,5,0,0.49030954,fast_test,weighted,0.4379396438598633
92-8,92,8,5,1,0.25130448,fast_test,weighted,0.4379396438598633
92-9,92,9,5,0,0.47763783,fast_test,weighted,0.4379396438598633
92-10,92,10,5,0,0.15674627,fast_test,weighted,0.4379396438598633
92-11,92,11,5,0,0.31225148,fast_test,weighted,0.4379396438598633
92-12,92,12,5,0,0.57000333,fast_test,weighted,0.4379396438598633
93-0,93,0,5,0,0.35557786,fast_test,weighted,0.4379396438598633
93-1,93,1,5,0,0.6292294,fast_test,weighted,0.4379396438598633
93-2,93,2,5,0,0.25391513,fast_test,weighted,0.4379396438598633
93-3,93,3,5,0,0.62504,fast_test,weighted,0.4379396438598633
93-4,93,4,5,0,0.3070407,fast_test,weighted,0.4379396438598633
93-5,93,5,5,0,0.09966847,fast_test,weighted,0.4379396438598633
93-6,93,6,5,0,0.6807127,fast_test,weighted,0.4379396438598633
93-7,93,7,5,0,0.5120077,fast_test,weighted,0.4379396438598633
93-8,93,8,5,0,0.43161845,fast_test,weighted,0.4379396438598633
93-9,93,9,5,0,0.6339157,fast_test,weighted,0.4379396438598633
93-10,93,10,5,1,0.017625803,fast_test,weighted,0.4379396438598633
93-11,93,11,5,0,0.35449564,fast_test,weighted,0.4379396438598633
93-12,93,12,5,0,0.5428867,fast_test,weighted,0.4379396438598633
94-0,94,0,1,0,0.061988294,fast_test,weighted,0.47783273458480835
94-1,94,1,1,0,0.062322557,fast_test,weighted,0.47783273458480835
94-2,94,2,1,1,0.7405113,fast_test,weighted,0.47783273458480835
94-3,94,3,1,0,0.04558225,fast_test,weighted,0.47783273458480835
94-4,94,4,1,0,0.010776131,fast_test,weighted,0.47783273458480835
94-5,94,5,1,0,0.0115186665,fast_test,weighted,0.47783273458480835
94-6,94,6,1,0,0.01595058,fast_test,weighted,0.47783273458480835
94-7,94,7,1,0,0.031042062,fast_test,weighted,0.47783273458480835
94-8,94,8,1,1,0.55799675,fast_test,weighted,0.47783273458480835
94-9,94,9,1,0,0.060999457,fast_test,weighted,0.47783273458480835
94-10,94,10,1,0,0.012532133,fast_test,weighted,0.47783273458480835
94-11,94,11,1,0,0.028251963,fast_test,weighted,0.47783273458480835
94-12,94,12,1,0,0.027446814,fast_test,weighted,0.47783273458480835
95-0,95,0,2,1,0.25938645,fast_test,weighted,0.4574896991252899
95-1,95,1,2,0,0.11294581,fast_test,weighted,0.4574896991252899
95-2,95,2,2,0,0.15360613,fast_test,weighted,0.4574896991252899
95-3,95,3,2,1,0.66150886,fast_test,weighted,0.4574896991252899
95-4,95,4,2,0,0.027194936,fast_test,weighted,0.4574896991252899
95-5,95,5,2,1,0.528097,fast_test,weighted,0.4574896991252899
95-6,95,6,2,1,0.06481608,fast_test,weighted,0.4574896991252899
95-7,95,7,2,0,0.054137956,fast_test,weighted,0.4574896991252899
95-8,95,8,2,1,0.81851953,fast_test,weighted,0.4574896991252899
95-9,95,9,2,1,0.62661344,fast_test,weighted,0.4574896991252899
95-10,95,10,2,1,0.17335838,fast_test,weighted,0.4574896991252899
95-11,95,11,2,1,0.17462821,fast_test,weighted,0.4574896991252899
95-12,95,12,2,0,0.07261843,fast_test,weighted,0.4574896991252899
96-0,96,0,4,1,0.002066944,fast_test,weighted,0.47652116417884827
96-1,96,1,4,1,0.0016811641,fast_test,weighted,0.47652116417884827
96-2,96,2,4,1,0.008080702,fast_test,weighted,0.47652116417884827
96-3,96,3,4,1,0.0042663827,fast_test,weighted,0.47652116417884827
96-4,96,4,4,1,0.0011743881,fast_test,weighted,0.47652116417884827
96-5,96,5,4,1,0.00076302176,fast_test,weighted,0.47652116417884827
96-6,96,6,4,1,0.0022754192,fast_test,weighted,0.47652116417884827
96-7,96,7,4,1,0.0015488134,fast_test,weighted,0.47652116417884827
96-8,96,8,4,1,0.0052599264,fast_test,weighted,0.47652116417884827
96-9,96,9,4,1,0.005879722,fast_test,weighted,0.47652116417884827
96-10,96,10,4,1,0.0018860338,fast_test,weighted,0.47652116417884827
96-11,96,11,4,1,0.002161135,fast_test,weighted,0.47652116417884827
96-12,96,12,4,0,0.93369454,fast_test,weighted,0.47652116417884827
97-0,97,0,4,0,0.24778129,fast_test,weighted,0.47652116417884827
97-1,97,1,4,0,0.38848048,fast_test,weighted,0.47652116417884827
97-2,97,2,4,0,0.750525,fast_test,weighted,0.47652116417884827
97-3,97,3,4,0,0.5008554,fast_test,weighted,0.47652116417884827
97-4,97,4,4,0,0.19061053,fast_test,weighted,0.47652116417884827
97-5,97,5,4,0,0.21987942,fast_test,weighted,0.47652116417884827
97-6,97,6,4,0,0.34192535,fast_test,weighted,0.47652116417884827
97-7,97,7,4,0,0.23349883,fast_test,weighted,0.47652116417884827
97-8,97,8,4,0,0.48676494,fast_test,weighted,0.47652116417884827
97-9,97,9,4,1,0.62015986,fast_test,weighted,0.47652116417884827
97-10,97,10,4,1,0.10595219,fast_test,weighted,0.47652116417884827
97-11,97,11,4,0,0.37351137,fast_test,weighted,0.47652116417884827
97-12,97,12,4,0,0.3990356,fast_test,weighted,0.47652116417884827
98-0,98,0,1,0,0.14330736,fast_test,weighted,0.47783273458480835
98-1,98,1,1,1,0.93939376,fast_test,weighted,0.47783273458480835
98-2,98,2,1,0,0.03683258,fast_test,weighted,0.47783273458480835
98-3,98,3,1,0,0.07735316,fast_test,weighted,0.47783273458480835
98-4,98,4,1,0,0.025636517,fast_test,weighted,0.47783273458480835
98-5,98,5,1,0,0.026049504,fast_test,weighted,0.47783273458480835
98-6,98,6,1,0,0.02873776,fast_test,weighted,0.47783273458480835
98-7,98,7,1,0,0.07558289,fast_test,weighted,0.47783273458480835
98-8,98,8,1,0,0.038292136,fast_test,weighted,0.47783273458480835
98-9,98,9,1,0,0.1415888,fast_test,weighted,0.47783273458480835
98-10,98,10,1,0,0.030110188,fast_test,weighted,0.47783273458480835
98-11,98,11,1,0,0.06527083,fast_test,weighted,0.47783273458480835
98-12,98,12,1,1,0.8208878,fast_test,weighted,0.47783273458480835
99-0,99,0,1,0,0.249857,fast_test,weighted,0.47783273458480835
99-1,99,1,1,0,0.29008907,fast_test,weighted,0.47783273458480835
99-2,99,2,1,0,0.11137471,fast_test,weighted,0.47783273458480835
99-3,99,3,1,0,0.1701512,fast_test,weighted,0.47783273458480835
99-4,99,4,1,0,0.054993637,fast_test,weighted,0.47783273458480835
99-5,99,5,1,1,0.08744459,fast_test,weighted,0.47783273458480835
99-6,99,6,1,0,0.079636134,fast_test,weighted,0.47783273458480835
99-7,99,7,1,0,0.157853,fast_test,weighted,0.47783273458480835
99-8,99,8,1,0,0.077332534,fast_test,weighted,0.47783273458480835
99-9,99,9,1,0,0.2856907,fast_test,weighted,0.47783273458480835
99-10,99,10,1,0,0.0420134,fast_test,weighted,0.47783273458480835
99-11,99,11,1,0,0.14929643,fast_test,weighted,0.47783273458480835
99-12,99,12,1,0,0.12788154,fast_test,weighted,0.47783273458480835
100-0,100,0,3,0,0.009728177,fast_test,weighted,0.4019046127796173
100-1,100,1,3,0,0.005919506,fast_test,weighted,0.4019046127796173
100-2,100,2,3,0,0.0022698261,fast_test,weighted,0.4019046127796173
100-3,100,3,3,1,0.9675212,fast_test,weighted,0.4019046127796173
100-4,100,4,3,1,0.6936483,fast_test,weighted,0.4019046127796173
100-5,100,5,3,0,0.0130254235,fast_test,weighted,0.4019046127796173
100-6,100,6,3,1,0.6330514,fast_test,weighted,0.4019046127796173
100-7,100,7,3,0,0.007059148,fast_test,weighted,0.4019046127796173
100-8,100,8,3,1,0.6820084,fast_test,weighted,0.4019046127796173
100-9,100,9,3,0,0.01160255,fast_test,weighted,0.4019046127796173
100-10,100,10,3,0,0.0026086448,fast_test,weighted,0.4019046127796173
100-11,100,11,3,1,0.7326837,fast_test,weighted,0.4019046127796173
100-12,100,12,3,1,0.87952465,fast_test,weighted,0.4019046127796173
101-0,101,0,4,0,0.0024867675,fast_test,weighted,0.47652116417884827
101-1,101,1,4,0,0.0019162949,fast_test,weighted,0.47652116417884827
101-2,101,2,4,0,0.009291976,fast_test,weighted,0.47652116417884827
101-3,101,3,4,0,0.0048873676,fast_test,weighted,0.47652116417884827
101-4,101,4,4,0,0.0012229634,fast_test,weighted,0.47652116417884827
101-5,101,5,4,0,0.0009000967,fast_test,weighted,0.47652116417884827
101-6,101,6,4,0,0.0027634336,fast_test,weighted,0.47652116417884827
101-7,101,7,4,0,0.0024311903,fast_test,weighted,0.47652116417884827
101-8,101,8,4,0,0.005959105,fast_test,weighted,0.47652116417884827
101-9,101,9,4,0,0.0072946595,fast_test,weighted,0.47652116417884827
101-10,101,10,4,0,0.0022265415,fast_test,weighted,0.47652116417884827
101-11,101,11,4,0,0.0025452212,fast_test,weighted,0.47652116417884827
101-12,101,12,4,0,0.0034914133,fast_test,weighted,0.47652116417884827
102-0,102,0,4,0,0.19892277,fast_test,weighted,0.47652116417884827
102-1,102,1,4,0,0.31795925,fast_test,weighted,0.47652116417884827
102-2,102,2,4,1,0.728444,fast_test,weighted,0.47652116417884827
102-3,102,3,4,1,0.47390744,fast_test,weighted,0.47652116417884827
102-4,102,4,4,1,0.1719384,fast_test,weighted,0.47652116417884827
102-5,102,5,4,0,0.1727822,fast_test,weighted,0.47652116417884827
102-6,102,6,4,0,0.2832173,fast_test,weighted,0.47652116417884827
102-7,102,7,4,0,0.2437286,fast_test,weighted,0.47652116417884827
102-8,102,8,4,1,0.48140505,fast_test,weighted,0.47652116417884827
102-9,102,9,4,0,0.5873128,fast_test,weighted,0.47652116417884827
102-10,102,10,4,1,0.09427828,fast_test,weighted,0.47652116417884827
102-11,102,11,4,1,0.35638365,fast_test,weighted,0.47652116417884827
102-12,102,12,4,0,0.33812445,fast_test,weighted,0.47652116417884827
103-0,103,0,1,0,0.042654835,fast_test,weighted,0.47783273458480835
103-1,103,1,1,0,0.042979345,fast_test,weighted,0.47783273458480835
103-2,103,2,1,1,0.84932095,fast_test,weighted,0.47783273458480835
103-3,103,3,1,0,0.028360683,fast_test,weighted,0.47783273458480835
103-4,103,4,1,0,0.009129316,fast_test,weighted,0.47783273458480835
103-5,103,5,1,1,0.7506865,fast_test,weighted,0.47783273458480835
103-6,103,6,1,0,0.0128158135,fast_test,weighted,0.47783273458480835
103-7,103,7,1,0,0.020217478,fast_test,weighted,0.47783273458480835
103-8,103,8,1,0,0.010413177,fast_test,weighted,0.47783273458480835
103-9,103,9,1,0,0.042911056,fast_test,weighted,0.47783273458480835
103-10,103,10,1,1,0.53388596,fast_test,weighted,0.47783273458480835
103-11,103,11,1,1,0.88012713,fast_test,weighted,0.47783273458480835
103-12,103,12,1,0,0.023980478,fast_test,weighted,0.47783273458480835
104-0,104,0,4,0,0.18270934,fast_test,weighted,0.47652116417884827
104-1,104,1,4,0,0.33125043,fast_test,weighted,0.47652116417884827
104-2,104,2,4,0,0.7011085,fast_test,weighted,0.47652116417884827
104-3,104,3,4,0,0.356128,fast_test,weighted,0.47652116417884827
104-4,104,4,4,1,0.10265905,fast_test,weighted,0.47652116417884827
104-5,104,5,4,0,0.13447021,fast_test,weighted,0.47652116417884827
104-6,104,6,4,0,0.285925,fast_test,weighted,0.47652116417884827
104-7,104,7,4,0,0.2545479,fast_test,weighted,0.47652116417884827
104-8,104,8,4,0,0.4368245,fast_test,weighted,0.47652116417884827
104-9,104,9,4,0,0.51449126,fast_test,weighted,0.47652116417884827
104-10,104,10,4,0,0.0845057,fast_test,weighted,0.47652116417884827
104-11,104,11,4,1,0.23670726,fast_test,weighted,0.47652116417884827
104-12,104,12,4,0,0.35347298,fast_test,weighted,0.47652116417884827
105-0,105,0,5,0,0.00082340685,fast_test,weighted,0.4379396438598633
105-1,105,1,5,0,0.002020174,fast_test,weighted,0.4379396438598633
105-2,105,2,5,0,0.0010279214,fast_test,weighted,0.4379396438598633
105-3,105,3,5,0,0.0042652967,fast_test,weighted,0.4379396438598633
105-4,105,4,5,0,0.00070664054,fast_test,weighted,0.4379396438598633
105-5,105,5,5,0,0.001097194,fast_test,weighted,0.4379396438598633
105-6,105,6,5,0,0.0033874097,fast_test,weighted,0.4379396438598633
105-7,105,7,5,0,0.0013064954,fast_test,weighted,0.4379396438598633
105-8,105,8,5,0,0.00088771194,fast_test,weighted,0.4379396438598633
105-9,105,9,5,0,0.0018234781,fast_test,weighted,0.4379396438598633
105-10,105,10,5,0,0.0009562147,fast_test,weighted,0.4379396438598633
105-11,105,11,5,0,0.00088581035,fast_test,weighted,0.4379396438598633
105-12,105,12,5,0,0.0018963722,fast_test,weighted,0.4379396438598633
106-0,106,0,3,0,0.2165621,fast_test,weighted,0.4019046127796173
106-1,106,1,3,0,0.17233631,fast_test,weighted,0.4019046127796173
106-2,106,2,3,0,0.06784455,fast_test,weighted,0.4019046127796173
106-3,106,3,3,0,0.54662484,fast_test,weighted,0.4019046127796173
106-4,106,4,3,0,0.05613122,fast_test,weighted,0.4019046127796173
106-5,106,5,3,0,0.38289368,fast_test,weighted,0.4019046127796173
106-6,106,6,3,0,0.05283596,fast_test,weighted,0.4019046127796173
106-7,106,7,3,0,0.26562738,fast_test,weighted,0.4019046127796173
106-8,106,8,3,0,0.07628265,fast_test,weighted,0.4019046127796173
106-9,106,9,3,0,0.33607388,fast_test,weighted,0.4019046127796173
106-10,106,10,3,0,0.03742297,fast_test,weighted,0.4019046127796173
106-11,106,11,3,0,0.094642416,fast_test,weighted,0.4019046127796173
106-12,106,12,3,0,0.22258927,fast_test,weighted,0.4019046127796173
107-0,107,0,3,0,0.17381167,fast_test,weighted,0.4019046127796173
107-1,107,1,3,0,0.14195928,fast_test,weighted,0.4019046127796173
107-2,107,2,3,0,0.03549833,fast_test,weighted,0.4019046127796173
107-3,107,3,3,0,0.29642317,fast_test,weighted,0.4019046127796173
107-4,107,4,3,0,0.037503835,fast_test,weighted,0.4019046127796173
107-5,107,5,3,0,0.21814638,fast_test,weighted,0.4019046127796173
107-6,107,6,3,0,0.03939874,fast_test,weighted,0.4019046127796173
107-7,107,7,3,0,0.13923328,fast_test,weighted,0.4019046127796173
107-8,107,8,3,0,0.044357806,fast_test,weighted,0.4019046127796173
107-9,107,9,3,0,0.16431516,fast_test,weighted,0.4019046127796173
107-10,107,10,3,0,0.043154627,fast_test,weighted,0.4019046127796173
107-11,107,11,3,0,0.05617091,fast_test,weighted,0.4019046127796173
107-12,107,12,3,0,0.19740187,fast_test,weighted,0.4019046127796173
108-0,108,0,4,0,0.43120265,fast_test,weighted,0.47652116417884827
108-1,108,1,4,0,0.6168108,fast_test,weighted,0.47652116417884827
108-2,108,2,4,0,0.88246053,fast_test,weighted,0.47652116417884827
108-3,108,3,4,0,0.63382804,fast_test,weighted,0.47652116417884827
108-4,108,4,4,0,0.3087936,fast_test,weighted,0.47652116417884827
108-5,108,5,4,0,0.3465377,fast_test,weighted,0.47652116417884827
108-6,108,6,4,0,0.583607,fast_test,weighted,0.47652116417884827
108-7,108,7,4,0,0.4275869,fast_test,weighted,0.47652116417884827
108-8,108,8,4,0,0.73141444,fast_test,weighted,0.47652116417884827
108-9,108,9,4,0,0.7639606,fast_test,weighted,0.47652116417884827
108-10,108,10,4,0,0.18247634,fast_test,weighted,0.47652116417884827
108-11,108,11,4,1,0.0053967834,fast_test,weighted,0.47652116417884827
108-12,108,12,4,0,0.62647295,fast_test,weighted,0.47652116417884827
109-0,109,0,3,0,0.42124596,fast_test,weighted,0.4019046127796173
109-1,109,1,3,1,0.20191534,fast_test,weighted,0.4019046127796173
109-2,109,2,3,0,0.13837597,fast_test,weighted,0.4019046127796173
109-3,109,3,3,0,0.73862785,fast_test,weighted,0.4019046127796173
109-4,109,4,3,0,0.13122697,fast_test,weighted,0.4019046127796173
109-5,109,5,3,0,0.5994093,fast_test,weighted,0.4019046127796173
109-6,109,6,3,0,0.12145487,fast_test,weighted,0.4019046127796173
109-7,109,7,3,0,0.46589452,fast_test,weighted,0.4019046127796173
109-8,109,8,3,0,0.16182542,fast_test,weighted,0.4019046127796173
109-9,109,9,3,0,0.5488444,fast_test,weighted,0.4019046127796173
109-10,109,10,3,0,0.07602578,fast_test,weighted,0.4019046127796173
109-11,109,11,3,0,0.19777994,fast_test,weighted,0.4019046127796173
109-12,109,12,3,0,0.3922005,fast_test,weighted,0.4019046127796173
110-0,110,0,3,0,0.0925274,fast_test,weighted,0.4019046127796173
110-1,110,1,3,0,0.094369516,fast_test,weighted,0.4019046127796173
110-2,110,2,3,0,0.02996728,fast_test,weighted,0.4019046127796173
110-3,110,3,3,0,0.20469733,fast_test,weighted,0.4019046127796173
110-4,110,4,3,0,0.034200497,fast_test,weighted,0.4019046127796173
110-5,110,5,3,0,0.21467252,fast_test,weighted,0.4019046127796173
110-6,110,6,3,0,0.026578706,fast_test,weighted,0.4019046127796173
110-7,110,7,3,0,0.12320473,fast_test,weighted,0.4019046127796173
110-8,110,8,3,0,0.034404535,fast_test,weighted,0.4019046127796173
110-9,110,9,3,0,0.10580698,fast_test,weighted,0.4019046127796173
110-10,110,10,3,0,0.029275864,fast_test,weighted,0.4019046127796173
110-11,110,11,3,0,0.03872337,fast_test,weighted,0.4019046127796173
110-12,110,12,3,0,0.14400947,fast_test,weighted,0.4019046127796173
111-0,111,0,1,0,0.33533219,fast_test,weighted,0.47783273458480835
111-1,111,1,1,0,0.37456384,fast_test,weighted,0.47783273458480835
111-2,111,2,1,0,0.15955201,fast_test,weighted,0.47783273458480835
111-3,111,3,1,0,0.23709466,fast_test,weighted,0.47783273458480835
111-4,111,4,1,0,0.0810054,fast_test,weighted,0.47783273458480835
111-5,111,5,1,0,0.092073545,fast_test,weighted,0.47783273458480835
111-6,111,6,1,0,0.11587463,fast_test,weighted,0.47783273458480835
111-7,111,7,1,0,0.18679138,fast_test,weighted,0.47783273458480835
111-8,111,8,1,0,0.13369337,fast_test,weighted,0.47783273458480835
111-9,111,9,1,0,0.3772595,fast_test,weighted,0.47783273458480835
111-10,111,10,1,0,0.065883674,fast_test,weighted,0.47783273458480835
111-11,111,11,1,0,0.24258639,fast_test,weighted,0.47783273458480835
111-12,111,12,1,1,0.25306094,fast_test,weighted,0.47783273458480835
112-0,112,0,2,0,0.06131008,fast_test,weighted,0.4574896991252899
112-1,112,1,2,0,0.12704362,fast_test,weighted,0.4574896991252899
112-2,112,2,2,0,0.17709945,fast_test,weighted,0.4574896991252899
112-3,112,3,2,0,0.23926091,fast_test,weighted,0.4574896991252899
112-4,112,4,2,0,0.039731435,fast_test,weighted,0.4574896991252899
112-5,112,5,2,0,0.076205224,fast_test,weighted,0.4574896991252899
112-6,112,6,2,0,0.043920644,fast_test,weighted,0.4574896991252899
112-7,112,7,2,0,0.037237592,fast_test,weighted,0.4574896991252899
112-8,112,8,2,1,0.8049061,fast_test,weighted,0.4574896991252899
112-9,112,9,2,0,0.19382802,fast_test,weighted,0.4574896991252899
112-10,112,10,2,1,0.15788573,fast_test,weighted,0.4574896991252899
112-11,112,11,2,0,0.025863191,fast_test,weighted,0.4574896991252899
112-12,112,12,2,0,0.073718585,fast_test,weighted,0.4574896991252899
113-0,113,0,5,0,0.0016449405,fast_test,weighted,0.4379396438598633
113-1,113,1,5,0,0.0045694574,fast_test,weighted,0.4379396438598633
113-2,113,2,5,0,0.0012509414,fast_test,weighted,0.4379396438598633
113-3,113,3,5,0,0.0073578595,fast_test,weighted,0.4379396438598633
113-4,113,4,5,0,0.0015009914,fast_test,weighted,0.4379396438598633
113-5,113,5,5,0,0.002183536,fast_test,weighted,0.4379396438598633
113-6,113,6,5,0,0.019022409,fast_test,weighted,0.4379396438598633
113-7,113,7,5,0,0.0020949037,fast_test,weighted,0.4379396438598633
113-8,113,8,5,0,0.002048541,fast_test,weighted,0.4379396438598633
113-9,113,9,5,0,0.0025404717,fast_test,weighted,0.4379396438598633
113-10,113,10,5,1,0.024220917,fast_test,weighted,0.4379396438598633
113-11,113,11,5,0,0.0015600654,fast_test,weighted,0.4379396438598633
113-12,113,12,5,0,0.0038810205,fast_test,weighted,0.4379396438598633
114-0,114,0,2,0,0.47273752,fast_test,weighted,0.4574896991252899
114-1,114,1,2,0,0.8011886,fast_test,weighted,0.4574896991252899
114-2,114,2,2,0,0.8995336,fast_test,weighted,0.4574896991252899
114-3,114,3,2,0,0.82729673,fast_test,weighted,0.4574896991252899
114-4,114,4,2,0,0.41940883,fast_test,weighted,0.4574896991252899
114-5,114,5,2,0,0.7520784,fast_test,weighted,0.4574896991252899
114-6,114,6,2,0,0.15546243,fast_test,weighted,0.4574896991252899
114-7,114,7,2,0,0.5092781,fast_test,weighted,0.4574896991252899
114-8,114,8,2,1,0.017310206,fast_test,weighted,0.4574896991252899
114-9,114,9,2,0,0.9062352,fast_test,weighted,0.4574896991252899
114-10,114,10,2,0,0.39533192,fast_test,weighted,0.4574896991252899
114-11,114,11,2,0,0.39744592,fast_test,weighted,0.4574896991252899
114-12,114,12,2,0,0.66720784,fast_test,weighted,0.4574896991252899
115-0,115,0,3,0,0.34570587,fast_test,weighted,0.4019046127796173
115-1,115,1,3,0,0.27388224,fast_test,weighted,0.4019046127796173
115-2,115,2,3,0,0.103820875,fast_test,weighted,0.4019046127796173
115-3,115,3,3,0,0.5617236,fast_test,weighted,0.4019046127796173
115-4,115,4,3,0,0.092318416,fast_test,weighted,0.4019046127796173
115-5,115,5,3,0,0.40645686,fast_test,weighted,0.4019046127796173
115-6,115,6,3,0,0.09051054,fast_test,weighted,0.4019046127796173
115-7,115,7,3,0,0.28334856,fast_test,weighted,0.4019046127796173
115-8,115,8,3,0,0.11038064,fast_test,weighted,0.4019046127796173
115-9,115,9,3,0,0.32596055,fast_test,weighted,0.4019046127796173
115-10,115,10,3,0,0.10275467,fast_test,weighted,0.4019046127796173
115-11,115,11,3,0,0.12676089,fast_test,weighted,0.4019046127796173
115-12,115,12,3,0,0.36300927,fast_test,weighted,0.4019046127796173
116-0,116,0,1,1,0.5162973,fast_test,weighted,0.47783273458480835
116-1,116,1,1,1,0.50480884,fast_test,weighted,0.47783273458480835
116-2,116,2,1,1,0.24008721,fast_test,weighted,0.47783273458480835
116-3,116,3,1,0,0.24329239,fast_test,weighted,0.47783273458480835
116-4,116,4,1,0,0.08612785,fast_test,weighted,0.47783273458480835
116-5,116,5,1,0,0.10127153,fast_test,weighted,0.47783273458480835
116-6,116,6,1,1,0.21573813,fast_test,weighted,0.47783273458480835
116-7,116,7,1,0,0.22886573,fast_test,weighted,0.47783273458480835
116-8,116,8,1,1,0.20947489,fast_test,weighted,0.47783273458480835
116-9,116,9,1,0,0.4138499,fast_test,weighted,0.47783273458480835
116-10,116,10,1,1,0.109650314,fast_test,weighted,0.47783273458480835
116-11,116,11,1,0,0.24696012,fast_test,weighted,0.47783273458480835
116-12,116,12,1,1,0.32272863,fast_test,weighted,0.47783273458480835
117-0,117,0,2,0,0.0068055396,fast_test,weighted,0.4574896991252899
117-1,117,1,2,0,0.019924063,fast_test,weighted,0.4574896991252899
117-2,117,2,2,0,0.037379242,fast_test,weighted,0.4574896991252899
117-3,117,3,2,0,0.018889543,fast_test,weighted,0.4574896991252899
117-4,117,4,2,0,0.008010076,fast_test,weighted,0.4574896991252899
117-5,117,5,2,0,0.01110804,fast_test,weighted,0.4574896991252899
117-6,117,6,2,0,0.0053593344,fast_test,weighted,0.4574896991252899
117-7,117,7,2,0,0.0063706506,fast_test,weighted,0.4574896991252899
117-8,117,8,2,0,0.037212938,fast_test,weighted,0.4574896991252899
117-9,117,9,2,0,0.02578312,fast_test,weighted,0.4574896991252899
117-10,117,10,2,0,0.002865616,fast_test,weighted,0.4574896991252899
117-11,117,11,2,0,0.003700767,fast_test,weighted,0.4574896991252899
117-12,117,12,2,0,0.009047805,fast_test,weighted,0.4574896991252899
118-0,118,0,4,0,0.0025726638,fast_test,weighted,0.47652116417884827
118-1,118,1,4,0,0.0021709176,fast_test,weighted,0.47652116417884827
118-2,118,2,4,0,0.010415305,fast_test,weighted,0.47652116417884827
118-3,118,3,4,1,0.86939716,fast_test,weighted,0.47652116417884827
118-4,118,4,4,0,0.0014156152,fast_test,weighted,0.47652116417884827
118-5,118,5,4,0,0.0009855669,fast_test,weighted,0.47652116417884827
118-6,118,6,4,0,0.0030319013,fast_test,weighted,0.47652116417884827
118-7,118,7,4,0,0.0025515459,fast_test,weighted,0.47652116417884827
118-8,118,8,4,1,0.89251655,fast_test,weighted,0.47652116417884827
118-9,118,9,4,0,0.006672122,fast_test,weighted,0.47652116417884827
118-10,118,10,4,0,0.0022081146,fast_test,weighted,0.47652116417884827
118-11,118,11,4,0,0.0027903216,fast_test,weighted,0.47652116417884827
118-12,118,12,4,0,0.003445087,fast_test,weighted,0.47652116417884827
119-0,119,0,1,0,0.57674575,fast_test,weighted,0.47783273458480835
119-1,119,1,1,0,0.63785917,fast_test,weighted,0.47783273458480835
119-2,119,2,1,0,0.31427088,fast_test,weighted,0.47783273458480835
119-3,119,3,1,0,0.40003395,fast_test,weighted,0.47783273458480835
119-4,119,4,1,0,0.18499224,fast_test,weighted,0.47783273458480835
119-5,119,5,1,0,0.23312677,fast_test,weighted,0.47783273458480835
119-6,119,6,1,0,0.17889757,fast_test,weighted,0.47783273458480835
119-7,119,7,1,0,0.39636633,fast_test,weighted,0.47783273458480835
119-8,119,8,1,0,0.1742664,fast_test,weighted,0.47783273458480835
119-9,119,9,1,0,0.6480592,fast_test,weighted,0.47783273458480835
119-10,119,10,1,0,0.09294237,fast_test,weighted,0.47783273458480835
119-11,119,11,1,0,0.3947099,fast_test,weighted,0.47783273458480835
119-12,119,12,1,0,0.3095165,fast_test,weighted,0.47783273458480835
120-0,120,0,3,0,0.0067660618,fast_test,weighted,0.4019046127796173
120-1,120,1,3,1,0.86253166,fast_test,weighted,0.4019046127796173
120-2,120,2,3,1,0.6603209,fast_test,weighted,0.4019046127796173
120-3,120,3,3,0,0.015976617,fast_test,weighted,0.4019046127796173
120-4,120,4,3,1,0.69752234,fast_test,weighted,0.4019046127796173
120-5,120,5,3,0,0.009241488,fast_test,weighted,0.4019046127796173
120-6,120,6,3,0,0.001293408,fast_test,weighted,0.4019046127796173
120-7,120,7,3,0,0.004838055,fast_test,weighted,0.4019046127796173
120-8,120,8,3,0,0.0010459457,fast_test,weighted,0.4019046127796173
120-9,120,9,3,0,0.0073341806,fast_test,weighted,0.4019046127796173
120-10,120,10,3,0,0.0021259421,fast_test,weighted,0.4019046127796173
120-11,120,11,3,0,0.0013369336,fast_test,weighted,0.4019046127796173
120-12,120,12,3,0,0.0056239576,fast_test,weighted,0.4019046127796173
121-0,121,0,2,0,0.049379632,fast_test,weighted,0.4574896991252899
121-1,121,1,2,0,0.09877989,fast_test,weighted,0.4574896991252899
121-2,121,2,2,0,0.13711073,fast_test,weighted,0.4574896991252899
121-3,121,3,2,0,0.1804722,fast_test,weighted,0.4574896991252899
121-4,121,4,2,0,0.039672088,fast_test,weighted,0.4574896991252899
121-5,121,5,2,0,0.055890888,fast_test,weighted,0.4574896991252899
121-6,121,6,2,0,0.031005507,fast_test,weighted,0.4574896991252899
121-7,121,7,2,0,0.040456958,fast_test,weighted,0.4574896991252899
121-8,121,8,2,0,0.19734605,fast_test,weighted,0.4574896991252899
121-9,121,9,2,0,0.16261463,fast_test,weighted,0.4574896991252899
121-10,121,10,2,0,0.017752837,fast_test,weighted,0.4574896991252899
121-11,121,11,2,0,0.018964965,fast_test,weighted,0.4574896991252899
121-12,121,12,2,0,0.054305855,fast_test,weighted,0.4574896991252899
122-0,122,0,5,0,0.0036658903,fast_test,weighted,0.4379396438598633
122-1,122,1,5,0,0.008818166,fast_test,weighted,0.4379396438598633
122-2,122,2,5,0,0.0031876175,fast_test,weighted,0.4379396438598633
122-3,122,3,5,0,0.009840369,fast_test,weighted,0.4379396438598633
122-4,122,4,5,0,0.004006619,fast_test,weighted,0.4379396438598633
122-5,122,5,5,0,0.004493627,fast_test,weighted,0.4379396438598633
122-6,122,6,5,0,0.014551906,fast_test,weighted,0.4379396438598633
122-7,122,7,5,0,0.006419407,fast_test,weighted,0.4379396438598633
122-8,122,8,5,0,0.004079887,fast_test,weighted,0.4379396438598633
122-9,122,9,5,0,0.009175507,fast_test,weighted,0.4379396438598633
122-10,122,10,5,0,0.0037195913,fast_test,weighted,0.4379396438598633
122-11,122,11,5,0,0.0028590015,fast_test,weighted,0.4379396438598633
122-12,122,12,5,0,0.008653311,fast_test,weighted,0.4379396438598633
123-0,123,0,5,0,0.51418424,fast_test,weighted,0.4379396438598633
123-1,123,1,5,0,0.7585703,fast_test,weighted,0.4379396438598633
123-2,123,2,5,0,0.46069,fast_test,weighted,0.4379396438598633
123-3,123,3,5,0,0.6445116,fast_test,weighted,0.4379396438598633
123-4,123,4,5,0,0.4494772,fast_test,weighted,0.4379396438598633
123-5,123,5,5,0,0.32109916,fast_test,weighted,0.4379396438598633
123-6,123,6,5,0,0.78856176,fast_test,weighted,0.4379396438598633
123-7,123,7,5,0,0.6597553,fast_test,weighted,0.4379396438598633
123-8,123,8,5,0,0.5802612,fast_test,weighted,0.4379396438598633
123-9,123,9,5,0,0.7622395,fast_test,weighted,0.4379396438598633
123-10,123,10,5,0,0.17325635,fast_test,weighted,0.4379396438598633
123-11,123,11,5,0,0.4867102,fast_test,weighted,0.4379396438598633
123-12,123,12,5,0,0.6597633,fast_test,weighted,0.4379396438598633
124-0,124,0,3,0,0.32583526,fast_test,weighted,0.4019046127796173
124-1,124,1,3,0,0.20266925,fast_test,weighted,0.4019046127796173
124-2,124,2,3,0,0.08394103,fast_test,weighted,0.4019046127796173
124-3,124,3,3,0,0.51931685,fast_test,weighted,0.4019046127796173
124-4,124,4,3,0,0.07030285,fast_test,weighted,0.4019046127796173
124-5,124,5,3,0,0.467501,fast_test,weighted,0.4019046127796173
124-6,124,6,3,0,0.07330335,fast_test,weighted,0.4019046127796173
124-7,124,7,3,0,0.30630368,fast_test,weighted,0.4019046127796173
124-8,124,8,3,0,0.093295336,fast_test,weighted,0.4019046127796173
124-9,124,9,3,0,0.40906405,fast_test,weighted,0.4019046127796173
124-10,124,10,3,0,0.04666314,fast_test,weighted,0.4019046127796173
124-11,124,11,3,0,0.116303675,fast_test,weighted,0.4019046127796173
124-12,124,12,3,0,0.26496407,fast_test,weighted,0.4019046127796173
125-0,125,0,5,1,0.83782,fast_test,weighted,0.4379396438598633
125-1,125,1,5,1,0.9438056,fast_test,weighted,0.4379396438598633
125-2,125,2,5,1,0.81752235,fast_test,weighted,0.4379396438598633
125-3,125,3,5,1,0.9478199,fast_test,weighted,0.4379396438598633
125-4,125,4,5,1,0.88832694,fast_test,weighted,0.4379396438598633
125-5,125,5,5,1,0.1907237,fast_test,weighted,0.4379396438598633
125-6,125,6,5,0,0.008195243,fast_test,weighted,0.4379396438598633
125-7,125,7,5,1,0.9176897,fast_test,weighted,0.4379396438598633
125-8,125,8,5,1,0.8667077,fast_test,weighted,0.4379396438598633
125-9,125,9,5,1,0.92744386,fast_test,weighted,0.4379396438598633
125-10,125,10,5,0,0.0024464128,fast_test,weighted,0.4379396438598633
125-11,125,11,5,1,0.82609326,fast_test,weighted,0.4379396438598633
125-12,125,12,5,1,0.93188316,fast_test,weighted,0.4379396438598633
126-0,126,0,1,0,0.57674575,fast_test,weighted,0.47783273458480835
126-1,126,1,1,0,0.63785917,fast_test,weighted,0.47783273458480835
126-2,126,2,1,0,0.3601535,fast_test,weighted,0.47783273458480835
126-3,126,3,1,0,0.34921435,fast_test,weighted,0.47783273458480835
126-4,126,4,1,0,0.15253781,fast_test,weighted,0.47783273458480835
126-5,126,5,1,0,0.23312677,fast_test,weighted,0.47783273458480835
126-6,126,6,1,0,0.17889757,fast_test,weighted,0.47783273458480835
126-7,126,7,1,0,0.4577225,fast_test,weighted,0.47783273458480835
126-8,126,8,1,0,0.1742664,fast_test,weighted,0.47783273458480835
126-9,126,9,1,0,0.58930117,fast_test,weighted,0.47783273458480835
126-10,126,10,1,0,0.09294237,fast_test,weighted,0.47783273458480835
126-11,126,11,1,0,0.3947099,fast_test,weighted,0.47783273458480835
126-12,126,12,1,0,0.30717734,fast_test,weighted,0.47783273458480835
127-0,127,0,2,0,0.3128816,fast_test,weighted,0.4574896991252899
127-1,127,1,2,0,0.41892233,fast_test,weighted,0.4574896991252899
127-2,127,2,2,0,0.6094296,fast_test,weighted,0.4574896991252899
127-3,127,3,2,0,0.63189334,fast_test,weighted,0.4574896991252899
127-4,127,4,2,0,0.20072831,fast_test,weighted,0.4574896991252899
127-5,127,5,2,0,0.3529945,fast_test,weighted,0.4574896991252899
127-6,127,6,2,0,0.11197664,fast_test,weighted,0.4574896991252899
127-7,127,7,2,0,0.28145686,fast_test,weighted,0.4574896991252899
127-8,127,8,2,1,0.368035,fast_test,weighted,0.4574896991252899
127-9,127,9,2,0,0.67283523,fast_test,weighted,0.4574896991252899
127-10,127,10,2,0,0.09467075,fast_test,weighted,0.4574896991252899
127-11,127,11,2,1,0.03440175,fast_test,weighted,0.4574896991252899
127-12,127,12,2,0,0.30399865,fast_test,weighted,0.4574896991252899
128-0,128,0,5,0,0.627895,fast_test,weighted,0.4379396438598633
128-1,128,1,5,0,0.8396188,fast_test,weighted,0.4379396438598633
128-2,128,2,5,0,0.5247461,fast_test,weighted,0.4379396438598633
128-3,128,3,5,0,0.88705164,fast_test,weighted,0.4379396438598633
128-4,128,4,5,0,0.6119643,fast_test,weighted,0.4379396438598633
128-5,128,5,5,0,0.061630607,fast_test,weighted,0.4379396438598633
128-6,128,6,5,0,0.86472195,fast_test,weighted,0.4379396438598633
128-7,128,7,5,0,0.71450144,fast_test,weighted,0.4379396438598633
128-8,128,8,5,0,0.6727856,fast_test,weighted,0.4379396438598633
128-9,128,9,5,0,0.8044811,fast_test,weighted,0.4379396438598633
128-10,128,10,5,0,0.04756015,fast_test,weighted,0.4379396438598633
128-11,128,11,5,0,0.6069441,fast_test,weighted,0.4379396438598633
128-12,128,12,5,0,0.78557414,fast_test,weighted,0.4379396438598633
129-0,129,0,2,0,0.011470062,fast_test,weighted,0.4574896991252899
129-1,129,1,2,1,0.6098857,fast_test,weighted,0.4574896991252899
129-2,129,2,2,0,0.04172066,fast_test,weighted,0.4574896991252899
129-3,129,3,2,0,0.07237152,fast_test,weighted,0.4574896991252899
129-4,129,4,2,0,0.010521603,fast_test,weighted,0.4574896991252899
129-5,129,5,2,0,0.01099138,fast_test,weighted,0.4574896991252899
129-6,129,6,2,0,0.008742185,fast_test,weighted,0.4574896991252899
129-7,129,7,2,0,0.007608789,fast_test,weighted,0.4574896991252899
129-8,129,8,2,0,0.05949918,fast_test,weighted,0.4574896991252899
129-9,129,9,2,0,0.04878987,fast_test,weighted,0.4574896991252899
129-10,129,10,2,0,0.0059902393,fast_test,weighted,0.4574896991252899
129-11,129,11,2,0,0.0060430784,fast_test,weighted,0.4574896991252899
129-12,129,12,2,0,0.012045412,fast_test,weighted,0.4574896991252899
130-0,130,0,5,0,0.0009911668,fast_test,weighted,0.4379396438598633
130-1,130,1,5,0,0.0023351803,fast_test,weighted,0.4379396438598633
130-2,130,2,5,0,0.0009997436,fast_test,weighted,0.4379396438598633
130-3,130,3,5,0,0.005645184,fast_test,weighted,0.4379396438598633
130-4,130,4,5,0,0.0010801521,fast_test,weighted,0.4379396438598633
130-5,130,5,5,0,0.0014347894,fast_test,weighted,0.4379396438598633
130-6,130,6,5,0,0.0038408341,fast_test,weighted,0.4379396438598633
130-7,130,7,5,0,0.0015134051,fast_test,weighted,0.4379396438598633
130-8,130,8,5,0,0.00095367304,fast_test,weighted,0.4379396438598633
130-9,130,9,5,0,0.002382574,fast_test,weighted,0.4379396438598633
130-10,130,10,5,0,0.0020467278,fast_test,weighted,0.4379396438598633
130-11,130,11,5,0,0.000984998,fast_test,weighted,0.4379396438598633
130-12,130,12,5,0,0.0021499312,fast_test,weighted,0.4379396438598633
131-0,131,0,4,1,0.27655724,fast_test,weighted,0.47652116417884827
131-1,131,1,4,1,0.3988386,fast_test,weighted,0.47652116417884827
131-2,131,2,4,1,0.7436368,fast_test,weighted,0.47652116417884827
131-3,131,3,4,1,0.4685242,fast_test,weighted,0.47652116417884827
131-4,131,4,4,1,0.19565581,fast_test,weighted,0.47652116417884827
131-5,131,5,4,1,0.2274139,fast_test,weighted,0.47652116417884827
131-6,131,6,4,0,0.3108969,fast_test,weighted,0.47652116417884827
131-7,131,7,4,1,0.31306335,fast_test,weighted,0.47652116417884827
131-8,131,8,4,1,0.5024322,fast_test,weighted,0.47652116417884827
131-9,131,9,4,1,0.6526538,fast_test,weighted,0.47652116417884827
131-10,131,10,4,1,0.10708052,fast_test,weighted,0.47652116417884827
131-11,131,11,4,1,0.38372073,fast_test,weighted,0.47652116417884827
131-12,131,12,4,1,0.41716114,fast_test,weighted,0.47652116417884827
132-0,132,0,3,0,0.114842564,fast_test,weighted,0.4019046127796173
132-1,132,1,3,0,0.09264324,fast_test,weighted,0.4019046127796173
132-2,132,2,3,0,0.031493284,fast_test,weighted,0.4019046127796173
132-3,132,3,3,0,0.30752364,fast_test,weighted,0.4019046127796173
132-4,132,4,3,1,0.07458939,fast_test,weighted,0.4019046127796173
132-5,132,5,3,0,0.1413897,fast_test,weighted,0.4019046127796173
132-6,132,6,3,1,0.053914685,fast_test,weighted,0.4019046127796173
132-7,132,7,3,1,0.26562738,fast_test,weighted,0.4019046127796173
132-8,132,8,3,0,0.032006823,fast_test,weighted,0.4019046127796173
132-9,132,9,3,0,0.16804795,fast_test,weighted,0.4019046127796173
132-10,132,10,3,0,0.03266798,fast_test,weighted,0.4019046127796173
132-11,132,11,3,0,0.03636917,fast_test,weighted,0.4019046127796173
132-12,132,12,3,1,0.22258927,fast_test,weighted,0.4019046127796173
133-0,133,0,2,0,0.0828004,fast_test,weighted,0.4574896991252899
133-1,133,1,2,0,0.17898008,fast_test,weighted,0.4574896991252899
133-2,133,2,2,0,0.21697928,fast_test,weighted,0.4574896991252899
133-3,133,3,2,0,0.27514943,fast_test,weighted,0.4574896991252899
133-4,133,4,2,0,0.046673,fast_test,weighted,0.4574896991252899
133-5,133,5,2,0,0.13551083,fast_test,weighted,0.4574896991252899
133-6,133,6,2,0,0.04168989,fast_test,weighted,0.4574896991252899
133-7,133,7,2,0,0.058739726,fast_test,weighted,0.4574896991252899
133-8,133,8,2,0,0.41930753,fast_test,weighted,0.4574896991252899
133-9,133,9,2,0,0.28618348,fast_test,weighted,0.4574896991252899
133-10,133,10,2,0,0.032040454,fast_test,weighted,0.4574896991252899
133-11,133,11,2,0,0.03768207,fast_test,weighted,0.4574896991252899
133-12,133,12,2,0,0.122907296,fast_test,weighted,0.4574896991252899
134-0,134,0,5,0,0.0036658903,fast_test,weighted,0.4379396438598633
134-1,134,1,5,0,0.009133445,fast_test,weighted,0.4379396438598633
134-2,134,2,5,0,0.0025467605,fast_test,weighted,0.4379396438598633
134-3,134,3,5,0,0.01489331,fast_test,weighted,0.4379396438598633
134-4,134,4,5,0,0.0028978856,fast_test,weighted,0.4379396438598633
134-5,134,5,5,0,0.0046759844,fast_test,weighted,0.4379396438598633
134-6,134,6,5,0,0.013989813,fast_test,weighted,0.4379396438598633
134-7,134,7,5,0,0.005014665,fast_test,weighted,0.4379396438598633
134-8,134,8,5,0,0.004079887,fast_test,weighted,0.4379396438598633
134-9,134,9,5,0,0.008995952,fast_test,weighted,0.4379396438598633
134-10,134,10,5,0,0.00373132,fast_test,weighted,0.4379396438598633
134-11,134,11,5,0,0.0028590015,fast_test,weighted,0.4379396438598633
134-12,134,12,5,0,0.008445655,fast_test,weighted,0.4379396438598633
135-0,135,0,1,0,0.39922848,fast_test,weighted,0.47783273458480835
135-1,135,1,1,0,0.38712654,fast_test,weighted,0.47783273458480835
135-2,135,2,1,0,0.15832594,fast_test,weighted,0.47783273458480835
135-3,135,3,1,0,0.25844702,fast_test,weighted,0.47783273458480835
135-4,135,4,1,0,0.098727055,fast_test,weighted,0.47783273458480835
135-5,135,5,1,0,0.09671606,fast_test,weighted,0.47783273458480835
135-6,135,6,1,0,0.12939431,fast_test,weighted,0.47783273458480835
135-7,135,7,1,0,0.22270188,fast_test,weighted,0.47783273458480835
135-8,135,8,1,0,0.13396356,fast_test,weighted,0.47783273458480835
135-9,135,9,1,0,0.38985625,fast_test,weighted,0.47783273458480835
135-10,135,10,1,0,0.084234625,fast_test,weighted,0.47783273458480835
135-11,135,11,1,0,0.21885996,fast_test,weighted,0.47783273458480835
135-12,135,12,1,0,0.21482934,fast_test,weighted,0.47783273458480835
136-0,136,0,4,0,0.0016497643,fast_test,weighted,0.47652116417884827
136-1,136,1,4,0,0.0013919352,fast_test,weighted,0.47652116417884827
136-2,136,2,4,0,0.0065664602,fast_test,weighted,0.47652116417884827
136-3,136,3,4,0,0.0033673646,fast_test,weighted,0.47652116417884827
136-4,136,4,4,0,0.0008726303,fast_test,weighted,0.47652116417884827
136-5,136,5,4,0,0.0006191839,fast_test,weighted,0.47652116417884827
136-6,136,6,4,1,0.3217634,fast_test,weighted,0.47652116417884827
136-7,136,7,4,0,0.0014980529,fast_test,weighted,0.47652116417884827
136-8,136,8,4,0,0.004357692,fast_test,weighted,0.47652116417884827
136-9,136,9,4,0,0.004551054,fast_test,weighted,0.47652116417884827
136-10,136,10,4,0,0.0015616139,fast_test,weighted,0.47652116417884827
136-11,136,11,4,0,0.0017894795,fast_test,weighted,0.47652116417884827
136-12,136,12,4,0,0.0024245176,fast_test,weighted,0.47652116417884827
137-0,137,0,4,1,0.008487141,fast_test,weighted,0.47652116417884827
137-1,137,1,4,0,0.6240432,fast_test,weighted,0.47652116417884827
137-2,137,2,4,0,0.8864596,fast_test,weighted,0.47652116417884827
137-3,137,3,4,0,0.6617988,fast_test,weighted,0.47652116417884827
137-4,137,4,4,0,0.31538695,fast_test,weighted,0.47652116417884827
137-5,137,5,4,1,0.0034357177,fast_test,weighted,0.47652116417884827
137-6,137,6,4,0,0.5905865,fast_test,weighted,0.47652116417884827
137-7,137,7,4,0,0.5436093,fast_test,weighted,0.47652116417884827
137-8,137,8,4,0,0.73516744,fast_test,weighted,0.47652116417884827
137-9,137,9,4,1,0.02851239,fast_test,weighted,0.47652116417884827
137-10,137,10,4,0,0.22324085,fast_test,weighted,0.47652116417884827
137-11,137,11,4,0,0.6170962,fast_test,weighted,0.47652116417884827
137-12,137,12,4,1,0.012482962,fast_test,weighted,0.47652116417884827
138-0,138,0,5,1,0.79914534,fast_test,weighted,0.4379396438598633
138-1,138,1,5,0,0.015009698,fast_test,weighted,0.4379396438598633
138-2,138,2,5,0,0.0053900685,fast_test,weighted,0.4379396438598633
138-3,138,3,5,0,0.024943441,fast_test,weighted,0.4379396438598633
138-4,138,4,5,0,0.0052201627,fast_test,weighted,0.4379396438598633
138-5,138,5,5,0,0.009568081,fast_test,weighted,0.4379396438598633
138-6,138,6,5,0,0.024918174,fast_test,weighted,0.4379396438598633
138-7,138,7,5,0,0.0103594605,fast_test,weighted,0.4379396438598633
138-8,138,8,5,0,0.0066434406,fast_test,weighted,0.4379396438598633
138-9,138,9,5,0,0.015312357,fast_test,weighted,0.4379396438598633
138-10,138,10,5,0,0.00781472,fast_test,weighted,0.4379396438598633
138-11,138,11,5,0,0.0048673414,fast_test,weighted,0.4379396438598633
138-12,138,12,5,1,0.91051584,fast_test,weighted,0.4379396438598633
139-0,139,0,5,0,0.0015370168,fast_test,weighted,0.4379396438598633
139-1,139,1,5,0,0.0041912855,fast_test,weighted,0.4379396438598633
139-2,139,2,5,0,0.0025404682,fast_test,weighted,0.4379396438598633
139-3,139,3,5,0,0.006877697,fast_test,weighted,0.4379396438598633
139-4,139,4,5,0,0.0014231415,fast_test,weighted,0.4379396438598633
139-5,139,5,5,0,0.0026073174,fast_test,weighted,0.4379396438598633
139-6,139,6,5,0,0.0063860454,fast_test,weighted,0.4379396438598633
139-7,139,7,5,0,0.0029627103,fast_test,weighted,0.4379396438598633
139-8,139,8,5,0,0.0018577221,fast_test,weighted,0.4379396438598633
139-9,139,9,5,0,0.0031400975,fast_test,weighted,0.4379396438598633
139-10,139,10,5,0,0.002065641,fast_test,weighted,0.4379396438598633
139-11,139,11,5,0,0.0014102255,fast_test,weighted,0.4379396438598633
139-12,139,12,5,0,0.0028647901,fast_test,weighted,0.4379396438598633
140-0,140,0,4,0,0.002066944,fast_test,weighted,0.47652116417884827
140-1,140,1,4,0,0.0016811641,fast_test,weighted,0.47652116417884827
140-2,140,2,4,0,0.008159586,fast_test,weighted,0.47652116417884827
140-3,140,3,4,0,0.0042663827,fast_test,weighted,0.47652116417884827
140-4,140,4,4,0,0.0011782921,fast_test,weighted,0.47652116417884827
140-5,140,5,4,0,0.00076302176,fast_test,weighted,0.47652116417884827
140-6,140,6,4,1,0.9138991,fast_test,weighted,0.47652116417884827
140-7,140,7,4,0,0.0018456772,fast_test,weighted,0.47652116417884827
140-8,140,8,4,0,0.0052599264,fast_test,weighted,0.47652116417884827
140-9,140,9,4,0,0.005879722,fast_test,weighted,0.47652116417884827
140-10,140,10,4,0,0.0018860338,fast_test,weighted,0.47652116417884827
140-11,140,11,4,0,0.002161135,fast_test,weighted,0.47652116417884827
140-12,140,12,4,1,0.93158084,fast_test,weighted,0.47652116417884827
141-0,141,0,1,0,0.042209182,fast_test,weighted,0.47783273458480835
141-1,141,1,1,0,0.042979345,fast_test,weighted,0.47783273458480835
141-2,141,2,1,0,0.013515888,fast_test,weighted,0.47783273458480835
141-3,141,3,1,0,0.022304771,fast_test,weighted,0.47783273458480835
141-4,141,4,1,0,0.007114362,fast_test,weighted,0.47783273458480835
141-5,141,5,1,1,0.74575496,fast_test,weighted,0.47783273458480835
141-6,141,6,1,0,0.01010896,fast_test,weighted,0.47783273458480835
141-7,141,7,1,0,0.020217478,fast_test,weighted,0.47783273458480835
141-8,141,8,1,0,0.010413177,fast_test,weighted,0.47783273458480835
141-9,141,9,1,0,0.042911056,fast_test,weighted,0.47783273458480835
141-10,141,10,1,0,0.008718589,fast_test,weighted,0.47783273458480835
141-11,141,11,1,0,0.018486371,fast_test,weighted,0.47783273458480835
141-12,141,12,1,0,0.018187763,fast_test,weighted,0.47783273458480835
142-0,142,0,1,0,0.3092361,fast_test,weighted,0.47783273458480835
142-1,142,1,1,0,0.3377062,fast_test,weighted,0.47783273458480835
142-2,142,2,1,0,0.14093563,fast_test,weighted,0.47783273458480835
142-3,142,3,1,0,0.18535496,fast_test,weighted,0.47783273458480835
142-4,142,4,1,0,0.06872366,fast_test,weighted,0.47783273458480835
142-5,142,5,1,0,0.06777822,fast_test,weighted,0.47783273458480835
142-6,142,6,1,0,0.1119336,fast_test,weighted,0.47783273458480835
142-7,142,7,1,0,0.16240883,fast_test,weighted,0.47783273458480835
142-8,142,8,1,0,0.109874316,fast_test,weighted,0.47783273458480835
142-9,142,9,1,0,0.29738364,fast_test,weighted,0.47783273458480835
142-10,142,10,1,0,0.061869703,fast_test,weighted,0.47783273458480835
142-11,142,11,1,0,0.18604389,fast_test,weighted,0.47783273458480835
142-12,142,12,1,0,0.17920814,fast_test,weighted,0.47783273458480835
143-0,143,0,1,0,0.9295024,fast_test,weighted,0.47783273458480835
143-1,143,1,1,0,0.93452746,fast_test,weighted,0.47783273458480835
143-2,143,2,1,0,0.8132048,fast_test,weighted,0.47783273458480835
143-3,143,3,1,0,0.8359917,fast_test,weighted,0.47783273458480835
143-4,143,4,1,0,0.68241554,fast_test,weighted,0.47783273458480835
143-5,143,5,1,1,0.0030448907,fast_test,weighted,0.47783273458480835
143-6,143,6,1,0,0.6103057,fast_test,weighted,0.47783273458480835
143-7,143,7,1,0,0.8526207,fast_test,weighted,0.47783273458480835
143-8,143,8,1,0,0.60270405,fast_test,weighted,0.47783273458480835
143-9,143,9,1,0,0.93522704,fast_test,weighted,0.47783273458480835
143-10,143,10,1,0,0.440027,fast_test,weighted,0.47783273458480835
143-11,143,11,1,0,0.8277333,fast_test,weighted,0.47783273458480835
143-12,143,12,1,0,0.77151537,fast_test,weighted,0.47783273458480835
144-0,144,0,4,0,0.0066363676,fast_test,weighted,0.47652116417884827
144-1,144,1,4,0,0.005303834,fast_test,weighted,0.47652116417884827
144-2,144,2,4,0,0.02563601,fast_test,weighted,0.47652116417884827
144-3,144,3,4,0,0.012336328,fast_test,weighted,0.47652116417884827
144-4,144,4,4,0,0.003017466,fast_test,weighted,0.47652116417884827
144-5,144,5,4,0,0.0022556344,fast_test,weighted,0.47652116417884827
144-6,144,6,4,0,0.007965201,fast_test,weighted,0.47652116417884827
144-7,144,7,4,0,0.0066721886,fast_test,weighted,0.47652116417884827
144-8,144,8,4,0,0.021494208,fast_test,weighted,0.47652116417884827
144-9,144,9,4,0,0.018107582,fast_test,weighted,0.47652116417884827
144-10,144,10,4,0,0.0058018276,fast_test,weighted,0.47652116417884827
144-11,144,11,4,0,0.006724263,fast_test,weighted,0.47652116417884827
144-12,144,12,4,0,0.008716842,fast_test,weighted,0.47652116417884827
145-0,145,0,2,0,0.26531994,fast_test,weighted,0.4574896991252899
145-1,145,1,2,0,0.42219076,fast_test,weighted,0.4574896991252899
145-2,145,2,2,0,0.6027252,fast_test,weighted,0.4574896991252899
145-3,145,3,2,0,0.6253374,fast_test,weighted,0.4574896991252899
145-4,145,4,2,0,0.16355307,fast_test,weighted,0.4574896991252899
145-5,145,5,2,0,0.35606378,fast_test,weighted,0.4574896991252899
145-6,145,6,2,0,0.10921447,fast_test,weighted,0.4574896991252899
145-7,145,7,2,0,0.27581254,fast_test,weighted,0.4574896991252899
145-8,145,8,2,0,0.6997095,fast_test,weighted,0.4574896991252899
145-9,145,9,2,0,0.6729891,fast_test,weighted,0.4574896991252899
145-10,145,10,2,1,0.031927407,fast_test,weighted,0.4574896991252899
145-11,145,11,2,0,0.10876153,fast_test,weighted,0.4574896991252899
145-12,145,12,2,0,0.27946702,fast_test,weighted,0.4574896991252899
146-0,146,0,5,0,0.5910732,fast_test,weighted,0.4379396438598633
146-1,146,1,5,0,0.825014,fast_test,weighted,0.4379396438598633
146-2,146,2,5,0,0.58650774,fast_test,weighted,0.4379396438598633
146-3,146,3,5,0,0.8355895,fast_test,weighted,0.4379396438598633
146-4,146,4,5,0,0.5746342,fast_test,weighted,0.4379396438598633
146-5,146,5,5,0,0.052979693,fast_test,weighted,0.4379396438598633
146-6,146,6,5,1,0.4355657,fast_test,weighted,0.4379396438598633
146-7,146,7,5,0,0.744563,fast_test,weighted,0.4379396438598633
146-8,146,8,5,0,0.6444589,fast_test,weighted,0.4379396438598633
146-9,146,9,5,0,0.8279025,fast_test,weighted,0.4379396438598633
146-10,146,10,5,0,0.045557614,fast_test,weighted,0.4379396438598633
146-11,146,11,5,0,0.6040685,fast_test,weighted,0.4379396438598633
146-12,146,12,5,0,0.7674111,fast_test,weighted,0.4379396438598633
147-0,147,0,1,1,0.9295024,fast_test,weighted,0.47783273458480835
147-1,147,1,1,0,0.017878396,fast_test,weighted,0.47783273458480835
147-2,147,2,1,0,0.005634741,fast_test,weighted,0.47783273458480835
147-3,147,3,1,0,0.01263184,fast_test,weighted,0.47783273458480835
147-4,147,4,1,0,0.00420665,fast_test,weighted,0.47783273458480835
147-5,147,5,1,0,0.003820429,fast_test,weighted,0.47783273458480835
147-6,147,6,1,1,0.6366029,fast_test,weighted,0.47783273458480835
147-7,147,7,1,0,0.011391586,fast_test,weighted,0.47783273458480835
147-8,147,8,1,0,0.004042863,fast_test,weighted,0.47783273458480835
147-9,147,9,1,0,0.023593334,fast_test,weighted,0.47783273458480835
147-10,147,10,1,0,0.0045825997,fast_test,weighted,0.47783273458480835
147-11,147,11,1,0,0.009344738,fast_test,weighted,0.47783273458480835
147-12,147,12,1,1,0.77151537,fast_test,weighted,0.47783273458480835
148-0,148,0,2,0,0.4788414,fast_test,weighted,0.4574896991252899
148-1,148,1,2,0,0.8050582,fast_test,weighted,0.4574896991252899
148-2,148,2,2,0,0.78442883,fast_test,weighted,0.4574896991252899
148-3,148,3,2,0,0.83076555,fast_test,weighted,0.4574896991252899
148-4,148,4,2,1,0.0039398004,fast_test,weighted,0.4574896991252899
148-5,148,5,2,0,0.54500234,fast_test,weighted,0.4574896991252899
148-6,148,6,2,0,0.15870282,fast_test,weighted,0.4574896991252899
148-7,148,7,2,0,0.46593547,fast_test,weighted,0.4574896991252899
148-8,148,8,2,0,0.92990416,fast_test,weighted,0.4574896991252899
148-9,148,9,2,0,0.8188054,fast_test,weighted,0.4574896991252899
148-10,148,10,2,0,0.32785287,fast_test,weighted,0.4574896991252899
148-11,148,11,2,0,0.40332136,fast_test,weighted,0.4574896991252899
148-12,148,12,2,0,0.62270373,fast_test,weighted,0.4574896991252899
149-0,149,0,1,0,0.3092361,fast_test,weighted,0.47783273458480835
149-1,149,1,1,1,0.28335166,fast_test,weighted,0.47783273458480835
149-2,149,2,1,1,0.111441344,fast_test,weighted,0.47783273458480835
149-3,149,3,1,1,0.17024621,fast_test,weighted,0.47783273458480835
149-4,149,4,1,1,0.05419609,fast_test,weighted,0.47783273458480835
149-5,149,5,1,1,0.06275027,fast_test,weighted,0.47783273458480835
149-6,149,6,1,1,0.079636134,fast_test,weighted,0.47783273458480835
149-7,149,7,1,1,0.16062357,fast_test,weighted,0.47783273458480835
149-8,149,8,1,1,0.0924651,fast_test,weighted,0.47783273458480835
149-9,149,9,1,1,0.2856907,fast_test,weighted,0.47783273458480835
149-10,149,10,1,0,0.061751816,fast_test,weighted,0.47783273458480835
149-11,149,11,1,0,0.18604389,fast_test,weighted,0.47783273458480835
149-12,149,12,1,1,0.12788154,fast_test,weighted,0.47783273458480835
150-0,150,0,4,0,0.002066944,fast_test,weighted,0.47652116417884827
150-1,150,1,4,0,0.0016811641,fast_test,weighted,0.47652116417884827
150-2,150,2,4,0,0.00792237,fast_test,weighted,0.47652116417884827
150-3,150,3,4,0,0.0040653953,fast_test,weighted,0.47652116417884827
150-4,150,4,4,0,0.0011091724,fast_test,weighted,0.47652116417884827
150-5,150,5,4,0,0.0007479638,fast_test,weighted,0.47652116417884827
150-6,150,6,4,0,0.0022305811,fast_test,weighted,0.47652116417884827
150-7,150,7,4,0,0.001809292,fast_test,weighted,0.47652116417884827
150-8,150,8,4,0,0.0052599264,fast_test,weighted,0.47652116417884827
150-9,150,9,4,0,0.005493102,fast_test,weighted,0.47652116417884827
150-10,150,10,4,0,0.0018860338,fast_test,weighted,0.47652116417884827
150-11,150,11,4,0,0.002161135,fast_test,weighted,0.47652116417884827
150-12,150,12,4,0,0.0027222757,fast_test,weighted,0.47652116417884827
151-0,151,0,2,1,0.44565687,fast_test,weighted,0.4574896991252899
151-1,151,1,2,1,0.6133548,fast_test,weighted,0.4574896991252899
151-2,151,2,2,1,0.78708977,fast_test,weighted,0.4574896991252899
151-3,151,3,2,0,0.16837668,fast_test,weighted,0.4574896991252899
151-4,151,4,2,0,0.02912773,fast_test,weighted,0.4574896991252899
151-5,151,5,2,0,0.05318111,fast_test,weighted,0.4574896991252899
151-6,151,6,2,0,0.028885856,fast_test,weighted,0.4574896991252899
151-7,151,7,2,0,0.034703184,fast_test,weighted,0.4574896991252899
151-8,151,8,2,0,0.1491665,fast_test,weighted,0.4574896991252899
151-9,151,9,2,1,0.8183976,fast_test,weighted,0.4574896991252899
151-10,151,10,2,1,0.1853909,fast_test,weighted,0.4574896991252899
151-11,151,11,2,0,0.017522851,fast_test,weighted,0.4574896991252899
151-12,151,12,2,0,0.048805762,fast_test,weighted,0.4574896991252899
152-0,152,0,4,0,0.8210084,fast_test,weighted,0.47652116417884827
152-1,152,1,4,0,0.8932257,fast_test,weighted,0.47652116417884827
152-2,152,2,4,0,0.9762573,fast_test,weighted,0.47652116417884827
152-3,152,3,4,0,0.9077631,fast_test,weighted,0.47652116417884827
152-4,152,4,4,0,0.7089815,fast_test,weighted,0.47652116417884827
152-5,152,5,4,0,0.7840218,fast_test,weighted,0.47652116417884827
152-6,152,6,4,0,0.8800876,fast_test,weighted,0.47652116417884827
152-7,152,7,4,0,0.8103004,fast_test,weighted,0.47652116417884827
152-8,152,8,4,0,0.93339694,fast_test,weighted,0.47652116417884827
152-9,152,9,4,0,0.963033,fast_test,weighted,0.47652116417884827
152-10,152,10,4,0,0.5926433,fast_test,weighted,0.47652116417884827
152-11,152,11,4,0,0.88930815,fast_test,weighted,0.47652116417884827
152-12,152,12,4,0,0.9050406,fast_test,weighted,0.47652116417884827
153-0,153,0,4,0,0.0025726638,fast_test,weighted,0.47652116417884827
153-1,153,1,4,0,0.0021709176,fast_test,weighted,0.47652116417884827
153-2,153,2,4,0,0.0102117,fast_test,weighted,0.47652116417884827
153-3,153,3,4,0,0.005142989,fast_test,weighted,0.47652116417884827
153-4,153,4,4,0,0.0014203198,fast_test,weighted,0.47652116417884827
153-5,153,5,4,0,0.0009855669,fast_test,weighted,0.47652116417884827
153-6,153,6,4,0,0.0028320018,fast_test,weighted,0.47652116417884827
153-7,153,7,4,0,0.002000086,fast_test,weighted,0.47652116417884827
153-8,153,8,4,0,0.006785145,fast_test,weighted,0.47652116417884827
153-9,153,9,4,0,0.007434634,fast_test,weighted,0.47652116417884827
153-10,153,10,4,0,0.002180906,fast_test,weighted,0.47652116417884827
153-11,153,11,4,0,0.0027903216,fast_test,weighted,0.47652116417884827
153-12,153,12,4,0,0.003445087,fast_test,weighted,0.47652116417884827
154-0,154,0,1,0,0.14183119,fast_test,weighted,0.47783273458480835
154-1,154,1,1,1,0.9412111,fast_test,weighted,0.47783273458480835
154-2,154,2,1,1,0.8284676,fast_test,weighted,0.47783273458480835
154-3,154,3,1,0,0.07396891,fast_test,weighted,0.47783273458480835
154-4,154,4,1,1,0.73212034,fast_test,weighted,0.47783273458480835
154-5,154,5,1,1,0.7228745,fast_test,weighted,0.47783273458480835
154-6,154,6,1,1,0.6540218,fast_test,weighted,0.47783273458480835
154-7,154,7,1,0,0.06815704,fast_test,weighted,0.47783273458480835
154-8,154,8,1,1,0.67148167,fast_test,weighted,0.47783273458480835
154-9,154,9,1,1,0.94254,fast_test,weighted,0.47783273458480835
154-10,154,10,1,1,0.4773193,fast_test,weighted,0.47783273458480835
154-11,154,11,1,1,0.84837925,fast_test,weighted,0.47783273458480835
154-12,154,12,1,1,0.7972488,fast_test,weighted,0.47783273458480835
155-0,155,0,5,0,0.15207519,fast_test,weighted,0.4379396438598633
155-1,155,1,5,1,0.6124912,fast_test,weighted,0.4379396438598633
155-2,155,2,5,0,0.17406188,fast_test,weighted,0.4379396438598633
155-3,155,3,5,0,0.35141817,fast_test,weighted,0.4379396438598633
155-4,155,4,5,0,0.22054121,fast_test,weighted,0.4379396438598633
155-5,155,5,5,0,0.08853244,fast_test,weighted,0.4379396438598633
155-6,155,6,5,0,0.48516256,fast_test,weighted,0.4379396438598633
155-7,155,7,5,0,0.3277057,fast_test,weighted,0.4379396438598633
155-8,155,8,5,0,0.25130448,fast_test,weighted,0.4379396438598633
155-9,155,9,5,0,0.40866327,fast_test,weighted,0.4379396438598633
155-10,155,10,5,0,0.07829929,fast_test,weighted,0.4379396438598633
155-11,155,11,5,0,0.18479227,fast_test,weighted,0.4379396438598633
155-12,155,12,5,0,0.345351,fast_test,weighted,0.4379396438598633
156-0,156,0,2,1,0.004218632,fast_test,weighted,0.4574896991252899
156-1,156,1,2,1,0.010999214,fast_test,weighted,0.4574896991252899
156-2,156,2,2,1,0.011779552,fast_test,weighted,0.4574896991252899
156-3,156,3,2,1,0.020853966,fast_test,weighted,0.4574896991252899
156-4,156,4,2,1,0.0029695074,fast_test,weighted,0.4574896991252899
156-5,156,5,2,1,0.004625137,fast_test,weighted,0.4574896991252899
156-6,156,6,2,1,0.0032453358,fast_test,weighted,0.4574896991252899
156-7,156,7,2,1,0.0032084556,fast_test,weighted,0.4574896991252899
156-8,156,8,2,1,0.022733768,fast_test,weighted,0.4574896991252899
156-9,156,9,2,1,0.01795658,fast_test,weighted,0.4574896991252899
156-10,156,10,2,1,0.0020682437,fast_test,weighted,0.4574896991252899
156-11,156,11,2,1,0.0020865598,fast_test,weighted,0.4574896991252899
156-12,156,12,2,0,0.6321861,fast_test,weighted,0.4574896991252899
157-0,157,0,1,0,0.019812541,fast_test,weighted,0.47783273458480835
157-1,157,1,1,0,0.017878396,fast_test,weighted,0.47783273458480835
157-2,157,2,1,0,0.005634741,fast_test,weighted,0.47783273458480835
157-3,157,3,1,0,0.009417637,fast_test,weighted,0.47783273458480835
157-4,157,4,1,0,0.004472408,fast_test,weighted,0.47783273458480835
157-5,157,5,1,0,0.002964614,fast_test,weighted,0.47783273458480835
157-6,157,6,1,1,0.34092298,fast_test,weighted,0.47783273458480835
157-7,157,7,1,0,0.011391586,fast_test,weighted,0.47783273458480835
157-8,157,8,1,0,0.004042863,fast_test,weighted,0.47783273458480835
157-9,157,9,1,0,0.017849257,fast_test,weighted,0.47783273458480835
157-10,157,10,1,0,0.003471893,fast_test,weighted,0.47783273458480835
157-11,157,11,1,0,0.007354928,fast_test,weighted,0.47783273458480835
157-12,157,12,1,0,0.007475948,fast_test,weighted,0.47783273458480835
158-0,158,0,5,1,0.086189136,fast_test,weighted,0.4379396438598633
158-1,158,1,5,1,0.2485057,fast_test,weighted,0.4379396438598633
158-2,158,2,5,1,0.08841248,fast_test,weighted,0.4379396438598633
158-3,158,3,5,1,0.33158606,fast_test,weighted,0.4379396438598633
158-4,158,4,5,1,0.06817296,fast_test,weighted,0.4379396438598633
158-5,158,5,5,0,0.1732812,fast_test,weighted,0.4379396438598633
158-6,158,6,5,0,0.61667967,fast_test,weighted,0.4379396438598633
158-7,158,7,5,1,0.19034034,fast_test,weighted,0.4379396438598633
158-8,158,8,5,1,0.13932744,fast_test,weighted,0.4379396438598633
158-9,158,9,5,1,0.25228584,fast_test,weighted,0.4379396438598633
158-10,158,10,5,1,0.034898035,fast_test,weighted,0.4379396438598633
158-11,158,11,5,1,0.09964498,fast_test,weighted,0.4379396438598633
158-12,158,12,5,1,0.18822631,fast_test,weighted,0.4379396438598633
159-0,159,0,4,0,0.0020607195,fast_test,weighted,0.47652116417884827
159-1,159,1,4,0,0.0015979992,fast_test,weighted,0.47652116417884827
159-2,159,2,4,0,0.007758113,fast_test,weighted,0.47652116417884827
159-3,159,3,4,0,0.0041728807,fast_test,weighted,0.47652116417884827
159-4,159,4,4,0,0.0013223559,fast_test,weighted,0.47652116417884827
159-5,159,5,4,0,0.00071693957,fast_test,weighted,0.47652116417884827
159-6,159,6,4,0,0.0023203294,fast_test,weighted,0.47652116417884827
159-7,159,7,4,0,0.0017620281,fast_test,weighted,0.47652116417884827
159-8,159,8,4,0,0.005024105,fast_test,weighted,0.47652116417884827
159-9,159,9,4,0,0.005774741,fast_test,weighted,0.47652116417884827
159-10,159,10,4,0,0.0017153535,fast_test,weighted,0.47652116417884827
159-11,159,11,4,0,0.002101506,fast_test,weighted,0.47652116417884827
159-12,159,12,4,0,0.0026375353,fast_test,weighted,0.47652116417884827
160-0,160,0,4,0,0.002066944,fast_test,weighted,0.47652116417884827
160-1,160,1,4,0,0.0016811641,fast_test,weighted,0.47652116417884827
160-2,160,2,4,0,0.00792237,fast_test,weighted,0.47652116417884827
160-3,160,3,4,0,0.003985426,fast_test,weighted,0.47652116417884827
160-4,160,4,4,0,0.0011782921,fast_test,weighted,0.47652116417884827
160-5,160,5,4,0,0.0007479638,fast_test,weighted,0.47652116417884827
160-6,160,6,4,0,0.0022305811,fast_test,weighted,0.47652116417884827
160-7,160,7,4,0,0.0018456772,fast_test,weighted,0.47652116417884827
160-8,160,8,4,0,0.0052599264,fast_test,weighted,0.47652116417884827
160-9,160,9,4,0,0.005764265,fast_test,weighted,0.47652116417884827
160-10,160,10,4,0,0.0017535825,fast_test,weighted,0.47652116417884827
160-11,160,11,4,0,0.002161135,fast_test,weighted,0.47652116417884827
160-12,160,12,4,0,0.0026686557,fast_test,weighted,0.47652116417884827
161-0,161,0,2,0,0.07924217,fast_test,weighted,0.4574896991252899
161-1,161,1,2,0,0.13855213,fast_test,weighted,0.4574896991252899
161-2,161,2,2,0,0.16811176,fast_test,weighted,0.4574896991252899
161-3,161,3,2,0,0.2329859,fast_test,weighted,0.4574896991252899
161-4,161,4,2,0,0.03366776,fast_test,weighted,0.4574896991252899
161-5,161,5,2,0,0.081780046,fast_test,weighted,0.4574896991252899
161-6,161,6,2,0,0.043722104,fast_test,weighted,0.4574896991252899
161-7,161,7,2,0,0.031529985,fast_test,weighted,0.4574896991252899
161-8,161,8,2,1,0.82272583,fast_test,weighted,0.4574896991252899
161-9,161,9,2,0,0.1403628,fast_test,weighted,0.4574896991252899
161-10,161,10,2,0,0.024208946,fast_test,weighted,0.4574896991252899
161-11,161,11,2,0,0.026131641,fast_test,weighted,0.4574896991252899
161-12,161,12,2,0,0.073395655,fast_test,weighted,0.4574896991252899
162-0,162,0,2,0,0.04742181,fast_test,weighted,0.4574896991252899
162-1,162,1,2,0,0.10836167,fast_test,weighted,0.4574896991252899
162-2,162,2,2,0,0.16003603,fast_test,weighted,0.4574896991252899
162-3,162,3,2,0,0.15022464,fast_test,weighted,0.4574896991252899
162-4,162,4,2,0,0.02590891,fast_test,weighted,0.4574896991252899
162-5,162,5,2,0,0.04035095,fast_test,weighted,0.4574896991252899
162-6,162,6,2,0,0.028409448,fast_test,weighted,0.4574896991252899
162-7,162,7,2,0,0.0479178,fast_test,weighted,0.4574896991252899
162-8,162,8,2,0,0.23513043,fast_test,weighted,0.4574896991252899
162-9,162,9,2,0,0.20908095,fast_test,weighted,0.4574896991252899
162-10,162,10,2,0,0.019076116,fast_test,weighted,0.4574896991252899
162-11,162,11,2,0,0.02057567,fast_test,weighted,0.4574896991252899
162-12,162,12,2,0,0.064419575,fast_test,weighted,0.4574896991252899
163-0,163,0,2,1,0.054757055,fast_test,weighted,0.4574896991252899
163-1,163,1,2,1,0.11611043,fast_test,weighted,0.4574896991252899
163-2,163,2,2,1,0.16615734,fast_test,weighted,0.4574896991252899
163-3,163,3,2,1,0.21406762,fast_test,weighted,0.4574896991252899
163-4,163,4,2,1,0.04750766,fast_test,weighted,0.4574896991252899
163-5,163,5,2,1,0.063558035,fast_test,weighted,0.4574896991252899
163-6,163,6,2,1,0.039814632,fast_test,weighted,0.4574896991252899
163-7,163,7,2,0,0.40393302,fast_test,weighted,0.4574896991252899
163-8,163,8,2,1,0.23257825,fast_test,weighted,0.4574896991252899
163-9,163,9,2,1,0.1760789,fast_test,weighted,0.4574896991252899
163-10,163,10,2,1,0.022010703,fast_test,weighted,0.4574896991252899
163-11,163,11,2,1,0.023084026,fast_test,weighted,0.4574896991252899
163-12,163,12,2,1,0.06631553,fast_test,weighted,0.4574896991252899
164-0,164,0,4,0,0.046184182,fast_test,weighted,0.47652116417884827
164-1,164,1,4,0,0.060675126,fast_test,weighted,0.47652116417884827
164-2,164,2,4,0,0.22596371,fast_test,weighted,0.47652116417884827
164-3,164,3,4,0,0.11227898,fast_test,weighted,0.47652116417884827
164-4,164,4,4,0,0.022146793,fast_test,weighted,0.47652116417884827
164-5,164,5,4,0,0.027380196,fast_test,weighted,0.47652116417884827
164-6,164,6,4,1,0.59749484,fast_test,weighted,0.47652116417884827
164-7,164,7,4,0,0.04934494,fast_test,weighted,0.47652116417884827
164-8,164,8,4,0,0.1195083,fast_test,weighted,0.47652116417884827
164-9,164,9,4,0,0.15495242,fast_test,weighted,0.47652116417884827
164-10,164,10,4,0,0.04725476,fast_test,weighted,0.47652116417884827
164-11,164,11,4,0,0.07202172,fast_test,weighted,0.47652116417884827
164-12,164,12,4,0,0.074726,fast_test,weighted,0.47652116417884827
165-0,165,0,1,0,0.019812541,fast_test,weighted,0.47783273458480835
165-1,165,1,1,0,0.017878396,fast_test,weighted,0.47783273458480835
165-2,165,2,1,0,0.005634741,fast_test,weighted,0.47783273458480835
165-3,165,3,1,0,0.009670965,fast_test,weighted,0.47783273458480835
165-4,165,4,1,0,0.0034525765,fast_test,weighted,0.47783273458480835
165-5,165,5,1,0,0.0030448907,fast_test,weighted,0.47783273458480835
165-6,165,6,1,0,0.0042434707,fast_test,weighted,0.47783273458480835
165-7,165,7,1,0,0.011391586,fast_test,weighted,0.47783273458480835
165-8,165,8,1,0,0.004042863,fast_test,weighted,0.47783273458480835
165-9,165,9,1,0,0.017849257,fast_test,weighted,0.47783273458480835
165-10,165,10,1,0,0.003471893,fast_test,weighted,0.47783273458480835
165-11,165,11,1,0,0.007354928,fast_test,weighted,0.47783273458480835
165-12,165,12,1,0,0.007475948,fast_test,weighted,0.47783273458480835
166-0,166,0,3,0,0.15282944,fast_test,weighted,0.4019046127796173
166-1,166,1,3,0,0.14989848,fast_test,weighted,0.4019046127796173
166-2,166,2,3,0,0.052774854,fast_test,weighted,0.4019046127796173
166-3,166,3,3,0,0.35670188,fast_test,weighted,0.4019046127796173
166-4,166,4,3,0,0.031038783,fast_test,weighted,0.4019046127796173
166-5,166,5,3,0,0.22901265,fast_test,weighted,0.4019046127796173
166-6,166,6,3,0,0.046391312,fast_test,weighted,0.4019046127796173
166-7,166,7,3,0,0.15745065,fast_test,weighted,0.4019046127796173
166-8,166,8,3,0,0.075518064,fast_test,weighted,0.4019046127796173
166-9,166,9,3,0,0.18881814,fast_test,weighted,0.4019046127796173
166-10,166,10,3,0,0.048852053,fast_test,weighted,0.4019046127796173
166-11,166,11,3,0,0.083355114,fast_test,weighted,0.4019046127796173
166-12,166,12,3,0,0.18216497,fast_test,weighted,0.4019046127796173
167-0,167,0,1,0,0.3092361,fast_test,weighted,0.47783273458480835
167-1,167,1,1,0,0.3377062,fast_test,weighted,0.47783273458480835
167-2,167,2,1,0,0.14235094,fast_test,weighted,0.47783273458480835
167-3,167,3,1,0,0.21708511,fast_test,weighted,0.47783273458480835
167-4,167,4,1,0,0.08251036,fast_test,weighted,0.47783273458480835
167-5,167,5,1,0,0.081391945,fast_test,weighted,0.47783273458480835
167-6,167,6,1,0,0.11448496,fast_test,weighted,0.47783273458480835
167-7,167,7,1,0,0.16240883,fast_test,weighted,0.47783273458480835
167-8,167,8,1,1,0.077332534,fast_test,weighted,0.47783273458480835
167-9,167,9,1,0,0.34375837,fast_test,weighted,0.47783273458480835
167-10,167,10,1,0,0.061751816,fast_test,weighted,0.47783273458480835
167-11,167,11,1,0,0.18604389,fast_test,weighted,0.47783273458480835
167-12,167,12,1,0,0.18082713,fast_test,weighted,0.47783273458480835
168-0,168,0,1,1,0.9463786,fast_test,weighted,0.47783273458480835
168-1,168,1,1,0,0.042979345,fast_test,weighted,0.47783273458480835
168-2,168,2,1,0,0.0133704245,fast_test,weighted,0.47783273458480835
168-3,168,3,1,0,0.023066472,fast_test,weighted,0.47783273458480835
168-4,168,4,1,0,0.007114362,fast_test,weighted,0.47783273458480835
168-5,168,5,1,0,0.0073308144,fast_test,weighted,0.47783273458480835
168-6,168,6,1,1,0.6754164,fast_test,weighted,0.47783273458480835
168-7,168,7,1,0,0.02025778,fast_test,weighted,0.47783273458480835
168-8,168,8,1,1,0.6820108,fast_test,weighted,0.47783273458480835
168-9,168,9,1,0,0.042911056,fast_test,weighted,0.47783273458480835
168-10,168,10,1,0,0.008701039,fast_test,weighted,0.47783273458480835
168-11,168,11,1,0,0.018486371,fast_test,weighted,0.47783273458480835
168-12,168,12,1,0,0.018384662,fast_test,weighted,0.47783273458480835
169-0,169,0,5,0,0.82633466,fast_test,weighted,0.4379396438598633
169-1,169,1,5,0,0.9384339,fast_test,weighted,0.4379396438598633
169-2,169,2,5,0,0.80027556,fast_test,weighted,0.4379396438598633
169-3,169,3,5,0,0.9436001,fast_test,weighted,0.4379396438598633
169-4,169,4,5,0,0.8295195,fast_test,weighted,0.4379396438598633
169-5,169,5,5,0,0.17408511,fast_test,weighted,0.4379396438598633
169-6,169,6,5,0,0.94991165,fast_test,weighted,0.4379396438598633
169-7,169,7,5,0,0.8758842,fast_test,weighted,0.4379396438598633
169-8,169,8,5,0,0.8505861,fast_test,weighted,0.4379396438598633
169-9,169,9,5,0,0.9142584,fast_test,weighted,0.4379396438598633
169-10,169,10,5,1,0.0012477256,fast_test,weighted,0.4379396438598633
169-11,169,11,5,0,0.8095032,fast_test,weighted,0.4379396438598633
169-12,169,12,5,0,0.91575,fast_test,weighted,0.4379396438598633
170-0,170,0,3,0,0.13071541,fast_test,weighted,0.4019046127796173
170-1,170,1,3,0,0.098804556,fast_test,weighted,0.4019046127796173
170-2,170,2,3,0,0.030785335,fast_test,weighted,0.4019046127796173
170-3,170,3,3,0,0.26081917,fast_test,weighted,0.4019046127796173
170-4,170,4,3,0,0.034627516,fast_test,weighted,0.4019046127796173
170-5,170,5,3,0,0.16026737,fast_test,weighted,0.4019046127796173
170-6,170,6,3,0,0.024031349,fast_test,weighted,0.4019046127796173
170-7,170,7,3,0,0.092991725,fast_test,weighted,0.4019046127796173
170-8,170,8,3,0,0.034287844,fast_test,weighted,0.4019046127796173
170-9,170,9,3,0,0.12810305,fast_test,weighted,0.4019046127796173
170-10,170,10,3,0,0.034994405,fast_test,weighted,0.4019046127796173
170-11,170,11,3,0,0.03894856,fast_test,weighted,0.4019046127796173
170-12,170,12,3,0,0.1401457,fast_test,weighted,0.4019046127796173
171-0,171,0,3,0,0.34588888,fast_test,weighted,0.4019046127796173
171-1,171,1,3,1,0.07964412,fast_test,weighted,0.4019046127796173
171-2,171,2,3,0,0.09966533,fast_test,weighted,0.4019046127796173
171-3,171,3,3,0,0.6137827,fast_test,weighted,0.4019046127796173
171-4,171,4,3,0,0.09446282,fast_test,weighted,0.4019046127796173
171-5,171,5,3,0,0.4659023,fast_test,weighted,0.4019046127796173
171-6,171,6,3,0,0.08982567,fast_test,weighted,0.4019046127796173
171-7,171,7,3,0,0.32819706,fast_test,weighted,0.4019046127796173
171-8,171,8,3,0,0.109748095,fast_test,weighted,0.4019046127796173
171-9,171,9,3,0,0.44420055,fast_test,weighted,0.4019046127796173
171-10,171,10,3,0,0.09228845,fast_test,weighted,0.4019046127796173
171-11,171,11,3,0,0.124878734,fast_test,weighted,0.4019046127796173
171-12,171,12,3,0,0.36744115,fast_test,weighted,0.4019046127796173
172-0,172,0,1,0,0.22497918,fast_test,weighted,0.47783273458480835
172-1,172,1,1,1,0.63286537,fast_test,weighted,0.47783273458480835
172-2,172,2,1,0,0.09502013,fast_test,weighted,0.47783273458480835
172-3,172,3,1,0,0.14840135,fast_test,weighted,0.47783273458480835
172-4,172,4,1,0,0.05171656,fast_test,weighted,0.47783273458480835
172-5,172,5,1,0,0.046473105,fast_test,weighted,0.47783273458480835
172-6,172,6,1,0,0.074442714,fast_test,weighted,0.47783273458480835
172-7,172,7,1,0,0.13299677,fast_test,weighted,0.47783273458480835
172-8,172,8,1,0,0.072413966,fast_test,weighted,0.47783273458480835
172-9,172,9,1,0,0.21968885,fast_test,weighted,0.47783273458480835
172-10,172,10,1,0,0.044089057,fast_test,weighted,0.47783273458480835
172-11,172,11,1,0,0.12607509,fast_test,weighted,0.47783273458480835
172-12,172,12,1,0,0.122287266,fast_test,weighted,0.47783273458480835
173-0,173,0,2,0,0.15879135,fast_test,weighted,0.4574896991252899
173-1,173,1,2,0,0.28241703,fast_test,weighted,0.4574896991252899
173-2,173,2,2,0,0.37234527,fast_test,weighted,0.4574896991252899
173-3,173,3,2,0,0.4540825,fast_test,weighted,0.4574896991252899
173-4,173,4,2,0,0.11121267,fast_test,weighted,0.4574896991252899
173-5,173,5,2,0,0.17742845,fast_test,weighted,0.4574896991252899
173-6,173,6,2,1,0.038000286,fast_test,weighted,0.4574896991252899
173-7,173,7,2,0,0.136846,fast_test,weighted,0.4574896991252899
173-8,173,8,2,1,0.6959695,fast_test,weighted,0.4574896991252899
173-9,173,9,2,0,0.4340771,fast_test,weighted,0.4574896991252899
173-10,173,10,2,0,0.055331536,fast_test,weighted,0.4574896991252899
173-11,173,11,2,0,0.058190793,fast_test,weighted,0.4574896991252899
173-12,173,12,2,1,0.26742005,fast_test,weighted,0.4574896991252899
174-0,174,0,5,0,0.0017423996,fast_test,weighted,0.4379396438598633
174-1,174,1,5,0,0.004749649,fast_test,weighted,0.4379396438598633
174-2,174,2,5,0,0.0018084456,fast_test,weighted,0.4379396438598633
174-3,174,3,5,0,0.010797547,fast_test,weighted,0.4379396438598633
174-4,174,4,5,0,0.0023972976,fast_test,weighted,0.4379396438598633
174-5,174,5,5,0,0.0024265896,fast_test,weighted,0.4379396438598633
174-6,174,6,5,1,0.95380175,fast_test,weighted,0.4379396438598633
174-7,174,7,5,0,0.002218961,fast_test,weighted,0.4379396438598633
174-8,174,8,5,0,0.0021058666,fast_test,weighted,0.4379396438598633
174-9,174,9,5,0,0.004775757,fast_test,weighted,0.4379396438598633
174-10,174,10,5,1,0.138218,fast_test,weighted,0.4379396438598633
174-11,174,11,5,0,0.0015986931,fast_test,weighted,0.4379396438598633
174-12,174,12,5,0,0.004456119,fast_test,weighted,0.4379396438598633
175-0,175,0,1,0,0.019812541,fast_test,weighted,0.47783273458480835
175-1,175,1,1,1,0.93452746,fast_test,weighted,0.47783273458480835
175-2,175,2,1,0,0.00548656,fast_test,weighted,0.47783273458480835
175-3,175,3,1,0,0.009417637,fast_test,weighted,0.47783273458480835
175-4,175,4,1,0,0.0033615876,fast_test,weighted,0.47783273458480835
175-5,175,5,1,0,0.002964614,fast_test,weighted,0.47783273458480835
175-6,175,6,1,0,0.0042434707,fast_test,weighted,0.47783273458480835
175-7,175,7,1,0,0.008157344,fast_test,weighted,0.47783273458480835
175-8,175,8,1,0,0.0040955506,fast_test,weighted,0.47783273458480835
175-9,175,9,1,0,0.017385477,fast_test,weighted,0.47783273458480835
175-10,175,10,1,0,0.0033944966,fast_test,weighted,0.47783273458480835
175-11,175,11,1,0,0.007354928,fast_test,weighted,0.47783273458480835
175-12,175,12,1,0,0.007475948,fast_test,weighted,0.47783273458480835
176-0,176,0,2,0,0.054402508,fast_test,weighted,0.4574896991252899
176-1,176,1,2,0,0.1413343,fast_test,weighted,0.4574896991252899
176-2,176,2,2,0,0.17369463,fast_test,weighted,0.4574896991252899
176-3,176,3,2,0,0.16061251,fast_test,weighted,0.4574896991252899
176-4,176,4,2,0,0.058702502,fast_test,weighted,0.4574896991252899
176-5,176,5,2,0,0.046592593,fast_test,weighted,0.4574896991252899
176-6,176,6,2,0,0.037581973,fast_test,weighted,0.4574896991252899
176-7,176,7,2,0,0.058628134,fast_test,weighted,0.4574896991252899
176-8,176,8,2,0,0.24491909,fast_test,weighted,0.4574896991252899
176-9,176,9,2,0,0.14756164,fast_test,weighted,0.4574896991252899
176-10,176,10,2,0,0.027028974,fast_test,weighted,0.4574896991252899
176-11,176,11,2,0,0.02661271,fast_test,weighted,0.4574896991252899
176-12,176,12,2,0,0.076739684,fast_test,weighted,0.4574896991252899
177-0,177,0,3,0,0.42871737,fast_test,weighted,0.4019046127796173
177-1,177,1,3,1,0.20191534,fast_test,weighted,0.4019046127796173
177-2,177,2,3,1,0.07004702,fast_test,weighted,0.4019046127796173
177-3,177,3,3,0,0.6964074,fast_test,weighted,0.4019046127796173
177-4,177,4,3,0,0.13122697,fast_test,weighted,0.4019046127796173
177-5,177,5,3,1,0.36679843,fast_test,weighted,0.4019046127796173
177-6,177,6,3,0,0.12145487,fast_test,weighted,0.4019046127796173
177-7,177,7,3,0,0.4166707,fast_test,weighted,0.4019046127796173
177-8,177,8,3,0,0.16182542,fast_test,weighted,0.4019046127796173
177-9,177,9,3,1,0.2727968,fast_test,weighted,0.4019046127796173
177-10,177,10,3,1,0.05236989,fast_test,weighted,0.4019046127796173
177-11,177,11,3,0,0.19777994,fast_test,weighted,0.4019046127796173
177-12,177,12,3,0,0.4030808,fast_test,weighted,0.4019046127796173
178-0,178,0,5,0,0.01602005,fast_test,weighted,0.4379396438598633
178-1,178,1,5,0,0.05137628,fast_test,weighted,0.4379396438598633
178-2,178,2,5,0,0.0149110565,fast_test,weighted,0.4379396438598633
178-3,178,3,5,0,0.032153416,fast_test,weighted,0.4379396438598633
178-4,178,4,5,0,0.013261122,fast_test,weighted,0.4379396438598633
178-5,178,5,5,0,0.017956235,fast_test,weighted,0.4379396438598633
178-6,178,6,5,0,0.060444385,fast_test,weighted,0.4379396438598633
178-7,178,7,5,0,0.026081905,fast_test,weighted,0.4379396438598633
178-8,178,8,5,0,0.018096553,fast_test,weighted,0.4379396438598633
178-9,178,9,5,0,0.03079653,fast_test,weighted,0.4379396438598633
178-10,178,10,5,0,0.012433724,fast_test,weighted,0.4379396438598633
178-11,178,11,5,0,0.015941294,fast_test,weighted,0.4379396438598633
178-12,178,12,5,0,0.035849154,fast_test,weighted,0.4379396438598633
179-0,179,0,1,0,0.024690723,fast_test,weighted,0.47783273458480835
179-1,179,1,1,0,0.017878396,fast_test,weighted,0.47783273458480835
179-2,179,2,1,0,0.0066464404,fast_test,weighted,0.47783273458480835
179-3,179,3,1,0,0.009417637,fast_test,weighted,0.47783273458480835
179-4,179,4,1,0,0.0033615876,fast_test,weighted,0.47783273458480835
179-5,179,5,1,0,0.003820429,fast_test,weighted,0.47783273458480835
179-6,179,6,1,0,0.0042434707,fast_test,weighted,0.47783273458480835
179-7,179,7,1,0,0.010772035,fast_test,weighted,0.47783273458480835
179-8,179,8,1,0,0.004042863,fast_test,weighted,0.47783273458480835
179-9,179,9,1,0,0.022216724,fast_test,weighted,0.47783273458480835
179-10,179,10,1,0,0.003517166,fast_test,weighted,0.47783273458480835
179-11,179,11,1,0,0.009344738,fast_test,weighted,0.47783273458480835
179-12,179,12,1,0,0.007475948,fast_test,weighted,0.47783273458480835
180-0,180,0,5,0,0.0022972494,fast_test,weighted,0.4379396438598633
180-1,180,1,5,1,0.9438056,fast_test,weighted,0.4379396438598633
180-2,180,2,5,1,0.81532943,fast_test,weighted,0.4379396438598633
180-3,180,3,5,1,0.9478199,fast_test,weighted,0.4379396438598633
180-4,180,4,5,0,0.0022963372,fast_test,weighted,0.4379396438598633
180-5,180,5,5,1,0.16842487,fast_test,weighted,0.4379396438598633
180-6,180,6,5,0,0.007876725,fast_test,weighted,0.4379396438598633
180-7,180,7,5,0,0.0033028366,fast_test,weighted,0.4379396438598633
180-8,180,8,5,1,0.8667077,fast_test,weighted,0.4379396438598633
180-9,180,9,5,1,0.94486415,fast_test,weighted,0.4379396438598633
180-10,180,10,5,0,0.0024784529,fast_test,weighted,0.4379396438598633
180-11,180,11,5,0,0.0015459711,fast_test,weighted,0.4379396438598633
180-12,180,12,5,1,0.9229383,fast_test,weighted,0.4379396438598633
181-0,181,0,4,0,0.0020607195,fast_test,weighted,0.47652116417884827
181-1,181,1,4,1,0.9113468,fast_test,weighted,0.47652116417884827
181-2,181,2,4,0,0.00760583,fast_test,weighted,0.47652116417884827
181-3,181,3,4,0,0.0042148433,fast_test,weighted,0.47652116417884827
181-4,181,4,4,0,0.0013334932,fast_test,weighted,0.47652116417884827
181-5,181,5,4,0,0.00071693957,fast_test,weighted,0.47652116417884827
181-6,181,6,4,0,0.002342731,fast_test,weighted,0.47652116417884827
181-7,181,7,4,0,0.0020275463,fast_test,weighted,0.47652116417884827
181-8,181,8,4,0,0.0049726507,fast_test,weighted,0.47652116417884827
181-9,181,9,4,0,0.006027966,fast_test,weighted,0.47652116417884827
181-10,181,10,4,0,0.0017775638,fast_test,weighted,0.47652116417884827
181-11,181,11,4,0,0.002101506,fast_test,weighted,0.47652116417884827
181-12,181,12,4,0,0.0026906112,fast_test,weighted,0.47652116417884827
182-0,182,0,4,0,0.002066944,fast_test,weighted,0.47652116417884827
182-1,182,1,4,1,0.91847336,fast_test,weighted,0.47652116417884827
182-2,182,2,4,0,0.008080702,fast_test,weighted,0.47652116417884827
182-3,182,3,4,0,0.0041824724,fast_test,weighted,0.47652116417884827
182-4,182,4,4,0,0.0011782921,fast_test,weighted,0.47652116417884827
182-5,182,5,4,1,0.8317407,fast_test,weighted,0.47652116417884827
182-6,182,6,4,0,0.0022520518,fast_test,weighted,0.47652116417884827
182-7,182,7,4,0,0.0018456772,fast_test,weighted,0.47652116417884827
182-8,182,8,4,0,0.005628359,fast_test,weighted,0.47652116417884827
182-9,182,9,4,0,0.005764265,fast_test,weighted,0.47652116417884827
182-10,182,10,4,0,0.0018860338,fast_test,weighted,0.47652116417884827
182-11,182,11,4,0,0.002161135,fast_test,weighted,0.47652116417884827
182-12,182,12,4,1,0.93369454,fast_test,weighted,0.47652116417884827
183-0,183,0,2,0,0.004218632,fast_test,weighted,0.4574896991252899
183-1,183,1,2,0,0.010999214,fast_test,weighted,0.4574896991252899
183-2,183,2,2,0,0.011779552,fast_test,weighted,0.4574896991252899
183-3,183,3,2,0,0.009652287,fast_test,weighted,0.4574896991252899
183-4,183,4,2,0,0.0034299851,fast_test,weighted,0.4574896991252899
183-5,183,5,2,0,0.004625137,fast_test,weighted,0.4574896991252899
183-6,183,6,2,0,0.0023658494,fast_test,weighted,0.4574896991252899
183-7,183,7,2,0,0.0021372125,fast_test,weighted,0.4574896991252899
183-8,183,8,2,0,0.01896166,fast_test,weighted,0.4574896991252899
183-9,183,9,2,0,0.015258263,fast_test,weighted,0.4574896991252899
183-10,183,10,2,0,0.0020348702,fast_test,weighted,0.4574896991252899
183-11,183,11,2,0,0.0020865598,fast_test,weighted,0.4574896991252899
183-12,183,12,2,0,0.005438102,fast_test,weighted,0.4574896991252899
184-0,184,0,4,0,0.22911958,fast_test,weighted,0.47652116417884827
184-1,184,1,4,0,0.31532183,fast_test,weighted,0.47652116417884827
184-2,184,2,4,0,0.6798323,fast_test,weighted,0.47652116417884827
184-3,184,3,4,0,0.42110726,fast_test,weighted,0.47652116417884827
184-4,184,4,4,0,0.1428514,fast_test,weighted,0.47652116417884827
184-5,184,5,4,0,0.1696627,fast_test,weighted,0.47652116417884827
184-6,184,6,4,0,0.2879327,fast_test,weighted,0.47652116417884827
184-7,184,7,4,0,0.22917394,fast_test,weighted,0.47652116417884827
184-8,184,8,4,0,0.42185655,fast_test,weighted,0.47652116417884827
184-9,184,9,4,0,0.5798651,fast_test,weighted,0.47652116417884827
184-10,184,10,4,0,0.09569501,fast_test,weighted,0.47652116417884827
184-11,184,11,4,0,0.3111813,fast_test,weighted,0.47652116417884827
184-12,184,12,4,0,0.34301692,fast_test,weighted,0.47652116417884827
185-0,185,0,2,0,0.04742181,fast_test,weighted,0.4574896991252899
185-1,185,1,2,1,0.63080823,fast_test,weighted,0.4574896991252899
185-2,185,2,2,0,0.15668103,fast_test,weighted,0.4574896991252899
185-3,185,3,2,0,0.14703935,fast_test,weighted,0.4574896991252899
185-4,185,4,2,0,0.038204808,fast_test,weighted,0.4574896991252899
185-5,185,5,2,0,0.062447265,fast_test,weighted,0.4574896991252899
185-6,185,6,2,0,0.027722795,fast_test,weighted,0.4574896991252899
185-7,185,7,2,0,0.0479178,fast_test,weighted,0.4574896991252899
185-8,185,8,2,0,0.23513043,fast_test,weighted,0.4574896991252899
185-9,185,9,2,0,0.16497847,fast_test,weighted,0.4574896991252899
185-10,185,10,2,0,0.020861616,fast_test,weighted,0.4574896991252899
185-11,185,11,2,0,0.02057567,fast_test,weighted,0.4574896991252899
185-12,185,12,2,0,0.06866477,fast_test,weighted,0.4574896991252899
186-0,186,0,2,0,0.13276239,fast_test,weighted,0.4574896991252899
186-1,186,1,2,0,0.23622322,fast_test,weighted,0.4574896991252899
186-2,186,2,2,0,0.3179599,fast_test,weighted,0.4574896991252899
186-3,186,3,2,0,0.3846722,fast_test,weighted,0.4574896991252899
186-4,186,4,2,0,0.092961505,fast_test,weighted,0.4574896991252899
186-5,186,5,2,0,0.1395009,fast_test,weighted,0.4574896991252899
186-6,186,6,2,1,0.06644948,fast_test,weighted,0.4574896991252899
186-7,186,7,2,0,0.10647044,fast_test,weighted,0.4574896991252899
186-8,186,8,2,0,0.42106226,fast_test,weighted,0.4574896991252899
186-9,186,9,2,1,0.76880145,fast_test,weighted,0.4574896991252899
186-10,186,10,2,1,0.16095828,fast_test,weighted,0.4574896991252899
186-11,186,11,2,0,0.049158506,fast_test,weighted,0.4574896991252899
186-12,186,12,2,0,0.14562726,fast_test,weighted,0.4574896991252899
187-0,187,0,5,0,0.00082340685,fast_test,weighted,0.4379396438598633
187-1,187,1,5,0,0.002020174,fast_test,weighted,0.4379396438598633
187-2,187,2,5,0,0.0010021696,fast_test,weighted,0.4379396438598633
187-3,187,3,5,0,0.006262835,fast_test,weighted,0.4379396438598633
187-4,187,4,5,0,0.0009859655,fast_test,weighted,0.4379396438598633
187-5,187,5,5,0,0.00125457,fast_test,weighted,0.4379396438598633
187-6,187,6,5,0,0.003306072,fast_test,weighted,0.4379396438598633
187-7,187,7,5,0,0.0013625751,fast_test,weighted,0.4379396438598633
187-8,187,8,5,1,0.9093197,fast_test,weighted,0.4379396438598633
187-9,187,9,5,0,0.0016353227,fast_test,weighted,0.4379396438598633
187-10,187,10,5,1,0.21679719,fast_test,weighted,0.4379396438598633
187-11,187,11,5,0,0.00088581035,fast_test,weighted,0.4379396438598633
187-12,187,12,5,0,0.0018507703,fast_test,weighted,0.4379396438598633
188-0,188,0,2,0,0.26271376,fast_test,weighted,0.4574896991252899
188-1,188,1,2,0,0.41892233,fast_test,weighted,0.4574896991252899
188-2,188,2,2,0,0.5995092,fast_test,weighted,0.4574896991252899
188-3,188,3,2,0,0.55880266,fast_test,weighted,0.4574896991252899
188-4,188,4,2,0,0.20072831,fast_test,weighted,0.4574896991252899
188-5,188,5,2,0,0.27914238,fast_test,weighted,0.4574896991252899
188-6,188,6,2,0,0.113110796,fast_test,weighted,0.4574896991252899
188-7,188,7,2,0,0.1664995,fast_test,weighted,0.4574896991252899
188-8,188,8,2,0,0.69215953,fast_test,weighted,0.4574896991252899
188-9,188,9,2,0,0.67283523,fast_test,weighted,0.4574896991252899
188-10,188,10,2,0,0.059098065,fast_test,weighted,0.4574896991252899
188-11,188,11,2,0,0.10746823,fast_test,weighted,0.4574896991252899
188-12,188,12,2,0,0.30160132,fast_test,weighted,0.4574896991252899
189-0,189,0,5,0,0.0015370168,fast_test,weighted,0.4379396438598633
189-1,189,1,5,0,0.0041912855,fast_test,weighted,0.4379396438598633
189-2,189,2,5,0,0.0011688381,fast_test,weighted,0.4379396438598633
189-3,189,3,5,0,0.0053232424,fast_test,weighted,0.4379396438598633
189-4,189,4,5,0,0.0010973169,fast_test,weighted,0.4379396438598633
189-5,189,5,5,0,0.0025695427,fast_test,weighted,0.4379396438598633
189-6,189,6,5,0,0.0039372975,fast_test,weighted,0.4379396438598633
189-7,189,7,5,0,0.0016036173,fast_test,weighted,0.4379396438598633
189-8,189,8,5,0,0.0018577221,fast_test,weighted,0.4379396438598633
189-9,189,9,5,0,0.004276188,fast_test,weighted,0.4379396438598633
189-10,189,10,5,0,0.0016627032,fast_test,weighted,0.4379396438598633
189-11,189,11,5,0,0.0014102255,fast_test,weighted,0.4379396438598633
189-12,189,12,5,0,0.003626922,fast_test,weighted,0.4379396438598633
190-0,190,0,4,0,0.8210084,fast_test,weighted,0.47652116417884827
190-1,190,1,4,0,0.8932257,fast_test,weighted,0.47652116417884827
190-2,190,2,4,0,0.97641414,fast_test,weighted,0.47652116417884827
190-3,190,3,4,0,0.9314904,fast_test,weighted,0.47652116417884827
190-4,190,4,4,0,0.7027416,fast_test,weighted,0.47652116417884827
190-5,190,5,4,0,0.78287065,fast_test,weighted,0.47652116417884827
190-6,190,6,4,0,0.87936985,fast_test,weighted,0.47652116417884827
190-7,190,7,4,0,0.8103004,fast_test,weighted,0.47652116417884827
190-8,190,8,4,0,0.93339694,fast_test,weighted,0.47652116417884827
190-9,190,9,4,1,0.0072946595,fast_test,weighted,0.47652116417884827
190-10,190,10,4,0,0.61639154,fast_test,weighted,0.47652116417884827
190-11,190,11,4,0,0.88930815,fast_test,weighted,0.47652116417884827
190-12,190,12,4,0,0.9050406,fast_test,weighted,0.47652116417884827
191-0,191,0,3,0,0.009728177,fast_test,weighted,0.4019046127796173
191-1,191,1,3,0,0.005919506,fast_test,weighted,0.4019046127796173
191-2,191,2,3,1,0.668805,fast_test,weighted,0.4019046127796173
191-3,191,3,3,0,0.023708232,fast_test,weighted,0.4019046127796173
191-4,191,4,3,0,0.0019292783,fast_test,weighted,0.4019046127796173
191-5,191,5,3,1,0.94321275,fast_test,weighted,0.4019046127796173
191-6,191,6,3,0,0.0018305235,fast_test,weighted,0.4019046127796173
191-7,191,7,3,0,0.006827562,fast_test,weighted,0.4019046127796173
191-8,191,8,3,1,0.69218564,fast_test,weighted,0.4019046127796173
191-9,191,9,3,1,0.9332496,fast_test,weighted,0.4019046127796173
191-10,191,10,3,1,0.40858626,fast_test,weighted,0.4019046127796173
191-11,191,11,3,1,0.73064166,fast_test,weighted,0.4019046127796173
191-12,191,12,3,0,0.007874415,fast_test,weighted,0.4019046127796173
192-0,192,0,4,0,0.18570898,fast_test,weighted,0.47652116417884827
192-1,192,1,4,0,0.289751,fast_test,weighted,0.47652116417884827
192-2,192,2,4,0,0.61717993,fast_test,weighted,0.47652116417884827
192-3,192,3,4,0,0.35123557,fast_test,weighted,0.47652116417884827
192-4,192,4,4,0,0.131437,fast_test,weighted,0.47652116417884827
192-5,192,5,4,0,0.13430427,fast_test,weighted,0.47652116417884827
192-6,192,6,4,0,0.25389728,fast_test,weighted,0.47652116417884827
192-7,192,7,4,0,0.18209022,fast_test,weighted,0.47652116417884827
192-8,192,8,4,0,0.3781424,fast_test,weighted,0.47652116417884827
192-9,192,9,4,0,0.5526886,fast_test,weighted,0.47652116417884827
192-10,192,10,4,0,0.089628205,fast_test,weighted,0.47652116417884827
192-11,192,11,4,0,0.28580612,fast_test,weighted,0.47652116417884827
192-12,192,12,4,0,0.3201387,fast_test,weighted,0.47652116417884827
193-0,193,0,2,0,0.004474763,fast_test,weighted,0.4574896991252899
193-1,193,1,2,0,0.0120250685,fast_test,weighted,0.4574896991252899
193-2,193,2,2,0,0.01287724,fast_test,weighted,0.4574896991252899
193-3,193,3,2,0,0.010234937,fast_test,weighted,0.4574896991252899
193-4,193,4,2,0,0.0035304069,fast_test,weighted,0.4574896991252899
193-5,193,5,2,0,0.00630593,fast_test,weighted,0.4574896991252899
193-6,193,6,2,0,0.0035506107,fast_test,weighted,0.4574896991252899
193-7,193,7,2,0,0.0030008543,fast_test,weighted,0.4574896991252899
193-8,193,8,2,0,0.024277486,fast_test,weighted,0.4574896991252899
193-9,193,9,2,0,0.01961845,fast_test,weighted,0.4574896991252899
193-10,193,10,2,0,0.0017874942,fast_test,weighted,0.4574896991252899
193-11,193,11,2,0,0.0022830833,fast_test,weighted,0.4574896991252899
193-12,193,12,2,0,0.004673832,fast_test,weighted,0.4574896991252899
194-0,194,0,5,0,0.0009911668,fast_test,weighted,0.4379396438598633
194-1,194,1,5,0,0.0023250543,fast_test,weighted,0.4379396438598633
194-2,194,2,5,0,0.0011430036,fast_test,weighted,0.4379396438598633
194-3,194,3,5,0,0.0067803427,fast_test,weighted,0.4379396438598633
194-4,194,4,5,0,0.00081054564,fast_test,weighted,0.4379396438598633
194-5,194,5,5,0,0.0014347894,fast_test,weighted,0.4379396438598633
194-6,194,6,5,0,0.0038408341,fast_test,weighted,0.4379396438598633
194-7,194,7,5,0,0.0015134051,fast_test,weighted,0.4379396438598633
194-8,194,8,5,0,0.00095367304,fast_test,weighted,0.4379396438598633
194-9,194,9,5,0,0.002382574,fast_test,weighted,0.4379396438598633
194-10,194,10,5,0,0.0011673322,fast_test,weighted,0.4379396438598633
194-11,194,11,5,0,0.000984998,fast_test,weighted,0.4379396438598633
194-12,194,12,5,0,0.0021054388,fast_test,weighted,0.4379396438598633
195-0,195,0,4,0,0.022346366,fast_test,weighted,0.47652116417884827
195-1,195,1,4,1,0.5705881,fast_test,weighted,0.47652116417884827
195-2,195,2,4,1,0.86287415,fast_test,weighted,0.47652116417884827
195-3,195,3,4,1,0.63125,fast_test,weighted,0.47652116417884827
195-4,195,4,4,0,0.013204804,fast_test,weighted,0.47652116417884827
195-5,195,5,4,1,0.31461012,fast_test,weighted,0.47652116417884827
195-6,195,6,4,1,0.52881,fast_test,weighted,0.47652116417884827
195-7,195,7,4,0,0.022337534,fast_test,weighted,0.47652116417884827
195-8,195,8,4,0,0.04790535,fast_test,weighted,0.47652116417884827
195-9,195,9,4,1,0.8019223,fast_test,weighted,0.47652116417884827
195-10,195,10,4,1,0.18164334,fast_test,weighted,0.47652116417884827
195-11,195,11,4,0,0.03638131,fast_test,weighted,0.47652116417884827
195-12,195,12,4,1,0.583832,fast_test,weighted,0.47652116417884827
196-0,196,0,2,0,0.054638397,fast_test,weighted,0.4574896991252899
196-1,196,1,2,0,0.15671127,fast_test,weighted,0.4574896991252899
196-2,196,2,2,0,0.20243424,fast_test,weighted,0.4574896991252899
196-3,196,3,2,0,0.26246998,fast_test,weighted,0.4574896991252899
196-4,196,4,2,0,0.061181255,fast_test,weighted,0.4574896991252899
196-5,196,5,2,1,0.3920004,fast_test,weighted,0.4574896991252899
196-6,196,6,2,0,0.04244317,fast_test,weighted,0.4574896991252899
196-7,196,7,2,0,0.0626013,fast_test,weighted,0.4574896991252899
196-8,196,8,2,0,0.30058533,fast_test,weighted,0.4574896991252899
196-9,196,9,2,0,0.14813808,fast_test,weighted,0.4574896991252899
196-10,196,10,2,0,0.03307561,fast_test,weighted,0.4574896991252899
196-11,196,11,2,1,0.12323615,fast_test,weighted,0.4574896991252899
196-12,196,12,2,0,0.06769552,fast_test,weighted,0.4574896991252899
197-0,197,0,1,0,0.23573433,fast_test,weighted,0.47783273458480835
197-1,197,1,1,0,0.24492212,fast_test,weighted,0.47783273458480835
197-2,197,2,1,0,0.09611195,fast_test,weighted,0.47783273458480835
197-3,197,3,1,0,0.14154467,fast_test,weighted,0.47783273458480835
197-4,197,4,1,0,0.052821916,fast_test,weighted,0.47783273458480835
197-5,197,5,1,0,0.053747974,fast_test,weighted,0.47783273458480835
197-6,197,6,1,0,0.07531777,fast_test,weighted,0.47783273458480835
197-7,197,7,1,0,0.13521533,fast_test,weighted,0.47783273458480835
197-8,197,8,1,0,0.07312916,fast_test,weighted,0.47783273458480835
197-9,197,9,1,0,0.24705337,fast_test,weighted,0.47783273458480835
197-10,197,10,1,0,0.048377167,fast_test,weighted,0.47783273458480835
197-11,197,11,1,0,0.1274735,fast_test,weighted,0.47783273458480835
197-12,197,12,1,0,0.12246602,fast_test,weighted,0.47783273458480835
198-0,198,0,4,0,0.002066944,fast_test,weighted,0.47652116417884827
198-1,198,1,4,0,0.0016811641,fast_test,weighted,0.47652116417884827
198-2,198,2,4,0,0.0075504566,fast_test,weighted,0.47652116417884827
198-3,198,3,4,0,0.003752252,fast_test,weighted,0.47652116417884827
198-4,198,4,4,0,0.0014018159,fast_test,weighted,0.47652116417884827
198-5,198,5,4,0,0.000712609,fast_test,weighted,0.47652116417884827
198-6,198,6,4,0,0.0022305811,fast_test,weighted,0.47652116417884827
198-7,198,7,4,0,0.0015488134,fast_test,weighted,0.47652116417884827
198-8,198,8,4,0,0.0052599264,fast_test,weighted,0.47652116417884827
198-9,198,9,4,0,0.0051721777,fast_test,weighted,0.47652116417884827
198-10,198,10,4,0,0.001589878,fast_test,weighted,0.47652116417884827
198-11,198,11,4,0,0.002161135,fast_test,weighted,0.47652116417884827
198-12,198,12,4,0,0.0025123274,fast_test,weighted,0.47652116417884827
199-0,199,0,4,1,0.12660411,fast_test,weighted,0.47652116417884827
199-1,199,1,4,0,0.3149536,fast_test,weighted,0.47652116417884827
199-2,199,2,4,1,0.5242731,fast_test,weighted,0.47652116417884827
199-3,199,3,4,1,0.22875868,fast_test,weighted,0.47652116417884827
199-4,199,4,4,0,0.14137323,fast_test,weighted,0.47652116417884827
199-5,199,5,4,1,0.092016585,fast_test,weighted,0.47652116417884827
199-6,199,6,4,1,0.16467181,fast_test,weighted,0.47652116417884827
199-7,199,7,4,0,0.2451291,fast_test,weighted,0.47652116417884827
199-8,199,8,4,1,0.27429295,fast_test,weighted,0.47652116417884827
199-9,199,9,4,0,0.5797037,fast_test,weighted,0.47652116417884827
199-10,199,10,4,1,0.052073166,fast_test,weighted,0.47652116417884827
199-11,199,11,4,1,0.18151782,fast_test,weighted,0.47652116417884827
199-12,199,12,4,1,0.20488861,fast_test,weighted,0.47652116417884827
200-0,200,0,5,0,0.04213394,fast_test,weighted,0.4379396438598633
200-1,200,1,5,0,0.111832716,fast_test,weighted,0.4379396438598633
200-2,200,2,5,0,0.0366083,fast_test,weighted,0.4379396438598633
200-3,200,3,5,0,0.10377366,fast_test,weighted,0.4379396438598633
200-4,200,4,5,0,0.020698205,fast_test,weighted,0.4379396438598633
200-5,200,5,5,0,0.02061407,fast_test,weighted,0.4379396438598633
200-6,200,6,5,0,0.10193989,fast_test,weighted,0.4379396438598633
200-7,200,7,5,1,0.6597553,fast_test,weighted,0.4379396438598633
200-8,200,8,5,0,0.049559247,fast_test,weighted,0.4379396438598633
200-9,200,9,5,0,0.050695255,fast_test,weighted,0.4379396438598633
200-10,200,10,5,0,0.012674881,fast_test,weighted,0.4379396438598633
200-11,200,11,5,0,0.034580078,fast_test,weighted,0.4379396438598633
200-12,200,12,5,0,0.091272466,fast_test,weighted,0.4379396438598633
201-0,201,0,3,0,0.020630207,fast_test,weighted,0.4019046127796173
201-1,201,1,3,0,0.014585656,fast_test,weighted,0.4019046127796173
201-2,201,2,3,0,0.005163254,fast_test,weighted,0.4019046127796173
201-3,201,3,3,0,0.048584323,fast_test,weighted,0.4019046127796173
201-4,201,4,3,0,0.0061568217,fast_test,weighted,0.4019046127796173
201-5,201,5,3,0,0.031617418,fast_test,weighted,0.4019046127796173
201-6,201,6,3,0,0.0040072547,fast_test,weighted,0.4019046127796173
201-7,201,7,3,0,0.01762444,fast_test,weighted,0.4019046127796173
201-8,201,8,3,0,0.0034828796,fast_test,weighted,0.4019046127796173
201-9,201,9,3,1,0.7855295,fast_test,weighted,0.4019046127796173
201-10,201,10,3,0,0.006230698,fast_test,weighted,0.4019046127796173
201-11,201,11,3,0,0.0048352047,fast_test,weighted,0.4019046127796173
201-12,201,12,3,0,0.019567162,fast_test,weighted,0.4019046127796173
202-0,202,0,4,0,0.08211976,fast_test,weighted,0.47652116417884827
202-1,202,1,4,0,0.12397265,fast_test,weighted,0.47652116417884827
202-2,202,2,4,0,0.40702242,fast_test,weighted,0.47652116417884827
202-3,202,3,4,0,0.16497554,fast_test,weighted,0.47652116417884827
202-4,202,4,4,0,0.04358073,fast_test,weighted,0.47652116417884827
202-5,202,5,4,0,0.059078004,fast_test,weighted,0.47652116417884827
202-6,202,6,4,0,0.107370555,fast_test,weighted,0.47652116417884827
202-7,202,7,4,0,0.097207665,fast_test,weighted,0.47652116417884827
202-8,202,8,4,0,0.19093655,fast_test,weighted,0.47652116417884827
202-9,202,9,4,0,0.2831131,fast_test,weighted,0.47652116417884827
202-10,202,10,4,0,0.033696193,fast_test,weighted,0.47652116417884827
202-11,202,11,4,0,0.121897504,fast_test,weighted,0.47652116417884827
202-12,202,12,4,0,0.1459566,fast_test,weighted,0.47652116417884827
203-0,203,0,3,1,0.01639212,fast_test,weighted,0.4019046127796173
203-1,203,1,3,0,0.8043197,fast_test,weighted,0.4019046127796173
203-2,203,2,3,0,0.5598795,fast_test,weighted,0.4019046127796173
203-3,203,3,3,1,0.04747526,fast_test,weighted,0.4019046127796173
203-4,203,4,3,0,0.62434494,fast_test,weighted,0.4019046127796173
203-5,203,5,3,0,0.9206505,fast_test,weighted,0.4019046127796173
203-6,203,6,3,1,0.0036238094,fast_test,weighted,0.4019046127796173
203-7,203,7,3,0,0.8680501,fast_test,weighted,0.4019046127796173
203-8,203,8,3,0,0.57132816,fast_test,weighted,0.4019046127796173
203-9,203,9,3,1,0.02544246,fast_test,weighted,0.4019046127796173
203-10,203,10,3,1,0.0050637997,fast_test,weighted,0.4019046127796173
203-11,203,11,3,0,0.6439606,fast_test,weighted,0.4019046127796173
203-12,203,12,3,0,0.82740486,fast_test,weighted,0.4019046127796173
204-0,204,0,5,0,0.003679659,fast_test,weighted,0.4379396438598633
204-1,204,1,5,0,0.009180421,fast_test,weighted,0.4379396438598633
204-2,204,2,5,0,0.004144098,fast_test,weighted,0.4379396438598633
204-3,204,3,5,0,0.024712682,fast_test,weighted,0.4379396438598633
204-4,204,4,5,0,0.0029689837,fast_test,weighted,0.4379396438598633
204-5,204,5,5,0,0.005106595,fast_test,weighted,0.4379396438598633
204-6,204,6,5,0,0.01214741,fast_test,weighted,0.4379396438598633
204-7,204,7,5,0,0.0054648593,fast_test,weighted,0.4379396438598633
204-8,204,8,5,0,0.0037961523,fast_test,weighted,0.4379396438598633
204-9,204,9,5,0,0.009365437,fast_test,weighted,0.4379396438598633
204-10,204,10,5,0,0.004245206,fast_test,weighted,0.4379396438598633
204-11,204,11,5,0,0.0036480955,fast_test,weighted,0.4379396438598633
204-12,204,12,5,0,0.008845487,fast_test,weighted,0.4379396438598633
205-0,205,0,3,0,0.031823583,fast_test,weighted,0.4019046127796173
205-1,205,1,3,0,0.023947496,fast_test,weighted,0.4019046127796173
205-2,205,2,3,0,0.00806771,fast_test,weighted,0.4019046127796173
205-3,205,3,3,0,0.071606256,fast_test,weighted,0.4019046127796173
205-4,205,4,3,0,0.0064023896,fast_test,weighted,0.4019046127796173
205-5,205,5,3,0,0.053188253,fast_test,weighted,0.4019046127796173
205-6,205,6,3,0,0.006911525,fast_test,weighted,0.4019046127796173
205-7,205,7,3,0,0.028659027,fast_test,weighted,0.4019046127796173
205-8,205,8,3,0,0.0065016113,fast_test,weighted,0.4019046127796173
205-9,205,9,3,0,0.03389822,fast_test,weighted,0.4019046127796173
205-10,205,10,3,0,0.009979127,fast_test,weighted,0.4019046127796173
205-11,205,11,3,1,0.3350478,fast_test,weighted,0.4019046127796173
205-12,205,12,3,0,0.033790126,fast_test,weighted,0.4019046127796173
206-0,206,0,1,0,0.023270255,fast_test,weighted,0.47783273458480835
206-1,206,1,1,0,0.022835406,fast_test,weighted,0.47783273458480835
206-2,206,2,1,0,0.0072642425,fast_test,weighted,0.47783273458480835
206-3,206,3,1,0,0.012500355,fast_test,weighted,0.47783273458480835
206-4,206,4,1,0,0.0039598546,fast_test,weighted,0.47783273458480835
206-5,206,5,1,0,0.004534532,fast_test,weighted,0.47783273458480835
206-6,206,6,1,0,0.0055717663,fast_test,weighted,0.47783273458480835
206-7,206,7,1,0,0.011217132,fast_test,weighted,0.47783273458480835
206-8,206,8,1,0,0.005378465,fast_test,weighted,0.47783273458480835
206-9,206,9,1,0,0.02279836,fast_test,weighted,0.47783273458480835
206-10,206,10,1,0,0.0047267,fast_test,weighted,0.47783273458480835
206-11,206,11,1,0,0.009958909,fast_test,weighted,0.47783273458480835
206-12,206,12,1,0,0.009903636,fast_test,weighted,0.47783273458480835
207-0,207,0,2,0,0.005062066,fast_test,weighted,0.4574896991252899
207-1,207,1,2,0,0.008861713,fast_test,weighted,0.4574896991252899
207-2,207,2,2,0,0.012064421,fast_test,weighted,0.4574896991252899
207-3,207,3,2,0,0.016566316,fast_test,weighted,0.4574896991252899
207-4,207,4,2,0,0.0039398004,fast_test,weighted,0.4574896991252899
207-5,207,5,2,1,0.7742761,fast_test,weighted,0.4574896991252899
207-6,207,6,2,0,0.0038318173,fast_test,weighted,0.4574896991252899
207-7,207,7,2,1,0.6991517,fast_test,weighted,0.4574896991252899
207-8,207,8,2,0,0.017704586,fast_test,weighted,0.4574896991252899
207-9,207,9,2,0,0.011308634,fast_test,weighted,0.4574896991252899
207-10,207,10,2,0,0.0013597788,fast_test,weighted,0.4574896991252899
207-11,207,11,2,0,0.0016510471,fast_test,weighted,0.4574896991252899
207-12,207,12,2,0,0.004477572,fast_test,weighted,0.4574896991252899
208-0,208,0,3,0,0.103185065,fast_test,weighted,0.4019046127796173
208-1,208,1,3,0,0.08248674,fast_test,weighted,0.4019046127796173
208-2,208,2,3,0,0.02663182,fast_test,weighted,0.4019046127796173
208-3,208,3,3,0,0.26199648,fast_test,weighted,0.4019046127796173
208-4,208,4,3,0,0.027609032,fast_test,weighted,0.4019046127796173
208-5,208,5,3,0,0.16028674,fast_test,weighted,0.4019046127796173
208-6,208,6,3,0,0.020722304,fast_test,weighted,0.4019046127796173
208-7,208,7,3,0,0.103760846,fast_test,weighted,0.4019046127796173
208-8,208,8,3,0,0.028090654,fast_test,weighted,0.4019046127796173
208-9,208,9,3,1,0.64388335,fast_test,weighted,0.4019046127796173
208-10,208,10,3,0,0.027630342,fast_test,weighted,0.4019046127796173
208-11,208,11,3,0,0.031090762,fast_test,weighted,0.4019046127796173
208-12,208,12,3,0,0.11829176,fast_test,weighted,0.4019046127796173
209-0,209,0,1,0,0.33533219,fast_test,weighted,0.47783273458480835
209-1,209,1,1,0,0.37456384,fast_test,weighted,0.47783273458480835
209-2,209,2,1,0,0.15808673,fast_test,weighted,0.47783273458480835
209-3,209,3,1,0,0.20608664,fast_test,weighted,0.47783273458480835
209-4,209,4,1,0,0.068333164,fast_test,weighted,0.47783273458480835
209-5,209,5,1,0,0.07813896,fast_test,weighted,0.47783273458480835
209-6,209,6,1,0,0.11475567,fast_test,weighted,0.47783273458480835
209-7,209,7,1,0,0.22113203,fast_test,weighted,0.47783273458480835
209-8,209,8,1,0,0.11285437,fast_test,weighted,0.47783273458480835
209-9,209,9,1,0,0.3361436,fast_test,weighted,0.47783273458480835
209-10,209,10,1,0,0.05530076,fast_test,weighted,0.47783273458480835
209-11,209,11,1,0,0.21000068,fast_test,weighted,0.47783273458480835
209-12,209,12,1,0,0.18011335,fast_test,weighted,0.47783273458480835
210-0,210,0,1,0,0.6120959,fast_test,weighted,0.47783273458480835
210-1,210,1,1,1,0.15873423,fast_test,weighted,0.47783273458480835
210-2,210,2,1,1,0.05513705,fast_test,weighted,0.47783273458480835
210-3,210,3,1,0,0.39635834,fast_test,weighted,0.47783273458480835
210-4,210,4,1,0,0.19523562,fast_test,weighted,0.47783273458480835
210-5,210,5,1,0,0.24141324,fast_test,weighted,0.47783273458480835
210-6,210,6,1,0,0.18596607,fast_test,weighted,0.47783273458480835
210-7,210,7,1,0,0.46493468,fast_test,weighted,0.47783273458480835
210-8,210,8,1,1,0.04708498,fast_test,weighted,0.47783273458480835
210-9,210,9,1,0,0.62685496,fast_test,weighted,0.47783273458480835
210-10,210,10,1,1,0.026173454,fast_test,weighted,0.47783273458480835
210-11,210,11,1,1,0.07629961,fast_test,weighted,0.47783273458480835
210-12,210,12,1,1,0.07313385,fast_test,weighted,0.47783273458480835
211-0,211,0,4,1,0.18270934,fast_test,weighted,0.47652116417884827
211-1,211,1,4,1,0.33125043,fast_test,weighted,0.47652116417884827
211-2,211,2,4,1,0.7011085,fast_test,weighted,0.47652116417884827
211-3,211,3,4,1,0.35457385,fast_test,weighted,0.47652116417884827
211-4,211,4,4,1,0.15756835,fast_test,weighted,0.47652116417884827
211-5,211,5,4,0,0.123733275,fast_test,weighted,0.47652116417884827
211-6,211,6,4,1,0.28731218,fast_test,weighted,0.47652116417884827
211-7,211,7,4,1,0.2558374,fast_test,weighted,0.47652116417884827
211-8,211,8,4,1,0.44959182,fast_test,weighted,0.47652116417884827
211-9,211,9,4,1,0.60146314,fast_test,weighted,0.47652116417884827
211-10,211,10,4,1,0.08531776,fast_test,weighted,0.47652116417884827
211-11,211,11,4,0,0.23791865,fast_test,weighted,0.47652116417884827
211-12,211,12,4,1,0.3518184,fast_test,weighted,0.47652116417884827
212-0,212,0,1,0,0.39618662,fast_test,weighted,0.47783273458480835
212-1,212,1,1,0,0.42610613,fast_test,weighted,0.47783273458480835
212-2,212,2,1,0,0.1928241,fast_test,weighted,0.47783273458480835
212-3,212,3,1,0,0.25008348,fast_test,weighted,0.47783273458480835
212-4,212,4,1,0,0.09857306,fast_test,weighted,0.47783273458480835
212-5,212,5,1,1,0.06421023,fast_test,weighted,0.47783273458480835
212-6,212,6,1,0,0.15651442,fast_test,weighted,0.47783273458480835
212-7,212,7,1,0,0.26264325,fast_test,weighted,0.47783273458480835
212-8,212,8,1,1,0.0791031,fast_test,weighted,0.47783273458480835
212-9,212,9,1,0,0.42623386,fast_test,weighted,0.47783273458480835
212-10,212,10,1,1,0.04301299,fast_test,weighted,0.47783273458480835
212-11,212,11,1,0,0.24971223,fast_test,weighted,0.47783273458480835
212-12,212,12,1,0,0.24123049,fast_test,weighted,0.47783273458480835
213-0,213,0,4,1,0.002381946,fast_test,weighted,0.47652116417884827
213-1,213,1,4,1,0.0019857755,fast_test,weighted,0.47652116417884827
213-2,213,2,4,1,0.009722584,fast_test,weighted,0.47652116417884827
213-3,213,3,4,1,0.004637794,fast_test,weighted,0.47652116417884827
213-4,213,4,4,1,0.0012229634,fast_test,weighted,0.47652116417884827
213-5,213,5,4,1,0.0008598935,fast_test,weighted,0.47652116417884827
213-6,213,6,4,1,0.0027358816,fast_test,weighted,0.47652116417884827
213-7,213,7,4,1,0.0024311903,fast_test,weighted,0.47652116417884827
213-8,213,8,4,1,0.005959105,fast_test,weighted,0.47652116417884827
213-9,213,9,4,1,0.0077094166,fast_test,weighted,0.47652116417884827
213-10,213,10,4,1,0.0021315475,fast_test,weighted,0.47652116417884827
213-11,213,11,4,1,0.0025198392,fast_test,weighted,0.47652116417884827
213-12,213,12,4,1,0.0033426383,fast_test,weighted,0.47652116417884827
214-0,214,0,3,0,0.24319266,fast_test,weighted,0.4019046127796173
214-1,214,1,3,0,0.14658238,fast_test,weighted,0.4019046127796173
214-2,214,2,3,0,0.049463492,fast_test,weighted,0.4019046127796173
214-3,214,3,3,0,0.43627062,fast_test,weighted,0.4019046127796173
214-4,214,4,3,0,0.057300914,fast_test,weighted,0.4019046127796173
214-5,214,5,3,0,0.28657398,fast_test,weighted,0.4019046127796173
214-6,214,6,3,0,0.042968314,fast_test,weighted,0.4019046127796173
214-7,214,7,3,0,0.19105951,fast_test,weighted,0.4019046127796173
214-8,214,8,3,0,0.05425296,fast_test,weighted,0.4019046127796173
214-9,214,9,3,0,0.22381492,fast_test,weighted,0.4019046127796173
214-10,214,10,3,0,0.04919658,fast_test,weighted,0.4019046127796173
214-11,214,11,3,0,0.048222635,fast_test,weighted,0.4019046127796173
214-12,214,12,3,0,0.20673624,fast_test,weighted,0.4019046127796173
215-0,215,0,1,0,0.09263137,fast_test,weighted,0.47783273458480835
215-1,215,1,1,0,0.08165803,fast_test,weighted,0.47783273458480835
215-2,215,2,1,0,0.027164053,fast_test,weighted,0.47783273458480835
215-3,215,3,1,0,0.050318748,fast_test,weighted,0.47783273458480835
215-4,215,4,1,0,0.014859056,fast_test,weighted,0.47783273458480835
215-5,215,5,1,0,0.014856306,fast_test,weighted,0.47783273458480835
215-6,215,6,1,0,0.022048729,fast_test,weighted,0.47783273458480835
215-7,215,7,1,0,0.046116393,fast_test,weighted,0.47783273458480835
215-8,215,8,1,0,0.025115022,fast_test,weighted,0.47783273458480835
215-9,215,9,1,0,0.08335814,fast_test,weighted,0.47783273458480835
215-10,215,10,1,0,0.01698148,fast_test,weighted,0.47783273458480835
215-11,215,11,1,0,0.038022086,fast_test,weighted,0.47783273458480835
215-12,215,12,1,0,0.040848862,fast_test,weighted,0.47783273458480835
216-0,216,0,1,0,0.12241964,fast_test,weighted,0.47783273458480835
216-1,216,1,1,0,0.11937752,fast_test,weighted,0.47783273458480835
216-2,216,2,1,0,0.040830772,fast_test,weighted,0.47783273458480835
216-3,216,3,1,0,0.06682527,fast_test,weighted,0.47783273458480835
216-4,216,4,1,0,0.019978153,fast_test,weighted,0.47783273458480835
216-5,216,5,1,0,0.022234129,fast_test,weighted,0.47783273458480835
216-6,216,6,1,0,0.029570328,fast_test,weighted,0.47783273458480835
216-7,216,7,1,0,0.061333425,fast_test,weighted,0.47783273458480835
216-8,216,8,1,0,0.03191919,fast_test,weighted,0.47783273458480835
216-9,216,9,1,0,0.10838938,fast_test,weighted,0.47783273458480835
216-10,216,10,1,0,0.024025265,fast_test,weighted,0.47783273458480835
216-11,216,11,1,0,0.050710253,fast_test,weighted,0.47783273458480835
216-12,216,12,1,0,0.05442693,fast_test,weighted,0.47783273458480835
217-0,217,0,2,0,0.28161272,fast_test,weighted,0.4574896991252899
217-1,217,1,2,0,0.30509654,fast_test,weighted,0.4574896991252899
217-2,217,2,2,0,0.63017035,fast_test,weighted,0.4574896991252899
217-3,217,3,2,0,0.702513,fast_test,weighted,0.4574896991252899
217-4,217,4,2,0,0.14322916,fast_test,weighted,0.4574896991252899
217-5,217,5,2,0,0.36455375,fast_test,weighted,0.4574896991252899
217-6,217,6,2,0,0.046991713,fast_test,weighted,0.4574896991252899
217-7,217,7,2,0,0.31295162,fast_test,weighted,0.4574896991252899
217-8,217,8,2,0,0.7301364,fast_test,weighted,0.4574896991252899
217-9,217,9,2,0,0.59528875,fast_test,weighted,0.4574896991252899
217-10,217,10,2,0,0.10307412,fast_test,weighted,0.4574896991252899
217-11,217,11,2,0,0.06867462,fast_test,weighted,0.4574896991252899
217-12,217,12,2,0,0.27246523,fast_test,weighted,0.4574896991252899
218-0,218,0,1,0,0.31504703,fast_test,weighted,0.47783273458480835
218-1,218,1,1,0,0.2846502,fast_test,weighted,0.47783273458480835
218-2,218,2,1,0,0.12235463,fast_test,weighted,0.47783273458480835
218-3,218,3,1,0,0.19336991,fast_test,weighted,0.47783273458480835
218-4,218,4,1,0,0.06323017,fast_test,weighted,0.47783273458480835
218-5,218,5,1,0,0.06257246,fast_test,weighted,0.47783273458480835
218-6,218,6,1,0,0.10010121,fast_test,weighted,0.47783273458480835
218-7,218,7,1,0,0.17786881,fast_test,weighted,0.47783273458480835
218-8,218,8,1,0,0.098426886,fast_test,weighted,0.47783273458480835
218-9,218,9,1,0,0.28699568,fast_test,weighted,0.47783273458480835
218-10,218,10,1,0,0.06247508,fast_test,weighted,0.47783273458480835
218-11,218,11,1,0,0.15029317,fast_test,weighted,0.47783273458480835
218-12,218,12,1,0,0.16007775,fast_test,weighted,0.47783273458480835
219-0,219,0,2,0,0.054581154,fast_test,weighted,0.4574896991252899
219-1,219,1,2,0,0.06322508,fast_test,weighted,0.4574896991252899
219-2,219,2,2,0,0.103838906,fast_test,weighted,0.4574896991252899
219-3,219,3,2,0,0.16655082,fast_test,weighted,0.4574896991252899
219-4,219,4,2,0,0.022749815,fast_test,weighted,0.4574896991252899
219-5,219,5,2,0,0.03540682,fast_test,weighted,0.4574896991252899
219-6,219,6,2,0,0.018478123,fast_test,weighted,0.4574896991252899
219-7,219,7,2,0,0.038462646,fast_test,weighted,0.4574896991252899
219-8,219,8,2,0,0.1887393,fast_test,weighted,0.4574896991252899
219-9,219,9,2,0,0.14788543,fast_test,weighted,0.4574896991252899
219-10,219,10,2,0,0.014148636,fast_test,weighted,0.4574896991252899
219-11,219,11,2,0,0.011870642,fast_test,weighted,0.4574896991252899
219-12,219,12,2,0,0.041332096,fast_test,weighted,0.4574896991252899
220-0,220,0,2,1,0.0063915723,fast_test,weighted,0.4574896991252899
220-1,220,1,2,0,0.6083508,fast_test,weighted,0.4574896991252899
220-2,220,2,2,1,0.014962771,fast_test,weighted,0.4574896991252899
220-3,220,3,2,1,0.021189434,fast_test,weighted,0.4574896991252899
220-4,220,4,2,0,0.531362,fast_test,weighted,0.4574896991252899
220-5,220,5,2,0,0.7348121,fast_test,weighted,0.4574896991252899
220-6,220,6,2,0,0.16738601,fast_test,weighted,0.4574896991252899
220-7,220,7,2,0,0.64268005,fast_test,weighted,0.4574896991252899
220-8,220,8,2,0,0.9243899,fast_test,weighted,0.4574896991252899
220-9,220,9,2,0,0.8976548,fast_test,weighted,0.4574896991252899
220-10,220,10,2,1,0.0020682437,fast_test,weighted,0.4574896991252899
220-11,220,11,2,1,0.0013007505,fast_test,weighted,0.4574896991252899
220-12,220,12,2,1,0.005438102,fast_test,weighted,0.4574896991252899
221-0,221,0,4,0,0.24036638,fast_test,weighted,0.47652116417884827
221-1,221,1,4,0,0.28626606,fast_test,weighted,0.47652116417884827
221-2,221,2,4,1,0.7505489,fast_test,weighted,0.47652116417884827
221-3,221,3,4,0,0.4032517,fast_test,weighted,0.47652116417884827
221-4,221,4,4,0,0.116236255,fast_test,weighted,0.47652116417884827
221-5,221,5,4,1,0.21671982,fast_test,weighted,0.47652116417884827
221-6,221,6,4,0,0.25680912,fast_test,weighted,0.47652116417884827
221-7,221,7,4,0,0.24544813,fast_test,weighted,0.47652116417884827
221-8,221,8,4,0,0.410633,fast_test,weighted,0.47652116417884827
221-9,221,9,4,1,0.65145403,fast_test,weighted,0.47652116417884827
221-10,221,10,4,0,0.09562245,fast_test,weighted,0.47652116417884827
221-11,221,11,4,0,0.2735662,fast_test,weighted,0.47652116417884827
221-12,221,12,4,0,0.33904973,fast_test,weighted,0.47652116417884827
222-0,222,0,4,1,0.22641028,fast_test,weighted,0.47652116417884827
222-1,222,1,4,1,0.27059433,fast_test,weighted,0.47652116417884827
222-2,222,2,4,1,0.63569415,fast_test,weighted,0.47652116417884827
222-3,222,3,4,1,0.42647526,fast_test,weighted,0.47652116417884827
222-4,222,4,4,1,0.09917669,fast_test,weighted,0.47652116417884827
222-5,222,5,4,0,0.20193318,fast_test,weighted,0.47652116417884827
222-6,222,6,4,1,0.2811218,fast_test,weighted,0.47652116417884827
222-7,222,7,4,1,0.24182664,fast_test,weighted,0.47652116417884827
222-8,222,8,4,1,0.40588525,fast_test,weighted,0.47652116417884827
222-9,222,9,4,1,0.49869493,fast_test,weighted,0.47652116417884827
222-10,222,10,4,1,0.096802175,fast_test,weighted,0.47652116417884827
222-11,222,11,4,1,0.258338,fast_test,weighted,0.47652116417884827
222-12,222,12,4,1,0.3217911,fast_test,weighted,0.47652116417884827
223-0,223,0,3,0,0.63125265,fast_test,weighted,0.4019046127796173
223-1,223,1,3,0,0.46992812,fast_test,weighted,0.4019046127796173
223-2,223,2,3,0,0.21940273,fast_test,weighted,0.4019046127796173
223-3,223,3,3,0,0.8466991,fast_test,weighted,0.4019046127796173
223-4,223,4,3,0,0.27144346,fast_test,weighted,0.4019046127796173
223-5,223,5,3,0,0.72540694,fast_test,weighted,0.4019046127796173
223-6,223,6,3,1,0.028951533,fast_test,weighted,0.4019046127796173
223-7,223,7,3,0,0.6268363,fast_test,weighted,0.4019046127796173
223-8,223,8,3,1,0.03491859,fast_test,weighted,0.4019046127796173
223-9,223,9,3,1,0.14145017,fast_test,weighted,0.4019046127796173
223-10,223,10,3,0,0.09228719,fast_test,weighted,0.4019046127796173
223-11,223,11,3,1,0.034732923,fast_test,weighted,0.4019046127796173
223-12,223,12,3,0,0.5519338,fast_test,weighted,0.4019046127796173
224-0,224,0,4,0,0.00816204,fast_test,weighted,0.47652116417884827
224-1,224,1,4,0,0.006867816,fast_test,weighted,0.47652116417884827
224-2,224,2,4,0,0.035994157,fast_test,weighted,0.47652116417884827
224-3,224,3,4,0,0.020316593,fast_test,weighted,0.47652116417884827
224-4,224,4,4,0,0.0043732626,fast_test,weighted,0.47652116417884827
224-5,224,5,4,0,0.0029729556,fast_test,weighted,0.47652116417884827
224-6,224,6,4,0,0.010856157,fast_test,weighted,0.47652116417884827
224-7,224,7,4,0,0.007826371,fast_test,weighted,0.47652116417884827
224-8,224,8,4,0,0.0239,fast_test,weighted,0.47652116417884827
224-9,224,9,4,0,0.02368182,fast_test,weighted,0.47652116417884827
224-10,224,10,4,0,0.007466829,fast_test,weighted,0.47652116417884827
224-11,224,11,4,0,0.008448167,fast_test,weighted,0.47652116417884827
224-12,224,12,4,0,0.011611466,fast_test,weighted,0.47652116417884827
225-0,225,0,2,0,0.13270745,fast_test,weighted,0.4574896991252899
225-1,225,1,2,0,0.1401542,fast_test,weighted,0.4574896991252899
225-2,225,2,2,0,0.29807,fast_test,weighted,0.4574896991252899
225-3,225,3,2,0,0.3731971,fast_test,weighted,0.4574896991252899
225-4,225,4,2,0,0.099762626,fast_test,weighted,0.4574896991252899
225-5,225,5,2,0,0.080012664,fast_test,weighted,0.4574896991252899
225-6,225,6,2,0,0.05989382,fast_test,weighted,0.4574896991252899
225-7,225,7,2,0,0.10403767,fast_test,weighted,0.4574896991252899
225-8,225,8,2,0,0.3957723,fast_test,weighted,0.4574896991252899
225-9,225,9,2,0,0.22407189,fast_test,weighted,0.4574896991252899
225-10,225,10,2,0,0.042708013,fast_test,weighted,0.4574896991252899
225-11,225,11,2,0,0.027804831,fast_test,weighted,0.4574896991252899
225-12,225,12,2,0,0.120364465,fast_test,weighted,0.4574896991252899
226-0,226,0,3,0,0.04802177,fast_test,weighted,0.4019046127796173
226-1,226,1,3,0,0.027890975,fast_test,weighted,0.4019046127796173
226-2,226,2,3,0,0.0091312835,fast_test,weighted,0.4019046127796173
226-3,226,3,3,0,0.1079883,fast_test,weighted,0.4019046127796173
226-4,226,4,3,0,0.009282456,fast_test,weighted,0.4019046127796173
226-5,226,5,3,0,0.056105524,fast_test,weighted,0.4019046127796173
226-6,226,6,3,0,0.0068738586,fast_test,weighted,0.4019046127796173
226-7,226,7,3,0,0.0328634,fast_test,weighted,0.4019046127796173
226-8,226,8,3,0,0.0064278073,fast_test,weighted,0.4019046127796173
226-9,226,9,3,0,0.041919194,fast_test,weighted,0.4019046127796173
226-10,226,10,3,0,0.011453697,fast_test,weighted,0.4019046127796173
226-11,226,11,3,0,0.006860132,fast_test,weighted,0.4019046127796173
226-12,226,12,3,0,0.031973463,fast_test,weighted,0.4019046127796173
227-0,227,0,2,0,0.07164164,fast_test,weighted,0.4574896991252899
227-1,227,1,2,0,0.11208035,fast_test,weighted,0.4574896991252899
227-2,227,2,2,0,0.16266125,fast_test,weighted,0.4574896991252899
227-3,227,3,2,0,0.20930864,fast_test,weighted,0.4574896991252899
227-4,227,4,2,0,0.04750766,fast_test,weighted,0.4574896991252899
227-5,227,5,2,1,0.49339545,fast_test,weighted,0.4574896991252899
227-6,227,6,2,0,0.037901644,fast_test,weighted,0.4574896991252899
227-7,227,7,2,0,0.050987337,fast_test,weighted,0.4574896991252899
227-8,227,8,2,1,0.80128026,fast_test,weighted,0.4574896991252899
227-9,227,9,2,0,0.14867947,fast_test,weighted,0.4574896991252899
227-10,227,10,2,0,0.022885619,fast_test,weighted,0.4574896991252899
227-11,227,11,2,0,0.01696926,fast_test,weighted,0.4574896991252899
227-12,227,12,2,0,0.0684702,fast_test,weighted,0.4574896991252899
228-0,228,0,2,1,0.32786715,fast_test,weighted,0.4574896991252899
228-1,228,1,2,0,0.25533772,fast_test,weighted,0.4574896991252899
228-2,228,2,2,1,0.6728168,fast_test,weighted,0.4574896991252899
228-3,228,3,2,1,0.7373016,fast_test,weighted,0.4574896991252899
228-4,228,4,2,1,0.24776077,fast_test,weighted,0.4574896991252899
228-5,228,5,2,0,0.195772,fast_test,weighted,0.4574896991252899
228-6,228,6,2,1,0.05372481,fast_test,weighted,0.4574896991252899
228-7,228,7,2,0,0.15623447,fast_test,weighted,0.4574896991252899
228-8,228,8,2,0,0.5166051,fast_test,weighted,0.4574896991252899
228-9,228,9,2,0,0.4556764,fast_test,weighted,0.4574896991252899
228-10,228,10,2,1,0.13006909,fast_test,weighted,0.4574896991252899
228-11,228,11,2,0,0.06449518,fast_test,weighted,0.4574896991252899
228-12,228,12,2,0,0.19270016,fast_test,weighted,0.4574896991252899
229-0,229,0,3,1,0.2560125,fast_test,weighted,0.4019046127796173
229-1,229,1,3,0,0.1065947,fast_test,weighted,0.4019046127796173
229-2,229,2,3,0,0.049415853,fast_test,weighted,0.4019046127796173
229-3,229,3,3,0,0.43467236,fast_test,weighted,0.4019046127796173
229-4,229,4,3,1,0.06453081,fast_test,weighted,0.4019046127796173
229-5,229,5,3,1,0.346842,fast_test,weighted,0.4019046127796173
229-6,229,6,3,0,0.042157963,fast_test,weighted,0.4019046127796173
229-7,229,7,3,0,0.19529343,fast_test,weighted,0.4019046127796173
229-8,229,8,3,0,0.0541479,fast_test,weighted,0.4019046127796173
229-9,229,9,3,0,0.2591069,fast_test,weighted,0.4019046127796173
229-10,229,10,3,0,0.051223695,fast_test,weighted,0.4019046127796173
229-11,229,11,3,0,0.042522144,fast_test,weighted,0.4019046127796173
229-12,229,12,3,0,0.21439424,fast_test,weighted,0.4019046127796173
230-0,230,0,4,0,0.026486121,fast_test,weighted,0.47652116417884827
230-1,230,1,4,0,0.028875086,fast_test,weighted,0.47652116417884827
230-2,230,2,4,0,0.120699726,fast_test,weighted,0.47652116417884827
230-3,230,3,4,0,0.06867087,fast_test,weighted,0.47652116417884827
230-4,230,4,4,0,0.013204804,fast_test,weighted,0.47652116417884827
230-5,230,5,4,0,0.010984279,fast_test,weighted,0.47652116417884827
230-6,230,6,4,0,0.032783344,fast_test,weighted,0.47652116417884827
230-7,230,7,4,0,0.022112707,fast_test,weighted,0.47652116417884827
230-8,230,8,4,0,0.04790535,fast_test,weighted,0.47652116417884827
230-9,230,9,4,0,0.07094125,fast_test,weighted,0.47652116417884827
230-10,230,10,4,0,0.022018207,fast_test,weighted,0.47652116417884827
230-11,230,11,4,0,0.030279092,fast_test,weighted,0.47652116417884827
230-12,230,12,4,0,0.038480245,fast_test,weighted,0.47652116417884827
231-0,231,0,1,0,0.044939157,fast_test,weighted,0.47783273458480835
231-1,231,1,1,0,0.05472978,fast_test,weighted,0.47783273458480835
231-2,231,2,1,0,0.013035181,fast_test,weighted,0.47783273458480835
231-3,231,3,1,0,0.022253761,fast_test,weighted,0.47783273458480835
231-4,231,4,1,0,0.0075924885,fast_test,weighted,0.47783273458480835
231-5,231,5,1,0,0.008859766,fast_test,weighted,0.47783273458480835
231-6,231,6,1,0,0.012325961,fast_test,weighted,0.47783273458480835
231-7,231,7,1,0,0.018968996,fast_test,weighted,0.47783273458480835
231-8,231,8,1,0,0.009385591,fast_test,weighted,0.47783273458480835
231-9,231,9,1,0,0.054643884,fast_test,weighted,0.47783273458480835
231-10,231,10,1,0,0.008203973,fast_test,weighted,0.47783273458480835
231-11,231,11,1,1,0.8309545,fast_test,weighted,0.47783273458480835
231-12,231,12,1,0,0.023073876,fast_test,weighted,0.47783273458480835
232-0,232,0,2,0,0.34073246,fast_test,weighted,0.4574896991252899
232-1,232,1,2,0,0.4883925,fast_test,weighted,0.4574896991252899
232-2,232,2,2,0,0.68541455,fast_test,weighted,0.4574896991252899
232-3,232,3,2,0,0.75099003,fast_test,weighted,0.4574896991252899
232-4,232,4,2,0,0.23727113,fast_test,weighted,0.4574896991252899
232-5,232,5,2,0,0.3953791,fast_test,weighted,0.4574896991252899
232-6,232,6,2,0,0.05571211,fast_test,weighted,0.4574896991252899
232-7,232,7,2,0,0.3414837,fast_test,weighted,0.4574896991252899
232-8,232,8,2,0,0.75229734,fast_test,weighted,0.4574896991252899
232-9,232,9,2,0,0.70811015,fast_test,weighted,0.4574896991252899
232-10,232,10,2,0,0.12374254,fast_test,weighted,0.4574896991252899
232-11,232,11,2,0,0.11269085,fast_test,weighted,0.4574896991252899
232-12,232,12,2,0,0.30639607,fast_test,weighted,0.4574896991252899
233-0,233,0,5,0,0.15268625,fast_test,weighted,0.4379396438598633
233-1,233,1,5,0,0.39636773,fast_test,weighted,0.4379396438598633
233-2,233,2,5,0,0.16965167,fast_test,weighted,0.4379396438598633
233-3,233,3,5,0,0.52279735,fast_test,weighted,0.4379396438598633
233-4,233,4,5,0,0.12253563,fast_test,weighted,0.4379396438598633
233-5,233,5,5,0,0.08606347,fast_test,weighted,0.4379396438598633
233-6,233,6,5,0,0.31141043,fast_test,weighted,0.4379396438598633
233-7,233,7,5,0,0.33634752,fast_test,weighted,0.4379396438598633
233-8,233,8,5,0,0.2370193,fast_test,weighted,0.4379396438598633
233-9,233,9,5,0,0.4011963,fast_test,weighted,0.4379396438598633
233-10,233,10,5,0,0.065979026,fast_test,weighted,0.4379396438598633
233-11,233,11,5,0,0.16965167,fast_test,weighted,0.4379396438598633
233-12,233,12,5,0,0.22270297,fast_test,weighted,0.4379396438598633
234-0,234,0,3,0,0.011274952,fast_test,weighted,0.4019046127796173
234-1,234,1,3,0,0.0054150247,fast_test,weighted,0.4019046127796173
234-2,234,2,3,0,0.0021613273,fast_test,weighted,0.4019046127796173
234-3,234,3,3,0,0.02188838,fast_test,weighted,0.4019046127796173
234-4,234,4,3,0,0.001705061,fast_test,weighted,0.4019046127796173
234-5,234,5,3,0,0.011762451,fast_test,weighted,0.4019046127796173
234-6,234,6,3,0,0.002121819,fast_test,weighted,0.4019046127796173
234-7,234,7,3,0,0.00709995,fast_test,weighted,0.4019046127796173
234-8,234,8,3,0,0.0014546161,fast_test,weighted,0.4019046127796173
234-9,234,9,3,0,0.010105391,fast_test,weighted,0.4019046127796173
234-10,234,10,3,0,0.0025659732,fast_test,weighted,0.4019046127796173
234-11,234,11,3,1,0.7205757,fast_test,weighted,0.4019046127796173
234-12,234,12,3,0,0.0078069633,fast_test,weighted,0.4019046127796173
235-0,235,0,3,0,0.17782901,fast_test,weighted,0.4019046127796173
235-1,235,1,3,0,0.09150757,fast_test,weighted,0.4019046127796173
235-2,235,2,3,0,0.030453943,fast_test,weighted,0.4019046127796173
235-3,235,3,3,0,0.3472394,fast_test,weighted,0.4019046127796173
235-4,235,4,3,0,0.033992894,fast_test,weighted,0.4019046127796173
235-5,235,5,3,0,0.18866256,fast_test,weighted,0.4019046127796173
235-6,235,6,3,0,0.031019397,fast_test,weighted,0.4019046127796173
235-7,235,7,3,0,0.14444399,fast_test,weighted,0.4019046127796173
235-8,235,8,3,0,0.039390758,fast_test,weighted,0.4019046127796173
235-9,235,9,3,0,0.16779809,fast_test,weighted,0.4019046127796173
235-10,235,10,3,0,0.033801664,fast_test,weighted,0.4019046127796173
235-11,235,11,3,0,0.032735977,fast_test,weighted,0.4019046127796173
235-12,235,12,3,0,0.14522785,fast_test,weighted,0.4019046127796173
236-0,236,0,3,1,0.17195968,fast_test,weighted,0.4019046127796173
236-1,236,1,3,1,0.090009555,fast_test,weighted,0.4019046127796173
236-2,236,2,3,1,0.0316106,fast_test,weighted,0.4019046127796173
236-3,236,3,3,1,0.3097721,fast_test,weighted,0.4019046127796173
236-4,236,4,3,1,0.019636458,fast_test,weighted,0.4019046127796173
236-5,236,5,3,1,0.12069227,fast_test,weighted,0.4019046127796173
236-6,236,6,3,1,0.027144948,fast_test,weighted,0.4019046127796173
236-7,236,7,3,1,0.13251483,fast_test,weighted,0.4019046127796173
236-8,236,8,3,1,0.035131484,fast_test,weighted,0.4019046127796173
236-9,236,9,3,1,0.11056347,fast_test,weighted,0.4019046127796173
236-10,236,10,3,1,0.032401115,fast_test,weighted,0.4019046127796173
236-11,236,11,3,1,0.01979157,fast_test,weighted,0.4019046127796173
236-12,236,12,3,1,0.13941047,fast_test,weighted,0.4019046127796173
237-0,237,0,1,0,0.31595257,fast_test,weighted,0.47783273458480835
237-1,237,1,1,0,0.2846502,fast_test,weighted,0.47783273458480835
237-2,237,2,1,0,0.11107546,fast_test,weighted,0.47783273458480835
237-3,237,3,1,0,0.19336991,fast_test,weighted,0.47783273458480835
237-4,237,4,1,0,0.06323017,fast_test,weighted,0.47783273458480835
237-5,237,5,1,0,0.06257246,fast_test,weighted,0.47783273458480835
237-6,237,6,1,0,0.091647245,fast_test,weighted,0.47783273458480835
237-7,237,7,1,0,0.17786881,fast_test,weighted,0.47783273458480835
237-8,237,8,1,0,0.098607406,fast_test,weighted,0.47783273458480835
237-9,237,9,1,0,0.28699568,fast_test,weighted,0.47783273458480835
237-10,237,10,1,0,0.06247508,fast_test,weighted,0.47783273458480835
237-11,237,11,1,0,0.15029317,fast_test,weighted,0.47783273458480835
237-12,237,12,1,0,0.14867003,fast_test,weighted,0.47783273458480835
238-0,238,0,2,1,0.6968685,fast_test,weighted,0.4574896991252899
238-1,238,1,2,0,0.0068553938,fast_test,weighted,0.4574896991252899
238-2,238,2,2,1,0.90808445,fast_test,weighted,0.4574896991252899
238-3,238,3,2,0,0.016833989,fast_test,weighted,0.4574896991252899
238-4,238,4,2,0,0.0039398004,fast_test,weighted,0.4574896991252899
238-5,238,5,2,1,0.7520784,fast_test,weighted,0.4574896991252899
238-6,238,6,2,0,0.0025162965,fast_test,weighted,0.4574896991252899
238-7,238,7,2,0,0.0031484119,fast_test,weighted,0.4574896991252899
238-8,238,8,2,0,0.017310206,fast_test,weighted,0.4574896991252899
238-9,238,9,2,0,0.014255938,fast_test,weighted,0.4574896991252899
238-10,238,10,2,0,0.001207448,fast_test,weighted,0.4574896991252899
238-11,238,11,2,0,0.0011373173,fast_test,weighted,0.4574896991252899
238-12,238,12,2,0,0.004306062,fast_test,weighted,0.4574896991252899
239-0,239,0,4,1,0.29038,fast_test,weighted,0.47652116417884827
239-1,239,1,4,1,0.3840909,fast_test,weighted,0.47652116417884827
239-2,239,2,4,1,0.7068734,fast_test,weighted,0.47652116417884827
239-3,239,3,4,1,0.50258356,fast_test,weighted,0.47652116417884827
239-4,239,4,4,0,0.08854491,fast_test,weighted,0.47652116417884827
239-5,239,5,4,0,0.1344862,fast_test,weighted,0.47652116417884827
239-6,239,6,4,1,0.30590132,fast_test,weighted,0.47652116417884827
239-7,239,7,4,0,0.19372189,fast_test,weighted,0.47652116417884827
239-8,239,8,4,0,0.33977067,fast_test,weighted,0.47652116417884827
239-9,239,9,4,0,0.5068039,fast_test,weighted,0.47652116417884827
239-10,239,10,4,0,0.07243946,fast_test,weighted,0.47652116417884827
239-11,239,11,4,1,0.32672843,fast_test,weighted,0.47652116417884827
239-12,239,12,4,1,0.40863156,fast_test,weighted,0.47652116417884827
240-0,240,0,1,0,0.9368168,fast_test,weighted,0.47783273458480835
240-1,240,1,1,0,0.93642014,fast_test,weighted,0.47783273458480835
240-2,240,2,1,0,0.8231975,fast_test,weighted,0.47783273458480835
240-3,240,3,1,0,0.8449978,fast_test,weighted,0.47783273458480835
240-4,240,4,1,0,0.69718707,fast_test,weighted,0.47783273458480835
240-5,240,5,1,0,0.70585084,fast_test,weighted,0.47783273458480835
240-6,240,6,1,0,0.6374875,fast_test,weighted,0.47783273458480835
240-7,240,7,1,0,0.86618245,fast_test,weighted,0.47783273458480835
240-8,240,8,1,0,0.6326474,fast_test,weighted,0.47783273458480835
240-9,240,9,1,0,0.9371008,fast_test,weighted,0.47783273458480835
240-10,240,10,1,0,0.45982644,fast_test,weighted,0.47783273458480835
240-11,240,11,1,0,0.8339411,fast_test,weighted,0.47783273458480835
240-12,240,12,1,0,0.78345746,fast_test,weighted,0.47783273458480835
241-0,241,0,5,0,0.0039584967,fast_test,weighted,0.4379396438598633
241-1,241,1,5,0,0.008991745,fast_test,weighted,0.4379396438598633
241-2,241,2,5,0,0.0042314893,fast_test,weighted,0.4379396438598633
241-3,241,3,5,0,0.027640777,fast_test,weighted,0.4379396438598633
241-4,241,4,5,0,0.004046034,fast_test,weighted,0.4379396438598633
241-5,241,5,5,0,0.0053136945,fast_test,weighted,0.4379396438598633
241-6,241,6,5,0,0.012944328,fast_test,weighted,0.4379396438598633
241-7,241,7,5,0,0.011121673,fast_test,weighted,0.4379396438598633
241-8,241,8,5,0,0.0033140774,fast_test,weighted,0.4379396438598633
241-9,241,9,5,0,0.0075072083,fast_test,weighted,0.4379396438598633
241-10,241,10,5,0,0.004245206,fast_test,weighted,0.4379396438598633
241-11,241,11,5,0,0.003396559,fast_test,weighted,0.4379396438598633
241-12,241,12,5,0,0.0067692604,fast_test,weighted,0.4379396438598633
242-0,242,0,5,0,0.12647466,fast_test,weighted,0.4379396438598633
242-1,242,1,5,0,0.43506932,fast_test,weighted,0.4379396438598633
242-2,242,2,5,0,0.19625516,fast_test,weighted,0.4379396438598633
242-3,242,3,5,0,0.56696635,fast_test,weighted,0.4379396438598633
242-4,242,4,5,0,0.2468893,fast_test,weighted,0.4379396438598633
242-5,242,5,5,1,0.017338626,fast_test,weighted,0.4379396438598633
242-6,242,6,5,0,0.52299213,fast_test,weighted,0.4379396438598633
242-7,242,7,5,0,0.4628936,fast_test,weighted,0.4379396438598633
242-8,242,8,5,0,0.26225162,fast_test,weighted,0.4379396438598633
242-9,242,9,5,0,0.44002572,fast_test,weighted,0.4379396438598633
242-10,242,10,5,0,0.08027626,fast_test,weighted,0.4379396438598633
242-11,242,11,5,0,0.11727999,fast_test,weighted,0.4379396438598633
242-12,242,12,5,0,0.36567813,fast_test,weighted,0.4379396438598633
243-0,243,0,5,0,0.3942091,fast_test,weighted,0.4379396438598633
243-1,243,1,5,0,0.5764836,fast_test,weighted,0.4379396438598633
243-2,243,2,5,0,0.30979294,fast_test,weighted,0.4379396438598633
243-3,243,3,5,0,0.69826233,fast_test,weighted,0.4379396438598633
243-4,243,4,5,0,0.37493995,fast_test,weighted,0.4379396438598633
243-5,243,5,5,0,0.088612385,fast_test,weighted,0.4379396438598633
243-6,243,6,5,1,0.06637327,fast_test,weighted,0.4379396438598633
243-7,243,7,5,0,0.5061826,fast_test,weighted,0.4379396438598633
243-8,243,8,5,0,0.38586065,fast_test,weighted,0.4379396438598633
243-9,243,9,5,0,0.581393,fast_test,weighted,0.4379396438598633
243-10,243,10,5,0,0.06551298,fast_test,weighted,0.4379396438598633
243-11,243,11,5,0,0.1850406,fast_test,weighted,0.4379396438598633
243-12,243,12,5,0,0.50468713,fast_test,weighted,0.4379396438598633
244-0,244,0,1,0,0.21334584,fast_test,weighted,0.47783273458480835
244-1,244,1,1,1,0.7809093,fast_test,weighted,0.47783273458480835
244-2,244,2,1,0,0.07796141,fast_test,weighted,0.47783273458480835
244-3,244,3,1,0,0.1245262,fast_test,weighted,0.47783273458480835
244-4,244,4,1,0,0.04284573,fast_test,weighted,0.47783273458480835
244-5,244,5,1,0,0.03820104,fast_test,weighted,0.47783273458480835
244-6,244,6,1,0,0.063616514,fast_test,weighted,0.47783273458480835
244-7,244,7,1,0,0.115369596,fast_test,weighted,0.47783273458480835
244-8,244,8,1,0,0.06174523,fast_test,weighted,0.47783273458480835
244-9,244,9,1,0,0.21048443,fast_test,weighted,0.47783273458480835
244-10,244,10,1,0,0.037732717,fast_test,weighted,0.47783273458480835
244-11,244,11,1,0,0.09678563,fast_test,weighted,0.47783273458480835
244-12,244,12,1,0,0.10426595,fast_test,weighted,0.47783273458480835
245-0,245,0,5,1,0.053560145,fast_test,weighted,0.4379396438598633
245-1,245,1,5,1,0.112471,fast_test,weighted,0.4379396438598633
245-2,245,2,5,1,0.029730974,fast_test,weighted,0.4379396438598633
245-3,245,3,5,1,0.13231154,fast_test,weighted,0.4379396438598633
245-4,245,4,5,0,0.07277734,fast_test,weighted,0.4379396438598633
245-5,245,5,5,1,0.020756664,fast_test,weighted,0.4379396438598633
245-6,245,6,5,0,0.21699966,fast_test,weighted,0.4379396438598633
245-7,245,7,5,0,0.17528225,fast_test,weighted,0.4379396438598633
245-8,245,8,5,1,0.040519293,fast_test,weighted,0.4379396438598633
245-9,245,9,5,0,0.24306929,fast_test,weighted,0.4379396438598633
245-10,245,10,5,1,0.015401742,fast_test,weighted,0.4379396438598633
245-11,245,11,5,0,0.047482282,fast_test,weighted,0.4379396438598633
245-12,245,12,5,1,0.0757439,fast_test,weighted,0.4379396438598633
246-0,246,0,5,0,0.28854865,fast_test,weighted,0.4379396438598633
246-1,246,1,5,1,0.24629675,fast_test,weighted,0.4379396438598633
246-2,246,2,5,1,0.09116535,fast_test,weighted,0.4379396438598633
246-3,246,3,5,1,0.31604996,fast_test,weighted,0.4379396438598633
246-4,246,4,5,0,0.24666323,fast_test,weighted,0.4379396438598633
246-5,246,5,5,0,0.12261818,fast_test,weighted,0.4379396438598633
246-6,246,6,5,1,0.31114507,fast_test,weighted,0.4379396438598633
246-7,246,7,5,0,0.34642765,fast_test,weighted,0.4379396438598633
246-8,246,8,5,1,0.1419496,fast_test,weighted,0.4379396438598633
246-9,246,9,5,0,0.4217921,fast_test,weighted,0.4379396438598633
246-10,246,10,5,1,0.039636362,fast_test,weighted,0.4379396438598633
246-11,246,11,5,1,0.08638547,fast_test,weighted,0.4379396438598633
246-12,246,12,5,1,0.1909949,fast_test,weighted,0.4379396438598633
247-0,247,0,4,0,0.047413755,fast_test,weighted,0.47652116417884827
247-1,247,1,4,0,0.054168627,fast_test,weighted,0.47652116417884827
247-2,247,2,4,0,0.20910895,fast_test,weighted,0.47652116417884827
247-3,247,3,4,0,0.11961562,fast_test,weighted,0.47652116417884827
247-4,247,4,4,0,0.024544114,fast_test,weighted,0.47652116417884827
247-5,247,5,4,0,0.024829961,fast_test,weighted,0.47652116417884827
247-6,247,6,4,0,0.05845156,fast_test,weighted,0.47652116417884827
247-7,247,7,4,0,0.039474882,fast_test,weighted,0.47652116417884827
247-8,247,8,4,0,0.083784096,fast_test,weighted,0.47652116417884827
247-9,247,9,4,0,0.14225787,fast_test,weighted,0.47652116417884827
247-10,247,10,4,0,0.03913762,fast_test,weighted,0.47652116417884827
247-11,247,11,4,0,0.052887194,fast_test,weighted,0.47652116417884827
247-12,247,12,4,0,0.06688733,fast_test,weighted,0.47652116417884827
248-0,248,0,2,1,0.16169812,fast_test,weighted,0.4574896991252899
248-1,248,1,2,1,0.21307245,fast_test,weighted,0.4574896991252899
248-2,248,2,2,0,0.41668797,fast_test,weighted,0.4574896991252899
248-3,248,3,2,0,0.4876769,fast_test,weighted,0.4574896991252899
248-4,248,4,2,0,0.12930955,fast_test,weighted,0.4574896991252899
248-5,248,5,2,0,0.19316182,fast_test,weighted,0.4574896991252899
248-6,248,6,2,0,0.091461994,fast_test,weighted,0.4574896991252899
248-7,248,7,2,0,0.15955499,fast_test,weighted,0.4574896991252899
248-8,248,8,2,0,0.5240978,fast_test,weighted,0.4574896991252899
248-9,248,9,2,0,0.47703418,fast_test,weighted,0.4574896991252899
248-10,248,10,2,0,0.059071537,fast_test,weighted,0.4574896991252899
248-11,248,11,2,0,0.05069819,fast_test,weighted,0.4574896991252899
248-12,248,12,2,0,0.20898078,fast_test,weighted,0.4574896991252899
249-0,249,0,3,0,0.48757654,fast_test,weighted,0.4019046127796173
249-1,249,1,3,0,0.28196678,fast_test,weighted,0.4019046127796173
249-2,249,2,3,0,0.11603081,fast_test,weighted,0.4019046127796173
249-3,249,3,3,0,0.73862785,fast_test,weighted,0.4019046127796173
249-4,249,4,3,0,0.12846549,fast_test,weighted,0.4019046127796173
249-5,249,5,3,0,0.54099226,fast_test,weighted,0.4019046127796173
249-6,249,6,3,0,0.11156887,fast_test,weighted,0.4019046127796173
249-7,249,7,3,0,0.47721407,fast_test,weighted,0.4019046127796173
249-8,249,8,3,0,0.16489717,fast_test,weighted,0.4019046127796173
249-9,249,9,3,0,0.48787495,fast_test,weighted,0.4019046127796173
249-10,249,10,3,0,0.083989665,fast_test,weighted,0.4019046127796173
249-11,249,11,3,0,0.1489466,fast_test,weighted,0.4019046127796173
249-12,249,12,3,0,0.3922005,fast_test,weighted,0.4019046127796173
250-0,250,0,3,1,0.64731276,fast_test,weighted,0.4019046127796173
250-1,250,1,3,1,0.4911599,fast_test,weighted,0.4019046127796173
250-2,250,2,3,0,0.008389374,fast_test,weighted,0.4019046127796173
250-3,250,3,3,1,0.8482368,fast_test,weighted,0.4019046127796173
250-4,250,4,3,1,0.28858992,fast_test,weighted,0.4019046127796173
250-5,250,5,3,0,0.049845792,fast_test,weighted,0.4019046127796173
250-6,250,6,3,0,0.007295564,fast_test,weighted,0.4019046127796173
250-7,250,7,3,1,0.6441301,fast_test,weighted,0.4019046127796173
250-8,250,8,3,1,0.27128494,fast_test,weighted,0.4019046127796173
250-9,250,9,3,1,0.7011866,fast_test,weighted,0.4019046127796173
250-10,250,10,3,1,0.09966488,fast_test,weighted,0.4019046127796173
250-11,250,11,3,1,0.2867521,fast_test,weighted,0.4019046127796173
250-12,250,12,3,1,0.5703195,fast_test,weighted,0.4019046127796173
251-0,251,0,4,0,0.027961332,fast_test,weighted,0.47652116417884827
251-1,251,1,4,0,0.024850821,fast_test,weighted,0.47652116417884827
251-2,251,2,4,0,0.120699726,fast_test,weighted,0.47652116417884827
251-3,251,3,4,1,0.708882,fast_test,weighted,0.47652116417884827
251-4,251,4,4,0,0.010166375,fast_test,weighted,0.47652116417884827
251-5,251,5,4,0,0.010769363,fast_test,weighted,0.47652116417884827
251-6,251,6,4,0,0.03311299,fast_test,weighted,0.47652116417884827
251-7,251,7,4,0,0.022112707,fast_test,weighted,0.47652116417884827
251-8,251,8,4,0,0.04790535,fast_test,weighted,0.47652116417884827
251-9,251,9,4,0,0.0818031,fast_test,weighted,0.47652116417884827
251-10,251,10,4,0,0.0230948,fast_test,weighted,0.47652116417884827
251-11,251,11,4,0,0.029697992,fast_test,weighted,0.47652116417884827
251-12,251,12,4,0,0.038480245,fast_test,weighted,0.47652116417884827
252-0,252,0,5,0,0.021579558,fast_test,weighted,0.4379396438598633
252-1,252,1,5,0,0.040632818,fast_test,weighted,0.4379396438598633
252-2,252,2,5,0,0.012510053,fast_test,weighted,0.4379396438598633
252-3,252,3,5,0,0.07314445,fast_test,weighted,0.4379396438598633
252-4,252,4,5,0,0.011445947,fast_test,weighted,0.4379396438598633
252-5,252,5,5,1,0.055043705,fast_test,weighted,0.4379396438598633
252-6,252,6,5,0,0.05755654,fast_test,weighted,0.4379396438598633
252-7,252,7,5,1,0.50117964,fast_test,weighted,0.4379396438598633
252-8,252,8,5,0,0.02851697,fast_test,weighted,0.4379396438598633
252-9,252,9,5,0,0.04142522,fast_test,weighted,0.4379396438598633
252-10,252,10,5,0,0.01011772,fast_test,weighted,0.4379396438598633
252-11,252,11,5,0,0.0074301907,fast_test,weighted,0.4379396438598633
252-12,252,12,5,0,0.0539204,fast_test,weighted,0.4379396438598633
253-0,253,0,3,0,0.05753735,fast_test,weighted,0.4019046127796173
253-1,253,1,3,0,0.030920967,fast_test,weighted,0.4019046127796173
253-2,253,2,3,0,0.01092816,fast_test,weighted,0.4019046127796173
253-3,253,3,3,0,0.120451726,fast_test,weighted,0.4019046127796173
253-4,253,4,3,0,0.008652314,fast_test,weighted,0.4019046127796173
253-5,253,5,3,0,0.06858445,fast_test,weighted,0.4019046127796173
253-6,253,6,3,0,0.010310529,fast_test,weighted,0.4019046127796173
253-7,253,7,3,0,0.037141994,fast_test,weighted,0.4019046127796173
253-8,253,8,3,0,0.007843003,fast_test,weighted,0.4019046127796173
253-9,253,9,3,0,0.06452618,fast_test,weighted,0.4019046127796173
253-10,253,10,3,0,0.013087323,fast_test,weighted,0.4019046127796173
253-11,253,11,3,0,0.007701447,fast_test,weighted,0.4019046127796173
253-12,253,12,3,0,0.04264795,fast_test,weighted,0.4019046127796173
254-0,254,0,5,0,0.0020471788,fast_test,weighted,0.4379396438598633
254-1,254,1,5,0,0.0041912855,fast_test,weighted,0.4379396438598633
254-2,254,2,5,0,0.0015952901,fast_test,weighted,0.4379396438598633
254-3,254,3,5,0,0.009535402,fast_test,weighted,0.4379396438598633
254-4,254,4,5,0,0.0014231415,fast_test,weighted,0.4379396438598633
254-5,254,5,5,0,0.0025695427,fast_test,weighted,0.4379396438598633
254-6,254,6,5,0,0.0069218096,fast_test,weighted,0.4379396438598633
254-7,254,7,5,0,0.0029928132,fast_test,weighted,0.4379396438598633
254-8,254,8,5,0,0.0018577221,fast_test,weighted,0.4379396438598633
254-9,254,9,5,0,0.0031400975,fast_test,weighted,0.4379396438598633
254-10,254,10,5,0,0.002065641,fast_test,weighted,0.4379396438598633
254-11,254,11,5,0,0.0010331465,fast_test,weighted,0.4379396438598633
254-12,254,12,5,0,0.0039321226,fast_test,weighted,0.4379396438598633
255-0,255,0,1,0,0.5348543,fast_test,weighted,0.47783273458480835
255-1,255,1,1,0,0.4623418,fast_test,weighted,0.47783273458480835
255-2,255,2,1,0,0.24985626,fast_test,weighted,0.47783273458480835
255-3,255,3,1,0,0.35765854,fast_test,weighted,0.47783273458480835
255-4,255,4,1,0,0.13346665,fast_test,weighted,0.47783273458480835
255-5,255,5,1,0,0.12749715,fast_test,weighted,0.47783273458480835
255-6,255,6,1,0,0.20873927,fast_test,weighted,0.47783273458480835
255-7,255,7,1,0,0.33571362,fast_test,weighted,0.47783273458480835
255-8,255,8,1,0,0.2055695,fast_test,weighted,0.47783273458480835
255-9,255,9,1,0,0.46904567,fast_test,weighted,0.47783273458480835
255-10,255,10,1,0,0.10700219,fast_test,weighted,0.47783273458480835
255-11,255,11,1,0,0.27985558,fast_test,weighted,0.47783273458480835
255-12,255,12,1,1,0.25419644,fast_test,weighted,0.47783273458480835
256-0,256,0,3,0,0.28362575,fast_test,weighted,0.4019046127796173
256-1,256,1,3,0,0.17233631,fast_test,weighted,0.4019046127796173
256-2,256,2,3,1,0.029150087,fast_test,weighted,0.4019046127796173
256-3,256,3,3,1,0.30752364,fast_test,weighted,0.4019046127796173
256-4,256,4,3,0,0.07458939,fast_test,weighted,0.4019046127796173
256-5,256,5,3,1,0.1413897,fast_test,weighted,0.4019046127796173
256-6,256,6,3,1,0.026793553,fast_test,weighted,0.4019046127796173
256-7,256,7,3,1,0.121822365,fast_test,weighted,0.4019046127796173
256-8,256,8,3,1,0.032006823,fast_test,weighted,0.4019046127796173
256-9,256,9,3,1,0.12353924,fast_test,weighted,0.4019046127796173
256-10,256,10,3,0,0.03742297,fast_test,weighted,0.4019046127796173
256-11,256,11,3,1,0.023872564,fast_test,weighted,0.4019046127796173
256-12,256,12,3,0,0.20963885,fast_test,weighted,0.4019046127796173
257-0,257,0,3,0,0.653811,fast_test,weighted,0.4019046127796173
257-1,257,1,3,0,0.49830535,fast_test,weighted,0.4019046127796173
257-2,257,2,3,0,0.23948662,fast_test,weighted,0.4019046127796173
257-3,257,3,3,0,0.8608776,fast_test,weighted,0.4019046127796173
257-4,257,4,3,0,0.2944939,fast_test,weighted,0.4019046127796173
257-5,257,5,3,0,0.69081885,fast_test,weighted,0.4019046127796173
257-6,257,6,3,0,0.23059487,fast_test,weighted,0.4019046127796173
257-7,257,7,3,0,0.65065527,fast_test,weighted,0.4019046127796173
257-8,257,8,3,0,0.29221764,fast_test,weighted,0.4019046127796173
257-9,257,9,3,0,0.6444081,fast_test,weighted,0.4019046127796173
257-10,257,10,3,0,0.10225939,fast_test,weighted,0.4019046127796173
257-11,257,11,3,0,0.3327344,fast_test,weighted,0.4019046127796173
257-12,257,12,3,0,0.5127438,fast_test,weighted,0.4019046127796173
258-0,258,0,5,1,0.72446615,fast_test,weighted,0.4379396438598633
258-1,258,1,5,0,0.00781743,fast_test,weighted,0.4379396438598633
258-2,258,2,5,0,0.0028775025,fast_test,weighted,0.4379396438598633
258-3,258,3,5,0,0.0164558,fast_test,weighted,0.4379396438598633
258-4,258,4,5,0,0.00359957,fast_test,weighted,0.4379396438598633
258-5,258,5,5,0,0.0040463763,fast_test,weighted,0.4379396438598633
258-6,258,6,5,1,0.8946318,fast_test,weighted,0.4379396438598633
258-7,258,7,5,0,0.0054961927,fast_test,weighted,0.4379396438598633
258-8,258,8,5,0,0.0034077258,fast_test,weighted,0.4379396438598633
258-9,258,9,5,1,0.8544954,fast_test,weighted,0.4379396438598633
258-10,258,10,5,0,0.003171148,fast_test,weighted,0.4379396438598633
258-11,258,11,5,0,0.0024605186,fast_test,weighted,0.4379396438598633
258-12,258,12,5,0,0.007263923,fast_test,weighted,0.4379396438598633
259-0,259,0,1,0,0.5348543,fast_test,weighted,0.47783273458480835
259-1,259,1,1,0,0.5180068,fast_test,weighted,0.47783273458480835
259-2,259,2,1,0,0.24985626,fast_test,weighted,0.47783273458480835
259-3,259,3,1,0,0.35765854,fast_test,weighted,0.47783273458480835
259-4,259,4,1,0,0.15646969,fast_test,weighted,0.47783273458480835
259-5,259,5,1,0,0.12749715,fast_test,weighted,0.47783273458480835
259-6,259,6,1,0,0.21113539,fast_test,weighted,0.47783273458480835
259-7,259,7,1,0,0.35587075,fast_test,weighted,0.47783273458480835
259-8,259,8,1,0,0.21835625,fast_test,weighted,0.47783273458480835
259-9,259,9,1,0,0.51548,fast_test,weighted,0.47783273458480835
259-10,259,10,1,0,0.10700219,fast_test,weighted,0.47783273458480835
259-11,259,11,1,0,0.3421769,fast_test,weighted,0.47783273458480835
259-12,259,12,1,0,0.33117306,fast_test,weighted,0.47783273458480835
260-0,260,0,3,0,0.008101344,fast_test,weighted,0.4019046127796173
260-1,260,1,3,0,0.004533669,fast_test,weighted,0.4019046127796173
260-2,260,2,3,0,0.0016144394,fast_test,weighted,0.4019046127796173
260-3,260,3,3,0,0.017660454,fast_test,weighted,0.4019046127796173
260-4,260,4,3,0,0.0016166654,fast_test,weighted,0.4019046127796173
260-5,260,5,3,0,0.009241488,fast_test,weighted,0.4019046127796173
260-6,260,6,3,0,0.0013818508,fast_test,weighted,0.4019046127796173
260-7,260,7,3,0,0.0049708984,fast_test,weighted,0.4019046127796173
260-8,260,8,3,0,0.0011544203,fast_test,weighted,0.4019046127796173
260-9,260,9,3,0,0.007898304,fast_test,weighted,0.4019046127796173
260-10,260,10,3,1,0.3786799,fast_test,weighted,0.4019046127796173
260-11,260,11,3,0,0.0013369336,fast_test,weighted,0.4019046127796173
260-12,260,12,3,0,0.0056239576,fast_test,weighted,0.4019046127796173
261-0,261,0,3,1,0.4697555,fast_test,weighted,0.4019046127796173
261-1,261,1,3,0,0.094369516,fast_test,weighted,0.4019046127796173
261-2,261,2,3,0,0.033542868,fast_test,weighted,0.4019046127796173
261-3,261,3,3,0,0.3095287,fast_test,weighted,0.4019046127796173
261-4,261,4,3,0,0.034200497,fast_test,weighted,0.4019046127796173
261-5,261,5,3,0,0.19630125,fast_test,weighted,0.4019046127796173
261-6,261,6,3,0,0.026578706,fast_test,weighted,0.4019046127796173
261-7,261,7,3,0,0.1300444,fast_test,weighted,0.4019046127796173
261-8,261,8,3,0,0.034404535,fast_test,weighted,0.4019046127796173
261-9,261,9,3,0,0.10580698,fast_test,weighted,0.4019046127796173
261-10,261,10,3,0,0.031728804,fast_test,weighted,0.4019046127796173
261-11,261,11,3,0,0.019375663,fast_test,weighted,0.4019046127796173
261-12,261,12,3,0,0.13683176,fast_test,weighted,0.4019046127796173
262-0,262,0,5,1,0.47554603,fast_test,weighted,0.4379396438598633
262-1,262,1,5,1,0.70365053,fast_test,weighted,0.4379396438598633
262-2,262,2,5,1,0.39696732,fast_test,weighted,0.4379396438598633
262-3,262,3,5,1,0.7882936,fast_test,weighted,0.4379396438598633
262-4,262,4,5,1,0.3585077,fast_test,weighted,0.4379396438598633
262-5,262,5,5,0,0.0039682174,fast_test,weighted,0.4379396438598633
262-6,262,6,5,0,0.012506461,fast_test,weighted,0.4379396438598633
262-7,262,7,5,1,0.731486,fast_test,weighted,0.4379396438598633
262-8,262,8,5,0,0.0033793445,fast_test,weighted,0.4379396438598633
262-9,262,9,5,0,0.0075514065,fast_test,weighted,0.4379396438598633
262-10,262,10,5,1,0.022643384,fast_test,weighted,0.4379396438598633
262-11,262,11,5,1,0.37181285,fast_test,weighted,0.4379396438598633
262-12,262,12,5,0,0.019020515,fast_test,weighted,0.4379396438598633
263-0,263,0,4,0,0.009636324,fast_test,weighted,0.47652116417884827
263-1,263,1,4,0,0.007522566,fast_test,weighted,0.47652116417884827
263-2,263,2,4,0,0.040081874,fast_test,weighted,0.47652116417884827
263-3,263,3,4,0,0.021674434,fast_test,weighted,0.47652116417884827
263-4,263,4,4,0,0.0046597873,fast_test,weighted,0.47652116417884827
263-5,263,5,4,0,0.0036721479,fast_test,weighted,0.47652116417884827
263-6,263,6,4,0,0.012008719,fast_test,weighted,0.47652116417884827
263-7,263,7,4,0,0.008657542,fast_test,weighted,0.47652116417884827
263-8,263,8,4,0,0.027138257,fast_test,weighted,0.47652116417884827
263-9,263,9,4,0,0.026152456,fast_test,weighted,0.47652116417884827
263-10,263,10,4,0,0.008557643,fast_test,weighted,0.47652116417884827
263-11,263,11,4,0,0.009344743,fast_test,weighted,0.47652116417884827
263-12,263,12,4,0,0.0123948585,fast_test,weighted,0.47652116417884827
264-0,264,0,4,1,0.28308195,fast_test,weighted,0.47652116417884827
264-1,264,1,4,0,0.18106659,fast_test,weighted,0.47652116417884827
264-2,264,2,4,1,0.73456794,fast_test,weighted,0.47652116417884827
264-3,264,3,4,1,0.47924244,fast_test,weighted,0.47652116417884827
264-4,264,4,4,1,0.17604579,fast_test,weighted,0.47652116417884827
264-5,264,5,4,1,0.20540193,fast_test,weighted,0.47652116417884827
264-6,264,6,4,1,0.30848315,fast_test,weighted,0.47652116417884827
264-7,264,7,4,1,0.2683636,fast_test,weighted,0.47652116417884827
264-8,264,8,4,1,0.45792586,fast_test,weighted,0.47652116417884827
264-9,264,9,4,1,0.62915397,fast_test,weighted,0.47652116417884827
264-10,264,10,4,1,0.11751975,fast_test,weighted,0.47652116417884827
264-11,264,11,4,1,0.35584962,fast_test,weighted,0.47652116417884827
264-12,264,12,4,1,0.39395484,fast_test,weighted,0.47652116417884827
265-0,265,0,3,0,0.17897137,fast_test,weighted,0.4019046127796173
265-1,265,1,3,0,0.09028049,fast_test,weighted,0.4019046127796173
265-2,265,2,3,1,0.15422332,fast_test,weighted,0.4019046127796173
265-3,265,3,3,0,0.3512947,fast_test,weighted,0.4019046127796173
265-4,265,4,3,0,0.0389526,fast_test,weighted,0.4019046127796173
265-5,265,5,3,0,0.21413824,fast_test,weighted,0.4019046127796173
265-6,265,6,3,0,0.029602036,fast_test,weighted,0.4019046127796173
265-7,265,7,3,0,0.14182886,fast_test,weighted,0.4019046127796173
265-8,265,8,3,0,0.039230075,fast_test,weighted,0.4019046127796173
265-9,265,9,3,0,0.16382185,fast_test,weighted,0.4019046127796173
265-10,265,10,3,0,0.035364732,fast_test,weighted,0.4019046127796173
265-11,265,11,3,0,0.032412514,fast_test,weighted,0.4019046127796173
265-12,265,12,3,0,0.15023115,fast_test,weighted,0.4019046127796173
266-0,266,0,5,0,0.0011221349,fast_test,weighted,0.4379396438598633
266-1,266,1,5,0,0.002286863,fast_test,weighted,0.4379396438598633
266-2,266,2,5,0,0.0011430036,fast_test,weighted,0.4379396438598633
266-3,266,3,5,1,0.9774559,fast_test,weighted,0.4379396438598633
266-4,266,4,5,1,0.8947416,fast_test,weighted,0.4379396438598633
266-5,266,5,5,0,0.0014932012,fast_test,weighted,0.4379396438598633
266-6,266,6,5,1,0.97116303,fast_test,weighted,0.4379396438598633
266-7,266,7,5,0,0.0032183914,fast_test,weighted,0.4379396438598633
266-8,266,8,5,1,0.9056628,fast_test,weighted,0.4379396438598633
266-9,266,9,5,0,0.0023332783,fast_test,weighted,0.4379396438598633
266-10,266,10,5,1,0.22946593,fast_test,weighted,0.4379396438598633
266-11,266,11,5,1,0.87339056,fast_test,weighted,0.4379396438598633
266-12,266,12,5,0,0.0021054388,fast_test,weighted,0.4379396438598633
267-0,267,0,5,0,0.021579558,fast_test,weighted,0.4379396438598633
267-1,267,1,5,0,0.039349444,fast_test,weighted,0.4379396438598633
267-2,267,2,5,0,0.012091833,fast_test,weighted,0.4379396438598633
267-3,267,3,5,0,0.04265344,fast_test,weighted,0.4379396438598633
267-4,267,4,5,0,0.007724149,fast_test,weighted,0.4379396438598633
267-5,267,5,5,0,0.007807917,fast_test,weighted,0.4379396438598633
267-6,267,6,5,1,0.6089008,fast_test,weighted,0.4379396438598633
267-7,267,7,5,0,0.02452692,fast_test,weighted,0.4379396438598633
267-8,267,8,5,0,0.015813885,fast_test,weighted,0.4379396438598633
267-9,267,9,5,0,0.025788004,fast_test,weighted,0.4379396438598633
267-10,267,10,5,0,0.009222833,fast_test,weighted,0.4379396438598633
267-11,267,11,5,0,0.0074301907,fast_test,weighted,0.4379396438598633
267-12,267,12,5,0,0.028648859,fast_test,weighted,0.4379396438598633
268-0,268,0,3,0,0.043887496,fast_test,weighted,0.4019046127796173
268-1,268,1,3,0,0.017159112,fast_test,weighted,0.4019046127796173
268-2,268,2,3,0,0.006697789,fast_test,weighted,0.4019046127796173
268-3,268,3,3,0,0.08975492,fast_test,weighted,0.4019046127796173
268-4,268,4,3,0,0.0057165027,fast_test,weighted,0.4019046127796173
268-5,268,5,3,0,0.036418617,fast_test,weighted,0.4019046127796173
268-6,268,6,3,0,0.007295564,fast_test,weighted,0.4019046127796173
268-7,268,7,3,0,0.03061299,fast_test,weighted,0.4019046127796173
268-8,268,8,3,0,0.0065016113,fast_test,weighted,0.4019046127796173
268-9,268,9,3,0,0.030591452,fast_test,weighted,0.4019046127796173
268-10,268,10,3,0,0.009629172,fast_test,weighted,0.4019046127796173
268-11,268,11,3,0,0.0061577735,fast_test,weighted,0.4019046127796173
268-12,268,12,3,0,0.033790126,fast_test,weighted,0.4019046127796173
269-0,269,0,3,0,0.13541844,fast_test,weighted,0.4019046127796173
269-1,269,1,3,0,0.11697679,fast_test,weighted,0.4019046127796173
269-2,269,2,3,0,0.037868254,fast_test,weighted,0.4019046127796173
269-3,269,3,3,0,0.37603608,fast_test,weighted,0.4019046127796173
269-4,269,4,3,1,0.30017498,fast_test,weighted,0.4019046127796173
269-5,269,5,3,0,0.22073077,fast_test,weighted,0.4019046127796173
269-6,269,6,3,0,0.03350209,fast_test,weighted,0.4019046127796173
269-7,269,7,3,0,0.1525317,fast_test,weighted,0.4019046127796173
269-8,269,8,3,0,0.037587278,fast_test,weighted,0.4019046127796173
269-9,269,9,3,0,0.15676227,fast_test,weighted,0.4019046127796173
269-10,269,10,3,0,0.03112077,fast_test,weighted,0.4019046127796173
269-11,269,11,3,0,0.03178446,fast_test,weighted,0.4019046127796173
269-12,269,12,3,0,0.16168477,fast_test,weighted,0.4019046127796173
270-0,270,0,1,0,0.020339735,fast_test,weighted,0.47783273458480835
270-1,270,1,1,0,0.017878396,fast_test,weighted,0.47783273458480835
270-2,270,2,1,0,0.007065237,fast_test,weighted,0.47783273458480835
270-3,270,3,1,0,0.009670965,fast_test,weighted,0.47783273458480835
270-4,270,4,1,0,0.0044537764,fast_test,weighted,0.47783273458480835
270-5,270,5,1,0,0.0030448907,fast_test,weighted,0.47783273458480835
270-6,270,6,1,0,0.005426699,fast_test,weighted,0.47783273458480835
270-7,270,7,1,0,0.008457127,fast_test,weighted,0.47783273458480835
270-8,270,8,1,0,0.004042863,fast_test,weighted,0.47783273458480835
270-9,270,9,1,0,0.023593334,fast_test,weighted,0.47783273458480835
270-10,270,10,1,0,0.0045825997,fast_test,weighted,0.47783273458480835
270-11,270,11,1,1,0.82616365,fast_test,weighted,0.47783273458480835
270-12,270,12,1,0,0.009905614,fast_test,weighted,0.47783273458480835
271-0,271,0,4,0,0.17642881,fast_test,weighted,0.47652116417884827
271-1,271,1,4,0,0.24566175,fast_test,weighted,0.47652116417884827
271-2,271,2,4,0,0.6034028,fast_test,weighted,0.47652116417884827
271-3,271,3,4,0,0.34034666,fast_test,weighted,0.47652116417884827
271-4,271,4,4,0,0.08176333,fast_test,weighted,0.47652116417884827
271-5,271,5,4,0,0.12550138,fast_test,weighted,0.47652116417884827
271-6,271,6,4,0,0.21865071,fast_test,weighted,0.47652116417884827
271-7,271,7,4,0,0.18698864,fast_test,weighted,0.47652116417884827
271-8,271,8,4,0,0.33003908,fast_test,weighted,0.47652116417884827
271-9,271,9,4,0,0.48503536,fast_test,weighted,0.47652116417884827
271-10,271,10,4,0,0.0690418,fast_test,weighted,0.47652116417884827
271-11,271,11,4,0,0.2059933,fast_test,weighted,0.47652116417884827
271-12,271,12,4,0,0.26460025,fast_test,weighted,0.47652116417884827
272-0,272,0,2,0,0.12863626,fast_test,weighted,0.4574896991252899
272-1,272,1,2,0,0.17898008,fast_test,weighted,0.4574896991252899
272-2,272,2,2,1,0.34134966,fast_test,weighted,0.4574896991252899
272-3,272,3,2,0,0.42369977,fast_test,weighted,0.4574896991252899
272-4,272,4,2,0,0.07480731,fast_test,weighted,0.4574896991252899
272-5,272,5,2,1,0.1473165,fast_test,weighted,0.4574896991252899
272-6,272,6,2,0,0.044900715,fast_test,weighted,0.4574896991252899
272-7,272,7,2,1,0.11825203,fast_test,weighted,0.4574896991252899
272-8,272,8,2,1,0.43462586,fast_test,weighted,0.4574896991252899
272-9,272,9,2,0,0.28878763,fast_test,weighted,0.4574896991252899
272-10,272,10,2,1,0.04158738,fast_test,weighted,0.4574896991252899
272-11,272,11,2,1,0.04030495,fast_test,weighted,0.4574896991252899
272-12,272,12,2,0,0.13616875,fast_test,weighted,0.4574896991252899
273-0,273,0,1,0,0.8773818,fast_test,weighted,0.47783273458480835
273-1,273,1,1,0,0.8804877,fast_test,weighted,0.47783273458480835
273-2,273,2,1,0,0.7024824,fast_test,weighted,0.47783273458480835
273-3,273,3,1,1,0.10819563,fast_test,weighted,0.47783273458480835
273-4,273,4,1,0,0.5478903,fast_test,weighted,0.47783273458480835
273-5,273,5,1,0,0.5577756,fast_test,weighted,0.47783273458480835
273-6,273,6,1,0,0.47301233,fast_test,weighted,0.47783273458480835
273-7,273,7,1,0,0.7813231,fast_test,weighted,0.47783273458480835
273-8,273,8,1,0,0.47234133,fast_test,weighted,0.47783273458480835
273-9,273,9,1,0,0.8830186,fast_test,weighted,0.47783273458480835
273-10,273,10,1,0,0.2860453,fast_test,weighted,0.47783273458480835
273-11,273,11,1,0,0.7304952,fast_test,weighted,0.47783273458480835
273-12,273,12,1,0,0.6528504,fast_test,weighted,0.47783273458480835
274-0,274,0,1,0,0.31358686,fast_test,weighted,0.47783273458480835
274-1,274,1,1,0,0.3074587,fast_test,weighted,0.47783273458480835
274-2,274,2,1,0,0.12353732,fast_test,weighted,0.47783273458480835
274-3,274,3,1,0,0.17527245,fast_test,weighted,0.47783273458480835
274-4,274,4,1,0,0.06323017,fast_test,weighted,0.47783273458480835
274-5,274,5,1,0,0.07002131,fast_test,weighted,0.47783273458480835
274-6,274,6,1,0,0.10010121,fast_test,weighted,0.47783273458480835
274-7,274,7,1,0,0.17757174,fast_test,weighted,0.47783273458480835
274-8,274,8,1,0,0.098426886,fast_test,weighted,0.47783273458480835
274-9,274,9,1,0,0.28924528,fast_test,weighted,0.47783273458480835
274-10,274,10,1,0,0.062356148,fast_test,weighted,0.47783273458480835
274-11,274,11,1,0,0.15029317,fast_test,weighted,0.47783273458480835
274-12,274,12,1,1,0.46417254,fast_test,weighted,0.47783273458480835
275-0,275,0,5,1,0.05842598,fast_test,weighted,0.4379396438598633
275-1,275,1,5,0,0.25645834,fast_test,weighted,0.4379396438598633
275-2,275,2,5,0,0.09691918,fast_test,weighted,0.4379396438598633
275-3,275,3,5,1,0.16340353,fast_test,weighted,0.4379396438598633
275-4,275,4,5,1,0.054111008,fast_test,weighted,0.4379396438598633
275-5,275,5,5,0,0.04717436,fast_test,weighted,0.4379396438598633
275-6,275,6,5,1,0.15153576,fast_test,weighted,0.4379396438598633
275-7,275,7,5,0,0.27214414,fast_test,weighted,0.4379396438598633
275-8,275,8,5,0,0.13370119,fast_test,weighted,0.4379396438598633
275-9,275,9,5,0,0.16759916,fast_test,weighted,0.4379396438598633
275-10,275,10,5,0,0.036990494,fast_test,weighted,0.4379396438598633
275-11,275,11,5,0,0.09186815,fast_test,weighted,0.4379396438598633
275-12,275,12,5,0,0.22179857,fast_test,weighted,0.4379396438598633
276-0,276,0,1,1,0.92677104,fast_test,weighted,0.47783273458480835
276-1,276,1,1,1,0.9272594,fast_test,weighted,0.47783273458480835
276-2,276,2,1,1,0.79719615,fast_test,weighted,0.47783273458480835
276-3,276,3,1,1,0.8215073,fast_test,weighted,0.47783273458480835
276-4,276,4,1,1,0.6630989,fast_test,weighted,0.47783273458480835
276-5,276,5,1,1,0.6774006,fast_test,weighted,0.47783273458480835
276-6,276,6,1,1,0.6267253,fast_test,weighted,0.47783273458480835
276-7,276,7,1,1,0.84694207,fast_test,weighted,0.47783273458480835
276-8,276,8,1,1,0.59249485,fast_test,weighted,0.47783273458480835
276-9,276,9,1,1,0.9358872,fast_test,weighted,0.47783273458480835
276-10,276,10,1,1,0.43617734,fast_test,weighted,0.47783273458480835
276-11,276,11,1,1,0.80915344,fast_test,weighted,0.47783273458480835
276-12,276,12,1,1,0.75539494,fast_test,weighted,0.47783273458480835
277-0,277,0,4,0,0.22370943,fast_test,weighted,0.47652116417884827
277-1,277,1,4,0,0.3140108,fast_test,weighted,0.47652116417884827
277-2,277,2,4,0,0.68284947,fast_test,weighted,0.47652116417884827
277-3,277,3,4,0,0.41962594,fast_test,weighted,0.47652116417884827
277-4,277,4,4,0,0.09608428,fast_test,weighted,0.47652116417884827
277-5,277,5,4,1,0.10717518,fast_test,weighted,0.47652116417884827
277-6,277,6,4,0,0.2760436,fast_test,weighted,0.47652116417884827
277-7,277,7,4,0,0.25096124,fast_test,weighted,0.47652116417884827
277-8,277,8,4,1,0.32658738,fast_test,weighted,0.47652116417884827
277-9,277,9,4,0,0.5721902,fast_test,weighted,0.47652116417884827
277-10,277,10,4,0,0.08342289,fast_test,weighted,0.47652116417884827
277-11,277,11,4,0,0.28375876,fast_test,weighted,0.47652116417884827
277-12,277,12,4,0,0.3402483,fast_test,weighted,0.47652116417884827
278-0,278,0,5,1,0.038365245,fast_test,weighted,0.4379396438598633
278-1,278,1,5,0,0.62139684,fast_test,weighted,0.4379396438598633
278-2,278,2,5,0,0.33799678,fast_test,weighted,0.4379396438598633
278-3,278,3,5,0,0.739002,fast_test,weighted,0.4379396438598633
278-4,278,4,5,0,0.4235051,fast_test,weighted,0.4379396438598633
278-5,278,5,5,1,0.026546927,fast_test,weighted,0.4379396438598633
278-6,278,6,5,0,0.70079386,fast_test,weighted,0.4379396438598633
278-7,278,7,5,0,0.5533527,fast_test,weighted,0.4379396438598633
278-8,278,8,5,0,0.43161845,fast_test,weighted,0.4379396438598633
278-9,278,9,5,0,0.6339157,fast_test,weighted,0.4379396438598633
278-10,278,10,5,1,0.017625803,fast_test,weighted,0.4379396438598633
278-11,278,11,5,0,0.34688336,fast_test,weighted,0.4379396438598633
278-12,278,12,5,0,0.5837424,fast_test,weighted,0.4379396438598633
279-0,279,0,1,0,0.020339735,fast_test,weighted,0.47783273458480835
279-1,279,1,1,0,0.017878396,fast_test,weighted,0.47783273458480835
279-2,279,2,1,0,0.00548656,fast_test,weighted,0.47783273458480835
279-3,279,3,1,0,0.009417637,fast_test,weighted,0.47783273458480835
279-4,279,4,1,0,0.0033615876,fast_test,weighted,0.47783273458480835
279-5,279,5,1,0,0.0030448907,fast_test,weighted,0.47783273458480835
279-6,279,6,1,0,0.004135028,fast_test,weighted,0.47783273458480835
279-7,279,7,1,0,0.008335791,fast_test,weighted,0.47783273458480835
279-8,279,8,1,0,0.004042863,fast_test,weighted,0.47783273458480835
279-9,279,9,1,0,0.022216724,fast_test,weighted,0.47783273458480835
279-10,279,10,1,0,0.003517166,fast_test,weighted,0.47783273458480835
279-11,279,11,1,0,0.007161836,fast_test,weighted,0.47783273458480835
279-12,279,12,1,0,0.007475948,fast_test,weighted,0.47783273458480835
280-0,280,0,3,0,0.0073449058,fast_test,weighted,0.4019046127796173
280-1,280,1,3,0,0.0042453287,fast_test,weighted,0.4019046127796173
280-2,280,2,3,0,0.0016144394,fast_test,weighted,0.4019046127796173
280-3,280,3,3,0,0.01784181,fast_test,weighted,0.4019046127796173
280-4,280,4,3,0,0.0013807629,fast_test,weighted,0.4019046127796173
280-5,280,5,3,0,0.008654366,fast_test,weighted,0.4019046127796173
280-6,280,6,3,0,0.0013818508,fast_test,weighted,0.4019046127796173
280-7,280,7,3,0,0.0049708984,fast_test,weighted,0.4019046127796173
280-8,280,8,3,0,0.0011544203,fast_test,weighted,0.4019046127796173
280-9,280,9,3,0,0.007832446,fast_test,weighted,0.4019046127796173
280-10,280,10,3,0,0.0021259421,fast_test,weighted,0.4019046127796173
280-11,280,11,3,0,0.001287208,fast_test,weighted,0.4019046127796173
280-12,280,12,3,1,0.8668009,fast_test,weighted,0.4019046127796173
281-0,281,0,4,0,0.0026553606,fast_test,weighted,0.47652116417884827
281-1,281,1,4,0,0.0019356094,fast_test,weighted,0.47652116417884827
281-2,281,2,4,0,0.009722584,fast_test,weighted,0.47652116417884827
281-3,281,3,4,0,0.0052343057,fast_test,weighted,0.47652116417884827
281-4,281,4,4,0,0.0012229634,fast_test,weighted,0.47652116417884827
281-5,281,5,4,0,0.0009000967,fast_test,weighted,0.47652116417884827
281-6,281,6,4,0,0.0027638108,fast_test,weighted,0.47652116417884827
281-7,281,7,4,0,0.002388719,fast_test,weighted,0.47652116417884827
281-8,281,8,4,0,0.00635399,fast_test,weighted,0.47652116417884827
281-9,281,9,4,0,0.0072946595,fast_test,weighted,0.47652116417884827
281-10,281,10,4,0,0.0022265415,fast_test,weighted,0.47652116417884827
281-11,281,11,4,0,0.0025452212,fast_test,weighted,0.47652116417884827
281-12,281,12,4,0,0.0034914133,fast_test,weighted,0.47652116417884827
282-0,282,0,1,1,0.7100758,fast_test,weighted,0.47783273458480835
282-1,282,1,1,0,0.17624262,fast_test,weighted,0.47783273458480835
282-2,282,2,1,0,0.061426237,fast_test,weighted,0.47783273458480835
282-3,282,3,1,1,0.47156096,fast_test,weighted,0.47783273458480835
282-4,282,4,1,0,0.03117063,fast_test,weighted,0.47783273458480835
282-5,282,5,1,0,0.033779636,fast_test,weighted,0.47783273458480835
282-6,282,6,1,0,0.0496276,fast_test,weighted,0.47783273458480835
282-7,282,7,1,0,0.09203049,fast_test,weighted,0.47783273458480835
282-8,282,8,1,0,0.04875178,fast_test,weighted,0.47783273458480835
282-9,282,9,1,0,0.17791703,fast_test,weighted,0.47783273458480835
282-10,282,10,1,1,0.094282046,fast_test,weighted,0.47783273458480835
282-11,282,11,1,0,0.0766676,fast_test,weighted,0.47783273458480835
282-12,282,12,1,0,0.082122296,fast_test,weighted,0.47783273458480835
283-0,283,0,1,1,0.9469721,fast_test,weighted,0.47783273458480835
283-1,283,1,1,0,0.049657613,fast_test,weighted,0.47783273458480835
283-2,283,2,1,1,0.84932095,fast_test,weighted,0.47783273458480835
283-3,283,3,1,1,0.86841506,fast_test,weighted,0.47783273458480835
283-4,283,4,1,0,0.008449789,fast_test,weighted,0.47783273458480835
283-5,283,5,1,0,0.008612367,fast_test,weighted,0.47783273458480835
283-6,283,6,1,1,0.6860582,fast_test,weighted,0.47783273458480835
283-7,283,7,1,0,0.023698024,fast_test,weighted,0.47783273458480835
283-8,283,8,1,0,0.012226927,fast_test,weighted,0.47783273458480835
283-9,283,9,1,1,0.94912606,fast_test,weighted,0.47783273458480835
283-10,283,10,1,0,0.010219661,fast_test,weighted,0.47783273458480835
283-11,283,11,1,1,0.8673847,fast_test,weighted,0.47783273458480835
283-12,283,12,1,0,0.02155662,fast_test,weighted,0.47783273458480835
284-0,284,0,4,0,0.009194984,fast_test,weighted,0.47652116417884827
284-1,284,1,4,0,0.007632391,fast_test,weighted,0.47652116417884827
284-2,284,2,4,0,0.032811478,fast_test,weighted,0.47652116417884827
284-3,284,3,4,0,0.019761102,fast_test,weighted,0.47652116417884827
284-4,284,4,4,0,0.004513562,fast_test,weighted,0.47652116417884827
284-5,284,5,4,0,0.0034357177,fast_test,weighted,0.47652116417884827
284-6,284,6,4,0,0.010936708,fast_test,weighted,0.47652116417884827
284-7,284,7,4,0,0.009590026,fast_test,weighted,0.47652116417884827
284-8,284,8,4,0,0.032227315,fast_test,weighted,0.47652116417884827
284-9,284,9,4,0,0.024309428,fast_test,weighted,0.47652116417884827
284-10,284,10,4,0,0.008164813,fast_test,weighted,0.47652116417884827
284-11,284,11,4,0,0.008852186,fast_test,weighted,0.47652116417884827
284-12,284,12,4,0,0.012482962,fast_test,weighted,0.47652116417884827
285-0,285,0,2,0,0.1532874,fast_test,weighted,0.4574896991252899
285-1,285,1,2,0,0.23136489,fast_test,weighted,0.4574896991252899
285-2,285,2,2,0,0.3236618,fast_test,weighted,0.4574896991252899
285-3,285,3,2,0,0.40428102,fast_test,weighted,0.4574896991252899
285-4,285,4,2,0,0.09360126,fast_test,weighted,0.4574896991252899
285-5,285,5,2,0,0.14469737,fast_test,weighted,0.4574896991252899
285-6,285,6,2,0,0.06841808,fast_test,weighted,0.4574896991252899
285-7,285,7,2,0,0.116883665,fast_test,weighted,0.4574896991252899
285-8,285,8,2,0,0.42745432,fast_test,weighted,0.4574896991252899
285-9,285,9,2,0,0.3964889,fast_test,weighted,0.4574896991252899
285-10,285,10,2,1,0.10118139,fast_test,weighted,0.4574896991252899
285-11,285,11,2,0,0.05123524,fast_test,weighted,0.4574896991252899
285-12,285,12,2,0,0.14891352,fast_test,weighted,0.4574896991252899
286-0,286,0,3,0,0.056069132,fast_test,weighted,0.4019046127796173
286-1,286,1,3,0,0.025121761,fast_test,weighted,0.4019046127796173
286-2,286,2,3,1,0.22321385,fast_test,weighted,0.4019046127796173
286-3,286,3,3,1,0.848395,fast_test,weighted,0.4019046127796173
286-4,286,4,3,0,0.007293164,fast_test,weighted,0.4019046127796173
286-5,286,5,3,0,0.057081085,fast_test,weighted,0.4019046127796173
286-6,286,6,3,0,0.007845745,fast_test,weighted,0.4019046127796173
286-7,286,7,3,0,0.033195604,fast_test,weighted,0.4019046127796173
286-8,286,8,3,0,0.0066062864,fast_test,weighted,0.4019046127796173
286-9,286,9,3,0,0.054864302,fast_test,weighted,0.4019046127796173
286-10,286,10,3,0,0.010353504,fast_test,weighted,0.4019046127796173
286-11,286,11,3,0,0.009399234,fast_test,weighted,0.4019046127796173
286-12,286,12,3,0,0.03701328,fast_test,weighted,0.4019046127796173
287-0,287,0,4,0,0.03442916,fast_test,weighted,0.47652116417884827
287-1,287,1,4,1,0.6236059,fast_test,weighted,0.47652116417884827
287-2,287,2,4,0,0.15247178,fast_test,weighted,0.47652116417884827
287-3,287,3,4,1,0.72920096,fast_test,weighted,0.47652116417884827
287-4,287,4,4,0,0.013325204,fast_test,weighted,0.47652116417884827
287-5,287,5,4,0,0.016699309,fast_test,weighted,0.47652116417884827
287-6,287,6,4,1,0.5815682,fast_test,weighted,0.47652116417884827
287-7,287,7,4,1,0.52904063,fast_test,weighted,0.47652116417884827
287-8,287,8,4,0,0.06748848,fast_test,weighted,0.47652116417884827
287-9,287,9,4,0,0.10455388,fast_test,weighted,0.47652116417884827
287-10,287,10,4,1,0.2595223,fast_test,weighted,0.47652116417884827
287-11,287,11,4,1,0.603703,fast_test,weighted,0.47652116417884827
287-12,287,12,4,1,0.6346852,fast_test,weighted,0.47652116417884827
288-0,288,0,5,0,0.0028020046,fast_test,weighted,0.4379396438598633
288-1,288,1,5,0,0.005709076,fast_test,weighted,0.4379396438598633
288-2,288,2,5,0,0.0020993333,fast_test,weighted,0.4379396438598633
288-3,288,3,5,0,0.017311076,fast_test,weighted,0.4379396438598633
288-4,288,4,5,0,0.0018419753,fast_test,weighted,0.4379396438598633
288-5,288,5,5,0,0.003299589,fast_test,weighted,0.4379396438598633
288-6,288,6,5,0,0.0075627402,fast_test,weighted,0.4379396438598633
288-7,288,7,5,0,0.0033121642,fast_test,weighted,0.4379396438598633
288-8,288,8,5,0,0.0020563398,fast_test,weighted,0.4379396438598633
288-9,288,9,5,0,0.0046655764,fast_test,weighted,0.4379396438598633
288-10,288,10,5,0,0.0026350266,fast_test,weighted,0.4379396438598633
288-11,288,11,5,0,0.0023219793,fast_test,weighted,0.4379396438598633
288-12,288,12,5,0,0.0051763086,fast_test,weighted,0.4379396438598633
289-0,289,0,2,0,0.2100491,fast_test,weighted,0.4574896991252899
289-1,289,1,2,0,0.30924046,fast_test,weighted,0.4574896991252899
289-2,289,2,2,0,0.41668797,fast_test,weighted,0.4574896991252899
289-3,289,3,2,0,0.49002644,fast_test,weighted,0.4574896991252899
289-4,289,4,2,0,0.107782096,fast_test,weighted,0.4574896991252899
289-5,289,5,2,0,0.19316182,fast_test,weighted,0.4574896991252899
289-6,289,6,2,0,0.091461994,fast_test,weighted,0.4574896991252899
289-7,289,7,2,0,0.16116036,fast_test,weighted,0.4574896991252899
289-8,289,8,2,0,0.5240978,fast_test,weighted,0.4574896991252899
289-9,289,9,2,0,0.48005807,fast_test,weighted,0.4574896991252899
289-10,289,10,2,0,0.057235207,fast_test,weighted,0.4574896991252899
289-11,289,11,2,0,0.051082898,fast_test,weighted,0.4574896991252899
289-12,289,12,2,0,0.20165776,fast_test,weighted,0.4574896991252899
290-0,290,0,3,0,0.23963152,fast_test,weighted,0.4019046127796173
290-1,290,1,3,0,0.14195928,fast_test,weighted,0.4019046127796173
290-2,290,2,3,0,0.05103489,fast_test,weighted,0.4019046127796173
290-3,290,3,3,0,0.4211042,fast_test,weighted,0.4019046127796173
290-4,290,4,3,0,0.052061506,fast_test,weighted,0.4019046127796173
290-5,290,5,3,0,0.2747368,fast_test,weighted,0.4019046127796173
290-6,290,6,3,0,0.039562795,fast_test,weighted,0.4019046127796173
290-7,290,7,3,0,0.18819754,fast_test,weighted,0.4019046127796173
290-8,290,8,3,0,0.05236375,fast_test,weighted,0.4019046127796173
290-9,290,9,3,0,0.24659492,fast_test,weighted,0.4019046127796173
290-10,290,10,3,0,0.047486052,fast_test,weighted,0.4019046127796173
290-11,290,11,3,0,0.051089786,fast_test,weighted,0.4019046127796173
290-12,290,12,3,0,0.19411649,fast_test,weighted,0.4019046127796173
291-0,291,0,3,0,0.4497673,fast_test,weighted,0.4019046127796173
291-1,291,1,3,0,0.20031555,fast_test,weighted,0.4019046127796173
291-2,291,2,3,0,0.07795563,fast_test,weighted,0.4019046127796173
291-3,291,3,3,0,0.66781497,fast_test,weighted,0.4019046127796173
291-4,291,4,3,0,0.0842895,fast_test,weighted,0.4019046127796173
291-5,291,5,3,0,0.5218339,fast_test,weighted,0.4019046127796173
291-6,291,6,3,0,0.075309895,fast_test,weighted,0.4019046127796173
291-7,291,7,3,0,0.39918888,fast_test,weighted,0.4019046127796173
291-8,291,8,3,0,0.13895187,fast_test,weighted,0.4019046127796173
291-9,291,9,3,0,0.47764382,fast_test,weighted,0.4019046127796173
291-10,291,10,3,0,0.109997265,fast_test,weighted,0.4019046127796173
291-11,291,11,3,0,0.13238719,fast_test,weighted,0.4019046127796173
291-12,291,12,3,0,0.41387448,fast_test,weighted,0.4019046127796173
292-0,292,0,5,1,0.27983046,fast_test,weighted,0.4379396438598633
292-1,292,1,5,0,0.03942554,fast_test,weighted,0.4379396438598633
292-2,292,2,5,0,0.022214344,fast_test,weighted,0.4379396438598633
292-3,292,3,5,0,0.07700199,fast_test,weighted,0.4379396438598633
292-4,292,4,5,0,0.01684181,fast_test,weighted,0.4379396438598633
292-5,292,5,5,0,0.021029122,fast_test,weighted,0.4379396438598633
292-6,292,6,5,0,0.051064976,fast_test,weighted,0.4379396438598633
292-7,292,7,5,0,0.044747118,fast_test,weighted,0.4379396438598633
292-8,292,8,5,0,0.029065032,fast_test,weighted,0.4379396438598633
292-9,292,9,5,0,0.04019539,fast_test,weighted,0.4379396438598633
292-10,292,10,5,0,0.009990614,fast_test,weighted,0.4379396438598633
292-11,292,11,5,0,0.011704571,fast_test,weighted,0.4379396438598633
292-12,292,12,5,0,0.05004665,fast_test,weighted,0.4379396438598633
293-0,293,0,4,0,0.0039290385,fast_test,weighted,0.47652116417884827
293-1,293,1,4,0,0.0028369306,fast_test,weighted,0.47652116417884827
293-2,293,2,4,0,0.014479166,fast_test,weighted,0.47652116417884827
293-3,293,3,4,0,0.0078123957,fast_test,weighted,0.47652116417884827
293-4,293,4,4,0,0.0017867532,fast_test,weighted,0.47652116417884827
293-5,293,5,4,0,0.0013197265,fast_test,weighted,0.47652116417884827
293-6,293,6,4,0,0.004383379,fast_test,weighted,0.47652116417884827
293-7,293,7,4,0,0.0040827226,fast_test,weighted,0.47652116417884827
293-8,293,8,4,0,0.010306787,fast_test,weighted,0.47652116417884827
293-9,293,9,4,0,0.01066474,fast_test,weighted,0.47652116417884827
293-10,293,10,4,0,0.0034478041,fast_test,weighted,0.47652116417884827
293-11,293,11,4,0,0.0035281442,fast_test,weighted,0.47652116417884827
293-12,293,12,4,0,0.005402709,fast_test,weighted,0.47652116417884827
294-0,294,0,3,0,0.70728415,fast_test,weighted,0.4019046127796173
294-1,294,1,3,0,0.55260444,fast_test,weighted,0.4019046127796173
294-2,294,2,3,0,0.29802448,fast_test,weighted,0.4019046127796173
294-3,294,3,3,0,0.883481,fast_test,weighted,0.4019046127796173
294-4,294,4,3,0,0.30009055,fast_test,weighted,0.4019046127796173
294-5,294,5,3,0,0.79253924,fast_test,weighted,0.4019046127796173
294-6,294,6,3,0,0.2560471,fast_test,weighted,0.4019046127796173
294-7,294,7,3,0,0.69728035,fast_test,weighted,0.4019046127796173
294-8,294,8,3,0,0.33125207,fast_test,weighted,0.4019046127796173
294-9,294,9,3,0,0.7235674,fast_test,weighted,0.4019046127796173
294-10,294,10,3,0,0.11550786,fast_test,weighted,0.4019046127796173
294-11,294,11,3,0,0.31867394,fast_test,weighted,0.4019046127796173
294-12,294,12,3,0,0.6261492,fast_test,weighted,0.4019046127796173
295-0,295,0,1,1,0.74167794,fast_test,weighted,0.47783273458480835
295-1,295,1,1,0,0.29004285,fast_test,weighted,0.47783273458480835
295-2,295,2,1,0,0.12596324,fast_test,weighted,0.47783273458480835
295-3,295,3,1,0,0.19685903,fast_test,weighted,0.47783273458480835
295-4,295,4,1,0,0.06562897,fast_test,weighted,0.47783273458480835
295-5,295,5,1,0,0.07148206,fast_test,weighted,0.47783273458480835
295-6,295,6,1,1,0.2661749,fast_test,weighted,0.47783273458480835
295-7,295,7,1,0,0.17486197,fast_test,weighted,0.47783273458480835
295-8,295,8,1,0,0.09660525,fast_test,weighted,0.47783273458480835
295-9,295,9,1,0,0.31189674,fast_test,weighted,0.47783273458480835
295-10,295,10,1,0,0.05978678,fast_test,weighted,0.47783273458480835
295-11,295,11,1,0,0.15292463,fast_test,weighted,0.47783273458480835
295-12,295,12,1,0,0.15906204,fast_test,weighted,0.47783273458480835
296-0,296,0,3,0,0.21829319,fast_test,weighted,0.4019046127796173
296-1,296,1,3,0,0.1124512,fast_test,weighted,0.4019046127796173
296-2,296,2,3,0,0.04376734,fast_test,weighted,0.4019046127796173
296-3,296,3,3,0,0.40501,fast_test,weighted,0.4019046127796173
296-4,296,4,3,0,0.042001083,fast_test,weighted,0.4019046127796173
296-5,296,5,3,1,0.7837681,fast_test,weighted,0.4019046127796173
296-6,296,6,3,0,0.040318243,fast_test,weighted,0.4019046127796173
296-7,296,7,3,0,0.17200807,fast_test,weighted,0.4019046127796173
296-8,296,8,3,0,0.04803315,fast_test,weighted,0.4019046127796173
296-9,296,9,3,0,0.20231414,fast_test,weighted,0.4019046127796173
296-10,296,10,3,0,0.039864454,fast_test,weighted,0.4019046127796173
296-11,296,11,3,0,0.042662963,fast_test,weighted,0.4019046127796173
296-12,296,12,3,0,0.19458929,fast_test,weighted,0.4019046127796173
297-0,297,0,3,0,0.25306278,fast_test,weighted,0.4019046127796173
297-1,297,1,3,0,0.11922995,fast_test,weighted,0.4019046127796173
297-2,297,2,3,0,0.04268412,fast_test,weighted,0.4019046127796173
297-3,297,3,3,0,0.46662608,fast_test,weighted,0.4019046127796173
297-4,297,4,3,0,0.045076594,fast_test,weighted,0.4019046127796173
297-5,297,5,3,0,0.3057058,fast_test,weighted,0.4019046127796173
297-6,297,6,3,0,0.045692522,fast_test,weighted,0.4019046127796173
297-7,297,7,3,0,0.20715381,fast_test,weighted,0.4019046127796173
297-8,297,8,3,0,0.056692574,fast_test,weighted,0.4019046127796173
297-9,297,9,3,0,0.21684279,fast_test,weighted,0.4019046127796173
297-10,297,10,3,0,0.045906723,fast_test,weighted,0.4019046127796173
297-11,297,11,3,0,0.04583926,fast_test,weighted,0.4019046127796173
297-12,297,12,3,0,0.22232574,fast_test,weighted,0.4019046127796173
298-0,298,0,5,1,0.0022001413,fast_test,weighted,0.4379396438598633
298-1,298,1,5,1,0.004419887,fast_test,weighted,0.4379396438598633
298-2,298,2,5,1,0.0017396415,fast_test,weighted,0.4379396438598633
298-3,298,3,5,1,0.010539483,fast_test,weighted,0.4379396438598633
298-4,298,4,5,1,0.0015009914,fast_test,weighted,0.4379396438598633
298-5,298,5,5,1,0.0026594235,fast_test,weighted,0.4379396438598633
298-6,298,6,5,1,0.0075444914,fast_test,weighted,0.4379396438598633
298-7,298,7,5,1,0.0029241699,fast_test,weighted,0.4379396438598633
298-8,298,8,5,1,0.0020550115,fast_test,weighted,0.4379396438598633
298-9,298,9,5,1,0.0033602046,fast_test,weighted,0.4379396438598633
298-10,298,10,5,1,0.002053597,fast_test,weighted,0.4379396438598633
298-11,298,11,5,1,0.0011057288,fast_test,weighted,0.4379396438598633
298-12,298,12,5,1,0.0038810205,fast_test,weighted,0.4379396438598633
299-0,299,0,4,0,0.18086548,fast_test,weighted,0.47652116417884827
299-1,299,1,4,1,0.3886931,fast_test,weighted,0.47652116417884827
299-2,299,2,4,0,0.6029967,fast_test,weighted,0.47652116417884827
299-3,299,3,4,1,0.50107896,fast_test,weighted,0.47652116417884827
299-4,299,4,4,1,0.14110424,fast_test,weighted,0.47652116417884827
299-5,299,5,4,0,0.12314521,fast_test,weighted,0.47652116417884827
299-6,299,6,4,0,0.2151086,fast_test,weighted,0.47652116417884827
299-7,299,7,4,0,0.18117791,fast_test,weighted,0.47652116417884827
299-8,299,8,4,0,0.33056843,fast_test,weighted,0.47652116417884827
299-9,299,9,4,1,0.6525256,fast_test,weighted,0.47652116417884827
299-10,299,10,4,0,0.066210665,fast_test,weighted,0.47652116417884827
299-11,299,11,4,0,0.19927603,fast_test,weighted,0.47652116417884827
299-12,299,12,4,0,0.25977194,fast_test,weighted,0.47652116417884827
300-0,300,0,5,0,0.0010988892,fast_test,weighted,0.4379396438598633
300-1,300,1,5,1,0.96277094,fast_test,weighted,0.4379396438598633
300-2,300,2,5,1,0.87706375,fast_test,weighted,0.4379396438598633
300-3,300,3,5,1,0.97522753,fast_test,weighted,0.4379396438598633
300-4,300,4,5,1,0.8947416,fast_test,weighted,0.4379396438598633
300-5,300,5,5,1,0.27544212,fast_test,weighted,0.4379396438598633
300-6,300,6,5,1,0.97116303,fast_test,weighted,0.4379396438598633
300-7,300,7,5,1,0.9429199,fast_test,weighted,0.4379396438598633
300-8,300,8,5,1,0.9056628,fast_test,weighted,0.4379396438598633
300-9,300,9,5,1,0.96465135,fast_test,weighted,0.4379396438598633
300-10,300,10,5,1,0.2261227,fast_test,weighted,0.4379396438598633
300-11,300,11,5,1,0.839074,fast_test,weighted,0.4379396438598633
300-12,300,12,5,1,0.9481971,fast_test,weighted,0.4379396438598633
301-0,301,0,2,0,0.07531272,fast_test,weighted,0.4574896991252899
301-1,301,1,2,0,0.11518213,fast_test,weighted,0.4574896991252899
301-2,301,2,2,0,0.17592734,fast_test,weighted,0.4574896991252899
301-3,301,3,2,0,0.24058488,fast_test,weighted,0.4574896991252899
301-4,301,4,2,0,0.042508323,fast_test,weighted,0.4574896991252899
301-5,301,5,2,1,0.44559726,fast_test,weighted,0.4574896991252899
301-6,301,6,2,0,0.030983007,fast_test,weighted,0.4574896991252899
301-7,301,7,2,0,0.056277353,fast_test,weighted,0.4574896991252899
301-8,301,8,2,0,0.2605978,fast_test,weighted,0.4574896991252899
301-9,301,9,2,0,0.21992971,fast_test,weighted,0.4574896991252899
301-10,301,10,2,0,0.018029468,fast_test,weighted,0.4574896991252899
301-11,301,11,2,0,0.018186558,fast_test,weighted,0.4574896991252899
301-12,301,12,2,0,0.07856573,fast_test,weighted,0.4574896991252899
302-0,302,0,4,1,0.29747483,fast_test,weighted,0.47652116417884827
302-1,302,1,4,1,0.3886931,fast_test,weighted,0.47652116417884827
302-2,302,2,4,1,0.7494205,fast_test,weighted,0.47652116417884827
302-3,302,3,4,0,0.33332428,fast_test,weighted,0.47652116417884827
302-4,302,4,4,1,0.19024898,fast_test,weighted,0.47652116417884827
302-5,302,5,4,0,0.12639289,fast_test,weighted,0.47652116417884827
302-6,302,6,4,1,0.354706,fast_test,weighted,0.47652116417884827
302-7,302,7,4,1,0.30702907,fast_test,weighted,0.47652116417884827
302-8,302,8,4,0,0.33293092,fast_test,weighted,0.47652116417884827
302-9,302,9,4,1,0.66276044,fast_test,weighted,0.47652116417884827
302-10,302,10,4,0,0.066210665,fast_test,weighted,0.47652116417884827
302-11,302,11,4,1,0.3757228,fast_test,weighted,0.47652116417884827
302-12,302,12,4,1,0.41161036,fast_test,weighted,0.47652116417884827
303-0,303,0,5,0,0.20878352,fast_test,weighted,0.4379396438598633
303-1,303,1,5,0,0.3338015,fast_test,weighted,0.4379396438598633
303-2,303,2,5,0,0.09848623,fast_test,weighted,0.4379396438598633
303-3,303,3,5,0,0.44521457,fast_test,weighted,0.4379396438598633
303-4,303,4,5,0,0.1425608,fast_test,weighted,0.4379396438598633
303-5,303,5,5,0,0.16166903,fast_test,weighted,0.4379396438598633
303-6,303,6,5,0,0.4328639,fast_test,weighted,0.4379396438598633
303-7,303,7,5,0,0.24229087,fast_test,weighted,0.4379396438598633
303-8,303,8,5,0,0.16967432,fast_test,weighted,0.4379396438598633
303-9,303,9,5,0,0.34256265,fast_test,weighted,0.4379396438598633
303-10,303,10,5,0,0.1203693,fast_test,weighted,0.4379396438598633
303-11,303,11,5,0,0.12307811,fast_test,weighted,0.4379396438598633
303-12,303,12,5,1,0.77216303,fast_test,weighted,0.4379396438598633
304-0,304,0,1,1,0.35259628,fast_test,weighted,0.47783273458480835
304-1,304,1,1,0,0.31135315,fast_test,weighted,0.47783273458480835
304-2,304,2,1,0,0.14417142,fast_test,weighted,0.47783273458480835
304-3,304,3,1,0,0.2197319,fast_test,weighted,0.47783273458480835
304-4,304,4,1,1,0.058636494,fast_test,weighted,0.47783273458480835
304-5,304,5,1,1,0.087250575,fast_test,weighted,0.47783273458480835
304-6,304,6,1,0,0.118917234,fast_test,weighted,0.47783273458480835
304-7,304,7,1,1,0.22565672,fast_test,weighted,0.47783273458480835
304-8,304,8,1,0,0.12475402,fast_test,weighted,0.47783273458480835
304-9,304,9,1,1,0.35474643,fast_test,weighted,0.47783273458480835
304-10,304,10,1,1,0.06392208,fast_test,weighted,0.47783273458480835
304-11,304,11,1,1,0.21304165,fast_test,weighted,0.47783273458480835
304-12,304,12,1,0,0.20017181,fast_test,weighted,0.47783273458480835
305-0,305,0,1,0,0.76985586,fast_test,weighted,0.47783273458480835
305-1,305,1,1,0,0.77689385,fast_test,weighted,0.47783273458480835
305-2,305,2,1,0,0.52740884,fast_test,weighted,0.47783273458480835
305-3,305,3,1,0,0.5637781,fast_test,weighted,0.47783273458480835
305-4,305,4,1,0,0.33532333,fast_test,weighted,0.47783273458480835
305-5,305,5,1,0,0.37349233,fast_test,weighted,0.47783273458480835
305-6,305,6,1,0,0.3040054,fast_test,weighted,0.47783273458480835
305-7,305,7,1,0,0.6280805,fast_test,weighted,0.47783273458480835
305-8,305,8,1,0,0.29730818,fast_test,weighted,0.47783273458480835
305-9,305,9,1,0,0.7807624,fast_test,weighted,0.47783273458480835
305-10,305,10,1,0,0.13184826,fast_test,weighted,0.47783273458480835
305-11,305,11,1,0,0.5818551,fast_test,weighted,0.47783273458480835
305-12,305,12,1,0,0.4705814,fast_test,weighted,0.47783273458480835
306-0,306,0,5,0,0.094501756,fast_test,weighted,0.4379396438598633
306-1,306,1,5,0,0.16470523,fast_test,weighted,0.4379396438598633
306-2,306,2,5,0,0.05867542,fast_test,weighted,0.4379396438598633
306-3,306,3,5,0,0.23349847,fast_test,weighted,0.4379396438598633
306-4,306,4,5,0,0.046881177,fast_test,weighted,0.4379396438598633
306-5,306,5,5,0,0.030303275,fast_test,weighted,0.4379396438598633
306-6,306,6,5,0,0.22218804,fast_test,weighted,0.4379396438598633
306-7,306,7,5,0,0.105776615,fast_test,weighted,0.4379396438598633
306-8,306,8,5,0,0.08918776,fast_test,weighted,0.4379396438598633
306-9,306,9,5,0,0.17589846,fast_test,weighted,0.4379396438598633
306-10,306,10,5,0,0.02389092,fast_test,weighted,0.4379396438598633
306-11,306,11,5,0,0.037265588,fast_test,weighted,0.4379396438598633
306-12,306,12,5,0,0.12447672,fast_test,weighted,0.4379396438598633
307-0,307,0,3,1,0.6532153,fast_test,weighted,0.4019046127796173
307-1,307,1,3,1,0.5268542,fast_test,weighted,0.4019046127796173
307-2,307,2,3,0,0.027213,fast_test,weighted,0.4019046127796173
307-3,307,3,3,0,0.2739347,fast_test,weighted,0.4019046127796173
307-4,307,4,3,0,0.016301813,fast_test,weighted,0.4019046127796173
307-5,307,5,3,1,0.7729955,fast_test,weighted,0.4019046127796173
307-6,307,6,3,0,0.02129717,fast_test,weighted,0.4019046127796173
307-7,307,7,3,0,0.11111385,fast_test,weighted,0.4019046127796173
307-8,307,8,3,0,0.029466566,fast_test,weighted,0.4019046127796173
307-9,307,9,3,0,0.08672179,fast_test,weighted,0.4019046127796173
307-10,307,10,3,1,0.15771554,fast_test,weighted,0.4019046127796173
307-11,307,11,3,0,0.031447686,fast_test,weighted,0.4019046127796173
307-12,307,12,3,0,0.112014525,fast_test,weighted,0.4019046127796173
308-0,308,0,3,0,0.034079455,fast_test,weighted,0.4019046127796173
308-1,308,1,3,0,0.017704444,fast_test,weighted,0.4019046127796173
308-2,308,2,3,0,0.007386452,fast_test,weighted,0.4019046127796173
308-3,308,3,3,0,0.07209619,fast_test,weighted,0.4019046127796173
308-4,308,4,3,0,0.0060118306,fast_test,weighted,0.4019046127796173
308-5,308,5,3,0,0.039696503,fast_test,weighted,0.4019046127796173
308-6,308,6,3,0,0.006158885,fast_test,weighted,0.4019046127796173
308-7,308,7,3,0,0.022318298,fast_test,weighted,0.4019046127796173
308-8,308,8,3,0,0.004716097,fast_test,weighted,0.4019046127796173
308-9,308,9,3,1,0.7160905,fast_test,weighted,0.4019046127796173
308-10,308,10,3,0,0.007163158,fast_test,weighted,0.4019046127796173
308-11,308,11,3,0,0.0050205234,fast_test,weighted,0.4019046127796173
308-12,308,12,3,0,0.026344948,fast_test,weighted,0.4019046127796173
309-0,309,0,2,1,0.5036618,fast_test,weighted,0.4574896991252899
309-1,309,1,2,0,0.07173297,fast_test,weighted,0.4574896991252899
309-2,309,2,2,0,0.13015628,fast_test,weighted,0.4574896991252899
309-3,309,3,2,0,0.1779884,fast_test,weighted,0.4574896991252899
309-4,309,4,2,0,0.03728415,fast_test,weighted,0.4574896991252899
309-5,309,5,2,0,0.05023899,fast_test,weighted,0.4574896991252899
309-6,309,6,2,0,0.030479409,fast_test,weighted,0.4574896991252899
309-7,309,7,2,0,0.038904022,fast_test,weighted,0.4574896991252899
309-8,309,8,2,0,0.19412535,fast_test,weighted,0.4574896991252899
309-9,309,9,2,0,0.14073883,fast_test,weighted,0.4574896991252899
309-10,309,10,2,0,0.017447568,fast_test,weighted,0.4574896991252899
309-11,309,11,2,0,0.017599681,fast_test,weighted,0.4574896991252899
309-12,309,12,2,0,0.051083937,fast_test,weighted,0.4574896991252899
310-0,310,0,5,0,0.9173448,fast_test,weighted,0.4379396438598633
310-1,310,1,5,1,0.002011412,fast_test,weighted,0.4379396438598633
310-2,310,2,5,0,0.8744102,fast_test,weighted,0.4379396438598633
310-3,310,3,5,1,0.009616779,fast_test,weighted,0.4379396438598633
310-4,310,4,5,0,0.87641263,fast_test,weighted,0.4379396438598633
310-5,310,5,5,0,0.26569682,fast_test,weighted,0.4379396438598633
310-6,310,6,5,0,0.9723485,fast_test,weighted,0.4379396438598633
310-7,310,7,5,1,0.0043042754,fast_test,weighted,0.4379396438598633
310-8,310,8,5,0,0.934534,fast_test,weighted,0.4379396438598633
310-9,310,9,5,0,0.96079654,fast_test,weighted,0.4379396438598633
310-10,310,10,5,1,0.0009921225,fast_test,weighted,0.4379396438598633
310-11,310,11,5,1,0.0009085741,fast_test,weighted,0.4379396438598633
310-12,310,12,5,0,0.9638161,fast_test,weighted,0.4379396438598633
311-0,311,0,2,0,0.007547134,fast_test,weighted,0.4574896991252899
311-1,311,1,2,0,0.012769788,fast_test,weighted,0.4574896991252899
311-2,311,2,2,1,0.81186116,fast_test,weighted,0.4574896991252899
311-3,311,3,2,0,0.024172114,fast_test,weighted,0.4574896991252899
311-4,311,4,2,0,0.003145353,fast_test,weighted,0.4574896991252899
311-5,311,5,2,0,0.005375234,fast_test,weighted,0.4574896991252899
311-6,311,6,2,0,0.0037725074,fast_test,weighted,0.4574896991252899
311-7,311,7,2,0,0.004612229,fast_test,weighted,0.4574896991252899
311-8,311,8,2,0,0.025761211,fast_test,weighted,0.4574896991252899
311-9,311,9,2,0,0.016579792,fast_test,weighted,0.4574896991252899
311-10,311,10,2,0,0.0018994142,fast_test,weighted,0.4574896991252899
311-11,311,11,2,0,0.0014201623,fast_test,weighted,0.4574896991252899
311-12,311,12,2,0,0.0063192043,fast_test,weighted,0.4574896991252899
312-0,312,0,3,0,0.23963152,fast_test,weighted,0.4019046127796173
312-1,312,1,3,0,0.13215499,fast_test,weighted,0.4019046127796173
312-2,312,2,3,0,0.046395548,fast_test,weighted,0.4019046127796173
312-3,312,3,3,0,0.41847098,fast_test,weighted,0.4019046127796173
312-4,312,4,3,0,0.038031995,fast_test,weighted,0.4019046127796173
312-5,312,5,3,0,0.2660685,fast_test,weighted,0.4019046127796173
312-6,312,6,3,0,0.039562795,fast_test,weighted,0.4019046127796173
312-7,312,7,3,0,0.18661359,fast_test,weighted,0.4019046127796173
312-8,312,8,3,0,0.05236375,fast_test,weighted,0.4019046127796173
312-9,312,9,3,0,0.1933352,fast_test,weighted,0.4019046127796173
312-10,312,10,3,0,0.04105919,fast_test,weighted,0.4019046127796173
312-11,312,11,3,0,0.03814349,fast_test,weighted,0.4019046127796173
312-12,312,12,3,0,0.19411649,fast_test,weighted,0.4019046127796173
313-0,313,0,4,0,0.0024867675,fast_test,weighted,0.47652116417884827
313-1,313,1,4,0,0.0018354739,fast_test,weighted,0.47652116417884827
313-2,313,2,4,0,0.009291976,fast_test,weighted,0.47652116417884827
313-3,313,3,4,0,0.0051822467,fast_test,weighted,0.47652116417884827
313-4,313,4,4,0,0.0012373262,fast_test,weighted,0.47652116417884827
313-5,313,5,4,0,0.0008598935,fast_test,weighted,0.47652116417884827
313-6,313,6,4,0,0.0027634336,fast_test,weighted,0.47652116417884827
313-7,313,7,4,0,0.0022756692,fast_test,weighted,0.47652116417884827
313-8,313,8,4,0,0.005959105,fast_test,weighted,0.47652116417884827
313-9,313,9,4,0,0.007057838,fast_test,weighted,0.47652116417884827
313-10,313,10,4,0,0.0021315475,fast_test,weighted,0.47652116417884827
313-11,313,11,4,0,0.0023292059,fast_test,weighted,0.47652116417884827
313-12,313,12,4,0,0.0031521074,fast_test,weighted,0.47652116417884827
314-0,314,0,1,1,0.77354807,fast_test,weighted,0.47783273458480835
314-1,314,1,1,1,0.7823793,fast_test,weighted,0.47783273458480835
314-2,314,2,1,1,0.5120553,fast_test,weighted,0.47783273458480835
314-3,314,3,1,1,0.5540212,fast_test,weighted,0.47783273458480835
314-4,314,4,1,1,0.3616368,fast_test,weighted,0.47783273458480835
314-5,314,5,1,1,0.35921386,fast_test,weighted,0.47783273458480835
314-6,314,6,1,0,0.011240299,fast_test,weighted,0.47783273458480835
314-7,314,7,1,1,0.59202594,fast_test,weighted,0.47783273458480835
314-8,314,8,1,1,0.27604175,fast_test,weighted,0.47783273458480835
314-9,314,9,1,1,0.77870435,fast_test,weighted,0.47783273458480835
314-10,314,10,1,0,0.009570634,fast_test,weighted,0.47783273458480835
314-11,314,11,1,1,0.529221,fast_test,weighted,0.47783273458480835
314-12,314,12,1,0,0.020423083,fast_test,weighted,0.47783273458480835
315-0,315,0,2,0,0.012135692,fast_test,weighted,0.4574896991252899
315-1,315,1,2,0,0.020353131,fast_test,weighted,0.4574896991252899
315-2,315,2,2,0,0.03664441,fast_test,weighted,0.4574896991252899
315-3,315,3,2,0,0.049466822,fast_test,weighted,0.4574896991252899
315-4,315,4,2,0,0.005386307,fast_test,weighted,0.4574896991252899
315-5,315,5,2,0,0.009280693,fast_test,weighted,0.4574896991252899
315-6,315,6,2,0,0.0076557905,fast_test,weighted,0.4574896991252899
315-7,315,7,2,0,0.006676438,fast_test,weighted,0.4574896991252899
315-8,315,8,2,0,0.054257512,fast_test,weighted,0.4574896991252899
315-9,315,9,2,0,0.024886418,fast_test,weighted,0.4574896991252899
315-10,315,10,2,0,0.0032434808,fast_test,weighted,0.4574896991252899
315-11,315,11,2,0,0.0050150338,fast_test,weighted,0.4574896991252899
315-12,315,12,2,0,0.010142564,fast_test,weighted,0.4574896991252899
316-0,316,0,2,0,0.05982395,fast_test,weighted,0.4574896991252899
316-1,316,1,2,0,0.09917972,fast_test,weighted,0.4574896991252899
316-2,316,2,2,0,0.13711073,fast_test,weighted,0.4574896991252899
316-3,316,3,2,0,0.17116824,fast_test,weighted,0.4574896991252899
316-4,316,4,2,0,0.03175575,fast_test,weighted,0.4574896991252899
316-5,316,5,2,0,0.05565479,fast_test,weighted,0.4574896991252899
316-6,316,6,2,0,0.03244623,fast_test,weighted,0.4574896991252899
316-7,316,7,2,0,0.03998086,fast_test,weighted,0.4574896991252899
316-8,316,8,2,0,0.19498646,fast_test,weighted,0.4574896991252899
316-9,316,9,2,0,0.14476894,fast_test,weighted,0.4574896991252899
316-10,316,10,2,0,0.017453479,fast_test,weighted,0.4574896991252899
316-11,316,11,2,0,0.014493168,fast_test,weighted,0.4574896991252899
316-12,316,12,2,0,0.04488209,fast_test,weighted,0.4574896991252899
317-0,317,0,1,0,0.41897783,fast_test,weighted,0.47783273458480835
317-1,317,1,1,0,0.38975617,fast_test,weighted,0.47783273458480835
317-2,317,2,1,0,0.18191372,fast_test,weighted,0.47783273458480835
317-3,317,3,1,0,0.27441314,fast_test,weighted,0.47783273458480835
317-4,317,4,1,0,0.10637611,fast_test,weighted,0.47783273458480835
317-5,317,5,1,0,0.10617271,fast_test,weighted,0.47783273458480835
317-6,317,6,1,0,0.15049872,fast_test,weighted,0.47783273458480835
317-7,317,7,1,0,0.2533909,fast_test,weighted,0.47783273458480835
317-8,317,8,1,0,0.14647157,fast_test,weighted,0.47783273458480835
317-9,317,9,1,0,0.4148127,fast_test,weighted,0.47783273458480835
317-10,317,10,1,0,0.09259603,fast_test,weighted,0.47783273458480835
317-11,317,11,1,0,0.2525041,fast_test,weighted,0.47783273458480835
317-12,317,12,1,0,0.23482257,fast_test,weighted,0.47783273458480835
318-0,318,0,1,0,0.29946843,fast_test,weighted,0.47783273458480835
318-1,318,1,1,0,0.2638518,fast_test,weighted,0.47783273458480835
318-2,318,2,1,0,0.119666494,fast_test,weighted,0.47783273458480835
318-3,318,3,1,0,0.15673779,fast_test,weighted,0.47783273458480835
318-4,318,4,1,0,0.049379736,fast_test,weighted,0.47783273458480835
318-5,318,5,1,0,0.067008875,fast_test,weighted,0.47783273458480835
318-6,318,6,1,0,0.07287151,fast_test,weighted,0.47783273458480835
318-7,318,7,1,0,0.1689471,fast_test,weighted,0.47783273458480835
318-8,318,8,1,0,0.08332757,fast_test,weighted,0.47783273458480835
318-9,318,9,1,0,0.3025417,fast_test,weighted,0.47783273458480835
318-10,318,10,1,0,0.045493297,fast_test,weighted,0.47783273458480835
318-11,318,11,1,0,0.13725512,fast_test,weighted,0.47783273458480835
318-12,318,12,1,0,0.13721247,fast_test,weighted,0.47783273458480835
319-0,319,0,2,0,0.0060537537,fast_test,weighted,0.4574896991252899
319-1,319,1,2,0,0.008195507,fast_test,weighted,0.4574896991252899
319-2,319,2,2,0,0.01417839,fast_test,weighted,0.4574896991252899
319-3,319,3,2,0,0.019766953,fast_test,weighted,0.4574896991252899
319-4,319,4,2,0,0.0027285018,fast_test,weighted,0.4574896991252899
319-5,319,5,2,0,0.004380267,fast_test,weighted,0.4574896991252899
319-6,319,6,2,0,0.0030732916,fast_test,weighted,0.4574896991252899
319-7,319,7,2,0,0.0037579641,fast_test,weighted,0.4574896991252899
319-8,319,8,2,0,0.021072704,fast_test,weighted,0.4574896991252899
319-9,319,9,2,0,0.017017959,fast_test,weighted,0.4574896991252899
319-10,319,10,2,0,0.0015468282,fast_test,weighted,0.4574896991252899
319-11,319,11,2,0,0.0012316668,fast_test,weighted,0.4574896991252899
319-12,319,12,2,0,0.0051504136,fast_test,weighted,0.4574896991252899
320-0,320,0,4,0,0.3011358,fast_test,weighted,0.47652116417884827
320-1,320,1,4,1,0.17622776,fast_test,weighted,0.47652116417884827
320-2,320,2,4,0,0.7616934,fast_test,weighted,0.47652116417884827
320-3,320,3,4,0,0.5158771,fast_test,weighted,0.47652116417884827
320-4,320,4,4,1,0.052836258,fast_test,weighted,0.47652116417884827
320-5,320,5,4,0,0.23044552,fast_test,weighted,0.47652116417884827
320-6,320,6,4,1,0.15761533,fast_test,weighted,0.47652116417884827
320-7,320,7,4,1,0.13597018,fast_test,weighted,0.47652116417884827
320-8,320,8,4,0,0.5063462,fast_test,weighted,0.47652116417884827
320-9,320,9,4,1,0.33872366,fast_test,weighted,0.47652116417884827
320-10,320,10,4,0,0.10442215,fast_test,weighted,0.47652116417884827
320-11,320,11,4,0,0.38790017,fast_test,weighted,0.47652116417884827
320-12,320,12,4,0,0.41784918,fast_test,weighted,0.47652116417884827
321-0,321,0,4,1,0.005077182,fast_test,weighted,0.47652116417884827
321-1,321,1,4,0,0.60794634,fast_test,weighted,0.47652116417884827
321-2,321,2,4,0,0.8806439,fast_test,weighted,0.47652116417884827
321-3,321,3,4,0,0.7100885,fast_test,weighted,0.47652116417884827
321-4,321,4,4,0,0.4055186,fast_test,weighted,0.47652116417884827
321-5,321,5,4,0,0.4063468,fast_test,weighted,0.47652116417884827
321-6,321,6,4,0,0.5793731,fast_test,weighted,0.47652116417884827
321-7,321,7,4,0,0.53338516,fast_test,weighted,0.47652116417884827
321-8,321,8,4,0,0.72401494,fast_test,weighted,0.47652116417884827
321-9,321,9,4,0,0.8207824,fast_test,weighted,0.47652116417884827
321-10,321,10,4,0,0.21359088,fast_test,weighted,0.47652116417884827
321-11,321,11,4,0,0.5206827,fast_test,weighted,0.47652116417884827
321-12,321,12,4,0,0.6223929,fast_test,weighted,0.47652116417884827
322-0,322,0,2,0,0.3128816,fast_test,weighted,0.4574896991252899
322-1,322,1,2,0,0.41892233,fast_test,weighted,0.4574896991252899
322-2,322,2,2,1,0.28912202,fast_test,weighted,0.4574896991252899
322-3,322,3,2,0,0.6863036,fast_test,weighted,0.4574896991252899
322-4,322,4,2,0,0.16172649,fast_test,weighted,0.4574896991252899
322-5,322,5,2,0,0.3529945,fast_test,weighted,0.4574896991252899
322-6,322,6,2,1,0.05186841,fast_test,weighted,0.4574896991252899
322-7,322,7,2,0,0.2837591,fast_test,weighted,0.4574896991252899
322-8,322,8,2,0,0.69688374,fast_test,weighted,0.4574896991252899
322-9,322,9,2,1,0.2535566,fast_test,weighted,0.4574896991252899
322-10,322,10,2,0,0.105546854,fast_test,weighted,0.4574896991252899
322-11,322,11,2,0,0.08559407,fast_test,weighted,0.4574896991252899
322-12,322,12,2,0,0.30160132,fast_test,weighted,0.4574896991252899
323-0,323,0,5,0,0.001127028,fast_test,weighted,0.4379396438598633
323-1,323,1,5,0,0.0023351803,fast_test,weighted,0.4379396438598633
323-2,323,2,5,0,0.0011430036,fast_test,weighted,0.4379396438598633
323-3,323,3,5,0,0.0067505054,fast_test,weighted,0.4379396438598633
323-4,323,4,5,0,0.0008435654,fast_test,weighted,0.4379396438598633
323-5,323,5,5,0,0.0014932012,fast_test,weighted,0.4379396438598633
323-6,323,6,5,0,0.0036023275,fast_test,weighted,0.4379396438598633
323-7,323,7,5,0,0.0015371273,fast_test,weighted,0.4379396438598633
323-8,323,8,5,0,0.0017792238,fast_test,weighted,0.4379396438598633
323-9,323,9,5,0,0.0019791657,fast_test,weighted,0.4379396438598633
323-10,323,10,5,0,0.0011920241,fast_test,weighted,0.4379396438598633
323-11,323,11,5,0,0.00088366534,fast_test,weighted,0.4379396438598633
323-12,323,12,5,0,0.0039358446,fast_test,weighted,0.4379396438598633
324-0,324,0,4,1,0.43786943,fast_test,weighted,0.47652116417884827
324-1,324,1,4,1,0.54497296,fast_test,weighted,0.47652116417884827
324-2,324,2,4,1,0.8483771,fast_test,weighted,0.47652116417884827
324-3,324,3,4,1,0.66062266,fast_test,weighted,0.47652116417884827
324-4,324,4,4,1,0.30982482,fast_test,weighted,0.47652116417884827
324-5,324,5,4,1,0.342952,fast_test,weighted,0.47652116417884827
324-6,324,6,4,1,0.49948186,fast_test,weighted,0.47652116417884827
324-7,324,7,4,1,0.43370932,fast_test,weighted,0.47652116417884827
324-8,324,8,4,1,0.6324029,fast_test,weighted,0.47652116417884827
324-9,324,9,4,1,0.78375703,fast_test,weighted,0.47652116417884827
324-10,324,10,4,1,0.16046785,fast_test,weighted,0.47652116417884827
324-11,324,11,4,1,0.46959287,fast_test,weighted,0.47652116417884827
324-12,324,12,4,1,0.5550468,fast_test,weighted,0.47652116417884827
325-0,325,0,2,0,0.13941334,fast_test,weighted,0.4574896991252899
325-1,325,1,2,0,0.23811558,fast_test,weighted,0.4574896991252899
325-2,325,2,2,0,0.39035374,fast_test,weighted,0.4574896991252899
325-3,325,3,2,0,0.4933014,fast_test,weighted,0.4574896991252899
325-4,325,4,2,0,0.062746875,fast_test,weighted,0.4574896991252899
325-5,325,5,2,0,0.177347,fast_test,weighted,0.4574896991252899
325-6,325,6,2,0,0.041130334,fast_test,weighted,0.4574896991252899
325-7,325,7,2,0,0.14339548,fast_test,weighted,0.4574896991252899
325-8,325,8,2,0,0.49857518,fast_test,weighted,0.4574896991252899
325-9,325,9,2,0,0.38014054,fast_test,weighted,0.4574896991252899
325-10,325,10,2,0,0.04171943,fast_test,weighted,0.4574896991252899
325-11,325,11,2,0,0.031852342,fast_test,weighted,0.4574896991252899
325-12,325,12,2,0,0.09862448,fast_test,weighted,0.4574896991252899
326-0,326,0,4,0,0.88396883,fast_test,weighted,0.47652116417884827
326-1,326,1,4,0,0.91847336,fast_test,weighted,0.47652116417884827
326-2,326,2,4,0,0.9822613,fast_test,weighted,0.47652116417884827
326-3,326,3,4,0,0.9480604,fast_test,weighted,0.47652116417884827
326-4,326,4,4,0,0.7692522,fast_test,weighted,0.47652116417884827
326-5,326,5,4,0,0.8317407,fast_test,weighted,0.47652116417884827
326-6,326,6,4,0,0.9138991,fast_test,weighted,0.47652116417884827
326-7,326,7,4,1,0.0020823316,fast_test,weighted,0.47652116417884827
326-8,326,8,4,0,0.9570887,fast_test,weighted,0.47652116417884827
326-9,326,9,4,0,0.9708227,fast_test,weighted,0.47652116417884827
326-10,326,10,4,0,0.70760894,fast_test,weighted,0.47652116417884827
326-11,326,11,4,0,0.89025635,fast_test,weighted,0.47652116417884827
326-12,326,12,4,0,0.9257144,fast_test,weighted,0.47652116417884827
327-0,327,0,4,0,0.16981032,fast_test,weighted,0.47652116417884827
327-1,327,1,4,0,0.23842378,fast_test,weighted,0.47652116417884827
327-2,327,2,4,0,0.5939234,fast_test,weighted,0.47652116417884827
327-3,327,3,4,0,0.33154505,fast_test,weighted,0.47652116417884827
327-4,327,4,4,0,0.078849554,fast_test,weighted,0.47652116417884827
327-5,327,5,4,0,0.12195938,fast_test,weighted,0.47652116417884827
327-6,327,6,4,0,0.2119849,fast_test,weighted,0.47652116417884827
327-7,327,7,4,0,0.1810644,fast_test,weighted,0.47652116417884827
327-8,327,8,4,0,0.332761,fast_test,weighted,0.47652116417884827
327-9,327,9,4,0,0.47518748,fast_test,weighted,0.47652116417884827
327-10,327,10,4,0,0.06654853,fast_test,weighted,0.47652116417884827
327-11,327,11,4,1,0.2400261,fast_test,weighted,0.47652116417884827
327-12,327,12,4,0,0.25570107,fast_test,weighted,0.47652116417884827
328-0,328,0,4,0,0.047413755,fast_test,weighted,0.47652116417884827
328-1,328,1,4,0,0.054168627,fast_test,weighted,0.47652116417884827
328-2,328,2,4,0,0.20910895,fast_test,weighted,0.47652116417884827
328-3,328,3,4,0,0.117530935,fast_test,weighted,0.47652116417884827
328-4,328,4,4,0,0.01781359,fast_test,weighted,0.47652116417884827
328-5,328,5,4,0,0.024829961,fast_test,weighted,0.47652116417884827
328-6,328,6,4,0,0.05845156,fast_test,weighted,0.47652116417884827
328-7,328,7,4,0,0.039474882,fast_test,weighted,0.47652116417884827
328-8,328,8,4,0,0.087154776,fast_test,weighted,0.47652116417884827
328-9,328,9,4,0,0.14225787,fast_test,weighted,0.47652116417884827
328-10,328,10,4,0,0.03913762,fast_test,weighted,0.47652116417884827
328-11,328,11,4,0,0.052887194,fast_test,weighted,0.47652116417884827
328-12,328,12,4,0,0.065653056,fast_test,weighted,0.47652116417884827
329-0,329,0,1,0,0.10854083,fast_test,weighted,0.47783273458480835
329-1,329,1,1,0,0.10529173,fast_test,weighted,0.47783273458480835
329-2,329,2,1,0,0.037907485,fast_test,weighted,0.47783273458480835
329-3,329,3,1,1,0.7069838,fast_test,weighted,0.47783273458480835
329-4,329,4,1,0,0.0198883,fast_test,weighted,0.47783273458480835
329-5,329,5,1,0,0.020531945,fast_test,weighted,0.47783273458480835
329-6,329,6,1,0,0.02890113,fast_test,weighted,0.47783273458480835
329-7,329,7,1,0,0.054763876,fast_test,weighted,0.47783273458480835
329-8,329,8,1,0,0.028020447,fast_test,weighted,0.47783273458480835
329-9,329,9,1,0,0.10637908,fast_test,weighted,0.47783273458480835
329-10,329,10,1,0,0.022436455,fast_test,weighted,0.47783273458480835
329-11,329,11,1,0,0.049624946,fast_test,weighted,0.47783273458480835
329-12,329,12,1,0,0.049780317,fast_test,weighted,0.47783273458480835
330-0,330,0,4,1,0.08691664,fast_test,weighted,0.47652116417884827
330-1,330,1,4,0,0.45897052,fast_test,weighted,0.47652116417884827
330-2,330,2,4,1,0.34029725,fast_test,weighted,0.47652116417884827
330-3,330,3,4,0,0.5726418,fast_test,weighted,0.47652116417884827
330-4,330,4,4,1,0.048048418,fast_test,weighted,0.47652116417884827
330-5,330,5,4,0,0.26843414,fast_test,weighted,0.47652116417884827
330-6,330,6,4,1,0.11512869,fast_test,weighted,0.47652116417884827
330-7,330,7,4,1,0.082772434,fast_test,weighted,0.47652116417884827
330-8,330,8,4,1,0.16912027,fast_test,weighted,0.47652116417884827
330-9,330,9,4,0,0.7095195,fast_test,weighted,0.47652116417884827
330-10,330,10,4,0,0.13124487,fast_test,weighted,0.47652116417884827
330-11,330,11,4,0,0.4390914,fast_test,weighted,0.47652116417884827
330-12,330,12,4,1,0.12355444,fast_test,weighted,0.47652116417884827
331-0,331,0,4,1,0.9265079,fast_test,weighted,0.47652116417884827
331-1,331,1,4,1,0.94657475,fast_test,weighted,0.47652116417884827
331-2,331,2,4,1,0.98865277,fast_test,weighted,0.47652116417884827
331-3,331,3,4,1,0.9664541,fast_test,weighted,0.47652116417884827
331-4,331,4,4,1,0.84865725,fast_test,weighted,0.47652116417884827
331-5,331,5,4,1,0.88495,fast_test,weighted,0.47652116417884827
331-6,331,6,4,0,0.002342731,fast_test,weighted,0.47652116417884827
331-7,331,7,4,0,0.0019360156,fast_test,weighted,0.47652116417884827
331-8,331,8,4,1,0.96742165,fast_test,weighted,0.47652116417884827
331-9,331,9,4,1,0.9822066,fast_test,weighted,0.47652116417884827
331-10,331,10,4,1,0.7748815,fast_test,weighted,0.47652116417884827
331-11,331,11,4,1,0.929971,fast_test,weighted,0.47652116417884827
331-12,331,12,4,0,0.0026906112,fast_test,weighted,0.47652116417884827
332-0,332,0,3,0,0.04731756,fast_test,weighted,0.4019046127796173
332-1,332,1,3,0,0.021561136,fast_test,weighted,0.4019046127796173
332-2,332,2,3,0,0.00806771,fast_test,weighted,0.4019046127796173
332-3,332,3,3,0,0.08975492,fast_test,weighted,0.4019046127796173
332-4,332,4,3,0,0.006052262,fast_test,weighted,0.4019046127796173
332-5,332,5,3,0,0.049845792,fast_test,weighted,0.4019046127796173
332-6,332,6,3,0,0.00813041,fast_test,weighted,0.4019046127796173
332-7,332,7,3,0,0.03061299,fast_test,weighted,0.4019046127796173
332-8,332,8,3,0,0.0063245213,fast_test,weighted,0.4019046127796173
332-9,332,9,3,0,0.046291586,fast_test,weighted,0.4019046127796173
332-10,332,10,3,0,0.010653225,fast_test,weighted,0.4019046127796173
332-11,332,11,3,0,0.0061577735,fast_test,weighted,0.4019046127796173
332-12,332,12,3,0,0.033790126,fast_test,weighted,0.4019046127796173
333-0,333,0,2,1,0.21003371,fast_test,weighted,0.4574896991252899
333-1,333,1,2,0,0.20314042,fast_test,weighted,0.4574896991252899
333-2,333,2,2,0,0.386347,fast_test,weighted,0.4574896991252899
333-3,333,3,2,0,0.44299105,fast_test,weighted,0.4574896991252899
333-4,333,4,2,0,0.08365636,fast_test,weighted,0.4574896991252899
333-5,333,5,2,1,0.19796792,fast_test,weighted,0.4574896991252899
333-6,333,6,2,1,0.08735852,fast_test,weighted,0.4574896991252899
333-7,333,7,2,0,0.13286284,fast_test,weighted,0.4574896991252899
333-8,333,8,2,0,0.45852447,fast_test,weighted,0.4574896991252899
333-9,333,9,2,0,0.33278537,fast_test,weighted,0.4574896991252899
333-10,333,10,2,1,0.05775526,fast_test,weighted,0.4574896991252899
333-11,333,11,2,0,0.026623582,fast_test,weighted,0.4574896991252899
333-12,333,12,2,0,0.13568394,fast_test,weighted,0.4574896991252899
334-0,334,0,1,0,0.28997883,fast_test,weighted,0.47783273458480835
334-1,334,1,1,0,0.29154626,fast_test,weighted,0.47783273458480835
334-2,334,2,1,1,0.19453698,fast_test,weighted,0.47783273458480835
334-3,334,3,1,1,0.2876227,fast_test,weighted,0.47783273458480835
334-4,334,4,1,0,0.049061902,fast_test,weighted,0.47783273458480835
334-5,334,5,1,0,0.06421023,fast_test,weighted,0.47783273458480835
334-6,334,6,1,0,0.08145478,fast_test,weighted,0.47783273458480835
334-7,334,7,1,0,0.16114514,fast_test,weighted,0.47783273458480835
334-8,334,8,1,0,0.0791031,fast_test,weighted,0.47783273458480835
334-9,334,9,1,0,0.2647654,fast_test,weighted,0.47783273458480835
334-10,334,10,1,0,0.04301299,fast_test,weighted,0.47783273458480835
334-11,334,11,1,0,0.15244244,fast_test,weighted,0.47783273458480835
334-12,334,12,1,0,0.13064556,fast_test,weighted,0.47783273458480835
335-0,335,0,2,0,0.0050111236,fast_test,weighted,0.4574896991252899
335-1,335,1,2,0,0.008195507,fast_test,weighted,0.4574896991252899
335-2,335,2,2,0,0.011160152,fast_test,weighted,0.4574896991252899
335-3,335,3,2,0,0.014179209,fast_test,weighted,0.4574896991252899
335-4,335,4,2,0,0.0021479924,fast_test,weighted,0.4574896991252899
335-5,335,5,2,1,0.5840122,fast_test,weighted,0.4574896991252899
335-6,335,6,2,0,0.0030732916,fast_test,weighted,0.4574896991252899
335-7,335,7,2,1,0.51045805,fast_test,weighted,0.4574896991252899
335-8,335,8,2,0,0.021072704,fast_test,weighted,0.4574896991252899
335-9,335,9,2,0,0.017017959,fast_test,weighted,0.4574896991252899
335-10,335,10,2,0,0.0015468282,fast_test,weighted,0.4574896991252899
335-11,335,11,2,0,0.0012316668,fast_test,weighted,0.4574896991252899
335-12,335,12,2,0,0.0040461286,fast_test,weighted,0.4574896991252899
336-0,336,0,2,0,0.1537563,fast_test,weighted,0.4574896991252899
336-1,336,1,2,0,0.23136489,fast_test,weighted,0.4574896991252899
336-2,336,2,2,0,0.3236618,fast_test,weighted,0.4574896991252899
336-3,336,3,2,0,0.40428102,fast_test,weighted,0.4574896991252899
336-4,336,4,2,0,0.08928603,fast_test,weighted,0.4574896991252899
336-5,336,5,2,0,0.14160976,fast_test,weighted,0.4574896991252899
336-6,336,6,2,0,0.06841808,fast_test,weighted,0.4574896991252899
336-7,336,7,2,0,0.11453758,fast_test,weighted,0.4574896991252899
336-8,336,8,2,0,0.42745432,fast_test,weighted,0.4574896991252899
336-9,336,9,2,0,0.4358781,fast_test,weighted,0.4574896991252899
336-10,336,10,2,0,0.04657077,fast_test,weighted,0.4574896991252899
336-11,336,11,2,0,0.0458507,fast_test,weighted,0.4574896991252899
336-12,336,12,2,0,0.1503585,fast_test,weighted,0.4574896991252899
337-0,337,0,1,0,0.4588647,fast_test,weighted,0.47783273458480835
337-1,337,1,1,0,0.43943194,fast_test,weighted,0.47783273458480835
337-2,337,2,1,0,0.17914937,fast_test,weighted,0.47783273458480835
337-3,337,3,1,0,0.3011765,fast_test,weighted,0.47783273458480835
337-4,337,4,1,0,0.105810806,fast_test,weighted,0.47783273458480835
337-5,337,5,1,0,0.10441243,fast_test,weighted,0.47783273458480835
337-6,337,6,1,0,0.1653237,fast_test,weighted,0.47783273458480835
337-7,337,7,1,0,0.2750695,fast_test,weighted,0.47783273458480835
337-8,337,8,1,0,0.16097504,fast_test,weighted,0.47783273458480835
337-9,337,9,1,0,0.40429726,fast_test,weighted,0.47783273458480835
337-10,337,10,1,0,0.08269351,fast_test,weighted,0.47783273458480835
337-11,337,11,1,0,0.23121324,fast_test,weighted,0.47783273458480835
337-12,337,12,1,0,0.25337562,fast_test,weighted,0.47783273458480835
338-0,338,0,5,0,0.0011887448,fast_test,weighted,0.4379396438598633
338-1,338,1,5,0,0.0023351803,fast_test,weighted,0.4379396438598633
338-2,338,2,5,0,0.0011430036,fast_test,weighted,0.4379396438598633
338-3,338,3,5,0,0.0069229403,fast_test,weighted,0.4379396438598633
338-4,338,4,5,0,0.0008435654,fast_test,weighted,0.4379396438598633
338-5,338,5,5,0,0.0014932012,fast_test,weighted,0.4379396438598633
338-6,338,6,5,0,0.0038408341,fast_test,weighted,0.4379396438598633
338-7,338,7,5,0,0.0015371273,fast_test,weighted,0.4379396438598633
338-8,338,8,5,0,0.00095367304,fast_test,weighted,0.4379396438598633
338-9,338,9,5,0,0.0020874487,fast_test,weighted,0.4379396438598633
338-10,338,10,5,1,0.22364855,fast_test,weighted,0.4379396438598633
338-11,338,11,5,0,0.00088366534,fast_test,weighted,0.4379396438598633
338-12,338,12,5,0,0.0022028869,fast_test,weighted,0.4379396438598633
339-0,339,0,4,1,0.0022129556,fast_test,weighted,0.47652116417884827
339-1,339,1,4,1,0.0016811641,fast_test,weighted,0.47652116417884827
339-2,339,2,4,1,0.008080702,fast_test,weighted,0.47652116417884827
339-3,339,3,4,1,0.0041824724,fast_test,weighted,0.47652116417884827
339-4,339,4,4,1,0.0014018159,fast_test,weighted,0.47652116417884827
339-5,339,5,4,1,0.00076302176,fast_test,weighted,0.47652116417884827
339-6,339,6,4,1,0.0023278943,fast_test,weighted,0.47652116417884827
339-7,339,7,4,1,0.0019455678,fast_test,weighted,0.47652116417884827
339-8,339,8,4,1,0.005628359,fast_test,weighted,0.47652116417884827
339-9,339,9,4,1,0.005493102,fast_test,weighted,0.47652116417884827
339-10,339,10,4,1,0.0016889047,fast_test,weighted,0.47652116417884827
339-11,339,11,4,1,0.0019988995,fast_test,weighted,0.47652116417884827
339-12,339,12,4,1,0.0027222757,fast_test,weighted,0.47652116417884827
340-0,340,0,4,0,0.16477945,fast_test,weighted,0.47652116417884827
340-1,340,1,4,0,0.24178314,fast_test,weighted,0.47652116417884827
340-2,340,2,4,0,0.59386724,fast_test,weighted,0.47652116417884827
340-3,340,3,4,0,0.33496732,fast_test,weighted,0.47652116417884827
340-4,340,4,4,0,0.09960214,fast_test,weighted,0.47652116417884827
340-5,340,5,4,0,0.123944804,fast_test,weighted,0.47652116417884827
340-6,340,6,4,0,0.2132993,fast_test,weighted,0.47652116417884827
340-7,340,7,4,0,0.18482417,fast_test,weighted,0.47652116417884827
340-8,340,8,4,0,0.34464005,fast_test,weighted,0.47652116417884827
340-9,340,9,4,0,0.4779851,fast_test,weighted,0.47652116417884827
340-10,340,10,4,0,0.06599553,fast_test,weighted,0.47652116417884827
340-11,340,11,4,0,0.23185581,fast_test,weighted,0.47652116417884827
340-12,340,12,4,1,0.26518634,fast_test,weighted,0.47652116417884827
341-0,341,0,5,1,0.87107474,fast_test,weighted,0.4379396438598633
341-1,341,1,5,1,0.9455947,fast_test,weighted,0.4379396438598633
341-2,341,2,5,1,0.81439435,fast_test,weighted,0.4379396438598633
341-3,341,3,5,0,0.020591117,fast_test,weighted,0.4379396438598633
341-4,341,4,5,1,0.84002274,fast_test,weighted,0.4379396438598633
341-5,341,5,5,1,0.19017024,fast_test,weighted,0.4379396438598633
341-6,341,6,5,1,0.9547716,fast_test,weighted,0.4379396438598633
341-7,341,7,5,1,0.91684204,fast_test,weighted,0.4379396438598633
341-8,341,8,5,1,0.8530791,fast_test,weighted,0.4379396438598633
341-9,341,9,5,1,0.93067443,fast_test,weighted,0.4379396438598633
341-10,341,10,5,0,0.0031571428,fast_test,weighted,0.4379396438598633
341-11,341,11,5,1,0.7657141,fast_test,weighted,0.4379396438598633
341-12,341,12,5,1,0.91982913,fast_test,weighted,0.4379396438598633
342-0,342,0,5,0,0.0020558683,fast_test,weighted,0.4379396438598633
342-1,342,1,5,0,0.0041306578,fast_test,weighted,0.4379396438598633
342-2,342,2,5,0,0.0015952901,fast_test,weighted,0.4379396438598633
342-3,342,3,5,0,0.009534975,fast_test,weighted,0.4379396438598633
342-4,342,4,5,0,0.0021148832,fast_test,weighted,0.4379396438598633
342-5,342,5,5,0,0.0026073174,fast_test,weighted,0.4379396438598633
342-6,342,6,5,0,0.0069218096,fast_test,weighted,0.4379396438598633
342-7,342,7,5,0,0.0029928132,fast_test,weighted,0.4379396438598633
342-8,342,8,5,0,0.0018577221,fast_test,weighted,0.4379396438598633
342-9,342,9,5,0,0.004276188,fast_test,weighted,0.4379396438598633
342-10,342,10,5,0,0.0019841506,fast_test,weighted,0.4379396438598633
342-11,342,11,5,1,0.81261814,fast_test,weighted,0.4379396438598633
342-12,342,12,5,1,0.9247702,fast_test,weighted,0.4379396438598633
343-0,343,0,2,0,0.20793205,fast_test,weighted,0.4574896991252899
343-1,343,1,2,0,0.29578185,fast_test,weighted,0.4574896991252899
343-2,343,2,2,0,0.41106063,fast_test,weighted,0.4574896991252899
343-3,343,3,2,0,0.49743828,fast_test,weighted,0.4574896991252899
343-4,343,4,2,0,0.10189681,fast_test,weighted,0.4574896991252899
343-5,343,5,2,0,0.19617109,fast_test,weighted,0.4574896991252899
343-6,343,6,2,0,0.08735852,fast_test,weighted,0.4574896991252899
343-7,343,7,2,0,0.15446143,fast_test,weighted,0.4574896991252899
343-8,343,8,2,0,0.5085325,fast_test,weighted,0.4574896991252899
343-9,343,9,2,0,0.43447226,fast_test,weighted,0.4574896991252899
343-10,343,10,2,0,0.057140384,fast_test,weighted,0.4574896991252899
343-11,343,11,2,1,0.045833103,fast_test,weighted,0.4574896991252899
343-12,343,12,2,0,0.20137475,fast_test,weighted,0.4574896991252899
344-0,344,0,2,0,0.20793205,fast_test,weighted,0.4574896991252899
344-1,344,1,2,0,0.29578185,fast_test,weighted,0.4574896991252899
344-2,344,2,2,0,0.41106063,fast_test,weighted,0.4574896991252899
344-3,344,3,2,0,0.48423085,fast_test,weighted,0.4574896991252899
344-4,344,4,2,0,0.10189681,fast_test,weighted,0.4574896991252899
344-5,344,5,2,0,0.19617109,fast_test,weighted,0.4574896991252899
344-6,344,6,2,0,0.08735852,fast_test,weighted,0.4574896991252899
344-7,344,7,2,0,0.15446143,fast_test,weighted,0.4574896991252899
344-8,344,8,2,0,0.5115121,fast_test,weighted,0.4574896991252899
344-9,344,9,2,0,0.43447226,fast_test,weighted,0.4574896991252899
344-10,344,10,2,0,0.057140384,fast_test,weighted,0.4574896991252899
344-11,344,11,2,0,0.0461875,fast_test,weighted,0.4574896991252899
344-12,344,12,2,0,0.20137475,fast_test,weighted,0.4574896991252899
345-0,345,0,2,0,0.2100491,fast_test,weighted,0.4574896991252899
345-1,345,1,2,0,0.3004476,fast_test,weighted,0.4574896991252899
345-2,345,2,2,0,0.40663853,fast_test,weighted,0.4574896991252899
345-3,345,3,2,0,0.50039876,fast_test,weighted,0.4574896991252899
345-4,345,4,2,0,0.109010816,fast_test,weighted,0.4574896991252899
345-5,345,5,2,0,0.19316182,fast_test,weighted,0.4574896991252899
345-6,345,6,2,0,0.09240999,fast_test,weighted,0.4574896991252899
345-7,345,7,2,0,0.16116036,fast_test,weighted,0.4574896991252899
345-8,345,8,2,0,0.5240978,fast_test,weighted,0.4574896991252899
345-9,345,9,2,0,0.45609576,fast_test,weighted,0.4574896991252899
345-10,345,10,2,0,0.057235207,fast_test,weighted,0.4574896991252899
345-11,345,11,2,0,0.051082898,fast_test,weighted,0.4574896991252899
345-12,345,12,2,0,0.20842083,fast_test,weighted,0.4574896991252899
346-0,346,0,5,0,0.0009846325,fast_test,weighted,0.4379396438598633
346-1,346,1,5,0,0.002844266,fast_test,weighted,0.4379396438598633
346-2,346,2,5,0,0.0014913596,fast_test,weighted,0.4379396438598633
346-3,346,3,5,0,0.008839706,fast_test,weighted,0.4379396438598633
346-4,346,4,5,0,0.00095102255,fast_test,weighted,0.4379396438598633
346-5,346,5,5,0,0.001820008,fast_test,weighted,0.4379396438598633
346-6,346,6,5,0,0.004498397,fast_test,weighted,0.4379396438598633
346-7,346,7,5,0,0.0018106728,fast_test,weighted,0.4379396438598633
346-8,346,8,5,0,0.0011694763,fast_test,weighted,0.4379396438598633
346-9,346,9,5,0,0.0020120917,fast_test,weighted,0.4379396438598633
346-10,346,10,5,1,0.21041365,fast_test,weighted,0.4379396438598633
346-11,346,11,5,0,0.0010061375,fast_test,weighted,0.4379396438598633
346-12,346,12,5,0,0.002750273,fast_test,weighted,0.4379396438598633
347-0,347,0,3,1,0.73851687,fast_test,weighted,0.4019046127796173
347-1,347,1,3,0,0.014585656,fast_test,weighted,0.4019046127796173
347-2,347,2,3,0,0.005369743,fast_test,weighted,0.4019046127796173
347-3,347,3,3,0,0.057403207,fast_test,weighted,0.4019046127796173
347-4,347,4,3,0,0.004771324,fast_test,weighted,0.4019046127796173
347-5,347,5,3,0,0.031617418,fast_test,weighted,0.4019046127796173
347-6,347,6,3,0,0.004777954,fast_test,weighted,0.4019046127796173
347-7,347,7,3,0,0.017545037,fast_test,weighted,0.4019046127796173
347-8,347,8,3,0,0.0035191653,fast_test,weighted,0.4019046127796173
347-9,347,9,3,0,0.029514655,fast_test,weighted,0.4019046127796173
347-10,347,10,3,1,0.14916869,fast_test,weighted,0.4019046127796173
347-11,347,11,3,1,0.30399027,fast_test,weighted,0.4019046127796173
347-12,347,12,3,0,0.019977845,fast_test,weighted,0.4019046127796173
348-0,348,0,1,0,0.5256231,fast_test,weighted,0.47783273458480835
348-1,348,1,1,0,0.4623418,fast_test,weighted,0.47783273458480835
348-2,348,2,1,0,0.21479471,fast_test,weighted,0.47783273458480835
348-3,348,3,1,0,0.35765854,fast_test,weighted,0.47783273458480835
348-4,348,4,1,0,0.13044047,fast_test,weighted,0.47783273458480835
348-5,348,5,1,0,0.14964907,fast_test,weighted,0.47783273458480835
348-6,348,6,1,0,0.17837873,fast_test,weighted,0.47783273458480835
348-7,348,7,1,0,0.33571362,fast_test,weighted,0.47783273458480835
348-8,348,8,1,0,0.20352706,fast_test,weighted,0.47783273458480835
348-9,348,9,1,0,0.46519932,fast_test,weighted,0.47783273458480835
348-10,348,10,1,0,0.10719653,fast_test,weighted,0.47783273458480835
348-11,348,11,1,0,0.27985558,fast_test,weighted,0.47783273458480835
348-12,348,12,1,0,0.3112907,fast_test,weighted,0.47783273458480835
349-0,349,0,2,0,0.017558489,fast_test,weighted,0.4574896991252899
349-1,349,1,2,0,0.028483855,fast_test,weighted,0.4574896991252899
349-2,349,2,2,1,0.76678133,fast_test,weighted,0.4574896991252899
349-3,349,3,2,0,0.05377045,fast_test,weighted,0.4574896991252899
349-4,349,4,2,0,0.008392135,fast_test,weighted,0.4574896991252899
349-5,349,5,2,0,0.014753455,fast_test,weighted,0.4574896991252899
349-6,349,6,2,0,0.0064554596,fast_test,weighted,0.4574896991252899
349-7,349,7,2,0,0.010254722,fast_test,weighted,0.4574896991252899
349-8,349,8,2,0,0.056230992,fast_test,weighted,0.4574896991252899
349-9,349,9,2,0,0.040497877,fast_test,weighted,0.4574896991252899
349-10,349,10,2,0,0.0044105365,fast_test,weighted,0.4574896991252899
349-11,349,11,2,0,0.0031571968,fast_test,weighted,0.4574896991252899
349-12,349,12,2,0,0.010068387,fast_test,weighted,0.4574896991252899
350-0,350,0,3,0,0.22641245,fast_test,weighted,0.4019046127796173
350-1,350,1,3,0,0.14698572,fast_test,weighted,0.4019046127796173
350-2,350,2,3,0,0.044739507,fast_test,weighted,0.4019046127796173
350-3,350,3,3,0,0.42352974,fast_test,weighted,0.4019046127796173
350-4,350,4,3,0,0.051611144,fast_test,weighted,0.4019046127796173
350-5,350,5,3,0,0.26785997,fast_test,weighted,0.4019046127796173
350-6,350,6,3,0,0.042948063,fast_test,weighted,0.4019046127796173
350-7,350,7,3,0,0.18160212,fast_test,weighted,0.4019046127796173
350-8,350,8,3,0,0.051139347,fast_test,weighted,0.4019046127796173
350-9,350,9,3,0,0.20419869,fast_test,weighted,0.4019046127796173
350-10,350,10,3,0,0.042086747,fast_test,weighted,0.4019046127796173
350-11,350,11,3,0,0.05214247,fast_test,weighted,0.4019046127796173
350-12,350,12,3,0,0.19183396,fast_test,weighted,0.4019046127796173
351-0,351,0,4,1,0.20739494,fast_test,weighted,0.47652116417884827
351-1,351,1,4,0,0.3085592,fast_test,weighted,0.47652116417884827
351-2,351,2,4,1,0.64995897,fast_test,weighted,0.47652116417884827
351-3,351,3,4,0,0.41962594,fast_test,weighted,0.47652116417884827
351-4,351,4,4,1,0.12030479,fast_test,weighted,0.47652116417884827
351-5,351,5,4,1,0.14904156,fast_test,weighted,0.47652116417884827
351-6,351,6,4,1,0.24693878,fast_test,weighted,0.47652116417884827
351-7,351,7,4,1,0.22562343,fast_test,weighted,0.47652116417884827
351-8,351,8,4,1,0.39657372,fast_test,weighted,0.47652116417884827
351-9,351,9,4,1,0.5366691,fast_test,weighted,0.47652116417884827
351-10,351,10,4,0,0.08342289,fast_test,weighted,0.47652116417884827
351-11,351,11,4,0,0.21937774,fast_test,weighted,0.47652116417884827
351-12,351,12,4,1,0.31817678,fast_test,weighted,0.47652116417884827
352-0,352,0,3,0,0.16038398,fast_test,weighted,0.4019046127796173
352-1,352,1,3,0,0.08590391,fast_test,weighted,0.4019046127796173
352-2,352,2,3,0,0.022194223,fast_test,weighted,0.4019046127796173
352-3,352,3,3,0,0.31716925,fast_test,weighted,0.4019046127796173
352-4,352,4,3,0,0.021465102,fast_test,weighted,0.4019046127796173
352-5,352,5,3,0,0.18282396,fast_test,weighted,0.4019046127796173
352-6,352,6,3,0,0.02162387,fast_test,weighted,0.4019046127796173
352-7,352,7,3,0,0.121822365,fast_test,weighted,0.4019046127796173
352-8,352,8,3,0,0.032006823,fast_test,weighted,0.4019046127796173
352-9,352,9,3,0,0.16804795,fast_test,weighted,0.4019046127796173
352-10,352,10,3,0,0.028752882,fast_test,weighted,0.4019046127796173
352-11,352,11,3,0,0.03367579,fast_test,weighted,0.4019046127796173
352-12,352,12,3,0,0.12941407,fast_test,weighted,0.4019046127796173
353-0,353,0,2,0,0.1251223,fast_test,weighted,0.4574896991252899
353-1,353,1,2,0,0.1863812,fast_test,weighted,0.4574896991252899
353-2,353,2,2,0,0.27527562,fast_test,weighted,0.4574896991252899
353-3,353,3,2,0,0.35570273,fast_test,weighted,0.4574896991252899
353-4,353,4,2,0,0.047194865,fast_test,weighted,0.4574896991252899
353-5,353,5,2,0,0.1132338,fast_test,weighted,0.4574896991252899
353-6,353,6,2,0,0.04951204,fast_test,weighted,0.4574896991252899
353-7,353,7,2,0,0.092584394,fast_test,weighted,0.4574896991252899
353-8,353,8,2,1,0.6896132,fast_test,weighted,0.4574896991252899
353-9,353,9,2,0,0.3310298,fast_test,weighted,0.4574896991252899
353-10,353,10,2,0,0.034109466,fast_test,weighted,0.4574896991252899
353-11,353,11,2,0,0.03440175,fast_test,weighted,0.4574896991252899
353-12,353,12,2,0,0.081486985,fast_test,weighted,0.4574896991252899
354-0,354,0,3,0,0.17266439,fast_test,weighted,0.4019046127796173
354-1,354,1,3,0,0.098656796,fast_test,weighted,0.4019046127796173
354-2,354,2,3,0,0.03209699,fast_test,weighted,0.4019046127796173
354-3,354,3,3,0,0.33718747,fast_test,weighted,0.4019046127796173
354-4,354,4,3,0,0.030533597,fast_test,weighted,0.4019046127796173
354-5,354,5,3,0,0.20380849,fast_test,weighted,0.4019046127796173
354-6,354,6,3,0,0.027858503,fast_test,weighted,0.4019046127796173
354-7,354,7,3,0,0.13439073,fast_test,weighted,0.4019046127796173
354-8,354,8,3,0,0.036941048,fast_test,weighted,0.4019046127796173
354-9,354,9,3,0,0.15543921,fast_test,weighted,0.4019046127796173
354-10,354,10,3,0,0.03670718,fast_test,weighted,0.4019046127796173
354-11,354,11,3,0,0.03050865,fast_test,weighted,0.4019046127796173
354-12,354,12,3,0,0.1455442,fast_test,weighted,0.4019046127796173
355-0,355,0,2,0,0.006990728,fast_test,weighted,0.4574896991252899
355-1,355,1,2,0,0.009460817,fast_test,weighted,0.4574896991252899
355-2,355,2,2,0,0.009786274,fast_test,weighted,0.4574896991252899
355-3,355,3,2,0,0.02314346,fast_test,weighted,0.4574896991252899
355-4,355,4,2,0,0.0035304069,fast_test,weighted,0.4574896991252899
355-5,355,5,2,0,0.005059545,fast_test,weighted,0.4574896991252899
355-6,355,6,2,0,0.0035506107,fast_test,weighted,0.4574896991252899
355-7,355,7,2,1,0.5449136,fast_test,weighted,0.4574896991252899
355-8,355,8,2,0,0.024277486,fast_test,weighted,0.4574896991252899
355-9,355,9,2,0,0.010371754,fast_test,weighted,0.4574896991252899
355-10,355,10,2,0,0.0022265362,fast_test,weighted,0.4574896991252899
355-11,355,11,2,0,0.0013799709,fast_test,weighted,0.4574896991252899
355-12,355,12,2,0,0.004673832,fast_test,weighted,0.4574896991252899
356-0,356,0,5,0,0.0023457855,fast_test,weighted,0.4379396438598633
356-1,356,1,5,0,0.0048008002,fast_test,weighted,0.4379396438598633
356-2,356,2,5,1,0.7667988,fast_test,weighted,0.4379396438598633
356-3,356,3,5,0,0.010445101,fast_test,weighted,0.4379396438598633
356-4,356,4,5,0,0.0017259406,fast_test,weighted,0.4379396438598633
356-5,356,5,5,1,0.1884755,fast_test,weighted,0.4379396438598633
356-6,356,6,5,0,0.0065709692,fast_test,weighted,0.4379396438598633
356-7,356,7,5,0,0.0034719408,fast_test,weighted,0.4379396438598633
356-8,356,8,5,0,0.0021555228,fast_test,weighted,0.4379396438598633
356-9,356,9,5,0,0.004070766,fast_test,weighted,0.4379396438598633
356-10,356,10,5,0,0.0024738985,fast_test,weighted,0.4379396438598633
356-11,356,11,5,0,0.0012821277,fast_test,weighted,0.4379396438598633
356-12,356,12,5,0,0.004402978,fast_test,weighted,0.4379396438598633
357-0,357,0,5,0,0.0020558683,fast_test,weighted,0.4379396438598633
357-1,357,1,5,0,0.0024088603,fast_test,weighted,0.4379396438598633
357-2,357,2,5,0,0.0015952901,fast_test,weighted,0.4379396438598633
357-3,357,3,5,0,0.009535402,fast_test,weighted,0.4379396438598633
357-4,357,4,5,0,0.0014024997,fast_test,weighted,0.4379396438598633
357-5,357,5,5,0,0.0025695427,fast_test,weighted,0.4379396438598633
357-6,357,6,5,0,0.0070689237,fast_test,weighted,0.4379396438598633
357-7,357,7,5,0,0.0029928132,fast_test,weighted,0.4379396438598633
357-8,357,8,5,0,0.0018577221,fast_test,weighted,0.4379396438598633
357-9,357,9,5,0,0.0024577454,fast_test,weighted,0.4379396438598633
357-10,357,10,5,0,0.002065641,fast_test,weighted,0.4379396438598633
357-11,357,11,5,0,0.0010331465,fast_test,weighted,0.4379396438598633
357-12,357,12,5,0,0.003626922,fast_test,weighted,0.4379396438598633
358-0,358,0,3,1,0.65729195,fast_test,weighted,0.4019046127796173
358-1,358,1,3,0,0.10377363,fast_test,weighted,0.4019046127796173
358-2,358,2,3,0,0.038316324,fast_test,weighted,0.4019046127796173
358-3,358,3,3,0,0.35927537,fast_test,weighted,0.4019046127796173
358-4,358,4,3,0,0.031608,fast_test,weighted,0.4019046127796173
358-5,358,5,3,0,0.21608898,fast_test,weighted,0.4019046127796173
358-6,358,6,3,0,0.035245698,fast_test,weighted,0.4019046127796173
358-7,358,7,3,0,0.14904977,fast_test,weighted,0.4019046127796173
358-8,358,8,3,0,0.035802934,fast_test,weighted,0.4019046127796173
358-9,358,9,3,0,0.13994229,fast_test,weighted,0.4019046127796173
358-10,358,10,3,0,0.03495773,fast_test,weighted,0.4019046127796173
358-11,358,11,3,0,0.042147864,fast_test,weighted,0.4019046127796173
358-12,358,12,3,0,0.15803286,fast_test,weighted,0.4019046127796173
359-0,359,0,5,0,0.0070076096,fast_test,weighted,0.4379396438598633
359-1,359,1,5,0,0.0135399345,fast_test,weighted,0.4379396438598633
359-2,359,2,5,0,0.0049599833,fast_test,weighted,0.4379396438598633
359-3,359,3,5,1,0.94900864,fast_test,weighted,0.4379396438598633
359-4,359,4,5,0,0.005162294,fast_test,weighted,0.4379396438598633
359-5,359,5,5,0,0.008975049,fast_test,weighted,0.4379396438598633
359-6,359,6,5,0,0.021357244,fast_test,weighted,0.4379396438598633
359-7,359,7,5,0,0.009485982,fast_test,weighted,0.4379396438598633
359-8,359,8,5,0,0.010965574,fast_test,weighted,0.4379396438598633
359-9,359,9,5,0,0.011064273,fast_test,weighted,0.4379396438598633
359-10,359,10,5,0,0.006944427,fast_test,weighted,0.4379396438598633
359-11,359,11,5,0,0.0036929213,fast_test,weighted,0.4379396438598633
359-12,359,12,5,0,0.01246804,fast_test,weighted,0.4379396438598633
360-0,360,0,5,0,0.768679,fast_test,weighted,0.4379396438598633
360-1,360,1,5,0,0.9438056,fast_test,weighted,0.4379396438598633
360-2,360,2,5,0,0.81752235,fast_test,weighted,0.4379396438598633
360-3,360,3,5,0,0.961826,fast_test,weighted,0.4379396438598633
360-4,360,4,5,0,0.84083486,fast_test,weighted,0.4379396438598633
360-5,360,5,5,0,0.1884755,fast_test,weighted,0.4379396438598633
360-6,360,6,5,0,0.95566267,fast_test,weighted,0.4379396438598633
360-7,360,7,5,0,0.9250754,fast_test,weighted,0.4379396438598633
360-8,360,8,5,0,0.8667077,fast_test,weighted,0.4379396438598633
360-9,360,9,5,0,0.92645305,fast_test,weighted,0.4379396438598633
360-10,360,10,5,0,0.15439194,fast_test,weighted,0.4379396438598633
360-11,360,11,5,0,0.7667988,fast_test,weighted,0.4379396438598633
360-12,360,12,5,0,0.9229383,fast_test,weighted,0.4379396438598633
361-0,361,0,5,0,0.037155204,fast_test,weighted,0.4379396438598633
361-1,361,1,5,0,0.06899102,fast_test,weighted,0.4379396438598633
361-2,361,2,5,0,0.022974523,fast_test,weighted,0.4379396438598633
361-3,361,3,5,0,0.110716835,fast_test,weighted,0.4379396438598633
361-4,361,4,5,0,0.01684181,fast_test,weighted,0.4379396438598633
361-5,361,5,5,0,0.019846253,fast_test,weighted,0.4379396438598633
361-6,361,6,5,0,0.09717054,fast_test,weighted,0.4379396438598633
361-7,361,7,5,0,0.044747118,fast_test,weighted,0.4379396438598633
361-8,361,8,5,0,0.029065032,fast_test,weighted,0.4379396438598633
361-9,361,9,5,0,0.04019539,fast_test,weighted,0.4379396438598633
361-10,361,10,5,0,0.014700215,fast_test,weighted,0.4379396438598633
361-11,361,11,5,0,0.011704571,fast_test,weighted,0.4379396438598633
361-12,361,12,5,0,0.05004665,fast_test,weighted,0.4379396438598633
362-0,362,0,2,1,0.64614767,fast_test,weighted,0.4574896991252899
362-1,362,1,2,1,0.82004136,fast_test,weighted,0.4574896991252899
362-2,362,2,2,1,0.90172374,fast_test,weighted,0.4574896991252899
362-3,362,3,2,1,0.93251485,fast_test,weighted,0.4574896991252899
362-4,362,4,2,0,0.0029998275,fast_test,weighted,0.4574896991252899
362-5,362,5,2,0,0.0035872532,fast_test,weighted,0.4574896991252899
362-6,362,6,2,0,0.0037783952,fast_test,weighted,0.4574896991252899
362-7,362,7,2,1,0.7039525,fast_test,weighted,0.4574896991252899
362-8,362,8,2,1,0.93138415,fast_test,weighted,0.4574896991252899
362-9,362,9,2,1,0.90829426,fast_test,weighted,0.4574896991252899
362-10,362,10,2,1,0.4011969,fast_test,weighted,0.4574896991252899
362-11,362,11,2,1,0.24235773,fast_test,weighted,0.4574896991252899
362-12,362,12,2,1,0.69876003,fast_test,weighted,0.4574896991252899
363-0,363,0,1,1,0.7499625,fast_test,weighted,0.47783273458480835
363-1,363,1,1,1,0.75539625,fast_test,weighted,0.47783273458480835
363-2,363,2,1,1,0.4946812,fast_test,weighted,0.47783273458480835
363-3,363,3,1,1,0.53406125,fast_test,weighted,0.47783273458480835
363-4,363,4,1,1,0.23958734,fast_test,weighted,0.47783273458480835
363-5,363,5,1,1,0.3458533,fast_test,weighted,0.47783273458480835
363-6,363,6,1,0,0.09505943,fast_test,weighted,0.47783273458480835
363-7,363,7,1,1,0.5943251,fast_test,weighted,0.47783273458480835
363-8,363,8,1,1,0.26849625,fast_test,weighted,0.47783273458480835
363-9,363,9,1,1,0.7595221,fast_test,weighted,0.47783273458480835
363-10,363,10,1,1,0.11662372,fast_test,weighted,0.47783273458480835
363-11,363,11,1,1,0.46497136,fast_test,weighted,0.47783273458480835
363-12,363,12,1,1,0.43807986,fast_test,weighted,0.47783273458480835
364-0,364,0,5,0,0.91510177,fast_test,weighted,0.4379396438598633
364-1,364,1,5,0,0.96277094,fast_test,weighted,0.4379396438598633
364-2,364,2,5,0,0.8749997,fast_test,weighted,0.4379396438598633
364-3,364,3,5,0,0.97522753,fast_test,weighted,0.4379396438598633
364-4,364,4,5,0,0.8400214,fast_test,weighted,0.4379396438598633
364-5,364,5,5,0,0.27253163,fast_test,weighted,0.4379396438598633
364-6,364,6,5,0,0.97116303,fast_test,weighted,0.4379396438598633
364-7,364,7,5,1,0.0032183914,fast_test,weighted,0.4379396438598633
364-8,364,8,5,0,0.9056628,fast_test,weighted,0.4379396438598633
364-9,364,9,5,0,0.9639975,fast_test,weighted,0.4379396438598633
364-10,364,10,5,1,0.0011673322,fast_test,weighted,0.4379396438598633
364-11,364,11,5,1,0.0010103085,fast_test,weighted,0.4379396438598633
364-12,364,12,5,0,0.9481971,fast_test,weighted,0.4379396438598633
365-0,365,0,2,0,0.12106347,fast_test,weighted,0.4574896991252899
365-1,365,1,2,0,0.17717849,fast_test,weighted,0.4574896991252899
365-2,365,2,2,1,0.30722952,fast_test,weighted,0.4574896991252899
365-3,365,3,2,0,0.32741895,fast_test,weighted,0.4574896991252899
365-4,365,4,2,0,0.055757742,fast_test,weighted,0.4574896991252899
365-5,365,5,2,0,0.1148487,fast_test,weighted,0.4574896991252899
365-6,365,6,2,0,0.05099636,fast_test,weighted,0.4574896991252899
365-7,365,7,2,1,0.09904734,fast_test,weighted,0.4574896991252899
365-8,365,8,2,0,0.35488495,fast_test,weighted,0.4574896991252899
365-9,365,9,2,0,0.3226483,fast_test,weighted,0.4574896991252899
365-10,365,10,2,0,0.030466396,fast_test,weighted,0.4574896991252899
365-11,365,11,2,0,0.029516352,fast_test,weighted,0.4574896991252899
365-12,365,12,2,0,0.11939869,fast_test,weighted,0.4574896991252899
366-0,366,0,3,1,0.16038398,fast_test,weighted,0.4019046127796173
366-1,366,1,3,0,0.17233631,fast_test,weighted,0.4019046127796173
366-2,366,2,3,0,0.04938854,fast_test,weighted,0.4019046127796173
366-3,366,3,3,1,0.29603067,fast_test,weighted,0.4019046127796173
366-4,366,4,3,0,0.054555237,fast_test,weighted,0.4019046127796173
366-5,366,5,3,0,0.38289368,fast_test,weighted,0.4019046127796173
366-6,366,6,3,0,0.059115056,fast_test,weighted,0.4019046127796173
366-7,366,7,3,0,0.28080758,fast_test,weighted,0.4019046127796173
366-8,366,8,3,0,0.07628265,fast_test,weighted,0.4019046127796173
366-9,366,9,3,0,0.33607388,fast_test,weighted,0.4019046127796173
366-10,366,10,3,0,0.031863526,fast_test,weighted,0.4019046127796173
366-11,366,11,3,0,0.06287504,fast_test,weighted,0.4019046127796173
366-12,366,12,3,0,0.18151158,fast_test,weighted,0.4019046127796173
367-0,367,0,3,1,0.5387501,fast_test,weighted,0.4019046127796173
367-1,367,1,3,0,0.12505384,fast_test,weighted,0.4019046127796173
367-2,367,2,3,0,0.03782613,fast_test,weighted,0.4019046127796173
367-3,367,3,3,0,0.36077395,fast_test,weighted,0.4019046127796173
367-4,367,4,3,0,0.04318965,fast_test,weighted,0.4019046127796173
367-5,367,5,3,1,0.64998204,fast_test,weighted,0.4019046127796173
367-6,367,6,3,1,0.14332347,fast_test,weighted,0.4019046127796173
367-7,367,7,3,0,0.15681668,fast_test,weighted,0.4019046127796173
367-8,367,8,3,1,0.19813594,fast_test,weighted,0.4019046127796173
367-9,367,9,3,1,0.6074469,fast_test,weighted,0.4019046127796173
367-10,367,10,3,0,0.04322247,fast_test,weighted,0.4019046127796173
367-11,367,11,3,0,0.03367192,fast_test,weighted,0.4019046127796173
367-12,367,12,3,0,0.17730775,fast_test,weighted,0.4019046127796173
368-0,368,0,2,1,0.12513243,fast_test,weighted,0.4574896991252899
368-1,368,1,2,1,0.18978637,fast_test,weighted,0.4574896991252899
368-2,368,2,2,1,0.2799276,fast_test,weighted,0.4574896991252899
368-3,368,3,2,1,0.35012838,fast_test,weighted,0.4574896991252899
368-4,368,4,2,1,0.04777408,fast_test,weighted,0.4574896991252899
368-5,368,5,2,1,0.11549227,fast_test,weighted,0.4574896991252899
368-6,368,6,2,1,0.03553638,fast_test,weighted,0.4574896991252899
368-7,368,7,2,1,0.09690725,fast_test,weighted,0.4574896991252899
368-8,368,8,2,1,0.38264805,fast_test,weighted,0.4574896991252899
368-9,368,9,2,1,0.25830278,fast_test,weighted,0.4574896991252899
368-10,368,10,2,1,0.031981796,fast_test,weighted,0.4574896991252899
368-11,368,11,2,1,0.021395165,fast_test,weighted,0.4574896991252899
368-12,368,12,2,1,0.08478353,fast_test,weighted,0.4574896991252899
369-0,369,0,5,0,0.05525833,fast_test,weighted,0.4379396438598633
369-1,369,1,5,0,0.11012308,fast_test,weighted,0.4379396438598633
369-2,369,2,5,0,0.03328945,fast_test,weighted,0.4379396438598633
369-3,369,3,5,0,0.15875182,fast_test,weighted,0.4379396438598633
369-4,369,4,5,0,0.054111008,fast_test,weighted,0.4379396438598633
369-5,369,5,5,0,0.032729212,fast_test,weighted,0.4379396438598633
369-6,369,6,5,0,0.15153576,fast_test,weighted,0.4379396438598633
369-7,369,7,5,0,0.07212545,fast_test,weighted,0.4379396438598633
369-8,369,8,5,0,0.04732363,fast_test,weighted,0.4379396438598633
369-9,369,9,5,0,0.11023423,fast_test,weighted,0.4379396438598633
369-10,369,10,5,0,0.023467684,fast_test,weighted,0.4379396438598633
369-11,369,11,5,0,0.018968841,fast_test,weighted,0.4379396438598633
369-12,369,12,5,0,0.08593059,fast_test,weighted,0.4379396438598633
370-0,370,0,2,0,0.24343081,fast_test,weighted,0.4574896991252899
370-1,370,1,2,0,0.37649783,fast_test,weighted,0.4574896991252899
370-2,370,2,2,0,0.575776,fast_test,weighted,0.4574896991252899
370-3,370,3,2,1,0.40428102,fast_test,weighted,0.4574896991252899
370-4,370,4,2,0,0.12050465,fast_test,weighted,0.4574896991252899
370-5,370,5,2,0,0.33327886,fast_test,weighted,0.4574896991252899
370-6,370,6,2,0,0.050420396,fast_test,weighted,0.4574896991252899
370-7,370,7,2,0,0.26622778,fast_test,weighted,0.4574896991252899
370-8,370,8,2,0,0.68305004,fast_test,weighted,0.4574896991252899
370-9,370,9,2,0,0.5556743,fast_test,weighted,0.4574896991252899
370-10,370,10,2,0,0.10118139,fast_test,weighted,0.4574896991252899
370-11,370,11,2,0,0.06287332,fast_test,weighted,0.4574896991252899
370-12,370,12,2,0,0.23511769,fast_test,weighted,0.4574896991252899
371-0,371,0,2,0,0.04052862,fast_test,weighted,0.4574896991252899
371-1,371,1,2,0,0.07176468,fast_test,weighted,0.4574896991252899
371-2,371,2,2,0,0.16944107,fast_test,weighted,0.4574896991252899
371-3,371,3,2,0,0.20889242,fast_test,weighted,0.4574896991252899
371-4,371,4,2,0,0.038204808,fast_test,weighted,0.4574896991252899
371-5,371,5,2,1,0.56972134,fast_test,weighted,0.4574896991252899
371-6,371,6,2,0,0.028409448,fast_test,weighted,0.4574896991252899
371-7,371,7,2,0,0.051306967,fast_test,weighted,0.4574896991252899
371-8,371,8,2,0,0.23927906,fast_test,weighted,0.4574896991252899
371-9,371,9,2,0,0.21196157,fast_test,weighted,0.4574896991252899
371-10,371,10,2,0,0.020398369,fast_test,weighted,0.4574896991252899
371-11,371,11,2,0,0.013203082,fast_test,weighted,0.4574896991252899
371-12,371,12,2,0,0.045818124,fast_test,weighted,0.4574896991252899
372-0,372,0,5,0,0.072609246,fast_test,weighted,0.4379396438598633
372-1,372,1,5,0,0.25612736,fast_test,weighted,0.4379396438598633
372-2,372,2,5,0,0.06418669,fast_test,weighted,0.4379396438598633
372-3,372,3,5,0,0.17408441,fast_test,weighted,0.4379396438598633
372-4,372,4,5,0,0.080719225,fast_test,weighted,0.4379396438598633
372-5,372,5,5,0,0.04080154,fast_test,weighted,0.4379396438598633
372-6,372,6,5,0,0.31394878,fast_test,weighted,0.4379396438598633
372-7,372,7,5,0,0.17607668,fast_test,weighted,0.4379396438598633
372-8,372,8,5,0,0.12413374,fast_test,weighted,0.4379396438598633
372-9,372,9,5,0,0.27151403,fast_test,weighted,0.4379396438598633
372-10,372,10,5,0,0.03406368,fast_test,weighted,0.4379396438598633
372-11,372,11,5,0,0.06418669,fast_test,weighted,0.4379396438598633
372-12,372,12,5,0,0.1779703,fast_test,weighted,0.4379396438598633
373-0,373,0,3,0,0.026736686,fast_test,weighted,0.4019046127796173
373-1,373,1,3,0,0.010810288,fast_test,weighted,0.4019046127796173
373-2,373,2,3,1,0.505653,fast_test,weighted,0.4019046127796173
373-3,373,3,3,0,0.05804692,fast_test,weighted,0.4019046127796173
373-4,373,4,3,0,0.004078804,fast_test,weighted,0.4019046127796173
373-5,373,5,3,0,0.025175728,fast_test,weighted,0.4019046127796173
373-6,373,6,3,0,0.004683407,fast_test,weighted,0.4019046127796173
373-7,373,7,3,0,0.017750204,fast_test,weighted,0.4019046127796173
373-8,373,8,3,0,0.0035866224,fast_test,weighted,0.4019046127796173
373-9,373,9,3,0,0.029855533,fast_test,weighted,0.4019046127796173
373-10,373,10,3,1,0.27110553,fast_test,weighted,0.4019046127796173
373-11,373,11,3,0,0.003751974,fast_test,weighted,0.4019046127796173
373-12,373,12,3,0,0.020210873,fast_test,weighted,0.4019046127796173
374-0,374,0,1,0,0.39115426,fast_test,weighted,0.47783273458480835
374-1,374,1,1,0,0.38747588,fast_test,weighted,0.47783273458480835
374-2,374,2,1,1,0.6728952,fast_test,weighted,0.47783273458480835
374-3,374,3,1,0,0.24957746,fast_test,weighted,0.47783273458480835
374-4,374,4,1,1,0.47022736,fast_test,weighted,0.47783273458480835
374-5,374,5,1,0,0.09422189,fast_test,weighted,0.47783273458480835
374-6,374,6,1,0,0.10743887,fast_test,weighted,0.47783273458480835
374-7,374,7,1,1,0.7691591,fast_test,weighted,0.47783273458480835
374-8,374,8,1,0,0.10927346,fast_test,weighted,0.47783273458480835
374-9,374,9,1,1,0.8719392,fast_test,weighted,0.47783273458480835
374-10,374,10,1,1,0.27514085,fast_test,weighted,0.47783273458480835
374-11,374,11,1,0,0.20055366,fast_test,weighted,0.47783273458480835
374-12,374,12,1,0,0.18069349,fast_test,weighted,0.47783273458480835
375-0,375,0,4,0,0.0047290786,fast_test,weighted,0.47652116417884827
375-1,375,1,4,0,0.0038000457,fast_test,weighted,0.47652116417884827
375-2,375,2,4,0,0.018118916,fast_test,weighted,0.47652116417884827
375-3,375,3,4,0,0.010723846,fast_test,weighted,0.47652116417884827
375-4,375,4,4,0,0.0024401671,fast_test,weighted,0.47652116417884827
375-5,375,5,4,0,0.0017267064,fast_test,weighted,0.47652116417884827
375-6,375,6,4,0,0.005862703,fast_test,weighted,0.47652116417884827
375-7,375,7,4,0,0.005572387,fast_test,weighted,0.47652116417884827
375-8,375,8,4,0,0.014478697,fast_test,weighted,0.47652116417884827
375-9,375,9,4,0,0.013220171,fast_test,weighted,0.47652116417884827
375-10,375,10,4,0,0.004521039,fast_test,weighted,0.47652116417884827
375-11,375,11,4,0,0.0048346403,fast_test,weighted,0.47652116417884827
375-12,375,12,4,0,0.007274655,fast_test,weighted,0.47652116417884827
376-0,376,0,2,1,0.70201325,fast_test,weighted,0.4574896991252899
376-1,376,1,2,0,0.0068553938,fast_test,weighted,0.4574896991252899
376-2,376,2,2,0,0.01187166,fast_test,weighted,0.4574896991252899
376-3,376,3,2,0,0.016833989,fast_test,weighted,0.4574896991252899
376-4,376,4,2,0,0.0025969478,fast_test,weighted,0.4574896991252899
376-5,376,5,2,0,0.0030418222,fast_test,weighted,0.4574896991252899
376-6,376,6,2,0,0.0025162965,fast_test,weighted,0.4574896991252899
376-7,376,7,2,0,0.0030772623,fast_test,weighted,0.4574896991252899
376-8,376,8,2,0,0.017310206,fast_test,weighted,0.4574896991252899
376-9,376,9,2,0,0.012106857,fast_test,weighted,0.4574896991252899
376-10,376,10,2,0,0.0012924764,fast_test,weighted,0.4574896991252899
376-11,376,11,2,0,0.0011373173,fast_test,weighted,0.4574896991252899
376-12,376,12,2,0,0.0043765195,fast_test,weighted,0.4574896991252899
377-0,377,0,4,0,0.06464227,fast_test,weighted,0.47652116417884827
377-1,377,1,4,0,0.0987161,fast_test,weighted,0.47652116417884827
377-2,377,2,4,0,0.34029725,fast_test,weighted,0.47652116417884827
377-3,377,3,4,0,0.20624879,fast_test,weighted,0.47652116417884827
377-4,377,4,4,0,0.034374546,fast_test,weighted,0.47652116417884827
377-5,377,5,4,0,0.03688096,fast_test,weighted,0.47652116417884827
377-6,377,6,4,0,0.111156516,fast_test,weighted,0.47652116417884827
377-7,377,7,4,0,0.07774892,fast_test,weighted,0.47652116417884827
377-8,377,8,4,0,0.15976915,fast_test,weighted,0.47652116417884827
377-9,377,9,4,0,0.23717657,fast_test,weighted,0.47652116417884827
377-10,377,10,4,0,0.06517176,fast_test,weighted,0.47652116417884827
377-11,377,11,4,0,0.09648843,fast_test,weighted,0.47652116417884827
377-12,377,12,4,0,0.11730219,fast_test,weighted,0.47652116417884827
378-0,378,0,2,0,0.0031882885,fast_test,weighted,0.4574896991252899
378-1,378,1,2,0,0.008830449,fast_test,weighted,0.4574896991252899
378-2,378,2,2,0,0.015516768,fast_test,weighted,0.4574896991252899
378-3,378,3,2,0,0.016775081,fast_test,weighted,0.4574896991252899
378-4,378,4,2,0,0.0029695074,fast_test,weighted,0.4574896991252899
378-5,378,5,2,0,0.004625137,fast_test,weighted,0.4574896991252899
378-6,378,6,2,0,0.0032453358,fast_test,weighted,0.4574896991252899
378-7,378,7,2,0,0.0039681816,fast_test,weighted,0.4574896991252899
378-8,378,8,2,0,0.022229893,fast_test,weighted,0.4574896991252899
378-9,378,9,2,0,0.012914819,fast_test,weighted,0.4574896991252899
378-10,378,10,2,0,0.0017146334,fast_test,weighted,0.4574896991252899
378-11,378,11,2,0,0.0013007505,fast_test,weighted,0.4574896991252899
378-12,378,12,2,0,0.0043610134,fast_test,weighted,0.4574896991252899
379-0,379,0,5,0,0.0013955899,fast_test,weighted,0.4379396438598633
379-1,379,1,5,0,0.002844266,fast_test,weighted,0.4379396438598633
379-2,379,2,5,1,0.8701769,fast_test,weighted,0.4379396438598633
379-3,379,3,5,0,0.009065025,fast_test,weighted,0.4379396438598633
379-4,379,4,5,0,0.00095102255,fast_test,weighted,0.4379396438598633
379-5,379,5,5,0,0.001820008,fast_test,weighted,0.4379396438598633
379-6,379,6,5,0,0.004498397,fast_test,weighted,0.4379396438598633
379-7,379,7,5,0,0.005714243,fast_test,weighted,0.4379396438598633
379-8,379,8,5,0,0.0011694763,fast_test,weighted,0.4379396438598633
379-9,379,9,5,0,0.0022190476,fast_test,weighted,0.4379396438598633
379-10,379,10,5,0,0.0015066902,fast_test,weighted,0.4379396438598633
379-11,379,11,5,0,0.0010061375,fast_test,weighted,0.4379396438598633
379-12,379,12,5,0,0.0025738617,fast_test,weighted,0.4379396438598633
380-0,380,0,1,0,0.74856955,fast_test,weighted,0.47783273458480835
380-1,380,1,1,0,0.7580694,fast_test,weighted,0.47783273458480835
380-2,380,2,1,0,0.4590309,fast_test,weighted,0.47783273458480835
380-3,380,3,1,0,0.5376729,fast_test,weighted,0.47783273458480835
380-4,380,4,1,0,0.26063502,fast_test,weighted,0.47783273458480835
380-5,380,5,1,0,0.34665766,fast_test,weighted,0.47783273458480835
380-6,380,6,1,0,0.2755069,fast_test,weighted,0.47783273458480835
380-7,380,7,1,0,0.5951816,fast_test,weighted,0.47783273458480835
380-8,380,8,1,0,0.2691947,fast_test,weighted,0.47783273458480835
380-9,380,9,1,0,0.730296,fast_test,weighted,0.47783273458480835
380-10,380,10,1,0,0.11678044,fast_test,weighted,0.47783273458480835
380-11,380,11,1,0,0.49024123,fast_test,weighted,0.47783273458480835
380-12,380,12,1,0,0.40328392,fast_test,weighted,0.47783273458480835
381-0,381,0,4,0,0.002305518,fast_test,weighted,0.47652116417884827
381-1,381,1,4,0,0.0019162949,fast_test,weighted,0.47652116417884827
381-2,381,2,4,0,0.009080862,fast_test,weighted,0.47652116417884827
381-3,381,3,4,0,0.0051822467,fast_test,weighted,0.47652116417884827
381-4,381,4,4,0,0.0012373262,fast_test,weighted,0.47652116417884827
381-5,381,5,4,0,0.0008598935,fast_test,weighted,0.47652116417884827
381-6,381,6,4,0,0.0026504504,fast_test,weighted,0.47652116417884827
381-7,381,7,4,0,0.0022992808,fast_test,weighted,0.47652116417884827
381-8,381,8,4,0,0.005959105,fast_test,weighted,0.47652116417884827
381-9,381,9,4,0,0.0069192047,fast_test,weighted,0.47652116417884827
381-10,381,10,4,0,0.0019810703,fast_test,weighted,0.47652116417884827
381-11,381,11,4,0,0.0023292059,fast_test,weighted,0.47652116417884827
381-12,381,12,4,0,0.0030899532,fast_test,weighted,0.47652116417884827
382-0,382,0,1,0,0.026109688,fast_test,weighted,0.47783273458480835
382-1,382,1,1,0,0.023535086,fast_test,weighted,0.47783273458480835
382-2,382,2,1,0,0.007065237,fast_test,weighted,0.47783273458480835
382-3,382,3,1,0,0.01263184,fast_test,weighted,0.47783273458480835
382-4,382,4,1,0,0.00420665,fast_test,weighted,0.47783273458480835
382-5,382,5,1,0,0.0030448907,fast_test,weighted,0.47783273458480835
382-6,382,6,1,0,0.005426699,fast_test,weighted,0.47783273458480835
382-7,382,7,1,0,0.008335791,fast_test,weighted,0.47783273458480835
382-8,382,8,1,0,0.0052623395,fast_test,weighted,0.47783273458480835
382-9,382,9,1,0,0.017385477,fast_test,weighted,0.47783273458480835
382-10,382,10,1,0,0.004556715,fast_test,weighted,0.47783273458480835
382-11,382,11,1,0,0.007161836,fast_test,weighted,0.47783273458480835
382-12,382,12,1,0,0.009905614,fast_test,weighted,0.47783273458480835
383-0,383,0,5,0,0.87363815,fast_test,weighted,0.4379396438598633
383-1,383,1,5,1,0.005709076,fast_test,weighted,0.4379396438598633
383-2,383,2,5,1,0.0025721681,fast_test,weighted,0.4379396438598633
383-3,383,3,5,0,0.9658156,fast_test,weighted,0.4379396438598633
383-4,383,4,5,1,0.0018419753,fast_test,weighted,0.4379396438598633
383-5,383,5,5,1,0.003285296,fast_test,weighted,0.4379396438598633
383-6,383,6,5,1,0.0077479854,fast_test,weighted,0.4379396438598633
383-7,383,7,5,1,0.00360633,fast_test,weighted,0.4379396438598633
383-8,383,8,5,1,0.0019759424,fast_test,weighted,0.4379396438598633
383-9,383,9,5,1,0.0046655764,fast_test,weighted,0.4379396438598633
383-10,383,10,5,1,0.004426394,fast_test,weighted,0.4379396438598633
383-11,383,11,5,1,0.0021075846,fast_test,weighted,0.4379396438598633
383-12,383,12,5,1,0.0050695036,fast_test,weighted,0.4379396438598633
384-0,384,0,2,1,0.4788414,fast_test,weighted,0.4574896991252899
384-1,384,1,2,1,0.8050582,fast_test,weighted,0.4574896991252899
384-2,384,2,2,1,0.90172374,fast_test,weighted,0.4574896991252899
384-3,384,3,2,1,0.93251485,fast_test,weighted,0.4574896991252899
384-4,384,4,2,0,0.0033382154,fast_test,weighted,0.4574896991252899
384-5,384,5,2,0,0.0030418222,fast_test,weighted,0.4574896991252899
384-6,384,6,2,0,0.0037783952,fast_test,weighted,0.4574896991252899
384-7,384,7,2,1,0.6991517,fast_test,weighted,0.4574896991252899
384-8,384,8,2,1,0.93138415,fast_test,weighted,0.4574896991252899
384-9,384,9,2,0,0.014255938,fast_test,weighted,0.4574896991252899
384-10,384,10,2,1,0.4011969,fast_test,weighted,0.4574896991252899
384-11,384,11,2,1,0.2044331,fast_test,weighted,0.4574896991252899
384-12,384,12,2,1,0.69876003,fast_test,weighted,0.4574896991252899
385-0,385,0,1,0,0.09189105,fast_test,weighted,0.47783273458480835
385-1,385,1,1,0,0.104840346,fast_test,weighted,0.47783273458480835
385-2,385,2,1,0,0.035364155,fast_test,weighted,0.47783273458480835
385-3,385,3,1,0,0.048475184,fast_test,weighted,0.47783273458480835
385-4,385,4,1,0,0.015183237,fast_test,weighted,0.47783273458480835
385-5,385,5,1,0,0.015684284,fast_test,weighted,0.47783273458480835
385-6,385,6,1,0,0.026846878,fast_test,weighted,0.47783273458480835
385-7,385,7,1,0,0.04156512,fast_test,weighted,0.47783273458480835
385-8,385,8,1,0,0.02076659,fast_test,weighted,0.47783273458480835
385-9,385,9,1,0,0.08440919,fast_test,weighted,0.47783273458480835
385-10,385,10,1,0,0.018113269,fast_test,weighted,0.47783273458480835
385-11,385,11,1,0,0.03767742,fast_test,weighted,0.47783273458480835
385-12,385,12,1,0,0.038278136,fast_test,weighted,0.47783273458480835
386-0,386,0,2,0,0.19360082,fast_test,weighted,0.4574896991252899
386-1,386,1,2,0,0.2897107,fast_test,weighted,0.4574896991252899
386-2,386,2,2,0,0.38738066,fast_test,weighted,0.4574896991252899
386-3,386,3,2,0,0.47277683,fast_test,weighted,0.4574896991252899
386-4,386,4,2,0,0.10013819,fast_test,weighted,0.4574896991252899
386-5,386,5,2,0,0.17897229,fast_test,weighted,0.4574896991252899
386-6,386,6,2,0,0.08937965,fast_test,weighted,0.4574896991252899
386-7,386,7,2,0,0.14885378,fast_test,weighted,0.4574896991252899
386-8,386,8,2,0,0.4966033,fast_test,weighted,0.4574896991252899
386-9,386,9,2,0,0.465592,fast_test,weighted,0.4574896991252899
386-10,386,10,2,0,0.061279166,fast_test,weighted,0.4574896991252899
386-11,386,11,2,0,0.05480576,fast_test,weighted,0.4574896991252899
386-12,386,12,2,0,0.18778162,fast_test,weighted,0.4574896991252899
387-0,387,0,5,0,0.0007283422,fast_test,weighted,0.4379396438598633
387-1,387,1,5,0,0.002020174,fast_test,weighted,0.4379396438598633
387-2,387,2,5,0,0.0010279214,fast_test,weighted,0.4379396438598633
387-3,387,3,5,0,0.006262835,fast_test,weighted,0.4379396438598633
387-4,387,4,5,0,0.00070664054,fast_test,weighted,0.4379396438598633
387-5,387,5,5,0,0.00125457,fast_test,weighted,0.4379396438598633
387-6,387,6,5,0,0.0033874097,fast_test,weighted,0.4379396438598633
387-7,387,7,5,0,0.0013625751,fast_test,weighted,0.4379396438598633
387-8,387,8,5,0,0.0008799193,fast_test,weighted,0.4379396438598633
387-9,387,9,5,0,0.0016353227,fast_test,weighted,0.4379396438598633
387-10,387,10,5,0,0.0010009087,fast_test,weighted,0.4379396438598633
387-11,387,11,5,0,0.000719583,fast_test,weighted,0.4379396438598633
387-12,387,12,5,0,0.0018963722,fast_test,weighted,0.4379396438598633
388-0,388,0,2,0,0.025515713,fast_test,weighted,0.4574896991252899
388-1,388,1,2,0,0.054040823,fast_test,weighted,0.4574896991252899
388-2,388,2,2,0,0.13589701,fast_test,weighted,0.4574896991252899
388-3,388,3,2,0,0.18067002,fast_test,weighted,0.4574896991252899
388-4,388,4,2,0,0.01757527,fast_test,weighted,0.4574896991252899
388-5,388,5,2,0,0.047843594,fast_test,weighted,0.4574896991252899
388-6,388,6,2,0,0.0332307,fast_test,weighted,0.4574896991252899
388-7,388,7,2,0,0.043795325,fast_test,weighted,0.4574896991252899
388-8,388,8,2,0,0.20907968,fast_test,weighted,0.4574896991252899
388-9,388,9,2,0,0.09727077,fast_test,weighted,0.4574896991252899
388-10,388,10,2,0,0.015802447,fast_test,weighted,0.4574896991252899
388-11,388,11,2,0,0.010753956,fast_test,weighted,0.4574896991252899
388-12,388,12,2,0,0.043701753,fast_test,weighted,0.4574896991252899
389-0,389,0,2,0,0.040633745,fast_test,weighted,0.4574896991252899
389-1,389,1,2,0,0.08112947,fast_test,weighted,0.4574896991252899
389-2,389,2,2,0,0.12205124,fast_test,weighted,0.4574896991252899
389-3,389,3,2,0,0.21406762,fast_test,weighted,0.4574896991252899
389-4,389,4,2,0,0.027557155,fast_test,weighted,0.4574896991252899
389-5,389,5,2,0,0.063558035,fast_test,weighted,0.4574896991252899
389-6,389,6,2,0,0.039382774,fast_test,weighted,0.4574896991252899
389-7,389,7,2,0,0.049889203,fast_test,weighted,0.4574896991252899
389-8,389,8,2,0,0.23257825,fast_test,weighted,0.4574896991252899
389-9,389,9,2,0,0.15038286,fast_test,weighted,0.4574896991252899
389-10,389,10,2,0,0.02176758,fast_test,weighted,0.4574896991252899
389-11,389,11,2,0,0.01696926,fast_test,weighted,0.4574896991252899
389-12,389,12,2,0,0.06631553,fast_test,weighted,0.4574896991252899
390-0,390,0,5,0,0.0020861072,fast_test,weighted,0.4379396438598633
390-1,390,1,5,0,0.0041912855,fast_test,weighted,0.4379396438598633
390-2,390,2,5,1,0.81483585,fast_test,weighted,0.4379396438598633
390-3,390,3,5,0,0.009397778,fast_test,weighted,0.4379396438598633
390-4,390,4,5,0,0.0014024997,fast_test,weighted,0.4379396438598633
390-5,390,5,5,0,0.0026627344,fast_test,weighted,0.4379396438598633
390-6,390,6,5,0,0.0067938818,fast_test,weighted,0.4379396438598633
390-7,390,7,5,0,0.0029928132,fast_test,weighted,0.4379396438598633
390-8,390,8,5,0,0.0056539,fast_test,weighted,0.4379396438598633
390-9,390,9,5,0,0.0031400975,fast_test,weighted,0.4379396438598633
390-10,390,10,5,0,0.0020888587,fast_test,weighted,0.4379396438598633
390-11,390,11,5,0,0.0013897066,fast_test,weighted,0.4379396438598633
390-12,390,12,5,0,0.0039321226,fast_test,weighted,0.4379396438598633
391-0,391,0,1,0,0.023183223,fast_test,weighted,0.47783273458480835
391-1,391,1,1,0,0.022835406,fast_test,weighted,0.47783273458480835
391-2,391,2,1,1,0.8675542,fast_test,weighted,0.47783273458480835
391-3,391,3,1,0,0.012453083,fast_test,weighted,0.47783273458480835
391-4,391,4,1,0,0.0039598546,fast_test,weighted,0.47783273458480835
391-5,391,5,1,0,0.0039284024,fast_test,weighted,0.47783273458480835
391-6,391,6,1,1,0.72875994,fast_test,weighted,0.47783273458480835
391-7,391,7,1,1,0.9101059,fast_test,weighted,0.47783273458480835
391-8,391,8,1,0,0.005378465,fast_test,weighted,0.47783273458480835
391-9,391,9,1,0,0.02288398,fast_test,weighted,0.47783273458480835
391-10,391,10,1,0,0.0046659308,fast_test,weighted,0.47783273458480835
391-11,391,11,1,0,0.0099968035,fast_test,weighted,0.47783273458480835
391-12,391,12,1,0,0.009903636,fast_test,weighted,0.47783273458480835
392-0,392,0,4,0,0.3247267,fast_test,weighted,0.47652116417884827
392-1,392,1,4,0,0.43042174,fast_test,weighted,0.47652116417884827
392-2,392,2,4,0,0.78043485,fast_test,weighted,0.47652116417884827
392-3,392,3,4,0,0.54413337,fast_test,weighted,0.47652116417884827
392-4,392,4,4,0,0.16126299,fast_test,weighted,0.47652116417884827
392-5,392,5,4,0,0.2510922,fast_test,weighted,0.47652116417884827
392-6,392,6,4,0,0.3951445,fast_test,weighted,0.47652116417884827
392-7,392,7,4,0,0.3450641,fast_test,weighted,0.47652116417884827
392-8,392,8,4,0,0.52201205,fast_test,weighted,0.47652116417884827
392-9,392,9,4,0,0.6905811,fast_test,weighted,0.47652116417884827
392-10,392,10,4,0,0.11860018,fast_test,weighted,0.47652116417884827
392-11,392,11,4,0,0.4121676,fast_test,weighted,0.47652116417884827
392-12,392,12,4,0,0.43917564,fast_test,weighted,0.47652116417884827
393-0,393,0,3,0,0.24319266,fast_test,weighted,0.4019046127796173
393-1,393,1,3,0,0.12744683,fast_test,weighted,0.4019046127796173
393-2,393,2,3,0,0.049463492,fast_test,weighted,0.4019046127796173
393-3,393,3,3,0,0.42639107,fast_test,weighted,0.4019046127796173
393-4,393,4,3,0,0.04826134,fast_test,weighted,0.4019046127796173
393-5,393,5,3,1,0.7793243,fast_test,weighted,0.4019046127796173
393-6,393,6,3,0,0.04263168,fast_test,weighted,0.4019046127796173
393-7,393,7,3,0,0.19105951,fast_test,weighted,0.4019046127796173
393-8,393,8,3,0,0.05425296,fast_test,weighted,0.4019046127796173
393-9,393,9,3,0,0.22108337,fast_test,weighted,0.4019046127796173
393-10,393,10,3,0,0.04919658,fast_test,weighted,0.4019046127796173
393-11,393,11,3,0,0.048222635,fast_test,weighted,0.4019046127796173
393-12,393,12,3,0,0.20673624,fast_test,weighted,0.4019046127796173
394-0,394,0,4,0,0.0027000525,fast_test,weighted,0.47652116417884827
394-1,394,1,4,0,0.0020276739,fast_test,weighted,0.47652116417884827
394-2,394,2,4,0,0.009927524,fast_test,weighted,0.47652116417884827
394-3,394,3,4,0,0.004842419,fast_test,weighted,0.47652116417884827
394-4,394,4,4,0,0.0014203198,fast_test,weighted,0.47652116417884827
394-5,394,5,4,0,0.0010188023,fast_test,weighted,0.47652116417884827
394-6,394,6,4,0,0.0028320018,fast_test,weighted,0.47652116417884827
394-7,394,7,4,0,0.0023362816,fast_test,weighted,0.47652116417884827
394-8,394,8,4,0,0.006785145,fast_test,weighted,0.47652116417884827
394-9,394,9,4,0,0.0070854533,fast_test,weighted,0.47652116417884827
394-10,394,10,4,0,0.002180906,fast_test,weighted,0.47652116417884827
394-11,394,11,4,0,0.0025809729,fast_test,weighted,0.47652116417884827
394-12,394,12,4,0,0.003445087,fast_test,weighted,0.47652116417884827
395-0,395,0,2,0,0.05818409,fast_test,weighted,0.4574896991252899
395-1,395,1,2,0,0.08740837,fast_test,weighted,0.4574896991252899
395-2,395,2,2,0,0.1336535,fast_test,weighted,0.4574896991252899
395-3,395,3,2,0,0.17346518,fast_test,weighted,0.4574896991252899
395-4,395,4,2,0,0.03787912,fast_test,weighted,0.4574896991252899
395-5,395,5,2,1,0.58007336,fast_test,weighted,0.4574896991252899
395-6,395,6,2,0,0.03094487,fast_test,weighted,0.4574896991252899
395-7,395,7,2,1,0.50445336,fast_test,weighted,0.4574896991252899
395-8,395,8,2,0,0.20311035,fast_test,weighted,0.4574896991252899
395-9,395,9,2,0,0.15676053,fast_test,weighted,0.4574896991252899
395-10,395,10,2,1,0.2118221,fast_test,weighted,0.4574896991252899
395-11,395,11,2,0,0.017965283,fast_test,weighted,0.4574896991252899
395-12,395,12,2,0,0.05210825,fast_test,weighted,0.4574896991252899
396-0,396,0,4,0,0.18349276,fast_test,weighted,0.47652116417884827
396-1,396,1,4,0,0.27059433,fast_test,weighted,0.47652116417884827
396-2,396,2,4,0,0.68679255,fast_test,weighted,0.47652116417884827
396-3,396,3,4,0,0.4085082,fast_test,weighted,0.47652116417884827
396-4,396,4,4,0,0.09917669,fast_test,weighted,0.47652116417884827
396-5,396,5,4,0,0.17138681,fast_test,weighted,0.47652116417884827
396-6,396,6,4,0,0.2832173,fast_test,weighted,0.47652116417884827
396-7,396,7,4,0,0.24182664,fast_test,weighted,0.47652116417884827
396-8,396,8,4,0,0.40588525,fast_test,weighted,0.47652116417884827
396-9,396,9,4,0,0.5643774,fast_test,weighted,0.47652116417884827
396-10,396,10,4,0,0.08908484,fast_test,weighted,0.47652116417884827
396-11,396,11,4,0,0.258338,fast_test,weighted,0.47652116417884827
396-12,396,12,4,0,0.3217911,fast_test,weighted,0.47652116417884827
397-0,397,0,2,0,0.0049262866,fast_test,weighted,0.4574896991252899
397-1,397,1,2,0,0.008651806,fast_test,weighted,0.4574896991252899
397-2,397,2,2,1,0.87026954,fast_test,weighted,0.4574896991252899
397-3,397,3,2,0,0.020853966,fast_test,weighted,0.4574896991252899
397-4,397,4,2,0,0.0029695074,fast_test,weighted,0.4574896991252899
397-5,397,5,2,0,0.004625137,fast_test,weighted,0.4574896991252899
397-6,397,6,2,0,0.0032984945,fast_test,weighted,0.4574896991252899
397-7,397,7,2,0,0.0039681816,fast_test,weighted,0.4574896991252899
397-8,397,8,2,0,0.022229893,fast_test,weighted,0.4574896991252899
397-9,397,9,2,0,0.01795658,fast_test,weighted,0.4574896991252899
397-10,397,10,2,0,0.0020348702,fast_test,weighted,0.4574896991252899
397-11,397,11,2,0,0.0013007505,fast_test,weighted,0.4574896991252899
397-12,397,12,2,0,0.005438102,fast_test,weighted,0.4574896991252899
398-0,398,0,5,0,0.91510177,fast_test,weighted,0.4379396438598633
398-1,398,1,5,0,0.9665571,fast_test,weighted,0.4379396438598633
398-2,398,2,5,1,0.0009997436,fast_test,weighted,0.4379396438598633
398-3,398,3,5,0,0.97756255,fast_test,weighted,0.4379396438598633
398-4,398,4,5,1,0.0008897731,fast_test,weighted,0.4379396438598633
398-5,398,5,5,0,0.27253163,fast_test,weighted,0.4379396438598633
398-6,398,6,5,1,0.0032660286,fast_test,weighted,0.4379396438598633
398-7,398,7,5,1,0.0015371273,fast_test,weighted,0.4379396438598633
398-8,398,8,5,1,0.00095367304,fast_test,weighted,0.4379396438598633
398-9,398,9,5,1,0.0019791657,fast_test,weighted,0.4379396438598633
398-10,398,10,5,1,0.0011673322,fast_test,weighted,0.4379396438598633
398-11,398,11,5,1,0.00088366534,fast_test,weighted,0.4379396438598633
398-12,398,12,5,0,0.9536742,fast_test,weighted,0.4379396438598633
399-0,399,0,4,0,0.12489986,fast_test,weighted,0.47652116417884827
399-1,399,1,4,0,0.14621198,fast_test,weighted,0.47652116417884827
399-2,399,2,4,1,0.34730086,fast_test,weighted,0.47652116417884827
399-3,399,3,4,1,0.15489623,fast_test,weighted,0.47652116417884827
399-4,399,4,4,0,0.0560028,fast_test,weighted,0.47652116417884827
399-5,399,5,4,0,0.0821911,fast_test,weighted,0.47652116417884827
399-6,399,6,4,1,0.08321195,fast_test,weighted,0.47652116417884827
399-7,399,7,4,0,0.12249074,fast_test,weighted,0.47652116417884827
399-8,399,8,4,0,0.2199833,fast_test,weighted,0.47652116417884827
399-9,399,9,4,0,0.373633,fast_test,weighted,0.47652116417884827
399-10,399,10,4,0,0.043819536,fast_test,weighted,0.47652116417884827
399-11,399,11,4,0,0.13851961,fast_test,weighted,0.47652116417884827
399-12,399,12,4,0,0.1769382,fast_test,weighted,0.47652116417884827
400-0,400,0,4,0,0.27842927,fast_test,weighted,0.47652116417884827
400-1,400,1,4,0,0.3249264,fast_test,weighted,0.47652116417884827
400-2,400,2,4,0,0.72605,fast_test,weighted,0.47652116417884827
400-3,400,3,4,0,0.43021634,fast_test,weighted,0.47652116417884827
400-4,400,4,4,0,0.13740285,fast_test,weighted,0.47652116417884827
400-5,400,5,4,0,0.20108303,fast_test,weighted,0.47652116417884827
400-6,400,6,4,1,0.1479014,fast_test,weighted,0.47652116417884827
400-7,400,7,4,0,0.2683636,fast_test,weighted,0.47652116417884827
400-8,400,8,4,0,0.43525064,fast_test,weighted,0.47652116417884827
400-9,400,9,4,0,0.62915397,fast_test,weighted,0.47652116417884827
400-10,400,10,4,0,0.11538904,fast_test,weighted,0.47652116417884827
400-11,400,11,4,0,0.31125933,fast_test,weighted,0.47652116417884827
400-12,400,12,4,0,0.39323646,fast_test,weighted,0.47652116417884827
401-0,401,0,2,0,0.05636686,fast_test,weighted,0.4574896991252899
401-1,401,1,2,0,0.0686491,fast_test,weighted,0.4574896991252899
401-2,401,2,2,0,0.093450524,fast_test,weighted,0.4574896991252899
401-3,401,3,2,0,0.1250048,fast_test,weighted,0.4574896991252899
401-4,401,4,2,0,0.026519567,fast_test,weighted,0.4574896991252899
401-5,401,5,2,0,0.044977274,fast_test,weighted,0.4574896991252899
401-6,401,6,2,0,0.014792841,fast_test,weighted,0.4574896991252899
401-7,401,7,2,0,0.029261716,fast_test,weighted,0.4574896991252899
401-8,401,8,2,0,0.15210003,fast_test,weighted,0.4574896991252899
401-9,401,9,2,0,0.08389174,fast_test,weighted,0.4574896991252899
401-10,401,10,2,0,0.014404942,fast_test,weighted,0.4574896991252899
401-11,401,11,2,0,0.006967163,fast_test,weighted,0.4574896991252899
401-12,401,12,2,0,0.034174927,fast_test,weighted,0.4574896991252899
402-0,402,0,4,1,0.8885509,fast_test,weighted,0.47652116417884827
402-1,402,1,4,1,0.91847336,fast_test,weighted,0.47652116417884827
402-2,402,2,4,1,0.98269904,fast_test,weighted,0.47652116417884827
402-3,402,3,4,0,0.004308193,fast_test,weighted,0.47652116417884827
402-4,402,4,4,0,0.0011743881,fast_test,weighted,0.47652116417884827
402-5,402,5,4,0,0.0007479638,fast_test,weighted,0.47652116417884827
402-6,402,6,4,0,0.0022520518,fast_test,weighted,0.47652116417884827
402-7,402,7,4,1,0.89629054,fast_test,weighted,0.47652116417884827
402-8,402,8,4,0,0.005628359,fast_test,weighted,0.47652116417884827
402-9,402,9,4,0,0.005879722,fast_test,weighted,0.47652116417884827
402-10,402,10,4,0,0.0017535825,fast_test,weighted,0.47652116417884827
402-11,402,11,4,0,0.0019988995,fast_test,weighted,0.47652116417884827
402-12,402,12,4,0,0.0027222757,fast_test,weighted,0.47652116417884827
403-0,403,0,4,0,0.333914,fast_test,weighted,0.47652116417884827
403-1,403,1,4,0,0.4239162,fast_test,weighted,0.47652116417884827
403-2,403,2,4,0,0.7758452,fast_test,weighted,0.47652116417884827
403-3,403,3,4,1,0.5271288,fast_test,weighted,0.47652116417884827
403-4,403,4,4,0,0.2113172,fast_test,weighted,0.47652116417884827
403-5,403,5,4,1,0.23853923,fast_test,weighted,0.47652116417884827
403-6,403,6,4,0,0.3975998,fast_test,weighted,0.47652116417884827
403-7,403,7,4,0,0.3487649,fast_test,weighted,0.47652116417884827
403-8,403,8,4,0,0.5342503,fast_test,weighted,0.47652116417884827
403-9,403,9,4,1,0.68689215,fast_test,weighted,0.47652116417884827
403-10,403,10,4,0,0.1426287,fast_test,weighted,0.47652116417884827
403-11,403,11,4,0,0.35520968,fast_test,weighted,0.47652116417884827
403-12,403,12,4,0,0.44798404,fast_test,weighted,0.47652116417884827
404-0,404,0,3,0,0.056156695,fast_test,weighted,0.4019046127796173
404-1,404,1,3,0,0.035529803,fast_test,weighted,0.4019046127796173
404-2,404,2,3,1,0.23948662,fast_test,weighted,0.4019046127796173
404-3,404,3,3,0,0.12151481,fast_test,weighted,0.4019046127796173
404-4,404,4,3,1,0.2354637,fast_test,weighted,0.4019046127796173
404-5,404,5,3,0,0.06366977,fast_test,weighted,0.4019046127796173
404-6,404,6,3,1,0.21373616,fast_test,weighted,0.4019046127796173
404-7,404,7,3,0,0.04035973,fast_test,weighted,0.4019046127796173
404-8,404,8,3,1,0.2825234,fast_test,weighted,0.4019046127796173
404-9,404,9,3,0,0.06298903,fast_test,weighted,0.4019046127796173
404-10,404,10,3,0,0.013086079,fast_test,weighted,0.4019046127796173
404-11,404,11,3,0,0.009997993,fast_test,weighted,0.4019046127796173
404-12,404,12,3,0,0.044252124,fast_test,weighted,0.4019046127796173
405-0,405,0,3,1,0.1480071,fast_test,weighted,0.4019046127796173
405-1,405,1,3,0,0.328228,fast_test,weighted,0.4019046127796173
405-2,405,2,3,1,0.026008258,fast_test,weighted,0.4019046127796173
405-3,405,3,3,1,0.33278617,fast_test,weighted,0.4019046127796173
405-4,405,4,3,1,0.027482146,fast_test,weighted,0.4019046127796173
405-5,405,5,3,1,0.19370244,fast_test,weighted,0.4019046127796173
405-6,405,6,3,0,0.16532959,fast_test,weighted,0.4019046127796173
405-7,405,7,3,0,0.55175924,fast_test,weighted,0.4019046127796173
405-8,405,8,3,0,0.20838933,fast_test,weighted,0.4019046127796173
405-9,405,9,3,0,0.6123021,fast_test,weighted,0.4019046127796173
405-10,405,10,3,0,0.07629416,fast_test,weighted,0.4019046127796173
405-11,405,11,3,0,0.21709417,fast_test,weighted,0.4019046127796173
405-12,405,12,3,0,0.45282477,fast_test,weighted,0.4019046127796173
406-0,406,0,4,0,0.8885509,fast_test,weighted,0.47652116417884827
406-1,406,1,4,1,0.0016811641,fast_test,weighted,0.47652116417884827
406-2,406,2,4,1,0.008159586,fast_test,weighted,0.47652116417884827
406-3,406,3,4,1,0.0041824724,fast_test,weighted,0.47652116417884827
406-4,406,4,4,0,0.8362276,fast_test,weighted,0.47652116417884827
406-5,406,5,4,1,0.00076302176,fast_test,weighted,0.47652116417884827
406-6,406,6,4,0,0.9159859,fast_test,weighted,0.47652116417884827
406-7,406,7,4,0,0.90039515,fast_test,weighted,0.47652116417884827
406-8,406,8,4,0,0.95408314,fast_test,weighted,0.47652116417884827
406-9,406,9,4,1,0.0060769897,fast_test,weighted,0.47652116417884827
406-10,406,10,4,1,0.0016889047,fast_test,weighted,0.47652116417884827
406-11,406,11,4,1,0.0019988995,fast_test,weighted,0.47652116417884827
406-12,406,12,4,0,0.93158084,fast_test,weighted,0.47652116417884827
407-0,407,0,3,1,0.9186285,fast_test,weighted,0.4019046127796173
407-1,407,1,3,0,0.0058491286,fast_test,weighted,0.4019046127796173
407-2,407,2,3,0,0.0021613273,fast_test,weighted,0.4019046127796173
407-3,407,3,3,1,0.9713684,fast_test,weighted,0.4019046127796173
407-4,407,4,3,0,0.0019292783,fast_test,weighted,0.4019046127796173
407-5,407,5,3,0,0.012445509,fast_test,weighted,0.4019046127796173
407-6,407,6,3,0,0.0018305235,fast_test,weighted,0.4019046127796173
407-7,407,7,3,1,0.90958023,fast_test,weighted,0.4019046127796173
407-8,407,8,3,0,0.0014546161,fast_test,weighted,0.4019046127796173
407-9,407,9,3,0,0.01160255,fast_test,weighted,0.4019046127796173
407-10,407,10,3,0,0.002688016,fast_test,weighted,0.4019046127796173
407-11,407,11,3,1,0.6158206,fast_test,weighted,0.4019046127796173
407-12,407,12,3,0,0.0078069633,fast_test,weighted,0.4019046127796173
408-0,408,0,4,1,0.88396883,fast_test,weighted,0.47652116417884827
408-1,408,1,4,1,0.92035735,fast_test,weighted,0.47652116417884827
408-2,408,2,4,1,0.9822613,fast_test,weighted,0.47652116417884827
408-3,408,3,4,1,0.94679385,fast_test,weighted,0.47652116417884827
408-4,408,4,4,0,0.0014018159,fast_test,weighted,0.47652116417884827
408-5,408,5,4,0,0.00076302176,fast_test,weighted,0.47652116417884827
408-6,408,6,4,0,0.0023278943,fast_test,weighted,0.47652116417884827
408-7,408,7,4,1,0.90039515,fast_test,weighted,0.47652116417884827
408-8,408,8,4,1,0.9560127,fast_test,weighted,0.47652116417884827
408-9,408,9,4,1,0.9708227,fast_test,weighted,0.47652116417884827
408-10,408,10,4,0,0.0018860338,fast_test,weighted,0.47652116417884827
408-11,408,11,4,1,0.919552,fast_test,weighted,0.47652116417884827
408-12,408,12,4,1,0.93158084,fast_test,weighted,0.47652116417884827
409-0,409,0,2,0,0.32866278,fast_test,weighted,0.4574896991252899
409-1,409,1,2,0,0.36328962,fast_test,weighted,0.4574896991252899
409-2,409,2,2,0,0.57484293,fast_test,weighted,0.4574896991252899
409-3,409,3,2,1,0.48419195,fast_test,weighted,0.4574896991252899
409-4,409,4,2,0,0.18001826,fast_test,weighted,0.4574896991252899
409-5,409,5,2,0,0.40910947,fast_test,weighted,0.4574896991252899
409-6,409,6,2,0,0.039862424,fast_test,weighted,0.4574896991252899
409-7,409,7,2,0,0.35443965,fast_test,weighted,0.4574896991252899
409-8,409,8,2,0,0.7627853,fast_test,weighted,0.4574896991252899
409-9,409,9,2,0,0.6517338,fast_test,weighted,0.4574896991252899
409-10,409,10,2,0,0.13006909,fast_test,weighted,0.4574896991252899
409-11,409,11,2,0,0.08750627,fast_test,weighted,0.4574896991252899
409-12,409,12,2,0,0.31866497,fast_test,weighted,0.4574896991252899
410-0,410,0,5,1,0.0013485812,fast_test,weighted,0.4379396438598633
410-1,410,1,5,1,0.0038388786,fast_test,weighted,0.4379396438598633
410-2,410,2,5,1,0.0017488184,fast_test,weighted,0.4379396438598633
410-3,410,3,5,1,0.015564332,fast_test,weighted,0.4379396438598633
410-4,410,4,5,1,0.0017259406,fast_test,weighted,0.4379396438598633
410-5,410,5,5,1,0.003179304,fast_test,weighted,0.4379396438598633
410-6,410,6,5,1,0.0065709692,fast_test,weighted,0.4379396438598633
410-7,410,7,5,1,0.0034719408,fast_test,weighted,0.4379396438598633
410-8,410,8,5,1,0.0021555228,fast_test,weighted,0.4379396438598633
410-9,410,9,5,1,0.0038357563,fast_test,weighted,0.4379396438598633
410-10,410,10,5,1,0.0024464128,fast_test,weighted,0.4379396438598633
410-11,410,11,5,1,0.0012334631,fast_test,weighted,0.4379396438598633
410-12,410,12,5,0,0.92642033,fast_test,weighted,0.4379396438598633
411-0,411,0,1,0,0.16418248,fast_test,weighted,0.47783273458480835
411-1,411,1,1,0,0.16714646,fast_test,weighted,0.47783273458480835
411-2,411,2,1,0,0.05922492,fast_test,weighted,0.47783273458480835
411-3,411,3,1,1,0.14062122,fast_test,weighted,0.47783273458480835
411-4,411,4,1,0,0.033353556,fast_test,weighted,0.47783273458480835
411-5,411,5,1,0,0.032534752,fast_test,weighted,0.47783273458480835
411-6,411,6,1,0,0.0553268,fast_test,weighted,0.47783273458480835
411-7,411,7,1,0,0.11402203,fast_test,weighted,0.47783273458480835
411-8,411,8,1,0,0.058295954,fast_test,weighted,0.47783273458480835
411-9,411,9,1,0,0.14370467,fast_test,weighted,0.47783273458480835
411-10,411,10,1,0,0.029721003,fast_test,weighted,0.47783273458480835
411-11,411,11,1,0,0.07736547,fast_test,weighted,0.47783273458480835
411-12,411,12,1,0,0.08335094,fast_test,weighted,0.47783273458480835
412-0,412,0,4,0,0.0027000525,fast_test,weighted,0.47652116417884827
412-1,412,1,4,0,0.0020276739,fast_test,weighted,0.47652116417884827
412-2,412,2,4,0,0.010415305,fast_test,weighted,0.47652116417884827
412-3,412,3,4,0,0.0053969626,fast_test,weighted,0.47652116417884827
412-4,412,4,4,0,0.0014203198,fast_test,weighted,0.47652116417884827
412-5,412,5,4,0,0.00096612127,fast_test,weighted,0.47652116417884827
412-6,412,6,4,0,0.0028320018,fast_test,weighted,0.47652116417884827
412-7,412,7,4,0,0.002512153,fast_test,weighted,0.47652116417884827
412-8,412,8,4,0,0.006785145,fast_test,weighted,0.47652116417884827
412-9,412,9,4,0,0.006672122,fast_test,weighted,0.47652116417884827
412-10,412,10,4,0,0.002180906,fast_test,weighted,0.47652116417884827
412-11,412,11,4,0,0.0025809729,fast_test,weighted,0.47652116417884827
412-12,412,12,4,0,0.003445087,fast_test,weighted,0.47652116417884827
413-0,413,0,1,0,0.09355738,fast_test,weighted,0.47783273458480835
413-1,413,1,1,0,0.08165803,fast_test,weighted,0.47783273458480835
413-2,413,2,1,1,0.42736486,fast_test,weighted,0.47783273458480835
413-3,413,3,1,0,0.050318748,fast_test,weighted,0.47783273458480835
413-4,413,4,1,0,0.016729292,fast_test,weighted,0.47783273458480835
413-5,413,5,1,0,0.016369224,fast_test,weighted,0.47783273458480835
413-6,413,6,1,0,0.026038274,fast_test,weighted,0.47783273458480835
413-7,413,7,1,0,0.04602708,fast_test,weighted,0.47783273458480835
413-8,413,8,1,0,0.023814784,fast_test,weighted,0.47783273458480835
413-9,413,9,1,0,0.09211442,fast_test,weighted,0.47783273458480835
413-10,413,10,1,0,0.018627908,fast_test,weighted,0.47783273458480835
413-11,413,11,1,0,0.038022086,fast_test,weighted,0.47783273458480835
413-12,413,12,1,0,0.040848862,fast_test,weighted,0.47783273458480835
414-0,414,0,5,0,0.02479958,fast_test,weighted,0.4379396438598633
414-1,414,1,5,0,0.02731304,fast_test,weighted,0.4379396438598633
414-2,414,2,5,0,0.01391627,fast_test,weighted,0.4379396438598633
414-3,414,3,5,0,0.06959032,fast_test,weighted,0.4379396438598633
414-4,414,4,5,0,0.011973028,fast_test,weighted,0.4379396438598633
414-5,414,5,5,0,0.016219564,fast_test,weighted,0.4379396438598633
414-6,414,6,5,0,0.06024112,fast_test,weighted,0.4379396438598633
414-7,414,7,5,0,0.027142115,fast_test,weighted,0.4379396438598633
414-8,414,8,5,0,0.017516745,fast_test,weighted,0.4379396438598633
414-9,414,9,5,0,0.047462873,fast_test,weighted,0.4379396438598633
414-10,414,10,5,0,0.011225078,fast_test,weighted,0.4379396438598633
414-11,414,11,5,0,0.008037365,fast_test,weighted,0.4379396438598633
414-12,414,12,5,0,0.032439116,fast_test,weighted,0.4379396438598633
415-0,415,0,2,0,0.044539027,fast_test,weighted,0.4574896991252899
415-1,415,1,2,0,0.10567463,fast_test,weighted,0.4574896991252899
415-2,415,2,2,0,0.16003603,fast_test,weighted,0.4574896991252899
415-3,415,3,2,0,0.20889242,fast_test,weighted,0.4574896991252899
415-4,415,4,2,0,0.024386236,fast_test,weighted,0.4574896991252899
415-5,415,5,2,0,0.059398986,fast_test,weighted,0.4574896991252899
415-6,415,6,2,0,0.019813519,fast_test,weighted,0.4574896991252899
415-7,415,7,2,0,0.050202314,fast_test,weighted,0.4574896991252899
415-8,415,8,2,0,0.23513043,fast_test,weighted,0.4574896991252899
415-9,415,9,2,0,0.1575546,fast_test,weighted,0.4574896991252899
415-10,415,10,2,1,0.18354987,fast_test,weighted,0.4574896991252899
415-11,415,11,2,0,0.012734711,fast_test,weighted,0.4574896991252899
415-12,415,12,2,0,0.06291895,fast_test,weighted,0.4574896991252899
416-0,416,0,2,0,0.1503809,fast_test,weighted,0.4574896991252899
416-1,416,1,2,1,0.30924046,fast_test,weighted,0.4574896991252899
416-2,416,2,2,0,0.41388687,fast_test,weighted,0.4574896991252899
416-3,416,3,2,0,0.49460658,fast_test,weighted,0.4574896991252899
416-4,416,4,2,1,0.12930955,fast_test,weighted,0.4574896991252899
416-5,416,5,2,1,0.19316182,fast_test,weighted,0.4574896991252899
416-6,416,6,2,1,0.09359885,fast_test,weighted,0.4574896991252899
416-7,416,7,2,1,0.16428423,fast_test,weighted,0.4574896991252899
416-8,416,8,2,1,0.5240978,fast_test,weighted,0.4574896991252899
416-9,416,9,2,0,0.37523338,fast_test,weighted,0.4574896991252899
416-10,416,10,2,1,0.05785104,fast_test,weighted,0.4574896991252899
416-11,416,11,2,1,0.06001229,fast_test,weighted,0.4574896991252899
416-12,416,12,2,0,0.13366744,fast_test,weighted,0.4574896991252899
417-0,417,0,3,0,0.07910475,fast_test,weighted,0.4019046127796173
417-1,417,1,3,0,0.050701488,fast_test,weighted,0.4019046127796173
417-2,417,2,3,1,0.06666049,fast_test,weighted,0.4019046127796173
417-3,417,3,3,0,0.29932964,fast_test,weighted,0.4019046127796173
417-4,417,4,3,0,0.018709393,fast_test,weighted,0.4019046127796173
417-5,417,5,3,0,0.18663879,fast_test,weighted,0.4019046127796173
417-6,417,6,3,0,0.026578706,fast_test,weighted,0.4019046127796173
417-7,417,7,3,0,0.1300444,fast_test,weighted,0.4019046127796173
417-8,417,8,3,0,0.034404535,fast_test,weighted,0.4019046127796173
417-9,417,9,3,0,0.1636601,fast_test,weighted,0.4019046127796173
417-10,417,10,3,0,0.031728804,fast_test,weighted,0.4019046127796173
417-11,417,11,3,0,0.019375663,fast_test,weighted,0.4019046127796173
417-12,417,12,3,0,0.13655059,fast_test,weighted,0.4019046127796173
418-0,418,0,2,0,0.0028654728,fast_test,weighted,0.4574896991252899
418-1,418,1,2,0,0.005568475,fast_test,weighted,0.4574896991252899
418-2,418,2,2,0,0.008077419,fast_test,weighted,0.4574896991252899
418-3,418,3,2,0,0.016566316,fast_test,weighted,0.4574896991252899
418-4,418,4,2,0,0.0029998275,fast_test,weighted,0.4574896991252899
418-5,418,5,2,0,0.0035872532,fast_test,weighted,0.4574896991252899
418-6,418,6,2,0,0.0024921668,fast_test,weighted,0.4574896991252899
418-7,418,7,2,0,0.0030772623,fast_test,weighted,0.4574896991252899
418-8,418,8,2,0,0.017310206,fast_test,weighted,0.4574896991252899
418-9,418,9,2,0,0.011308634,fast_test,weighted,0.4574896991252899
418-10,418,10,2,0,0.0012924764,fast_test,weighted,0.4574896991252899
418-11,418,11,2,0,0.0011373173,fast_test,weighted,0.4574896991252899
418-12,418,12,2,0,0.003382198,fast_test,weighted,0.4574896991252899
419-0,419,0,3,0,0.1200215,fast_test,weighted,0.4019046127796173
419-1,419,1,3,0,0.07454513,fast_test,weighted,0.4019046127796173
419-2,419,2,3,0,0.025845246,fast_test,weighted,0.4019046127796173
419-3,419,3,3,0,0.3129013,fast_test,weighted,0.4019046127796173
419-4,419,4,3,0,0.025835825,fast_test,weighted,0.4019046127796173
419-5,419,5,3,0,0.19503035,fast_test,weighted,0.4019046127796173
419-6,419,6,3,0,0.026792193,fast_test,weighted,0.4019046127796173
419-7,419,7,3,0,0.13060685,fast_test,weighted,0.4019046127796173
419-8,419,8,3,0,0.034569748,fast_test,weighted,0.4019046127796173
419-9,419,9,3,0,0.14145017,fast_test,weighted,0.4019046127796173
419-10,419,10,3,0,0.031063616,fast_test,weighted,0.4019046127796173
419-11,419,11,3,0,0.027791822,fast_test,weighted,0.4019046127796173
419-12,419,12,3,0,0.14117074,fast_test,weighted,0.4019046127796173
420-0,420,0,4,0,0.049713112,fast_test,weighted,0.47652116417884827
420-1,420,1,4,1,0.43042174,fast_test,weighted,0.47652116417884827
420-2,420,2,4,0,0.21407022,fast_test,weighted,0.47652116417884827
420-3,420,3,4,0,0.11855057,fast_test,weighted,0.47652116417884827
420-4,420,4,4,0,0.024989631,fast_test,weighted,0.47652116417884827
420-5,420,5,4,0,0.024585309,fast_test,weighted,0.47652116417884827
420-6,420,6,4,0,0.057884768,fast_test,weighted,0.47652116417884827
420-7,420,7,4,1,0.33862528,fast_test,weighted,0.47652116417884827
420-8,420,8,4,0,0.083784096,fast_test,weighted,0.47652116417884827
420-9,420,9,4,0,0.14225787,fast_test,weighted,0.47652116417884827
420-10,420,10,4,0,0.040578157,fast_test,weighted,0.47652116417884827
420-11,420,11,4,0,0.052887194,fast_test,weighted,0.47652116417884827
420-12,420,12,4,0,0.06688733,fast_test,weighted,0.47652116417884827
421-0,421,0,1,0,0.45888847,fast_test,weighted,0.47783273458480835
421-1,421,1,1,0,0.4421592,fast_test,weighted,0.47783273458480835
421-2,421,2,1,0,0.20314072,fast_test,weighted,0.47783273458480835
421-3,421,3,1,0,0.33090436,fast_test,weighted,0.47783273458480835
421-4,421,4,1,0,0.12264836,fast_test,weighted,0.47783273458480835
421-5,421,5,1,0,0.1351802,fast_test,weighted,0.47783273458480835
421-6,421,6,1,1,0.19993788,fast_test,weighted,0.47783273458480835
421-7,421,7,1,0,0.30980927,fast_test,weighted,0.47783273458480835
421-8,421,8,1,0,0.19879742,fast_test,weighted,0.47783273458480835
421-9,421,9,1,0,0.4449952,fast_test,weighted,0.47783273458480835
421-10,421,10,1,0,0.09636704,fast_test,weighted,0.47783273458480835
421-11,421,11,1,0,0.26586688,fast_test,weighted,0.47783273458480835
421-12,421,12,1,0,0.28645816,fast_test,weighted,0.47783273458480835
422-0,422,0,1,0,0.35048327,fast_test,weighted,0.47783273458480835
422-1,422,1,1,0,0.29498836,fast_test,weighted,0.47783273458480835
422-2,422,2,1,0,0.14226879,fast_test,weighted,0.47783273458480835
422-3,422,3,1,0,0.21708511,fast_test,weighted,0.47783273458480835
422-4,422,4,1,0,0.06872366,fast_test,weighted,0.47783273458480835
422-5,422,5,1,0,0.06777822,fast_test,weighted,0.47783273458480835
422-6,422,6,1,0,0.11448496,fast_test,weighted,0.47783273458480835
422-7,422,7,1,0,0.19622067,fast_test,weighted,0.47783273458480835
422-8,422,8,1,0,0.109874316,fast_test,weighted,0.47783273458480835
422-9,422,9,1,0,0.33782303,fast_test,weighted,0.47783273458480835
422-10,422,10,1,0,0.061869703,fast_test,weighted,0.47783273458480835
422-11,422,11,1,0,0.15793562,fast_test,weighted,0.47783273458480835
422-12,422,12,1,0,0.17920814,fast_test,weighted,0.47783273458480835
423-0,423,0,3,1,0.70128417,fast_test,weighted,0.4019046127796173
423-1,423,1,3,1,0.539713,fast_test,weighted,0.4019046127796173
423-2,423,2,3,0,0.005369743,fast_test,weighted,0.4019046127796173
423-3,423,3,3,0,0.057403207,fast_test,weighted,0.4019046127796173
423-4,423,4,3,1,0.33010924,fast_test,weighted,0.4019046127796173
423-5,423,5,3,0,0.02488691,fast_test,weighted,0.4019046127796173
423-6,423,6,3,0,0.004550112,fast_test,weighted,0.4019046127796173
423-7,423,7,3,1,0.6814893,fast_test,weighted,0.4019046127796173
423-8,423,8,3,0,0.0034828796,fast_test,weighted,0.4019046127796173
423-9,423,9,3,0,0.02907629,fast_test,weighted,0.4019046127796173
423-10,423,10,3,0,0.006612867,fast_test,weighted,0.4019046127796173
423-11,423,11,3,0,0.0037079945,fast_test,weighted,0.4019046127796173
423-12,423,12,3,0,0.019888055,fast_test,weighted,0.4019046127796173
424-0,424,0,4,0,0.41690212,fast_test,weighted,0.47652116417884827
424-1,424,1,4,0,0.52340555,fast_test,weighted,0.47652116417884827
424-2,424,2,4,0,0.8378103,fast_test,weighted,0.47652116417884827
424-3,424,3,4,0,0.64092505,fast_test,weighted,0.47652116417884827
424-4,424,4,4,0,0.29300323,fast_test,weighted,0.47652116417884827
424-5,424,5,4,0,0.27503708,fast_test,weighted,0.47652116417884827
424-6,424,6,4,1,0.035805717,fast_test,weighted,0.47652116417884827
424-7,424,7,4,0,0.41419816,fast_test,weighted,0.47652116417884827
424-8,424,8,4,0,0.61159533,fast_test,weighted,0.47652116417884827
424-9,424,9,4,0,0.7711077,fast_test,weighted,0.47652116417884827
424-10,424,10,4,0,0.15461369,fast_test,weighted,0.47652116417884827
424-11,424,11,4,0,0.4497494,fast_test,weighted,0.47652116417884827
424-12,424,12,4,0,0.5369237,fast_test,weighted,0.47652116417884827
425-0,425,0,3,0,0.029027788,fast_test,weighted,0.4019046127796173
425-1,425,1,3,0,0.015190005,fast_test,weighted,0.4019046127796173
425-2,425,2,3,0,0.00561855,fast_test,weighted,0.4019046127796173
425-3,425,3,3,0,0.05804692,fast_test,weighted,0.4019046127796173
425-4,425,4,3,0,0.004078804,fast_test,weighted,0.4019046127796173
425-5,425,5,3,0,0.025175728,fast_test,weighted,0.4019046127796173
425-6,425,6,3,0,0.004683407,fast_test,weighted,0.4019046127796173
425-7,425,7,3,0,0.016677117,fast_test,weighted,0.4019046127796173
425-8,425,8,3,0,0.0035866224,fast_test,weighted,0.4019046127796173
425-9,425,9,3,0,0.027368033,fast_test,weighted,0.4019046127796173
425-10,425,10,3,0,0.0062016626,fast_test,weighted,0.4019046127796173
425-11,425,11,3,0,0.003751974,fast_test,weighted,0.4019046127796173
425-12,425,12,3,0,0.019795496,fast_test,weighted,0.4019046127796173
426-0,426,0,2,0,0.010833676,fast_test,weighted,0.4574896991252899
426-1,426,1,2,0,0.011722412,fast_test,weighted,0.4574896991252899
426-2,426,2,2,0,0.024511285,fast_test,weighted,0.4574896991252899
426-3,426,3,2,0,0.02762573,fast_test,weighted,0.4574896991252899
426-4,426,4,2,0,0.0050913934,fast_test,weighted,0.4574896991252899
426-5,426,5,2,1,0.5461724,fast_test,weighted,0.4574896991252899
426-6,426,6,2,0,0.006134946,fast_test,weighted,0.4574896991252899
426-7,426,7,2,0,0.006676438,fast_test,weighted,0.4574896991252899
426-8,426,8,2,0,0.037212938,fast_test,weighted,0.4574896991252899
426-9,426,9,2,1,0.74218917,fast_test,weighted,0.4574896991252899
426-10,426,10,2,0,0.0035937426,fast_test,weighted,0.4574896991252899
426-11,426,11,2,0,0.0023419145,fast_test,weighted,0.4574896991252899
426-12,426,12,2,0,0.0069875475,fast_test,weighted,0.4574896991252899
427-0,427,0,1,0,0.74564236,fast_test,weighted,0.47783273458480835
427-1,427,1,1,0,0.7531834,fast_test,weighted,0.47783273458480835
427-2,427,2,1,0,0.50226325,fast_test,weighted,0.47783273458480835
427-3,427,3,1,1,0.19336991,fast_test,weighted,0.47783273458480835
427-4,427,4,1,0,0.25711384,fast_test,weighted,0.47783273458480835
427-5,427,5,1,0,0.3383456,fast_test,weighted,0.47783273458480835
427-6,427,6,1,0,0.28400016,fast_test,weighted,0.47783273458480835
427-7,427,7,1,0,0.592477,fast_test,weighted,0.47783273458480835
427-8,427,8,1,0,0.2669945,fast_test,weighted,0.47783273458480835
427-9,427,9,1,0,0.7266659,fast_test,weighted,0.47783273458480835
427-10,427,10,1,0,0.118117705,fast_test,weighted,0.47783273458480835
427-11,427,11,1,0,0.48892605,fast_test,weighted,0.47783273458480835
427-12,427,12,1,0,0.4329698,fast_test,weighted,0.47783273458480835
