id,case_id,rater_id,y_true,predicted_probability,fold
1-0,1,0,0,0.16202176,3
1-1,1,1,0,0.093132466,3
1-2,1,2,0,0.038146403,3
1-3,1,3,0,0.2813544,3
1-4,1,4,0,0.043466967,3
1-5,1,5,0,0.23863618,3
1-6,1,6,0,0.032959834,3
1-7,1,7,0,0.11647372,3
1-8,1,8,0,0.042449694,3
1-9,1,9,0,0.18051028,3
1-10,1,10,0,0.041213933,3
1-11,1,11,1,0.08449571,3
1-12,1,12,0,0.16909383,3
2-0,2,0,1,0.83782,5
2-1,2,1,1,0.94302446,5
2-2,2,2,1,0.7667988,5
2-3,2,3,0,0.010444637,5
2-4,2,4,0,0.0023451596,5
2-5,2,5,1,0.1907237,5
2-6,2,6,0,0.008024878,5
2-7,2,7,1,0.9176897,5
2-8,2,8,1,0.86654276,5
2-9,2,9,0,0.0039166706,5
2-10,2,10,0,0.0024464128,5
2-11,2,11,1,0.81532943,5
2-12,2,12,1,0.9001615,5
3-0,3,0,0,0.077358924,3
3-1,3,1,0,0.054509986,3
3-2,3,2,0,0.020557972,3
3-3,3,3,0,0.20291263,3
3-4,3,4,0,0.020177456,3
3-5,3,5,0,0.12665978,3
3-6,3,6,1,0.20454298,3
3-7,3,7,0,0.04957401,3
3-8,3,8,0,0.0137971165,3
3-9,3,9,0,0.11494395,3
3-10,3,10,0,0.022870693,3
3-11,3,11,0,0.019367745,3
3-12,3,12,0,0.0776514,3
4-0,4,0,0,0.0025726638,4
4-1,4,1,0,0.0021922376,4
4-2,4,2,0,0.00973336,4
4-3,4,3,1,0.8671155,4
4-4,4,4,0,0.0016249671,4
4-5,4,5,1,0.6490225,4
4-6,4,6,1,0.79453856,4
4-7,4,7,0,0.0023832414,4
4-8,4,8,1,0.8881276,4
4-9,4,9,0,0.0075832927,4
4-10,4,10,0,0.0024353212,4
4-11,4,11,1,0.81046104,4
4-12,4,12,1,0.82642365,4
5-0,5,0,0,0.14780094,4
5-1,5,1,0,0.24148513,4
5-2,5,2,0,0.5995951,4
5-3,5,3,0,0.33906093,4
5-4,5,4,0,0.103304975,4
5-5,5,5,0,0.12594797,4
5-6,5,6,1,0.35467467,4
5-7,5,7,0,0.13980323,4
5-8,5,8,0,0.32330433,4
5-9,5,9,0,0.48436058,4
5-10,5,10,0,0.067178756,4
5-11,5,11,0,0.23187119,4
5-12,5,12,0,0.25705293,4
6-0,6,0,0,0.7399224,1
6-1,6,1,0,0.7451556,1
6-2,6,2,0,0.48102427,1
6-3,6,3,0,0.52362674,1
6-4,6,4,0,0.27800775,1
6-5,6,5,0,0.33359268,1
6-6,6,6,1,0.044870462,1
6-7,6,7,0,0.58644164,1
6-8,6,8,0,0.26253527,1
6-9,6,9,0,0.7493969,1
6-10,6,10,1,0.034195557,1
6-11,6,11,1,0.077576,1
6-12,6,12,0,0.43051672,1
7-0,7,0,0,0.0383967,4
7-1,7,1,0,0.054168627,4
7-2,7,2,0,0.20910895,4
7-3,7,3,0,0.11961562,4
7-4,7,4,0,0.024989631,4
7-5,7,5,0,0.024829961,4
7-6,7,6,1,0.329671,4
7-7,7,7,0,0.028497448,4
7-8,7,8,0,0.08802782,4
7-9,7,9,0,0.14225787,4
7-10,7,10,1,0.09282585,4
7-11,7,11,0,0.06507689,4
7-12,7,12,0,0.065653056,4
8-0,8,0,0,0.05753735,3
8-1,8,1,0,0.035138775,3
8-2,8,2,0,0.008626796,3
8-3,8,3,0,0.08266999,3
8-4,8,4,0,0.011422909,3
8-5,8,5,0,0.07293815,3
8-6,8,6,0,0.008993096,3
8-7,8,7,0,0.028032798,3
8-8,8,8,0,0.0075824787,3
8-9,8,9,0,0.06064177,3
8-10,8,10,0,0.01247006,3
8-11,8,11,0,0.010289617,3
8-12,8,12,0,0.04264795,3
9-0,9,0,0,0.0925274,3
9-1,9,1,0,0.094369516,3
9-2,9,2,0,0.02996728,3
9-3,9,3,0,0.16664052,3
9-4,9,4,1,0.16719975,3
9-5,9,5,1,0.6028759,3
9-6,9,6,0,0.028812367,3
9-7,9,7,0,0.063709736,3
9-8,9,8,1,0.17420162,3
9-9,9,9,1,0.550059,3
9-10,9,10,1,0.08071624,3
9-11,9,11,0,0.03872337,3
9-12,9,12,0,0.13683176,3
10-0,10,0,0,0.026736686,3
10-1,10,1,1,0.7654612,3
10-2,10,2,0,0.0053144153,3
10-3,10,3,0,0.059054933,3
10-4,10,4,0,0.0055690664,3
10-5,10,5,1,0.90782195,3
10-6,10,6,0,0.004761123,3
10-7,10,7,0,0.016752666,3
10-8,10,8,1,0.5448196,3
10-9,10,9,0,0.029855533,3
10-10,10,10,1,0.26544204,3
10-11,10,11,0,0.004943386,3
10-12,10,12,1,0.8006293,3
11-0,11,0,0,0.0018822325,5
11-1,11,1,0,0.0039899256,5
11-2,11,2,0,0.0013954273,5
11-3,11,3,0,0.005816843,5
11-4,11,4,0,0.0022963372,5
11-5,11,5,0,0.0030018245,5
11-6,11,6,0,0.008024878,5
11-7,11,7,0,0.003437037,5
11-8,11,8,0,0.0021555228,5
11-9,11,9,1,0.94486415,5
11-10,11,10,0,0.0019787664,5
11-11,11,11,0,0.001606873,5
11-12,11,12,0,0.004572115,5
12-0,12,0,0,0.07720843,3
12-1,12,1,0,0.0810334,3
12-2,12,2,0,0.0245687,3
12-3,12,3,0,0.14292166,3
12-4,12,4,0,0.026859948,3
12-5,12,5,0,0.16032785,3
12-6,12,6,0,0.02129717,3
12-7,12,7,0,0.10674937,3
12-8,12,8,0,0.029466566,3
12-9,12,9,0,0.15030183,3
12-10,12,10,0,0.021746755,3
12-11,12,11,0,0.026712462,3
12-12,12,12,0,0.12062517,3
13-0,13,0,0,0.5032041,2
13-1,13,1,0,0.7956579,2
13-2,13,2,0,0.81028175,2
13-3,13,3,0,0.9219199,2
13-4,13,4,0,0.57847863,2
13-5,13,5,0,0.7638269,2
13-6,13,6,0,0.17818525,2
13-7,13,7,0,0.6693837,2
13-8,13,8,0,0.92597055,2
13-9,13,9,0,0.903274,2
13-10,13,10,0,0.31502023,2
13-11,13,11,0,0.38924542,2
13-12,13,12,0,0.68127376,2
14-0,14,0,0,0.0021022144,4
14-1,14,1,0,0.0015979992,4
14-2,14,2,0,0.007657558,4
14-3,14,3,0,0.003869211,4
14-4,14,4,0,0.0013334932,4
14-5,14,5,0,0.0007005135,4
14-6,14,6,0,0.0023908834,4
14-7,14,7,0,0.0020275463,4
14-8,14,8,0,0.0049726507,4
14-9,14,9,0,0.006027966,4
14-10,14,10,0,0.0017153535,4
14-11,14,11,0,0.002101506,4
14-12,14,12,0,0.0027880894,4
15-0,15,0,1,0.16934773,3
15-1,15,1,1,0.1411351,3
15-2,15,2,1,0.046096366,3
15-3,15,3,1,0.4277772,3
15-4,15,4,1,0.051607933,3
15-5,15,5,1,0.27338728,3
15-6,15,6,1,0.039305862,3
15-7,15,7,1,0.1708813,3
15-8,15,8,1,0.050527394,3
15-9,15,9,0,0.35820207,3
15-10,15,10,1,0.042875387,3
15-11,15,11,1,0.057264633,3
15-12,15,12,1,0.19305755,3
16-0,16,0,0,0.0880947,5
16-1,16,1,0,0.25257412,5
16-2,16,2,0,0.09230267,5
16-3,16,3,0,0.15635586,5
16-4,16,4,0,0.1238049,5
16-5,16,5,0,0.049587596,5
16-6,16,6,0,0.29800943,5
16-7,16,7,0,0.16844656,5
16-8,16,8,0,0.13134775,5
16-9,16,9,0,0.25639504,5
16-10,16,10,0,0.019793335,5
16-11,16,11,0,0.09230267,5
16-12,16,12,0,0.18652523,5
17-0,17,0,0,0.93021774,1
17-1,17,1,0,0.93452746,1
17-2,17,2,0,0.8132048,1
17-3,17,3,1,0.009670965,1
17-4,17,4,0,0.6931909,1
17-5,17,5,1,0.0030448907,1
17-6,17,6,1,0.0042434707,1
17-7,17,7,0,0.8526207,1
17-8,17,8,1,0.004042863,1
17-9,17,9,0,0.94352925,1
17-10,17,10,1,0.003471893,1
17-11,17,11,1,0.007354928,1
17-12,17,12,1,0.007475948,1
18-0,18,0,0,0.15985376,5
18-1,18,1,0,0.4038054,5
18-2,18,2,0,0.16572824,5
18-3,18,3,0,0.35141817,5
18-4,18,4,0,0.22054121,5
18-5,18,5,0,0.094594054,5
18-6,18,6,0,0.5086653,5
18-7,18,7,0,0.19370535,5
18-8,18,8,0,0.25130448,5
18-9,18,9,0,0.40866327,5
18-10,18,10,0,0.068874784,5
18-11,18,11,0,0.18479227,5
18-12,18,12,0,0.37211663,5
19-0,19,0,0,0.051474035,2
19-1,19,1,0,0.13855213,2
19-2,19,2,0,0.16811176,2
19-3,19,3,0,0.2207865,2
19-4,19,4,0,0.05269311,2
19-5,19,5,0,0.07959688,2
19-6,19,6,0,0.043722104,2
19-7,19,7,0,0.031529985,2
19-8,19,8,0,0.24766892,2
19-9,19,9,0,0.19246213,2
19-10,19,10,0,0.024756541,2
19-11,19,11,0,0.026131641,2
19-12,19,12,0,0.06880299,2
20-0,20,0,0,0.0018822325,5
20-1,20,1,0,0.0048008002,5
20-2,20,2,0,0.0013954273,5
20-3,20,3,0,0.005816843,5
20-4,20,4,0,0.0017940003,5
20-5,20,5,0,0.0030588505,5
20-6,20,6,0,0.008195243,5
20-7,20,7,0,0.003437037,5
20-8,20,8,0,0.0021837624,5
20-9,20,9,0,0.0047968994,5
20-10,20,10,0,0.0018495886,5
20-11,20,11,0,0.0015459711,5
20-12,20,12,0,0.004572115,5
21-0,21,0,0,0.31825402,5
21-1,21,1,0,0.6124912,5
21-2,21,2,0,0.29191783,5
21-3,21,3,0,0.44605437,5
21-4,21,4,0,0.38838062,5
21-5,21,5,0,0.21443237,5
21-6,21,6,0,0.5849645,5
21-7,21,7,0,0.33417794,5
21-8,21,8,0,0.39748204,5
21-9,21,9,0,0.6172603,5
21-10,21,10,0,0.15674627,5
21-11,21,11,0,0.31225148,5
21-12,21,12,0,0.52295303,5
22-0,22,0,0,0.8012498,1
22-1,22,1,0,0.80728537,1
22-2,22,2,1,0.09903359,1
22-3,22,3,0,0.60900617,1
22-4,22,4,0,0.35301632,1
22-5,22,5,0,0.41808566,1
22-6,22,6,0,0.33812472,1
22-7,22,7,0,0.65198934,1
22-8,22,8,0,0.3310334,1
22-9,22,9,0,0.8110337,1
22-10,22,10,0,0.15620261,1
22-11,22,11,0,0.603426,1
22-12,22,12,0,0.51400435,1
23-0,23,0,0,0.9353287,1
23-1,23,1,0,0.9385207,1
23-2,23,2,0,0.8231975,1
23-3,23,3,1,0.048475184,1
23-4,23,4,0,0.7115081,1
23-5,23,5,0,0.7132362,1
23-6,23,6,0,0.64001834,1
23-7,23,7,0,0.86641794,1
23-8,23,8,0,0.6326474,1
23-9,23,9,0,0.9453266,1
23-10,23,10,0,0.45982644,1
23-11,23,11,0,0.8388447,1
23-12,23,12,0,0.78345746,1
24-0,24,0,0,0.3377812,1
24-1,24,1,0,0.37456384,1
24-2,24,2,0,0.15808673,1
24-3,24,3,0,0.20608664,1
24-4,24,4,0,0.07986246,1
24-5,24,5,0,0.092073545,1
24-6,24,6,1,0.1635879,1
24-7,24,7,0,0.18846314,1
24-8,24,8,0,0.11265105,1
24-9,24,9,0,0.3772595,1
24-10,24,10,0,0.05530076,1
24-11,24,11,0,0.21000068,1
24-12,24,12,0,0.18011335,1
25-0,25,0,0,0.04146428,2
25-1,25,1,0,0.082084045,2
25-2,25,2,0,0.103838906,2
25-3,25,3,0,0.17625839,2
25-4,25,4,0,0.022669733,2
25-5,25,5,0,0.046720415,2
25-6,25,6,0,0.021649811,2
25-7,25,7,0,0.025959238,2
25-8,25,8,0,0.1887393,2
25-9,25,9,0,0.14788543,2
25-10,25,10,0,0.010372434,2
25-11,25,11,0,0.015649958,2
25-12,25,12,0,0.049528595,2
26-0,26,0,0,0.249857,1
26-1,26,1,0,0.28335166,1
26-2,26,2,0,0.118573375,1
26-3,26,3,0,0.1701512,1
26-4,26,4,0,0.05419609,1
26-5,26,5,0,0.06275027,1
26-6,26,6,0,0.079636134,1
26-7,26,7,0,0.16062357,1
26-8,26,8,0,0.077332534,1
26-9,26,9,0,0.2526047,1
26-10,26,10,0,0.042095285,1
26-11,26,11,0,0.14929643,1
26-12,26,12,0,0.12788154,1
27-0,27,0,0,0.08383047,1
27-1,27,1,0,0.091157936,1
27-2,27,2,0,0.030535052,1
27-3,27,3,0,0.045814216,1
27-4,27,4,0,0.016729292,1
27-5,27,5,0,0.016546758,1
27-6,27,6,0,0.024254039,1
27-7,27,7,0,0.04209517,1
27-8,27,8,0,0.023814784,1
27-9,27,9,0,0.09211442,1
27-10,27,10,1,0.09454836,1
27-11,27,11,0,0.04268144,1
27-12,27,12,0,0.040848862,1
28-0,28,0,0,0.29426843,2
28-1,28,1,0,0.5760333,2
28-2,28,2,1,0.23497343,2
28-3,28,3,0,0.8102889,2
28-4,28,4,1,0.0727737,2
28-5,28,5,1,0.1182942,2
28-6,28,6,0,0.06737251,2
28-7,28,7,0,0.39492998,2
28-8,28,8,0,0.8071367,2
28-9,28,9,0,0.78143466,2
28-10,28,10,0,0.16491684,2
28-11,28,11,0,0.16809894,2
28-12,28,12,0,0.40335533,2
29-0,29,0,1,0.114842564,3
29-1,29,1,1,0.09264324,3
29-2,29,2,0,0.06784455,3
29-3,29,3,1,0.202544,3
29-4,29,4,0,0.07458939,3
29-5,29,5,1,0.14680855,3
29-6,29,6,1,0.024791082,3
29-7,29,7,1,0.113520004,3
29-8,29,8,1,0.027847696,3
29-9,29,9,1,0.12877472,3
29-10,29,10,0,0.031863526,3
29-11,29,11,1,0.03636917,3
29-12,29,12,1,0.13178343,3
30-0,30,0,0,0.004474763,2
30-1,30,1,0,0.011662202,2
30-2,30,2,0,0.012488994,2
30-3,30,3,0,0.010234937,2
30-4,30,4,0,0.0044302624,2
30-5,30,5,0,0.006114581,2
30-6,30,6,0,0.0034425799,2
30-7,30,7,0,0.0034034662,2
30-8,30,8,0,0.023553722,2
30-9,30,9,0,0.019030873,2
30-10,30,10,0,0.0016199287,2
30-11,30,11,0,0.0022135328,2
30-12,30,12,0,0.004531782,2
31-0,31,0,0,0.0021233985,4
31-1,31,1,0,0.0016141105,4
31-2,31,2,0,0.007835845,4
31-3,31,3,0,0.004077598,4
31-4,31,4,0,0.0011456863,4
31-5,31,5,0,0.0007241744,4
31-6,31,6,0,0.002342731,4
31-7,31,7,0,0.0020275463,4
31-8,31,8,0,0.0051162844,4
31-9,31,9,0,0.006088469,4
31-10,31,10,0,0.0017918326,4
31-11,31,11,0,0.002101506,4
31-12,31,12,0,0.0029122573,4
32-0,32,0,1,0.09689219,2
32-1,32,1,0,0.30924046,2
32-2,32,2,0,0.42288643,2
32-3,32,3,1,0.46114036,2
32-4,32,4,1,0.08858395,2
32-5,32,5,1,0.17637503,2
32-6,32,6,0,0.091461994,2
32-7,32,7,0,0.16116036,2
32-8,32,8,1,0.5026382,2
32-9,32,9,1,0.4712573,2
32-10,32,10,1,0.04316725,2
32-11,32,11,1,0.049475677,2
32-12,32,12,1,0.14476925,2
33-0,33,0,0,0.16934773,3
33-1,33,1,0,0.1411351,3
33-2,33,2,0,0.046096366,3
33-3,33,3,0,0.41682118,3
33-4,33,4,0,0.051727768,3
33-5,33,5,0,0.30530283,3
33-6,33,6,0,0.039305862,3
33-7,33,7,0,0.17393363,3
33-8,33,8,0,0.051028725,3
33-9,33,9,0,0.25953043,3
33-10,33,10,1,0.038567986,3
33-11,33,11,1,0.098278984,3
33-12,33,12,1,0.2298937,3
34-0,34,0,1,0.3572245,4
34-1,34,1,1,0.52340555,4
34-2,34,2,0,0.15276703,4
34-3,34,3,1,0.642485,4
34-4,34,4,0,0.013024467,4
34-5,34,5,1,0.2736864,4
34-6,34,6,0,0.042017136,4
34-7,34,7,0,0.030323045,4
34-8,34,8,1,0.61320573,4
34-9,34,9,1,0.7733562,4
34-10,34,10,0,0.026963882,4
34-11,34,11,1,0.5075527,4
34-12,34,12,0,0.04608275,4
35-0,35,0,0,0.002066944,4
35-1,35,1,0,0.0016811641,4
35-2,35,2,0,0.00792237,4
35-3,35,3,0,0.003752252,4
35-4,35,4,0,0.0011743881,4
35-5,35,5,1,0.83526945,4
35-6,35,6,1,0.9147098,4
35-7,35,7,0,0.0018456772,4
35-8,35,8,1,0.9560127,4
35-9,35,9,0,0.005493102,4
35-10,35,10,1,0.700599,4
35-11,35,11,0,0.002161135,4
35-12,35,12,0,0.0026686557,4
36-0,36,0,0,0.0020861072,5
36-1,36,1,1,0.8912411,5
36-2,36,2,0,0.0015952901,5
36-3,36,3,1,0.9213964,5
36-4,36,4,0,0.0013674665,5
36-5,36,5,1,0.09189085,5
36-6,36,6,0,0.0069218096,5
36-7,36,7,0,0.0029627103,5
36-8,36,8,1,0.8252864,5
36-9,36,9,1,0.893178,5
36-10,36,10,1,0.07151164,5
36-11,36,11,1,0.69436866,5
36-12,36,12,1,0.8657308,5
37-0,37,0,0,0.35886467,5
37-1,37,1,1,0.050007537,5
37-2,37,2,0,0.38027552,5
37-3,37,3,0,0.5373377,5
37-4,37,4,0,0.47700533,5
37-5,37,5,1,0.018044386,5
37-6,37,6,1,0.06463219,5
37-7,37,7,0,0.6091568,5
37-8,37,8,0,0.488575,5
37-9,37,9,0,0.67864084,5
37-10,37,10,0,0.09458128,5
37-11,37,11,0,0.4056328,5
37-12,37,12,1,0.040080752,5
38-0,38,0,0,0.14492041,3
38-1,38,1,0,0.114197105,3
38-2,38,2,1,0.25970554,3
38-3,38,3,0,0.25549802,3
38-4,38,4,0,0.031608,3
38-5,38,5,1,0.74745727,3
38-6,38,6,0,0.0326327,3
38-7,38,7,0,0.13422288,3
38-8,38,8,0,0.036163755,3
38-9,38,9,0,0.2156692,3
38-10,38,10,0,0.037749633,3
38-11,38,11,0,0.045486942,3
38-12,38,12,0,0.15523373,3
39-0,39,0,0,0.12275932,4
39-1,39,1,0,0.23341185,4
39-2,39,2,0,0.59121305,4
39-3,39,3,0,0.24824396,4
39-4,39,4,0,0.09987638,4
39-5,39,5,0,0.11901315,4
39-6,39,6,0,0.20704411,4
39-7,39,7,0,0.16394113,4
39-8,39,8,0,0.30709112,4
39-9,39,9,0,0.47428855,4
39-10,39,10,0,0.060209975,4
39-11,39,11,1,0.3387751,4
39-12,39,12,0,0.2470869,4
40-0,40,0,0,0.09995739,2
40-1,40,1,0,0.22171114,2
40-2,40,2,0,0.41262075,2
40-3,40,3,0,0.36916077,2
40-4,40,4,0,0.062746875,2
40-5,40,5,0,0.177347,2
40-6,40,6,0,0.041130334,2
40-7,40,7,0,0.08288283,2
40-8,40,8,0,0.49857518,2
40-9,40,9,0,0.33547544,2
40-10,40,10,0,0.044127215,2
40-11,40,11,0,0.049790613,2
40-12,40,12,0,0.1344425,2
41-0,41,0,0,0.6993659,3
41-1,41,1,1,0.13622423,3
41-2,41,2,0,0.33649403,3
41-3,41,3,1,0.35230273,3
41-4,41,4,0,0.38548952,3
41-5,41,5,1,0.29594433,3
41-6,41,6,1,0.039281003,3
41-7,41,7,1,0.17115355,3
41-8,41,8,0,0.37173936,3
41-9,41,9,1,0.1983161,3
41-10,41,10,1,0.052047025,3
41-11,41,11,1,0.057812534,3
41-12,41,12,1,0.20586331,3
42-0,42,0,0,0.5714754,1
42-1,42,1,0,0.63286537,1
42-2,42,2,0,0.3552014,1
42-3,42,3,0,0.3443317,1
42-4,42,4,0,0.15117423,1
42-5,42,5,0,0.22929537,1
42-6,42,6,0,0.15367614,1
42-7,42,7,0,0.39122072,1
42-8,42,8,0,0.17895192,1
42-9,42,9,0,0.58407444,1
42-10,42,10,0,0.09114107,1
42-11,42,11,0,0.3895719,1
42-12,42,12,0,0.30260912,1
43-0,43,0,0,0.014467876,5
43-1,43,1,0,0.04656059,5
43-2,43,2,0,0.01346488,5
43-3,43,3,0,0.06959032,5
43-4,43,4,0,0.011973028,5
43-5,43,5,0,0.016761731,5
43-6,43,6,0,0.06024112,5
43-7,43,7,0,0.023578228,5
43-8,43,8,1,0.5184235,5
43-9,43,9,0,0.047462873,5
43-10,43,10,0,0.010470716,5
43-11,43,11,0,0.014396667,5
43-12,43,12,0,0.032439116,5
44-0,44,0,0,0.019812541,1
44-1,44,1,1,0.93452746,1
44-2,44,2,0,0.007065237,1
44-3,44,3,0,0.009670965,1
44-4,44,4,0,0.0033615876,1
44-5,44,5,0,0.0030448907,1
44-6,44,6,0,0.0042434707,1
44-7,44,7,0,0.011391586,1
44-8,44,8,0,0.004042863,1
44-9,44,9,0,0.017849257,1
44-10,44,10,0,0.004556715,1
44-11,44,11,0,0.007354928,1
44-12,44,12,0,0.007475948,1
45-0,45,0,0,0.0076275384,2
45-1,45,1,0,0.017649887,2
45-2,45,2,0,0.014204927,2
45-3,45,3,0,0.023623155,2
45-4,45,4,0,0.005386307,2
45-5,45,5,0,0.013615321,2
45-6,45,6,0,0.005169175,2
45-7,45,7,0,0.0043473057,2
45-8,45,8,0,0.037212938,2
45-9,45,9,0,0.032509044,2
45-10,45,10,0,0.0038508668,2
45-11,45,11,0,0.0036255196,2
45-12,45,12,0,0.008551334,2
46-0,46,0,0,0.087430075,5
46-1,46,1,0,0.24629675,5
46-2,46,2,0,0.08638547,5
46-3,46,3,0,0.21708365,5
46-4,46,4,0,0.06825719,5
46-5,46,5,0,0.04422908,5
46-6,46,6,0,0.31114507,5
46-7,46,7,0,0.10829279,5
46-8,46,8,0,0.1419496,5
46-9,46,9,0,0.16943085,5
46-10,46,10,0,0.025325825,5
46-11,46,11,0,0.09738796,5
46-12,46,12,0,0.21115324,5
47-0,47,0,0,0.047315784,1
47-1,47,1,0,0.041729134,1
47-2,47,2,0,0.012894811,1
47-3,47,3,0,0.028954407,1
47-4,47,4,0,0.008010584,1
47-5,47,5,0,0.008859766,1
47-6,47,6,0,0.009707578,1
47-7,47,7,0,0.018968996,1
47-8,47,8,0,0.009251058,1
47-9,47,9,0,0.054643884,1
47-10,47,10,0,0.008157799,1
47-11,47,11,0,0.017191237,1
47-12,47,12,0,0.017471258,1
48-0,48,0,0,0.5064258,5
48-1,48,1,0,0.77105755,5
48-2,48,2,0,0.4016903,5
48-3,48,3,0,0.7829722,5
48-4,48,4,0,0.59314394,5
48-5,48,5,0,0.04160901,5
48-6,48,6,0,0.8121086,5
48-7,48,7,0,0.60344875,5
48-8,48,8,0,0.56947464,5
48-9,48,9,0,0.7926101,5
48-10,48,10,0,0.03458602,5
48-11,48,11,0,0.49834526,5
48-12,48,12,0,0.71241534,5
49-0,49,0,0,0.009728177,3
49-1,49,1,0,0.0058491286,3
49-2,49,2,0,0.0021972845,3
49-3,49,3,0,0.023380253,3
49-4,49,4,0,0.0017511718,3
49-5,49,5,0,0.012445509,3
49-6,49,6,0,0.0018305235,3
49-7,49,7,0,0.0069421087,3
49-8,49,8,0,0.0014546161,3
49-9,49,9,0,0.01160255,3
49-10,49,10,0,0.0022150278,3
49-11,49,11,0,0.0018718732,3
49-12,49,12,0,0.0078069633,3
50-0,50,0,0,0.12628633,2
50-1,50,1,0,0.23660612,2
50-2,50,2,0,0.32406518,2
50-3,50,3,0,0.42084497,2
50-4,50,4,0,0.09493202,2
50-5,50,5,0,0.1519442,2
50-6,50,6,0,0.066774786,2
50-7,50,7,1,0.10475761,2
50-8,50,8,1,0.41930753,2
50-9,50,9,1,0.40833703,2
50-10,50,10,0,0.043061502,2
50-11,50,11,0,0.043427054,2
50-12,50,12,0,0.15770188,2
51-0,51,0,0,0.0462847,2
51-1,51,1,0,0.10006778,2
51-2,51,2,0,0.1082461,2
51-3,51,3,0,0.13112453,2
51-4,51,4,0,0.038178258,2
51-5,51,5,0,0.056654744,2
51-6,51,6,0,0.030433401,2
51-7,51,7,0,0.02677122,2
51-8,51,8,0,0.19093773,2
51-9,51,9,0,0.160872,2
51-10,51,10,0,0.012409145,2
51-11,51,11,0,0.01958605,2
51-12,51,12,0,0.05100843,2
52-0,52,0,1,0.112522386,5
52-1,52,1,1,0.27869627,5
52-2,52,2,0,0.08379774,5
52-3,52,3,1,0.349891,5
52-4,52,4,1,0.13619378,5
52-5,52,5,1,0.05399804,5
52-6,52,6,0,0.32700846,5
52-7,52,7,1,0.16582704,5
52-8,52,8,0,0.11552388,5
52-9,52,9,1,0.28276289,5
52-10,52,10,0,0.05169348,5
52-11,52,11,1,0.101658076,5
52-12,52,12,0,0.20737058,5
53-0,53,0,1,0.56486654,3
53-1,53,1,0,0.060318246,3
53-2,53,2,0,0.021909896,3
53-3,53,3,1,0.84477895,3
53-4,53,4,0,0.021327201,3
53-5,53,5,1,0.75580645,3
53-6,53,6,1,0.21622406,3
53-7,53,7,1,0.61585385,3
53-8,53,8,1,0.26271406,3
53-9,53,9,0,0.11711273,3
53-10,53,10,1,0.09425941,3
53-11,53,11,1,0.31299007,3
53-12,53,12,1,0.5525564,3
54-0,54,0,0,0.098782204,3
54-1,54,1,0,0.08357902,3
54-2,54,2,0,0.026509304,3
54-3,54,3,0,0.30972904,3
54-4,54,4,0,0.018133145,3
54-5,54,5,0,0.2122226,3
54-6,54,6,0,0.022985455,3
54-7,54,7,0,0.12000792,3
54-8,54,8,0,0.03958112,3
54-9,54,9,0,0.16949792,3
54-10,54,10,0,0.03773902,3
54-11,54,11,0,0.036936503,3
54-12,54,12,0,0.13339,3
55-0,55,0,0,0.2564634,5
55-1,55,1,0,0.53871506,5
55-2,55,2,0,0.15664847,5
55-3,55,3,0,0.3730275,5
55-4,55,4,0,0.2220409,5
55-5,55,5,0,0.1732812,5
55-6,55,6,0,0.5013889,5
55-7,55,7,0,0.43761963,5
55-8,55,8,0,0.3479576,5
55-9,55,9,0,0.5437158,5
55-10,55,10,0,0.13568066,5
55-11,55,11,0,0.24423282,5
55-12,55,12,0,0.3457102,5
56-0,56,0,1,0.19029766,1
56-1,56,1,1,0.22592764,1
56-2,56,2,1,0.08079436,1
56-3,56,3,1,0.109435335,1
56-4,56,4,1,0.034887362,1
56-5,56,5,1,0.047821674,1
56-6,56,6,1,0.078161195,1
56-7,56,7,1,0.1609903,1
56-8,56,8,0,0.06386166,1
56-9,56,9,0,0.16964972,1
56-10,56,10,1,0.043032195,1
56-11,56,11,1,0.14189579,1
56-12,56,12,1,0.111177415,1
57-0,57,0,0,0.21184291,3
57-1,57,1,0,0.14658238,3
57-2,57,2,0,0.049463492,3
57-3,57,3,0,0.42761138,3
57-4,57,4,0,0.047478743,3
57-5,57,5,1,0.78792745,3
57-6,57,6,0,0.045586906,3
57-7,57,7,0,0.18360323,3
57-8,57,8,0,0.052561518,3
57-9,57,9,0,0.25361845,3
57-10,57,10,0,0.046018608,3
57-11,57,11,0,0.060843118,3
57-12,57,12,0,0.21488473,3
58-0,58,0,1,0.4788414,2
58-1,58,1,1,0.8050582,2
58-2,58,2,1,0.9101069,2
58-3,58,3,1,0.79599947,2
58-4,58,4,1,0.42537975,2
58-5,58,5,1,0.75661343,2
58-6,58,6,1,0.1869652,2
58-7,58,7,1,0.6378809,2
58-8,58,8,1,0.92990416,2
58-9,58,9,1,0.89441395,2
58-10,58,10,1,0.4011969,2
58-11,58,11,1,0.40332136,2
58-12,58,12,1,0.69391173,2
59-0,59,0,1,0.1824152,2
59-1,59,1,1,0.30449757,2
59-2,59,2,1,0.4010536,2
59-3,59,3,1,0.36900872,2
59-4,59,4,1,0.10777318,2
59-5,59,5,1,0.16221489,2
59-6,59,6,1,0.08410638,2
59-7,59,7,1,0.14768438,2
59-8,59,8,1,0.5074296,2
59-9,59,9,0,0.44866475,2
59-10,59,10,1,0.054945495,2
59-11,59,11,1,0.058237974,2
59-12,59,12,1,0.19478406,2
60-0,60,0,0,0.08383047,1
60-1,60,1,0,0.091157936,1
60-2,60,2,0,0.030212032,1
60-3,60,3,0,0.050845478,1
60-4,60,4,0,0.015020468,1
60-5,60,5,0,0.016546758,1
60-6,60,6,0,0.024254039,1
60-7,60,7,1,0.6572713,1
60-8,60,8,1,0.36065397,1
60-9,60,9,0,0.08252386,1
60-10,60,10,0,0.018627908,1
60-11,60,11,1,0.6030019,1
60-12,60,12,0,0.040848862,1
61-0,61,0,0,0.1942754,1
61-1,61,1,0,0.2103976,1
61-2,61,2,1,0.5184157,1
61-3,61,3,0,0.1245262,1
61-4,61,4,0,0.038632326,1
61-5,61,5,0,0.043215353,1
61-6,61,6,0,0.063616514,1
61-7,61,7,1,0.6192989,1
61-8,61,8,0,0.061863087,1
61-9,61,9,0,0.21161257,1
61-10,61,10,1,0.12556067,1
61-11,61,11,1,0.55227554,1
61-12,61,12,0,0.10426595,1
62-0,62,0,0,0.00082340685,5
62-1,62,1,0,0.002020174,5
62-2,62,2,0,0.0010279214,5
62-3,62,3,0,0.0042652967,5
62-4,62,4,0,0.00070664054,5
62-5,62,5,0,0.00125457,5
62-6,62,6,0,0.0031702602,5
62-7,62,7,0,0.0013064954,5
62-8,62,8,0,0.0024779802,5
62-9,62,9,0,0.0020611873,5
62-10,62,10,0,0.00094820117,5
62-11,62,11,1,0.8744102,5
62-12,62,12,0,0.0018963722,5
63-0,63,0,0,0.34264252,1
63-1,63,1,0,0.38584256,1
63-2,63,2,0,0.1662193,1
63-3,63,3,0,0.21284138,1
63-4,63,4,0,0.07842134,1
63-5,63,5,0,0.09413718,1
63-6,63,6,0,0.13248038,1
63-7,63,7,0,0.22633605,1
63-8,63,8,0,0.12909056,1
63-9,63,9,0,0.38627103,1
63-10,63,10,0,0.08085019,1
63-11,63,11,0,0.21501507,1
63-12,63,12,0,0.20919476,1
64-0,64,0,0,0.087430075,5
64-1,64,1,0,0.24629675,5
64-2,64,2,0,0.09738796,5
64-3,64,3,0,0.3289619,5
64-4,64,4,0,0.072113164,5
64-5,64,5,1,0.116004184,5
64-6,64,6,1,0.53314424,5
64-7,64,7,0,0.17278694,5
64-8,64,8,0,0.18404436,5
64-9,64,9,0,0.27051243,5
64-10,64,10,1,0.089486964,5
64-11,64,11,1,0.17727357,5
64-12,64,12,0,0.21115324,5
65-0,65,0,0,0.054402508,2
65-1,65,1,0,0.1413343,2
65-2,65,2,0,0.17216569,2
65-3,65,3,0,0.16061251,2
65-4,65,4,0,0.03737364,2
65-5,65,5,0,0.07821169,2
65-6,65,6,0,0.04578095,2
65-7,65,7,0,0.024614649,2
65-8,65,8,0,0.26405156,2
65-9,65,9,1,0.7740624,2
65-10,65,10,0,0.02386146,2
65-11,65,11,0,0.026980245,2
65-12,65,12,0,0.076739684,2
66-0,66,0,0,0.18270934,4
66-1,66,1,0,0.33125043,4
66-2,66,2,0,0.7010114,4
66-3,66,3,0,0.4406252,4
66-4,66,4,0,0.10351081,4
66-5,66,5,0,0.18016952,4
66-6,66,6,1,0.22068411,4
66-7,66,7,0,0.17252302,4
66-8,66,8,0,0.44959182,4
66-9,66,9,0,0.60614437,4
66-10,66,10,0,0.08535394,4
66-11,66,11,0,0.3173421,4
66-12,66,12,0,0.35192406,4
67-0,67,0,0,0.002066944,4
67-1,67,1,0,0.0016811641,4
67-2,67,2,0,0.00792237,4
67-3,67,3,0,0.0041824724,4
67-4,67,4,0,0.0011743881,4
67-5,67,5,0,0.00077052595,4
67-6,67,6,1,0.9138991,4
67-7,67,7,0,0.001809292,4
67-8,67,8,1,0.95408314,4
67-9,67,9,0,0.0060566496,4
67-10,67,10,1,0.700599,4
67-11,67,11,1,0.919552,4
67-12,67,12,0,0.0026686557,4
68-0,68,0,0,0.0067660618,3
68-1,68,1,0,0.0039743437,3
68-2,68,2,0,0.001585879,3
68-3,68,3,0,0.013926953,3
68-4,68,4,0,0.0014751687,3
68-5,68,5,0,0.009241488,3
68-6,68,6,0,0.001293408,3
68-7,68,7,0,0.0049454183,3
68-8,68,8,0,0.0009733596,3
68-9,68,9,0,0.008434573,3
68-10,68,10,0,0.0018547482,3
68-11,68,11,0,0.0013369336,3
68-12,68,12,0,0.0055306675,3
69-0,69,0,0,0.17279255,3
69-1,69,1,0,0.14117813,3
69-2,69,2,0,0.045459494,3
69-3,69,3,0,0.41690743,3
69-4,69,4,0,0.03777262,3
69-5,69,5,1,0.37618804,3
69-6,69,6,0,0.039156184,3
69-7,69,7,0,0.17093156,3
69-8,69,8,0,0.050544422,3
69-9,69,9,0,0.25959867,3
69-10,69,10,0,0.0490851,3
69-11,69,11,0,0.057283804,3
69-12,69,12,1,0.18500939,3
70-0,70,0,1,0.10903836,1
70-1,70,1,1,0.10628848,1
70-2,70,2,1,0.047368765,1
70-3,70,3,0,0.8176348,1
70-4,70,4,0,0.66765803,1
70-5,70,5,0,0.67686814,1
70-6,70,6,0,0.60242987,1
70-7,70,7,0,0.8541945,1
70-8,70,8,0,0.5947765,1
70-9,70,9,1,0.1415888,1
70-10,70,10,0,0.41238347,1
70-11,70,11,0,0.81605023,1
70-12,70,12,0,0.75713843,1
71-0,71,0,0,0.0036899347,2
71-1,71,1,0,0.008719677,2
71-2,71,2,0,0.01187166,2
71-3,71,3,0,0.013046485,2
71-4,71,4,0,0.0029998275,2
71-5,71,5,0,0.006531738,2
71-6,71,6,0,0.0032351005,2
71-7,71,7,0,0.0030108858,2
71-8,71,8,0,0.017704586,2
71-9,71,9,1,0.9062352,2
71-10,71,10,0,0.0024188235,2
71-11,71,11,0,0.0016510471,2
71-12,71,12,0,0.0043765195,2
72-0,72,0,0,0.26204544,5
72-1,72,1,1,0.040632818,5
72-2,72,2,0,0.19151017,5
72-3,72,3,0,0.52338237,5
72-4,72,4,0,0.24044824,5
72-5,72,5,0,0.048388083,5
72-6,72,6,0,0.485661,5
72-7,72,7,0,0.32814556,5
72-8,72,8,0,0.32286352,5
72-9,72,9,1,0.04142522,5
72-10,72,10,0,0.038048957,5
72-11,72,11,0,0.19151017,5
72-12,72,12,0,0.37994412,5
73-0,73,0,0,0.14685251,1
73-1,73,1,0,0.15873423,1
73-2,73,2,0,0.05456842,1
73-3,73,3,0,0.08087039,1
73-4,73,4,0,0.027887167,1
73-5,73,5,0,0.030229906,1
73-6,73,6,0,0.043565933,1
73-7,73,7,0,0.0752879,1
73-8,73,8,0,0.0432438,1
73-9,73,9,0,0.14471886,1
73-10,73,10,0,0.02622531,1
73-11,73,11,0,0.07629961,1
73-12,73,12,0,0.07388082,1
74-0,74,0,0,0.0383967,4
74-1,74,1,0,0.055199746,4
74-2,74,2,0,0.20910895,4
74-3,74,3,0,0.09653045,4
74-4,74,4,0,0.01781359,4
74-5,74,5,0,0.024829961,4
74-6,74,6,0,0.05845156,4
74-7,74,7,0,0.028497448,4
74-8,74,8,0,0.083784096,4
74-9,74,9,0,0.14225787,4
74-10,74,10,0,0.035551753,4
74-11,74,11,0,0.06690998,4
74-12,74,12,0,0.065653056,4
75-0,75,0,0,0.09833682,3
75-1,75,1,0,0.08075801,3
75-2,75,2,0,0.027924737,3
75-3,75,3,0,0.2161839,3
75-4,75,4,0,0.020571582,3
75-5,75,5,0,0.17209153,3
75-6,75,6,0,0.023462636,3
75-7,75,7,0,0.08859782,3
75-8,75,8,1,0.2536479,3
75-9,75,9,1,0.70555556,3
75-10,75,10,0,0.031541135,3
75-11,75,11,0,0.028690603,3
75-12,75,12,0,0.10331884,3
76-0,76,0,0,0.002010765,5
76-1,76,1,0,0.005709076,5
76-2,76,2,0,0.0023840533,5
76-3,76,3,0,0.01223554,5
76-4,76,4,0,0.0018419753,5
76-5,76,5,0,0.003299589,5
76-6,76,6,0,0.008061339,5
76-7,76,7,0,0.003261138,5
76-8,76,8,0,0.0020563398,5
76-9,76,9,0,0.0046655764,5
76-10,76,10,0,0.0026350266,5
76-11,76,11,0,0.0022638827,5
76-12,76,12,0,0.0049479767,5
77-0,77,0,1,0.10959059,3
77-1,77,1,1,0.07863383,3
77-2,77,2,0,0.094855905,3
77-3,77,3,0,0.6007172,3
77-4,77,4,1,0.020936454,3
77-5,77,5,1,0.18414736,3
77-6,77,6,0,0.08544601,3
77-7,77,7,0,0.3162331,3
77-8,77,8,0,0.10548606,3
77-9,77,9,1,0.16035868,3
77-10,77,10,1,0.037690397,3
77-11,77,11,1,0.03142466,3
77-12,77,12,1,0.116190635,3
78-0,78,0,0,0.25017723,1
78-1,78,1,1,0.60059243,1
78-2,78,2,0,0.09611195,1
78-3,78,3,0,0.15000492,1
78-4,78,4,0,0.052131996,1
78-5,78,5,0,0.052517354,1
78-6,78,6,1,0.16793542,1
78-7,78,7,0,0.13446017,1
78-8,78,8,0,0.07848972,1
78-9,78,9,1,0.6033456,1
78-10,78,10,0,0.048377167,1
78-11,78,11,1,0.37320304,1
78-12,78,12,0,0.1313856,1
79-0,79,0,0,0.031823583,3
79-1,79,1,0,0.023947496,3
79-2,79,2,0,0.0086946655,3
79-3,79,3,0,0.10235162,3
79-4,79,4,0,0.008222337,3
79-5,79,5,0,0.056624003,3
79-6,79,6,0,0.007112119,3
79-7,79,7,0,0.028659027,3
79-8,79,8,0,0.0063245213,3
79-9,79,9,0,0.046291586,3
79-10,79,10,0,0.008320258,3
79-11,79,11,0,0.008518646,3
79-12,79,12,0,0.034488827,3
80-0,80,0,1,0.9295024,1
80-1,80,1,1,0.93452746,1
80-2,80,2,0,0.007065237,1
80-3,80,3,0,0.011887024,1
80-4,80,4,0,0.004472408,1
80-5,80,5,1,0.6992988,1
80-6,80,6,0,0.0042434707,1
80-7,80,7,0,0.008335791,1
80-8,80,8,0,0.004042863,1
80-9,80,9,0,0.017385477,1
80-10,80,10,1,0.43952614,1
80-11,80,11,0,0.007354928,1
80-12,80,12,1,0.77151537,1
81-0,81,0,0,0.2515083,1
81-1,81,1,0,0.246158,1
81-2,81,2,0,0.09484033,1
81-3,81,3,0,0.15266407,1
81-4,81,4,0,0.05359311,1
81-5,81,5,0,0.052447964,1
81-6,81,6,0,0.074296735,1
81-7,81,7,0,0.15256019,1
81-8,81,8,0,0.073010504,1
81-9,81,9,0,0.2503805,1
81-10,81,10,0,0.056230765,1
81-11,81,11,0,0.12651564,1
81-12,81,12,0,0.12391592,1
82-0,82,0,0,0.013381475,5
82-1,82,1,0,0.040632818,5
82-2,82,2,0,0.011698923,5
82-3,82,3,0,0.06285869,5
82-4,82,4,0,0.011073778,5
82-5,82,5,0,0.01492076,5
82-6,82,6,1,0.53778267,5
82-7,82,7,0,0.023484053,5
82-8,82,8,1,0.3700849,5
82-9,82,9,0,0.04142522,5
82-10,82,10,0,0.0068830084,5
82-11,82,11,0,0.012510053,5
82-12,82,12,0,0.032953314,5
83-0,83,0,0,0.043691203,3
83-1,83,1,0,0.032180976,3
83-2,83,2,0,0.011316016,3
83-3,83,3,0,0.13022648,3
83-4,83,4,0,0.011898141,3
83-5,83,5,0,0.07450672,3
83-6,83,6,0,0.009215559,3
83-7,83,7,0,0.040523622,3
83-8,83,8,0,0.00802235,3
83-9,83,9,0,0.06303415,3
83-10,83,10,0,0.010778973,3
83-11,83,11,0,0.011735688,3
83-12,83,12,0,0.045476653,3
84-0,84,0,0,0.0015370168,5
84-1,84,1,0,0.0041912855,5
84-2,84,2,1,0.8235058,5
84-3,84,3,1,0.96116316,5
84-4,84,4,0,0.0021148832,5
84-5,84,5,0,0.0025054323,5
84-6,84,6,1,0.95690256,5
84-7,84,7,0,0.0029627103,5
84-8,84,8,1,0.8700972,5
84-9,84,9,0,0.0031400975,5
84-10,84,10,1,0.15147923,5
84-11,84,11,0,0.0014102255,5
84-12,84,12,1,0.9315679,5
85-0,85,0,0,0.22108048,1
85-1,85,1,0,0.2144482,1
85-2,85,2,0,0.08950928,1
85-3,85,3,0,0.1574881,1
85-4,85,4,0,0.06160057,1
85-5,85,5,0,0.042721104,1
85-6,85,6,0,0.04616445,1
85-7,85,7,0,0.087146655,1
85-8,85,8,0,0.044069786,1
85-9,85,9,0,0.19900368,1
85-10,85,10,0,0.041330706,1
85-11,85,11,0,0.09286317,1
85-12,85,12,0,0.10889682,1
86-0,86,0,0,0.4750328,1
86-1,86,1,0,0.5073361,1
86-2,86,2,1,0.29011294,1
86-3,86,3,0,0.35636148,1
86-4,86,4,0,0.1537045,1
86-5,86,5,0,0.15041302,1
86-6,86,6,0,0.2060077,1
86-7,86,7,1,0.3652328,1
86-8,86,8,0,0.20261261,1
86-9,86,9,0,0.51946473,1
86-10,86,10,0,0.10646344,1
86-11,86,11,0,0.31996232,1
86-12,86,12,0,0.31243187,1
87-0,87,0,0,0.0025726638,4
87-1,87,1,0,0.0021709176,4
87-2,87,2,0,0.0102117,4
87-3,87,3,0,0.004842419,4
87-4,87,4,0,0.0014203198,4
87-5,87,5,0,0.00093899143,4
87-6,87,6,0,0.0029722007,4
87-7,87,7,0,0.002501278,4
87-8,87,8,0,0.007020728,4
87-9,87,9,0,0.0075832927,4
87-10,87,10,0,0.0020530908,4
87-11,87,11,0,0.002763201,4
87-12,87,12,0,0.003445087,4
88-0,88,0,0,0.014467876,5
88-1,88,1,0,0.04656059,5
88-2,88,2,0,0.01346488,5
88-3,88,3,0,0.043151516,5
88-4,88,4,0,0.022061761,5
88-5,88,5,0,0.017338626,5
88-6,88,6,1,0.7685355,5
88-7,88,7,1,0.6098814,5
88-8,88,8,0,0.031543836,5
88-9,88,9,1,0.7257699,5
88-10,88,10,0,0.011225078,5
88-11,88,11,0,0.01633301,5
88-12,88,12,0,0.03572546,5
89-0,89,0,0,0.042209182,1
89-1,89,1,0,0.042979345,1
89-2,89,2,0,0.0133704245,1
89-3,89,3,0,0.0228206,1
89-4,89,4,0,0.007192256,1
89-5,89,5,0,0.0073308144,1
89-6,89,6,1,0.6860582,1
89-7,89,7,0,0.02025778,1
89-8,89,8,1,0.7083774,1
89-9,89,9,0,0.042911056,1
89-10,89,10,1,0.4960448,1
89-11,89,11,0,0.018486371,1
89-12,89,12,0,0.018384662,1
90-0,90,0,0,0.0925274,3
90-1,90,1,0,0.10129412,3
90-2,90,2,0,0.035031684,3
90-3,90,3,0,0.19306363,3
90-4,90,4,0,0.033126473,3
90-5,90,5,0,0.19630125,3
90-6,90,6,1,0.058118034,3
90-7,90,7,0,0.118961185,3
90-8,90,8,0,0.034404535,3
90-9,90,9,0,0.172893,3
90-10,90,10,0,0.02733886,3
90-11,90,11,1,0.083355114,3
90-12,90,12,0,0.14400947,3
91-0,91,0,1,0.114842564,3
91-1,91,1,0,0.17233631,3
91-2,91,2,0,0.061926782,3
91-3,91,3,0,0.45935416,3
91-4,91,4,0,0.05613122,3
91-5,91,5,0,0.31898722,3
91-6,91,6,0,0.059115056,3
91-7,91,7,0,0.21741648,3
91-8,91,8,0,0.06462583,3
91-9,91,9,0,0.2753128,3
91-10,91,10,1,0.024102507,3
91-11,91,11,0,0.094642416,3
91-12,91,12,1,0.13616107,3
92-0,92,0,0,0.30235484,5
92-1,92,1,0,0.6124912,5
92-2,92,2,0,0.29191783,5
92-3,92,3,0,0.69406325,5
92-4,92,4,0,0.4025085,5
92-5,92,5,1,0.08853244,5
92-6,92,6,0,0.6927721,5
92-7,92,7,0,0.49030954,5
92-8,92,8,1,0.25130448,5
92-9,92,9,0,0.47763783,5
92-10,92,10,0,0.15674627,5
92-11,92,11,0,0.31225148,5
92-12,92,12,0,0.57000333,5
93-0,93,0,0,0.35557786,5
93-1,93,1,0,0.6292294,5
93-2,93,2,0,0.25391513,5
93-3,93,3,0,0.62504,5
93-4,93,4,0,0.3070407,5
93-5,93,5,0,0.09966847,5
93-6,93,6,0,0.6807127,5
93-7,93,7,0,0.5120077,5
93-8,93,8,0,0.43161845,5
93-9,93,9,0,0.6339157,5
93-10,93,10,1,0.017625803,5
93-11,93,11,0,0.35449564,5
93-12,93,12,0,0.5428867,5
94-0,94,0,0,0.061988294,1
94-1,94,1,0,0.062322557,1
94-2,94,2,1,0.7405113,1
94-3,94,3,0,0.04558225,1
94-4,94,4,0,0.010776131,1
94-5,94,5,0,0.0115186665,1
94-6,94,6,0,0.01595058,1
94-7,94,7,0,0.031042062,1
94-8,94,8,1,0.55799675,1
94-9,94,9,0,0.060999457,1
94-10,94,10,0,0.012532133,1
94-11,94,11,0,0.028251963,1
94-12,94,12,0,0.027446814,1
95-0,95,0,1,0.25938645,2
95-1,95,1,0,0.11294581,2
95-2,95,2,0,0.15360613,2
95-3,95,3,1,0.66150886,2
95-4,95,4,0,0.027194936,2
95-5,95,5,1,0.528097,2
95-6,95,6,1,0.06481608,2
95-7,95,7,0,0.054137956,2
95-8,95,8,1,0.81851953,2
95-9,95,9,1,0.62661344,2
95-10,95,10,1,0.17335838,2
95-11,95,11,1,0.17462821,2
95-12,95,12,0,0.07261843,2
96-0,96,0,1,0.002066944,4
96-1,96,1,1,0.0016811641,4
96-2,96,2,1,0.008080702,4
96-3,96,3,1,0.0042663827,4
96-4,96,4,1,0.0011743881,4
96-5,96,5,1,0.00076302176,4
96-6,96,6,1,0.0022754192,4
96-7,96,7,1,0.0015488134,4
96-8,96,8,1,0.0052599264,4
96-9,96,9,1,0.005879722,4
96-10,96,10,1,0.0018860338,4
96-11,96,11,1,0.002161135,4
96-12,96,12,0,0.93369454,4
97-0,97,0,0,0.24778129,4
97-1,97,1,0,0.38848048,4
97-2,97,2,0,0.750525,4
97-3,97,3,0,0.5008554,4
97-4,97,4,0,0.19061053,4
97-5,97,5,0,0.21987942,4
97-6,97,6,0,0.34192535,4
97-7,97,7,0,0.23349883,4
97-8,97,8,0,0.48676494,4
97-9,97,9,1,0.62015986,4
97-10,97,10,1,0.10595219,4
97-11,97,11,0,0.37351137,4
97-12,97,12,0,0.3990356,4
98-0,98,0,0,0.14330736,1
98-1,98,1,1,0.93939376,1
98-2,98,2,0,0.03683258,1
98-3,98,3,0,0.07735316,1
98-4,98,4,0,0.025636517,1
98-5,98,5,0,0.026049504,1
98-6,98,6,0,0.02873776,1
98-7,98,7,0,0.07558289,1
98-8,98,8,0,0.038292136,1
98-9,98,9,0,0.1415888,1
98-10,98,10,0,0.030110188,1
98-11,98,11,0,0.06527083,1
98-12,98,12,1,0.8208878,1
99-0,99,0,0,0.249857,1
99-1,99,1,0,0.29008907,1
99-2,99,2,0,0.11137471,1
99-3,99,3,0,0.1701512,1
99-4,99,4,0,0.054993637,1
99-5,99,5,1,0.08744459,1
99-6,99,6,0,0.079636134,1
99-7,99,7,0,0.157853,1
99-8,99,8,0,0.077332534,1
99-9,99,9,0,0.2856907,1
99-10,99,10,0,0.0420134,1
99-11,99,11,0,0.14929643,1
99-12,99,12,0,0.12788154,1
100-0,100,0,0,0.009728177,3
100-1,100,1,0,0.005919506,3
100-2,100,2,0,0.0022698261,3
100-3,100,3,1,0.9675212,3
100-4,100,4,1,0.6936483,3
100-5,100,5,0,0.0130254235,3
100-6,100,6,1,0.6330514,3
100-7,100,7,0,0.007059148,3
100-8,100,8,1,0.6820084,3
100-9,100,9,0,0.01160255,3
100-10,100,10,0,0.0026086448,3
100-11,100,11,1,0.7326837,3
100-12,100,12,1,0.87952465,3
101-0,101,0,0,0.0024867675,4
101-1,101,1,0,0.0019162949,4
101-2,101,2,0,0.009291976,4
101-3,101,3,0,0.0048873676,4
101-4,101,4,0,0.0012229634,4
101-5,101,5,0,0.0009000967,4
101-6,101,6,0,0.0027634336,4
101-7,101,7,0,0.0024311903,4
101-8,101,8,0,0.005959105,4
101-9,101,9,0,0.0072946595,4
101-10,101,10,0,0.0022265415,4
101-11,101,11,0,0.0025452212,4
101-12,101,12,0,0.0034914133,4
102-0,102,0,0,0.19892277,4
102-1,102,1,0,0.31795925,4
102-2,102,2,1,0.728444,4
102-3,102,3,1,0.47390744,4
102-4,102,4,1,0.1719384,4
102-5,102,5,0,0.1727822,4
102-6,102,6,0,0.2832173,4
102-7,102,7,0,0.2437286,4
102-8,102,8,1,0.48140505,4
102-9,102,9,0,0.5873128,4
102-10,102,10,1,0.09427828,4
102-11,102,11,1,0.35638365,4
102-12,102,12,0,0.33812445,4
103-0,103,0,0,0.042654835,1
103-1,103,1,0,0.042979345,1
103-2,103,2,1,0.84932095,1
103-3,103,3,0,0.028360683,1
103-4,103,4,0,0.009129316,1
103-5,103,5,1,0.7506865,1
103-6,103,6,0,0.0128158135,1
103-7,103,7,0,0.020217478,1
103-8,103,8,0,0.010413177,1
103-9,103,9,0,0.042911056,1
103-10,103,10,1,0.53388596,1
103-11,103,11,1,0.88012713,1
103-12,103,12,0,0.023980478,1
104-0,104,0,0,0.18270934,4
104-1,104,1,0,0.33125043,4
104-2,104,2,0,0.7011085,4
104-3,104,3,0,0.356128,4
104-4,104,4,1,0.10265905,4
104-5,104,5,0,0.13447021,4
104-6,104,6,0,0.285925,4
104-7,104,7,0,0.2545479,4
104-8,104,8,0,0.4368245,4
104-9,104,9,0,0.51449126,4
104-10,104,10,0,0.0845057,4
104-11,104,11,1,0.23670726,4
104-12,104,12,0,0.35347298,4
105-0,105,0,0,0.00082340685,5
105-1,105,1,0,0.002020174,5
105-2,105,2,0,0.0010279214,5
105-3,105,3,0,0.0042652967,5
105-4,105,4,0,0.00070664054,5
105-5,105,5,0,0.001097194,5
105-6,105,6,0,0.0033874097,5
105-7,105,7,0,0.0013064954,5
105-8,105,8,0,0.00088771194,5
105-9,105,9,0,0.0018234781,5
105-10,105,10,0,0.0009562147,5
105-11,105,11,0,0.00088581035,5
105-12,105,12,0,0.0018963722,5
106-0,106,0,0,0.2165621,3
106-1,106,1,0,0.17233631,3
106-2,106,2,0,0.06784455,3
106-3,106,3,0,0.54662484,3
106-4,106,4,0,0.05613122,3
106-5,106,5,0,0.38289368,3
106-6,106,6,0,0.05283596,3
106-7,106,7,0,0.26562738,3
106-8,106,8,0,0.07628265,3
106-9,106,9,0,0.33607388,3
106-10,106,10,0,0.03742297,3
106-11,106,11,0,0.094642416,3
106-12,106,12,0,0.22258927,3
107-0,107,0,0,0.17381167,3
107-1,107,1,0,0.14195928,3
107-2,107,2,0,0.03549833,3
107-3,107,3,0,0.29642317,3
107-4,107,4,0,0.037503835,3
107-5,107,5,0,0.21814638,3
107-6,107,6,0,0.03939874,3
107-7,107,7,0,0.13923328,3
107-8,107,8,0,0.044357806,3
107-9,107,9,0,0.16431516,3
107-10,107,10,0,0.043154627,3
107-11,107,11,0,0.05617091,3
107-12,107,12,0,0.19740187,3
108-0,108,0,0,0.43120265,4
108-1,108,1,0,0.6168108,4
108-2,108,2,0,0.88246053,4
108-3,108,3,0,0.63382804,4
108-4,108,4,0,0.3087936,4
108-5,108,5,0,0.3465377,4
108-6,108,6,0,0.583607,4
108-7,108,7,0,0.4275869,4
108-8,108,8,0,0.73141444,4
108-9,108,9,0,0.7639606,4
108-10,108,10,0,0.18247634,4
108-11,108,11,1,0.0053967834,4
108-12,108,12,0,0.62647295,4
109-0,109,0,0,0.42124596,3
109-1,109,1,1,0.20191534,3
109-2,109,2,0,0.13837597,3
109-3,109,3,0,0.73862785,3
109-4,109,4,0,0.13122697,3
109-5,109,5,0,0.5994093,3
109-6,109,6,0,0.12145487,3
109-7,109,7,0,0.46589452,3
109-8,109,8,0,0.16182542,3
109-9,109,9,0,0.5488444,3
109-10,109,10,0,0.07602578,3
109-11,109,11,0,0.19777994,3
109-12,109,12,0,0.3922005,3
110-0,110,0,0,0.0925274,3
110-1,110,1,0,0.094369516,3
110-2,110,2,0,0.02996728,3
110-3,110,3,0,0.20469733,3
110-4,110,4,0,0.034200497,3
110-5,110,5,0,0.21467252,3
110-6,110,6,0,0.026578706,3
110-7,110,7,0,0.12320473,3
110-8,110,8,0,0.034404535,3
110-9,110,9,0,0.10580698,3
110-10,110,10,0,0.029275864,3
110-11,110,11,0,0.03872337,3
110-12,110,12,0,0.14400947,3
111-0,111,0,0,0.33533219,1
111-1,111,1,0,0.37456384,1
111-2,111,2,0,0.15955201,1
111-3,111,3,0,0.23709466,1
111-4,111,4,0,0.0810054,1
111-5,111,5,0,0.092073545,1
111-6,111,6,0,0.11587463,1
111-7,111,7,0,0.18679138,1
111-8,111,8,0,0.13369337,1
111-9,111,9,0,0.3772595,1
111-10,111,10,0,0.065883674,1
111-11,111,11,0,0.24258639,1
111-12,111,12,1,0.25306094,1
112-0,112,0,0,0.06131008,2
112-1,112,1,0,0.12704362,2
112-2,112,2,0,0.17709945,2
112-3,112,3,0,0.23926091,2
112-4,112,4,0,0.039731435,2
112-5,112,5,0,0.076205224,2
112-6,112,6,0,0.043920644,2
112-7,112,7,0,0.037237592,2
112-8,112,8,1,0.8049061,2
112-9,112,9,0,0.19382802,2
112-10,112,10,1,0.15788573,2
112-11,112,11,0,0.025863191,2
112-12,112,12,0,0.073718585,2
113-0,113,0,0,0.0016449405,5
113-1,113,1,0,0.0045694574,5
113-2,113,2,0,0.0012509414,5
113-3,113,3,0,0.0073578595,5
113-4,113,4,0,0.0015009914,5
113-5,113,5,0,0.002183536,5
113-6,113,6,0,0.019022409,5
113-7,113,7,0,0.0020949037,5
113-8,113,8,0,0.002048541,5
113-9,113,9,0,0.0025404717,5
113-10,113,10,1,0.024220917,5
113-11,113,11,0,0.0015600654,5
113-12,113,12,0,0.0038810205,5
114-0,114,0,0,0.47273752,2
114-1,114,1,0,0.8011886,2
114-2,114,2,0,0.8995336,2
114-3,114,3,0,0.82729673,2
114-4,114,4,0,0.41940883,2
114-5,114,5,0,0.7520784,2
114-6,114,6,0,0.15546243,2
114-7,114,7,0,0.5092781,2
114-8,114,8,1,0.017310206,2
114-9,114,9,0,0.9062352,2
114-10,114,10,0,0.39533192,2
114-11,114,11,0,0.39744592,2
114-12,114,12,0,0.66720784,2
115-0,115,0,0,0.34570587,3
115-1,115,1,0,0.27388224,3
115-2,115,2,0,0.103820875,3
115-3,115,3,0,0.5617236,3
115-4,115,4,0,0.092318416,3
115-5,115,5,0,0.40645686,3
115-6,115,6,0,0.09051054,3
115-7,115,7,0,0.28334856,3
115-8,115,8,0,0.11038064,3
115-9,115,9,0,0.32596055,3
115-10,115,10,0,0.10275467,3
115-11,115,11,0,0.12676089,3
115-12,115,12,0,0.36300927,3
116-0,116,0,1,0.5162973,1
116-1,116,1,1,0.50480884,1
116-2,116,2,1,0.24008721,1
116-3,116,3,0,0.24329239,1
116-4,116,4,0,0.08612785,1
116-5,116,5,0,0.10127153,1
116-6,116,6,1,0.21573813,1
116-7,116,7,0,0.22886573,1
116-8,116,8,1,0.20947489,1
116-9,116,9,0,0.4138499,1
116-10,116,10,1,0.109650314,1
116-11,116,11,0,0.24696012,1
116-12,116,12,1,0.32272863,1
117-0,117,0,0,0.0068055396,2
117-1,117,1,0,0.019924063,2
117-2,117,2,0,0.037379242,2
117-3,117,3,0,0.018889543,2
117-4,117,4,0,0.008010076,2
117-5,117,5,0,0.01110804,2
117-6,117,6,0,0.0053593344,2
117-7,117,7,0,0.0063706506,2
117-8,117,8,0,0.037212938,2
117-9,117,9,0,0.02578312,2
117-10,117,10,0,0.002865616,2
117-11,117,11,0,0.003700767,2
117-12,117,12,0,0.009047805,2
118-0,118,0,0,0.0025726638,4
118-1,118,1,0,0.0021709176,4
118-2,118,2,0,0.010415305,4
118-3,118,3,1,0.86939716,4
118-4,118,4,0,0.0014156152,4
118-5,118,5,0,0.0009855669,4
118-6,118,6,0,0.0030319013,4
118-7,118,7,0,0.0025515459,4
118-8,118,8,1,0.89251655,4
118-9,118,9,0,0.006672122,4
118-10,118,10,0,0.0022081146,4
118-11,118,11,0,0.0027903216,4
118-12,118,12,0,0.003445087,4
119-0,119,0,0,0.57674575,1
119-1,119,1,0,0.63785917,1
119-2,119,2,0,0.31427088,1
119-3,119,3,0,0.40003395,1
119-4,119,4,0,0.18499224,1
119-5,119,5,0,0.23312677,1
119-6,119,6,0,0.17889757,1
119-7,119,7,0,0.39636633,1
119-8,119,8,0,0.1742664,1
119-9,119,9,0,0.6480592,1
119-10,119,10,0,0.09294237,1
119-11,119,11,0,0.3947099,1
119-12,119,12,0,0.3095165,1
120-0,120,0,0,0.0067660618,3
120-1,120,1,1,0.86253166,3
120-2,120,2,1,0.6603209,3
120-3,120,3,0,0.015976617,3
120-4,120,4,1,0.69752234,3
120-5,120,5,0,0.009241488,3
120-6,120,6,0,0.001293408,3
120-7,120,7,0,0.004838055,3
120-8,120,8,0,0.0010459457,3
120-9,120,9,0,0.0073341806,3
120-10,120,10,0,0.0021259421,3
120-11,120,11,0,0.0013369336,3
120-12,120,12,0,0.0056239576,3
121-0,121,0,0,0.049379632,2
121-1,121,1,0,0.09877989,2
121-2,121,2,0,0.13711073,2
121-3,121,3,0,0.1804722,2
121-4,121,4,0,0.039672088,2
121-5,121,5,0,0.055890888,2
121-6,121,6,0,0.031005507,2
121-7,121,7,0,0.040456958,2
121-8,121,8,0,0.19734605,2
121-9,121,9,0,0.16261463,2
121-10,121,10,0,0.017752837,2
121-11,121,11,0,0.018964965,2
121-12,121,12,0,0.054305855,2
122-0,122,0,0,0.0036658903,5
122-1,122,1,0,0.008818166,5
122-2,122,2,0,0.0031876175,5
122-3,122,3,0,0.009840369,5
122-4,122,4,0,0.004006619,5
122-5,122,5,0,0.004493627,5
122-6,122,6,0,0.014551906,5
122-7,122,7,0,0.006419407,5
122-8,122,8,0,0.004079887,5
122-9,122,9,0,0.009175507,5
122-10,122,10,0,0.0037195913,5
122-11,122,11,0,0.0028590015,5
122-12,122,12,0,0.008653311,5
123-0,123,0,0,0.51418424,5
123-1,123,1,0,0.7585703,5
123-2,123,2,0,0.46069,5
123-3,123,3,0,0.6445116,5
123-4,123,4,0,0.4494772,5
123-5,123,5,0,0.32109916,5
123-6,123,6,0,0.78856176,5
123-7,123,7,0,0.6597553,5
123-8,123,8,0,0.5802612,5
123-9,123,9,0,0.7622395,5
123-10,123,10,0,0.17325635,5
123-11,123,11,0,0.4867102,5
123-12,123,12,0,0.6597633,5
124-0,124,0,0,0.32583526,3
124-1,124,1,0,0.20266925,3
124-2,124,2,0,0.08394103,3
124-3,124,3,0,0.51931685,3
124-4,124,4,0,0.07030285,3
124-5,124,5,0,0.467501,3
124-6,124,6,0,0.07330335,3
124-7,124,7,0,0.30630368,3
124-8,124,8,0,0.093295336,3
124-9,124,9,0,0.40906405,3
124-10,124,10,0,0.04666314,3
124-11,124,11,0,0.116303675,3
124-12,124,12,0,0.26496407,3
125-0,125,0,1,0.83782,5
125-1,125,1,1,0.9438056,5
125-2,125,2,1,0.81752235,5
125-3,125,3,1,0.9478199,5
125-4,125,4,1,0.88832694,5
125-5,125,5,1,0.1907237,5
125-6,125,6,0,0.008195243,5
125-7,125,7,1,0.9176897,5
125-8,125,8,1,0.8667077,5
125-9,125,9,1,0.92744386,5
125-10,125,10,0,0.0024464128,5
125-11,125,11,1,0.82609326,5
125-12,125,12,1,0.93188316,5
126-0,126,0,0,0.57674575,1
126-1,126,1,0,0.63785917,1
126-2,126,2,0,0.3601535,1
126-3,126,3,0,0.34921435,1
126-4,126,4,0,0.15253781,1
126-5,126,5,0,0.23312677,1
126-6,126,6,0,0.17889757,1
126-7,126,7,0,0.4577225,1
126-8,126,8,0,0.1742664,1
126-9,126,9,0,0.58930117,1
126-10,126,10,0,0.09294237,1
126-11,126,11,0,0.3947099,1
126-12,126,12,0,0.30717734,1
127-0,127,0,0,0.3128816,2
127-1,127,1,0,0.41892233,2
127-2,127,2,0,0.6094296,2
127-3,127,3,0,0.63189334,2
127-4,127,4,0,0.20072831,2
127-5,127,5,0,0.3529945,2
127-6,127,6,0,0.11197664,2
127-7,127,7,0,0.28145686,2
127-8,127,8,1,0.368035,2
127-9,127,9,0,0.67283523,2
127-10,127,10,0,0.09467075,2
127-11,127,11,1,0.03440175,2
127-12,127,12,0,0.30399865,2
128-0,128,0,0,0.627895,5
128-1,128,1,0,0.8396188,5
128-2,128,2,0,0.5247461,5
128-3,128,3,0,0.88705164,5
128-4,128,4,0,0.6119643,5
128-5,128,5,0,0.061630607,5
128-6,128,6,0,0.86472195,5
128-7,128,7,0,0.71450144,5
128-8,128,8,0,0.6727856,5
128-9,128,9,0,0.8044811,5
128-10,128,10,0,0.04756015,5
128-11,128,11,0,0.6069441,5
128-12,128,12,0,0.78557414,5
129-0,129,0,0,0.011470062,2
129-1,129,1,1,0.6098857,2
129-2,129,2,0,0.04172066,2
129-3,129,3,0,0.07237152,2
129-4,129,4,0,0.010521603,2
129-5,129,5,0,0.01099138,2
129-6,129,6,0,0.008742185,2
129-7,129,7,0,0.007608789,2
129-8,129,8,0,0.05949918,2
129-9,129,9,0,0.04878987,2
129-10,129,10,0,0.0059902393,2
129-11,129,11,0,0.0060430784,2
129-12,129,12,0,0.012045412,2
130-0,130,0,0,0.0009911668,5
130-1,130,1,0,0.0023351803,5
130-2,130,2,0,0.0009997436,5
130-3,130,3,0,0.005645184,5
130-4,130,4,0,0.0010801521,5
130-5,130,5,0,0.0014347894,5
130-6,130,6,0,0.0038408341,5
130-7,130,7,0,0.0015134051,5
130-8,130,8,0,0.00095367304,5
130-9,130,9,0,0.002382574,5
130-10,130,10,0,0.0020467278,5
130-11,130,11,0,0.000984998,5
130-12,130,12,0,0.0021499312,5
131-0,131,0,1,0.27655724,4
131-1,131,1,1,0.3988386,4
131-2,131,2,1,0.7436368,4
131-3,131,3,1,0.4685242,4
131-4,131,4,1,0.19565581,4
131-5,131,5,1,0.2274139,4
131-6,131,6,0,0.3108969,4
131-7,131,7,1,0.31306335,4
131-8,131,8,1,0.5024322,4
131-9,131,9,1,0.6526538,4
131-10,131,10,1,0.10708052,4
131-11,131,11,1,0.38372073,4
131-12,131,12,1,0.41716114,4
132-0,132,0,0,0.114842564,3
132-1,132,1,0,0.09264324,3
132-2,132,2,0,0.031493284,3
132-3,132,3,0,0.30752364,3
132-4,132,4,1,0.07458939,3
132-5,132,5,0,0.1413897,3
132-6,132,6,1,0.053914685,3
132-7,132,7,1,0.26562738,3
132-8,132,8,0,0.032006823,3
132-9,132,9,0,0.16804795,3
132-10,132,10,0,0.03266798,3
132-11,132,11,0,0.03636917,3
132-12,132,12,1,0.22258927,3
133-0,133,0,0,0.0828004,2
133-1,133,1,0,0.17898008,2
133-2,133,2,0,0.21697928,2
133-3,133,3,0,0.27514943,2
133-4,133,4,0,0.046673,2
133-5,133,5,0,0.13551083,2
133-6,133,6,0,0.04168989,2
133-7,133,7,0,0.058739726,2
133-8,133,8,0,0.41930753,2
133-9,133,9,0,0.28618348,2
133-10,133,10,0,0.032040454,2
133-11,133,11,0,0.03768207,2
133-12,133,12,0,0.122907296,2
134-0,134,0,0,0.0036658903,5
134-1,134,1,0,0.009133445,5
134-2,134,2,0,0.0025467605,5
134-3,134,3,0,0.01489331,5
134-4,134,4,0,0.0028978856,5
134-5,134,5,0,0.0046759844,5
134-6,134,6,0,0.013989813,5
134-7,134,7,0,0.005014665,5
134-8,134,8,0,0.004079887,5
134-9,134,9,0,0.008995952,5
134-10,134,10,0,0.00373132,5
134-11,134,11,0,0.0028590015,5
134-12,134,12,0,0.008445655,5
135-0,135,0,0,0.39922848,1
135-1,135,1,0,0.38712654,1
135-2,135,2,0,0.15832594,1
135-3,135,3,0,0.25844702,1
135-4,135,4,0,0.098727055,1
135-5,135,5,0,0.09671606,1
135-6,135,6,0,0.12939431,1
135-7,135,7,0,0.22270188,1
135-8,135,8,0,0.13396356,1
135-9,135,9,0,0.38985625,1
135-10,135,10,0,0.084234625,1
135-11,135,11,0,0.21885996,1
135-12,135,12,0,0.21482934,1
136-0,136,0,0,0.0016497643,4
136-1,136,1,0,0.0013919352,4
136-2,136,2,0,0.0065664602,4
136-3,136,3,0,0.0033673646,4
136-4,136,4,0,0.0008726303,4
136-5,136,5,0,0.0006191839,4
136-6,136,6,1,0.3217634,4
136-7,136,7,0,0.0014980529,4
136-8,136,8,0,0.004357692,4
136-9,136,9,0,0.004551054,4
136-10,136,10,0,0.0015616139,4
136-11,136,11,0,0.0017894795,4
136-12,136,12,0,0.0024245176,4
137-0,137,0,1,0.008487141,4
137-1,137,1,0,0.6240432,4
137-2,137,2,0,0.8864596,4
137-3,137,3,0,0.6617988,4
137-4,137,4,0,0.31538695,4
137-5,137,5,1,0.0034357177,4
137-6,137,6,0,0.5905865,4
137-7,137,7,0,0.5436093,4
137-8,137,8,0,0.73516744,4
137-9,137,9,1,0.02851239,4
137-10,137,10,0,0.22324085,4
137-11,137,11,0,0.6170962,4
137-12,137,12,1,0.012482962,4
138-0,138,0,1,0.79914534,5
138-1,138,1,0,0.015009698,5
138-2,138,2,0,0.0053900685,5
138-3,138,3,0,0.024943441,5
138-4,138,4,0,0.0052201627,5
138-5,138,5,0,0.009568081,5
138-6,138,6,0,0.024918174,5
138-7,138,7,0,0.0103594605,5
138-8,138,8,0,0.0066434406,5
138-9,138,9,0,0.015312357,5
138-10,138,10,0,0.00781472,5
138-11,138,11,0,0.0048673414,5
138-12,138,12,1,0.91051584,5
139-0,139,0,0,0.0015370168,5
139-1,139,1,0,0.0041912855,5
139-2,139,2,0,0.0025404682,5
139-3,139,3,0,0.006877697,5
139-4,139,4,0,0.0014231415,5
139-5,139,5,0,0.0026073174,5
139-6,139,6,0,0.0063860454,5
139-7,139,7,0,0.0029627103,5
139-8,139,8,0,0.0018577221,5
139-9,139,9,0,0.0031400975,5
139-10,139,10,0,0.002065641,5
139-11,139,11,0,0.0014102255,5
139-12,139,12,0,0.0028647901,5
140-0,140,0,0,0.002066944,4
140-1,140,1,0,0.0016811641,4
140-2,140,2,0,0.008159586,4
140-3,140,3,0,0.0042663827,4
140-4,140,4,0,0.0011782921,4
140-5,140,5,0,0.00076302176,4
140-6,140,6,1,0.9138991,4
140-7,140,7,0,0.0018456772,4
140-8,140,8,0,0.0052599264,4
140-9,140,9,0,0.005879722,4
140-10,140,10,0,0.0018860338,4
140-11,140,11,0,0.002161135,4
140-12,140,12,1,0.93158084,4
141-0,141,0,0,0.042209182,1
141-1,141,1,0,0.042979345,1
141-2,141,2,0,0.013515888,1
141-3,141,3,0,0.022304771,1
141-4,141,4,0,0.007114362,1
141-5,141,5,1,0.74575496,1
141-6,141,6,0,0.01010896,1
141-7,141,7,0,0.020217478,1
141-8,141,8,0,0.010413177,1
141-9,141,9,0,0.042911056,1
141-10,141,10,0,0.008718589,1
141-11,141,11,0,0.018486371,1
141-12,141,12,0,0.018187763,1
142-0,142,0,0,0.3092361,1
142-1,142,1,0,0.3377062,1
142-2,142,2,0,0.14093563,1
142-3,142,3,0,0.18535496,1
142-4,142,4,0,0.06872366,1
142-5,142,5,0,0.06777822,1
142-6,142,6,0,0.1119336,1
142-7,142,7,0,0.16240883,1
142-8,142,8,0,0.109874316,1
142-9,142,9,0,0.29738364,1
142-10,142,10,0,0.061869703,1
142-11,142,11,0,0.18604389,1
142-12,142,12,0,0.17920814,1
143-0,143,0,0,0.9295024,1
143-1,143,1,0,0.93452746,1
143-2,143,2,0,0.8132048,1
143-3,143,3,0,0.8359917,1
143-4,143,4,0,0.68241554,1
143-5,143,5,1,0.0030448907,1
143-6,143,6,0,0.6103057,1
143-7,143,7,0,0.8526207,1
143-8,143,8,0,0.60270405,1
143-9,143,9,0,0.93522704,1
143-10,143,10,0,0.440027,1
143-11,143,11,0,0.8277333,1
143-12,143,12,0,0.77151537,1
144-0,144,0,0,0.0066363676,4
144-1,144,1,0,0.005303834,4
144-2,144,2,0,0.02563601,4
144-3,144,3,0,0.012336328,4
144-4,144,4,0,0.003017466,4
144-5,144,5,0,0.0022556344,4
144-6,144,6,0,0.007965201,4
144-7,144,7,0,0.0066721886,4
144-8,144,8,0,0.021494208,4
144-9,144,9,0,0.018107582,4
144-10,144,10,0,0.0058018276,4
144-11,144,11,0,0.006724263,4
144-12,144,12,0,0.008716842,4
145-0,145,0,0,0.26531994,2
145-1,145,1,0,0.42219076,2
145-2,145,2,0,0.6027252,2
145-3,145,3,0,0.6253374,2
145-4,145,4,0,0.16355307,2
145-5,145,5,0,0.35606378,2
145-6,145,6,0,0.10921447,2
145-7,145,7,0,0.27581254,2
145-8,145,8,0,0.6997095,2
145-9,145,9,0,0.6729891,2
145-10,145,10,1,0.031927407,2
145-11,145,11,0,0.10876153,2
145-12,145,12,0,0.27946702,2
146-0,146,0,0,0.5910732,5
146-1,146,1,0,0.825014,5
146-2,146,2,0,0.58650774,5
146-3,146,3,0,0.8355895,5
146-4,146,4,0,0.5746342,5
146-5,146,5,0,0.052979693,5
146-6,146,6,1,0.4355657,5
146-7,146,7,0,0.744563,5
146-8,146,8,0,0.6444589,5
146-9,146,9,0,0.8279025,5
146-10,146,10,0,0.045557614,5
146-11,146,11,0,0.6040685,5
146-12,146,12,0,0.7674111,5
147-0,147,0,1,0.9295024,1
147-1,147,1,0,0.017878396,1
147-2,147,2,0,0.005634741,1
147-3,147,3,0,0.01263184,1
147-4,147,4,0,0.00420665,1
147-5,147,5,0,0.003820429,1
147-6,147,6,1,0.6366029,1
147-7,147,7,0,0.011391586,1
147-8,147,8,0,0.004042863,1
147-9,147,9,0,0.023593334,1
147-10,147,10,0,0.0045825997,1
147-11,147,11,0,0.009344738,1
147-12,147,12,1,0.77151537,1
148-0,148,0,0,0.4788414,2
148-1,148,1,0,0.8050582,2
148-2,148,2,0,0.78442883,2
148-3,148,3,0,0.83076555,2
148-4,148,4,1,0.0039398004,2
148-5,148,5,0,0.54500234,2
148-6,148,6,0,0.15870282,2
148-7,148,7,0,0.46593547,2
148-8,148,8,0,0.92990416,2
148-9,148,9,0,0.8188054,2
148-10,148,10,0,0.32785287,2
148-11,148,11,0,0.40332136,2
148-12,148,12,0,0.62270373,2
149-0,149,0,0,0.3092361,1
149-1,149,1,1,0.28335166,1
149-2,149,2,1,0.111441344,1
149-3,149,3,1,0.17024621,1
149-4,149,4,1,0.05419609,1
149-5,149,5,1,0.06275027,1
149-6,149,6,1,0.079636134,1
149-7,149,7,1,0.16062357,1
149-8,149,8,1,0.0924651,1
149-9,149,9,1,0.2856907,1
149-10,149,10,0,0.061751816,1
149-11,149,11,0,0.18604389,1
149-12,149,12,1,0.12788154,1
150-0,150,0,0,0.002066944,4
150-1,150,1,0,0.0016811641,4
150-2,150,2,0,0.00792237,4
150-3,150,3,0,0.0040653953,4
150-4,150,4,0,0.0011091724,4
150-5,150,5,0,0.0007479638,4
150-6,150,6,0,0.0022305811,4
150-7,150,7,0,0.001809292,4
150-8,150,8,0,0.0052599264,4
150-9,150,9,0,0.005493102,4
150-10,150,10,0,0.0018860338,4
150-11,150,11,0,0.002161135,4
150-12,150,12,0,0.0027222757,4
151-0,151,0,1,0.44565687,2
151-1,151,1,1,0.6133548,2
151-2,151,2,1,0.78708977,2
151-3,151,3,0,0.16837668,2
151-4,151,4,0,0.02912773,2
151-5,151,5,0,0.05318111,2
151-6,151,6,0,0.028885856,2
151-7,151,7,0,0.034703184,2
151-8,151,8,0,0.1491665,2
151-9,151,9,1,0.8183976,2
151-10,151,10,1,0.1853909,2
151-11,151,11,0,0.017522851,2
151-12,151,12,0,0.048805762,2
152-0,152,0,0,0.8210084,4
152-1,152,1,0,0.8932257,4
152-2,152,2,0,0.9762573,4
152-3,152,3,0,0.9077631,4
152-4,152,4,0,0.7089815,4
152-5,152,5,0,0.7840218,4
152-6,152,6,0,0.8800876,4
152-7,152,7,0,0.8103004,4
152-8,152,8,0,0.93339694,4
152-9,152,9,0,0.963033,4
152-10,152,10,0,0.5926433,4
152-11,152,11,0,0.88930815,4
152-12,152,12,0,0.9050406,4
153-0,153,0,0,0.0025726638,4
153-1,153,1,0,0.0021709176,4
153-2,153,2,0,0.0102117,4
153-3,153,3,0,0.005142989,4
153-4,153,4,0,0.0014203198,4
153-5,153,5,0,0.0009855669,4
153-6,153,6,0,0.0028320018,4
153-7,153,7,0,0.002000086,4
153-8,153,8,0,0.006785145,4
153-9,153,9,0,0.007434634,4
153-10,153,10,0,0.002180906,4
153-11,153,11,0,0.0027903216,4
153-12,153,12,0,0.003445087,4
154-0,154,0,0,0.14183119,1
154-1,154,1,1,0.9412111,1
154-2,154,2,1,0.8284676,1
154-3,154,3,0,0.07396891,1
154-4,154,4,1,0.73212034,1
154-5,154,5,1,0.7228745,1
154-6,154,6,1,0.6540218,1
154-7,154,7,0,0.06815704,1
154-8,154,8,1,0.67148167,1
154-9,154,9,1,0.94254,1
154-10,154,10,1,0.4773193,1
154-11,154,11,1,0.84837925,1
154-12,154,12,1,0.7972488,1
155-0,155,0,0,0.15207519,5
155-1,155,1,1,0.6124912,5
155-2,155,2,0,0.17406188,5
155-3,155,3,0,0.35141817,5
155-4,155,4,0,0.22054121,5
155-5,155,5,0,0.08853244,5
155-6,155,6,0,0.48516256,5
155-7,155,7,0,0.3277057,5
155-8,155,8,0,0.25130448,5
155-9,155,9,0,0.40866327,5
155-10,155,10,0,0.07829929,5
155-11,155,11,0,0.18479227,5
155-12,155,12,0,0.345351,5
156-0,156,0,1,0.004218632,2
156-1,156,1,1,0.010999214,2
156-2,156,2,1,0.011779552,2
156-3,156,3,1,0.020853966,2
156-4,156,4,1,0.0029695074,2
156-5,156,5,1,0.004625137,2
156-6,156,6,1,0.0032453358,2
156-7,156,7,1,0.0032084556,2
156-8,156,8,1,0.022733768,2
156-9,156,9,1,0.01795658,2
156-10,156,10,1,0.0020682437,2
156-11,156,11,1,0.0020865598,2
156-12,156,12,0,0.6321861,2
157-0,157,0,0,0.019812541,1
157-1,157,1,0,0.017878396,1
157-2,157,2,0,0.005634741,1
157-3,157,3,0,0.009417637,1
157-4,157,4,0,0.004472408,1
157-5,157,5,0,0.002964614,1
157-6,157,6,1,0.34092298,1
157-7,157,7,0,0.011391586,1
157-8,157,8,0,0.004042863,1
157-9,157,9,0,0.017849257,1
157-10,157,10,0,0.003471893,1
157-11,157,11,0,0.007354928,1
157-12,157,12,0,0.007475948,1
158-0,158,0,1,0.086189136,5
158-1,158,1,1,0.2485057,5
158-2,158,2,1,0.08841248,5
158-3,158,3,1,0.33158606,5
158-4,158,4,1,0.06817296,5
158-5,158,5,0,0.1732812,5
158-6,158,6,0,0.61667967,5
158-7,158,7,1,0.19034034,5
158-8,158,8,1,0.13932744,5
158-9,158,9,1,0.25228584,5
158-10,158,10,1,0.034898035,5
158-11,158,11,1,0.09964498,5
158-12,158,12,1,0.18822631,5
159-0,159,0,0,0.0020607195,4
159-1,159,1,0,0.0015979992,4
159-2,159,2,0,0.007758113,4
159-3,159,3,0,0.0041728807,4
159-4,159,4,0,0.0013223559,4
159-5,159,5,0,0.00071693957,4
159-6,159,6,0,0.0023203294,4
159-7,159,7,0,0.0017620281,4
159-8,159,8,0,0.005024105,4
159-9,159,9,0,0.005774741,4
159-10,159,10,0,0.0017153535,4
159-11,159,11,0,0.002101506,4
159-12,159,12,0,0.0026375353,4
160-0,160,0,0,0.002066944,4
160-1,160,1,0,0.0016811641,4
160-2,160,2,0,0.00792237,4
160-3,160,3,0,0.003985426,4
160-4,160,4,0,0.0011782921,4
160-5,160,5,0,0.0007479638,4
160-6,160,6,0,0.0022305811,4
160-7,160,7,0,0.0018456772,4
160-8,160,8,0,0.0052599264,4
160-9,160,9,0,0.005764265,4
160-10,160,10,0,0.0017535825,4
160-11,160,11,0,0.002161135,4
160-12,160,12,0,0.0026686557,4
161-0,161,0,0,0.07924217,2
161-1,161,1,0,0.13855213,2
161-2,161,2,0,0.16811176,2
161-3,161,3,0,0.2329859,2
161-4,161,4,0,0.03366776,2
161-5,161,5,0,0.081780046,2
161-6,161,6,0,0.043722104,2
161-7,161,7,0,0.031529985,2
161-8,161,8,1,0.82272583,2
161-9,161,9,0,0.1403628,2
161-10,161,10,0,0.024208946,2
161-11,161,11,0,0.026131641,2
161-12,161,12,0,0.073395655,2
162-0,162,0,0,0.04742181,2
162-1,162,1,0,0.10836167,2
162-2,162,2,0,0.16003603,2
162-3,162,3,0,0.15022464,2
162-4,162,4,0,0.02590891,2
162-5,162,5,0,0.04035095,2
162-6,162,6,0,0.028409448,2
162-7,162,7,0,0.0479178,2
162-8,162,8,0,0.23513043,2
162-9,162,9,0,0.20908095,2
162-10,162,10,0,0.019076116,2
162-11,162,11,0,0.02057567,2
162-12,162,12,0,0.064419575,2
163-0,163,0,1,0.054757055,2
163-1,163,1,1,0.11611043,2
163-2,163,2,1,0.16615734,2
163-3,163,3,1,0.21406762,2
163-4,163,4,1,0.04750766,2
163-5,163,5,1,0.063558035,2
163-6,163,6,1,0.039814632,2
163-7,163,7,0,0.40393302,2
163-8,163,8,1,0.23257825,2
163-9,163,9,1,0.1760789,2
163-10,163,10,1,0.022010703,2
163-11,163,11,1,0.023084026,2
163-12,163,12,1,0.06631553,2
164-0,164,0,0,0.046184182,4
164-1,164,1,0,0.060675126,4
164-2,164,2,0,0.22596371,4
164-3,164,3,0,0.11227898,4
164-4,164,4,0,0.022146793,4
164-5,164,5,0,0.027380196,4
164-6,164,6,1,0.59749484,4
164-7,164,7,0,0.04934494,4
164-8,164,8,0,0.1195083,4
164-9,164,9,0,0.15495242,4
164-10,164,10,0,0.04725476,4
164-11,164,11,0,0.07202172,4
164-12,164,12,0,0.074726,4
165-0,165,0,0,0.019812541,1
165-1,165,1,0,0.017878396,1
165-2,165,2,0,0.005634741,1
165-3,165,3,0,0.009670965,1
165-4,165,4,0,0.0034525765,1
165-5,165,5,0,0.0030448907,1
165-6,165,6,0,0.0042434707,1
165-7,165,7,0,0.011391586,1
165-8,165,8,0,0.004042863,1
165-9,165,9,0,0.017849257,1
165-10,165,10,0,0.003471893,1
165-11,165,11,0,0.007354928,1
165-12,165,12,0,0.007475948,1
166-0,166,0,0,0.15282944,3
166-1,166,1,0,0.14989848,3
166-2,166,2,0,0.052774854,3
166-3,166,3,0,0.35670188,3
166-4,166,4,0,0.031038783,3
166-5,166,5,0,0.22901265,3
166-6,166,6,0,0.046391312,3
166-7,166,7,0,0.15745065,3
166-8,166,8,0,0.075518064,3
166-9,166,9,0,0.18881814,3
166-10,166,10,0,0.048852053,3
166-11,166,11,0,0.083355114,3
166-12,166,12,0,0.18216497,3
167-0,167,0,0,0.3092361,1
167-1,167,1,0,0.3377062,1
167-2,167,2,0,0.14235094,1
167-3,167,3,0,0.21708511,1
167-4,167,4,0,0.08251036,1
167-5,167,5,0,0.081391945,1
167-6,167,6,0,0.11448496,1
167-7,167,7,0,0.16240883,1
167-8,167,8,1,0.077332534,1
167-9,167,9,0,0.34375837,1
167-10,167,10,0,0.061751816,1
167-11,167,11,0,0.18604389,1
167-12,167,12,0,0.18082713,1
168-0,168,0,1,0.9463786,1
168-1,168,1,0,0.042979345,1
168-2,168,2,0,0.0133704245,1
168-3,168,3,0,0.023066472,1
168-4,168,4,0,0.007114362,1
168-5,168,5,0,0.0073308144,1
168-6,168,6,1,0.6754164,1
168-7,168,7,0,0.02025778,1
168-8,168,8,1,0.6820108,1
168-9,168,9,0,0.042911056,1
168-10,168,10,0,0.008701039,1
168-11,168,11,0,0.018486371,1
168-12,168,12,0,0.018384662,1
169-0,169,0,0,0.82633466,5
169-1,169,1,0,0.9384339,5
169-2,169,2,0,0.80027556,5
169-3,169,3,0,0.9436001,5
169-4,169,4,0,0.8295195,5
169-5,169,5,0,0.17408511,5
169-6,169,6,0,0.94991165,5
169-7,169,7,0,0.8758842,5
169-8,169,8,0,0.8505861,5
169-9,169,9,0,0.9142584,5
169-10,169,10,1,0.0012477256,5
169-11,169,11,0,0.8095032,5
169-12,169,12,0,0.91575,5
170-0,170,0,0,0.13071541,3
170-1,170,1,0,0.098804556,3
170-2,170,2,0,0.030785335,3
170-3,170,3,0,0.26081917,3
170-4,170,4,0,0.034627516,3
170-5,170,5,0,0.16026737,3
170-6,170,6,0,0.024031349,3
170-7,170,7,0,0.092991725,3
170-8,170,8,0,0.034287844,3
170-9,170,9,0,0.12810305,3
170-10,170,10,0,0.034994405,3
170-11,170,11,0,0.03894856,3
170-12,170,12,0,0.1401457,3
171-0,171,0,0,0.34588888,3
171-1,171,1,1,0.07964412,3
171-2,171,2,0,0.09966533,3
171-3,171,3,0,0.6137827,3
171-4,171,4,0,0.09446282,3
171-5,171,5,0,0.4659023,3
171-6,171,6,0,0.08982567,3
171-7,171,7,0,0.32819706,3
171-8,171,8,0,0.109748095,3
171-9,171,9,0,0.44420055,3
171-10,171,10,0,0.09228845,3
171-11,171,11,0,0.124878734,3
171-12,171,12,0,0.36744115,3
172-0,172,0,0,0.22497918,1
172-1,172,1,1,0.63286537,1
172-2,172,2,0,0.09502013,1
172-3,172,3,0,0.14840135,1
172-4,172,4,0,0.05171656,1
172-5,172,5,0,0.046473105,1
172-6,172,6,0,0.074442714,1
172-7,172,7,0,0.13299677,1
172-8,172,8,0,0.072413966,1
172-9,172,9,0,0.21968885,1
172-10,172,10,0,0.044089057,1
172-11,172,11,0,0.12607509,1
172-12,172,12,0,0.122287266,1
173-0,173,0,0,0.15879135,2
173-1,173,1,0,0.28241703,2
173-2,173,2,0,0.37234527,2
173-3,173,3,0,0.4540825,2
173-4,173,4,0,0.11121267,2
173-5,173,5,0,0.17742845,2
173-6,173,6,1,0.038000286,2
173-7,173,7,0,0.136846,2
173-8,173,8,1,0.6959695,2
173-9,173,9,0,0.4340771,2
173-10,173,10,0,0.055331536,2
173-11,173,11,0,0.058190793,2
173-12,173,12,1,0.26742005,2
174-0,174,0,0,0.0017423996,5
174-1,174,1,0,0.004749649,5
174-2,174,2,0,0.0018084456,5
174-3,174,3,0,0.010797547,5
174-4,174,4,0,0.0023972976,5
174-5,174,5,0,0.0024265896,5
174-6,174,6,1,0.95380175,5
174-7,174,7,0,0.002218961,5
174-8,174,8,0,0.0021058666,5
174-9,174,9,0,0.004775757,5
174-10,174,10,1,0.138218,5
174-11,174,11,0,0.0015986931,5
174-12,174,12,0,0.004456119,5
175-0,175,0,0,0.019812541,1
175-1,175,1,1,0.93452746,1
175-2,175,2,0,0.00548656,1
175-3,175,3,0,0.009417637,1
175-4,175,4,0,0.0033615876,1
175-5,175,5,0,0.002964614,1
175-6,175,6,0,0.0042434707,1
175-7,175,7,0,0.008157344,1
175-8,175,8,0,0.0040955506,1
175-9,175,9,0,0.017385477,1
175-10,175,10,0,0.0033944966,1
175-11,175,11,0,0.007354928,1
175-12,175,12,0,0.007475948,1
176-0,176,0,0,0.054402508,2
176-1,176,1,0,0.1413343,2
176-2,176,2,0,0.17369463,2
176-3,176,3,0,0.16061251,2
176-4,176,4,0,0.058702502,2
176-5,176,5,0,0.046592593,2
176-6,176,6,0,0.037581973,2
176-7,176,7,0,0.058628134,2
176-8,176,8,0,0.24491909,2
176-9,176,9,0,0.14756164,2
176-10,176,10,0,0.027028974,2
176-11,176,11,0,0.02661271,2
176-12,176,12,0,0.076739684,2
177-0,177,0,0,0.42871737,3
177-1,177,1,1,0.20191534,3
177-2,177,2,1,0.07004702,3
177-3,177,3,0,0.6964074,3
177-4,177,4,0,0.13122697,3
177-5,177,5,1,0.36679843,3
177-6,177,6,0,0.12145487,3
177-7,177,7,0,0.4166707,3
177-8,177,8,0,0.16182542,3
177-9,177,9,1,0.2727968,3
177-10,177,10,1,0.05236989,3
177-11,177,11,0,0.19777994,3
177-12,177,12,0,0.4030808,3
178-0,178,0,0,0.01602005,5
178-1,178,1,0,0.05137628,5
178-2,178,2,0,0.0149110565,5
178-3,178,3,0,0.032153416,5
178-4,178,4,0,0.013261122,5
178-5,178,5,0,0.017956235,5
178-6,178,6,0,0.060444385,5
178-7,178,7,0,0.026081905,5
178-8,178,8,0,0.018096553,5
178-9,178,9,0,0.03079653,5
178-10,178,10,0,0.012433724,5
178-11,178,11,0,0.015941294,5
178-12,178,12,0,0.035849154,5
179-0,179,0,0,0.024690723,1
179-1,179,1,0,0.017878396,1
179-2,179,2,0,0.0066464404,1
179-3,179,3,0,0.009417637,1
179-4,179,4,0,0.0033615876,1
179-5,179,5,0,0.003820429,1
179-6,179,6,0,0.0042434707,1
179-7,179,7,0,0.010772035,1
179-8,179,8,0,0.004042863,1
179-9,179,9,0,0.022216724,1
179-10,179,10,0,0.003517166,1
179-11,179,11,0,0.009344738,1
179-12,179,12,0,0.007475948,1
180-0,180,0,0,0.0022972494,5
180-1,180,1,1,0.9438056,5
180-2,180,2,1,0.81532943,5
180-3,180,3,1,0.9478199,5
180-4,180,4,0,0.0022963372,5
180-5,180,5,1,0.16842487,5
180-6,180,6,0,0.007876725,5
180-7,180,7,0,0.0033028366,5
180-8,180,8,1,0.8667077,5
180-9,180,9,1,0.94486415,5
180-10,180,10,0,0.0024784529,5
180-11,180,11,0,0.0015459711,5
180-12,180,12,1,0.9229383,5
181-0,181,0,0,0.0020607195,4
181-1,181,1,1,0.9113468,4
181-2,181,2,0,0.00760583,4
181-3,181,3,0,0.0042148433,4
181-4,181,4,0,0.0013334932,4
181-5,181,5,0,0.00071693957,4
181-6,181,6,0,0.002342731,4
181-7,181,7,0,0.0020275463,4
181-8,181,8,0,0.0049726507,4
181-9,181,9,0,0.006027966,4
181-10,181,10,0,0.0017775638,4
181-11,181,11,0,0.002101506,4
181-12,181,12,0,0.0026906112,4
182-0,182,0,0,0.002066944,4
182-1,182,1,1,0.91847336,4
182-2,182,2,0,0.008080702,4
182-3,182,3,0,0.0041824724,4
182-4,182,4,0,0.0011782921,4
182-5,182,5,1,0.8317407,4
182-6,182,6,0,0.0022520518,4
182-7,182,7,0,0.0018456772,4
182-8,182,8,0,0.005628359,4
182-9,182,9,0,0.005764265,4
182-10,182,10,0,0.0018860338,4
182-11,182,11,0,0.002161135,4
182-12,182,12,1,0.93369454,4
183-0,183,0,0,0.004218632,2
183-1,183,1,0,0.010999214,2
183-2,183,2,0,0.011779552,2
183-3,183,3,0,0.009652287,2
183-4,183,4,0,0.0034299851,2
183-5,183,5,0,0.004625137,2
183-6,183,6,0,0.0023658494,2
183-7,183,7,0,0.0021372125,2
183-8,183,8,0,0.01896166,2
183-9,183,9,0,0.015258263,2
183-10,183,10,0,0.0020348702,2
183-11,183,11,0,0.0020865598,2
183-12,183,12,0,0.005438102,2
184-0,184,0,0,0.22911958,4
184-1,184,1,0,0.31532183,4
184-2,184,2,0,0.6798323,4
184-3,184,3,0,0.42110726,4
184-4,184,4,0,0.1428514,4
184-5,184,5,0,0.1696627,4
184-6,184,6,0,0.2879327,4
184-7,184,7,0,0.22917394,4
184-8,184,8,0,0.42185655,4
184-9,184,9,0,0.5798651,4
184-10,184,10,0,0.09569501,4
184-11,184,11,0,0.3111813,4
184-12,184,12,0,0.34301692,4
185-0,185,0,0,0.04742181,2
185-1,185,1,1,0.63080823,2
185-2,185,2,0,0.15668103,2
185-3,185,3,0,0.14703935,2
185-4,185,4,0,0.038204808,2
185-5,185,5,0,0.062447265,2
185-6,185,6,0,0.027722795,2
185-7,185,7,0,0.0479178,2
185-8,185,8,0,0.23513043,2
185-9,185,9,0,0.16497847,2
185-10,185,10,0,0.020861616,2
185-11,185,11,0,0.02057567,2
185-12,185,12,0,0.06866477,2
186-0,186,0,0,0.13276239,2
186-1,186,1,0,0.23622322,2
186-2,186,2,0,0.3179599,2
186-3,186,3,0,0.3846722,2
186-4,186,4,0,0.092961505,2
186-5,186,5,0,0.1395009,2
186-6,186,6,1,0.06644948,2
186-7,186,7,0,0.10647044,2
186-8,186,8,0,0.42106226,2
186-9,186,9,1,0.76880145,2
186-10,186,10,1,0.16095828,2
186-11,186,11,0,0.049158506,2
186-12,186,12,0,0.14562726,2
187-0,187,0,0,0.00082340685,5
187-1,187,1,0,0.002020174,5
187-2,187,2,0,0.0010021696,5
187-3,187,3,0,0.006262835,5
187-4,187,4,0,0.0009859655,5
187-5,187,5,0,0.00125457,5
187-6,187,6,0,0.003306072,5
187-7,187,7,0,0.0013625751,5
187-8,187,8,1,0.9093197,5
187-9,187,9,0,0.0016353227,5
187-10,187,10,1,0.21679719,5
187-11,187,11,0,0.00088581035,5
187-12,187,12,0,0.0018507703,5
188-0,188,0,0,0.26271376,2
188-1,188,1,0,0.41892233,2
188-2,188,2,0,0.5995092,2
188-3,188,3,0,0.55880266,2
188-4,188,4,0,0.20072831,2
188-5,188,5,0,0.27914238,2
188-6,188,6,0,0.113110796,2
188-7,188,7,0,0.1664995,2
188-8,188,8,0,0.69215953,2
188-9,188,9,0,0.67283523,2
188-10,188,10,0,0.059098065,2
188-11,188,11,0,0.10746823,2
188-12,188,12,0,0.30160132,2
189-0,189,0,0,0.0015370168,5
189-1,189,1,0,0.0041912855,5
189-2,189,2,0,0.0011688381,5
189-3,189,3,0,0.0053232424,5
189-4,189,4,0,0.0010973169,5
189-5,189,5,0,0.0025695427,5
189-6,189,6,0,0.0039372975,5
189-7,189,7,0,0.0016036173,5
189-8,189,8,0,0.0018577221,5
189-9,189,9,0,0.004276188,5
189-10,189,10,0,0.0016627032,5
189-11,189,11,0,0.0014102255,5
189-12,189,12,0,0.003626922,5
190-0,190,0,0,0.8210084,4
190-1,190,1,0,0.8932257,4
190-2,190,2,0,0.97641414,4
190-3,190,3,0,0.9314904,4
190-4,190,4,0,0.7027416,4
190-5,190,5,0,0.78287065,4
190-6,190,6,0,0.87936985,4
190-7,190,7,0,0.8103004,4
190-8,190,8,0,0.93339694,4
190-9,190,9,1,0.0072946595,4
190-10,190,10,0,0.61639154,4
190-11,190,11,0,0.88930815,4
190-12,190,12,0,0.9050406,4
191-0,191,0,0,0.009728177,3
191-1,191,1,0,0.005919506,3
191-2,191,2,1,0.668805,3
191-3,191,3,0,0.023708232,3
191-4,191,4,0,0.0019292783,3
191-5,191,5,1,0.94321275,3
191-6,191,6,0,0.0018305235,3
191-7,191,7,0,0.006827562,3
191-8,191,8,1,0.69218564,3
191-9,191,9,1,0.9332496,3
191-10,191,10,1,0.40858626,3
191-11,191,11,1,0.73064166,3
191-12,191,12,0,0.007874415,3
192-0,192,0,0,0.18570898,4
192-1,192,1,0,0.289751,4
192-2,192,2,0,0.61717993,4
192-3,192,3,0,0.35123557,4
192-4,192,4,0,0.131437,4
192-5,192,5,0,0.13430427,4
192-6,192,6,0,0.25389728,4
192-7,192,7,0,0.18209022,4
192-8,192,8,0,0.3781424,4
192-9,192,9,0,0.5526886,4
192-10,192,10,0,0.089628205,4
192-11,192,11,0,0.28580612,4
192-12,192,12,0,0.3201387,4
193-0,193,0,0,0.004474763,2
193-1,193,1,0,0.0120250685,2
193-2,193,2,0,0.01287724,2
193-3,193,3,0,0.010234937,2
193-4,193,4,0,0.0035304069,2
193-5,193,5,0,0.00630593,2
193-6,193,6,0,0.0035506107,2
193-7,193,7,0,0.0030008543,2
193-8,193,8,0,0.024277486,2
193-9,193,9,0,0.01961845,2
193-10,193,10,0,0.0017874942,2
193-11,193,11,0,0.0022830833,2
193-12,193,12,0,0.004673832,2
194-0,194,0,0,0.0009911668,5
194-1,194,1,0,0.0023250543,5
194-2,194,2,0,0.0011430036,5
194-3,194,3,0,0.0067803427,5
194-4,194,4,0,0.00081054564,5
194-5,194,5,0,0.0014347894,5
194-6,194,6,0,0.0038408341,5
194-7,194,7,0,0.0015134051,5
194-8,194,8,0,0.00095367304,5
194-9,194,9,0,0.002382574,5
194-10,194,10,0,0.0011673322,5
194-11,194,11,0,0.000984998,5
194-12,194,12,0,0.0021054388,5
195-0,195,0,0,0.022346366,4
195-1,195,1,1,0.5705881,4
195-2,195,2,1,0.86287415,4
195-3,195,3,1,0.63125,4
195-4,195,4,0,0.013204804,4
195-5,195,5,1,0.31461012,4
195-6,195,6,1,0.52881,4
195-7,195,7,0,0.022337534,4
195-8,195,8,0,0.04790535,4
195-9,195,9,1,0.8019223,4
195-10,195,10,1,0.18164334,4
195-11,195,11,0,0.03638131,4
195-12,195,12,1,0.583832,4
196-0,196,0,0,0.054638397,2
196-1,196,1,0,0.15671127,2
196-2,196,2,0,0.20243424,2
196-3,196,3,0,0.26246998,2
196-4,196,4,0,0.061181255,2
196-5,196,5,1,0.3920004,2
196-6,196,6,0,0.04244317,2
196-7,196,7,0,0.0626013,2
196-8,196,8,0,0.30058533,2
196-9,196,9,0,0.14813808,2
196-10,196,10,0,0.03307561,2
196-11,196,11,1,0.12323615,2
196-12,196,12,0,0.06769552,2
197-0,197,0,0,0.23573433,1
197-1,197,1,0,0.24492212,1
197-2,197,2,0,0.09611195,1
197-3,197,3,0,0.14154467,1
197-4,197,4,0,0.052821916,1
197-5,197,5,0,0.053747974,1
197-6,197,6,0,0.07531777,1
197-7,197,7,0,0.13521533,1
197-8,197,8,0,0.07312916,1
197-9,197,9,0,0.24705337,1
197-10,197,10,0,0.048377167,1
197-11,197,11,0,0.1274735,1
197-12,197,12,0,0.12246602,1
198-0,198,0,0,0.002066944,4
198-1,198,1,0,0.0016811641,4
198-2,198,2,0,0.0075504566,4
198-3,198,3,0,0.003752252,4
198-4,198,4,0,0.0014018159,4
198-5,198,5,0,0.000712609,4
198-6,198,6,0,0.0022305811,4
198-7,198,7,0,0.0015488134,4
198-8,198,8,0,0.0052599264,4
198-9,198,9,0,0.0051721777,4
198-10,198,10,0,0.001589878,4
198-11,198,11,0,0.002161135,4
198-12,198,12,0,0.0025123274,4
199-0,199,0,1,0.12660411,4
199-1,199,1,0,0.3149536,4
199-2,199,2,1,0.5242731,4
199-3,199,3,1,0.22875868,4
199-4,199,4,0,0.14137323,4
199-5,199,5,1,0.092016585,4
199-6,199,6,1,0.16467181,4
199-7,199,7,0,0.2451291,4
199-8,199,8,1,0.27429295,4
199-9,199,9,0,0.5797037,4
199-10,199,10,1,0.052073166,4
199-11,199,11,1,0.18151782,4
199-12,199,12,1,0.20488861,4
200-0,200,0,0,0.04213394,5
200-1,200,1,0,0.111832716,5
200-2,200,2,0,0.0366083,5
200-3,200,3,0,0.10377366,5
200-4,200,4,0,0.020698205,5
200-5,200,5,0,0.02061407,5
200-6,200,6,0,0.10193989,5
200-7,200,7,1,0.6597553,5
200-8,200,8,0,0.049559247,5
200-9,200,9,0,0.050695255,5
200-10,200,10,0,0.012674881,5
200-11,200,11,0,0.034580078,5
200-12,200,12,0,0.091272466,5
201-0,201,0,0,0.020630207,3
201-1,201,1,0,0.014585656,3
201-2,201,2,0,0.005163254,3
201-3,201,3,0,0.048584323,3
201-4,201,4,0,0.0061568217,3
201-5,201,5,0,0.031617418,3
201-6,201,6,0,0.0040072547,3
201-7,201,7,0,0.01762444,3
201-8,201,8,0,0.0034828796,3
201-9,201,9,1,0.7855295,3
201-10,201,10,0,0.006230698,3
201-11,201,11,0,0.0048352047,3
201-12,201,12,0,0.019567162,3
202-0,202,0,0,0.08211976,4
202-1,202,1,0,0.12397265,4
202-2,202,2,0,0.40702242,4
202-3,202,3,0,0.16497554,4
202-4,202,4,0,0.04358073,4
202-5,202,5,0,0.059078004,4
202-6,202,6,0,0.107370555,4
202-7,202,7,0,0.097207665,4
202-8,202,8,0,0.19093655,4
202-9,202,9,0,0.2831131,4
202-10,202,10,0,0.033696193,4
202-11,202,11,0,0.121897504,4
202-12,202,12,0,0.1459566,4
203-0,203,0,1,0.01639212,3
203-1,203,1,0,0.8043197,3
203-2,203,2,0,0.5598795,3
203-3,203,3,1,0.04747526,3
203-4,203,4,0,0.62434494,3
203-5,203,5,0,0.9206505,3
203-6,203,6,1,0.0036238094,3
203-7,203,7,0,0.8680501,3
203-8,203,8,0,0.57132816,3
203-9,203,9,1,0.02544246,3
203-10,203,10,1,0.0050637997,3
203-11,203,11,0,0.6439606,3
203-12,203,12,0,0.82740486,3
204-0,204,0,0,0.003679659,5
204-1,204,1,0,0.009180421,5
204-2,204,2,0,0.004144098,5
204-3,204,3,0,0.024712682,5
204-4,204,4,0,0.0029689837,5
204-5,204,5,0,0.005106595,5
204-6,204,6,0,0.01214741,5
204-7,204,7,0,0.0054648593,5
204-8,204,8,0,0.0037961523,5
204-9,204,9,0,0.009365437,5
204-10,204,10,0,0.004245206,5
204-11,204,11,0,0.0036480955,5
204-12,204,12,0,0.008845487,5
205-0,205,0,0,0.031823583,3
205-1,205,1,0,0.023947496,3
205-2,205,2,0,0.00806771,3
205-3,205,3,0,0.071606256,3
205-4,205,4,0,0.0064023896,3
205-5,205,5,0,0.053188253,3
205-6,205,6,0,0.006911525,3
205-7,205,7,0,0.028659027,3
205-8,205,8,0,0.0065016113,3
205-9,205,9,0,0.03389822,3
205-10,205,10,0,0.009979127,3
205-11,205,11,1,0.3350478,3
205-12,205,12,0,0.033790126,3
206-0,206,0,0,0.023270255,1
206-1,206,1,0,0.022835406,1
206-2,206,2,0,0.0072642425,1
206-3,206,3,0,0.012500355,1
206-4,206,4,0,0.0039598546,1
206-5,206,5,0,0.004534532,1
206-6,206,6,0,0.0055717663,1
206-7,206,7,0,0.011217132,1
206-8,206,8,0,0.005378465,1
206-9,206,9,0,0.02279836,1
206-10,206,10,0,0.0047267,1
206-11,206,11,0,0.009958909,1
206-12,206,12,0,0.009903636,1
207-0,207,0,0,0.005062066,2
207-1,207,1,0,0.008861713,2
207-2,207,2,0,0.012064421,2
207-3,207,3,0,0.016566316,2
207-4,207,4,0,0.0039398004,2
207-5,207,5,1,0.7742761,2
207-6,207,6,0,0.0038318173,2
207-7,207,7,1,0.6991517,2
207-8,207,8,0,0.017704586,2
207-9,207,9,0,0.011308634,2
207-10,207,10,0,0.0013597788,2
207-11,207,11,0,0.0016510471,2
207-12,207,12,0,0.004477572,2
208-0,208,0,0,0.103185065,3
208-1,208,1,0,0.08248674,3
208-2,208,2,0,0.02663182,3
208-3,208,3,0,0.26199648,3
208-4,208,4,0,0.027609032,3
208-5,208,5,0,0.16028674,3
208-6,208,6,0,0.020722304,3
208-7,208,7,0,0.103760846,3
208-8,208,8,0,0.028090654,3
208-9,208,9,1,0.64388335,3
208-10,208,10,0,0.027630342,3
208-11,208,11,0,0.031090762,3
208-12,208,12,0,0.11829176,3
209-0,209,0,0,0.33533219,1
209-1,209,1,0,0.37456384,1
209-2,209,2,0,0.15808673,1
209-3,209,3,0,0.20608664,1
209-4,209,4,0,0.068333164,1
209-5,209,5,0,0.07813896,1
209-6,209,6,0,0.11475567,1
209-7,209,7,0,0.22113203,1
209-8,209,8,0,0.11285437,1
209-9,209,9,0,0.3361436,1
209-10,209,10,0,0.05530076,1
209-11,209,11,0,0.21000068,1
209-12,209,12,0,0.18011335,1
210-0,210,0,0,0.6120959,1
210-1,210,1,1,0.15873423,1
210-2,210,2,1,0.05513705,1
210-3,210,3,0,0.39635834,1
210-4,210,4,0,0.19523562,1
210-5,210,5,0,0.24141324,1
210-6,210,6,0,0.18596607,1
210-7,210,7,0,0.46493468,1
210-8,210,8,1,0.04708498,1
210-9,210,9,0,0.62685496,1
210-10,210,10,1,0.026173454,1
210-11,210,11,1,0.07629961,1
210-12,210,12,1,0.07313385,1
211-0,211,0,1,0.18270934,4
211-1,211,1,1,0.33125043,4
211-2,211,2,1,0.7011085,4
211-3,211,3,1,0.35457385,4
211-4,211,4,1,0.15756835,4
211-5,211,5,0,0.123733275,4
211-6,211,6,1,0.28731218,4
211-7,211,7,1,0.2558374,4
211-8,211,8,1,0.44959182,4
211-9,211,9,1,0.60146314,4
211-10,211,10,1,0.08531776,4
211-11,211,11,0,0.23791865,4
211-12,211,12,1,0.3518184,4
212-0,212,0,0,0.39618662,1
212-1,212,1,0,0.42610613,1
212-2,212,2,0,0.1928241,1
212-3,212,3,0,0.25008348,1
212-4,212,4,0,0.09857306,1
212-5,212,5,1,0.06421023,1
212-6,212,6,0,0.15651442,1
212-7,212,7,0,0.26264325,1
212-8,212,8,1,0.0791031,1
212-9,212,9,0,0.42623386,1
212-10,212,10,1,0.04301299,1
212-11,212,11,0,0.24971223,1
212-12,212,12,0,0.24123049,1
213-0,213,0,1,0.002381946,4
213-1,213,1,1,0.0019857755,4
213-2,213,2,1,0.009722584,4
213-3,213,3,1,0.004637794,4
213-4,213,4,1,0.0012229634,4
213-5,213,5,1,0.0008598935,4
213-6,213,6,1,0.0027358816,4
213-7,213,7,1,0.0024311903,4
213-8,213,8,1,0.005959105,4
213-9,213,9,1,0.0077094166,4
213-10,213,10,1,0.0021315475,4
213-11,213,11,1,0.0025198392,4
213-12,213,12,1,0.0033426383,4
214-0,214,0,0,0.24319266,3
214-1,214,1,0,0.14658238,3
214-2,214,2,0,0.049463492,3
214-3,214,3,0,0.43627062,3
214-4,214,4,0,0.057300914,3
214-5,214,5,0,0.28657398,3
214-6,214,6,0,0.042968314,3
214-7,214,7,0,0.19105951,3
214-8,214,8,0,0.05425296,3
214-9,214,9,0,0.22381492,3
214-10,214,10,0,0.04919658,3
214-11,214,11,0,0.048222635,3
214-12,214,12,0,0.20673624,3
215-0,215,0,0,0.09263137,1
215-1,215,1,0,0.08165803,1
215-2,215,2,0,0.027164053,1
215-3,215,3,0,0.050318748,1
215-4,215,4,0,0.014859056,1
215-5,215,5,0,0.014856306,1
215-6,215,6,0,0.022048729,1
215-7,215,7,0,0.046116393,1
215-8,215,8,0,0.025115022,1
215-9,215,9,0,0.08335814,1
215-10,215,10,0,0.01698148,1
215-11,215,11,0,0.038022086,1
215-12,215,12,0,0.040848862,1
216-0,216,0,0,0.12241964,1
216-1,216,1,0,0.11937752,1
216-2,216,2,0,0.040830772,1
216-3,216,3,0,0.06682527,1
216-4,216,4,0,0.019978153,1
216-5,216,5,0,0.022234129,1
216-6,216,6,0,0.029570328,1
216-7,216,7,0,0.061333425,1
216-8,216,8,0,0.03191919,1
216-9,216,9,0,0.10838938,1
216-10,216,10,0,0.024025265,1
216-11,216,11,0,0.050710253,1
216-12,216,12,0,0.05442693,1
217-0,217,0,0,0.28161272,2
217-1,217,1,0,0.30509654,2
217-2,217,2,0,0.63017035,2
217-3,217,3,0,0.702513,2
217-4,217,4,0,0.14322916,2
217-5,217,5,0,0.36455375,2
217-6,217,6,0,0.046991713,2
217-7,217,7,0,0.31295162,2
217-8,217,8,0,0.7301364,2
217-9,217,9,0,0.59528875,2
217-10,217,10,0,0.10307412,2
217-11,217,11,0,0.06867462,2
217-12,217,12,0,0.27246523,2
218-0,218,0,0,0.31504703,1
218-1,218,1,0,0.2846502,1
218-2,218,2,0,0.12235463,1
218-3,218,3,0,0.19336991,1
218-4,218,4,0,0.06323017,1
218-5,218,5,0,0.06257246,1
218-6,218,6,0,0.10010121,1
218-7,218,7,0,0.17786881,1
218-8,218,8,0,0.098426886,1
218-9,218,9,0,0.28699568,1
218-10,218,10,0,0.06247508,1
218-11,218,11,0,0.15029317,1
218-12,218,12,0,0.16007775,1
219-0,219,0,0,0.054581154,2
219-1,219,1,0,0.06322508,2
219-2,219,2,0,0.103838906,2
219-3,219,3,0,0.16655082,2
219-4,219,4,0,0.022749815,2
219-5,219,5,0,0.03540682,2
219-6,219,6,0,0.018478123,2
219-7,219,7,0,0.038462646,2
219-8,219,8,0,0.1887393,2
219-9,219,9,0,0.14788543,2
219-10,219,10,0,0.014148636,2
219-11,219,11,0,0.011870642,2
219-12,219,12,0,0.041332096,2
220-0,220,0,1,0.0063915723,2
220-1,220,1,0,0.6083508,2
220-2,220,2,1,0.014962771,2
220-3,220,3,1,0.021189434,2
220-4,220,4,0,0.531362,2
220-5,220,5,0,0.7348121,2
220-6,220,6,0,0.16738601,2
220-7,220,7,0,0.64268005,2
220-8,220,8,0,0.9243899,2
220-9,220,9,0,0.8976548,2
220-10,220,10,1,0.0020682437,2
220-11,220,11,1,0.0013007505,2
220-12,220,12,1,0.005438102,2
221-0,221,0,0,0.24036638,4
221-1,221,1,0,0.28626606,4
221-2,221,2,1,0.7505489,4
221-3,221,3,0,0.4032517,4
221-4,221,4,0,0.116236255,4
221-5,221,5,1,0.21671982,4
221-6,221,6,0,0.25680912,4
221-7,221,7,0,0.24544813,4
221-8,221,8,0,0.410633,4
221-9,221,9,1,0.65145403,4
221-10,221,10,0,0.09562245,4
221-11,221,11,0,0.2735662,4
221-12,221,12,0,0.33904973,4
222-0,222,0,1,0.22641028,4
222-1,222,1,1,0.27059433,4
222-2,222,2,1,0.63569415,4
222-3,222,3,1,0.42647526,4
222-4,222,4,1,0.09917669,4
222-5,222,5,0,0.20193318,4
222-6,222,6,1,0.2811218,4
222-7,222,7,1,0.24182664,4
222-8,222,8,1,0.40588525,4
222-9,222,9,1,0.49869493,4
222-10,222,10,1,0.096802175,4
222-11,222,11,1,0.258338,4
222-12,222,12,1,0.3217911,4
223-0,223,0,0,0.63125265,3
223-1,223,1,0,0.46992812,3
223-2,223,2,0,0.21940273,3
223-3,223,3,0,0.8466991,3
223-4,223,4,0,0.27144346,3
223-5,223,5,0,0.72540694,3
223-6,223,6,1,0.028951533,3
223-7,223,7,0,0.6268363,3
223-8,223,8,1,0.03491859,3
223-9,223,9,1,0.14145017,3
223-10,223,10,0,0.09228719,3
223-11,223,11,1,0.034732923,3
223-12,223,12,0,0.5519338,3
224-0,224,0,0,0.00816204,4
224-1,224,1,0,0.006867816,4
224-2,224,2,0,0.035994157,4
224-3,224,3,0,0.020316593,4
224-4,224,4,0,0.0043732626,4
224-5,224,5,0,0.0029729556,4
224-6,224,6,0,0.010856157,4
224-7,224,7,0,0.007826371,4
224-8,224,8,0,0.0239,4
224-9,224,9,0,0.02368182,4
224-10,224,10,0,0.007466829,4
224-11,224,11,0,0.008448167,4
224-12,224,12,0,0.011611466,4
225-0,225,0,0,0.13270745,2
225-1,225,1,0,0.1401542,2
225-2,225,2,0,0.29807,2
225-3,225,3,0,0.3731971,2
225-4,225,4,0,0.099762626,2
225-5,225,5,0,0.080012664,2
225-6,225,6,0,0.05989382,2
225-7,225,7,0,0.10403767,2
225-8,225,8,0,0.3957723,2
225-9,225,9,0,0.22407189,2
225-10,225,10,0,0.042708013,2
225-11,225,11,0,0.027804831,2
225-12,225,12,0,0.120364465,2
226-0,226,0,0,0.04802177,3
226-1,226,1,0,0.027890975,3
226-2,226,2,0,0.0091312835,3
226-3,226,3,0,0.1079883,3
226-4,226,4,0,0.009282456,3
226-5,226,5,0,0.056105524,3
226-6,226,6,0,0.0068738586,3
226-7,226,7,0,0.0328634,3
226-8,226,8,0,0.0064278073,3
226-9,226,9,0,0.041919194,3
226-10,226,10,0,0.011453697,3
226-11,226,11,0,0.006860132,3
226-12,226,12,0,0.031973463,3
227-0,227,0,0,0.07164164,2
227-1,227,1,0,0.11208035,2
227-2,227,2,0,0.16266125,2
227-3,227,3,0,0.20930864,2
227-4,227,4,0,0.04750766,2
227-5,227,5,1,0.49339545,2
227-6,227,6,0,0.037901644,2
227-7,227,7,0,0.050987337,2
227-8,227,8,1,0.80128026,2
227-9,227,9,0,0.14867947,2
227-10,227,10,0,0.022885619,2
227-11,227,11,0,0.01696926,2
227-12,227,12,0,0.0684702,2
228-0,228,0,1,0.32786715,2
228-1,228,1,0,0.25533772,2
228-2,228,2,1,0.6728168,2
228-3,228,3,1,0.7373016,2
228-4,228,4,1,0.24776077,2
228-5,228,5,0,0.195772,2
228-6,228,6,1,0.05372481,2
228-7,228,7,0,0.15623447,2
228-8,228,8,0,0.5166051,2
228-9,228,9,0,0.4556764,2
228-10,228,10,1,0.13006909,2
228-11,228,11,0,0.06449518,2
228-12,228,12,0,0.19270016,2
229-0,229,0,1,0.2560125,3
229-1,229,1,0,0.1065947,3
229-2,229,2,0,0.049415853,3
229-3,229,3,0,0.43467236,3
229-4,229,4,1,0.06453081,3
229-5,229,5,1,0.346842,3
229-6,229,6,0,0.042157963,3
229-7,229,7,0,0.19529343,3
229-8,229,8,0,0.0541479,3
229-9,229,9,0,0.2591069,3
229-10,229,10,0,0.051223695,3
229-11,229,11,0,0.042522144,3
229-12,229,12,0,0.21439424,3
230-0,230,0,0,0.026486121,4
230-1,230,1,0,0.028875086,4
230-2,230,2,0,0.120699726,4
230-3,230,3,0,0.06867087,4
230-4,230,4,0,0.013204804,4
230-5,230,5,0,0.010984279,4
230-6,230,6,0,0.032783344,4
230-7,230,7,0,0.022112707,4
230-8,230,8,0,0.04790535,4
230-9,230,9,0,0.07094125,4
230-10,230,10,0,0.022018207,4
230-11,230,11,0,0.030279092,4
230-12,230,12,0,0.038480245,4
231-0,231,0,0,0.044939157,1
231-1,231,1,0,0.05472978,1
231-2,231,2,0,0.013035181,1
231-3,231,3,0,0.022253761,1
231-4,231,4,0,0.0075924885,1
231-5,231,5,0,0.008859766,1
231-6,231,6,0,0.012325961,1
231-7,231,7,0,0.018968996,1
231-8,231,8,0,0.009385591,1
231-9,231,9,0,0.054643884,1
231-10,231,10,0,0.008203973,1
231-11,231,11,1,0.8309545,1
231-12,231,12,0,0.023073876,1
232-0,232,0,0,0.34073246,2
232-1,232,1,0,0.4883925,2
232-2,232,2,0,0.68541455,2
232-3,232,3,0,0.75099003,2
232-4,232,4,0,0.23727113,2
232-5,232,5,0,0.3953791,2
232-6,232,6,0,0.05571211,2
232-7,232,7,0,0.3414837,2
232-8,232,8,0,0.75229734,2
232-9,232,9,0,0.70811015,2
232-10,232,10,0,0.12374254,2
232-11,232,11,0,0.11269085,2
232-12,232,12,0,0.30639607,2
233-0,233,0,0,0.15268625,5
233-1,233,1,0,0.39636773,5
233-2,233,2,0,0.16965167,5
233-3,233,3,0,0.52279735,5
233-4,233,4,0,0.12253563,5
233-5,233,5,0,0.08606347,5
233-6,233,6,0,0.31141043,5
233-7,233,7,0,0.33634752,5
233-8,233,8,0,0.2370193,5
233-9,233,9,0,0.4011963,5
233-10,233,10,0,0.065979026,5
233-11,233,11,0,0.16965167,5
233-12,233,12,0,0.22270297,5
234-0,234,0,0,0.011274952,3
234-1,234,1,0,0.0054150247,3
234-2,234,2,0,0.0021613273,3
234-3,234,3,0,0.02188838,3
234-4,234,4,0,0.001705061,3
234-5,234,5,0,0.011762451,3
234-6,234,6,0,0.002121819,3
234-7,234,7,0,0.00709995,3
234-8,234,8,0,0.0014546161,3
234-9,234,9,0,0.010105391,3
234-10,234,10,0,0.0025659732,3
234-11,234,11,1,0.7205757,3
234-12,234,12,0,0.0078069633,3
235-0,235,0,0,0.17782901,3
235-1,235,1,0,0.09150757,3
235-2,235,2,0,0.030453943,3
235-3,235,3,0,0.3472394,3
235-4,235,4,0,0.033992894,3
235-5,235,5,0,0.18866256,3
235-6,235,6,0,0.031019397,3
235-7,235,7,0,0.14444399,3
235-8,235,8,0,0.039390758,3
235-9,235,9,0,0.16779809,3
235-10,235,10,0,0.033801664,3
235-11,235,11,0,0.032735977,3
235-12,235,12,0,0.14522785,3
236-0,236,0,1,0.17195968,3
236-1,236,1,1,0.090009555,3
236-2,236,2,1,0.0316106,3
236-3,236,3,1,0.3097721,3
236-4,236,4,1,0.019636458,3
236-5,236,5,1,0.12069227,3
236-6,236,6,1,0.027144948,3
236-7,236,7,1,0.13251483,3
236-8,236,8,1,0.035131484,3
236-9,236,9,1,0.11056347,3
236-10,236,10,1,0.032401115,3
236-11,236,11,1,0.01979157,3
236-12,236,12,1,0.13941047,3
237-0,237,0,0,0.31595257,1
237-1,237,1,0,0.2846502,1
237-2,237,2,0,0.11107546,1
237-3,237,3,0,0.19336991,1
237-4,237,4,0,0.06323017,1
237-5,237,5,0,0.06257246,1
237-6,237,6,0,0.091647245,1
237-7,237,7,0,0.17786881,1
237-8,237,8,0,0.098607406,1
237-9,237,9,0,0.28699568,1
237-10,237,10,0,0.06247508,1
237-11,237,11,0,0.15029317,1
237-12,237,12,0,0.14867003,1
238-0,238,0,1,0.6968685,2
238-1,238,1,0,0.0068553938,2
238-2,238,2,1,0.90808445,2
238-3,238,3,0,0.016833989,2
238-4,238,4,0,0.0039398004,2
238-5,238,5,1,0.7520784,2
238-6,238,6,0,0.0025162965,2
238-7,238,7,0,0.0031484119,2
238-8,238,8,0,0.017310206,2
238-9,238,9,0,0.014255938,2
238-10,238,10,0,0.001207448,2
238-11,238,11,0,0.0011373173,2
238-12,238,12,0,0.004306062,2
239-0,239,0,1,0.29038,4
239-1,239,1,1,0.3840909,4
239-2,239,2,1,0.7068734,4
239-3,239,3,1,0.50258356,4
239-4,239,4,0,0.08854491,4
239-5,239,5,0,0.1344862,4
239-6,239,6,1,0.30590132,4
239-7,239,7,0,0.19372189,4
239-8,239,8,0,0.33977067,4
239-9,239,9,0,0.5068039,4
239-10,239,10,0,0.07243946,4
239-11,239,11,1,0.32672843,4
239-12,239,12,1,0.40863156,4
240-0,240,0,0,0.9368168,1
240-1,240,1,0,0.93642014,1
240-2,240,2,0,0.8231975,1
240-3,240,3,0,0.8449978,1
240-4,240,4,0,0.69718707,1
240-5,240,5,0,0.70585084,1
240-6,240,6,0,0.6374875,1
240-7,240,7,0,0.86618245,1
240-8,240,8,0,0.6326474,1
240-9,240,9,0,0.9371008,1
240-10,240,10,0,0.45982644,1
240-11,240,11,0,0.8339411,1
240-12,240,12,0,0.78345746,1
241-0,241,0,0,0.0039584967,5
241-1,241,1,0,0.008991745,5
241-2,241,2,0,0.0042314893,5
241-3,241,3,0,0.027640777,5
241-4,241,4,0,0.004046034,5
241-5,241,5,0,0.0053136945,5
241-6,241,6,0,0.012944328,5
241-7,241,7,0,0.011121673,5
241-8,241,8,0,0.0033140774,5
241-9,241,9,0,0.0075072083,5
241-10,241,10,0,0.004245206,5
241-11,241,11,0,0.003396559,5
241-12,241,12,0,0.0067692604,5
242-0,242,0,0,0.12647466,5
242-1,242,1,0,0.43506932,5
242-2,242,2,0,0.19625516,5
242-3,242,3,0,0.56696635,5
242-4,242,4,0,0.2468893,5
242-5,242,5,1,0.017338626,5
242-6,242,6,0,0.52299213,5
242-7,242,7,0,0.4628936,5
242-8,242,8,0,0.26225162,5
242-9,242,9,0,0.44002572,5
242-10,242,10,0,0.08027626,5
242-11,242,11,0,0.11727999,5
242-12,242,12,0,0.36567813,5
243-0,243,0,0,0.3942091,5
243-1,243,1,0,0.5764836,5
243-2,243,2,0,0.30979294,5
243-3,243,3,0,0.69826233,5
243-4,243,4,0,0.37493995,5
243-5,243,5,0,0.088612385,5
243-6,243,6,1,0.06637327,5
243-7,243,7,0,0.5061826,5
243-8,243,8,0,0.38586065,5
243-9,243,9,0,0.581393,5
243-10,243,10,0,0.06551298,5
243-11,243,11,0,0.1850406,5
243-12,243,12,0,0.50468713,5
244-0,244,0,0,0.21334584,1
244-1,244,1,1,0.7809093,1
244-2,244,2,0,0.07796141,1
244-3,244,3,0,0.1245262,1
244-4,244,4,0,0.04284573,1
244-5,244,5,0,0.03820104,1
244-6,244,6,0,0.063616514,1
244-7,244,7,0,0.115369596,1
244-8,244,8,0,0.06174523,1
244-9,244,9,0,0.21048443,1
244-10,244,10,0,0.037732717,1
244-11,244,11,0,0.09678563,1
244-12,244,12,0,0.10426595,1
245-0,245,0,1,0.053560145,5
245-1,245,1,1,0.112471,5
245-2,245,2,1,0.029730974,5
245-3,245,3,1,0.13231154,5
245-4,245,4,0,0.07277734,5
245-5,245,5,1,0.020756664,5
245-6,245,6,0,0.21699966,5
245-7,245,7,0,0.17528225,5
245-8,245,8,1,0.040519293,5
245-9,245,9,0,0.24306929,5
245-10,245,10,1,0.015401742,5
245-11,245,11,0,0.047482282,5
245-12,245,12,1,0.0757439,5
246-0,246,0,0,0.28854865,5
246-1,246,1,1,0.24629675,5
246-2,246,2,1,0.09116535,5
246-3,246,3,1,0.31604996,5
246-4,246,4,0,0.24666323,5
246-5,246,5,0,0.12261818,5
246-6,246,6,1,0.31114507,5
246-7,246,7,0,0.34642765,5
246-8,246,8,1,0.1419496,5
246-9,246,9,0,0.4217921,5
246-10,246,10,1,0.039636362,5
246-11,246,11,1,0.08638547,5
246-12,246,12,1,0.1909949,5
247-0,247,0,0,0.047413755,4
247-1,247,1,0,0.054168627,4
247-2,247,2,0,0.20910895,4
247-3,247,3,0,0.11961562,4
247-4,247,4,0,0.024544114,4
247-5,247,5,0,0.024829961,4
247-6,247,6,0,0.05845156,4
247-7,247,7,0,0.039474882,4
247-8,247,8,0,0.083784096,4
247-9,247,9,0,0.14225787,4
247-10,247,10,0,0.03913762,4
247-11,247,11,0,0.052887194,4
247-12,247,12,0,0.06688733,4
248-0,248,0,1,0.16169812,2
248-1,248,1,1,0.21307245,2
248-2,248,2,0,0.41668797,2
248-3,248,3,0,0.4876769,2
248-4,248,4,0,0.12930955,2
248-5,248,5,0,0.19316182,2
248-6,248,6,0,0.091461994,2
248-7,248,7,0,0.15955499,2
248-8,248,8,0,0.5240978,2
248-9,248,9,0,0.47703418,2
248-10,248,10,0,0.059071537,2
248-11,248,11,0,0.05069819,2
248-12,248,12,0,0.20898078,2
249-0,249,0,0,0.48757654,3
249-1,249,1,0,0.28196678,3
249-2,249,2,0,0.11603081,3
249-3,249,3,0,0.73862785,3
249-4,249,4,0,0.12846549,3
249-5,249,5,0,0.54099226,3
249-6,249,6,0,0.11156887,3
249-7,249,7,0,0.47721407,3
249-8,249,8,0,0.16489717,3
249-9,249,9,0,0.48787495,3
249-10,249,10,0,0.083989665,3
249-11,249,11,0,0.1489466,3
249-12,249,12,0,0.3922005,3
250-0,250,0,1,0.64731276,3
250-1,250,1,1,0.4911599,3
250-2,250,2,0,0.008389374,3
250-3,250,3,1,0.8482368,3
250-4,250,4,1,0.28858992,3
250-5,250,5,0,0.049845792,3
250-6,250,6,0,0.007295564,3
250-7,250,7,1,0.6441301,3
250-8,250,8,1,0.27128494,3
250-9,250,9,1,0.7011866,3
250-10,250,10,1,0.09966488,3
250-11,250,11,1,0.2867521,3
250-12,250,12,1,0.5703195,3
251-0,251,0,0,0.027961332,4
251-1,251,1,0,0.024850821,4
251-2,251,2,0,0.120699726,4
251-3,251,3,1,0.708882,4
251-4,251,4,0,0.010166375,4
251-5,251,5,0,0.010769363,4
251-6,251,6,0,0.03311299,4
251-7,251,7,0,0.022112707,4
251-8,251,8,0,0.04790535,4
251-9,251,9,0,0.0818031,4
251-10,251,10,0,0.0230948,4
251-11,251,11,0,0.029697992,4
251-12,251,12,0,0.038480245,4
252-0,252,0,0,0.021579558,5
252-1,252,1,0,0.040632818,5
252-2,252,2,0,0.012510053,5
252-3,252,3,0,0.07314445,5
252-4,252,4,0,0.011445947,5
252-5,252,5,1,0.055043705,5
252-6,252,6,0,0.05755654,5
252-7,252,7,1,0.50117964,5
252-8,252,8,0,0.02851697,5
252-9,252,9,0,0.04142522,5
252-10,252,10,0,0.01011772,5
252-11,252,11,0,0.0074301907,5
252-12,252,12,0,0.0539204,5
253-0,253,0,0,0.05753735,3
253-1,253,1,0,0.030920967,3
253-2,253,2,0,0.01092816,3
253-3,253,3,0,0.120451726,3
253-4,253,4,0,0.008652314,3
253-5,253,5,0,0.06858445,3
253-6,253,6,0,0.010310529,3
253-7,253,7,0,0.037141994,3
253-8,253,8,0,0.007843003,3
253-9,253,9,0,0.06452618,3
253-10,253,10,0,0.013087323,3
253-11,253,11,0,0.007701447,3
253-12,253,12,0,0.04264795,3
254-0,254,0,0,0.0020471788,5
254-1,254,1,0,0.0041912855,5
254-2,254,2,0,0.0015952901,5
254-3,254,3,0,0.009535402,5
254-4,254,4,0,0.0014231415,5
254-5,254,5,0,0.0025695427,5
254-6,254,6,0,0.0069218096,5
254-7,254,7,0,0.0029928132,5
254-8,254,8,0,0.0018577221,5
254-9,254,9,0,0.0031400975,5
254-10,254,10,0,0.002065641,5
254-11,254,11,0,0.0010331465,5
254-12,254,12,0,0.0039321226,5
255-0,255,0,0,0.5348543,1
255-1,255,1,0,0.4623418,1
255-2,255,2,0,0.24985626,1
255-3,255,3,0,0.35765854,1
255-4,255,4,0,0.13346665,1
255-5,255,5,0,0.12749715,1
255-6,255,6,0,0.20873927,1
255-7,255,7,0,0.33571362,1
255-8,255,8,0,0.2055695,1
255-9,255,9,0,0.46904567,1
255-10,255,10,0,0.10700219,1
255-11,255,11,0,0.27985558,1
255-12,255,12,1,0.25419644,1
256-0,256,0,0,0.28362575,3
256-1,256,1,0,0.17233631,3
256-2,256,2,1,0.029150087,3
256-3,256,3,1,0.30752364,3
256-4,256,4,0,0.07458939,3
256-5,256,5,1,0.1413897,3
256-6,256,6,1,0.026793553,3
256-7,256,7,1,0.121822365,3
256-8,256,8,1,0.032006823,3
256-9,256,9,1,0.12353924,3
256-10,256,10,0,0.03742297,3
256-11,256,11,1,0.023872564,3
256-12,256,12,0,0.20963885,3
257-0,257,0,0,0.653811,3
257-1,257,1,0,0.49830535,3
257-2,257,2,0,0.23948662,3
257-3,257,3,0,0.8608776,3
257-4,257,4,0,0.2944939,3
257-5,257,5,0,0.69081885,3
257-6,257,6,0,0.23059487,3
257-7,257,7,0,0.65065527,3
257-8,257,8,0,0.29221764,3
257-9,257,9,0,0.6444081,3
257-10,257,10,0,0.10225939,3
257-11,257,11,0,0.3327344,3
257-12,257,12,0,0.5127438,3
258-0,258,0,1,0.72446615,5
258-1,258,1,0,0.00781743,5
258-2,258,2,0,0.0028775025,5
258-3,258,3,0,0.0164558,5
258-4,258,4,0,0.00359957,5
258-5,258,5,0,0.0040463763,5
258-6,258,6,1,0.8946318,5
258-7,258,7,0,0.0054961927,5
258-8,258,8,0,0.0034077258,5
258-9,258,9,1,0.8544954,5
258-10,258,10,0,0.003171148,5
258-11,258,11,0,0.0024605186,5
258-12,258,12,0,0.007263923,5
259-0,259,0,0,0.5348543,1
259-1,259,1,0,0.5180068,1
259-2,259,2,0,0.24985626,1
259-3,259,3,0,0.35765854,1
259-4,259,4,0,0.15646969,1
259-5,259,5,0,0.12749715,1
259-6,259,6,0,0.21113539,1
259-7,259,7,0,0.35587075,1
259-8,259,8,0,0.21835625,1
259-9,259,9,0,0.51548,1
259-10,259,10,0,0.10700219,1
259-11,259,11,0,0.3421769,1
259-12,259,12,0,0.33117306,1
260-0,260,0,0,0.008101344,3
260-1,260,1,0,0.004533669,3
260-2,260,2,0,0.0016144394,3
260-3,260,3,0,0.017660454,3
260-4,260,4,0,0.0016166654,3
260-5,260,5,0,0.009241488,3
260-6,260,6,0,0.0013818508,3
260-7,260,7,0,0.0049708984,3
260-8,260,8,0,0.0011544203,3
260-9,260,9,0,0.007898304,3
260-10,260,10,1,0.3786799,3
260-11,260,11,0,0.0013369336,3
260-12,260,12,0,0.0056239576,3
261-0,261,0,1,0.4697555,3
261-1,261,1,0,0.094369516,3
261-2,261,2,0,0.033542868,3
261-3,261,3,0,0.3095287,3
261-4,261,4,0,0.034200497,3
261-5,261,5,0,0.19630125,3
261-6,261,6,0,0.026578706,3
261-7,261,7,0,0.1300444,3
261-8,261,8,0,0.034404535,3
261-9,261,9,0,0.10580698,3
261-10,261,10,0,0.031728804,3
261-11,261,11,0,0.019375663,3
261-12,261,12,0,0.13683176,3
262-0,262,0,1,0.47554603,5
262-1,262,1,1,0.70365053,5
262-2,262,2,1,0.39696732,5
262-3,262,3,1,0.7882936,5
262-4,262,4,1,0.3585077,5
262-5,262,5,0,0.0039682174,5
262-6,262,6,0,0.012506461,5
262-7,262,7,1,0.731486,5
262-8,262,8,0,0.0033793445,5
262-9,262,9,0,0.0075514065,5
262-10,262,10,1,0.022643384,5
262-11,262,11,1,0.37181285,5
262-12,262,12,0,0.019020515,5
263-0,263,0,0,0.009636324,4
263-1,263,1,0,0.007522566,4
263-2,263,2,0,0.040081874,4
263-3,263,3,0,0.021674434,4
263-4,263,4,0,0.0046597873,4
263-5,263,5,0,0.0036721479,4
263-6,263,6,0,0.012008719,4
263-7,263,7,0,0.008657542,4
263-8,263,8,0,0.027138257,4
263-9,263,9,0,0.026152456,4
263-10,263,10,0,0.008557643,4
263-11,263,11,0,0.009344743,4
263-12,263,12,0,0.0123948585,4
264-0,264,0,1,0.28308195,4
264-1,264,1,0,0.18106659,4
264-2,264,2,1,0.73456794,4
264-3,264,3,1,0.47924244,4
264-4,264,4,1,0.17604579,4
264-5,264,5,1,0.20540193,4
264-6,264,6,1,0.30848315,4
264-7,264,7,1,0.2683636,4
264-8,264,8,1,0.45792586,4
264-9,264,9,1,0.62915397,4
264-10,264,10,1,0.11751975,4
264-11,264,11,1,0.35584962,4
264-12,264,12,1,0.39395484,4
265-0,265,0,0,0.17897137,3
265-1,265,1,0,0.09028049,3
265-2,265,2,1,0.15422332,3
265-3,265,3,0,0.3512947,3
265-4,265,4,0,0.0389526,3
265-5,265,5,0,0.21413824,3
265-6,265,6,0,0.029602036,3
265-7,265,7,0,0.14182886,3
265-8,265,8,0,0.039230075,3
265-9,265,9,0,0.16382185,3
265-10,265,10,0,0.035364732,3
265-11,265,11,0,0.032412514,3
265-12,265,12,0,0.15023115,3
266-0,266,0,0,0.0011221349,5
266-1,266,1,0,0.002286863,5
266-2,266,2,0,0.0011430036,5
266-3,266,3,1,0.9774559,5
266-4,266,4,1,0.8947416,5
266-5,266,5,0,0.0014932012,5
266-6,266,6,1,0.97116303,5
266-7,266,7,0,0.0032183914,5
266-8,266,8,1,0.9056628,5
266-9,266,9,0,0.0023332783,5
266-10,266,10,1,0.22946593,5
266-11,266,11,1,0.87339056,5
266-12,266,12,0,0.0021054388,5
267-0,267,0,0,0.021579558,5
267-1,267,1,0,0.039349444,5
267-2,267,2,0,0.012091833,5
267-3,267,3,0,0.04265344,5
267-4,267,4,0,0.007724149,5
267-5,267,5,0,0.007807917,5
267-6,267,6,1,0.6089008,5
267-7,267,7,0,0.02452692,5
267-8,267,8,0,0.015813885,5
267-9,267,9,0,0.025788004,5
267-10,267,10,0,0.009222833,5
267-11,267,11,0,0.0074301907,5
267-12,267,12,0,0.028648859,5
268-0,268,0,0,0.043887496,3
268-1,268,1,0,0.017159112,3
268-2,268,2,0,0.006697789,3
268-3,268,3,0,0.08975492,3
268-4,268,4,0,0.0057165027,3
268-5,268,5,0,0.036418617,3
268-6,268,6,0,0.007295564,3
268-7,268,7,0,0.03061299,3
268-8,268,8,0,0.0065016113,3
268-9,268,9,0,0.030591452,3
268-10,268,10,0,0.009629172,3
268-11,268,11,0,0.0061577735,3
268-12,268,12,0,0.033790126,3
269-0,269,0,0,0.13541844,3
269-1,269,1,0,0.11697679,3
269-2,269,2,0,0.037868254,3
269-3,269,3,0,0.37603608,3
269-4,269,4,1,0.30017498,3
269-5,269,5,0,0.22073077,3
269-6,269,6,0,0.03350209,3
269-7,269,7,0,0.1525317,3
269-8,269,8,0,0.037587278,3
269-9,269,9,0,0.15676227,3
269-10,269,10,0,0.03112077,3
269-11,269,11,0,0.03178446,3
269-12,269,12,0,0.16168477,3
270-0,270,0,0,0.020339735,1
270-1,270,1,0,0.017878396,1
270-2,270,2,0,0.007065237,1
270-3,270,3,0,0.009670965,1
270-4,270,4,0,0.0044537764,1
270-5,270,5,0,0.0030448907,1
270-6,270,6,0,0.005426699,1
270-7,270,7,0,0.008457127,1
270-8,270,8,0,0.004042863,1
270-9,270,9,0,0.023593334,1
270-10,270,10,0,0.0045825997,1
270-11,270,11,1,0.82616365,1
270-12,270,12,0,0.009905614,1
271-0,271,0,0,0.17642881,4
271-1,271,1,0,0.24566175,4
271-2,271,2,0,0.6034028,4
271-3,271,3,0,0.34034666,4
271-4,271,4,0,0.08176333,4
271-5,271,5,0,0.12550138,4
271-6,271,6,0,0.21865071,4
271-7,271,7,0,0.18698864,4
271-8,271,8,0,0.33003908,4
271-9,271,9,0,0.48503536,4
271-10,271,10,0,0.0690418,4
271-11,271,11,0,0.2059933,4
271-12,271,12,0,0.26460025,4
272-0,272,0,0,0.12863626,2
272-1,272,1,0,0.17898008,2
272-2,272,2,1,0.34134966,2
272-3,272,3,0,0.42369977,2
272-4,272,4,0,0.07480731,2
272-5,272,5,1,0.1473165,2
272-6,272,6,0,0.044900715,2
272-7,272,7,1,0.11825203,2
272-8,272,8,1,0.43462586,2
272-9,272,9,0,0.28878763,2
272-10,272,10,1,0.04158738,2
272-11,272,11,1,0.04030495,2
272-12,272,12,0,0.13616875,2
273-0,273,0,0,0.8773818,1
273-1,273,1,0,0.8804877,1
273-2,273,2,0,0.7024824,1
273-3,273,3,1,0.10819563,1
273-4,273,4,0,0.5478903,1
273-5,273,5,0,0.5577756,1
273-6,273,6,0,0.47301233,1
273-7,273,7,0,0.7813231,1
273-8,273,8,0,0.47234133,1
273-9,273,9,0,0.8830186,1
273-10,273,10,0,0.2860453,1
273-11,273,11,0,0.7304952,1
273-12,273,12,0,0.6528504,1
274-0,274,0,0,0.31358686,1
274-1,274,1,0,0.3074587,1
274-2,274,2,0,0.12353732,1
274-3,274,3,0,0.17527245,1
274-4,274,4,0,0.06323017,1
274-5,274,5,0,0.07002131,1
274-6,274,6,0,0.10010121,1
274-7,274,7,0,0.17757174,1
274-8,274,8,0,0.098426886,1
274-9,274,9,0,0.28924528,1
274-10,274,10,0,0.062356148,1
274-11,274,11,0,0.15029317,1
274-12,274,12,1,0.46417254,1
275-0,275,0,1,0.05842598,5
275-1,275,1,0,0.25645834,5
275-2,275,2,0,0.09691918,5
275-3,275,3,1,0.16340353,5
275-4,275,4,1,0.054111008,5
275-5,275,5,0,0.04717436,5
275-6,275,6,1,0.15153576,5
275-7,275,7,0,0.27214414,5
275-8,275,8,0,0.13370119,5
275-9,275,9,0,0.16759916,5
275-10,275,10,0,0.036990494,5
275-11,275,11,0,0.09186815,5
275-12,275,12,0,0.22179857,5
276-0,276,0,1,0.92677104,1
276-1,276,1,1,0.9272594,1
276-2,276,2,1,0.79719615,1
276-3,276,3,1,0.8215073,1
276-4,276,4,1,0.6630989,1
276-5,276,5,1,0.6774006,1
276-6,276,6,1,0.6267253,1
276-7,276,7,1,0.84694207,1
276-8,276,8,1,0.59249485,1
276-9,276,9,1,0.9358872,1
276-10,276,10,1,0.43617734,1
276-11,276,11,1,0.80915344,1
276-12,276,12,1,0.75539494,1
277-0,277,0,0,0.22370943,4
277-1,277,1,0,0.3140108,4
277-2,277,2,0,0.68284947,4
277-3,277,3,0,0.41962594,4
277-4,277,4,0,0.09608428,4
277-5,277,5,1,0.10717518,4
277-6,277,6,0,0.2760436,4
277-7,277,7,0,0.25096124,4
277-8,277,8,1,0.32658738,4
277-9,277,9,0,0.5721902,4
277-10,277,10,0,0.08342289,4
277-11,277,11,0,0.28375876,4
277-12,277,12,0,0.3402483,4
278-0,278,0,1,0.038365245,5
278-1,278,1,0,0.62139684,5
278-2,278,2,0,0.33799678,5
278-3,278,3,0,0.739002,5
278-4,278,4,0,0.4235051,5
278-5,278,5,1,0.026546927,5
278-6,278,6,0,0.70079386,5
278-7,278,7,0,0.5533527,5
278-8,278,8,0,0.43161845,5
278-9,278,9,0,0.6339157,5
278-10,278,10,1,0.017625803,5
278-11,278,11,0,0.34688336,5
278-12,278,12,0,0.5837424,5
279-0,279,0,0,0.020339735,1
279-1,279,1,0,0.017878396,1
279-2,279,2,0,0.00548656,1
279-3,279,3,0,0.009417637,1
279-4,279,4,0,0.0033615876,1
279-5,279,5,0,0.0030448907,1
279-6,279,6,0,0.004135028,1
279-7,279,7,0,0.008335791,1
279-8,279,8,0,0.004042863,1
279-9,279,9,0,0.022216724,1
279-10,279,10,0,0.003517166,1
279-11,279,11,0,0.007161836,1
279-12,279,12,0,0.007475948,1
280-0,280,0,0,0.0073449058,3
280-1,280,1,0,0.0042453287,3
280-2,280,2,0,0.0016144394,3
280-3,280,3,0,0.01784181,3
280-4,280,4,0,0.0013807629,3
280-5,280,5,0,0.008654366,3
280-6,280,6,0,0.0013818508,3
280-7,280,7,0,0.0049708984,3
280-8,280,8,0,0.0011544203,3
280-9,280,9,0,0.007832446,3
280-10,280,10,0,0.0021259421,3
280-11,280,11,0,0.001287208,3
280-12,280,12,1,0.8668009,3
281-0,281,0,0,0.0026553606,4
281-1,281,1,0,0.0019356094,4
281-2,281,2,0,0.009722584,4
281-3,281,3,0,0.0052343057,4
281-4,281,4,0,0.0012229634,4
281-5,281,5,0,0.0009000967,4
281-6,281,6,0,0.0027638108,4
281-7,281,7,0,0.002388719,4
281-8,281,8,0,0.00635399,4
281-9,281,9,0,0.0072946595,4
281-10,281,10,0,0.0022265415,4
281-11,281,11,0,0.0025452212,4
281-12,281,12,0,0.0034914133,4
282-0,282,0,1,0.7100758,1
282-1,282,1,0,0.17624262,1
282-2,282,2,0,0.061426237,1
282-3,282,3,1,0.47156096,1
282-4,282,4,0,0.03117063,1
282-5,282,5,0,0.033779636,1
282-6,282,6,0,0.0496276,1
282-7,282,7,0,0.09203049,1
282-8,282,8,0,0.04875178,1
282-9,282,9,0,0.17791703,1
282-10,282,10,1,0.094282046,1
282-11,282,11,0,0.0766676,1
282-12,282,12,0,0.082122296,1
283-0,283,0,1,0.9469721,1
283-1,283,1,0,0.049657613,1
283-2,283,2,1,0.84932095,1
283-3,283,3,1,0.86841506,1
283-4,283,4,0,0.008449789,1
283-5,283,5,0,0.008612367,1
283-6,283,6,1,0.6860582,1
283-7,283,7,0,0.023698024,1
283-8,283,8,0,0.012226927,1
283-9,283,9,1,0.94912606,1
283-10,283,10,0,0.010219661,1
283-11,283,11,1,0.8673847,1
283-12,283,12,0,0.02155662,1
284-0,284,0,0,0.009194984,4
284-1,284,1,0,0.007632391,4
284-2,284,2,0,0.032811478,4
284-3,284,3,0,0.019761102,4
284-4,284,4,0,0.004513562,4
284-5,284,5,0,0.0034357177,4
284-6,284,6,0,0.010936708,4
284-7,284,7,0,0.009590026,4
284-8,284,8,0,0.032227315,4
284-9,284,9,0,0.024309428,4
284-10,284,10,0,0.008164813,4
284-11,284,11,0,0.008852186,4
284-12,284,12,0,0.012482962,4
285-0,285,0,0,0.1532874,2
285-1,285,1,0,0.23136489,2
285-2,285,2,0,0.3236618,2
285-3,285,3,0,0.40428102,2
285-4,285,4,0,0.09360126,2
285-5,285,5,0,0.14469737,2
285-6,285,6,0,0.06841808,2
285-7,285,7,0,0.116883665,2
285-8,285,8,0,0.42745432,2
285-9,285,9,0,0.3964889,2
285-10,285,10,1,0.10118139,2
285-11,285,11,0,0.05123524,2
285-12,285,12,0,0.14891352,2
286-0,286,0,0,0.056069132,3
286-1,286,1,0,0.025121761,3
286-2,286,2,1,0.22321385,3
286-3,286,3,1,0.848395,3
286-4,286,4,0,0.007293164,3
286-5,286,5,0,0.057081085,3
286-6,286,6,0,0.007845745,3
286-7,286,7,0,0.033195604,3
286-8,286,8,0,0.0066062864,3
286-9,286,9,0,0.054864302,3
286-10,286,10,0,0.010353504,3
286-11,286,11,0,0.009399234,3
286-12,286,12,0,0.03701328,3
287-0,287,0,0,0.03442916,4
287-1,287,1,1,0.6236059,4
287-2,287,2,0,0.15247178,4
287-3,287,3,1,0.72920096,4
287-4,287,4,0,0.013325204,4
287-5,287,5,0,0.016699309,4
287-6,287,6,1,0.5815682,4
287-7,287,7,1,0.52904063,4
287-8,287,8,0,0.06748848,4
287-9,287,9,0,0.10455388,4
287-10,287,10,1,0.2595223,4
287-11,287,11,1,0.603703,4
287-12,287,12,1,0.6346852,4
288-0,288,0,0,0.0028020046,5
288-1,288,1,0,0.005709076,5
288-2,288,2,0,0.0020993333,5
288-3,288,3,0,0.017311076,5
288-4,288,4,0,0.0018419753,5
288-5,288,5,0,0.003299589,5
288-6,288,6,0,0.0075627402,5
288-7,288,7,0,0.0033121642,5
288-8,288,8,0,0.0020563398,5
288-9,288,9,0,0.0046655764,5
288-10,288,10,0,0.0026350266,5
288-11,288,11,0,0.0023219793,5
288-12,288,12,0,0.0051763086,5
289-0,289,0,0,0.2100491,2
289-1,289,1,0,0.30924046,2
289-2,289,2,0,0.41668797,2
289-3,289,3,0,0.49002644,2
289-4,289,4,0,0.107782096,2
289-5,289,5,0,0.19316182,2
289-6,289,6,0,0.091461994,2
289-7,289,7,0,0.16116036,2
289-8,289,8,0,0.5240978,2
289-9,289,9,0,0.48005807,2
289-10,289,10,0,0.057235207,2
289-11,289,11,0,0.051082898,2
289-12,289,12,0,0.20165776,2
290-0,290,0,0,0.23963152,3
290-1,290,1,0,0.14195928,3
290-2,290,2,0,0.05103489,3
290-3,290,3,0,0.4211042,3
290-4,290,4,0,0.052061506,3
290-5,290,5,0,0.2747368,3
290-6,290,6,0,0.039562795,3
290-7,290,7,0,0.18819754,3
290-8,290,8,0,0.05236375,3
290-9,290,9,0,0.24659492,3
290-10,290,10,0,0.047486052,3
290-11,290,11,0,0.051089786,3
290-12,290,12,0,0.19411649,3
291-0,291,0,0,0.4497673,3
291-1,291,1,0,0.20031555,3
291-2,291,2,0,0.07795563,3
291-3,291,3,0,0.66781497,3
291-4,291,4,0,0.0842895,3
291-5,291,5,0,0.5218339,3
291-6,291,6,0,0.075309895,3
291-7,291,7,0,0.39918888,3
291-8,291,8,0,0.13895187,3
291-9,291,9,0,0.47764382,3
291-10,291,10,0,0.109997265,3
291-11,291,11,0,0.13238719,3
291-12,291,12,0,0.41387448,3
292-0,292,0,1,0.27983046,5
292-1,292,1,0,0.03942554,5
292-2,292,2,0,0.022214344,5
292-3,292,3,0,0.07700199,5
292-4,292,4,0,0.01684181,5
292-5,292,5,0,0.021029122,5
292-6,292,6,0,0.051064976,5
292-7,292,7,0,0.044747118,5
292-8,292,8,0,0.029065032,5
292-9,292,9,0,0.04019539,5
292-10,292,10,0,0.009990614,5
292-11,292,11,0,0.011704571,5
292-12,292,12,0,0.05004665,5
293-0,293,0,0,0.0039290385,4
293-1,293,1,0,0.0028369306,4
293-2,293,2,0,0.014479166,4
293-3,293,3,0,0.0078123957,4
293-4,293,4,0,0.0017867532,4
293-5,293,5,0,0.0013197265,4
293-6,293,6,0,0.004383379,4
293-7,293,7,0,0.0040827226,4
293-8,293,8,0,0.010306787,4
293-9,293,9,0,0.01066474,4
293-10,293,10,0,0.0034478041,4
293-11,293,11,0,0.0035281442,4
293-12,293,12,0,0.005402709,4
294-0,294,0,0,0.70728415,3
294-1,294,1,0,0.55260444,3
294-2,294,2,0,0.29802448,3
294-3,294,3,0,0.883481,3
294-4,294,4,0,0.30009055,3
294-5,294,5,0,0.79253924,3
294-6,294,6,0,0.2560471,3
294-7,294,7,0,0.69728035,3
294-8,294,8,0,0.33125207,3
294-9,294,9,0,0.7235674,3
294-10,294,10,0,0.11550786,3
294-11,294,11,0,0.31867394,3
294-12,294,12,0,0.6261492,3
295-0,295,0,1,0.74167794,1
295-1,295,1,0,0.29004285,1
295-2,295,2,0,0.12596324,1
295-3,295,3,0,0.19685903,1
295-4,295,4,0,0.06562897,1
295-5,295,5,0,0.07148206,1
295-6,295,6,1,0.2661749,1
295-7,295,7,0,0.17486197,1
295-8,295,8,0,0.09660525,1
295-9,295,9,0,0.31189674,1
295-10,295,10,0,0.05978678,1
295-11,295,11,0,0.15292463,1
295-12,295,12,0,0.15906204,1
296-0,296,0,0,0.21829319,3
296-1,296,1,0,0.1124512,3
296-2,296,2,0,0.04376734,3
296-3,296,3,0,0.40501,3
296-4,296,4,0,0.042001083,3
296-5,296,5,1,0.7837681,3
296-6,296,6,0,0.040318243,3
296-7,296,7,0,0.17200807,3
296-8,296,8,0,0.04803315,3
296-9,296,9,0,0.20231414,3
296-10,296,10,0,0.039864454,3
296-11,296,11,0,0.042662963,3
296-12,296,12,0,0.19458929,3
297-0,297,0,0,0.25306278,3
297-1,297,1,0,0.11922995,3
297-2,297,2,0,0.04268412,3
297-3,297,3,0,0.46662608,3
297-4,297,4,0,0.045076594,3
297-5,297,5,0,0.3057058,3
297-6,297,6,0,0.045692522,3
297-7,297,7,0,0.20715381,3
297-8,297,8,0,0.056692574,3
297-9,297,9,0,0.21684279,3
297-10,297,10,0,0.045906723,3
297-11,297,11,0,0.04583926,3
297-12,297,12,0,0.22232574,3
298-0,298,0,1,0.0022001413,5
298-1,298,1,1,0.004419887,5
298-2,298,2,1,0.0017396415,5
298-3,298,3,1,0.010539483,5
298-4,298,4,1,0.0015009914,5
298-5,298,5,1,0.0026594235,5
298-6,298,6,1,0.0075444914,5
298-7,298,7,1,0.0029241699,5
298-8,298,8,1,0.0020550115,5
298-9,298,9,1,0.0033602046,5
298-10,298,10,1,0.002053597,5
298-11,298,11,1,0.0011057288,5
298-12,298,12,1,0.0038810205,5
299-0,299,0,0,0.18086548,4
299-1,299,1,1,0.3886931,4
299-2,299,2,0,0.6029967,4
299-3,299,3,1,0.50107896,4
299-4,299,4,1,0.14110424,4
299-5,299,5,0,0.12314521,4
299-6,299,6,0,0.2151086,4
299-7,299,7,0,0.18117791,4
299-8,299,8,0,0.33056843,4
299-9,299,9,1,0.6525256,4
299-10,299,10,0,0.066210665,4
299-11,299,11,0,0.19927603,4
299-12,299,12,0,0.25977194,4
300-0,300,0,0,0.0010988892,5
300-1,300,1,1,0.96277094,5
300-2,300,2,1,0.87706375,5
300-3,300,3,1,0.97522753,5
300-4,300,4,1,0.8947416,5
300-5,300,5,1,0.27544212,5
300-6,300,6,1,0.97116303,5
300-7,300,7,1,0.9429199,5
300-8,300,8,1,0.9056628,5
300-9,300,9,1,0.96465135,5
300-10,300,10,1,0.2261227,5
300-11,300,11,1,0.839074,5
300-12,300,12,1,0.9481971,5
301-0,301,0,0,0.07531272,2
301-1,301,1,0,0.11518213,2
301-2,301,2,0,0.17592734,2
301-3,301,3,0,0.24058488,2
301-4,301,4,0,0.042508323,2
301-5,301,5,1,0.44559726,2
301-6,301,6,0,0.030983007,2
301-7,301,7,0,0.056277353,2
301-8,301,8,0,0.2605978,2
301-9,301,9,0,0.21992971,2
301-10,301,10,0,0.018029468,2
301-11,301,11,0,0.018186558,2
301-12,301,12,0,0.07856573,2
302-0,302,0,1,0.29747483,4
302-1,302,1,1,0.3886931,4
302-2,302,2,1,0.7494205,4
302-3,302,3,0,0.33332428,4
302-4,302,4,1,0.19024898,4
302-5,302,5,0,0.12639289,4
302-6,302,6,1,0.354706,4
302-7,302,7,1,0.30702907,4
302-8,302,8,0,0.33293092,4
302-9,302,9,1,0.66276044,4
302-10,302,10,0,0.066210665,4
302-11,302,11,1,0.3757228,4
302-12,302,12,1,0.41161036,4
303-0,303,0,0,0.20878352,5
303-1,303,1,0,0.3338015,5
303-2,303,2,0,0.09848623,5
303-3,303,3,0,0.44521457,5
303-4,303,4,0,0.1425608,5
303-5,303,5,0,0.16166903,5
303-6,303,6,0,0.4328639,5
303-7,303,7,0,0.24229087,5
303-8,303,8,0,0.16967432,5
303-9,303,9,0,0.34256265,5
303-10,303,10,0,0.1203693,5
303-11,303,11,0,0.12307811,5
303-12,303,12,1,0.77216303,5
304-0,304,0,1,0.35259628,1
304-1,304,1,0,0.31135315,1
304-2,304,2,0,0.14417142,1
304-3,304,3,0,0.2197319,1
304-4,304,4,1,0.058636494,1
304-5,304,5,1,0.087250575,1
304-6,304,6,0,0.118917234,1
304-7,304,7,1,0.22565672,1
304-8,304,8,0,0.12475402,1
304-9,304,9,1,0.35474643,1
304-10,304,10,1,0.06392208,1
304-11,304,11,1,0.21304165,1
304-12,304,12,0,0.20017181,1
305-0,305,0,0,0.76985586,1
305-1,305,1,0,0.77689385,1
305-2,305,2,0,0.52740884,1
305-3,305,3,0,0.5637781,1
305-4,305,4,0,0.33532333,1
305-5,305,5,0,0.37349233,1
305-6,305,6,0,0.3040054,1
305-7,305,7,0,0.6280805,1
305-8,305,8,0,0.29730818,1
305-9,305,9,0,0.7807624,1
305-10,305,10,0,0.13184826,1
305-11,305,11,0,0.5818551,1
305-12,305,12,0,0.4705814,1
306-0,306,0,0,0.094501756,5
306-1,306,1,0,0.16470523,5
306-2,306,2,0,0.05867542,5
306-3,306,3,0,0.23349847,5
306-4,306,4,0,0.046881177,5
306-5,306,5,0,0.030303275,5
306-6,306,6,0,0.22218804,5
306-7,306,7,0,0.105776615,5
306-8,306,8,0,0.08918776,5
306-9,306,9,0,0.17589846,5
306-10,306,10,0,0.02389092,5
306-11,306,11,0,0.037265588,5
306-12,306,12,0,0.12447672,5
307-0,307,0,1,0.6532153,3
307-1,307,1,1,0.5268542,3
307-2,307,2,0,0.027213,3
307-3,307,3,0,0.2739347,3
307-4,307,4,0,0.016301813,3
307-5,307,5,1,0.7729955,3
307-6,307,6,0,0.02129717,3
307-7,307,7,0,0.11111385,3
307-8,307,8,0,0.029466566,3
307-9,307,9,0,0.08672179,3
307-10,307,10,1,0.15771554,3
307-11,307,11,0,0.031447686,3
307-12,307,12,0,0.112014525,3
308-0,308,0,0,0.034079455,3
308-1,308,1,0,0.017704444,3
308-2,308,2,0,0.007386452,3
308-3,308,3,0,0.07209619,3
308-4,308,4,0,0.0060118306,3
308-5,308,5,0,0.039696503,3
308-6,308,6,0,0.006158885,3
308-7,308,7,0,0.022318298,3
308-8,308,8,0,0.004716097,3
308-9,308,9,1,0.7160905,3
308-10,308,10,0,0.007163158,3
308-11,308,11,0,0.0050205234,3
308-12,308,12,0,0.026344948,3
309-0,309,0,1,0.5036618,2
309-1,309,1,0,0.07173297,2
309-2,309,2,0,0.13015628,2
309-3,309,3,0,0.1779884,2
309-4,309,4,0,0.03728415,2
309-5,309,5,0,0.05023899,2
309-6,309,6,0,0.030479409,2
309-7,309,7,0,0.038904022,2
309-8,309,8,0,0.19412535,2
309-9,309,9,0,0.14073883,2
309-10,309,10,0,0.017447568,2
309-11,309,11,0,0.017599681,2
309-12,309,12,0,0.051083937,2
310-0,310,0,0,0.9173448,5
310-1,310,1,1,0.002011412,5
310-2,310,2,0,0.8744102,5
310-3,310,3,1,0.009616779,5
310-4,310,4,0,0.87641263,5
310-5,310,5,0,0.26569682,5
310-6,310,6,0,0.9723485,5
310-7,310,7,1,0.0043042754,5
310-8,310,8,0,0.934534,5
310-9,310,9,0,0.96079654,5
310-10,310,10,1,0.0009921225,5
310-11,310,11,1,0.0009085741,5
310-12,310,12,0,0.9638161,5
311-0,311,0,0,0.007547134,2
311-1,311,1,0,0.012769788,2
311-2,311,2,1,0.81186116,2
311-3,311,3,0,0.024172114,2
311-4,311,4,0,0.003145353,2
311-5,311,5,0,0.005375234,2
311-6,311,6,0,0.0037725074,2
311-7,311,7,0,0.004612229,2
311-8,311,8,0,0.025761211,2
311-9,311,9,0,0.016579792,2
311-10,311,10,0,0.0018994142,2
311-11,311,11,0,0.0014201623,2
311-12,311,12,0,0.0063192043,2
312-0,312,0,0,0.23963152,3
312-1,312,1,0,0.13215499,3
312-2,312,2,0,0.046395548,3
312-3,312,3,0,0.41847098,3
312-4,312,4,0,0.038031995,3
312-5,312,5,0,0.2660685,3
312-6,312,6,0,0.039562795,3
312-7,312,7,0,0.18661359,3
312-8,312,8,0,0.05236375,3
312-9,312,9,0,0.1933352,3
312-10,312,10,0,0.04105919,3
312-11,312,11,0,0.03814349,3
312-12,312,12,0,0.19411649,3
313-0,313,0,0,0.0024867675,4
313-1,313,1,0,0.0018354739,4
313-2,313,2,0,0.009291976,4
313-3,313,3,0,0.0051822467,4
313-4,313,4,0,0.0012373262,4
313-5,313,5,0,0.0008598935,4
313-6,313,6,0,0.0027634336,4
313-7,313,7,0,0.0022756692,4
313-8,313,8,0,0.005959105,4
313-9,313,9,0,0.007057838,4
313-10,313,10,0,0.0021315475,4
313-11,313,11,0,0.0023292059,4
313-12,313,12,0,0.0031521074,4
314-0,314,0,1,0.77354807,1
314-1,314,1,1,0.7823793,1
314-2,314,2,1,0.5120553,1
314-3,314,3,1,0.5540212,1
314-4,314,4,1,0.3616368,1
314-5,314,5,1,0.35921386,1
314-6,314,6,0,0.011240299,1
314-7,314,7,1,0.59202594,1
314-8,314,8,1,0.27604175,1
314-9,314,9,1,0.77870435,1
314-10,314,10,0,0.009570634,1
314-11,314,11,1,0.529221,1
314-12,314,12,0,0.020423083,1
315-0,315,0,0,0.012135692,2
315-1,315,1,0,0.020353131,2
315-2,315,2,0,0.03664441,2
315-3,315,3,0,0.049466822,2
315-4,315,4,0,0.005386307,2
315-5,315,5,0,0.009280693,2
315-6,315,6,0,0.0076557905,2
315-7,315,7,0,0.006676438,2
315-8,315,8,0,0.054257512,2
315-9,315,9,0,0.024886418,2
315-10,315,10,0,0.0032434808,2
315-11,315,11,0,0.0050150338,2
315-12,315,12,0,0.010142564,2
316-0,316,0,0,0.05982395,2
316-1,316,1,0,0.09917972,2
316-2,316,2,0,0.13711073,2
316-3,316,3,0,0.17116824,2
316-4,316,4,0,0.03175575,2
316-5,316,5,0,0.05565479,2
316-6,316,6,0,0.03244623,2
316-7,316,7,0,0.03998086,2
316-8,316,8,0,0.19498646,2
316-9,316,9,0,0.14476894,2
316-10,316,10,0,0.017453479,2
316-11,316,11,0,0.014493168,2
316-12,316,12,0,0.04488209,2
317-0,317,0,0,0.41897783,1
317-1,317,1,0,0.38975617,1
317-2,317,2,0,0.18191372,1
317-3,317,3,0,0.27441314,1
317-4,317,4,0,0.10637611,1
317-5,317,5,0,0.10617271,1
317-6,317,6,0,0.15049872,1
317-7,317,7,0,0.2533909,1
317-8,317,8,0,0.14647157,1
317-9,317,9,0,0.4148127,1
317-10,317,10,0,0.09259603,1
317-11,317,11,0,0.2525041,1
317-12,317,12,0,0.23482257,1
318-0,318,0,0,0.29946843,1
318-1,318,1,0,0.2638518,1
318-2,318,2,0,0.119666494,1
318-3,318,3,0,0.15673779,1
318-4,318,4,0,0.049379736,1
318-5,318,5,0,0.067008875,1
318-6,318,6,0,0.07287151,1
318-7,318,7,0,0.1689471,1
318-8,318,8,0,0.08332757,1
318-9,318,9,0,0.3025417,1
318-10,318,10,0,0.045493297,1
318-11,318,11,0,0.13725512,1
318-12,318,12,0,0.13721247,1
319-0,319,0,0,0.0060537537,2
319-1,319,1,0,0.008195507,2
319-2,319,2,0,0.01417839,2
319-3,319,3,0,0.019766953,2
319-4,319,4,0,0.0027285018,2
319-5,319,5,0,0.004380267,2
319-6,319,6,0,0.0030732916,2
319-7,319,7,0,0.0037579641,2
319-8,319,8,0,0.021072704,2
319-9,319,9,0,0.017017959,2
319-10,319,10,0,0.0015468282,2
319-11,319,11,0,0.0012316668,2
319-12,319,12,0,0.0051504136,2
320-0,320,0,0,0.3011358,4
320-1,320,1,1,0.17622776,4
320-2,320,2,0,0.7616934,4
320-3,320,3,0,0.5158771,4
320-4,320,4,1,0.052836258,4
320-5,320,5,0,0.23044552,4
320-6,320,6,1,0.15761533,4
320-7,320,7,1,0.13597018,4
320-8,320,8,0,0.5063462,4
320-9,320,9,1,0.33872366,4
320-10,320,10,0,0.10442215,4
320-11,320,11,0,0.38790017,4
320-12,320,12,0,0.41784918,4
321-0,321,0,1,0.005077182,4
321-1,321,1,0,0.60794634,4
321-2,321,2,0,0.8806439,4
321-3,321,3,0,0.7100885,4
321-4,321,4,0,0.4055186,4
321-5,321,5,0,0.4063468,4
321-6,321,6,0,0.5793731,4
321-7,321,7,0,0.53338516,4
321-8,321,8,0,0.72401494,4
321-9,321,9,0,0.8207824,4
321-10,321,10,0,0.21359088,4
321-11,321,11,0,0.5206827,4
321-12,321,12,0,0.6223929,4
322-0,322,0,0,0.3128816,2
322-1,322,1,0,0.41892233,2
322-2,322,2,1,0.28912202,2
322-3,322,3,0,0.6863036,2
322-4,322,4,0,0.16172649,2
322-5,322,5,0,0.3529945,2
322-6,322,6,1,0.05186841,2
322-7,322,7,0,0.2837591,2
322-8,322,8,0,0.69688374,2
322-9,322,9,1,0.2535566,2
322-10,322,10,0,0.105546854,2
322-11,322,11,0,0.08559407,2
322-12,322,12,0,0.30160132,2
323-0,323,0,0,0.001127028,5
323-1,323,1,0,0.0023351803,5
323-2,323,2,0,0.0011430036,5
323-3,323,3,0,0.0067505054,5
323-4,323,4,0,0.0008435654,5
323-5,323,5,0,0.0014932012,5
323-6,323,6,0,0.0036023275,5
323-7,323,7,0,0.0015371273,5
323-8,323,8,0,0.0017792238,5
323-9,323,9,0,0.0019791657,5
323-10,323,10,0,0.0011920241,5
323-11,323,11,0,0.00088366534,5
323-12,323,12,0,0.0039358446,5
324-0,324,0,1,0.43786943,4
324-1,324,1,1,0.54497296,4
324-2,324,2,1,0.8483771,4
324-3,324,3,1,0.66062266,4
324-4,324,4,1,0.30982482,4
324-5,324,5,1,0.342952,4
324-6,324,6,1,0.49948186,4
324-7,324,7,1,0.43370932,4
324-8,324,8,1,0.6324029,4
324-9,324,9,1,0.78375703,4
324-10,324,10,1,0.16046785,4
324-11,324,11,1,0.46959287,4
324-12,324,12,1,0.5550468,4
325-0,325,0,0,0.13941334,2
325-1,325,1,0,0.23811558,2
325-2,325,2,0,0.39035374,2
325-3,325,3,0,0.4933014,2
325-4,325,4,0,0.062746875,2
325-5,325,5,0,0.177347,2
325-6,325,6,0,0.041130334,2
325-7,325,7,0,0.14339548,2
325-8,325,8,0,0.49857518,2
325-9,325,9,0,0.38014054,2
325-10,325,10,0,0.04171943,2
325-11,325,11,0,0.031852342,2
325-12,325,12,0,0.09862448,2
326-0,326,0,0,0.88396883,4
326-1,326,1,0,0.91847336,4
326-2,326,2,0,0.9822613,4
326-3,326,3,0,0.9480604,4
326-4,326,4,0,0.7692522,4
326-5,326,5,0,0.8317407,4
326-6,326,6,0,0.9138991,4
326-7,326,7,1,0.0020823316,4
326-8,326,8,0,0.9570887,4
326-9,326,9,0,0.9708227,4
326-10,326,10,0,0.70760894,4
326-11,326,11,0,0.89025635,4
326-12,326,12,0,0.9257144,4
327-0,327,0,0,0.16981032,4
327-1,327,1,0,0.23842378,4
327-2,327,2,0,0.5939234,4
327-3,327,3,0,0.33154505,4
327-4,327,4,0,0.078849554,4
327-5,327,5,0,0.12195938,4
327-6,327,6,0,0.2119849,4
327-7,327,7,0,0.1810644,4
327-8,327,8,0,0.332761,4
327-9,327,9,0,0.47518748,4
327-10,327,10,0,0.06654853,4
327-11,327,11,1,0.2400261,4
327-12,327,12,0,0.25570107,4
328-0,328,0,0,0.047413755,4
328-1,328,1,0,0.054168627,4
328-2,328,2,0,0.20910895,4
328-3,328,3,0,0.117530935,4
328-4,328,4,0,0.01781359,4
328-5,328,5,0,0.024829961,4
328-6,328,6,0,0.05845156,4
328-7,328,7,0,0.039474882,4
328-8,328,8,0,0.087154776,4
328-9,328,9,0,0.14225787,4
328-10,328,10,0,0.03913762,4
328-11,328,11,0,0.052887194,4
328-12,328,12,0,0.065653056,4
329-0,329,0,0,0.10854083,1
329-1,329,1,0,0.10529173,1
329-2,329,2,0,0.037907485,1
329-3,329,3,1,0.7069838,1
329-4,329,4,0,0.0198883,1
329-5,329,5,0,0.020531945,1
329-6,329,6,0,0.02890113,1
329-7,329,7,0,0.054763876,1
329-8,329,8,0,0.028020447,1
329-9,329,9,0,0.10637908,1
329-10,329,10,0,0.022436455,1
329-11,329,11,0,0.049624946,1
329-12,329,12,0,0.049780317,1
330-0,330,0,1,0.08691664,4
330-1,330,1,0,0.45897052,4
330-2,330,2,1,0.34029725,4
330-3,330,3,0,0.5726418,4
330-4,330,4,1,0.048048418,4
330-5,330,5,0,0.26843414,4
330-6,330,6,1,0.11512869,4
330-7,330,7,1,0.082772434,4
330-8,330,8,1,0.16912027,4
330-9,330,9,0,0.7095195,4
330-10,330,10,0,0.13124487,4
330-11,330,11,0,0.4390914,4
330-12,330,12,1,0.12355444,4
331-0,331,0,1,0.9265079,4
331-1,331,1,1,0.94657475,4
331-2,331,2,1,0.98865277,4
331-3,331,3,1,0.9664541,4
331-4,331,4,1,0.84865725,4
331-5,331,5,1,0.88495,4
331-6,331,6,0,0.002342731,4
331-7,331,7,0,0.0019360156,4
331-8,331,8,1,0.96742165,4
331-9,331,9,1,0.9822066,4
331-10,331,10,1,0.7748815,4
331-11,331,11,1,0.929971,4
331-12,331,12,0,0.0026906112,4
332-0,332,0,0,0.04731756,3
332-1,332,1,0,0.021561136,3
332-2,332,2,0,0.00806771,3
332-3,332,3,0,0.08975492,3
332-4,332,4,0,0.006052262,3
332-5,332,5,0,0.049845792,3
332-6,332,6,0,0.00813041,3
332-7,332,7,0,0.03061299,3
332-8,332,8,0,0.0063245213,3
332-9,332,9,0,0.046291586,3
332-10,332,10,0,0.010653225,3
332-11,332,11,0,0.0061577735,3
332-12,332,12,0,0.033790126,3
333-0,333,0,1,0.21003371,2
333-1,333,1,0,0.20314042,2
333-2,333,2,0,0.386347,2
333-3,333,3,0,0.44299105,2
333-4,333,4,0,0.08365636,2
333-5,333,5,1,0.19796792,2
333-6,333,6,1,0.08735852,2
333-7,333,7,0,0.13286284,2
333-8,333,8,0,0.45852447,2
333-9,333,9,0,0.33278537,2
333-10,333,10,1,0.05775526,2
333-11,333,11,0,0.026623582,2
333-12,333,12,0,0.13568394,2
334-0,334,0,0,0.28997883,1
334-1,334,1,0,0.29154626,1
334-2,334,2,1,0.19453698,1
334-3,334,3,1,0.2876227,1
334-4,334,4,0,0.049061902,1
334-5,334,5,0,0.06421023,1
334-6,334,6,0,0.08145478,1
334-7,334,7,0,0.16114514,1
334-8,334,8,0,0.0791031,1
334-9,334,9,0,0.2647654,1
334-10,334,10,0,0.04301299,1
334-11,334,11,0,0.15244244,1
334-12,334,12,0,0.13064556,1
335-0,335,0,0,0.0050111236,2
335-1,335,1,0,0.008195507,2
335-2,335,2,0,0.011160152,2
335-3,335,3,0,0.014179209,2
335-4,335,4,0,0.0021479924,2
335-5,335,5,1,0.5840122,2
335-6,335,6,0,0.0030732916,2
335-7,335,7,1,0.51045805,2
335-8,335,8,0,0.021072704,2
335-9,335,9,0,0.017017959,2
335-10,335,10,0,0.0015468282,2
335-11,335,11,0,0.0012316668,2
335-12,335,12,0,0.0040461286,2
336-0,336,0,0,0.1537563,2
336-1,336,1,0,0.23136489,2
336-2,336,2,0,0.3236618,2
336-3,336,3,0,0.40428102,2
336-4,336,4,0,0.08928603,2
336-5,336,5,0,0.14160976,2
336-6,336,6,0,0.06841808,2
336-7,336,7,0,0.11453758,2
336-8,336,8,0,0.42745432,2
336-9,336,9,0,0.4358781,2
336-10,336,10,0,0.04657077,2
336-11,336,11,0,0.0458507,2
336-12,336,12,0,0.1503585,2
337-0,337,0,0,0.4588647,1
337-1,337,1,0,0.43943194,1
337-2,337,2,0,0.17914937,1
337-3,337,3,0,0.3011765,1
337-4,337,4,0,0.105810806,1
337-5,337,5,0,0.10441243,1
337-6,337,6,0,0.1653237,1
337-7,337,7,0,0.2750695,1
337-8,337,8,0,0.16097504,1
337-9,337,9,0,0.40429726,1
337-10,337,10,0,0.08269351,1
337-11,337,11,0,0.23121324,1
337-12,337,12,0,0.25337562,1
338-0,338,0,0,0.0011887448,5
338-1,338,1,0,0.0023351803,5
338-2,338,2,0,0.0011430036,5
338-3,338,3,0,0.0069229403,5
338-4,338,4,0,0.0008435654,5
338-5,338,5,0,0.0014932012,5
338-6,338,6,0,0.0038408341,5
338-7,338,7,0,0.0015371273,5
338-8,338,8,0,0.00095367304,5
338-9,338,9,0,0.0020874487,5
338-10,338,10,1,0.22364855,5
338-11,338,11,0,0.00088366534,5
338-12,338,12,0,0.0022028869,5
339-0,339,0,1,0.0022129556,4
339-1,339,1,1,0.0016811641,4
339-2,339,2,1,0.008080702,4
339-3,339,3,1,0.0041824724,4
339-4,339,4,1,0.0014018159,4
339-5,339,5,1,0.00076302176,4
339-6,339,6,1,0.0023278943,4
339-7,339,7,1,0.0019455678,4
339-8,339,8,1,0.005628359,4
339-9,339,9,1,0.005493102,4
339-10,339,10,1,0.0016889047,4
339-11,339,11,1,0.0019988995,4
339-12,339,12,1,0.0027222757,4
340-0,340,0,0,0.16477945,4
340-1,340,1,0,0.24178314,4
340-2,340,2,0,0.59386724,4
340-3,340,3,0,0.33496732,4
340-4,340,4,0,0.09960214,4
340-5,340,5,0,0.123944804,4
340-6,340,6,0,0.2132993,4
340-7,340,7,0,0.18482417,4
340-8,340,8,0,0.34464005,4
340-9,340,9,0,0.4779851,4
340-10,340,10,0,0.06599553,4
340-11,340,11,0,0.23185581,4
340-12,340,12,1,0.26518634,4
341-0,341,0,1,0.87107474,5
341-1,341,1,1,0.9455947,5
341-2,341,2,1,0.81439435,5
341-3,341,3,0,0.020591117,5
341-4,341,4,1,0.84002274,5
341-5,341,5,1,0.19017024,5
341-6,341,6,1,0.9547716,5
341-7,341,7,1,0.91684204,5
341-8,341,8,1,0.8530791,5
341-9,341,9,1,0.93067443,5
341-10,341,10,0,0.0031571428,5
341-11,341,11,1,0.7657141,5
341-12,341,12,1,0.91982913,5
342-0,342,0,0,0.0020558683,5
342-1,342,1,0,0.0041306578,5
342-2,342,2,0,0.0015952901,5
342-3,342,3,0,0.009534975,5
342-4,342,4,0,0.0021148832,5
342-5,342,5,0,0.0026073174,5
342-6,342,6,0,0.0069218096,5
342-7,342,7,0,0.0029928132,5
342-8,342,8,0,0.0018577221,5
342-9,342,9,0,0.004276188,5
342-10,342,10,0,0.0019841506,5
342-11,342,11,1,0.81261814,5
342-12,342,12,1,0.9247702,5
343-0,343,0,0,0.20793205,2
343-1,343,1,0,0.29578185,2
343-2,343,2,0,0.41106063,2
343-3,343,3,0,0.49743828,2
343-4,343,4,0,0.10189681,2
343-5,343,5,0,0.19617109,2
343-6,343,6,0,0.08735852,2
343-7,343,7,0,0.15446143,2
343-8,343,8,0,0.5085325,2
343-9,343,9,0,0.43447226,2
343-10,343,10,0,0.057140384,2
343-11,343,11,1,0.045833103,2
343-12,343,12,0,0.20137475,2
344-0,344,0,0,0.20793205,2
344-1,344,1,0,0.29578185,2
344-2,344,2,0,0.41106063,2
344-3,344,3,0,0.48423085,2
344-4,344,4,0,0.10189681,2
344-5,344,5,0,0.19617109,2
344-6,344,6,0,0.08735852,2
344-7,344,7,0,0.15446143,2
344-8,344,8,0,0.5115121,2
344-9,344,9,0,0.43447226,2
344-10,344,10,0,0.057140384,2
344-11,344,11,0,0.0461875,2
344-12,344,12,0,0.20137475,2
345-0,345,0,0,0.2100491,2
345-1,345,1,0,0.3004476,2
345-2,345,2,0,0.40663853,2
345-3,345,3,0,0.50039876,2
345-4,345,4,0,0.109010816,2
345-5,345,5,0,0.19316182,2
345-6,345,6,0,0.09240999,2
345-7,345,7,0,0.16116036,2
345-8,345,8,0,0.5240978,2
345-9,345,9,0,0.45609576,2
345-10,345,10,0,0.057235207,2
345-11,345,11,0,0.051082898,2
345-12,345,12,0,0.20842083,2
346-0,346,0,0,0.0009846325,5
346-1,346,1,0,0.002844266,5
346-2,346,2,0,0.0014913596,5
346-3,346,3,0,0.008839706,5
346-4,346,4,0,0.00095102255,5
346-5,346,5,0,0.001820008,5
346-6,346,6,0,0.004498397,5
346-7,346,7,0,0.0018106728,5
346-8,346,8,0,0.0011694763,5
346-9,346,9,0,0.0020120917,5
346-10,346,10,1,0.21041365,5
346-11,346,11,0,0.0010061375,5
346-12,346,12,0,0.002750273,5
347-0,347,0,1,0.73851687,3
347-1,347,1,0,0.014585656,3
347-2,347,2,0,0.005369743,3
347-3,347,3,0,0.057403207,3
347-4,347,4,0,0.004771324,3
347-5,347,5,0,0.031617418,3
347-6,347,6,0,0.004777954,3
347-7,347,7,0,0.017545037,3
347-8,347,8,0,0.0035191653,3
347-9,347,9,0,0.029514655,3
347-10,347,10,1,0.14916869,3
347-11,347,11,1,0.30399027,3
347-12,347,12,0,0.019977845,3
348-0,348,0,0,0.5256231,1
348-1,348,1,0,0.4623418,1
348-2,348,2,0,0.21479471,1
348-3,348,3,0,0.35765854,1
348-4,348,4,0,0.13044047,1
348-5,348,5,0,0.14964907,1
348-6,348,6,0,0.17837873,1
348-7,348,7,0,0.33571362,1
348-8,348,8,0,0.20352706,1
348-9,348,9,0,0.46519932,1
348-10,348,10,0,0.10719653,1
348-11,348,11,0,0.27985558,1
348-12,348,12,0,0.3112907,1
349-0,349,0,0,0.017558489,2
349-1,349,1,0,0.028483855,2
349-2,349,2,1,0.76678133,2
349-3,349,3,0,0.05377045,2
349-4,349,4,0,0.008392135,2
349-5,349,5,0,0.014753455,2
349-6,349,6,0,0.0064554596,2
349-7,349,7,0,0.010254722,2
349-8,349,8,0,0.056230992,2
349-9,349,9,0,0.040497877,2
349-10,349,10,0,0.0044105365,2
349-11,349,11,0,0.0031571968,2
349-12,349,12,0,0.010068387,2
350-0,350,0,0,0.22641245,3
350-1,350,1,0,0.14698572,3
350-2,350,2,0,0.044739507,3
350-3,350,3,0,0.42352974,3
350-4,350,4,0,0.051611144,3
350-5,350,5,0,0.26785997,3
350-6,350,6,0,0.042948063,3
350-7,350,7,0,0.18160212,3
350-8,350,8,0,0.051139347,3
350-9,350,9,0,0.20419869,3
350-10,350,10,0,0.042086747,3
350-11,350,11,0,0.05214247,3
350-12,350,12,0,0.19183396,3
351-0,351,0,1,0.20739494,4
351-1,351,1,0,0.3085592,4
351-2,351,2,1,0.64995897,4
351-3,351,3,0,0.41962594,4
351-4,351,4,1,0.12030479,4
351-5,351,5,1,0.14904156,4
351-6,351,6,1,0.24693878,4
351-7,351,7,1,0.22562343,4
351-8,351,8,1,0.39657372,4
351-9,351,9,1,0.5366691,4
351-10,351,10,0,0.08342289,4
351-11,351,11,0,0.21937774,4
351-12,351,12,1,0.31817678,4
352-0,352,0,0,0.16038398,3
352-1,352,1,0,0.08590391,3
352-2,352,2,0,0.022194223,3
352-3,352,3,0,0.31716925,3
352-4,352,4,0,0.021465102,3
352-5,352,5,0,0.18282396,3
352-6,352,6,0,0.02162387,3
352-7,352,7,0,0.121822365,3
352-8,352,8,0,0.032006823,3
352-9,352,9,0,0.16804795,3
352-10,352,10,0,0.028752882,3
352-11,352,11,0,0.03367579,3
352-12,352,12,0,0.12941407,3
353-0,353,0,0,0.1251223,2
353-1,353,1,0,0.1863812,2
353-2,353,2,0,0.27527562,2
353-3,353,3,0,0.35570273,2
353-4,353,4,0,0.047194865,2
353-5,353,5,0,0.1132338,2
353-6,353,6,0,0.04951204,2
353-7,353,7,0,0.092584394,2
353-8,353,8,1,0.6896132,2
353-9,353,9,0,0.3310298,2
353-10,353,10,0,0.034109466,2
353-11,353,11,0,0.03440175,2
353-12,353,12,0,0.081486985,2
354-0,354,0,0,0.17266439,3
354-1,354,1,0,0.098656796,3
354-2,354,2,0,0.03209699,3
354-3,354,3,0,0.33718747,3
354-4,354,4,0,0.030533597,3
354-5,354,5,0,0.20380849,3
354-6,354,6,0,0.027858503,3
354-7,354,7,0,0.13439073,3
354-8,354,8,0,0.036941048,3
354-9,354,9,0,0.15543921,3
354-10,354,10,0,0.03670718,3
354-11,354,11,0,0.03050865,3
354-12,354,12,0,0.1455442,3
355-0,355,0,0,0.006990728,2
355-1,355,1,0,0.009460817,2
355-2,355,2,0,0.009786274,2
355-3,355,3,0,0.02314346,2
355-4,355,4,0,0.0035304069,2
355-5,355,5,0,0.005059545,2
355-6,355,6,0,0.0035506107,2
355-7,355,7,1,0.5449136,2
355-8,355,8,0,0.024277486,2
355-9,355,9,0,0.010371754,2
355-10,355,10,0,0.0022265362,2
355-11,355,11,0,0.0013799709,2
355-12,355,12,0,0.004673832,2
356-0,356,0,0,0.0023457855,5
356-1,356,1,0,0.0048008002,5
356-2,356,2,1,0.7667988,5
356-3,356,3,0,0.010445101,5
356-4,356,4,0,0.0017259406,5
356-5,356,5,1,0.1884755,5
356-6,356,6,0,0.0065709692,5
356-7,356,7,0,0.0034719408,5
356-8,356,8,0,0.0021555228,5
356-9,356,9,0,0.004070766,5
356-10,356,10,0,0.0024738985,5
356-11,356,11,0,0.0012821277,5
356-12,356,12,0,0.004402978,5
357-0,357,0,0,0.0020558683,5
357-1,357,1,0,0.0024088603,5
357-2,357,2,0,0.0015952901,5
357-3,357,3,0,0.009535402,5
357-4,357,4,0,0.0014024997,5
357-5,357,5,0,0.0025695427,5
357-6,357,6,0,0.0070689237,5
357-7,357,7,0,0.0029928132,5
357-8,357,8,0,0.0018577221,5
357-9,357,9,0,0.0024577454,5
357-10,357,10,0,0.002065641,5
357-11,357,11,0,0.0010331465,5
357-12,357,12,0,0.003626922,5
358-0,358,0,1,0.65729195,3
358-1,358,1,0,0.10377363,3
358-2,358,2,0,0.038316324,3
358-3,358,3,0,0.35927537,3
358-4,358,4,0,0.031608,3
358-5,358,5,0,0.21608898,3
358-6,358,6,0,0.035245698,3
358-7,358,7,0,0.14904977,3
358-8,358,8,0,0.035802934,3
358-9,358,9,0,0.13994229,3
358-10,358,10,0,0.03495773,3
358-11,358,11,0,0.042147864,3
358-12,358,12,0,0.15803286,3
359-0,359,0,0,0.0070076096,5
359-1,359,1,0,0.0135399345,5
359-2,359,2,0,0.0049599833,5
359-3,359,3,1,0.94900864,5
359-4,359,4,0,0.005162294,5
359-5,359,5,0,0.008975049,5
359-6,359,6,0,0.021357244,5
359-7,359,7,0,0.009485982,5
359-8,359,8,0,0.010965574,5
359-9,359,9,0,0.011064273,5
359-10,359,10,0,0.006944427,5
359-11,359,11,0,0.0036929213,5
359-12,359,12,0,0.01246804,5
360-0,360,0,0,0.768679,5
360-1,360,1,0,0.9438056,5
360-2,360,2,0,0.81752235,5
360-3,360,3,0,0.961826,5
360-4,360,4,0,0.84083486,5
360-5,360,5,0,0.1884755,5
360-6,360,6,0,0.95566267,5
360-7,360,7,0,0.9250754,5
360-8,360,8,0,0.8667077,5
360-9,360,9,0,0.92645305,5
360-10,360,10,0,0.15439194,5
360-11,360,11,0,0.7667988,5
360-12,360,12,0,0.9229383,5
361-0,361,0,0,0.037155204,5
361-1,361,1,0,0.06899102,5
361-2,361,2,0,0.022974523,5
361-3,361,3,0,0.110716835,5
361-4,361,4,0,0.01684181,5
361-5,361,5,0,0.019846253,5
361-6,361,6,0,0.09717054,5
361-7,361,7,0,0.044747118,5
361-8,361,8,0,0.029065032,5
361-9,361,9,0,0.04019539,5
361-10,361,10,0,0.014700215,5
361-11,361,11,0,0.011704571,5
361-12,361,12,0,0.05004665,5
362-0,362,0,1,0.64614767,2
362-1,362,1,1,0.82004136,2
362-2,362,2,1,0.90172374,2
362-3,362,3,1,0.93251485,2
362-4,362,4,0,0.0029998275,2
362-5,362,5,0,0.0035872532,2
362-6,362,6,0,0.0037783952,2
362-7,362,7,1,0.7039525,2
362-8,362,8,1,0.93138415,2
362-9,362,9,1,0.90829426,2
362-10,362,10,1,0.4011969,2
362-11,362,11,1,0.24235773,2
362-12,362,12,1,0.69876003,2
363-0,363,0,1,0.7499625,1
363-1,363,1,1,0.75539625,1
363-2,363,2,1,0.4946812,1
363-3,363,3,1,0.53406125,1
363-4,363,4,1,0.23958734,1
363-5,363,5,1,0.3458533,1
363-6,363,6,0,0.09505943,1
363-7,363,7,1,0.5943251,1
363-8,363,8,1,0.26849625,1
363-9,363,9,1,0.7595221,1
363-10,363,10,1,0.11662372,1
363-11,363,11,1,0.46497136,1
363-12,363,12,1,0.43807986,1
364-0,364,0,0,0.91510177,5
364-1,364,1,0,0.96277094,5
364-2,364,2,0,0.8749997,5
364-3,364,3,0,0.97522753,5
364-4,364,4,0,0.8400214,5
364-5,364,5,0,0.27253163,5
364-6,364,6,0,0.97116303,5
364-7,364,7,1,0.0032183914,5
364-8,364,8,0,0.9056628,5
364-9,364,9,0,0.9639975,5
364-10,364,10,1,0.0011673322,5
364-11,364,11,1,0.0010103085,5
364-12,364,12,0,0.9481971,5
365-0,365,0,0,0.12106347,2
365-1,365,1,0,0.17717849,2
365-2,365,2,1,0.30722952,2
365-3,365,3,0,0.32741895,2
365-4,365,4,0,0.055757742,2
365-5,365,5,0,0.1148487,2
365-6,365,6,0,0.05099636,2
365-7,365,7,1,0.09904734,2
365-8,365,8,0,0.35488495,2
365-9,365,9,0,0.3226483,2
365-10,365,10,0,0.030466396,2
365-11,365,11,0,0.029516352,2
365-12,365,12,0,0.11939869,2
366-0,366,0,1,0.16038398,3
366-1,366,1,0,0.17233631,3
366-2,366,2,0,0.04938854,3
366-3,366,3,1,0.29603067,3
366-4,366,4,0,0.054555237,3
366-5,366,5,0,0.38289368,3
366-6,366,6,0,0.059115056,3
366-7,366,7,0,0.28080758,3
366-8,366,8,0,0.07628265,3
366-9,366,9,0,0.33607388,3
366-10,366,10,0,0.031863526,3
366-11,366,11,0,0.06287504,3
366-12,366,12,0,0.18151158,3
367-0,367,0,1,0.5387501,3
367-1,367,1,0,0.12505384,3
367-2,367,2,0,0.03782613,3
367-3,367,3,0,0.36077395,3
367-4,367,4,0,0.04318965,3
367-5,367,5,1,0.64998204,3
367-6,367,6,1,0.14332347,3
367-7,367,7,0,0.15681668,3
367-8,367,8,1,0.19813594,3
367-9,367,9,1,0.6074469,3
367-10,367,10,0,0.04322247,3
367-11,367,11,0,0.03367192,3
367-12,367,12,0,0.17730775,3
368-0,368,0,1,0.12513243,2
368-1,368,1,1,0.18978637,2
368-2,368,2,1,0.2799276,2
368-3,368,3,1,0.35012838,2
368-4,368,4,1,0.04777408,2
368-5,368,5,1,0.11549227,2
368-6,368,6,1,0.03553638,2
368-7,368,7,1,0.09690725,2
368-8,368,8,1,0.38264805,2
368-9,368,9,1,0.25830278,2
368-10,368,10,1,0.031981796,2
368-11,368,11,1,0.021395165,2
368-12,368,12,1,0.08478353,2
369-0,369,0,0,0.05525833,5
369-1,369,1,0,0.11012308,5
369-2,369,2,0,0.03328945,5
369-3,369,3,0,0.15875182,5
369-4,369,4,0,0.054111008,5
369-5,369,5,0,0.032729212,5
369-6,369,6,0,0.15153576,5
369-7,369,7,0,0.07212545,5
369-8,369,8,0,0.04732363,5
369-9,369,9,0,0.11023423,5
369-10,369,10,0,0.023467684,5
369-11,369,11,0,0.018968841,5
369-12,369,12,0,0.08593059,5
370-0,370,0,0,0.24343081,2
370-1,370,1,0,0.37649783,2
370-2,370,2,0,0.575776,2
370-3,370,3,1,0.40428102,2
370-4,370,4,0,0.12050465,2
370-5,370,5,0,0.33327886,2
370-6,370,6,0,0.050420396,2
370-7,370,7,0,0.26622778,2
370-8,370,8,0,0.68305004,2
370-9,370,9,0,0.5556743,2
370-10,370,10,0,0.10118139,2
370-11,370,11,0,0.06287332,2
370-12,370,12,0,0.23511769,2
371-0,371,0,0,0.04052862,2
371-1,371,1,0,0.07176468,2
371-2,371,2,0,0.16944107,2
371-3,371,3,0,0.20889242,2
371-4,371,4,0,0.038204808,2
371-5,371,5,1,0.56972134,2
371-6,371,6,0,0.028409448,2
371-7,371,7,0,0.051306967,2
371-8,371,8,0,0.23927906,2
371-9,371,9,0,0.21196157,2
371-10,371,10,0,0.020398369,2
371-11,371,11,0,0.013203082,2
371-12,371,12,0,0.045818124,2
372-0,372,0,0,0.072609246,5
372-1,372,1,0,0.25612736,5
372-2,372,2,0,0.06418669,5
372-3,372,3,0,0.17408441,5
372-4,372,4,0,0.080719225,5
372-5,372,5,0,0.04080154,5
372-6,372,6,0,0.31394878,5
372-7,372,7,0,0.17607668,5
372-8,372,8,0,0.12413374,5
372-9,372,9,0,0.27151403,5
372-10,372,10,0,0.03406368,5
372-11,372,11,0,0.06418669,5
372-12,372,12,0,0.1779703,5
373-0,373,0,0,0.026736686,3
373-1,373,1,0,0.010810288,3
373-2,373,2,1,0.505653,3
373-3,373,3,0,0.05804692,3
373-4,373,4,0,0.004078804,3
373-5,373,5,0,0.025175728,3
373-6,373,6,0,0.004683407,3
373-7,373,7,0,0.017750204,3
373-8,373,8,0,0.0035866224,3
373-9,373,9,0,0.029855533,3
373-10,373,10,1,0.27110553,3
373-11,373,11,0,0.003751974,3
373-12,373,12,0,0.020210873,3
374-0,374,0,0,0.39115426,1
374-1,374,1,0,0.38747588,1
374-2,374,2,1,0.6728952,1
374-3,374,3,0,0.24957746,1
374-4,374,4,1,0.47022736,1
374-5,374,5,0,0.09422189,1
374-6,374,6,0,0.10743887,1
374-7,374,7,1,0.7691591,1
374-8,374,8,0,0.10927346,1
374-9,374,9,1,0.8719392,1
374-10,374,10,1,0.27514085,1
374-11,374,11,0,0.20055366,1
374-12,374,12,0,0.18069349,1
375-0,375,0,0,0.0047290786,4
375-1,375,1,0,0.0038000457,4
375-2,375,2,0,0.018118916,4
375-3,375,3,0,0.010723846,4
375-4,375,4,0,0.0024401671,4
375-5,375,5,0,0.0017267064,4
375-6,375,6,0,0.005862703,4
375-7,375,7,0,0.005572387,4
375-8,375,8,0,0.014478697,4
375-9,375,9,0,0.013220171,4
375-10,375,10,0,0.004521039,4
375-11,375,11,0,0.0048346403,4
375-12,375,12,0,0.007274655,4
376-0,376,0,1,0.70201325,2
376-1,376,1,0,0.0068553938,2
376-2,376,2,0,0.01187166,2
376-3,376,3,0,0.016833989,2
376-4,376,4,0,0.0025969478,2
376-5,376,5,0,0.0030418222,2
376-6,376,6,0,0.0025162965,2
376-7,376,7,0,0.0030772623,2
376-8,376,8,0,0.017310206,2
376-9,376,9,0,0.012106857,2
376-10,376,10,0,0.0012924764,2
376-11,376,11,0,0.0011373173,2
376-12,376,12,0,0.0043765195,2
377-0,377,0,0,0.06464227,4
377-1,377,1,0,0.0987161,4
377-2,377,2,0,0.34029725,4
377-3,377,3,0,0.20624879,4
377-4,377,4,0,0.034374546,4
377-5,377,5,0,0.03688096,4
377-6,377,6,0,0.111156516,4
377-7,377,7,0,0.07774892,4
377-8,377,8,0,0.15976915,4
377-9,377,9,0,0.23717657,4
377-10,377,10,0,0.06517176,4
377-11,377,11,0,0.09648843,4
377-12,377,12,0,0.11730219,4
378-0,378,0,0,0.0031882885,2
378-1,378,1,0,0.008830449,2
378-2,378,2,0,0.015516768,2
378-3,378,3,0,0.016775081,2
378-4,378,4,0,0.0029695074,2
378-5,378,5,0,0.004625137,2
378-6,378,6,0,0.0032453358,2
378-7,378,7,0,0.0039681816,2
378-8,378,8,0,0.022229893,2
378-9,378,9,0,0.012914819,2
378-10,378,10,0,0.0017146334,2
378-11,378,11,0,0.0013007505,2
378-12,378,12,0,0.0043610134,2
379-0,379,0,0,0.0013955899,5
379-1,379,1,0,0.002844266,5
379-2,379,2,1,0.8701769,5
379-3,379,3,0,0.009065025,5
379-4,379,4,0,0.00095102255,5
379-5,379,5,0,0.001820008,5
379-6,379,6,0,0.004498397,5
379-7,379,7,0,0.005714243,5
379-8,379,8,0,0.0011694763,5
379-9,379,9,0,0.0022190476,5
379-10,379,10,0,0.0015066902,5
379-11,379,11,0,0.0010061375,5
379-12,379,12,0,0.0025738617,5
380-0,380,0,0,0.74856955,1
380-1,380,1,0,0.7580694,1
380-2,380,2,0,0.4590309,1
380-3,380,3,0,0.5376729,1
380-4,380,4,0,0.26063502,1
380-5,380,5,0,0.34665766,1
380-6,380,6,0,0.2755069,1
380-7,380,7,0,0.5951816,1
380-8,380,8,0,0.2691947,1
380-9,380,9,0,0.730296,1
380-10,380,10,0,0.11678044,1
380-11,380,11,0,0.49024123,1
380-12,380,12,0,0.40328392,1
381-0,381,0,0,0.002305518,4
381-1,381,1,0,0.0019162949,4
381-2,381,2,0,0.009080862,4
381-3,381,3,0,0.0051822467,4
381-4,381,4,0,0.0012373262,4
381-5,381,5,0,0.0008598935,4
381-6,381,6,0,0.0026504504,4
381-7,381,7,0,0.0022992808,4
381-8,381,8,0,0.005959105,4
381-9,381,9,0,0.0069192047,4
381-10,381,10,0,0.0019810703,4
381-11,381,11,0,0.0023292059,4
381-12,381,12,0,0.0030899532,4
382-0,382,0,0,0.026109688,1
382-1,382,1,0,0.023535086,1
382-2,382,2,0,0.007065237,1
382-3,382,3,0,0.01263184,1
382-4,382,4,0,0.00420665,1
382-5,382,5,0,0.0030448907,1
382-6,382,6,0,0.005426699,1
382-7,382,7,0,0.008335791,1
382-8,382,8,0,0.0052623395,1
382-9,382,9,0,0.017385477,1
382-10,382,10,0,0.004556715,1
382-11,382,11,0,0.007161836,1
382-12,382,12,0,0.009905614,1
383-0,383,0,0,0.87363815,5
383-1,383,1,1,0.005709076,5
383-2,383,2,1,0.0025721681,5
383-3,383,3,0,0.9658156,5
383-4,383,4,1,0.0018419753,5
383-5,383,5,1,0.003285296,5
383-6,383,6,1,0.0077479854,5
383-7,383,7,1,0.00360633,5
383-8,383,8,1,0.0019759424,5
383-9,383,9,1,0.0046655764,5
383-10,383,10,1,0.004426394,5
383-11,383,11,1,0.0021075846,5
383-12,383,12,1,0.0050695036,5
384-0,384,0,1,0.4788414,2
384-1,384,1,1,0.8050582,2
384-2,384,2,1,0.90172374,2
384-3,384,3,1,0.93251485,2
384-4,384,4,0,0.0033382154,2
384-5,384,5,0,0.0030418222,2
384-6,384,6,0,0.0037783952,2
384-7,384,7,1,0.6991517,2
384-8,384,8,1,0.93138415,2
384-9,384,9,0,0.014255938,2
384-10,384,10,1,0.4011969,2
384-11,384,11,1,0.2044331,2
384-12,384,12,1,0.69876003,2
385-0,385,0,0,0.09189105,1
385-1,385,1,0,0.104840346,1
385-2,385,2,0,0.035364155,1
385-3,385,3,0,0.048475184,1
385-4,385,4,0,0.015183237,1
385-5,385,5,0,0.015684284,1
385-6,385,6,0,0.026846878,1
385-7,385,7,0,0.04156512,1
385-8,385,8,0,0.02076659,1
385-9,385,9,0,0.08440919,1
385-10,385,10,0,0.018113269,1
385-11,385,11,0,0.03767742,1
385-12,385,12,0,0.038278136,1
386-0,386,0,0,0.19360082,2
386-1,386,1,0,0.2897107,2
386-2,386,2,0,0.38738066,2
386-3,386,3,0,0.47277683,2
386-4,386,4,0,0.10013819,2
386-5,386,5,0,0.17897229,2
386-6,386,6,0,0.08937965,2
386-7,386,7,0,0.14885378,2
386-8,386,8,0,0.4966033,2
386-9,386,9,0,0.465592,2
386-10,386,10,0,0.061279166,2
386-11,386,11,0,0.05480576,2
386-12,386,12,0,0.18778162,2
387-0,387,0,0,0.0007283422,5
387-1,387,1,0,0.002020174,5
387-2,387,2,0,0.0010279214,5
387-3,387,3,0,0.006262835,5
387-4,387,4,0,0.00070664054,5
387-5,387,5,0,0.00125457,5
387-6,387,6,0,0.0033874097,5
387-7,387,7,0,0.0013625751,5
387-8,387,8,0,0.0008799193,5
387-9,387,9,0,0.0016353227,5
387-10,387,10,0,0.0010009087,5
387-11,387,11,0,0.000719583,5
387-12,387,12,0,0.0018963722,5
388-0,388,0,0,0.025515713,2
388-1,388,1,0,0.054040823,2
388-2,388,2,0,0.13589701,2
388-3,388,3,0,0.18067002,2
388-4,388,4,0,0.01757527,2
388-5,388,5,0,0.047843594,2
388-6,388,6,0,0.0332307,2
388-7,388,7,0,0.043795325,2
388-8,388,8,0,0.20907968,2
388-9,388,9,0,0.09727077,2
388-10,388,10,0,0.015802447,2
388-11,388,11,0,0.010753956,2
388-12,388,12,0,0.043701753,2
389-0,389,0,0,0.040633745,2
389-1,389,1,0,0.08112947,2
389-2,389,2,0,0.12205124,2
389-3,389,3,0,0.21406762,2
389-4,389,4,0,0.027557155,2
389-5,389,5,0,0.063558035,2
389-6,389,6,0,0.039382774,2
389-7,389,7,0,0.049889203,2
389-8,389,8,0,0.23257825,2
389-9,389,9,0,0.15038286,2
389-10,389,10,0,0.02176758,2
389-11,389,11,0,0.01696926,2
389-12,389,12,0,0.06631553,2
390-0,390,0,0,0.0020861072,5
390-1,390,1,0,0.0041912855,5
390-2,390,2,1,0.81483585,5
390-3,390,3,0,0.009397778,5
390-4,390,4,0,0.0014024997,5
390-5,390,5,0,0.0026627344,5
390-6,390,6,0,0.0067938818,5
390-7,390,7,0,0.0029928132,5
390-8,390,8,0,0.0056539,5
390-9,390,9,0,0.0031400975,5
390-10,390,10,0,0.0020888587,5
390-11,390,11,0,0.0013897066,5
390-12,390,12,0,0.0039321226,5
391-0,391,0,0,0.023183223,1
391-1,391,1,0,0.022835406,1
391-2,391,2,1,0.8675542,1
391-3,391,3,0,0.012453083,1
391-4,391,4,0,0.0039598546,1
391-5,391,5,0,0.0039284024,1
391-6,391,6,1,0.72875994,1
391-7,391,7,1,0.9101059,1
391-8,391,8,0,0.005378465,1
391-9,391,9,0,0.02288398,1
391-10,391,10,0,0.0046659308,1
391-11,391,11,0,0.0099968035,1
391-12,391,12,0,0.009903636,1
392-0,392,0,0,0.3247267,4
392-1,392,1,0,0.43042174,4
392-2,392,2,0,0.78043485,4
392-3,392,3,0,0.54413337,4
392-4,392,4,0,0.16126299,4
392-5,392,5,0,0.2510922,4
392-6,392,6,0,0.3951445,4
392-7,392,7,0,0.3450641,4
392-8,392,8,0,0.52201205,4
392-9,392,9,0,0.6905811,4
392-10,392,10,0,0.11860018,4
392-11,392,11,0,0.4121676,4
392-12,392,12,0,0.43917564,4
393-0,393,0,0,0.24319266,3
393-1,393,1,0,0.12744683,3
393-2,393,2,0,0.049463492,3
393-3,393,3,0,0.42639107,3
393-4,393,4,0,0.04826134,3
393-5,393,5,1,0.7793243,3
393-6,393,6,0,0.04263168,3
393-7,393,7,0,0.19105951,3
393-8,393,8,0,0.05425296,3
393-9,393,9,0,0.22108337,3
393-10,393,10,0,0.04919658,3
393-11,393,11,0,0.048222635,3
393-12,393,12,0,0.20673624,3
394-0,394,0,0,0.0027000525,4
394-1,394,1,0,0.0020276739,4
394-2,394,2,0,0.009927524,4
394-3,394,3,0,0.004842419,4
394-4,394,4,0,0.0014203198,4
394-5,394,5,0,0.0010188023,4
394-6,394,6,0,0.0028320018,4
394-7,394,7,0,0.0023362816,4
394-8,394,8,0,0.006785145,4
394-9,394,9,0,0.0070854533,4
394-10,394,10,0,0.002180906,4
394-11,394,11,0,0.0025809729,4
394-12,394,12,0,0.003445087,4
395-0,395,0,0,0.05818409,2
395-1,395,1,0,0.08740837,2
395-2,395,2,0,0.1336535,2
395-3,395,3,0,0.17346518,2
395-4,395,4,0,0.03787912,2
395-5,395,5,1,0.58007336,2
395-6,395,6,0,0.03094487,2
395-7,395,7,1,0.50445336,2
395-8,395,8,0,0.20311035,2
395-9,395,9,0,0.15676053,2
395-10,395,10,1,0.2118221,2
395-11,395,11,0,0.017965283,2
395-12,395,12,0,0.05210825,2
396-0,396,0,0,0.18349276,4
396-1,396,1,0,0.27059433,4
396-2,396,2,0,0.68679255,4
396-3,396,3,0,0.4085082,4
396-4,396,4,0,0.09917669,4
396-5,396,5,0,0.17138681,4
396-6,396,6,0,0.2832173,4
396-7,396,7,0,0.24182664,4
396-8,396,8,0,0.40588525,4
396-9,396,9,0,0.5643774,4
396-10,396,10,0,0.08908484,4
396-11,396,11,0,0.258338,4
396-12,396,12,0,0.3217911,4
397-0,397,0,0,0.0049262866,2
397-1,397,1,0,0.008651806,2
397-2,397,2,1,0.87026954,2
397-3,397,3,0,0.020853966,2
397-4,397,4,0,0.0029695074,2
397-5,397,5,0,0.004625137,2
397-6,397,6,0,0.0032984945,2
397-7,397,7,0,0.0039681816,2
397-8,397,8,0,0.022229893,2
397-9,397,9,0,0.01795658,2
397-10,397,10,0,0.0020348702,2
397-11,397,11,0,0.0013007505,2
397-12,397,12,0,0.005438102,2
398-0,398,0,0,0.91510177,5
398-1,398,1,0,0.9665571,5
398-2,398,2,1,0.0009997436,5
398-3,398,3,0,0.97756255,5
398-4,398,4,1,0.0008897731,5
398-5,398,5,0,0.27253163,5
398-6,398,6,1,0.0032660286,5
398-7,398,7,1,0.0015371273,5
398-8,398,8,1,0.00095367304,5
398-9,398,9,1,0.0019791657,5
398-10,398,10,1,0.0011673322,5
398-11,398,11,1,0.00088366534,5
398-12,398,12,0,0.9536742,5
399-0,399,0,0,0.12489986,4
399-1,399,1,0,0.14621198,4
399-2,399,2,1,0.34730086,4
399-3,399,3,1,0.15489623,4
399-4,399,4,0,0.0560028,4
399-5,399,5,0,0.0821911,4
399-6,399,6,1,0.08321195,4
399-7,399,7,0,0.12249074,4
399-8,399,8,0,0.2199833,4
399-9,399,9,0,0.373633,4
399-10,399,10,0,0.043819536,4
399-11,399,11,0,0.13851961,4
399-12,399,12,0,0.1769382,4
400-0,400,0,0,0.27842927,4
400-1,400,1,0,0.3249264,4
400-2,400,2,0,0.72605,4
400-3,400,3,0,0.43021634,4
400-4,400,4,0,0.13740285,4
400-5,400,5,0,0.20108303,4
400-6,400,6,1,0.1479014,4
400-7,400,7,0,0.2683636,4
400-8,400,8,0,0.43525064,4
400-9,400,9,0,0.62915397,4
400-10,400,10,0,0.11538904,4
400-11,400,11,0,0.31125933,4
400-12,400,12,0,0.39323646,4
401-0,401,0,0,0.05636686,2
401-1,401,1,0,0.0686491,2
401-2,401,2,0,0.093450524,2
401-3,401,3,0,0.1250048,2
401-4,401,4,0,0.026519567,2
401-5,401,5,0,0.044977274,2
401-6,401,6,0,0.014792841,2
401-7,401,7,0,0.029261716,2
401-8,401,8,0,0.15210003,2
401-9,401,9,0,0.08389174,2
401-10,401,10,0,0.014404942,2
401-11,401,11,0,0.006967163,2
401-12,401,12,0,0.034174927,2
402-0,402,0,1,0.8885509,4
402-1,402,1,1,0.91847336,4
402-2,402,2,1,0.98269904,4
402-3,402,3,0,0.004308193,4
402-4,402,4,0,0.0011743881,4
402-5,402,5,0,0.0007479638,4
402-6,402,6,0,0.0022520518,4
402-7,402,7,1,0.89629054,4
402-8,402,8,0,0.005628359,4
402-9,402,9,0,0.005879722,4
402-10,402,10,0,0.0017535825,4
402-11,402,11,0,0.0019988995,4
402-12,402,12,0,0.0027222757,4
403-0,403,0,0,0.333914,4
403-1,403,1,0,0.4239162,4
403-2,403,2,0,0.7758452,4
403-3,403,3,1,0.5271288,4
403-4,403,4,0,0.2113172,4
403-5,403,5,1,0.23853923,4
403-6,403,6,0,0.3975998,4
403-7,403,7,0,0.3487649,4
403-8,403,8,0,0.5342503,4
403-9,403,9,1,0.68689215,4
403-10,403,10,0,0.1426287,4
403-11,403,11,0,0.35520968,4
403-12,403,12,0,0.44798404,4
404-0,404,0,0,0.056156695,3
404-1,404,1,0,0.035529803,3
404-2,404,2,1,0.23948662,3
404-3,404,3,0,0.12151481,3
404-4,404,4,1,0.2354637,3
404-5,404,5,0,0.06366977,3
404-6,404,6,1,0.21373616,3
404-7,404,7,0,0.04035973,3
404-8,404,8,1,0.2825234,3
404-9,404,9,0,0.06298903,3
404-10,404,10,0,0.013086079,3
404-11,404,11,0,0.009997993,3
404-12,404,12,0,0.044252124,3
405-0,405,0,1,0.1480071,3
405-1,405,1,0,0.328228,3
405-2,405,2,1,0.026008258,3
405-3,405,3,1,0.33278617,3
405-4,405,4,1,0.027482146,3
405-5,405,5,1,0.19370244,3
405-6,405,6,0,0.16532959,3
405-7,405,7,0,0.55175924,3
405-8,405,8,0,0.20838933,3
405-9,405,9,0,0.6123021,3
405-10,405,10,0,0.07629416,3
405-11,405,11,0,0.21709417,3
405-12,405,12,0,0.45282477,3
406-0,406,0,0,0.8885509,4
406-1,406,1,1,0.0016811641,4
406-2,406,2,1,0.008159586,4
406-3,406,3,1,0.0041824724,4
406-4,406,4,0,0.8362276,4
406-5,406,5,1,0.00076302176,4
406-6,406,6,0,0.9159859,4
406-7,406,7,0,0.90039515,4
406-8,406,8,0,0.95408314,4
406-9,406,9,1,0.0060769897,4
406-10,406,10,1,0.0016889047,4
406-11,406,11,1,0.0019988995,4
406-12,406,12,0,0.93158084,4
407-0,407,0,1,0.9186285,3
407-1,407,1,0,0.0058491286,3
407-2,407,2,0,0.0021613273,3
407-3,407,3,1,0.9713684,3
407-4,407,4,0,0.0019292783,3
407-5,407,5,0,0.012445509,3
407-6,407,6,0,0.0018305235,3
407-7,407,7,1,0.90958023,3
407-8,407,8,0,0.0014546161,3
407-9,407,9,0,0.01160255,3
407-10,407,10,0,0.002688016,3
407-11,407,11,1,0.6158206,3
407-12,407,12,0,0.0078069633,3
408-0,408,0,1,0.88396883,4
408-1,408,1,1,0.92035735,4
408-2,408,2,1,0.9822613,4
408-3,408,3,1,0.94679385,4
408-4,408,4,0,0.0014018159,4
408-5,408,5,0,0.00076302176,4
408-6,408,6,0,0.0023278943,4
408-7,408,7,1,0.90039515,4
408-8,408,8,1,0.9560127,4
408-9,408,9,1,0.9708227,4
408-10,408,10,0,0.0018860338,4
408-11,408,11,1,0.919552,4
408-12,408,12,1,0.93158084,4
409-0,409,0,0,0.32866278,2
409-1,409,1,0,0.36328962,2
409-2,409,2,0,0.57484293,2
409-3,409,3,1,0.48419195,2
409-4,409,4,0,0.18001826,2
409-5,409,5,0,0.40910947,2
409-6,409,6,0,0.039862424,2
409-7,409,7,0,0.35443965,2
409-8,409,8,0,0.7627853,2
409-9,409,9,0,0.6517338,2
409-10,409,10,0,0.13006909,2
409-11,409,11,0,0.08750627,2
409-12,409,12,0,0.31866497,2
410-0,410,0,1,0.0013485812,5
410-1,410,1,1,0.0038388786,5
410-2,410,2,1,0.0017488184,5
410-3,410,3,1,0.015564332,5
410-4,410,4,1,0.0017259406,5
410-5,410,5,1,0.003179304,5
410-6,410,6,1,0.0065709692,5
410-7,410,7,1,0.0034719408,5
410-8,410,8,1,0.0021555228,5
410-9,410,9,1,0.0038357563,5
410-10,410,10,1,0.0024464128,5
410-11,410,11,1,0.0012334631,5
410-12,410,12,0,0.92642033,5
411-0,411,0,0,0.16418248,1
411-1,411,1,0,0.16714646,1
411-2,411,2,0,0.05922492,1
411-3,411,3,1,0.14062122,1
411-4,411,4,0,0.033353556,1
411-5,411,5,0,0.032534752,1
411-6,411,6,0,0.0553268,1
411-7,411,7,0,0.11402203,1
411-8,411,8,0,0.058295954,1
411-9,411,9,0,0.14370467,1
411-10,411,10,0,0.029721003,1
411-11,411,11,0,0.07736547,1
411-12,411,12,0,0.08335094,1
412-0,412,0,0,0.0027000525,4
412-1,412,1,0,0.0020276739,4
412-2,412,2,0,0.010415305,4
412-3,412,3,0,0.0053969626,4
412-4,412,4,0,0.0014203198,4
412-5,412,5,0,0.00096612127,4
412-6,412,6,0,0.0028320018,4
412-7,412,7,0,0.002512153,4
412-8,412,8,0,0.006785145,4
412-9,412,9,0,0.006672122,4
412-10,412,10,0,0.002180906,4
412-11,412,11,0,0.0025809729,4
412-12,412,12,0,0.003445087,4
413-0,413,0,0,0.09355738,1
413-1,413,1,0,0.08165803,1
413-2,413,2,1,0.42736486,1
413-3,413,3,0,0.050318748,1
413-4,413,4,0,0.016729292,1
413-5,413,5,0,0.016369224,1
413-6,413,6,0,0.026038274,1
413-7,413,7,0,0.04602708,1
413-8,413,8,0,0.023814784,1
413-9,413,9,0,0.09211442,1
413-10,413,10,0,0.018627908,1
413-11,413,11,0,0.038022086,1
413-12,413,12,0,0.040848862,1
414-0,414,0,0,0.02479958,5
414-1,414,1,0,0.02731304,5
414-2,414,2,0,0.01391627,5
414-3,414,3,0,0.06959032,5
414-4,414,4,0,0.011973028,5
414-5,414,5,0,0.016219564,5
414-6,414,6,0,0.06024112,5
414-7,414,7,0,0.027142115,5
414-8,414,8,0,0.017516745,5
414-9,414,9,0,0.047462873,5
414-10,414,10,0,0.011225078,5
414-11,414,11,0,0.008037365,5
414-12,414,12,0,0.032439116,5
415-0,415,0,0,0.044539027,2
415-1,415,1,0,0.10567463,2
415-2,415,2,0,0.16003603,2
415-3,415,3,0,0.20889242,2
415-4,415,4,0,0.024386236,2
415-5,415,5,0,0.059398986,2
415-6,415,6,0,0.019813519,2
415-7,415,7,0,0.050202314,2
415-8,415,8,0,0.23513043,2
415-9,415,9,0,0.1575546,2
415-10,415,10,1,0.18354987,2
415-11,415,11,0,0.012734711,2
415-12,415,12,0,0.06291895,2
416-0,416,0,0,0.1503809,2
416-1,416,1,1,0.30924046,2
416-2,416,2,0,0.41388687,2
416-3,416,3,0,0.49460658,2
416-4,416,4,1,0.12930955,2
416-5,416,5,1,0.19316182,2
416-6,416,6,1,0.09359885,2
416-7,416,7,1,0.16428423,2
416-8,416,8,1,0.5240978,2
416-9,416,9,0,0.37523338,2
416-10,416,10,1,0.05785104,2
416-11,416,11,1,0.06001229,2
416-12,416,12,0,0.13366744,2
417-0,417,0,0,0.07910475,3
417-1,417,1,0,0.050701488,3
417-2,417,2,1,0.06666049,3
417-3,417,3,0,0.29932964,3
417-4,417,4,0,0.018709393,3
417-5,417,5,0,0.18663879,3
417-6,417,6,0,0.026578706,3
417-7,417,7,0,0.1300444,3
417-8,417,8,0,0.034404535,3
417-9,417,9,0,0.1636601,3
417-10,417,10,0,0.031728804,3
417-11,417,11,0,0.019375663,3
417-12,417,12,0,0.13655059,3
418-0,418,0,0,0.0028654728,2
418-1,418,1,0,0.005568475,2
418-2,418,2,0,0.008077419,2
418-3,418,3,0,0.016566316,2
418-4,418,4,0,0.0029998275,2
418-5,418,5,0,0.0035872532,2
418-6,418,6,0,0.0024921668,2
418-7,418,7,0,0.0030772623,2
418-8,418,8,0,0.017310206,2
418-9,418,9,0,0.011308634,2
418-10,418,10,0,0.0012924764,2
418-11,418,11,0,0.0011373173,2
418-12,418,12,0,0.003382198,2
419-0,419,0,0,0.1200215,3
419-1,419,1,0,0.07454513,3
419-2,419,2,0,0.025845246,3
419-3,419,3,0,0.3129013,3
419-4,419,4,0,0.025835825,3
419-5,419,5,0,0.19503035,3
419-6,419,6,0,0.026792193,3
419-7,419,7,0,0.13060685,3
419-8,419,8,0,0.034569748,3
419-9,419,9,0,0.14145017,3
419-10,419,10,0,0.031063616,3
419-11,419,11,0,0.027791822,3
419-12,419,12,0,0.14117074,3
420-0,420,0,0,0.049713112,4
420-1,420,1,1,0.43042174,4
420-2,420,2,0,0.21407022,4
420-3,420,3,0,0.11855057,4
420-4,420,4,0,0.024989631,4
420-5,420,5,0,0.024585309,4
420-6,420,6,0,0.057884768,4
420-7,420,7,1,0.33862528,4
420-8,420,8,0,0.083784096,4
420-9,420,9,0,0.14225787,4
420-10,420,10,0,0.040578157,4
420-11,420,11,0,0.052887194,4
420-12,420,12,0,0.06688733,4
421-0,421,0,0,0.45888847,1
421-1,421,1,0,0.4421592,1
421-2,421,2,0,0.20314072,1
421-3,421,3,0,0.33090436,1
421-4,421,4,0,0.12264836,1
421-5,421,5,0,0.1351802,1
421-6,421,6,1,0.19993788,1
421-7,421,7,0,0.30980927,1
421-8,421,8,0,0.19879742,1
421-9,421,9,0,0.4449952,1
421-10,421,10,0,0.09636704,1
421-11,421,11,0,0.26586688,1
421-12,421,12,0,0.28645816,1
422-0,422,0,0,0.35048327,1
422-1,422,1,0,0.29498836,1
422-2,422,2,0,0.14226879,1
422-3,422,3,0,0.21708511,1
422-4,422,4,0,0.06872366,1
422-5,422,5,0,0.06777822,1
422-6,422,6,0,0.11448496,1
422-7,422,7,0,0.19622067,1
422-8,422,8,0,0.109874316,1
422-9,422,9,0,0.33782303,1
422-10,422,10,0,0.061869703,1
422-11,422,11,0,0.15793562,1
422-12,422,12,0,0.17920814,1
423-0,423,0,1,0.70128417,3
423-1,423,1,1,0.539713,3
423-2,423,2,0,0.005369743,3
423-3,423,3,0,0.057403207,3
423-4,423,4,1,0.33010924,3
423-5,423,5,0,0.02488691,3
423-6,423,6,0,0.004550112,3
423-7,423,7,1,0.6814893,3
423-8,423,8,0,0.0034828796,3
423-9,423,9,0,0.02907629,3
423-10,423,10,0,0.006612867,3
423-11,423,11,0,0.0037079945,3
423-12,423,12,0,0.019888055,3
424-0,424,0,0,0.41690212,4
424-1,424,1,0,0.52340555,4
424-2,424,2,0,0.8378103,4
424-3,424,3,0,0.64092505,4
424-4,424,4,0,0.29300323,4
424-5,424,5,0,0.27503708,4
424-6,424,6,1,0.035805717,4
424-7,424,7,0,0.41419816,4
424-8,424,8,0,0.61159533,4
424-9,424,9,0,0.7711077,4
424-10,424,10,0,0.15461369,4
424-11,424,11,0,0.4497494,4
424-12,424,12,0,0.5369237,4
425-0,425,0,0,0.029027788,3
425-1,425,1,0,0.015190005,3
425-2,425,2,0,0.00561855,3
425-3,425,3,0,0.05804692,3
425-4,425,4,0,0.004078804,3
425-5,425,5,0,0.025175728,3
425-6,425,6,0,0.004683407,3
425-7,425,7,0,0.016677117,3
425-8,425,8,0,0.0035866224,3
425-9,425,9,0,0.027368033,3
425-10,425,10,0,0.0062016626,3
425-11,425,11,0,0.003751974,3
425-12,425,12,0,0.019795496,3
426-0,426,0,0,0.010833676,2
426-1,426,1,0,0.011722412,2
426-2,426,2,0,0.024511285,2
426-3,426,3,0,0.02762573,2
426-4,426,4,0,0.0050913934,2
426-5,426,5,1,0.5461724,2
426-6,426,6,0,0.006134946,2
426-7,426,7,0,0.006676438,2
426-8,426,8,0,0.037212938,2
426-9,426,9,1,0.74218917,2
426-10,426,10,0,0.0035937426,2
426-11,426,11,0,0.0023419145,2
426-12,426,12,0,0.0069875475,2
427-0,427,0,0,0.74564236,1
427-1,427,1,0,0.7531834,1
427-2,427,2,0,0.50226325,1
427-3,427,3,1,0.19336991,1
427-4,427,4,0,0.25711384,1
427-5,427,5,0,0.3383456,1
427-6,427,6,0,0.28400016,1
427-7,427,7,0,0.592477,1
427-8,427,8,0,0.2669945,1
427-9,427,9,0,0.7266659,1
427-10,427,10,0,0.118117705,1
427-11,427,11,0,0.48892605,1
427-12,427,12,0,0.4329698,1
