id,case_id,rater_id,y_true,predicted_probability,fold
1-0,1,0,0,0.06693496,3
1-1,1,1,0,0.03338557,3
1-2,1,2,0,0.01381345,3
1-3,1,3,0,0.11626197,3
1-4,1,4,0,0.029480288,3
1-5,1,5,0,0.08661966,3
1-6,1,6,0,0.011757226,3
1-7,1,7,0,0.052014142,3
1-8,1,8,0,0.02042752,3
1-9,1,9,0,0.0736991,3
1-10,1,10,0,0.020715052,3
1-11,1,11,1,0.039661646,3
1-12,1,12,0,0.059627183,3
2-0,2,0,1,0.69645524,5
2-1,2,1,1,0.8795228,5
2-2,2,2,1,0.62454325,5
2-3,2,3,0,0.00416093,5
2-4,2,4,0,0.0016118637,5
2-5,2,5,1,0.17971516,5
2-6,2,6,0,0.002895938,5
2-7,2,7,1,0.8633349,5
2-8,2,8,1,0.78318334,5
2-9,2,9,0,0.002174306,5
2-10,2,10,0,0.0010270806,5
2-11,2,11,1,0.7292215,5
2-12,2,12,1,0.8150462,5
3-0,3,0,0,0.026930781,3
3-1,3,1,0,0.017797912,3
3-2,3,2,0,0.0069402643,3
3-3,3,3,0,0.069641575,3
3-4,3,4,0,0.011633849,3
3-5,3,5,0,0.03825392,3
3-6,3,6,1,0.08606453,3
3-7,3,7,0,0.019055761,3
3-8,3,8,0,0.0060707317,3
3-9,3,9,0,0.04174399,3
3-10,3,10,0,0.0085180495,3
3-11,3,11,0,0.007980667,3
3-12,3,12,0,0.023383878,3
4-0,4,0,0,0.0016086211,4
4-1,4,1,0,0.0014783865,4
4-2,4,2,0,0.0047635185,4
4-3,4,3,1,0.74642473,4
4-4,4,4,0,0.0011188526,4
4-5,4,5,1,0.49950197,4
4-6,4,6,1,0.66827315,4
4-7,4,7,0,0.0013573102,4
4-8,4,8,1,0.7640418,4
4-9,4,9,0,0.004417443,4
4-10,4,10,0,0.0013805532,4
4-11,4,11,1,0.70172584,4
4-12,4,12,1,0.6731416,4
5-0,5,0,0,0.057097666,4
5-1,5,1,0,0.07802459,4
5-2,5,2,0,0.2260874,4
5-3,5,3,0,0.13233799,4
5-4,5,4,0,0.040873803,4
5-5,5,5,0,0.048369233,4
5-6,5,6,1,0.16204178,4
5-7,5,7,0,0.05250185,4
5-8,5,8,0,0.12070517,4
5-9,5,9,0,0.19830932,4
5-10,5,10,0,0.026935877,4
5-11,5,11,0,0.09101888,4
5-12,5,12,0,0.08920434,4
6-0,6,0,0,0.4296742,1
6-1,6,1,0,0.49111181,1
6-2,6,2,0,0.32938272,1
6-3,6,3,0,0.30814582,1
6-4,6,4,0,0.18878253,1
6-5,6,5,0,0.17727545,1
6-6,6,6,1,0.014671512,1
6-7,6,7,0,0.32520533,1
6-8,6,8,0,0.18144554,1
6-9,6,9,0,0.47431362,1
6-10,6,10,1,0.013401289,1
6-11,6,11,1,0.030314906,1
6-12,6,12,0,0.25118583,1
7-0,7,0,0,0.013397998,4
7-1,7,1,0,0.018498912,4
7-2,7,2,0,0.061640274,4
7-3,7,3,0,0.032369167,4
7-4,7,4,0,0.009466593,4
7-5,7,5,0,0.011465521,4
7-6,7,6,1,0.16525702,4
7-7,7,7,0,0.011500574,4
7-8,7,8,0,0.028135177,4
7-9,7,9,0,0.051461,4
7-10,7,10,1,0.06021984,4
7-11,7,11,0,0.02160068,4
7-12,7,12,0,0.020830384,4
8-0,8,0,0,0.029096328,3
8-1,8,1,0,0.015548618,3
8-2,8,2,0,0.0043062177,3
8-3,8,3,0,0.037555177,3
8-4,8,4,0,0.008486876,3
8-5,8,5,0,0.027901117,3
8-6,8,6,0,0.0041316915,3
8-7,8,7,0,0.015257431,3
8-8,8,8,0,0.0048177755,3
8-9,8,9,0,0.028491857,3
8-10,8,10,0,0.00711577,3
8-11,8,11,0,0.0058298367,3
8-12,8,12,0,0.01710102,3
9-0,9,0,0,0.04739426,3
9-1,9,1,0,0.039030153,3
9-2,9,2,0,0.011354196,3
9-3,9,3,0,0.08194211,3
9-4,9,4,1,0.13792656,3
9-5,9,5,1,0.31965873,3
9-6,9,6,0,0.010790307,3
9-7,9,7,0,0.036339168,3
9-8,9,8,1,0.08179846,3
9-9,9,9,1,0.32349956,3
9-10,9,10,1,0.056657422,3
9-11,9,11,0,0.018834848,3
9-12,9,12,0,0.050220653,3
10-0,10,0,0,0.013565563,3
10-1,10,1,1,0.68878853,3
10-2,10,2,0,0.0023953277,3
10-3,10,3,0,0.025732523,3
10-4,10,4,0,0.004808014,3
10-5,10,5,1,0.8253145,3
10-6,10,6,0,0.0021141225,3
10-7,10,7,0,0.010165661,3
10-8,10,8,1,0.42387652,3
10-9,10,9,0,0.014228337,3
10-10,10,10,1,0.27542552,3
10-11,10,11,0,0.003087585,3
10-12,10,12,1,0.7295995,3
11-0,11,0,0,0.000928105,5
11-1,11,1,0,0.0019236204,5
11-2,11,2,0,0.0006719502,5
11-3,11,3,0,0.0029600551,5
11-4,11,4,0,0.0014077927,5
11-5,11,5,0,0.0013258316,5
11-6,11,6,0,0.002793917,5
11-7,11,7,0,0.0016233504,5
11-8,11,8,0,0.0009539479,5
11-9,11,9,1,0.88842016,5
11-10,11,10,0,0.00086281693,5
11-11,11,11,0,0.0007768998,5
11-12,11,12,0,0.0018525295,5
12-0,12,0,0,0.03712353,3
12-1,12,1,0,0.03252785,3
12-2,12,2,0,0.009169206,3
12-3,12,3,0,0.0663743,3
12-4,12,4,0,0.017631838,3
12-5,12,5,0,0.058595896,3
12-6,12,6,0,0.0077670086,3
12-7,12,7,0,0.051770695,3
12-8,12,8,0,0.014752235,3
12-9,12,9,0,0.06585611,3
12-10,12,10,0,0.0102081,3
12-11,12,11,0,0.012052723,3
12-12,12,12,0,0.044179074,3
13-0,13,0,0,0.37807512,2
13-1,13,1,0,0.692632,2
13-2,13,2,0,0.5872737,2
13-3,13,3,0,0.8004028,2
13-4,13,4,0,0.49871927,2
13-5,13,5,0,0.6544351,2
13-6,13,6,0,0.19137242,2
13-7,13,7,0,0.53318125,2
13-8,13,8,0,0.8246767,2
13-9,13,9,0,0.8164043,2
13-10,13,10,0,0.18698974,2
13-11,13,11,0,0.26130673,2
13-12,13,12,0,0.59016114,2
14-0,14,0,0,0.0012464747,4
14-1,14,1,0,0.0009350205,4
14-2,14,2,0,0.0036366775,4
14-3,14,3,0,0.0015956319,4
14-4,14,4,0,0.00081840367,4
14-5,14,5,0,0.00051010423,4
14-6,14,6,0,0.0013237441,4
14-7,14,7,0,0.001176492,4
14-8,14,8,0,0.0026991668,4
14-9,14,9,0,0.0033034426,4
14-10,14,10,0,0.0009097124,4
14-11,14,11,0,0.001169493,4
14-12,14,12,0,0.0013520567,4
15-0,15,0,1,0.072921015,3
15-1,15,1,1,0.050224066,3
15-2,15,2,1,0.015987828,3
15-3,15,3,1,0.18393905,3
15-4,15,4,1,0.035119545,3
15-5,15,5,1,0.09665072,3
15-6,15,6,1,0.013244491,3
15-7,15,7,1,0.0827482,3
15-8,15,8,1,0.02298607,3
15-9,15,9,0,0.1922834,3
15-10,15,10,1,0.019950999,3
15-11,15,11,1,0.025031164,3
15-12,15,12,1,0.06914204,3
16-0,16,0,0,0.037998103,5
16-1,16,1,0,0.09486903,5
16-2,16,2,0,0.03675531,5
16-3,16,3,0,0.0947569,5
16-4,16,4,0,0.052955106,5
16-5,16,5,0,0.025439836,5
16-6,16,6,0,0.13862512,5
16-7,16,7,0,0.08183508,5
16-8,16,8,0,0.05836712,5
16-9,16,9,0,0.10079302,5
16-10,16,10,0,0.0145062655,5
16-11,16,11,0,0.03675531,5
16-12,16,12,0,0.086714886,5
17-0,17,0,0,0.82974076,1
17-1,17,1,0,0.84740645,1
17-2,17,2,0,0.73213834,1
17-3,17,3,1,0.0043394454,1
17-4,17,4,0,0.5594865,1
17-5,17,5,1,0.0018535771,1
17-6,17,6,1,0.0024471066,1
17-7,17,7,0,0.70501804,1
17-8,17,8,1,0.0023862887,1
17-9,17,9,0,0.85782033,1
17-10,17,10,1,0.0027143594,1
17-11,17,11,1,0.0048547816,1
17-12,17,12,1,0.0037329632,1
18-0,18,0,0,0.08580553,5
18-1,18,1,0,0.19777684,5
18-2,18,2,0,0.084967844,5
18-3,18,3,0,0.22467113,5
18-4,18,4,0,0.11439946,5
18-5,18,5,0,0.057495113,5
18-6,18,6,0,0.29225075,5
18-7,18,7,0,0.12398247,5
18-8,18,8,0,0.12620038,5
18-9,18,9,0,0.21223563,5
18-10,18,10,0,0.041501567,5
18-11,18,11,0,0.095419556,5
18-12,18,12,0,0.2140307,5
19-0,19,0,0,0.018454421,2
19-1,19,1,0,0.04698022,2
19-2,19,2,0,0.055475164,2
19-3,19,3,0,0.06927262,2
19-4,19,4,0,0.021007024,2
19-5,19,5,0,0.035533324,2
19-6,19,6,0,0.015788976,2
19-7,19,7,0,0.015203142,2
19-8,19,8,0,0.07532224,2
19-9,19,9,0,0.07132994,2
19-10,19,10,0,0.009068971,2
19-11,19,11,0,0.009433955,2
19-12,19,12,0,0.024102053,2
20-0,20,0,0,0.000928105,5
20-1,20,1,0,0.0021556641,5
20-2,20,2,0,0.0006719502,5
20-3,20,3,0,0.0029600551,5
20-4,20,4,0,0.001143088,5
20-5,20,5,0,0.0013536633,5
20-6,20,6,0,0.0027532396,5
20-7,20,7,0,0.0016233504,5
20-8,20,8,0,0.00092799886,5
20-9,20,9,0,0.0023050157,5
20-10,20,10,0,0.0008983707,5
20-11,20,11,0,0.0007760031,5
20-12,20,12,0,0.0018525295,5
21-0,21,0,0,0.19256726,5
21-1,21,1,0,0.38839057,5
21-2,21,2,0,0.1947474,5
21-3,21,3,0,0.40164083,5
21-4,21,4,0,0.24210788,5
21-5,21,5,0,0.1778967,5
21-6,21,6,0,0.39233273,5
21-7,21,7,0,0.25990558,5
21-8,21,8,0,0.25917134,5
21-9,21,9,0,0.4044532,5
21-10,21,10,0,0.14053081,5
21-11,21,11,0,0.22008827,5
21-12,21,12,0,0.36549515,5
22-0,22,0,0,0.49257863,1
22-1,22,1,0,0.5422685,1
22-2,22,2,1,0.045663107,1
22-3,22,3,0,0.3646335,1
22-4,22,4,0,0.22419381,1
22-5,22,5,0,0.19612762,1
22-6,22,6,0,0.21237597,1
22-7,22,7,0,0.36154646,1
22-8,22,8,0,0.20939998,1
22-9,22,9,0,0.50535125,1
22-10,22,10,0,0.09098395,1
22-11,22,11,0,0.39507318,1
22-12,22,12,0,0.31964725,1
23-0,23,0,0,0.8229335,1
23-1,23,1,0,0.8397211,1
23-2,23,2,0,0.7205175,1
23-3,23,3,1,0.015237276,1
23-4,23,4,0,0.54620546,1
23-5,23,5,0,0.5336007,1
23-6,23,6,0,0.5309147,1
23-7,23,7,0,0.6930064,1
23-8,23,8,0,0.5138682,1
23-9,23,9,0,0.8433519,1
23-10,23,10,0,0.38063204,1
23-11,23,11,0,0.72787935,1
23-12,23,12,0,0.66233325,1
24-0,24,0,0,0.1170621,1
24-1,24,1,0,0.1462905,1
24-2,24,2,0,0.08015693,1
24-3,24,3,0,0.07357966,1
24-4,24,4,0,0.039681427,1
24-5,24,5,0,0.03807577,1
24-6,24,6,1,0.05979925,1
24-7,24,7,0,0.074307285,1
24-8,24,8,0,0.04453093,1
24-9,24,9,0,0.13946237,1
24-10,24,10,0,0.029151842,1
24-11,24,11,0,0.089963675,1
24-12,24,12,0,0.06627725,1
25-0,25,0,0,0.017511772,2
25-1,25,1,0,0.036355525,2
25-2,25,2,0,0.038366687,2
25-3,25,3,0,0.07187533,2
25-4,25,4,0,0.01220792,2
25-5,25,5,0,0.027032336,2
25-6,25,6,0,0.012116277,2
25-7,25,7,0,0.013298067,2
25-8,25,8,0,0.07497108,2
25-9,25,9,0,0.057743378,2
25-10,25,10,0,0.0055368603,2
25-11,25,11,0,0.008393405,2
25-12,25,12,0,0.021831661,2
26-0,26,0,0,0.087526225,1
26-1,26,1,0,0.11124478,1
26-2,26,2,0,0.07093812,1
26-3,26,3,0,0.06301523,1
26-4,26,4,0,0.029298747,1
26-5,26,5,0,0.02810092,1
26-6,26,6,0,0.034296703,1
26-7,26,7,0,0.0674236,1
26-8,26,8,0,0.033667132,1
26-9,26,9,0,0.0934656,1
26-10,26,10,0,0.022761201,1
26-11,26,11,0,0.06881429,1
26-12,26,12,0,0.050410315,1
27-0,27,0,0,0.024390573,1
27-1,27,1,0,0.030849319,1
27-2,27,2,0,0.015924398,1
27-3,27,3,0,0.014840619,1
27-4,27,4,0,0.0075375927,1
27-5,27,5,0,0.0071279355,1
27-6,27,6,0,0.009070441,1
27-7,27,7,0,0.0150245605,1
27-8,27,8,0,0.008796374,1
27-9,27,9,0,0.029225009,1
27-10,27,10,1,0.05340455,1
27-11,27,11,0,0.01830237,1
27-12,27,12,0,0.013322258,1
28-0,28,0,0,0.19900359,2
28-1,28,1,0,0.41152897,2
28-2,28,2,1,0.031448137,2
28-3,28,3,0,0.5521882,2
28-4,28,4,1,0.013638484,2
28-5,28,5,1,0.021795755,2
28-6,28,6,0,0.069462396,2
28-7,28,7,0,0.2246723,2
28-8,28,8,0,0.5570775,2
28-9,28,9,0,0.55866355,2
28-10,28,10,0,0.08133738,2
28-11,28,11,0,0.08386027,2
28-12,28,12,0,0.25656766,2
29-0,29,0,1,0.058673944,3
29-1,29,1,1,0.040219072,3
29-2,29,2,0,0.033082705,3
29-3,29,3,1,0.100575864,3
29-4,29,4,0,0.058965784,3
29-5,29,5,1,0.06195047,3
29-6,29,6,1,0.010524478,3
29-7,29,7,1,0.066719346,3
29-8,29,8,1,0.016724171,3
29-9,29,9,1,0.06371769,3
29-10,29,10,0,0.024351265,3
29-11,29,11,1,0.019939417,3
29-12,29,12,1,0.05445068,3
30-0,30,0,0,0.0023957347,2
30-1,30,1,0,0.005653718,2
30-2,30,2,0,0.006233752,2
30-3,30,3,0,0.005325232,2
30-4,30,4,0,0.0027417084,2
30-5,30,5,0,0.004161001,2
30-6,30,6,0,0.0017306274,2
30-7,30,7,0,0.0023472146,2
30-8,30,8,0,0.00930723,2
30-9,30,9,0,0.0091680065,2
30-10,30,10,0,0.0009818195,2
30-11,30,11,0,0.0011048933,2
30-12,30,12,0,0.002563904,2
31-0,31,0,0,0.0013583435,4
31-1,31,1,0,0.0010189654,4
31-2,31,2,0,0.0035672702,4
31-3,31,3,0,0.0016343615,4
31-4,31,4,0,0.00077506085,4
31-5,31,5,0,0.00054528,4
31-6,31,6,0,0.0012459779,4
31-7,31,7,0,0.001176492,4
31-8,31,8,0,0.0028968677,4
31-9,31,9,0,0.0038183301,4
31-10,31,10,0,0.0010306303,4
31-11,31,11,0,0.001169493,4
31-12,31,12,0,0.0017041845,4
32-0,32,0,1,0.045756865,2
32-1,32,1,0,0.116687104,2
32-2,32,2,0,0.15888226,2
32-3,32,3,1,0.17558657,2
32-4,32,4,1,0.05064886,2
32-5,32,5,1,0.07774752,2
32-6,32,6,0,0.035148963,2
32-7,32,7,0,0.0638105,2
32-8,32,8,1,0.22134642,2
32-9,32,9,1,0.21504472,2
32-10,32,10,1,0.015639076,2
32-11,32,11,1,0.01836295,2
32-12,32,12,1,0.06916884,2
33-0,33,0,0,0.072921015,3
33-1,33,1,0,0.050224066,3
33-2,33,2,0,0.015987828,3
33-3,33,3,0,0.17656487,3
33-4,33,4,0,0.03313435,3
33-5,33,5,0,0.108470224,3
33-6,33,6,0,0.013244491,3
33-7,33,7,0,0.08363208,3
33-8,33,8,0,0.023695212,3
33-9,33,9,0,0.10800355,3
33-10,33,10,1,0.030835293,3
33-11,33,11,1,0.048338816,3
33-12,33,12,1,0.13111304,3
34-0,34,0,1,0.2083568,4
34-1,34,1,1,0.27974716,4
34-2,34,2,0,0.053421292,4
34-3,34,3,1,0.3978075,4
34-4,34,4,0,0.006630658,4
34-5,34,5,1,0.1476661,4
34-6,34,6,0,0.018068105,4
34-7,34,7,0,0.014771126,4
34-8,34,8,1,0.35571694,4
34-9,34,9,1,0.5374628,4
34-10,34,10,0,0.010038769,4
34-11,34,11,1,0.30949983,4
34-12,34,12,0,0.018259838,4
35-0,35,0,0,0.0012114513,4
35-1,35,1,0,0.0010553056,4
35-2,35,2,0,0.003646763,4
35-3,35,3,0,0.0017217678,4
35-4,35,4,0,0.0007704437,4
35-5,35,5,1,0.7603567,4
35-6,35,6,1,0.86028326,4
35-7,35,7,0,0.0010221257,4
35-8,35,8,1,0.9180842,4
35-9,35,9,0,0.003168466,4
35-10,35,10,1,0.67447627,4
35-11,35,11,0,0.0013111145,4
35-12,35,12,0,0.0013507277,4
36-0,36,0,0,0.0009200322,5
36-1,36,1,1,0.7521326,5
36-2,36,2,0,0.000777973,5
36-3,36,3,1,0.84313405,5
36-4,36,4,0,0.00096194167,5
36-5,36,5,1,0.07911536,5
36-6,36,6,0,0.0026276107,5
36-7,36,7,0,0.0015142362,5
36-8,36,8,1,0.64805126,5
36-9,36,9,1,0.7644363,5
36-10,36,10,1,0.061274584,5
36-11,36,11,1,0.54877335,5
36-12,36,12,1,0.7583076,5
37-0,37,0,0,0.21292125,5
37-1,37,1,1,0.016416887,5
37-2,37,2,0,0.22248963,5
37-3,37,3,0,0.42877638,5
37-4,37,4,0,0.28915495,5
37-5,37,5,1,0.007178108,5
37-6,37,6,1,0.02316382,5
37-7,37,7,0,0.42300704,5
37-8,37,8,0,0.3010865,5
37-9,37,9,0,0.4506622,5
37-10,37,10,0,0.070626624,5
37-11,37,11,0,0.24532236,5
37-12,37,12,1,0.015539548,5
38-0,38,0,0,0.061754916,3
38-1,38,1,0,0.04332553,3
38-2,38,2,1,0.14661111,3
38-3,38,3,0,0.1077052,3
38-4,38,4,0,0.02010195,3
38-5,38,5,1,0.49745455,3
38-6,38,6,0,0.012199027,3
38-7,38,7,0,0.066171095,3
38-8,38,8,0,0.017832428,3
38-9,38,9,0,0.093420535,3
38-10,38,10,0,0.019077683,3
38-11,38,11,0,0.021055454,3
38-12,38,12,0,0.053997423,3
39-0,39,0,0,0.06399139,4
39-1,39,1,0,0.090956666,4
39-2,39,2,0,0.26576325,4
39-3,39,3,0,0.11806685,4
39-4,39,4,0,0.046359073,4
39-5,39,5,0,0.054111555,4
39-6,39,6,0,0.096447244,4
39-7,39,7,0,0.077326104,4
39-8,39,8,0,0.14020939,4
39-9,39,9,0,0.22343536,4
39-10,39,10,0,0.03183694,4
39-11,39,11,1,0.12599102,4
39-12,39,12,0,0.10422178,4
40-0,40,0,0,0.05849754,2
40-1,40,1,0,0.12582795,2
40-2,40,2,0,0.19651054,2
40-3,40,3,0,0.15764226,2
40-4,40,4,0,0.043137096,2
40-5,40,5,0,0.097127646,2
40-6,40,6,0,0.030255085,2
40-7,40,7,0,0.049323212,2
40-8,40,8,0,0.24363561,2
40-9,40,9,0,0.1621435,2
40-10,40,10,0,0.020170936,2
40-11,40,11,0,0.022960793,2
40-12,40,12,0,0.07576869,2
41-0,41,0,0,0.56261885,3
41-1,41,1,1,0.054398928,3
41-2,41,2,0,0.20047778,3
41-3,41,3,1,0.152023,3
41-4,41,4,0,0.3435553,3
41-5,41,5,1,0.114355534,3
41-6,41,6,1,0.014653729,3
41-7,41,7,1,0.08043284,3
41-8,41,8,0,0.22738093,3
41-9,41,9,1,0.08761822,3
41-10,41,10,1,0.028235108,3
41-11,41,11,1,0.028120866,3
41-12,41,12,1,0.07959241,3
42-0,42,0,0,0.24010491,1
42-1,42,1,0,0.3180173,1
42-2,42,2,0,0.19168217,1
42-3,42,3,0,0.1604434,1
42-4,42,4,0,0.07969214,1
42-5,42,5,0,0.097241364,1
42-6,42,6,0,0.08209778,1
42-7,42,7,0,0.1552196,1
42-8,42,8,0,0.101587854,1
42-9,42,9,0,0.251713,1
42-10,42,10,0,0.049797203,1
42-11,42,11,0,0.20825918,1
42-12,42,12,0,0.15290135,1
43-0,43,0,0,0.0066835564,5
43-1,43,1,0,0.015680324,5
43-2,43,2,0,0.0061023957,5
43-3,43,3,0,0.028118378,5
43-4,43,4,0,0.006454062,5
43-5,43,5,0,0.0068531632,5
43-6,43,6,0,0.022592507,5
43-7,43,7,0,0.012521339,5
43-8,43,8,1,0.37145826,5
43-9,43,9,0,0.016750969,5
43-10,43,10,0,0.005010175,5
43-11,43,11,0,0.006243368,5
43-12,43,12,0,0.0139262,5
44-0,44,0,0,0.008704568,1
44-1,44,1,1,0.84740645,1
44-2,44,2,0,0.0050098873,1
44-3,44,3,0,0.0043394454,1
44-4,44,4,0,0.0024076952,1
44-5,44,5,0,0.0018558308,1
44-6,44,6,0,0.0024471066,1
44-7,44,7,0,0.005892912,1
44-8,44,8,0,0.0023862887,1
44-9,44,9,0,0.007786841,1
44-10,44,10,0,0.0033274812,1
44-11,44,11,0,0.0048547816,1
44-12,44,12,0,0.0037374937,1
45-0,45,0,0,0.0031999424,2
45-1,45,1,0,0.0062377052,2
45-2,45,2,0,0.006069002,2
45-3,45,3,0,0.00797983,2
45-4,45,4,0,0.0028194217,2
45-5,45,5,0,0.005996708,2
45-6,45,6,0,0.0019358202,2
45-7,45,7,0,0.002202734,2
45-8,45,8,0,0.011408218,2
45-9,45,9,0,0.011063517,2
45-10,45,10,0,0.0013263526,2
45-11,45,11,0,0.0013397723,2
45-12,45,12,0,0.0030876792,2
46-0,46,0,0,0.04328853,5
46-1,46,1,0,0.10356032,5
46-2,46,2,0,0.039181285,5
46-3,46,3,0,0.11838816,5
46-4,46,4,0,0.039101843,5
46-5,46,5,0,0.024892258,5
46-6,46,6,0,0.15184887,5
46-7,46,7,0,0.06738877,5
46-8,46,8,0,0.066639416,5
46-9,46,9,0,0.08514184,5
46-10,46,10,0,0.018221214,5
46-11,46,11,0,0.0451928,5
46-12,46,12,0,0.09892925,5
47-0,47,0,0,0.016348116,1
47-1,47,1,0,0.017271202,1
47-2,47,2,0,0.008525455,1
47-3,47,3,0,0.010994671,1
47-4,47,4,0,0.0045472514,1
47-5,47,5,0,0.0046297004,1
47-6,47,6,0,0.004853381,1
47-7,47,7,0,0.009022611,1
47-8,47,8,0,0.004652665,1
47-9,47,9,0,0.019399753,1
47-10,47,10,0,0.0052906657,1
47-11,47,11,0,0.0096057495,1
47-12,47,12,0,0.0073942733,1
48-0,48,0,0,0.20813861,5
48-1,48,1,0,0.44101027,5
48-2,48,2,0,0.15536614,5
48-3,48,3,0,0.4701366,5
48-4,48,4,0,0.30207714,5
48-5,48,5,0,0.024393285,5
48-6,48,6,0,0.54326487,5
48-7,48,7,0,0.29966,5
48-8,48,8,0,0.2951467,5
48-9,48,9,0,0.481278,5
48-10,48,10,0,0.022276785,5
48-11,48,11,0,0.2388274,5
48-12,48,12,0,0.42315698,5
49-0,49,0,0,0.0052407677,3
49-1,49,1,0,0.003095228,3
49-2,49,2,0,0.001238982,3
49-3,49,3,0,0.01210042,3
49-4,49,4,0,0.001611085,3
49-5,49,5,0,0.006121058,3
49-6,49,6,0,0.00093975494,3
49-7,49,7,0,0.0040392033,3
49-8,49,8,0,0.001091688,3
49-9,49,9,0,0.0066491077,3
49-10,49,10,0,0.0013680826,3
49-11,49,11,0,0.0014150188,3
49-12,49,12,0,0.0040916493,3
50-0,50,0,0,0.054857157,2
50-1,50,1,0,0.107153945,2
50-2,50,2,0,0.1376682,2
50-3,50,3,0,0.17193413,2
50-4,50,4,0,0.04557079,2
50-5,50,5,0,0.08341477,2
50-6,50,6,0,0.030888876,2
50-7,50,7,1,0.054988563,2
50-8,50,8,1,0.18751147,2
50-9,50,9,1,0.20602219,2
50-10,50,10,0,0.019633029,2
50-11,50,11,0,0.01990262,2
50-12,50,12,0,0.06203246,2
51-0,51,0,0,0.017214801,2
51-1,51,1,0,0.034243353,2
51-2,51,2,0,0.035554886,2
51-3,51,3,0,0.039273404,2
51-4,51,4,0,0.017628627,2
51-5,51,5,0,0.025985697,2
51-6,51,6,0,0.01157212,2
51-7,51,7,0,0.012632703,2
51-8,51,8,0,0.05967662,2
51-9,51,9,0,0.057751864,2
51-10,51,10,0,0.0057792105,2
51-11,51,11,0,0.00785473,2
51-12,51,12,0,0.018501129,2
52-0,52,0,1,0.05664372,5
52-1,52,1,1,0.12496211,5
52-2,52,2,0,0.03907769,5
52-3,52,3,1,0.18774492,5
52-4,52,4,1,0.06852964,5
52-5,52,5,1,0.03506709,5
52-6,52,6,0,0.14190872,5
52-7,52,7,1,0.08943301,5
52-8,52,8,0,0.051046517,5
52-9,52,9,1,0.13249019,5
52-10,52,10,0,0.034130286,5
52-11,52,11,1,0.051974196,5
52-12,52,12,0,0.0918316,5
53-0,53,0,1,0.39420703,3
53-1,53,1,0,0.019806268,3
53-2,53,2,0,0.007725871,3
53-3,53,3,1,0.61485165,3
53-4,53,4,0,0.012496447,3
53-5,53,5,1,0.49157548,3
53-6,53,6,1,0.097082786,3
53-7,53,7,1,0.37653777,3
53-8,53,8,1,0.1274177,3
53-9,53,9,0,0.043441564,3
53-10,53,10,1,0.074802,3
53-11,53,11,1,0.16541056,3
53-12,53,12,1,0.35574344,3
54-0,54,0,0,0.05628426,3
54-1,54,1,0,0.04136128,3
54-2,54,2,0,0.012771922,3
54-3,54,3,0,0.14723107,3
54-4,54,4,0,0.016862106,3
54-5,54,5,0,0.09396176,3
54-6,54,6,0,0.010711423,3
54-7,54,7,0,0.06637313,3
54-8,54,8,0,0.01899803,3
54-9,54,9,0,0.082964145,3
54-10,54,10,0,0.01633432,3
54-11,54,11,0,0.020774556,3
54-12,54,12,0,0.060439456,3
55-0,55,0,0,0.13485773,5
55-1,55,1,0,0.30063474,5
55-2,55,2,0,0.09495712,5
55-3,55,3,0,0.2952835,5
55-4,55,4,0,0.1302396,5
55-5,55,5,0,0.13218872,5
55-6,55,6,0,0.29504102,5
55-7,55,7,0,0.26083118,5
55-8,55,8,0,0.19541873,5
55-9,55,9,0,0.31493688,5
55-10,55,10,0,0.10161613,5
55-11,55,11,0,0.1382118,5
55-12,55,12,0,0.21557447,5
56-0,56,0,1,0.081162535,1
56-1,56,1,1,0.10335192,1
56-2,56,2,1,0.055370644,1
56-3,56,3,1,0.050715078,1
56-4,56,4,1,0.02363541,1
56-5,56,5,1,0.025935007,1
56-6,56,6,1,0.033172987,1
56-7,56,7,1,0.06329854,1
56-8,56,8,0,0.03129998,1
56-9,56,9,0,0.08484247,1
56-10,56,10,1,0.024323693,1
56-11,56,11,1,0.06843445,1
56-12,56,12,1,0.047487706,1
57-0,57,0,0,0.110383704,3
57-1,57,1,0,0.06751651,3
57-2,57,2,0,0.020538941,3
57-3,57,3,0,0.2246456,3
57-4,57,4,0,0.033508755,3
57-5,57,5,1,0.59778154,3
57-6,57,6,0,0.018198589,3
57-7,57,7,0,0.104881406,3
57-8,57,8,0,0.028078163,3
57-9,57,9,0,0.13181019,3
57-10,57,10,0,0.024861362,3
57-11,57,11,0,0.032244463,3
57-12,57,12,0,0.09681004,3
58-0,58,0,1,0.3310431,2
58-1,58,1,1,0.69716614,2
58-2,58,2,1,0.7931967,2
58-3,58,3,1,0.55051297,2
58-4,58,4,1,0.3170885,2
58-5,58,5,1,0.6233497,2
58-6,58,6,1,0.19470377,2
58-7,58,7,1,0.47528374,2
58-8,58,8,1,0.8277474,2
58-9,58,9,1,0.7790791,2
58-10,58,10,1,0.26422578,2
58-11,58,11,1,0.2654558,2
58-12,58,12,1,0.5953237,2
59-0,59,0,1,0.064898185,2
59-1,59,1,1,0.12381066,2
59-2,59,2,1,0.15646552,2
59-3,59,3,1,0.14043719,2
59-4,59,4,1,0.042218726,2
59-5,59,5,1,0.07285953,2
59-6,59,6,1,0.035707813,2
59-7,59,7,1,0.062990576,2
59-8,59,8,1,0.2001926,2
59-9,59,9,0,0.20444809,2
59-10,59,10,1,0.022168424,2
59-11,59,11,1,0.02304993,2
59-12,59,12,1,0.06965426,2
60-0,60,0,0,0.024390573,1
60-1,60,1,0,0.030849319,1
60-2,60,2,0,0.016609589,1
60-3,60,3,0,0.01642445,1
60-4,60,4,0,0.006804805,1
60-5,60,5,0,0.0072902646,1
60-6,60,6,0,0.009070441,1
60-7,60,7,1,0.34417567,1
60-8,60,8,1,0.20460446,1
60-9,60,9,0,0.0261945,1
60-10,60,10,0,0.0082910685,1
60-11,60,11,1,0.36595702,1
60-12,60,12,0,0.013322258,1
61-0,61,0,0,0.072086796,1
61-1,61,1,0,0.09001047,1
61-2,61,2,1,0.39196092,1
61-3,61,3,0,0.04938899,1
61-4,61,4,0,0.02084651,1
61-5,61,5,0,0.02205405,1
61-6,61,6,0,0.028253915,1
61-7,61,7,1,0.38013658,1
61-8,61,8,0,0.027201843,1
61-9,61,9,0,0.08754434,1
61-10,61,10,1,0.102316156,1
61-11,61,11,1,0.39997682,1
61-12,61,12,0,0.040683247,1
62-0,62,0,0,0.0005685488,5
62-1,62,1,0,0.0013164888,5
62-2,62,2,0,0.0005489154,5
62-3,62,3,0,0.002026251,5
62-4,62,4,0,0.00066572387,5
62-5,62,5,0,0.000761775,5
62-6,62,6,0,0.001761136,5
62-7,62,7,0,0.0010397701,5
62-8,62,8,0,0.0012048383,5
62-9,62,9,0,0.0014077814,5
62-10,62,10,0,0.0005439135,5
62-11,62,11,1,0.84685355,5
62-12,62,12,0,0.0011358816,5
63-0,63,0,0,0.10971567,1
63-1,63,1,0,0.13913293,1
63-2,63,2,0,0.0774451,1
63-3,63,3,0,0.06927378,1
63-4,63,4,0,0.033469148,1
63-5,63,5,0,0.037077826,1
63-6,63,6,0,0.04535295,1
63-7,63,7,0,0.0805344,1
63-8,63,8,0,0.043692816,1
63-9,63,9,0,0.13661388,1
63-10,63,10,0,0.032055203,1
63-11,63,11,0,0.0855333,1
63-12,63,12,0,0.06617198,1
64-0,64,0,0,0.04328853,5
64-1,64,1,0,0.10356032,5
64-2,64,2,0,0.0451928,5
64-3,64,3,0,0.16309716,5
64-4,64,4,0,0.04090655,5
64-5,64,5,1,0.0642219,5
64-6,64,6,1,0.23522697,5
64-7,64,7,0,0.09130358,5
64-8,64,8,0,0.07794365,5
64-9,64,9,0,0.1244082,5
64-10,64,10,1,0.050861094,5
64-11,64,11,1,0.07395312,5
64-12,64,12,0,0.09892925,5
65-0,65,0,0,0.01940835,2
65-1,65,1,0,0.047044545,2
65-2,65,2,0,0.05910775,2
65-3,65,3,0,0.05044269,2
65-4,65,4,0,0.013971684,2
65-5,65,5,0,0.03454649,2
65-6,65,6,0,0.016363697,2
65-7,65,7,0,0.013572086,2
65-8,65,8,0,0.082350105,2
65-9,65,9,1,0.52402365,2
65-10,65,10,0,0.009793059,2
65-11,65,11,0,0.009709422,2
65-12,65,12,0,0.025607822,2
66-0,66,0,0,0.08202505,4
66-1,66,1,0,0.11593006,4
66-2,66,2,0,0.3254448,4
66-3,66,3,0,0.18235955,4
66-4,66,4,0,0.04538429,4
66-5,66,5,0,0.06974473,4
66-6,66,6,1,0.10318141,4
66-7,66,7,0,0.075702354,4
66-8,66,8,0,0.20157166,4
66-9,66,9,0,0.28572747,4
66-10,66,10,0,0.04674679,4
66-11,66,11,0,0.13788353,4
66-12,66,12,0,0.13454942,4
67-0,67,0,0,0.0012114513,4
67-1,67,1,0,0.0010553056,4
67-2,67,2,0,0.003646763,4
67-3,67,3,0,0.0017489443,4
67-4,67,4,0,0.0007704437,4
67-5,67,5,0,0.0006084206,4
67-6,67,6,1,0.85858595,4
67-7,67,7,0,0.0009966874,4
67-8,67,8,1,0.9049226,4
67-9,67,9,0,0.0036330528,4
67-10,67,10,1,0.67447627,4
67-11,67,11,1,0.8736606,4
67-12,67,12,0,0.0013507277,4
68-0,68,0,0,0.0040128403,3
68-1,68,1,0,0.0021310435,3
68-2,68,2,0,0.0008972829,3
68-3,68,3,0,0.007336049,3
68-4,68,4,0,0.001323734,3
68-5,68,5,0,0.0043633617,3
68-6,68,6,0,0.0006560229,3
68-7,68,7,0,0.0030643197,3
68-8,68,8,0,0.0007110091,3
68-9,68,9,0,0.004545188,3
68-10,68,10,0,0.001021784,3
68-11,68,11,0,0.0010494497,3
68-12,68,12,0,0.0027415468,3
69-0,69,0,0,0.06733117,3
69-1,69,1,0,0.046287216,3
69-2,69,2,0,0.014519428,3
69-3,69,3,0,0.16443934,3
69-4,69,4,0,0.021268297,3
69-5,69,5,1,0.1651981,3
69-6,69,6,0,0.012148039,3
69-7,69,7,0,0.07646719,3
69-8,69,8,0,0.02113677,3
69-9,69,9,0,0.10001465,3
69-10,69,10,0,0.021765983,3
69-11,69,11,0,0.023021208,3
69-12,69,12,1,0.096946485,3
70-0,70,0,1,0.030044695,1
70-1,70,1,1,0.03403968,1
70-2,70,2,1,0.024617897,1
70-3,70,3,0,0.6751651,1
70-4,70,4,0,0.45745477,1
70-5,70,5,0,0.45972678,1
70-6,70,6,0,0.4664221,1
70-7,70,7,0,0.63573533,1
70-8,70,8,0,0.4494622,1
70-9,70,9,1,0.046075925,1
70-10,70,10,0,0.31626546,1
70-11,70,11,0,0.67383,1
70-12,70,12,0,0.59584564,1
71-0,71,0,0,0.0022663341,2
71-1,71,1,0,0.005233216,2
71-2,71,2,0,0.006249528,2
71-3,71,3,0,0.0073010735,2
71-4,71,4,0,0.0019457383,2
71-5,71,5,0,0.0044804337,2
71-6,71,6,0,0.00174688,2
71-7,71,7,0,0.0018642987,2
71-8,71,8,0,0.008627069,2
71-9,71,9,1,0.8164043,2
71-10,71,10,0,0.0011654955,2
71-11,71,11,0,0.0010223677,2
71-12,71,12,0,0.0026847993,2
72-0,72,0,0,0.11753049,5
72-1,72,1,1,0.014632945,5
72-2,72,2,0,0.097748086,5
72-3,72,3,0,0.31307673,5
72-4,72,4,0,0.121490106,5
72-5,72,5,0,0.037005447,5
72-6,72,6,0,0.28282672,5
72-7,72,7,0,0.18081406,5
72-8,72,8,0,0.14789003,5
72-9,72,9,1,0.015633233,5
72-10,72,10,0,0.028244399,5
72-11,72,11,0,0.097748086,5
72-12,72,12,0,0.22007275,5
73-0,73,0,0,0.050866596,1
73-1,73,1,0,0.063877285,1
73-2,73,2,0,0.032770164,1
73-3,73,3,0,0.030993583,1
73-4,73,4,0,0.014474622,1
73-5,73,5,0,0.015156401,1
73-6,73,6,0,0.019213742,1
73-7,73,7,0,0.03234407,1
73-8,73,8,0,0.019075397,1
73-9,73,9,0,0.054519266,1
73-10,73,10,0,0.01383558,1
73-11,73,11,0,0.03882749,1
73-12,73,12,0,0.02908292,1
74-0,74,0,0,0.013397998,4
74-1,74,1,0,0.01912502,4
74-2,74,2,0,0.061640274,4
74-3,74,3,0,0.025681095,4
74-4,74,4,0,0.006946071,4
74-5,74,5,0,0.011465521,4
74-6,74,6,0,0.019945504,4
74-7,74,7,0,0.011500574,4
74-8,74,8,0,0.027865116,4
74-9,74,9,0,0.051461,4
74-10,74,10,0,0.012785131,4
74-11,74,11,0,0.02171643,4
74-12,74,12,0,0.020830384,4
75-0,75,0,0,0.032031562,3
75-1,75,1,0,0.02335824,3
75-2,75,2,0,0.008204209,3
75-3,75,3,0,0.06363099,3
75-4,75,4,0,0.009943608,3
75-5,75,5,0,0.049650017,3
75-6,75,6,0,0.0069394466,3
75-7,75,7,0,0.03423941,3
75-8,75,8,1,0.12089916,3
75-9,75,9,1,0.48842594,3
75-10,75,10,0,0.010836011,3
75-11,75,11,0,0.010797684,3
75-12,75,12,0,0.027559407,3
76-0,76,0,0,0.00093808793,5
76-1,76,1,0,0.0019592775,5
76-2,76,2,0,0.0006518109,5
76-3,76,3,0,0.0029283436,5
76-4,76,4,0,0.0011738407,5
76-5,76,5,0,0.0012154921,5
76-6,76,6,0,0.002395867,5
76-7,76,7,0,0.0014180074,5
76-8,76,8,0,0.00081942516,5
76-9,76,9,0,0.002120191,5
76-10,76,10,0,0.00085111253,5
76-11,76,11,0,0.00068640395,5
76-12,76,12,0,0.0015914935,5
77-0,77,0,1,0.0662751,3
77-1,77,1,1,0.045058813,3
77-2,77,2,0,0.03496938,3
77-3,77,3,0,0.33154532,3
77-4,77,4,1,0.021747993,3
77-5,77,5,1,0.08743504,3
77-6,77,6,0,0.02837434,3
77-7,77,7,0,0.16852918,3
77-8,77,8,0,0.053018965,3
77-9,77,9,1,0.0923319,3
77-10,77,10,1,0.01977308,3
77-11,77,11,1,0.019900303,3
77-12,77,12,1,0.060631726,3
78-0,78,0,0,0.09200742,1
78-1,78,1,1,0.35508478,1
78-2,78,2,0,0.056871332,1
78-3,78,3,0,0.058077537,1
78-4,78,4,0,0.026768934,1
78-5,78,5,0,0.026946891,1
78-6,78,6,1,0.12103851,1
78-7,78,7,0,0.05777596,1
78-8,78,8,0,0.03425333,1
78-9,78,9,1,0.34242007,1
78-10,78,10,0,0.02384446,1
78-11,78,11,1,0.22055773,1
78-12,78,12,0,0.051387787,1
79-0,79,0,0,0.01570505,3
79-1,79,1,0,0.010677586,3
79-2,79,2,0,0.004314028,3
79-3,79,3,0,0.0427174,3
79-4,79,4,0,0.00707179,3
79-5,79,5,0,0.021780893,3
79-6,79,6,0,0.0032061904,3
79-7,79,7,0,0.016606683,3
79-8,79,8,0,0.0039208694,3
79-9,79,9,0,0.022738738,3
79-10,79,10,0,0.0043377024,3
79-11,79,11,0,0.005037507,3
79-12,79,12,0,0.014467073,3
80-0,80,0,1,0.82511455,1
80-1,80,1,1,0.84740645,1
80-2,80,2,0,0.0050098873,1
80-3,80,3,0,0.0058265626,1
80-4,80,4,0,0.0029051683,1
80-5,80,5,1,0.5484207,1
80-6,80,6,0,0.0024471066,1
80-7,80,7,0,0.004637486,1
80-8,80,8,0,0.0023862887,1
80-9,80,9,0,0.008347781,1
80-10,80,10,1,0.395915,1
80-11,80,11,0,0.0048547816,1
80-12,80,12,1,0.6784442,1
81-0,81,0,0,0.06644883,1
81-1,81,1,0,0.07491056,1
81-2,81,2,0,0.040928386,1
81-3,81,3,0,0.041717276,1
81-4,81,4,0,0.019213425,1
81-5,81,5,0,0.018124139,1
81-6,81,6,0,0.023013338,1
81-7,81,7,0,0.049462214,1
81-8,81,8,0,0.022850914,1
81-9,81,9,0,0.072829664,1
81-10,81,10,0,0.019397477,1
81-11,81,11,0,0.044258412,1
81-12,81,12,0,0.034353495,1
82-0,82,0,0,0.006350796,5
82-1,82,1,0,0.0149063505,5
82-2,82,2,0,0.0057983934,5
82-3,82,3,0,0.027416168,5
82-4,82,4,0,0.0061201616,5
82-5,82,5,0,0.0066647725,5
82-6,82,6,1,0.27448785,5
82-7,82,7,0,0.012230861,5
82-8,82,8,1,0.14789003,5
82-9,82,9,0,0.015925018,5
82-10,82,10,0,0.004174294,5
82-11,82,11,0,0.0059323874,5
82-12,82,12,0,0.014108552,5
83-0,83,0,0,0.016569074,3
83-1,83,1,0,0.010745107,3
83-2,83,2,0,0.0039787213,3
83-3,83,3,0,0.041334134,3
83-4,83,4,0,0.0067798547,3
83-5,83,5,0,0.0216407,3
83-6,83,6,0,0.0031851637,3
83-7,83,7,0,0.016862717,3
83-8,83,8,0,0.0037679616,3
83-9,83,9,0,0.022268225,3
83-10,83,10,0,0.004402643,3
83-11,83,11,0,0.0053148083,3
83-12,83,12,0,0.015465288,3
84-0,84,0,0,0.0007821558,5
84-1,84,1,0,0.0018715505,5
84-2,84,2,1,0.75787514,5
84-3,84,3,1,0.9325842,5
84-4,84,4,0,0.0012361923,5
84-5,84,5,0,0.0011187823,5
84-6,84,6,1,0.9204058,5
84-7,84,7,0,0.0015142362,5
84-8,84,8,1,0.790641,5
84-9,84,9,0,0.0016782847,5
84-10,84,10,1,0.14138557,5
84-11,84,11,0,0.00078937656,5
84-12,84,12,1,0.8907588,5
85-0,85,0,0,0.04431443,1
85-1,85,1,0,0.05415145,1
85-2,85,2,0,0.03117676,1
85-3,85,3,0,0.033741575,1
85-4,85,4,0,0.018613352,1
85-5,85,5,0,0.012116111,1
85-6,85,6,0,0.015639069,1
85-7,85,7,0,0.02929077,1
85-8,85,8,0,0.015255404,1
85-9,85,9,0,0.04256072,1
85-10,85,10,0,0.017230306,1
85-11,85,11,0,0.030627549,1
85-12,85,12,0,0.029146088,1
86-0,86,0,0,0.2426879,1
86-1,86,1,0,0.2910791,1
86-2,86,2,1,0.15084547,1
86-3,86,3,0,0.18373808,1
86-4,86,4,0,0.09009028,1
86-5,86,5,0,0.09105583,1
86-6,86,6,0,0.10645281,1
86-7,86,7,1,0.13659112,1
86-8,86,8,0,0.10467343,1
86-9,86,9,0,0.29192266,1
86-10,86,10,0,0.06848142,1
86-11,86,11,0,0.19540395,1
86-12,86,12,0,0.15555826,1
87-0,87,0,0,0.0016086211,4
87-1,87,1,0,0.0014013554,4
87-2,87,2,0,0.004838473,4
87-3,87,3,0,0.0022858602,4
87-4,87,4,0,0.0009890853,4
87-5,87,5,0,0.00075400574,4
87-6,87,6,0,0.0016140714,4
87-7,87,7,0,0.001323541,4
87-8,87,8,0,0.003879417,4
87-9,87,9,0,0.004417443,4
87-10,87,10,0,0.0012535481,4
87-11,87,11,0,0.0016730162,4
87-12,87,12,0,0.001793477,4
88-0,88,0,0,0.0066835564,5
88-1,88,1,0,0.015680324,5
88-2,88,2,0,0.0061023957,5
88-3,88,3,0,0.02210464,5
88-4,88,4,0,0.008717592,5
88-5,88,5,0,0.0069850534,5
88-6,88,6,1,0.62820804,5
88-7,88,7,1,0.47108844,5
88-8,88,8,0,0.011027234,5
88-9,88,9,1,0.55363375,5
88-10,88,10,0,0.005138365,5
88-11,88,11,0,0.0067425906,5
88-12,88,12,0,0.014279235,5
89-0,89,0,0,0.013160278,1
89-1,89,1,0,0.015080014,1
89-2,89,2,0,0.006928991,1
89-3,89,3,0,0.0073392647,1
89-4,89,4,0,0.0036870367,1
89-5,89,5,0,0.0032329548,1
89-6,89,6,1,0.62529767,1
89-7,89,7,0,0.0077004405,1
89-8,89,8,1,0.6177905,1
89-9,89,9,0,0.014098957,1
89-10,89,10,1,0.4811338,1
89-11,89,11,0,0.00836717,1
89-12,89,12,0,0.00629549,1
90-0,90,0,0,0.04739426,3
90-1,90,1,0,0.04118872,3
90-2,90,2,0,0.014419215,3
90-3,90,3,0,0.08754047,3
90-4,90,4,0,0.024598954,3
90-5,90,5,0,0.07565687,3
90-6,90,6,1,0.018717637,3
90-7,90,7,0,0.06283413,3
90-8,90,8,0,0.016348124,3
90-9,90,9,0,0.08051167,3
90-10,90,10,0,0.013806553,3
90-11,90,11,1,0.032672245,3
90-12,90,12,0,0.056465294,3
91-0,91,0,1,0.058673944,3
91-1,91,1,0,0.09110551,3
91-2,91,2,0,0.029365415,3
91-3,91,3,0,0.2173453,3
91-4,91,4,0,0.04223615,3
91-5,91,5,0,0.13757421,3
91-6,91,6,0,0.026883157,3
91-7,91,7,0,0.104780085,3
91-8,91,8,0,0.03203571,3
91-9,91,9,0,0.13722137,3
91-10,91,10,1,0.016023792,3
91-11,91,11,0,0.047091857,3
91-12,91,12,1,0.05883776,3
92-0,92,0,0,0.19256726,5
92-1,92,1,0,0.38839057,5
92-2,92,2,0,0.1947474,5
92-3,92,3,0,0.5443061,5
92-4,92,4,0,0.24679777,5
92-5,92,5,1,0.05287003,5
92-6,92,6,0,0.48527503,5
92-7,92,7,0,0.3369857,5
92-8,92,8,1,0.12620038,5
92-9,92,9,0,0.331604,5
92-10,92,10,0,0.14053081,5
92-11,92,11,0,0.22008827,5
92-12,92,12,0,0.4171275,5
93-0,93,0,0,0.23677054,5
93-1,93,1,0,0.42225254,5
93-2,93,2,0,0.16956246,5
93-3,93,3,0,0.4840719,5
93-4,93,4,0,0.21813749,5
93-5,93,5,0,0.089260474,5
93-6,93,6,0,0.5287908,5
93-7,93,7,0,0.38328585,5
93-8,93,8,0,0.30178463,5
93-9,93,9,0,0.43871105,5
93-10,93,10,1,0.007815512,5
93-11,93,11,0,0.2321023,5
93-12,93,12,0,0.39834273,5
94-0,94,0,0,0.019102188,1
94-1,94,1,0,0.022367582,1
94-2,94,2,1,0.5983309,1
94-3,94,3,0,0.016471883,1
94-4,94,4,0,0.005258288,1
94-5,94,5,0,0.005133634,1
94-6,94,6,0,0.0065362235,1
94-7,94,7,0,0.012024945,1
94-8,94,8,1,0.38312817,1
94-9,94,9,0,0.020523217,1
94-10,94,10,0,0.006445751,1
94-11,94,11,0,0.013223251,1
94-12,94,12,0,0.009611631,1
95-0,95,0,1,0.13499005,2
95-1,95,1,0,0.03515409,2
95-2,95,2,0,0.04353092,2
95-3,95,3,1,0.3131162,2
95-4,95,4,0,0.010112855,2
95-5,95,5,1,0.30348983,2
95-6,95,6,1,0.053696197,2
95-7,95,7,0,0.018976705,2
95-8,95,8,1,0.5261896,2
95-9,95,9,1,0.33508775,2
95-10,95,10,1,0.07561995,2
95-11,95,11,1,0.07606275,2
95-12,95,12,0,0.020747487,2
96-0,96,0,1,0.0012114513,4
96-1,96,1,1,0.0010553056,4
96-2,96,2,1,0.0037721202,4
96-3,96,3,1,0.0018091825,4
96-4,96,4,1,0.0007704437,4
96-5,96,5,1,0.0005766928,4
96-6,96,6,1,0.0013042378,4
96-7,96,7,1,0.0009311022,4
96-8,96,8,1,0.0030761857,4
96-9,96,9,1,0.0033290852,4
96-10,96,10,1,0.0010941421,4
96-11,96,11,1,0.0013111145,4
96-12,96,12,0,0.8823091,4
97-0,97,0,0,0.11091953,4
97-1,97,1,0,0.1517579,4
97-2,97,2,0,0.38291585,4
97-3,97,3,0,0.23485865,4
97-4,97,4,0,0.081736505,4
97-5,97,5,0,0.092797264,4
97-6,97,6,0,0.15885897,4
97-7,97,7,0,0.10084632,4
97-8,97,8,0,0.2224496,4
97-9,97,9,1,0.3378582,4
97-10,97,10,1,0.048304066,4
97-11,97,11,0,0.1711325,4
97-12,97,12,0,0.17221035,4
98-0,98,0,0,0.042106092,1
98-1,98,1,1,0.84481776,1
98-2,98,2,0,0.017400822,1
98-3,98,3,0,0.025779953,1
98-4,98,4,0,0.012060374,1
98-5,98,5,0,0.010845143,1
98-6,98,6,0,0.010282428,1
98-7,98,7,0,0.027401565,1
98-8,98,8,0,0.014110993,1
98-9,98,9,0,0.04515961,1
98-10,98,10,0,0.014254229,1
98-11,98,11,0,0.027740004,1
98-12,98,12,1,0.6825374,1
99-0,99,0,0,0.087526225,1
99-1,99,1,0,0.116958134,1
99-2,99,2,0,0.061184924,1
99-3,99,3,0,0.06301523,1
99-4,99,4,0,0.03126596,1
99-5,99,5,1,0.034898117,1
99-6,99,6,0,0.034296703,1
99-7,99,7,0,0.062458303,1
99-8,99,8,0,0.033667132,1
99-9,99,9,0,0.10584963,1
99-10,99,10,0,0.02302202,1
99-11,99,11,0,0.06881429,1
99-12,99,12,0,0.052079134,1
100-0,100,0,0,0.0052407677,3
100-1,100,1,0,0.0032263924,3
100-2,100,2,0,0.001238982,3
100-3,100,3,1,0.94210804,3
100-4,100,4,1,0.728222,3
100-5,100,5,0,0.0067364937,3
100-6,100,6,1,0.5051049,3
100-7,100,7,0,0.005178735,3
100-8,100,8,1,0.5550827,3
100-9,100,9,0,0.0066491077,3
100-10,100,10,0,0.0015185949,3
100-11,100,11,1,0.65293735,3
100-12,100,12,1,0.8292976,3
101-0,101,0,0,0.0016283597,4
101-1,101,1,0,0.0012454262,4
101-2,101,2,0,0.004357611,4
101-3,101,3,0,0.0021764268,4
101-4,101,4,0,0.0011937591,4
101-5,101,5,0,0.00080056937,4
101-6,101,6,0,0.0017629695,4
101-7,101,7,0,0.0015669351,4
101-8,101,8,0,0.0034145487,4
101-9,101,9,0,0.0050810613,4
101-10,101,10,0,0.0014259476,4
101-11,101,11,0,0.0016973626,4
101-12,101,12,0,0.0022693553,4
102-0,102,0,0,0.08925996,4
102-1,102,1,0,0.1169372,4
102-2,102,2,1,0.34328964,4
102-3,102,3,1,0.20403719,4
102-4,102,4,1,0.06889747,4
102-5,102,5,0,0.07338328,4
102-6,102,6,0,0.12232297,4
102-7,102,7,0,0.0990786,4
102-8,102,8,1,0.23188303,4
102-9,102,9,0,0.29402432,4
102-10,102,10,1,0.052391224,4
102-11,102,11,1,0.15946794,4
102-12,102,12,0,0.1369786,4
103-0,103,0,0,0.012972462,1
103-1,103,1,0,0.014363016,1
103-2,103,2,1,0.7696424,1
103-3,103,3,0,0.010297939,1
103-4,103,4,0,0.0051314933,1
103-5,103,5,1,0.59921545,1
103-6,103,6,0,0.0055042366,1
103-7,103,7,0,0.007492752,1
103-8,103,8,0,0.0039631114,1
103-9,103,9,0,0.013427958,1
103-10,103,10,1,0.45363376,1
103-11,103,11,1,0.7819031,1
103-12,103,12,0,0.008739574,1
104-0,104,0,0,0.0837044,4
104-1,104,1,0,0.11593006,4
104-2,104,2,0,0.31262842,4
104-3,104,3,0,0.1489153,4
104-4,104,4,1,0.049335822,4
104-5,104,5,0,0.055096123,4
104-6,104,6,0,0.12159502,4
104-7,104,7,0,0.09911579,4
104-8,104,8,0,0.18126631,4
104-9,104,9,0,0.2360242,4
104-10,104,10,0,0.045959234,4
104-11,104,11,1,0.11327213,4
104-12,104,12,0,0.13454942,4
105-0,105,0,0,0.00061102374,5
105-1,105,1,0,0.0014147614,5
105-2,105,2,0,0.0005899244,5
105-3,105,3,0,0.00217739,5
105-4,105,4,0,0.00072628475,5
105-5,105,5,0,0.0007427973,5
105-6,105,6,0,0.0018643456,5
105-7,105,7,0,0.0011174094,5
105-8,105,8,0,0.00064744113,5
105-9,105,9,0,0.0013950499,5
105-10,105,10,0,0.00064229855,5
105-11,105,11,0,0.00057757844,5
105-12,105,12,0,0.0012206888,5
106-0,106,0,0,0.124764115,3
106-1,106,1,0,0.09110551,3
106-2,106,2,0,0.033082705,3
106-3,106,3,0,0.2898239,3
106-4,106,4,0,0.04223615,3
106-5,106,5,0,0.17034638,3
106-6,106,6,0,0.02337653,3
106-7,106,7,0,0.14163059,3
106-8,106,8,0,0.03831729,3
106-9,106,9,0,0.17469676,3
106-10,106,10,0,0.030421576,3
106-11,106,11,0,0.047091857,3
106-12,106,12,0,0.12801813,3
107-0,107,0,0,0.07952831,3
107-1,107,1,0,0.056285486,3
107-2,107,2,0,0.014023254,3
107-3,107,3,0,0.13420011,3
107-4,107,4,0,0.024903556,3
107-5,107,5,0,0.0838656,3
107-6,107,6,0,0.014887183,3
107-7,107,7,0,0.065254726,3
107-8,107,8,0,0.02339421,3
107-9,107,9,0,0.07614189,3
107-10,107,10,0,0.022445181,3
107-11,107,11,0,0.02743776,3
107-12,107,12,0,0.07575348,3
108-0,108,0,0,0.21875753,4
108-1,108,1,0,0.31118798,4
108-2,108,2,0,0.61814123,4
108-3,108,3,0,0.33994204,4
108-4,108,4,0,0.12709717,4
108-5,108,5,0,0.14921781,4
108-6,108,6,0,0.3280819,4
108-7,108,7,0,0.1909339,4
108-8,108,8,0,0.4504312,4
108-9,108,9,0,0.46406132,4
108-10,108,10,0,0.10274089,4
108-11,108,11,1,0.0030288717,4
108-12,108,12,0,0.34069103,4
109-0,109,0,0,0.2415,3
109-1,109,1,1,0.08307424,3
109-2,109,2,0,0.058694173,3
109-3,109,3,0,0.45186266,3
109-4,109,4,0,0.08827747,3
109-5,109,5,0,0.30302492,3
109-6,109,6,0,0.04774074,3
109-7,109,7,0,0.25800276,3
109-8,109,8,0,0.07678196,3
109-9,109,9,0,0.31127867,3
109-10,109,10,0,0.04959025,3
109-11,109,11,0,0.09367363,3
109-12,109,12,0,0.21536358,3
110-0,110,0,0,0.04739426,3
110-1,110,1,0,0.039030153,3
110-2,110,2,0,0.011354196,3
110-3,110,3,0,0.09362743,3
110-4,110,4,0,0.02618121,3
110-5,110,5,0,0.083784215,3
110-6,110,6,0,0.010188654,3
110-7,110,7,0,0.06630089,3
110-8,110,8,0,0.016348124,3
110-9,110,9,0,0.05380717,3
110-10,110,10,0,0.015054581,3
110-11,110,11,0,0.018834848,3
110-12,110,12,0,0.056465294,3
111-0,111,0,0,0.11607561,1
111-1,111,1,0,0.1462905,1
111-2,111,2,0,0.08191364,1
111-3,111,3,0,0.08962804,1
111-4,111,4,0,0.042315375,1
111-5,111,5,0,0.03807577,1
111-6,111,6,0,0.045710042,1
111-7,111,7,0,0.0726976,1
111-8,111,8,0,0.054169763,1
111-9,111,9,0,0.13946237,1
111-10,111,10,0,0.0348648,1
111-11,111,11,0,0.10439513,1
111-12,111,12,1,0.087635815,1
112-0,112,0,0,0.023512896,2
112-1,112,1,0,0.049967714,2
112-2,112,2,0,0.06334361,2
112-3,112,3,0,0.08051043,2
112-4,112,4,0,0.017363058,2
112-5,112,5,0,0.038602676,2
112-6,112,6,0,0.017936502,2
112-7,112,7,0,0.018432107,2
112-8,112,8,1,0.52892447,2
112-9,112,9,0,0.08028549,2
112-10,112,10,1,0.06855235,2
112-11,112,11,0,0.010649567,2
112-12,112,12,0,0.02804378,2
113-0,113,0,0,0.0007553805,5
113-1,113,1,0,0.0018376522,5
113-2,113,2,0,0.00059061195,5
113-3,113,3,0,0.00286207,5
113-4,113,4,0,0.0009337532,5
113-5,113,5,0,0.0009159052,5
113-6,113,6,0,0.0047378326,5
113-7,113,7,0,0.0011897411,5
113-8,113,8,0,0.00086673716,5
113-9,113,9,0,0.0014724012,5
113-10,113,10,1,0.020499015,5
113-11,113,11,0,0.0007481716,5
113-12,113,12,0,0.0015902196,5
114-0,114,0,0,0.3263243,2
114-1,114,1,0,0.692632,2
114-2,114,2,0,0.7598732,2
114-3,114,3,0,0.58591187,2
114-4,114,4,0,0.31247568,2
114-5,114,5,0,0.6148295,2
114-6,114,6,0,0.15520203,2
114-7,114,7,0,0.3435539,2
114-8,114,8,1,0.008431475,2
114-9,114,9,0,0.8164043,2
114-10,114,10,0,0.2600891,2
114-11,114,11,0,0.26130673,2
114-12,114,12,0,0.54827374,2
115-0,115,0,0,0.1575425,3
115-1,115,1,0,0.11705248,3
115-2,115,2,0,0.03598559,3
115-3,115,3,0,0.27271125,3
115-4,115,4,0,0.054935623,3
115-5,115,5,0,0.16238557,3
115-6,115,6,0,0.030752067,3
115-7,115,7,0,0.12934805,3
115-8,115,8,0,0.050573777,3
115-9,115,9,0,0.15138046,3
115-10,115,10,0,0.044946,3
115-11,115,11,0,0.05795977,3
115-12,115,12,0,0.15350755,3
116-0,116,0,1,0.21830034,1
116-1,116,1,1,0.2519546,1
116-2,116,2,1,0.14562137,1
116-3,116,3,0,0.090546384,1
116-4,116,4,0,0.043690123,1
116-5,116,5,0,0.04621572,1
116-6,116,6,1,0.09274102,1
116-7,116,7,0,0.08910233,1
116-8,116,8,1,0.08831628,1
116-9,116,9,0,0.168637,1
116-10,116,10,1,0.057137918,1
116-11,116,11,0,0.10329885,1
116-12,116,12,1,0.13278528,1
117-0,117,0,0,0.0031262971,2
117-1,117,1,0,0.007926167,2
117-2,117,2,0,0.011708344,2
117-3,117,3,0,0.0069638286,2
117-4,117,4,0,0.0040440136,2
117-5,117,5,0,0.0056375396,2
117-6,117,6,0,0.002164669,2
117-7,117,7,0,0.0031428642,2
117-8,117,8,0,0.012361177,2
117-9,117,9,0,0.010255477,2
117-10,117,10,0,0.0012792393,2
117-11,117,11,0,0.0014851835,2
117-12,117,12,0,0.003528723,2
118-0,118,0,0,0.0016086211,4
118-1,118,1,0,0.0014013554,4
118-2,118,2,0,0.0050045894,4
118-3,118,3,1,0.748067,4
118-4,118,4,0,0.0010231789,4
118-5,118,5,0,0.000765919,4
118-6,118,6,0,0.0017317745,4
118-7,118,7,0,0.0013573102,4
118-8,118,8,1,0.8002823,4
118-9,118,9,0,0.004204535,4
118-10,118,10,0,0.001322465,4
118-11,118,11,0,0.0017409017,4
118-12,118,12,0,0.001793477,4
119-0,119,0,0,0.2583048,1
119-1,119,1,0,0.33948454,1
119-2,119,2,0,0.16755381,1
119-3,119,3,0,0.2247295,1
119-4,119,4,0,0.115117945,1
119-5,119,5,0,0.10612453,1
119-6,119,6,0,0.11259386,1
119-7,119,7,0,0.16841121,1
119-8,119,8,0,0.11081934,1
119-9,119,9,0,0.34334704,1
119-10,119,10,0,0.054608457,1
119-11,119,11,0,0.22260232,1
119-12,119,12,0,0.17253134,1
120-0,120,0,0,0.0040128403,3
120-1,120,1,1,0.8252744,3
120-2,120,2,1,0.58057946,3
120-3,120,3,0,0.008245517,3
120-4,120,4,1,0.755297,3
120-5,120,5,0,0.0043633617,3
120-6,120,6,0,0.0006560229,3
120-7,120,7,0,0.0033990813,3
120-8,120,8,0,0.0008223354,3
120-9,120,9,0,0.004141509,3
120-10,120,10,0,0.0012092924,3
120-11,120,11,0,0.0010494497,3
120-12,120,12,0,0.0030789669,3
121-0,121,0,0,0.01745914,2
121-1,121,1,0,0.032224968,2
121-2,121,2,0,0.042674903,2
121-3,121,3,0,0.05346898,2
121-4,121,4,0,0.017269121,2
121-5,121,5,0,0.024441717,2
121-6,121,6,0,0.011425457,2
121-7,121,7,0,0.01653655,2
121-8,121,8,0,0.058749534,2
121-9,121,9,0,0.055823393,2
121-10,121,10,0,0.006928132,2
121-11,121,11,0,0.007763967,2
121-12,121,12,0,0.018201325,2
122-0,122,0,0,0.0010306902,5
122-1,122,1,0,0.0023161464,5
122-2,122,2,0,0.00084719236,5
122-3,122,3,0,0.0030199098,5
122-4,122,4,0,0.0017585543,5
122-5,122,5,0,0.0014751238,5
122-6,122,6,0,0.0032515174,5
122-7,122,7,0,0.001897078,5
122-8,122,8,0,0.0011187525,5
122-9,122,9,0,0.0023887644,5
122-10,122,10,0,0.0010484162,5
122-11,122,11,0,0.00084515277,5
122-12,122,12,0,0.0022049085,5
123-0,123,0,0,0.3824244,5
123-1,123,1,0,0.6074646,5
123-2,123,2,0,0.35873234,5
123-3,123,3,0,0.62427586,5
123-4,123,4,0,0.35746607,5
123-5,123,5,0,0.26943746,5
123-6,123,6,0,0.6742147,5
123-7,123,7,0,0.5326122,5
123-8,123,8,0,0.43798897,5
123-9,123,9,0,0.62335336,5
123-10,123,10,0,0.18999223,5
123-11,123,11,0,0.3829451,5
123-12,123,12,0,0.54862094,5
124-0,124,0,0,0.18168436,3
124-1,124,1,0,0.09476289,3
124-2,124,2,0,0.034859415,3
124-3,124,3,0,0.22181875,3
124-4,124,4,0,0.04294534,3
124-5,124,5,0,0.19894035,3
124-6,124,6,0,0.02858245,3
124-7,124,7,0,0.14375824,3
124-8,124,8,0,0.03990259,3
124-9,124,9,0,0.19646558,3
124-10,124,10,0,0.032060105,3
124-11,124,11,0,0.049582362,3
124-12,124,12,0,0.13418578,3
125-0,125,0,1,0.69645524,5
125-1,125,1,1,0.8815891,5
125-2,125,2,1,0.7330834,5
125-3,125,3,1,0.892267,5
125-4,125,4,1,0.78926975,5
125-5,125,5,1,0.17971516,5
125-6,125,6,0,0.0027532396,5
125-7,125,7,1,0.8633349,5
125-8,125,8,1,0.7865009,5
125-9,125,9,1,0.8406818,5
125-10,125,10,0,0.0009908321,5
125-11,125,11,1,0.7441885,5
125-12,125,12,1,0.8881867,5
126-0,126,0,0,0.2546734,1
126-1,126,1,0,0.3352277,1
126-2,126,2,0,0.20410165,1
126-3,126,3,0,0.17126775,1
126-4,126,4,0,0.08487717,1
126-5,126,5,0,0.104331635,1
126-6,126,6,0,0.11070519,1
126-7,126,7,0,0.20533805,1
126-8,126,8,0,0.108956784,1
126-9,126,9,0,0.26673853,1
126-10,126,10,0,0.05363366,1
126-11,126,11,0,0.21932441,1
126-12,126,12,0,0.16331583,1
127-0,127,0,0,0.15869492,2
127-1,127,1,0,0.25019586,2
127-2,127,2,0,0.30407646,2
127-3,127,3,0,0.30142173,2
127-4,127,4,0,0.11449216,2
127-5,127,5,0,0.1996055,2
127-6,127,6,0,0.06789397,2
127-7,127,7,0,0.13536844,2
127-8,127,8,1,0.13178962,2
127-9,127,9,0,0.38606784,2
127-10,127,10,0,0.035810146,2
127-11,127,11,1,0.013546446,2
127-12,127,12,0,0.14692014,2
128-0,128,0,0,0.41632482,5
128-1,128,1,0,0.6447218,5
128-2,128,2,0,0.32526696,5
128-3,128,3,0,0.759456,5
128-4,128,4,0,0.41159335,5
128-5,128,5,0,0.05389294,5
128-6,128,6,0,0.7265227,5
128-7,128,7,0,0.5382051,5
128-8,128,8,0,0.5029149,5
128-9,128,9,0,0.60647297,5
128-10,128,10,0,0.041297503,5
128-11,128,11,0,0.4190639,5
128-12,128,12,0,0.61651415,5
129-0,129,0,0,0.008908133,2
129-1,129,1,1,0.41671774,2
129-2,129,2,0,0.023720171,2
129-3,129,3,0,0.034094647,2
129-4,129,4,0,0.008287439,2
129-5,129,5,0,0.009923578,2
129-6,129,6,0,0.0056936843,2
129-7,129,7,0,0.006024033,2
129-8,129,8,0,0.031208172,2
129-9,129,9,0,0.034536872,2
129-10,129,10,0,0.0038862498,2
129-11,129,11,0,0.003910785,2
129-12,129,12,0,0.008552781,2
130-0,130,0,0,0.00062922435,5
130-1,130,1,0,0.0014357911,5
130-2,130,2,0,0.00045005337,5
130-3,130,3,0,0.002264614,5
130-4,130,4,0,0.000937433,5
130-5,130,5,0,0.0008905555,5
130-6,130,6,0,0.0017823838,5
130-7,130,7,0,0.0010546492,5
130-8,130,8,0,0.00060935784,5
130-9,130,9,0,0.0015353442,5
130-10,130,10,0,0.0009963504,5
130-11,130,11,0,0.0005104201,5
130-12,130,12,0,0.0011837329,5
131-0,131,0,1,0.15365337,4
131-1,131,1,1,0.19229665,4
131-2,131,2,1,0.4365208,4
131-3,131,3,1,0.27530393,4
131-4,131,4,1,0.09978618,4
131-5,131,5,1,0.119810656,4
131-6,131,6,0,0.14474113,4
131-7,131,7,1,0.16265611,4
131-8,131,8,1,0.28260413,4
131-9,131,9,1,0.39938214,4
131-10,131,10,1,0.07918086,4
131-11,131,11,1,0.2155317,4
131-12,131,12,1,0.2162915,4
132-0,132,0,0,0.058673944,3
132-1,132,1,0,0.040219072,3
132-2,132,2,0,0.013752433,3
132-3,132,3,0,0.14524071,3
132-4,132,4,1,0.058965784,3
132-5,132,5,0,0.060924858,3
132-6,132,6,1,0.024258452,3
132-7,132,7,1,0.14163059,3
132-8,132,8,0,0.018302515,3
132-9,132,9,0,0.08285521,3
132-10,132,10,0,0.019641308,3
132-11,132,11,0,0.019939417,3
132-12,132,12,1,0.12801813,3
133-0,133,0,0,0.044213086,2
133-1,133,1,0,0.09746052,2
133-2,133,2,0,0.09602274,2
133-3,133,3,0,0.11704621,2
133-4,133,4,0,0.03107787,2
133-5,133,5,0,0.07467778,2
133-6,133,6,0,0.027436145,2
133-7,133,7,0,0.03383136,2
133-8,133,8,0,0.18751147,2
133-9,133,9,0,0.13873293,2
133-10,133,10,0,0.01428184,2
133-11,133,11,0,0.016517213,2
133-12,133,12,0,0.0609154,2
134-0,134,0,0,0.0010306902,5
134-1,134,1,0,0.0023481874,5
134-2,134,2,0,0.00071850856,5
134-3,134,3,0,0.0034306324,5
134-4,134,4,0,0.0014562821,5
134-5,134,5,0,0.0014751238,5
134-6,134,6,0,0.0032515174,5
134-7,134,7,0,0.001674888,5
134-8,134,8,0,0.0011187525,5
134-9,134,9,0,0.0024765886,5
134-10,134,10,0,0.0010763776,5
134-11,134,11,0,0.00084515277,5
134-12,134,12,0,0.0020379976,5
135-0,135,0,0,0.117515326,1
135-1,135,1,0,0.12999122,1
135-2,135,2,0,0.072771385,1
135-3,135,3,0,0.07435299,1
135-4,135,4,0,0.034885135,1
135-5,135,5,0,0.032937195,1
135-6,135,6,0,0.04240442,1
135-7,135,7,0,0.0765182,1
135-8,135,8,0,0.04039451,1
135-9,135,9,0,0.123813525,1
135-10,135,10,0,0.029671188,1
135-11,135,11,0,0.07949865,1
135-12,135,12,0,0.062220518,1
136-0,136,0,0,0.0011581464,4
136-1,136,1,0,0.0010088639,4
136-2,136,2,0,0.0034866747,4
136-3,136,3,0,0.0017027452,4
136-4,136,4,0,0.0007365289,4
136-5,136,5,0,0.00053292373,4
136-6,136,6,1,0.22987269,4
136-7,136,7,0,0.0009528229,4
136-8,136,8,0,0.0029410715,4
136-9,136,9,0,0.0030293108,4
136-10,136,10,0,0.0010459931,4
136-11,136,11,0,0.0012534293,4
136-12,136,12,0,0.0013970481,4
137-0,137,0,1,0.0032793402,4
137-1,137,1,0,0.32470468,4
137-2,137,2,0,0.62942374,4
137-3,137,3,0,0.35605684,4
137-4,137,4,0,0.13417533,4
137-5,137,5,1,0.0015702344,4
137-6,137,6,0,0.3526996,4
137-7,137,7,0,0.3045733,4
137-8,137,8,0,0.45497763,4
137-9,137,9,1,0.0116637405,4
137-10,137,10,0,0.13586456,4
137-11,137,11,0,0.38294458,4
137-12,137,12,1,0.00389152,4
138-0,138,0,1,0.69645524,5
138-1,138,1,0,0.0022344314,5
138-2,138,2,0,0.00082129345,5
138-3,138,3,0,0.0035542885,5
138-4,138,4,0,0.001208381,5
138-5,138,5,0,0.0014031669,5
138-6,138,6,0,0.002895938,5
138-7,138,7,0,0.0016826998,5
138-8,138,8,0,0.0009724921,5
138-9,138,9,0,0.0023782437,5
138-10,138,10,0,0.0010100924,5
138-11,138,11,0,0.00080439856,5
138-12,138,12,1,0.8865179,5
139-0,139,0,0,0.00081077626,5
139-1,139,1,0,0.0019399566,5
139-2,139,2,0,0.0012524053,5
139-3,139,3,0,0.00318162,5
139-4,139,4,0,0.0009971344,5
139-5,139,5,0,0.0011597063,5
139-6,139,6,0,0.0026707305,5
139-7,139,7,0,0.0015696028,5
139-8,139,8,0,0.00093596755,5
139-9,139,9,0,0.0017396392,5
139-10,139,10,0,0.0009230416,5
139-11,139,11,0,0.00081826106,5
139-12,139,12,0,0.0015626678,5
140-0,140,0,0,0.0012114513,4
140-1,140,1,0,0.0010553056,4
140-2,140,2,0,0.0039789504,4
140-3,140,3,0,0.0018091825,4
140-4,140,4,0,0.0007447653,4
140-5,140,5,0,0.0005766928,4
140-6,140,6,1,0.85858595,4
140-7,140,7,0,0.0010221257,4
140-8,140,8,0,0.0030761857,4
140-9,140,9,0,0.0033290852,4
140-10,140,10,0,0.0010941421,4
140-11,140,11,0,0.0013111145,4
140-12,140,12,1,0.86976504,4
141-0,141,0,0,0.012850372,1
141-1,141,1,0,0.014363016,1
141-2,141,2,0,0.0069251833,1
141-3,141,3,0,0.007006459,1
141-4,141,4,0,0.0035652062,1
141-5,141,5,1,0.6472103,1
141-6,141,6,0,0.0039340486,1
141-7,141,7,0,0.007492752,1
141-8,141,8,0,0.0039631114,1
141-9,141,9,0,0.013427958,1
141-10,141,10,0,0.0044110534,1
141-11,141,11,0,0.008169201,1
141-12,141,12,0,0.006003798,1
142-0,142,0,0,0.09541116,1
142-1,142,1,0,0.12332526,1
142-2,142,2,0,0.06854398,1
142-3,142,3,0,0.06158015,1
142-4,142,4,0,0.027833177,1
142-5,142,5,0,0.027437665,1
142-6,142,6,0,0.039080646,1
142-7,142,7,0,0.061514765,1
142-8,142,8,0,0.03981368,1
142-9,142,9,0,0.100953095,1
142-10,142,10,0,0.026044974,1
142-11,142,11,0,0.07821043,1
142-12,142,12,0,0.0572586,1
143-0,143,0,0,0.83162963,1
143-1,143,1,0,0.8569331,1
143-2,143,2,0,0.7469405,1
143-3,143,3,0,0.7528346,1
143-4,143,4,0,0.56041676,1
143-5,143,5,1,0.0019330481,1
143-6,143,6,0,0.57050145,1
143-7,143,7,0,0.72050226,1
143-8,143,8,0,0.5579328,1
143-9,143,9,0,0.8499593,1
143-10,143,10,0,0.41253608,1
143-11,143,11,0,0.7584079,1
143-12,143,12,0,0.69446105,1
144-0,144,0,0,0.003162285,4
144-1,144,1,0,0.0025798623,4
144-2,144,2,0,0.009584982,4
144-3,144,3,0,0.0038952816,4
144-4,144,4,0,0.0021830238,4
144-5,144,5,0,0.0012563141,4
144-6,144,6,0,0.0030690609,4
144-7,144,7,0,0.0024808035,4
144-8,144,8,0,0.006355243,4
144-9,144,9,0,0.008347075,4
144-10,144,10,0,0.0022903068,4
144-11,144,11,0,0.0028936656,4
144-12,144,12,0,0.0031920292,4
145-0,145,0,0,0.13255855,2
145-1,145,1,0,0.25019586,2
145-2,145,2,0,0.30165476,2
145-3,145,3,0,0.30717343,2
145-4,145,4,0,0.09074129,2
145-5,145,5,0,0.1996055,2
145-6,145,6,0,0.06717171,2
145-7,145,7,0,0.13403156,2
145-8,145,8,0,0.37253797,2
145-9,145,9,0,0.38335285,2
145-10,145,10,1,0.0118417945,2
145-11,145,11,0,0.038988538,2
145-12,145,12,0,0.13783497,2
146-0,146,0,0,0.41719922,5
146-1,146,1,0,0.63028795,5
146-2,146,2,0,0.37961364,5
146-3,146,3,0,0.6884689,5
146-4,146,4,0,0.3965531,5
146-5,146,5,0,0.052077014,5
146-6,146,6,1,0.25014293,5
146-7,146,7,0,0.58639044,5
146-8,146,8,0,0.49916852,5
146-9,146,9,0,0.6457915,5
146-10,146,10,0,0.04759321,5
146-11,146,11,0,0.40393817,5
146-12,146,12,0,0.6016424,5
147-0,147,0,1,0.83162963,1
147-1,147,1,0,0.0089599285,1
147-2,147,2,0,0.004274503,1
147-3,147,3,0,0.0055076727,1
147-4,147,4,0,0.0030653558,1
147-5,147,5,0,0.002269827,1
147-6,147,6,1,0.5874219,1
147-7,147,7,0,0.005972653,1
147-8,147,8,0,0.0024855223,1
147-9,147,9,0,0.009821477,1
147-10,147,10,0,0.0033974743,1
147-11,147,11,0,0.0059338026,1
147-12,147,12,1,0.69446105,1
148-0,148,0,0,0.3310431,2
148-1,148,1,0,0.69716614,2
148-2,148,2,0,0.5366745,2
148-3,148,3,0,0.59109086,2
148-4,148,4,1,0.002776257,2
148-5,148,5,0,0.35756877,2
148-6,148,6,0,0.15802678,2
148-7,148,7,0,0.29875338,2
148-8,148,8,0,0.8277474,2
148-9,148,9,0,0.6357953,2
148-10,148,10,0,0.19026275,2
148-11,148,11,0,0.2654558,2
148-12,148,12,0,0.4904593,2
149-0,149,0,0,0.09541116,1
149-1,149,1,1,0.11124478,1
149-2,149,2,1,0.06727157,1
149-3,149,3,1,0.06708981,1
149-4,149,4,1,0.029298747,1
149-5,149,5,1,0.02810092,1
149-6,149,6,1,0.034296703,1
149-7,149,7,1,0.0674236,1
149-8,149,8,1,0.041055497,1
149-9,149,9,1,0.10584963,1
149-10,149,10,0,0.027237317,1
149-11,149,11,0,0.07821043,1
149-12,149,12,1,0.052079134,1
150-0,150,0,0,0.0012114513,4
150-1,150,1,0,0.0010553056,4
150-2,150,2,0,0.003646763,4
150-3,150,3,0,0.0017810719,4
150-4,150,4,0,0.0007447653,4
150-5,150,5,0,0.0005574684,4
150-6,150,6,0,0.0012155575,4
150-7,150,7,0,0.0009966874,4
150-8,150,8,0,0.0030761857,4
150-9,150,9,0,0.003168466,4
150-10,150,10,0,0.0010941421,4
150-11,150,11,0,0.0013111145,4
150-12,150,12,0,0.0013851897,4
151-0,151,0,1,0.28221896,2
151-1,151,1,1,0.429727,2
151-2,151,2,1,0.51184034,2
151-3,151,3,0,0.0482602,2
151-4,151,4,0,0.012425154,2
151-5,151,5,0,0.021612046,2
151-6,151,6,0,0.00936741,2
151-7,151,7,0,0.013556192,2
151-8,151,8,0,0.04504437,2
151-9,151,9,1,0.59122926,2
151-10,151,10,1,0.087095164,2
151-11,151,11,0,0.005747919,2
151-12,151,12,0,0.015372543,2
152-0,152,0,0,0.77197653,4
152-1,152,1,0,0.81192666,4
152-2,152,2,0,0.94085515,4
152-3,152,3,0,0.8544144,4
152-4,152,4,0,0.62606066,4
152-5,152,5,0,0.70360935,4
152-6,152,6,0,0.8185792,4
152-7,152,7,0,0.7128424,4
152-8,152,8,0,0.86961573,4
152-9,152,9,0,0.9302255,4
152-10,152,10,0,0.6019492,4
152-11,152,11,0,0.8384951,4
152-12,152,12,0,0.8324201,4
153-0,153,0,0,0.0016086211,4
153-1,153,1,0,0.0014013554,4
153-2,153,2,0,0.004838473,4
153-3,153,3,0,0.0022858602,4
153-4,153,4,0,0.0009890853,4
153-5,153,5,0,0.000765919,4
153-6,153,6,0,0.0017317745,4
153-7,153,7,0,0.0012364745,4
153-8,153,8,0,0.003879417,4
153-9,153,9,0,0.004270732,4
153-10,153,10,0,0.0012535481,4
153-11,153,11,0,0.0017409017,4
153-12,153,12,0,0.001793477,4
154-0,154,0,0,0.04670275,1
154-1,154,1,1,0.8499828,1
154-2,154,2,1,0.73824286,1
154-3,154,3,0,0.02651309,1
154-4,154,4,1,0.5715431,1
154-5,154,5,1,0.5530292,1
154-6,154,6,1,0.55320835,1
154-7,154,7,0,0.027439129,1
154-8,154,8,1,0.5404176,1
154-9,154,9,1,0.83766854,1
154-10,154,10,1,0.39034835,1
154-11,154,11,1,0.7431111,1
154-12,154,12,1,0.67684066,1
155-0,155,0,0,0.08383448,5
155-1,155,1,1,0.38839057,5
155-2,155,2,0,0.08696299,5
155-3,155,3,0,0.22467113,5
155-4,155,4,0,0.11439946,5
155-5,155,5,0,0.05287003,5
155-6,155,6,0,0.27567074,5
155-7,155,7,0,0.17875725,5
155-8,155,8,0,0.12620038,5
155-9,155,9,0,0.21223563,5
155-10,155,10,0,0.04733738,5
155-11,155,11,0,0.095419556,5
155-12,155,12,0,0.1876095,5
156-0,156,0,1,0.0023957347,2
156-1,156,1,1,0.005653718,2
156-2,156,2,1,0.006233752,2
156-3,156,3,1,0.008539803,2
156-4,156,4,1,0.0019867255,2
156-5,156,5,1,0.0038413429,2
156-6,156,6,1,0.0017306274,2
156-7,156,7,1,0.0023472146,2
156-8,156,8,1,0.009522945,2
156-9,156,9,1,0.009584824,2
156-10,156,10,1,0.0010896433,2
156-11,156,11,1,0.0011048933,2
156-12,156,12,0,0.58483124,2
157-0,157,0,0,0.008704568,1
157-1,157,1,0,0.008604436,1
157-2,157,2,0,0.0041487017,1
157-3,157,3,0,0.0046532126,1
157-4,157,4,0,0.0029051683,1
157-5,157,5,0,0.0019270447,1
157-6,157,6,1,0.15708216,1
157-7,157,7,0,0.005892912,1
157-8,157,8,0,0.0023862887,1
157-9,157,9,0,0.008041205,1
157-10,157,10,0,0.0027176568,1
157-11,157,11,0,0.0048547816,1
157-12,157,12,0,0.0037374937,1
158-0,158,0,1,0.04372967,5
158-1,158,1,1,0.10631243,5
158-2,158,2,1,0.041036908,5
158-3,158,3,1,0.16978444,5
158-4,158,4,1,0.03950208,5
158-5,158,5,0,0.12972964,5
158-6,158,6,0,0.38761213,5
158-7,158,7,1,0.09396888,5
158-8,158,8,1,0.065700345,5
158-9,158,9,1,0.112861976,5
158-10,158,10,1,0.020524783,5
158-11,158,11,1,0.046358544,5
158-12,158,12,1,0.09724184,5
159-0,159,0,0,0.0012169264,4
159-1,159,1,0,0.0009350205,4
159-2,159,2,0,0.003274078,4
159-3,159,3,0,0.0016031074,4
159-4,159,4,0,0.00094633107,4
159-5,159,5,0,0.00050033897,4
159-6,159,6,0,0.0011433733,4
159-7,159,7,0,0.0011281972,4
159-8,159,8,0,0.00263155,4
159-9,159,9,0,0.0032880642,4
159-10,159,10,0,0.0009097124,4
159-11,159,11,0,0.001169493,4
159-12,159,12,0,0.0012082113,4
160-0,160,0,0,0.0012114513,4
160-1,160,1,0,0.0010553056,4
160-2,160,2,0,0.003646763,4
160-3,160,3,0,0.0017217678,4
160-4,160,4,0,0.0007447653,4
160-5,160,5,0,0.0005574684,4
160-6,160,6,0,0.0012155575,4
160-7,160,7,0,0.0010221257,4
160-8,160,8,0,0.0030761857,4
160-9,160,9,0,0.0032184038,4
160-10,160,10,0,0.0010371113,4
160-11,160,11,0,0.0013111145,4
160-12,160,12,0,0.0013507277,4
161-0,161,0,0,0.027355859,2
161-1,161,1,0,0.04698022,2
161-2,161,2,0,0.055475164,2
161-3,161,3,0,0.07095515,2
161-4,161,4,0,0.013942154,2
161-5,161,5,0,0.03513935,2
161-6,161,6,0,0.015788976,2
161-7,161,7,0,0.015203142,2
161-8,161,8,1,0.56246305,2
161-9,161,9,0,0.05334422,2
161-10,161,10,0,0.009069909,2
161-11,161,11,0,0.009433955,2
161-12,161,12,0,0.024716591,2
162-0,162,0,0,0.020075902,2
162-1,162,1,0,0.04086784,2
162-2,162,2,0,0.05630136,2
162-3,162,3,0,0.052619763,2
162-4,162,4,0,0.013598981,2
162-5,162,5,0,0.0209984,2
162-6,162,6,0,0.013451218,2
162-7,162,7,0,0.02155109,2
162-8,162,8,0,0.08265185,2
162-9,162,9,0,0.08028775,2
162-10,162,10,0,0.008144596,2
162-11,162,11,0,0.009322044,2
162-12,162,12,0,0.0242108,2
163-0,163,0,1,0.020907782,2
163-1,163,1,1,0.0459573,2
163-2,163,2,1,0.059205458,2
163-3,163,3,1,0.07277732,2
163-4,163,4,1,0.021576285,2
163-5,163,5,1,0.034053724,2
163-6,163,6,1,0.016452396,2
163-7,163,7,0,0.22361363,2
163-8,163,8,1,0.08102719,2
163-9,163,9,1,0.07316097,2
163-10,163,10,1,0.009608408,2
163-11,163,11,1,0.009946176,2
163-12,163,12,1,0.025383772,2
164-0,164,0,0,0.017900914,4
164-1,164,1,0,0.021643335,4
164-2,164,2,0,0.0724037,4
164-3,164,3,0,0.03204833,4
164-4,164,4,0,0.009254013,4
164-5,164,5,0,0.012518685,4
164-6,164,6,1,0.36901218,4
164-7,164,7,0,0.017422581,4
164-8,164,8,0,0.039581526,4
164-9,164,9,0,0.057985473,4
164-10,164,10,0,0.0156079605,4
164-11,164,11,0,0.025816139,4
164-12,164,12,0,0.026090093,4
165-0,165,0,0,0.009087416,1
165-1,165,1,0,0.0089599285,1
165-2,165,2,0,0.004326148,1
165-3,165,3,0,0.004519533,1
165-4,165,4,0,0.0023444113,1
165-5,165,5,0,0.0019330481,1
165-6,165,6,0,0.002548863,1
165-7,165,7,0,0.005924227,1
165-8,165,8,0,0.0024855223,1
165-9,165,9,0,0.008373625,1
165-10,165,10,0,0.002827197,1
165-11,165,11,0,0.005056147,1
165-12,165,12,0,0.00388798,1
166-0,166,0,0,0.07744456,3
166-1,166,1,0,0.06427516,3
166-2,166,2,0,0.0187436,3
166-3,166,3,0,0.1393225,3
166-4,166,4,0,0.023365846,3
166-5,166,5,0,0.082701534,3
166-6,166,6,0,0.015895467,3
166-7,166,7,0,0.06663605,3
166-8,166,8,0,0.028621677,3
166-9,166,9,0,0.079791956,3
166-10,166,10,0,0.019791134,3
166-11,166,11,0,0.032672245,3
166-12,166,12,0,0.07744358,3
167-0,167,0,0,0.09541116,1
167-1,167,1,0,0.12332526,1
167-2,167,2,0,0.07877251,1
167-3,167,3,0,0.07214112,1
167-4,167,4,0,0.0328089,1
167-5,167,5,0,0.03234504,1
167-6,167,6,0,0.04187886,1
167-7,167,7,0,0.061514765,1
167-8,167,8,1,0.033667132,1
167-9,167,9,0,0.12253957,1
167-10,167,10,0,0.027237317,1
167-11,167,11,0,0.07821043,1
167-12,167,12,0,0.05854537,1
168-0,168,0,1,0.87511635,1
168-1,168,1,0,0.014363016,1
168-2,168,2,0,0.0067648212,1
168-3,168,3,0,0.007233908,1
168-4,168,4,0,0.0035652062,1
168-5,168,5,0,0.003228244,1
168-6,168,6,1,0.62867093,1
168-7,168,7,0,0.0075181276,1
168-8,168,8,1,0.62009925,1
168-9,168,9,0,0.013427958,1
168-10,168,10,0,0.004496512,1
168-11,168,11,0,0.008169201,1
168-12,168,12,0,0.006146234,1
169-0,169,0,0,0.5299945,5
169-1,169,1,0,0.78536606,5
169-2,169,2,0,0.5696258,5
169-3,169,3,0,0.8027799,5
169-4,169,4,0,0.5211632,5
169-5,169,5,0,0.09549809,5
169-6,169,6,0,0.84159964,5
169-7,169,7,0,0.647142,5
169-8,169,8,0,0.6285377,5
169-9,169,9,0,0.75376374,5
169-10,169,10,1,0.0006384772,5
169-11,169,11,0,0.5884355,5
169-12,169,12,0,0.7635435,5
170-0,170,0,0,0.06492727,3
170-1,170,1,0,0.04477261,3
170-2,170,2,0,0.01381345,3
170-3,170,3,0,0.11808405,3
170-4,170,4,0,0.028527185,3
170-5,170,5,0,0.06740097,3
170-6,170,6,0,0.011071957,3
170-7,170,7,0,0.050429814,3
170-8,170,8,0,0.020156175,3
170-9,170,9,0,0.063414074,3
170-10,170,10,0,0.021918273,3
170-11,170,11,0,0.02225016,3
170-12,170,12,0,0.059627183,3
171-0,171,0,0,0.14969502,3
171-1,171,1,1,0.045058813,3
171-2,171,2,0,0.03496938,3
171-3,171,3,0,0.33154532,3
171-4,171,4,0,0.05202977,3
171-5,171,5,0,0.19484028,3
171-6,171,6,0,0.02837434,3
171-7,171,7,0,0.16852918,3
171-8,171,8,0,0.04829885,3
171-9,171,9,0,0.21635054,3
171-10,171,10,0,0.03806307,3
171-11,171,11,0,0.055371977,3
171-12,171,12,0,0.13558152,3
172-0,172,0,0,0.07736534,1
172-1,172,1,1,0.3180173,1
172-2,172,2,0,0.05457057,1
172-3,172,3,0,0.057467695,1
172-4,172,4,0,0.026118211,1
172-5,172,5,0,0.021762623,1
172-6,172,6,0,0.030930204,1
172-7,172,7,0,0.058223408,1
172-8,172,8,0,0.02978153,1
172-9,172,9,0,0.08195409,1
172-10,172,10,0,0.023092508,1
172-11,172,11,0,0.0597504,1
172-12,172,12,0,0.04598553,1
173-0,173,0,0,0.06380998,2
173-1,173,1,0,0.121648274,2
173-2,173,2,0,0.15115932,2
173-3,173,3,0,0.18411577,2
173-4,173,4,0,0.05143912,2
173-5,173,5,0,0.09379896,2
173-6,173,6,1,0.039492838,2
173-7,173,7,0,0.06300009,2
173-8,173,8,1,0.42134413,2
173-9,173,9,0,0.20122388,2
173-10,173,10,0,0.024619283,2
173-11,173,11,0,0.024862852,2
173-12,173,12,1,0.16022535,2
174-0,174,0,0,0.00081077626,5
174-1,174,1,0,0.0019399566,5
174-2,174,2,0,0.0008232849,5
174-3,174,3,0,0.0040413197,5
174-4,174,4,0,0.0012814057,5
174-5,174,5,0,0.001017328,5
174-6,174,6,1,0.9329579,5
174-7,174,7,0,0.0012769495,5
174-8,174,8,0,0.00093596755,5
174-9,174,9,0,0.0020341189,5
174-10,174,10,1,0.17796174,5
174-11,174,11,0,0.00081826106,5
174-12,174,12,0,0.001740537,5
175-0,175,0,0,0.008800242,1
175-1,175,1,1,0.8569331,1
175-2,175,2,0,0.004638963,1
175-3,175,3,0,0.0046924804,1
175-4,175,4,0,0.0025142913,1
175-5,175,5,0,0.002007219,1
175-6,175,6,0,0.0024678034,1
175-7,175,7,0,0.0051445677,1
175-8,175,8,0,0.0024721632,1
175-9,175,9,0,0.008692764,1
175-10,175,10,0,0.0030154525,1
175-11,175,11,0,0.005056147,1
175-12,175,12,0,0.0038926976,1
176-0,176,0,0,0.01940835,2
176-1,176,1,0,0.047044545,2
176-2,176,2,0,0.058229208,2
176-3,176,3,0,0.05044269,2
176-4,176,4,0,0.021916341,2
176-5,176,5,0,0.022501873,2
176-6,176,6,0,0.014970314,2
176-7,176,7,0,0.022728978,2
176-8,176,8,0,0.08089658,2
176-9,176,9,0,0.05599875,2
176-10,176,10,0,0.009617633,2
176-11,176,11,0,0.009892206,2
176-12,176,12,0,0.025607822,2
177-0,177,0,0,0.25589797,3
177-1,177,1,1,0.08307424,3
177-2,177,2,1,0.024485974,3
177-3,177,3,0,0.39112997,3
177-4,177,4,0,0.08827747,3
177-5,177,5,1,0.15303342,3
177-6,177,6,0,0.04774074,3
177-7,177,7,0,0.20201597,3
177-8,177,8,0,0.07678196,3
177-9,177,9,1,0.12457072,3
177-10,177,10,1,0.027192153,3
177-11,177,11,0,0.09367363,3
177-12,177,12,0,0.23519237,3
178-0,178,0,0,0.0070005194,5
178-1,178,1,0,0.016416887,5
178-2,178,2,0,0.006391972,5
178-3,178,3,0,0.019912697,5
178-4,178,4,0,0.006760213,5
178-5,178,5,0,0.006999389,5
178-6,178,6,0,0.02259616,5
178-7,178,7,0,0.012841327,5
178-8,178,8,0,0.0075659007,5
178-9,178,9,0,0.013930764,5
178-10,178,10,0,0.0052706855,5
178-11,178,11,0,0.00653959,5
178-12,178,12,0,0.014281564,5
179-0,179,0,0,0.010657351,1
179-1,179,1,0,0.0089599285,1
179-2,179,2,0,0.0054446044,1
179-3,179,3,0,0.0048462586,1
179-4,179,4,0,0.0025142913,1
179-5,179,5,0,0.002269827,1
179-6,179,6,0,0.0024678034,1
179-7,179,7,0,0.0062685036,1
179-8,179,8,0,0.0024855223,1
179-9,179,9,0,0.010527432,1
179-10,179,10,0,0.00281542,1
179-11,179,11,0,0.0059338026,1
179-12,179,12,0,0.0038926976,1
180-0,180,0,0,0.0010643689,5
180-1,180,1,1,0.8815891,5
180-2,180,2,1,0.7292215,5
180-3,180,3,1,0.892267,5
180-4,180,4,0,0.001459273,5
180-5,180,5,1,0.14014304,5
180-6,180,6,0,0.0028537794,5
180-7,180,7,0,0.0016826998,5
180-8,180,8,1,0.7865009,5
180-9,180,9,1,0.88842016,5
180-10,180,10,0,0.0009991437,5
180-11,180,11,0,0.00080439856,5
180-12,180,12,1,0.87145394,5
181-0,181,0,0,0.0012169264,4
181-1,181,1,1,0.84546006,4
181-2,181,2,0,0.0031966162,4
181-3,181,3,0,0.0017469274,4
181-4,181,4,0,0.00081840367,4
181-5,181,5,0,0.00050033897,4
181-6,181,6,0,0.0012459779,4
181-7,181,7,0,0.001176492,4
181-8,181,8,0,0.0026991668,4
181-9,181,9,0,0.0033034426,4
181-10,181,10,0,0.0010025874,4
181-11,181,11,0,0.001169493,4
181-12,181,12,0,0.0012268481,4
182-0,182,0,0,0.0012114513,4
182-1,182,1,1,0.84101313,4
182-2,182,2,0,0.0037721202,4
182-3,182,3,0,0.0017489443,4
182-4,182,4,0,0.0007447653,4
182-5,182,5,1,0.7494049,4
182-6,182,6,0,0.0013302604,4
182-7,182,7,0,0.0010221257,4
182-8,182,8,0,0.003464997,4
182-9,182,9,0,0.0032184038,4
182-10,182,10,0,0.0010941421,4
182-11,182,11,0,0.0013111145,4
182-12,182,12,1,0.8823091,4
183-0,183,0,0,0.0023957347,2
183-1,183,1,0,0.005653718,2
183-2,183,2,0,0.006233752,2
183-3,183,3,0,0.005325232,2
183-4,183,4,0,0.0020568713,2
183-5,183,5,0,0.0038413429,2
183-6,183,6,0,0.001517099,2
183-7,183,7,0,0.0016577517,2
183-8,183,8,0,0.00883398,2
183-9,183,9,0,0.009023724,2
183-10,183,10,0,0.00104315,2
183-11,183,11,0,0.0011048933,2
183-12,183,12,0,0.0027775562,2
184-0,184,0,0,0.10118915,4
184-1,184,1,0,0.11111785,4
184-2,184,2,0,0.3024445,4
184-3,184,3,0,0.17659757,4
184-4,184,4,0,0.059717145,4
184-5,184,5,0,0.066704966,4
184-6,184,6,0,0.11719971,4
184-7,184,7,0,0.09681846,4
184-8,184,8,0,0.18340066,4
184-9,184,9,0,0.27575135,4
184-10,184,10,0,0.03920748,4
184-11,184,11,0,0.1351937,4
184-12,184,12,0,0.13719775,4
185-0,185,0,0,0.020075902,2
185-1,185,1,1,0.4663019,2
185-2,185,2,0,0.05650458,2
185-3,185,3,0,0.05413247,2
185-4,185,4,0,0.018560087,2
185-5,185,5,0,0.030862017,2
185-6,185,6,0,0.013501984,2
185-7,185,7,0,0.02155109,2
185-8,185,8,0,0.08265185,2
185-9,185,9,0,0.06580375,2
185-10,185,10,0,0.009708711,2
185-11,185,11,0,0.009322044,2
185-12,185,12,0,0.028056717,2
186-0,186,0,0,0.044109214,2
186-1,186,1,0,0.08572538,2
186-2,186,2,0,0.107589334,2
186-3,186,3,0,0.13296922,2
186-4,186,4,0,0.037857797,2
186-5,186,5,0,0.06572094,2
186-6,186,6,1,0.06488691,2
186-7,186,7,0,0.04369699,2
186-8,186,8,0,0.14648293,2
186-9,186,9,1,0.5228786,2
186-10,186,10,1,0.07992819,2
186-11,186,11,0,0.017702669,2
186-12,186,12,0,0.048249416,2
187-0,187,0,0,0.0005685488,5
187-1,187,1,0,0.0013164888,5
187-2,187,2,0,0.0005374272,5
187-3,187,3,0,0.002711494,5
187-4,187,4,0,0.0008397111,5
187-5,187,5,0,0.000761775,5
187-6,187,6,0,0.0017061708,5
187-7,187,7,0,0.0010679375,5
187-8,187,8,1,0.8706274,5
187-9,187,9,0,0.0012266309,5
187-10,187,10,1,0.25032496,5
187-11,187,11,0,0.0005374272,5
187-12,187,12,0,0.0012042021,5
188-0,188,0,0,0.13112581,2
188-1,188,1,0,0.25019586,2
188-2,188,2,0,0.30165476,2
188-3,188,3,0,0.2720429,2
188-4,188,4,0,0.11449216,2
188-5,188,5,0,0.1531156,2
188-6,188,6,0,0.06881819,2
188-7,188,7,0,0.09105039,2
188-8,188,8,0,0.3682605,2
188-9,188,9,0,0.38606784,2
188-10,188,10,0,0.026416166,2
188-11,188,11,0,0.038988538,2
188-12,188,12,0,0.14511047,2
189-0,189,0,0,0.0007821558,5
189-1,189,1,0,0.0018715505,5
189-2,189,2,0,0.000633535,5
189-3,189,3,0,0.0027633654,5
189-4,189,4,0,0.00085678557,5
189-5,189,5,0,0.0010970404,5
189-6,189,6,0,0.0018918404,5
189-7,189,7,0,0.0011278641,5
189-8,189,8,0,0.00090293173,5
189-9,189,9,0,0.002001257,5
189-10,189,10,0,0.0007815169,5
189-11,189,11,0,0.00078937656,5
189-12,189,12,0,0.001646537,5
190-0,190,0,0,0.77197653,4
190-1,190,1,0,0.81192666,4
190-2,190,2,0,0.9403694,4
190-3,190,3,0,0.8810469,4
190-4,190,4,0,0.628094,4
190-5,190,5,0,0.70541954,4
190-6,190,6,0,0.82520646,4
190-7,190,7,0,0.7128424,4
190-8,190,8,0,0.86961573,4
190-9,190,9,1,0.0050810613,4
190-10,190,10,0,0.6059893,4
190-11,190,11,0,0.8384951,4
190-12,190,12,0,0.8324201,4
191-0,191,0,0,0.0052407677,3
191-1,191,1,0,0.0032263924,3
191-2,191,2,1,0.56955945,3
191-3,191,3,0,0.012480387,3
191-4,191,4,0,0.0020559349,3
191-5,191,5,1,0.90174663,3
191-6,191,6,0,0.00093975494,3
191-7,191,7,0,0.0049728253,3
191-8,191,8,1,0.56983685,3
191-9,191,9,1,0.89518124,3
191-10,191,10,1,0.40306485,3
191-11,191,11,1,0.64986974,3
191-12,191,12,0,0.0038886634,3
192-0,192,0,0,0.08659774,4
192-1,192,1,0,0.10859042,4
192-2,192,2,0,0.26889208,4
192-3,192,3,0,0.15279657,4
192-4,192,4,0,0.05742483,4
192-5,192,5,0,0.057161864,4
192-6,192,6,0,0.11287952,4
192-7,192,7,0,0.08435741,4
192-8,192,8,0,0.16806848,4
192-9,192,9,0,0.26918954,4
192-10,192,10,0,0.039033044,4
192-11,192,11,0,0.1322001,4
192-12,192,12,0,0.13664924,4
193-0,193,0,0,0.0023957347,2
193-1,193,1,0,0.005653718,2
193-2,193,2,0,0.006233752,2
193-3,193,3,0,0.005325232,2
193-4,193,4,0,0.0020568713,2
193-5,193,5,0,0.004161001,2
193-6,193,6,0,0.0017306274,2
193-7,193,7,0,0.0019035737,2
193-8,193,8,0,0.00930723,2
193-9,193,9,0,0.0091680065,2
193-10,193,10,0,0.0009813762,2
193-11,193,11,0,0.0011048933,2
193-12,193,12,0,0.002563904,2
194-0,194,0,0,0.00062922435,5
194-1,194,1,0,0.0014291846,5
194-2,194,2,0,0.0005211438,5
194-3,194,3,0,0.0026435065,5
194-4,194,4,0,0.00077860785,5
194-5,194,5,0,0.0008905555,5
194-6,194,6,0,0.0017823838,5
194-7,194,7,0,0.0010546492,5
194-8,194,8,0,0.00060935784,5
194-9,194,9,0,0.0015353442,5
194-10,194,10,0,0.0006329266,5
194-11,194,11,0,0.0005104201,5
194-12,194,12,0,0.0011837329,5
195-0,195,0,0,0.009098256,4
195-1,195,1,1,0.30875254,4
195-2,195,2,1,0.6077184,4
195-3,195,3,1,0.37213013,4
195-4,195,4,0,0.005913322,4
195-5,195,5,1,0.16493452,4
195-6,195,6,1,0.31337264,4
195-7,195,7,0,0.010088476,4
195-8,195,8,0,0.01971088,4
195-9,195,9,1,0.5626956,4
195-10,195,10,1,0.11472276,4
195-11,195,11,0,0.014428502,4
195-12,195,12,1,0.3267006,4
196-0,196,0,0,0.02342423,2
196-1,196,1,0,0.061429225,2
196-2,196,2,0,0.07408954,2
196-3,196,3,0,0.09206544,2
196-4,196,4,0,0.027694933,2
196-5,196,5,1,0.21233174,2
196-6,196,6,0,0.018444136,2
196-7,196,7,0,0.028594743,2
196-8,196,8,0,0.101678066,2
196-9,196,9,0,0.067067906,2
196-10,196,10,0,0.012678933,2
196-11,196,11,1,0.05813626,2
196-12,196,12,0,0.029304953,2
197-0,197,0,0,0.078579284,1
197-1,197,1,0,0.09701453,1
197-2,197,2,0,0.05399544,1
197-3,197,3,0,0.04999654,1
197-4,197,4,0,0.025253056,1
197-5,197,5,0,0.024696661,1
197-6,197,6,0,0.03068567,1
197-7,197,7,0,0.055753913,1
197-8,197,8,0,0.029683247,1
197-9,197,9,0,0.09223796,1
197-10,197,10,0,0.02384446,1
197-11,197,11,0,0.0597504,1
197-12,197,12,0,0.044482995,1
198-0,198,0,0,0.0012114513,4
198-1,198,1,0,0.0010553056,4
198-2,198,2,0,0.0035902031,4
198-3,198,3,0,0.0017217678,4
198-4,198,4,0,0.000842505,4
198-5,198,5,0,0.0005487956,4
198-6,198,6,0,0.0012155575,4
198-7,198,7,0,0.0009311022,4
198-8,198,8,0,0.0030761857,4
198-9,198,9,0,0.003168466,4
198-10,198,10,0,0.0009934594,4
198-11,198,11,0,0.0013111145,4
198-12,198,12,0,0.0013507277,4
199-0,199,0,1,0.066765234,4
199-1,199,1,0,0.12202982,4
199-2,199,2,1,0.22839847,4
199-3,199,3,1,0.104887545,4
199-4,199,4,0,0.06363508,4
199-5,199,5,1,0.0433855,4
199-6,199,6,1,0.08010174,4
199-7,199,7,0,0.10391335,4
199-8,199,8,1,0.11759593,4
199-9,199,9,0,0.29710445,4
199-10,199,10,1,0.034846414,4
199-11,199,11,1,0.089280404,4
199-12,199,12,1,0.092438854,4
200-0,200,0,0,0.01712692,5
200-1,200,1,0,0.039276488,5
200-2,200,2,0,0.016475337,5
200-3,200,3,0,0.04939449,5
200-4,200,4,0,0.0132317655,5
200-5,200,5,0,0.012536548,5
200-6,200,6,0,0.04650997,5
200-7,200,7,1,0.5379871,5
200-8,200,8,0,0.019798508,5
200-9,200,9,0,0.030193113,5
200-10,200,10,0,0.009777914,5
200-11,200,11,0,0.016068883,5
200-12,200,12,0,0.032150686,5
201-0,201,0,0,0.011194402,3
201-1,201,1,0,0.007042953,3
201-2,201,2,0,0.0025372934,3
201-3,201,3,0,0.02186472,3
201-4,201,4,0,0.0050922465,3
201-5,201,5,0,0.013874259,3
201-6,201,6,0,0.001980005,3
201-7,201,7,0,0.011487359,3
201-8,201,8,0,0.0023818302,3
201-9,201,9,1,0.6166728,3
201-10,201,10,0,0.0033001911,3
201-11,201,11,0,0.0032267037,3
201-12,201,12,0,0.008622442,3
202-0,202,0,0,0.056240987,4
202-1,202,1,0,0.06552291,4
202-2,202,2,0,0.19561994,4
202-3,202,3,0,0.09404645,4
202-4,202,4,0,0.030032607,4
202-5,202,5,0,0.038543735,4
202-6,202,6,0,0.071176924,4
202-7,202,7,0,0.062512614,4
202-8,202,8,0,0.11632339,4
202-9,202,9,0,0.1645528,4
202-10,202,10,0,0.02412588,4
202-11,202,11,0,0.08061576,4
202-12,202,12,0,0.09273314,4
203-0,203,0,1,0.008782699,3
203-1,203,1,0,0.7638526,3
203-2,203,2,0,0.49037352,3
203-3,203,3,1,0.020023465,3
203-4,203,4,0,0.682092,3
203-5,203,5,0,0.8672023,3
203-6,203,6,1,0.0015807165,3
203-7,203,7,0,0.83949745,3
203-8,203,8,0,0.5182472,3
203-9,203,9,1,0.012041379,3
203-10,203,10,1,0.0024032465,3
203-11,203,11,0,0.5910763,3
203-12,203,12,0,0.80199504,3
204-0,204,0,0,0.0007964825,5
204-1,204,1,0,0.0019592775,5
204-2,204,2,0,0.0007113893,5
204-3,204,3,0,0.0029086235,5
204-4,204,4,0,0.0009932872,5
204-5,204,5,0,0.0012154921,5
204-6,204,6,0,0.0023219713,5
204-7,204,7,0,0.0014180074,5
204-8,204,8,0,0.0008029413,5
204-9,204,9,0,0.0020950513,5
204-10,204,10,0,0.00085111253,5
204-11,204,11,0,0.00068640395,5
204-12,204,12,0,0.001479804,5
205-0,205,0,0,0.01570505,3
205-1,205,1,0,0.010677586,3
205-2,205,2,0,0.0038222224,3
205-3,205,3,0,0.029849393,3
205-4,205,4,0,0.0050382237,3
205-5,205,5,0,0.021370338,3
205-6,205,6,0,0.0030913844,3
205-7,205,7,0,0.016606683,3
205-8,205,8,0,0.0040284526,3
205-9,205,9,0,0.015906818,3
205-10,205,10,0,0.0049772398,3
205-11,205,11,1,0.19631156,3
205-12,205,12,0,0.013420487,3
206-0,206,0,0,0.009656244,1
206-1,206,1,0,0.010905398,1
206-2,206,2,0,0.005212433,1
206-3,206,3,0,0.0056879376,1
206-4,206,4,0,0.0026727836,1
206-5,206,5,0,0.003061459,1
206-6,206,6,0,0.0029588677,1
206-7,206,7,0,0.005659567,1
206-8,206,8,0,0.002937209,1
206-9,206,9,0,0.010193099,1
206-10,206,10,0,0.0033938822,1
206-11,206,11,0,0.0061506885,1
206-12,206,12,0,0.00473084,1
207-0,207,0,0,0.003144634,2
207-1,207,1,0,0.0056038657,2
207-2,207,2,0,0.0066916747,2
207-3,207,3,0,0.0081061,2
207-4,207,4,0,0.002776257,2
207-5,207,5,1,0.6592555,2
207-6,207,6,0,0.001948088,2
207-7,207,7,1,0.5758882,2
207-8,207,8,0,0.008844863,2
207-9,207,9,0,0.0073859626,2
207-10,207,10,0,0.0009808205,2
207-11,207,11,0,0.0010483809,2
207-12,207,12,0,0.0027527106,2
208-0,208,0,0,0.049975272,3
208-1,208,1,0,0.03512039,3
208-2,208,2,0,0.011438309,3
208-3,208,3,0,0.11792537,3
208-4,208,4,0,0.020203505,3
208-5,208,5,0,0.06418353,3
208-6,208,6,0,0.008530781,3
208-7,208,7,0,0.055131808,3
208-8,208,8,0,0.015342402,3
208-9,208,9,1,0.42669788,3
208-10,208,10,0,0.016352702,3
208-11,208,11,0,0.016218042,3
208-12,208,12,0,0.04803107,3
209-0,209,0,0,0.11607561,1
209-1,209,1,0,0.1462905,1
209-2,209,2,0,0.08015693,1
209-3,209,3,0,0.07357966,1
209-4,209,4,0,0.034738086,1
209-5,209,5,0,0.033018284,1
209-6,209,6,0,0.044691954,1
209-7,209,7,0,0.08357998,1
209-8,209,8,0,0.044037405,1
209-9,209,9,0,0.12265516,1
209-10,209,10,0,0.029151842,1
209-11,209,11,0,0.089963675,1
209-12,209,12,0,0.06627725,1
210-0,210,0,0,0.23828468,1
210-1,210,1,1,0.063877285,1
210-2,210,2,1,0.033526193,1
210-3,210,3,0,0.19307615,1
210-4,210,4,0,0.09994083,1
210-5,210,5,0,0.09358439,1
210-6,210,6,0,0.093989655,1
210-7,210,7,0,0.1925406,1
210-8,210,8,1,0.021009658,1
210-9,210,9,0,0.25163332,1
210-10,210,10,1,0.014101039,1
210-11,210,11,1,0.03882749,1
210-12,210,12,1,0.028424142,1
211-0,211,0,1,0.08202505,4
211-1,211,1,1,0.11593006,4
211-2,211,2,1,0.31262842,4
211-3,211,3,1,0.15002072,4
211-4,211,4,1,0.06124608,4
211-5,211,5,0,0.05518019,4
211-6,211,6,1,0.11684129,4
211-7,211,7,1,0.09911579,4
211-8,211,8,1,0.20157166,4
211-9,211,9,1,0.2780796,4
211-10,211,10,1,0.04691144,4
211-11,211,11,0,0.11327213,4
211-12,211,12,1,0.13497953,4
212-0,212,0,0,0.1233382,1
212-1,212,1,0,0.15799591,1
212-2,212,2,0,0.089384034,1
212-3,212,3,0,0.08048588,1
212-4,212,4,0,0.03712531,1
212-5,212,5,1,0.028685268,1
212-6,212,6,0,0.052621283,1
212-7,212,7,0,0.09317978,1
212-8,212,8,1,0.034363136,1
212-9,212,9,0,0.14949578,1
212-10,212,10,1,0.024304181,1
212-11,212,11,0,0.1016687,1
212-12,212,12,0,0.074943505,1
213-0,213,0,1,0.0016207666,4
213-1,213,1,1,0.0013725281,4
213-2,213,2,1,0.0052299923,4
213-3,213,3,1,0.0021248793,4
213-4,213,4,1,0.0011937591,4
213-5,213,5,1,0.0006665365,4
213-6,213,6,1,0.0016178311,4
213-7,213,7,1,0.0015669351,4
213-8,213,8,1,0.0034145487,4
213-9,213,9,1,0.0057904106,4
213-10,213,10,1,0.0012688834,4
213-11,213,11,1,0.001557617,4
213-12,213,12,1,0.0018006593,4
214-0,214,0,0,0.12532644,3
214-1,214,1,0,0.06268031,3
214-2,214,2,0,0.018999178,3
214-3,214,3,0,0.22320224,3
214-4,214,4,0,0.039295,3
214-5,214,5,0,0.11918383,3
214-6,214,6,0,0.015436984,3
214-7,214,7,0,0.1027244,3
214-8,214,8,0,0.026906997,3
214-9,214,9,0,0.10405941,3
214-10,214,10,0,0.026081195,3
214-11,214,11,0,0.022248542,3
214-12,214,12,0,0.08252563,3
215-0,215,0,0,0.026965713,1
215-1,215,1,0,0.027655173,1
215-2,215,2,0,0.014057373,1
215-3,215,3,0,0.016270416,1
215-4,215,4,0,0.0067403656,1
215-5,215,5,0,0.006434715,1
215-6,215,6,0,0.008071358,1
215-7,215,7,0,0.016651573,1
215-8,215,8,0,0.009517666,1
215-9,215,9,0,0.026439976,1
215-10,215,10,0,0.0075000636,1
215-11,215,11,0,0.015804404,1
215-12,215,12,0,0.013322258,1
216-0,216,0,0,0.035703342,1
216-1,216,1,0,0.04041939,1
216-2,216,2,0,0.020964632,1
216-3,216,3,0,0.021417798,1
216-4,216,4,0,0.008900029,1
216-5,216,5,0,0.009410634,1
216-6,216,6,0,0.010652923,1
216-7,216,7,0,0.02191684,1
216-8,216,8,0,0.011607117,1
216-9,216,9,0,0.034371767,1
216-10,216,10,0,0.010219274,1
216-11,216,11,0,0.020807415,1
216-12,216,12,0,0.017553555,1
217-0,217,0,0,0.14271155,2
217-1,217,1,0,0.13568693,2
217-2,217,2,0,0.2851013,2
217-3,217,3,0,0.33571094,2
217-4,217,4,0,0.07583208,2
217-5,217,5,0,0.16649069,2
217-6,217,6,0,0.039432377,2
217-7,217,7,0,0.14810583,2
217-8,217,8,0,0.3846733,2
217-9,217,9,0,0.2795405,2
217-10,217,10,0,0.036681756,2
217-11,217,11,0,0.026456496,2
217-12,217,12,0,0.13211015,2
218-0,218,0,0,0.12842193,1
218-1,218,1,0,0.12615825,1
218-2,218,2,0,0.07426796,1
218-3,218,3,0,0.07978991,1
218-4,218,4,0,0.033299573,1
218-5,218,5,0,0.031534266,1
218-6,218,6,0,0.04485696,1
218-7,218,7,0,0.07993596,1
218-8,218,8,0,0.04354911,1
218-9,218,9,0,0.12013756,1
218-10,218,10,0,0.03215301,1
218-11,218,11,0,0.07611814,1
218-12,218,12,0,0.06478711,1
219-0,219,0,0,0.026669491,2
219-1,219,1,0,0.02491972,2
219-2,219,2,0,0.038366687,2
219-3,219,3,0,0.06367737,2
219-4,219,4,0,0.012574294,2
219-5,219,5,0,0.018574355,2
219-6,219,6,0,0.00906928,2
219-7,219,7,0,0.021650463,2
219-8,219,8,0,0.07497108,2
219-9,219,9,0,0.057743378,2
219-10,219,10,0,0.0073602246,2
219-11,219,11,0,0.005967995,2
219-12,219,12,0,0.01644914,2
220-0,220,0,1,0.0033137687,2
220-1,220,1,0,0.47237813,2
220-2,220,2,1,0.006751139,2
220-3,220,3,1,0.008917438,2
220-4,220,4,0,0.4910265,2
220-5,220,5,0,0.6544351,2
220-6,220,6,0,0.21593615,2
220-7,220,7,0,0.57065654,2
220-8,220,8,0,0.84869087,2
220-9,220,9,0,0.84381044,2
220-10,220,10,1,0.0010896433,2
220-11,220,11,1,0.00086628884,2
220-12,220,12,1,0.0027775562,2
221-0,221,0,0,0.111781836,4
221-1,221,1,0,0.10244304,4
221-2,221,2,1,0.43804064,4
221-3,221,3,0,0.19423003,4
221-4,221,4,0,0.05002421,4
221-5,221,5,1,0.106688894,4
221-6,221,6,0,0.1037686,4
221-7,221,7,0,0.10526805,4
221-8,221,8,0,0.19290209,4
221-9,221,9,1,0.38579452,4
221-10,221,10,0,0.042325895,4
221-11,221,11,0,0.118328065,4
221-12,221,12,0,0.14110816,4
222-0,222,0,1,0.10521612,4
222-1,222,1,1,0.09862519,4
222-2,222,2,1,0.2768363,4
222-3,222,3,1,0.19022357,4
222-4,222,4,1,0.048055332,4
222-5,222,5,0,0.07870154,4
222-6,222,6,1,0.122279234,4
222-7,222,7,1,0.09904227,4
222-8,222,8,1,0.17903921,4
222-9,222,9,1,0.24337868,4
222-10,222,10,1,0.04165487,4
222-11,222,11,1,0.11399337,4
222-12,222,12,1,0.133078,4
223-0,223,0,0,0.5210615,3
223-1,223,1,0,0.31001142,3
223-2,223,2,0,0.11941432,3
223-3,223,3,0,0.6705351,3
223-4,223,4,0,0.22128962,3
223-5,223,5,0,0.47925422,3
223-6,223,6,1,0.012501656,3
223-7,223,7,0,0.45208582,3
223-8,223,8,1,0.020779874,3
223-9,223,9,1,0.06692286,3
223-10,223,10,0,0.08191143,3
223-11,223,11,1,0.019474726,3
223-12,223,12,0,0.40012512,3
224-0,224,0,0,0.0033370196,4
224-1,224,1,0,0.002880681,4
224-2,224,2,0,0.009701745,4
224-3,224,3,0,0.0052014,4
224-4,224,4,0,0.0021838488,4
224-5,224,5,0,0.0014381483,4
224-6,224,6,0,0.0037073568,4
224-7,224,7,0,0.002629506,4
224-8,224,8,0,0.0067052227,4
224-9,224,9,0,0.010328045,4
224-10,224,10,0,0.0025516758,4
224-11,224,11,0,0.0029919012,4
224-12,224,12,0,0.0038366767,4
225-0,225,0,0,0.057125717,2
225-1,225,1,0,0.06317489,2
225-2,225,2,0,0.11636829,2
225-3,225,3,0,0.14301746,2
225-4,225,4,0,0.04601078,2
225-5,225,5,0,0.047563672,2
225-6,225,6,0,0.024679508,2
225-7,225,7,0,0.04919651,2
225-8,225,8,0,0.15595412,2
225-9,225,9,0,0.11197314,2
225-10,225,10,0,0.020057121,2
225-11,225,11,0,0.015717462,2
225-12,225,12,0,0.051767148,2
226-0,226,0,0,0.021176418,3
226-1,226,1,0,0.010835587,3
226-2,226,2,0,0.0037744273,3
226-3,226,3,0,0.0432411,3
226-4,226,4,0,0.006678933,3
226-5,226,5,0,0.020047763,3
226-6,226,6,0,0.0028449206,3
226-7,226,7,0,0.017534766,3
226-8,226,8,0,0.0034718697,3
226-9,226,9,0,0.017499676,3
226-10,226,10,0,0.0052345446,3
226-11,226,11,0,0.0034840899,3
226-12,226,12,0,0.0107272705,3
227-0,227,0,0,0.027510758,2
227-1,227,1,0,0.044129778,2
227-2,227,2,0,0.0571551,2
227-3,227,3,0,0.07091173,2
227-4,227,4,0,0.021126755,2
227-5,227,5,1,0.27853414,2
227-6,227,6,0,0.015554926,2
227-7,227,7,0,0.02321431,2
227-8,227,8,1,0.50376576,2
227-9,227,9,0,0.05829886,2
227-10,227,10,0,0.0096033,2
227-11,227,11,0,0.007870282,2
227-12,227,12,0,0.02520858,2
228-0,228,0,1,0.15962382,2
228-1,228,1,0,0.0959415,2
228-2,228,2,1,0.30955526,2
228-3,228,3,1,0.36230588,2
228-4,228,4,1,0.1264765,2
228-5,228,5,0,0.09379896,2
228-6,228,6,1,0.04355157,2
228-7,228,7,0,0.06731908,2
228-8,228,8,0,0.21148886,2
228-9,228,9,0,0.18490176,2
228-10,228,10,1,0.05020329,2
228-11,228,11,0,0.024513405,2
228-12,228,12,0,0.06991257,2
229-0,229,0,1,0.16482632,3
229-1,229,1,0,0.03359033,3
229-2,229,2,0,0.014693088,3
229-3,229,3,0,0.16443934,3
229-4,229,4,1,0.049022496,3
229-5,229,5,1,0.1445053,3
229-6,229,6,0,0.012169179,3
229-7,229,7,0,0.08106776,3
229-8,229,8,0,0.02113677,3
229-9,229,9,0,0.09472126,3
229-10,229,10,0,0.02070469,3
229-11,229,11,0,0.01666661,3
229-12,229,12,0,0.067517385,3
230-0,230,0,0,0.010613434,4
230-1,230,1,0,0.011725832,4
230-2,230,2,0,0.039346486,4
230-3,230,3,0,0.02149737,4
230-4,230,4,0,0.005913322,4
230-5,230,5,0,0.005912327,4
230-6,230,6,0,0.013235433,4
230-7,230,7,0,0.010132549,4
230-8,230,8,0,0.01971088,4
230-9,230,9,0,0.029354978,4
230-10,230,10,0,0.008699641,4
230-11,230,11,0,0.011913613,4
230-12,230,12,0,0.015635274,4
231-0,231,0,0,0.015980583,1
231-1,231,1,0,0.021523336,1
231-2,231,2,0,0.008428684,1
231-3,231,3,0,0.008611675,1
231-4,231,4,0,0.0044438248,1
231-5,231,5,0,0.0046297004,1
231-6,231,6,0,0.0057961205,1
231-7,231,7,0,0.008949679,1
231-8,231,8,0,0.004721512,1
231-9,231,9,0,0.019399753,1
231-10,231,10,0,0.0052821506,1
231-11,231,11,1,0.72629875,1
231-12,231,12,0,0.009248729,1
232-0,232,0,0,0.1905335,2
232-1,232,1,0,0.27209142,2
232-2,232,2,0,0.35715875,2
232-3,232,3,0,0.4243005,2
232-4,232,4,0,0.12895882,2
232-5,232,5,0,0.18733348,2
232-6,232,6,0,0.052444894,2
232-7,232,7,0,0.17172448,2
232-8,232,8,0,0.42710367,2
232-9,232,9,0,0.39659813,2
232-10,232,10,0,0.051276498,2
232-11,232,11,0,0.04295218,2
232-12,232,12,0,0.15130422,2
233-0,233,0,0,0.08427338,5
233-1,233,1,0,0.19467106,5
233-2,233,2,0,0.08541211,5
233-3,233,3,0,0.3251841,5
233-4,233,4,0,0.07754611,5
233-5,233,5,0,0.051892605,5
233-6,233,6,0,0.19398336,5
233-7,233,7,0,0.18906206,5
233-8,233,8,0,0.12279795,5
233-9,233,9,0,0.20896193,5
233-10,233,10,0,0.040277414,5
233-11,233,11,0,0.08541211,5
233-12,233,12,0,0.1375755,5
234-0,234,0,0,0.00690171,3
234-1,234,1,0,0.002846854,3
234-2,234,2,0,0.0011655859,3
234-3,234,3,0,0.01202248,3
234-4,234,4,0,0.0015367235,3
234-5,234,5,0,0.00540908,3
234-6,234,6,0,0.0009914653,3
234-7,234,7,0,0.005352722,3
234-8,234,8,0,0.001091688,3
234-9,234,9,0,0.0052253804,3
234-10,234,10,0,0.0014097992,3
234-11,234,11,1,0.6317133,3
234-12,234,12,0,0.0040916493,3
235-0,235,0,0,0.08079594,3
235-1,235,1,0,0.036529034,3
235-2,235,2,0,0.011722831,3
235-3,235,3,0,0.15028885,3
235-4,235,4,0,0.02139752,3
235-5,235,5,0,0.0711564,3
235-6,235,6,0,0.011155101,3
235-7,235,7,0,0.0697606,3
235-8,235,8,0,0.018608063,3
235-9,235,9,0,0.072052516,3
235-10,235,10,0,0.016244609,3
235-11,235,11,0,0.015738735,3
235-12,235,12,0,0.049311183,3
236-0,236,0,1,0.08573864,3
236-1,236,1,1,0.03638311,3
236-2,236,2,1,0.012593835,3
236-3,236,3,1,0.13816687,3
236-4,236,4,1,0.015500147,3
236-5,236,5,1,0.051287044,3
236-6,236,6,1,0.0104827825,3
236-7,236,7,1,0.06916149,3
236-8,236,8,1,0.016817044,3
236-9,236,9,1,0.056250144,3
236-10,236,10,1,0.016902328,3
236-11,236,11,1,0.011158046,3
236-12,236,12,1,0.051610176,3
237-0,237,0,0,0.12436376,1
237-1,237,1,0,0.12615825,1
237-2,237,2,0,0.067488916,1
237-3,237,3,0,0.07978991,1
237-4,237,4,0,0.033299573,1
237-5,237,5,0,0.031534266,1
237-6,237,6,0,0.040075496,1
237-7,237,7,0,0.07993596,1
237-8,237,8,0,0.043691237,1
237-9,237,9,0,0.12013756,1
237-10,237,10,0,0.03215301,1
237-11,237,11,0,0.07611814,1
237-12,237,12,0,0.05931285,1
238-0,238,0,1,0.61682993,2
238-1,238,1,0,0.0048315832,2
238-2,238,2,1,0.7896666,2
238-3,238,3,0,0.008256208,2
238-4,238,4,0,0.0027074867,2
238-5,238,5,1,0.6183155,2
238-6,238,6,0,0.0015666584,2
238-7,238,7,0,0.0024136307,2
238-8,238,8,0,0.008431475,2
238-9,238,9,0,0.00887455,2
238-10,238,10,0,0.0008624023,2
238-11,238,11,0,0.0008194303,2
238-12,238,12,0,0.0025704193,2
239-0,239,0,1,0.1620049,4
239-1,239,1,1,0.17279468,4
239-2,239,2,1,0.37435713,4
239-3,239,3,1,0.27653798,4
239-4,239,4,0,0.04548679,4
239-5,239,5,0,0.07047732,4
239-6,239,6,1,0.15825269,4
239-7,239,7,0,0.09622732,4
239-8,239,8,0,0.17783096,4
239-9,239,9,0,0.27381283,4
239-10,239,10,0,0.038458485,4
239-11,239,11,1,0.1672978,4
239-12,239,12,1,0.21297643,4
240-0,240,0,0,0.82177204,1
240-1,240,1,0,0.8298101,1
240-2,240,2,0,0.71122944,1
240-3,240,3,0,0.7173941,1
240-4,240,4,0,0.5199254,1
240-5,240,5,0,0.51567817,1
240-6,240,6,0,0.52240074,1
240-7,240,7,0,0.67301285,1
240-8,240,8,0,0.5024549,1
240-9,240,9,0,0.82178915,1
240-10,240,10,0,0.3702098,1
240-11,240,11,0,0.7136616,1
240-12,240,12,0,0.65204525,1
241-0,241,0,0,0.0009139708,5
241-1,241,1,0,0.0019592775,5
241-2,241,2,0,0.0007113893,5
241-3,241,3,0,0.0036057334,5
241-4,241,4,0,0.0012339349,5
241-5,241,5,0,0.0012154921,5
241-6,241,6,0,0.002395867,5
241-7,241,7,0,0.0026894994,5
241-8,241,8,0,0.00081942516,5
241-9,241,9,0,0.0018534855,5
241-10,241,10,0,0.00085111253,5
241-11,241,11,0,0.0005612484,5
241-12,241,12,0,0.0013671741,5
242-0,242,0,0,0.056022804,5
242-1,242,1,0,0.1585842,5
242-2,242,2,0,0.06726434,5
242-3,242,3,0,0.27119803,5
242-4,242,4,0,0.08909258,5
242-5,242,5,1,0.0068367645,5
242-6,242,6,0,0.24001613,5
242-7,242,7,0,0.1993946,5
242-8,242,8,0,0.09755408,5
242-9,242,9,0,0.1677495,5
242-10,242,10,0,0.03217174,5
242-11,242,11,0,0.044206556,5
242-12,242,12,0,0.14737497,5
243-0,243,0,0,0.17562862,5
243-1,243,1,0,0.29551515,5
243-2,243,2,0,0.15371932,5
243-3,243,3,0,0.45301428,5
243-4,243,4,0,0.18196289,5
243-5,243,5,0,0.0582118,5
243-6,243,6,1,0.02316382,5
243-7,243,7,0,0.28177753,5
243-8,243,8,0,0.19065763,5
243-9,243,9,0,0.30968165,5
243-10,243,10,0,0.040882055,5
243-11,243,11,0,0.09251427,5
243-12,243,12,0,0.27361056,5
244-0,244,0,0,0.079288416,1
244-1,244,1,1,0.55657446,1
244-2,244,2,0,0.04837325,1
244-3,244,3,0,0.04938899,1
244-4,244,4,0,0.022419054,1
244-5,244,5,0,0.01975201,1
244-6,244,6,0,0.028253915,1
244-7,244,7,0,0.050647616,1
244-8,244,8,0,0.027111832,1
244-9,244,9,0,0.084799685,1
244-10,244,10,0,0.019931825,1
244-11,244,11,0,0.048015058,1
244-12,244,12,0,0.040683247,1
245-0,245,0,1,0.017498119,5
245-1,245,1,1,0.040575325,5
245-2,245,2,1,0.013051637,5
245-3,245,3,1,0.058037587,5
245-4,245,4,0,0.04072461,5
245-5,245,5,1,0.01233107,5
245-6,245,6,0,0.10678134,5
245-7,245,7,0,0.093131356,5
245-8,245,8,1,0.016930358,5
245-9,245,9,0,0.11770181,5
245-10,245,10,1,0.009346791,5
245-11,245,11,0,0.027078295,5
245-12,245,12,1,0.02805602,5
246-0,246,0,0,0.10213562,5
246-1,246,1,1,0.10356032,5
246-2,246,2,1,0.040148478,5
246-3,246,3,1,0.15966068,5
246-4,246,4,0,0.096998304,5
246-5,246,5,0,0.07050122,5
246-6,246,6,1,0.15184887,5
246-7,246,7,0,0.15559937,5
246-8,246,8,1,0.066639416,5
246-9,246,9,0,0.17781638,5
246-10,246,10,1,0.023834223,5
246-11,246,11,1,0.039181285,5
246-12,246,12,1,0.09668857,5
247-0,247,0,0,0.016386954,4
247-1,247,1,0,0.018498912,4
247-2,247,2,0,0.061640274,4
247-3,247,3,0,0.032369167,4
247-4,247,4,0,0.009466593,4
247-5,247,5,0,0.011465521,4
247-6,247,6,0,0.019945504,4
247-7,247,7,0,0.014607137,4
247-8,247,8,0,0.027865116,4
247-9,247,9,0,0.051461,4
247-10,247,10,0,0.012785131,4
247-11,247,11,0,0.01767782,4
247-12,247,12,0,0.021351214,4
248-0,248,0,1,0.07569091,2
248-1,248,1,1,0.100275114,2
248-2,248,2,0,0.16375852,2
248-3,248,3,0,0.19899707,2
248-4,248,4,0,0.054773483,2
248-5,248,5,0,0.099216856,2
248-6,248,6,0,0.03806926,2
248-7,248,7,0,0.07138486,2
248-8,248,8,0,0.2110511,2
248-9,248,9,0,0.21687274,2
248-10,248,10,0,0.02365644,2
248-11,248,11,0,0.021467505,2
248-12,248,12,0,0.07508994,2
249-0,249,0,0,0.31593168,3
249-1,249,1,0,0.1454378,3
249-2,249,2,0,0.047623545,3
249-3,249,3,0,0.45186266,3
249-4,249,4,0,0.086618505,3
249-5,249,5,0,0.25743958,3
249-6,249,6,0,0.045214582,3
249-7,249,7,0,0.27244985,3
249-8,249,8,0,0.07799667,3
249-9,249,9,0,0.25846052,3
249-10,249,10,0,0.060229607,3
249-11,249,11,0,0.06461486,3
249-12,249,12,0,0.21536358,3
250-0,250,0,1,0.49343756,3
250-1,250,1,1,0.30851105,3
250-2,250,2,0,0.004004962,3
250-3,250,3,1,0.6449423,3
250-4,250,4,1,0.2200817,3
250-5,250,5,0,0.020297429,3
250-6,250,6,0,0.003348386,3
250-7,250,7,1,0.44141123,3
250-8,250,8,1,0.14147766,3
250-9,250,9,1,0.48803538,3
250-10,250,10,1,0.081007645,3
250-11,250,11,1,0.14620344,3
250-12,250,12,1,0.3939993,3
251-0,251,0,0,0.011837169,4
251-1,251,1,0,0.010295378,4
251-2,251,2,0,0.039346486,4
251-3,251,3,1,0.46040967,4
251-4,251,4,0,0.004820906,4
251-5,251,5,0,0.0057728086,4
251-6,251,6,0,0.0131780375,4
251-7,251,7,0,0.010132549,4
251-8,251,8,0,0.01971088,4
251-9,251,9,0,0.03334442,4
251-10,251,10,0,0.00940208,4
251-11,251,11,0,0.011734537,4
251-12,251,12,0,0.01551167,4
252-0,252,0,0,0.00790154,5
252-1,252,1,0,0.0149063505,5
252-2,252,2,0,0.0059323874,5
252-3,252,3,0,0.030699708,5
252-4,252,4,0,0.0062765726,5
252-5,252,5,1,0.032633778,5
252-6,252,6,0,0.022504615,5
252-7,252,7,1,0.2485627,5
252-8,252,8,0,0.0105038155,5
252-9,252,9,0,0.016588401,5
252-10,252,10,0,0.004817823,5
252-11,252,11,0,0.004484098,5
252-12,252,12,0,0.020650724,5
253-0,253,0,0,0.029096328,3
253-1,253,1,0,0.013793618,3
253-2,253,2,0,0.0050684,3
253-3,253,3,0,0.051638942,3
253-4,253,4,0,0.0062063662,3
253-5,253,5,0,0.027378432,3
253-6,253,6,0,0.0046691434,3
253-7,253,7,0,0.022271505,3
253-8,253,8,0,0.0049535153,3
253-9,253,9,0,0.029035166,3
253-10,253,10,0,0.0074010873,3
253-11,253,11,0,0.0047391434,3
253-12,253,12,0,0.01710102,3
254-0,254,0,0,0.0009144189,5
254-1,254,1,0,0.0018715505,5
254-2,254,2,0,0.0007942232,5
254-3,254,3,0,0.0038753874,5
254-4,254,4,0,0.00096194167,5
254-5,254,5,0,0.0010970404,5
254-6,254,6,0,0.0026276107,5
254-7,254,7,0,0.0016052986,5
254-8,254,8,0,0.00090293173,5
254-9,254,9,0,0.0016782847,5
254-10,254,10,0,0.00089046167,5
254-11,254,11,0,0.000633535,5
254-12,254,12,0,0.001679151,5
255-0,255,0,0,0.2791521,1
255-1,255,1,0,0.2669706,1
255-2,255,2,0,0.1807242,1
255-3,255,3,0,0.18373808,1
255-4,255,4,0,0.08333617,1
255-5,255,5,0,0.078358516,1
255-6,255,6,0,0.10871765,1
255-7,255,7,0,0.18237504,1
255-8,255,8,0,0.10939092,1
255-9,255,9,0,0.26284382,1
255-10,255,10,0,0.06919957,1
255-11,255,11,0,0.17222165,1
255-12,255,12,1,0.10980434,1
256-0,256,0,0,0.1778353,3
256-1,256,1,0,0.09110551,3
256-2,256,2,1,0.012711674,3
256-3,256,3,1,0.14524071,3
256-4,256,4,0,0.058965784,3
256-5,256,5,1,0.060924858,3
256-6,256,6,1,0.0111917425,3
256-7,256,7,1,0.0687594,3
256-8,256,8,1,0.018302515,3
256-9,256,9,1,0.060489763,3
256-10,256,10,0,0.030421576,3
256-11,256,11,1,0.013856916,3
256-12,256,12,0,0.11543035,3
257-0,257,0,0,0.51340204,3
257-1,257,1,0,0.3258058,3
257-2,257,2,0,0.12728968,3
257-3,257,3,0,0.692242,3
257-4,257,4,0,0.23409744,3
257-5,257,5,0,0.43472657,3
257-6,257,6,0,0.11700888,3
257-7,257,7,0,0.46118727,3
257-8,257,8,0,0.16340625,3
257-9,257,9,0,0.43687412,3
257-10,257,10,0,0.08715633,3
257-11,257,11,0,0.19418891,3
257-12,257,12,0,0.3227827,3
258-0,258,0,1,0.5505507,5
258-1,258,1,0,0.0026299187,5
258-2,258,2,0,0.0010195649,5
258-3,258,3,0,0.00488961,5
258-4,258,4,0,0.0018329761,5
258-5,258,5,0,0.001545167,5
258-6,258,6,1,0.7854262,5
258-7,258,7,0,0.0022692753,5
258-8,258,8,0,0.0012712495,5
258-9,258,9,1,0.7059057,5
258-10,258,10,0,0.0012040776,5
258-11,258,11,0,0.000983359,5
258-12,258,12,0,0.0023304503,5
259-0,259,0,0,0.2791521,1
259-1,259,1,0,0.30358195,1
259-2,259,2,0,0.17907138,1
259-3,259,3,0,0.19212094,1
259-4,259,4,0,0.09296482,1
259-5,259,5,0,0.078358516,1
259-6,259,6,0,0.112113245,1
259-7,259,7,0,0.19753356,1
259-8,259,8,0,0.114276186,1
259-9,259,9,0,0.2867253,1
259-10,259,10,0,0.06919957,1
259-11,259,11,0,0.21291977,1
259-12,259,12,0,0.16666137,1
260-0,260,0,0,0.005345408,3
260-1,260,1,0,0.0024058027,3
260-2,260,2,0,0.00082969357,3
260-3,260,3,0,0.009206556,3
260-4,260,4,0,0.0015214507,3
260-5,260,5,0,0.0043633617,3
260-6,260,6,0,0.0006688977,3
260-7,260,7,0,0.003647236,3
260-8,260,8,0,0.0008384722,3
260-9,260,9,0,0.004458034,3
260-10,260,10,1,0.4208834,3
260-11,260,11,0,0.0010494497,3
260-12,260,12,0,0.0030789669,3
261-0,261,0,1,0.28599003,3
261-1,261,1,0,0.039030153,3
261-2,261,2,0,0.012954457,3
261-3,261,3,0,0.13801934,3
261-4,261,4,0,0.02618121,3
261-5,261,5,0,0.07565687,3
261-6,261,6,0,0.010188654,3
261-7,261,7,0,0.06733299,3
261-8,261,8,0,0.016348124,3
261-9,261,9,0,0.05380717,3
261-10,261,10,0,0.016431067,3
261-11,261,11,0,0.01084518,3
261-12,261,12,0,0.050220653,3
262-0,262,0,1,0.24324857,5
262-1,262,1,1,0.42335674,5
262-2,262,2,1,0.2247906,5
262-3,262,3,1,0.5814853,5
262-4,262,4,1,0.17919715,5
262-5,262,5,0,0.0011736215,5
262-6,262,6,0,0.0029618992,5
262-7,262,7,1,0.48329443,5
262-8,262,8,0,0.0010069319,5
262-9,262,9,0,0.0021105283,5
262-10,262,10,1,0.017552897,5
262-11,262,11,1,0.20160988,5
262-12,262,12,0,0.0042683035,5
263-0,263,0,0,0.004567551,4
263-1,263,1,0,0.003039164,4
263-2,263,2,0,0.011880222,4
263-3,263,3,0,0.0054828124,4
263-4,263,4,0,0.0028419974,4
263-5,263,5,0,0.0017246125,4
263-6,263,6,0,0.003894022,4
263-7,263,7,0,0.002991206,4
263-8,263,8,0,0.007979607,4
263-9,263,9,0,0.011736252,4
263-10,263,10,0,0.0031320327,4
263-11,263,11,0,0.0034032788,4
263-12,263,12,0,0.0040445533,4
264-0,264,0,1,0.1540014,4
264-1,264,1,0,0.07813681,4
264-2,264,2,1,0.41109955,4
264-3,264,3,1,0.24123791,4
264-4,264,4,1,0.08308118,4
264-5,264,5,1,0.09580105,4
264-6,264,6,1,0.15849745,4
264-7,264,7,1,0.13180025,4
264-8,264,8,1,0.24954687,4
264-9,264,9,1,0.349079,4
264-10,264,10,1,0.06268752,4
264-11,264,11,1,0.18660276,4
264-12,264,12,1,0.19628425,4
265-0,265,0,0,0.07602265,3
265-1,265,1,0,0.03156655,3
265-2,265,2,1,0.076531895,3
265-3,265,3,0,0.1421357,3
265-4,265,4,0,0.023151232,3
265-5,265,5,0,0.07306949,3
265-6,265,6,0,0.009758067,3
265-7,265,7,0,0.06284874,3
265-8,265,8,0,0.017700588,3
265-9,265,9,0,0.06257759,3
265-10,265,10,0,0.016455816,3
265-11,265,11,0,0.014208059,3
265-12,265,12,0,0.049855765,3
266-0,266,0,0,0.0006695856,5
266-1,266,1,0,0.0014357911,5
266-2,266,2,0,0.0005211438,5
266-3,266,3,1,0.9565288,5
266-4,266,4,1,0.77213866,5
266-5,266,5,0,0.0008905555,5
266-6,266,6,1,0.9469322,5
266-7,266,7,0,0.0020445045,5
266-8,266,8,1,0.8503602,5
266-9,266,9,0,0.0015353442,5
266-10,266,10,1,0.23446856,5
266-11,266,11,1,0.8046304,5
266-12,266,12,0,0.0011837329,5
267-0,267,0,0,0.00790154,5
267-1,267,1,0,0.0145380255,5
267-2,267,2,0,0.005946631,5
267-3,267,3,0,0.023611076,5
267-4,267,4,0,0.005438558,5
267-5,267,5,0,0.004814407,5
267-6,267,6,1,0.32231447,5
267-7,267,7,0,0.01276921,5
267-8,267,8,0,0.0072043906,5
267-9,267,9,0,0.012646026,5
267-10,267,10,0,0.004661427,5
267-11,267,11,0,0.004484098,5
267-12,267,12,0,0.012964906,5
268-0,268,0,0,0.02322407,3
268-1,268,1,0,0.0076235263,3
268-2,268,2,0,0.0031747662,3
268-3,268,3,0,0.03947346,3
268-4,268,4,0,0.0044903345,3
268-5,268,5,0,0.015655056,3
268-6,268,6,0,0.003348386,3
268-7,268,7,0,0.017753704,3
268-8,268,8,0,0.0040284526,3
268-9,268,9,0,0.015029741,3
268-10,268,10,0,0.004560073,3
268-11,268,11,0,0.0035282248,3
268-12,268,12,0,0.013420487,3
269-0,269,0,0,0.06017442,3
269-1,269,1,0,0.044586107,3
269-2,269,2,0,0.014953244,3
269-3,269,3,0,0.1650455,3
269-4,269,4,1,0.23951893,3
269-5,269,5,0,0.08221688,3
269-6,269,6,0,0.012771735,3
269-7,269,7,0,0.074446864,3
269-8,269,8,0,0.018508837,3
269-9,269,9,0,0.064291894,3
269-10,269,10,0,0.017455246,3
269-11,269,11,0,0.014827643,3
269-12,269,12,0,0.06061433,3
270-0,270,0,0,0.008477196,1
270-1,270,1,0,0.0089599285,1
270-2,270,2,0,0.0050715944,1
270-3,270,3,0,0.004514059,1
270-4,270,4,0,0.002895229,1
270-5,270,5,0,0.001930701,1
270-6,270,6,0,0.003043066,1
270-7,270,7,0,0.004911165,1
270-8,270,8,0,0.0024855223,1
270-9,270,9,0,0.009821477,1
270-10,270,10,0,0.0033974743,1
270-11,270,11,1,0.7526485,1
270-12,270,12,0,0.004738694,1
271-0,271,0,0,0.086024635,4
271-1,271,1,0,0.096448176,4
271-2,271,2,0,0.2736371,4
271-3,271,3,0,0.1603763,4
271-4,271,4,0,0.03856169,4
271-5,271,5,0,0.05799249,4
271-6,271,6,0,0.102500185,4
271-7,271,7,0,0.08425881,4
271-8,271,8,0,0.14612338,4
271-9,271,9,0,0.23757622,4
271-10,271,10,0,0.03316051,4
271-11,271,11,0,0.09407453,4
271-12,271,12,0,0.11307783,4
272-0,272,0,0,0.06671143,2
272-1,272,1,0,0.09746052,2
272-2,272,2,1,0.14078192,2
272-3,272,3,0,0.18868183,2
272-4,272,4,0,0.04810284,2
272-5,272,5,1,0.08231188,2
272-6,272,6,0,0.03201649,2
272-7,272,7,1,0.05545385,2
272-8,272,8,1,0.17725609,2
272-9,272,9,0,0.13699146,2
272-10,272,10,1,0.019355627,2
272-11,272,11,1,0.019402063,2
272-12,272,12,0,0.0687839,2
273-0,273,0,0,0.64969486,1
273-1,273,1,0,0.6786521,1
273-2,273,2,0,0.51515776,1
273-3,273,3,1,0.034459934,1
273-4,273,4,0,0.32214963,1
273-5,273,5,0,0.3204345,1
273-6,273,6,0,0.31834704,1
273-7,273,7,0,0.50173247,1
273-8,273,8,0,0.31822228,1
273-9,273,9,0,0.657934,1
273-10,273,10,0,0.1666145,1
273-11,273,11,0,0.52273816,1
273-12,273,12,0,0.4529395,1
274-0,274,0,0,0.123324305,1
274-1,274,1,0,0.1379586,1
274-2,274,2,0,0.075906225,1
274-3,274,3,0,0.070405394,1
274-4,274,4,0,0.033299573,1
274-5,274,5,0,0.035160244,1
274-6,274,6,0,0.04485696,1
274-7,274,7,0,0.07992726,1
274-8,274,8,0,0.04354911,1
274-9,274,9,0,0.12115386,1
274-10,274,10,0,0.032758262,1
274-11,274,11,0,0.07611814,1
274-12,274,12,1,0.2625787,1
275-0,275,0,1,0.020293633,5
275-1,275,1,0,0.11115623,5
275-2,275,2,0,0.044615388,5
275-3,275,3,1,0.06687383,5
275-4,275,4,1,0.021015516,5
275-5,275,5,0,0.027710767,5
275-6,275,6,1,0.05807528,5
275-7,275,7,0,0.14662154,5
275-8,275,8,0,0.06886439,5
275-9,275,9,0,0.08540502,5
275-10,275,10,0,0.022105757,5
275-11,275,11,0,0.043545444,5
275-12,275,12,0,0.12050966,5
276-0,276,0,1,0.8058817,1
276-1,276,1,1,0.8217989,1
276-2,276,2,1,0.6972281,1
276-3,276,3,1,0.7035671,1
276-4,276,4,1,0.5027828,1
276-5,276,5,1,0.50542676,1
276-6,276,6,1,0.5268893,1
276-7,276,7,1,0.65804935,1
276-8,276,8,1,0.48565117,1
276-9,276,9,1,0.82724625,1
276-10,276,10,1,0.34468848,1
276-11,276,11,1,0.6997284,1
276-12,276,12,1,0.6339727,1
277-0,277,0,0,0.09299006,4
277-1,277,1,0,0.10874928,4
277-2,277,2,0,0.29918206,4
277-3,277,3,0,0.17310514,4
277-4,277,4,0,0.0411106,4
277-5,277,5,1,0.052691765,4
277-6,277,6,0,0.12161433,4
277-7,277,7,0,0.094750516,4
277-8,277,8,1,0.14483465,4
277-9,277,9,0,0.25176886,4
277-10,277,10,0,0.04481964,4
277-11,277,11,0,0.11847264,4
277-12,277,12,0,0.121191055,4
278-0,278,0,1,0.0128160855,5
278-1,278,1,0,0.4160703,5
278-2,278,2,0,0.21440344,5
278-3,278,3,0,0.5847621,5
278-4,278,4,0,0.28490722,5
278-5,278,5,1,0.010912611,5
278-6,278,6,0,0.54905474,5
278-7,278,7,0,0.41854885,5
278-8,278,8,0,0.30178463,5
278-9,278,9,0,0.43871105,5
278-10,278,10,1,0.007815512,5
278-11,278,11,0,0.2276073,5
278-12,278,12,0,0.44468692,5
279-0,279,0,0,0.008119841,1
279-1,279,1,0,0.008604436,1
279-2,279,2,0,0.0043127486,1
279-3,279,3,0,0.0045055323,1
279-4,279,4,0,0.0024076952,1
279-5,279,5,0,0.0018558308,1
279-6,279,6,0,0.0026477957,1
279-7,279,7,0,0.0045998357,1
279-8,279,8,0,0.0023862887,1
279-9,279,9,0,0.010387515,1
279-10,279,10,0,0.0027030508,1
279-11,279,11,0,0.0050466014,1
279-12,279,12,0,0.0037374937,1
280-0,280,0,0,0.005242988,3
280-1,280,1,0,0.0021728054,3
280-2,280,2,0,0.00082969357,3
280-3,280,3,0,0.008992217,3
280-4,280,4,0,0.0012982702,3
280-5,280,5,0,0.0042796796,3
280-6,280,6,0,0.0006688977,3
280-7,280,7,0,0.003647236,3
280-8,280,8,0,0.0008384722,3
280-9,280,9,0,0.0042225015,3
280-10,280,10,0,0.0012092924,3
280-11,280,11,0,0.00092939736,3
280-12,280,12,1,0.8437676,3
281-0,281,0,0,0.0020231022,4
281-1,281,1,0,0.001357201,4
281-2,281,2,0,0.005188216,4
281-3,281,3,0,0.0025428315,4
281-4,281,4,0,0.0011937591,4
281-5,281,5,0,0.00080056937,4
281-6,281,6,0,0.0017831968,4
281-7,281,7,0,0.0013633975,4
281-8,281,8,0,0.0037607122,4
281-9,281,9,0,0.0050810613,4
281-10,281,10,0,0.0014259476,4
281-11,281,11,0,0.0016973626,4
281-12,281,12,0,0.0022511745,4
282-0,282,0,1,0.36717823,1
282-1,282,1,0,0.068245165,1
282-2,282,2,0,0.035090696,1
282-3,282,3,1,0.24411978,1
282-4,282,4,0,0.015374679,1
282-5,282,5,0,0.016098175,1
282-6,282,6,0,0.02107601,1
282-7,282,7,0,0.038299266,1
282-8,282,8,0,0.020446671,1
282-9,282,9,0,0.06478347,1
282-10,282,10,1,0.056345016,1
282-11,282,11,0,0.036002837,1
282-12,282,12,0,0.030446606,1
283-0,283,0,1,0.8755685,1
283-1,283,1,0,0.014228028,1
283-2,283,2,1,0.77335274,1
283-3,283,3,1,0.77516705,1
283-4,283,4,0,0.0035994006,1
283-5,283,5,0,0.0031560746,1
283-6,283,6,1,0.6001068,1
283-7,283,7,0,0.007517249,1
283-8,283,8,0,0.0039631114,1
283-9,283,9,1,0.8761093,1
283-10,283,10,0,0.0043961145,1
283-11,283,11,1,0.7802631,1
283-12,283,12,0,0.0062863473,1
284-0,284,0,0,0.0034855336,4
284-1,284,1,0,0.0028889587,4
284-2,284,2,0,0.009456279,4
284-3,284,3,0,0.0052844486,4
284-4,284,4,0,0.0021011932,4
284-5,284,5,0,0.0015702344,4
284-6,284,6,0,0.0036081036,4
284-7,284,7,0,0.0029429484,4
284-8,284,8,0,0.0077922405,4
284-9,284,9,0,0.0086962525,4
284-10,284,10,0,0.002738865,4
284-11,284,11,0,0.0031982437,4
284-12,284,12,0,0.00389152,4
285-0,285,0,0,0.06713005,2
285-1,285,1,0,0.10798322,2
285-2,285,2,0,0.13829874,2
285-3,285,3,0,0.17105763,2
285-4,285,4,0,0.0407048,2
285-5,285,5,0,0.08267662,2
285-6,285,6,0,0.03577247,2
285-7,285,7,0,0.06001809,2
285-8,285,8,0,0.18317465,2
285-9,285,9,0,0.1865009,2
285-10,285,10,1,0.036440864,2
285-11,285,11,0,0.021962404,2
285-12,285,12,0,0.062126152,2
286-0,286,0,0,0.026629545,3
286-1,286,1,0,0.010368138,3
286-2,286,2,1,0.10391264,3
286-3,286,3,1,0.6413605,3
286-4,286,4,0,0.005052658,3
286-5,286,5,0,0.021352705,3
286-6,286,6,0,0.0035256408,3
286-7,286,7,0,0.019258142,3
286-8,286,8,0,0.0037548498,3
286-9,286,9,0,0.024567837,3
286-10,286,10,0,0.0048011667,3
286-11,286,11,0,0.0049907137,3
286-12,286,12,0,0.015223924,3
287-0,287,0,0,0.013326557,4
287-1,287,1,1,0.3637591,4
287-2,287,2,0,0.04904069,4
287-3,287,3,1,0.49517938,4
287-4,287,4,0,0.005919329,4
287-5,287,5,0,0.008468891,4
287-6,287,6,1,0.37936378,4
287-7,287,7,1,0.33006534,4
287-8,287,8,0,0.025557412,4
287-9,287,9,0,0.041623913,4
287-10,287,10,1,0.1676768,4
287-11,287,11,1,0.3942284,4
287-12,287,12,1,0.38313255,4
288-0,288,0,0,0.0009064479,5
288-1,288,1,0,0.0019592775,5
288-2,288,2,0,0.00067102775,5
288-3,288,3,0,0.0036057334,5
288-4,288,4,0,0.0011738407,5
288-5,288,5,0,0.0012154921,5
288-6,288,6,0,0.0023219713,5
288-7,288,7,0,0.00145693,5
288-8,288,8,0,0.00081942516,5
288-9,288,9,0,0.002120191,5
288-10,288,10,0,0.00085111253,5
288-11,288,11,0,0.0007008223,5
288-12,288,12,0,0.0015233947,5
289-0,289,0,0,0.0745888,2
289-1,289,1,0,0.12020686,2
289-2,289,2,0,0.15517265,2
289-3,289,3,0,0.18705903,2
289-4,289,4,0,0.041950777,2
289-5,289,5,0,0.09169304,2
289-6,289,6,0,0.035791233,2
289-7,289,7,0,0.06399743,2
289-8,289,8,0,0.20058045,2
289-9,289,9,0,0.20618874,2
289-10,289,10,0,0.0219731,2
289-11,289,11,0,0.020162089,2
289-12,289,12,0,0.0690701,2
290-0,290,0,0,0.12403116,3
290-1,290,1,0,0.056285486,3
290-2,290,2,0,0.01973978,3
290-3,290,3,0,0.20051228,3
290-4,290,4,0,0.037214074,3
290-5,290,5,0,0.10768007,3
290-6,290,6,0,0.014913017,3
290-7,290,7,0,0.09909865,3
290-8,290,8,0,0.026748696,3
290-9,290,9,0,0.113931604,3
290-10,290,10,0,0.024931263,3
290-11,290,11,0,0.025030786,3
290-12,290,12,0,0.07730083,3
291-0,291,0,0,0.36063498,3
291-1,291,1,0,0.13889176,3
291-2,291,2,0,0.049173642,3
291-3,291,3,0,0.54369426,3
291-4,291,4,0,0.08956693,3
291-5,291,5,0,0.37842965,3
291-6,291,6,0,0.046453763,3
291-7,291,7,0,0.34400144,3
291-8,291,8,0,0.11250057,3
291-9,291,9,0,0.38437298,3
291-10,291,10,0,0.08408232,3
291-11,291,11,0,0.10488548,3
291-12,291,12,0,0.2668019,3
292-0,292,0,1,0.12497128,5
292-1,292,1,0,0.022072947,5
292-2,292,2,0,0.012055211,5
292-3,292,3,0,0.04912221,5
292-4,292,4,0,0.010610595,5
292-5,292,5,0,0.012661873,5
292-6,292,6,0,0.030469531,5
292-7,292,7,0,0.025472103,5
292-8,292,8,0,0.015074803,5
292-9,292,9,0,0.023569645,5
292-10,292,10,0,0.008697038,5
292-11,292,11,0,0.008417581,5
292-12,292,12,0,0.027247032,5
293-0,293,0,0,0.0028679236,4
293-1,293,1,0,0.00193641,4
293-2,293,2,0,0.0069416156,4
293-3,293,3,0,0.0034052623,4
293-4,293,4,0,0.0015486373,4
293-5,293,5,0,0.0010563844,4
293-6,293,6,0,0.002514332,4
293-7,293,7,0,0.0020833495,4
293-8,293,8,0,0.0052985083,4
293-9,293,9,0,0.0069462815,4
293-10,293,10,0,0.0018685396,4
293-11,293,11,0,0.0021939091,4
293-12,293,12,0,0.0026540337,4
294-0,294,0,0,0.621284,3
294-1,294,1,0,0.3963223,3
294-2,294,2,0,0.18145494,3
294-3,294,3,0,0.7437532,3
294-4,294,4,0,0.25450894,3
294-5,294,5,0,0.5868291,3
294-6,294,6,0,0.14674225,3
294-7,294,7,0,0.5466882,3
294-8,294,8,0,0.20905878,3
294-9,294,9,0,0.5550778,3
294-10,294,10,0,0.105405405,3
294-11,294,11,0,0.19582386,3
294-12,294,12,0,0.48070413,3
295-0,295,0,1,0.40710482,1
295-1,295,1,0,0.12212855,1
295-2,295,2,0,0.07639717,1
295-3,295,3,0,0.07946001,1
295-4,295,4,0,0.032457992,1
295-5,295,5,0,0.0353977,1
295-6,295,6,1,0.150989,1
295-7,295,7,0,0.0782318,1
295-8,295,8,0,0.042450905,1
295-9,295,9,0,0.12835304,1
295-10,295,10,0,0.03157703,1
295-11,295,11,0,0.074277624,1
295-12,295,12,0,0.06320184,1
296-0,296,0,0,0.11755642,3
296-1,296,1,0,0.04827709,3
296-2,296,2,0,0.016881753,3
296-3,296,3,0,0.19758259,3
296-4,296,4,0,0.027843604,3
296-5,296,5,1,0.60741186,3
296-6,296,6,0,0.014951777,3
296-7,296,7,0,0.08934294,3
296-8,296,8,0,0.02392971,3
296-9,296,9,0,0.09410928,3
296-10,296,10,0,0.020240227,3
296-11,296,11,0,0.02138047,3
296-12,296,12,0,0.0722018,3
297-0,297,0,0,0.11855832,3
297-1,297,1,0,0.045487694,3
297-2,297,2,0,0.016343592,3
297-3,297,3,0,0.22058403,3
297-4,297,4,0,0.028426694,3
297-5,297,5,0,0.11908694,3
297-6,297,6,0,0.016738487,3
297-7,297,7,0,0.10326925,3
297-8,297,8,0,0.026693122,3
297-9,297,9,0,0.09275704,3
297-10,297,10,0,0.025557434,3
297-11,297,11,0,0.021492548,3
297-12,297,12,0,0.08170473,3
298-0,298,0,1,0.0008712706,5
298-1,298,1,1,0.0017724471,5
298-2,298,2,1,0.00075276545,5
298-3,298,3,1,0.003673685,5
298-4,298,4,1,0.0009337532,5
298-5,298,5,1,0.0010441039,5
298-6,298,6,1,0.0025426247,5
298-7,298,7,1,0.0014340264,5
298-8,298,8,1,0.0008865622,5
298-9,298,9,1,0.0016208831,5
298-10,298,10,1,0.00082440826,5
298-11,298,11,1,0.00059061195,5
298-12,298,12,1,0.0015902196,5
299-0,299,0,0,0.07735035,4
299-1,299,1,1,0.14667615,4
299-2,299,2,0,0.23833981,4
299-3,299,3,1,0.22774129,4
299-4,299,4,1,0.06184399,4
299-5,299,5,0,0.04701743,4
299-6,299,6,0,0.087071806,4
299-7,299,7,0,0.069666035,4
299-8,299,8,0,0.13564909,4
299-9,299,9,1,0.33579594,4
299-10,299,10,0,0.026573563,4
299-11,299,11,0,0.077433325,4
299-12,299,12,0,0.09420412,4
300-0,300,0,0,0.0006695856,5
300-1,300,1,1,0.91779304,5
300-2,300,2,1,0.8077002,5
300-3,300,3,1,0.9540727,5
300-4,300,4,1,0.77213866,5
300-5,300,5,1,0.25096613,5
300-6,300,6,1,0.9469322,5
300-7,300,7,1,0.90668267,5
300-8,300,8,1,0.8503602,5
300-9,300,9,1,0.9241079,5
300-10,300,10,1,0.23446856,5
300-11,300,11,1,0.7139416,5
300-12,300,12,1,0.91404384,5
301-0,301,0,0,0.032122966,2
301-1,301,1,0,0.048774045,2
301-2,301,2,0,0.06892035,2
301-3,301,3,0,0.09650586,2
301-4,301,4,0,0.022925524,2
301-5,301,5,1,0.31111312,2
301-6,301,6,0,0.016412145,2
301-7,301,7,0,0.029619023,2
301-8,301,8,0,0.10881232,2
301-9,301,9,0,0.09584841,2
301-10,301,10,0,0.009131279,2
301-11,301,11,0,0.009188622,2
301-12,301,12,0,0.033867173,2
302-0,302,0,1,0.14529295,4
302-1,302,1,1,0.14667615,4
302-2,302,2,1,0.37553877,4
302-3,302,3,0,0.12895748,4
302-4,302,4,1,0.08043574,4
302-5,302,5,0,0.05086239,4
302-6,302,6,1,0.17219976,4
302-7,302,7,1,0.13362959,4
302-8,302,8,0,0.12980212,4
302-9,302,9,1,0.3581169,4
302-10,302,10,0,0.026573563,4
302-11,302,11,1,0.16800132,4
302-12,302,12,1,0.17813538,4
303-0,303,0,0,0.08296985,5
303-1,303,1,0,0.14698622,5
303-2,303,2,0,0.05246185,5
303-3,303,3,0,0.23421027,5
303-4,303,4,0,0.08193333,5
303-5,303,5,0,0.07066181,5
303-6,303,6,0,0.20685759,5
303-7,303,7,0,0.13024402,5
303-8,303,8,0,0.07750268,5
303-9,303,9,0,0.16113454,5
303-10,303,10,0,0.05102016,5
303-11,303,11,0,0.058292527,5
303-12,303,12,1,0.5524172,5
304-0,304,0,1,0.13207541,1
304-1,304,1,0,0.11701084,1
304-2,304,2,0,0.072027475,1
304-3,304,3,0,0.077215575,1
304-4,304,4,1,0.029644204,1
304-5,304,5,1,0.032811616,1
304-6,304,6,0,0.040565662,1
304-7,304,7,1,0.077063724,1
304-8,304,8,0,0.04262831,1
304-9,304,9,1,0.12894773,1
304-10,304,10,1,0.029344862,1
304-11,304,11,1,0.07884239,1
304-12,304,12,0,0.0636073,1
305-0,305,0,0,0.5042358,1
305-1,305,1,0,0.53377753,1
305-2,305,2,0,0.368003,1
305-3,305,3,0,0.37804547,1
305-4,305,4,0,0.23484647,1
305-5,305,5,0,0.20534469,1
305-6,305,6,0,0.20660894,1
305-7,305,7,0,0.3662754,1
305-8,305,8,0,0.20369282,1
305-9,305,9,0,0.5170027,1
305-10,305,10,0,0.10022729,1
305-11,305,11,0,0.40932378,1
305-12,305,12,0,0.31212163,1
306-0,306,0,0,0.039253023,5
306-1,306,1,0,0.0720768,5
306-2,306,2,0,0.02803842,5
306-3,306,3,0,0.11847947,5
306-4,306,4,0,0.027298493,5
306-5,306,5,0,0.018698184,5
306-6,306,6,0,0.1029377,5
306-7,306,7,0,0.060503192,5
306-8,306,8,0,0.04375856,5
306-9,306,9,0,0.078515865,5
306-10,306,10,0,0.014599595,5
306-11,306,11,0,0.020254103,5
306-12,306,12,0,0.06419996,5
307-0,307,0,1,0.5682491,3
307-1,307,1,1,0.39963096,3
307-2,307,2,0,0.010314602,3
307-3,307,3,0,0.1175087,3
307-4,307,4,0,0.01229328,3
307-5,307,5,1,0.5880973,3
307-6,307,6,0,0.0077670086,3
307-7,307,7,0,0.058328655,3
307-8,307,8,0,0.014752235,3
307-9,307,9,0,0.04232775,3
307-10,307,10,1,0.15083192,3
307-11,307,11,0,0.01501491,3
307-12,307,12,0,0.03962011,3
308-0,308,0,0,0.016767526,3
308-1,308,1,0,0.0073901936,3
308-2,308,2,0,0.0033061851,3
308-3,308,3,0,0.029838018,3
308-4,308,4,0,0.0040961457,3
308-5,308,5,0,0.015384153,3
308-6,308,6,0,0.0025089611,3
308-7,308,7,0,0.012575347,3
308-8,308,8,0,0.0027618876,3
308-9,308,9,1,0.45586634,3
308-10,308,10,0,0.0034097782,3
308-11,308,11,0,0.002819466,3
308-12,308,12,0,0.010077849,3
309-0,309,0,1,0.36400124,2
309-1,309,1,0,0.023642844,2
309-2,309,2,0,0.04460266,2
309-3,309,3,0,0.060835656,2
309-4,309,4,0,0.01769365,2
309-5,309,5,0,0.02415638,2
309-6,309,6,0,0.011664852,2
309-7,309,7,0,0.018174,2
309-8,309,8,0,0.065742664,2
309-9,309,9,0,0.050265864,2
309-10,309,10,0,0.00707396,2
309-11,309,11,0,0.007118476,2
309-12,309,12,0,0.018648334,2
310-0,310,0,0,0.8676008,5
310-1,310,1,1,0.0013297783,5
310-2,310,2,0,0.84685355,5
310-3,310,3,1,0.0040019825,5
310-4,310,4,0,0.7752187,5
310-5,310,5,0,0.27471793,5
310-6,310,6,0,0.9563062,5
310-7,310,7,1,0.002464581,5
310-8,310,8,0,0.88990664,5
310-9,310,9,0,0.9304839,5
310-10,310,10,1,0.00058873673,5
310-11,310,11,1,0.0005407278,5
310-12,310,12,0,0.947772,5
311-0,311,0,0,0.0034611118,2
311-1,311,1,0,0.005653718,2
311-2,311,2,1,0.5377582,2
311-3,311,3,0,0.008539803,2
311-4,311,4,0,0.0019867255,2
311-5,311,5,0,0.0038413429,2
311-6,311,6,0,0.0017306274,2
311-7,311,7,0,0.002605208,2
311-8,311,8,0,0.00930723,2
311-9,311,9,0,0.007536972,2
311-10,311,10,0,0.0009813762,2
311-11,311,11,0,0.00086628884,2
311-12,311,12,0,0.0027775562,2
312-0,312,0,0,0.12403116,3
312-1,312,1,0,0.05247419,3
312-2,312,2,0,0.017995624,3
312-3,312,3,0,0.19474767,3
312-4,312,4,0,0.02534787,3
312-5,312,5,0,0.105982915,3
312-6,312,6,0,0.014913017,3
312-7,312,7,0,0.09635555,3
312-8,312,8,0,0.026748696,3
312-9,312,9,0,0.086200535,3
312-10,312,10,0,0.021542232,3
312-11,312,11,0,0.019105328,3
312-12,312,12,0,0.07730083,3
313-0,313,0,0,0.0016283597,4
313-1,313,1,0,0.0012396165,4
313-2,313,2,0,0.004357611,4
313-3,313,3,0,0.0023524852,4
313-4,313,4,0,0.0010079386,4
313-5,313,5,0,0.0006665365,4
313-6,313,6,0,0.0017629695,4
313-7,313,7,0,0.0012823475,4
313-8,313,8,0,0.0034145487,4
313-9,313,9,0,0.004482123,4
313-10,313,10,0,0.0012688834,4
313-11,313,11,0,0.0014386873,4
313-12,313,12,0,0.0016871257,4
314-0,314,0,1,0.4350605,1
314-1,314,1,1,0.45916277,1
314-2,314,2,1,0.28139848,1
314-3,314,3,1,0.29423064,1
314-4,314,4,1,0.17550595,1
314-5,314,5,1,0.14805222,1
314-6,314,6,0,0.0043108976,1
314-7,314,7,1,0.26369575,1
314-8,314,8,1,0.14745289,1
314-9,314,9,1,0.43703258,1
314-10,314,10,0,0.004916854,1
314-11,314,11,1,0.29675105,1
314-12,314,12,0,0.006792746,1
315-0,315,0,0,0.0044677374,2
315-1,315,1,0,0.006850471,2
315-2,315,2,0,0.010572603,2
315-3,315,3,0,0.0135668265,2
315-4,315,4,0,0.0028194217,2
315-5,315,5,0,0.0045915223,2
315-6,315,6,0,0.0025187957,2
315-7,315,7,0,0.0031641948,2
315-8,315,8,0,0.014180283,2
315-9,315,9,0,0.009947768,2
315-10,315,10,0,0.001189464,2
315-11,315,11,0,0.0015414365,2
315-12,315,12,0,0.003442266,2
316-0,316,0,0,0.020814998,2
316-1,316,1,0,0.03243567,2
316-2,316,2,0,0.042674903,2
316-3,316,3,0,0.053658567,2
316-4,316,4,0,0.013147167,2
316-5,316,5,0,0.024281638,2
316-6,316,6,0,0.011383299,2
316-7,316,7,0,0.017738136,2
316-8,316,8,0,0.06203454,2
316-9,316,9,0,0.047856707,2
316-10,316,10,0,0.006928132,2
316-11,316,11,0,0.0059867282,2
316-12,316,12,0,0.014594944,2
317-0,317,0,0,0.13238709,1
317-1,317,1,0,0.14246024,1
317-2,317,2,0,0.082707725,1
317-3,317,3,0,0.085123554,1
317-4,317,4,0,0.04671163,1
317-5,317,5,0,0.03846269,1
317-6,317,6,0,0.048549585,1
317-7,317,7,0,0.085345894,1
317-8,317,8,0,0.046626497,1
317-9,317,9,0,0.14102392,1
317-10,317,10,0,0.034307934,1
317-11,317,11,0,0.11161073,1
317-12,317,12,0,0.07080737,1
318-0,318,0,0,0.115155935,1
318-1,318,1,0,0.113152765,1
318-2,318,2,0,0.07213469,1
318-3,318,3,0,0.06415576,1
318-4,318,4,0,0.02984847,1
318-5,318,5,0,0.032732286,1
318-6,318,6,0,0.035056386,1
318-7,318,7,0,0.072306424,1
318-8,318,8,0,0.038607083,1
318-9,318,9,0,0.12271806,1
318-10,318,10,0,0.026785126,1
318-11,318,11,0,0.06696763,1
318-12,318,12,0,0.059027042,1
319-0,319,0,0,0.0033137687,2
319-1,319,1,0,0.005219982,2
319-2,319,2,0,0.006751139,2
319-3,319,3,0,0.008539803,2
319-4,319,4,0,0.0019867255,2
319-5,319,5,0,0.0038413429,2
319-6,319,6,0,0.0017306274,2
319-7,319,7,0,0.002605208,2
319-8,319,8,0,0.00930723,2
319-9,319,9,0,0.0091680065,2
319-10,319,10,0,0.0009813762,2
319-11,319,11,0,0.00086628884,2
319-12,319,12,0,0.0027775562,2
320-0,320,0,0,0.15638264,4
320-1,320,1,1,0.070149966,4
320-2,320,2,0,0.423238,4
320-3,320,3,0,0.2670399,4
320-4,320,4,1,0.025653437,4
320-5,320,5,0,0.1079115,4
320-6,320,6,1,0.07088754,4
320-7,320,7,1,0.061394252,4
320-8,320,8,0,0.25279656,4
320-9,320,9,1,0.14332916,4
320-10,320,10,0,0.060908508,4
320-11,320,11,0,0.19783668,4
320-12,320,12,0,0.19802906,4
321-0,321,0,1,0.003010727,4
321-1,321,1,0,0.31118798,4
321-2,321,2,0,0.6201916,4
321-3,321,3,0,0.4366501,4
321-4,321,4,0,0.18954228,4
321-5,321,5,0,0.20740156,4
321-6,321,6,0,0.33813944,4
321-7,321,7,0,0.28160605,4
321-8,321,8,0,0.4504312,4
321-9,321,9,0,0.56581116,4
321-10,321,10,0,0.13130663,4
321-11,321,11,0,0.2687333,4
321-12,321,12,0,0.34069103,4
322-0,322,0,0,0.15869492,2
322-1,322,1,0,0.25019586,2
322-2,322,2,1,0.099750265,2
322-3,322,3,0,0.3563754,2
322-4,322,4,0,0.08971377,2
322-5,322,5,0,0.1996055,2
322-6,322,6,1,0.021000508,2
322-7,322,7,0,0.13707611,2
322-8,322,8,0,0.37253797,2
322-9,322,9,1,0.08665971,2
322-10,322,10,0,0.037937302,2
322-11,322,11,0,0.03314381,2
322-12,322,12,0,0.14511047,2
323-0,323,0,0,0.00068365055,5
323-1,323,1,0,0.0014357911,5
323-2,323,2,0,0.0005211438,5
323-3,323,3,0,0.0025892241,5
323-4,323,4,0,0.00077860785,5
323-5,323,5,0,0.0008905555,5
323-6,323,6,0,0.0017273772,5
323-7,323,7,0,0.0010836088,5
323-8,323,8,0,0.0010052162,5
323-9,323,9,0,0.0014014728,5
323-10,323,10,0,0.0006329266,5
323-11,323,11,0,0.00045005337,5
323-12,323,12,0,0.0020014828,5
324-0,324,0,1,0.27158803,4
324-1,324,1,1,0.29669893,4
324-2,324,2,1,0.5982101,4
324-3,324,3,1,0.41988033,4
324-4,324,4,1,0.17472897,4
324-5,324,5,1,0.19432677,4
324-6,324,6,1,0.31269795,4
324-7,324,7,1,0.23544775,4
324-8,324,8,1,0.41871932,4
324-9,324,9,1,0.5507485,4
324-10,324,10,1,0.11819831,4
324-11,324,11,1,0.27902633,4
324-12,324,12,1,0.31614175,4
325-0,325,0,0,0.08198966,2
325-1,325,1,0,0.13904922,2
325-2,325,2,0,0.1768049,2
325-3,325,3,0,0.23659863,2
325-4,325,4,0,0.043137096,2
325-5,325,5,0,0.097127646,2
325-6,325,6,0,0.030255085,2
325-7,325,7,0,0.082215,2
325-8,325,8,0,0.24363561,2
325-9,325,9,0,0.18009463,2
325-10,325,10,0,0.019059887,2
325-11,325,11,0,0.015151256,2
325-12,325,12,0,0.053654745,2
326-0,326,0,0,0.83320343,4
326-1,326,1,0,0.84101313,4
326-2,326,2,0,0.95164406,4
326-3,326,3,0,0.9102092,4
326-4,326,4,0,0.6446818,4
326-5,326,5,0,0.7494049,4
326-6,326,6,0,0.85858595,4
326-7,326,7,1,0.0011976236,4
326-8,326,8,0,0.92200786,4
326-9,326,9,0,0.9384937,4
326-10,326,10,0,0.6976241,4
326-11,326,11,0,0.8249771,4
326-12,326,12,0,0.8629117,4
327-0,327,0,0,0.08671075,4
327-1,327,1,0,0.096448176,4
327-2,327,2,0,0.2736371,4
327-3,327,3,0,0.1603763,4
327-4,327,4,0,0.03856169,4
327-5,327,5,0,0.05751928,4
327-6,327,6,0,0.102500185,4
327-7,327,7,0,0.08425881,4
327-8,327,8,0,0.17398767,4
327-9,327,9,0,0.23757622,4
327-10,327,10,0,0.03316051,4
327-11,327,11,1,0.09513342,4
327-12,327,12,0,0.11307783,4
328-0,328,0,0,0.016386954,4
328-1,328,1,0,0.018498912,4
328-2,328,2,0,0.061640274,4
328-3,328,3,0,0.031323332,4
328-4,328,4,0,0.006946071,4
328-5,328,5,0,0.011465521,4
328-6,328,6,0,0.019945504,4
328-7,328,7,0,0.014607137,4
328-8,328,8,0,0.027865116,4
328-9,328,9,0,0.051461,4
328-10,328,10,0,0.012785131,4
328-11,328,11,0,0.01767782,4
328-12,328,12,0,0.020830384,4
329-0,329,0,0,0.030476976,1
329-1,329,1,0,0.03339158,1
329-2,329,2,0,0.017840724,1
329-3,329,3,1,0.52300304,1
329-4,329,4,0,0.008364511,1
329-5,329,5,0,0.0080861235,1
329-6,329,6,0,0.010063811,1
329-7,329,7,0,0.018250791,1
329-8,329,8,0,0.009649702,1
329-9,329,9,0,0.03163778,1
329-10,329,10,0,0.009879674,1
329-11,329,11,0,0.019840166,1
329-12,329,12,0,0.015103558,1
330-0,330,0,1,0.026969574,4
330-1,330,1,0,0.19238286,4
330-2,330,2,1,0.101574264,4
330-3,330,3,0,0.29012057,4
330-4,330,4,1,0.01565117,4
330-5,330,5,0,0.11213297,4
330-6,330,6,1,0.035233058,4
330-7,330,7,1,0.028555043,4
330-8,330,8,1,0.05171076,4
330-9,330,9,0,0.38691238,4
330-10,330,10,0,0.067891546,4
330-11,330,11,0,0.2060316,4
330-12,330,12,1,0.036142677,4
331-0,331,0,1,0.9215164,4
331-1,331,1,1,0.92346364,4
331-2,331,2,1,0.9776363,4
331-3,331,3,1,0.9531703,4
331-4,331,4,1,0.8247046,4
331-5,331,5,1,0.8647853,4
331-6,331,6,0,0.0012459779,4
331-7,331,7,0,0.0009776028,4
331-8,331,8,1,0.94826317,4
331-9,331,9,1,0.97343034,4
331-10,331,10,1,0.80835706,4
331-11,331,11,1,0.9207874,4
331-12,331,12,0,0.0012268481,4
332-0,332,0,0,0.02465083,3
332-1,332,1,0,0.0095858285,3
332-2,332,2,0,0.0038222224,3
332-3,332,3,0,0.03947346,3
332-4,332,4,0,0.004688006,3
332-5,332,5,0,0.020297429,3
332-6,332,6,0,0.0035214182,3
332-7,332,7,0,0.017753704,3
332-8,332,8,0,0.0039208694,3
332-9,332,9,0,0.022738738,3
332-10,332,10,0,0.0053007305,3
332-11,332,11,0,0.0035282248,3
332-12,332,12,0,0.013420487,3
333-0,333,0,1,0.07688241,2
333-1,333,1,0,0.09778459,2
333-2,333,2,0,0.15573713,2
333-3,333,3,0,0.17031975,2
333-4,333,4,0,0.04837658,2
333-5,333,5,1,0.096781455,2
333-6,333,6,1,0.03571021,2
333-7,333,7,0,0.061320264,2
333-8,333,8,0,0.198792,2
333-9,333,9,0,0.13585456,2
333-10,333,10,1,0.022738697,2
333-11,333,11,0,0.010324303,2
333-12,333,12,0,0.059630174,2
334-0,334,0,0,0.10199261,1
334-1,334,1,0,0.12026822,1
334-2,334,2,1,0.09132287,1
334-3,334,3,1,0.09396452,1
334-4,334,4,0,0.027910126,1
334-5,334,5,0,0.028685268,1
334-6,334,6,0,0.03500525,1
334-7,334,7,0,0.064606965,1
334-8,334,8,0,0.034363136,1
334-9,334,9,0,0.10121109,1
334-10,334,10,0,0.023503311,1
334-11,334,11,0,0.07018413,1
334-12,334,12,0,0.051434025,1
335-0,335,0,0,0.0030589986,2
335-1,335,1,0,0.005219982,2
335-2,335,2,0,0.006233752,2
335-3,335,3,0,0.0074924505,2
335-4,335,4,0,0.0017790959,2
335-5,335,5,1,0.3749565,2
335-6,335,6,0,0.0017306274,2
335-7,335,7,1,0.3431788,2
335-8,335,8,0,0.00930723,2
335-9,335,9,0,0.0091680065,2
335-10,335,10,0,0.0009813762,2
335-11,335,11,0,0.00086628884,2
335-12,335,12,0,0.002563904,2
336-0,336,0,0,0.06736958,2
336-1,336,1,0,0.10798322,2
336-2,336,2,0,0.13829874,2
336-3,336,3,0,0.17105763,2
336-4,336,4,0,0.045775805,2
336-5,336,5,0,0.082966685,2
336-6,336,6,0,0.03577247,2
336-7,336,7,0,0.056913264,2
336-8,336,8,0,0.18317465,2
336-9,336,9,0,0.18418904,2
336-10,336,10,0,0.021452546,2
336-11,336,11,0,0.021827951,2
336-12,336,12,0,0.062977165,2
337-0,337,0,0,0.16028476,1
337-1,337,1,0,0.175474,1
337-2,337,2,0,0.08876254,1
337-3,337,3,0,0.10615018,1
337-4,337,4,0,0.04258071,1
337-5,337,5,0,0.04198468,1
337-6,337,6,0,0.05979925,1
337-7,337,7,0,0.10560279,1
337-8,337,8,0,0.0582789,1
337-9,337,9,0,0.14852451,1
337-10,337,10,0,0.037039116,1
337-11,337,11,0,0.09583389,1
337-12,337,12,0,0.0848935,1
338-0,338,0,0,0.00069400086,5
338-1,338,1,0,0.0014357911,5
338-2,338,2,0,0.0005211438,5
338-3,338,3,0,0.0026435065,5
338-4,338,4,0,0.00077860785,5
338-5,338,5,0,0.0008905555,5
338-6,338,6,0,0.0017823838,5
338-7,338,7,0,0.0010836088,5
338-8,338,8,0,0.00060935784,5
338-9,338,9,0,0.0014226753,5
338-10,338,10,1,0.2188313,5
338-11,338,11,0,0.00045005337,5
338-12,338,12,0,0.0011330621,5
339-0,339,0,1,0.0012729901,4
339-1,339,1,1,0.0010553056,4
339-2,339,2,1,0.0037721202,4
339-3,339,3,1,0.0017489443,4
339-4,339,4,1,0.000842505,4
339-5,339,5,1,0.0005766928,4
339-6,339,6,1,0.0014496378,4
339-7,339,7,1,0.0010425255,4
339-8,339,8,1,0.003464997,4
339-9,339,9,1,0.003168466,4
339-10,339,10,1,0.0009934594,4
339-11,339,11,1,0.001209516,4
339-12,339,12,1,0.0013851897,4
340-0,340,0,0,0.071257666,4
340-1,340,1,0,0.083186746,4
340-2,340,2,0,0.22936915,4
340-3,340,3,0,0.13470155,4
340-4,340,4,0,0.04080926,4
340-5,340,5,0,0.04931835,4
340-6,340,6,0,0.097203694,4
340-7,340,7,0,0.07299119,4
340-8,340,8,0,0.14855936,4
340-9,340,9,0,0.20115864,4
340-10,340,10,0,0.031152708,4
340-11,340,11,0,0.09513342,4
340-12,340,12,1,0.11647097,4
341-0,341,0,1,0.76196235,5
341-1,341,1,1,0.8702117,5
341-2,341,2,1,0.7105426,5
341-3,341,3,0,0.0035317622,5
341-4,341,4,1,0.6783417,5
341-5,341,5,1,0.1647897,5
341-6,341,6,1,0.9106556,5
341-7,341,7,1,0.85237694,5
341-8,341,8,1,0.75372016,5
341-9,341,9,1,0.82890326,5
341-10,341,10,0,0.00085111253,5
341-11,341,11,1,0.6089947,5
341-12,341,12,1,0.861912,5
342-0,342,0,0,0.0009351564,5
342-1,342,1,0,0.0019022868,5
342-2,342,2,0,0.0008232849,5
342-3,342,3,0,0.0040413197,5
342-4,342,4,0,0.0012814057,5
342-5,342,5,0,0.0011597063,5
342-6,342,6,0,0.0027235756,5
342-7,342,7,0,0.0016639892,5
342-8,342,8,0,0.00093596755,5
342-9,342,9,0,0.0020743941,5
342-10,342,10,0,0.00088486134,5
342-11,342,11,1,0.7389658,5
342-12,342,12,1,0.8739559,5
343-0,343,0,0,0.076072335,2
343-1,343,1,0,0.122571744,2
343-2,343,2,0,0.15798531,2
343-3,343,3,0,0.19435558,2
343-4,343,4,0,0.041104436,2
343-5,343,5,0,0.0955202,2
343-6,343,6,0,0.03571021,2
343-7,343,7,0,0.06385679,2
343-8,343,8,0,0.20884132,2
343-9,343,9,0,0.18795069,2
343-10,343,10,0,0.022418417,2
343-11,343,11,1,0.016600797,2
343-12,343,12,0,0.0704012,2
344-0,344,0,0,0.076072335,2
344-1,344,1,0,0.122571744,2
344-2,344,2,0,0.15798531,2
344-3,344,3,0,0.19031943,2
344-4,344,4,0,0.041104436,2
344-5,344,5,0,0.0955202,2
344-6,344,6,0,0.03571021,2
344-7,344,7,0,0.06385679,2
344-8,344,8,0,0.20020378,2
344-9,344,9,0,0.18795069,2
344-10,344,10,0,0.022418417,2
344-11,344,11,0,0.019792832,2
344-12,344,12,0,0.0704012,2
345-0,345,0,0,0.07138771,2
345-1,345,1,0,0.11412717,2
345-2,345,2,0,0.1476212,2
345-3,345,3,0,0.18166874,2
345-4,345,4,0,0.039529655,2
345-5,345,5,0,0.08782755,2
345-6,345,6,0,0.035714727,2
345-7,345,7,0,0.06300242,2
345-8,345,8,0,0.19791092,2
345-9,345,9,0,0.18181671,2
345-10,345,10,0,0.020978902,2
345-11,345,11,0,0.019248221,2
345-12,345,12,0,0.066800386,2
346-0,346,0,0,0.0005445905,5
346-1,346,1,0,0.0014092522,5
346-2,346,2,0,0.0005702268,5
346-3,346,3,0,0.0028416677,5
346-4,346,4,0,0.0007126657,5
346-5,346,5,0,0.0008154841,5
346-6,346,6,0,0.0018294253,5
346-7,346,7,0,0.0011261657,5
346-8,346,8,0,0.0006295501,5
346-9,346,9,0,0.0011927538,5
346-10,346,10,1,0.26326114,5
346-11,346,11,0,0.00047979204,5
346-12,346,12,0,0.00119781,5
347-0,347,0,1,0.62176955,3
347-1,347,1,0,0.007042953,3
347-2,347,2,0,0.0026587674,3
347-3,347,3,0,0.028061181,3
347-4,347,4,0,0.0037634575,3
347-5,347,5,0,0.013874259,3
347-6,347,6,0,0.0022394613,3
347-7,347,7,0,0.011511329,3
347-8,347,8,0,0.0024569086,3
347-9,347,9,0,0.015061039,3
347-10,347,10,1,0.11847856,3
347-11,347,11,1,0.17379236,3
347-12,347,12,0,0.009298382,3
348-0,348,0,0,0.2672693,1
348-1,348,1,0,0.2669706,1
348-2,348,2,0,0.15893942,1
348-3,348,3,0,0.18542427,1
348-4,348,4,0,0.08002474,1
348-5,348,5,0,0.08746689,1
348-6,348,6,0,0.09841953,1
348-7,348,7,0,0.18237504,1
348-8,348,8,0,0.10467343,1
348-9,348,9,0,0.25620022,1
348-10,348,10,0,0.068699084,1
348-11,348,11,0,0.17222165,1
348-12,348,12,0,0.15104236,1
349-0,349,0,0,0.009592513,2
349-1,349,1,0,0.014882744,2
349-2,349,2,1,0.47291565,2
349-3,349,3,0,0.022908617,2
349-4,349,4,0,0.0057636993,2
349-5,349,5,0,0.010743963,2
349-6,349,6,0,0.0032875733,2
349-7,349,7,0,0.006686609,2
349-8,349,8,0,0.023306416,2
349-9,349,9,0,0.021525072,2
349-10,349,10,0,0.0024361522,2
349-11,349,11,0,0.0019406418,2
349-12,349,12,0,0.0051737577,2
350-0,350,0,0,0.08952217,3
350-1,350,1,0,0.04761402,3
350-2,350,2,0,0.013969878,3
350-3,350,3,0,0.16202152,3
350-4,350,4,0,0.027542125,3
350-5,350,5,0,0.08609342,3
350-6,350,6,0,0.012735574,3
350-7,350,7,0,0.07419678,3
350-8,350,8,0,0.021080034,3
350-9,350,9,0,0.07198204,3
350-10,350,10,0,0.017362546,3
350-11,350,11,0,0.02044576,3
350-12,350,12,0,0.059005488,3
351-0,351,0,1,0.086042486,4
351-1,351,1,0,0.10265863,4
351-2,351,2,1,0.27546924,4
351-3,351,3,0,0.17701969,4
351-4,351,4,1,0.04920558,4
351-5,351,5,1,0.058497082,4
351-6,351,6,1,0.100781806,4
351-7,351,7,1,0.08233159,4
351-8,351,8,1,0.15813124,4
351-9,351,9,1,0.23604567,4
351-10,351,10,0,0.04481964,4
351-11,351,11,0,0.0962913,4
351-12,351,12,1,0.11413297,4
352-0,352,0,0,0.08451266,3
352-1,352,1,0,0.037452515,3
352-2,352,2,0,0.010156462,3
352-3,352,3,0,0.1515474,3
352-4,352,4,0,0.016967993,3
352-5,352,5,0,0.07688648,3
352-6,352,6,0,0.009538334,3
352-7,352,7,0,0.0687594,3
352-8,352,8,0,0.018302515,3
352-9,352,9,0,0.08285521,3
352-10,352,10,0,0.017202938,3
352-11,352,11,0,0.018439213,3
352-12,352,12,0,0.055589065,3
353-0,353,0,0,0.04140436,2
353-1,353,1,0,0.06278932,2
353-2,353,2,0,0.08867668,2
353-3,353,3,0,0.124452434,2
353-4,353,4,0,0.018775715,2
353-5,353,5,0,0.04768325,2
353-6,353,6,0,0.018843587,2
353-7,353,7,0,0.03775789,2
353-8,353,8,1,0.3806974,2
353-9,353,9,0,0.121235766,2
353-10,353,10,0,0.013462284,2
353-11,353,11,0,0.013546446,2
353-12,353,12,0,0.025247041,2
354-0,354,0,0,0.0799764,3
354-1,354,1,0,0.03590188,3
354-2,354,2,0,0.011475816,3
354-3,354,3,0,0.1384334,3
354-4,354,4,0,0.017513307,3
354-5,354,5,0,0.07101727,3
354-6,354,6,0,0.009465846,3
354-7,354,7,0,0.061064668,3
354-8,354,8,0,0.01717464,3
354-9,354,9,0,0.06080072,3
354-10,354,10,0,0.018192789,3
354-11,354,11,0,0.01378443,3
354-12,354,12,0,0.047530256,3
355-0,355,0,0,0.0033137687,2
355-1,355,1,0,0.005219982,2
355-2,355,2,0,0.0049031787,2
355-3,355,3,0,0.008917438,2
355-4,355,4,0,0.0020568713,2
355-5,355,5,0,0.0038413429,2
355-6,355,6,0,0.0017306274,2
355-7,355,7,1,0.3431788,2
355-8,355,8,0,0.00930723,2
355-9,355,9,0,0.0063454276,2
355-10,355,10,0,0.00104315,2
355-11,355,11,0,0.00086628884,2
355-12,355,12,0,0.002563904,2
356-0,356,0,0,0.0010643689,5
356-1,356,1,0,0.0022344314,5
356-2,356,2,1,0.62454325,5
356-3,356,3,0,0.004075615,5
356-4,356,4,0,0.001208381,5
356-5,356,5,1,0.17683709,5
356-6,356,6,0,0.0024210105,5
356-7,356,7,0,0.0017579306,5
356-8,356,8,0,0.0009888484,5
356-9,356,9,0,0.0021320954,5
356-10,356,10,0,0.0010189475,5
356-11,356,11,0,0.00068299903,5
356-12,356,12,0,0.0017726166,5
357-0,357,0,0,0.0009021492,5
357-1,357,1,0,0.0014256985,5
357-2,357,2,0,0.0007942232,5
357-3,357,3,0,0.0038753874,5
357-4,357,4,0,0.0009432449,5
357-5,357,5,0,0.0010970404,5
357-6,357,6,0,0.0026275308,5
357-7,357,7,0,0.0016052986,5
357-8,357,8,0,0.00090293173,5
357-9,357,9,0,0.0015245527,5
357-10,357,10,0,0.00089046167,5
357-11,357,11,0,0.000633535,5
357-12,357,12,0,0.001646537,5
358-0,358,0,1,0.5459479,3
358-1,358,1,0,0.039027266,3
358-2,358,2,0,0.01520402,3
358-3,358,3,0,0.15514758,3
358-4,358,4,0,0.02010195,3
358-5,358,5,0,0.07998144,3
358-6,358,6,0,0.012890872,3
358-7,358,7,0,0.07130822,3
358-8,358,8,0,0.017295629,3
358-9,358,9,0,0.059218496,3
358-10,358,10,0,0.017519813,3
358-11,358,11,0,0.019593244,3
358-12,358,12,0,0.0580223,3
359-0,359,0,0,0.0010436833,5
359-1,359,1,0,0.0022344314,5
359-2,359,2,0,0.00082129345,5
359-3,359,3,1,0.9350145,5
359-4,359,4,0,0.0011849001,5
359-5,359,5,0,0.0014031669,5
359-6,359,6,0,0.0028066623,5
359-7,359,7,0,0.0017288751,5
359-8,359,8,0,0.0016296462,5
359-9,359,9,0,0.002174306,5
359-10,359,10,0,0.0010100924,5
359-11,359,11,0,0.00068299903,5
359-12,359,12,0,0.0018885084,5
360-0,360,0,0,0.6466977,5
360-1,360,1,0,0.8815891,5
360-2,360,2,0,0.7330834,5
360-3,360,3,0,0.93143016,5
360-4,360,4,0,0.68891555,5
360-5,360,5,0,0.17683709,5
360-6,360,6,0,0.91919756,5
360-7,360,7,0,0.87421757,5
360-8,360,8,0,0.7865009,5
360-9,360,9,0,0.83803284,5
360-10,360,10,0,0.15152958,5
360-11,360,11,0,0.62454325,5
360-12,360,12,0,0.87145394,5
361-0,361,0,0,0.0155914035,5
361-1,361,1,0,0.029212574,5
361-2,361,2,0,0.012601201,5
361-3,361,3,0,0.054372586,5
361-4,361,4,0,0.010610595,5
361-5,361,5,0,0.012348312,5
361-6,361,6,0,0.043834414,5
361-7,361,7,0,0.025472103,5
361-8,361,8,0,0.015074803,5
361-9,361,9,0,0.023569645,5
361-10,361,10,0,0.009729886,5
361-11,361,11,0,0.008417581,5
361-12,361,12,0,0.027247032,5
362-0,362,0,1,0.5183206,2
362-1,362,1,1,0.7290932,2
362-2,362,2,1,0.7637537,2
362-3,362,3,1,0.8293649,2
362-4,362,4,0,0.0019951987,2
362-5,362,5,0,0.0035663634,2
362-6,362,6,0,0.0019395521,2
362-7,362,7,1,0.60029155,2
362-8,362,8,1,0.84164375,2
362-9,362,9,1,0.8195882,2
362-10,362,10,1,0.26422578,2
362-11,362,11,1,0.13398248,2
362-12,362,12,1,0.6138551,2
363-0,363,0,1,0.43994716,1
363-1,363,1,1,0.46690264,1
363-2,363,2,1,0.30763683,1
363-3,363,3,1,0.3173987,1
363-4,363,4,1,0.13515335,1
363-5,363,5,1,0.16797817,1
363-6,363,6,0,0.036558792,1
363-7,363,7,1,0.31460607,1
363-8,363,8,1,0.16656378,1
363-9,363,9,1,0.45542625,1
363-10,363,10,1,0.07860618,1
363-11,363,11,1,0.25811857,1
363-12,363,12,1,0.25950563,1
364-0,364,0,0,0.8420244,5
364-1,364,1,0,0.91779304,5
364-2,364,2,0,0.8077002,5
364-3,364,3,0,0.9540727,5
364-4,364,4,0,0.7260873,5
364-5,364,5,0,0.247291,5
364-6,364,6,0,0.9469322,5
364-7,364,7,1,0.0020445045,5
364-8,364,8,0,0.8503602,5
364-9,364,9,0,0.9241079,5
364-10,364,10,1,0.0006329266,5
364-11,364,11,1,0.0005211438,5
364-12,364,12,0,0.91404384,5
365-0,365,0,0,0.05657881,2
365-1,365,1,0,0.09036729,2
365-2,365,2,1,0.13799682,2
365-3,365,3,0,0.14485905,2
365-4,365,4,0,0.030885505,2
365-5,365,5,0,0.07080619,2
365-6,365,6,0,0.026364679,2
365-7,365,7,1,0.056000046,2
365-8,365,8,0,0.15770553,2
365-9,365,9,0,0.16252753,2
365-10,365,10,0,0.016091991,2
365-11,365,11,0,0.016130723,2
365-12,365,12,0,0.051954117,2
366-0,366,0,1,0.08451266,3
366-1,366,1,0,0.09110551,3
366-2,366,2,0,0.023761533,3
366-3,366,3,1,0.14178766,3
366-4,366,4,0,0.040654875,3
366-5,366,5,0,0.17034638,3
366-6,366,6,0,0.026883157,3
366-7,366,7,0,0.15142077,3
366-8,366,8,0,0.03831729,3
366-9,366,9,0,0.17469676,3
366-10,366,10,0,0.024351265,3
366-11,366,11,0,0.030485122,3
366-12,366,12,0,0.08787544,3
367-0,367,0,1,0.3685721,3
367-1,367,1,0,0.040451694,3
367-2,367,2,0,0.011919244,3
367-3,367,3,0,0.1340797,3
367-4,367,4,0,0.02332514,3
367-5,367,5,1,0.36279103,3
367-6,367,6,1,0.06449316,3
367-7,367,7,0,0.062936574,3
367-8,367,8,1,0.09778532,3
367-9,367,9,1,0.37976983,3
367-10,367,10,0,0.018890807,3
367-11,367,11,0,0.013924885,3
367-12,367,12,0,0.05398303,3
368-0,368,0,1,0.04316778,2
368-1,368,1,1,0.06677363,2
368-2,368,2,1,0.09322476,2
368-3,368,3,1,0.11526537,2
368-4,368,4,1,0.020061249,2
368-5,368,5,1,0.050760914,2
368-6,368,6,1,0.013211392,2
368-7,368,7,1,0.040279344,2
368-8,368,8,1,0.13178983,2
368-9,368,9,1,0.09215668,2
368-10,368,10,1,0.012512828,2
368-11,368,11,1,0.008881712,2
368-12,368,12,1,0.026956432,2
369-0,369,0,0,0.019794876,5
369-1,369,1,0,0.03865992,5
369-2,369,2,0,0.014641934,5
369-3,369,3,0,0.065438084,5
369-4,369,4,0,0.021464696,5
369-5,369,5,0,0.01660454,5
369-6,369,6,0,0.05807528,5
369-7,369,7,0,0.033520717,5
369-8,369,8,0,0.019905193,5
369-9,369,9,0,0.040388107,5
369-10,369,10,0,0.012741342,5
369-11,369,11,0,0.009882767,5
369-12,369,12,0,0.034823827,5
370-0,370,0,0,0.12196783,2
370-1,370,1,0,0.18235251,2
370-2,370,2,0,0.24968854,2
370-3,370,3,1,0.17105763,2
370-4,370,4,0,0.06487624,2
370-5,370,5,0,0.16607197,2
370-6,370,6,0,0.04463654,2
370-7,370,7,0,0.12669383,2
370-8,370,8,0,0.3428235,2
370-9,370,9,0,0.24702036,2
370-10,370,10,0,0.036440864,2
370-11,370,11,0,0.022460828,2
370-12,370,12,0,0.112704866,2
371-0,371,0,0,0.01754881,2
371-1,371,1,0,0.028148117,2
371-2,371,2,0,0.06361423,2
371-3,371,3,0,0.070289016,2
371-4,371,4,0,0.018560087,2
371-5,371,5,1,0.41446003,2
371-6,371,6,0,0.013739258,2
371-7,371,7,0,0.025721176,2
371-8,371,8,0,0.08816367,2
371-9,371,9,0,0.078715846,2
371-10,371,10,0,0.009263881,2
371-11,371,11,0,0.006652812,2
371-12,371,12,0,0.018314535,2
372-0,372,0,0,0.04674153,5
372-1,372,1,0,0.11126859,5
372-2,372,2,0,0.032743465,5
372-3,372,3,0,0.1227841,5
372-4,372,4,0,0.044492077,5
372-5,372,5,0,0.027393017,5
372-6,372,6,0,0.14692158,5
372-7,372,7,0,0.09419811,5
372-8,372,8,0,0.05983104,5
372-9,372,9,0,0.120753296,5
372-10,372,10,0,0.022058124,5
372-11,372,11,0,0.032743465,5
372-12,372,12,0,0.09112808,5
373-0,373,0,0,0.013565563,3
373-1,373,1,0,0.004922609,3
373-2,373,2,1,0.37826052,3
373-3,373,3,0,0.026529072,3
373-4,373,4,0,0.0033058,3
373-5,373,5,0,0.010661942,3
373-6,373,6,0,0.002024236,3
373-7,373,7,0,0.010872719,3
373-8,373,8,0,0.0022975556,3
373-9,373,9,0,0.014228337,3
373-10,373,10,1,0.27273774,3
373-11,373,11,0,0.002274891,3
373-12,373,12,0,0.008781457,3
374-0,374,0,0,0.093041226,1
374-1,374,1,0,0.10902791,1
374-2,374,2,1,0.47892588,1
374-3,374,3,0,0.05638817,1
374-4,374,4,1,0.26183864,1
374-5,374,5,0,0.025267534,1
374-6,374,6,0,0.032048576,1
374-7,374,7,1,0.4460454,1
374-8,374,8,0,0.03154981,1
374-9,374,9,1,0.6561019,1
374-10,374,10,1,0.19544521,1
374-11,374,11,0,0.061847463,1
374-12,374,12,0,0.049245223,1
375-0,375,0,0,0.0029105989,4
375-1,375,1,0,0.0022179647,4
375-2,375,2,0,0.007904285,4
375-3,375,3,0,0.0044056727,4
375-4,375,4,0,0.0016573737,4
375-5,375,5,0,0.0012331078,4
375-6,375,6,0,0.0030130122,4
375-7,375,7,0,0.0024525917,4
375-8,375,8,0,0.00656092,4
375-9,375,9,0,0.0071043284,4
375-10,375,10,0,0.0022184416,4
375-11,375,11,0,0.002670569,4
375-12,375,12,0,0.0032572143,4
376-0,376,0,1,0.6218717,2
376-1,376,1,0,0.0049540373,2
376-2,376,2,0,0.006407688,2
376-3,376,3,0,0.008464719,2
376-4,376,4,0,0.0019271519,2
376-5,376,5,0,0.0026905125,2
376-6,376,6,0,0.0016064981,2
376-7,376,7,0,0.0024185013,2
376-8,376,8,0,0.008644374,2
376-9,376,9,0,0.008565661,2
376-10,376,10,0,0.0009311754,2
376-11,376,11,0,0.00084028416,2
376-12,376,12,0,0.0027529947,2
377-0,377,0,0,0.022093702,4
377-1,377,1,0,0.03040325,4
377-2,377,2,0,0.101574264,4
377-3,377,3,0,0.052719798,4
377-4,377,4,0,0.011895289,4
377-5,377,5,0,0.01453978,4
377-6,377,6,0,0.03274968,4
377-7,377,7,0,0.02499134,4
377-8,377,8,0,0.04624194,4
377-9,377,9,0,0.080248035,4
377-10,377,10,0,0.020480102,4
377-11,377,11,0,0.029069424,4
377-12,377,12,0,0.034182806,4
378-0,378,0,0,0.002145452,2
378-1,378,1,0,0.0053354385,2
378-2,378,2,0,0.0072058844,2
378-3,378,3,0,0.0080603715,2
378-4,378,4,0,0.0019867255,2
378-5,378,5,0,0.0038413429,2
378-6,378,6,0,0.0017306274,2
378-7,378,7,0,0.002605208,2
378-8,378,8,0,0.00930723,2
378-9,378,9,0,0.0076129953,2
378-10,378,10,0,0.0010567659,2
378-11,378,11,0,0.00086628884,2
378-12,378,12,0,0.0026207678,2
379-0,379,0,0,0.0006686026,5
379-1,379,1,0,0.0014092522,5
379-2,379,2,1,0.8582467,5
379-3,379,3,0,0.0029022705,5
379-4,379,4,0,0.0007126657,5
379-5,379,5,0,0.0008154841,5
379-6,379,6,0,0.0018294253,5
379-7,379,7,0,0.0025987618,5
379-8,379,8,0,0.0006295501,5
379-9,379,9,0,0.0013130708,5
379-10,379,10,0,0.0006171789,5
379-11,379,11,0,0.00047979204,5
379-12,379,12,0,0.001215935,5
380-0,380,0,0,0.4694661,1
380-1,380,1,0,0.5014161,1
380-2,380,2,0,0.2825998,1
380-3,380,3,0,0.34566346,1
380-4,380,4,0,0.15726274,1
380-5,380,5,0,0.1851243,1
380-6,380,6,0,0.1894442,1
380-7,380,7,0,0.34524593,1
380-8,380,8,0,0.18671334,1
380-9,380,9,0,0.42259747,1
380-10,380,10,0,0.091919616,1
380-11,380,11,0,0.29360405,1
380-12,380,12,0,0.23387067,1
381-0,381,0,0,0.0016207666,4
381-1,381,1,0,0.0012454262,4
381-2,381,2,0,0.0044423277,4
381-3,381,3,0,0.0023524852,4
381-4,381,4,0,0.0010079386,4
381-5,381,5,0,0.0006665365,4
381-6,381,6,0,0.0015521765,4
381-7,381,7,0,0.001250179,4
381-8,381,8,0,0.0034145487,4
381-9,381,9,0,0.0043762056,4
381-10,381,10,0,0.0011138757,4
381-11,381,11,0,0.0014386873,4
381-12,381,12,0,0.0016615086,4
382-0,382,0,0,0.0100701265,1
382-1,382,1,0,0.011047866,1
382-2,382,2,0,0.005077741,1
382-3,382,3,0,0.0055076727,1
382-4,382,4,0,0.0030653558,1
382-5,382,5,0,0.0019330481,1
382-6,382,6,0,0.003043066,1
382-7,382,7,0,0.004790677,1
382-8,382,8,0,0.002961633,1
382-9,382,9,0,0.008976461,1
382-10,382,10,0,0.003368536,1
382-11,382,11,0,0.005255881,1
382-12,382,12,0,0.004744439,1
383-0,383,0,0,0.76034015,5
383-1,383,1,1,0.0019592775,5
383-2,383,2,1,0.0007113893,5
383-3,383,3,0,0.9258466,5
383-4,383,4,1,0.0011738407,5
383-5,383,5,1,0.0011904978,5
383-6,383,6,1,0.002395867,5
383-7,383,7,1,0.0013774282,5
383-8,383,8,1,0.00081942516,5
383-9,383,9,1,0.002120191,5
383-10,383,10,1,0.0013111108,5
383-11,383,11,1,0.00064212835,5
383-12,383,12,1,0.0015233947,5
384-0,384,0,1,0.3310431,2
384-1,384,1,1,0.69716614,2
384-2,384,2,1,0.7637537,2
384-3,384,3,1,0.8293649,2
384-4,384,4,0,0.002482182,2
384-5,384,5,0,0.0026238607,2
384-6,384,6,0,0.0018914687,2
384-7,384,7,1,0.5758882,2
384-8,384,8,1,0.84164375,2
384-9,384,9,0,0.00887455,2
384-10,384,10,1,0.26422578,2
384-11,384,11,1,0.10974714,2
384-12,384,12,1,0.6138551,2
385-0,385,0,0,0.028138053,1
385-1,385,1,0,0.041555803,1
385-2,385,2,0,0.020246834,1
385-3,385,3,0,0.01521902,1
385-4,385,4,0,0.00780463,1
385-5,385,5,0,0.0066782054,1
385-6,385,6,0,0.011717728,1
385-7,385,7,0,0.01621646,1
385-8,385,8,0,0.008196445,1
385-9,385,9,0,0.027183117,1
385-10,385,10,0,0.009549138,1
385-11,385,11,0,0.016635247,1
385-12,385,12,0,0.012826382,1
386-0,386,0,0,0.077623084,2
386-1,386,1,0,0.12318577,2
386-2,386,2,0,0.15506604,2
386-3,386,3,0,0.19091664,2
386-4,386,4,0,0.044993695,2
386-5,386,5,0,0.09535144,2
386-6,386,6,0,0.04201079,2
386-7,386,7,0,0.0692357,2
386-8,386,8,0,0.20713876,2
386-9,386,9,0,0.21142384,2
386-10,386,10,0,0.025259066,2
386-11,386,11,0,0.02362597,2
386-12,386,12,0,0.071642935,2
387-0,387,0,0,0.00051641726,5
387-1,387,1,0,0.0013364073,5
387-2,387,2,0,0.0005407278,5
387-3,387,3,0,0.002711494,5
387-4,387,4,0,0.00067580293,5
387-5,387,5,0,0.00077330717,5
387-6,387,6,0,0.0017348982,5
387-7,387,7,0,0.0010679375,5
387-8,387,8,0,0.00059698365,5
387-9,387,9,0,0.0012451913,5
387-10,387,10,0,0.0005941138,5
387-11,387,11,0,0.00045496927,5
387-12,387,12,0,0.0011358816,5
388-0,388,0,0,0.011977694,2
388-1,388,1,0,0.021832863,2
388-2,388,2,0,0.044391725,2
388-3,388,3,0,0.055594835,2
388-4,388,4,0,0.009185015,2
388-5,388,5,0,0.025479352,2
388-6,388,6,0,0.0122140115,2
388-7,388,7,0,0.018289333,2
388-8,388,8,0,0.062799126,2
388-9,388,9,0,0.04006289,2
388-10,388,10,0,0.0068261917,2
388-11,388,11,0,0.005378567,2
388-12,388,12,0,0.017667074,2
389-0,389,0,0,0.017457316,2
389-1,389,1,0,0.030869903,2
389-2,389,2,0,0.043014966,2
389-3,389,3,0,0.071338825,2
389-4,389,4,0,0.013185574,2
389-5,389,5,0,0.033353094,2
389-6,389,6,0,0.015879447,2
389-7,389,7,0,0.022695556,2
389-8,389,8,0,0.079439595,2
389-9,389,9,0,0.059659045,2
389-10,389,10,0,0.0092715565,2
389-11,389,11,0,0.007870282,2
389-12,389,12,0,0.024856929,2
390-0,390,0,0,0.0009200322,5
390-1,390,1,0,0.0018715505,5
390-2,390,2,1,0.7427377,5
390-3,390,3,0,0.003823539,5
390-4,390,4,0,0.0009432449,5
390-5,390,5,0,0.0011119572,5
390-6,390,6,0,0.0026275308,5
390-7,390,7,0,0.0016052986,5
390-8,390,8,0,0.0019060532,5
390-9,390,9,0,0.0016782847,5
390-10,390,10,0,0.00087054993,5
390-11,390,11,0,0.0007787837,5
390-12,390,12,0,0.001679151,5
391-0,391,0,0,0.009158422,1
391-1,391,1,0,0.010802549,1
391-2,391,2,1,0.8499248,1
391-3,391,3,0,0.005393587,1
391-4,391,4,0,0.0026727836,1
391-5,391,5,0,0.002308045,1
391-6,391,6,1,0.730938,1
391-7,391,7,1,0.82875335,1
391-8,391,8,0,0.002937209,1
391-9,391,9,0,0.010746553,1
391-10,391,10,0,0.0033067742,1
391-11,391,11,0,0.006194616,1
391-12,391,12,0,0.004625235,1
392-0,392,0,0,0.15571165,4
392-1,392,1,0,0.17067449,4
392-2,392,2,0,0.42095003,4
392-3,392,3,0,0.26094714,4
392-4,392,4,0,0.0672031,4
392-5,392,5,0,0.109069206,4
392-6,392,6,0,0.19376196,4
392-7,392,7,0,0.15595287,4
392-8,392,8,0,0.23516117,4
392-9,392,9,0,0.37250108,4
392-10,392,10,0,0.060896747,4
392-11,392,11,0,0.19620147,4
392-12,392,12,0,0.18520917,4
393-0,393,0,0,0.12532644,3
393-1,393,1,0,0.053668488,3
393-2,393,2,0,0.018999178,3
393-3,393,3,0,0.20558125,3
393-4,393,4,0,0.030757613,3
393-5,393,5,1,0.57628655,3
393-6,393,6,0,0.015504958,3
393-7,393,7,0,0.1027244,3
393-8,393,8,0,0.026906997,3
393-9,393,9,0,0.099820964,3
393-10,393,10,0,0.026081195,3
393-11,393,11,0,0.022248542,3
393-12,393,12,0,0.08252563,3
394-0,394,0,0,0.0016340144,4
394-1,394,1,0,0.0013336196,4
394-2,394,2,0,0.004927074,4
394-3,394,3,0,0.0022858602,4
394-4,394,4,0,0.0009890853,4
394-5,394,5,0,0.00083469483,4
394-6,394,6,0,0.0017317745,4
394-7,394,7,0,0.001323541,4
394-8,394,8,0,0.003879417,4
394-9,394,9,0,0.004204535,4
394-10,394,10,0,0.0012535481,4
394-11,394,11,0,0.0016060524,4
394-12,394,12,0,0.001793477,4
395-0,395,0,0,0.02467178,2
395-1,395,1,0,0.032269742,2
395-2,395,2,0,0.050373703,2
395-3,395,3,0,0.060835656,2
395-4,395,4,0,0.01975245,2
395-5,395,5,1,0.402575,2
395-6,395,6,0,0.013300721,2
395-7,395,7,1,0.31752712,2
395-8,395,8,0,0.071939096,2
395-9,395,9,0,0.064781986,2
395-10,395,10,1,0.1051992,2
395-11,395,11,0,0.00812808,2
395-12,395,12,0,0.021258235,2
396-0,396,0,0,0.08925996,4
396-1,396,1,0,0.09862519,4
396-2,396,2,0,0.3166144,4
396-3,396,3,0,0.18382384,4
396-4,396,4,0,0.048055332,4
396-5,396,5,0,0.07038262,4
396-6,396,6,0,0.12232297,4
396-7,396,7,0,0.09904227,4
396-8,396,8,0,0.17903921,4
396-9,396,9,0,0.27846164,4
396-10,396,10,0,0.03965766,4
396-11,396,11,0,0.11399337,4
396-12,396,12,0,0.133078,4
397-0,397,0,0,0.002987518,2
397-1,397,1,0,0.005219982,2
397-2,397,2,1,0.75011325,2
397-3,397,3,0,0.008539803,2
397-4,397,4,0,0.0019867255,2
397-5,397,5,0,0.0038413429,2
397-6,397,6,0,0.0018077055,2
397-7,397,7,0,0.002605208,2
397-8,397,8,0,0.00930723,2
397-9,397,9,0,0.009584824,2
397-10,397,10,0,0.00104315,2
397-11,397,11,0,0.00086628884,2
397-12,397,12,0,0.0027775562,2
398-0,398,0,0,0.8420244,5
398-1,398,1,0,0.92456776,5
398-2,398,2,1,0.00045005337,5
398-3,398,3,0,0.95773345,5
398-4,398,4,1,0.00079039455,5
398-5,398,5,0,0.247291,5
398-6,398,6,1,0.0014944394,5
398-7,398,7,1,0.0010836088,5
398-8,398,8,1,0.00060935784,5
398-9,398,9,1,0.0014014728,5
398-10,398,10,1,0.0006329266,5
398-11,398,11,1,0.00045005337,5
398-12,398,12,0,0.9245488,5
399-0,399,0,0,0.08540076,4
399-1,399,1,0,0.07426928,4
399-2,399,2,1,0.16770701,4
399-3,399,3,1,0.09534073,4
399-4,399,4,0,0.03826762,4
399-5,399,5,0,0.052530468,4
399-6,399,6,1,0.05946234,4
399-7,399,7,0,0.09345079,4
399-8,399,8,0,0.14189188,4
399-9,399,9,0,0.23202151,4
399-10,399,10,0,0.03189694,4
399-11,399,11,0,0.08620518,4
399-12,399,12,0,0.109112725,4
400-0,400,0,0,0.13940445,4
400-1,400,1,0,0.12895925,4
400-2,400,2,0,0.38709012,4
400-3,400,3,0,0.20255676,4
400-4,400,4,0,0.064570665,4
400-5,400,5,0,0.09281751,4
400-6,400,6,1,0.09726321,4
400-7,400,7,0,0.13180025,4
400-8,400,8,0,0.21674086,4
400-9,400,9,0,0.349079,4
400-10,400,10,0,0.055737738,4
400-11,400,11,0,0.14827654,4
400-12,400,12,0,0.17993961,4
401-0,401,0,0,0.018724326,2
401-1,401,1,0,0.023757879,2
401-2,401,2,0,0.030934533,2
401-3,401,3,0,0.03887964,2
401-4,401,4,0,0.012164313,2
401-5,401,5,0,0.020726334,2
401-6,401,6,0,0.0060888235,2
401-7,401,7,0,0.012808455,2
401-8,401,8,0,0.046676368,2
401-9,401,9,0,0.033472683,2
401-10,401,10,0,0.00555737,2
401-11,401,11,0,0.003589891,2
401-12,401,12,0,0.012132147,2
402-0,402,0,1,0.8457685,4
402-1,402,1,1,0.84101313,4
402-2,402,2,1,0.9542964,4
402-3,402,3,0,0.0019085883,4
402-4,402,4,0,0.0007704437,4
402-5,402,5,0,0.0005574684,4
402-6,402,6,0,0.0013302604,4
402-7,402,7,1,0.818065,4
402-8,402,8,0,0.003464997,4
402-9,402,9,0,0.0033290852,4
402-10,402,10,0,0.0010371113,4
402-11,402,11,0,0.001209516,4
402-12,402,12,0,0.0013851897,4
403-0,403,0,0,0.22462119,4
403-1,403,1,0,0.24677716,4
403-2,403,2,0,0.5307316,4
403-3,403,3,1,0.25332758,4
403-4,403,4,0,0.1384066,4
403-5,403,5,1,0.10124166,4
403-6,403,6,0,0.26777473,4
403-7,403,7,0,0.22794789,4
403-8,403,8,0,0.36497483,4
403-9,403,9,1,0.37540177,4
403-10,403,10,0,0.08383878,4
403-11,403,11,0,0.23900007,4
403-12,403,12,0,0.28850418,4
404-0,404,0,0,0.028124508,3
404-1,404,1,0,0.013771193,3
404-2,404,2,1,0.12728968,3
404-3,404,3,0,0.050572112,3
404-4,404,4,1,0.17702702,3
404-5,404,5,0,0.024595875,3
404-6,404,6,1,0.103989586,3
404-7,404,7,0,0.021525288,3
404-8,404,8,1,0.1553744,3
404-9,404,9,0,0.028065331,3
404-10,404,10,0,0.0059846058,3
404-11,404,11,0,0.005346861,3
404-12,404,12,0,0.017552871,3
405-0,405,0,1,0.081789166,3
405-1,405,1,0,0.19227175,3
405-2,405,2,1,0.011615561,3
405-3,405,3,1,0.16651851,3
405-4,405,4,1,0.020790206,3
405-5,405,5,1,0.08400628,3
405-6,405,6,0,0.08086034,3
405-7,405,7,0,0.36234295,3
405-8,405,8,0,0.10952504,3
405-9,405,9,0,0.3951969,3
405-10,405,10,0,0.057887714,3
405-11,405,11,0,0.10950956,3
405-12,405,12,0,0.28715265,3
406-0,406,0,0,0.8457685,4
406-1,406,1,1,0.0010553056,4
406-2,406,2,1,0.0039789504,4
406-3,406,3,1,0.0017489443,4
406-4,406,4,0,0.7325054,4
406-5,406,5,1,0.0005766928,4
406-6,406,6,0,0.8728526,4
406-7,406,7,0,0.8437196,4
406-8,406,8,0,0.9049226,4
406-9,406,9,1,0.003847954,4
406-10,406,10,1,0.0009934594,4
406-11,406,11,1,0.001209516,4
406-12,406,12,0,0.86976504,4
407-0,407,0,1,0.9025422,3
407-1,407,1,0,0.003095228,3
407-2,407,2,0,0.0011655859,3
407-3,407,3,1,0.9447262,3
407-4,407,4,0,0.0020559349,3
407-5,407,5,0,0.006121058,3
407-6,407,6,0,0.00093975494,3
407-7,407,7,1,0.8589824,3
407-8,407,8,0,0.001091688,3
407-9,407,9,0,0.0066491077,3
407-10,407,10,0,0.0014845436,3
407-11,407,11,1,0.5254246,3
407-12,407,12,0,0.0040916493,3
408-0,408,0,1,0.83320343,4
408-1,408,1,1,0.8487693,4
408-2,408,2,1,0.95164406,4
408-3,408,3,1,0.9007503,4
408-4,408,4,0,0.000842505,4
408-5,408,5,0,0.0005766928,4
408-6,408,6,0,0.0014496378,4
408-7,408,7,1,0.8437196,4
408-8,408,8,1,0.9180842,4
408-9,408,9,1,0.9384937,4
408-10,408,10,0,0.0010941421,4
408-11,408,11,1,0.8736606,4
408-12,408,12,1,0.86976504,4
409-0,409,0,0,0.16380246,2
409-1,409,1,0,0.18304838,2
409-2,409,2,0,0.27065277,2
409-3,409,3,1,0.18411577,2
409-4,409,4,0,0.10205855,2
409-5,409,5,0,0.19031574,2
409-6,409,6,0,0.035844103,2
409-7,409,7,0,0.1723976,2
409-8,409,8,0,0.42826024,2
409-9,409,9,0,0.35640842,2
409-10,409,10,0,0.051506847,2
409-11,409,11,0,0.036276795,2
409-12,409,12,0,0.15191197,2
410-0,410,0,1,0.0008378133,5
410-1,410,1,1,0.0020334066,5
410-2,410,2,1,0.00082129345,5
410-3,410,3,1,0.0056544095,5
410-4,410,4,1,0.001208381,5
410-5,410,5,1,0.001375906,5
410-6,410,6,1,0.0024210105,5
410-7,410,7,1,0.0017579306,5
410-8,410,8,1,0.0009888484,5
410-9,410,9,1,0.002174306,5
410-10,410,10,1,0.0010270806,5
410-11,410,11,1,0.00069654087,5
410-12,410,12,0,0.8736388,5
411-0,411,0,0,0.07370817,1
411-1,411,1,0,0.0871466,1
411-2,411,2,0,0.04754487,1
411-3,411,3,1,0.06343157,1
411-4,411,4,0,0.022502523,1
411-5,411,5,0,0.02166612,1
411-6,411,6,0,0.027021723,1
411-7,411,7,0,0.05679871,1
411-8,411,8,0,0.02844587,1
411-9,411,9,0,0.068101145,1
411-10,411,10,0,0.017785037,1
411-11,411,11,0,0.042516865,1
411-12,411,12,0,0.03802529,1
412-0,412,0,0,0.0016340144,4
412-1,412,1,0,0.0013336196,4
412-2,412,2,0,0.0050045894,4
412-3,412,3,0,0.0023219194,4
412-4,412,4,0,0.0009890853,4
412-5,412,5,0,0.00074039126,4
412-6,412,6,0,0.0017317745,4
412-7,412,7,0,0.0013843904,4
412-8,412,8,0,0.003879417,4
412-9,412,9,0,0.004204535,4
412-10,412,10,0,0.0012535481,4
412-11,412,11,0,0.0016060524,4
412-12,412,12,0,0.001793477,4
413-0,413,0,0,0.027218213,1
413-1,413,1,0,0.027655173,1
413-2,413,2,1,0.24976002,1
413-3,413,3,0,0.016270416,1
413-4,413,4,0,0.0075375927,1
413-5,413,5,0,0.0070604584,1
413-6,413,6,0,0.011245711,1
413-7,413,7,0,0.016649637,1
413-8,413,8,0,0.008796374,1
413-9,413,9,0,0.029225009,1
413-10,413,10,0,0.0082910685,1
413-11,413,11,0,0.015804404,1
413-12,413,12,0,0.013322258,1
414-0,414,0,0,0.008314874,5
414-1,414,1,0,0.012451084,5
414-2,414,2,0,0.0062583527,5
414-3,414,3,0,0.028118378,5
414-4,414,4,0,0.006454062,5
414-5,414,5,0,0.00668248,5
414-6,414,6,0,0.023074597,5
414-7,414,7,0,0.013403994,5
414-8,414,8,0,0.0075646513,5
414-9,414,9,0,0.016750969,5
414-10,414,10,0,0.005138365,5
414-11,414,11,0,0.0047195205,5
414-12,414,12,0,0.0139262,5
415-0,415,0,0,0.018448781,2
415-1,415,1,0,0.040330015,2
415-2,415,2,0,0.057198253,2
415-3,415,3,0,0.06998087,2
415-4,415,4,0,0.0128648495,2
415-5,415,5,0,0.030365698,2
415-6,415,6,0,0.009279601,2
415-7,415,7,0,0.023899863,2
415-8,415,8,0,0.08229431,2
415-9,415,9,0,0.060700063,2
415-10,415,10,1,0.088115826,2
415-11,415,11,0,0.0061068395,2
415-12,415,12,0,0.024189392,2
416-0,416,0,0,0.07812336,2
416-1,416,1,1,0.116687104,2
416-2,416,2,0,0.16433059,2
416-3,416,3,0,0.19948383,2
416-4,416,4,1,0.049925976,2
416-5,416,5,1,0.088923804,2
416-6,416,6,1,0.03862913,2
416-7,416,7,1,0.06918311,2
416-8,416,8,1,0.20007981,2
416-9,416,9,0,0.14685252,2
416-10,416,10,1,0.021896968,2
416-11,416,11,1,0.021794846,2
416-12,416,12,0,0.060365457,2
417-0,417,0,0,0.04392741,3
417-1,417,1,0,0.023393577,3
417-2,417,2,1,0.02267032,3
417-3,417,3,0,0.13266636,3
417-4,417,4,0,0.014799223,3
417-5,417,5,0,0.07132688,3
417-6,417,6,0,0.010188654,3
417-7,417,7,0,0.06733299,3
417-8,417,8,0,0.016348124,3
417-9,417,9,0,0.07332734,3
417-10,417,10,0,0.016431067,3
417-11,417,11,0,0.01084518,3
417-12,417,12,0,0.05355084,3
418-0,418,0,0,0.0020295428,2
418-1,418,1,0,0.003539877,2
418-2,418,2,0,0.004638974,2
418-3,418,3,0,0.007906353,2
418-4,418,4,0,0.0019457383,2
418-5,418,5,0,0.00347809,2
418-6,418,6,0,0.001370392,2
418-7,418,7,0,0.002358572,2
418-8,418,8,0,0.008431475,2
418-9,418,9,0,0.0072038313,2
418-10,418,10,0,0.0009080678,2
418-11,418,11,0,0.0008194303,2
418-12,418,12,0,0.0023726625,2
419-0,419,0,0,0.06151622,3
419-1,419,1,0,0.032349296,3
419-2,419,2,0,0.011300987,3
419-3,419,3,0,0.15391544,3
419-4,419,4,0,0.01927679,3
419-5,419,5,0,0.08400628,3
419-6,419,6,0,0.011757226,3
419-7,419,7,0,0.07628737,3
419-8,419,8,0,0.020156175,3
419-9,419,9,0,0.06692286,3
419-10,419,10,0,0.018909167,3
419-11,419,11,0,0.015411949,3
419-12,419,12,0,0.059627183,3
420-0,420,0,0,0.017416777,4
420-1,420,1,1,0.17067449,4
420-2,420,2,0,0.063274115,4
420-3,420,3,0,0.031141184,4
420-4,420,4,0,0.009466593,4
420-5,420,5,0,0.011021526,4
420-6,420,6,0,0.019181695,4
420-7,420,7,1,0.13719259,4
420-8,420,8,0,0.027865116,4
420-9,420,9,0,0.051461,4
420-10,420,10,0,0.013339976,4
420-11,420,11,0,0.01767782,4
420-12,420,12,0,0.021351214,4
421-0,421,0,0,0.18802598,1
421-1,421,1,0,0.2067685,1
421-2,421,2,0,0.12014808,1
421-3,421,3,0,0.1400833,1
421-4,421,4,0,0.059139233,1
421-5,421,5,0,0.064867765,1
421-6,421,6,1,0.08946515,1
421-7,421,7,0,0.13898905,1
421-8,421,8,0,0.08539845,1
421-9,421,9,0,0.19777149,1
421-10,421,10,0,0.050679766,1
421-11,421,11,0,0.13069224,1
421-12,421,12,0,0.11407023,1
422-0,422,0,0,0.11014488,1
422-1,422,1,0,0.106128275,1
422-2,422,2,0,0.07006555,1
422-3,422,3,0,0.07214112,1
422-4,422,4,0,0.027833177,1
422-5,422,5,0,0.027437665,1
422-6,422,6,0,0.04187886,1
422-7,422,7,0,0.07331065,1
422-8,422,8,0,0.03981368,1
422-9,422,9,0,0.11643248,1
422-10,422,10,0,0.026044974,1
422-11,422,11,0,0.06387295,1
422-12,422,12,0,0.0572586,1
423-0,423,0,1,0.5324075,3
423-1,423,1,1,0.31395012,3
423-2,423,2,0,0.0028094195,3
423-3,423,3,0,0.029608473,3
423-4,423,4,1,0.21856572,3
423-5,423,5,0,0.011922109,3
423-6,423,6,0,0.0022658221,3
423-7,423,7,1,0.4392292,3
423-8,423,8,0,0.002494299,3
423-9,423,9,0,0.015903197,3
423-10,423,10,0,0.0034952546,3
423-11,423,11,0,0.0025463135,3
423-12,423,12,0,0.010234826,3
424-0,424,0,0,0.26112235,4
424-1,424,1,0,0.27974716,4
424-2,424,2,0,0.5760718,4
424-3,424,3,0,0.3998924,4
424-4,424,4,0,0.16194594,4
424-5,424,5,0,0.14657503,4
424-6,424,6,1,0.013706156,4
424-7,424,7,0,0.21940354,4
424-8,424,8,0,0.35571694,4
424-9,424,9,0,0.52589077,4
424-10,424,10,0,0.10900475,4
424-11,424,11,0,0.26102644,4
424-12,424,12,0,0.2967329,4
425-0,425,0,0,0.015107794,3
425-1,425,1,0,0.006650566,3
425-2,425,2,0,0.0026678499,3
425-3,425,3,0,0.026529072,3
425-4,425,4,0,0.0033058,3
425-5,425,5,0,0.010661942,3
425-6,425,6,0,0.002024236,3
425-7,425,7,0,0.010186899,3
425-8,425,8,0,0.0022975556,3
425-9,425,9,0,0.012769079,3
425-10,425,10,0,0.0028927883,3
425-11,425,11,0,0.002274891,3
425-12,425,12,0,0.008142781,3
426-0,426,0,0,0.0040079416,2
426-1,426,1,0,0.0045584133,2
426-2,426,2,0,0.007986249,2
426-3,426,3,0,0.009327273,2
426-4,426,4,0,0.0026408024,2
426-5,426,5,1,0.33415076,2
426-6,426,6,0,0.002158417,2
426-7,426,7,0,0.0031641948,2
426-8,426,8,0,0.011408218,2
426-9,426,9,1,0.48129123,2
426-10,426,10,0,0.0013653361,2
426-11,426,11,0,0.0010082979,2
426-12,426,12,0,0.002850239,2
427-0,427,0,0,0.41430867,1
427-1,427,1,0,0.44329277,1
427-2,427,2,0,0.3188747,1
427-3,427,3,1,0.078140326,1
427-4,427,4,0,0.12725694,1
427-5,427,5,0,0.15721823,1
427-6,427,6,0,0.18017337,1
427-7,427,7,0,0.2946621,1
427-8,427,8,0,0.15389745,1
427-9,427,9,0,0.36382183,1
427-10,427,10,0,0.066500396,1
427-11,427,11,0,0.24751721,1
427-12,427,12,0,0.239724,1
