id,case_id,rater_id,fold,error-rating,d_probability,probability_source_ai,run,threshold_youden
1-0,1,0,3,0,0.12169316,nested_test,weighted,0.44559308886528015
1-1,1,1,3,0,0.08780243,nested_test,weighted,0.44559308886528015
1-2,1,2,3,0,0.032327995,nested_test,weighted,0.44559308886528015
1-3,1,3,3,0,0.2676423,nested_test,weighted,0.44559308886528015
1-4,1,4,3,0,0.04404443,nested_test,weighted,0.44559308886528015
1-5,1,5,3,0,0.14603746,nested_test,weighted,0.44559308886528015
1-6,1,6,3,0,0.029457582,nested_test,weighted,0.44559308886528015
1-7,1,7,3,0,0.06247298,nested_test,weighted,0.44559308886528015
1-8,1,8,3,0,0.03206267,nested_test,weighted,0.44559308886528015
1-9,1,9,3,0,0.14945708,nested_test,weighted,0.44559308886528015
1-10,1,10,3,0,0.048614454,nested_test,weighted,0.44559308886528015
1-11,1,11,3,1,0.07585076,nested_test,weighted,0.44559308886528015
1-12,1,12,3,0,0.10111602,nested_test,weighted,0.44559308886528015
2-0,2,0,5,1,0.13167699,nested_test,weighted,0.372329980134964
2-1,2,1,5,1,0.4114167,nested_test,weighted,0.372329980134964
2-2,2,2,5,1,0.07597248,nested_test,weighted,0.372329980134964
2-3,2,3,5,0,0.083390586,nested_test,weighted,0.372329980134964
2-4,2,4,5,0,0.034982778,nested_test,weighted,0.372329980134964
2-5,2,5,5,1,0.013163262,nested_test,weighted,0.372329980134964
2-6,2,6,5,0,0.094929196,nested_test,weighted,0.372329980134964
2-7,2,7,5,1,0.3361459,nested_test,weighted,0.372329980134964
2-8,2,8,5,1,0.18087193,nested_test,weighted,0.372329980134964
2-9,2,9,5,0,0.07576784,nested_test,weighted,0.372329980134964
2-10,2,10,5,0,0.009294444,nested_test,weighted,0.372329980134964
2-11,2,11,5,1,0.098411895,nested_test,weighted,0.372329980134964
2-12,2,12,5,1,0.19138587,nested_test,weighted,0.372329980134964
3-0,3,0,3,0,0.11440833,nested_test,weighted,0.44559308886528015
3-1,3,1,3,0,0.10273482,nested_test,weighted,0.44559308886528015
3-2,3,2,3,0,0.03020879,nested_test,weighted,0.44559308886528015
3-3,3,3,3,0,0.35838252,nested_test,weighted,0.44559308886528015
3-4,3,4,3,0,0.04118986,nested_test,weighted,0.44559308886528015
3-5,3,5,3,0,0.13752355,nested_test,weighted,0.44559308886528015
3-6,3,6,3,1,0.042110536,nested_test,weighted,0.44559308886528015
3-7,3,7,3,0,0.055672072,nested_test,weighted,0.44559308886528015
3-8,3,8,3,0,0.029639617,nested_test,weighted,0.44559308886528015
3-9,3,9,3,0,0.16576041,nested_test,weighted,0.44559308886528015
3-10,3,10,3,0,0.03758203,nested_test,weighted,0.44559308886528015
3-11,3,11,3,0,0.030211603,nested_test,weighted,0.44559308886528015
3-12,3,12,3,0,0.09492992,nested_test,weighted,0.44559308886528015
4-0,4,0,4,0,0.02941616,nested_test,weighted,0.5368138551712036
4-1,4,1,4,0,0.057547886,nested_test,weighted,0.5368138551712036
4-2,4,2,4,0,0.1258894,nested_test,weighted,0.5368138551712036
4-3,4,3,4,1,0.5896964,nested_test,weighted,0.5368138551712036
4-4,4,4,4,0,0.020907762,nested_test,weighted,0.5368138551712036
4-5,4,5,4,1,0.25825715,nested_test,weighted,0.5368138551712036
4-6,4,6,4,1,0.38658258,nested_test,weighted,0.5368138551712036
4-7,4,7,4,0,0.044980206,nested_test,weighted,0.5368138551712036
4-8,4,8,4,1,0.5480024,nested_test,weighted,0.5368138551712036
4-9,4,9,4,0,0.11855915,nested_test,weighted,0.5368138551712036
4-10,4,10,4,0,0.02448938,nested_test,weighted,0.5368138551712036
4-11,4,11,4,1,0.5277848,nested_test,weighted,0.5368138551712036
4-12,4,12,4,1,0.44112965,nested_test,weighted,0.5368138551712036
5-0,5,0,4,0,0.10868569,nested_test,weighted,0.5368138551712036
5-1,5,1,4,0,0.20378228,nested_test,weighted,0.5368138551712036
5-2,5,2,4,0,0.48802334,nested_test,weighted,0.5368138551712036
5-3,5,3,4,0,0.33664107,nested_test,weighted,0.5368138551712036
5-4,5,4,4,0,0.0871448,nested_test,weighted,0.5368138551712036
5-5,5,5,4,0,0.09688167,nested_test,weighted,0.5368138551712036
5-6,5,6,4,1,0.13381742,nested_test,weighted,0.5368138551712036
5-7,5,7,4,0,0.13359118,nested_test,weighted,0.5368138551712036
5-8,5,8,4,0,0.28319395,nested_test,weighted,0.5368138551712036
5-9,5,9,4,0,0.39808595,nested_test,weighted,0.5368138551712036
5-10,5,10,4,0,0.047633722,nested_test,weighted,0.5368138551712036
5-11,5,11,4,0,0.2241799,nested_test,weighted,0.5368138551712036
5-12,5,12,4,0,0.18599007,nested_test,weighted,0.5368138551712036
6-0,6,0,1,0,0.5362396,nested_test,weighted,0.48635756969451904
6-1,6,1,1,0,0.5750586,nested_test,weighted,0.48635756969451904
6-2,6,2,1,0,0.3949499,nested_test,weighted,0.48635756969451904
6-3,6,3,1,0,0.35591018,nested_test,weighted,0.48635756969451904
6-4,6,4,1,0,0.21204597,nested_test,weighted,0.48635756969451904
6-5,6,5,1,0,0.28368682,nested_test,weighted,0.48635756969451904
6-6,6,6,1,1,0.03967327,nested_test,weighted,0.48635756969451904
6-7,6,7,1,0,0.38934934,nested_test,weighted,0.48635756969451904
6-8,6,8,1,0,0.20955418,nested_test,weighted,0.48635756969451904
6-9,6,9,1,0,0.60714054,nested_test,weighted,0.48635756969451904
6-10,6,10,1,1,0.029970761,nested_test,weighted,0.48635756969451904
6-11,6,11,1,1,0.07252394,nested_test,weighted,0.48635756969451904
6-12,6,12,1,0,0.2356142,nested_test,weighted,0.48635756969451904
7-0,7,0,4,0,0.041452788,nested_test,weighted,0.5368138551712036
7-1,7,1,4,0,0.069111854,nested_test,weighted,0.5368138551712036
7-2,7,2,4,0,0.21495746,nested_test,weighted,0.5368138551712036
7-3,7,3,4,0,0.16354446,nested_test,weighted,0.5368138551712036
7-4,7,4,4,0,0.03217557,nested_test,weighted,0.5368138551712036
7-5,7,5,4,0,0.03279666,nested_test,weighted,0.5368138551712036
7-6,7,6,4,1,0.29953578,nested_test,weighted,0.5368138551712036
7-7,7,7,4,0,0.040513325,nested_test,weighted,0.5368138551712036
7-8,7,8,4,0,0.10439328,nested_test,weighted,0.5368138551712036
7-9,7,9,4,0,0.1731472,nested_test,weighted,0.5368138551712036
7-10,7,10,4,1,0.111858174,nested_test,weighted,0.5368138551712036
7-11,7,11,4,0,0.07952117,nested_test,weighted,0.5368138551712036
7-12,7,12,4,0,0.075320326,nested_test,weighted,0.5368138551712036
8-0,8,0,3,0,0.086463295,nested_test,weighted,0.44559308886528015
8-1,8,1,3,0,0.07999496,nested_test,weighted,0.44559308886528015
8-2,8,2,3,0,0.015110362,nested_test,weighted,0.44559308886528015
8-3,8,3,3,0,0.17263654,nested_test,weighted,0.44559308886528015
8-4,8,4,3,0,0.025478078,nested_test,weighted,0.44559308886528015
8-5,8,5,3,0,0.08746497,nested_test,weighted,0.44559308886528015
8-6,8,6,3,0,0.017085647,nested_test,weighted,0.44559308886528015
8-7,8,7,3,0,0.049124684,nested_test,weighted,0.44559308886528015
8-8,8,8,3,0,0.020561928,nested_test,weighted,0.44559308886528015
8-9,8,9,3,0,0.106871605,nested_test,weighted,0.44559308886528015
8-10,8,10,3,0,0.029829843,nested_test,weighted,0.44559308886528015
8-11,8,11,3,0,0.018415477,nested_test,weighted,0.44559308886528015
8-12,8,12,3,0,0.058826406,nested_test,weighted,0.44559308886528015
9-0,9,0,3,0,0.14449358,nested_test,weighted,0.44559308886528015
9-1,9,1,3,0,0.14849369,nested_test,weighted,0.44559308886528015
9-2,9,2,3,0,0.038775448,nested_test,weighted,0.44559308886528015
9-3,9,3,3,0,0.2902066,nested_test,weighted,0.44559308886528015
9-4,9,4,3,1,0.10317342,nested_test,weighted,0.44559308886528015
9-5,9,5,3,1,0.20175771,nested_test,weighted,0.44559308886528015
9-6,9,6,3,0,0.045095965,nested_test,weighted,0.44559308886528015
9-7,9,7,3,0,0.07225591,nested_test,weighted,0.44559308886528015
9-8,9,8,3,1,0.055450622,nested_test,weighted,0.44559308886528015
9-9,9,9,3,1,0.24815324,nested_test,weighted,0.44559308886528015
9-10,9,10,3,1,0.030497823,nested_test,weighted,0.44559308886528015
9-11,9,11,3,0,0.059202496,nested_test,weighted,0.44559308886528015
9-12,9,12,3,0,0.14594872,nested_test,weighted,0.44559308886528015
10-0,10,0,3,0,0.1497057,nested_test,weighted,0.44559308886528015
10-1,10,1,3,1,0.25381777,nested_test,weighted,0.44559308886528015
10-2,10,2,3,0,0.033419795,nested_test,weighted,0.44559308886528015
10-3,10,3,3,0,0.3827104,nested_test,weighted,0.44559308886528015
10-4,10,4,3,0,0.045513317,nested_test,weighted,0.44559308886528015
10-5,10,5,3,1,0.3060715,nested_test,weighted,0.44559308886528015
10-6,10,6,3,0,0.035733044,nested_test,weighted,0.44559308886528015
10-7,10,7,3,0,0.0937736,nested_test,weighted,0.44559308886528015
10-8,10,8,3,1,0.07808941,nested_test,weighted,0.44559308886528015
10-9,10,9,3,0,0.18253253,nested_test,weighted,0.44559308886528015
10-10,10,10,3,1,0.05312011,nested_test,weighted,0.44559308886528015
10-11,10,11,3,0,0.042916834,nested_test,weighted,0.44559308886528015
10-12,10,12,3,1,0.21597809,nested_test,weighted,0.44559308886528015
11-0,11,0,5,0,0.027725143,nested_test,weighted,0.372329980134964
11-1,11,1,5,0,0.07415776,nested_test,weighted,0.372329980134964
11-2,11,2,5,0,0.013863075,nested_test,weighted,0.372329980134964
11-3,11,3,5,0,0.070718795,nested_test,weighted,0.372329980134964
11-4,11,4,5,0,0.027658343,nested_test,weighted,0.372329980134964
11-5,11,5,5,0,0.008335653,nested_test,weighted,0.372329980134964
11-6,11,6,5,0,0.094929196,nested_test,weighted,0.372329980134964
11-7,11,7,5,0,0.07320051,nested_test,weighted,0.372329980134964
11-8,11,8,5,0,0.03849442,nested_test,weighted,0.372329980134964
11-9,11,9,5,1,0.42131707,nested_test,weighted,0.372329980134964
11-10,11,10,5,0,0.006980101,nested_test,weighted,0.372329980134964
11-11,11,11,5,0,0.015699655,nested_test,weighted,0.372329980134964
11-12,11,12,5,0,0.08405926,nested_test,weighted,0.372329980134964
12-0,12,0,3,0,0.11157081,nested_test,weighted,0.44559308886528015
12-1,12,1,3,0,0.14701426,nested_test,weighted,0.44559308886528015
12-2,12,2,3,0,0.029000517,nested_test,weighted,0.44559308886528015
12-3,12,3,3,0,0.2439924,nested_test,weighted,0.44559308886528015
12-4,12,4,3,0,0.0573598,nested_test,weighted,0.44559308886528015
12-5,12,5,3,0,0.16067167,nested_test,weighted,0.44559308886528015
12-6,12,6,3,0,0.02744684,nested_test,weighted,0.44559308886528015
12-7,12,7,3,0,0.1365571,nested_test,weighted,0.44559308886528015
12-8,12,8,3,0,0.04851847,nested_test,weighted,0.44559308886528015
12-9,12,9,3,0,0.24392624,nested_test,weighted,0.44559308886528015
12-10,12,10,3,0,0.023788044,nested_test,weighted,0.44559308886528015
12-11,12,11,3,0,0.03702478,nested_test,weighted,0.44559308886528015
12-12,12,12,3,0,0.14511022,nested_test,weighted,0.44559308886528015
13-0,13,0,2,0,0.29686064,nested_test,weighted,0.44923609495162964
13-1,13,1,2,0,0.59101874,nested_test,weighted,0.44923609495162964
13-2,13,2,2,0,0.5719311,nested_test,weighted,0.44923609495162964
13-3,13,3,2,0,0.74182534,nested_test,weighted,0.44923609495162964
13-4,13,4,2,0,0.3439841,nested_test,weighted,0.44923609495162964
13-5,13,5,2,0,0.42803553,nested_test,weighted,0.44923609495162964
13-6,13,6,2,0,0.10942518,nested_test,weighted,0.44923609495162964
13-7,13,7,2,0,0.3750146,nested_test,weighted,0.44923609495162964
13-8,13,8,2,0,0.762783,nested_test,weighted,0.44923609495162964
13-9,13,9,2,0,0.7128196,nested_test,weighted,0.44923609495162964
13-10,13,10,2,0,0.12787366,nested_test,weighted,0.44923609495162964
13-11,13,11,2,0,0.1568194,nested_test,weighted,0.44923609495162964
13-12,13,12,2,0,0.43277082,nested_test,weighted,0.44923609495162964
14-0,14,0,4,0,0.06694478,nested_test,weighted,0.5368138551712036
14-1,14,1,4,0,0.1109804,nested_test,weighted,0.5368138551712036
14-2,14,2,4,0,0.27077883,nested_test,weighted,0.5368138551712036
14-3,14,3,4,0,0.15621954,nested_test,weighted,0.5368138551712036
14-4,14,4,4,0,0.04474841,nested_test,weighted,0.5368138551712036
14-5,14,5,4,0,0.03748904,nested_test,weighted,0.5368138551712036
14-6,14,6,4,0,0.09895522,nested_test,weighted,0.5368138551712036
14-7,14,7,4,0,0.100753896,nested_test,weighted,0.5368138551712036
14-8,14,8,4,0,0.1559787,nested_test,weighted,0.5368138551712036
14-9,14,9,4,0,0.2311701,nested_test,weighted,0.5368138551712036
14-10,14,10,4,0,0.047471713,nested_test,weighted,0.5368138551712036
14-11,14,11,4,0,0.13285959,nested_test,weighted,0.5368138551712036
14-12,14,12,4,0,0.13119254,nested_test,weighted,0.5368138551712036
15-0,15,0,3,1,0.10955736,nested_test,weighted,0.44559308886528015
15-1,15,1,3,1,0.09832382,nested_test,weighted,0.44559308886528015
15-2,15,2,3,1,0.028811773,nested_test,weighted,0.44559308886528015
15-3,15,3,3,1,0.38534933,nested_test,weighted,0.44559308886528015
15-4,15,4,3,1,0.046654057,nested_test,weighted,0.44559308886528015
15-5,15,5,3,1,0.13183837,nested_test,weighted,0.44559308886528015
15-6,15,6,3,1,0.025806092,nested_test,weighted,0.44559308886528015
15-7,15,7,3,1,0.08154595,nested_test,weighted,0.44559308886528015
15-8,15,8,3,1,0.028268155,nested_test,weighted,0.44559308886528015
15-9,15,9,3,0,0.36048877,nested_test,weighted,0.44559308886528015
15-10,15,10,3,1,0.035856646,nested_test,weighted,0.44559308886528015
15-11,15,11,3,1,0.03302317,nested_test,weighted,0.44559308886528015
15-12,15,12,3,1,0.09082015,nested_test,weighted,0.44559308886528015
16-0,16,0,5,0,0.13167699,nested_test,weighted,0.372329980134964
16-1,16,1,5,0,0.41606036,nested_test,weighted,0.372329980134964
16-2,16,2,5,0,0.098411895,nested_test,weighted,0.372329980134964
16-3,16,3,5,0,0.27113855,nested_test,weighted,0.372329980134964
16-4,16,4,5,0,0.18801847,nested_test,weighted,0.372329980134964
16-5,16,5,5,0,0.016168984,nested_test,weighted,0.372329980134964
16-6,16,6,5,0,0.4031535,nested_test,weighted,0.372329980134964
16-7,16,7,5,0,0.33224696,nested_test,weighted,0.372329980134964
16-8,16,8,5,0,0.1834826,nested_test,weighted,0.372329980134964
16-9,16,9,5,0,0.42131707,nested_test,weighted,0.372329980134964
16-10,16,10,5,0,0.009594959,nested_test,weighted,0.372329980134964
16-11,16,11,5,0,0.098411895,nested_test,weighted,0.372329980134964
16-12,16,12,5,0,0.26480788,nested_test,weighted,0.372329980134964
17-0,17,0,1,0,0.49245358,nested_test,weighted,0.48635756969451904
17-1,17,1,1,0,0.5472191,nested_test,weighted,0.48635756969451904
17-2,17,2,1,0,0.40862575,nested_test,weighted,0.48635756969451904
17-3,17,3,1,1,0.102440566,nested_test,weighted,0.48635756969451904
17-4,17,4,1,0,0.19128343,nested_test,weighted,0.48635756969451904
17-5,17,5,1,1,0.0498198,nested_test,weighted,0.48635756969451904
17-6,17,6,1,1,0.04606004,nested_test,weighted,0.48635756969451904
17-7,17,7,1,0,0.32810727,nested_test,weighted,0.48635756969451904
17-8,17,8,1,1,0.043564286,nested_test,weighted,0.48635756969451904
17-9,17,9,1,0,0.63362736,nested_test,weighted,0.48635756969451904
17-10,17,10,1,1,0.034852263,nested_test,weighted,0.48635756969451904
17-11,17,11,1,1,0.08054667,nested_test,weighted,0.48635756969451904
17-12,17,12,1,1,0.07139891,nested_test,weighted,0.48635756969451904
18-0,18,0,5,0,0.25994956,nested_test,weighted,0.372329980134964
18-1,18,1,5,0,0.6188536,nested_test,weighted,0.372329980134964
18-2,18,2,5,0,0.23093116,nested_test,weighted,0.372329980134964
18-3,18,3,5,0,0.5006528,nested_test,weighted,0.372329980134964
18-4,18,4,5,0,0.3974142,nested_test,weighted,0.372329980134964
18-5,18,5,5,0,0.037763707,nested_test,weighted,0.372329980134964
18-6,18,6,5,0,0.7400038,nested_test,weighted,0.372329980134964
18-7,18,7,5,0,0.5280151,nested_test,weighted,0.372329980134964
18-8,18,8,5,0,0.41218492,nested_test,weighted,0.372329980134964
18-9,18,9,5,0,0.6269871,nested_test,weighted,0.372329980134964
18-10,18,10,5,0,0.027601447,nested_test,weighted,0.372329980134964
18-11,18,11,5,0,0.2689448,nested_test,weighted,0.372329980134964
18-12,18,12,5,0,0.59811103,nested_test,weighted,0.372329980134964
19-0,19,0,2,0,0.11752064,nested_test,weighted,0.44923609495162964
19-1,19,1,2,0,0.2633761,nested_test,weighted,0.44923609495162964
19-2,19,2,2,0,0.31644192,nested_test,weighted,0.44923609495162964
19-3,19,3,2,0,0.33468652,nested_test,weighted,0.44923609495162964
19-4,19,4,2,0,0.09350428,nested_test,weighted,0.44923609495162964
19-5,19,5,2,0,0.117838524,nested_test,weighted,0.44923609495162964
19-6,19,6,2,0,0.06458712,nested_test,weighted,0.44923609495162964
19-7,19,7,2,0,0.06604339,nested_test,weighted,0.44923609495162964
19-8,19,8,2,0,0.3525813,nested_test,weighted,0.44923609495162964
19-9,19,9,2,0,0.373546,nested_test,weighted,0.44923609495162964
19-10,19,10,2,0,0.043727446,nested_test,weighted,0.44923609495162964
19-11,19,11,2,0,0.04980341,nested_test,weighted,0.44923609495162964
19-12,19,12,2,0,0.12413788,nested_test,weighted,0.44923609495162964
20-0,20,0,5,0,0.03319709,nested_test,weighted,0.372329980134964
20-1,20,1,5,0,0.09804175,nested_test,weighted,0.372329980134964
20-2,20,2,5,0,0.016246209,nested_test,weighted,0.372329980134964
20-3,20,3,5,0,0.08206245,nested_test,weighted,0.372329980134964
20-4,20,4,5,0,0.030414693,nested_test,weighted,0.372329980134964
20-5,20,5,5,0,0.009351759,nested_test,weighted,0.372329980134964
20-6,20,6,5,0,0.1409203,nested_test,weighted,0.372329980134964
20-7,20,7,5,0,0.10316492,nested_test,weighted,0.372329980134964
20-8,20,8,5,0,0.04572472,nested_test,weighted,0.372329980134964
20-9,20,9,5,0,0.101146735,nested_test,weighted,0.372329980134964
20-10,20,10,5,0,0.007973249,nested_test,weighted,0.372329980134964
20-11,20,11,5,0,0.02128991,nested_test,weighted,0.372329980134964
20-12,20,12,5,0,0.1033245,nested_test,weighted,0.372329980134964
21-0,21,0,5,0,0.03884411,nested_test,weighted,0.372329980134964
21-1,21,1,5,0,0.11210242,nested_test,weighted,0.372329980134964
21-2,21,2,5,0,0.025219673,nested_test,weighted,0.372329980134964
21-3,21,3,5,0,0.11401905,nested_test,weighted,0.372329980134964
21-4,21,4,5,0,0.0368412,nested_test,weighted,0.372329980134964
21-5,21,5,5,0,0.010251427,nested_test,weighted,0.372329980134964
21-6,21,6,5,0,0.11711268,nested_test,weighted,0.372329980134964
21-7,21,7,5,0,0.08164395,nested_test,weighted,0.372329980134964
21-8,21,8,5,0,0.048199657,nested_test,weighted,0.372329980134964
21-9,21,9,5,0,0.11427025,nested_test,weighted,0.372329980134964
21-10,21,10,5,0,0.009484105,nested_test,weighted,0.372329980134964
21-11,21,11,5,0,0.027907709,nested_test,weighted,0.372329980134964
21-12,21,12,5,0,0.08381306,nested_test,weighted,0.372329980134964
22-0,22,0,1,0,0.35649958,nested_test,weighted,0.48635756969451904
22-1,22,1,1,0,0.39685896,nested_test,weighted,0.48635756969451904
22-2,22,2,1,1,0.15222375,nested_test,weighted,0.48635756969451904
22-3,22,3,1,0,0.19679885,nested_test,weighted,0.48635756969451904
22-4,22,4,1,0,0.09723785,nested_test,weighted,0.48635756969451904
22-5,22,5,1,0,0.13429742,nested_test,weighted,0.48635756969451904
22-6,22,6,1,0,0.11209559,nested_test,weighted,0.48635756969451904
22-7,22,7,1,0,0.15666334,nested_test,weighted,0.48635756969451904
22-8,22,8,1,0,0.110690095,nested_test,weighted,0.48635756969451904
22-9,22,9,1,0,0.37570927,nested_test,weighted,0.48635756969451904
22-10,22,10,1,0,0.03887194,nested_test,weighted,0.48635756969451904
22-11,22,11,1,0,0.2571115,nested_test,weighted,0.48635756969451904
22-12,22,12,1,0,0.15509805,nested_test,weighted,0.48635756969451904
23-0,23,0,1,0,0.5362396,nested_test,weighted,0.48635756969451904
23-1,23,1,1,0,0.59274894,nested_test,weighted,0.48635756969451904
23-2,23,2,1,0,0.41404164,nested_test,weighted,0.48635756969451904
23-3,23,3,1,1,0.091148004,nested_test,weighted,0.48635756969451904
23-4,23,4,1,0,0.28061506,nested_test,weighted,0.48635756969451904
23-5,23,5,1,0,0.28368682,nested_test,weighted,0.48635756969451904
23-6,23,6,1,0,0.21539858,nested_test,weighted,0.48635756969451904
23-7,23,7,1,0,0.3740499,nested_test,weighted,0.48635756969451904
23-8,23,8,1,0,0.21708596,nested_test,weighted,0.48635756969451904
23-9,23,9,1,0,0.60714054,nested_test,weighted,0.48635756969451904
23-10,23,10,1,0,0.073260374,nested_test,weighted,0.48635756969451904
23-11,23,11,1,0,0.4294221,nested_test,weighted,0.48635756969451904
23-12,23,12,1,0,0.28788206,nested_test,weighted,0.48635756969451904
24-0,24,0,1,0,0.46659774,nested_test,weighted,0.48635756969451904
24-1,24,1,1,0,0.48393953,nested_test,weighted,0.48635756969451904
24-2,24,2,1,0,0.2969808,nested_test,weighted,0.48635756969451904
24-3,24,3,1,0,0.26572764,nested_test,weighted,0.48635756969451904
24-4,24,4,1,0,0.14325303,nested_test,weighted,0.48635756969451904
24-5,24,5,1,0,0.20607188,nested_test,weighted,0.48635756969451904
24-6,24,6,1,1,0.10128122,nested_test,weighted,0.48635756969451904
24-7,24,7,1,0,0.22539939,nested_test,weighted,0.48635756969451904
24-8,24,8,1,0,0.14314081,nested_test,weighted,0.48635756969451904
24-9,24,9,1,0,0.49892586,nested_test,weighted,0.48635756969451904
24-10,24,10,1,0,0.050167367,nested_test,weighted,0.48635756969451904
24-11,24,11,1,0,0.3293495,nested_test,weighted,0.48635756969451904
24-12,24,12,1,0,0.20431611,nested_test,weighted,0.48635756969451904
25-0,25,0,2,0,0.12235906,nested_test,weighted,0.44923609495162964
25-1,25,1,2,0,0.23175773,nested_test,weighted,0.44923609495162964
25-2,25,2,2,0,0.25359893,nested_test,weighted,0.44923609495162964
25-3,25,3,2,0,0.3679805,nested_test,weighted,0.44923609495162964
25-4,25,4,2,0,0.056512415,nested_test,weighted,0.44923609495162964
25-5,25,5,2,0,0.10327227,nested_test,weighted,0.44923609495162964
25-6,25,6,2,0,0.054660056,nested_test,weighted,0.44923609495162964
25-7,25,7,2,0,0.06685518,nested_test,weighted,0.44923609495162964
25-8,25,8,2,0,0.35947213,nested_test,weighted,0.44923609495162964
25-9,25,9,2,0,0.30838493,nested_test,weighted,0.44923609495162964
25-10,25,10,2,0,0.021268902,nested_test,weighted,0.44923609495162964
25-11,25,11,2,0,0.043354187,nested_test,weighted,0.44923609495162964
25-12,25,12,2,0,0.12565465,nested_test,weighted,0.44923609495162964
26-0,26,0,1,0,0.29439184,nested_test,weighted,0.48635756969451904
26-1,26,1,1,0,0.2943404,nested_test,weighted,0.48635756969451904
26-2,26,2,1,0,0.20201851,nested_test,weighted,0.48635756969451904
26-3,26,3,1,0,0.21251799,nested_test,weighted,0.48635756969451904
26-4,26,4,1,0,0.06569848,nested_test,weighted,0.48635756969451904
26-5,26,5,1,0,0.10908949,nested_test,weighted,0.48635756969451904
26-6,26,6,1,0,0.10602828,nested_test,weighted,0.48635756969451904
26-7,26,7,1,0,0.15881035,nested_test,weighted,0.48635756969451904
26-8,26,8,1,0,0.09357382,nested_test,weighted,0.48635756969451904
26-9,26,9,1,0,0.2883728,nested_test,weighted,0.48635756969451904
26-10,26,10,1,0,0.047299907,nested_test,weighted,0.48635756969451904
26-11,26,11,1,0,0.17986563,nested_test,weighted,0.48635756969451904
26-12,26,12,1,0,0.14564438,nested_test,weighted,0.48635756969451904
27-0,27,0,1,0,0.111144155,nested_test,weighted,0.48635756969451904
27-1,27,1,1,0,0.11419883,nested_test,weighted,0.48635756969451904
27-2,27,2,1,0,0.06314075,nested_test,weighted,0.48635756969451904
27-3,27,3,1,0,0.073796466,nested_test,weighted,0.48635756969451904
27-4,27,4,1,0,0.022335025,nested_test,weighted,0.48635756969451904
27-5,27,5,1,0,0.03594676,nested_test,weighted,0.48635756969451904
27-6,27,6,1,0,0.03327979,nested_test,weighted,0.48635756969451904
27-7,27,7,1,0,0.037444796,nested_test,weighted,0.48635756969451904
27-8,27,8,1,0,0.030378137,nested_test,weighted,0.48635756969451904
27-9,27,9,1,0,0.12040672,nested_test,weighted,0.48635756969451904
27-10,27,10,1,1,0.07178587,nested_test,weighted,0.48635756969451904
27-11,27,11,1,0,0.06259937,nested_test,weighted,0.48635756969451904
27-12,27,12,1,0,0.04277792,nested_test,weighted,0.48635756969451904
28-0,28,0,2,0,0.22480063,nested_test,weighted,0.44923609495162964
28-1,28,1,2,0,0.42981297,nested_test,weighted,0.44923609495162964
28-2,28,2,2,1,0.24488877,nested_test,weighted,0.44923609495162964
28-3,28,3,2,0,0.6081766,nested_test,weighted,0.44923609495162964
28-4,28,4,2,1,0.054294873,nested_test,weighted,0.44923609495162964
28-5,28,5,2,1,0.08532718,nested_test,weighted,0.44923609495162964
28-6,28,6,2,0,0.06411417,nested_test,weighted,0.44923609495162964
28-7,28,7,2,0,0.22235176,nested_test,weighted,0.44923609495162964
28-8,28,8,2,0,0.57979405,nested_test,weighted,0.44923609495162964
28-9,28,9,2,0,0.60530096,nested_test,weighted,0.44923609495162964
28-10,28,10,2,0,0.07395121,nested_test,weighted,0.44923609495162964
28-11,28,11,2,0,0.073513314,nested_test,weighted,0.44923609495162964
28-12,28,12,2,0,0.26105776,nested_test,weighted,0.44923609495162964
29-0,29,0,3,1,0.14547598,nested_test,weighted,0.44559308886528015
29-1,29,1,3,1,0.15335023,nested_test,weighted,0.44559308886528015
29-2,29,2,3,0,0.049589485,nested_test,weighted,0.44559308886528015
29-3,29,3,3,1,0.29184178,nested_test,weighted,0.44559308886528015
29-4,29,4,3,0,0.07298085,nested_test,weighted,0.44559308886528015
29-5,29,5,3,1,0.14242324,nested_test,weighted,0.44559308886528015
29-6,29,6,3,1,0.037993956,nested_test,weighted,0.44559308886528015
29-7,29,7,3,1,0.14021935,nested_test,weighted,0.44559308886528015
29-8,29,8,3,1,0.040333495,nested_test,weighted,0.44559308886528015
29-9,29,9,3,1,0.17570114,nested_test,weighted,0.44559308886528015
29-10,29,10,3,0,0.029235631,nested_test,weighted,0.44559308886528015
29-11,29,11,3,1,0.060413133,nested_test,weighted,0.44559308886528015
29-12,29,12,3,1,0.15073675,nested_test,weighted,0.44559308886528015
30-0,30,0,2,0,0.030092489,nested_test,weighted,0.44923609495162964
30-1,30,1,2,0,0.059871934,nested_test,weighted,0.44923609495162964
30-2,30,2,2,0,0.09359929,nested_test,weighted,0.44923609495162964
30-3,30,3,2,0,0.062951565,nested_test,weighted,0.44923609495162964
30-4,30,4,2,0,0.020115344,nested_test,weighted,0.44923609495162964
30-5,30,5,2,0,0.024079995,nested_test,weighted,0.44923609495162964
30-6,30,6,2,0,0.017807834,nested_test,weighted,0.44923609495162964
30-7,30,7,2,0,0.02193604,nested_test,weighted,0.44923609495162964
30-8,30,8,2,0,0.10973421,nested_test,weighted,0.44923609495162964
30-9,30,9,2,0,0.099555075,nested_test,weighted,0.44923609495162964
30-10,30,10,2,0,0.008654084,nested_test,weighted,0.44923609495162964
30-11,30,11,2,0,0.011223332,nested_test,weighted,0.44923609495162964
30-12,30,12,2,0,0.028910063,nested_test,weighted,0.44923609495162964
31-0,31,0,4,0,0.045453217,nested_test,weighted,0.5368138551712036
31-1,31,1,4,0,0.06561989,nested_test,weighted,0.5368138551712036
31-2,31,2,4,0,0.20572479,nested_test,weighted,0.5368138551712036
31-3,31,3,4,0,0.11563824,nested_test,weighted,0.5368138551712036
31-4,31,4,4,0,0.023913594,nested_test,weighted,0.5368138551712036
31-5,31,5,4,0,0.026449488,nested_test,weighted,0.5368138551712036
31-6,31,6,4,0,0.061031573,nested_test,weighted,0.5368138551712036
31-7,31,7,4,0,0.06076185,nested_test,weighted,0.5368138551712036
31-8,31,8,4,0,0.10088768,nested_test,weighted,0.5368138551712036
31-9,31,9,4,0,0.15842213,nested_test,weighted,0.5368138551712036
31-10,31,10,4,0,0.02798808,nested_test,weighted,0.5368138551712036
31-11,31,11,4,0,0.07682638,nested_test,weighted,0.5368138551712036
31-12,31,12,4,0,0.08096685,nested_test,weighted,0.5368138551712036
32-0,32,0,2,1,0.16116706,nested_test,weighted,0.44923609495162964
32-1,32,1,2,0,0.24986644,nested_test,weighted,0.44923609495162964
32-2,32,2,2,0,0.39483622,nested_test,weighted,0.44923609495162964
32-3,32,3,2,1,0.50510013,nested_test,weighted,0.44923609495162964
32-4,32,4,2,1,0.17201859,nested_test,weighted,0.44923609495162964
32-5,32,5,2,1,0.19171725,nested_test,weighted,0.44923609495162964
32-6,32,6,2,0,0.060925692,nested_test,weighted,0.44923609495162964
32-7,32,7,2,0,0.1185451,nested_test,weighted,0.44923609495162964
32-8,32,8,2,1,0.58882266,nested_test,weighted,0.44923609495162964
32-9,32,9,2,1,0.546644,nested_test,weighted,0.44923609495162964
32-10,32,10,2,1,0.049848963,nested_test,weighted,0.44923609495162964
32-11,32,11,2,1,0.062621355,nested_test,weighted,0.44923609495162964
32-12,32,12,2,1,0.22723457,nested_test,weighted,0.44923609495162964
33-0,33,0,3,0,0.23013978,nested_test,weighted,0.44559308886528015
33-1,33,1,3,0,0.21029203,nested_test,weighted,0.44559308886528015
33-2,33,2,3,0,0.05772003,nested_test,weighted,0.44559308886528015
33-3,33,3,3,0,0.57675487,nested_test,weighted,0.44559308886528015
33-4,33,4,3,0,0.10636765,nested_test,weighted,0.44559308886528015
33-5,33,5,3,0,0.3480512,nested_test,weighted,0.44559308886528015
33-6,33,6,3,0,0.051859662,nested_test,weighted,0.44559308886528015
33-7,33,7,3,0,0.1852945,nested_test,weighted,0.44559308886528015
33-8,33,8,3,0,0.08986663,nested_test,weighted,0.44559308886528015
33-9,33,9,3,0,0.36420062,nested_test,weighted,0.44559308886528015
33-10,33,10,3,1,0.047385238,nested_test,weighted,0.44559308886528015
33-11,33,11,3,1,0.09130688,nested_test,weighted,0.44559308886528015
33-12,33,12,3,1,0.25025475,nested_test,weighted,0.44559308886528015
34-0,34,0,4,1,0.13209511,nested_test,weighted,0.5368138551712036
34-1,34,1,4,1,0.28819224,nested_test,weighted,0.5368138551712036
34-2,34,2,4,0,0.24657796,nested_test,weighted,0.5368138551712036
34-3,34,3,4,1,0.38369548,nested_test,weighted,0.5368138551712036
34-4,34,4,4,0,0.026174657,nested_test,weighted,0.5368138551712036
34-5,34,5,4,1,0.09668886,nested_test,weighted,0.5368138551712036
34-6,34,6,4,0,0.07241427,nested_test,weighted,0.5368138551712036
34-7,34,7,4,0,0.0722714,nested_test,weighted,0.5368138551712036
34-8,34,8,4,1,0.3106856,nested_test,weighted,0.5368138551712036
34-9,34,9,4,1,0.5535976,nested_test,weighted,0.5368138551712036
34-10,34,10,4,0,0.03527465,nested_test,weighted,0.5368138551712036
34-11,34,11,4,1,0.3218562,nested_test,weighted,0.5368138551712036
34-12,34,12,4,0,0.08299727,nested_test,weighted,0.5368138551712036
35-0,35,0,4,0,0.039630555,nested_test,weighted,0.5368138551712036
35-1,35,1,4,0,0.07794907,nested_test,weighted,0.5368138551712036
35-2,35,2,4,0,0.20891656,nested_test,weighted,0.5368138551712036
35-3,35,3,4,0,0.10732294,nested_test,weighted,0.5368138551712036
35-4,35,4,4,0,0.024611045,nested_test,weighted,0.5368138551712036
35-5,35,5,4,1,0.21340324,nested_test,weighted,0.5368138551712036
35-6,35,6,4,1,0.2803106,nested_test,weighted,0.5368138551712036
35-7,35,7,4,0,0.06288333,nested_test,weighted,0.5368138551712036
35-8,35,8,4,1,0.48041296,nested_test,weighted,0.5368138551712036
35-9,35,9,4,0,0.12161561,nested_test,weighted,0.5368138551712036
35-10,35,10,4,1,0.10311735,nested_test,weighted,0.5368138551712036
35-11,35,11,4,0,0.096030876,nested_test,weighted,0.5368138551712036
35-12,35,12,4,0,0.072839566,nested_test,weighted,0.5368138551712036
36-0,36,0,5,0,0.019210406,nested_test,weighted,0.372329980134964
36-1,36,1,5,1,0.723682,nested_test,weighted,0.372329980134964
36-2,36,2,5,0,0.010932093,nested_test,weighted,0.372329980134964
36-3,36,3,5,1,0.61390144,nested_test,weighted,0.372329980134964
36-4,36,4,5,0,0.014360424,nested_test,weighted,0.372329980134964
36-5,36,5,5,1,0.04261677,nested_test,weighted,0.372329980134964
36-6,36,6,5,0,0.06506946,nested_test,weighted,0.372329980134964
36-7,36,7,5,0,0.049799424,nested_test,weighted,0.372329980134964
36-8,36,8,5,1,0.51778454,nested_test,weighted,0.372329980134964
36-9,36,9,5,1,0.73055243,nested_test,weighted,0.372329980134964
36-10,36,10,5,1,0.031555776,nested_test,weighted,0.372329980134964
36-11,36,11,5,1,0.30256096,nested_test,weighted,0.372329980134964
36-12,36,12,5,1,0.6279789,nested_test,weighted,0.372329980134964
37-0,37,0,5,0,0.03595509,nested_test,weighted,0.372329980134964
37-1,37,1,5,1,0.22296835,nested_test,weighted,0.372329980134964
37-2,37,2,5,0,0.022754373,nested_test,weighted,0.372329980134964
37-3,37,3,5,0,0.10385123,nested_test,weighted,0.372329980134964
37-4,37,4,5,0,0.0366442,nested_test,weighted,0.372329980134964
37-5,37,5,5,1,0.009075576,nested_test,weighted,0.372329980134964
37-6,37,6,5,1,0.21926686,nested_test,weighted,0.372329980134964
37-7,37,7,5,0,0.106292956,nested_test,weighted,0.372329980134964
37-8,37,8,5,0,0.050106633,nested_test,weighted,0.372329980134964
37-9,37,9,5,0,0.11264852,nested_test,weighted,0.372329980134964
37-10,37,10,5,0,0.008213503,nested_test,weighted,0.372329980134964
37-11,37,11,5,0,0.031502157,nested_test,weighted,0.372329980134964
37-12,37,12,5,1,0.17639992,nested_test,weighted,0.372329980134964
38-0,38,0,3,0,0.12069704,nested_test,weighted,0.44559308886528015
38-1,38,1,3,0,0.1084604,nested_test,weighted,0.44559308886528015
38-2,38,2,3,1,0.07117023,nested_test,weighted,0.44559308886528015
38-3,38,3,3,0,0.26608038,nested_test,weighted,0.44559308886528015
38-4,38,4,3,0,0.036362395,nested_test,weighted,0.44559308886528015
38-5,38,5,3,1,0.24251373,nested_test,weighted,0.44559308886528015
38-6,38,6,3,0,0.029191365,nested_test,weighted,0.44559308886528015
38-7,38,7,3,0,0.09012562,nested_test,weighted,0.44559308886528015
38-8,38,8,3,0,0.037704237,nested_test,weighted,0.44559308886528015
38-9,38,9,3,0,0.1992377,nested_test,weighted,0.44559308886528015
38-10,38,10,3,0,0.048183713,nested_test,weighted,0.44559308886528015
38-11,38,11,3,0,0.036701668,nested_test,weighted,0.44559308886528015
38-12,38,12,3,0,0.10026908,nested_test,weighted,0.44559308886528015
39-0,39,0,4,0,0.032953892,nested_test,weighted,0.5368138551712036
39-1,39,1,4,0,0.06357252,nested_test,weighted,0.5368138551712036
39-2,39,2,4,0,0.22068106,nested_test,weighted,0.5368138551712036
39-3,39,3,4,0,0.09470217,nested_test,weighted,0.5368138551712036
39-4,39,4,4,0,0.025096694,nested_test,weighted,0.5368138551712036
39-5,39,5,4,0,0.025590802,nested_test,weighted,0.5368138551712036
39-6,39,6,4,0,0.05627322,nested_test,weighted,0.5368138551712036
39-7,39,7,4,0,0.04868887,nested_test,weighted,0.5368138551712036
39-8,39,8,4,0,0.09485431,nested_test,weighted,0.5368138551712036
39-9,39,9,4,0,0.13952471,nested_test,weighted,0.5368138551712036
39-10,39,10,4,0,0.026389634,nested_test,weighted,0.5368138551712036
39-11,39,11,4,1,0.42527393,nested_test,weighted,0.5368138551712036
39-12,39,12,4,0,0.069338664,nested_test,weighted,0.5368138551712036
40-0,40,0,2,0,0.16116706,nested_test,weighted,0.44923609495162964
40-1,40,1,2,0,0.35796636,nested_test,weighted,0.44923609495162964
40-2,40,2,2,0,0.5415829,nested_test,weighted,0.44923609495162964
40-3,40,3,2,0,0.39395332,nested_test,weighted,0.44923609495162964
40-4,40,4,2,0,0.1073083,nested_test,weighted,0.44923609495162964
40-5,40,5,2,0,0.19171725,nested_test,weighted,0.44923609495162964
40-6,40,6,2,0,0.054796927,nested_test,weighted,0.44923609495162964
40-7,40,7,2,0,0.10944342,nested_test,weighted,0.44923609495162964
40-8,40,8,2,0,0.5514384,nested_test,weighted,0.44923609495162964
40-9,40,9,2,0,0.33388913,nested_test,weighted,0.44923609495162964
40-10,40,10,2,0,0.049848963,nested_test,weighted,0.44923609495162964
40-11,40,11,2,0,0.062621355,nested_test,weighted,0.44923609495162964
40-12,40,12,2,0,0.2023544,nested_test,weighted,0.44923609495162964
41-0,41,0,3,0,0.17691015,nested_test,weighted,0.44559308886528015
41-1,41,1,3,1,0.10264402,nested_test,weighted,0.44559308886528015
41-2,41,2,3,0,0.061781943,nested_test,weighted,0.44559308886528015
41-3,41,3,3,1,0.3087489,nested_test,weighted,0.44559308886528015
41-4,41,4,3,0,0.10031712,nested_test,weighted,0.44559308886528015
41-5,41,5,3,1,0.1807554,nested_test,weighted,0.44559308886528015
41-6,41,6,3,1,0.024060072,nested_test,weighted,0.44559308886528015
41-7,41,7,3,1,0.09065823,nested_test,weighted,0.44559308886528015
41-8,41,8,3,0,0.06081034,nested_test,weighted,0.44559308886528015
41-9,41,9,3,1,0.13819386,nested_test,weighted,0.44559308886528015
41-10,41,10,3,1,0.028859325,nested_test,weighted,0.44559308886528015
41-11,41,11,3,1,0.039901394,nested_test,weighted,0.44559308886528015
41-12,41,12,3,1,0.1233691,nested_test,weighted,0.44559308886528015
42-0,42,0,1,0,0.39391795,nested_test,weighted,0.48635756969451904
42-1,42,1,1,0,0.43564576,nested_test,weighted,0.48635756969451904
42-2,42,2,1,0,0.25801602,nested_test,weighted,0.48635756969451904
42-3,42,3,1,0,0.22327082,nested_test,weighted,0.48635756969451904
42-4,42,4,1,0,0.10599531,nested_test,weighted,0.48635756969451904
42-5,42,5,1,0,0.1760479,nested_test,weighted,0.48635756969451904
42-6,42,6,1,0,0.10920173,nested_test,weighted,0.48635756969451904
42-7,42,7,1,0,0.16428609,nested_test,weighted,0.48635756969451904
42-8,42,8,1,0,0.12561403,nested_test,weighted,0.48635756969451904
42-9,42,9,1,0,0.39327943,nested_test,weighted,0.48635756969451904
42-10,42,10,1,0,0.04287493,nested_test,weighted,0.48635756969451904
42-11,42,11,1,0,0.28544044,nested_test,weighted,0.48635756969451904
42-12,42,12,1,0,0.17719822,nested_test,weighted,0.48635756969451904
43-0,43,0,5,0,0.017185686,nested_test,weighted,0.372329980134964
43-1,43,1,5,0,0.051798455,nested_test,weighted,0.372329980134964
43-2,43,2,5,0,0.010803019,nested_test,weighted,0.372329980134964
43-3,43,3,5,0,0.05658632,nested_test,weighted,0.372329980134964
43-4,43,4,5,0,0.014360424,nested_test,weighted,0.372329980134964
43-5,43,5,5,0,0.004540593,nested_test,weighted,0.372329980134964
43-6,43,6,5,0,0.06506946,nested_test,weighted,0.372329980134964
43-7,43,7,5,0,0.049799424,nested_test,weighted,0.372329980134964
43-8,43,8,5,1,0.41218492,nested_test,weighted,0.372329980134964
43-9,43,9,5,0,0.05286958,nested_test,weighted,0.372329980134964
43-10,43,10,5,0,0.00426867,nested_test,weighted,0.372329980134964
43-11,43,11,5,0,0.01150463,nested_test,weighted,0.372329980134964
43-12,43,12,5,0,0.03984818,nested_test,weighted,0.372329980134964
44-0,44,0,1,0,0.4229627,nested_test,weighted,0.48635756969451904
44-1,44,1,1,1,0.39289027,nested_test,weighted,0.48635756969451904
44-2,44,2,1,0,0.2648589,nested_test,weighted,0.48635756969451904
44-3,44,3,1,0,0.31831515,nested_test,weighted,0.48635756969451904
44-4,44,4,1,0,0.09028597,nested_test,weighted,0.48635756969451904
44-5,44,5,1,0,0.16619928,nested_test,weighted,0.48635756969451904
44-6,44,6,1,0,0.16495907,nested_test,weighted,0.48635756969451904
44-7,44,7,1,0,0.25463042,nested_test,weighted,0.48635756969451904
44-8,44,8,1,0,0.15708166,nested_test,weighted,0.48635756969451904
44-9,44,9,1,0,0.41551277,nested_test,weighted,0.48635756969451904
44-10,44,10,1,0,0.13101378,nested_test,weighted,0.48635756969451904
44-11,44,11,1,0,0.26384604,nested_test,weighted,0.48635756969451904
44-12,44,12,1,0,0.22778334,nested_test,weighted,0.48635756969451904
45-0,45,0,2,0,0.06461559,nested_test,weighted,0.44923609495162964
45-1,45,1,2,0,0.11713729,nested_test,weighted,0.44923609495162964
45-2,45,2,2,0,0.13490401,nested_test,weighted,0.44923609495162964
45-3,45,3,2,0,0.14448231,nested_test,weighted,0.44923609495162964
45-4,45,4,2,0,0.0275203,nested_test,weighted,0.44923609495162964
45-5,45,5,2,0,0.05563914,nested_test,weighted,0.44923609495162964
45-6,45,6,2,0,0.026594812,nested_test,weighted,0.44923609495162964
45-7,45,7,2,0,0.030117325,nested_test,weighted,0.44923609495162964
45-8,45,8,2,0,0.18181257,nested_test,weighted,0.44923609495162964
45-9,45,9,2,0,0.19775097,nested_test,weighted,0.44923609495162964
45-10,45,10,2,0,0.01757694,nested_test,weighted,0.44923609495162964
45-11,45,11,2,0,0.019822614,nested_test,weighted,0.44923609495162964
45-12,45,12,2,0,0.059448786,nested_test,weighted,0.44923609495162964
46-0,46,0,5,0,0.036160246,nested_test,weighted,0.372329980134964
46-1,46,1,5,0,0.10703896,nested_test,weighted,0.372329980134964
46-2,46,2,5,0,0.023974584,nested_test,weighted,0.372329980134964
46-3,46,3,5,0,0.10671784,nested_test,weighted,0.372329980134964
46-4,46,4,5,0,0.025905386,nested_test,weighted,0.372329980134964
46-5,46,5,5,0,0.008337883,nested_test,weighted,0.372329980134964
46-6,46,6,5,0,0.10114644,nested_test,weighted,0.372329980134964
46-7,46,7,5,0,0.060606048,nested_test,weighted,0.372329980134964
46-8,46,8,5,0,0.040486783,nested_test,weighted,0.372329980134964
46-9,46,9,5,0,0.096734665,nested_test,weighted,0.372329980134964
46-10,46,10,5,0,0.008628382,nested_test,weighted,0.372329980134964
46-11,46,11,5,0,0.027252777,nested_test,weighted,0.372329980134964
46-12,46,12,5,0,0.07479557,nested_test,weighted,0.372329980134964
47-0,47,0,1,0,0.1519832,nested_test,weighted,0.48635756969451904
47-1,47,1,1,0,0.13278985,nested_test,weighted,0.48635756969451904
47-2,47,2,1,0,0.0689842,nested_test,weighted,0.48635756969451904
47-3,47,3,1,0,0.091148004,nested_test,weighted,0.48635756969451904
47-4,47,4,1,0,0.025818784,nested_test,weighted,0.48635756969451904
47-5,47,5,1,0,0.041052777,nested_test,weighted,0.48635756969451904
47-6,47,6,1,0,0.03967327,nested_test,weighted,0.48635756969451904
47-7,47,7,1,0,0.06532892,nested_test,weighted,0.48635756969451904
47-8,47,8,1,0,0.037509978,nested_test,weighted,0.48635756969451904
47-9,47,9,1,0,0.13984881,nested_test,weighted,0.48635756969451904
47-10,47,10,1,0,0.029970761,nested_test,weighted,0.48635756969451904
47-11,47,11,1,0,0.07003387,nested_test,weighted,0.48635756969451904
47-12,47,12,1,0,0.061725885,nested_test,weighted,0.48635756969451904
48-0,48,0,5,0,0.21303464,nested_test,weighted,0.372329980134964
48-1,48,1,5,0,0.5555183,nested_test,weighted,0.372329980134964
48-2,48,2,5,0,0.12371863,nested_test,weighted,0.372329980134964
48-3,48,3,5,0,0.39381748,nested_test,weighted,0.372329980134964
48-4,48,4,5,0,0.29830503,nested_test,weighted,0.372329980134964
48-5,48,5,5,0,0.02174944,nested_test,weighted,0.372329980134964
48-6,48,6,5,0,0.5535226,nested_test,weighted,0.372329980134964
48-7,48,7,5,0,0.37170562,nested_test,weighted,0.372329980134964
48-8,48,8,5,0,0.2725225,nested_test,weighted,0.372329980134964
48-9,48,9,5,0,0.6185414,nested_test,weighted,0.372329980134964
48-10,48,10,5,0,0.023732128,nested_test,weighted,0.372329980134964
48-11,48,11,5,0,0.17014326,nested_test,weighted,0.372329980134964
48-12,48,12,5,0,0.39414155,nested_test,weighted,0.372329980134964
49-0,49,0,3,0,0.1254119,nested_test,weighted,0.44559308886528015
49-1,49,1,3,0,0.11275857,nested_test,weighted,0.44559308886528015
49-2,49,2,3,0,0.038636897,nested_test,weighted,0.44559308886528015
49-3,49,3,3,0,0.3827104,nested_test,weighted,0.44559308886528015
49-4,49,4,3,0,0.03792493,nested_test,weighted,0.44559308886528015
49-5,49,5,3,0,0.15037274,nested_test,weighted,0.44559308886528015
49-6,49,6,3,0,0.030455492,nested_test,weighted,0.44559308886528015
49-7,49,7,3,0,0.083100736,nested_test,weighted,0.44559308886528015
49-8,49,8,3,0,0.03314581,nested_test,weighted,0.44559308886528015
49-9,49,9,3,0,0.18253253,nested_test,weighted,0.44559308886528015
49-10,49,10,3,0,0.031510647,nested_test,weighted,0.44559308886528015
49-11,49,11,3,0,0.038544822,nested_test,weighted,0.44559308886528015
49-12,49,12,3,0,0.104280606,nested_test,weighted,0.44559308886528015
50-0,50,0,2,0,0.19846244,nested_test,weighted,0.44923609495162964
50-1,50,1,2,0,0.40000832,nested_test,weighted,0.44923609495162964
50-2,50,2,2,0,0.51308507,nested_test,weighted,0.44923609495162964
50-3,50,3,2,0,0.57340574,nested_test,weighted,0.44923609495162964
50-4,50,4,2,0,0.193414,nested_test,weighted,0.44923609495162964
50-5,50,5,2,0,0.2445149,nested_test,weighted,0.44923609495162964
50-6,50,6,2,0,0.06215935,nested_test,weighted,0.44923609495162964
50-7,50,7,2,1,0.1172464,nested_test,weighted,0.44923609495162964
50-8,50,8,2,1,0.39852294,nested_test,weighted,0.44923609495162964
50-9,50,9,2,1,0.45630762,nested_test,weighted,0.44923609495162964
50-10,50,10,2,0,0.06373966,nested_test,weighted,0.44923609495162964
50-11,50,11,2,0,0.066280365,nested_test,weighted,0.44923609495162964
50-12,50,12,2,0,0.23806919,nested_test,weighted,0.44923609495162964
51-0,51,0,2,0,0.05546122,nested_test,weighted,0.44923609495162964
51-1,51,1,2,0,0.10134799,nested_test,weighted,0.44923609495162964
51-2,51,2,2,0,0.11821881,nested_test,weighted,0.44923609495162964
51-3,51,3,2,0,0.11315271,nested_test,weighted,0.44923609495162964
51-4,51,4,2,0,0.030480862,nested_test,weighted,0.44923609495162964
51-5,51,5,2,0,0.03979414,nested_test,weighted,0.44923609495162964
51-6,51,6,2,0,0.023187635,nested_test,weighted,0.44923609495162964
51-7,51,7,2,0,0.02571608,nested_test,weighted,0.44923609495162964
51-8,51,8,2,0,0.1540346,nested_test,weighted,0.44923609495162964
51-9,51,9,2,0,0.17601748,nested_test,weighted,0.44923609495162964
51-10,51,10,2,0,0.010326062,nested_test,weighted,0.44923609495162964
51-11,51,11,2,0,0.017688114,nested_test,weighted,0.44923609495162964
51-12,51,12,2,0,0.048390422,nested_test,weighted,0.44923609495162964
52-0,52,0,5,1,0.017185686,nested_test,weighted,0.372329980134964
52-1,52,1,5,1,0.051798455,nested_test,weighted,0.372329980134964
52-2,52,2,5,0,0.25633648,nested_test,weighted,0.372329980134964
52-3,52,3,5,1,0.057230763,nested_test,weighted,0.372329980134964
52-4,52,4,5,1,0.016565733,nested_test,weighted,0.372329980134964
52-5,52,5,5,1,0.004540593,nested_test,weighted,0.372329980134964
52-6,52,6,5,0,0.7634963,nested_test,weighted,0.372329980134964
52-7,52,7,5,1,0.049799424,nested_test,weighted,0.372329980134964
52-8,52,8,5,0,0.44300276,nested_test,weighted,0.372329980134964
52-9,52,9,5,1,0.05286958,nested_test,weighted,0.372329980134964
52-10,52,10,5,0,0.052349508,nested_test,weighted,0.372329980134964
52-11,52,11,5,1,0.01150463,nested_test,weighted,0.372329980134964
52-12,52,12,5,0,0.6279789,nested_test,weighted,0.372329980134964
53-0,53,0,3,1,0.16447635,nested_test,weighted,0.44559308886528015
53-1,53,1,3,0,0.10983767,nested_test,weighted,0.44559308886528015
53-2,53,2,3,0,0.037554774,nested_test,weighted,0.44559308886528015
53-3,53,3,3,1,0.5142698,nested_test,weighted,0.44559308886528015
53-4,53,4,3,0,0.044247463,nested_test,weighted,0.44559308886528015
53-5,53,5,3,1,0.3060715,nested_test,weighted,0.44559308886528015
53-6,53,6,3,1,0.05858845,nested_test,weighted,0.44559308886528015
53-7,53,7,3,1,0.14752418,nested_test,weighted,0.44559308886528015
53-8,53,8,3,1,0.07808941,nested_test,weighted,0.44559308886528015
53-9,53,9,3,0,0.20150714,nested_test,weighted,0.44559308886528015
53-10,53,10,3,1,0.05312011,nested_test,weighted,0.44559308886528015
53-11,53,11,3,1,0.086958386,nested_test,weighted,0.44559308886528015
53-12,53,12,3,1,0.21597809,nested_test,weighted,0.44559308886528015
54-0,54,0,3,0,0.14186068,nested_test,weighted,0.44559308886528015
54-1,54,1,3,0,0.14753023,nested_test,weighted,0.44559308886528015
54-2,54,2,3,0,0.03710826,nested_test,weighted,0.44559308886528015
54-3,54,3,3,0,0.468442,nested_test,weighted,0.44559308886528015
54-4,54,4,3,0,0.04908189,nested_test,weighted,0.44559308886528015
54-5,54,5,3,0,0.23045515,nested_test,weighted,0.44559308886528015
54-6,54,6,3,0,0.03521274,nested_test,weighted,0.44559308886528015
54-7,54,7,3,0,0.13293697,nested_test,weighted,0.44559308886528015
54-8,54,8,3,0,0.04314639,nested_test,weighted,0.44559308886528015
54-9,54,9,3,0,0.24815324,nested_test,weighted,0.44559308886528015
54-10,54,10,3,0,0.030497823,nested_test,weighted,0.44559308886528015
54-11,54,11,3,0,0.05673636,nested_test,weighted,0.44559308886528015
54-12,54,12,3,0,0.16653273,nested_test,weighted,0.44559308886528015
55-0,55,0,5,0,0.034256484,nested_test,weighted,0.372329980134964
55-1,55,1,5,0,0.10490912,nested_test,weighted,0.372329980134964
55-2,55,2,5,0,0.019527381,nested_test,weighted,0.372329980134964
55-3,55,3,5,0,0.098348446,nested_test,weighted,0.372329980134964
55-4,55,4,5,0,0.02896594,nested_test,weighted,0.372329980134964
55-5,55,5,5,0,0.009658798,nested_test,weighted,0.372329980134964
55-6,55,6,5,0,0.09589632,nested_test,weighted,0.372329980134964
55-7,55,7,5,0,0.0882957,nested_test,weighted,0.372329980134964
55-8,55,8,5,0,0.046707567,nested_test,weighted,0.372329980134964
55-9,55,9,5,0,0.10695463,nested_test,weighted,0.372329980134964
55-10,55,10,5,0,0.008414748,nested_test,weighted,0.372329980134964
55-11,55,11,5,0,0.02218162,nested_test,weighted,0.372329980134964
55-12,55,12,5,0,0.055852287,nested_test,weighted,0.372329980134964
56-0,56,0,1,1,0.4634109,nested_test,weighted,0.48635756969451904
56-1,56,1,1,1,0.50635004,nested_test,weighted,0.48635756969451904
56-2,56,2,1,1,0.3160355,nested_test,weighted,0.48635756969451904
56-3,56,3,1,1,0.27638763,nested_test,weighted,0.48635756969451904
56-4,56,4,1,1,0.1361005,nested_test,weighted,0.48635756969451904
56-5,56,5,1,1,0.22112843,nested_test,weighted,0.48635756969451904
56-6,56,6,1,1,0.15479104,nested_test,weighted,0.48635756969451904
56-7,56,7,1,1,0.29725987,nested_test,weighted,0.48635756969451904
56-8,56,8,1,0,0.12544994,nested_test,weighted,0.48635756969451904
56-9,56,9,1,0,0.3706744,nested_test,weighted,0.48635756969451904
56-10,56,10,1,1,0.05775972,nested_test,weighted,0.48635756969451904
56-11,56,11,1,1,0.34674484,nested_test,weighted,0.48635756969451904
56-12,56,12,1,1,0.22249377,nested_test,weighted,0.48635756969451904
57-0,57,0,3,0,0.14186068,nested_test,weighted,0.44559308886528015
57-1,57,1,3,0,0.14989483,nested_test,weighted,0.44559308886528015
57-2,57,2,3,0,0.037781473,nested_test,weighted,0.44559308886528015
57-3,57,3,3,0,0.47309563,nested_test,weighted,0.44559308886528015
57-4,57,4,3,0,0.051618706,nested_test,weighted,0.44559308886528015
57-5,57,5,3,1,0.24197195,nested_test,weighted,0.44559308886528015
57-6,57,6,3,0,0.050378177,nested_test,weighted,0.44559308886528015
57-7,57,7,3,0,0.13293697,nested_test,weighted,0.44559308886528015
57-8,57,8,3,0,0.055450622,nested_test,weighted,0.44559308886528015
57-9,57,9,3,0,0.24815324,nested_test,weighted,0.44559308886528015
57-10,57,10,3,0,0.030497823,nested_test,weighted,0.44559308886528015
57-11,57,11,3,0,0.06602284,nested_test,weighted,0.44559308886528015
57-12,57,12,3,0,0.1901673,nested_test,weighted,0.44559308886528015
58-0,58,0,2,1,0.27979884,nested_test,weighted,0.44923609495162964
58-1,58,1,2,1,0.59101874,nested_test,weighted,0.44923609495162964
58-2,58,2,2,1,0.75695384,nested_test,weighted,0.44923609495162964
58-3,58,3,2,1,0.50333637,nested_test,weighted,0.44923609495162964
58-4,58,4,2,1,0.19531736,nested_test,weighted,0.44923609495162964
58-5,58,5,2,1,0.38377503,nested_test,weighted,0.44923609495162964
58-6,58,6,2,1,0.10942518,nested_test,weighted,0.44923609495162964
58-7,58,7,2,1,0.36070833,nested_test,weighted,0.44923609495162964
58-8,58,8,2,1,0.762783,nested_test,weighted,0.44923609495162964
58-9,58,9,2,1,0.70799637,nested_test,weighted,0.44923609495162964
58-10,58,10,2,1,0.15505219,nested_test,weighted,0.44923609495162964
58-11,58,11,2,1,0.1568194,nested_test,weighted,0.44923609495162964
58-12,58,12,2,1,0.43277082,nested_test,weighted,0.44923609495162964
59-0,59,0,2,1,0.19846244,nested_test,weighted,0.44923609495162964
59-1,59,1,2,1,0.3910441,nested_test,weighted,0.44923609495162964
59-2,59,2,2,1,0.5073038,nested_test,weighted,0.44923609495162964
59-3,59,3,2,1,0.37544608,nested_test,weighted,0.44923609495162964
59-4,59,4,2,1,0.13565396,nested_test,weighted,0.44923609495162964
59-5,59,5,2,1,0.14317411,nested_test,weighted,0.44923609495162964
59-6,59,6,2,1,0.06025242,nested_test,weighted,0.44923609495162964
59-7,59,7,2,1,0.19812924,nested_test,weighted,0.44923609495162964
59-8,59,8,2,1,0.56544596,nested_test,weighted,0.44923609495162964
59-9,59,9,2,0,0.41852972,nested_test,weighted,0.44923609495162964
59-10,59,10,2,1,0.05438745,nested_test,weighted,0.44923609495162964
59-11,59,11,2,1,0.06399729,nested_test,weighted,0.44923609495162964
59-12,59,12,2,1,0.20409569,nested_test,weighted,0.44923609495162964
60-0,60,0,1,0,0.2255659,nested_test,weighted,0.48635756969451904
60-1,60,1,1,0,0.24855871,nested_test,weighted,0.48635756969451904
60-2,60,2,1,0,0.14969361,nested_test,weighted,0.48635756969451904
60-3,60,3,1,0,0.18544778,nested_test,weighted,0.48635756969451904
60-4,60,4,1,0,0.045099743,nested_test,weighted,0.48635756969451904
60-5,60,5,1,0,0.09944805,nested_test,weighted,0.48635756969451904
60-6,60,6,1,0,0.08115769,nested_test,weighted,0.48635756969451904
60-7,60,7,1,1,0.22701125,nested_test,weighted,0.48635756969451904
60-8,60,8,1,1,0.15763946,nested_test,weighted,0.48635756969451904
60-9,60,9,1,0,0.20599122,nested_test,weighted,0.48635756969451904
60-10,60,10,1,0,0.044253644,nested_test,weighted,0.48635756969451904
60-11,60,11,1,1,0.29636356,nested_test,weighted,0.48635756969451904
60-12,60,12,1,0,0.102866195,nested_test,weighted,0.48635756969451904
61-0,61,0,1,0,0.313942,nested_test,weighted,0.48635756969451904
61-1,61,1,1,0,0.3270473,nested_test,weighted,0.48635756969451904
61-2,61,2,1,1,0.45825967,nested_test,weighted,0.48635756969451904
61-3,61,3,1,0,0.22525457,nested_test,weighted,0.48635756969451904
61-4,61,4,1,0,0.07082242,nested_test,weighted,0.48635756969451904
61-5,61,5,1,0,0.13068503,nested_test,weighted,0.48635756969451904
61-6,61,6,1,0,0.11671005,nested_test,weighted,0.48635756969451904
61-7,61,7,1,1,0.36111915,nested_test,weighted,0.48635756969451904
61-8,61,8,1,0,0.09571177,nested_test,weighted,0.48635756969451904
61-9,61,9,1,0,0.40423924,nested_test,weighted,0.48635756969451904
61-10,61,10,1,1,0.06643745,nested_test,weighted,0.48635756969451904
61-11,61,11,1,1,0.41197282,nested_test,weighted,0.48635756969451904
61-12,61,12,1,0,0.13712253,nested_test,weighted,0.48635756969451904
62-0,62,0,5,0,0.020461597,nested_test,weighted,0.372329980134964
62-1,62,1,5,0,0.05782668,nested_test,weighted,0.372329980134964
62-2,62,2,5,0,0.012121255,nested_test,weighted,0.372329980134964
62-3,62,3,5,0,0.060939495,nested_test,weighted,0.372329980134964
62-4,62,4,5,0,0.017107153,nested_test,weighted,0.372329980134964
62-5,62,5,5,0,0.0050985944,nested_test,weighted,0.372329980134964
62-6,62,6,5,0,0.07252402,nested_test,weighted,0.372329980134964
62-7,62,7,5,0,0.055608634,nested_test,weighted,0.372329980134964
62-8,62,8,5,0,0.026070677,nested_test,weighted,0.372329980134964
62-9,62,9,5,0,0.0590147,nested_test,weighted,0.372329980134964
62-10,62,10,5,0,0.0047934107,nested_test,weighted,0.372329980134964
62-11,62,11,5,1,0.29348895,nested_test,weighted,0.372329980134964
62-12,62,12,5,0,0.045064885,nested_test,weighted,0.372329980134964
63-0,63,0,1,0,0.14042453,nested_test,weighted,0.48635756969451904
63-1,63,1,1,0,0.12160053,nested_test,weighted,0.48635756969451904
63-2,63,2,1,0,0.066365585,nested_test,weighted,0.48635756969451904
63-3,63,3,1,0,0.07966477,nested_test,weighted,0.48635756969451904
63-4,63,4,1,0,0.023588337,nested_test,weighted,0.48635756969451904
63-5,63,5,1,0,0.040605053,nested_test,weighted,0.48635756969451904
63-6,63,6,1,0,0.03656315,nested_test,weighted,0.48635756969451904
63-7,63,7,1,0,0.060333896,nested_test,weighted,0.48635756969451904
63-8,63,8,1,0,0.03361103,nested_test,weighted,0.48635756969451904
63-9,63,9,1,0,0.1281526,nested_test,weighted,0.48635756969451904
63-10,63,10,1,0,0.027556079,nested_test,weighted,0.48635756969451904
63-11,63,11,1,0,0.0609175,nested_test,weighted,0.48635756969451904
63-12,63,12,1,0,0.056989636,nested_test,weighted,0.48635756969451904
64-0,64,0,5,0,0.030626733,nested_test,weighted,0.372329980134964
64-1,64,1,5,0,0.08983598,nested_test,weighted,0.372329980134964
64-2,64,2,5,0,0.02331726,nested_test,weighted,0.372329980134964
64-3,64,3,5,0,0.10681741,nested_test,weighted,0.372329980134964
64-4,64,4,5,0,0.024655726,nested_test,weighted,0.372329980134964
64-5,64,5,5,1,0.025766,nested_test,weighted,0.372329980134964
64-6,64,6,5,1,0.6399179,nested_test,weighted,0.372329980134964
64-7,64,7,5,0,0.08498552,nested_test,weighted,0.372329980134964
64-8,64,8,5,0,0.04211286,nested_test,weighted,0.372329980134964
64-9,64,9,5,0,0.11446691,nested_test,weighted,0.372329980134964
64-10,64,10,5,1,0.021470446,nested_test,weighted,0.372329980134964
64-11,64,11,5,1,0.21978454,nested_test,weighted,0.372329980134964
64-12,64,12,5,0,0.07194006,nested_test,weighted,0.372329980134964
65-0,65,0,2,0,0.09232854,nested_test,weighted,0.44923609495162964
65-1,65,1,2,0,0.18931836,nested_test,weighted,0.44923609495162964
65-2,65,2,2,0,0.2747372,nested_test,weighted,0.44923609495162964
65-3,65,3,2,0,0.21871953,nested_test,weighted,0.44923609495162964
65-4,65,4,2,0,0.04630386,nested_test,weighted,0.44923609495162964
65-5,65,5,2,0,0.0885375,nested_test,weighted,0.44923609495162964
65-6,65,6,2,0,0.048215937,nested_test,weighted,0.44923609495162964
65-7,65,7,2,0,0.038612198,nested_test,weighted,0.44923609495162964
65-8,65,8,2,0,0.33599567,nested_test,weighted,0.44923609495162964
65-9,65,9,2,1,0.7135052,nested_test,weighted,0.44923609495162964
65-10,65,10,2,0,0.026167592,nested_test,weighted,0.44923609495162964
65-11,65,11,2,0,0.037377227,nested_test,weighted,0.44923609495162964
65-12,65,12,2,0,0.11061528,nested_test,weighted,0.44923609495162964
66-0,66,0,4,0,0.10249392,nested_test,weighted,0.5368138551712036
66-1,66,1,4,0,0.25433287,nested_test,weighted,0.5368138551712036
66-2,66,2,4,0,0.5481187,nested_test,weighted,0.5368138551712036
66-3,66,3,4,0,0.3101463,nested_test,weighted,0.5368138551712036
66-4,66,4,4,0,0.08628602,nested_test,weighted,0.5368138551712036
66-5,66,5,4,0,0.116500705,nested_test,weighted,0.5368138551712036
66-6,66,6,4,1,0.14988586,nested_test,weighted,0.5368138551712036
66-7,66,7,4,0,0.11643072,nested_test,weighted,0.5368138551712036
66-8,66,8,4,0,0.3449217,nested_test,weighted,0.5368138551712036
66-9,66,9,4,0,0.5071006,nested_test,weighted,0.5368138551712036
66-10,66,10,4,0,0.055105917,nested_test,weighted,0.5368138551712036
66-11,66,11,4,0,0.28842628,nested_test,weighted,0.5368138551712036
66-12,66,12,4,0,0.23084585,nested_test,weighted,0.5368138551712036
67-0,67,0,4,0,0.030169174,nested_test,weighted,0.5368138551712036
67-1,67,1,4,0,0.051337633,nested_test,weighted,0.5368138551712036
67-2,67,2,4,0,0.1482084,nested_test,weighted,0.5368138551712036
67-3,67,3,4,0,0.095215745,nested_test,weighted,0.5368138551712036
67-4,67,4,4,0,0.018144911,nested_test,weighted,0.5368138551712036
67-5,67,5,4,0,0.023114128,nested_test,weighted,0.5368138551712036
67-6,67,6,4,1,0.40080157,nested_test,weighted,0.5368138551712036
67-7,67,7,4,0,0.042134188,nested_test,weighted,0.5368138551712036
67-8,67,8,4,1,0.5480024,nested_test,weighted,0.5368138551712036
67-9,67,9,4,0,0.14059795,nested_test,weighted,0.5368138551712036
67-10,67,10,4,1,0.15021516,nested_test,weighted,0.5368138551712036
67-11,67,11,4,1,0.5277848,nested_test,weighted,0.5368138551712036
67-12,67,12,4,0,0.05078939,nested_test,weighted,0.5368138551712036
68-0,68,0,3,0,0.07099892,nested_test,weighted,0.44559308886528015
68-1,68,1,3,0,0.060985506,nested_test,weighted,0.44559308886528015
68-2,68,2,3,0,0.022573153,nested_test,weighted,0.44559308886528015
68-3,68,3,3,0,0.1703668,nested_test,weighted,0.44559308886528015
68-4,68,4,3,0,0.020978712,nested_test,weighted,0.44559308886528015
68-5,68,5,3,0,0.08364851,nested_test,weighted,0.44559308886528015
68-6,68,6,3,0,0.016285319,nested_test,weighted,0.44559308886528015
68-7,68,7,3,0,0.0468952,nested_test,weighted,0.44559308886528015
68-8,68,8,3,0,0.013615251,nested_test,weighted,0.44559308886528015
68-9,68,9,3,0,0.10230328,nested_test,weighted,0.44559308886528015
68-10,68,10,3,0,0.021681549,nested_test,weighted,0.44559308886528015
68-11,68,11,3,0,0.021766527,nested_test,weighted,0.44559308886528015
68-12,68,12,3,0,0.05618264,nested_test,weighted,0.44559308886528015
69-0,69,0,3,0,0.11440833,nested_test,weighted,0.44559308886528015
69-1,69,1,3,0,0.10273482,nested_test,weighted,0.44559308886528015
69-2,69,2,3,0,0.03020879,nested_test,weighted,0.44559308886528015
69-3,69,3,3,0,0.35838252,nested_test,weighted,0.44559308886528015
69-4,69,4,3,0,0.03429642,nested_test,weighted,0.44559308886528015
69-5,69,5,3,1,0.31779316,nested_test,weighted,0.44559308886528015
69-6,69,6,3,0,0.02752119,nested_test,weighted,0.44559308886528015
69-7,69,7,3,0,0.08527539,nested_test,weighted,0.44559308886528015
69-8,69,8,3,0,0.030316526,nested_test,weighted,0.44559308886528015
69-9,69,9,3,0,0.18973991,nested_test,weighted,0.44559308886528015
69-10,69,10,3,0,0.04547778,nested_test,weighted,0.44559308886528015
69-11,69,11,3,0,0.03461711,nested_test,weighted,0.44559308886528015
69-12,69,12,3,1,0.1632706,nested_test,weighted,0.44559308886528015
70-0,70,0,1,1,0.21046504,nested_test,weighted,0.48635756969451904
70-1,70,1,1,1,0.19122703,nested_test,weighted,0.48635756969451904
70-2,70,2,1,1,0.111367755,nested_test,weighted,0.48635756969451904
70-3,70,3,1,0,0.39615056,nested_test,weighted,0.48635756969451904
70-4,70,4,1,0,0.17325233,nested_test,weighted,0.48635756969451904
70-5,70,5,1,0,0.22090575,nested_test,weighted,0.48635756969451904
70-6,70,6,1,0,0.20320036,nested_test,weighted,0.48635756969451904
70-7,70,7,1,0,0.37197036,nested_test,weighted,0.48635756969451904
70-8,70,8,1,0,0.20481728,nested_test,weighted,0.48635756969451904
70-9,70,9,1,1,0.2276317,nested_test,weighted,0.48635756969451904
70-10,70,10,1,0,0.0640876,nested_test,weighted,0.48635756969451904
70-11,70,11,1,0,0.41145977,nested_test,weighted,0.48635756969451904
70-12,70,12,1,0,0.28902018,nested_test,weighted,0.48635756969451904
71-0,71,0,2,0,0.030092489,nested_test,weighted,0.44923609495162964
71-1,71,1,2,0,0.059871934,nested_test,weighted,0.44923609495162964
71-2,71,2,2,0,0.1022713,nested_test,weighted,0.44923609495162964
71-3,71,3,2,0,0.09764021,nested_test,weighted,0.44923609495162964
71-4,71,4,2,0,0.014972178,nested_test,weighted,0.44923609495162964
71-5,71,5,2,0,0.026303936,nested_test,weighted,0.44923609495162964
71-6,71,6,2,0,0.018062953,nested_test,weighted,0.44923609495162964
71-7,71,7,2,0,0.017163962,nested_test,weighted,0.44923609495162964
71-8,71,8,2,0,0.13251978,nested_test,weighted,0.44923609495162964
71-9,71,9,2,1,0.7199561,nested_test,weighted,0.44923609495162964
71-10,71,10,2,0,0.010774942,nested_test,weighted,0.44923609495162964
71-11,71,11,2,0,0.011223332,nested_test,weighted,0.44923609495162964
71-12,71,12,2,0,0.034719937,nested_test,weighted,0.44923609495162964
72-0,72,0,5,0,0.34602934,nested_test,weighted,0.372329980134964
72-1,72,1,5,1,0.05782668,nested_test,weighted,0.372329980134964
72-2,72,2,5,0,0.29348895,nested_test,weighted,0.372329980134964
72-3,72,3,5,0,0.60146356,nested_test,weighted,0.372329980134964
72-4,72,4,5,0,0.4152097,nested_test,weighted,0.372329980134964
72-5,72,5,5,0,0.041532725,nested_test,weighted,0.372329980134964
72-6,72,6,5,0,0.713887,nested_test,weighted,0.372329980134964
72-7,72,7,5,0,0.6516189,nested_test,weighted,0.372329980134964
72-8,72,8,5,0,0.5047482,nested_test,weighted,0.372329980134964
72-9,72,9,5,1,0.0590147,nested_test,weighted,0.372329980134964
72-10,72,10,5,0,0.042671386,nested_test,weighted,0.372329980134964
72-11,72,11,5,0,0.29348895,nested_test,weighted,0.372329980134964
72-12,72,12,5,0,0.62693363,nested_test,weighted,0.372329980134964
73-0,73,0,1,0,0.33884883,nested_test,weighted,0.48635756969451904
73-1,73,1,1,0,0.34864455,nested_test,weighted,0.48635756969451904
73-2,73,2,1,0,0.2086909,nested_test,weighted,0.48635756969451904
73-3,73,3,1,0,0.22175923,nested_test,weighted,0.48635756969451904
73-4,73,4,1,0,0.07415265,nested_test,weighted,0.48635756969451904
73-5,73,5,1,0,0.13707088,nested_test,weighted,0.48635756969451904
73-6,73,6,1,0,0.11631608,nested_test,weighted,0.48635756969451904
73-7,73,7,1,0,0.14547423,nested_test,weighted,0.48635756969451904
73-8,73,8,1,0,0.11509841,nested_test,weighted,0.48635756969451904
73-9,73,9,1,0,0.32011506,nested_test,weighted,0.48635756969451904
73-10,73,10,1,0,0.055311374,nested_test,weighted,0.48635756969451904
73-11,73,11,1,0,0.22174828,nested_test,weighted,0.48635756969451904
73-12,73,12,1,0,0.1797675,nested_test,weighted,0.48635756969451904
74-0,74,0,4,0,0.063150555,nested_test,weighted,0.5368138551712036
74-1,74,1,4,0,0.141833,nested_test,weighted,0.5368138551712036
74-2,74,2,4,0,0.34270078,nested_test,weighted,0.5368138551712036
74-3,74,3,4,0,0.16473249,nested_test,weighted,0.5368138551712036
74-4,74,4,4,0,0.03584505,nested_test,weighted,0.5368138551712036
74-5,74,5,4,0,0.060058005,nested_test,weighted,0.5368138551712036
74-6,74,6,4,0,0.11061232,nested_test,weighted,0.5368138551712036
74-7,74,7,4,0,0.0735735,nested_test,weighted,0.5368138551712036
74-8,74,8,4,0,0.18969263,nested_test,weighted,0.5368138551712036
74-9,74,9,4,0,0.28260255,nested_test,weighted,0.5368138551712036
74-10,74,10,4,0,0.028606111,nested_test,weighted,0.5368138551712036
74-11,74,11,4,0,0.1697766,nested_test,weighted,0.5368138551712036
74-12,74,12,4,0,0.11986977,nested_test,weighted,0.5368138551712036
75-0,75,0,3,0,0.1254119,nested_test,weighted,0.44559308886528015
75-1,75,1,3,0,0.11275857,nested_test,weighted,0.44559308886528015
75-2,75,2,3,0,0.033419795,nested_test,weighted,0.44559308886528015
75-3,75,3,3,0,0.3350454,nested_test,weighted,0.44559308886528015
75-4,75,4,3,0,0.03792493,nested_test,weighted,0.44559308886528015
75-5,75,5,3,0,0.17470986,nested_test,weighted,0.44559308886528015
75-6,75,6,3,0,0.030455492,nested_test,weighted,0.44559308886528015
75-7,75,7,3,0,0.0937736,nested_test,weighted,0.44559308886528015
75-8,75,8,3,1,0.06271904,nested_test,weighted,0.44559308886528015
75-9,75,9,3,1,0.34799558,nested_test,weighted,0.44559308886528015
75-10,75,10,3,0,0.05022775,nested_test,weighted,0.44559308886528015
75-11,75,11,3,0,0.038544822,nested_test,weighted,0.44559308886528015
75-12,75,12,3,0,0.104280606,nested_test,weighted,0.44559308886528015
76-0,76,0,5,0,0.03319709,nested_test,weighted,0.372329980134964
76-1,76,1,5,0,0.09804175,nested_test,weighted,0.372329980134964
76-2,76,2,5,0,0.016055409,nested_test,weighted,0.372329980134964
76-3,76,3,5,0,0.08206245,nested_test,weighted,0.372329980134964
76-4,76,4,5,0,0.030414693,nested_test,weighted,0.372329980134964
76-5,76,5,5,0,0.009351759,nested_test,weighted,0.372329980134964
76-6,76,6,5,0,0.13251634,nested_test,weighted,0.372329980134964
76-7,76,7,5,0,0.10316492,nested_test,weighted,0.372329980134964
76-8,76,8,5,0,0.047803763,nested_test,weighted,0.372329980134964
76-9,76,9,5,0,0.08984555,nested_test,weighted,0.372329980134964
76-10,76,10,5,0,0.011325356,nested_test,weighted,0.372329980134964
76-11,76,11,5,0,0.02128991,nested_test,weighted,0.372329980134964
76-12,76,12,5,0,0.1033245,nested_test,weighted,0.372329980134964
77-0,77,0,3,1,0.11440833,nested_test,weighted,0.44559308886528015
77-1,77,1,3,1,0.10273482,nested_test,weighted,0.44559308886528015
77-2,77,2,3,0,0.046155225,nested_test,weighted,0.44559308886528015
77-3,77,3,3,0,0.5278992,nested_test,weighted,0.44559308886528015
77-4,77,4,3,1,0.03429642,nested_test,weighted,0.44559308886528015
77-5,77,5,3,1,0.13752355,nested_test,weighted,0.44559308886528015
77-6,77,6,3,0,0.04130498,nested_test,weighted,0.44559308886528015
77-7,77,7,3,0,0.15452605,nested_test,weighted,0.44559308886528015
77-8,77,8,3,0,0.078190014,nested_test,weighted,0.44559308886528015
77-9,77,9,3,1,0.16576041,nested_test,weighted,0.44559308886528015
77-10,77,10,3,1,0.03758203,nested_test,weighted,0.44559308886528015
77-11,77,11,3,1,0.030211603,nested_test,weighted,0.44559308886528015
77-12,77,12,3,1,0.09492992,nested_test,weighted,0.44559308886528015
78-0,78,0,1,0,0.5828798,nested_test,weighted,0.48635756969451904
78-1,78,1,1,1,0.34940898,nested_test,weighted,0.48635756969451904
78-2,78,2,1,0,0.37698328,nested_test,weighted,0.48635756969451904
78-3,78,3,1,0,0.3837359,nested_test,weighted,0.48635756969451904
78-4,78,4,1,0,0.18964763,nested_test,weighted,0.48635756969451904
78-5,78,5,1,0,0.24992539,nested_test,weighted,0.48635756969451904
78-6,78,6,1,1,0.11969904,nested_test,weighted,0.48635756969451904
78-7,78,7,1,0,0.3110248,nested_test,weighted,0.48635756969451904
78-8,78,8,1,0,0.19519457,nested_test,weighted,0.48635756969451904
78-9,78,9,1,1,0.36316094,nested_test,weighted,0.48635756969451904
78-10,78,10,1,0,0.07268983,nested_test,weighted,0.48635756969451904
78-11,78,11,1,1,0.1933906,nested_test,weighted,0.48635756969451904
78-12,78,12,1,0,0.29936948,nested_test,weighted,0.48635756969451904
79-0,79,0,3,0,0.10955736,nested_test,weighted,0.44559308886528015
79-1,79,1,3,0,0.09832382,nested_test,weighted,0.44559308886528015
79-2,79,2,3,0,0.035741046,nested_test,weighted,0.44559308886528015
79-3,79,3,3,0,0.34724307,nested_test,weighted,0.44559308886528015
79-4,79,4,3,0,0.0393056,nested_test,weighted,0.44559308886528015
79-5,79,5,3,0,0.13183837,nested_test,weighted,0.44559308886528015
79-6,79,6,3,0,0.026245099,nested_test,weighted,0.44559308886528015
79-7,79,7,3,0,0.08154595,nested_test,weighted,0.44559308886528015
79-8,79,8,3,0,0.033928808,nested_test,weighted,0.44559308886528015
79-9,79,9,3,0,0.15912332,nested_test,weighted,0.44559308886528015
79-10,79,10,3,0,0.026643286,nested_test,weighted,0.44559308886528015
79-11,79,11,3,0,0.03302317,nested_test,weighted,0.44559308886528015
79-12,79,12,3,0,0.09082015,nested_test,weighted,0.44559308886528015
80-0,80,0,1,1,0.32571536,nested_test,weighted,0.48635756969451904
80-1,80,1,1,1,0.39289027,nested_test,weighted,0.48635756969451904
80-2,80,2,1,0,0.054020416,nested_test,weighted,0.48635756969451904
80-3,80,3,1,0,0.06635362,nested_test,weighted,0.48635756969451904
80-4,80,4,1,0,0.018097378,nested_test,weighted,0.48635756969451904
80-5,80,5,1,1,0.14770158,nested_test,weighted,0.48635756969451904
80-6,80,6,1,0,0.029213756,nested_test,weighted,0.48635756969451904
80-7,80,7,1,0,0.04844675,nested_test,weighted,0.48635756969451904
80-8,80,8,1,0,0.026708106,nested_test,weighted,0.48635756969451904
80-9,80,9,1,0,0.10486824,nested_test,weighted,0.48635756969451904
80-10,80,10,1,1,0.032636072,nested_test,weighted,0.48635756969451904
80-11,80,11,1,0,0.048305154,nested_test,weighted,0.48635756969451904
80-12,80,12,1,1,0.16071475,nested_test,weighted,0.48635756969451904
81-0,81,0,1,0,0.32394058,nested_test,weighted,0.48635756969451904
81-1,81,1,1,0,0.2943404,nested_test,weighted,0.48635756969451904
81-2,81,2,1,0,0.15919589,nested_test,weighted,0.48635756969451904
81-3,81,3,1,0,0.19625002,nested_test,weighted,0.48635756969451904
81-4,81,4,1,0,0.06044945,nested_test,weighted,0.48635756969451904
81-5,81,5,1,0,0.10908949,nested_test,weighted,0.48635756969451904
81-6,81,6,1,0,0.09629599,nested_test,weighted,0.48635756969451904
81-7,81,7,1,0,0.15881035,nested_test,weighted,0.48635756969451904
81-8,81,8,1,0,0.08758567,nested_test,weighted,0.48635756969451904
81-9,81,9,1,0,0.26059213,nested_test,weighted,0.48635756969451904
81-10,81,10,1,0,0.049208745,nested_test,weighted,0.48635756969451904
81-11,81,11,1,0,0.17986563,nested_test,weighted,0.48635756969451904
81-12,81,12,1,0,0.1388128,nested_test,weighted,0.48635756969451904
82-0,82,0,5,0,0.020461597,nested_test,weighted,0.372329980134964
82-1,82,1,5,0,0.05782668,nested_test,weighted,0.372329980134964
82-2,82,2,5,0,0.012121255,nested_test,weighted,0.372329980134964
82-3,82,3,5,0,0.06384861,nested_test,weighted,0.372329980134964
82-4,82,4,5,0,0.017107153,nested_test,weighted,0.372329980134964
82-5,82,5,5,0,0.0050985944,nested_test,weighted,0.372329980134964
82-6,82,6,5,1,0.713887,nested_test,weighted,0.372329980134964
82-7,82,7,5,0,0.055608634,nested_test,weighted,0.372329980134964
82-8,82,8,5,1,0.5047482,nested_test,weighted,0.372329980134964
82-9,82,9,5,0,0.0590147,nested_test,weighted,0.372329980134964
82-10,82,10,5,0,0.0047934107,nested_test,weighted,0.372329980134964
82-11,82,11,5,0,0.013529475,nested_test,weighted,0.372329980134964
82-12,82,12,5,0,0.053816915,nested_test,weighted,0.372329980134964
83-0,83,0,3,0,0.11507163,nested_test,weighted,0.44559308886528015
83-1,83,1,3,0,0.09950813,nested_test,weighted,0.44559308886528015
83-2,83,2,3,0,0.02876914,nested_test,weighted,0.44559308886528015
83-3,83,3,3,0,0.3478745,nested_test,weighted,0.44559308886528015
83-4,83,4,3,0,0.041114327,nested_test,weighted,0.44559308886528015
83-5,83,5,3,0,0.1358406,nested_test,weighted,0.44559308886528015
83-6,83,6,3,0,0.02732142,nested_test,weighted,0.44559308886528015
83-7,83,7,3,0,0.08502473,nested_test,weighted,0.44559308886528015
83-8,83,8,3,0,0.030979075,nested_test,weighted,0.44559308886528015
83-9,83,9,3,0,0.1667138,nested_test,weighted,0.44559308886528015
83-10,83,10,3,0,0.029045574,nested_test,weighted,0.44559308886528015
83-11,83,11,3,0,0.03430591,nested_test,weighted,0.44559308886528015
83-12,83,12,3,0,0.11550353,nested_test,weighted,0.44559308886528015
84-0,84,0,5,0,0.020461597,nested_test,weighted,0.372329980134964
84-1,84,1,5,0,0.05782668,nested_test,weighted,0.372329980134964
84-2,84,2,5,1,0.30161813,nested_test,weighted,0.372329980134964
84-3,84,3,5,1,0.60146356,nested_test,weighted,0.372329980134964
84-4,84,4,5,0,0.018573964,nested_test,weighted,0.372329980134964
84-5,84,5,5,0,0.0050985944,nested_test,weighted,0.372329980134964
84-6,84,6,5,1,0.713887,nested_test,weighted,0.372329980134964
84-7,84,7,5,0,0.055608634,nested_test,weighted,0.372329980134964
84-8,84,8,5,1,0.4301697,nested_test,weighted,0.372329980134964
84-9,84,9,5,0,0.056187436,nested_test,weighted,0.372329980134964
84-10,84,10,5,1,0.029652262,nested_test,weighted,0.372329980134964
84-11,84,11,5,0,0.013529475,nested_test,weighted,0.372329980134964
84-12,84,12,5,1,0.62693363,nested_test,weighted,0.372329980134964
85-0,85,0,1,0,0.4229627,nested_test,weighted,0.48635756969451904
85-1,85,1,1,0,0.42025352,nested_test,weighted,0.48635756969451904
85-2,85,2,1,0,0.2648589,nested_test,weighted,0.48635756969451904
85-3,85,3,1,0,0.31831515,nested_test,weighted,0.48635756969451904
85-4,85,4,1,0,0.09963142,nested_test,weighted,0.48635756969451904
85-5,85,5,1,0,0.16619928,nested_test,weighted,0.48635756969451904
85-6,85,6,1,0,0.16495907,nested_test,weighted,0.48635756969451904
85-7,85,7,1,0,0.2504997,nested_test,weighted,0.48635756969451904
85-8,85,8,1,0,0.15708166,nested_test,weighted,0.48635756969451904
85-9,85,9,1,0,0.40839913,nested_test,weighted,0.48635756969451904
85-10,85,10,1,0,0.12091867,nested_test,weighted,0.48635756969451904
85-11,85,11,1,0,0.26384604,nested_test,weighted,0.48635756969451904
85-12,85,12,1,0,0.24330473,nested_test,weighted,0.48635756969451904
86-0,86,0,1,0,0.28041956,nested_test,weighted,0.48635756969451904
86-1,86,1,1,0,0.28381455,nested_test,weighted,0.48635756969451904
86-2,86,2,1,1,0.34552446,nested_test,weighted,0.48635756969451904
86-3,86,3,1,0,0.20407195,nested_test,weighted,0.48635756969451904
86-4,86,4,1,0,0.06262341,nested_test,weighted,0.48635756969451904
86-5,86,5,1,0,0.104210004,nested_test,weighted,0.48635756969451904
86-6,86,6,1,0,0.0936543,nested_test,weighted,0.48635756969451904
86-7,86,7,1,1,0.28232738,nested_test,weighted,0.48635756969451904
86-8,86,8,1,0,0.09393572,nested_test,weighted,0.48635756969451904
86-9,86,9,1,0,0.34147924,nested_test,weighted,0.48635756969451904
86-10,86,10,1,0,0.052669965,nested_test,weighted,0.48635756969451904
86-11,86,11,1,0,0.17073952,nested_test,weighted,0.48635756969451904
86-12,86,12,1,0,0.15593399,nested_test,weighted,0.48635756969451904
87-0,87,0,4,0,0.07482522,nested_test,weighted,0.5368138551712036
87-1,87,1,4,0,0.1749615,nested_test,weighted,0.5368138551712036
87-2,87,2,4,0,0.40083268,nested_test,weighted,0.5368138551712036
87-3,87,3,4,0,0.18543911,nested_test,weighted,0.5368138551712036
87-4,87,4,4,0,0.044158436,nested_test,weighted,0.5368138551712036
87-5,87,5,4,0,0.056422073,nested_test,weighted,0.5368138551712036
87-6,87,6,4,0,0.11567754,nested_test,weighted,0.5368138551712036
87-7,87,7,4,0,0.13543151,nested_test,weighted,0.5368138551712036
87-8,87,8,4,0,0.22785763,nested_test,weighted,0.5368138551712036
87-9,87,9,4,0,0.33574727,nested_test,weighted,0.5368138551712036
87-10,87,10,4,0,0.03486475,nested_test,weighted,0.5368138551712036
87-11,87,11,4,0,0.17569162,nested_test,weighted,0.5368138551712036
87-12,87,12,4,0,0.14529103,nested_test,weighted,0.5368138551712036
88-0,88,0,5,0,0.09226009,nested_test,weighted,0.372329980134964
88-1,88,1,5,0,0.32685152,nested_test,weighted,0.372329980134964
88-2,88,2,5,0,0.07424104,nested_test,weighted,0.372329980134964
88-3,88,3,5,0,0.2145663,nested_test,weighted,0.372329980134964
88-4,88,4,5,0,0.12379692,nested_test,weighted,0.372329980134964
88-5,88,5,5,0,0.013110889,nested_test,weighted,0.372329980134964
88-6,88,6,5,1,0.13588566,nested_test,weighted,0.372329980134964
88-7,88,7,5,1,0.08239566,nested_test,weighted,0.372329980134964
88-8,88,8,5,0,0.16187873,nested_test,weighted,0.372329980134964
88-9,88,9,5,1,0.15201364,nested_test,weighted,0.372329980134964
88-10,88,10,5,0,0.009481951,nested_test,weighted,0.372329980134964
88-11,88,11,5,0,0.10026344,nested_test,weighted,0.372329980134964
88-12,88,12,5,0,0.20329344,nested_test,weighted,0.372329980134964
89-0,89,0,1,0,0.2543376,nested_test,weighted,0.48635756969451904
89-1,89,1,1,0,0.27920592,nested_test,weighted,0.48635756969451904
89-2,89,2,1,0,0.150063,nested_test,weighted,0.48635756969451904
89-3,89,3,1,0,0.17928316,nested_test,weighted,0.48635756969451904
89-4,89,4,1,0,0.0524102,nested_test,weighted,0.48635756969451904
89-5,89,5,1,0,0.10217973,nested_test,weighted,0.48635756969451904
89-6,89,6,1,1,0.14046592,nested_test,weighted,0.48635756969451904
89-7,89,7,1,0,0.13003829,nested_test,weighted,0.48635756969451904
89-8,89,8,1,1,0.1518223,nested_test,weighted,0.48635756969451904
89-9,89,9,1,0,0.2914325,nested_test,weighted,0.48635756969451904
89-10,89,10,1,1,0.039530702,nested_test,weighted,0.48635756969451904
89-11,89,11,1,0,0.1701746,nested_test,weighted,0.48635756969451904
89-12,89,12,1,0,0.13528076,nested_test,weighted,0.48635756969451904
90-0,90,0,3,0,0.14449358,nested_test,weighted,0.44559308886528015
90-1,90,1,3,0,0.17787986,nested_test,weighted,0.44559308886528015
90-2,90,2,3,0,0.052735478,nested_test,weighted,0.44559308886528015
90-3,90,3,3,0,0.3646903,nested_test,weighted,0.44559308886528015
90-4,90,4,3,0,0.07424428,nested_test,weighted,0.44559308886528015
90-5,90,5,3,0,0.19998582,nested_test,weighted,0.44559308886528015
90-6,90,6,3,1,0.050378177,nested_test,weighted,0.44559308886528015
90-7,90,7,3,0,0.13407797,nested_test,weighted,0.44559308886528015
90-8,90,8,3,0,0.05161099,nested_test,weighted,0.44559308886528015
90-9,90,9,3,0,0.24609955,nested_test,weighted,0.44559308886528015
90-10,90,10,3,0,0.032514796,nested_test,weighted,0.44559308886528015
90-11,90,11,3,1,0.06602284,nested_test,weighted,0.44559308886528015
90-12,90,12,3,0,0.17565833,nested_test,weighted,0.44559308886528015
91-0,91,0,3,1,0.11426357,nested_test,weighted,0.44559308886528015
91-1,91,1,3,0,0.17793275,nested_test,weighted,0.44559308886528015
91-2,91,2,3,0,0.045738913,nested_test,weighted,0.44559308886528015
91-3,91,3,3,0,0.4183475,nested_test,weighted,0.44559308886528015
91-4,91,4,3,0,0.06651549,nested_test,weighted,0.44559308886528015
91-5,91,5,3,0,0.17399509,nested_test,weighted,0.44559308886528015
91-6,91,6,3,0,0.06112727,nested_test,weighted,0.44559308886528015
91-7,91,7,3,0,0.11447761,nested_test,weighted,0.44559308886528015
91-8,91,8,3,0,0.04096596,nested_test,weighted,0.44559308886528015
91-9,91,9,3,0,0.20499118,nested_test,weighted,0.44559308886528015
91-10,91,10,3,1,0.027023083,nested_test,weighted,0.44559308886528015
91-11,91,11,3,0,0.07982943,nested_test,weighted,0.44559308886528015
91-12,91,12,3,1,0.11138633,nested_test,weighted,0.44559308886528015
92-0,92,0,5,0,0.04255162,nested_test,weighted,0.372329980134964
92-1,92,1,5,0,0.15069601,nested_test,weighted,0.372329980134964
92-2,92,2,5,0,0.03231988,nested_test,weighted,0.372329980134964
92-3,92,3,5,0,0.16691217,nested_test,weighted,0.372329980134964
92-4,92,4,5,0,0.053455193,nested_test,weighted,0.372329980134964
92-5,92,5,5,1,0.010212756,nested_test,weighted,0.372329980134964
92-6,92,6,5,0,0.14907089,nested_test,weighted,0.372329980134964
92-7,92,7,5,0,0.11982614,nested_test,weighted,0.372329980134964
92-8,92,8,5,1,0.08129821,nested_test,weighted,0.372329980134964
92-9,92,9,5,0,0.11997215,nested_test,weighted,0.372329980134964
92-10,92,10,5,0,0.009208822,nested_test,weighted,0.372329980134964
92-11,92,11,5,0,0.043848705,nested_test,weighted,0.372329980134964
92-12,92,12,5,0,0.15541893,nested_test,weighted,0.372329980134964
93-0,93,0,5,0,0.03884411,nested_test,weighted,0.372329980134964
93-1,93,1,5,0,0.11210242,nested_test,weighted,0.372329980134964
93-2,93,2,5,0,0.023536276,nested_test,weighted,0.372329980134964
93-3,93,3,5,0,0.11401905,nested_test,weighted,0.372329980134964
93-4,93,4,5,0,0.032024585,nested_test,weighted,0.372329980134964
93-5,93,5,5,0,0.010251427,nested_test,weighted,0.372329980134964
93-6,93,6,5,0,0.13098414,nested_test,weighted,0.372329980134964
93-7,93,7,5,0,0.101932175,nested_test,weighted,0.372329980134964
93-8,93,8,5,0,0.048199657,nested_test,weighted,0.372329980134964
93-9,93,9,5,0,0.11427025,nested_test,weighted,0.372329980134964
93-10,93,10,5,1,0.019047799,nested_test,weighted,0.372329980134964
93-11,93,11,5,0,0.027907709,nested_test,weighted,0.372329980134964
93-12,93,12,5,0,0.08381306,nested_test,weighted,0.372329980134964
94-0,94,0,1,0,0.13602011,nested_test,weighted,0.48635756969451904
94-1,94,1,1,0,0.14619479,nested_test,weighted,0.48635756969451904
94-2,94,2,1,1,0.50520694,nested_test,weighted,0.48635756969451904
94-3,94,3,1,0,0.100958034,nested_test,weighted,0.48635756969451904
94-4,94,4,1,0,0.02157684,nested_test,weighted,0.48635756969451904
94-5,94,5,1,0,0.04574252,nested_test,weighted,0.48635756969451904
94-6,94,6,1,0,0.044207677,nested_test,weighted,0.48635756969451904
94-7,94,7,1,0,0.06265244,nested_test,weighted,0.48635756969451904
94-8,94,8,1,1,0.28295022,nested_test,weighted,0.48635756969451904
94-9,94,9,1,0,0.11888865,nested_test,weighted,0.48635756969451904
94-10,94,10,1,0,0.029241614,nested_test,weighted,0.48635756969451904
94-11,94,11,1,0,0.0819792,nested_test,weighted,0.48635756969451904
94-12,94,12,1,0,0.056641873,nested_test,weighted,0.48635756969451904
95-0,95,0,2,1,0.17036738,nested_test,weighted,0.44923609495162964
95-1,95,1,2,0,0.22162493,nested_test,weighted,0.44923609495162964
95-2,95,2,2,0,0.30704498,nested_test,weighted,0.44923609495162964
95-3,95,3,2,1,0.39940944,nested_test,weighted,0.44923609495162964
95-4,95,4,2,0,0.052466903,nested_test,weighted,0.44923609495162964
95-5,95,5,2,1,0.22535197,nested_test,weighted,0.44923609495162964
95-6,95,6,2,1,0.054796927,nested_test,weighted,0.44923609495162964
95-7,95,7,2,0,0.10310629,nested_test,weighted,0.44923609495162964
95-8,95,8,2,1,0.5514384,nested_test,weighted,0.44923609495162964
95-9,95,9,2,1,0.39428505,nested_test,weighted,0.44923609495162964
95-10,95,10,2,1,0.060211856,nested_test,weighted,0.44923609495162964
95-11,95,11,2,1,0.062621355,nested_test,weighted,0.44923609495162964
95-12,95,12,2,0,0.13618006,nested_test,weighted,0.44923609495162964
96-0,96,0,4,1,0.032953892,nested_test,weighted,0.5368138551712036
96-1,96,1,4,1,0.06357252,nested_test,weighted,0.5368138551712036
96-2,96,2,4,1,0.20192046,nested_test,weighted,0.5368138551712036
96-3,96,3,4,1,0.1315178,nested_test,weighted,0.5368138551712036
96-4,96,4,4,1,0.020410985,nested_test,weighted,0.5368138551712036
96-5,96,5,4,1,0.025590802,nested_test,weighted,0.5368138551712036
96-6,96,6,4,1,0.05627322,nested_test,weighted,0.5368138551712036
96-7,96,7,4,1,0.03451975,nested_test,weighted,0.5368138551712036
96-8,96,8,4,1,0.09485431,nested_test,weighted,0.5368138551712036
96-9,96,9,4,1,0.13952471,nested_test,weighted,0.5368138551712036
96-10,96,10,4,1,0.030522188,nested_test,weighted,0.5368138551712036
96-11,96,11,4,1,0.0793631,nested_test,weighted,0.5368138551712036
96-12,96,12,4,0,0.41653723,nested_test,weighted,0.5368138551712036
97-0,97,0,4,0,0.11150767,nested_test,weighted,0.5368138551712036
97-1,97,1,4,0,0.25510252,nested_test,weighted,0.5368138551712036
97-2,97,2,4,0,0.52435076,nested_test,weighted,0.5368138551712036
97-3,97,3,4,0,0.38511935,nested_test,weighted,0.5368138551712036
97-4,97,4,4,0,0.10540318,nested_test,weighted,0.5368138551712036
97-5,97,5,4,0,0.11691862,nested_test,weighted,0.5368138551712036
97-6,97,6,4,0,0.19586927,nested_test,weighted,0.5368138551712036
97-7,97,7,4,0,0.1313975,nested_test,weighted,0.5368138551712036
97-8,97,8,4,0,0.32053035,nested_test,weighted,0.5368138551712036
97-9,97,9,4,1,0.4973597,nested_test,weighted,0.5368138551712036
97-10,97,10,4,1,0.05658123,nested_test,weighted,0.5368138551712036
97-11,97,11,4,0,0.28492993,nested_test,weighted,0.5368138551712036
97-12,97,12,4,0,0.22900207,nested_test,weighted,0.5368138551712036
98-0,98,0,1,0,0.26959875,nested_test,weighted,0.48635756969451904
98-1,98,1,1,1,0.49680582,nested_test,weighted,0.48635756969451904
98-2,98,2,1,0,0.13056056,nested_test,weighted,0.48635756969451904
98-3,98,3,1,0,0.14488673,nested_test,weighted,0.48635756969451904
98-4,98,4,1,0,0.040310558,nested_test,weighted,0.48635756969451904
98-5,98,5,1,0,0.07546477,nested_test,weighted,0.48635756969451904
98-6,98,6,1,0,0.06681875,nested_test,weighted,0.48635756969451904
98-7,98,7,1,0,0.11018051,nested_test,weighted,0.48635756969451904
98-8,98,8,1,0,0.07680501,nested_test,weighted,0.48635756969451904
98-9,98,9,1,0,0.2485626,nested_test,weighted,0.48635756969451904
98-10,98,10,1,0,0.045339614,nested_test,weighted,0.48635756969451904
98-11,98,11,1,0,0.122093916,nested_test,weighted,0.48635756969451904
98-12,98,12,1,1,0.23569877,nested_test,weighted,0.48635756969451904
99-0,99,0,1,0,0.34696594,nested_test,weighted,0.48635756969451904
99-1,99,1,1,0,0.4321677,nested_test,weighted,0.48635756969451904
99-2,99,2,1,0,0.24819918,nested_test,weighted,0.48635756969451904
99-3,99,3,1,0,0.2870164,nested_test,weighted,0.48635756969451904
99-4,99,4,1,0,0.09384163,nested_test,weighted,0.48635756969451904
99-5,99,5,1,1,0.1686982,nested_test,weighted,0.48635756969451904
99-6,99,6,1,0,0.1498232,nested_test,weighted,0.48635756969451904
99-7,99,7,1,0,0.2062812,nested_test,weighted,0.48635756969451904
99-8,99,8,1,0,0.12382955,nested_test,weighted,0.48635756969451904
99-9,99,9,1,0,0.38064384,nested_test,weighted,0.48635756969451904
99-10,99,10,1,0,0.06540055,nested_test,weighted,0.48635756969451904
99-11,99,11,1,0,0.24577403,nested_test,weighted,0.48635756969451904
99-12,99,12,1,0,0.20812632,nested_test,weighted,0.48635756969451904
100-0,100,0,3,0,0.12169316,nested_test,weighted,0.44559308886528015
100-1,100,1,3,0,0.13139516,nested_test,weighted,0.44559308886528015
100-2,100,2,3,0,0.038362738,nested_test,weighted,0.44559308886528015
100-3,100,3,3,1,0.5142698,nested_test,weighted,0.44559308886528015
100-4,100,4,3,1,0.13356072,nested_test,weighted,0.44559308886528015
100-5,100,5,3,0,0.17614383,nested_test,weighted,0.44559308886528015
100-6,100,6,3,1,0.061077695,nested_test,weighted,0.44559308886528015
100-7,100,7,3,0,0.090895556,nested_test,weighted,0.44559308886528015
100-8,100,8,3,1,0.06436827,nested_test,weighted,0.44559308886528015
100-9,100,9,3,0,0.17746371,nested_test,weighted,0.44559308886528015
100-10,100,10,3,0,0.05070276,nested_test,weighted,0.44559308886528015
100-11,100,11,3,1,0.09352009,nested_test,weighted,0.44559308886528015
100-12,100,12,3,1,0.22356632,nested_test,weighted,0.44559308886528015
101-0,101,0,4,0,0.065341786,nested_test,weighted,0.5368138551712036
101-1,101,1,4,0,0.088401206,nested_test,weighted,0.5368138551712036
101-2,101,2,4,0,0.26343325,nested_test,weighted,0.5368138551712036
101-3,101,3,4,0,0.14854598,nested_test,weighted,0.5368138551712036
101-4,101,4,4,0,0.02918063,nested_test,weighted,0.5368138551712036
101-5,101,5,4,0,0.040295355,nested_test,weighted,0.5368138551712036
101-6,101,6,4,0,0.07950723,nested_test,weighted,0.5368138551712036
101-7,101,7,4,0,0.075549476,nested_test,weighted,0.5368138551712036
101-8,101,8,4,0,0.12213659,nested_test,weighted,0.5368138551712036
101-9,101,9,4,0,0.19291091,nested_test,weighted,0.5368138551712036
101-10,101,10,4,0,0.041409675,nested_test,weighted,0.5368138551712036
101-11,101,11,4,0,0.10636185,nested_test,weighted,0.5368138551712036
101-12,101,12,4,0,0.10437353,nested_test,weighted,0.5368138551712036
102-0,102,0,4,0,0.036024988,nested_test,weighted,0.5368138551712036
102-1,102,1,4,0,0.07042883,nested_test,weighted,0.5368138551712036
102-2,102,2,4,1,0.70277184,nested_test,weighted,0.5368138551712036
102-3,102,3,4,1,0.5232032,nested_test,weighted,0.5368138551712036
102-4,102,4,4,1,0.19737133,nested_test,weighted,0.5368138551712036
102-5,102,5,4,0,0.03224116,nested_test,weighted,0.5368138551712036
102-6,102,6,4,0,0.060760047,nested_test,weighted,0.5368138551712036
102-7,102,7,4,0,0.05875477,nested_test,weighted,0.5368138551712036
102-8,102,8,4,1,0.4980996,nested_test,weighted,0.5368138551712036
102-9,102,9,4,0,0.17515983,nested_test,weighted,0.5368138551712036
102-10,102,10,4,1,0.09816009,nested_test,weighted,0.5368138551712036
102-11,102,11,4,1,0.44993487,nested_test,weighted,0.5368138551712036
102-12,102,12,4,0,0.08475948,nested_test,weighted,0.5368138551712036
103-0,103,0,1,0,0.34792295,nested_test,weighted,0.48635756969451904
103-1,103,1,1,0,0.33534852,nested_test,weighted,0.48635756969451904
103-2,103,2,1,1,0.39914033,nested_test,weighted,0.48635756969451904
103-3,103,3,1,0,0.27458948,nested_test,weighted,0.48635756969451904
103-4,103,4,1,0,0.0777041,nested_test,weighted,0.48635756969451904
103-5,103,5,1,1,0.25811657,nested_test,weighted,0.48635756969451904
103-6,103,6,1,0,0.1392982,nested_test,weighted,0.48635756969451904
103-7,103,7,1,0,0.1816562,nested_test,weighted,0.48635756969451904
103-8,103,8,1,0,0.13050506,nested_test,weighted,0.48635756969451904
103-9,103,9,1,0,0.34884375,nested_test,weighted,0.48635756969451904
103-10,103,10,1,1,0.075507544,nested_test,weighted,0.48635756969451904
103-11,103,11,1,1,0.38768038,nested_test,weighted,0.48635756969451904
103-12,103,12,1,0,0.20365079,nested_test,weighted,0.48635756969451904
104-0,104,0,4,0,0.069163136,nested_test,weighted,0.5368138551712036
104-1,104,1,4,0,0.16765629,nested_test,weighted,0.5368138551712036
104-2,104,2,4,0,0.38766554,nested_test,weighted,0.5368138551712036
104-3,104,3,4,0,0.17895675,nested_test,weighted,0.5368138551712036
104-4,104,4,4,1,0.06723781,nested_test,weighted,0.5368138551712036
104-5,104,5,4,0,0.04569846,nested_test,weighted,0.5368138551712036
104-6,104,6,4,0,0.1217364,nested_test,weighted,0.5368138551712036
104-7,104,7,4,0,0.16324067,nested_test,weighted,0.5368138551712036
104-8,104,8,4,0,0.24191724,nested_test,weighted,0.5368138551712036
104-9,104,9,4,0,0.26756397,nested_test,weighted,0.5368138551712036
104-10,104,10,4,0,0.034486003,nested_test,weighted,0.5368138551712036
104-11,104,11,4,1,0.17819792,nested_test,weighted,0.5368138551712036
104-12,104,12,4,0,0.13086738,nested_test,weighted,0.5368138551712036
105-0,105,0,5,0,0.017716257,nested_test,weighted,0.372329980134964
105-1,105,1,5,0,0.051798455,nested_test,weighted,0.372329980134964
105-2,105,2,5,0,0.010803019,nested_test,weighted,0.372329980134964
105-3,105,3,5,0,0.053057343,nested_test,weighted,0.372329980134964
105-4,105,4,5,0,0.014805064,nested_test,weighted,0.372329980134964
105-5,105,5,5,0,0.0043260437,nested_test,weighted,0.372329980134964
105-6,105,6,5,0,0.06506946,nested_test,weighted,0.372329980134964
105-7,105,7,5,0,0.049799424,nested_test,weighted,0.372329980134964
105-8,105,8,5,0,0.020838384,nested_test,weighted,0.372329980134964
105-9,105,9,5,0,0.05278842,nested_test,weighted,0.372329980134964
105-10,105,10,5,0,0.004154754,nested_test,weighted,0.372329980134964
105-11,105,11,5,0,0.01150463,nested_test,weighted,0.372329980134964
105-12,105,12,5,0,0.040310126,nested_test,weighted,0.372329980134964
106-0,106,0,3,0,0.16926727,nested_test,weighted,0.44559308886528015
106-1,106,1,3,0,0.17932622,nested_test,weighted,0.44559308886528015
106-2,106,2,3,0,0.06547341,nested_test,weighted,0.44559308886528015
106-3,106,3,3,0,0.5278992,nested_test,weighted,0.44559308886528015
106-4,106,4,3,0,0.06710762,nested_test,weighted,0.44559308886528015
106-5,106,5,3,0,0.24197021,nested_test,weighted,0.44559308886528015
106-6,106,6,3,0,0.04130498,nested_test,weighted,0.44559308886528015
106-7,106,7,3,0,0.15452605,nested_test,weighted,0.44559308886528015
106-8,106,8,3,0,0.06505387,nested_test,weighted,0.44559308886528015
106-9,106,9,3,0,0.28162348,nested_test,weighted,0.44559308886528015
106-10,106,10,3,0,0.04857959,nested_test,weighted,0.44559308886528015
106-11,106,11,3,0,0.08052987,nested_test,weighted,0.44559308886528015
106-12,106,12,3,0,0.22537003,nested_test,weighted,0.44559308886528015
107-0,107,0,3,0,0.19384225,nested_test,weighted,0.44559308886528015
107-1,107,1,3,0,0.18456444,nested_test,weighted,0.44559308886528015
107-2,107,2,3,0,0.03579524,nested_test,weighted,0.44559308886528015
107-3,107,3,3,0,0.37569657,nested_test,weighted,0.44559308886528015
107-4,107,4,3,0,0.06499232,nested_test,weighted,0.44559308886528015
107-5,107,5,3,0,0.19517846,nested_test,weighted,0.44559308886528015
107-6,107,6,3,0,0.04516574,nested_test,weighted,0.44559308886528015
107-7,107,7,3,0,0.1319267,nested_test,weighted,0.44559308886528015
107-8,107,8,3,0,0.047454264,nested_test,weighted,0.44559308886528015
107-9,107,9,3,0,0.17805685,nested_test,weighted,0.44559308886528015
107-10,107,10,3,0,0.042141724,nested_test,weighted,0.44559308886528015
107-11,107,11,3,0,0.07091369,nested_test,weighted,0.44559308886528015
107-12,107,12,3,0,0.17381853,nested_test,weighted,0.44559308886528015
108-0,108,0,4,0,0.07875972,nested_test,weighted,0.5368138551712036
108-1,108,1,4,0,0.24073565,nested_test,weighted,0.5368138551712036
108-2,108,2,4,0,0.46703395,nested_test,weighted,0.5368138551712036
108-3,108,3,4,0,0.19113751,nested_test,weighted,0.5368138551712036
108-4,108,4,4,0,0.060074236,nested_test,weighted,0.5368138551712036
108-5,108,5,4,0,0.069732495,nested_test,weighted,0.5368138551712036
108-6,108,6,4,0,0.13752079,nested_test,weighted,0.5368138551712036
108-7,108,7,4,0,0.12243884,nested_test,weighted,0.5368138551712036
108-8,108,8,4,0,0.30347475,nested_test,weighted,0.5368138551712036
108-9,108,9,4,0,0.24959,nested_test,weighted,0.5368138551712036
108-10,108,10,4,0,0.024719348,nested_test,weighted,0.5368138551712036
108-11,108,11,4,1,0.28492993,nested_test,weighted,0.5368138551712036
108-12,108,12,4,0,0.17067589,nested_test,weighted,0.5368138551712036
109-0,109,0,3,0,0.16793598,nested_test,weighted,0.44559308886528015
109-1,109,1,3,1,0.1522609,nested_test,weighted,0.44559308886528015
109-2,109,2,3,0,0.045738913,nested_test,weighted,0.44559308886528015
109-3,109,3,3,0,0.52050364,nested_test,weighted,0.44559308886528015
109-4,109,4,3,0,0.06651549,nested_test,weighted,0.44559308886528015
109-5,109,5,3,0,0.24023248,nested_test,weighted,0.44559308886528015
109-6,109,6,3,0,0.04093054,nested_test,weighted,0.44559308886528015
109-7,109,7,3,0,0.1532893,nested_test,weighted,0.44559308886528015
109-8,109,8,3,0,0.06313208,nested_test,weighted,0.44559308886528015
109-9,109,9,3,0,0.27970603,nested_test,weighted,0.44559308886528015
109-10,109,10,3,0,0.03257676,nested_test,weighted,0.44559308886528015
109-11,109,11,3,0,0.07982943,nested_test,weighted,0.44559308886528015
109-12,109,12,3,0,0.16197728,nested_test,weighted,0.44559308886528015
110-0,110,0,3,0,0.15032732,nested_test,weighted,0.44559308886528015
110-1,110,1,3,0,0.15989837,nested_test,weighted,0.44559308886528015
110-2,110,2,3,0,0.042170826,nested_test,weighted,0.44559308886528015
110-3,110,3,3,0,0.37811407,nested_test,weighted,0.44559308886528015
110-4,110,4,3,0,0.08070194,nested_test,weighted,0.44559308886528015
110-5,110,5,3,0,0.26487577,nested_test,weighted,0.44559308886528015
110-6,110,6,3,0,0.039426357,nested_test,weighted,0.44559308886528015
110-7,110,7,3,0,0.14492509,nested_test,weighted,0.44559308886528015
110-8,110,8,3,0,0.05732253,nested_test,weighted,0.44559308886528015
110-9,110,9,3,0,0.18134649,nested_test,weighted,0.44559308886528015
110-10,110,10,3,0,0.035005886,nested_test,weighted,0.44559308886528015
110-11,110,11,3,0,0.065637,nested_test,weighted,0.44559308886528015
110-12,110,12,3,0,0.19216469,nested_test,weighted,0.44559308886528015
111-0,111,0,1,0,0.3833497,nested_test,weighted,0.48635756969451904
111-1,111,1,1,0,0.4247425,nested_test,weighted,0.48635756969451904
111-2,111,2,1,0,0.2672002,nested_test,weighted,0.48635756969451904
111-3,111,3,1,0,0.2828989,nested_test,weighted,0.48635756969451904
111-4,111,4,1,0,0.11633534,nested_test,weighted,0.48635756969451904
111-5,111,5,1,0,0.16968831,nested_test,weighted,0.48635756969451904
111-6,111,6,1,0,0.124087766,nested_test,weighted,0.48635756969451904
111-7,111,7,1,0,0.17249712,nested_test,weighted,0.48635756969451904
111-8,111,8,1,0,0.15571769,nested_test,weighted,0.48635756969451904
111-9,111,9,1,0,0.4394566,nested_test,weighted,0.48635756969451904
111-10,111,10,1,0,0.052288495,nested_test,weighted,0.48635756969451904
111-11,111,11,1,0,0.3030619,nested_test,weighted,0.48635756969451904
111-12,111,12,1,1,0.13625985,nested_test,weighted,0.48635756969451904
112-0,112,0,2,0,0.14349948,nested_test,weighted,0.44923609495162964
112-1,112,1,2,0,0.30637494,nested_test,weighted,0.44923609495162964
112-2,112,2,2,0,0.41256914,nested_test,weighted,0.44923609495162964
112-3,112,3,2,0,0.42922595,nested_test,weighted,0.44923609495162964
112-4,112,4,2,0,0.077244855,nested_test,weighted,0.44923609495162964
112-5,112,5,2,0,0.16371952,nested_test,weighted,0.44923609495162964
112-6,112,6,2,0,0.071286626,nested_test,weighted,0.44923609495162964
112-7,112,7,2,0,0.09361679,nested_test,weighted,0.44923609495162964
112-8,112,8,2,1,0.6129626,nested_test,weighted,0.44923609495162964
112-9,112,9,2,0,0.41467273,nested_test,weighted,0.44923609495162964
112-10,112,10,2,1,0.06567046,nested_test,weighted,0.44923609495162964
112-11,112,11,2,0,0.06980025,nested_test,weighted,0.44923609495162964
112-12,112,12,2,0,0.19378003,nested_test,weighted,0.44923609495162964
113-0,113,0,5,0,0.020461597,nested_test,weighted,0.372329980134964
113-1,113,1,5,0,0.05782668,nested_test,weighted,0.372329980134964
113-2,113,2,5,0,0.012008442,nested_test,weighted,0.372329980134964
113-3,113,3,5,0,0.060939495,nested_test,weighted,0.372329980134964
113-4,113,4,5,0,0.017107153,nested_test,weighted,0.372329980134964
113-5,113,5,5,0,0.0050069955,nested_test,weighted,0.372329980134964
113-6,113,6,5,0,0.08183747,nested_test,weighted,0.372329980134964
113-7,113,7,5,0,0.049475443,nested_test,weighted,0.372329980134964
113-8,113,8,5,0,0.023352243,nested_test,weighted,0.372329980134964
113-9,113,9,5,0,0.056187436,nested_test,weighted,0.372329980134964
113-10,113,10,5,1,0.042671386,nested_test,weighted,0.372329980134964
113-11,113,11,5,0,0.013529475,nested_test,weighted,0.372329980134964
113-12,113,12,5,0,0.044550978,nested_test,weighted,0.372329980134964
114-0,114,0,2,0,0.14079654,nested_test,weighted,0.44923609495162964
114-1,114,1,2,0,0.33052188,nested_test,weighted,0.44923609495162964
114-2,114,2,2,0,0.4670121,nested_test,weighted,0.44923609495162964
114-3,114,3,2,0,0.3566707,nested_test,weighted,0.44923609495162964
114-4,114,4,2,0,0.09420886,nested_test,weighted,0.44923609495162964
114-5,114,5,2,0,0.17234786,nested_test,weighted,0.44923609495162964
114-6,114,6,2,0,0.04758101,nested_test,weighted,0.44923609495162964
114-7,114,7,2,0,0.09877424,nested_test,weighted,0.44923609495162964
114-8,114,8,2,1,0.39090365,nested_test,weighted,0.44923609495162964
114-9,114,9,2,0,0.4720941,nested_test,weighted,0.44923609495162964
114-10,114,10,2,0,0.05368664,nested_test,weighted,0.44923609495162964
114-11,114,11,2,0,0.05585053,nested_test,weighted,0.44923609495162964
114-12,114,12,2,0,0.18343173,nested_test,weighted,0.44923609495162964
115-0,115,0,3,0,0.1548069,nested_test,weighted,0.44559308886528015
115-1,115,1,3,0,0.1659948,nested_test,weighted,0.44559308886528015
115-2,115,2,3,0,0.04244073,nested_test,weighted,0.44559308886528015
115-3,115,3,3,0,0.39850643,nested_test,weighted,0.44559308886528015
115-4,115,4,3,0,0.05447606,nested_test,weighted,0.44559308886528015
115-5,115,5,3,0,0.15193523,nested_test,weighted,0.44559308886528015
115-6,115,6,3,0,0.039851382,nested_test,weighted,0.44559308886528015
115-7,115,7,3,0,0.106301226,nested_test,weighted,0.44559308886528015
115-8,115,8,3,0,0.059700616,nested_test,weighted,0.44559308886528015
115-9,115,9,3,0,0.1444988,nested_test,weighted,0.44559308886528015
115-10,115,10,3,0,0.04462926,nested_test,weighted,0.44559308886528015
115-11,115,11,3,0,0.07053391,nested_test,weighted,0.44559308886528015
115-12,115,12,3,0,0.16060323,nested_test,weighted,0.44559308886528015
116-0,116,0,1,1,0.5695971,nested_test,weighted,0.48635756969451904
116-1,116,1,1,1,0.6171364,nested_test,weighted,0.48635756969451904
116-2,116,2,1,1,0.43634814,nested_test,weighted,0.48635756969451904
116-3,116,3,1,0,0.20268047,nested_test,weighted,0.48635756969451904
116-4,116,4,1,0,0.0747524,nested_test,weighted,0.48635756969451904
116-5,116,5,1,0,0.10266164,nested_test,weighted,0.48635756969451904
116-6,116,6,1,1,0.23399018,nested_test,weighted,0.48635756969451904
116-7,116,7,1,0,0.123812065,nested_test,weighted,0.48635756969451904
116-8,116,8,1,1,0.2218232,nested_test,weighted,0.48635756969451904
116-9,116,9,1,0,0.30665573,nested_test,weighted,0.48635756969451904
116-10,116,10,1,1,0.08641374,nested_test,weighted,0.48635756969451904
116-11,116,11,1,0,0.15110914,nested_test,weighted,0.48635756969451904
116-12,116,12,1,1,0.33531702,nested_test,weighted,0.48635756969451904
117-0,117,0,2,0,0.051511563,nested_test,weighted,0.44923609495162964
117-1,117,1,2,0,0.1162103,nested_test,weighted,0.44923609495162964
117-2,117,2,2,0,0.16226737,nested_test,weighted,0.44923609495162964
117-3,117,3,2,0,0.11315271,nested_test,weighted,0.44923609495162964
117-4,117,4,2,0,0.029993922,nested_test,weighted,0.44923609495162964
117-5,117,5,2,0,0.03837891,nested_test,weighted,0.44923609495162964
117-6,117,6,2,0,0.021875262,nested_test,weighted,0.44923609495162964
117-7,117,7,2,0,0.034937434,nested_test,weighted,0.44923609495162964
117-8,117,8,2,0,0.15655816,nested_test,weighted,0.44923609495162964
117-9,117,9,2,0,0.14012143,nested_test,weighted,0.44923609495162964
117-10,117,10,2,0,0.01350316,nested_test,weighted,0.44923609495162964
117-11,117,11,2,0,0.01661233,nested_test,weighted,0.44923609495162964
117-12,117,12,2,0,0.049193658,nested_test,weighted,0.44923609495162964
118-0,118,0,4,0,0.02941616,nested_test,weighted,0.5368138551712036
118-1,118,1,4,0,0.050083544,nested_test,weighted,0.5368138551712036
118-2,118,2,4,0,0.16279648,nested_test,weighted,0.5368138551712036
118-3,118,3,4,1,0.61796695,nested_test,weighted,0.5368138551712036
118-4,118,4,4,0,0.01768654,nested_test,weighted,0.5368138551712036
118-5,118,5,4,0,0.019988855,nested_test,weighted,0.5368138551712036
118-6,118,6,4,0,0.045959882,nested_test,weighted,0.5368138551712036
118-7,118,7,4,0,0.044980206,nested_test,weighted,0.5368138551712036
118-8,118,8,4,1,0.5845376,nested_test,weighted,0.5368138551712036
118-9,118,9,4,0,0.087179475,nested_test,weighted,0.5368138551712036
118-10,118,10,4,0,0.02103013,nested_test,weighted,0.5368138551712036
118-11,118,11,4,0,0.061491836,nested_test,weighted,0.5368138551712036
118-12,118,12,4,0,0.04954799,nested_test,weighted,0.5368138551712036
119-0,119,0,1,0,0.44540045,nested_test,weighted,0.48635756969451904
119-1,119,1,1,0,0.48393953,nested_test,weighted,0.48635756969451904
119-2,119,2,1,0,0.2679364,nested_test,weighted,0.48635756969451904
119-3,119,3,1,0,0.33379814,nested_test,weighted,0.48635756969451904
119-4,119,4,1,0,0.14325303,nested_test,weighted,0.48635756969451904
119-5,119,5,1,0,0.20607188,nested_test,weighted,0.48635756969451904
119-6,119,6,1,0,0.15136464,nested_test,weighted,0.48635756969451904
119-7,119,7,1,0,0.21216069,nested_test,weighted,0.48635756969451904
119-8,119,8,1,0,0.14314081,nested_test,weighted,0.48635756969451904
119-9,119,9,1,0,0.5719245,nested_test,weighted,0.48635756969451904
119-10,119,10,1,0,0.04629368,nested_test,weighted,0.48635756969451904
119-11,119,11,1,0,0.3293495,nested_test,weighted,0.48635756969451904
119-12,119,12,1,0,0.25114623,nested_test,weighted,0.48635756969451904
120-0,120,0,3,0,0.07333445,nested_test,weighted,0.44559308886528015
120-1,120,1,3,1,0.2499054,nested_test,weighted,0.44559308886528015
120-2,120,2,3,1,0.058035713,nested_test,weighted,0.44559308886528015
120-3,120,3,3,0,0.24508397,nested_test,weighted,0.44559308886528015
120-4,120,4,3,1,0.1195626,nested_test,weighted,0.44559308886528015
120-5,120,5,3,0,0.09676681,nested_test,weighted,0.44559308886528015
120-6,120,6,3,0,0.017439658,nested_test,weighted,0.44559308886528015
120-7,120,7,3,0,0.05546252,nested_test,weighted,0.44559308886528015
120-8,120,8,3,0,0.019509226,nested_test,weighted,0.44559308886528015
120-9,120,9,3,0,0.09357362,nested_test,weighted,0.44559308886528015
120-10,120,10,3,0,0.031313784,nested_test,weighted,0.44559308886528015
120-11,120,11,3,0,0.021227485,nested_test,weighted,0.44559308886528015
120-12,120,12,3,0,0.073837,nested_test,weighted,0.44559308886528015
121-0,121,0,2,0,0.08425145,nested_test,weighted,0.44923609495162964
121-1,121,1,2,0,0.17013597,nested_test,weighted,0.44923609495162964
121-2,121,2,2,0,0.23657899,nested_test,weighted,0.44923609495162964
121-3,121,3,2,0,0.249144,nested_test,weighted,0.44923609495162964
121-4,121,4,2,0,0.053056136,nested_test,weighted,0.44923609495162964
121-5,121,5,2,0,0.070060626,nested_test,weighted,0.44923609495162964
121-6,121,6,2,0,0.038457878,nested_test,weighted,0.44923609495162964
121-7,121,7,2,0,0.06740843,nested_test,weighted,0.44923609495162964
121-8,121,8,2,0,0.2498615,nested_test,weighted,0.44923609495162964
121-9,121,9,2,0,0.27582806,nested_test,weighted,0.44923609495162964
121-10,121,10,2,0,0.023388349,nested_test,weighted,0.44923609495162964
121-11,121,11,2,0,0.029485255,nested_test,weighted,0.44923609495162964
121-12,121,12,2,0,0.088977,nested_test,weighted,0.44923609495162964
122-0,122,0,5,0,0.027681459,nested_test,weighted,0.372329980134964
122-1,122,1,5,0,0.08757596,nested_test,weighted,0.372329980134964
122-2,122,2,5,0,0.015886296,nested_test,weighted,0.372329980134964
122-3,122,3,5,0,0.070718795,nested_test,weighted,0.372329980134964
122-4,122,4,5,0,0.028087081,nested_test,weighted,0.372329980134964
122-5,122,5,5,0,0.007514499,nested_test,weighted,0.372329980134964
122-6,122,6,5,0,0.094801776,nested_test,weighted,0.372329980134964
122-7,122,7,5,0,0.07309992,nested_test,weighted,0.372329980134964
122-8,122,8,5,0,0.038439542,nested_test,weighted,0.372329980134964
122-9,122,9,5,0,0.0891854,nested_test,weighted,0.372329980134964
122-10,122,10,5,0,0.006861158,nested_test,weighted,0.372329980134964
122-11,122,11,5,0,0.018769061,nested_test,weighted,0.372329980134964
122-12,122,12,5,0,0.08417535,nested_test,weighted,0.372329980134964
123-0,123,0,5,0,0.25695083,nested_test,weighted,0.372329980134964
123-1,123,1,5,0,0.61553997,nested_test,weighted,0.372329980134964
123-2,123,2,5,0,0.2284497,nested_test,weighted,0.372329980134964
123-3,123,3,5,0,0.49714655,nested_test,weighted,0.372329980134964
123-4,123,4,5,0,0.31323868,nested_test,weighted,0.372329980134964
123-5,123,5,5,0,0.03268734,nested_test,weighted,0.372329980134964
123-6,123,6,5,0,0.69562095,nested_test,weighted,0.372329980134964
123-7,123,7,5,0,0.6314301,nested_test,weighted,0.372329980134964
123-8,123,8,5,0,0.40879112,nested_test,weighted,0.372329980134964
123-9,123,9,5,0,0.6206383,nested_test,weighted,0.372329980134964
123-10,123,10,5,0,0.022879215,nested_test,weighted,0.372329980134964
123-11,123,11,5,0,0.2661963,nested_test,weighted,0.372329980134964
123-12,123,12,5,0,0.50023687,nested_test,weighted,0.372329980134964
124-0,124,0,3,0,0.20861886,nested_test,weighted,0.44559308886528015
124-1,124,1,3,0,0.14753023,nested_test,weighted,0.44559308886528015
124-2,124,2,3,0,0.04515189,nested_test,weighted,0.44559308886528015
124-3,124,3,3,0,0.35544142,nested_test,weighted,0.44559308886528015
124-4,124,4,3,0,0.051618706,nested_test,weighted,0.44559308886528015
124-5,124,5,3,0,0.22113211,nested_test,weighted,0.44559308886528015
124-6,124,6,3,0,0.045524325,nested_test,weighted,0.44559308886528015
124-7,124,7,3,0,0.13293697,nested_test,weighted,0.44559308886528015
124-8,124,8,3,0,0.042265616,nested_test,weighted,0.44559308886528015
124-9,124,9,3,0,0.26848122,nested_test,weighted,0.44559308886528015
124-10,124,10,3,0,0.038282253,nested_test,weighted,0.44559308886528015
124-11,124,11,3,0,0.059079237,nested_test,weighted,0.44559308886528015
124-12,124,12,3,0,0.17682417,nested_test,weighted,0.44559308886528015
125-0,125,0,5,1,0.14775564,nested_test,weighted,0.372329980134964
125-1,125,1,5,1,0.4489117,nested_test,weighted,0.372329980134964
125-2,125,2,5,1,0.113894105,nested_test,weighted,0.372329980134964
125-3,125,3,5,1,0.29839432,nested_test,weighted,0.372329980134964
125-4,125,4,5,1,0.2116173,nested_test,weighted,0.372329980134964
125-5,125,5,5,1,0.014970454,nested_test,weighted,0.372329980134964
125-6,125,6,5,0,0.114338554,nested_test,weighted,0.372329980134964
125-7,125,7,5,1,0.37331164,nested_test,weighted,0.372329980134964
125-8,125,8,5,1,0.1952205,nested_test,weighted,0.372329980134964
125-9,125,9,5,1,0.375697,nested_test,weighted,0.372329980134964
125-10,125,10,5,0,0.009294444,nested_test,weighted,0.372329980134964
125-11,125,11,5,1,0.124438554,nested_test,weighted,0.372329980134964
125-12,125,12,5,1,0.36708486,nested_test,weighted,0.372329980134964
126-0,126,0,1,0,0.42146942,nested_test,weighted,0.48635756969451904
126-1,126,1,1,0,0.4361603,nested_test,weighted,0.48635756969451904
126-2,126,2,1,0,0.27622494,nested_test,weighted,0.48635756969451904
126-3,126,3,1,0,0.24639048,nested_test,weighted,0.48635756969451904
126-4,126,4,1,0,0.10874238,nested_test,weighted,0.48635756969451904
126-5,126,5,1,0,0.18482909,nested_test,weighted,0.48635756969451904
126-6,126,6,1,0,0.13237253,nested_test,weighted,0.48635756969451904
126-7,126,7,1,0,0.24766524,nested_test,weighted,0.48635756969451904
126-8,126,8,1,0,0.12769951,nested_test,weighted,0.48635756969451904
126-9,126,9,1,0,0.38441953,nested_test,weighted,0.48635756969451904
126-10,126,10,1,0,0.044272203,nested_test,weighted,0.48635756969451904
126-11,126,11,1,0,0.3026949,nested_test,weighted,0.48635756969451904
126-12,126,12,1,0,0.1838124,nested_test,weighted,0.48635756969451904
127-0,127,0,2,0,0.23134728,nested_test,weighted,0.44923609495162964
127-1,127,1,2,0,0.35085166,nested_test,weighted,0.44923609495162964
127-2,127,2,2,0,0.47727358,nested_test,weighted,0.44923609495162964
127-3,127,3,2,0,0.40889984,nested_test,weighted,0.44923609495162964
127-4,127,4,2,0,0.15651056,nested_test,weighted,0.44923609495162964
127-5,127,5,2,0,0.1869447,nested_test,weighted,0.44923609495162964
127-6,127,6,2,0,0.051759392,nested_test,weighted,0.44923609495162964
127-7,127,7,2,0,0.17674954,nested_test,weighted,0.44923609495162964
127-8,127,8,2,1,0.28375673,nested_test,weighted,0.44923609495162964
127-9,127,9,2,0,0.49706247,nested_test,weighted,0.44923609495162964
127-10,127,10,2,0,0.040448558,nested_test,weighted,0.44923609495162964
127-11,127,11,2,1,0.030720444,nested_test,weighted,0.44923609495162964
127-12,127,12,2,0,0.20432056,nested_test,weighted,0.44923609495162964
128-0,128,0,5,0,0.08504215,nested_test,weighted,0.372329980134964
128-1,128,1,5,0,0.30396518,nested_test,weighted,0.372329980134964
128-2,128,2,5,0,0.04797594,nested_test,weighted,0.372329980134964
128-3,128,3,5,0,0.24283408,nested_test,weighted,0.372329980134964
128-4,128,4,5,0,0.09223054,nested_test,weighted,0.372329980134964
128-5,128,5,5,0,0.008081921,nested_test,weighted,0.372329980134964
128-6,128,6,5,0,0.29505536,nested_test,weighted,0.372329980134964
128-7,128,7,5,0,0.16648068,nested_test,weighted,0.372329980134964
128-8,128,8,5,0,0.11506567,nested_test,weighted,0.372329980134964
128-9,128,9,5,0,0.24041317,nested_test,weighted,0.372329980134964
128-10,128,10,5,0,0.0070950543,nested_test,weighted,0.372329980134964
128-11,128,11,5,0,0.070799544,nested_test,weighted,0.372329980134964
128-12,128,12,5,0,0.18301491,nested_test,weighted,0.372329980134964
129-0,129,0,2,0,0.01610002,nested_test,weighted,0.44923609495162964
129-1,129,1,2,1,0.67843854,nested_test,weighted,0.44923609495162964
129-2,129,2,2,0,0.039178044,nested_test,weighted,0.44923609495162964
129-3,129,3,2,0,0.041606884,nested_test,weighted,0.44923609495162964
129-4,129,4,2,0,0.0071794954,nested_test,weighted,0.44923609495162964
129-5,129,5,2,0,0.0071429485,nested_test,weighted,0.44923609495162964
129-6,129,6,2,0,0.0069300155,nested_test,weighted,0.44923609495162964
129-7,129,7,2,0,0.007881101,nested_test,weighted,0.44923609495162964
129-8,129,8,2,0,0.046063732,nested_test,weighted,0.44923609495162964
129-9,129,9,2,0,0.04835125,nested_test,weighted,0.44923609495162964
129-10,129,10,2,0,0.004434868,nested_test,weighted,0.44923609495162964
129-11,129,11,2,0,0.0046233153,nested_test,weighted,0.44923609495162964
129-12,129,12,2,0,0.011950165,nested_test,weighted,0.44923609495162964
130-0,130,0,5,0,0.033145074,nested_test,weighted,0.372329980134964
130-1,130,1,5,0,0.09804175,nested_test,weighted,0.372329980134964
130-2,130,2,5,0,0.016055409,nested_test,weighted,0.372329980134964
130-3,130,3,5,0,0.082971506,nested_test,weighted,0.372329980134964
130-4,130,4,5,0,0.034777954,nested_test,weighted,0.372329980134964
130-5,130,5,5,0,0.009351759,nested_test,weighted,0.372329980134964
130-6,130,6,5,0,0.13251634,nested_test,weighted,0.372329980134964
130-7,130,7,5,0,0.10316492,nested_test,weighted,0.372329980134964
130-8,130,8,5,0,0.047803763,nested_test,weighted,0.372329980134964
130-9,130,9,5,0,0.09996829,nested_test,weighted,0.372329980134964
130-10,130,10,5,0,0.011964068,nested_test,weighted,0.372329980134964
130-11,130,11,5,0,0.02128991,nested_test,weighted,0.372329980134964
130-12,130,12,5,0,0.1033245,nested_test,weighted,0.372329980134964
131-0,131,0,4,1,0.11242091,nested_test,weighted,0.5368138551712036
131-1,131,1,4,1,0.2237376,nested_test,weighted,0.5368138551712036
131-2,131,2,4,1,0.43520534,nested_test,weighted,0.5368138551712036
131-3,131,3,4,1,0.26282373,nested_test,weighted,0.5368138551712036
131-4,131,4,4,1,0.090214655,nested_test,weighted,0.5368138551712036
131-5,131,5,4,1,0.10025686,nested_test,weighted,0.5368138551712036
131-6,131,6,4,0,0.12717897,nested_test,weighted,0.5368138551712036
131-7,131,7,4,1,0.19944066,nested_test,weighted,0.5368138551712036
131-8,131,8,4,1,0.3016131,nested_test,weighted,0.5368138551712036
131-9,131,9,4,1,0.3348207,nested_test,weighted,0.5368138551712036
131-10,131,10,4,1,0.052505326,nested_test,weighted,0.5368138551712036
131-11,131,11,4,1,0.24250957,nested_test,weighted,0.5368138551712036
131-12,131,12,4,1,0.19181031,nested_test,weighted,0.5368138551712036
132-0,132,0,3,0,0.11440833,nested_test,weighted,0.44559308886528015
132-1,132,1,3,0,0.10273482,nested_test,weighted,0.44559308886528015
132-2,132,2,3,0,0.03494275,nested_test,weighted,0.44559308886528015
132-3,132,3,3,0,0.35838252,nested_test,weighted,0.44559308886528015
132-4,132,4,3,1,0.09643745,nested_test,weighted,0.44559308886528015
132-5,132,5,3,0,0.11527529,nested_test,weighted,0.44559308886528015
132-6,132,6,3,1,0.042110536,nested_test,weighted,0.44559308886528015
132-7,132,7,3,1,0.15452605,nested_test,weighted,0.44559308886528015
132-8,132,8,3,0,0.030403193,nested_test,weighted,0.44559308886528015
132-9,132,9,3,0,0.16576041,nested_test,weighted,0.44559308886528015
132-10,132,10,3,0,0.04547778,nested_test,weighted,0.44559308886528015
132-11,132,11,3,0,0.03461711,nested_test,weighted,0.44559308886528015
132-12,132,12,3,1,0.22537003,nested_test,weighted,0.44559308886528015
133-0,133,0,2,0,0.11212227,nested_test,weighted,0.44923609495162964
133-1,133,1,2,0,0.2825449,nested_test,weighted,0.44923609495162964
133-2,133,2,2,0,0.23841865,nested_test,weighted,0.44923609495162964
133-3,133,3,2,0,0.2538353,nested_test,weighted,0.44923609495162964
133-4,133,4,2,0,0.06762338,nested_test,weighted,0.44923609495162964
133-5,133,5,2,0,0.14349474,nested_test,weighted,0.44923609495162964
133-6,133,6,2,0,0.040333413,nested_test,weighted,0.44923609495162964
133-7,133,7,2,0,0.075891584,nested_test,weighted,0.44923609495162964
133-8,133,8,2,0,0.465059,nested_test,weighted,0.44923609495162964
133-9,133,9,2,0,0.25957382,nested_test,weighted,0.44923609495162964
133-10,133,10,2,0,0.030631943,nested_test,weighted,0.44923609495162964
133-11,133,11,2,0,0.04590553,nested_test,weighted,0.44923609495162964
133-12,133,12,2,0,0.15271086,nested_test,weighted,0.44923609495162964
134-0,134,0,5,0,0.03762464,nested_test,weighted,0.372329980134964
134-1,134,1,5,0,0.19945207,nested_test,weighted,0.372329980134964
134-2,134,2,5,0,0.024214126,nested_test,weighted,0.372329980134964
134-3,134,3,5,0,0.110711366,nested_test,weighted,0.372329980134964
134-4,134,4,5,0,0.03788806,nested_test,weighted,0.372329980134964
134-5,134,5,5,0,0.0102809435,nested_test,weighted,0.372329980134964
134-6,134,6,5,0,0.122966364,nested_test,weighted,0.372329980134964
134-7,134,7,5,0,0.06474288,nested_test,weighted,0.372329980134964
134-8,134,8,5,0,0.054335296,nested_test,weighted,0.372329980134964
134-9,134,9,5,0,0.14036275,nested_test,weighted,0.372329980134964
134-10,134,10,5,0,0.009269353,nested_test,weighted,0.372329980134964
134-11,134,11,5,0,0.04212877,nested_test,weighted,0.372329980134964
134-12,134,12,5,0,0.07894066,nested_test,weighted,0.372329980134964
135-0,135,0,1,0,0.109036036,nested_test,weighted,0.48635756969451904
135-1,135,1,1,0,0.10054429,nested_test,weighted,0.48635756969451904
135-2,135,2,1,0,0.051983833,nested_test,weighted,0.48635756969451904
135-3,135,3,1,0,0.06467226,nested_test,weighted,0.48635756969451904
135-4,135,4,1,0,0.017114682,nested_test,weighted,0.48635756969451904
135-5,135,5,1,0,0.029821087,nested_test,weighted,0.48635756969451904
135-6,135,6,1,0,0.030002827,nested_test,weighted,0.48635756969451904
135-7,135,7,1,0,0.05077301,nested_test,weighted,0.48635756969451904
135-8,135,8,1,0,0.027604412,nested_test,weighted,0.48635756969451904
135-9,135,9,1,0,0.10609884,nested_test,weighted,0.48635756969451904
135-10,135,10,1,0,0.022010623,nested_test,weighted,0.48635756969451904
135-11,135,11,1,0,0.051085312,nested_test,weighted,0.48635756969451904
135-12,135,12,1,0,0.043410357,nested_test,weighted,0.48635756969451904
136-0,136,0,4,0,0.02941616,nested_test,weighted,0.5368138551712036
136-1,136,1,4,0,0.050083544,nested_test,weighted,0.5368138551712036
136-2,136,2,4,0,0.14494948,nested_test,weighted,0.5368138551712036
136-3,136,3,4,0,0.090151,nested_test,weighted,0.5368138551712036
136-4,136,4,4,0,0.01768654,nested_test,weighted,0.5368138551712036
136-5,136,5,4,0,0.017546648,nested_test,weighted,0.5368138551712036
136-6,136,6,4,1,0.40080157,nested_test,weighted,0.5368138551712036
136-7,136,7,4,0,0.041095182,nested_test,weighted,0.5368138551712036
136-8,136,8,4,0,0.077122025,nested_test,weighted,0.5368138551712036
136-9,136,9,4,0,0.09230117,nested_test,weighted,0.5368138551712036
136-10,136,10,4,0,0.02448938,nested_test,weighted,0.5368138551712036
136-11,136,11,4,0,0.061491836,nested_test,weighted,0.5368138551712036
136-12,136,12,4,0,0.062420126,nested_test,weighted,0.5368138551712036
137-0,137,0,4,1,0.10868569,nested_test,weighted,0.5368138551712036
137-1,137,1,4,0,0.18880595,nested_test,weighted,0.5368138551712036
137-2,137,2,4,0,0.46988592,nested_test,weighted,0.5368138551712036
137-3,137,3,4,0,0.243936,nested_test,weighted,0.5368138551712036
137-4,137,4,4,0,0.056758072,nested_test,weighted,0.5368138551712036
137-5,137,5,4,1,0.09039922,nested_test,weighted,0.5368138551712036
137-6,137,6,4,0,0.14355716,nested_test,weighted,0.5368138551712036
137-7,137,7,4,0,0.18122272,nested_test,weighted,0.5368138551712036
137-8,137,8,4,0,0.24848802,nested_test,weighted,0.5368138551712036
137-9,137,9,4,1,0.44817945,nested_test,weighted,0.5368138551712036
137-10,137,10,4,0,0.046892226,nested_test,weighted,0.5368138551712036
137-11,137,11,4,0,0.21234329,nested_test,weighted,0.5368138551712036
137-12,137,12,4,1,0.18599007,nested_test,weighted,0.5368138551712036
138-0,138,0,5,1,0.20792517,nested_test,weighted,0.372329980134964
138-1,138,1,5,0,0.09804175,nested_test,weighted,0.372329980134964
138-2,138,2,5,0,0.017522719,nested_test,weighted,0.372329980134964
138-3,138,3,5,0,0.082971506,nested_test,weighted,0.372329980134964
138-4,138,4,5,0,0.030414693,nested_test,weighted,0.372329980134964
138-5,138,5,5,0,0.009351759,nested_test,weighted,0.372329980134964
138-6,138,6,5,0,0.13251634,nested_test,weighted,0.372329980134964
138-7,138,7,5,0,0.10316492,nested_test,weighted,0.372329980134964
138-8,138,8,5,0,0.047803763,nested_test,weighted,0.372329980134964
138-9,138,9,5,0,0.13825408,nested_test,weighted,0.372329980134964
138-10,138,10,5,0,0.011325356,nested_test,weighted,0.372329980134964
138-11,138,11,5,0,0.02128991,nested_test,weighted,0.372329980134964
138-12,138,12,5,1,0.4557678,nested_test,weighted,0.372329980134964
139-0,139,0,5,0,0.020461597,nested_test,weighted,0.372329980134964
139-1,139,1,5,0,0.05782668,nested_test,weighted,0.372329980134964
139-2,139,2,5,0,0.013529475,nested_test,weighted,0.372329980134964
139-3,139,3,5,0,0.060939495,nested_test,weighted,0.372329980134964
139-4,139,4,5,0,0.017107153,nested_test,weighted,0.372329980134964
139-5,139,5,5,0,0.0050985944,nested_test,weighted,0.372329980134964
139-6,139,6,5,0,0.07252402,nested_test,weighted,0.372329980134964
139-7,139,7,5,0,0.055608634,nested_test,weighted,0.372329980134964
139-8,139,8,5,0,0.023048138,nested_test,weighted,0.372329980134964
139-9,139,9,5,0,0.056187436,nested_test,weighted,0.372329980134964
139-10,139,10,5,0,0.005468582,nested_test,weighted,0.372329980134964
139-11,139,11,5,0,0.013529475,nested_test,weighted,0.372329980134964
139-12,139,12,5,0,0.043382663,nested_test,weighted,0.372329980134964
140-0,140,0,4,0,0.02941616,nested_test,weighted,0.5368138551712036
140-1,140,1,4,0,0.050083544,nested_test,weighted,0.5368138551712036
140-2,140,2,4,0,0.1801761,nested_test,weighted,0.5368138551712036
140-3,140,3,4,0,0.10523231,nested_test,weighted,0.5368138551712036
140-4,140,4,4,0,0.015789503,nested_test,weighted,0.5368138551712036
140-5,140,5,4,0,0.019988855,nested_test,weighted,0.5368138551712036
140-6,140,6,4,1,0.40080157,nested_test,weighted,0.5368138551712036
140-7,140,7,4,0,0.044980206,nested_test,weighted,0.5368138551712036
140-8,140,8,4,0,0.077122025,nested_test,weighted,0.5368138551712036
140-9,140,9,4,0,0.11855915,nested_test,weighted,0.5368138551712036
140-10,140,10,4,0,0.02448938,nested_test,weighted,0.5368138551712036
140-11,140,11,4,0,0.061491836,nested_test,weighted,0.5368138551712036
140-12,140,12,4,1,0.48259372,nested_test,weighted,0.5368138551712036
141-0,141,0,1,0,0.29952714,nested_test,weighted,0.48635756969451904
141-1,141,1,1,0,0.30788562,nested_test,weighted,0.48635756969451904
141-2,141,2,1,0,0.19264525,nested_test,weighted,0.48635756969451904
141-3,141,3,1,0,0.1920777,nested_test,weighted,0.48635756969451904
141-4,141,4,1,0,0.05818404,nested_test,weighted,0.48635756969451904
141-5,141,5,1,1,0.2523085,nested_test,weighted,0.48635756969451904
141-6,141,6,1,0,0.09860622,nested_test,weighted,0.48635756969451904
141-7,141,7,1,0,0.16368014,nested_test,weighted,0.48635756969451904
141-8,141,8,1,0,0.11686786,nested_test,weighted,0.48635756969451904
141-9,141,9,1,0,0.3208091,nested_test,weighted,0.48635756969451904
141-10,141,10,1,0,0.04854797,nested_test,weighted,0.48635756969451904
141-11,141,11,1,0,0.1914638,nested_test,weighted,0.48635756969451904
141-12,141,12,1,0,0.14211535,nested_test,weighted,0.48635756969451904
142-0,142,0,1,0,0.27987808,nested_test,weighted,0.48635756969451904
142-1,142,1,1,0,0.32659706,nested_test,weighted,0.48635756969451904
142-2,142,2,1,0,0.17268369,nested_test,weighted,0.48635756969451904
142-3,142,3,1,0,0.17038906,nested_test,weighted,0.48635756969451904
142-4,142,4,1,0,0.05307141,nested_test,weighted,0.48635756969451904
142-5,142,5,1,0,0.093155704,nested_test,weighted,0.48635756969451904
142-6,142,6,1,0,0.08405408,nested_test,weighted,0.48635756969451904
142-7,142,7,1,0,0.10009722,nested_test,weighted,0.48635756969451904
142-8,142,8,1,0,0.09856859,nested_test,weighted,0.48635756969451904
142-9,142,9,1,0,0.25447607,nested_test,weighted,0.48635756969451904
142-10,142,10,1,0,0.037068967,nested_test,weighted,0.48635756969451904
142-11,142,11,1,0,0.20283231,nested_test,weighted,0.48635756969451904
142-12,142,12,1,0,0.10367624,nested_test,weighted,0.48635756969451904
143-0,143,0,1,0,0.39905652,nested_test,weighted,0.48635756969451904
143-1,143,1,1,0,0.4707963,nested_test,weighted,0.48635756969451904
143-2,143,2,1,0,0.29827034,nested_test,weighted,0.48635756969451904
143-3,143,3,1,0,0.31500968,nested_test,weighted,0.48635756969451904
143-4,143,4,1,0,0.11948756,nested_test,weighted,0.48635756969451904
143-5,143,5,1,1,0.16619928,nested_test,weighted,0.48635756969451904
143-6,143,6,1,0,0.14173535,nested_test,weighted,0.48635756969451904
143-7,143,7,1,0,0.26441482,nested_test,weighted,0.48635756969451904
143-8,143,8,1,0,0.14295088,nested_test,weighted,0.48635756969451904
143-9,143,9,1,0,0.4857586,nested_test,weighted,0.48635756969451904
143-10,143,10,1,0,0.04539401,nested_test,weighted,0.48635756969451904
143-11,143,11,1,0,0.31163752,nested_test,weighted,0.48635756969451904
143-12,143,12,1,0,0.23954436,nested_test,weighted,0.48635756969451904
144-0,144,0,4,0,0.057171658,nested_test,weighted,0.5368138551712036
144-1,144,1,4,0,0.08899736,nested_test,weighted,0.5368138551712036
144-2,144,2,4,0,0.26215723,nested_test,weighted,0.5368138551712036
144-3,144,3,4,0,0.11856156,nested_test,weighted,0.5368138551712036
144-4,144,4,4,0,0.025409052,nested_test,weighted,0.5368138551712036
144-5,144,5,4,0,0.028002601,nested_test,weighted,0.5368138551712036
144-6,144,6,4,0,0.07039393,nested_test,weighted,0.5368138551712036
144-7,144,7,4,0,0.06726627,nested_test,weighted,0.5368138551712036
144-8,144,8,4,0,0.11302335,nested_test,weighted,0.5368138551712036
144-9,144,9,4,0,0.14235525,nested_test,weighted,0.5368138551712036
144-10,144,10,4,0,0.03322215,nested_test,weighted,0.5368138551712036
144-11,144,11,4,0,0.094043404,nested_test,weighted,0.5368138551712036
144-12,144,12,4,0,0.085011974,nested_test,weighted,0.5368138551712036
145-0,145,0,2,0,0.15704457,nested_test,weighted,0.44923609495162964
145-1,145,1,2,0,0.33913526,nested_test,weighted,0.44923609495162964
145-2,145,2,2,0,0.4445036,nested_test,weighted,0.44923609495162964
145-3,145,3,2,0,0.38436493,nested_test,weighted,0.44923609495162964
145-4,145,4,2,0,0.10446573,nested_test,weighted,0.44923609495162964
145-5,145,5,2,0,0.17919084,nested_test,weighted,0.44923609495162964
145-6,145,6,2,0,0.047788195,nested_test,weighted,0.44923609495162964
145-7,145,7,2,0,0.15933557,nested_test,weighted,0.44923609495162964
145-8,145,8,2,0,0.511101,nested_test,weighted,0.44923609495162964
145-9,145,9,2,0,0.46668765,nested_test,weighted,0.44923609495162964
145-10,145,10,2,1,0.024927033,nested_test,weighted,0.44923609495162964
145-11,145,11,2,0,0.053234488,nested_test,weighted,0.44923609495162964
145-12,145,12,2,0,0.15336147,nested_test,weighted,0.44923609495162964
146-0,146,0,5,0,0.09226009,nested_test,weighted,0.372329980134964
146-1,146,1,5,0,0.32685152,nested_test,weighted,0.372329980134964
146-2,146,2,5,0,0.07629631,nested_test,weighted,0.372329980134964
146-3,146,3,5,0,0.20963158,nested_test,weighted,0.372329980134964
146-4,146,4,5,0,0.08934385,nested_test,weighted,0.372329980134964
146-5,146,5,5,0,0.010071633,nested_test,weighted,0.372329980134964
146-6,146,6,5,1,0.10654006,nested_test,weighted,0.372329980134964
146-7,146,7,5,0,0.2498543,nested_test,weighted,0.372329980134964
146-8,146,8,5,0,0.12863734,nested_test,weighted,0.372329980134964
146-9,146,9,5,0,0.33162117,nested_test,weighted,0.372329980134964
146-10,146,10,5,0,0.012865486,nested_test,weighted,0.372329980134964
146-11,146,11,5,0,0.09399779,nested_test,weighted,0.372329980134964
146-12,146,12,5,0,0.19855246,nested_test,weighted,0.372329980134964
147-0,147,0,1,1,0.47427058,nested_test,weighted,0.48635756969451904
147-1,147,1,1,0,0.42025352,nested_test,weighted,0.48635756969451904
147-2,147,2,1,0,0.27365968,nested_test,weighted,0.48635756969451904
147-3,147,3,1,0,0.31831515,nested_test,weighted,0.48635756969451904
147-4,147,4,1,0,0.09702794,nested_test,weighted,0.48635756969451904
147-5,147,5,1,0,0.16619928,nested_test,weighted,0.48635756969451904
147-6,147,6,1,1,0.2015107,nested_test,weighted,0.48635756969451904
147-7,147,7,1,0,0.25463042,nested_test,weighted,0.48635756969451904
147-8,147,8,1,0,0.15708166,nested_test,weighted,0.48635756969451904
147-9,147,9,1,0,0.43492973,nested_test,weighted,0.48635756969451904
147-10,147,10,1,0,0.1422758,nested_test,weighted,0.48635756969451904
147-11,147,11,1,0,0.26384604,nested_test,weighted,0.48635756969451904
147-12,147,12,1,1,0.29968676,nested_test,weighted,0.48635756969451904
148-0,148,0,2,0,0.26296338,nested_test,weighted,0.44923609495162964
148-1,148,1,2,0,0.5626496,nested_test,weighted,0.44923609495162964
148-2,148,2,2,0,0.5316156,nested_test,weighted,0.44923609495162964
148-3,148,3,2,0,0.5522434,nested_test,weighted,0.44923609495162964
148-4,148,4,2,1,0.045369327,nested_test,weighted,0.44923609495162964
148-5,148,5,2,0,0.18350632,nested_test,weighted,0.44923609495162964
148-6,148,6,2,0,0.09675917,nested_test,weighted,0.44923609495162964
148-7,148,7,2,0,0.18633606,nested_test,weighted,0.44923609495162964
148-8,148,8,2,0,0.7450154,nested_test,weighted,0.44923609495162964
148-9,148,9,2,0,0.5360048,nested_test,weighted,0.44923609495162964
148-10,148,10,2,0,0.115459494,nested_test,weighted,0.44923609495162964
148-11,148,11,2,0,0.14456479,nested_test,weighted,0.44923609495162964
148-12,148,12,2,0,0.3516497,nested_test,weighted,0.44923609495162964
149-0,149,0,1,0,0.5362396,nested_test,weighted,0.48635756969451904
149-1,149,1,1,1,0.13096082,nested_test,weighted,0.48635756969451904
149-2,149,2,1,1,0.07623097,nested_test,weighted,0.48635756969451904
149-3,149,3,1,1,0.091148004,nested_test,weighted,0.48635756969451904
149-4,149,4,1,1,0.025818784,nested_test,weighted,0.48635756969451904
149-5,149,5,1,1,0.041052777,nested_test,weighted,0.48635756969451904
149-6,149,6,1,1,0.04080417,nested_test,weighted,0.48635756969451904
149-7,149,7,1,1,0.06667782,nested_test,weighted,0.48635756969451904
149-8,149,8,1,1,0.04407526,nested_test,weighted,0.48635756969451904
149-9,149,9,1,1,0.13793802,nested_test,weighted,0.48635756969451904
149-10,149,10,1,0,0.07636681,nested_test,weighted,0.48635756969451904
149-11,149,11,1,0,0.4294221,nested_test,weighted,0.48635756969451904
149-12,149,12,1,1,0.061725885,nested_test,weighted,0.48635756969451904
150-0,150,0,4,0,0.030169174,nested_test,weighted,0.5368138551712036
150-1,150,1,4,0,0.051337633,nested_test,weighted,0.5368138551712036
150-2,150,2,4,0,0.1482084,nested_test,weighted,0.5368138551712036
150-3,150,3,4,0,0.09231088,nested_test,weighted,0.5368138551712036
150-4,150,4,4,0,0.01522976,nested_test,weighted,0.5368138551712036
150-5,150,5,4,0,0.018001458,nested_test,weighted,0.5368138551712036
150-6,150,6,4,0,0.042904034,nested_test,weighted,0.5368138551712036
150-7,150,7,4,0,0.04403388,nested_test,weighted,0.5368138551712036
150-8,150,8,4,0,0.08419825,nested_test,weighted,0.5368138551712036
150-9,150,9,4,0,0.094507225,nested_test,weighted,0.5368138551712036
150-10,150,10,4,0,0.025119543,nested_test,weighted,0.5368138551712036
150-11,150,11,4,0,0.063012645,nested_test,weighted,0.5368138551712036
150-12,150,12,4,0,0.05694511,nested_test,weighted,0.5368138551712036
151-0,151,0,2,1,0.25230023,nested_test,weighted,0.44923609495162964
151-1,151,1,2,1,0.40000832,nested_test,weighted,0.44923609495162964
151-2,151,2,2,1,0.5546699,nested_test,weighted,0.44923609495162964
151-3,151,3,2,0,0.4094367,nested_test,weighted,0.44923609495162964
151-4,151,4,2,0,0.093344755,nested_test,weighted,0.44923609495162964
151-5,151,5,2,0,0.1427789,nested_test,weighted,0.44923609495162964
151-6,151,6,2,0,0.07299817,nested_test,weighted,0.44923609495162964
151-7,151,7,2,0,0.12874272,nested_test,weighted,0.44923609495162964
151-8,151,8,2,0,0.39852294,nested_test,weighted,0.44923609495162964
151-9,151,9,2,1,0.6102658,nested_test,weighted,0.44923609495162964
151-10,151,10,2,1,0.06545423,nested_test,weighted,0.44923609495162964
151-11,151,11,2,0,0.053406682,nested_test,weighted,0.44923609495162964
151-12,151,12,2,0,0.17656247,nested_test,weighted,0.44923609495162964
152-0,152,0,4,0,0.10249392,nested_test,weighted,0.5368138551712036
152-1,152,1,4,0,0.25433287,nested_test,weighted,0.5368138551712036
152-2,152,2,4,0,0.5650171,nested_test,weighted,0.5368138551712036
152-3,152,3,4,0,0.23991717,nested_test,weighted,0.5368138551712036
152-4,152,4,4,0,0.06714703,nested_test,weighted,0.5368138551712036
152-5,152,5,4,0,0.08989499,nested_test,weighted,0.5368138551712036
152-6,152,6,4,0,0.15068483,nested_test,weighted,0.5368138551712036
152-7,152,7,4,0,0.122692905,nested_test,weighted,0.5368138551712036
152-8,152,8,4,0,0.31528467,nested_test,weighted,0.5368138551712036
152-9,152,9,4,0,0.453932,nested_test,weighted,0.5368138551712036
152-10,152,10,4,0,0.041310307,nested_test,weighted,0.5368138551712036
152-11,152,11,4,0,0.2856288,nested_test,weighted,0.5368138551712036
152-12,152,12,4,0,0.18534097,nested_test,weighted,0.5368138551712036
153-0,153,0,4,0,0.032226052,nested_test,weighted,0.5368138551712036
153-1,153,1,4,0,0.063239925,nested_test,weighted,0.5368138551712036
153-2,153,2,4,0,0.17566854,nested_test,weighted,0.5368138551712036
153-3,153,3,4,0,0.09274129,nested_test,weighted,0.5368138551712036
153-4,153,4,4,0,0.017320981,nested_test,weighted,0.5368138551712036
153-5,153,5,4,0,0.025451519,nested_test,weighted,0.5368138551712036
153-6,153,6,4,0,0.05450022,nested_test,weighted,0.5368138551712036
153-7,153,7,4,0,0.030729303,nested_test,weighted,0.5368138551712036
153-8,153,8,4,0,0.09147249,nested_test,weighted,0.5368138551712036
153-9,153,9,4,0,0.121122934,nested_test,weighted,0.5368138551712036
153-10,153,10,4,0,0.02393845,nested_test,weighted,0.5368138551712036
153-11,153,11,4,0,0.07895488,nested_test,weighted,0.5368138551712036
153-12,153,12,4,0,0.059615508,nested_test,weighted,0.5368138551712036
154-0,154,0,1,0,0.16649543,nested_test,weighted,0.48635756969451904
154-1,154,1,1,1,0.5787375,nested_test,weighted,0.48635756969451904
154-2,154,2,1,1,0.37747553,nested_test,weighted,0.48635756969451904
154-3,154,3,1,0,0.10070834,nested_test,weighted,0.48635756969451904
154-4,154,4,1,1,0.21189499,nested_test,weighted,0.48635756969451904
154-5,154,5,1,1,0.26894704,nested_test,weighted,0.48635756969451904
154-6,154,6,1,1,0.19376431,nested_test,weighted,0.48635756969451904
154-7,154,7,1,0,0.064414375,nested_test,weighted,0.48635756969451904
154-8,154,8,1,1,0.2513769,nested_test,weighted,0.48635756969451904
154-9,154,9,1,1,0.53204346,nested_test,weighted,0.48635756969451904
154-10,154,10,1,1,0.06683314,nested_test,weighted,0.48635756969451904
154-11,154,11,1,1,0.41145977,nested_test,weighted,0.48635756969451904
154-12,154,12,1,1,0.32725257,nested_test,weighted,0.48635756969451904
155-0,155,0,5,0,0.28457165,nested_test,weighted,0.372329980134964
155-1,155,1,5,1,0.051798455,nested_test,weighted,0.372329980134964
155-2,155,2,5,0,0.25633648,nested_test,weighted,0.372329980134964
155-3,155,3,5,0,0.5320975,nested_test,weighted,0.372329980134964
155-4,155,4,5,0,0.4279316,nested_test,weighted,0.372329980134964
155-5,155,5,5,0,0.037414912,nested_test,weighted,0.372329980134964
155-6,155,6,5,0,0.7244237,nested_test,weighted,0.372329980134964
155-7,155,7,5,0,0.6633675,nested_test,weighted,0.372329980134964
155-8,155,8,5,0,0.44300276,nested_test,weighted,0.372329980134964
155-9,155,9,5,0,0.65594345,nested_test,weighted,0.372329980134964
155-10,155,10,5,0,0.042854443,nested_test,weighted,0.372329980134964
155-11,155,11,5,0,0.2944171,nested_test,weighted,0.372329980134964
155-12,155,12,5,0,0.5381596,nested_test,weighted,0.372329980134964
156-0,156,0,2,1,0.06849869,nested_test,weighted,0.44923609495162964
156-1,156,1,2,1,0.1344168,nested_test,weighted,0.44923609495162964
156-2,156,2,2,1,0.18326725,nested_test,weighted,0.44923609495162964
156-3,156,3,2,1,0.20556638,nested_test,weighted,0.44923609495162964
156-4,156,4,2,1,0.03078043,nested_test,weighted,0.44923609495162964
156-5,156,5,2,1,0.051116306,nested_test,weighted,0.44923609495162964
156-6,156,6,2,1,0.033054173,nested_test,weighted,0.44923609495162964
156-7,156,7,2,1,0.04920858,nested_test,weighted,0.44923609495162964
156-8,156,8,2,1,0.2517685,nested_test,weighted,0.44923609495162964
156-9,156,9,2,1,0.19940524,nested_test,weighted,0.44923609495162964
156-10,156,10,2,1,0.021963486,nested_test,weighted,0.44923609495162964
156-11,156,11,2,1,0.022879658,nested_test,weighted,0.44923609495162964
156-12,156,12,2,0,0.40942287,nested_test,weighted,0.44923609495162964
157-0,157,0,1,0,0.4229627,nested_test,weighted,0.48635756969451904
157-1,157,1,1,0,0.42025352,nested_test,weighted,0.48635756969451904
157-2,157,2,1,0,0.27757496,nested_test,weighted,0.48635756969451904
157-3,157,3,1,0,0.30957523,nested_test,weighted,0.48635756969451904
157-4,157,4,1,0,0.09963142,nested_test,weighted,0.48635756969451904
157-5,157,5,1,0,0.14940289,nested_test,weighted,0.48635756969451904
157-6,157,6,1,1,0.13467114,nested_test,weighted,0.48635756969451904
157-7,157,7,1,0,0.25463042,nested_test,weighted,0.48635756969451904
157-8,157,8,1,0,0.15708166,nested_test,weighted,0.48635756969451904
157-9,157,9,1,0,0.43492973,nested_test,weighted,0.48635756969451904
157-10,157,10,1,0,0.1285426,nested_test,weighted,0.48635756969451904
157-11,157,11,1,0,0.26384604,nested_test,weighted,0.48635756969451904
157-12,157,12,1,0,0.22778334,nested_test,weighted,0.48635756969451904
158-0,158,0,5,1,0.017185686,nested_test,weighted,0.372329980134964
158-1,158,1,5,1,0.051798455,nested_test,weighted,0.372329980134964
158-2,158,2,5,1,0.010803019,nested_test,weighted,0.372329980134964
158-3,158,3,5,1,0.057230763,nested_test,weighted,0.372329980134964
158-4,158,4,5,1,0.014360424,nested_test,weighted,0.372329980134964
158-5,158,5,5,0,0.037414912,nested_test,weighted,0.372329980134964
158-6,158,6,5,0,0.7244237,nested_test,weighted,0.372329980134964
158-7,158,7,5,1,0.049799424,nested_test,weighted,0.372329980134964
158-8,158,8,5,1,0.020566318,nested_test,weighted,0.372329980134964
158-9,158,9,5,1,0.05286958,nested_test,weighted,0.372329980134964
158-10,158,10,5,1,0.00426867,nested_test,weighted,0.372329980134964
158-11,158,11,5,1,0.01150463,nested_test,weighted,0.372329980134964
158-12,158,12,5,1,0.03984818,nested_test,weighted,0.372329980134964
159-0,159,0,4,0,0.059750676,nested_test,weighted,0.5368138551712036
159-1,159,1,4,0,0.1109804,nested_test,weighted,0.5368138551712036
159-2,159,2,4,0,0.31525752,nested_test,weighted,0.5368138551712036
159-3,159,3,4,0,0.21780889,nested_test,weighted,0.5368138551712036
159-4,159,4,4,0,0.04474841,nested_test,weighted,0.5368138551712036
159-5,159,5,4,0,0.046067934,nested_test,weighted,0.5368138551712036
159-6,159,6,4,0,0.083406895,nested_test,weighted,0.5368138551712036
159-7,159,7,4,0,0.07119245,nested_test,weighted,0.5368138551712036
159-8,159,8,4,0,0.1549536,nested_test,weighted,0.5368138551712036
159-9,159,9,4,0,0.1784885,nested_test,weighted,0.5368138551712036
159-10,159,10,4,0,0.047471713,nested_test,weighted,0.5368138551712036
159-11,159,11,4,0,0.13285959,nested_test,weighted,0.5368138551712036
159-12,159,12,4,0,0.106516145,nested_test,weighted,0.5368138551712036
160-0,160,0,4,0,0.028748749,nested_test,weighted,0.5368138551712036
160-1,160,1,4,0,0.048970878,nested_test,weighted,0.5368138551712036
160-2,160,2,4,0,0.1420444,nested_test,weighted,0.5368138551712036
160-3,160,3,4,0,0.07840133,nested_test,weighted,0.5368138551712036
160-4,160,4,4,0,0.0154263405,nested_test,weighted,0.5368138551712036
160-5,160,5,4,0,0.017143784,nested_test,weighted,0.5368138551712036
160-6,160,6,4,0,0.039912622,nested_test,weighted,0.5368138551712036
160-7,160,7,4,0,0.04397567,nested_test,weighted,0.5368138551712036
160-8,160,8,4,0,0.07545639,nested_test,weighted,0.5368138551712036
160-9,160,9,4,0,0.10359067,nested_test,weighted,0.5368138551712036
160-10,160,10,4,0,0.021744855,nested_test,weighted,0.5368138551712036
160-11,160,11,4,0,0.060141772,nested_test,weighted,0.5368138551712036
160-12,160,12,4,0,0.048446618,nested_test,weighted,0.5368138551712036
161-0,161,0,2,0,0.09483771,nested_test,weighted,0.44923609495162964
161-1,161,1,2,0,0.13867685,nested_test,weighted,0.44923609495162964
161-2,161,2,2,0,0.18873796,nested_test,weighted,0.44923609495162964
161-3,161,3,2,0,0.21153025,nested_test,weighted,0.44923609495162964
161-4,161,4,2,0,0.031876907,nested_test,weighted,0.44923609495162964
161-5,161,5,2,0,0.06417176,nested_test,weighted,0.44923609495162964
161-6,161,6,2,0,0.034228787,nested_test,weighted,0.44923609495162964
161-7,161,7,2,0,0.036763236,nested_test,weighted,0.44923609495162964
161-8,161,8,2,1,0.77291036,nested_test,weighted,0.44923609495162964
161-9,161,9,2,0,0.1703113,nested_test,weighted,0.44923609495162964
161-10,161,10,2,0,0.019596292,nested_test,weighted,0.44923609495162964
161-11,161,11,2,0,0.023701573,nested_test,weighted,0.44923609495162964
161-12,161,12,2,0,0.073187,nested_test,weighted,0.44923609495162964
162-0,162,0,2,0,0.09023915,nested_test,weighted,0.44923609495162964
162-1,162,1,2,0,0.17303053,nested_test,weighted,0.44923609495162964
162-2,162,2,2,0,0.24027677,nested_test,weighted,0.44923609495162964
162-3,162,3,2,0,0.21854863,nested_test,weighted,0.44923609495162964
162-4,162,4,2,0,0.044281475,nested_test,weighted,0.44923609495162964
162-5,162,5,2,0,0.05167982,nested_test,weighted,0.44923609495162964
162-6,162,6,2,0,0.04010508,nested_test,weighted,0.44923609495162964
162-7,162,7,2,0,0.068352595,nested_test,weighted,0.44923609495162964
162-8,162,8,2,0,0.27846164,nested_test,weighted,0.44923609495162964
162-9,162,9,2,0,0.2870489,nested_test,weighted,0.44923609495162964
162-10,162,10,2,0,0.02563837,nested_test,weighted,0.44923609495162964
162-11,162,11,2,0,0.030474517,nested_test,weighted,0.44923609495162964
162-12,162,12,2,0,0.090641566,nested_test,weighted,0.44923609495162964
163-0,163,0,2,1,0.14349948,nested_test,weighted,0.44923609495162964
163-1,163,1,2,1,0.30637494,nested_test,weighted,0.44923609495162964
163-2,163,2,2,1,0.46921176,nested_test,weighted,0.44923609495162964
163-3,163,3,2,1,0.42922595,nested_test,weighted,0.44923609495162964
163-4,163,4,2,1,0.111231215,nested_test,weighted,0.44923609495162964
163-5,163,5,2,1,0.12478806,nested_test,weighted,0.44923609495162964
163-6,163,6,2,1,0.071286626,nested_test,weighted,0.44923609495162964
163-7,163,7,2,0,0.2047197,nested_test,weighted,0.44923609495162964
163-8,163,8,2,1,0.45165494,nested_test,weighted,0.44923609495162964
163-9,163,9,2,1,0.41467273,nested_test,weighted,0.44923609495162964
163-10,163,10,2,1,0.047262993,nested_test,weighted,0.44923609495162964
163-11,163,11,2,1,0.062053423,nested_test,weighted,0.44923609495162964
163-12,163,12,2,1,0.181233,nested_test,weighted,0.44923609495162964
164-0,164,0,4,0,0.032226052,nested_test,weighted,0.5368138551712036
164-1,164,1,4,0,0.063239925,nested_test,weighted,0.5368138551712036
164-2,164,2,4,0,0.20101947,nested_test,weighted,0.5368138551712036
164-3,164,3,4,0,0.09274129,nested_test,weighted,0.5368138551712036
164-4,164,4,4,0,0.017320981,nested_test,weighted,0.5368138551712036
164-5,164,5,4,0,0.025451519,nested_test,weighted,0.5368138551712036
164-6,164,6,4,1,0.24834014,nested_test,weighted,0.5368138551712036
164-7,164,7,4,0,0.046867765,nested_test,weighted,0.5368138551712036
164-8,164,8,4,0,0.09147249,nested_test,weighted,0.5368138551712036
164-9,164,9,4,0,0.1388537,nested_test,weighted,0.5368138551712036
164-10,164,10,4,0,0.02393845,nested_test,weighted,0.5368138551712036
164-11,164,11,4,0,0.07895488,nested_test,weighted,0.5368138551712036
164-12,164,12,4,0,0.059615508,nested_test,weighted,0.5368138551712036
165-0,165,0,1,0,0.109036036,nested_test,weighted,0.48635756969451904
165-1,165,1,1,0,0.10054429,nested_test,weighted,0.48635756969451904
165-2,165,2,1,0,0.052633967,nested_test,weighted,0.48635756969451904
165-3,165,3,1,0,0.06717073,nested_test,weighted,0.48635756969451904
165-4,165,4,1,0,0.017615734,nested_test,weighted,0.48635756969451904
165-5,165,5,1,0,0.029821087,nested_test,weighted,0.48635756969451904
165-6,165,6,1,0,0.029213756,nested_test,weighted,0.48635756969451904
165-7,165,7,1,0,0.047622517,nested_test,weighted,0.48635756969451904
165-8,165,8,1,0,0.026708106,nested_test,weighted,0.48635756969451904
165-9,165,9,1,0,0.10609884,nested_test,weighted,0.48635756969451904
165-10,165,10,1,0,0.02077812,nested_test,weighted,0.48635756969451904
165-11,165,11,1,0,0.048305154,nested_test,weighted,0.48635756969451904
165-12,165,12,1,0,0.042153012,nested_test,weighted,0.48635756969451904
166-0,166,0,3,0,0.18373096,nested_test,weighted,0.44559308886528015
166-1,166,1,3,0,0.18280864,nested_test,weighted,0.44559308886528015
166-2,166,2,3,0,0.048100285,nested_test,weighted,0.44559308886528015
166-3,166,3,3,0,0.44509587,nested_test,weighted,0.44559308886528015
166-4,166,4,3,0,0.057433378,nested_test,weighted,0.44559308886528015
166-5,166,5,3,0,0.18714423,nested_test,weighted,0.44559308886528015
166-6,166,6,3,0,0.043892987,nested_test,weighted,0.44559308886528015
166-7,166,7,3,0,0.12166756,nested_test,weighted,0.44559308886528015
166-8,166,8,3,0,0.06511125,nested_test,weighted,0.44559308886528015
166-9,166,9,3,0,0.21985929,nested_test,weighted,0.44559308886528015
166-10,166,10,3,0,0.034956638,nested_test,weighted,0.44559308886528015
166-11,166,11,3,0,0.082286075,nested_test,weighted,0.44559308886528015
166-12,166,12,3,0,0.16927521,nested_test,weighted,0.44559308886528015
167-0,167,0,1,0,0.5362396,nested_test,weighted,0.48635756969451904
167-1,167,1,1,0,0.59274894,nested_test,weighted,0.48635756969451904
167-2,167,2,1,0,0.4633527,nested_test,weighted,0.48635756969451904
167-3,167,3,1,0,0.4332667,nested_test,weighted,0.48635756969451904
167-4,167,4,1,0,0.22446805,nested_test,weighted,0.48635756969451904
167-5,167,5,1,0,0.28368682,nested_test,weighted,0.48635756969451904
167-6,167,6,1,0,0.21539858,nested_test,weighted,0.48635756969451904
167-7,167,7,1,0,0.27939507,nested_test,weighted,0.48635756969451904
167-8,167,8,1,1,0.037509978,nested_test,weighted,0.48635756969451904
167-9,167,9,1,0,0.60714054,nested_test,weighted,0.48635756969451904
167-10,167,10,1,0,0.07636681,nested_test,weighted,0.48635756969451904
167-11,167,11,1,0,0.4294221,nested_test,weighted,0.48635756969451904
167-12,167,12,1,0,0.30440196,nested_test,weighted,0.48635756969451904
168-0,168,0,1,1,0.5215542,nested_test,weighted,0.48635756969451904
168-1,168,1,1,0,0.33006218,nested_test,weighted,0.48635756969451904
168-2,168,2,1,0,0.19533093,nested_test,weighted,0.48635756969451904
168-3,168,3,1,0,0.24370492,nested_test,weighted,0.48635756969451904
168-4,168,4,1,0,0.06403912,nested_test,weighted,0.48635756969451904
168-5,168,5,1,0,0.14343879,nested_test,weighted,0.48635756969451904
168-6,168,6,1,1,0.16720192,nested_test,weighted,0.48635756969451904
168-7,168,7,1,0,0.16959988,nested_test,weighted,0.48635756969451904
168-8,168,8,1,1,0.15218197,nested_test,weighted,0.48635756969451904
168-9,168,9,1,0,0.34345463,nested_test,weighted,0.48635756969451904
168-10,168,10,1,0,0.057612807,nested_test,weighted,0.48635756969451904
168-11,168,11,1,0,0.21044937,nested_test,weighted,0.48635756969451904
168-12,168,12,1,0,0.16648184,nested_test,weighted,0.48635756969451904
169-0,169,0,5,0,0.21303464,nested_test,weighted,0.372329980134964
169-1,169,1,5,0,0.5555183,nested_test,weighted,0.372329980134964
169-2,169,2,5,0,0.15785123,nested_test,weighted,0.372329980134964
169-3,169,3,5,0,0.39381748,nested_test,weighted,0.372329980134964
169-4,169,4,5,0,0.23398659,nested_test,weighted,0.372329980134964
169-5,169,5,5,0,0.02174944,nested_test,weighted,0.372329980134964
169-6,169,6,5,0,0.5535226,nested_test,weighted,0.372329980134964
169-7,169,7,5,0,0.37170562,nested_test,weighted,0.372329980134964
169-8,169,8,5,0,0.2725225,nested_test,weighted,0.372329980134964
169-9,169,9,5,0,0.56044513,nested_test,weighted,0.372329980134964
169-10,169,10,5,1,0.0063223434,nested_test,weighted,0.372329980134964
169-11,169,11,5,0,0.17014326,nested_test,weighted,0.372329980134964
169-12,169,12,5,0,0.39127794,nested_test,weighted,0.372329980134964
170-0,170,0,3,0,0.11440833,nested_test,weighted,0.44559308886528015
170-1,170,1,3,0,0.10273482,nested_test,weighted,0.44559308886528015
170-2,170,2,3,0,0.03020879,nested_test,weighted,0.44559308886528015
170-3,170,3,3,0,0.31221485,nested_test,weighted,0.44559308886528015
170-4,170,4,3,0,0.04118986,nested_test,weighted,0.44559308886528015
170-5,170,5,3,0,0.11527529,nested_test,weighted,0.44559308886528015
170-6,170,6,3,0,0.019758618,nested_test,weighted,0.44559308886528015
170-7,170,7,3,0,0.055672072,nested_test,weighted,0.44559308886528015
170-8,170,8,3,0,0.029639617,nested_test,weighted,0.44559308886528015
170-9,170,9,3,0,0.10562174,nested_test,weighted,0.44559308886528015
170-10,170,10,3,0,0.04547778,nested_test,weighted,0.44559308886528015
170-11,170,11,3,0,0.03461711,nested_test,weighted,0.44559308886528015
170-12,170,12,3,0,0.09492992,nested_test,weighted,0.44559308886528015
171-0,171,0,3,0,0.14186068,nested_test,weighted,0.44559308886528015
171-1,171,1,3,1,0.15129304,nested_test,weighted,0.44559308886528015
171-2,171,2,3,0,0.03710826,nested_test,weighted,0.44559308886528015
171-3,171,3,3,0,0.468442,nested_test,weighted,0.44559308886528015
171-4,171,4,3,0,0.051618706,nested_test,weighted,0.44559308886528015
171-5,171,5,3,0,0.19876625,nested_test,weighted,0.44559308886528015
171-6,171,6,3,0,0.03521274,nested_test,weighted,0.44559308886528015
171-7,171,7,3,0,0.13293697,nested_test,weighted,0.44559308886528015
171-8,171,8,3,0,0.04447819,nested_test,weighted,0.44559308886528015
171-9,171,9,3,0,0.2790852,nested_test,weighted,0.44559308886528015
171-10,171,10,3,0,0.030497823,nested_test,weighted,0.44559308886528015
171-11,171,11,3,0,0.05673636,nested_test,weighted,0.44559308886528015
171-12,171,12,3,0,0.14236414,nested_test,weighted,0.44559308886528015
172-0,172,0,1,0,0.22965218,nested_test,weighted,0.48635756969451904
172-1,172,1,1,1,0.4106511,nested_test,weighted,0.48635756969451904
172-2,172,2,1,0,0.12947866,nested_test,weighted,0.48635756969451904
172-3,172,3,1,0,0.15007754,nested_test,weighted,0.48635756969451904
172-4,172,4,1,0,0.041490216,nested_test,weighted,0.48635756969451904
172-5,172,5,1,0,0.06765893,nested_test,weighted,0.48635756969451904
172-6,172,6,1,0,0.06681875,nested_test,weighted,0.48635756969451904
172-7,172,7,1,0,0.11018051,nested_test,weighted,0.48635756969451904
172-8,172,8,1,0,0.060661852,nested_test,weighted,0.48635756969451904
172-9,172,9,1,0,0.2108332,nested_test,weighted,0.48635756969451904
172-10,172,10,1,0,0.045264386,nested_test,weighted,0.48635756969451904
172-11,172,11,1,0,0.11511328,nested_test,weighted,0.48635756969451904
172-12,172,12,1,0,0.104523264,nested_test,weighted,0.48635756969451904
173-0,173,0,2,0,0.11752064,nested_test,weighted,0.44923609495162964
173-1,173,1,2,0,0.2633761,nested_test,weighted,0.44923609495162964
173-2,173,2,2,0,0.3574972,nested_test,weighted,0.44923609495162964
173-3,173,3,2,0,0.37334368,nested_test,weighted,0.44923609495162964
173-4,173,4,2,0,0.09350428,nested_test,weighted,0.44923609495162964
173-5,173,5,2,0,0.117838524,nested_test,weighted,0.44923609495162964
173-6,173,6,2,1,0.049103756,nested_test,weighted,0.44923609495162964
173-7,173,7,2,0,0.114826165,nested_test,weighted,0.44923609495162964
173-8,173,8,2,1,0.5569797,nested_test,weighted,0.44923609495162964
173-9,173,9,2,0,0.373546,nested_test,weighted,0.44923609495162964
173-10,173,10,2,0,0.03722819,nested_test,weighted,0.44923609495162964
173-11,173,11,2,0,0.04980341,nested_test,weighted,0.44923609495162964
173-12,173,12,2,1,0.2065879,nested_test,weighted,0.44923609495162964
174-0,174,0,5,0,0.040977865,nested_test,weighted,0.372329980134964
174-1,174,1,5,0,0.117767274,nested_test,weighted,0.372329980134964
174-2,174,2,5,0,0.02722773,nested_test,weighted,0.372329980134964
174-3,174,3,5,0,0.13324302,nested_test,weighted,0.372329980134964
174-4,174,4,5,0,0.038869396,nested_test,weighted,0.372329980134964
174-5,174,5,5,0,0.010012091,nested_test,weighted,0.372329980134964
174-6,174,6,5,1,0.60546285,nested_test,weighted,0.372329980134964
174-7,174,7,5,0,0.096533425,nested_test,weighted,0.372329980134964
174-8,174,8,5,0,0.054519802,nested_test,weighted,0.372329980134964
174-9,174,9,5,0,0.11985865,nested_test,weighted,0.372329980134964
174-10,174,10,5,1,0.022002006,nested_test,weighted,0.372329980134964
174-11,174,11,5,0,0.029774362,nested_test,weighted,0.372329980134964
174-12,174,12,5,0,0.10013223,nested_test,weighted,0.372329980134964
175-0,175,0,1,0,0.106904216,nested_test,weighted,0.48635756969451904
175-1,175,1,1,1,0.80249065,nested_test,weighted,0.48635756969451904
175-2,175,2,1,0,0.04882928,nested_test,weighted,0.48635756969451904
175-3,175,3,1,0,0.056845978,nested_test,weighted,0.48635756969451904
175-4,175,4,1,0,0.016479595,nested_test,weighted,0.48635756969451904
175-5,175,5,1,0,0.027883813,nested_test,weighted,0.48635756969451904
175-6,175,6,1,0,0.025561206,nested_test,weighted,0.48635756969451904
175-7,175,7,1,0,0.039550226,nested_test,weighted,0.48635756969451904
175-8,175,8,1,0,0.026342794,nested_test,weighted,0.48635756969451904
175-9,175,9,1,0,0.101312496,nested_test,weighted,0.48635756969451904
175-10,175,10,1,0,0.018447265,nested_test,weighted,0.48635756969451904
175-11,175,11,1,0,0.046567503,nested_test,weighted,0.48635756969451904
175-12,175,12,1,0,0.04144693,nested_test,weighted,0.48635756969451904
176-0,176,0,2,0,0.10213632,nested_test,weighted,0.44923609495162964
176-1,176,1,2,0,0.22162493,nested_test,weighted,0.44923609495162964
176-2,176,2,2,0,0.267372,nested_test,weighted,0.44923609495162964
176-3,176,3,2,0,0.23842663,nested_test,weighted,0.44923609495162964
176-4,176,4,2,0,0.07650969,nested_test,weighted,0.44923609495162964
176-5,176,5,2,0,0.054489482,nested_test,weighted,0.44923609495162964
176-6,176,6,2,0,0.0397088,nested_test,weighted,0.44923609495162964
176-7,176,7,2,0,0.09435957,nested_test,weighted,0.44923609495162964
176-8,176,8,2,0,0.30217245,nested_test,weighted,0.44923609495162964
176-9,176,9,2,0,0.25103155,nested_test,weighted,0.44923609495162964
176-10,176,10,2,0,0.03555405,nested_test,weighted,0.44923609495162964
176-11,176,11,2,0,0.040066905,nested_test,weighted,0.44923609495162964
176-12,176,12,2,0,0.13167283,nested_test,weighted,0.44923609495162964
177-0,177,0,3,0,0.17212036,nested_test,weighted,0.44559308886528015
177-1,177,1,3,1,0.10273482,nested_test,weighted,0.44559308886528015
177-2,177,2,3,1,0.03020879,nested_test,weighted,0.44559308886528015
177-3,177,3,3,0,0.42558,nested_test,weighted,0.44559308886528015
177-4,177,4,3,0,0.06710762,nested_test,weighted,0.44559308886528015
177-5,177,5,3,1,0.13752355,nested_test,weighted,0.44559308886528015
177-6,177,6,3,0,0.04130498,nested_test,weighted,0.44559308886528015
177-7,177,7,3,0,0.11544391,nested_test,weighted,0.44559308886528015
177-8,177,8,3,0,0.06505387,nested_test,weighted,0.44559308886528015
177-9,177,9,3,1,0.13928802,nested_test,weighted,0.44559308886528015
177-10,177,10,3,1,0.027060697,nested_test,weighted,0.44559308886528015
177-11,177,11,3,0,0.08052987,nested_test,weighted,0.44559308886528015
177-12,177,12,3,0,0.22537003,nested_test,weighted,0.44559308886528015
178-0,178,0,5,0,0.038961027,nested_test,weighted,0.372329980134964
178-1,178,1,5,0,0.11520441,nested_test,weighted,0.372329980134964
178-2,178,2,5,0,0.025012622,nested_test,weighted,0.372329980134964
178-3,178,3,5,0,0.1143353,nested_test,weighted,0.372329980134964
178-4,178,4,5,0,0.03178408,nested_test,weighted,0.372329980134964
178-5,178,5,5,0,0.009579448,nested_test,weighted,0.372329980134964
178-6,178,6,5,0,0.11719945,nested_test,weighted,0.372329980134964
178-7,178,7,5,0,0.09238829,nested_test,weighted,0.372329980134964
178-8,178,8,5,0,0.048733916,nested_test,weighted,0.372329980134964
178-9,178,9,5,0,0.104383275,nested_test,weighted,0.372329980134964
178-10,178,10,5,0,0.008975723,nested_test,weighted,0.372329980134964
178-11,178,11,5,0,0.032064844,nested_test,weighted,0.372329980134964
178-12,178,12,5,0,0.078792095,nested_test,weighted,0.372329980134964
179-0,179,0,1,0,0.10797256,nested_test,weighted,0.48635756969451904
179-1,179,1,1,0,0.09711924,nested_test,weighted,0.48635756969451904
179-2,179,2,1,0,0.05012081,nested_test,weighted,0.48635756969451904
179-3,179,3,1,0,0.062384438,nested_test,weighted,0.48635756969451904
179-4,179,4,1,0,0.016479595,nested_test,weighted,0.48635756969451904
179-5,179,5,1,0,0.029504636,nested_test,weighted,0.48635756969451904
179-6,179,6,1,0,0.028413903,nested_test,weighted,0.48635756969451904
179-7,179,7,1,0,0.04146791,nested_test,weighted,0.48635756969451904
179-8,179,8,1,0,0.025726348,nested_test,weighted,0.48635756969451904
179-9,179,9,1,0,0.10233141,nested_test,weighted,0.48635756969451904
179-10,179,10,1,0,0.021673843,nested_test,weighted,0.48635756969451904
179-11,179,11,1,0,0.047802225,nested_test,weighted,0.48635756969451904
179-12,179,12,1,0,0.04144693,nested_test,weighted,0.48635756969451904
180-0,180,0,5,0,0.1811257,nested_test,weighted,0.372329980134964
180-1,180,1,5,1,0.11637931,nested_test,weighted,0.372329980134964
180-2,180,2,5,1,0.02627997,nested_test,weighted,0.372329980134964
180-3,180,3,5,1,0.11835935,nested_test,weighted,0.372329980134964
180-4,180,4,5,0,0.22726397,nested_test,weighted,0.372329980134964
180-5,180,5,5,1,0.010492808,nested_test,weighted,0.372329980134964
180-6,180,6,5,0,0.576909,nested_test,weighted,0.372329980134964
180-7,180,7,5,0,0.44356897,nested_test,weighted,0.372329980134964
180-8,180,8,5,1,0.064301305,nested_test,weighted,0.372329980134964
180-9,180,9,5,1,0.11861878,nested_test,weighted,0.372329980134964
180-10,180,10,5,0,0.014081325,nested_test,weighted,0.372329980134964
180-11,180,11,5,0,0.15233156,nested_test,weighted,0.372329980134964
180-12,180,12,5,1,0.09965497,nested_test,weighted,0.372329980134964
181-0,181,0,4,0,0.04900809,nested_test,weighted,0.5368138551712036
181-1,181,1,4,1,0.32278115,nested_test,weighted,0.5368138551712036
181-2,181,2,4,0,0.24329977,nested_test,weighted,0.5368138551712036
181-3,181,3,4,0,0.17965975,nested_test,weighted,0.5368138551712036
181-4,181,4,4,0,0.035901684,nested_test,weighted,0.5368138551712036
181-5,181,5,4,0,0.036591977,nested_test,weighted,0.5368138551712036
181-6,181,6,4,0,0.079987526,nested_test,weighted,0.5368138551712036
181-7,181,7,4,0,0.075549476,nested_test,weighted,0.5368138551712036
181-8,181,8,4,0,0.12213659,nested_test,weighted,0.5368138551712036
181-9,181,9,4,0,0.19291091,nested_test,weighted,0.5368138551712036
181-10,181,10,4,0,0.039368626,nested_test,weighted,0.5368138551712036
181-11,181,11,4,0,0.10754372,nested_test,weighted,0.5368138551712036
181-12,181,12,4,0,0.09210118,nested_test,weighted,0.5368138551712036
182-0,182,0,4,0,0.026961522,nested_test,weighted,0.5368138551712036
182-1,182,1,4,1,0.65025765,nested_test,weighted,0.5368138551712036
182-2,182,2,4,0,0.15094285,nested_test,weighted,0.5368138551712036
182-3,182,3,4,0,0.08570332,nested_test,weighted,0.5368138551712036
182-4,182,4,4,0,0.014455011,nested_test,weighted,0.5368138551712036
182-5,182,5,4,1,0.41428685,nested_test,weighted,0.5368138551712036
182-6,182,6,4,0,0.04359049,nested_test,weighted,0.5368138551712036
182-7,182,7,4,0,0.042272486,nested_test,weighted,0.5368138551712036
182-8,182,8,4,0,0.07719847,nested_test,weighted,0.5368138551712036
182-9,182,9,4,0,0.097618304,nested_test,weighted,0.5368138551712036
182-10,182,10,4,0,0.022436367,nested_test,weighted,0.5368138551712036
182-11,182,11,4,0,0.0565165,nested_test,weighted,0.5368138551712036
182-12,182,12,4,1,0.6536221,nested_test,weighted,0.5368138551712036
183-0,183,0,2,0,0.12789488,nested_test,weighted,0.44923609495162964
183-1,183,1,2,0,0.26381183,nested_test,weighted,0.44923609495162964
183-2,183,2,2,0,0.325953,nested_test,weighted,0.44923609495162964
183-3,183,3,2,0,0.2340497,nested_test,weighted,0.44923609495162964
183-4,183,4,2,0,0.06668947,nested_test,weighted,0.44923609495162964
183-5,183,5,2,0,0.1040174,nested_test,weighted,0.44923609495162964
183-6,183,6,2,0,0.054001223,nested_test,weighted,0.44923609495162964
183-7,183,7,2,0,0.054733906,nested_test,weighted,0.44923609495162964
183-8,183,8,2,0,0.36260238,nested_test,weighted,0.44923609495162964
183-9,183,9,2,0,0.34276617,nested_test,weighted,0.44923609495162964
183-10,183,10,2,0,0.044339478,nested_test,weighted,0.44923609495162964
183-11,183,11,2,0,0.049909774,nested_test,weighted,0.44923609495162964
183-12,183,12,2,0,0.14948332,nested_test,weighted,0.44923609495162964
184-0,184,0,4,0,0.10026725,nested_test,weighted,0.5368138551712036
184-1,184,1,4,0,0.21703762,nested_test,weighted,0.5368138551712036
184-2,184,2,4,0,0.4815358,nested_test,weighted,0.5368138551712036
184-3,184,3,4,0,0.33641598,nested_test,weighted,0.5368138551712036
184-4,184,4,4,0,0.087064624,nested_test,weighted,0.5368138551712036
184-5,184,5,4,0,0.09679351,nested_test,weighted,0.5368138551712036
184-6,184,6,4,0,0.1446564,nested_test,weighted,0.5368138551712036
184-7,184,7,4,0,0.14734,nested_test,weighted,0.5368138551712036
184-8,184,8,4,0,0.29255256,nested_test,weighted,0.5368138551712036
184-9,184,9,4,0,0.32605007,nested_test,weighted,0.5368138551712036
184-10,184,10,4,0,0.046797384,nested_test,weighted,0.5368138551712036
184-11,184,11,4,0,0.23340899,nested_test,weighted,0.5368138551712036
184-12,184,12,4,0,0.2207577,nested_test,weighted,0.5368138551712036
185-0,185,0,2,0,0.029158788,nested_test,weighted,0.44923609495162964
185-1,185,1,2,1,0.4557865,nested_test,weighted,0.44923609495162964
185-2,185,2,2,0,0.08293826,nested_test,weighted,0.44923609495162964
185-3,185,3,2,0,0.071245626,nested_test,weighted,0.44923609495162964
185-4,185,4,2,0,0.017677298,nested_test,weighted,0.44923609495162964
185-5,185,5,2,0,0.020733962,nested_test,weighted,0.44923609495162964
185-6,185,6,2,0,0.015211477,nested_test,weighted,0.44923609495162964
185-7,185,7,2,0,0.020062136,nested_test,weighted,0.44923609495162964
185-8,185,8,2,0,0.093253076,nested_test,weighted,0.44923609495162964
185-9,185,9,2,0,0.08528251,nested_test,weighted,0.44923609495162964
185-10,185,10,2,0,0.010538668,nested_test,weighted,0.44923609495162964
185-11,185,11,2,0,0.009958048,nested_test,weighted,0.44923609495162964
185-12,185,12,2,0,0.030905794,nested_test,weighted,0.44923609495162964
186-0,186,0,2,0,0.17133309,nested_test,weighted,0.44923609495162964
186-1,186,1,2,0,0.30676985,nested_test,weighted,0.44923609495162964
186-2,186,2,2,0,0.42380595,nested_test,weighted,0.44923609495162964
186-3,186,3,2,0,0.4255946,nested_test,weighted,0.44923609495162964
186-4,186,4,2,0,0.11314319,nested_test,weighted,0.44923609495162964
186-5,186,5,2,0,0.14373381,nested_test,weighted,0.44923609495162964
186-6,186,6,2,1,0.05684117,nested_test,weighted,0.44923609495162964
186-7,186,7,2,0,0.13904648,nested_test,weighted,0.44923609495162964
186-8,186,8,2,0,0.4684305,nested_test,weighted,0.44923609495162964
186-9,186,9,2,1,0.5235323,nested_test,weighted,0.44923609495162964
186-10,186,10,2,1,0.06192076,nested_test,weighted,0.44923609495162964
186-11,186,11,2,0,0.0513012,nested_test,weighted,0.44923609495162964
186-12,186,12,2,0,0.16638301,nested_test,weighted,0.44923609495162964
187-0,187,0,5,0,0.020461597,nested_test,weighted,0.372329980134964
187-1,187,1,5,0,0.05782668,nested_test,weighted,0.372329980134964
187-2,187,2,5,0,0.013529475,nested_test,weighted,0.372329980134964
187-3,187,3,5,0,0.06384861,nested_test,weighted,0.372329980134964
187-4,187,4,5,0,0.018573964,nested_test,weighted,0.372329980134964
187-5,187,5,5,0,0.0050985944,nested_test,weighted,0.372329980134964
187-6,187,6,5,0,0.074572526,nested_test,weighted,0.372329980134964
187-7,187,7,5,0,0.052227728,nested_test,weighted,0.372329980134964
187-8,187,8,5,1,0.4301697,nested_test,weighted,0.372329980134964
187-9,187,9,5,0,0.056273494,nested_test,weighted,0.372329980134964
187-10,187,10,5,1,0.042671386,nested_test,weighted,0.372329980134964
187-11,187,11,5,0,0.013529475,nested_test,weighted,0.372329980134964
187-12,187,12,5,0,0.053816915,nested_test,weighted,0.372329980134964
188-0,188,0,2,0,0.2018892,nested_test,weighted,0.44923609495162964
188-1,188,1,2,0,0.39615268,nested_test,weighted,0.44923609495162964
188-2,188,2,2,0,0.5126526,nested_test,weighted,0.44923609495162964
188-3,188,3,2,0,0.38047817,nested_test,weighted,0.44923609495162964
188-4,188,4,2,0,0.19022681,nested_test,weighted,0.44923609495162964
188-5,188,5,2,0,0.13963047,nested_test,weighted,0.44923609495162964
188-6,188,6,2,0,0.06469687,nested_test,weighted,0.44923609495162964
188-7,188,7,2,0,0.10402948,nested_test,weighted,0.44923609495162964
188-8,188,8,2,0,0.56497616,nested_test,weighted,0.44923609495162964
188-9,188,9,2,0,0.53665906,nested_test,weighted,0.44923609495162964
188-10,188,10,2,0,0.027667211,nested_test,weighted,0.44923609495162964
188-11,188,11,2,0,0.06529144,nested_test,weighted,0.44923609495162964
188-12,188,12,2,0,0.22126392,nested_test,weighted,0.44923609495162964
189-0,189,0,5,0,0.020461597,nested_test,weighted,0.372329980134964
189-1,189,1,5,0,0.05782668,nested_test,weighted,0.372329980134964
189-2,189,2,5,0,0.012008442,nested_test,weighted,0.372329980134964
189-3,189,3,5,0,0.060939495,nested_test,weighted,0.372329980134964
189-4,189,4,5,0,0.017107153,nested_test,weighted,0.372329980134964
189-5,189,5,5,0,0.0050985944,nested_test,weighted,0.372329980134964
189-6,189,6,5,0,0.07022893,nested_test,weighted,0.372329980134964
189-7,189,7,5,0,0.048184503,nested_test,weighted,0.372329980134964
189-8,189,8,5,0,0.023048138,nested_test,weighted,0.372329980134964
189-9,189,9,5,0,0.0590147,nested_test,weighted,0.372329980134964
189-10,189,10,5,0,0.0047934107,nested_test,weighted,0.372329980134964
189-11,189,11,5,0,0.013529475,nested_test,weighted,0.372329980134964
189-12,189,12,5,0,0.044550978,nested_test,weighted,0.372329980134964
190-0,190,0,4,0,0.17520459,nested_test,weighted,0.5368138551712036
190-1,190,1,4,0,0.35216647,nested_test,weighted,0.5368138551712036
190-2,190,2,4,0,0.6430004,nested_test,weighted,0.5368138551712036
190-3,190,3,4,0,0.49000207,nested_test,weighted,0.5368138551712036
190-4,190,4,4,0,0.13559483,nested_test,weighted,0.5368138551712036
190-5,190,5,4,0,0.17366277,nested_test,weighted,0.5368138551712036
190-6,190,6,4,0,0.2722471,nested_test,weighted,0.5368138551712036
190-7,190,7,4,0,0.2100077,nested_test,weighted,0.5368138551712036
190-8,190,8,4,0,0.42855188,nested_test,weighted,0.5368138551712036
190-9,190,9,4,1,0.17044146,nested_test,weighted,0.5368138551712036
190-10,190,10,4,0,0.074365735,nested_test,weighted,0.5368138551712036
190-11,190,11,4,0,0.38921705,nested_test,weighted,0.5368138551712036
190-12,190,12,4,0,0.30180472,nested_test,weighted,0.5368138551712036
191-0,191,0,3,0,0.10955736,nested_test,weighted,0.44559308886528015
191-1,191,1,3,0,0.1138794,nested_test,weighted,0.44559308886528015
191-2,191,2,3,1,0.07097475,nested_test,weighted,0.44559308886528015
191-3,191,3,3,0,0.38534933,nested_test,weighted,0.44559308886528015
191-4,191,4,3,0,0.0393056,nested_test,weighted,0.44559308886528015
191-5,191,5,3,1,0.31779316,nested_test,weighted,0.44559308886528015
191-6,191,6,3,0,0.026245099,nested_test,weighted,0.44559308886528015
191-7,191,7,3,0,0.08154595,nested_test,weighted,0.44559308886528015
191-8,191,8,3,1,0.078190014,nested_test,weighted,0.44559308886528015
191-9,191,9,3,1,0.28162348,nested_test,weighted,0.44559308886528015
191-10,191,10,3,1,0.04857959,nested_test,weighted,0.44559308886528015
191-11,191,11,3,1,0.08052987,nested_test,weighted,0.44559308886528015
191-12,191,12,3,0,0.09082015,nested_test,weighted,0.44559308886528015
192-0,192,0,4,0,0.059838355,nested_test,weighted,0.5368138551712036
192-1,192,1,4,0,0.17430075,nested_test,weighted,0.5368138551712036
192-2,192,2,4,0,0.28688344,nested_test,weighted,0.5368138551712036
192-3,192,3,4,0,0.15733118,nested_test,weighted,0.5368138551712036
192-4,192,4,4,0,0.0650087,nested_test,weighted,0.5368138551712036
192-5,192,5,4,0,0.052855384,nested_test,weighted,0.5368138551712036
192-6,192,6,4,0,0.09596956,nested_test,weighted,0.5368138551712036
192-7,192,7,4,0,0.10237747,nested_test,weighted,0.5368138551712036
192-8,192,8,4,0,0.22485365,nested_test,weighted,0.5368138551712036
192-9,192,9,4,0,0.3397052,nested_test,weighted,0.5368138551712036
192-10,192,10,4,0,0.04220283,nested_test,weighted,0.5368138551712036
192-11,192,11,4,0,0.19769943,nested_test,weighted,0.5368138551712036
192-12,192,12,4,0,0.18001603,nested_test,weighted,0.5368138551712036
193-0,193,0,2,0,0.1895846,nested_test,weighted,0.44923609495162964
193-1,193,1,2,0,0.34912246,nested_test,weighted,0.44923609495162964
193-2,193,2,2,0,0.44255427,nested_test,weighted,0.44923609495162964
193-3,193,3,2,0,0.33916378,nested_test,weighted,0.44923609495162964
193-4,193,4,2,0,0.0971288,nested_test,weighted,0.44923609495162964
193-5,193,5,2,0,0.17693539,nested_test,weighted,0.44923609495162964
193-6,193,6,2,0,0.07199971,nested_test,weighted,0.44923609495162964
193-7,193,7,2,0,0.11378943,nested_test,weighted,0.44923609495162964
193-8,193,8,2,0,0.51128155,nested_test,weighted,0.44923609495162964
193-9,193,9,2,0,0.48596117,nested_test,weighted,0.44923609495162964
193-10,193,10,2,0,0.055274967,nested_test,weighted,0.44923609495162964
193-11,193,11,2,0,0.0679146,nested_test,weighted,0.44923609495162964
193-12,193,12,2,0,0.1903791,nested_test,weighted,0.44923609495162964
194-0,194,0,5,0,0.023214618,nested_test,weighted,0.372329980134964
194-1,194,1,5,0,0.09821793,nested_test,weighted,0.372329980134964
194-2,194,2,5,0,0.012976352,nested_test,weighted,0.372329980134964
194-3,194,3,5,0,0.0689824,nested_test,weighted,0.372329980134964
194-4,194,4,5,0,0.018685408,nested_test,weighted,0.372329980134964
194-5,194,5,5,0,0.0060558203,nested_test,weighted,0.372329980134964
194-6,194,6,5,0,0.08631462,nested_test,weighted,0.372329980134964
194-7,194,7,5,0,0.06641298,nested_test,weighted,0.372329980134964
194-8,194,8,5,0,0.030111756,nested_test,weighted,0.372329980134964
194-9,194,9,5,0,0.075678594,nested_test,weighted,0.372329980134964
194-10,194,10,5,0,0.0076547577,nested_test,weighted,0.372329980134964
194-11,194,11,5,0,0.01505772,nested_test,weighted,0.372329980134964
194-12,194,12,5,0,0.07200833,nested_test,weighted,0.372329980134964
195-0,195,0,4,0,0.094952226,nested_test,weighted,0.5368138551712036
195-1,195,1,4,1,0.16573763,nested_test,weighted,0.5368138551712036
195-2,195,2,4,1,0.36070892,nested_test,weighted,0.5368138551712036
195-3,195,3,4,1,0.16265774,nested_test,weighted,0.5368138551712036
195-4,195,4,4,0,0.08335854,nested_test,weighted,0.5368138551712036
195-5,195,5,4,1,0.040931277,nested_test,weighted,0.5368138551712036
195-6,195,6,4,1,0.09162067,nested_test,weighted,0.5368138551712036
195-7,195,7,4,0,0.18313326,nested_test,weighted,0.5368138551712036
195-8,195,8,4,0,0.2722783,nested_test,weighted,0.5368138551712036
195-9,195,9,4,1,0.32622662,nested_test,weighted,0.5368138551712036
195-10,195,10,4,1,0.030475793,nested_test,weighted,0.5368138551712036
195-11,195,11,4,0,0.22789398,nested_test,weighted,0.5368138551712036
195-12,195,12,4,1,0.11700768,nested_test,weighted,0.5368138551712036
196-0,196,0,2,0,0.022414446,nested_test,weighted,0.44923609495162964
196-1,196,1,2,0,0.036480222,nested_test,weighted,0.44923609495162964
196-2,196,2,2,0,0.06563814,nested_test,weighted,0.44923609495162964
196-3,196,3,2,0,0.069588594,nested_test,weighted,0.44923609495162964
196-4,196,4,2,0,0.012456186,nested_test,weighted,0.44923609495162964
196-5,196,5,2,1,0.2420609,nested_test,weighted,0.44923609495162964
196-6,196,6,2,0,0.00956917,nested_test,weighted,0.44923609495162964
196-7,196,7,2,0,0.014868083,nested_test,weighted,0.44923609495162964
196-8,196,8,2,0,0.08130337,nested_test,weighted,0.44923609495162964
196-9,196,9,2,0,0.060425192,nested_test,weighted,0.44923609495162964
196-10,196,10,2,0,0.0063316906,nested_test,weighted,0.44923609495162964
196-11,196,11,2,1,0.08707016,nested_test,weighted,0.44923609495162964
196-12,196,12,2,0,0.017963594,nested_test,weighted,0.44923609495162964
197-0,197,0,1,0,0.44540045,nested_test,weighted,0.48635756969451904
197-1,197,1,1,0,0.48393953,nested_test,weighted,0.48635756969451904
197-2,197,2,1,0,0.31652167,nested_test,weighted,0.48635756969451904
197-3,197,3,1,0,0.2836616,nested_test,weighted,0.48635756969451904
197-4,197,4,1,0,0.14325303,nested_test,weighted,0.48635756969451904
197-5,197,5,1,0,0.20607188,nested_test,weighted,0.48635756969451904
197-6,197,6,1,0,0.16485101,nested_test,weighted,0.48635756969451904
197-7,197,7,1,0,0.2729099,nested_test,weighted,0.48635756969451904
197-8,197,8,1,0,0.14314081,nested_test,weighted,0.48635756969451904
197-9,197,9,1,0,0.49892586,nested_test,weighted,0.48635756969451904
197-10,197,10,1,0,0.069250815,nested_test,weighted,0.48635756969451904
197-11,197,11,1,0,0.3293495,nested_test,weighted,0.48635756969451904
197-12,197,12,1,0,0.20431611,nested_test,weighted,0.48635756969451904
198-0,198,0,4,0,0.032401174,nested_test,weighted,0.5368138551712036
198-1,198,1,4,0,0.06357252,nested_test,weighted,0.5368138551712036
198-2,198,2,4,0,0.14657205,nested_test,weighted,0.5368138551712036
198-3,198,3,4,0,0.08804613,nested_test,weighted,0.5368138551712036
198-4,198,4,4,0,0.025096694,nested_test,weighted,0.5368138551712036
198-5,198,5,4,0,0.017591372,nested_test,weighted,0.5368138551712036
198-6,198,6,4,0,0.04823743,nested_test,weighted,0.5368138551712036
198-7,198,7,4,0,0.03163476,nested_test,weighted,0.5368138551712036
198-8,198,8,4,0,0.08878777,nested_test,weighted,0.5368138551712036
198-9,198,9,4,0,0.09544957,nested_test,weighted,0.5368138551712036
198-10,198,10,4,0,0.021666177,nested_test,weighted,0.5368138551712036
198-11,198,11,4,0,0.0793631,nested_test,weighted,0.5368138551712036
198-12,198,12,4,0,0.053547893,nested_test,weighted,0.5368138551712036
199-0,199,0,4,1,0.31145498,nested_test,weighted,0.5368138551712036
199-1,199,1,4,0,0.06357252,nested_test,weighted,0.5368138551712036
199-2,199,2,4,1,0.77367955,nested_test,weighted,0.5368138551712036
199-3,199,3,4,1,0.4537753,nested_test,weighted,0.5368138551712036
199-4,199,4,4,0,0.025096694,nested_test,weighted,0.5368138551712036
199-5,199,5,4,1,0.22720028,nested_test,weighted,0.5368138551712036
199-6,199,6,4,1,0.35820407,nested_test,weighted,0.5368138551712036
199-7,199,7,4,0,0.04868887,nested_test,weighted,0.5368138551712036
199-8,199,8,4,1,0.5315819,nested_test,weighted,0.5368138551712036
199-9,199,9,4,0,0.1598613,nested_test,weighted,0.5368138551712036
199-10,199,10,4,1,0.12668397,nested_test,weighted,0.5368138551712036
199-11,199,11,4,1,0.48156235,nested_test,weighted,0.5368138551712036
199-12,199,12,4,1,0.46203807,nested_test,weighted,0.5368138551712036
200-0,200,0,5,0,0.020461597,nested_test,weighted,0.372329980134964
200-1,200,1,5,0,0.05782668,nested_test,weighted,0.372329980134964
200-2,200,2,5,0,0.013529475,nested_test,weighted,0.372329980134964
200-3,200,3,5,0,0.060939495,nested_test,weighted,0.372329980134964
200-4,200,4,5,0,0.017107153,nested_test,weighted,0.372329980134964
200-5,200,5,5,0,0.0050069955,nested_test,weighted,0.372329980134964
200-6,200,6,5,0,0.070676394,nested_test,weighted,0.372329980134964
200-7,200,7,5,1,0.6516189,nested_test,weighted,0.372329980134964
200-8,200,8,5,0,0.023048138,nested_test,weighted,0.372329980134964
200-9,200,9,5,0,0.056187436,nested_test,weighted,0.372329980134964
200-10,200,10,5,0,0.0047934107,nested_test,weighted,0.372329980134964
200-11,200,11,5,0,0.011723163,nested_test,weighted,0.372329980134964
200-12,200,12,5,0,0.045064885,nested_test,weighted,0.372329980134964
201-0,201,0,3,0,0.12169316,nested_test,weighted,0.44559308886528015
201-1,201,1,3,0,0.10936814,nested_test,weighted,0.44559308886528015
201-2,201,2,3,0,0.032327995,nested_test,weighted,0.44559308886528015
201-3,201,3,3,0,0.32743785,nested_test,weighted,0.44559308886528015
201-4,201,4,3,0,0.04404443,nested_test,weighted,0.44559308886528015
201-5,201,5,3,0,0.14603746,nested_test,weighted,0.44559308886528015
201-6,201,6,3,0,0.022275839,nested_test,weighted,0.44559308886528015
201-7,201,7,3,0,0.090895556,nested_test,weighted,0.44559308886528015
201-8,201,8,3,0,0.032528974,nested_test,weighted,0.44559308886528015
201-9,201,9,3,1,0.3513886,nested_test,weighted,0.44559308886528015
201-10,201,10,3,0,0.049309216,nested_test,weighted,0.44559308886528015
201-11,201,11,3,0,0.037831422,nested_test,weighted,0.44559308886528015
201-12,201,12,3,0,0.10111602,nested_test,weighted,0.44559308886528015
202-0,202,0,4,0,0.09152301,nested_test,weighted,0.5368138551712036
202-1,202,1,4,0,0.25048622,nested_test,weighted,0.5368138551712036
202-2,202,2,4,0,0.518657,nested_test,weighted,0.5368138551712036
202-3,202,3,4,0,0.22128855,nested_test,weighted,0.5368138551712036
202-4,202,4,4,0,0.07102088,nested_test,weighted,0.5368138551712036
202-5,202,5,4,0,0.114418864,nested_test,weighted,0.5368138551712036
202-6,202,6,4,0,0.18369623,nested_test,weighted,0.5368138551712036
202-7,202,7,4,0,0.20207164,nested_test,weighted,0.5368138551712036
202-8,202,8,4,0,0.29450396,nested_test,weighted,0.5368138551712036
202-9,202,9,4,0,0.3204093,nested_test,weighted,0.5368138551712036
202-10,202,10,4,0,0.04455366,nested_test,weighted,0.5368138551712036
202-11,202,11,4,0,0.28987858,nested_test,weighted,0.5368138551712036
202-12,202,12,4,0,0.2649346,nested_test,weighted,0.5368138551712036
203-0,203,0,3,1,0.07099892,nested_test,weighted,0.44559308886528015
203-1,203,1,3,0,0.18529296,nested_test,weighted,0.44559308886528015
203-2,203,2,3,0,0.047949843,nested_test,weighted,0.44559308886528015
203-3,203,3,3,1,0.23868747,nested_test,weighted,0.44559308886528015
203-4,203,4,3,0,0.101940796,nested_test,weighted,0.44559308886528015
203-5,203,5,3,0,0.2511198,nested_test,weighted,0.44559308886528015
203-6,203,6,3,1,0.016285319,nested_test,weighted,0.44559308886528015
203-7,203,7,3,0,0.16834144,nested_test,weighted,0.44559308886528015
203-8,203,8,3,0,0.061625406,nested_test,weighted,0.44559308886528015
203-9,203,9,3,1,0.12687239,nested_test,weighted,0.44559308886528015
203-10,203,10,3,1,0.021681549,nested_test,weighted,0.44559308886528015
203-11,203,11,3,0,0.07687959,nested_test,weighted,0.44559308886528015
203-12,203,12,3,0,0.17483832,nested_test,weighted,0.44559308886528015
204-0,204,0,5,0,0.033145074,nested_test,weighted,0.372329980134964
204-1,204,1,5,0,0.09804175,nested_test,weighted,0.372329980134964
204-2,204,2,5,0,0.017522719,nested_test,weighted,0.372329980134964
204-3,204,3,5,0,0.08206245,nested_test,weighted,0.372329980134964
204-4,204,4,5,0,0.030414693,nested_test,weighted,0.372329980134964
204-5,204,5,5,0,0.009351759,nested_test,weighted,0.372329980134964
204-6,204,6,5,0,0.1409203,nested_test,weighted,0.372329980134964
204-7,204,7,5,0,0.10316492,nested_test,weighted,0.372329980134964
204-8,204,8,5,0,0.04572472,nested_test,weighted,0.372329980134964
204-9,204,9,5,0,0.09996829,nested_test,weighted,0.372329980134964
204-10,204,10,5,0,0.011325356,nested_test,weighted,0.372329980134964
204-11,204,11,5,0,0.02128991,nested_test,weighted,0.372329980134964
204-12,204,12,5,0,0.077493005,nested_test,weighted,0.372329980134964
205-0,205,0,3,0,0.10955736,nested_test,weighted,0.44559308886528015
205-1,205,1,3,0,0.09832382,nested_test,weighted,0.44559308886528015
205-2,205,2,3,0,0.028811773,nested_test,weighted,0.44559308886528015
205-3,205,3,3,0,0.30183536,nested_test,weighted,0.44559308886528015
205-4,205,4,3,0,0.032716747,nested_test,weighted,0.44559308886528015
205-5,205,5,3,0,0.13183837,nested_test,weighted,0.44559308886528015
205-6,205,6,3,0,0.026245099,nested_test,weighted,0.44559308886528015
205-7,205,7,3,0,0.08154595,nested_test,weighted,0.44559308886528015
205-8,205,8,3,0,0.028268155,nested_test,weighted,0.44559308886528015
205-9,205,9,3,0,0.13354124,nested_test,weighted,0.44559308886528015
205-10,205,10,3,0,0.048302006,nested_test,weighted,0.44559308886528015
205-11,205,11,3,1,0.08993897,nested_test,weighted,0.44559308886528015
205-12,205,12,3,0,0.09082015,nested_test,weighted,0.44559308886528015
206-0,206,0,1,0,0.111144155,nested_test,weighted,0.48635756969451904
206-1,206,1,1,0,0.11419883,nested_test,weighted,0.48635756969451904
206-2,206,2,1,0,0.06314075,nested_test,weighted,0.48635756969451904
206-3,206,3,1,0,0.0640081,nested_test,weighted,0.48635756969451904
206-4,206,4,1,0,0.017272675,nested_test,weighted,0.48635756969451904
206-5,206,5,1,0,0.03980471,nested_test,weighted,0.48635756969451904
206-6,206,6,1,0,0.026782291,nested_test,weighted,0.48635756969451904
206-7,206,7,1,0,0.047391213,nested_test,weighted,0.48635756969451904
206-8,206,8,1,0,0.030378137,nested_test,weighted,0.48635756969451904
206-9,206,9,1,0,0.12040672,nested_test,weighted,0.48635756969451904
206-10,206,10,1,0,0.022400329,nested_test,weighted,0.48635756969451904
206-11,206,11,1,0,0.06259937,nested_test,weighted,0.48635756969451904
206-12,206,12,1,0,0.054251954,nested_test,weighted,0.48635756969451904
207-0,207,0,2,0,0.024033066,nested_test,weighted,0.44923609495162964
207-1,207,1,2,0,0.037868444,nested_test,weighted,0.44923609495162964
207-2,207,2,2,0,0.06637056,nested_test,weighted,0.44923609495162964
207-3,207,3,2,0,0.06508291,nested_test,weighted,0.44923609495162964
207-4,207,4,2,0,0.01160355,nested_test,weighted,0.44923609495162964
207-5,207,5,2,1,0.5917974,nested_test,weighted,0.44923609495162964
207-6,207,6,2,0,0.0108578475,nested_test,weighted,0.44923609495162964
207-7,207,7,2,1,0.56780267,nested_test,weighted,0.44923609495162964
207-8,207,8,2,0,0.07610126,nested_test,weighted,0.44923609495162964
207-9,207,9,2,0,0.056476846,nested_test,weighted,0.44923609495162964
207-10,207,10,2,0,0.0055503068,nested_test,weighted,0.44923609495162964
207-11,207,11,2,0,0.006145922,nested_test,weighted,0.44923609495162964
207-12,207,12,2,0,0.023489894,nested_test,weighted,0.44923609495162964
208-0,208,0,3,0,0.07428503,nested_test,weighted,0.44559308886528015
208-1,208,1,3,0,0.07999496,nested_test,weighted,0.44559308886528015
208-2,208,2,3,0,0.022799194,nested_test,weighted,0.44559308886528015
208-3,208,3,3,0,0.24766576,nested_test,weighted,0.44559308886528015
208-4,208,4,3,0,0.025478078,nested_test,weighted,0.44559308886528015
208-5,208,5,3,0,0.08746497,nested_test,weighted,0.44559308886528015
208-6,208,6,3,0,0.017085647,nested_test,weighted,0.44559308886528015
208-7,208,7,3,0,0.06865264,nested_test,weighted,0.44559308886528015
208-8,208,8,3,0,0.023590287,nested_test,weighted,0.44559308886528015
208-9,208,9,3,1,0.29011804,nested_test,weighted,0.44559308886528015
208-10,208,10,3,0,0.029829843,nested_test,weighted,0.44559308886528015
208-11,208,11,3,0,0.027236026,nested_test,weighted,0.44559308886528015
208-12,208,12,3,0,0.075603485,nested_test,weighted,0.44559308886528015
209-0,209,0,1,0,0.3024469,nested_test,weighted,0.48635756969451904
209-1,209,1,1,0,0.3197242,nested_test,weighted,0.48635756969451904
209-2,209,2,1,0,0.18429098,nested_test,weighted,0.48635756969451904
209-3,209,3,1,0,0.18187612,nested_test,weighted,0.48635756969451904
209-4,209,4,1,0,0.06865131,nested_test,weighted,0.48635756969451904
209-5,209,5,1,0,0.10006392,nested_test,weighted,0.48635756969451904
209-6,209,6,1,0,0.09063021,nested_test,weighted,0.48635756969451904
209-7,209,7,1,0,0.17294256,nested_test,weighted,0.48635756969451904
209-8,209,8,1,0,0.09114566,nested_test,weighted,0.48635756969451904
209-9,209,9,1,0,0.25675157,nested_test,weighted,0.48635756969451904
209-10,209,10,1,0,0.047720894,nested_test,weighted,0.48635756969451904
209-11,209,11,1,0,0.20923634,nested_test,weighted,0.48635756969451904
209-12,209,12,1,0,0.13086677,nested_test,weighted,0.48635756969451904
210-0,210,0,1,0,0.3015565,nested_test,weighted,0.48635756969451904
210-1,210,1,1,1,0.49746883,nested_test,weighted,0.48635756969451904
210-2,210,2,1,1,0.3283485,nested_test,weighted,0.48635756969451904
210-3,210,3,1,0,0.21830653,nested_test,weighted,0.48635756969451904
210-4,210,4,1,0,0.067832425,nested_test,weighted,0.48635756969451904
210-5,210,5,1,0,0.11246317,nested_test,weighted,0.48635756969451904
210-6,210,6,1,0,0.09931817,nested_test,weighted,0.48635756969451904
210-7,210,7,1,0,0.16480385,nested_test,weighted,0.48635756969451904
210-8,210,8,1,1,0.19294076,nested_test,weighted,0.48635756969451904
210-9,210,9,1,0,0.29545227,nested_test,weighted,0.48635756969451904
210-10,210,10,1,1,0.058526397,nested_test,weighted,0.48635756969451904
210-11,210,11,1,1,0.34141624,nested_test,weighted,0.48635756969451904
210-12,210,12,1,1,0.21493177,nested_test,weighted,0.48635756969451904
211-0,211,0,4,1,0.13209511,nested_test,weighted,0.5368138551712036
211-1,211,1,4,1,0.28819224,nested_test,weighted,0.5368138551712036
211-2,211,2,4,1,0.57291657,nested_test,weighted,0.5368138551712036
211-3,211,3,4,1,0.32856584,nested_test,weighted,0.5368138551712036
211-4,211,4,4,1,0.1410601,nested_test,weighted,0.5368138551712036
211-5,211,5,4,0,0.032856088,nested_test,weighted,0.5368138551712036
211-6,211,6,4,1,0.19308649,nested_test,weighted,0.5368138551712036
211-7,211,7,4,1,0.21878749,nested_test,weighted,0.5368138551712036
211-8,211,8,4,1,0.37112507,nested_test,weighted,0.5368138551712036
211-9,211,9,4,1,0.50050414,nested_test,weighted,0.5368138551712036
211-10,211,10,4,1,0.059044607,nested_test,weighted,0.5368138551712036
211-11,211,11,4,0,0.09667189,nested_test,weighted,0.5368138551712036
211-12,211,12,4,1,0.2852183,nested_test,weighted,0.5368138551712036
212-0,212,0,1,0,0.44540045,nested_test,weighted,0.48635756969451904
212-1,212,1,1,0,0.48393953,nested_test,weighted,0.48635756969451904
212-2,212,2,1,0,0.2969808,nested_test,weighted,0.48635756969451904
212-3,212,3,1,0,0.2836616,nested_test,weighted,0.48635756969451904
212-4,212,4,1,0,0.12778166,nested_test,weighted,0.48635756969451904
212-5,212,5,1,1,0.103564546,nested_test,weighted,0.48635756969451904
212-6,212,6,1,0,0.15136464,nested_test,weighted,0.48635756969451904
212-7,212,7,1,0,0.2729099,nested_test,weighted,0.48635756969451904
212-8,212,8,1,1,0.088756405,nested_test,weighted,0.48635756969451904
212-9,212,9,1,0,0.47757474,nested_test,weighted,0.48635756969451904
212-10,212,10,1,1,0.04741591,nested_test,weighted,0.48635756969451904
212-11,212,11,1,0,0.3293495,nested_test,weighted,0.48635756969451904
212-12,212,12,1,0,0.20431611,nested_test,weighted,0.48635756969451904
213-0,213,0,4,1,0.04322045,nested_test,weighted,0.5368138551712036
213-1,213,1,4,1,0.09149907,nested_test,weighted,0.5368138551712036
213-2,213,2,4,1,0.26809403,nested_test,weighted,0.5368138551712036
213-3,213,3,4,1,0.11523336,nested_test,weighted,0.5368138551712036
213-4,213,4,4,1,0.026174657,nested_test,weighted,0.5368138551712036
213-5,213,5,4,1,0.032856088,nested_test,weighted,0.5368138551712036
213-6,213,6,4,1,0.07241427,nested_test,weighted,0.5368138551712036
213-7,213,7,4,1,0.0722714,nested_test,weighted,0.5368138551712036
213-8,213,8,4,1,0.11042491,nested_test,weighted,0.5368138551712036
213-9,213,9,4,1,0.20297165,nested_test,weighted,0.5368138551712036
213-10,213,10,4,1,0.03527465,nested_test,weighted,0.5368138551712036
213-11,213,11,4,1,0.09667189,nested_test,weighted,0.5368138551712036
213-12,213,12,4,1,0.09208771,nested_test,weighted,0.5368138551712036
214-0,214,0,3,0,0.14275923,nested_test,weighted,0.44559308886528015
214-1,214,1,3,0,0.10264402,nested_test,weighted,0.44559308886528015
214-2,214,2,3,0,0.025637755,nested_test,weighted,0.44559308886528015
214-3,214,3,3,0,0.42747855,nested_test,weighted,0.44559308886528015
214-4,214,4,3,0,0.04614152,nested_test,weighted,0.44559308886528015
214-5,214,5,3,0,0.14431004,nested_test,weighted,0.44559308886528015
214-6,214,6,3,0,0.021372473,nested_test,weighted,0.44559308886528015
214-7,214,7,3,0,0.115923725,nested_test,weighted,0.44559308886528015
214-8,214,8,3,0,0.035360526,nested_test,weighted,0.44559308886528015
214-9,214,9,3,0,0.13819386,nested_test,weighted,0.44559308886528015
214-10,214,10,3,0,0.028859325,nested_test,weighted,0.44559308886528015
214-11,214,11,3,0,0.025873205,nested_test,weighted,0.44559308886528015
214-12,214,12,3,0,0.09615278,nested_test,weighted,0.44559308886528015
215-0,215,0,1,0,0.2540798,nested_test,weighted,0.48635756969451904
215-1,215,1,1,0,0.1853787,nested_test,weighted,0.48635756969451904
215-2,215,2,1,0,0.113067746,nested_test,weighted,0.48635756969451904
215-3,215,3,1,0,0.16346368,nested_test,weighted,0.48635756969451904
215-4,215,4,1,0,0.03919981,nested_test,weighted,0.48635756969451904
215-5,215,5,1,0,0.07593465,nested_test,weighted,0.48635756969451904
215-6,215,6,1,0,0.057660766,nested_test,weighted,0.48635756969451904
215-7,215,7,1,0,0.11319336,nested_test,weighted,0.48635756969451904
215-8,215,8,1,0,0.09086697,nested_test,weighted,0.48635756969451904
215-9,215,9,1,0,0.23096031,nested_test,weighted,0.48635756969451904
215-10,215,10,1,0,0.030259646,nested_test,weighted,0.48635756969451904
215-11,215,11,1,0,0.10277463,nested_test,weighted,0.48635756969451904
215-12,215,12,1,0,0.102866195,nested_test,weighted,0.48635756969451904
216-0,216,0,1,0,0.1356381,nested_test,weighted,0.48635756969451904
216-1,216,1,1,0,0.11419883,nested_test,weighted,0.48635756969451904
216-2,216,2,1,0,0.06314075,nested_test,weighted,0.48635756969451904
216-3,216,3,1,0,0.069743186,nested_test,weighted,0.48635756969451904
216-4,216,4,1,0,0.017878463,nested_test,weighted,0.48635756969451904
216-5,216,5,1,0,0.03594676,nested_test,weighted,0.48635756969451904
216-6,216,6,1,0,0.026879976,nested_test,weighted,0.48635756969451904
216-7,216,7,1,0,0.047391213,nested_test,weighted,0.48635756969451904
216-8,216,8,1,0,0.030378137,nested_test,weighted,0.48635756969451904
216-9,216,9,1,0,0.09835031,nested_test,weighted,0.48635756969451904
216-10,216,10,1,0,0.0219284,nested_test,weighted,0.48635756969451904
216-11,216,11,1,0,0.045948334,nested_test,weighted,0.48635756969451904
216-12,216,12,1,0,0.04277792,nested_test,weighted,0.48635756969451904
217-0,217,0,2,0,0.20046517,nested_test,weighted,0.44923609495162964
217-1,217,1,2,0,0.2042956,nested_test,weighted,0.44923609495162964
217-2,217,2,2,0,0.4650454,nested_test,weighted,0.44923609495162964
217-3,217,3,2,0,0.48208207,nested_test,weighted,0.44923609495162964
217-4,217,4,2,0,0.08582829,nested_test,weighted,0.44923609495162964
217-5,217,5,2,0,0.17482251,nested_test,weighted,0.44923609495162964
217-6,217,6,2,0,0.049402915,nested_test,weighted,0.44923609495162964
217-7,217,7,2,0,0.18634047,nested_test,weighted,0.44923609495162964
217-8,217,8,2,0,0.5226376,nested_test,weighted,0.44923609495162964
217-9,217,9,2,0,0.35753003,nested_test,weighted,0.44923609495162964
217-10,217,10,2,0,0.046310756,nested_test,weighted,0.44923609495162964
217-11,217,11,2,0,0.027830016,nested_test,weighted,0.44923609495162964
217-12,217,12,2,0,0.18225087,nested_test,weighted,0.44923609495162964
218-0,218,0,1,0,0.15551977,nested_test,weighted,0.48635756969451904
218-1,218,1,1,0,0.090423085,nested_test,weighted,0.48635756969451904
218-2,218,2,1,0,0.053010218,nested_test,weighted,0.48635756969451904
218-3,218,3,1,0,0.085193366,nested_test,weighted,0.48635756969451904
218-4,218,4,1,0,0.017311165,nested_test,weighted,0.48635756969451904
218-5,218,5,1,0,0.027472826,nested_test,weighted,0.48635756969451904
218-6,218,6,1,0,0.03223981,nested_test,weighted,0.48635756969451904
218-7,218,7,1,0,0.045931205,nested_test,weighted,0.48635756969451904
218-8,218,8,1,0,0.029426087,nested_test,weighted,0.48635756969451904
218-9,218,9,1,0,0.0895121,nested_test,weighted,0.48635756969451904
218-10,218,10,1,0,0.021235362,nested_test,weighted,0.48635756969451904
218-11,218,11,1,0,0.044530727,nested_test,weighted,0.48635756969451904
218-12,218,12,1,0,0.041453887,nested_test,weighted,0.48635756969451904
219-0,219,0,2,0,0.20785116,nested_test,weighted,0.44923609495162964
219-1,219,1,2,0,0.17912924,nested_test,weighted,0.44923609495162964
219-2,219,2,2,0,0.2860445,nested_test,weighted,0.44923609495162964
219-3,219,3,2,0,0.36764413,nested_test,weighted,0.44923609495162964
219-4,219,4,2,0,0.05666275,nested_test,weighted,0.44923609495162964
219-5,219,5,2,0,0.077143274,nested_test,weighted,0.44923609495162964
219-6,219,6,2,0,0.05667644,nested_test,weighted,0.44923609495162964
219-7,219,7,2,0,0.12287662,nested_test,weighted,0.44923609495162964
219-8,219,8,2,0,0.39852294,nested_test,weighted,0.44923609495162964
219-9,219,9,2,0,0.3525798,nested_test,weighted,0.44923609495162964
219-10,219,10,2,0,0.036223944,nested_test,weighted,0.44923609495162964
219-11,219,11,2,0,0.027910994,nested_test,weighted,0.44923609495162964
219-12,219,12,2,0,0.11777976,nested_test,weighted,0.44923609495162964
220-0,220,0,2,1,0.11016452,nested_test,weighted,0.44923609495162964
220-1,220,1,2,0,0.27778545,nested_test,weighted,0.44923609495162964
220-2,220,2,2,1,0.23572747,nested_test,weighted,0.44923609495162964
220-3,220,3,2,1,0.2681961,nested_test,weighted,0.44923609495162964
220-4,220,4,2,0,0.24136207,nested_test,weighted,0.44923609495162964
220-5,220,5,2,0,0.31668523,nested_test,weighted,0.44923609495162964
220-6,220,6,2,0,0.08708128,nested_test,weighted,0.44923609495162964
220-7,220,7,2,0,0.28691447,nested_test,weighted,0.44923609495162964
220-8,220,8,2,0,0.7277892,nested_test,weighted,0.44923609495162964
220-9,220,9,2,0,0.66749555,nested_test,weighted,0.44923609495162964
220-10,220,10,2,1,0.027109297,nested_test,weighted,0.44923609495162964
220-11,220,11,2,1,0.020158712,nested_test,weighted,0.44923609495162964
220-12,220,12,2,1,0.088595025,nested_test,weighted,0.44923609495162964
221-0,221,0,4,0,0.08109137,nested_test,weighted,0.5368138551712036
221-1,221,1,4,0,0.099023856,nested_test,weighted,0.5368138551712036
221-2,221,2,4,1,0.53747773,nested_test,weighted,0.5368138551712036
221-3,221,3,4,0,0.19790463,nested_test,weighted,0.5368138551712036
221-4,221,4,4,0,0.03541922,nested_test,weighted,0.5368138551712036
221-5,221,5,4,1,0.09271546,nested_test,weighted,0.5368138551712036
221-6,221,6,4,0,0.067060895,nested_test,weighted,0.5368138551712036
221-7,221,7,4,0,0.14841078,nested_test,weighted,0.5368138551712036
221-8,221,8,4,0,0.21147914,nested_test,weighted,0.5368138551712036
221-9,221,9,4,1,0.38651043,nested_test,weighted,0.5368138551712036
221-10,221,10,4,0,0.030475793,nested_test,weighted,0.5368138551712036
221-11,221,11,4,0,0.09756146,nested_test,weighted,0.5368138551712036
221-12,221,12,4,0,0.11700768,nested_test,weighted,0.5368138551712036
222-0,222,0,4,1,0.09663661,nested_test,weighted,0.5368138551712036
222-1,222,1,4,1,0.11696871,nested_test,weighted,0.5368138551712036
222-2,222,2,4,1,0.33530912,nested_test,weighted,0.5368138551712036
222-3,222,3,4,1,0.33440807,nested_test,weighted,0.5368138551712036
222-4,222,4,4,1,0.040029876,nested_test,weighted,0.5368138551712036
222-5,222,5,4,0,0.1264193,nested_test,weighted,0.5368138551712036
222-6,222,6,4,1,0.14819807,nested_test,weighted,0.5368138551712036
222-7,222,7,4,1,0.17441167,nested_test,weighted,0.5368138551712036
222-8,222,8,4,1,0.24534601,nested_test,weighted,0.5368138551712036
222-9,222,9,4,1,0.23692973,nested_test,weighted,0.5368138551712036
222-10,222,10,4,1,0.04356828,nested_test,weighted,0.5368138551712036
222-11,222,11,4,1,0.115275,nested_test,weighted,0.5368138551712036
222-12,222,12,4,1,0.13840105,nested_test,weighted,0.5368138551712036
223-0,223,0,3,0,0.29887798,nested_test,weighted,0.44559308886528015
223-1,223,1,3,0,0.17142841,nested_test,weighted,0.44559308886528015
223-2,223,2,3,0,0.0438094,nested_test,weighted,0.44559308886528015
223-3,223,3,3,0,0.626564,nested_test,weighted,0.44559308886528015
223-4,223,4,3,0,0.09178196,nested_test,weighted,0.44559308886528015
223-5,223,5,3,0,0.23209378,nested_test,weighted,0.44559308886528015
223-6,223,6,3,1,0.03399501,nested_test,weighted,0.44559308886528015
223-7,223,7,3,0,0.2293912,nested_test,weighted,0.44559308886528015
223-8,223,8,3,1,0.0384531,nested_test,weighted,0.44559308886528015
223-9,223,9,3,1,0.14945708,nested_test,weighted,0.44559308886528015
223-10,223,10,3,0,0.046116486,nested_test,weighted,0.44559308886528015
223-11,223,11,3,1,0.032557588,nested_test,weighted,0.44559308886528015
223-12,223,12,3,0,0.24222754,nested_test,weighted,0.44559308886528015
224-0,224,0,4,0,0.14171968,nested_test,weighted,0.5368138551712036
224-1,224,1,4,0,0.16617398,nested_test,weighted,0.5368138551712036
224-2,224,2,4,0,0.5062625,nested_test,weighted,0.5368138551712036
224-3,224,3,4,0,0.37096494,nested_test,weighted,0.5368138551712036
224-4,224,4,4,0,0.08652253,nested_test,weighted,0.5368138551712036
224-5,224,5,4,0,0.07153492,nested_test,weighted,0.5368138551712036
224-6,224,6,4,0,0.16934866,nested_test,weighted,0.5368138551712036
224-7,224,7,4,0,0.20448636,nested_test,weighted,0.5368138551712036
224-8,224,8,4,0,0.2875436,nested_test,weighted,0.5368138551712036
224-9,224,9,4,0,0.39620712,nested_test,weighted,0.5368138551712036
224-10,224,10,4,0,0.046840806,nested_test,weighted,0.5368138551712036
224-11,224,11,4,0,0.14757931,nested_test,weighted,0.5368138551712036
224-12,224,12,4,0,0.22092514,nested_test,weighted,0.5368138551712036
225-0,225,0,2,0,0.083537534,nested_test,weighted,0.44923609495162964
225-1,225,1,2,0,0.087577194,nested_test,weighted,0.44923609495162964
225-2,225,2,2,0,0.2114686,nested_test,weighted,0.44923609495162964
225-3,225,3,2,0,0.22308974,nested_test,weighted,0.44923609495162964
225-4,225,4,2,0,0.043829758,nested_test,weighted,0.44923609495162964
225-5,225,5,2,0,0.034525305,nested_test,weighted,0.44923609495162964
225-6,225,6,2,0,0.031021012,nested_test,weighted,0.44923609495162964
225-7,225,7,2,0,0.06888254,nested_test,weighted,0.44923609495162964
225-8,225,8,2,0,0.22082983,nested_test,weighted,0.44923609495162964
225-9,225,9,2,0,0.1652659,nested_test,weighted,0.44923609495162964
225-10,225,10,2,0,0.01884081,nested_test,weighted,0.44923609495162964
225-11,225,11,2,0,0.015369063,nested_test,weighted,0.44923609495162964
225-12,225,12,2,0,0.064283356,nested_test,weighted,0.44923609495162964
226-0,226,0,3,0,0.13690433,nested_test,weighted,0.44559308886528015
226-1,226,1,3,0,0.10273482,nested_test,weighted,0.44559308886528015
226-2,226,2,3,0,0.03020879,nested_test,weighted,0.44559308886528015
226-3,226,3,3,0,0.41437438,nested_test,weighted,0.44559308886528015
226-4,226,4,3,0,0.04118986,nested_test,weighted,0.44559308886528015
226-5,226,5,3,0,0.13752355,nested_test,weighted,0.44559308886528015
226-6,226,6,3,0,0.025741639,nested_test,weighted,0.44559308886528015
226-7,226,7,3,0,0.099849634,nested_test,weighted,0.44559308886528015
226-8,226,8,3,0,0.030403193,nested_test,weighted,0.44559308886528015
226-9,226,9,3,0,0.13928802,nested_test,weighted,0.44559308886528015
226-10,226,10,3,0,0.04547778,nested_test,weighted,0.44559308886528015
226-11,226,11,3,0,0.025737634,nested_test,weighted,0.44559308886528015
226-12,226,12,3,0,0.085805155,nested_test,weighted,0.44559308886528015
227-0,227,0,2,0,0.15355512,nested_test,weighted,0.44923609495162964
227-1,227,1,2,0,0.19533828,nested_test,weighted,0.44923609495162964
227-2,227,2,2,0,0.31127307,nested_test,weighted,0.44923609495162964
227-3,227,3,2,0,0.29329896,nested_test,weighted,0.44923609495162964
227-4,227,4,2,0,0.0779202,nested_test,weighted,0.44923609495162964
227-5,227,5,2,1,0.22398315,nested_test,weighted,0.44923609495162964
227-6,227,6,2,0,0.04659984,nested_test,weighted,0.44923609495162964
227-7,227,7,2,0,0.12440423,nested_test,weighted,0.44923609495162964
227-8,227,8,2,1,0.5514384,nested_test,weighted,0.44923609495162964
227-9,227,9,2,0,0.26503256,nested_test,weighted,0.44923609495162964
227-10,227,10,2,0,0.03922897,nested_test,weighted,0.44923609495162964
227-11,227,11,2,0,0.022719106,nested_test,weighted,0.44923609495162964
227-12,227,12,2,0,0.16000646,nested_test,weighted,0.44923609495162964
228-0,228,0,2,1,0.24419923,nested_test,weighted,0.44923609495162964
228-1,228,1,2,0,0.12819049,nested_test,weighted,0.44923609495162964
228-2,228,2,2,1,0.4973702,nested_test,weighted,0.44923609495162964
228-3,228,3,2,1,0.51445234,nested_test,weighted,0.44923609495162964
228-4,228,4,2,1,0.17201859,nested_test,weighted,0.44923609495162964
228-5,228,5,2,0,0.098640025,nested_test,weighted,0.44923609495162964
228-6,228,6,2,1,0.054796927,nested_test,weighted,0.44923609495162964
228-7,228,7,2,0,0.12440423,nested_test,weighted,0.44923609495162964
228-8,228,8,2,0,0.38432077,nested_test,weighted,0.44923609495162964
228-9,228,9,2,0,0.26503256,nested_test,weighted,0.44923609495162964
228-10,228,10,2,1,0.060211856,nested_test,weighted,0.44923609495162964
228-11,228,11,2,0,0.03694692,nested_test,weighted,0.44923609495162964
228-12,228,12,2,0,0.102307424,nested_test,weighted,0.44923609495162964
229-0,229,0,3,1,0.29887798,nested_test,weighted,0.44559308886528015
229-1,229,1,3,0,0.09059235,nested_test,weighted,0.44559308886528015
229-2,229,2,3,0,0.033419795,nested_test,weighted,0.44559308886528015
229-3,229,3,3,0,0.3827104,nested_test,weighted,0.44559308886528015
229-4,229,4,3,1,0.09178196,nested_test,weighted,0.44559308886528015
229-5,229,5,3,1,0.23209378,nested_test,weighted,0.44559308886528015
229-6,229,6,3,0,0.030455492,nested_test,weighted,0.44559308886528015
229-7,229,7,3,0,0.12104582,nested_test,weighted,0.44559308886528015
229-8,229,8,3,0,0.03314581,nested_test,weighted,0.44559308886528015
229-9,229,9,3,0,0.18253253,nested_test,weighted,0.44559308886528015
229-10,229,10,3,0,0.041543193,nested_test,weighted,0.44559308886528015
229-11,229,11,3,0,0.028687792,nested_test,weighted,0.44559308886528015
229-12,229,12,3,0,0.122292615,nested_test,weighted,0.44559308886528015
230-0,230,0,4,0,0.056208033,nested_test,weighted,0.5368138551712036
230-1,230,1,4,0,0.07720129,nested_test,weighted,0.5368138551712036
230-2,230,2,4,0,0.23768029,nested_test,weighted,0.5368138551712036
230-3,230,3,4,0,0.17277646,nested_test,weighted,0.5368138551712036
230-4,230,4,4,0,0.030747797,nested_test,weighted,0.5368138551712036
230-5,230,5,4,0,0.02543847,nested_test,weighted,0.5368138551712036
230-6,230,6,4,0,0.070842825,nested_test,weighted,0.5368138551712036
230-7,230,7,4,0,0.06428323,nested_test,weighted,0.5368138551712036
230-8,230,8,4,0,0.107495286,nested_test,weighted,0.5368138551712036
230-9,230,9,4,0,0.14016928,nested_test,weighted,0.5368138551712036
230-10,230,10,4,0,0.033661123,nested_test,weighted,0.5368138551712036
230-11,230,11,4,0,0.06969025,nested_test,weighted,0.5368138551712036
230-12,230,12,4,0,0.09677659,nested_test,weighted,0.5368138551712036
231-0,231,0,1,0,0.20917715,nested_test,weighted,0.48635756969451904
231-1,231,1,1,0,0.19122703,nested_test,weighted,0.48635756969451904
231-2,231,2,1,0,0.10515749,nested_test,weighted,0.48635756969451904
231-3,231,3,1,0,0.13739263,nested_test,weighted,0.48635756969451904
231-4,231,4,1,0,0.03626996,nested_test,weighted,0.48635756969451904
231-5,231,5,1,0,0.061046503,nested_test,weighted,0.48635756969451904
231-6,231,6,1,0,0.0653095,nested_test,weighted,0.48635756969451904
231-7,231,7,1,0,0.099932946,nested_test,weighted,0.48635756969451904
231-8,231,8,1,0,0.06791603,nested_test,weighted,0.48635756969451904
231-9,231,9,1,0,0.20067367,nested_test,weighted,0.48635756969451904
231-10,231,10,1,0,0.05280107,nested_test,weighted,0.48635756969451904
231-11,231,11,1,1,0.41145977,nested_test,weighted,0.48635756969451904
231-12,231,12,1,0,0.09384491,nested_test,weighted,0.48635756969451904
232-0,232,0,2,0,0.17148145,nested_test,weighted,0.44923609495162964
232-1,232,1,2,0,0.25767228,nested_test,weighted,0.44923609495162964
232-2,232,2,2,0,0.33398423,nested_test,weighted,0.44923609495162964
232-3,232,3,2,0,0.34786272,nested_test,weighted,0.44923609495162964
232-4,232,4,2,0,0.07480167,nested_test,weighted,0.44923609495162964
232-5,232,5,2,0,0.096471824,nested_test,weighted,0.44923609495162964
232-6,232,6,2,0,0.05823736,nested_test,weighted,0.44923609495162964
232-7,232,7,2,0,0.099108234,nested_test,weighted,0.44923609495162964
232-8,232,8,2,0,0.3422398,nested_test,weighted,0.44923609495162964
232-9,232,9,2,0,0.32750297,nested_test,weighted,0.44923609495162964
232-10,232,10,2,0,0.03922313,nested_test,weighted,0.44923609495162964
232-11,232,11,2,0,0.03508147,nested_test,weighted,0.44923609495162964
232-12,232,12,2,0,0.12109932,nested_test,weighted,0.44923609495162964
233-0,233,0,5,0,0.14094213,nested_test,weighted,0.372329980134964
233-1,233,1,5,0,0.43129453,nested_test,weighted,0.372329980134964
233-2,233,2,5,0,0.12858592,nested_test,weighted,0.372329980134964
233-3,233,3,5,0,0.47178006,nested_test,weighted,0.372329980134964
233-4,233,4,5,0,0.1708136,nested_test,weighted,0.372329980134964
233-5,233,5,5,0,0.016254846,nested_test,weighted,0.372329980134964
233-6,233,6,5,0,0.41629723,nested_test,weighted,0.372329980134964
233-7,233,7,5,0,0.4636432,nested_test,weighted,0.372329980134964
233-8,233,8,5,0,0.2330017,nested_test,weighted,0.372329980134964
233-9,233,9,5,0,0.43980742,nested_test,weighted,0.372329980134964
233-10,233,10,5,0,0.01323298,nested_test,weighted,0.372329980134964
233-11,233,11,5,0,0.12858592,nested_test,weighted,0.372329980134964
233-12,233,12,5,0,0.24237566,nested_test,weighted,0.372329980134964
234-0,234,0,3,0,0.14538637,nested_test,weighted,0.44559308886528015
234-1,234,1,3,0,0.10936814,nested_test,weighted,0.44559308886528015
234-2,234,2,3,0,0.032327995,nested_test,weighted,0.44559308886528015
234-3,234,3,3,0,0.4246116,nested_test,weighted,0.44559308886528015
234-4,234,4,3,0,0.03669154,nested_test,weighted,0.44559308886528015
234-5,234,5,3,0,0.122607626,nested_test,weighted,0.44559308886528015
234-6,234,6,3,0,0.027556377,nested_test,weighted,0.44559308886528015
234-7,234,7,3,0,0.12598354,nested_test,weighted,0.44559308886528015
234-8,234,8,3,0,0.033464972,nested_test,weighted,0.44559308886528015
234-9,234,9,3,0,0.14945708,nested_test,weighted,0.44559308886528015
234-10,234,10,3,0,0.040197052,nested_test,weighted,0.44559308886528015
234-11,234,11,3,1,0.066133216,nested_test,weighted,0.44559308886528015
234-12,234,12,3,0,0.10111602,nested_test,weighted,0.44559308886528015
235-0,235,0,3,0,0.20303258,nested_test,weighted,0.44559308886528015
235-1,235,1,3,0,0.093980454,nested_test,weighted,0.44559308886528015
235-2,235,2,3,0,0.02287443,nested_test,weighted,0.44559308886528015
235-3,235,3,3,0,0.4599419,nested_test,weighted,0.44559308886528015
235-4,235,4,3,0,0.048760794,nested_test,weighted,0.44559308886528015
235-5,235,5,3,0,0.1342052,nested_test,weighted,0.44559308886528015
235-6,235,6,3,0,0.034069937,nested_test,weighted,0.44559308886528015
235-7,235,7,3,0,0.1456464,nested_test,weighted,0.44559308886528015
235-8,235,8,3,0,0.0409036,nested_test,weighted,0.44559308886528015
235-9,235,9,3,0,0.17814407,nested_test,weighted,0.44559308886528015
235-10,235,10,3,0,0.029503355,nested_test,weighted,0.44559308886528015
235-11,235,11,3,0,0.032926466,nested_test,weighted,0.44559308886528015
235-12,235,12,3,0,0.10696428,nested_test,weighted,0.44559308886528015
236-0,236,0,3,1,0.14020173,nested_test,weighted,0.44559308886528015
236-1,236,1,3,1,0.10530965,nested_test,weighted,0.44559308886528015
236-2,236,2,3,1,0.03102876,nested_test,weighted,0.44559308886528015
236-3,236,3,3,1,0.36475983,nested_test,weighted,0.44559308886528015
236-4,236,4,3,1,0.035223313,nested_test,weighted,0.44559308886528015
236-5,236,5,3,1,0.11812303,nested_test,weighted,0.44559308886528015
236-6,236,6,3,1,0.028270334,nested_test,weighted,0.44559308886528015
236-7,236,7,3,1,0.10236038,nested_test,weighted,0.44559308886528015
236-8,236,8,3,1,0.031139327,nested_test,weighted,0.44559308886528015
236-9,236,9,3,1,0.14263335,nested_test,weighted,0.44559308886528015
236-10,236,10,3,1,0.046692252,nested_test,weighted,0.44559308886528015
236-11,236,11,3,1,0.026439562,nested_test,weighted,0.44559308886528015
236-12,236,12,3,1,0.097330324,nested_test,weighted,0.44559308886528015
237-0,237,0,1,0,0.46686277,nested_test,weighted,0.48635756969451904
237-1,237,1,1,0,0.3703307,nested_test,weighted,0.48635756969451904
237-2,237,2,1,0,0.24849297,nested_test,weighted,0.48635756969451904
237-3,237,3,1,0,0.35016644,nested_test,weighted,0.48635756969451904
237-4,237,4,1,0,0.10187261,nested_test,weighted,0.48635756969451904
237-5,237,5,1,0,0.15900066,nested_test,weighted,0.48635756969451904
237-6,237,6,1,0,0.10230434,nested_test,weighted,0.48635756969451904
237-7,237,7,1,0,0.24766524,nested_test,weighted,0.48635756969451904
237-8,237,8,1,0,0.12506315,nested_test,weighted,0.48635756969451904
237-9,237,9,1,0,0.38441953,nested_test,weighted,0.48635756969451904
237-10,237,10,1,0,0.044272203,nested_test,weighted,0.48635756969451904
237-11,237,11,1,0,0.2314719,nested_test,weighted,0.48635756969451904
237-12,237,12,1,0,0.15808354,nested_test,weighted,0.48635756969451904
238-0,238,0,2,1,0.65489674,nested_test,weighted,0.44923609495162964
238-1,238,1,2,0,0.031399887,nested_test,weighted,0.44923609495162964
238-2,238,2,2,1,0.86195403,nested_test,weighted,0.44923609495162964
238-3,238,3,2,0,0.07036175,nested_test,weighted,0.44923609495162964
238-4,238,4,2,0,0.01160355,nested_test,weighted,0.44923609495162964
238-5,238,5,2,1,0.54679173,nested_test,weighted,0.44923609495162964
238-6,238,6,2,0,0.009367729,nested_test,weighted,0.44923609495162964
238-7,238,7,2,0,0.01717147,nested_test,weighted,0.44923609495162964
238-8,238,8,2,0,0.06808972,nested_test,weighted,0.44923609495162964
238-9,238,9,2,0,0.05946843,nested_test,weighted,0.44923609495162964
238-10,238,10,2,0,0.004865951,nested_test,weighted,0.44923609495162964
238-11,238,11,2,0,0.0049859234,nested_test,weighted,0.44923609495162964
238-12,238,12,2,0,0.018968066,nested_test,weighted,0.44923609495162964
239-0,239,0,4,1,0.14730278,nested_test,weighted,0.5368138551712036
239-1,239,1,4,1,0.18565089,nested_test,weighted,0.5368138551712036
239-2,239,2,4,1,0.38592565,nested_test,weighted,0.5368138551712036
239-3,239,3,4,1,0.32198593,nested_test,weighted,0.5368138551712036
239-4,239,4,4,0,0.04428441,nested_test,weighted,0.5368138551712036
239-5,239,5,4,0,0.093346275,nested_test,weighted,0.5368138551712036
239-6,239,6,4,1,0.102743566,nested_test,weighted,0.5368138551712036
239-7,239,7,4,0,0.18127044,nested_test,weighted,0.5368138551712036
239-8,239,8,4,0,0.25413564,nested_test,weighted,0.5368138551712036
239-9,239,9,4,0,0.35571036,nested_test,weighted,0.5368138551712036
239-10,239,10,4,0,0.038618144,nested_test,weighted,0.5368138551712036
239-11,239,11,4,1,0.13893853,nested_test,weighted,0.5368138551712036
239-12,239,12,4,1,0.1992516,nested_test,weighted,0.5368138551712036
240-0,240,0,1,0,0.39140937,nested_test,weighted,0.48635756969451904
240-1,240,1,1,0,0.34226164,nested_test,weighted,0.48635756969451904
240-2,240,2,1,0,0.24524984,nested_test,weighted,0.48635756969451904
240-3,240,3,1,0,0.29611805,nested_test,weighted,0.48635756969451904
240-4,240,4,1,0,0.08136943,nested_test,weighted,0.48635756969451904
240-5,240,5,1,0,0.1261485,nested_test,weighted,0.48635756969451904
240-6,240,6,1,0,0.10513023,nested_test,weighted,0.48635756969451904
240-7,240,7,1,0,0.2377106,nested_test,weighted,0.48635756969451904
240-8,240,8,1,0,0.113090426,nested_test,weighted,0.48635756969451904
240-9,240,9,1,0,0.33136907,nested_test,weighted,0.48635756969451904
240-10,240,10,1,0,0.03677873,nested_test,weighted,0.48635756969451904
240-11,240,11,1,0,0.19018933,nested_test,weighted,0.48635756969451904
240-12,240,12,1,0,0.15509805,nested_test,weighted,0.48635756969451904
241-0,241,0,5,0,0.050462145,nested_test,weighted,0.372329980134964
241-1,241,1,5,0,0.099199995,nested_test,weighted,0.372329980134964
241-2,241,2,5,0,0.017522719,nested_test,weighted,0.372329980134964
241-3,241,3,5,0,0.09133531,nested_test,weighted,0.372329980134964
241-4,241,4,5,0,0.034777954,nested_test,weighted,0.372329980134964
241-5,241,5,5,0,0.009351759,nested_test,weighted,0.372329980134964
241-6,241,6,5,0,0.13251634,nested_test,weighted,0.372329980134964
241-7,241,7,5,0,0.0964079,nested_test,weighted,0.372329980134964
241-8,241,8,5,0,0.047803763,nested_test,weighted,0.372329980134964
241-9,241,9,5,0,0.08984555,nested_test,weighted,0.372329980134964
241-10,241,10,5,0,0.011325356,nested_test,weighted,0.372329980134964
241-11,241,11,5,0,0.016055409,nested_test,weighted,0.372329980134964
241-12,241,12,5,0,0.06826439,nested_test,weighted,0.372329980134964
242-0,242,0,5,0,0.28026935,nested_test,weighted,0.372329980134964
242-1,242,1,5,0,0.63910836,nested_test,weighted,0.372329980134964
242-2,242,2,5,0,0.24651755,nested_test,weighted,0.372329980134964
242-3,242,3,5,0,0.66313255,nested_test,weighted,0.372329980134964
242-4,242,4,5,0,0.4152097,nested_test,weighted,0.372329980134964
242-5,242,5,5,1,0.004815542,nested_test,weighted,0.372329980134964
242-6,242,6,5,0,0.7539461,nested_test,weighted,0.372329980134964
242-7,242,7,5,0,0.73886627,nested_test,weighted,0.372329980134964
242-8,242,8,5,0,0.4301697,nested_test,weighted,0.372329980134964
242-9,242,9,5,0,0.64407486,nested_test,weighted,0.372329980134964
242-10,242,10,5,0,0.02999972,nested_test,weighted,0.372329980134964
242-11,242,11,5,0,0.19889152,nested_test,weighted,0.372329980134964
242-12,242,12,5,0,0.5251691,nested_test,weighted,0.372329980134964
243-0,243,0,5,0,0.26548108,nested_test,weighted,0.372329980134964
243-1,243,1,5,0,0.54784936,nested_test,weighted,0.372329980134964
243-2,243,2,5,0,0.21978454,nested_test,weighted,0.372329980134964
243-3,243,3,5,0,0.5792503,nested_test,weighted,0.372329980134964
243-4,243,4,5,0,0.332546,nested_test,weighted,0.372329980134964
243-5,243,5,5,0,0.029397724,nested_test,weighted,0.372329980134964
243-6,243,6,5,1,0.10979805,nested_test,weighted,0.372329980134964
243-7,243,7,5,0,0.6017194,nested_test,weighted,0.372329980134964
243-8,243,8,5,0,0.34967026,nested_test,weighted,0.372329980134964
243-9,243,9,5,0,0.55319375,nested_test,weighted,0.372329980134964
243-10,243,10,5,0,0.021470446,nested_test,weighted,0.372329980134964
243-11,243,11,5,0,0.14617735,nested_test,weighted,0.372329980134964
243-12,243,12,5,0,0.4344157,nested_test,weighted,0.372329980134964
244-0,244,0,1,0,0.34508574,nested_test,weighted,0.48635756969451904
244-1,244,1,1,1,0.6151339,nested_test,weighted,0.48635756969451904
244-2,244,2,1,0,0.22105022,nested_test,weighted,0.48635756969451904
244-3,244,3,1,0,0.24118777,nested_test,weighted,0.48635756969451904
244-4,244,4,1,0,0.08192076,nested_test,weighted,0.48635756969451904
244-5,244,5,1,0,0.108688846,nested_test,weighted,0.48635756969451904
244-6,244,6,1,0,0.12515326,nested_test,weighted,0.48635756969451904
244-7,244,7,1,0,0.18267457,nested_test,weighted,0.48635756969451904
244-8,244,8,1,0,0.11492909,nested_test,weighted,0.48635756969451904
244-9,244,9,1,0,0.34407386,nested_test,weighted,0.48635756969451904
244-10,244,10,1,0,0.055224508,nested_test,weighted,0.48635756969451904
244-11,244,11,1,0,0.16721135,nested_test,weighted,0.48635756969451904
244-12,244,12,1,0,0.16734962,nested_test,weighted,0.48635756969451904
245-0,245,0,5,1,0.06935863,nested_test,weighted,0.372329980134964
245-1,245,1,5,1,0.22982055,nested_test,weighted,0.372329980134964
245-2,245,2,5,1,0.039372258,nested_test,weighted,0.372329980134964
245-3,245,3,5,1,0.17887215,nested_test,weighted,0.372329980134964
245-4,245,4,5,0,0.03788806,nested_test,weighted,0.372329980134964
245-5,245,5,5,1,0.009704425,nested_test,weighted,0.372329980134964
245-6,245,6,5,0,0.091251336,nested_test,weighted,0.372329980134964
245-7,245,7,5,0,0.11675332,nested_test,weighted,0.372329980134964
245-8,245,8,5,1,0.06175011,nested_test,weighted,0.372329980134964
245-9,245,9,5,0,0.14194232,nested_test,weighted,0.372329980134964
245-10,245,10,5,1,0.007686647,nested_test,weighted,0.372329980134964
245-11,245,11,5,0,0.021473927,nested_test,weighted,0.372329980134964
245-12,245,12,5,1,0.10151736,nested_test,weighted,0.372329980134964
246-0,246,0,5,0,0.24062696,nested_test,weighted,0.372329980134964
246-1,246,1,5,1,0.11637931,nested_test,weighted,0.372329980134964
246-2,246,2,5,1,0.02658898,nested_test,weighted,0.372329980134964
246-3,246,3,5,1,0.12909466,nested_test,weighted,0.372329980134964
246-4,246,4,5,0,0.22726397,nested_test,weighted,0.372329980134964
246-5,246,5,5,0,0.020054132,nested_test,weighted,0.372329980134964
246-6,246,6,5,1,0.16234167,nested_test,weighted,0.372329980134964
246-7,246,7,5,0,0.48557714,nested_test,weighted,0.372329980134964
246-8,246,8,5,1,0.064301305,nested_test,weighted,0.372329980134964
246-9,246,9,5,0,0.430673,nested_test,weighted,0.372329980134964
246-10,246,10,5,1,0.014080537,nested_test,weighted,0.372329980134964
246-11,246,11,5,1,0.02627997,nested_test,weighted,0.372329980134964
246-12,246,12,5,1,0.09965497,nested_test,weighted,0.372329980134964
247-0,247,0,4,0,0.08066799,nested_test,weighted,0.5368138551712036
247-1,247,1,4,0,0.12279908,nested_test,weighted,0.5368138551712036
247-2,247,2,4,0,0.34270078,nested_test,weighted,0.5368138551712036
247-3,247,3,4,0,0.23465496,nested_test,weighted,0.5368138551712036
247-4,247,4,4,0,0.053907298,nested_test,weighted,0.5368138551712036
247-5,247,5,4,0,0.060058005,nested_test,weighted,0.5368138551712036
247-6,247,6,4,0,0.11061232,nested_test,weighted,0.5368138551712036
247-7,247,7,4,0,0.12799522,nested_test,weighted,0.5368138551712036
247-8,247,8,4,0,0.18969263,nested_test,weighted,0.5368138551712036
247-9,247,9,4,0,0.28260255,nested_test,weighted,0.5368138551712036
247-10,247,10,4,0,0.029326426,nested_test,weighted,0.5368138551712036
247-11,247,11,4,0,0.10353743,nested_test,weighted,0.5368138551712036
247-12,247,12,4,0,0.13658744,nested_test,weighted,0.5368138551712036
248-0,248,0,2,1,0.25312018,nested_test,weighted,0.44923609495162964
248-1,248,1,2,1,0.33052188,nested_test,weighted,0.44923609495162964
248-2,248,2,2,0,0.3574972,nested_test,weighted,0.44923609495162964
248-3,248,3,2,0,0.37592125,nested_test,weighted,0.44923609495162964
248-4,248,4,2,0,0.09350428,nested_test,weighted,0.44923609495162964
248-5,248,5,2,0,0.100021325,nested_test,weighted,0.44923609495162964
248-6,248,6,2,0,0.06458712,nested_test,weighted,0.44923609495162964
248-7,248,7,2,0,0.14779511,nested_test,weighted,0.44923609495162964
248-8,248,8,2,0,0.39090365,nested_test,weighted,0.44923609495162964
248-9,248,9,2,0,0.373546,nested_test,weighted,0.44923609495162964
248-10,248,10,2,0,0.04424443,nested_test,weighted,0.44923609495162964
248-11,248,11,2,0,0.027833216,nested_test,weighted,0.44923609495162964
248-12,248,12,2,0,0.15996058,nested_test,weighted,0.44923609495162964
249-0,249,0,3,0,0.23672752,nested_test,weighted,0.44559308886528015
249-1,249,1,3,0,0.121510915,nested_test,weighted,0.44559308886528015
249-2,249,2,3,0,0.0295249,nested_test,weighted,0.44559308886528015
249-3,249,3,3,0,0.52050364,nested_test,weighted,0.44559308886528015
249-4,249,4,3,0,0.06527489,nested_test,weighted,0.44559308886528015
249-5,249,5,3,0,0.17399509,nested_test,weighted,0.44559308886528015
249-6,249,6,3,0,0.032082576,nested_test,weighted,0.44559308886528015
249-7,249,7,3,0,0.21158703,nested_test,weighted,0.44559308886528015
249-8,249,8,3,0,0.06313208,nested_test,weighted,0.44559308886528015
249-9,249,9,3,0,0.20499118,nested_test,weighted,0.44559308886528015
249-10,249,10,3,0,0.048142496,nested_test,weighted,0.44559308886528015
249-11,249,11,3,0,0.04017514,nested_test,weighted,0.44559308886528015
249-12,249,12,3,0,0.16197728,nested_test,weighted,0.44559308886528015
250-0,250,0,3,1,0.22867182,nested_test,weighted,0.44559308886528015
250-1,250,1,3,1,0.17142841,nested_test,weighted,0.44559308886528015
250-2,250,2,3,0,0.032327995,nested_test,weighted,0.44559308886528015
250-3,250,3,3,1,0.5142698,nested_test,weighted,0.44559308886528015
250-4,250,4,3,1,0.09178196,nested_test,weighted,0.44559308886528015
250-5,250,5,3,0,0.14603746,nested_test,weighted,0.44559308886528015
250-6,250,6,3,0,0.03456838,nested_test,weighted,0.44559308886528015
250-7,250,7,3,1,0.20415798,nested_test,weighted,0.44559308886528015
250-8,250,8,3,1,0.061753754,nested_test,weighted,0.44559308886528015
250-9,250,9,3,1,0.2707065,nested_test,weighted,0.44559308886528015
250-10,250,10,3,1,0.046116486,nested_test,weighted,0.44559308886528015
250-11,250,11,3,1,0.05417489,nested_test,weighted,0.44559308886528015
250-12,250,12,3,1,0.21597809,nested_test,weighted,0.44559308886528015
251-0,251,0,4,0,0.15182064,nested_test,weighted,0.5368138551712036
251-1,251,1,4,0,0.15119627,nested_test,weighted,0.5368138551712036
251-2,251,2,4,0,0.46468115,nested_test,weighted,0.5368138551712036
251-3,251,3,4,1,0.4157483,nested_test,weighted,0.5368138551712036
251-4,251,4,4,0,0.05790079,nested_test,weighted,0.5368138551712036
251-5,251,5,4,0,0.057237186,nested_test,weighted,0.5368138551712036
251-6,251,6,4,0,0.1484712,nested_test,weighted,0.5368138551712036
251-7,251,7,4,0,0.17539759,nested_test,weighted,0.5368138551712036
251-8,251,8,4,0,0.24996915,nested_test,weighted,0.5368138551712036
251-9,251,9,4,0,0.3571268,nested_test,weighted,0.5368138551712036
251-10,251,10,4,0,0.05388065,nested_test,weighted,0.5368138551712036
251-11,251,11,4,0,0.13291456,nested_test,weighted,0.5368138551712036
251-12,251,12,4,0,0.2339801,nested_test,weighted,0.5368138551712036
252-0,252,0,5,0,0.045093585,nested_test,weighted,0.372329980134964
252-1,252,1,5,0,0.11637931,nested_test,weighted,0.372329980134964
252-2,252,2,5,0,0.029077657,nested_test,weighted,0.372329980134964
252-3,252,3,5,0,0.14991315,nested_test,weighted,0.372329980134964
252-4,252,4,5,0,0.035378855,nested_test,weighted,0.372329980134964
252-5,252,5,5,1,0.016826335,nested_test,weighted,0.372329980134964
252-6,252,6,5,0,0.18808042,nested_test,weighted,0.372329980134964
252-7,252,7,5,1,0.56908077,nested_test,weighted,0.372329980134964
252-8,252,8,5,0,0.0822377,nested_test,weighted,0.372329980134964
252-9,252,9,5,0,0.1199878,nested_test,weighted,0.372329980134964
252-10,252,10,5,0,0.014080537,nested_test,weighted,0.372329980134964
252-11,252,11,5,0,0.02452757,nested_test,weighted,0.372329980134964
252-12,252,12,5,0,0.14649943,nested_test,weighted,0.372329980134964
253-0,253,0,3,0,0.08538521,nested_test,weighted,0.44559308886528015
253-1,253,1,3,0,0.063024536,nested_test,weighted,0.44559308886528015
253-2,253,2,3,0,0.017970668,nested_test,weighted,0.44559308886528015
253-3,253,3,3,0,0.24511701,nested_test,weighted,0.44559308886528015
253-4,253,4,3,0,0.021711048,nested_test,weighted,0.44559308886528015
253-5,253,5,3,0,0.086375594,nested_test,weighted,0.44559308886528015
253-6,253,6,3,0,0.020752246,nested_test,weighted,0.44559308886528015
253-7,253,7,3,0,0.06685201,nested_test,weighted,0.44559308886528015
253-8,253,8,3,0,0.019327616,nested_test,weighted,0.44559308886528015
253-9,253,9,3,0,0.105568446,nested_test,weighted,0.44559308886528015
253-10,253,10,3,0,0.02901572,nested_test,weighted,0.44559308886528015
253-11,253,11,3,0,0.016073309,nested_test,weighted,0.44559308886528015
253-12,253,12,3,0,0.05807103,nested_test,weighted,0.44559308886528015
254-0,254,0,5,0,0.026678652,nested_test,weighted,0.372329980134964
254-1,254,1,5,0,0.05782668,nested_test,weighted,0.372329980134964
254-2,254,2,5,0,0.012265879,nested_test,weighted,0.372329980134964
254-3,254,3,5,0,0.07472549,nested_test,weighted,0.372329980134964
254-4,254,4,5,0,0.017107153,nested_test,weighted,0.372329980134964
254-5,254,5,5,0,0.0050985944,nested_test,weighted,0.372329980134964
254-6,254,6,5,0,0.07252402,nested_test,weighted,0.372329980134964
254-7,254,7,5,0,0.052227728,nested_test,weighted,0.372329980134964
254-8,254,8,5,0,0.023048138,nested_test,weighted,0.372329980134964
254-9,254,9,5,0,0.056187436,nested_test,weighted,0.372329980134964
254-10,254,10,5,0,0.005468582,nested_test,weighted,0.372329980134964
254-11,254,11,5,0,0.012008442,nested_test,weighted,0.372329980134964
254-12,254,12,5,0,0.045064885,nested_test,weighted,0.372329980134964
255-0,255,0,1,0,0.16369341,nested_test,weighted,0.48635756969451904
255-1,255,1,1,0,0.12614927,nested_test,weighted,0.48635756969451904
255-2,255,2,1,0,0.07129796,nested_test,weighted,0.48635756969451904
255-3,255,3,1,0,0.08533882,nested_test,weighted,0.48635756969451904
255-4,255,4,1,0,0.024760148,nested_test,weighted,0.48635756969451904
255-5,255,5,1,0,0.03692828,nested_test,weighted,0.48635756969451904
255-6,255,6,1,0,0.03701114,nested_test,weighted,0.48635756969451904
255-7,255,7,1,0,0.05916543,nested_test,weighted,0.48635756969451904
255-8,255,8,1,0,0.035477545,nested_test,weighted,0.48635756969451904
255-9,255,9,1,0,0.13290933,nested_test,weighted,0.48635756969451904
255-10,255,10,1,0,0.027940754,nested_test,weighted,0.48635756969451904
255-11,255,11,1,0,0.060318746,nested_test,weighted,0.48635756969451904
255-12,255,12,1,1,0.3140916,nested_test,weighted,0.48635756969451904
256-0,256,0,3,0,0.23844783,nested_test,weighted,0.44559308886528015
256-1,256,1,3,0,0.17932622,nested_test,weighted,0.44559308886528015
256-2,256,2,3,1,0.03020879,nested_test,weighted,0.44559308886528015
256-3,256,3,3,1,0.35838252,nested_test,weighted,0.44559308886528015
256-4,256,4,3,0,0.09643745,nested_test,weighted,0.44559308886528015
256-5,256,5,3,1,0.11527529,nested_test,weighted,0.44559308886528015
256-6,256,6,3,1,0.032307208,nested_test,weighted,0.44559308886528015
256-7,256,7,3,1,0.099849634,nested_test,weighted,0.44559308886528015
256-8,256,8,3,1,0.030316526,nested_test,weighted,0.44559308886528015
256-9,256,9,3,1,0.13928802,nested_test,weighted,0.44559308886528015
256-10,256,10,3,0,0.04857959,nested_test,weighted,0.44559308886528015
256-11,256,11,3,1,0.025737634,nested_test,weighted,0.44559308886528015
256-12,256,12,3,0,0.1632706,nested_test,weighted,0.44559308886528015
257-0,257,0,3,0,0.23898591,nested_test,weighted,0.44559308886528015
257-1,257,1,3,0,0.17976238,nested_test,weighted,0.44559308886528015
257-2,257,2,3,0,0.046285756,nested_test,weighted,0.44559308886528015
257-3,257,3,3,0,0.6334667,nested_test,weighted,0.44559308886528015
257-4,257,4,3,0,0.09669575,nested_test,weighted,0.44559308886528015
257-5,257,5,3,0,0.17579289,nested_test,weighted,0.44559308886528015
257-6,257,6,3,0,0.061846178,nested_test,weighted,0.44559308886528015
257-7,257,7,3,0,0.21367274,nested_test,weighted,0.44559308886528015
257-8,257,8,3,0,0.08024818,nested_test,weighted,0.44559308886528015
257-9,257,9,3,0,0.20702899,nested_test,weighted,0.44559308886528015
257-10,257,10,3,0,0.048716623,nested_test,weighted,0.44559308886528015
257-11,257,11,3,0,0.08074938,nested_test,weighted,0.44559308886528015
257-12,257,12,3,0,0.12494096,nested_test,weighted,0.44559308886528015
258-0,258,0,5,1,0.42062077,nested_test,weighted,0.372329980134964
258-1,258,1,5,0,0.051798455,nested_test,weighted,0.372329980134964
258-2,258,2,5,0,0.010932093,nested_test,weighted,0.372329980134964
258-3,258,3,5,0,0.055957865,nested_test,weighted,0.372329980134964
258-4,258,4,5,0,0.016565733,nested_test,weighted,0.372329980134964
258-5,258,5,5,0,0.004540593,nested_test,weighted,0.372329980134964
258-6,258,6,5,1,0.7539461,nested_test,weighted,0.372329980134964
258-7,258,7,5,0,0.04675416,nested_test,weighted,0.372329980134964
258-8,258,8,5,0,0.020566318,nested_test,weighted,0.372329980134964
258-9,258,9,5,1,0.64407486,nested_test,weighted,0.372329980134964
258-10,258,10,5,0,0.0046444708,nested_test,weighted,0.372329980134964
258-11,258,11,5,0,0.010803019,nested_test,weighted,0.372329980134964
258-12,258,12,5,0,0.040310126,nested_test,weighted,0.372329980134964
259-0,259,0,1,0,0.37405404,nested_test,weighted,0.48635756969451904
259-1,259,1,1,0,0.34219256,nested_test,weighted,0.48635756969451904
259-2,259,2,1,0,0.1812156,nested_test,weighted,0.48635756969451904
259-3,259,3,1,0,0.2358792,nested_test,weighted,0.48635756969451904
259-4,259,4,1,0,0.06569848,nested_test,weighted,0.48635756969451904
259-5,259,5,1,0,0.094818905,nested_test,weighted,0.48635756969451904
259-6,259,6,1,0,0.10128122,nested_test,weighted,0.48635756969451904
259-7,259,7,1,0,0.18680012,nested_test,weighted,0.48635756969451904
259-8,259,8,1,0,0.111704625,nested_test,weighted,0.48635756969451904
259-9,259,9,1,0,0.30694753,nested_test,weighted,0.48635756969451904
259-10,259,10,1,0,0.0501129,nested_test,weighted,0.48635756969451904
259-11,259,11,1,0,0.18993023,nested_test,weighted,0.48635756969451904
259-12,259,12,1,0,0.17388994,nested_test,weighted,0.48635756969451904
260-0,260,0,3,0,0.16557,nested_test,weighted,0.44559308886528015
260-1,260,1,3,0,0.12508231,nested_test,weighted,0.44559308886528015
260-2,260,2,3,0,0.029018305,nested_test,weighted,0.44559308886528015
260-3,260,3,3,0,0.40833533,nested_test,weighted,0.44559308886528015
260-4,260,4,3,0,0.042159732,nested_test,weighted,0.44559308886528015
260-5,260,5,3,0,0.13894556,nested_test,weighted,0.44559308886528015
260-6,260,6,3,0,0.027558401,nested_test,weighted,0.44559308886528015
260-7,260,7,3,0,0.11712745,nested_test,weighted,0.44559308886528015
260-8,260,8,3,0,0.03238626,nested_test,weighted,0.44559308886528015
260-9,260,9,3,0,0.17038532,nested_test,weighted,0.44559308886528015
260-10,260,10,3,1,0.04414074,nested_test,weighted,0.44559308886528015
260-11,260,11,3,0,0.03529119,nested_test,weighted,0.44559308886528015
260-12,260,12,3,0,0.11853458,nested_test,weighted,0.44559308886528015
261-0,261,0,3,1,0.23533954,nested_test,weighted,0.44559308886528015
261-1,261,1,3,0,0.1084604,nested_test,weighted,0.44559308886528015
261-2,261,2,3,0,0.037046157,nested_test,weighted,0.44559308886528015
261-3,261,3,3,0,0.4115697,nested_test,weighted,0.44559308886528015
261-4,261,4,3,0,0.04365232,nested_test,weighted,0.44559308886528015
261-5,261,5,3,0,0.14487493,nested_test,weighted,0.44559308886528015
261-6,261,6,3,0,0.029191365,nested_test,weighted,0.44559308886528015
261-7,261,7,3,0,0.105433285,nested_test,weighted,0.44559308886528015
261-8,261,8,3,0,0.0314342,nested_test,weighted,0.44559308886528015
261-9,261,9,3,0,0.14671765,nested_test,weighted,0.44559308886528015
261-10,261,10,3,0,0.048183713,nested_test,weighted,0.44559308886528015
261-11,261,11,3,0,0.027302613,nested_test,weighted,0.44559308886528015
261-12,261,12,3,0,0.10026908,nested_test,weighted,0.44559308886528015
262-0,262,0,5,1,0.34602934,nested_test,weighted,0.372329980134964
262-1,262,1,5,1,0.72538996,nested_test,weighted,0.372329980134964
262-2,262,2,5,1,0.29348895,nested_test,weighted,0.372329980134964
262-3,262,3,5,1,0.682196,nested_test,weighted,0.372329980134964
262-4,262,4,5,1,0.34618044,nested_test,weighted,0.372329980134964
262-5,262,5,5,0,0.0055447957,nested_test,weighted,0.372329980134964
262-6,262,6,5,0,0.074572526,nested_test,weighted,0.372329980134964
262-7,262,7,5,1,0.73886627,nested_test,weighted,0.372329980134964
262-8,262,8,5,0,0.023048138,nested_test,weighted,0.372329980134964
262-9,262,9,5,0,0.0590147,nested_test,weighted,0.372329980134964
262-10,262,10,5,1,0.042671386,nested_test,weighted,0.372329980134964
262-11,262,11,5,1,0.24429405,nested_test,weighted,0.372329980134964
262-12,262,12,5,0,0.059763286,nested_test,weighted,0.372329980134964
263-0,263,0,4,0,0.15182064,nested_test,weighted,0.5368138551712036
263-1,263,1,4,0,0.15119627,nested_test,weighted,0.5368138551712036
263-2,263,2,4,0,0.46468115,nested_test,weighted,0.5368138551712036
263-3,263,3,4,0,0.2988649,nested_test,weighted,0.5368138551712036
263-4,263,4,4,0,0.07437542,nested_test,weighted,0.5368138551712036
263-5,263,5,4,0,0.082657665,nested_test,weighted,0.5368138551712036
263-6,263,6,4,0,0.14988586,nested_test,weighted,0.5368138551712036
263-7,263,7,4,0,0.17539759,nested_test,weighted,0.5368138551712036
263-8,263,8,4,0,0.27594078,nested_test,weighted,0.5368138551712036
263-9,263,9,4,0,0.3571268,nested_test,weighted,0.5368138551712036
263-10,263,10,4,0,0.048849348,nested_test,weighted,0.5368138551712036
263-11,263,11,4,0,0.13478784,nested_test,weighted,0.5368138551712036
263-12,263,12,4,0,0.17831008,nested_test,weighted,0.5368138551712036
264-0,264,0,4,1,0.1316358,nested_test,weighted,0.5368138551712036
264-1,264,1,4,0,0.20906614,nested_test,weighted,0.5368138551712036
264-2,264,2,4,1,0.48647806,nested_test,weighted,0.5368138551712036
264-3,264,3,4,1,0.25987685,nested_test,weighted,0.5368138551712036
264-4,264,4,4,1,0.061415575,nested_test,weighted,0.5368138551712036
264-5,264,5,4,1,0.07132581,nested_test,weighted,0.5368138551712036
264-6,264,6,4,1,0.12551096,nested_test,weighted,0.5368138551712036
264-7,264,7,4,1,0.14841078,nested_test,weighted,0.5368138551712036
264-8,264,8,4,1,0.23470315,nested_test,weighted,0.5368138551712036
264-9,264,9,4,1,0.32622662,nested_test,weighted,0.5368138551712036
264-10,264,10,4,1,0.046117093,nested_test,weighted,0.5368138551712036
264-11,264,11,4,1,0.19099686,nested_test,weighted,0.5368138551712036
264-12,264,12,4,1,0.18160462,nested_test,weighted,0.5368138551712036
265-0,265,0,3,0,0.111387596,nested_test,weighted,0.44559308886528015
265-1,265,1,3,0,0.06863689,nested_test,weighted,0.44559308886528015
265-2,265,2,3,1,0.04957606,nested_test,weighted,0.44559308886528015
265-3,265,3,3,0,0.35390133,nested_test,weighted,0.44559308886528015
265-4,265,4,3,0,0.0334665,nested_test,weighted,0.44559308886528015
265-5,265,5,3,0,0.112642325,nested_test,weighted,0.44559308886528015
265-6,265,6,3,0,0.021885222,nested_test,weighted,0.44559308886528015
265-7,265,7,3,0,0.08775184,nested_test,weighted,0.44559308886528015
265-8,265,8,3,0,0.02578047,nested_test,weighted,0.44559308886528015
265-9,265,9,3,0,0.118449286,nested_test,weighted,0.44559308886528015
265-10,265,10,3,0,0.029897451,nested_test,weighted,0.44559308886528015
265-11,265,11,3,0,0.021463418,nested_test,weighted,0.44559308886528015
265-12,265,12,3,0,0.07645063,nested_test,weighted,0.44559308886528015
266-0,266,0,5,0,0.050462145,nested_test,weighted,0.372329980134964
266-1,266,1,5,0,0.099199995,nested_test,weighted,0.372329980134964
266-2,266,2,5,0,0.017522719,nested_test,weighted,0.372329980134964
266-3,266,3,5,1,0.5000737,nested_test,weighted,0.372329980134964
266-4,266,4,5,1,0.24557936,nested_test,weighted,0.372329980134964
266-5,266,5,5,0,0.009351759,nested_test,weighted,0.372329980134964
266-6,266,6,5,1,0.5594012,nested_test,weighted,0.372329980134964
266-7,266,7,5,0,0.0964079,nested_test,weighted,0.372329980134964
266-8,266,8,5,1,0.27727008,nested_test,weighted,0.372329980134964
266-9,266,9,5,0,0.101146735,nested_test,weighted,0.372329980134964
266-10,266,10,5,1,0.023208812,nested_test,weighted,0.372329980134964
266-11,266,11,5,1,0.14599119,nested_test,weighted,0.372329980134964
266-12,266,12,5,0,0.1033245,nested_test,weighted,0.372329980134964
267-0,267,0,5,0,0.08128522,nested_test,weighted,0.372329980134964
267-1,267,1,5,0,0.1924149,nested_test,weighted,0.372329980134964
267-2,267,2,5,0,0.048554808,nested_test,weighted,0.372329980134964
267-3,267,3,5,0,0.19827135,nested_test,weighted,0.372329980134964
267-4,267,4,5,0,0.048851497,nested_test,weighted,0.372329980134964
267-5,267,5,5,0,0.008591097,nested_test,weighted,0.372329980134964
267-6,267,6,5,1,0.23289977,nested_test,weighted,0.372329980134964
267-7,267,7,5,0,0.16804302,nested_test,weighted,0.372329980134964
267-8,267,8,5,0,0.08022222,nested_test,weighted,0.372329980134964
267-9,267,9,5,0,0.14587495,nested_test,weighted,0.372329980134964
267-10,267,10,5,0,0.008099754,nested_test,weighted,0.372329980134964
267-11,267,11,5,0,0.033438154,nested_test,weighted,0.372329980134964
267-12,267,12,5,0,0.11391682,nested_test,weighted,0.372329980134964
268-0,268,0,3,0,0.14598516,nested_test,weighted,0.44559308886528015
268-1,268,1,3,0,0.088188566,nested_test,weighted,0.44559308886528015
268-2,268,2,3,0,0.025974315,nested_test,weighted,0.44559308886528015
268-3,268,3,3,0,0.37575823,nested_test,weighted,0.44559308886528015
268-4,268,4,3,0,0.02826413,nested_test,weighted,0.44559308886528015
268-5,268,5,3,0,0.092710175,nested_test,weighted,0.44559308886528015
268-6,268,6,3,0,0.03472931,nested_test,weighted,0.44559308886528015
268-7,268,7,3,0,0.1067767,nested_test,weighted,0.44559308886528015
268-8,268,8,3,0,0.03221233,nested_test,weighted,0.44559308886528015
268-9,268,9,3,0,0.11506885,nested_test,weighted,0.44559308886528015
268-10,268,10,3,0,0.04038309,nested_test,weighted,0.44559308886528015
268-11,268,11,3,0,0.027681299,nested_test,weighted,0.44559308886528015
268-12,268,12,3,0,0.101554155,nested_test,weighted,0.44559308886528015
269-0,269,0,3,0,0.08530911,nested_test,weighted,0.44559308886528015
269-1,269,1,3,0,0.10273482,nested_test,weighted,0.44559308886528015
269-2,269,2,3,0,0.03020879,nested_test,weighted,0.44559308886528015
269-3,269,3,3,0,0.39696774,nested_test,weighted,0.44559308886528015
269-4,269,4,3,1,0.09643745,nested_test,weighted,0.44559308886528015
269-5,269,5,3,0,0.13752355,nested_test,weighted,0.44559308886528015
269-6,269,6,3,0,0.02752119,nested_test,weighted,0.44559308886528015
269-7,269,7,3,0,0.099849634,nested_test,weighted,0.44559308886528015
269-8,269,8,3,0,0.030652782,nested_test,weighted,0.44559308886528015
269-9,269,9,3,0,0.13928802,nested_test,weighted,0.44559308886528015
269-10,269,10,3,0,0.027060697,nested_test,weighted,0.44559308886528015
269-11,269,11,3,0,0.025737634,nested_test,weighted,0.44559308886528015
269-12,269,12,3,0,0.09492992,nested_test,weighted,0.44559308886528015
270-0,270,0,1,0,0.10815581,nested_test,weighted,0.48635756969451904
270-1,270,1,1,0,0.09711924,nested_test,weighted,0.48635756969451904
270-2,270,2,1,0,0.051069457,nested_test,weighted,0.48635756969451904
270-3,270,3,1,0,0.06354968,nested_test,weighted,0.48635756969451904
270-4,270,4,1,0,0.01876163,nested_test,weighted,0.48635756969451904
270-5,270,5,1,0,0.028402612,nested_test,weighted,0.48635756969451904
270-6,270,6,1,0,0.02900817,nested_test,weighted,0.48635756969451904
270-7,270,7,1,0,0.049551122,nested_test,weighted,0.48635756969451904
270-8,270,8,1,0,0.025726348,nested_test,weighted,0.48635756969451904
270-9,270,9,1,0,0.10506063,nested_test,weighted,0.48635756969451904
270-10,270,10,1,0,0.023020577,nested_test,weighted,0.48635756969451904
270-11,270,11,1,1,0.65071595,nested_test,weighted,0.48635756969451904
270-12,270,12,1,0,0.04259483,nested_test,weighted,0.48635756969451904
271-0,271,0,4,0,0.097159244,nested_test,weighted,0.5368138551712036
271-1,271,1,4,0,0.15302637,nested_test,weighted,0.5368138551712036
271-2,271,2,4,0,0.4679316,nested_test,weighted,0.5368138551712036
271-3,271,3,4,0,0.32343414,nested_test,weighted,0.5368138551712036
271-4,271,4,4,0,0.042859484,nested_test,weighted,0.5368138551712036
271-5,271,5,4,0,0.08196135,nested_test,weighted,0.5368138551712036
271-6,271,6,4,0,0.13074984,nested_test,weighted,0.5368138551712036
271-7,271,7,4,0,0.16990378,nested_test,weighted,0.5368138551712036
271-8,271,8,4,0,0.23953676,nested_test,weighted,0.5368138551712036
271-9,271,9,4,0,0.36013108,nested_test,weighted,0.5368138551712036
271-10,271,10,4,0,0.03736841,nested_test,weighted,0.5368138551712036
271-11,271,11,4,0,0.116478935,nested_test,weighted,0.5368138551712036
271-12,271,12,4,0,0.14063217,nested_test,weighted,0.5368138551712036
272-0,272,0,2,0,0.10785117,nested_test,weighted,0.44923609495162964
272-1,272,1,2,0,0.16277426,nested_test,weighted,0.44923609495162964
272-2,272,2,2,1,0.5058361,nested_test,weighted,0.44923609495162964
272-3,272,3,2,0,0.27218857,nested_test,weighted,0.44923609495162964
272-4,272,4,2,0,0.05331035,nested_test,weighted,0.44923609495162964
272-5,272,5,2,1,0.18467514,nested_test,weighted,0.44923609495162964
272-6,272,6,2,0,0.04172297,nested_test,weighted,0.44923609495162964
272-7,272,7,2,1,0.18492691,nested_test,weighted,0.44923609495162964
272-8,272,8,2,1,0.52030426,nested_test,weighted,0.44923609495162964
272-9,272,9,2,0,0.19887109,nested_test,weighted,0.44923609495162964
272-10,272,10,2,1,0.04852729,nested_test,weighted,0.44923609495162964
272-11,272,11,2,1,0.045178965,nested_test,weighted,0.44923609495162964
272-12,272,12,2,0,0.09723948,nested_test,weighted,0.44923609495162964
273-0,273,0,1,0,0.60930234,nested_test,weighted,0.48635756969451904
273-1,273,1,1,0,0.57770485,nested_test,weighted,0.48635756969451904
273-2,273,2,1,0,0.41974974,nested_test,weighted,0.48635756969451904
273-3,273,3,1,1,0.08106764,nested_test,weighted,0.48635756969451904
273-4,273,4,1,0,0.17877325,nested_test,weighted,0.48635756969451904
273-5,273,5,1,0,0.28848255,nested_test,weighted,0.48635756969451904
273-6,273,6,1,0,0.17553103,nested_test,weighted,0.48635756969451904
273-7,273,7,1,0,0.4097585,nested_test,weighted,0.48635756969451904
273-8,273,8,1,0,0.2211034,nested_test,weighted,0.48635756969451904
273-9,273,9,1,0,0.5220097,nested_test,weighted,0.48635756969451904
273-10,273,10,1,0,0.07368055,nested_test,weighted,0.48635756969451904
273-11,273,11,1,0,0.33959502,nested_test,weighted,0.48635756969451904
273-12,273,12,1,0,0.29010898,nested_test,weighted,0.48635756969451904
274-0,274,0,1,0,0.49176407,nested_test,weighted,0.48635756969451904
274-1,274,1,1,0,0.47612098,nested_test,weighted,0.48635756969451904
274-2,274,2,1,0,0.3283485,nested_test,weighted,0.48635756969451904
274-3,274,3,1,0,0.26933923,nested_test,weighted,0.48635756969451904
274-4,274,4,1,0,0.122490615,nested_test,weighted,0.48635756969451904
274-5,274,5,1,0,0.21507037,nested_test,weighted,0.48635756969451904
274-6,274,6,1,0,0.15845098,nested_test,weighted,0.48635756969451904
274-7,274,7,1,0,0.30635527,nested_test,weighted,0.48635756969451904
274-8,274,8,1,0,0.1511819,nested_test,weighted,0.48635756969451904
274-9,274,9,1,0,0.47518143,nested_test,weighted,0.48635756969451904
274-10,274,10,1,0,0.0578733,nested_test,weighted,0.48635756969451904
274-11,274,11,1,0,0.26108512,nested_test,weighted,0.48635756969451904
274-12,274,12,1,1,0.17857605,nested_test,weighted,0.48635756969451904
275-0,275,0,5,1,0.2657975,nested_test,weighted,0.372329980134964
275-1,275,1,5,0,0.08983598,nested_test,weighted,0.372329980134964
275-2,275,2,5,0,0.02131079,nested_test,weighted,0.372329980134964
275-3,275,3,5,1,0.5792503,nested_test,weighted,0.372329980134964
275-4,275,4,5,1,0.332546,nested_test,weighted,0.372329980134964
275-5,275,5,5,0,0.007851951,nested_test,weighted,0.372329980134964
275-6,275,6,5,1,0.6399179,nested_test,weighted,0.372329980134964
275-7,275,7,5,0,0.09211677,nested_test,weighted,0.372329980134964
275-8,275,8,5,0,0.037301682,nested_test,weighted,0.372329980134964
275-9,275,9,5,0,0.08260423,nested_test,weighted,0.372329980134964
275-10,275,10,5,0,0.007943516,nested_test,weighted,0.372329980134964
275-11,275,11,5,0,0.02106179,nested_test,weighted,0.372329980134964
275-12,275,12,5,0,0.08487601,nested_test,weighted,0.372329980134964
276-0,276,0,1,1,0.61719114,nested_test,weighted,0.48635756969451904
276-1,276,1,1,1,0.58886224,nested_test,weighted,0.48635756969451904
276-2,276,2,1,1,0.42787197,nested_test,weighted,0.48635756969451904
276-3,276,3,1,1,0.4919302,nested_test,weighted,0.48635756969451904
276-4,276,4,1,1,0.18865736,nested_test,weighted,0.48635756969451904
276-5,276,5,1,1,0.29535773,nested_test,weighted,0.48635756969451904
276-6,276,6,1,1,0.24633439,nested_test,weighted,0.48635756969451904
276-7,276,7,1,1,0.41782662,nested_test,weighted,0.48635756969451904
276-8,276,8,1,1,0.2268848,nested_test,weighted,0.48635756969451904
276-9,276,9,1,1,0.62058973,nested_test,weighted,0.48635756969451904
276-10,276,10,1,1,0.10045074,nested_test,weighted,0.48635756969451904
276-11,276,11,1,1,0.3415859,nested_test,weighted,0.48635756969451904
276-12,276,12,1,1,0.3165485,nested_test,weighted,0.48635756969451904
277-0,277,0,4,0,0.122661196,nested_test,weighted,0.5368138551712036
277-1,277,1,4,0,0.20425694,nested_test,weighted,0.5368138551712036
277-2,277,2,4,0,0.4882233,nested_test,weighted,0.5368138551712036
277-3,277,3,4,0,0.31419203,nested_test,weighted,0.5368138551712036
277-4,277,4,4,0,0.05657494,nested_test,weighted,0.5368138551712036
277-5,277,5,4,1,0.06925813,nested_test,weighted,0.5368138551712036
277-6,277,6,4,0,0.17275104,nested_test,weighted,0.5368138551712036
277-7,277,7,4,0,0.18950488,nested_test,weighted,0.5368138551712036
277-8,277,8,4,1,0.29276752,nested_test,weighted,0.5368138551712036
277-9,277,9,4,0,0.357167,nested_test,weighted,0.5368138551712036
277-10,277,10,4,0,0.040048562,nested_test,weighted,0.5368138551712036
277-11,277,11,4,0,0.16871211,nested_test,weighted,0.5368138551712036
277-12,277,12,4,0,0.16386506,nested_test,weighted,0.5368138551712036
278-0,278,0,5,1,0.106294766,nested_test,weighted,0.372329980134964
278-1,278,1,5,0,0.1388598,nested_test,weighted,0.372329980134964
278-2,278,2,5,0,0.03373919,nested_test,weighted,0.372329980134964
278-3,278,3,5,0,0.20690869,nested_test,weighted,0.372329980134964
278-4,278,4,5,0,0.05191851,nested_test,weighted,0.372329980134964
278-5,278,5,5,1,0.013934637,nested_test,weighted,0.372329980134964
278-6,278,6,5,0,0.16995373,nested_test,weighted,0.372329980134964
278-7,278,7,5,0,0.11910408,nested_test,weighted,0.372329980134964
278-8,278,8,5,0,0.05550829,nested_test,weighted,0.372329980134964
278-9,278,9,5,0,0.14952329,nested_test,weighted,0.372329980134964
278-10,278,10,5,1,0.011805402,nested_test,weighted,0.372329980134964
278-11,278,11,5,0,0.034846902,nested_test,weighted,0.372329980134964
278-12,278,12,5,0,0.1267466,nested_test,weighted,0.372329980134964
279-0,279,0,1,0,0.20439675,nested_test,weighted,0.48635756969451904
279-1,279,1,1,0,0.19122703,nested_test,weighted,0.48635756969451904
279-2,279,2,1,0,0.099433765,nested_test,weighted,0.48635756969451904
279-3,279,3,1,0,0.12518792,nested_test,weighted,0.48635756969451904
279-4,279,4,1,0,0.035001546,nested_test,weighted,0.48635756969451904
279-5,279,5,1,0,0.061046503,nested_test,weighted,0.48635756969451904
279-6,279,6,1,0,0.063359596,nested_test,weighted,0.48635756969451904
279-7,279,7,1,0,0.099932946,nested_test,weighted,0.48635756969451904
279-8,279,8,1,0,0.060161047,nested_test,weighted,0.48635756969451904
279-9,279,9,1,0,0.19943058,nested_test,weighted,0.48635756969451904
279-10,279,10,1,0,0.046912964,nested_test,weighted,0.48635756969451904
279-11,279,11,1,0,0.0967182,nested_test,weighted,0.48635756969451904
279-12,279,12,1,0,0.09200059,nested_test,weighted,0.48635756969451904
280-0,280,0,3,0,0.16220945,nested_test,weighted,0.44559308886528015
280-1,280,1,3,0,0.09994008,nested_test,weighted,0.44559308886528015
280-2,280,2,3,0,0.028421704,nested_test,weighted,0.44559308886528015
280-3,280,3,3,0,0.41173863,nested_test,weighted,0.44559308886528015
280-4,280,4,3,0,0.03575232,nested_test,weighted,0.44559308886528015
280-5,280,5,3,0,0.13640636,nested_test,weighted,0.44559308886528015
280-6,280,6,3,0,0.02699098,nested_test,weighted,0.44559308886528015
280-7,280,7,3,0,0.114615105,nested_test,weighted,0.44559308886528015
280-8,280,8,3,0,0.03236338,nested_test,weighted,0.44559308886528015
280-9,280,9,3,0,0.14177322,nested_test,weighted,0.44559308886528015
280-10,280,10,3,0,0.047010656,nested_test,weighted,0.44559308886528015
280-11,280,11,3,0,0.029219253,nested_test,weighted,0.44559308886528015
280-12,280,12,3,1,0.18039183,nested_test,weighted,0.44559308886528015
281-0,281,0,4,0,0.06920484,nested_test,weighted,0.5368138551712036
281-1,281,1,4,0,0.07920857,nested_test,weighted,0.5368138551712036
281-2,281,2,4,0,0.26707694,nested_test,weighted,0.5368138551712036
281-3,281,3,4,0,0.17905343,nested_test,weighted,0.5368138551712036
281-4,281,4,4,0,0.026094219,nested_test,weighted,0.5368138551712036
281-5,281,5,4,0,0.035908077,nested_test,weighted,0.5368138551712036
281-6,281,6,4,0,0.07946969,nested_test,weighted,0.5368138551712036
281-7,281,7,4,0,0.074855655,nested_test,weighted,0.5368138551712036
281-8,281,8,4,0,0.13967587,nested_test,weighted,0.5368138551712036
281-9,281,9,4,0,0.17044146,nested_test,weighted,0.5368138551712036
281-10,281,10,4,0,0.04167355,nested_test,weighted,0.5368138551712036
281-11,281,11,4,0,0.09488385,nested_test,weighted,0.5368138551712036
281-12,281,12,4,0,0.107642725,nested_test,weighted,0.5368138551712036
282-0,282,0,1,1,0.59139955,nested_test,weighted,0.48635756969451904
282-1,282,1,1,0,0.30788562,nested_test,weighted,0.48635756969451904
282-2,282,2,1,0,0.17977767,nested_test,weighted,0.48635756969451904
282-3,282,3,1,1,0.39868346,nested_test,weighted,0.48635756969451904
282-4,282,4,1,0,0.05818404,nested_test,weighted,0.48635756969451904
282-5,282,5,1,0,0.10814829,nested_test,weighted,0.48635756969451904
282-6,282,6,1,0,0.10641771,nested_test,weighted,0.48635756969451904
282-7,282,7,1,0,0.16353679,nested_test,weighted,0.48635756969451904
282-8,282,8,1,0,0.09668145,nested_test,weighted,0.48635756969451904
282-9,282,9,1,0,0.3208091,nested_test,weighted,0.48635756969451904
282-10,282,10,1,1,0.058449425,nested_test,weighted,0.48635756969451904
282-11,282,11,1,0,0.14954872,nested_test,weighted,0.48635756969451904
282-12,282,12,1,0,0.14211535,nested_test,weighted,0.48635756969451904
283-0,283,0,1,1,0.59139955,nested_test,weighted,0.48635756969451904
283-1,283,1,1,0,0.33566612,nested_test,weighted,0.48635756969451904
283-2,283,2,1,1,0.37996414,nested_test,weighted,0.48635756969451904
283-3,283,3,1,1,0.41075164,nested_test,weighted,0.48635756969451904
283-4,283,4,1,0,0.07586816,nested_test,weighted,0.48635756969451904
283-5,283,5,1,0,0.1395531,nested_test,weighted,0.48635756969451904
283-6,283,6,1,1,0.16342205,nested_test,weighted,0.48635756969451904
283-7,283,7,1,0,0.19642578,nested_test,weighted,0.48635756969451904
283-8,283,8,1,0,0.14436403,nested_test,weighted,0.48635756969451904
283-9,283,9,1,1,0.5193624,nested_test,weighted,0.48635756969451904
283-10,283,10,1,0,0.06341212,nested_test,weighted,0.48635756969451904
283-11,283,11,1,1,0.31481853,nested_test,weighted,0.48635756969451904
283-12,283,12,1,0,0.20814599,nested_test,weighted,0.48635756969451904
284-0,284,0,4,0,0.097159244,nested_test,weighted,0.5368138551712036
284-1,284,1,4,0,0.15302637,nested_test,weighted,0.5368138551712036
284-2,284,2,4,0,0.33793333,nested_test,weighted,0.5368138551712036
284-3,284,3,4,0,0.3186817,nested_test,weighted,0.5368138551712036
284-4,284,4,4,0,0.051945228,nested_test,weighted,0.5368138551712036
284-5,284,5,4,0,0.0655583,nested_test,weighted,0.5368138551712036
284-6,284,6,4,0,0.12455849,nested_test,weighted,0.5368138551712036
284-7,284,7,4,0,0.1754984,nested_test,weighted,0.5368138551712036
284-8,284,8,4,0,0.24674267,nested_test,weighted,0.5368138551712036
284-9,284,9,4,0,0.2500521,nested_test,weighted,0.5368138551712036
284-10,284,10,4,0,0.03736841,nested_test,weighted,0.5368138551712036
284-11,284,11,4,0,0.11407785,nested_test,weighted,0.5368138551712036
284-12,284,12,4,0,0.14063217,nested_test,weighted,0.5368138551712036
285-0,285,0,2,0,0.18256657,nested_test,weighted,0.44923609495162964
285-1,285,1,2,0,0.23189175,nested_test,weighted,0.44923609495162964
285-2,285,2,2,0,0.3574972,nested_test,weighted,0.44923609495162964
285-3,285,3,2,0,0.39800388,nested_test,weighted,0.44923609495162964
285-4,285,4,2,0,0.06442191,nested_test,weighted,0.44923609495162964
285-5,285,5,2,0,0.117838524,nested_test,weighted,0.44923609495162964
285-6,285,6,2,0,0.06458712,nested_test,weighted,0.44923609495162964
285-7,285,7,2,0,0.14779511,nested_test,weighted,0.44923609495162964
285-8,285,8,2,0,0.39090365,nested_test,weighted,0.44923609495162964
285-9,285,9,2,0,0.373546,nested_test,weighted,0.44923609495162964
285-10,285,10,2,1,0.05368664,nested_test,weighted,0.44923609495162964
285-11,285,11,2,0,0.027833216,nested_test,weighted,0.44923609495162964
285-12,285,12,2,0,0.14919809,nested_test,weighted,0.44923609495162964
286-0,286,0,3,0,0.171841,nested_test,weighted,0.44559308886528015
286-1,286,1,3,0,0.11275857,nested_test,weighted,0.44559308886528015
286-2,286,2,3,1,0.0438094,nested_test,weighted,0.44559308886528015
286-3,286,3,3,1,0.626564,nested_test,weighted,0.44559308886528015
286-4,286,4,3,0,0.03792493,nested_test,weighted,0.44559308886528015
286-5,286,5,3,0,0.15037274,nested_test,weighted,0.44559308886528015
286-6,286,6,3,0,0.035733044,nested_test,weighted,0.44559308886528015
286-7,286,7,3,0,0.12104582,nested_test,weighted,0.44559308886528015
286-8,286,8,3,0,0.03314581,nested_test,weighted,0.44559308886528015
286-9,286,9,3,0,0.18253253,nested_test,weighted,0.44559308886528015
286-10,286,10,3,0,0.041543193,nested_test,weighted,0.44559308886528015
286-11,286,11,3,0,0.033656873,nested_test,weighted,0.44559308886528015
286-12,286,12,3,0,0.104280606,nested_test,weighted,0.44559308886528015
287-0,287,0,4,0,0.058836535,nested_test,weighted,0.5368138551712036
287-1,287,1,4,1,0.28819224,nested_test,weighted,0.5368138551712036
287-2,287,2,4,0,0.24657796,nested_test,weighted,0.5368138551712036
287-3,287,3,4,1,0.41711017,nested_test,weighted,0.5368138551712036
287-4,287,4,4,0,0.023352977,nested_test,weighted,0.5368138551712036
287-5,287,5,4,0,0.032856088,nested_test,weighted,0.5368138551712036
287-6,287,6,4,1,0.2134448,nested_test,weighted,0.5368138551712036
287-7,287,7,4,1,0.27997386,nested_test,weighted,0.5368138551712036
287-8,287,8,4,0,0.12398191,nested_test,weighted,0.5368138551712036
287-9,287,9,4,0,0.17338055,nested_test,weighted,0.5368138551712036
287-10,287,10,4,1,0.06563284,nested_test,weighted,0.5368138551712036
287-11,287,11,4,1,0.29076955,nested_test,weighted,0.5368138551712036
287-12,287,12,4,1,0.24809283,nested_test,weighted,0.5368138551712036
288-0,288,0,5,0,0.037140153,nested_test,weighted,0.372329980134964
288-1,288,1,5,0,0.09804175,nested_test,weighted,0.372329980134964
288-2,288,2,5,0,0.016246209,nested_test,weighted,0.372329980134964
288-3,288,3,5,0,0.09133531,nested_test,weighted,0.372329980134964
288-4,288,4,5,0,0.030414693,nested_test,weighted,0.372329980134964
288-5,288,5,5,0,0.009351759,nested_test,weighted,0.372329980134964
288-6,288,6,5,0,0.1409203,nested_test,weighted,0.372329980134964
288-7,288,7,5,0,0.10108368,nested_test,weighted,0.372329980134964
288-8,288,8,5,0,0.047803763,nested_test,weighted,0.372329980134964
288-9,288,9,5,0,0.08984555,nested_test,weighted,0.372329980134964
288-10,288,10,5,0,0.011325356,nested_test,weighted,0.372329980134964
288-11,288,11,5,0,0.017522719,nested_test,weighted,0.372329980134964
288-12,288,12,5,0,0.07835576,nested_test,weighted,0.372329980134964
289-0,289,0,2,0,0.036531005,nested_test,weighted,0.44923609495162964
289-1,289,1,2,0,0.059871934,nested_test,weighted,0.44923609495162964
289-2,289,2,2,0,0.1022713,nested_test,weighted,0.44923609495162964
289-3,289,3,2,0,0.09764021,nested_test,weighted,0.44923609495162964
289-4,289,4,2,0,0.013887431,nested_test,weighted,0.44923609495162964
289-5,289,5,2,0,0.021876603,nested_test,weighted,0.44923609495162964
289-6,289,6,2,0,0.017807834,nested_test,weighted,0.44923609495162964
289-7,289,7,2,0,0.024555419,nested_test,weighted,0.44923609495162964
289-8,289,8,2,0,0.10973421,nested_test,weighted,0.44923609495162964
289-9,289,9,2,0,0.099555075,nested_test,weighted,0.44923609495162964
289-10,289,10,2,0,0.009189885,nested_test,weighted,0.44923609495162964
289-11,289,11,2,0,0.0075892312,nested_test,weighted,0.44923609495162964
289-12,289,12,2,0,0.028910063,nested_test,weighted,0.44923609495162964
290-0,290,0,3,0,0.24735041,nested_test,weighted,0.44559308886528015
290-1,290,1,3,0,0.1593705,nested_test,weighted,0.44559308886528015
290-2,290,2,3,0,0.049461182,nested_test,weighted,0.44559308886528015
290-3,290,3,3,0,0.5399466,nested_test,weighted,0.44559308886528015
290-4,290,4,3,0,0.07275538,nested_test,weighted,0.44559308886528015
290-5,290,5,3,0,0.21688566,nested_test,weighted,0.44559308886528015
290-6,290,6,3,0,0.03748119,nested_test,weighted,0.44559308886528015
290-7,290,7,3,0,0.1915968,nested_test,weighted,0.44559308886528015
290-8,290,8,3,0,0.066802084,nested_test,weighted,0.44559308886528015
290-9,290,9,3,0,0.25380448,nested_test,weighted,0.44559308886528015
290-10,290,10,3,0,0.044117317,nested_test,weighted,0.44559308886528015
290-11,290,11,3,0,0.051331792,nested_test,weighted,0.44559308886528015
290-12,290,12,3,0,0.1498219,nested_test,weighted,0.44559308886528015
291-0,291,0,3,0,0.20382185,nested_test,weighted,0.44559308886528015
291-1,291,1,3,0,0.09207191,nested_test,weighted,0.44559308886528015
291-2,291,2,3,0,0.02237424,nested_test,weighted,0.44559308886528015
291-3,291,3,3,0,0.46855497,nested_test,weighted,0.44559308886528015
291-4,291,4,3,0,0.04701118,nested_test,weighted,0.44559308886528015
291-5,291,5,3,0,0.20107852,nested_test,weighted,0.44559308886528015
291-6,291,6,3,0,0.024462063,nested_test,weighted,0.44559308886528015
291-7,291,7,3,0,0.18250525,nested_test,weighted,0.44559308886528015
291-8,291,8,3,0,0.05476825,nested_test,weighted,0.44559308886528015
291-9,291,9,3,0,0.24272604,nested_test,weighted,0.44559308886528015
291-10,291,10,3,0,0.029643135,nested_test,weighted,0.44559308886528015
291-11,291,11,3,0,0.048516545,nested_test,weighted,0.44559308886528015
291-12,291,12,3,0,0.13882336,nested_test,weighted,0.44559308886528015
292-0,292,0,5,1,0.16773736,nested_test,weighted,0.372329980134964
292-1,292,1,5,0,0.09472468,nested_test,weighted,0.372329980134964
292-2,292,2,5,0,0.024257168,nested_test,weighted,0.372329980134964
292-3,292,3,5,0,0.12486918,nested_test,weighted,0.372329980134964
292-4,292,4,5,0,0.031185756,nested_test,weighted,0.372329980134964
292-5,292,5,5,0,0.010201517,nested_test,weighted,0.372329980134964
292-6,292,6,5,0,0.11308614,nested_test,weighted,0.372329980134964
292-7,292,7,5,0,0.11578351,nested_test,weighted,0.372329980134964
292-8,292,8,5,0,0.055833045,nested_test,weighted,0.372329980134964
292-9,292,9,5,0,0.09659305,nested_test,weighted,0.372329980134964
292-10,292,10,5,0,0.009434583,nested_test,weighted,0.372329980134964
292-11,292,11,5,0,0.021885993,nested_test,weighted,0.372329980134964
292-12,292,12,5,0,0.08038524,nested_test,weighted,0.372329980134964
293-0,293,0,4,0,0.056208033,nested_test,weighted,0.5368138551712036
293-1,293,1,4,0,0.06320877,nested_test,weighted,0.5368138551712036
293-2,293,2,4,0,0.23768029,nested_test,weighted,0.5368138551712036
293-3,293,3,4,0,0.1572664,nested_test,weighted,0.5368138551712036
293-4,293,4,4,0,0.022272173,nested_test,weighted,0.5368138551712036
293-5,293,5,4,0,0.027516263,nested_test,weighted,0.5368138551712036
293-6,293,6,4,0,0.055437222,nested_test,weighted,0.5368138551712036
293-7,293,7,4,0,0.05874665,nested_test,weighted,0.5368138551712036
293-8,293,8,4,0,0.107495286,nested_test,weighted,0.5368138551712036
293-9,293,9,4,0,0.14016928,nested_test,weighted,0.5368138551712036
293-10,293,10,4,0,0.030905511,nested_test,weighted,0.5368138551712036
293-11,293,11,4,0,0.06264565,nested_test,weighted,0.5368138551712036
293-12,293,12,4,0,0.0793804,nested_test,weighted,0.5368138551712036
294-0,294,0,3,0,0.2941161,nested_test,weighted,0.44559308886528015
294-1,294,1,3,0,0.17962222,nested_test,weighted,0.44559308886528015
294-2,294,2,3,0,0.060785607,nested_test,weighted,0.44559308886528015
294-3,294,3,3,0,0.530805,nested_test,weighted,0.44559308886528015
294-4,294,4,3,0,0.070501655,nested_test,weighted,0.44559308886528015
294-5,294,5,3,0,0.2477755,nested_test,weighted,0.44559308886528015
294-6,294,6,3,0,0.0443002,nested_test,weighted,0.44559308886528015
294-7,294,7,3,0,0.20188993,nested_test,weighted,0.44559308886528015
294-8,294,8,3,0,0.06081034,nested_test,weighted,0.44559308886528015
294-9,294,9,3,0,0.21699777,nested_test,weighted,0.44559308886528015
294-10,294,10,3,0,0.035678625,nested_test,weighted,0.44559308886528015
294-11,294,11,3,0,0.04305101,nested_test,weighted,0.44559308886528015
294-12,294,12,3,0,0.16942105,nested_test,weighted,0.44559308886528015
295-0,295,0,1,1,0.3528559,nested_test,weighted,0.48635756969451904
295-1,295,1,1,0,0.42998442,nested_test,weighted,0.48635756969451904
295-2,295,2,1,0,0.31652167,nested_test,weighted,0.48635756969451904
295-3,295,3,1,0,0.37380096,nested_test,weighted,0.48635756969451904
295-4,295,4,1,0,0.12027752,nested_test,weighted,0.48635756969451904
295-5,295,5,1,0,0.20607188,nested_test,weighted,0.48635756969451904
295-6,295,6,1,1,0.113777705,nested_test,weighted,0.48635756969451904
295-7,295,7,1,0,0.27712357,nested_test,weighted,0.48635756969451904
295-8,295,8,1,0,0.14314081,nested_test,weighted,0.48635756969451904
295-9,295,9,1,0,0.49892586,nested_test,weighted,0.48635756969451904
295-10,295,10,1,0,0.055093627,nested_test,weighted,0.48635756969451904
295-11,295,11,1,0,0.25398618,nested_test,weighted,0.48635756969451904
295-12,295,12,1,0,0.20431611,nested_test,weighted,0.48635756969451904
296-0,296,0,3,0,0.308418,nested_test,weighted,0.44559308886528015
296-1,296,1,3,0,0.121510915,nested_test,weighted,0.44559308886528015
296-2,296,2,3,0,0.045738913,nested_test,weighted,0.44559308886528015
296-3,296,3,3,0,0.61429316,nested_test,weighted,0.44559308886528015
296-4,296,4,3,0,0.06651549,nested_test,weighted,0.44559308886528015
296-5,296,5,3,1,0.20784467,nested_test,weighted,0.44559308886528015
296-6,296,6,3,0,0.060140815,nested_test,weighted,0.44559308886528015
296-7,296,7,3,0,0.21158703,nested_test,weighted,0.44559308886528015
296-8,296,8,3,0,0.06313208,nested_test,weighted,0.44559308886528015
296-9,296,9,3,0,0.20499118,nested_test,weighted,0.44559308886528015
296-10,296,10,3,0,0.03257676,nested_test,weighted,0.44559308886528015
296-11,296,11,3,0,0.04017514,nested_test,weighted,0.44559308886528015
296-12,296,12,3,0,0.15925996,nested_test,weighted,0.44559308886528015
297-0,297,0,3,0,0.1497057,nested_test,weighted,0.44559308886528015
297-1,297,1,3,0,0.09059235,nested_test,weighted,0.44559308886528015
297-2,297,2,3,0,0.02673202,nested_test,weighted,0.44559308886528015
297-3,297,3,3,0,0.42219144,nested_test,weighted,0.44559308886528015
297-4,297,4,3,0,0.03792493,nested_test,weighted,0.44559308886528015
297-5,297,5,3,0,0.15037274,nested_test,weighted,0.44559308886528015
297-6,297,6,3,0,0.030455492,nested_test,weighted,0.44559308886528015
297-7,297,7,3,0,0.10962621,nested_test,weighted,0.44559308886528015
297-8,297,8,3,0,0.03314581,nested_test,weighted,0.44559308886528015
297-9,297,9,3,0,0.1538756,nested_test,weighted,0.44559308886528015
297-10,297,10,3,0,0.031510647,nested_test,weighted,0.44559308886528015
297-11,297,11,3,0,0.028687792,nested_test,weighted,0.44559308886528015
297-12,297,12,3,0,0.104280606,nested_test,weighted,0.44559308886528015
298-0,298,0,5,1,0.021498058,nested_test,weighted,0.372329980134964
298-1,298,1,5,1,0.057738382,nested_test,weighted,0.372329980134964
298-2,298,2,5,1,0.012265879,nested_test,weighted,0.372329980134964
298-3,298,3,5,1,0.07472549,nested_test,weighted,0.372329980134964
298-4,298,4,5,1,0.017107153,nested_test,weighted,0.372329980134964
298-5,298,5,5,1,0.0050985944,nested_test,weighted,0.372329980134964
298-6,298,6,5,1,0.07252402,nested_test,weighted,0.372329980134964
298-7,298,7,5,1,0.055608634,nested_test,weighted,0.372329980134964
298-8,298,8,5,1,0.023048138,nested_test,weighted,0.372329980134964
298-9,298,9,5,1,0.056187436,nested_test,weighted,0.372329980134964
298-10,298,10,5,1,0.0047934107,nested_test,weighted,0.372329980134964
298-11,298,11,5,1,0.012008442,nested_test,weighted,0.372329980134964
298-12,298,12,5,1,0.044550978,nested_test,weighted,0.372329980134964
299-0,299,0,4,0,0.16969162,nested_test,weighted,0.5368138551712036
299-1,299,1,4,1,0.18880595,nested_test,weighted,0.5368138551712036
299-2,299,2,4,0,0.5082239,nested_test,weighted,0.5368138551712036
299-3,299,3,4,1,0.29147017,nested_test,weighted,0.5368138551712036
299-4,299,4,4,1,0.056758072,nested_test,weighted,0.5368138551712036
299-5,299,5,4,0,0.09039922,nested_test,weighted,0.5368138551712036
299-6,299,6,4,0,0.17210801,nested_test,weighted,0.5368138551712036
299-7,299,7,4,0,0.19455405,nested_test,weighted,0.5368138551712036
299-8,299,8,4,0,0.30668494,nested_test,weighted,0.5368138551712036
299-9,299,9,4,1,0.36194143,nested_test,weighted,0.5368138551712036
299-10,299,10,4,0,0.043843087,nested_test,weighted,0.5368138551712036
299-11,299,11,4,0,0.177111,nested_test,weighted,0.5368138551712036
299-12,299,12,4,0,0.19397596,nested_test,weighted,0.5368138551712036
300-0,300,0,5,0,0.042824414,nested_test,weighted,0.372329980134964
300-1,300,1,5,1,0.4114167,nested_test,weighted,0.372329980134964
300-2,300,2,5,1,0.101063296,nested_test,weighted,0.372329980134964
300-3,300,3,5,1,0.3435116,nested_test,weighted,0.372329980134964
300-4,300,4,5,1,0.14264515,nested_test,weighted,0.372329980134964
300-5,300,5,5,1,0.013163262,nested_test,weighted,0.372329980134964
300-6,300,6,5,1,0.39416724,nested_test,weighted,0.372329980134964
300-7,300,7,5,1,0.32398325,nested_test,weighted,0.372329980134964
300-8,300,8,5,1,0.17793302,nested_test,weighted,0.372329980134964
300-9,300,9,5,1,0.42449698,nested_test,weighted,0.372329980134964
300-10,300,10,5,1,0.015719032,nested_test,weighted,0.372329980134964
300-11,300,11,5,1,0.07597248,nested_test,weighted,0.372329980134964
300-12,300,12,5,1,0.25757453,nested_test,weighted,0.372329980134964
301-0,301,0,2,0,0.11092217,nested_test,weighted,0.44923609495162964
301-1,301,1,2,0,0.16921476,nested_test,weighted,0.44923609495162964
301-2,301,2,2,0,0.23540008,nested_test,weighted,0.44923609495162964
301-3,301,3,2,0,0.2784783,nested_test,weighted,0.44923609495162964
301-4,301,4,2,0,0.05576937,nested_test,weighted,0.44923609495162964
301-5,301,5,2,1,0.240737,nested_test,weighted,0.44923609495162964
301-6,301,6,2,0,0.043222714,nested_test,weighted,0.44923609495162964
301-7,301,7,2,0,0.074388616,nested_test,weighted,0.44923609495162964
301-8,301,8,2,0,0.27990627,nested_test,weighted,0.44923609495162964
301-9,301,9,2,0,0.261258,nested_test,weighted,0.44923609495162964
301-10,301,10,2,0,0.020661155,nested_test,weighted,0.44923609495162964
301-11,301,11,2,0,0.021071332,nested_test,weighted,0.44923609495162964
301-12,301,12,2,0,0.10004219,nested_test,weighted,0.44923609495162964
302-0,302,0,4,1,0.24927689,nested_test,weighted,0.5368138551712036
302-1,302,1,4,1,0.30522403,nested_test,weighted,0.5368138551712036
302-2,302,2,4,1,0.625894,nested_test,weighted,0.5368138551712036
302-3,302,3,4,0,0.20615685,nested_test,weighted,0.5368138551712036
302-4,302,4,4,1,0.14124525,nested_test,weighted,0.5368138551712036
302-5,302,5,4,0,0.07013253,nested_test,weighted,0.5368138551712036
302-6,302,6,4,1,0.27807772,nested_test,weighted,0.5368138551712036
302-7,302,7,4,1,0.28175217,nested_test,weighted,0.5368138551712036
302-8,302,8,4,0,0.21116483,nested_test,weighted,0.5368138551712036
302-9,302,9,4,1,0.57823837,nested_test,weighted,0.5368138551712036
302-10,302,10,4,0,0.029326426,nested_test,weighted,0.5368138551712036
302-11,302,11,4,1,0.3167189,nested_test,weighted,0.5368138551712036
302-12,302,12,4,1,0.31360158,nested_test,weighted,0.5368138551712036
303-0,303,0,5,0,0.042824414,nested_test,weighted,0.372329980134964
303-1,303,1,5,0,0.08757596,nested_test,weighted,0.372329980134964
303-2,303,2,5,0,0.01369988,nested_test,weighted,0.372329980134964
303-3,303,3,5,0,0.10187087,nested_test,weighted,0.372329980134964
303-4,303,4,5,0,0.023070589,nested_test,weighted,0.372329980134964
303-5,303,5,5,0,0.0074996846,nested_test,weighted,0.372329980134964
303-6,303,6,5,0,0.1048834,nested_test,weighted,0.372329980134964
303-7,303,7,5,0,0.074352264,nested_test,weighted,0.372329980134964
303-8,303,8,5,0,0.03506283,nested_test,weighted,0.372329980134964
303-9,303,9,5,0,0.09038275,nested_test,weighted,0.372329980134964
303-10,303,10,5,0,0.006768379,nested_test,weighted,0.372329980134964
303-11,303,11,5,0,0.015699655,nested_test,weighted,0.372329980134964
303-12,303,12,5,1,0.18518281,nested_test,weighted,0.372329980134964
304-0,304,0,1,1,0.26771954,nested_test,weighted,0.48635756969451904
304-1,304,1,1,0,0.4106511,nested_test,weighted,0.48635756969451904
304-2,304,2,1,0,0.29166648,nested_test,weighted,0.48635756969451904
304-3,304,3,1,0,0.31898028,nested_test,weighted,0.48635756969451904
304-4,304,4,1,1,0.038436487,nested_test,weighted,0.48635756969451904
304-5,304,5,1,1,0.070092276,nested_test,weighted,0.48635756969451904
304-6,304,6,1,0,0.11792622,nested_test,weighted,0.48635756969451904
304-7,304,7,1,1,0.107090525,nested_test,weighted,0.48635756969451904
304-8,304,8,1,0,0.1534347,nested_test,weighted,0.48635756969451904
304-9,304,9,1,1,0.21422769,nested_test,weighted,0.48635756969451904
304-10,304,10,1,1,0.044328094,nested_test,weighted,0.48635756969451904
304-11,304,11,1,1,0.109045185,nested_test,weighted,0.48635756969451904
304-12,304,12,1,0,0.21581851,nested_test,weighted,0.48635756969451904
305-0,305,0,1,0,0.49176407,nested_test,weighted,0.48635756969451904
305-1,305,1,1,0,0.47612098,nested_test,weighted,0.48635756969451904
305-2,305,2,1,0,0.3283485,nested_test,weighted,0.48635756969451904
305-3,305,3,1,0,0.32545137,nested_test,weighted,0.48635756969451904
305-4,305,4,1,0,0.122490615,nested_test,weighted,0.48635756969451904
305-5,305,5,1,0,0.21507037,nested_test,weighted,0.48635756969451904
305-6,305,6,1,0,0.15845098,nested_test,weighted,0.48635756969451904
305-7,305,7,1,0,0.30188277,nested_test,weighted,0.48635756969451904
305-8,305,8,1,0,0.1511819,nested_test,weighted,0.48635756969451904
305-9,305,9,1,0,0.512458,nested_test,weighted,0.48635756969451904
305-10,305,10,1,0,0.0578733,nested_test,weighted,0.48635756969451904
305-11,305,11,1,0,0.26108512,nested_test,weighted,0.48635756969451904
305-12,305,12,1,0,0.21493177,nested_test,weighted,0.48635756969451904
306-0,306,0,5,0,0.034126412,nested_test,weighted,0.372329980134964
306-1,306,1,5,0,0.08970346,nested_test,weighted,0.372329980134964
306-2,306,2,5,0,0.02131079,nested_test,weighted,0.372329980134964
306-3,306,3,5,0,0.10681741,nested_test,weighted,0.372329980134964
306-4,306,4,5,0,0.024655726,nested_test,weighted,0.372329980134964
306-5,306,5,5,0,0.007851951,nested_test,weighted,0.372329980134964
306-6,306,6,5,0,0.10979805,nested_test,weighted,0.372329980134964
306-7,306,7,5,0,0.08498552,nested_test,weighted,0.372329980134964
306-8,306,8,5,0,0.037301682,nested_test,weighted,0.372329980134964
306-9,306,9,5,0,0.091617696,nested_test,weighted,0.372329980134964
306-10,306,10,5,0,0.007849447,nested_test,weighted,0.372329980134964
306-11,306,11,5,0,0.019882986,nested_test,weighted,0.372329980134964
306-12,306,12,5,0,0.07114249,nested_test,weighted,0.372329980134964
307-0,307,0,3,1,0.22990203,nested_test,weighted,0.44559308886528015
307-1,307,1,3,1,0.19754091,nested_test,weighted,0.44559308886528015
307-2,307,2,3,0,0.05291671,nested_test,weighted,0.44559308886528015
307-3,307,3,3,0,0.5549764,nested_test,weighted,0.44559308886528015
307-4,307,4,3,0,0.055591907,nested_test,weighted,0.44559308886528015
307-5,307,5,3,1,0.26642147,nested_test,weighted,0.44559308886528015
307-6,307,6,3,0,0.040168162,nested_test,weighted,0.44559308886528015
307-7,307,7,3,0,0.21045959,nested_test,weighted,0.44559308886528015
307-8,307,8,3,0,0.066517934,nested_test,weighted,0.44559308886528015
307-9,307,9,3,0,0.2007812,nested_test,weighted,0.44559308886528015
307-10,307,10,3,1,0.042974,nested_test,weighted,0.44559308886528015
307-11,307,11,3,0,0.06765928,nested_test,weighted,0.44559308886528015
307-12,307,12,3,0,0.1573841,nested_test,weighted,0.44559308886528015
308-0,308,0,3,0,0.14538637,nested_test,weighted,0.44559308886528015
308-1,308,1,3,0,0.10936814,nested_test,weighted,0.44559308886528015
308-2,308,2,3,0,0.039006803,nested_test,weighted,0.44559308886528015
308-3,308,3,3,0,0.37463036,nested_test,weighted,0.44559308886528015
308-4,308,4,3,0,0.03669154,nested_test,weighted,0.44559308886528015
308-5,308,5,3,0,0.14603746,nested_test,weighted,0.44559308886528015
308-6,308,6,3,0,0.029457582,nested_test,weighted,0.44559308886528015
308-7,308,7,3,0,0.090895556,nested_test,weighted,0.44559308886528015
308-8,308,8,3,0,0.033464972,nested_test,weighted,0.44559308886528015
308-9,308,9,3,1,0.2707065,nested_test,weighted,0.44559308886528015
308-10,308,10,3,0,0.030479252,nested_test,weighted,0.44559308886528015
308-11,308,11,3,0,0.02774616,nested_test,weighted,0.44559308886528015
308-12,308,12,3,0,0.10111602,nested_test,weighted,0.44559308886528015
309-0,309,0,2,1,0.2848169,nested_test,weighted,0.44923609495162964
309-1,309,1,2,0,0.119902045,nested_test,weighted,0.44923609495162964
309-2,309,2,2,0,0.24488877,nested_test,weighted,0.44923609495162964
309-3,309,3,2,0,0.2819619,nested_test,weighted,0.44923609495162964
309-4,309,4,2,0,0.054294873,nested_test,weighted,0.44923609495162964
309-5,309,5,2,0,0.07027666,nested_test,weighted,0.44923609495162964
309-6,309,6,2,0,0.03834855,nested_test,weighted,0.44923609495162964
309-7,309,7,2,0,0.07015959,nested_test,weighted,0.44923609495162964
309-8,309,8,2,0,0.27434042,nested_test,weighted,0.44923609495162964
309-9,309,9,2,0,0.23612508,nested_test,weighted,0.44923609495162964
309-10,309,10,2,0,0.0257391,nested_test,weighted,0.44923609495162964
309-11,309,11,2,0,0.026247386,nested_test,weighted,0.44923609495162964
309-12,309,12,2,0,0.09097391,nested_test,weighted,0.44923609495162964
310-0,310,0,5,0,0.43228772,nested_test,weighted,0.372329980134964
310-1,310,1,5,1,0.07431127,nested_test,weighted,0.372329980134964
310-2,310,2,5,0,0.29348895,nested_test,weighted,0.372329980134964
310-3,310,3,5,1,0.07472549,nested_test,weighted,0.372329980134964
310-4,310,4,5,0,0.34618044,nested_test,weighted,0.372329980134964
310-5,310,5,5,0,0.041532725,nested_test,weighted,0.372329980134964
310-6,310,6,5,0,0.7539461,nested_test,weighted,0.372329980134964
310-7,310,7,5,1,0.05818345,nested_test,weighted,0.372329980134964
310-8,310,8,5,0,0.5047482,nested_test,weighted,0.372329980134964
310-9,310,9,5,0,0.64407486,nested_test,weighted,0.372329980134964
310-10,310,10,5,1,0.005468582,nested_test,weighted,0.372329980134964
310-11,310,11,5,1,0.012265879,nested_test,weighted,0.372329980134964
310-12,310,12,5,0,0.6746268,nested_test,weighted,0.372329980134964
311-0,311,0,2,0,0.026075236,nested_test,weighted,0.44923609495162964
311-1,311,1,2,0,0.03403982,nested_test,weighted,0.44923609495162964
311-2,311,2,2,1,0.84326136,nested_test,weighted,0.44923609495162964
311-3,311,3,2,0,0.06508291,nested_test,weighted,0.44923609495162964
311-4,311,4,2,0,0.009593686,nested_test,weighted,0.44923609495162964
311-5,311,5,2,0,0.011859294,nested_test,weighted,0.44923609495162964
311-6,311,6,2,0,0.009367729,nested_test,weighted,0.44923609495162964
311-7,311,7,2,0,0.014192026,nested_test,weighted,0.44923609495162964
311-8,311,8,2,0,0.06808972,nested_test,weighted,0.44923609495162964
311-9,311,9,2,0,0.05854879,nested_test,weighted,0.44923609495162964
311-10,311,10,2,0,0.0050277244,nested_test,weighted,0.44923609495162964
311-11,311,11,2,0,0.0049859234,nested_test,weighted,0.44923609495162964
311-12,311,12,2,0,0.018968066,nested_test,weighted,0.44923609495162964
312-0,312,0,3,0,0.24735041,nested_test,weighted,0.44559308886528015
312-1,312,1,3,0,0.1593705,nested_test,weighted,0.44559308886528015
312-2,312,2,3,0,0.041788343,nested_test,weighted,0.44559308886528015
312-3,312,3,3,0,0.49242872,nested_test,weighted,0.44559308886528015
312-4,312,4,3,0,0.05737646,nested_test,weighted,0.44559308886528015
312-5,312,5,3,0,0.21688566,nested_test,weighted,0.44559308886528015
312-6,312,6,3,0,0.038111042,nested_test,weighted,0.44559308886528015
312-7,312,7,3,0,0.16511478,nested_test,weighted,0.44559308886528015
312-8,312,8,3,0,0.066802084,nested_test,weighted,0.44559308886528015
312-9,312,9,3,0,0.20631765,nested_test,weighted,0.44559308886528015
312-10,312,10,3,0,0.035541784,nested_test,weighted,0.44559308886528015
312-11,312,11,3,0,0.04127977,nested_test,weighted,0.44559308886528015
312-12,312,12,3,0,0.1498219,nested_test,weighted,0.44559308886528015
313-0,313,0,4,0,0.08083471,nested_test,weighted,0.5368138551712036
313-1,313,1,4,0,0.08119648,nested_test,weighted,0.5368138551712036
313-2,313,2,4,0,0.31525752,nested_test,weighted,0.5368138551712036
313-3,313,3,4,0,0.23760626,nested_test,weighted,0.5368138551712036
313-4,313,4,4,0,0.03254308,nested_test,weighted,0.5368138551712036
313-5,313,5,4,0,0.046067934,nested_test,weighted,0.5368138551712036
313-6,313,6,4,0,0.09895522,nested_test,weighted,0.5368138551712036
313-7,313,7,4,0,0.08739612,nested_test,weighted,0.5368138551712036
313-8,313,8,4,0,0.1559787,nested_test,weighted,0.5368138551712036
313-9,313,9,4,0,0.19698386,nested_test,weighted,0.5368138551712036
313-10,313,10,4,0,0.051625736,nested_test,weighted,0.5368138551712036
313-11,313,11,4,0,0.09127085,nested_test,weighted,0.5368138551712036
313-12,313,12,4,0,0.099088244,nested_test,weighted,0.5368138551712036
314-0,314,0,1,1,0.6036984,nested_test,weighted,0.48635756969451904
314-1,314,1,1,1,0.66234106,nested_test,weighted,0.48635756969451904
314-2,314,2,1,1,0.3949499,nested_test,weighted,0.48635756969451904
314-3,314,3,1,1,0.4777583,nested_test,weighted,0.48635756969451904
314-4,314,4,1,1,0.19113056,nested_test,weighted,0.48635756969451904
314-5,314,5,1,1,0.27178803,nested_test,weighted,0.48635756969451904
314-6,314,6,1,0,0.038053766,nested_test,weighted,0.48635756969451904
314-7,314,7,1,1,0.40409172,nested_test,weighted,0.48635756969451904
314-8,314,8,1,1,0.21708596,nested_test,weighted,0.48635756969451904
314-9,314,9,1,1,0.60714054,nested_test,weighted,0.48635756969451904
314-10,314,10,1,0,0.029095491,nested_test,weighted,0.48635756969451904
314-11,314,11,1,1,0.34216624,nested_test,weighted,0.48635756969451904
314-12,314,12,1,0,0.058102846,nested_test,weighted,0.48635756969451904
315-0,315,0,2,0,0.016828908,nested_test,weighted,0.44923609495162964
315-1,315,1,2,0,0.023416394,nested_test,weighted,0.44923609495162964
315-2,315,2,2,0,0.0441174,nested_test,weighted,0.44923609495162964
315-3,315,3,2,0,0.050457228,nested_test,weighted,0.44923609495162964
315-4,315,4,2,0,0.0071794954,nested_test,weighted,0.44923609495162964
315-5,315,5,2,0,0.008919132,nested_test,weighted,0.44923609495162964
315-6,315,6,2,0,0.0075830165,nested_test,weighted,0.44923609495162964
315-7,315,7,2,0,0.009891781,nested_test,weighted,0.44923609495162964
315-8,315,8,2,0,0.051603187,nested_test,weighted,0.44923609495162964
315-9,315,9,2,0,0.046800736,nested_test,weighted,0.44923609495162964
315-10,315,10,2,0,0.0039271037,nested_test,weighted,0.44923609495162964
315-11,315,11,2,0,0.0050006686,nested_test,weighted,0.44923609495162964
315-12,315,12,2,0,0.012875403,nested_test,weighted,0.44923609495162964
316-0,316,0,2,0,0.08757136,nested_test,weighted,0.44923609495162964
316-1,316,1,2,0,0.13315322,nested_test,weighted,0.44923609495162964
316-2,316,2,2,0,0.18523067,nested_test,weighted,0.44923609495162964
316-3,316,3,2,0,0.19400345,nested_test,weighted,0.44923609495162964
316-4,316,4,2,0,0.030453743,nested_test,weighted,0.44923609495162964
316-5,316,5,2,0,0.05133851,nested_test,weighted,0.44923609495162964
316-6,316,6,2,0,0.030040722,nested_test,weighted,0.44923609495162964
316-7,316,7,2,0,0.051251203,nested_test,weighted,0.44923609495162964
316-8,316,8,2,0,0.20121287,nested_test,weighted,0.44923609495162964
316-9,316,9,2,0,0.18411678,nested_test,weighted,0.44923609495162964
316-10,316,10,2,0,0.01860298,nested_test,weighted,0.44923609495162964
316-11,316,11,2,0,0.015199766,nested_test,weighted,0.44923609495162964
316-12,316,12,2,0,0.056228336,nested_test,weighted,0.44923609495162964
317-0,317,0,1,0,0.147801,nested_test,weighted,0.48635756969451904
317-1,317,1,1,0,0.12727025,nested_test,weighted,0.48635756969451904
317-2,317,2,1,0,0.06966418,nested_test,weighted,0.48635756969451904
317-3,317,3,1,0,0.0884652,nested_test,weighted,0.48635756969451904
317-4,317,4,1,0,0.024817275,nested_test,weighted,0.48635756969451904
317-5,317,5,1,0,0.0397799,nested_test,weighted,0.48635756969451904
317-6,317,6,1,0,0.038441457,nested_test,weighted,0.48635756969451904
317-7,317,7,1,0,0.06139733,nested_test,weighted,0.48635756969451904
317-8,317,8,1,0,0.0363428,nested_test,weighted,0.48635756969451904
317-9,317,9,1,0,0.13408117,nested_test,weighted,0.48635756969451904
317-10,317,10,1,0,0.029031092,nested_test,weighted,0.48635756969451904
317-11,317,11,1,0,0.061174918,nested_test,weighted,0.48635756969451904
317-12,317,12,1,0,0.056332387,nested_test,weighted,0.48635756969451904
318-0,318,0,1,0,0.4782423,nested_test,weighted,0.48635756969451904
318-1,318,1,1,0,0.42998442,nested_test,weighted,0.48635756969451904
318-2,318,2,1,0,0.35555917,nested_test,weighted,0.48635756969451904
318-3,318,3,1,0,0.26572764,nested_test,weighted,0.48635756969451904
318-4,318,4,1,0,0.11855553,nested_test,weighted,0.48635756969451904
318-5,318,5,1,0,0.19454657,nested_test,weighted,0.48635756969451904
318-6,318,6,1,0,0.13155021,nested_test,weighted,0.48635756969451904
318-7,318,7,1,0,0.29290885,nested_test,weighted,0.48635756969451904
318-8,318,8,1,0,0.14314081,nested_test,weighted,0.48635756969451904
318-9,318,9,1,0,0.49892586,nested_test,weighted,0.48635756969451904
318-10,318,10,1,0,0.050167367,nested_test,weighted,0.48635756969451904
318-11,318,11,1,0,0.25398618,nested_test,weighted,0.48635756969451904
318-12,318,12,1,0,0.21966492,nested_test,weighted,0.48635756969451904
319-0,319,0,2,0,0.04128174,nested_test,weighted,0.44923609495162964
319-1,319,1,2,0,0.055343386,nested_test,weighted,0.44923609495162964
319-2,319,2,2,0,0.1022713,nested_test,weighted,0.44923609495162964
319-3,319,3,2,0,0.10524426,nested_test,weighted,0.44923609495162964
319-4,319,4,2,0,0.013887431,nested_test,weighted,0.44923609495162964
319-5,319,5,2,0,0.021876603,nested_test,weighted,0.44923609495162964
319-6,319,6,2,0,0.017807834,nested_test,weighted,0.44923609495162964
319-7,319,7,2,0,0.024555419,nested_test,weighted,0.44923609495162964
319-8,319,8,2,0,0.10973421,nested_test,weighted,0.44923609495162964
319-9,319,9,2,0,0.099555075,nested_test,weighted,0.44923609495162964
319-10,319,10,2,0,0.009189885,nested_test,weighted,0.44923609495162964
319-11,319,11,2,0,0.0075892312,nested_test,weighted,0.44923609495162964
319-12,319,12,2,0,0.032703362,nested_test,weighted,0.44923609495162964
320-0,320,0,4,0,0.2887117,nested_test,weighted,0.5368138551712036
320-1,320,1,4,1,0.087547116,nested_test,weighted,0.5368138551712036
320-2,320,2,4,0,0.6933414,nested_test,weighted,0.5368138551712036
320-3,320,3,4,0,0.5874005,nested_test,weighted,0.5368138551712036
320-4,320,4,4,1,0.025395824,nested_test,weighted,0.5368138551712036
320-5,320,5,4,0,0.2087442,nested_test,weighted,0.5368138551712036
320-6,320,6,4,1,0.07745641,nested_test,weighted,0.5368138551712036
320-7,320,7,4,1,0.07294995,nested_test,weighted,0.5368138551712036
320-8,320,8,4,0,0.5001091,nested_test,weighted,0.5368138551712036
320-9,320,9,4,1,0.12811074,nested_test,weighted,0.5368138551712036
320-10,320,10,4,0,0.08985938,nested_test,weighted,0.5368138551712036
320-11,320,11,4,0,0.4086319,nested_test,weighted,0.5368138551712036
320-12,320,12,4,0,0.43524978,nested_test,weighted,0.5368138551712036
321-0,321,0,4,1,0.03952128,nested_test,weighted,0.5368138551712036
321-1,321,1,4,0,0.47786334,nested_test,weighted,0.5368138551712036
321-2,321,2,4,0,0.7770541,nested_test,weighted,0.5368138551712036
321-3,321,3,4,0,0.61796695,nested_test,weighted,0.5368138551712036
321-4,321,4,4,0,0.28169706,nested_test,weighted,0.5368138551712036
321-5,321,5,4,0,0.25825715,nested_test,weighted,0.5368138551712036
321-6,321,6,4,0,0.38658258,nested_test,weighted,0.5368138551712036
321-7,321,7,4,0,0.43876892,nested_test,weighted,0.5368138551712036
321-8,321,8,4,0,0.5480024,nested_test,weighted,0.5368138551712036
321-9,321,9,4,0,0.7071987,nested_test,weighted,0.5368138551712036
321-10,321,10,4,0,0.14005986,nested_test,weighted,0.5368138551712036
321-11,321,11,4,0,0.34041294,nested_test,weighted,0.5368138551712036
321-12,321,12,4,0,0.44112965,nested_test,weighted,0.5368138551712036
322-0,322,0,2,0,0.2551766,nested_test,weighted,0.44923609495162964
322-1,322,1,2,0,0.3808904,nested_test,weighted,0.44923609495162964
322-2,322,2,2,1,0.33398423,nested_test,weighted,0.44923609495162964
322-3,322,3,2,0,0.52670056,nested_test,weighted,0.44923609495162964
322-4,322,4,2,0,0.12923466,nested_test,weighted,0.44923609495162964
322-5,322,5,2,0,0.20743462,nested_test,weighted,0.44923609495162964
322-6,322,6,2,1,0.05823736,nested_test,weighted,0.44923609495162964
322-7,322,7,2,0,0.20303287,nested_test,weighted,0.44923609495162964
322-8,322,8,2,0,0.5491244,nested_test,weighted,0.44923609495162964
322-9,322,9,2,1,0.26761162,nested_test,weighted,0.44923609495162964
322-10,322,10,2,0,0.054869868,nested_test,weighted,0.44923609495162964
322-11,322,11,2,0,0.040025037,nested_test,weighted,0.44923609495162964
322-12,322,12,2,0,0.21039182,nested_test,weighted,0.44923609495162964
323-0,323,0,5,0,0.037198197,nested_test,weighted,0.372329980134964
323-1,323,1,5,0,0.09804175,nested_test,weighted,0.372329980134964
323-2,323,2,5,0,0.017522719,nested_test,weighted,0.372329980134964
323-3,323,3,5,0,0.116171196,nested_test,weighted,0.372329980134964
323-4,323,4,5,0,0.030414693,nested_test,weighted,0.372329980134964
323-5,323,5,5,0,0.009351759,nested_test,weighted,0.372329980134964
323-6,323,6,5,0,0.1409203,nested_test,weighted,0.372329980134964
323-7,323,7,5,0,0.10108368,nested_test,weighted,0.372329980134964
323-8,323,8,5,0,0.04599294,nested_test,weighted,0.372329980134964
323-9,323,9,5,0,0.08984555,nested_test,weighted,0.372329980134964
323-10,323,10,5,0,0.011325356,nested_test,weighted,0.372329980134964
323-11,323,11,5,0,0.016055409,nested_test,weighted,0.372329980134964
323-12,323,12,5,0,0.10858182,nested_test,weighted,0.372329980134964
324-0,324,0,4,1,0.1426769,nested_test,weighted,0.5368138551712036
324-1,324,1,4,1,0.20378228,nested_test,weighted,0.5368138551712036
324-2,324,2,4,1,0.5082239,nested_test,weighted,0.5368138551712036
324-3,324,3,4,1,0.31883872,nested_test,weighted,0.5368138551712036
324-4,324,4,4,1,0.0871448,nested_test,weighted,0.5368138551712036
324-5,324,5,4,1,0.09039922,nested_test,weighted,0.5368138551712036
324-6,324,6,4,1,0.16022721,nested_test,weighted,0.5368138551712036
324-7,324,7,4,1,0.20342694,nested_test,weighted,0.5368138551712036
324-8,324,8,4,1,0.3143674,nested_test,weighted,0.5368138551712036
324-9,324,9,4,1,0.39808595,nested_test,weighted,0.5368138551712036
324-10,324,10,4,1,0.04437488,nested_test,weighted,0.5368138551712036
324-11,324,11,4,1,0.16372068,nested_test,weighted,0.5368138551712036
324-12,324,12,4,1,0.19595553,nested_test,weighted,0.5368138551712036
325-0,325,0,2,0,0.13896014,nested_test,weighted,0.44923609495162964
325-1,325,1,2,0,0.24400443,nested_test,weighted,0.44923609495162964
325-2,325,2,2,0,0.28482234,nested_test,weighted,0.44923609495162964
325-3,325,3,2,0,0.33300582,nested_test,weighted,0.44923609495162964
325-4,325,4,2,0,0.048194516,nested_test,weighted,0.44923609495162964
325-5,325,5,2,0,0.090314366,nested_test,weighted,0.44923609495162964
325-6,325,6,2,0,0.048138063,nested_test,weighted,0.44923609495162964
325-7,325,7,2,0,0.09279974,nested_test,weighted,0.44923609495162964
325-8,325,8,2,0,0.3260565,nested_test,weighted,0.44923609495162964
325-9,325,9,2,0,0.24700546,nested_test,weighted,0.44923609495162964
325-10,325,10,2,0,0.023530966,nested_test,weighted,0.44923609495162964
325-11,325,11,2,0,0.020226581,nested_test,weighted,0.44923609495162964
325-12,325,12,2,0,0.08839236,nested_test,weighted,0.44923609495162964
326-0,326,0,4,0,0.26339716,nested_test,weighted,0.5368138551712036
326-1,326,1,4,0,0.3772572,nested_test,weighted,0.5368138551712036
326-2,326,2,4,0,0.69761765,nested_test,weighted,0.5368138551712036
326-3,326,3,4,0,0.57277477,nested_test,weighted,0.5368138551712036
326-4,326,4,4,0,0.12752168,nested_test,weighted,0.5368138551712036
326-5,326,5,4,0,0.18976086,nested_test,weighted,0.5368138551712036
326-6,326,6,4,0,0.30777466,nested_test,weighted,0.5368138551712036
326-7,326,7,4,1,0.058505185,nested_test,weighted,0.5368138551712036
326-8,326,8,4,0,0.52586323,nested_test,weighted,0.5368138551712036
326-9,326,9,4,0,0.5961943,nested_test,weighted,0.5368138551712036
326-10,326,10,4,0,0.100934535,nested_test,weighted,0.5368138551712036
326-11,326,11,4,0,0.2553051,nested_test,weighted,0.5368138551712036
326-12,326,12,4,0,0.35264036,nested_test,weighted,0.5368138551712036
327-0,327,0,4,0,0.1426769,nested_test,weighted,0.5368138551712036
327-1,327,1,4,0,0.20378228,nested_test,weighted,0.5368138551712036
327-2,327,2,4,0,0.5082239,nested_test,weighted,0.5368138551712036
327-3,327,3,4,0,0.37279806,nested_test,weighted,0.5368138551712036
327-4,327,4,4,0,0.06499192,nested_test,weighted,0.5368138551712036
327-5,327,5,4,0,0.09039922,nested_test,weighted,0.5368138551712036
327-6,327,6,4,0,0.16375872,nested_test,weighted,0.5368138551712036
327-7,327,7,4,0,0.20106468,nested_test,weighted,0.5368138551712036
327-8,327,8,4,0,0.31122017,nested_test,weighted,0.5368138551712036
327-9,327,9,4,0,0.39808595,nested_test,weighted,0.5368138551712036
327-10,327,10,4,0,0.04437488,nested_test,weighted,0.5368138551712036
327-11,327,11,4,1,0.21234329,nested_test,weighted,0.5368138551712036
327-12,327,12,4,0,0.19595553,nested_test,weighted,0.5368138551712036
328-0,328,0,4,0,0.039667875,nested_test,weighted,0.5368138551712036
328-1,328,1,4,0,0.054375615,nested_test,weighted,0.5368138551712036
328-2,328,2,4,0,0.17648098,nested_test,weighted,0.5368138551712036
328-3,328,3,4,0,0.11368484,nested_test,weighted,0.5368138551712036
328-4,328,4,4,0,0.01771834,nested_test,weighted,0.5368138551712036
328-5,328,5,4,0,0.025590802,nested_test,weighted,0.5368138551712036
328-6,328,6,4,0,0.05627322,nested_test,weighted,0.5368138551712036
328-7,328,7,4,0,0.0551296,nested_test,weighted,0.5368138551712036
328-8,328,8,4,0,0.09485431,nested_test,weighted,0.5368138551712036
328-9,328,9,4,0,0.13952471,nested_test,weighted,0.5368138551712036
328-10,328,10,4,0,0.024214376,nested_test,weighted,0.5368138551712036
328-11,328,11,4,0,0.052260946,nested_test,weighted,0.5368138551712036
328-12,328,12,4,0,0.060277235,nested_test,weighted,0.5368138551712036
329-0,329,0,1,0,0.24895813,nested_test,weighted,0.48635756969451904
329-1,329,1,1,0,0.23170544,nested_test,weighted,0.48635756969451904
329-2,329,2,1,0,0.13252665,nested_test,weighted,0.48635756969451904
329-3,329,3,1,1,0.28960246,nested_test,weighted,0.48635756969451904
329-4,329,4,1,0,0.04722075,nested_test,weighted,0.48635756969451904
329-5,329,5,1,0,0.074004196,nested_test,weighted,0.48635756969451904
329-6,329,6,1,0,0.074324325,nested_test,weighted,0.48635756969451904
329-7,329,7,1,0,0.118545145,nested_test,weighted,0.48635756969451904
329-8,329,8,1,0,0.07019082,nested_test,weighted,0.48635756969451904
329-9,329,9,1,0,0.24255192,nested_test,weighted,0.48635756969451904
329-10,329,10,1,0,0.051587753,nested_test,weighted,0.48635756969451904
329-11,329,11,1,0,0.12068063,nested_test,weighted,0.48635756969451904
329-12,329,12,1,0,0.11573886,nested_test,weighted,0.48635756969451904
330-0,330,0,4,1,0.09794782,nested_test,weighted,0.5368138551712036
330-1,330,1,4,0,0.21695647,nested_test,weighted,0.5368138551712036
330-2,330,2,4,1,0.46473488,nested_test,weighted,0.5368138551712036
330-3,330,3,4,0,0.33088446,nested_test,weighted,0.5368138551712036
330-4,330,4,4,1,0.06984657,nested_test,weighted,0.5368138551712036
330-5,330,5,4,0,0.08406114,nested_test,weighted,0.5368138551712036
330-6,330,6,4,1,0.15402573,nested_test,weighted,0.5368138551712036
330-7,330,7,4,1,0.20040877,nested_test,weighted,0.5368138551712036
330-8,330,8,4,1,0.27428016,nested_test,weighted,0.5368138551712036
330-9,330,9,4,0,0.36651233,nested_test,weighted,0.5368138551712036
330-10,330,10,4,0,0.043091428,nested_test,weighted,0.5368138551712036
330-11,330,11,4,0,0.18838668,nested_test,weighted,0.5368138551712036
330-12,330,12,4,1,0.1881072,nested_test,weighted,0.5368138551712036
331-0,331,0,4,1,0.22406054,nested_test,weighted,0.5368138551712036
331-1,331,1,4,1,0.36282122,nested_test,weighted,0.5368138551712036
331-2,331,2,4,1,0.64193904,nested_test,weighted,0.5368138551712036
331-3,331,3,4,1,0.45416364,nested_test,weighted,0.5368138551712036
331-4,331,4,4,1,0.10616296,nested_test,weighted,0.5368138551712036
331-5,331,5,4,1,0.13651264,nested_test,weighted,0.5368138551712036
331-6,331,6,4,0,0.079987526,nested_test,weighted,0.5368138551712036
331-7,331,7,4,0,0.07352377,nested_test,weighted,0.5368138551712036
331-8,331,8,4,1,0.3664246,nested_test,weighted,0.5368138551712036
331-9,331,9,4,1,0.55479765,nested_test,weighted,0.5368138551712036
331-10,331,10,4,1,0.07898402,nested_test,weighted,0.5368138551712036
331-11,331,11,4,1,0.23231155,nested_test,weighted,0.5368138551712036
331-12,331,12,4,0,0.09107168,nested_test,weighted,0.5368138551712036
332-0,332,0,3,0,0.15113127,nested_test,weighted,0.44559308886528015
332-1,332,1,3,0,0.09832382,nested_test,weighted,0.44559308886528015
332-2,332,2,3,0,0.028811773,nested_test,weighted,0.44559308886528015
332-3,332,3,3,0,0.34724307,nested_test,weighted,0.44559308886528015
332-4,332,4,3,0,0.032716747,nested_test,weighted,0.44559308886528015
332-5,332,5,3,0,0.13183837,nested_test,weighted,0.44559308886528015
332-6,332,6,3,0,0.033773188,nested_test,weighted,0.44559308886528015
332-7,332,7,3,0,0.095549345,nested_test,weighted,0.44559308886528015
332-8,332,8,3,0,0.033928808,nested_test,weighted,0.44559308886528015
332-9,332,9,3,0,0.15912332,nested_test,weighted,0.44559308886528015
332-10,332,10,3,0,0.04340625,nested_test,weighted,0.44559308886528015
332-11,332,11,3,0,0.024542157,nested_test,weighted,0.44559308886528015
332-12,332,12,3,0,0.09082015,nested_test,weighted,0.44559308886528015
333-0,333,0,2,1,0.23134728,nested_test,weighted,0.44923609495162964
333-1,333,1,2,0,0.17422022,nested_test,weighted,0.44923609495162964
333-2,333,2,2,0,0.2718667,nested_test,weighted,0.44923609495162964
333-3,333,3,2,0,0.25454316,nested_test,weighted,0.44923609495162964
333-4,333,4,2,0,0.05677967,nested_test,weighted,0.44923609495162964
333-5,333,5,2,1,0.2093639,nested_test,weighted,0.44923609495162964
333-6,333,6,2,1,0.051759392,nested_test,weighted,0.44923609495162964
333-7,333,7,2,0,0.075709194,nested_test,weighted,0.44923609495162964
333-8,333,8,2,0,0.28375673,nested_test,weighted,0.44923609495162964
333-9,333,9,2,0,0.2155958,nested_test,weighted,0.44923609495162964
333-10,333,10,2,1,0.052985396,nested_test,weighted,0.44923609495162964
333-11,333,11,2,0,0.016261969,nested_test,weighted,0.44923609495162964
333-12,333,12,2,0,0.0913273,nested_test,weighted,0.44923609495162964
334-0,334,0,1,0,0.25833878,nested_test,weighted,0.48635756969451904
334-1,334,1,1,0,0.22653519,nested_test,weighted,0.48635756969451904
334-2,334,2,1,1,0.2736737,nested_test,weighted,0.48635756969451904
334-3,334,3,1,1,0.28960246,nested_test,weighted,0.48635756969451904
334-4,334,4,1,0,0.048555404,nested_test,weighted,0.48635756969451904
334-5,334,5,1,0,0.07793485,nested_test,weighted,0.48635756969451904
334-6,334,6,1,0,0.076128066,nested_test,weighted,0.48635756969451904
334-7,334,7,1,0,0.118545145,nested_test,weighted,0.48635756969451904
334-8,334,8,1,0,0.07019082,nested_test,weighted,0.48635756969451904
334-9,334,9,1,0,0.24255192,nested_test,weighted,0.48635756969451904
334-10,334,10,1,0,0.051672902,nested_test,weighted,0.48635756969451904
334-11,334,11,1,0,0.12730362,nested_test,weighted,0.48635756969451904
334-12,334,12,1,0,0.10705601,nested_test,weighted,0.48635756969451904
335-0,335,0,2,0,0.083537534,nested_test,weighted,0.44923609495162964
335-1,335,1,2,0,0.12765479,nested_test,weighted,0.44923609495162964
335-2,335,2,2,0,0.18326725,nested_test,weighted,0.44923609495162964
335-3,335,3,2,0,0.17383493,nested_test,weighted,0.44923609495162964
335-4,335,4,2,0,0.02347928,nested_test,weighted,0.44923609495162964
335-5,335,5,2,1,0.356678,nested_test,weighted,0.44923609495162964
335-6,335,6,2,0,0.033054173,nested_test,weighted,0.44923609495162964
335-7,335,7,2,1,0.37120825,nested_test,weighted,0.44923609495162964
335-8,335,8,2,0,0.22082983,nested_test,weighted,0.44923609495162964
335-9,335,9,2,0,0.19940524,nested_test,weighted,0.44923609495162964
335-10,335,10,2,0,0.01884081,nested_test,weighted,0.44923609495162964
335-11,335,11,2,0,0.015369063,nested_test,weighted,0.44923609495162964
335-12,335,12,2,0,0.064283356,nested_test,weighted,0.44923609495162964
336-0,336,0,2,0,0.09499952,nested_test,weighted,0.44923609495162964
336-1,336,1,2,0,0.14421752,nested_test,weighted,0.44923609495162964
336-2,336,2,2,0,0.22088742,nested_test,weighted,0.44923609495162964
336-3,336,3,2,0,0.25198606,nested_test,weighted,0.44923609495162964
336-4,336,4,2,0,0.051032096,nested_test,weighted,0.44923609495162964
336-5,336,5,2,0,0.05841342,nested_test,weighted,0.44923609495162964
336-6,336,6,2,0,0.037525836,nested_test,weighted,0.44923609495162964
336-7,336,7,2,0,0.06358752,nested_test,weighted,0.44923609495162964
336-8,336,8,2,0,0.24952745,nested_test,weighted,0.44923609495162964
336-9,336,9,2,0,0.18508221,nested_test,weighted,0.44923609495162964
336-10,336,10,2,0,0.023044094,nested_test,weighted,0.44923609495162964
336-11,336,11,2,0,0.021464506,nested_test,weighted,0.44923609495162964
336-12,336,12,2,0,0.088444054,nested_test,weighted,0.44923609495162964
337-0,337,0,1,0,0.23441687,nested_test,weighted,0.48635756969451904
337-1,337,1,1,0,0.1878277,nested_test,weighted,0.48635756969451904
337-2,337,2,1,0,0.10557281,nested_test,weighted,0.48635756969451904
337-3,337,3,1,0,0.17360988,nested_test,weighted,0.48635756969451904
337-4,337,4,1,0,0.03163083,nested_test,weighted,0.48635756969451904
337-5,337,5,1,0,0.06260103,nested_test,weighted,0.48635756969451904
337-6,337,6,1,0,0.06885687,nested_test,weighted,0.48635756969451904
337-7,337,7,1,0,0.10797849,nested_test,weighted,0.48635756969451904
337-8,337,8,1,0,0.05998597,nested_test,weighted,0.48635756969451904
337-9,337,9,1,0,0.18093333,nested_test,weighted,0.48635756969451904
337-10,337,10,1,0,0.02984664,nested_test,weighted,0.48635756969451904
337-11,337,11,1,0,0.08866193,nested_test,weighted,0.48635756969451904
337-12,337,12,1,0,0.06928761,nested_test,weighted,0.48635756969451904
338-0,338,0,5,0,0.037140153,nested_test,weighted,0.372329980134964
338-1,338,1,5,0,0.09804175,nested_test,weighted,0.372329980134964
338-2,338,2,5,0,0.017522719,nested_test,weighted,0.372329980134964
338-3,338,3,5,0,0.09133531,nested_test,weighted,0.372329980134964
338-4,338,4,5,0,0.030414693,nested_test,weighted,0.372329980134964
338-5,338,5,5,0,0.009351759,nested_test,weighted,0.372329980134964
338-6,338,6,5,0,0.13251634,nested_test,weighted,0.372329980134964
338-7,338,7,5,0,0.10108368,nested_test,weighted,0.372329980134964
338-8,338,8,5,0,0.047803763,nested_test,weighted,0.372329980134964
338-9,338,9,5,0,0.08971303,nested_test,weighted,0.372329980134964
338-10,338,10,5,1,0.017559608,nested_test,weighted,0.372329980134964
338-11,338,11,5,0,0.016055409,nested_test,weighted,0.372329980134964
338-12,338,12,5,0,0.07835576,nested_test,weighted,0.372329980134964
339-0,339,0,4,1,0.03952128,nested_test,weighted,0.5368138551712036
339-1,339,1,4,1,0.051337633,nested_test,weighted,0.5368138551712036
339-2,339,2,4,1,0.16637857,nested_test,weighted,0.5368138551712036
339-3,339,3,4,1,0.095215745,nested_test,weighted,0.5368138551712036
339-4,339,4,4,1,0.021447785,nested_test,weighted,0.5368138551712036
339-5,339,5,4,1,0.020505643,nested_test,weighted,0.5368138551712036
339-6,339,6,4,1,0.04967549,nested_test,weighted,0.5368138551712036
339-7,339,7,4,1,0.049631674,nested_test,weighted,0.5368138551712036
339-8,339,8,4,1,0.08754553,nested_test,weighted,0.5368138551712036
339-9,339,9,4,1,0.094507225,nested_test,weighted,0.5368138551712036
339-10,339,10,4,1,0.020280426,nested_test,weighted,0.5368138551712036
339-11,339,11,4,1,0.04367909,nested_test,weighted,0.5368138551712036
339-12,339,12,4,1,0.05694511,nested_test,weighted,0.5368138551712036
340-0,340,0,4,0,0.12453453,nested_test,weighted,0.5368138551712036
340-1,340,1,4,0,0.21691139,nested_test,weighted,0.5368138551712036
340-2,340,2,4,0,0.46030715,nested_test,weighted,0.5368138551712036
340-3,340,3,4,0,0.33398372,nested_test,weighted,0.5368138551712036
340-4,340,4,4,0,0.07317313,nested_test,weighted,0.5368138551712036
340-5,340,5,4,0,0.09461735,nested_test,weighted,0.5368138551712036
340-6,340,6,4,0,0.17824307,nested_test,weighted,0.5368138551712036
340-7,340,7,4,0,0.17286728,nested_test,weighted,0.5368138551712036
340-8,340,8,4,0,0.26650006,nested_test,weighted,0.5368138551712036
340-9,340,9,4,0,0.35309744,nested_test,weighted,0.5368138551712036
340-10,340,10,4,0,0.044421513,nested_test,weighted,0.5368138551712036
340-11,340,11,4,0,0.22181754,nested_test,weighted,0.5368138551712036
340-12,340,12,4,1,0.26184,nested_test,weighted,0.5368138551712036
341-0,341,0,5,1,0.2545598,nested_test,weighted,0.372329980134964
341-1,341,1,5,1,0.5322749,nested_test,weighted,0.372329980134964
341-2,341,2,5,1,0.14749463,nested_test,weighted,0.372329980134964
341-3,341,3,5,0,0.116171196,nested_test,weighted,0.372329980134964
341-4,341,4,5,1,0.24557936,nested_test,weighted,0.372329980134964
341-5,341,5,5,1,0.021797631,nested_test,weighted,0.372329980134964
341-6,341,6,5,1,0.5594012,nested_test,weighted,0.372329980134964
341-7,341,7,5,1,0.50828815,nested_test,weighted,0.372329980134964
341-8,341,8,5,1,0.27727008,nested_test,weighted,0.372329980134964
341-9,341,9,5,1,0.471989,nested_test,weighted,0.372329980134964
341-10,341,10,5,0,0.011325356,nested_test,weighted,0.372329980134964
341-11,341,11,5,1,0.12042352,nested_test,weighted,0.372329980134964
341-12,341,12,5,1,0.37461245,nested_test,weighted,0.372329980134964
342-0,342,0,5,0,0.021498058,nested_test,weighted,0.372329980134964
342-1,342,1,5,0,0.057738382,nested_test,weighted,0.372329980134964
342-2,342,2,5,0,0.012265879,nested_test,weighted,0.372329980134964
342-3,342,3,5,0,0.06384861,nested_test,weighted,0.372329980134964
342-4,342,4,5,0,0.018573964,nested_test,weighted,0.372329980134964
342-5,342,5,5,0,0.0050985944,nested_test,weighted,0.372329980134964
342-6,342,6,5,0,0.07252402,nested_test,weighted,0.372329980134964
342-7,342,7,5,0,0.052227728,nested_test,weighted,0.372329980134964
342-8,342,8,5,0,0.023048138,nested_test,weighted,0.372329980134964
342-9,342,9,5,0,0.0590147,nested_test,weighted,0.372329980134964
342-10,342,10,5,0,0.0047934107,nested_test,weighted,0.372329980134964
342-11,342,11,5,1,0.24429405,nested_test,weighted,0.372329980134964
342-12,342,12,5,1,0.5251691,nested_test,weighted,0.372329980134964
343-0,343,0,2,0,0.18806837,nested_test,weighted,0.44923609495162964
343-1,343,1,2,0,0.27922603,nested_test,weighted,0.44923609495162964
343-2,343,2,2,0,0.41784608,nested_test,weighted,0.44923609495162964
343-3,343,3,2,0,0.46029198,nested_test,weighted,0.44923609495162964
343-4,343,4,2,0,0.07694456,nested_test,weighted,0.44923609495162964
343-5,343,5,2,0,0.14698613,nested_test,weighted,0.44923609495162964
343-6,343,6,2,0,0.068364255,nested_test,weighted,0.44923609495162964
343-7,343,7,2,0,0.14669563,nested_test,weighted,0.44923609495162964
343-8,343,8,2,0,0.49568546,nested_test,weighted,0.44923609495162964
343-9,343,9,2,0,0.32335788,nested_test,weighted,0.44923609495162964
343-10,343,10,2,0,0.056351162,nested_test,weighted,0.44923609495162964
343-11,343,11,2,1,0.07089753,nested_test,weighted,0.44923609495162964
343-12,343,12,2,0,0.1844803,nested_test,weighted,0.44923609495162964
344-0,344,0,2,0,0.14271821,nested_test,weighted,0.44923609495162964
344-1,344,1,2,0,0.21779057,nested_test,weighted,0.44923609495162964
344-2,344,2,2,0,0.34139723,nested_test,weighted,0.44923609495162964
344-3,344,3,2,0,0.31691363,nested_test,weighted,0.44923609495162964
344-4,344,4,2,0,0.06083752,nested_test,weighted,0.44923609495162964
344-5,344,5,2,0,0.11151812,nested_test,weighted,0.44923609495162964
344-6,344,6,2,0,0.060925692,nested_test,weighted,0.44923609495162964
344-7,344,7,2,0,0.11308335,nested_test,weighted,0.44923609495162964
344-8,344,8,2,0,0.37618273,nested_test,weighted,0.44923609495162964
344-9,344,9,2,0,0.26563004,nested_test,weighted,0.44923609495162964
344-10,344,10,2,0,0.041344076,nested_test,weighted,0.44923609495162964
344-11,344,11,2,0,0.025970845,nested_test,weighted,0.44923609495162964
344-12,344,12,2,0,0.14042862,nested_test,weighted,0.44923609495162964
345-0,345,0,2,0,0.12457608,nested_test,weighted,0.44923609495162964
345-1,345,1,2,0,0.1922454,nested_test,weighted,0.44923609495162964
345-2,345,2,2,0,0.267372,nested_test,weighted,0.44923609495162964
345-3,345,3,2,0,0.32177514,nested_test,weighted,0.44923609495162964
345-4,345,4,2,0,0.052466903,nested_test,weighted,0.44923609495162964
345-5,345,5,2,0,0.08119275,nested_test,weighted,0.44923609495162964
345-6,345,6,2,0,0.055966772,nested_test,weighted,0.44923609495162964
345-7,345,7,2,0,0.098276466,nested_test,weighted,0.44923609495162964
345-8,345,8,2,0,0.34013802,nested_test,weighted,0.44923609495162964
345-9,345,9,2,0,0.23616779,nested_test,weighted,0.44923609495162964
345-10,345,10,2,0,0.029468408,nested_test,weighted,0.44923609495162964
345-11,345,11,2,0,0.022283686,nested_test,weighted,0.44923609495162964
345-12,345,12,2,0,0.12253593,nested_test,weighted,0.44923609495162964
346-0,346,0,5,0,0.020461597,nested_test,weighted,0.372329980134964
346-1,346,1,5,0,0.057738382,nested_test,weighted,0.372329980134964
346-2,346,2,5,0,0.012265879,nested_test,weighted,0.372329980134964
346-3,346,3,5,0,0.07472549,nested_test,weighted,0.372329980134964
346-4,346,4,5,0,0.017107153,nested_test,weighted,0.372329980134964
346-5,346,5,5,0,0.0050985944,nested_test,weighted,0.372329980134964
346-6,346,6,5,0,0.07252402,nested_test,weighted,0.372329980134964
346-7,346,7,5,0,0.052227728,nested_test,weighted,0.372329980134964
346-8,346,8,5,0,0.023048138,nested_test,weighted,0.372329980134964
346-9,346,9,5,0,0.056187436,nested_test,weighted,0.372329980134964
346-10,346,10,5,1,0.042671386,nested_test,weighted,0.372329980134964
346-11,346,11,5,0,0.012008442,nested_test,weighted,0.372329980134964
346-12,346,12,5,0,0.045064885,nested_test,weighted,0.372329980134964
347-0,347,0,3,1,0.3082337,nested_test,weighted,0.44559308886528015
347-1,347,1,3,0,0.10936814,nested_test,weighted,0.44559308886528015
347-2,347,2,3,0,0.032327995,nested_test,weighted,0.44559308886528015
347-3,347,3,3,0,0.4246116,nested_test,weighted,0.44559308886528015
347-4,347,4,3,0,0.03669154,nested_test,weighted,0.44559308886528015
347-5,347,5,3,0,0.14603746,nested_test,weighted,0.44559308886528015
347-6,347,6,3,0,0.035478726,nested_test,weighted,0.44559308886528015
347-7,347,7,3,0,0.11059762,nested_test,weighted,0.44559308886528015
347-8,347,8,3,0,0.041521125,nested_test,weighted,0.44559308886528015
347-9,347,9,3,0,0.17746371,nested_test,weighted,0.44559308886528015
347-10,347,10,3,1,0.04810292,nested_test,weighted,0.44559308886528015
347-11,347,11,3,1,0.038090996,nested_test,weighted,0.44559308886528015
347-12,347,12,3,0,0.10111602,nested_test,weighted,0.44559308886528015
348-0,348,0,1,0,0.41417468,nested_test,weighted,0.48635756969451904
348-1,348,1,1,0,0.34240386,nested_test,weighted,0.48635756969451904
348-2,348,2,1,0,0.19598624,nested_test,weighted,0.48635756969451904
348-3,348,3,1,0,0.3247205,nested_test,weighted,0.48635756969451904
348-4,348,4,1,0,0.072206706,nested_test,weighted,0.48635756969451904
348-5,348,5,1,0,0.131646,nested_test,weighted,0.48635756969451904
348-6,348,6,1,0,0.12078554,nested_test,weighted,0.48635756969451904
348-7,348,7,1,0,0.20684269,nested_test,weighted,0.48635756969451904
348-8,348,8,1,0,0.12296479,nested_test,weighted,0.48635756969451904
348-9,348,9,1,0,0.35603094,nested_test,weighted,0.48635756969451904
348-10,348,10,1,0,0.056867532,nested_test,weighted,0.48635756969451904
348-11,348,11,1,0,0.17274854,nested_test,weighted,0.48635756969451904
348-12,348,12,1,0,0.15338309,nested_test,weighted,0.48635756969451904
349-0,349,0,2,0,0.028414825,nested_test,weighted,0.44923609495162964
349-1,349,1,2,0,0.040621296,nested_test,weighted,0.44923609495162964
349-2,349,2,2,1,0.622892,nested_test,weighted,0.44923609495162964
349-3,349,3,2,0,0.06905317,nested_test,weighted,0.44923609495162964
349-4,349,4,2,0,0.010100661,nested_test,weighted,0.44923609495162964
349-5,349,5,2,0,0.015553524,nested_test,weighted,0.44923609495162964
349-6,349,6,2,0,0.010615872,nested_test,weighted,0.44923609495162964
349-7,349,7,2,0,0.016190942,nested_test,weighted,0.44923609495162964
349-8,349,8,2,0,0.07127229,nested_test,weighted,0.44923609495162964
349-9,349,9,2,0,0.065201096,nested_test,weighted,0.44923609495162964
349-10,349,10,2,0,0.006396992,nested_test,weighted,0.44923609495162964
349-11,349,11,2,0,0.005289118,nested_test,weighted,0.44923609495162964
349-12,349,12,2,0,0.018081598,nested_test,weighted,0.44923609495162964
350-0,350,0,3,0,0.16055089,nested_test,weighted,0.44559308886528015
350-1,350,1,3,0,0.14701426,nested_test,weighted,0.44559308886528015
350-2,350,2,3,0,0.029000517,nested_test,weighted,0.44559308886528015
350-3,350,3,3,0,0.49743557,nested_test,weighted,0.44559308886528015
350-4,350,4,3,0,0.056607362,nested_test,weighted,0.44559308886528015
350-5,350,5,3,0,0.15879233,nested_test,weighted,0.44559308886528015
350-6,350,6,3,0,0.0363393,nested_test,weighted,0.44559308886528015
350-7,350,7,3,0,0.1365571,nested_test,weighted,0.44559308886528015
350-8,350,8,3,0,0.042341128,nested_test,weighted,0.44559308886528015
350-9,350,9,3,0,0.13695951,nested_test,weighted,0.44559308886528015
350-10,350,10,3,0,0.023788044,nested_test,weighted,0.44559308886528015
350-11,350,11,3,0,0.03702478,nested_test,weighted,0.44559308886528015
350-12,350,12,3,0,0.11024625,nested_test,weighted,0.44559308886528015
351-0,351,0,4,1,0.14738713,nested_test,weighted,0.5368138551712036
351-1,351,1,4,0,0.18548933,nested_test,weighted,0.5368138551712036
351-2,351,2,4,1,0.55699027,nested_test,weighted,0.5368138551712036
351-3,351,3,4,0,0.33336937,nested_test,weighted,0.5368138551712036
351-4,351,4,4,1,0.08483614,nested_test,weighted,0.5368138551712036
351-5,351,5,4,1,0.11544335,nested_test,weighted,0.5368138551712036
351-6,351,6,4,1,0.16945834,nested_test,weighted,0.5368138551712036
351-7,351,7,4,1,0.2157224,nested_test,weighted,0.5368138551712036
351-8,351,8,4,1,0.33058545,nested_test,weighted,0.5368138551712036
351-9,351,9,4,1,0.407223,nested_test,weighted,0.5368138551712036
351-10,351,10,4,0,0.049294345,nested_test,weighted,0.5368138551712036
351-11,351,11,4,0,0.12710133,nested_test,weighted,0.5368138551712036
351-12,351,12,4,1,0.22891529,nested_test,weighted,0.5368138551712036
352-0,352,0,3,0,0.13124089,nested_test,weighted,0.44559308886528015
352-1,352,1,3,0,0.09832382,nested_test,weighted,0.44559308886528015
352-2,352,2,3,0,0.023024164,nested_test,weighted,0.44559308886528015
352-3,352,3,3,0,0.38534933,nested_test,weighted,0.44559308886528015
352-4,352,4,3,0,0.025338871,nested_test,weighted,0.44559308886528015
352-5,352,5,3,0,0.13183837,nested_test,weighted,0.44559308886528015
352-6,352,6,3,0,0.02454598,nested_test,weighted,0.44559308886528015
352-7,352,7,3,0,0.095549345,nested_test,weighted,0.44559308886528015
352-8,352,8,3,0,0.028268155,nested_test,weighted,0.44559308886528015
352-9,352,9,3,0,0.15912332,nested_test,weighted,0.44559308886528015
352-10,352,10,3,0,0.035856646,nested_test,weighted,0.44559308886528015
352-11,352,11,3,0,0.028814461,nested_test,weighted,0.44559308886528015
352-12,352,12,3,0,0.09082015,nested_test,weighted,0.44559308886528015
353-0,353,0,2,0,0.13442785,nested_test,weighted,0.44923609495162964
353-1,353,1,2,0,0.20226292,nested_test,weighted,0.44923609495162964
353-2,353,2,2,0,0.27706352,nested_test,weighted,0.44923609495162964
353-3,353,3,2,0,0.32309094,nested_test,weighted,0.44923609495162964
353-4,353,4,2,0,0.04646288,nested_test,weighted,0.44923609495162964
353-5,353,5,2,0,0.08720798,nested_test,weighted,0.44923609495162964
353-6,353,6,2,0,0.0464083,nested_test,weighted,0.44923609495162964
353-7,353,7,2,0,0.089616306,nested_test,weighted,0.44923609495162964
353-8,353,8,2,1,0.5127214,nested_test,weighted,0.44923609495162964
353-9,353,9,2,0,0.30566856,nested_test,weighted,0.44923609495162964
353-10,353,10,2,0,0.035242252,nested_test,weighted,0.44923609495162964
353-11,353,11,2,0,0.036691546,nested_test,weighted,0.44923609495162964
353-12,353,12,2,0,0.085345864,nested_test,weighted,0.44923609495162964
354-0,354,0,3,0,0.10768469,nested_test,weighted,0.44559308886528015
354-1,354,1,3,0,0.06384,nested_test,weighted,0.44559308886528015
354-2,354,2,3,0,0.018214528,nested_test,weighted,0.44559308886528015
354-3,354,3,3,0,0.29564795,nested_test,weighted,0.44559308886528015
354-4,354,4,3,0,0.022004524,nested_test,weighted,0.44559308886528015
354-5,354,5,3,0,0.08746497,nested_test,weighted,0.44559308886528015
354-6,354,6,3,0,0.016613724,nested_test,weighted,0.44559308886528015
354-7,354,7,3,0,0.06865264,nested_test,weighted,0.44559308886528015
354-8,354,8,3,0,0.020334044,nested_test,weighted,0.44559308886528015
354-9,354,9,3,0,0.092108674,nested_test,weighted,0.44559308886528015
354-10,354,10,3,0,0.029829843,nested_test,weighted,0.44559308886528015
354-11,354,11,3,0,0.016291844,nested_test,weighted,0.44559308886528015
354-12,354,12,3,0,0.058826406,nested_test,weighted,0.44559308886528015
355-0,355,0,2,0,0.1767118,nested_test,weighted,0.44923609495162964
355-1,355,1,2,0,0.22489032,nested_test,weighted,0.44923609495162964
355-2,355,2,2,0,0.25221267,nested_test,weighted,0.44923609495162964
355-3,355,3,2,0,0.38852397,nested_test,weighted,0.44923609495162964
355-4,355,4,2,0,0.06442191,nested_test,weighted,0.44923609495162964
355-5,355,5,2,0,0.09650118,nested_test,weighted,0.44923609495162964
355-6,355,6,2,0,0.062227845,nested_test,weighted,0.44923609495162964
355-7,355,7,2,1,0.17828454,nested_test,weighted,0.44923609495162964
355-8,355,8,2,0,0.3814857,nested_test,weighted,0.44923609495162964
355-9,355,9,2,0,0.22723229,nested_test,weighted,0.44923609495162964
355-10,355,10,2,0,0.042594403,nested_test,weighted,0.44923609495162964
355-11,355,11,2,0,0.027833216,nested_test,weighted,0.44923609495162964
355-12,355,12,2,0,0.11988206,nested_test,weighted,0.44923609495162964
356-0,356,0,5,0,0.032989804,nested_test,weighted,0.372329980134964
356-1,356,1,5,0,0.08757596,nested_test,weighted,0.372329980134964
356-2,356,2,5,1,0.05818963,nested_test,weighted,0.372329980134964
356-3,356,3,5,0,0.10187087,nested_test,weighted,0.372329980134964
356-4,356,4,5,0,0.022760822,nested_test,weighted,0.372329980134964
356-5,356,5,5,1,0.01082295,nested_test,weighted,0.372329980134964
356-6,356,6,5,0,0.07587356,nested_test,weighted,0.372329980134964
356-7,356,7,5,0,0.07894263,nested_test,weighted,0.372329980134964
356-8,356,8,5,0,0.037858933,nested_test,weighted,0.372329980134964
356-9,356,9,5,0,0.07565435,nested_test,weighted,0.372329980134964
356-10,356,10,5,0,0.006943463,nested_test,weighted,0.372329980134964
356-11,356,11,5,0,0.01369988,nested_test,weighted,0.372329980134964
356-12,356,12,5,0,0.05962385,nested_test,weighted,0.372329980134964
357-0,357,0,5,0,0.05418176,nested_test,weighted,0.372329980134964
357-1,357,1,5,0,0.10808679,nested_test,weighted,0.372329980134964
357-2,357,2,5,0,0.03220367,nested_test,weighted,0.372329980134964
357-3,357,3,5,0,0.19911604,nested_test,weighted,0.372329980134964
357-4,357,4,5,0,0.037086874,nested_test,weighted,0.372329980134964
357-5,357,5,5,0,0.009826487,nested_test,weighted,0.372329980134964
357-6,357,6,5,0,0.16988295,nested_test,weighted,0.372329980134964
357-7,357,7,5,0,0.11675332,nested_test,weighted,0.372329980134964
357-8,357,8,5,0,0.054335296,nested_test,weighted,0.372329980134964
357-9,357,9,5,0,0.11018661,nested_test,weighted,0.372329980134964
357-10,357,10,5,0,0.011139396,nested_test,weighted,0.372329980134964
357-11,357,11,5,0,0.023607323,nested_test,weighted,0.372329980134964
357-12,357,12,5,0,0.07880974,nested_test,weighted,0.372329980134964
358-0,358,0,3,1,0.29887798,nested_test,weighted,0.44559308886528015
358-1,358,1,3,0,0.11275857,nested_test,weighted,0.44559308886528015
358-2,358,2,3,0,0.033419795,nested_test,weighted,0.44559308886528015
358-3,358,3,3,0,0.3827104,nested_test,weighted,0.44559308886528015
358-4,358,4,3,0,0.03792493,nested_test,weighted,0.44559308886528015
358-5,358,5,3,0,0.15037274,nested_test,weighted,0.44559308886528015
358-6,358,6,3,0,0.035141055,nested_test,weighted,0.44559308886528015
358-7,358,7,3,0,0.10962621,nested_test,weighted,0.44559308886528015
358-8,358,8,3,0,0.03314581,nested_test,weighted,0.44559308886528015
358-9,358,9,3,0,0.12806107,nested_test,weighted,0.44559308886528015
358-10,358,10,3,0,0.041543193,nested_test,weighted,0.44559308886528015
358-11,358,11,3,0,0.033656873,nested_test,weighted,0.44559308886528015
358-12,358,12,3,0,0.104280606,nested_test,weighted,0.44559308886528015
359-0,359,0,5,0,0.027647162,nested_test,weighted,0.372329980134964
359-1,359,1,5,0,0.07418156,nested_test,weighted,0.372329980134964
359-2,359,2,5,0,0.012976352,nested_test,weighted,0.372329980134964
359-3,359,3,5,1,0.4677163,nested_test,weighted,0.372329980134964
359-4,359,4,5,0,0.019261355,nested_test,weighted,0.372329980134964
359-5,359,5,5,0,0.0060558203,nested_test,weighted,0.372329980134964
359-6,359,6,5,0,0.092099585,nested_test,weighted,0.372329980134964
359-7,359,7,5,0,0.06501942,nested_test,weighted,0.372329980134964
359-8,359,8,5,0,0.030542683,nested_test,weighted,0.372329980134964
359-9,359,9,5,0,0.06593303,nested_test,weighted,0.372329980134964
359-10,359,10,5,0,0.0076547577,nested_test,weighted,0.372329980134964
359-11,359,11,5,0,0.011533372,nested_test,weighted,0.372329980134964
359-12,359,12,5,0,0.07200833,nested_test,weighted,0.372329980134964
360-0,360,0,5,0,0.054971877,nested_test,weighted,0.372329980134964
360-1,360,1,5,0,0.20269339,nested_test,weighted,0.372329980134964
360-2,360,2,5,0,0.048554808,nested_test,weighted,0.372329980134964
360-3,360,3,5,0,0.21050268,nested_test,weighted,0.372329980134964
360-4,360,4,5,0,0.048851497,nested_test,weighted,0.372329980134964
360-5,360,5,5,0,0.010519929,nested_test,weighted,0.372329980134964
360-6,360,6,5,0,0.17839673,nested_test,weighted,0.372329980134964
360-7,360,7,5,0,0.16804302,nested_test,weighted,0.372329980134964
360-8,360,8,5,0,0.08022222,nested_test,weighted,0.372329980134964
360-9,360,9,5,0,0.14587495,nested_test,weighted,0.372329980134964
360-10,360,10,5,0,0.008099754,nested_test,weighted,0.372329980134964
360-11,360,11,5,0,0.033438154,nested_test,weighted,0.372329980134964
360-12,360,12,5,0,0.11391682,nested_test,weighted,0.372329980134964
361-0,361,0,5,0,0.01917987,nested_test,weighted,0.372329980134964
361-1,361,1,5,0,0.05171885,nested_test,weighted,0.372329980134964
361-2,361,2,5,0,0.01150463,nested_test,weighted,0.372329980134964
361-3,361,3,5,0,0.057230763,nested_test,weighted,0.372329980134964
361-4,361,4,5,0,0.014805064,nested_test,weighted,0.372329980134964
361-5,361,5,5,0,0.004540593,nested_test,weighted,0.372329980134964
361-6,361,6,5,0,0.06506946,nested_test,weighted,0.372329980134964
361-7,361,7,5,0,0.04675416,nested_test,weighted,0.372329980134964
361-8,361,8,5,0,0.020566318,nested_test,weighted,0.372329980134964
361-9,361,9,5,0,0.048887946,nested_test,weighted,0.372329980134964
361-10,361,10,5,0,0.0043200133,nested_test,weighted,0.372329980134964
361-11,361,11,5,0,0.010385236,nested_test,weighted,0.372329980134964
361-12,361,12,5,0,0.03984818,nested_test,weighted,0.372329980134964
362-0,362,0,2,1,0.43162954,nested_test,weighted,0.44923609495162964
362-1,362,1,2,1,0.63456804,nested_test,weighted,0.44923609495162964
362-2,362,2,2,1,0.7285212,nested_test,weighted,0.44923609495162964
362-3,362,3,2,1,0.7693059,nested_test,weighted,0.44923609495162964
362-4,362,4,2,0,0.014972178,nested_test,weighted,0.44923609495162964
362-5,362,5,2,0,0.021876603,nested_test,weighted,0.44923609495162964
362-6,362,6,2,0,0.018535992,nested_test,weighted,0.44923609495162964
362-7,362,7,2,1,0.44895348,nested_test,weighted,0.44923609495162964
362-8,362,8,2,1,0.789284,nested_test,weighted,0.44923609495162964
362-9,362,9,2,1,0.7199561,nested_test,weighted,0.44923609495162964
362-10,362,10,2,1,0.15137069,nested_test,weighted,0.44923609495162964
362-11,362,11,2,1,0.07389072,nested_test,weighted,0.44923609495162964
362-12,362,12,2,1,0.47968584,nested_test,weighted,0.44923609495162964
363-0,363,0,1,1,0.58593225,nested_test,weighted,0.48635756969451904
363-1,363,1,1,1,0.5608893,nested_test,weighted,0.48635756969451904
363-2,363,2,1,1,0.37747553,nested_test,weighted,0.48635756969451904
363-3,363,3,1,1,0.38869396,nested_test,weighted,0.48635756969451904
363-4,363,4,1,1,0.16306859,nested_test,weighted,0.48635756969451904
363-5,363,5,1,1,0.26894704,nested_test,weighted,0.48635756969451904
363-6,363,6,1,0,0.0653095,nested_test,weighted,0.48635756969451904
363-7,363,7,1,1,0.3864712,nested_test,weighted,0.48635756969451904
363-8,363,8,1,1,0.20481728,nested_test,weighted,0.48635756969451904
363-9,363,9,1,1,0.5932845,nested_test,weighted,0.48635756969451904
363-10,363,10,1,1,0.0640876,nested_test,weighted,0.48635756969451904
363-11,363,11,1,1,0.3030009,nested_test,weighted,0.48635756969451904
363-12,363,12,1,1,0.28902018,nested_test,weighted,0.48635756969451904
364-0,364,0,5,0,0.11391612,nested_test,weighted,0.372329980134964
364-1,364,1,5,0,0.29993,nested_test,weighted,0.372329980134964
364-2,364,2,5,0,0.06446559,nested_test,weighted,0.372329980134964
364-3,364,3,5,0,0.24283408,nested_test,weighted,0.372329980134964
364-4,364,4,5,0,0.09223054,nested_test,weighted,0.372329980134964
364-5,364,5,5,0,0.007942651,nested_test,weighted,0.372329980134964
364-6,364,6,5,0,0.2987131,nested_test,weighted,0.372329980134964
364-7,364,7,5,1,0.0890193,nested_test,weighted,0.372329980134964
364-8,364,8,5,0,0.11506567,nested_test,weighted,0.372329980134964
364-9,364,9,5,0,0.30855393,nested_test,weighted,0.372329980134964
364-10,364,10,5,1,0.010226053,nested_test,weighted,0.372329980134964
364-11,364,11,5,1,0.017638052,nested_test,weighted,0.372329980134964
364-12,364,12,5,0,0.18301491,nested_test,weighted,0.372329980134964
365-0,365,0,2,0,0.26757872,nested_test,weighted,0.44923609495162964
365-1,365,1,2,0,0.387236,nested_test,weighted,0.44923609495162964
365-2,365,2,2,1,0.24688959,nested_test,weighted,0.44923609495162964
365-3,365,3,2,0,0.53338253,nested_test,weighted,0.44923609495162964
365-4,365,4,2,0,0.13310575,nested_test,weighted,0.44923609495162964
365-5,365,5,2,0,0.240737,nested_test,weighted,0.44923609495162964
365-6,365,6,2,0,0.06606203,nested_test,weighted,0.44923609495162964
365-7,365,7,2,1,0.074471265,nested_test,weighted,0.44923609495162964
365-8,365,8,2,0,0.55215675,nested_test,weighted,0.44923609495162964
365-9,365,9,2,0,0.5453813,nested_test,weighted,0.44923609495162964
365-10,365,10,2,0,0.05829865,nested_test,weighted,0.44923609495162964
365-11,365,11,2,0,0.05656064,nested_test,weighted,0.44923609495162964
365-12,365,12,2,0,0.23516272,nested_test,weighted,0.44923609495162964
366-0,366,0,3,1,0.21308863,nested_test,weighted,0.44559308886528015
366-1,366,1,3,0,0.14442736,nested_test,weighted,0.44559308886528015
366-2,366,2,3,0,0.021826547,nested_test,weighted,0.44559308886528015
366-3,366,3,3,1,0.47979647,nested_test,weighted,0.44559308886528015
366-4,366,4,3,0,0.045760985,nested_test,weighted,0.44559308886528015
366-5,366,5,3,0,0.19483206,nested_test,weighted,0.44559308886528015
366-6,366,6,3,0,0.04754377,nested_test,weighted,0.44559308886528015
366-7,366,7,3,0,0.17311084,nested_test,weighted,0.44559308886528015
366-8,366,8,3,0,0.05163588,nested_test,weighted,0.44559308886528015
366-9,366,9,3,0,0.24011412,nested_test,weighted,0.44559308886528015
366-10,366,10,3,0,0.029235631,nested_test,weighted,0.44559308886528015
366-11,366,11,3,0,0.03086919,nested_test,weighted,0.44559308886528015
366-12,366,12,3,0,0.096055664,nested_test,weighted,0.44559308886528015
367-0,367,0,3,1,0.20680232,nested_test,weighted,0.44559308886528015
367-1,367,1,3,0,0.16873448,nested_test,weighted,0.44559308886528015
367-2,367,2,3,0,0.03710826,nested_test,weighted,0.44559308886528015
367-3,367,3,3,0,0.468442,nested_test,weighted,0.44559308886528015
367-4,367,4,3,0,0.07500652,nested_test,weighted,0.44559308886528015
367-5,367,5,3,1,0.19701411,nested_test,weighted,0.44559308886528015
367-6,367,6,3,1,0.03614167,nested_test,weighted,0.44559308886528015
367-7,367,7,3,0,0.17973939,nested_test,weighted,0.44559308886528015
367-8,367,8,3,1,0.050434664,nested_test,weighted,0.44559308886528015
367-9,367,9,3,1,0.24609955,nested_test,weighted,0.44559308886528015
367-10,367,10,3,0,0.035704434,nested_test,weighted,0.44559308886528015
367-11,367,11,3,0,0.03314693,nested_test,weighted,0.44559308886528015
367-12,367,12,3,0,0.19048417,nested_test,weighted,0.44559308886528015
368-0,368,0,2,1,0.080460936,nested_test,weighted,0.44923609495162964
368-1,368,1,2,1,0.12860474,nested_test,weighted,0.44923609495162964
368-2,368,2,2,1,0.18239339,nested_test,weighted,0.44923609495162964
368-3,368,3,2,1,0.19280736,nested_test,weighted,0.44923609495162964
368-4,368,4,2,1,0.029339628,nested_test,weighted,0.44923609495162964
368-5,368,5,2,1,0.050425176,nested_test,weighted,0.44923609495162964
368-6,368,6,2,1,0.026462942,nested_test,weighted,0.44923609495162964
368-7,368,7,2,1,0.050339364,nested_test,weighted,0.44923609495162964
368-8,368,8,2,1,0.19819032,nested_test,weighted,0.44923609495162964
368-9,368,9,2,1,0.17841564,nested_test,weighted,0.44923609495162964
368-10,368,10,2,1,0.017441709,nested_test,weighted,0.44923609495162964
368-11,368,11,2,1,0.013976493,nested_test,weighted,0.44923609495162964
368-12,368,12,2,1,0.054224044,nested_test,weighted,0.44923609495162964
369-0,369,0,5,0,0.13109832,nested_test,weighted,0.372329980134964
369-1,369,1,5,0,0.33981866,nested_test,weighted,0.372329980134964
369-2,369,2,5,0,0.08996352,nested_test,weighted,0.372329980134964
369-3,369,3,5,0,0.30957448,nested_test,weighted,0.372329980134964
369-4,369,4,5,0,0.14321429,nested_test,weighted,0.372329980134964
369-5,369,5,5,0,0.010514973,nested_test,weighted,0.372329980134964
369-6,369,6,5,0,0.30834588,nested_test,weighted,0.372329980134964
369-7,369,7,5,0,0.28803235,nested_test,weighted,0.372329980134964
369-8,369,8,5,0,0.12892388,nested_test,weighted,0.372329980134964
369-9,369,9,5,0,0.34174356,nested_test,weighted,0.372329980134964
369-10,369,10,5,0,0.012560423,nested_test,weighted,0.372329980134964
369-11,369,11,5,0,0.06772978,nested_test,weighted,0.372329980134964
369-12,369,12,5,0,0.19612935,nested_test,weighted,0.372329980134964
370-0,370,0,2,0,0.12193677,nested_test,weighted,0.44923609495162964
370-1,370,1,2,0,0.22079249,nested_test,weighted,0.44923609495162964
370-2,370,2,2,0,0.29986966,nested_test,weighted,0.44923609495162964
370-3,370,3,2,1,0.5517049,nested_test,weighted,0.44923609495162964
370-4,370,4,2,0,0.043835443,nested_test,weighted,0.44923609495162964
370-5,370,5,2,0,0.08908117,nested_test,weighted,0.44923609495162964
370-6,370,6,2,0,0.05823736,nested_test,weighted,0.44923609495162964
370-7,370,7,2,0,0.099108234,nested_test,weighted,0.44923609495162964
370-8,370,8,2,0,0.3422398,nested_test,weighted,0.44923609495162964
370-9,370,9,2,0,0.2627562,nested_test,weighted,0.44923609495162964
370-10,370,10,2,0,0.03922313,nested_test,weighted,0.44923609495162964
370-11,370,11,2,0,0.021719692,nested_test,weighted,0.44923609495162964
370-12,370,12,2,0,0.118932284,nested_test,weighted,0.44923609495162964
371-0,371,0,2,0,0.13330197,nested_test,weighted,0.44923609495162964
371-1,371,1,2,0,0.18575184,nested_test,weighted,0.44923609495162964
371-2,371,2,2,0,0.411213,nested_test,weighted,0.44923609495162964
371-3,371,3,2,0,0.3896963,nested_test,weighted,0.44923609495162964
371-4,371,4,2,0,0.09455277,nested_test,weighted,0.44923609495162964
371-5,371,5,2,1,0.17253983,nested_test,weighted,0.44923609495162964
371-6,371,6,2,0,0.045926116,nested_test,weighted,0.44923609495162964
371-7,371,7,2,0,0.14512073,nested_test,weighted,0.44923609495162964
371-8,371,8,2,0,0.43441898,nested_test,weighted,0.44923609495162964
371-9,371,9,2,0,0.38641524,nested_test,weighted,0.44923609495162964
371-10,371,10,2,0,0.042489696,nested_test,weighted,0.44923609495162964
371-11,371,11,2,0,0.027968468,nested_test,weighted,0.44923609495162964
371-12,371,12,2,0,0.114886455,nested_test,weighted,0.44923609495162964
372-0,372,0,5,0,0.03884411,nested_test,weighted,0.372329980134964
372-1,372,1,5,0,0.1119411,nested_test,weighted,0.372329980134964
372-2,372,2,5,0,0.023536276,nested_test,weighted,0.372329980134964
372-3,372,3,5,0,0.11401905,nested_test,weighted,0.372329980134964
372-4,372,4,5,0,0.032024585,nested_test,weighted,0.372329980134964
372-5,372,5,5,0,0.009474815,nested_test,weighted,0.372329980134964
372-6,372,6,5,0,0.13098414,nested_test,weighted,0.372329980134964
372-7,372,7,5,0,0.104533486,nested_test,weighted,0.372329980134964
372-8,372,8,5,0,0.048199657,nested_test,weighted,0.372329980134964
372-9,372,9,5,0,0.11427025,nested_test,weighted,0.372329980134964
372-10,372,10,5,0,0.009484105,nested_test,weighted,0.372329980134964
372-11,372,11,5,0,0.023536276,nested_test,weighted,0.372329980134964
372-12,372,12,5,0,0.08381306,nested_test,weighted,0.372329980134964
373-0,373,0,3,0,0.14598516,nested_test,weighted,0.44559308886528015
373-1,373,1,3,0,0.088188566,nested_test,weighted,0.44559308886528015
373-2,373,2,3,1,0.0438094,nested_test,weighted,0.44559308886528015
373-3,373,3,3,0,0.41500422,nested_test,weighted,0.44559308886528015
373-4,373,4,3,0,0.036861982,nested_test,weighted,0.44559308886528015
373-5,373,5,3,0,0.12312615,nested_test,weighted,0.44559308886528015
373-6,373,6,3,0,0.029595453,nested_test,weighted,0.44559308886528015
373-7,373,7,3,0,0.1067767,nested_test,weighted,0.44559308886528015
373-8,373,8,3,0,0.03221233,nested_test,weighted,0.44559308886528015
373-9,373,9,3,0,0.17636424,nested_test,weighted,0.44559308886528015
373-10,373,10,3,1,0.046116486,nested_test,weighted,0.44559308886528015
373-11,373,11,3,0,0.027681299,nested_test,weighted,0.44559308886528015
373-12,373,12,3,0,0.101554155,nested_test,weighted,0.44559308886528015
374-0,374,0,1,0,0.11241812,nested_test,weighted,0.48635756969451904
374-1,374,1,1,0,0.11092038,nested_test,weighted,0.48635756969451904
374-2,374,2,1,1,0.49415818,nested_test,weighted,0.48635756969451904
374-3,374,3,1,0,0.08594174,nested_test,weighted,0.48635756969451904
374-4,374,4,1,1,0.1729427,nested_test,weighted,0.48635756969451904
374-5,374,5,1,0,0.034826454,nested_test,weighted,0.48635756969451904
374-6,374,6,1,0,0.03223981,nested_test,weighted,0.48635756969451904
374-7,374,7,1,1,0.4916757,nested_test,weighted,0.48635756969451904
374-8,374,8,1,0,0.036131755,nested_test,weighted,0.48635756969451904
374-9,374,9,1,1,0.6293111,nested_test,weighted,0.48635756969451904
374-10,374,10,1,1,0.087068304,nested_test,weighted,0.48635756969451904
374-11,374,11,1,0,0.055407412,nested_test,weighted,0.48635756969451904
374-12,374,12,1,0,0.052592278,nested_test,weighted,0.48635756969451904
375-0,375,0,4,0,0.10808264,nested_test,weighted,0.5368138551712036
375-1,375,1,4,0,0.12601839,nested_test,weighted,0.5368138551712036
375-2,375,2,4,0,0.34938896,nested_test,weighted,0.5368138551712036
375-3,375,3,4,0,0.3467419,nested_test,weighted,0.5368138551712036
375-4,375,4,4,0,0.047907773,nested_test,weighted,0.5368138551712036
375-5,375,5,4,0,0.05302136,nested_test,weighted,0.5368138551712036
375-6,375,6,4,0,0.14884572,nested_test,weighted,0.5368138551712036
375-7,375,7,4,0,0.17743172,nested_test,weighted,0.5368138551712036
375-8,375,8,4,0,0.25299484,nested_test,weighted,0.5368138551712036
375-9,375,9,4,0,0.25969717,nested_test,weighted,0.5368138551712036
375-10,375,10,4,0,0.036675654,nested_test,weighted,0.5368138551712036
375-11,375,11,4,0,0.12838876,nested_test,weighted,0.5368138551712036
375-12,375,12,4,0,0.17576289,nested_test,weighted,0.5368138551712036
376-0,376,0,2,1,0.34352398,nested_test,weighted,0.44923609495162964
376-1,376,1,2,0,0.065934576,nested_test,weighted,0.44923609495162964
376-2,376,2,2,0,0.1280175,nested_test,weighted,0.44923609495162964
376-3,376,3,2,0,0.14148858,nested_test,weighted,0.44923609495162964
376-4,376,4,2,0,0.017234748,nested_test,weighted,0.44923609495162964
376-5,376,5,2,0,0.01782146,nested_test,weighted,0.44923609495162964
376-6,376,6,2,0,0.020791546,nested_test,weighted,0.44923609495162964
376-7,376,7,2,0,0.030394807,nested_test,weighted,0.44923609495162964
376-8,376,8,2,0,0.13306622,nested_test,weighted,0.44923609495162964
376-9,376,9,2,0,0.11550644,nested_test,weighted,0.44923609495162964
376-10,376,10,2,0,0.011218889,nested_test,weighted,0.44923609495162964
376-11,376,11,2,0,0.009268131,nested_test,weighted,0.44923609495162964
376-12,376,12,2,0,0.042870224,nested_test,weighted,0.44923609495162964
377-0,377,0,4,0,0.027677482,nested_test,weighted,0.5368138551712036
377-1,377,1,4,0,0.043944426,nested_test,weighted,0.5368138551712036
377-2,377,2,4,0,0.16279648,nested_test,weighted,0.5368138551712036
377-3,377,3,4,0,0.10523231,nested_test,weighted,0.5368138551712036
377-4,377,4,4,0,0.01768654,nested_test,weighted,0.5368138551712036
377-5,377,5,4,0,0.01494651,nested_test,weighted,0.5368138551712036
377-6,377,6,4,0,0.045959882,nested_test,weighted,0.5368138551712036
377-7,377,7,4,0,0.045316786,nested_test,weighted,0.5368138551712036
377-8,377,8,4,0,0.077122025,nested_test,weighted,0.5368138551712036
377-9,377,9,4,0,0.10580627,nested_test,weighted,0.5368138551712036
377-10,377,10,4,0,0.019402003,nested_test,weighted,0.5368138551712036
377-11,377,11,4,0,0.04260368,nested_test,weighted,0.5368138551712036
377-12,377,12,4,0,0.04954799,nested_test,weighted,0.5368138551712036
378-0,378,0,2,0,0.02328226,nested_test,weighted,0.44923609495162964
378-1,378,1,2,0,0.055343386,nested_test,weighted,0.44923609495162964
378-2,378,2,2,0,0.11021087,nested_test,weighted,0.44923609495162964
378-3,378,3,2,0,0.09764021,nested_test,weighted,0.44923609495162964
378-4,378,4,2,0,0.013887431,nested_test,weighted,0.44923609495162964
378-5,378,5,2,0,0.021876603,nested_test,weighted,0.44923609495162964
378-6,378,6,2,0,0.017807834,nested_test,weighted,0.44923609495162964
378-7,378,7,2,0,0.024555419,nested_test,weighted,0.44923609495162964
378-8,378,8,2,0,0.10973421,nested_test,weighted,0.44923609495162964
378-9,378,9,2,0,0.08005751,nested_test,weighted,0.44923609495162964
378-10,378,10,2,0,0.009040766,nested_test,weighted,0.44923609495162964
378-11,378,11,2,0,0.0075892312,nested_test,weighted,0.44923609495162964
378-12,378,12,2,0,0.028910063,nested_test,weighted,0.44923609495162964
379-0,379,0,5,0,0.021532204,nested_test,weighted,0.372329980134964
379-1,379,1,5,0,0.057738382,nested_test,weighted,0.372329980134964
379-2,379,2,5,1,0.29348895,nested_test,weighted,0.372329980134964
379-3,379,3,5,0,0.06313463,nested_test,weighted,0.372329980134964
379-4,379,4,5,0,0.017107153,nested_test,weighted,0.372329980134964
379-5,379,5,5,0,0.0050985944,nested_test,weighted,0.372329980134964
379-6,379,6,5,0,0.07252402,nested_test,weighted,0.372329980134964
379-7,379,7,5,0,0.05818345,nested_test,weighted,0.372329980134964
379-8,379,8,5,0,0.023048138,nested_test,weighted,0.372329980134964
379-9,379,9,5,0,0.056187436,nested_test,weighted,0.372329980134964
379-10,379,10,5,0,0.004851032,nested_test,weighted,0.372329980134964
379-11,379,11,5,0,0.012008442,nested_test,weighted,0.372329980134964
379-12,379,12,5,0,0.044550978,nested_test,weighted,0.372329980134964
380-0,380,0,1,0,0.32979444,nested_test,weighted,0.48635756969451904
380-1,380,1,1,0,0.31040347,nested_test,weighted,0.48635756969451904
380-2,380,2,1,0,0.17522097,nested_test,weighted,0.48635756969451904
380-3,380,3,1,0,0.22554295,nested_test,weighted,0.48635756969451904
380-4,380,4,1,0,0.06389759,nested_test,weighted,0.48635756969451904
380-5,380,5,1,0,0.11671498,nested_test,weighted,0.48635756969451904
380-6,380,6,1,0,0.10842726,nested_test,weighted,0.48635756969451904
380-7,380,7,1,0,0.1704923,nested_test,weighted,0.48635756969451904
380-8,380,8,1,0,0.101137295,nested_test,weighted,0.48635756969451904
380-9,380,9,1,0,0.30066168,nested_test,weighted,0.48635756969451904
380-10,380,10,1,0,0.053764734,nested_test,weighted,0.48635756969451904
380-11,380,11,1,0,0.15479407,nested_test,weighted,0.48635756969451904
380-12,380,12,1,0,0.13470745,nested_test,weighted,0.48635756969451904
381-0,381,0,4,0,0.04070005,nested_test,weighted,0.5368138551712036
381-1,381,1,4,0,0.08072756,nested_test,weighted,0.5368138551712036
381-2,381,2,4,0,0.20883384,nested_test,weighted,0.5368138551712036
381-3,381,3,4,0,0.17981754,nested_test,weighted,0.5368138551712036
381-4,381,4,4,0,0.023352977,nested_test,weighted,0.5368138551712036
381-5,381,5,4,0,0.032856088,nested_test,weighted,0.5368138551712036
381-6,381,6,4,0,0.05106433,nested_test,weighted,0.5368138551712036
381-7,381,7,4,0,0.05999585,nested_test,weighted,0.5368138551712036
381-8,381,8,4,0,0.11042491,nested_test,weighted,0.5368138551712036
381-9,381,9,4,0,0.13161422,nested_test,weighted,0.5368138551712036
381-10,381,10,4,0,0.028764836,nested_test,weighted,0.5368138551712036
381-11,381,11,4,0,0.06555431,nested_test,weighted,0.5368138551712036
381-12,381,12,4,0,0.06183491,nested_test,weighted,0.5368138551712036
382-0,382,0,1,0,0.48964038,nested_test,weighted,0.48635756969451904
382-1,382,1,1,0,0.45974335,nested_test,weighted,0.48635756969451904
382-2,382,2,1,0,0.2648589,nested_test,weighted,0.48635756969451904
382-3,382,3,1,0,0.31831515,nested_test,weighted,0.48635756969451904
382-4,382,4,1,0,0.09702794,nested_test,weighted,0.48635756969451904
382-5,382,5,1,0,0.16619928,nested_test,weighted,0.48635756969451904
382-6,382,6,1,0,0.17395627,nested_test,weighted,0.48635756969451904
382-7,382,7,1,0,0.24427338,nested_test,weighted,0.48635756969451904
382-8,382,8,1,0,0.15899912,nested_test,weighted,0.48635756969451904
382-9,382,9,1,0,0.42772684,nested_test,weighted,0.48635756969451904
382-10,382,10,1,0,0.13119783,nested_test,weighted,0.48635756969451904
382-11,382,11,1,0,0.23109943,nested_test,weighted,0.48635756969451904
382-12,382,12,1,0,0.23165523,nested_test,weighted,0.48635756969451904
383-0,383,0,5,0,0.30529928,nested_test,weighted,0.372329980134964
383-1,383,1,5,1,0.09804175,nested_test,weighted,0.372329980134964
383-2,383,2,5,1,0.017522719,nested_test,weighted,0.372329980134964
383-3,383,3,5,0,0.5097961,nested_test,weighted,0.372329980134964
383-4,383,4,5,1,0.030414693,nested_test,weighted,0.372329980134964
383-5,383,5,5,1,0.010655175,nested_test,weighted,0.372329980134964
383-6,383,6,5,1,0.13251634,nested_test,weighted,0.372329980134964
383-7,383,7,5,1,0.10316492,nested_test,weighted,0.372329980134964
383-8,383,8,5,1,0.047803763,nested_test,weighted,0.372329980134964
383-9,383,9,5,1,0.08984555,nested_test,weighted,0.372329980134964
383-10,383,10,5,1,0.011964068,nested_test,weighted,0.372329980134964
383-11,383,11,5,1,0.016055409,nested_test,weighted,0.372329980134964
383-12,383,12,5,1,0.07835576,nested_test,weighted,0.372329980134964
384-0,384,0,2,1,0.27979884,nested_test,weighted,0.44923609495162964
384-1,384,1,2,1,0.59101874,nested_test,weighted,0.44923609495162964
384-2,384,2,2,1,0.7285212,nested_test,weighted,0.44923609495162964
384-3,384,3,2,1,0.7693059,nested_test,weighted,0.44923609495162964
384-4,384,4,2,0,0.020115344,nested_test,weighted,0.44923609495162964
384-5,384,5,2,0,0.01483599,nested_test,weighted,0.44923609495162964
384-6,384,6,2,0,0.018535992,nested_test,weighted,0.44923609495162964
384-7,384,7,2,1,0.39383015,nested_test,weighted,0.44923609495162964
384-8,384,8,2,1,0.789284,nested_test,weighted,0.44923609495162964
384-9,384,9,2,0,0.099555075,nested_test,weighted,0.44923609495162964
384-10,384,10,2,1,0.15505219,nested_test,weighted,0.44923609495162964
384-11,384,11,2,1,0.07026736,nested_test,weighted,0.44923609495162964
384-12,384,12,2,1,0.47968584,nested_test,weighted,0.44923609495162964
385-0,385,0,1,0,0.16649543,nested_test,weighted,0.48635756969451904
385-1,385,1,1,0,0.14951988,nested_test,weighted,0.48635756969451904
385-2,385,2,1,0,0.08093307,nested_test,weighted,0.48635756969451904
385-3,385,3,1,0,0.10850984,nested_test,weighted,0.48635756969451904
385-4,385,4,1,0,0.02646059,nested_test,weighted,0.48635756969451904
385-5,385,5,1,0,0.046456117,nested_test,weighted,0.48635756969451904
385-6,385,6,1,0,0.04606004,nested_test,weighted,0.48635756969451904
385-7,385,7,1,0,0.07352621,nested_test,weighted,0.48635756969451904
385-8,385,8,1,0,0.049292106,nested_test,weighted,0.48635756969451904
385-9,385,9,1,0,0.15730694,nested_test,weighted,0.48635756969451904
385-10,385,10,1,0,0.03383942,nested_test,weighted,0.48635756969451904
385-11,385,11,1,0,0.075908236,nested_test,weighted,0.48635756969451904
385-12,385,12,1,0,0.06724874,nested_test,weighted,0.48635756969451904
386-0,386,0,2,0,0.08634593,nested_test,weighted,0.44923609495162964
386-1,386,1,2,0,0.13867685,nested_test,weighted,0.44923609495162964
386-2,386,2,2,0,0.20035602,nested_test,weighted,0.44923609495162964
386-3,386,3,2,0,0.22941527,nested_test,weighted,0.44923609495162964
386-4,386,4,2,0,0.031876907,nested_test,weighted,0.44923609495162964
386-5,386,5,2,0,0.05289767,nested_test,weighted,0.44923609495162964
386-6,386,6,2,0,0.036504682,nested_test,weighted,0.44923609495162964
386-7,386,7,2,0,0.07123653,nested_test,weighted,0.44923609495162964
386-8,386,8,2,0,0.22710998,nested_test,weighted,0.44923609495162964
386-9,386,9,2,0,0.20057943,nested_test,weighted,0.44923609495162964
386-10,386,10,2,0,0.022753255,nested_test,weighted,0.44923609495162964
386-11,386,11,2,0,0.015925571,nested_test,weighted,0.44923609495162964
386-12,386,12,2,0,0.073187,nested_test,weighted,0.44923609495162964
387-0,387,0,5,0,0.020461597,nested_test,weighted,0.372329980134964
387-1,387,1,5,0,0.057738382,nested_test,weighted,0.372329980134964
387-2,387,2,5,0,0.012265879,nested_test,weighted,0.372329980134964
387-3,387,3,5,0,0.06384861,nested_test,weighted,0.372329980134964
387-4,387,4,5,0,0.017107153,nested_test,weighted,0.372329980134964
387-5,387,5,5,0,0.0050985944,nested_test,weighted,0.372329980134964
387-6,387,6,5,0,0.07252402,nested_test,weighted,0.372329980134964
387-7,387,7,5,0,0.052227728,nested_test,weighted,0.372329980134964
387-8,387,8,5,0,0.023048138,nested_test,weighted,0.372329980134964
387-9,387,9,5,0,0.056187436,nested_test,weighted,0.372329980134964
387-10,387,10,5,0,0.0047934107,nested_test,weighted,0.372329980134964
387-11,387,11,5,0,0.012008442,nested_test,weighted,0.372329980134964
387-12,387,12,5,0,0.045064885,nested_test,weighted,0.372329980134964
388-0,388,0,2,0,0.082436986,nested_test,weighted,0.44923609495162964
388-1,388,1,2,0,0.13894467,nested_test,weighted,0.44923609495162964
388-2,388,2,2,0,0.3315454,nested_test,weighted,0.44923609495162964
388-3,388,3,2,0,0.34686255,nested_test,weighted,0.44923609495162964
388-4,388,4,2,0,0.038004834,nested_test,weighted,0.44923609495162964
388-5,388,5,2,0,0.09001242,nested_test,weighted,0.44923609495162964
388-6,388,6,2,0,0.058449253,nested_test,weighted,0.44923609495162964
388-7,388,7,2,0,0.10873234,nested_test,weighted,0.44923609495162964
388-8,388,8,2,0,0.36588475,nested_test,weighted,0.44923609495162964
388-9,388,9,2,0,0.25711104,nested_test,weighted,0.44923609495162964
388-10,388,10,2,0,0.032870445,nested_test,weighted,0.44923609495162964
388-11,388,11,2,0,0.024877558,nested_test,weighted,0.44923609495162964
388-12,388,12,2,0,0.111167155,nested_test,weighted,0.44923609495162964
389-0,389,0,2,0,0.052737575,nested_test,weighted,0.44923609495162964
389-1,389,1,2,0,0.087577194,nested_test,weighted,0.44923609495162964
389-2,389,2,2,0,0.15165935,nested_test,weighted,0.44923609495162964
389-3,389,3,2,0,0.20556638,nested_test,weighted,0.44923609495162964
389-4,389,4,2,0,0.02347928,nested_test,weighted,0.44923609495162964
389-5,389,5,2,0,0.051116306,nested_test,weighted,0.44923609495162964
389-6,389,6,2,0,0.033054173,nested_test,weighted,0.44923609495162964
389-7,389,7,2,0,0.05471536,nested_test,weighted,0.44923609495162964
389-8,389,8,2,0,0.22082983,nested_test,weighted,0.44923609495162964
389-9,389,9,2,0,0.1652659,nested_test,weighted,0.44923609495162964
389-10,389,10,2,0,0.01884081,nested_test,weighted,0.44923609495162964
389-11,389,11,2,0,0.015369063,nested_test,weighted,0.44923609495162964
389-12,389,12,2,0,0.070773445,nested_test,weighted,0.44923609495162964
390-0,390,0,5,0,0.021532204,nested_test,weighted,0.372329980134964
390-1,390,1,5,0,0.05782668,nested_test,weighted,0.372329980134964
390-2,390,2,5,1,0.24651755,nested_test,weighted,0.372329980134964
390-3,390,3,5,0,0.06313463,nested_test,weighted,0.372329980134964
390-4,390,4,5,0,0.017107153,nested_test,weighted,0.372329980134964
390-5,390,5,5,0,0.0055447957,nested_test,weighted,0.372329980134964
390-6,390,6,5,0,0.074572526,nested_test,weighted,0.372329980134964
390-7,390,7,5,0,0.052227728,nested_test,weighted,0.372329980134964
390-8,390,8,5,0,0.026070677,nested_test,weighted,0.372329980134964
390-9,390,9,5,0,0.056187436,nested_test,weighted,0.372329980134964
390-10,390,10,5,0,0.004851032,nested_test,weighted,0.372329980134964
390-11,390,11,5,0,0.012121255,nested_test,weighted,0.372329980134964
390-12,390,12,5,0,0.045064885,nested_test,weighted,0.372329980134964
391-0,391,0,1,0,0.10554044,nested_test,weighted,0.48635756969451904
391-1,391,1,1,0,0.09277201,nested_test,weighted,0.48635756969451904
391-2,391,2,1,1,0.4004504,nested_test,weighted,0.48635756969451904
391-3,391,3,1,0,0.062470138,nested_test,weighted,0.48635756969451904
391-4,391,4,1,0,0.014700829,nested_test,weighted,0.48635756969451904
391-5,391,5,1,0,0.027656721,nested_test,weighted,0.48635756969451904
391-6,391,6,1,1,0.2674248,nested_test,weighted,0.48635756969451904
391-7,391,7,1,1,0.46272612,nested_test,weighted,0.48635756969451904
391-8,391,8,1,0,0.025831578,nested_test,weighted,0.48635756969451904
391-9,391,9,1,0,0.09713296,nested_test,weighted,0.48635756969451904
391-10,391,10,1,0,0.021098182,nested_test,weighted,0.48635756969451904
391-11,391,11,1,0,0.040665563,nested_test,weighted,0.48635756969451904
391-12,391,12,1,0,0.04220871,nested_test,weighted,0.48635756969451904
392-0,392,0,4,0,0.20591585,nested_test,weighted,0.5368138551712036
392-1,392,1,4,0,0.30522403,nested_test,weighted,0.5368138551712036
392-2,392,2,4,0,0.625894,nested_test,weighted,0.5368138551712036
392-3,392,3,4,0,0.4370825,nested_test,weighted,0.5368138551712036
392-4,392,4,4,0,0.092309125,nested_test,weighted,0.5368138551712036
392-5,392,5,4,0,0.14518198,nested_test,weighted,0.5368138551712036
392-6,392,6,4,0,0.27807772,nested_test,weighted,0.5368138551712036
392-7,392,7,4,0,0.31403193,nested_test,weighted,0.5368138551712036
392-8,392,8,4,0,0.37643725,nested_test,weighted,0.5368138551712036
392-9,392,9,4,0,0.5170674,nested_test,weighted,0.5368138551712036
392-10,392,10,4,0,0.069867745,nested_test,weighted,0.5368138551712036
392-11,392,11,4,0,0.2547989,nested_test,weighted,0.5368138551712036
392-12,392,12,4,0,0.22188126,nested_test,weighted,0.5368138551712036
393-0,393,0,3,0,0.17008823,nested_test,weighted,0.44559308886528015
393-1,393,1,3,0,0.080098055,nested_test,weighted,0.44559308886528015
393-2,393,2,3,0,0.03101197,nested_test,weighted,0.44559308886528015
393-3,393,3,3,0,0.41332954,nested_test,weighted,0.44559308886528015
393-4,393,4,3,0,0.040451128,nested_test,weighted,0.44559308886528015
393-5,393,5,3,1,0.22325864,nested_test,weighted,0.44559308886528015
393-6,393,6,3,0,0.028613374,nested_test,weighted,0.44559308886528015
393-7,393,7,3,0,0.14482793,nested_test,weighted,0.44559308886528015
393-8,393,8,3,0,0.045204386,nested_test,weighted,0.44559308886528015
393-9,393,9,3,0,0.14482774,nested_test,weighted,0.44559308886528015
393-10,393,10,3,0,0.035253968,nested_test,weighted,0.44559308886528015
393-11,393,11,3,0,0.027285956,nested_test,weighted,0.44559308886528015
393-12,393,12,3,0,0.11721253,nested_test,weighted,0.44559308886528015
394-0,394,0,4,0,0.039667875,nested_test,weighted,0.5368138551712036
394-1,394,1,4,0,0.044795685,nested_test,weighted,0.5368138551712036
394-2,394,2,4,0,0.16986437,nested_test,weighted,0.5368138551712036
394-3,394,3,4,0,0.08972243,nested_test,weighted,0.5368138551712036
394-4,394,4,4,0,0.01771834,nested_test,weighted,0.5368138551712036
394-5,394,5,4,0,0.025590802,nested_test,weighted,0.5368138551712036
394-6,394,6,4,0,0.05627322,nested_test,weighted,0.5368138551712036
394-7,394,7,4,0,0.04868887,nested_test,weighted,0.5368138551712036
394-8,394,8,4,0,0.09485431,nested_test,weighted,0.5368138551712036
394-9,394,9,4,0,0.10260226,nested_test,weighted,0.5368138551712036
394-10,394,10,4,0,0.024214376,nested_test,weighted,0.5368138551712036
394-11,394,11,4,0,0.052260946,nested_test,weighted,0.5368138551712036
394-12,394,12,4,0,0.060277235,nested_test,weighted,0.5368138551712036
395-0,395,0,2,0,0.20128573,nested_test,weighted,0.44923609495162964
395-1,395,1,2,0,0.24872176,nested_test,weighted,0.44923609495162964
395-2,395,2,2,0,0.3798684,nested_test,weighted,0.44923609495162964
395-3,395,3,2,0,0.38550135,nested_test,weighted,0.44923609495162964
395-4,395,4,2,0,0.10243276,nested_test,weighted,0.44923609495162964
395-5,395,5,2,1,0.18461016,nested_test,weighted,0.44923609495162964
395-6,395,6,2,0,0.07213863,nested_test,weighted,0.44923609495162964
395-7,395,7,2,1,0.22437285,nested_test,weighted,0.44923609495162964
395-8,395,8,2,0,0.42796278,nested_test,weighted,0.44923609495162964
395-9,395,9,2,0,0.44131145,nested_test,weighted,0.44923609495162964
395-10,395,10,2,1,0.060939424,nested_test,weighted,0.44923609495162964
395-11,395,11,2,0,0.04821286,nested_test,weighted,0.44923609495162964
395-12,395,12,2,0,0.15814011,nested_test,weighted,0.44923609495162964
396-0,396,0,4,0,0.06172096,nested_test,weighted,0.5368138551712036
396-1,396,1,4,0,0.10383969,nested_test,weighted,0.5368138551712036
396-2,396,2,4,0,0.44371212,nested_test,weighted,0.5368138551712036
396-3,396,3,4,0,0.21634485,nested_test,weighted,0.5368138551712036
396-4,396,4,4,0,0.03519256,nested_test,weighted,0.5368138551712036
396-5,396,5,4,0,0.07490656,nested_test,weighted,0.5368138551712036
396-6,396,6,4,0,0.12086948,nested_test,weighted,0.5368138551712036
396-7,396,7,4,0,0.15222974,nested_test,weighted,0.5368138551712036
396-8,396,8,4,0,0.21650846,nested_test,weighted,0.5368138551712036
396-9,396,9,4,0,0.2775304,nested_test,weighted,0.5368138551712036
396-10,396,10,4,0,0.032076582,nested_test,weighted,0.5368138551712036
396-11,396,11,4,0,0.1023141,nested_test,weighted,0.5368138551712036
396-12,396,12,4,0,0.122579046,nested_test,weighted,0.5368138551712036
397-0,397,0,2,0,0.072921544,nested_test,weighted,0.44923609495162964
397-1,397,1,2,0,0.12765479,nested_test,weighted,0.44923609495162964
397-2,397,2,2,1,0.6999626,nested_test,weighted,0.44923609495162964
397-3,397,3,2,0,0.20556638,nested_test,weighted,0.44923609495162964
397-4,397,4,2,0,0.03078043,nested_test,weighted,0.44923609495162964
397-5,397,5,2,0,0.051116306,nested_test,weighted,0.44923609495162964
397-6,397,6,2,0,0.035254817,nested_test,weighted,0.44923609495162964
397-7,397,7,2,0,0.05471536,nested_test,weighted,0.44923609495162964
397-8,397,8,2,0,0.22082983,nested_test,weighted,0.44923609495162964
397-9,397,9,2,0,0.19940524,nested_test,weighted,0.44923609495162964
397-10,397,10,2,0,0.020261792,nested_test,weighted,0.44923609495162964
397-11,397,11,2,0,0.015369063,nested_test,weighted,0.44923609495162964
397-12,397,12,2,0,0.070773445,nested_test,weighted,0.44923609495162964
398-0,398,0,5,0,0.2545598,nested_test,weighted,0.372329980134964
398-1,398,1,5,0,0.6059702,nested_test,weighted,0.372329980134964
398-2,398,2,5,1,0.016055409,nested_test,weighted,0.372329980134964
398-3,398,3,5,0,0.5097961,nested_test,weighted,0.372329980134964
398-4,398,4,5,1,0.030414693,nested_test,weighted,0.372329980134964
398-5,398,5,5,0,0.021797631,nested_test,weighted,0.372329980134964
398-6,398,6,5,1,0.12172806,nested_test,weighted,0.372329980134964
398-7,398,7,5,1,0.10108368,nested_test,weighted,0.372329980134964
398-8,398,8,5,1,0.047803763,nested_test,weighted,0.372329980134964
398-9,398,9,5,1,0.08984555,nested_test,weighted,0.372329980134964
398-10,398,10,5,1,0.011325356,nested_test,weighted,0.372329980134964
398-11,398,11,5,1,0.016055409,nested_test,weighted,0.372329980134964
398-12,398,12,5,0,0.4557678,nested_test,weighted,0.372329980134964
399-0,399,0,4,0,0.039667875,nested_test,weighted,0.5368138551712036
399-1,399,1,4,0,0.044795685,nested_test,weighted,0.5368138551712036
399-2,399,2,4,1,0.69761765,nested_test,weighted,0.5368138551712036
399-3,399,3,4,1,0.5582781,nested_test,weighted,0.5368138551712036
399-4,399,4,4,0,0.01771834,nested_test,weighted,0.5368138551712036
399-5,399,5,4,0,0.021854987,nested_test,weighted,0.5368138551712036
399-6,399,6,4,1,0.30777466,nested_test,weighted,0.5368138551712036
399-7,399,7,4,0,0.058505185,nested_test,weighted,0.5368138551712036
399-8,399,8,4,0,0.09485431,nested_test,weighted,0.5368138551712036
399-9,399,9,4,0,0.13952471,nested_test,weighted,0.5368138551712036
399-10,399,10,4,0,0.024214376,nested_test,weighted,0.5368138551712036
399-11,399,11,4,0,0.052260946,nested_test,weighted,0.5368138551712036
399-12,399,12,4,0,0.069338664,nested_test,weighted,0.5368138551712036
400-0,400,0,4,0,0.0851174,nested_test,weighted,0.5368138551712036
400-1,400,1,4,0,0.10383969,nested_test,weighted,0.5368138551712036
400-2,400,2,4,0,0.44371212,nested_test,weighted,0.5368138551712036
400-3,400,3,4,0,0.16175337,nested_test,weighted,0.5368138551712036
400-4,400,4,4,0,0.03519256,nested_test,weighted,0.5368138551712036
400-5,400,5,4,0,0.05718499,nested_test,weighted,0.5368138551712036
400-6,400,6,4,1,0.17999303,nested_test,weighted,0.5368138551712036
400-7,400,7,4,0,0.15222974,nested_test,weighted,0.5368138551712036
400-8,400,8,4,0,0.21650846,nested_test,weighted,0.5368138551712036
400-9,400,9,4,0,0.3379472,nested_test,weighted,0.5368138551712036
400-10,400,10,4,0,0.032076582,nested_test,weighted,0.5368138551712036
400-11,400,11,4,0,0.1023141,nested_test,weighted,0.5368138551712036
400-12,400,12,4,0,0.122579046,nested_test,weighted,0.5368138551712036
401-0,401,0,2,0,0.032702707,nested_test,weighted,0.44923609495162964
401-1,401,1,2,0,0.040621296,nested_test,weighted,0.44923609495162964
401-2,401,2,2,0,0.067026004,nested_test,weighted,0.44923609495162964
401-3,401,3,2,0,0.06905317,nested_test,weighted,0.44923609495162964
401-4,401,4,2,0,0.013250245,nested_test,weighted,0.44923609495162964
401-5,401,5,2,0,0.018396076,nested_test,weighted,0.44923609495162964
401-6,401,6,2,0,0.010615872,nested_test,weighted,0.44923609495162964
401-7,401,7,2,0,0.016190942,nested_test,weighted,0.44923609495162964
401-8,401,8,2,0,0.079256766,nested_test,weighted,0.44923609495162964
401-9,401,9,2,0,0.065201096,nested_test,weighted,0.44923609495162964
401-10,401,10,2,0,0.0074106674,nested_test,weighted,0.44923609495162964
401-11,401,11,2,0,0.005289118,nested_test,weighted,0.44923609495162964
401-12,401,12,2,0,0.02136659,nested_test,weighted,0.44923609495162964
402-0,402,0,4,1,0.58140165,nested_test,weighted,0.5368138551712036
402-1,402,1,4,1,0.6563137,nested_test,weighted,0.5368138551712036
402-2,402,2,4,1,0.8894812,nested_test,weighted,0.5368138551712036
402-3,402,3,4,0,0.12005275,nested_test,weighted,0.5368138551712036
402-4,402,4,4,0,0.018144911,nested_test,weighted,0.5368138551712036
402-5,402,5,4,0,0.018001458,nested_test,weighted,0.5368138551712036
402-6,402,6,4,0,0.04967549,nested_test,weighted,0.5368138551712036
402-7,402,7,4,1,0.64169616,nested_test,weighted,0.5368138551712036
402-8,402,8,4,0,0.08754553,nested_test,weighted,0.5368138551712036
402-9,402,9,4,0,0.12130888,nested_test,weighted,0.5368138551712036
402-10,402,10,4,0,0.022827363,nested_test,weighted,0.5368138551712036
402-11,402,11,4,0,0.04367909,nested_test,weighted,0.5368138551712036
402-12,402,12,4,0,0.05694511,nested_test,weighted,0.5368138551712036
403-0,403,0,4,0,0.18334237,nested_test,weighted,0.5368138551712036
403-1,403,1,4,0,0.27236846,nested_test,weighted,0.5368138551712036
403-2,403,2,4,0,0.58231056,nested_test,weighted,0.5368138551712036
403-3,403,3,4,1,0.33440807,nested_test,weighted,0.5368138551712036
403-4,403,4,4,0,0.11408896,nested_test,weighted,0.5368138551712036
403-5,403,5,4,1,0.085172616,nested_test,weighted,0.5368138551712036
403-6,403,6,4,0,0.22736132,nested_test,weighted,0.5368138551712036
403-7,403,7,4,0,0.25231335,nested_test,weighted,0.5368138551712036
403-8,403,8,4,0,0.34633934,nested_test,weighted,0.5368138551712036
403-9,403,9,4,1,0.420759,nested_test,weighted,0.5368138551712036
403-10,403,10,4,0,0.052204367,nested_test,weighted,0.5368138551712036
403-11,403,11,4,0,0.19130673,nested_test,weighted,0.5368138551712036
403-12,403,12,4,0,0.26470056,nested_test,weighted,0.5368138551712036
404-0,404,0,3,0,0.14538637,nested_test,weighted,0.44559308886528015
404-1,404,1,3,0,0.13139516,nested_test,weighted,0.44559308886528015
404-2,404,2,3,1,0.0438094,nested_test,weighted,0.44559308886528015
404-3,404,3,3,0,0.37463036,nested_test,weighted,0.44559308886528015
404-4,404,4,3,1,0.06376808,nested_test,weighted,0.44559308886528015
404-5,404,5,3,0,0.14603746,nested_test,weighted,0.44559308886528015
404-6,404,6,3,1,0.03930248,nested_test,weighted,0.44559308886528015
404-7,404,7,3,0,0.11059762,nested_test,weighted,0.44559308886528015
404-8,404,8,3,1,0.06537159,nested_test,weighted,0.44559308886528015
404-9,404,9,3,0,0.17746371,nested_test,weighted,0.44559308886528015
404-10,404,10,3,0,0.040197052,nested_test,weighted,0.44559308886528015
404-11,404,11,3,0,0.032557588,nested_test,weighted,0.44559308886528015
404-12,404,12,3,0,0.10111602,nested_test,weighted,0.44559308886528015
405-0,405,0,3,1,0.10128382,nested_test,weighted,0.44559308886528015
405-1,405,1,3,0,0.122528374,nested_test,weighted,0.44559308886528015
405-2,405,2,3,1,0.023024164,nested_test,weighted,0.44559308886528015
405-3,405,3,3,1,0.38534933,nested_test,weighted,0.44559308886528015
405-4,405,4,3,1,0.032716747,nested_test,weighted,0.44559308886528015
405-5,405,5,3,1,0.13183837,nested_test,weighted,0.44559308886528015
405-6,405,6,3,0,0.067941114,nested_test,weighted,0.44559308886528015
405-7,405,7,3,0,0.23413658,nested_test,weighted,0.44559308886528015
405-8,405,8,3,0,0.06347702,nested_test,weighted,0.44559308886528015
405-9,405,9,3,0,0.28162348,nested_test,weighted,0.44559308886528015
405-10,405,10,3,0,0.04857959,nested_test,weighted,0.44559308886528015
405-11,405,11,3,0,0.057600178,nested_test,weighted,0.44559308886528015
405-12,405,12,3,0,0.1632706,nested_test,weighted,0.44559308886528015
406-0,406,0,4,0,0.49598005,nested_test,weighted,0.5368138551712036
406-1,406,1,4,1,0.051337633,nested_test,weighted,0.5368138551712036
406-2,406,2,4,1,0.1840565,nested_test,weighted,0.5368138551712036
406-3,406,3,4,1,0.095215745,nested_test,weighted,0.5368138551712036
406-4,406,4,4,0,0.3594379,nested_test,weighted,0.5368138551712036
406-5,406,5,4,1,0.020505643,nested_test,weighted,0.5368138551712036
406-6,406,6,4,0,0.52995455,nested_test,weighted,0.5368138551712036
406-7,406,7,4,0,0.5684014,nested_test,weighted,0.5368138551712036
406-8,406,8,4,0,0.6329535,nested_test,weighted,0.5368138551712036
406-9,406,9,4,1,0.12130888,nested_test,weighted,0.5368138551712036
406-10,406,10,4,1,0.020280426,nested_test,weighted,0.5368138551712036
406-11,406,11,4,1,0.04367909,nested_test,weighted,0.5368138551712036
406-12,406,12,4,0,0.5638859,nested_test,weighted,0.5368138551712036
407-0,407,0,3,1,0.3020139,nested_test,weighted,0.44559308886528015
407-1,407,1,3,0,0.10936814,nested_test,weighted,0.44559308886528015
407-2,407,2,3,0,0.032327995,nested_test,weighted,0.44559308886528015
407-3,407,3,3,1,0.60711336,nested_test,weighted,0.44559308886528015
407-4,407,4,3,0,0.04404443,nested_test,weighted,0.44559308886528015
407-5,407,5,3,0,0.14603746,nested_test,weighted,0.44559308886528015
407-6,407,6,3,0,0.028966438,nested_test,weighted,0.44559308886528015
407-7,407,7,3,1,0.2384622,nested_test,weighted,0.44559308886528015
407-8,407,8,3,0,0.032528974,nested_test,weighted,0.44559308886528015
407-9,407,9,3,0,0.17746371,nested_test,weighted,0.44559308886528015
407-10,407,10,3,0,0.040197052,nested_test,weighted,0.44559308886528015
407-11,407,11,3,1,0.038090996,nested_test,weighted,0.44559308886528015
407-12,407,12,3,0,0.10111602,nested_test,weighted,0.44559308886528015
408-0,408,0,4,1,0.36750555,nested_test,weighted,0.5368138551712036
408-1,408,1,4,1,0.5299885,nested_test,weighted,0.5368138551712036
408-2,408,2,4,1,0.7802662,nested_test,weighted,0.5368138551712036
408-3,408,3,4,1,0.62235737,nested_test,weighted,0.5368138551712036
408-4,408,4,4,0,0.020429332,nested_test,weighted,0.5368138551712036
408-5,408,5,4,0,0.019531032,nested_test,weighted,0.5368138551712036
408-6,408,6,4,0,0.04626375,nested_test,weighted,0.5368138551712036
408-7,408,7,4,1,0.48542044,nested_test,weighted,0.5368138551712036
408-8,408,8,4,1,0.5890567,nested_test,weighted,0.5368138551712036
408-9,408,9,4,1,0.71104306,nested_test,weighted,0.5368138551712036
408-10,408,10,4,0,0.023930995,nested_test,weighted,0.5368138551712036
408-11,408,11,4,1,0.5324274,nested_test,weighted,0.5368138551712036
408-12,408,12,4,1,0.48724893,nested_test,weighted,0.5368138551712036
409-0,409,0,2,0,0.1359866,nested_test,weighted,0.44923609495162964
409-1,409,1,2,0,0.15947877,nested_test,weighted,0.44923609495162964
409-2,409,2,2,0,0.23833212,nested_test,weighted,0.44923609495162964
409-3,409,3,2,1,0.6645047,nested_test,weighted,0.44923609495162964
409-4,409,4,2,0,0.05819852,nested_test,weighted,0.44923609495162964
409-5,409,5,2,0,0.10160805,nested_test,weighted,0.44923609495162964
409-6,409,6,2,0,0.052036874,nested_test,weighted,0.44923609495162964
409-7,409,7,2,0,0.10269614,nested_test,weighted,0.44923609495162964
409-8,409,8,2,0,0.35531515,nested_test,weighted,0.44923609495162964
409-9,409,9,2,0,0.30539918,nested_test,weighted,0.44923609495162964
409-10,409,10,2,0,0.041274063,nested_test,weighted,0.44923609495162964
409-11,409,11,2,0,0.028721195,nested_test,weighted,0.44923609495162964
409-12,409,12,2,0,0.124610506,nested_test,weighted,0.44923609495162964
410-0,410,0,5,1,0.027681459,nested_test,weighted,0.372329980134964
410-1,410,1,5,1,0.074269176,nested_test,weighted,0.372329980134964
410-2,410,2,5,1,0.015886296,nested_test,weighted,0.372329980134964
410-3,410,3,5,1,0.08933835,nested_test,weighted,0.372329980134964
410-4,410,4,5,1,0.023070589,nested_test,weighted,0.372329980134964
410-5,410,5,5,1,0.0074996846,nested_test,weighted,0.372329980134964
410-6,410,6,5,1,0.076074824,nested_test,weighted,0.372329980134964
410-7,410,7,5,1,0.074352264,nested_test,weighted,0.372329980134964
410-8,410,8,5,1,0.03506283,nested_test,weighted,0.372329980134964
410-9,410,9,5,1,0.07668534,nested_test,weighted,0.372329980134964
410-10,410,10,5,1,0.008644672,nested_test,weighted,0.372329980134964
410-11,410,11,5,1,0.013863075,nested_test,weighted,0.372329980134964
410-12,410,12,5,0,0.18518281,nested_test,weighted,0.372329980134964
411-0,411,0,1,0,0.3314865,nested_test,weighted,0.48635756969451904
411-1,411,1,1,0,0.3015043,nested_test,weighted,0.48635756969451904
411-2,411,2,1,0,0.20602745,nested_test,weighted,0.48635756969451904
411-3,411,3,1,1,0.38655755,nested_test,weighted,0.48635756969451904
411-4,411,4,1,0,0.067832425,nested_test,weighted,0.48635756969451904
411-5,411,5,1,0,0.123612784,nested_test,weighted,0.48635756969451904
411-6,411,6,1,0,0.104441725,nested_test,weighted,0.48635756969451904
411-7,411,7,1,0,0.19360685,nested_test,weighted,0.48635756969451904
411-8,411,8,1,0,0.0973904,nested_test,weighted,0.48635756969451904
411-9,411,9,1,0,0.28524223,nested_test,weighted,0.48635756969451904
411-10,411,10,1,0,0.049331807,nested_test,weighted,0.48635756969451904
411-11,411,11,1,0,0.15156431,nested_test,weighted,0.48635756969451904
411-12,411,12,1,0,0.14418098,nested_test,weighted,0.48635756969451904
412-0,412,0,4,0,0.12659001,nested_test,weighted,0.5368138551712036
412-1,412,1,4,0,0.15709727,nested_test,weighted,0.5368138551712036
412-2,412,2,4,0,0.49481428,nested_test,weighted,0.5368138551712036
412-3,412,3,4,0,0.30458447,nested_test,weighted,0.5368138551712036
412-4,412,4,4,0,0.061068896,nested_test,weighted,0.5368138551712036
412-5,412,5,4,0,0.08508215,nested_test,weighted,0.5368138551712036
412-6,412,6,4,0,0.15757518,nested_test,weighted,0.5368138551712036
412-7,412,7,4,0,0.18746834,nested_test,weighted,0.5368138551712036
412-8,412,8,4,0,0.26592395,nested_test,weighted,0.5368138551712036
412-9,412,9,4,0,0.29934913,nested_test,weighted,0.5368138551712036
412-10,412,10,4,0,0.04114047,nested_test,weighted,0.5368138551712036
412-11,412,11,4,0,0.15994528,nested_test,weighted,0.5368138551712036
412-12,412,12,4,0,0.17431645,nested_test,weighted,0.5368138551712036
413-0,413,0,1,0,0.28280184,nested_test,weighted,0.48635756969451904
413-1,413,1,1,0,0.19635583,nested_test,weighted,0.48635756969451904
413-2,413,2,1,1,0.27411178,nested_test,weighted,0.48635756969451904
413-3,413,3,1,0,0.16346368,nested_test,weighted,0.48635756969451904
413-4,413,4,1,0,0.052342672,nested_test,weighted,0.48635756969451904
413-5,413,5,1,0,0.07699038,nested_test,weighted,0.48635756969451904
413-6,413,6,1,0,0.08115769,nested_test,weighted,0.48635756969451904
413-7,413,7,1,0,0.1274191,nested_test,weighted,0.48635756969451904
413-8,413,8,1,0,0.074791275,nested_test,weighted,0.48635756969451904
413-9,413,9,1,0,0.25992727,nested_test,weighted,0.48635756969451904
413-10,413,10,1,0,0.044253644,nested_test,weighted,0.48635756969451904
413-11,413,11,1,0,0.10277463,nested_test,weighted,0.48635756969451904
413-12,413,12,1,0,0.102866195,nested_test,weighted,0.48635756969451904
414-0,414,0,5,0,0.115862906,nested_test,weighted,0.372329980134964
414-1,414,1,5,0,0.23649116,nested_test,weighted,0.372329980134964
414-2,414,2,5,0,0.06446559,nested_test,weighted,0.372329980134964
414-3,414,3,5,0,0.23744579,nested_test,weighted,0.372329980134964
414-4,414,4,5,0,0.093708135,nested_test,weighted,0.372329980134964
414-5,414,5,5,0,0.007942651,nested_test,weighted,0.372329980134964
414-6,414,6,5,0,0.2987131,nested_test,weighted,0.372329980134964
414-7,414,7,5,0,0.26188782,nested_test,weighted,0.372329980134964
414-8,414,8,5,0,0.11506567,nested_test,weighted,0.372329980134964
414-9,414,9,5,0,0.30855393,nested_test,weighted,0.372329980134964
414-10,414,10,5,0,0.0073061422,nested_test,weighted,0.372329980134964
414-11,414,11,5,0,0.04797594,nested_test,weighted,0.372329980134964
414-12,414,12,5,0,0.18301491,nested_test,weighted,0.372329980134964
415-0,415,0,2,0,0.022717657,nested_test,weighted,0.44923609495162964
415-1,415,1,2,0,0.041450735,nested_test,weighted,0.44923609495162964
415-2,415,2,2,0,0.06835618,nested_test,weighted,0.44923609495162964
415-3,415,3,2,0,0.06905317,nested_test,weighted,0.44923609495162964
415-4,415,4,2,0,0.010059745,nested_test,weighted,0.44923609495162964
415-5,415,5,2,0,0.015160253,nested_test,weighted,0.44923609495162964
415-6,415,6,2,0,0.010995956,nested_test,weighted,0.44923609495162964
415-7,415,7,2,0,0.016190942,nested_test,weighted,0.44923609495162964
415-8,415,8,2,0,0.07127229,nested_test,weighted,0.44923609495162964
415-9,415,9,2,0,0.0673032,nested_test,weighted,0.44923609495162964
415-10,415,10,2,1,0.081736,nested_test,weighted,0.44923609495162964
415-11,415,11,2,0,0.005289118,nested_test,weighted,0.44923609495162964
415-12,415,12,2,0,0.020246474,nested_test,weighted,0.44923609495162964
416-0,416,0,2,0,0.2750683,nested_test,weighted,0.44923609495162964
416-1,416,1,2,1,0.29762152,nested_test,weighted,0.44923609495162964
416-2,416,2,2,0,0.50802535,nested_test,weighted,0.44923609495162964
416-3,416,3,2,0,0.523131,nested_test,weighted,0.44923609495162964
416-4,416,4,2,1,0.112519555,nested_test,weighted,0.44923609495162964
416-5,416,5,2,1,0.13847627,nested_test,weighted,0.44923609495162964
416-6,416,6,2,1,0.068015195,nested_test,weighted,0.44923609495162964
416-7,416,7,2,1,0.18127285,nested_test,weighted,0.44923609495162964
416-8,416,8,2,1,0.44420016,nested_test,weighted,0.44923609495162964
416-9,416,9,2,0,0.36112872,nested_test,weighted,0.44923609495162964
416-10,416,10,2,1,0.038310613,nested_test,weighted,0.44923609495162964
416-11,416,11,2,1,0.041844446,nested_test,weighted,0.44923609495162964
416-12,416,12,2,0,0.17947441,nested_test,weighted,0.44923609495162964
417-0,417,0,3,0,0.08748977,nested_test,weighted,0.44559308886528015
417-1,417,1,3,0,0.084468335,nested_test,weighted,0.44559308886528015
417-2,417,2,3,1,0.06595364,nested_test,weighted,0.44559308886528015
417-3,417,3,3,0,0.36475983,nested_test,weighted,0.44559308886528015
417-4,417,4,3,0,0.035223313,nested_test,weighted,0.44559308886528015
417-5,417,5,3,0,0.14083342,nested_test,weighted,0.44559308886528015
417-6,417,6,3,0,0.027798418,nested_test,weighted,0.44559308886528015
417-7,417,7,3,0,0.10236038,nested_test,weighted,0.44559308886528015
417-8,417,8,3,0,0.031139327,nested_test,weighted,0.44559308886528015
417-9,417,9,3,0,0.16961628,nested_test,weighted,0.44559308886528015
417-10,417,10,3,0,0.046692252,nested_test,weighted,0.44559308886528015
417-11,417,11,3,0,0.026439562,nested_test,weighted,0.44559308886528015
417-12,417,12,3,0,0.097330324,nested_test,weighted,0.44559308886528015
418-0,418,0,2,0,0.02328226,nested_test,weighted,0.44923609495162964
418-1,418,1,2,0,0.037514955,nested_test,weighted,0.44923609495162964
418-2,418,2,2,0,0.077021375,nested_test,weighted,0.44923609495162964
418-3,418,3,2,0,0.10524426,nested_test,weighted,0.44923609495162964
418-4,418,4,2,0,0.014972178,nested_test,weighted,0.44923609495162964
418-5,418,5,2,0,0.021876603,nested_test,weighted,0.44923609495162964
418-6,418,6,2,0,0.016931208,nested_test,weighted,0.44923609495162964
418-7,418,7,2,0,0.024555419,nested_test,weighted,0.44923609495162964
418-8,418,8,2,0,0.10973421,nested_test,weighted,0.44923609495162964
418-9,418,9,2,0,0.08005751,nested_test,weighted,0.44923609495162964
418-10,418,10,2,0,0.009189885,nested_test,weighted,0.44923609495162964
418-11,418,11,2,0,0.0075892312,nested_test,weighted,0.44923609495162964
418-12,418,12,2,0,0.028910063,nested_test,weighted,0.44923609495162964
419-0,419,0,3,0,0.09536493,nested_test,weighted,0.44559308886528015
419-1,419,1,3,0,0.08780243,nested_test,weighted,0.44559308886528015
419-2,419,2,3,0,0.025852866,nested_test,weighted,0.44559308886528015
419-3,419,3,3,0,0.37463036,nested_test,weighted,0.44559308886528015
419-4,419,4,3,0,0.028992644,nested_test,weighted,0.44559308886528015
419-5,419,5,3,0,0.14603746,nested_test,weighted,0.44559308886528015
419-6,419,6,3,0,0.029457582,nested_test,weighted,0.44559308886528015
419-7,419,7,3,0,0.10631868,nested_test,weighted,0.44559308886528015
419-8,419,8,3,0,0.03206267,nested_test,weighted,0.44559308886528015
419-9,419,9,3,0,0.14945708,nested_test,weighted,0.44559308886528015
419-10,419,10,3,0,0.040197052,nested_test,weighted,0.44559308886528015
419-11,419,11,3,0,0.02774616,nested_test,weighted,0.44559308886528015
419-12,419,12,3,0,0.10111602,nested_test,weighted,0.44559308886528015
420-0,420,0,4,0,0.068242796,nested_test,weighted,0.5368138551712036
420-1,420,1,4,1,0.3719907,nested_test,weighted,0.5368138551712036
420-2,420,2,4,0,0.26568493,nested_test,weighted,0.5368138551712036
420-3,420,3,4,0,0.15636937,nested_test,weighted,0.5368138551712036
420-4,420,4,4,0,0.03217557,nested_test,weighted,0.5368138551712036
420-5,420,5,4,0,0.03127749,nested_test,weighted,0.5368138551712036
420-6,420,6,4,0,0.06894171,nested_test,weighted,0.5368138551712036
420-7,420,7,4,1,0.33324537,nested_test,weighted,0.5368138551712036
420-8,420,8,4,0,0.10988119,nested_test,weighted,0.5368138551712036
420-9,420,9,4,0,0.1731472,nested_test,weighted,0.5368138551712036
420-10,420,10,4,0,0.03531044,nested_test,weighted,0.5368138551712036
420-11,420,11,4,0,0.06475238,nested_test,weighted,0.5368138551712036
420-12,420,12,4,0,0.086435124,nested_test,weighted,0.5368138551712036
421-0,421,0,1,0,0.29265213,nested_test,weighted,0.48635756969451904
421-1,421,1,1,0,0.27052024,nested_test,weighted,0.48635756969451904
421-2,421,2,1,0,0.17205915,nested_test,weighted,0.48635756969451904
421-3,421,3,1,0,0.25261644,nested_test,weighted,0.48635756969451904
421-4,421,4,1,0,0.060726766,nested_test,weighted,0.48635756969451904
421-5,421,5,1,0,0.11445573,nested_test,weighted,0.48635756969451904
421-6,421,6,1,1,0.14291604,nested_test,weighted,0.48635756969451904
421-7,421,7,1,0,0.17945787,nested_test,weighted,0.48635756969451904
421-8,421,8,1,0,0.13051422,nested_test,weighted,0.48635756969451904
421-9,421,9,1,0,0.2825156,nested_test,weighted,0.48635756969451904
421-10,421,10,1,0,0.04548744,nested_test,weighted,0.48635756969451904
421-11,421,11,1,0,0.1544135,nested_test,weighted,0.48635756969451904
421-12,421,12,1,0,0.13472083,nested_test,weighted,0.48635756969451904
422-0,422,0,1,0,0.33261383,nested_test,weighted,0.48635756969451904
422-1,422,1,1,0,0.27052024,nested_test,weighted,0.48635756969451904
422-2,422,2,1,0,0.21703544,nested_test,weighted,0.48635756969451904
422-3,422,3,1,0,0.25261644,nested_test,weighted,0.48635756969451904
422-4,422,4,1,0,0.060726766,nested_test,weighted,0.48635756969451904
422-5,422,5,1,0,0.10311848,nested_test,weighted,0.48635756969451904
422-6,422,6,1,0,0.11671005,nested_test,weighted,0.48635756969451904
422-7,422,7,1,0,0.17945787,nested_test,weighted,0.48635756969451904
422-8,422,8,1,0,0.10521182,nested_test,weighted,0.48635756969451904
422-9,422,9,1,0,0.30444905,nested_test,weighted,0.48635756969451904
422-10,422,10,1,0,0.04548744,nested_test,weighted,0.48635756969451904
422-11,422,11,1,0,0.1544135,nested_test,weighted,0.48635756969451904
422-12,422,12,1,0,0.13472083,nested_test,weighted,0.48635756969451904
423-0,423,0,3,1,0.31108162,nested_test,weighted,0.44559308886528015
423-1,423,1,3,1,0.17976238,nested_test,weighted,0.44559308886528015
423-2,423,2,3,0,0.032036692,nested_test,weighted,0.44559308886528015
423-3,423,3,3,0,0.4115697,nested_test,weighted,0.44559308886528015
423-4,423,4,3,1,0.09669575,nested_test,weighted,0.44559308886528015
423-5,423,5,3,0,0.121605046,nested_test,weighted,0.44559308886528015
423-6,423,6,3,0,0.029191365,nested_test,weighted,0.44559308886528015
423-7,423,7,3,1,0.21367274,nested_test,weighted,0.44559308886528015
423-8,423,8,3,0,0.0314342,nested_test,weighted,0.44559308886528015
423-9,423,9,3,0,0.17431618,nested_test,weighted,0.44559308886528015
423-10,423,10,3,0,0.039837755,nested_test,weighted,0.44559308886528015
423-11,423,11,3,0,0.027302613,nested_test,weighted,0.44559308886528015
423-12,423,12,3,0,0.11767922,nested_test,weighted,0.44559308886528015
424-0,424,0,4,0,0.13270234,nested_test,weighted,0.5368138551712036
424-1,424,1,4,0,0.17317422,nested_test,weighted,0.5368138551712036
424-2,424,2,4,0,0.44371212,nested_test,weighted,0.5368138551712036
424-3,424,3,4,0,0.27016953,nested_test,weighted,0.5368138551712036
424-4,424,4,4,0,0.064533316,nested_test,weighted,0.5368138551712036
424-5,424,5,4,0,0.043056864,nested_test,weighted,0.5368138551712036
424-6,424,6,4,1,0.17999303,nested_test,weighted,0.5368138551712036
424-7,424,7,4,0,0.15222974,nested_test,weighted,0.5368138551712036
424-8,424,8,4,0,0.21650846,nested_test,weighted,0.5368138551712036
424-9,424,9,4,0,0.2775304,nested_test,weighted,0.5368138551712036
424-10,424,10,4,0,0.032076582,nested_test,weighted,0.5368138551712036
424-11,424,11,4,0,0.1023141,nested_test,weighted,0.5368138551712036
424-12,424,12,4,0,0.122579046,nested_test,weighted,0.5368138551712036
425-0,425,0,3,0,0.1442281,nested_test,weighted,0.44559308886528015
425-1,425,1,3,0,0.1084604,nested_test,weighted,0.44559308886528015
425-2,425,2,3,0,0.037046157,nested_test,weighted,0.44559308886528015
425-3,425,3,3,0,0.4115697,nested_test,weighted,0.44559308886528015
425-4,425,4,3,0,0.036362395,nested_test,weighted,0.44559308886528015
425-5,425,5,3,0,0.121605046,nested_test,weighted,0.44559308886528015
425-6,425,6,3,0,0.029191365,nested_test,weighted,0.44559308886528015
425-7,425,7,3,0,0.105433285,nested_test,weighted,0.44559308886528015
425-8,425,8,3,0,0.0314342,nested_test,weighted,0.44559308886528015
425-9,425,9,3,0,0.17431618,nested_test,weighted,0.44559308886528015
425-10,425,10,3,0,0.039837755,nested_test,weighted,0.44559308886528015
425-11,425,11,3,0,0.027302613,nested_test,weighted,0.44559308886528015
425-12,425,12,3,0,0.10026908,nested_test,weighted,0.44559308886528015
426-0,426,0,2,0,0.06481326,nested_test,weighted,0.44923609495162964
426-1,426,1,2,0,0.06570146,nested_test,weighted,0.44923609495162964
426-2,426,2,2,0,0.14101513,nested_test,weighted,0.44923609495162964
426-3,426,3,2,0,0.14807431,nested_test,weighted,0.44923609495162964
426-4,426,4,2,0,0.022178596,nested_test,weighted,0.44923609495162964
426-5,426,5,2,1,0.22120424,nested_test,weighted,0.44923609495162964
426-6,426,6,2,0,0.02264925,nested_test,weighted,0.44923609495162964
426-7,426,7,2,0,0.03828219,nested_test,weighted,0.44923609495162964
426-8,426,8,2,0,0.15655816,nested_test,weighted,0.44923609495162964
426-9,426,9,2,1,0.5085082,nested_test,weighted,0.44923609495162964
426-10,426,10,2,0,0.015943037,nested_test,weighted,0.44923609495162964
426-11,426,11,2,0,0.011147198,nested_test,weighted,0.44923609495162964
426-12,426,12,2,0,0.046684336,nested_test,weighted,0.44923609495162964
427-0,427,0,1,0,0.5215542,nested_test,weighted,0.48635756969451904
427-1,427,1,1,0,0.5043801,nested_test,weighted,0.48635756969451904
427-2,427,2,1,0,0.33689314,nested_test,weighted,0.48635756969451904
427-3,427,3,1,1,0.22537856,nested_test,weighted,0.48635756969451904
427-4,427,4,1,0,0.13605255,nested_test,weighted,0.48635756969451904
427-5,427,5,1,0,0.2523085,nested_test,weighted,0.48635756969451904
427-6,427,6,1,0,0.17957124,nested_test,weighted,0.48635756969451904
427-7,427,7,1,0,0.3080093,nested_test,weighted,0.48635756969451904
427-8,427,8,1,0,0.15218197,nested_test,weighted,0.48635756969451904
427-9,427,9,1,0,0.48632872,nested_test,weighted,0.48635756969451904
427-10,427,10,1,0,0.058449425,nested_test,weighted,0.48635756969451904
427-11,427,11,1,0,0.2842019,nested_test,weighted,0.48635756969451904
427-12,427,12,1,0,0.23255911,nested_test,weighted,0.48635756969451904
